#{"t_start": 1787938173.2998667, "env_id": "None"}
r,l,t
-3.0,1,0.043389
-3.0,1,0.0679
-3.0,1,0.096348
-3.05,2,0.126675
4.75,2,0.154587
4.6,3,0.193652
-3.15,4,0.226252
4.9,1,0.254717
-3.05,2,0.282401
3.85,8,0.327114
4.45,4,0.368944
-3.25,6,0.412577
-3.1,3,0.44619
4.75,2,0.479906
-3.05,2,0.520627
-3.0,1,0.54838
-3.0,1,0.573998
-3.15,4,0.604328
-3.0,1,0.630417
-3.0,1,0.655544
-3.15,4,0.691041
-3.35,8,0.72547
4.75,2,0.756443
-3.0,1,0.779407
4.3,5,0.815803
4.45,4,0.850046
-3.0,1,0.878136
3.25,12,0.922851
4.0,7,0.956483
-3.0,1,0.979852
-3.0,1,1.006514
-3.4,9,1.038011
-3.3,7,1.069513
-3.2,5,1.098643
-3.1,3,1.125447
4.45,4,1.148325
-3.45,10,1.18757
3.25,12,1.239997
-3.25,6,1.272209
3.85,8,1.311976
-3.0,1,1.335115
-3.15,4,1.366754
-3.1,3,1.392522
4.75,2,1.415042
-3.0,1,1.439275
-3.05,2,1.470822
4.45,4,1.499224
-3.1,3,1.524869
-3.0,1,1.548998
-3.0,1,1.574975
-3.5,11,1.621479
-3.15,4,1.647986
4.9,1,1.674547
-3.25,6,1.709283
4.0,7,1.742924
4.45,4,1.772538
-3.0,1,1.794751
4.6,3,1.825981
-1.75,15,1.873683
4.75,2,1.898087
-3.45,10,1.937041
-3.35,8,1.973092
4.15,6,2.174112
-3.15,4,2.20243
-1.75,15,2.254241
-3.05,2,2.279289
3.85,8,2.315591
4.6,3,2.348512
-3.1,3,2.377695
4.3,5,2.411661
4.6,3,2.438812
-3.0,1,2.464956
4.15,6,2.496472
-3.55,12,2.544252
-3.15,4,2.579465
-3.25,6,2.611159
-3.0,1,2.630842
-3.3,7,2.663759
-3.1,3,2.689082
-3.1,3,2.713714
-3.05,2,2.739566
3.25,12,2.7795
4.6,3,2.809778
-3.0,1,2.836359
-3.1,3,2.862347
4.3,5,2.889436
-3.1,3,2.913874
-3.0,1,2.937896
4.6,3,2.964899
-3.05,2,2.993478
4.45,4,3.021254
-3.0,1,3.041104
-3.05,2,3.067894
-3.05,2,3.09336
3.85,8,3.131158
-3.5,11,3.175144
-3.0,1,3.196357
4.6,3,3.227298
4.75,2,3.258657
4.0,7,3.289131
-3.0,1,3.312189
3.85,8,3.349174
-3.05,2,3.375117
-3.15,4,3.404371
-3.1,3,3.429081
-3.1,3,3.461407
-3.65,14,3.513216
4.0,7,3.553166
-3.4,9,3.593939
-3.0,1,3.626449
4.75,2,3.658612
-3.15,4,3.696443
-3.1,3,3.731389
4.3,5,3.763415
4.6,3,3.789529
4.0,7,3.828912
-3.0,1,3.855859
4.45,4,3.889534
-3.05,2,3.914729
-3.0,1,3.935466
-3.15,4,3.967277
-3.0,1,3.987424
-3.1,3,4.16993
4.75,2,4.196155
-3.0,1,4.220567
-3.0,1,4.243185
4.45,4,4.275494
-3.0,1,4.299777
-3.3,7,4.339231
-3.1,3,4.364238
-3.1,3,4.391174
4.15,6,4.422807
-3.25,6,4.454917
4.45,4,4.485483
4.0,7,4.52039
-3.05,2,4.546148
-3.0,1,4.566355
-3.05,2,4.592657
4.15,6,4.622309
4.75,2,4.646675
-3.15,4,4.678684
-3.05,2,4.702227
-3.0,1,4.725718
4.75,2,4.75206
-3.2,5,4.780612
-3.0,1,4.802528
-3.4,9,4.839743
-3.15,4,4.870343
-3.15,4,4.900297
4.6,3,4.929579
4.3,5,4.964141
4.6,3,4.991446
-3.0,1,5.014457
3.85,8,5.047389
-3.05,2,5.074384
3.7,9,5.111989
3.1,13,5.158928
-3.4,9,5.196033
-3.1,3,5.225682
4.3,5,5.264575
-3.35,8,5.301583
4.9,1,5.327709
-3.05,2,5.357424
-1.75,15,5.414892
-3.0,1,5.439474
-3.5,11,5.482143
4.3,5,5.516273
-3.05,2,5.545708
-3.25,6,5.58459
-3.1,3,5.613947
-3.05,2,5.638937
-3.0,1,5.661825
-3.1,3,5.688795
-3.0,1,5.711683
-3.0,1,5.734859
-3.1,3,5.75965
-3.0,1,5.784122
-3.15,4,5.812447
-3.1,3,5.835977
-3.1,3,5.864719
-3.2,5,5.894652
-3.05,2,5.91909
-3.1,3,5.948461
-3.05,2,5.975297
-3.05,2,5.999788
-3.2,5,6.030428
-3.05,2,6.057079
-3.3,7,6.221815
-3.4,9,6.263861
-3.15,4,6.299255
-3.5,11,6.342823
-3.25,6,6.373562
-3.15,4,6.403943
4.9,1,6.427632
-3.55,12,6.471183
-3.15,4,6.503299
4.45,4,6.532191
-3.0,1,6.553787
4.3,5,6.587821
4.15,6,6.621767
4.0,7,6.652569
-3.4,9,6.689264
-3.25,6,6.724205
4.75,2,6.750319
-3.3,7,6.786364
4.6,3,6.817501
3.85,8,6.860069
-3.05,2,6.886273
-3.05,2,6.91101
4.6,3,6.939937
-3.0,1,6.96865
-3.0,1,6.997021
-3.35,8,7.03652
-3.3,7,7.073082
4.15,6,7.103316
4.15,6,7.143204
4.15,6,7.179942
-3.3,7,7.214327
-3.35,8,7.249824
-3.1,3,7.284647
-3.1,3,7.312484
-3.0,1,7.33464
4.15,6,7.369905
-3.25,6,7.397501
-3.15,4,7.43082
-3.3,7,7.465506
-3.1,3,7.492714
-3.4,9,7.525938
-3.0,1,7.552799
4.45,4,7.583918
4.15,6,7.623107
4.3,5,7.657228
-3.4,9,7.692375
-3.0,1,7.713177
4.75,2,7.737891
-3.1,3,7.764458
-3.0,1,7.790381
-3.15,4,7.817647
-3.2,5,7.847705
-3.15,4,7.876814
-3.05,2,7.904174
4.6,3,8.060884
-3.05,2,8.089629
3.55,10,8.126037
-3.05,2,8.154473
-3.15,4,8.18079
-3.0,1,8.206824
-3.1,3,8.233844
-3.0,1,8.261867
-3.05,2,8.28497
4.75,2,8.316439
-3.15,4,8.354494
-3.05,2,8.381972
-3.05,2,8.416165
-3.05,2,8.448381
-3.55,12,8.499522
-3.7,15,8.554708
-3.1,3,8.58368
4.3,5,8.62065
-3.1,3,8.647119
-3.0,1,8.673483
-3.05,2,8.709882
4.45,4,8.739258
4.75,2,8.762701
-3.4,9,8.805827
-3.0,1,8.826859
-3.6,13,8.86654
4.6,3,8.8931
-3.3,7,8.92836
4.3,5,8.961035
-3.45,10,8.997474
4.3,5,9.027811
-3.0,1,9.05286
-3.4,9,9.086003
-3.05,2,9.113141
-3.2,5,9.146217
-3.2,5,9.178861
4.0,7,9.209596
-3.05,2,9.234478
4.15,6,9.264242
4.15,6,9.294888
4.6,3,9.325788
4.0,7,9.364183
-3.1,3,9.390697
-3.25,6,9.420937
-3.05,2,9.445273
-3.05,2,9.473486
-3.6,13,9.515958
3.85,8,9.554032
-3.35,8,9.590013
-3.25,6,9.621783
-3.15,4,9.6496
-3.25,6,9.688968
-3.1,3,9.722242
-3.0,1,9.75426
-3.0,1,9.778374
4.6,3,9.957516
-3.0,1,9.979846
-3.15,4,10.00564
-3.0,1,10.030053
4.3,5,10.061199
-3.0,1,10.08706
3.7,9,10.133267
-3.05,2,10.162039
-3.15,4,10.190015
4.3,5,10.222695
-3.2,5,10.256511
4.6,3,10.291096
-3.4,9,10.330085
-3.25,6,10.371945
-3.0,1,10.400214
4.15,6,10.434996
4.9,1,10.4629
-3.2,5,10.500648
4.75,2,10.530378
-1.75,15,10.585503
-3.25,6,10.617392
-3.5,11,10.658772
4.45,4,10.694692
4.45,4,10.728538
3.85,8,10.765755
4.15,6,10.800769
-3.0,1,10.830322
3.85,8,10.872756
4.6,3,10.899063
3.7,9,10.933451
-3.25,6,10.963989
-3.2,5,10.993225
-3.15,4,11.017799
3.85,8,11.054574
-3.35,8,11.09392
3.85,8,11.134954
4.75,2,11.160986
-3.2,5,11.192388
-3.45,10,11.229821
-3.3,7,11.260218
-3.05,2,11.286001
4.75,2,11.308823
-3.0,1,11.33134
4.0,7,11.363485
2.8,15,11.415508
4.15,6,11.452741
-3.1,3,11.478536
-3.3,7,11.5194
4.3,5,11.714882
-3.05,2,11.74694
-3.15,4,11.77979
-3.1,3,11.81138
-3.05,2,11.843063
-3.15,4,11.87557
-3.25,6,11.906593
-3.0,1,11.928782
-3.2,5,11.959802
-3.35,8,11.994627
-3.05,2,12.018692
-3.0,1,12.040693
-3.05,2,12.065438
4.3,5,12.094715
-3.1,3,12.122728
-3.05,2,12.144796
-1.75,15,12.188815
4.45,4,12.21635
-3.1,3,12.241211
4.0,7,12.273088
4.75,2,12.296674
-3.05,2,12.321687
4.15,6,12.351192
-3.0,1,12.374144
-3.25,6,12.403388
-3.05,2,12.428085
-3.0,1,12.454721
3.25,12,12.499215
-3.3,7,12.531166
-3.05,2,12.555604
-3.35,8,12.587532
-3.1,3,12.613626
-3.1,3,12.640296
2.95,14,12.685239
-3.0,1,12.708812
-3.05,2,12.734208
4.45,4,12.769587
4.15,6,12.803159
-3.15,4,12.831875
4.15,6,12.863415
-3.1,3,12.891364
4.75,2,12.917069
3.7,9,12.949647
4.9,1,12.97572
3.55,10,13.015758
3.7,9,13.057376
-3.0,1,13.084177
-1.75,15,13.140812
-3.0,1,13.173864
4.45,4,13.210758
-3.2,5,13.243594
4.45,4,13.278841
-3.3,7,13.312977
4.75,2,13.342325
-3.0,1,13.368741
3.55,10,13.567168
-3.25,6,13.598005
4.6,3,13.626106
3.7,9,13.663828
-3.2,5,13.694968
-3.05,2,13.725823
3.7,9,13.763838
-3.0,1,13.786847
3.4,11,13.826419
-3.2,5,13.86077
-3.0,1,13.891617
-3.45,10,13.933982
-3.55,12,13.973184
-3.25,6,14.003408
-3.05,2,14.029857
-3.25,6,14.062115
-3.1,3,14.088637
-1.75,15,14.132333
4.6,3,14.156971
4.0,7,14.204188
-3.4,9,14.244544
3.4,11,14.289135
3.85,8,14.321349
-3.0,1,14.346689
-3.05,2,14.372283
-3.1,3,14.409746
4.3,5,14.441779
4.3,5,14.47147
4.75,2,14.494813
-1.75,15,14.536644
-3.3,7,14.569902
4.45,4,14.597728
3.7,9,14.641996
3.85,8,14.682002
-3.25,6,14.714061
-3.25,6,14.755167
4.0,7,14.796632
-3.0,1,14.820765
4.3,5,14.852484
-3.1,3,14.879792
-3.2,5,14.90982
-3.0,1,14.934659
4.0,7,14.967947
-3.05,2,14.991691
-3.25,6,15.023042
3.4,11,15.217583
3.1,13,15.26179
4.45,4,15.290638
3.4,11,15.330306
4.6,3,15.356265
4.6,3,15.382908
-3.6,13,15.423897
3.85,8,15.457299
-3.45,10,15.501254
3.4,11,15.552864
-3.55,12,15.595775
4.3,5,15.627661
-3.25,6,15.666219
-3.2,5,15.696115
4.0,7,15.735626
4.3,5,15.763208
-3.5,11,15.80383
4.6,3,15.830007
4.0,7,15.863878
3.25,12,15.911432
-3.25,6,15.940639
-1.75,15,15.987408
4.3,5,16.016126
3.85,8,16.049435
3.4,11,16.090049
4.6,3,16.122684
4.45,4,16.152783
-3.15,4,16.181299
-3.1,3,16.206969
4.15,6,16.245368
3.55,10,16.287724
4.6,3,16.321172
4.45,4,16.357902
4.15,6,16.389149
4.75,2,16.420021
-3.15,4,16.453208
4.0,7,16.660382
4.6,3,16.691143
3.55,10,16.729674
4.45,4,16.757946
3.85,8,16.791644
-3.1,3,16.816556
-3.6,13,16.858711
-3.0,1,16.880089
-3.05,2,16.906726
-1.75,15,16.951462
3.4,11,16.988158
4.75,2,17.016317
-3.15,4,17.048977
4.75,2,17.07635
4.9,1,17.103383
3.85,8,17.141832
-3.45,10,17.181018
3.7,9,17.219924
4.15,6,17.251595
-3.7,15,17.296482
3.25,12,17.344258
-3.1,3,17.372622
4.3,5,17.406842
3.85,8,17.442573
4.45,4,17.479655
-1.75,15,17.526981
4.3,5,17.562062
-3.2,5,17.594102
4.6,3,17.628757
-1.75,15,17.684532
-1.75,15,17.736499
-3.05,2,17.762199
-3.2,5,17.793607
4.45,4,17.825001
4.6,3,17.856146
4.45,4,17.89076
-3.55,12,17.941914
3.85,8,18.146994
4.15,6,18.180165
4.15,6,18.218086
-3.1,3,18.247417
3.85,8,18.29135
-3.05,2,18.317135
-3.5,11,18.356458
4.3,5,18.385883
4.9,1,18.407094
4.45,4,18.43569
3.4,11,18.471787
-3.2,5,18.503517
4.45,4,18.533203
-1.75,15,18.582253
4.0,7,18.613842
-3.2,5,18.645244
3.55,10,18.683912
-3.7,15,18.731637
-3.2,5,18.761508
3.7,9,18.80242
4.6,3,18.831202
4.3,5,18.864008
4.0,7,18.902969
4.75,2,18.933622
4.6,3,18.957732
4.6,3,18.981033
4.6,3,19.00659
4.3,5,19.036008
3.85,8,19.067804
-3.15,4,19.094109
-3.0,1,19.116681
4.3,5,19.145668
3.85,8,19.178885
-3.5,11,19.218323
4.3,5,19.246634
-1.75,15,19.303236
-1.75,15,19.356309
-3.0,1,19.379822
3.85,8,19.420586
4.15,6,19.457283
3.55,10,19.662263
4.6,3,19.696239
4.6,3,19.728179
4.15,6,19.763396
-3.25,6,19.795451
-3.45,10,19.832525
3.85,8,19.874213
-3.3,7,19.904891
-3.1,3,19.929038
4.0,7,19.961601
-3.2,5,19.991683
4.6,3,20.019328
-1.75,15,20.060461
-3.3,7,20.092658
4.6,3,20.119969
-3.55,12,20.16035
-3.5,11,20.196352
4.6,3,20.228284
-3.7,15,20.288041
3.85,8,20.325311
-3.4,9,20.369132
4.3,5,20.401184
3.4,11,20.443669
4.75,2,20.469273
-3.2,5,20.500154
-3.2,5,20.527377
4.0,7,20.564705
-3.25,6,20.600883
4.75,2,20.628616
4.75,2,20.658355
4.0,7,20.691247
4.75,2,20.715203
4.75,2,20.742391
4.45,4,20.770559
3.4,11,20.816104
3.55,10,20.857931
-3.35,8,20.896236
4.75,2,20.922161
4.6,3,20.950194
3.55,10,20.988377
3.7,9,21.179549
4.75,2,21.210212
4.6,3,21.237458
-1.75,15,21.285008
-1.75,15,21.339285
4.75,2,21.363387
4.3,5,21.396409
4.3,5,21.428178
-3.25,6,21.464078
4.45,4,21.492444
-3.1,3,21.518626
4.0,7,21.554341
4.0,7,21.588693
4.15,6,21.619441
4.6,3,21.643951
4.3,5,21.674588
-3.15,4,21.706137
4.0,7,21.740804
4.45,4,21.770916
4.0,7,21.806154
4.45,4,21.83621
4.75,2,21.863029
4.45,4,21.905751
-1.75,15,21.95517
4.3,5,21.988389
-3.35,8,22.024956
3.7,9,22.06186
3.4,11,22.10035
3.4,11,22.140436
4.3,5,22.172163
-1.75,15,22.227191
-3.2,5,22.257402
4.3,5,22.289242
-1.75,15,22.34301
-3.15,4,22.373484
4.15,6,22.411902
-1.75,15,22.655054
3.85,8,22.699905
4.3,5,22.734439
4.6,3,22.764927
3.25,12,22.814283
-3.65,14,22.863773
4.15,6,22.899647
3.25,12,22.940812
4.6,3,22.966818
-3.7,15,23.017454
4.45,4,23.043763
4.6,3,23.078045
3.4,11,23.125518
4.15,6,23.158159
3.25,12,23.210258
4.75,2,23.235847
4.6,3,23.26442
4.15,6,23.29956
4.75,2,23.32864
4.45,4,23.359651
3.7,9,23.396599
4.3,5,23.424371
-3.3,7,23.454517
4.0,7,23.488915
4.45,4,23.516843
-3.4,9,23.552161
4.3,5,23.584865
-3.45,10,23.625645
3.4,11,23.672185
4.45,4,23.703599
4.6,3,23.734384
-3.4,9,23.779253
3.7,9,23.825199
4.75,2,23.860206
4.3,5,23.890357
4.3,5,23.920395
4.0,7,23.957701
4.15,6,23.993765
4.6,3,24.02702
4.0,7,24.240796
4.45,4,24.271157
-1.75,15,24.316849
4.45,4,24.349123
3.7,9,24.390866
4.45,4,24.42325
4.45,4,24.454661
4.6,3,24.484387
3.25,12,24.52617
4.6,3,24.553651
4.6,3,24.585814
4.15,6,24.623002
-1.75,15,24.674053
4.45,4,24.714672
3.7,9,24.753119
3.4,11,24.79322
-3.25,6,24.825466
4.15,6,24.856375
4.75,2,24.880746
4.15,6,24.910494
-3.45,10,24.95135
3.4,11,24.991867
3.7,9,25.034995
4.3,5,25.06823
4.45,4,25.095805
3.4,11,25.137631
4.15,6,25.169528
4.45,4,25.201355
4.15,6,25.23307
3.85,8,25.277178
3.4,11,25.317722
3.85,8,25.357051
3.1,13,25.403075
4.15,6,25.433883
-3.4,9,25.470112
-3.25,6,25.658849
3.7,9,25.705011
3.85,8,25.746168
4.3,5,25.788604
-1.75,15,25.843312
-1.75,15,25.891845
4.45,4,25.922782
4.6,3,25.950806
-3.05,2,25.974635
-1.75,15,26.018524
-3.3,7,26.056887
4.75,2,26.086382
4.6,3,26.112401
4.0,7,26.15033
4.45,4,26.179497
4.15,6,26.215351
3.7,9,26.251866
3.55,10,26.287477
4.15,6,26.319337
4.15,6,26.362056
3.85,8,26.394879
-1.75,15,26.436526
-3.6,13,26.475976
4.75,2,26.504443
-3.15,4,26.532402
4.9,1,26.555382
4.45,4,26.588516
4.0,7,26.621038
3.1,13,26.666942
-3.65,14,26.714804
4.75,2,26.743267
4.0,7,26.783056
-1.75,15,26.82491
-3.0,1,26.849306
3.7,9,26.884224
-3.35,8,27.075849
-1.75,15,27.138409
4.15,6,27.177894
4.15,6,27.216026
4.15,6,27.251649
-3.45,10,27.292294
4.6,3,27.322593
3.85,8,27.365067
-3.35,8,27.40625
-1.75,15,27.460178
3.7,9,27.504485
4.6,3,27.53806
4.45,4,27.569128
4.45,4,27.600174
3.7,9,27.63962
4.6,3,27.669297
3.55,10,27.707692
4.6,3,27.734021
3.7,9,27.767634
4.3,5,27.795266
-3.65,14,27.838186
-3.25,6,27.870525
4.6,3,27.896059
3.7,9,27.928274
-1.75,15,27.97366
-3.1,3,28.00035
3.25,12,28.035894
3.55,10,28.072471
4.3,5,28.105056
4.3,5,28.133714
-1.75,15,28.181831
3.4,11,28.225115
-3.4,9,28.432009
4.6,3,28.464445
4.15,6,28.496456
4.6,3,28.520923
4.6,3,28.546154
4.0,7,28.584624
4.3,5,28.62306
4.6,3,28.655166
3.4,11,28.703994
3.25,12,28.754166
3.7,9,28.79233
4.75,2,28.822651
4.3,5,28.852069
4.3,5,28.882027
4.6,3,28.909523
-1.75,15,28.951955
3.7,9,28.987707
-1.75,15,29.038285
4.0,7,29.077776
3.85,8,29.118871
4.75,2,29.154031
-1.75,15,29.206635
4.6,3,29.235311
3.7,9,29.271662
-1.75,15,29.313744
-1.75,15,29.360259
-1.75,15,29.402864
4.15,6,29.429929
4.45,4,29.46614
3.85,8,29.509248
4.9,1,29.538457
4.45,4,29.566715
3.4,11,29.605779
4.75,2,29.630042
4.3,5,29.664531
4.3,5,29.700947
-3.3,7,29.894056
4.75,2,29.92228
4.3,5,29.95123
3.55,10,29.986225
4.3,5,30.016061
4.6,3,30.041603
2.95,14,30.086194
4.15,6,30.118358
3.85,8,30.155303
3.4,11,30.196421
4.75,2,30.219563
3.55,10,30.264856
4.3,5,30.304552
4.45,4,30.336184
4.3,5,30.375157
4.75,2,30.405189
-3.45,10,30.447768
3.7,9,30.489033
4.45,4,30.524325
4.3,5,30.560199
3.55,10,30.60384
4.0,7,30.635746
4.75,2,30.660546
4.3,5,30.693731
4.3,5,30.726546
4.75,2,30.753458
-1.75,15,30.801219
4.6,3,30.825937
4.6,3,30.852188
-3.3,7,30.882003
4.15,6,30.915999
4.0,7,30.949037
4.0,7,30.982756
4.45,4,31.00945
-1.75,15,31.05378
3.25,12,31.095794
4.15,6,31.130046
-3.2,5,31.159823
4.15,6,31.194771
-1.75,15,31.388553
-3.4,9,31.423374
3.85,8,31.456438
4.6,3,31.482806
3.55,10,31.525004
4.75,2,31.552802
3.7,9,31.590825
-3.25,6,31.622082
-1.75,15,31.674005
4.45,4,31.707629
-1.75,15,31.763305
-3.5,11,31.804588
4.6,3,31.835741
-1.75,15,31.881752
-1.75,15,31.927608
4.75,2,31.954027
4.45,4,31.982306
4.3,5,32.008962
-1.75,15,32.055195
4.0,7,32.093926
4.45,4,32.137114
-1.75,15,32.187155
3.4,11,32.224346
3.55,10,32.269246
4.45,4,32.304193
4.45,4,32.336987
3.55,10,32.382826
4.45,4,32.412452
4.15,6,32.446292
4.6,3,32.473744
-3.65,14,32.515071
-3.2,5,32.695575
4.45,4,32.726304
4.15,6,32.756567
4.75,2,32.78237
4.15,6,32.811168
4.15,6,32.845139
4.0,7,32.880132
-3.6,13,32.919781
-3.65,14,32.963326
-1.75,15,33.006297
-3.45,10,33.040495
4.45,4,33.067797
3.55,10,33.102613
3.4,11,33.140829
3.1,13,33.186209
4.45,4,33.212753
4.15,6,33.246037
4.3,5,33.287134
4.6,3,33.317538
-1.75,15,33.363267
3.55,10,33.402012
4.3,5,33.435319
4.45,4,33.47332
4.9,1,33.498335
-3.05,2,33.526163
3.7,9,33.56949
-1.75,15,33.617693
-3.3,7,33.654585
-3.2,5,33.691944
-1.75,15,33.748766
4.75,2,33.781666
4.15,6,33.820425
4.75,2,33.844017
4.3,5,33.879849
3.25,12,33.920634
-3.4,9,34.114057
4.3,5,34.142857
4.15,6,34.177281
4.75,2,34.204319
4.75,2,34.231443
4.15,6,34.261458
3.55,10,34.299803
4.75,2,34.327028
4.75,2,34.353519
4.75,2,34.377811
-3.1,3,34.40738
4.6,3,34.434847
-3.4,9,34.47594
4.75,2,34.503011
-3.05,2,34.526264
3.7,9,34.559434
4.3,5,34.589012
4.0,7,34.621156
4.0,7,34.652658
4.9,1,34.677428
-3.0,1,34.702466
4.45,4,34.729535
4.45,4,34.766092
4.75,2,34.790004
4.6,3,34.817176
4.3,5,34.845163
3.7,9,34.883783
4.3,5,34.909881
-1.75,15,34.950197
-3.5,11,34.984751
-3.7,15,35.024056
3.55,10,35.06202
-3.45,10,35.107574
4.15,6,35.140687
3.7,9,35.18341
4.45,4,35.217595
4.75,2,35.243119
-3.25,6,35.279296
-3.05,2,35.303497
3.85,8,35.336645
4.6,3,35.369523
-3.6,13,35.425381
-1.75,15,35.477924
4.3,5,35.665533
4.6,3,35.693763
4.6,3,35.720691
4.0,7,35.753191
4.9,1,35.774491
-3.1,3,35.801798
3.7,9,35.834788
-1.75,15,35.883722
4.15,6,35.91491
-1.75,15,35.957096
-1.75,15,35.997207
4.3,5,36.024482
4.15,6,36.053571
4.6,3,36.078852
-1.75,15,36.121449
4.0,7,36.153005
3.25,12,36.194321
-1.75,15,36.23823
-3.0,1,36.261701
-3.25,6,36.293283
4.75,2,36.321599
4.45,4,36.351429
4.75,2,36.378207
-3.35,8,36.412632
3.85,8,36.447073
4.75,2,36.475262
4.75,2,36.503107
4.6,3,36.527462
-3.4,9,36.56747
4.3,5,36.600757
-3.7,15,36.652126
4.0,7,36.694145
4.6,3,36.723139
-3.65,14,36.77191
-1.75,15,36.825416
4.15,6,36.866669
3.7,9,37.074547
4.45,4,37.109534
3.85,8,37.151332
4.6,3,37.188696
3.85,8,37.231101
4.75,2,37.256875
-3.65,14,37.305708
-1.75,15,37.352723
3.55,10,37.387133
3.7,9,37.422344
-3.45,10,37.459341
4.0,7,37.492478
4.3,5,37.524873
-1.75,15,37.574671
4.6,3,37.600422
4.75,2,37.622704
-1.75,15,37.66766
4.6,3,37.69293
-3.5,11,37.738635
4.45,4,37.767907
4.45,4,37.799914
4.45,4,37.827495
4.0,7,37.864841
-1.75,15,37.908808
3.85,8,37.94506
4.75,2,37.968962
4.6,3,37.996529
4.15,6,38.026651
4.3,5,38.05501
4.15,6,38.085437
-3.4,9,38.123928
4.45,4,38.151706
-3.35,8,38.18682
3.55,10,38.221364
3.7,9,38.429236
4.75,2,38.457406
4.15,6,38.490706
4.6,3,38.515339
4.45,4,38.543096
3.25,12,38.586103
4.75,2,38.618266
-1.75,15,38.664763
4.75,2,38.69013
4.6,3,38.718093
4.45,4,38.743972
-1.75,15,38.790738
-1.75,15,38.833098
4.45,4,38.859778
4.75,2,38.885187
-3.5,11,38.919564
-3.15,4,38.946298
4.75,2,38.970966
-1.75,15,39.012197
-3.2,5,39.04124
4.6,3,39.071563
4.3,5,39.099432
-3.55,12,39.140545
4.75,2,39.167351
3.7,9,39.211136
4.6,3,39.242741
3.7,9,39.278287
4.45,4,39.306244
3.7,9,39.340869
3.4,11,39.395838
-3.25,6,39.437236
4.45,4,39.468548
3.55,10,39.503664
3.4,11,39.53962
3.85,8,39.575431
3.85,8,39.612688
3.55,10,39.652026
4.3,5,39.681821
3.85,8,39.882537
3.7,9,39.918902
4.3,5,39.958708
-3.4,9,39.998059
-3.3,7,40.030069
-3.3,7,40.061955
4.0,7,40.097071
3.7,9,40.139101
3.1,13,40.185622
3.4,11,40.237079
3.85,8,40.282535
4.6,3,40.309793
4.0,7,40.347543
-3.35,8,40.384062
4.6,3,40.415142
4.75,2,40.442664
4.75,2,40.473478
4.3,5,40.505991
4.75,2,40.537272
3.7,9,40.576344
4.6,3,40.605897
4.45,4,40.636094
4.6,3,40.667046
4.3,5,40.696194
4.6,3,40.72672
3.55,10,40.768593
4.3,5,40.797291
3.4,11,40.850368
4.0,7,40.885294
4.6,3,40.911401
3.4,11,40.947062
4.75,2,40.973223
4.6,3,41.008745
3.85,8,41.043318
4.75,2,41.067412
3.55,10,41.101585
4.3,5,41.130259
4.6,3,41.158408
3.55,10,41.19713
3.85,8,41.233877
4.3,5,41.267622
3.85,8,41.460425
4.6,3,41.48923
4.75,2,41.516057
4.6,3,41.551468
4.6,3,41.585903
2.95,14,41.636611
-1.75,15,41.688381
3.7,9,41.728648
4.6,3,41.758163
-1.75,15,41.808423
4.6,3,41.837427
4.45,4,41.865848
3.4,11,41.903738
3.4,11,41.939414
3.4,11,41.975641
-3.15,4,42.001722
3.55,10,42.03971
-1.75,15,42.08116
4.0,7,42.116601
4.75,2,42.140477
4.0,7,42.177666
-1.75,15,42.22717
4.0,7,42.259519
3.55,10,42.292067
4.15,6,42.319802
4.75,2,42.347753
4.0,7,42.383535
4.0,7,42.417746
-3.3,7,42.449136
4.15,6,42.477208
4.6,3,42.502961
4.6,3,42.526754
-1.75,15,42.572183
4.15,6,42.601873
4.3,5,42.785967
4.3,5,42.81715
-3.65,14,42.862867
-1.75,15,42.910113
3.55,10,42.952888
4.6,3,42.986924
4.0,7,43.021049
4.75,2,43.046805
3.7,9,43.083687
4.6,3,43.110238
4.15,6,43.143651
-1.75,15,43.188333
4.6,3,43.217498
-1.75,15,43.264434
4.0,7,43.299452
4.3,5,43.329594
4.15,6,43.36406
4.6,3,43.39028
4.45,4,43.416676
4.0,7,43.450576
4.3,5,43.483535
4.6,3,43.507811
4.45,4,43.536547
4.15,6,43.571447
4.6,3,43.595272
4.45,4,43.622689
4.0,7,43.655077
4.3,5,43.685807
4.45,4,43.71538
-1.75,15,43.763579
4.15,6,43.798691
3.7,9,43.835267
4.15,6,43.872256
-3.15,4,43.901136
4.6,3,43.928631
4.9,1,43.957558
3.25,12,44.000747
4.6,3,44.03162
-1.75,15,44.077016
4.6,3,44.259611
4.45,4,44.306374
4.0,7,44.351994
4.6,3,44.387641
4.6,3,44.42679
4.9,1,44.457862
3.4,11,44.511803
4.75,2,44.544618
4.9,1,44.570046
4.6,3,44.599771
-1.75,15,44.657933
4.3,5,44.697633
4.6,3,44.727337
4.3,5,44.766224
4.45,4,44.794055
4.75,2,44.820595
-3.55,12,44.862035
3.7,9,44.906216
4.15,6,44.937934
4.15,6,44.96513
4.75,2,44.99016
4.0,7,45.024193
-3.65,14,45.060718
3.85,8,45.092964
4.3,5,45.121914
4.6,3,45.146982
3.25,12,45.195025
4.3,5,45.23224
-3.6,13,45.275323
3.85,8,45.312065
4.75,2,45.340234
4.0,7,45.37977
3.4,11,45.417729
-3.3,7,45.448657
4.15,6,45.479863
-3.5,11,45.51926
4.15,6,45.548251
4.45,4,45.586289
4.3,5,45.619205
4.45,4,45.655439
4.9,1,45.683375
4.3,5,45.714518
3.55,10,45.892976
3.85,8,45.924137
3.25,12,45.958635
4.9,1,45.979692
4.6,3,46.005349
3.55,10,46.041184
3.25,12,46.083321
4.6,3,46.111762
4.6,3,46.14185
3.7,9,46.179666
-1.75,15,46.224743
3.85,8,46.266939
3.55,10,46.307176
4.6,3,46.339509
4.0,7,46.372367
4.6,3,46.405547
4.3,5,46.438941
3.4,11,46.481992
3.4,11,46.520713
4.6,3,46.553842
3.55,10,46.597163
4.3,5,46.629364
4.45,4,46.655295
4.45,4,46.685873
4.75,2,46.716387
3.85,8,46.752477
4.45,4,46.781067
3.7,9,46.820085
3.7,9,46.856783
4.3,5,46.889262
4.0,7,46.922794
4.75,2,46.949609
4.75,2,46.972752
4.75,2,46.994009
3.25,12,47.033126
4.45,4,47.064885
4.75,2,47.090005
4.15,6,47.118078
3.55,10,47.158363
4.6,3,47.188774
4.15,6,47.379581
3.25,12,47.415972
4.15,6,47.44648
4.0,7,47.476898
4.45,4,47.504985
4.45,4,47.531184
3.7,9,47.56897
3.7,9,47.608475
4.3,5,47.639334
4.3,5,47.668374
4.75,2,47.695562
-1.75,15,47.747817
3.7,9,47.790883
4.6,3,47.82075
4.15,6,47.85422
4.6,3,47.883328
4.75,2,47.910085
3.7,9,47.950183
4.45,4,47.983305
4.15,6,48.014699
4.3,5,48.047846
-3.2,5,48.077376
3.4,11,48.118534
4.45,4,48.145813
3.4,11,48.188403
4.75,2,48.213448
4.45,4,48.239553
4.45,4,48.267845
4.3,5,48.296634
-3.0,1,48.31941
4.45,4,48.346472
4.3,5,48.373203
3.7,9,48.407191
4.15,6,48.437426
-3.45,10,48.473814
4.0,7,48.505046
4.45,4,48.533552
4.75,2,48.556105
4.45,4,48.583926
4.3,5,48.614006
4.45,4,48.643547
4.6,3,48.676413
4.3,5,48.70723
3.7,9,48.742426
4.45,4,48.771272
4.45,4,48.948427
4.45,4,48.980636
3.55,10,49.014733
3.85,8,49.050071
4.45,4,49.07523
3.85,8,49.10646
4.9,1,49.13344
3.55,10,49.177052
-1.75,15,49.231811
4.45,4,49.266584
3.7,9,49.308268
4.15,6,49.347006
3.85,8,49.38214
4.45,4,49.41098
3.25,12,49.460274
4.3,5,49.491186
3.55,10,49.533079
3.55,10,49.57192
3.85,8,49.608613
4.15,6,49.653007
4.6,3,49.678637
4.3,5,49.706105
4.0,7,49.740275
3.7,9,49.781059
4.6,3,49.805523
4.3,5,49.837174
4.45,4,49.867096
4.3,5,49.899149
4.6,3,49.921346
4.6,3,49.948992
4.0,7,49.979472
-1.75,15,50.02467
3.25,12,50.065065
4.3,5,50.097999
4.0,7,50.13125
4.75,2,50.156048
3.55,10,50.19359
3.4,11,50.390569
4.3,5,50.430259
4.45,4,50.465394
3.4,11,50.505434
4.45,4,50.535268
4.9,1,50.56761
4.75,2,50.594303
4.6,3,50.623347
-3.45,10,50.66355
3.85,8,50.695353
4.45,4,50.727253
-3.55,12,50.771525
4.3,5,50.804713
3.85,8,50.839261
3.55,10,50.881725
3.85,8,50.913484
3.7,9,50.950086
3.85,8,50.990683
4.0,7,51.025605
4.45,4,51.061343
4.0,7,51.094187
4.3,5,51.128566
3.55,10,51.168887
4.45,4,51.200563
4.45,4,51.232478
4.0,7,51.271367
4.75,2,51.302117
4.3,5,51.334917
4.6,3,51.361791
3.4,11,51.398865
4.9,1,51.419984
4.45,4,51.446302
-3.15,4,51.473808
4.6,3,51.503703
-1.75,15,51.546578
3.85,8,51.586087
4.0,7,51.617056
3.55,10,51.655391
3.85,8,51.698037
4.15,6,51.733075
3.85,8,51.904516
4.3,5,51.93684
4.15,6,51.967102
3.7,9,52.001431
4.45,4,52.026667
4.9,1,52.050437
4.9,1,52.0774
4.75,2,52.101639
4.3,5,52.129965
3.1,13,52.175994
4.45,4,52.204765
4.6,3,52.23645
3.85,8,52.270212
4.6,3,52.300966
-3.7,15,52.35131
4.6,3,52.38183
3.25,12,52.422693
4.3,5,52.458107
4.3,5,52.486876
4.6,3,52.514981
4.45,4,52.543656
3.55,10,52.586575
4.6,3,52.615597
4.9,1,52.638191
4.6,3,52.672286
-3.55,12,52.719833
4.45,4,52.748348
3.85,8,52.780919
3.55,10,52.820849
3.55,10,52.863964
3.55,10,52.901459
4.6,3,52.929371
3.55,10,52.966982
4.75,2,52.993402
4.6,3,53.023699
4.45,4,53.056224
3.25,12,53.096799
-1.75,15,53.136127
4.6,3,53.164963
3.85,8,53.196856
4.45,4,53.221033
3.25,12,53.413998
4.15,6,53.445539
4.0,7,53.47572
3.7,9,53.511873
4.45,4,53.546213
4.45,4,53.57415
-1.75,15,53.626562
3.25,12,53.668301
4.75,2,53.693152
-1.75,15,53.743378
4.6,3,53.769837
3.85,8,53.804725
4.6,3,53.833228
3.4,11,53.876155
4.75,2,53.902195
4.15,6,53.939814
4.75,2,53.969527
-3.7,15,54.023438
4.3,5,54.058788
4.0,7,54.101875
4.0,7,54.145679
3.4,11,54.19276
4.15,6,54.223912
4.15,6,54.256205
4.0,7,54.292493
4.3,5,54.321731
4.15,6,54.363411
4.0,7,54.402709
4.15,6,54.435874
-1.75,15,54.483558
4.45,4,54.512733
4.0,7,54.547265
3.4,11,54.582363
4.45,4,54.608325
3.85,8,54.642524
4.75,2,54.669944
4.6,3,54.852141
3.85,8,54.894301
3.4,11,54.936817
4.45,4,54.961657
4.45,4,54.988742
-3.4,9,55.02501
4.45,4,55.051682
-3.35,8,55.082009
4.0,7,55.112518
4.0,7,55.142471
3.85,8,55.174376
3.7,9,55.217567
4.75,2,55.243196
3.4,11,55.292639
4.75,2,55.31893
3.55,10,55.354674
4.0,7,55.390381
4.6,3,55.41595
-3.5,11,55.455054
4.3,5,55.487775
3.85,8,55.528533
4.45,4,55.563075
4.0,7,55.599445
3.85,8,55.634482
4.3,5,55.673505
-3.5,11,55.720758
-3.65,14,55.772586
3.25,12,55.817844
-1.75,15,55.867178
3.85,8,55.906606
4.0,7,55.941574
3.85,8,55.980113
4.0,7,56.011923
4.45,4,56.039691
4.15,6,56.071418
4.0,7,56.258706
4.9,1,56.282811
-1.75,15,56.33517
4.3,5,56.374688
-1.75,15,56.428459
-1.75,15,56.476737
3.7,9,56.517169
4.0,7,56.551284
4.0,7,56.588858
4.75,2,56.615602
4.45,4,56.640997
3.7,9,56.681552
-1.75,15,56.727978
4.6,3,56.75436
4.45,4,56.785385
4.45,4,56.812984
3.25,12,56.851272
-1.75,15,56.898159
4.75,2,56.923096
4.0,7,56.953387
4.6,3,56.980311
3.85,8,57.018589
4.6,3,57.050298
3.85,8,57.089435
4.3,5,57.126261
3.55,10,57.170469
4.0,7,57.206971
3.4,11,57.246258
4.75,2,57.269788
4.3,5,57.30788
-1.75,15,57.362133
4.45,4,57.399003
4.45,4,57.432871
4.3,5,57.468161
-3.5,11,57.681393
4.6,3,57.708218
4.15,6,57.740929
3.25,12,57.78065
4.45,4,57.807192
4.6,3,57.839483
4.3,5,57.877774
4.15,6,57.914012
4.3,5,57.945016
4.3,5,57.972232
4.6,3,57.999668
4.45,4,58.028162
3.7,9,58.061954
3.85,8,58.101783
4.6,3,58.137101
3.7,9,58.175589
4.15,6,58.205271
-1.75,15,58.252125
4.75,2,58.277643
4.75,2,58.301263
3.85,8,58.335538
3.55,10,58.373985
3.85,8,58.415764
4.3,5,58.454642
4.0,7,58.48606
4.45,4,58.515346
3.25,12,58.553006
4.0,7,58.583675
-1.75,15,58.630804
-1.75,15,58.685853
3.85,8,58.723246
3.85,8,58.766832
4.6,3,58.795606
3.85,8,58.833441
4.45,4,58.872014
4.0,7,58.911217
3.85,8,58.947339
-1.75,15,59.150472
3.7,9,59.186056
3.25,12,59.22234
4.15,6,59.254975
4.0,7,59.289917
-1.75,15,59.335593
4.6,3,59.364136
-1.75,15,59.407046
4.15,6,59.436479
4.0,7,59.466
4.6,3,59.498456
4.75,2,59.523852
4.45,4,59.55592
4.3,5,59.584622
3.25,12,59.62722
4.75,2,59.649171
4.75,2,59.672601
-1.75,15,59.718689
4.75,2,59.742302
4.0,7,59.775938
3.85,8,59.80696
4.0,7,59.840688
4.0,7,59.870545
-1.75,15,59.918984
4.0,7,59.949275
3.85,8,59.979708
4.6,3,60.003408
4.0,7,60.034098
-1.75,15,60.077303
3.7,9,60.109837
-3.4,9,60.145604
4.45,4,60.173919
4.6,3,60.202661
4.75,2,60.228937
4.6,3,60.257769
4.0,7,60.297091
3.7,9,60.53609
-1.75,15,60.590269
4.3,5,60.624716
4.3,5,60.658655
4.45,4,60.691563
-3.4,9,60.731816
3.7,9,60.769763
4.15,6,60.802115
4.15,6,60.833269
3.4,11,60.878998
3.25,12,60.922214
4.0,7,60.953572
4.0,7,60.983977
-1.75,15,61.022372
4.15,6,61.051504
4.6,3,61.077439
4.6,3,61.102317
2.95,14,61.15111
3.1,13,61.190958
4.75,2,61.216116
3.85,8,61.248729
4.75,2,61.27898
4.45,4,61.31024
4.3,5,61.338762
3.85,8,61.374979
3.4,11,61.417298
3.55,10,61.453573
4.75,2,61.481617
4.9,1,61.503849
4.9,1,61.529061
3.85,8,61.566672
3.7,9,61.606373
4.15,6,61.643648
4.3,5,61.672552
4.45,4,61.703793
-1.75,15,61.911366
3.85,8,61.952361
4.9,1,61.978878
3.7,9,62.012477
-1.75,15,62.059936
4.0,7,62.095206
4.0,7,62.130057
-1.75,15,62.185285
4.6,3,62.216613
4.45,4,62.247052
4.45,4,62.278725
3.25,12,62.320321
4.75,2,62.348144
3.1,13,62.399108
-1.75,15,62.444076
-3.2,5,62.478989
4.75,2,62.504765
3.4,11,62.544593
-1.75,15,62.58552
4.15,6,62.61811
4.45,4,62.648498
4.6,3,62.674637
4.15,6,62.708355
4.45,4,62.735974
4.15,6,62.768956
4.3,5,62.808887
3.7,9,62.84953
3.7,9,62.887035
4.0,7,62.916146
4.0,7,62.94958
4.75,2,62.97995
4.45,4,63.005968
4.15,6,63.036437
4.3,5,63.06479
4.3,5,63.095441
4.75,2,63.119341
3.7,9,63.156619
4.3,5,63.18509
-1.75,15,63.388929
3.55,10,63.426385
3.1,13,63.470644
4.6,3,63.501304
4.3,5,63.538187
4.0,7,63.576337
4.45,4,63.611998
4.15,6,63.642995
4.75,2,63.668534
3.55,10,63.706826
4.3,5,63.735229
4.45,4,63.76592
3.85,8,63.805324
3.55,10,63.85143
-3.4,9,63.894944
4.3,5,63.925632
-1.75,15,63.973171
4.3,5,64.002409
3.55,10,64.037574
4.15,6,64.06975
3.7,9,64.10469
-3.15,4,64.134339
4.75,2,64.155468
4.15,6,64.188178
3.25,12,64.227705
-1.75,15,64.27066
4.45,4,64.300114
4.6,3,64.333015
4.6,3,64.360717
4.45,4,64.387401
-1.75,15,64.436295
4.15,6,64.479347
3.55,10,64.527189
4.3,5,64.565364
3.85,8,64.744767
4.6,3,64.775941
3.55,10,64.816078
3.4,11,64.852371
4.3,5,64.878269
4.3,5,64.905
4.75,2,64.928625
4.75,2,64.958216
4.45,4,64.984105
4.45,4,65.014712
4.45,4,65.040169
4.3,5,65.075624
-3.3,7,65.110736
4.0,7,65.160773
4.15,6,65.19819
3.85,8,65.239028
4.6,3,65.269131
3.4,11,65.311185
4.6,3,65.340219
3.25,12,65.38971
-1.75,15,65.442295
3.85,8,65.485319
4.6,3,65.520233
3.7,9,65.558266
4.3,5,65.593102
-1.75,15,65.638305
4.3,5,65.67514
4.45,4,65.705795
4.6,3,65.735089
-1.75,15,65.778086
4.6,3,65.801188
4.6,3,65.831583
4.45,4,65.862422
4.0,7,65.898679
3.4,11,65.939371
3.55,10,65.980083
3.55,10,66.016206
-1.75,15,66.211755
4.75,2,66.236449
4.6,3,66.266717
3.85,8,66.296505
4.45,4,66.326318
-1.75,15,66.370728
4.0,7,66.400371
4.45,4,66.430117
4.15,6,66.462264
3.7,9,66.497837
4.45,4,66.5253
3.85,8,66.562144
3.4,11,66.601722
-1.75,15,66.647288
4.3,5,66.677304
4.3,5,66.707318
3.85,8,66.745182
4.3,5,66.772509
4.6,3,66.799215
3.7,9,66.836695
3.7,9,66.874852
3.55,10,66.914678
4.3,5,66.944717
4.15,6,66.97774
2.95,14,67.020109
4.9,1,67.05004
3.7,9,67.086871
3.85,8,67.126868
4.45,4,67.159694
4.3,5,67.191364
4.3,5,67.229886
4.9,1,67.253355
4.75,2,67.277367
3.7,9,67.314175
-1.75,15,67.366216
-1.75,15,67.416874
4.0,7,67.613992
4.6,3,67.644406
4.75,2,67.670671
3.85,8,67.704969
4.6,3,67.731618
3.7,9,67.77274
-1.75,15,67.818002
4.15,6,67.85323
3.25,12,67.896612
3.4,11,67.933277
4.15,6,67.962915
4.15,6,67.994662
4.6,3,68.019578
3.85,8,68.049747
4.3,5,68.083276
-1.75,15,68.129604
4.75,2,68.153614
-1.75,15,68.21125
4.15,6,68.249789
4.75,2,68.281049
4.15,6,68.312982
4.9,1,68.338313
4.15,6,68.377839
4.6,3,68.411811
4.45,4,68.441708
4.75,2,68.470238
4.75,2,68.497275
4.9,1,68.522096
3.85,8,68.561478
3.25,12,68.604887
3.4,11,68.651286
4.6,3,68.681013
4.45,4,68.711304
3.85,8,68.745417
4.3,5,68.772348
4.45,4,68.798211
4.45,4,68.821613
4.45,4,68.848142
3.7,9,68.881491
3.4,11,68.91845
4.6,3,68.952247
3.25,12,69.137151
4.45,4,69.166827
4.45,4,69.194923
4.6,3,69.221499
3.1,13,69.261952
-1.75,15,69.305158
4.45,4,69.33402
-1.75,15,69.373975
4.45,4,69.400803
4.3,5,69.430816
4.45,4,69.464913
4.75,2,69.494095
-1.75,15,69.540316
4.9,1,69.564417
4.45,4,69.599023
4.6,3,69.625317
4.75,2,69.651465
4.45,4,69.680152
3.7,9,69.719822
4.45,4,69.750297
3.55,10,69.792953
4.75,2,69.821887
4.15,6,69.858813
4.6,3,69.887763
4.3,5,69.922358
-1.75,15,69.977558
4.6,3,70.009331
4.9,1,70.037428
4.45,4,70.065586
3.4,11,70.111479
-1.75,15,70.162621
3.7,9,70.201734
3.7,9,70.238512
3.4,11,70.27688
4.3,5,70.313448
3.85,8,70.343289
4.0,7,70.37781
-3.15,4,70.403653
4.6,3,70.436318
4.3,5,70.629741
3.1,13,70.669585
4.45,4,70.703252
4.0,7,70.736375
3.85,8,70.772363
3.85,8,70.814561
3.55,10,70.85315
4.6,3,70.878367
4.3,5,70.907954
4.75,2,70.935003
4.45,4,70.968147
-1.75,15,71.013369
4.6,3,71.04166
4.75,2,71.070239
-1.75,15,71.112674
-3.45,10,71.147126
-1.75,15,71.192302
4.75,2,71.215567
4.15,6,71.249436
4.45,4,71.282705
4.0,7,71.3136
4.75,2,71.342308
4.6,3,71.369868
4.45,4,71.401022
3.7,9,71.438218
4.45,4,71.466082
4.45,4,71.498305
4.75,2,71.527939
3.85,8,71.562271
3.4,11,71.606638
3.55,10,71.650539
-1.75,15,71.697576
4.3,5,71.728527
4.3,5,71.75817
4.15,6,71.798897
4.15,6,71.832515
3.25,12,71.876159
4.15,6,72.054367
4.6,3,72.087499
4.6,3,72.113601
4.3,5,72.145714
3.85,8,72.18166
-1.75,15,72.229229
4.0,7,72.266665
4.0,7,72.299146
4.75,2,72.331361
4.45,4,72.357368
3.85,8,72.390021
3.1,13,72.434198
4.6,3,72.462613
4.15,6,72.493411
3.55,10,72.531796
3.7,9,72.579385
-1.75,15,72.631341
4.3,5,72.66176
3.85,8,72.699229
4.3,5,72.727456
-1.75,15,72.76961
4.3,5,72.800104
4.15,6,72.829962
4.3,5,72.860677
4.15,6,72.895105
4.75,2,72.915361
3.4,11,72.953056
3.7,9,72.99428
4.0,7,73.029141
4.6,3,73.0548
3.85,8,73.099688
4.75,2,73.126008
4.6,3,73.154996
4.0,7,73.192874
4.15,6,73.223712
-1.75,15,73.273321
4.6,3,73.30453
4.0,7,73.470946
3.7,9,73.511294
3.7,9,73.549311
4.45,4,73.585255
3.55,10,73.632507
3.85,8,73.669764
4.45,4,73.700847
4.15,6,73.735315
4.75,2,73.764514
4.0,7,73.798527
4.6,3,73.835219
3.85,8,73.872281
4.75,2,73.896967
4.15,6,73.928646
4.75,2,73.953789
4.15,6,73.984271
4.6,3,74.009373
4.45,4,74.03714
4.6,3,74.061116
4.45,4,74.088625
3.25,12,74.130256
4.6,3,74.155182
-1.75,15,74.197832
4.15,6,74.230448
4.45,4,74.258425
3.25,12,74.298225
3.85,8,74.335559
4.0,7,74.36936
4.0,7,74.400881
-1.75,15,74.445917
4.6,3,74.474717
4.6,3,74.503091
4.0,7,74.538086
4.3,5,74.571255
4.3,5,74.608288
4.3,5,74.644677
4.75,2,74.674282
4.6,3,74.706238
3.4,11,74.751611
4.15,6,74.787901
3.25,12,74.836558
-1.75,15,75.016852
-1.75,15,75.056618
-1.75,15,75.100767
3.25,12,75.140613
4.75,2,75.164756
4.3,5,75.200404
3.55,10,75.240906
4.6,3,75.26649
4.6,3,75.292528
4.3,5,75.32938
4.0,7,75.368879
4.45,4,75.402874
4.15,6,75.437655
4.3,5,75.470955
3.1,13,75.510076
4.75,2,75.539942
4.3,5,75.569504
4.3,5,75.600263
-1.75,15,75.642693
-3.6,13,75.683809
4.6,3,75.711104
-3.55,12,75.750248
-3.3,7,75.789445
4.0,7,75.829123
4.3,5,75.860643
4.15,6,75.891437
4.75,2,75.921039
4.6,3,75.946406
4.75,2,75.971083
4.45,4,75.998841
-3.6,13,76.038827
4.3,5,76.069649
4.45,4,76.101658
3.25,12,76.144674
3.85,8,76.183033
4.6,3,76.216979
4.15,6,76.411941
4.15,6,76.446942
-1.75,15,76.49064
4.15,6,76.519122
3.85,8,76.554748
4.3,5,76.586963
-1.75,15,76.632815
4.0,7,76.66444
-1.75,15,76.70802
4.75,2,76.73498
3.85,8,76.768441
4.9,1,76.795931
3.85,8,76.836079
3.4,11,76.874903
4.15,6,76.908484
4.3,5,76.93432
4.6,3,76.964175
-1.75,15,77.00838
4.75,2,77.038415
-1.75,15,77.084019
4.75,2,77.111171
4.9,1,77.14275
4.75,2,77.168893
4.6,3,77.196644
3.55,10,77.235904
4.75,2,77.265024
4.45,4,77.293342
4.6,3,77.321027
4.15,6,77.35514
-1.75,15,77.401263
4.6,3,77.431478
4.75,2,77.459599
4.75,2,77.484957
4.3,5,77.514735
4.6,3,77.541868
4.75,2,77.567909
3.55,10,77.606643
4.45,4,77.635188
3.85,8,77.66943
4.75,2,77.700507
3.1,13,77.912017
3.85,8,77.94401
4.3,5,77.9745
3.4,11,78.014074
4.6,3,78.040942
4.0,7,78.073466
4.15,6,78.102587
3.85,8,78.133983
3.55,10,78.174315
4.0,7,78.209448
4.6,3,78.235089
4.45,4,78.261813
4.3,5,78.288324
4.45,4,78.319
4.0,7,78.355528
-3.6,13,78.398195
4.45,4,78.427826
3.7,9,78.462451
4.3,5,78.494164
4.15,6,78.524226
4.15,6,78.556584
4.15,6,78.588893
4.6,3,78.617208
4.75,2,78.641618
3.4,11,78.67927
-3.65,14,78.720852
3.7,9,78.757367
4.9,1,78.779122
4.0,7,78.809695
4.3,5,78.839986
3.7,9,78.878068
4.75,2,78.899872
4.0,7,78.928637
4.45,4,78.953102
4.75,2,78.977188
4.75,2,79.000963
-1.75,15,79.041688
4.6,3,79.068924
3.7,9,79.107673
4.6,3,79.133392
4.6,3,79.162297
4.0,7,79.196381
4.75,2,79.393947
3.7,9,79.443768
4.75,2,79.470486
3.25,12,79.515841
4.6,3,79.545003
4.45,4,79.585329
4.6,3,79.614177
4.75,2,79.641543
4.0,7,79.678575
4.45,4,79.706125
4.6,3,79.735599
3.7,9,79.76964
4.45,4,79.799654
-3.55,12,79.843225
4.0,7,79.875983
4.15,6,79.907611
4.6,3,79.934192
4.45,4,79.960254
-3.7,15,80.003358
4.45,4,80.032752
4.9,1,80.057044
4.3,5,80.087279
4.6,3,80.113974
4.9,1,80.138934
4.3,5,80.167681
4.6,3,80.195652
4.45,4,80.22327
4.75,2,80.245205
4.0,7,80.2781
4.3,5,80.306115
4.0,7,80.342261
3.55,10,80.384532
3.4,11,80.431276
4.6,3,80.462712
4.6,3,80.492316
4.3,5,80.527124
4.45,4,80.558791
4.75,2,80.586574
4.6,3,80.625411
3.85,8,80.665215
3.4,11,80.71384
4.0,7,80.748901
4.0,7,80.785256
4.6,3,80.812114
-1.75,15,80.857161
4.3,5,80.887815
4.6,3,81.089351
4.45,4,81.121037
3.85,8,81.156929
-1.75,15,81.20215
4.15,6,81.235771
-1.75,15,81.280558
-1.75,15,81.325031
3.4,11,81.367596
3.25,12,81.411596
4.15,6,81.445498
4.45,4,81.470819
4.3,5,81.502036
3.7,9,81.536842
3.85,8,81.578028
4.45,4,81.604404
-3.5,11,81.639372
3.85,8,81.67595
4.6,3,81.706103
4.75,2,81.737115
4.45,4,81.765688
4.45,4,81.796046
4.6,3,81.826116
4.6,3,81.849571
4.6,3,81.877764
4.0,7,81.90931
4.3,5,81.937378
4.3,5,81.964187
4.15,6,81.995955
3.55,10,82.027821
4.3,5,82.055884
4.45,4,82.083094
4.9,1,82.106354
4.3,5,82.136264
3.7,9,82.171149
-3.4,9,82.211041
3.4,11,82.253673
4.15,6,82.288251
3.25,12,82.479051
4.75,2,82.509602
-1.75,15,82.556394
-1.75,15,82.602437
4.45,4,82.634801
4.15,6,82.666312
4.15,6,82.699859
4.45,4,82.726442
4.0,7,82.758232
3.85,8,82.791651
4.75,2,82.812192
4.3,5,82.839622
4.75,2,82.863435
4.3,5,82.891432
-3.25,6,82.92284
3.55,10,82.958493
3.55,10,82.99075
4.15,6,83.02339
4.6,3,83.046778
-1.75,15,83.091512
-1.75,15,83.133188
4.45,4,83.164182
-1.75,15,83.206152
4.3,5,83.238035
4.75,2,83.26305
-3.4,9,83.295876
3.25,12,83.333474
3.7,9,83.367998
4.9,1,83.393741
4.45,4,83.428951
4.15,6,83.468259
4.75,2,83.492812
-3.45,10,83.527904
4.15,6,83.557139
4.0,7,83.590564
-3.5,11,83.62985
3.55,10,83.828347
4.6,3,83.859444
4.3,5,83.888654
4.15,6,83.934217
-3.55,12,83.97902
3.25,12,84.018644
3.4,11,84.068889
-1.75,15,84.135632
4.3,5,84.17228
-3.6,13,84.22092
4.45,4,84.252901
4.6,3,84.281201
4.45,4,84.310357
4.0,7,84.344515
4.6,3,84.370129
4.3,5,84.401398
-1.75,15,84.446989
4.45,4,84.476221
3.7,9,84.510476
-1.75,15,84.559989
4.45,4,84.592788
4.0,7,84.62745
3.25,12,84.667386
4.3,5,84.694854
4.6,3,84.723898
4.3,5,84.753213
-3.4,9,84.786071
-1.75,15,84.831572
4.75,2,84.859588
4.75,2,84.886591
3.55,10,84.932695
3.7,9,84.964751
4.15,6,84.996629
4.45,4,85.022615
3.85,8,85.208307
4.3,5,85.242429
4.15,6,85.27562
-1.75,15,85.318171
4.15,6,85.351304
4.0,7,85.385781
4.3,5,85.415546
3.85,8,85.44903
4.75,2,85.480955
4.15,6,85.515875
4.3,5,85.549031
4.75,2,85.58003
4.6,3,85.614424
4.75,2,85.644239
-3.45,10,85.679807
4.9,1,85.702494
4.45,4,85.742305
-1.75,15,85.792383
-3.2,5,85.820743
4.6,3,85.849139
4.3,5,85.88264
4.6,3,85.911871
4.45,4,85.937941
4.6,3,85.959754
4.45,4,85.986906
4.0,7,86.019457
4.75,2,86.041784
4.6,3,86.06739
4.6,3,86.099605
-1.75,15,86.145535
4.75,2,86.17275
-3.3,7,86.202754
-1.75,15,86.249995
4.6,3,86.274861
3.85,8,86.307521
3.7,9,86.343477
4.6,3,86.371365
3.25,12,86.411151
4.0,7,86.447688
4.0,7,86.494442
4.45,4,86.531509
-3.35,8,86.568821
4.9,1,86.596838
4.75,2,86.629361
-3.5,11,86.813328
3.55,10,86.847543
-3.55,12,86.882734
4.75,2,86.906377
3.85,8,86.93805
-3.35,8,86.973335
4.75,2,86.999363
3.85,8,87.031297
4.15,6,87.06379
4.3,5,87.096538
4.6,3,87.123308
4.75,2,87.151449
4.0,7,87.190176
4.45,4,87.222624
-3.35,8,87.261244
-1.75,15,87.313062
3.85,8,87.352407
2.95,14,87.408279
4.15,6,87.446666
4.15,6,87.478835
-1.75,15,87.527054
4.15,6,87.559783
4.45,4,87.586668
4.15,6,87.617428
4.0,7,87.647795
4.75,2,87.673952
-3.6,13,87.716535
4.6,3,87.742191
-1.75,15,87.785252
3.7,9,87.820566
4.3,5,87.851982
4.3,5,87.880817
4.15,6,87.912689
-3.6,13,87.951332
4.45,4,87.978021
4.9,1,88.004996
4.75,2,88.028588
4.15,6,88.208477
4.9,1,88.233224
4.75,2,88.261657
4.75,2,88.284931
4.9,1,88.308468
3.55,10,88.343862
4.6,3,88.36786
4.15,6,88.397499
4.15,6,88.428066
-3.45,10,88.463584
4.3,5,88.494318
-3.25,6,88.530005
-3.65,14,88.577474
4.9,1,88.601704
3.85,8,88.638361
4.75,2,88.665868
4.75,2,88.698853
-3.65,14,88.750741
3.4,11,88.795594
4.6,3,88.826973
4.6,3,88.861069
4.3,5,88.899156
4.15,6,88.932804
4.0,7,88.968903
4.75,2,88.992716
3.7,9,89.033995
3.7,9,89.07249
3.55,10,89.109809
3.85,8,89.144911
4.6,3,89.169959
4.75,2,89.194605
3.7,9,89.229966
4.0,7,89.268371
4.3,5,89.29873
4.45,4,89.331494
4.15,6,89.365689
4.6,3,89.397058
4.75,2,89.425626
4.15,6,89.455446
4.75,2,89.48257
3.7,9,89.519995
4.3,5,89.551667
4.6,3,89.583296
4.75,2,89.614019
4.75,2,89.644285
4.75,2,89.668033
-3.5,11,89.71169
3.85,8,89.895007
3.85,8,89.925863
4.3,5,89.954025
3.55,10,89.99039
4.45,4,90.025825
3.4,11,90.068846
4.0,7,90.109985
4.45,4,90.145067
3.4,11,90.187018
4.75,2,90.214471
3.55,10,90.258292
4.6,3,90.286222
3.7,9,90.321505
4.15,6,90.355774
4.0,7,90.388967
4.15,6,90.424446
4.45,4,90.454304
3.55,10,90.492998
3.7,9,90.540715
4.45,4,90.574759
4.75,2,90.602079
4.45,4,90.636226
4.45,4,90.667071
-3.05,2,90.694173
4.45,4,90.720747
-3.45,10,90.757608
3.85,8,90.800402
4.3,5,90.8299
4.6,3,90.861526
-3.45,10,90.897722
3.85,8,90.934659
4.75,2,90.959042
4.75,2,90.982147
4.45,4,91.009536
4.45,4,91.037042
4.3,5,91.065326
4.45,4,91.096132
4.6,3,91.123466
-3.5,11,91.167427
3.4,11,91.224955
4.0,7,91.265198
-3.45,10,91.463899
4.75,2,91.491398
4.3,5,91.519779
3.7,9,91.556588
3.7,9,91.59314
4.6,3,91.619901
4.0,7,91.656852
4.3,5,91.68649
4.75,2,91.70912
-1.75,15,91.757255
3.85,8,91.799889
4.3,5,91.834604
-1.75,15,91.882167
4.6,3,91.908531
4.75,2,91.932917
4.3,5,91.96113
4.45,4,91.991807
4.45,4,92.028485
4.6,3,92.061092
4.3,5,92.092552
3.85,8,92.135077
3.85,8,92.180459
-3.0,1,92.210735
3.4,11,92.247501
4.15,6,92.279187
4.45,4,92.311945
3.55,10,92.348789
-3.2,5,92.379071
4.9,1,92.399725
4.6,3,92.43316
3.85,8,92.478917
4.15,6,92.508825
4.0,7,92.542258
4.3,5,92.574794
4.0,7,92.605377
4.75,2,92.631198
4.0,7,92.664178
3.85,8,92.696679
4.75,2,92.722507
4.45,4,92.750415
4.15,6,92.781039
4.0,7,92.813174
3.4,11,92.846996
4.45,4,92.877316
4.6,3,93.060292
4.3,5,93.091485
4.75,2,93.115163
4.6,3,93.148616
4.6,3,93.179578
4.0,7,93.214059
4.6,3,93.241904
3.4,11,93.291227
4.15,6,93.322839
-1.75,15,93.368151
4.45,4,93.401628
4.15,6,93.433018
4.45,4,93.462923
4.0,7,93.50132
-1.75,15,93.55429
4.15,6,93.593353
-1.75,15,93.647609
3.7,9,93.690967
4.3,5,93.727318
3.7,9,93.774025
-1.75,15,93.814443
4.15,6,93.844002
3.85,8,93.879419
3.85,8,93.909024
4.0,7,93.939522
-3.15,4,93.966431
4.6,3,93.994009
4.75,2,94.020747
4.15,6,94.055728
4.15,6,94.086675
-1.75,15,94.137314
4.45,4,94.168444
4.0,7,94.204782
4.75,2,94.232022
4.9,1,94.256837
4.45,4,94.286325
4.3,5,94.316171
4.9,1,94.34492
4.45,4,94.374329
4.15,6,94.408885
3.4,11,94.601048
-1.75,15,94.644569
4.3,5,94.673534
4.15,6,94.701153
4.15,6,94.737616
4.3,5,94.765856
3.7,9,94.808044
4.15,6,94.839922
4.45,4,94.867549
4.3,5,94.894195
4.45,4,94.9294
4.45,4,94.959533
4.75,2,94.982266
4.3,5,95.010574
4.6,3,95.036431
4.75,2,95.062093
4.6,3,95.089342
3.85,8,95.126818
3.7,9,95.160679
4.3,5,95.194064
4.6,3,95.226833
-1.75,15,95.269228
4.45,4,95.297441
3.4,11,95.33904
4.6,3,95.366706
4.6,3,95.398667
4.3,5,95.431788
4.15,6,95.463377
3.7,9,95.505305
3.85,8,95.539669
4.6,3,95.56485
4.9,1,95.587591
-1.75,15,95.63043
-3.3,7,95.661536
4.6,3,95.691318
4.45,4,95.718277
4.75,2,95.74246
3.55,10,95.777572
3.7,9,95.81405
4.6,3,95.841888
4.0,7,95.878798
4.6,3,95.908312
3.7,9,95.950463
4.9,1,95.972238
4.6,3,96.14354
4.45,4,96.173811
3.25,12,96.214225
3.85,8,96.255189
3.1,13,96.297278
4.3,5,96.324836
3.85,8,96.358713
4.15,6,96.391814
4.3,5,96.418776
4.15,6,96.457804
3.1,13,96.504009
4.6,3,96.534614
4.75,2,96.56085
-1.75,15,96.607362
4.45,4,96.634936
3.7,9,96.678923
4.9,1,96.705445
3.55,10,96.746189
3.85,8,96.781004
4.15,6,96.813957
4.15,6,96.848653
-1.75,15,96.894016
4.15,6,96.921463
4.3,5,96.960581
4.0,7,96.991482
4.45,4,97.017389
-3.4,9,97.051143
4.3,5,97.076765
4.45,4,97.103885
4.15,6,97.137287
4.45,4,97.163262
4.6,3,97.188597
4.45,4,97.215925
3.1,13,97.262242
3.25,12,97.30569
4.75,2,97.331674
4.3,5,97.365821
4.0,7,97.57132
4.45,4,97.601405
4.6,3,97.630172
3.85,8,97.669702
3.25,12,97.71068
4.45,4,97.745174
4.15,6,97.778717
4.45,4,97.807297
4.45,4,97.832919
-1.75,15,97.87812
4.0,7,97.911083
-1.75,15,97.958685
-1.75,15,98.001133
4.6,3,98.026555
4.75,2,98.053576
3.7,9,98.091824
3.55,10,98.130238
4.3,5,98.158491
4.15,6,98.188591
4.6,3,98.218849
4.45,4,98.25245
4.15,6,98.293899
4.9,1,98.32177
3.55,10,98.362052
-1.75,15,98.413129
3.85,8,98.45171
4.3,5,98.483864
4.6,3,98.513025
4.6,3,98.543893
3.25,12,98.582426
4.45,4,98.61259
4.3,5,98.643351
4.45,4,98.668217
4.3,5,98.698895
3.25,12,98.737094
3.85,8,98.776651
4.3,5,98.803764
4.45,4,98.830707
4.15,6,99.000279
4.45,4,99.031629
4.3,5,99.065004
4.6,3,99.097008
4.15,6,99.127829
4.3,5,99.157185
4.6,3,99.188518
4.6,3,99.215585
4.6,3,99.241129
4.45,4,99.271003
4.6,3,99.298088
-3.7,15,99.340727
4.3,5,99.367657
4.75,2,99.391171
4.45,4,99.421978
4.6,3,99.458885
4.15,6,99.491033
3.7,9,99.530236
4.45,4,99.561938
4.15,6,99.598106
3.85,8,99.639851
4.9,1,99.667509
4.6,3,99.69654
4.45,4,99.735704
-3.45,10,99.780778
3.55,10,99.821496
4.0,7,99.856503
4.6,3,99.882478
4.15,6,99.913711
3.7,9,99.949649
4.15,6,99.982722
4.75,2,100.010269
3.85,8,100.044441
4.45,4,100.076155
4.45,4,100.102646
4.15,6,100.132849
4.75,2,100.159565
4.6,3,100.186969
3.7,9,100.221046
3.7,9,100.25677
4.3,5,100.282856
4.15,6,100.316995
-1.75,15,100.366623
4.3,5,100.396364
4.45,4,100.426344
4.45,4,100.452463
4.45,4,100.483958
3.55,10,100.706056
-3.7,15,100.772509
-3.3,7,100.814524
3.55,10,100.852799
4.3,5,100.881225
3.4,11,100.9251
4.6,3,100.952795
4.6,3,100.981396
4.75,2,101.005829
3.4,11,101.042089
3.85,8,101.079714
4.75,2,101.110779
4.45,4,101.142006
4.3,5,101.172436
4.75,2,101.198222
4.3,5,101.229069
4.3,5,101.259592
4.75,2,101.288884
4.45,4,101.320971
4.15,6,101.356039
4.45,4,101.393544
4.6,3,101.425855
4.3,5,101.46057
4.0,7,101.495669
4.15,6,101.531693
4.0,7,101.566143
4.6,3,101.596326
4.75,2,101.617554
4.15,6,101.648426
4.45,4,101.683318
4.75,2,101.71234
4.3,5,101.743344
4.9,1,101.763833
4.3,5,101.79362
4.0,7,101.829855
4.9,1,101.853014
3.85,8,101.885422
4.3,5,101.914831
4.45,4,101.942192
4.15,6,101.972863
4.3,5,101.999446
4.3,5,102.028064
3.7,9,102.061608
4.45,4,102.09194
3.85,8,102.124196
4.75,2,102.144959
4.6,3,102.174247
4.3,5,102.199121
4.75,2,102.226044
4.6,3,102.251478
4.6,3,102.27877
4.45,4,102.448663
4.75,2,102.475218
4.15,6,102.507391
4.75,2,102.530338
-1.75,15,102.574043
4.15,6,102.606195
4.3,5,102.642613
4.3,5,102.675421
4.75,2,102.70624
4.6,3,102.734645
4.6,3,102.765504
4.9,1,102.791543
3.1,13,102.842577
3.85,8,102.882547
4.0,7,102.915071
4.6,3,102.947586
4.9,1,102.971458
4.9,1,102.996347
4.45,4,103.028602
4.15,6,103.059688
4.15,6,103.094534
4.6,3,103.119913
4.75,2,103.145307
4.3,5,103.175752
4.15,6,103.207501
4.75,2,103.235999
3.55,10,103.275971
4.15,6,103.306257
4.45,4,103.332911
4.45,4,103.360634
4.75,2,103.385432
3.25,12,103.424174
4.75,2,103.449247
3.4,11,103.487144
3.7,9,103.526059
4.6,3,103.552418
4.15,6,103.580759
3.1,13,103.622638
4.15,6,103.651715
4.6,3,103.682111
4.75,2,103.711946
4.6,3,103.744151
4.45,4,103.771582
-3.35,8,103.805458
4.0,7,103.844413
3.4,11,103.881025
4.3,5,103.907612
4.3,5,103.942358
-3.45,10,104.129585
-1.75,15,104.185934
-1.75,15,104.241341
4.45,4,104.270503
4.75,2,104.29664
4.3,5,104.33125
4.0,7,104.370183
4.75,2,104.396549
4.75,2,104.42364
4.15,6,104.4582
4.6,3,104.49138
4.6,3,104.528241
4.0,7,104.565782
4.45,4,104.604889
3.7,9,104.643206
4.75,2,104.670417
4.6,3,104.697598
4.45,4,104.732053
4.75,2,104.757872
3.85,8,104.792053
3.55,10,104.832566
4.3,5,104.862451
3.4,11,104.901748
4.6,3,104.924782
4.15,6,104.956874
4.3,5,104.987804
4.15,6,105.014678
3.4,11,105.065001
-3.35,8,105.101561
3.85,8,105.132305
4.0,7,105.164612
4.45,4,105.193068
4.3,5,105.222552
4.15,6,105.255807
3.55,10,105.294564
4.3,5,105.326147
4.3,5,105.361816
4.9,1,105.388453
4.15,6,105.418776
4.15,6,105.447963
4.6,3,105.472624
4.6,3,105.4988
4.45,4,105.527466
4.6,3,105.557541
4.3,5,105.734586
4.75,2,105.766653
3.4,11,105.821117
4.6,3,105.862831
4.45,4,105.902327
4.45,4,105.943945
4.75,2,105.979504
4.15,6,106.012618
4.0,7,106.05417
4.6,3,106.086139
3.25,12,106.135105
4.45,4,106.172885
4.3,5,106.208349
-1.75,15,106.259574
4.75,2,106.289625
4.6,3,106.315021
4.45,4,106.347695
4.3,5,106.383266
4.6,3,106.411622
4.0,7,106.444793
4.0,7,106.478723
4.0,7,106.514223
4.3,5,106.541018
-1.75,15,106.582162
4.3,5,106.612931
3.25,12,106.65225
4.6,3,106.679584
3.25,12,106.719447
4.75,2,106.747381
-1.75,15,106.791638
4.9,1,106.815463
4.6,3,106.84429
-1.75,15,106.890288
4.45,4,106.914296
4.45,4,106.946705
4.15,6,106.974456
4.6,3,107.002593
4.3,5,107.032053
-1.75,15,107.074993
4.45,4,107.10848
4.9,1,107.130133
3.4,11,107.312007
4.45,4,107.342757
-1.75,15,107.394884
3.4,11,107.442212
4.6,3,107.476982
4.45,4,107.514056
-3.65,14,107.567028
4.15,6,107.605937
4.9,1,107.628556
4.6,3,107.660572
3.55,10,107.71084
4.6,3,107.743146
4.3,5,107.778098
4.45,4,107.808303
4.45,4,107.840752
4.45,4,107.877314
4.75,2,107.904495
4.45,4,107.935149
4.45,4,107.966652
4.6,3,107.99563
4.3,5,108.027985
4.75,2,108.051594
3.85,8,108.0823
4.75,2,108.106877
4.6,3,108.132168
3.85,8,108.167174
3.85,8,108.200829
4.45,4,108.228973
4.15,6,108.25917
4.45,4,108.288736
4.15,6,108.320807
3.4,11,108.361297
4.6,3,108.389799
4.15,6,108.426117
-1.75,15,108.465235
4.75,2,108.490111
4.75,2,108.512843
3.4,11,108.54884
-1.75,15,108.593873
-1.75,15,108.647492
4.0,7,108.682087
4.6,3,108.710284
4.0,7,108.873917
4.3,5,108.903023
4.75,2,108.92744
4.75,2,108.952641
3.25,12,108.995439
4.3,5,109.026505
4.3,5,109.059258
4.0,7,109.093373
4.45,4,109.121659
3.7,9,109.167393
3.85,8,109.207825
4.75,2,109.233409
4.45,4,109.265814
4.15,6,109.298314
-3.1,3,109.325346
4.6,3,109.353977
4.3,5,109.388065
4.75,2,109.412316
4.6,3,109.441092
4.3,5,109.476814
3.55,10,109.520761
4.75,2,109.552929
4.75,2,109.580503
4.15,6,109.611788
4.15,6,109.645832
4.15,6,109.675736
4.6,3,109.70467
-3.2,5,109.733598
4.9,1,109.757299
4.6,3,109.782792
4.75,2,109.813866
4.0,7,109.849979
4.45,4,109.877605
4.15,6,109.916745
3.7,9,109.953848
4.75,2,109.980932
4.45,4,110.010567
3.7,9,110.053416
4.45,4,110.084117
4.0,7,110.127962
4.45,4,110.165269
4.15,6,110.199824
3.1,13,110.246791
3.4,11,110.293148
-3.3,7,110.331041
3.85,8,110.370764
3.85,8,110.411326
3.55,10,110.59382
3.85,8,110.626904
-1.75,15,110.686429
4.3,5,110.721194
4.15,6,110.758078
4.3,5,110.801914
4.9,1,110.8273
4.45,4,110.858974
4.6,3,110.892006
4.9,1,110.915844
4.6,3,110.948954
4.15,6,110.985857
4.45,4,111.023487
4.6,3,111.0554
4.3,5,111.087023
4.75,2,111.115087
4.0,7,111.151318
4.75,2,111.174917
4.3,5,111.204874
4.9,1,111.236994
4.75,2,111.262702
4.15,6,111.295831
3.7,9,111.330901
4.75,2,111.356783
4.15,6,111.389028
4.15,6,111.420597
4.3,5,111.446158
4.0,7,111.482142
-1.75,15,111.527798
4.6,3,111.553904
4.9,1,111.577754
4.75,2,111.600847
4.15,6,111.630604
3.7,9,111.668653
4.0,7,111.702211
3.55,10,111.739959
3.85,8,111.773247
4.15,6,111.803463
4.45,4,111.831653
4.6,3,111.858027
4.15,6,111.888397
4.6,3,111.910519
3.55,10,111.953357
3.85,8,111.99263
4.3,5,112.02634
4.45,4,112.056784
4.75,2,112.08497
-1.75,15,112.292141
4.15,6,112.324582
4.6,3,112.358846
3.85,8,112.397614
4.45,4,112.440075
4.45,4,112.478472
4.15,6,112.516603
4.0,7,112.554037
-1.75,15,112.601873
4.3,5,112.637496
-1.75,15,112.68878
4.6,3,112.71823
4.6,3,112.747509
4.3,5,112.776775
3.4,11,112.814899
4.75,2,112.837527
3.7,9,112.873218
4.15,6,112.902333
4.75,2,112.927123
3.25,12,112.970074
4.0,7,113.003229
4.15,6,113.034993
4.45,4,113.063649
4.45,4,113.093436
3.25,12,113.13175
3.4,11,113.169013
4.3,5,113.198294
4.75,2,113.224988
3.85,8,113.260196
4.3,5,113.29168
3.4,11,113.329947
4.45,4,113.364748
4.75,2,113.38822
4.6,3,113.417168
4.3,5,113.446329
4.6,3,113.475384
4.0,7,113.506565
4.0,7,113.541394
3.25,12,113.577999
3.55,10,113.76165
4.0,7,113.794108
4.0,7,113.828947
4.75,2,113.8565
4.0,7,113.888303
4.3,5,113.920391
4.0,7,113.953676
4.75,2,113.981332
4.6,3,114.012588
4.3,5,114.048898
4.15,6,114.081314
4.45,4,114.112955
4.3,5,114.145533
4.9,1,114.17153
3.4,11,114.214057
3.25,12,114.259868
4.15,6,114.294343
4.3,5,114.323684
4.0,7,114.355397
4.45,4,114.383798
-3.35,8,114.416699
4.75,2,114.442017
4.9,1,114.465662
4.75,2,114.49066
4.6,3,114.516632
3.55,10,114.55748
4.75,2,114.581168
4.3,5,114.610672
3.85,8,114.642456
-1.75,15,114.682325
4.6,3,114.709607
4.3,5,114.736505
4.15,6,114.770031
4.15,6,114.803367
3.7,9,114.84462
4.75,2,114.870999
4.75,2,114.899773
4.3,5,114.926791
3.25,12,114.964508
4.45,4,114.990378
4.75,2,115.012319
3.85,8,115.050791
3.4,11,115.088605
4.6,3,115.118742
3.85,8,115.150724
4.15,6,115.338157
4.15,6,115.373919
4.45,4,115.403944
-3.35,8,115.441151
4.3,5,115.473836
4.15,6,115.507856
4.0,7,115.547321
4.6,3,115.576172
4.6,3,115.60095
3.7,9,115.638537
4.0,7,115.66973
4.9,1,115.70071
4.75,2,115.729544
4.75,2,115.75852
3.4,11,115.800075
-3.5,11,115.840378
4.75,2,115.869263
4.15,6,115.899626
3.55,10,115.93572
4.0,7,115.964097
-1.75,15,116.010938
3.85,8,116.050218
3.7,9,116.085056
4.3,5,116.114126
-1.75,15,116.15882
4.75,2,116.188702
4.0,7,116.224227
3.7,9,116.262083
4.6,3,116.286026
4.3,5,116.316937
3.85,8,116.34684
4.6,3,116.382258
4.0,7,116.424806
3.55,10,116.468511
4.6,3,116.498456
4.15,6,116.534536
-1.75,15,116.578377
4.75,2,116.606355
3.7,9,116.640248
4.0,7,116.811319
4.15,6,116.847232
3.55,10,116.885736
-1.75,15,116.927943
4.75,2,116.952631
4.45,4,116.984927
4.6,3,117.011498
4.75,2,117.037187
4.6,3,117.06608
4.75,2,117.092621
4.45,4,117.126307
4.75,2,117.156809
4.45,4,117.187599
3.55,10,117.236142
4.3,5,117.268854
3.7,9,117.308381
3.4,11,117.355612
3.85,8,117.397304
3.25,12,117.441782
4.6,3,117.475305
4.45,4,117.507267
3.55,10,117.543656
4.0,7,117.583833
3.7,9,117.625124
3.7,9,117.661455
4.3,5,117.692552
3.55,10,117.727509
4.3,5,117.756833
4.75,2,117.785564
3.25,12,117.827602
4.45,4,117.862729
4.15,6,117.894015
3.7,9,117.928923
3.85,8,117.967895
4.75,2,117.991023
3.55,10,118.026026
4.75,2,118.048344
3.55,10,118.089127
3.4,11,118.124962
4.6,3,118.308186
-1.75,15,118.350737
4.0,7,118.389927
-1.75,15,118.430145
4.9,1,118.456592
3.7,9,118.501184
4.75,2,118.527297
4.6,3,118.55749
4.6,3,118.58447
4.45,4,118.611847
4.0,7,118.645284
4.3,5,118.68056
4.3,5,118.711951
3.1,13,118.757437
-3.25,6,118.79088
4.6,3,118.820642
4.6,3,118.850492
3.55,10,118.892503
4.3,5,118.925344
-3.25,6,118.959748
4.6,3,118.982271
4.75,2,119.007412
4.75,2,119.030133
4.0,7,119.064684
4.75,2,119.092006
4.9,1,119.11916
3.55,10,119.156935
3.7,9,119.191305
4.45,4,119.21808
3.85,8,119.253205
4.45,4,119.278147
4.3,5,119.311575
4.15,6,119.34577
4.3,5,119.37969
4.15,6,119.411382
4.3,5,119.441792
3.85,8,119.480027
4.15,6,119.516695
4.45,4,119.548132
4.15,6,119.587684
3.85,8,119.619819
4.45,4,119.650031
3.7,9,119.684796
4.45,4,119.714822
4.3,5,119.743351
4.75,2,119.929069
4.0,7,119.966471
4.3,5,120.002692
4.3,5,120.030468
4.6,3,120.056762
4.45,4,120.085167
4.75,2,120.11542
4.9,1,120.141034
4.9,1,120.16873
3.55,10,120.210564
4.75,2,120.237659
3.85,8,120.278662
4.3,5,120.310839
4.15,6,120.344869
4.6,3,120.375482
-1.75,15,120.422776
4.3,5,120.451364
4.45,4,120.478332
4.0,7,120.519227
4.0,7,120.551225
4.0,7,120.582638
3.4,11,120.619321
4.6,3,120.643739
-3.55,12,120.689562
4.45,4,120.722227
4.3,5,120.7625
4.15,6,120.791508
4.6,3,120.816133
4.3,5,120.847147
3.85,8,120.883492
4.0,7,120.912358
3.85,8,120.95073
4.6,3,120.978403
3.4,11,121.015933
3.85,8,121.054103
4.75,2,121.078914
4.45,4,121.107724
4.3,5,121.144646
4.15,6,121.176004
4.6,3,121.199611
3.55,10,121.234192
4.6,3,121.264506
4.0,7,121.305077
4.15,6,121.34397
4.9,1,121.374025
4.45,4,121.405337
4.9,1,121.429603
-1.75,15,121.626849
3.7,9,121.667836
3.85,8,121.709104
4.3,5,121.742131
4.75,2,121.771891
4.6,3,121.801093
-3.35,8,121.839692
4.45,4,121.87226
3.85,8,121.913322
4.6,3,121.948903
4.3,5,121.982804
4.15,6,122.012779
4.75,2,122.041892
4.45,4,122.076784
4.45,4,122.106975
3.85,8,122.13746
4.75,2,122.161425
4.45,4,122.18892
4.45,4,122.219084
4.45,4,122.246455
4.6,3,122.277916
-1.75,15,122.322578
4.15,6,122.362226
4.6,3,122.390965
-1.75,15,122.433484
4.3,5,122.471168
4.75,2,122.492971
3.85,8,122.528301
4.6,3,122.556571
-1.75,15,122.601338
3.85,8,122.636373
4.15,6,122.664949
4.6,3,122.693009
4.15,6,122.727632
4.75,2,122.754551
4.75,2,122.775632
4.3,5,122.806215
4.75,2,122.828248
3.7,9,122.863845
4.3,5,122.893464
3.85,8,122.924558
3.4,11,122.964404
-1.75,15,123.151324
4.45,4,123.180581
4.3,5,123.214305
4.6,3,123.245449
3.7,9,123.293021
4.75,2,123.319647
4.9,1,123.342628
3.55,10,123.389242
3.7,9,123.429987
3.7,9,123.471208
4.75,2,123.497141
4.0,7,123.530116
4.15,6,123.562429
-1.75,15,123.607215
4.45,4,123.633405
3.4,11,123.668784
3.7,9,123.701469
3.55,10,123.738102
4.6,3,123.764148
4.6,3,123.790264
4.6,3,123.819461
4.45,4,123.845422
3.55,10,123.881127
4.3,5,123.911073
4.15,6,123.941751
-1.75,15,123.984964
4.9,1,124.00674
3.7,9,124.038672
3.4,11,124.082209
3.7,9,124.120793
-1.75,15,124.175786
4.6,3,124.206334
3.85,8,124.244781
4.6,3,124.274424
4.6,3,124.306177
4.6,3,124.341408
4.45,4,124.369152
4.75,2,124.398086
3.25,12,124.441754
4.3,5,124.624792
3.55,10,124.663151
-1.75,15,124.714506
4.75,2,124.743437
4.6,3,124.778183
4.0,7,124.81795
3.85,8,124.854535
4.45,4,124.882392
4.0,7,124.914747
4.45,4,124.940123
3.85,8,124.975485
3.55,10,125.01225
4.75,2,125.037097
4.6,3,125.063365
-1.75,15,125.111933
4.75,2,125.146096
4.15,6,125.175939
4.15,6,125.215823
3.7,9,125.252692
3.55,10,125.288176
4.0,7,125.319743
-1.75,15,125.360502
4.3,5,125.388759
3.7,9,125.427359
4.3,5,125.457432
4.6,3,125.483111
4.3,5,125.513328
3.55,10,125.548994
3.25,12,125.590505
4.15,6,125.619794
-1.75,15,125.662987
4.6,3,125.693165
3.25,12,125.740775
4.15,6,125.772229
3.85,8,125.945154
4.6,3,125.985877
4.0,7,126.019788
4.0,7,126.054278
4.15,6,126.09459
4.6,3,126.124528
4.9,1,126.149357
4.75,2,126.172871
3.85,8,126.208843
3.55,10,126.24758
4.75,2,126.278702
4.6,3,126.306696
3.85,8,126.345168
-3.2,5,126.376987
3.7,9,126.423092
4.75,2,126.445778
4.75,2,126.477659
4.6,3,126.50835
4.6,3,126.536854
4.75,2,126.56167
4.6,3,126.595667
4.6,3,126.625391
3.7,9,126.667788
4.3,5,126.703142
4.6,3,126.732543
3.4,11,126.771813
4.45,4,126.801902
-1.75,15,126.843996
4.9,1,126.871689
3.7,9,126.911736
3.85,8,126.944635
4.45,4,126.970722
3.7,9,127.00425
3.7,9,127.036821
4.75,2,127.064945
3.55,10,127.100895
4.6,3,127.128223
4.3,5,127.159518
4.6,3,127.185825
-1.75,15,127.237441
3.7,9,127.271217
4.75,2,127.294435
-1.75,15,127.341335
4.6,3,127.366288
4.75,2,127.392002
4.6,3,127.420563
4.75,2,127.443663
4.0,7,127.64545
4.15,6,127.681186
4.15,6,127.714121
3.7,9,127.751785
4.15,6,127.781526
3.1,13,127.834117
4.3,5,127.868954
4.75,2,127.902139
-1.75,15,127.95666
4.0,7,127.98949
4.75,2,128.016227
4.45,4,128.044165
-1.75,15,128.092463
4.9,1,128.117611
4.6,3,128.143199
4.3,5,128.175057
4.6,3,128.20343
4.15,6,128.239567
3.85,8,128.283812
3.4,11,128.329869
4.3,5,128.368077
4.75,2,128.391509
3.7,9,128.424985
4.3,5,128.456738
4.3,5,128.484826
-1.75,15,128.528179
4.6,3,128.557079
4.15,6,128.592345
4.45,4,128.620967
-1.75,15,128.670048
4.45,4,128.701459
3.55,10,128.737726
4.6,3,128.762893
-1.75,15,128.806709
4.75,2,128.83284
3.4,11,128.870862
3.55,10,128.905812
3.7,9,129.089203
4.6,3,129.112112
3.7,9,129.145917
3.7,9,129.182362
4.45,4,129.211191
-1.75,15,129.256932
4.75,2,129.285286
-1.75,15,129.330124
4.3,5,129.360236
4.0,7,129.39551
4.0,7,129.434861
4.75,2,129.462151
-1.75,15,129.514207
4.45,4,129.547681
3.85,8,129.588625
3.55,10,129.634576
4.75,2,129.660215
4.6,3,129.686374
4.6,3,129.713043
4.3,5,129.745864
4.45,4,129.784045
4.3,5,129.814425
4.0,7,129.847092
3.4,11,129.894736
4.6,3,129.922089
3.7,9,129.956569
4.0,7,129.986574
4.45,4,130.013139
3.55,10,130.051563
4.75,2,130.078134
4.0,7,130.11156
4.0,7,130.146951
4.75,2,130.172887
4.9,1,130.194283
3.85,8,130.230526
4.75,2,130.256762
4.15,6,130.287862
4.45,4,130.317149
-3.7,15,130.359848
4.75,2,130.384556
-1.75,15,130.57636
4.0,7,130.619276
3.85,8,130.654362
4.75,2,130.680463
4.3,5,130.706639
4.15,6,130.736919
4.0,7,130.771436
4.3,5,130.8029
4.9,1,130.834681
4.45,4,130.862119
4.0,7,130.902794
4.15,6,130.942672
3.7,9,130.982824
4.3,5,131.01551
4.75,2,131.043407
3.25,12,131.088795
4.3,5,131.117298
-1.75,15,131.164069
4.15,6,131.197179
4.3,5,131.23094
4.3,5,131.262148
4.45,4,131.298181
3.85,8,131.339006
-3.3,7,131.374537
3.25,12,131.425436
2.95,14,131.474721
4.45,4,131.508922
4.6,3,131.537766
4.15,6,131.573267
-3.3,7,131.607815
4.6,3,131.632555
-3.5,11,131.675089
-1.75,15,131.721148
3.7,9,131.758762
4.15,6,131.793406
4.9,1,131.818906
4.45,4,131.845623
4.6,3,131.872722
3.4,11,132.052545
4.0,7,132.088271
3.7,9,132.1206
4.45,4,132.147654
4.3,5,132.177709
4.3,5,132.209093
3.7,9,132.251117
-1.75,15,132.294504
4.6,3,132.323286
4.45,4,132.349022
4.6,3,132.375457
4.45,4,132.40999
4.15,6,132.44776
4.15,6,132.478824
4.0,7,132.51842
4.75,2,132.544781
3.85,8,132.585068
4.15,6,132.621331
4.45,4,132.653582
3.4,11,132.69485
3.4,11,132.73745
4.15,6,132.775709
4.15,6,132.80746
4.3,5,132.837391
4.6,3,132.864847
4.6,3,132.891632
4.0,7,132.928101
4.6,3,132.958469
4.9,1,132.987296
4.3,5,133.014952
4.15,6,133.04503
4.0,7,133.084759
4.45,4,133.109139
4.75,2,133.134212
4.3,5,133.160849
3.7,9,133.196302
4.3,5,133.22714
4.75,2,133.25189
2.95,14,133.290948
3.85,8,133.324021
4.15,6,133.35433
4.45,4,133.383723
4.6,3,133.408337
3.7,9,133.595765
4.9,1,133.62297
3.85,8,133.655885
4.75,2,133.686949
-3.45,10,133.733142
4.15,6,133.767262
4.3,5,133.800013
4.75,2,133.828379
3.85,8,133.864291
4.75,2,133.891691
4.6,3,133.913978
4.9,1,133.93897
4.75,2,133.959354
4.75,2,133.985739
4.45,4,134.015659
4.6,3,134.040206
-1.75,15,134.088873
4.3,5,134.127265
4.15,6,134.164957
4.75,2,134.194797
3.7,9,134.236015
4.15,6,134.270844
3.7,9,134.310843
4.75,2,134.339683
4.3,5,134.375638
4.6,3,134.407842
4.3,5,134.448813
4.6,3,134.476669
4.45,4,134.507338
4.15,6,134.541808
4.15,6,134.572557
3.7,9,134.610696
3.55,10,134.652826
3.55,10,134.687718
4.15,6,134.718293
3.55,10,134.755727
4.0,7,134.788206
4.75,2,134.810186
4.6,3,134.84104
-3.1,3,134.86773
4.15,6,134.89768
3.85,8,134.931841
3.4,11,134.96867
3.7,9,134.999652
3.85,8,135.032403
4.6,3,135.059681
4.3,5,135.231888
4.3,5,135.259357
4.75,2,135.282092
-3.25,6,135.311344
4.75,2,135.335283
3.85,8,135.36637
4.6,3,135.389465
-3.4,9,135.426261
4.6,3,135.453304
4.6,3,135.478276
4.75,2,135.502909
4.6,3,135.526502
3.1,13,135.566555
4.6,3,135.592905
4.0,7,135.62383
4.45,4,135.65054
4.45,4,135.677082
4.6,3,135.709417
4.0,7,135.744272
4.9,1,135.768913
-1.75,15,135.817023
4.45,4,135.847327
4.75,2,135.875704
3.7,9,135.916431
4.15,6,135.947654
3.85,8,135.982223
4.6,3,136.006874
4.45,4,136.038376
4.75,2,136.067679
3.55,10,136.111247
4.3,5,136.151055
3.55,10,136.190233
4.3,5,136.222479
3.85,8,136.260505
3.55,10,136.298817
3.1,13,136.339844
4.6,3,136.369275
4.6,3,136.395128
3.85,8,136.429507
4.75,2,136.456207
4.15,6,136.489302
-1.75,15,136.53421
4.45,4,136.560754
3.85,8,136.596824
3.85,8,136.785705
4.3,5,136.817951
-1.75,15,136.865726
4.3,5,136.896392
3.85,8,136.928059
4.15,6,136.958086
4.0,7,136.990242
4.45,4,137.017134
3.55,10,137.050342
4.3,5,137.078288
-3.4,9,137.114291
4.45,4,137.146566
4.45,4,137.173663
4.3,5,137.204348
4.75,2,137.2335
3.4,11,137.285365
4.6,3,137.320774
4.6,3,137.351052
4.75,2,137.379105
3.85,8,137.415264
4.3,5,137.45398
4.75,2,137.485837
3.25,12,137.53471
4.3,5,137.573405
4.45,4,137.603119
4.6,3,137.641153
4.6,3,137.672999
4.3,5,137.709925
3.85,8,137.751485
4.45,4,137.781031
4.75,2,137.804645
4.3,5,137.835956
4.75,2,137.860782
4.75,2,137.886521
3.55,10,137.919847
4.15,6,137.946572
4.6,3,137.974408
-1.75,15,138.01653
4.75,2,138.039042
4.75,2,138.061396
4.45,4,138.089821
4.9,1,138.113796
4.45,4,138.141263
4.3,5,138.174946
4.0,7,138.219631
4.45,4,138.250462
3.55,10,138.288068
4.45,4,138.475316
-1.75,15,138.527447
4.75,2,138.552225
4.9,1,138.575056
4.6,3,138.601117
4.3,5,138.626766
3.7,9,138.665197
3.85,8,138.70576
4.3,5,138.741373
4.6,3,138.769336
-1.75,15,138.815921
4.3,5,138.848303
-1.75,15,138.891612
3.85,8,138.926386
3.7,9,138.959902
4.75,2,138.987296
3.55,10,139.034408
4.0,7,139.068383
3.85,8,139.1098
3.85,8,139.149168
4.3,5,139.178259
4.6,3,139.203656
4.9,1,139.234631
-1.75,15,139.296443
-1.75,15,139.343107
4.15,6,139.374228
4.75,2,139.396948
-1.75,15,139.438336
4.0,7,139.469569
3.55,10,139.508835
4.6,3,139.53885
4.3,5,139.56795
4.0,7,139.599516
4.15,6,139.640321
4.75,2,139.666308
4.3,5,139.692878
4.6,3,139.721627
4.0,7,139.891503
3.7,9,139.924676
4.75,2,139.952631
4.75,2,139.974658
4.75,2,140.006495
3.85,8,140.039441
4.75,2,140.065432
4.3,5,140.094438
4.0,7,140.126637
3.85,8,140.159531
4.75,2,140.188187
4.75,2,140.21582
4.6,3,140.239774
4.6,3,140.266483
4.6,3,140.292237
4.9,1,140.317391
4.45,4,140.347099
4.45,4,140.376151
3.55,10,140.422817
3.85,8,140.453427
4.45,4,140.480567
4.75,2,140.507059
4.3,5,140.540294
-3.25,6,140.574544
4.3,5,140.603054
3.7,9,140.639597
4.9,1,140.672581
3.85,8,140.706147
-1.75,15,140.765443
3.25,12,140.818152
4.75,2,140.853936
4.45,4,140.89119
4.45,4,140.9263
4.6,3,140.956772
3.7,9,140.995612
4.75,2,141.023982
3.85,8,141.055981
4.45,4,141.08653
3.55,10,141.121985
3.85,8,141.160231
4.45,4,141.188142
3.7,9,141.226234
4.3,5,141.256885
4.6,3,141.282491
-1.75,15,141.324278
4.6,3,141.350824
3.7,9,141.385103
4.15,6,141.568612
4.3,5,141.598351
3.85,8,141.631534
4.45,4,141.65739
4.6,3,141.686594
4.3,5,141.716596
4.75,2,141.747863
3.4,11,141.786318
4.6,3,141.816789
3.55,10,141.855855
4.15,6,141.887235
4.6,3,141.915469
3.85,8,141.949304
4.75,2,141.974674
4.45,4,142.00612
3.7,9,142.043192
4.75,2,142.073108
4.45,4,142.108224
-1.75,15,142.157631
4.6,3,142.186835
-1.75,15,142.234946
4.75,2,142.260246
4.3,5,142.293707
4.6,3,142.322753
4.75,2,142.354021
4.0,7,142.386529
4.75,2,142.412141
4.3,5,142.442487
4.45,4,142.471753
4.45,4,142.501009
4.45,4,142.524885
4.6,3,142.553396
4.45,4,142.581158
3.7,9,142.61657
3.85,8,142.651958
4.3,5,142.685273
4.3,5,142.712781
4.6,3,142.738369
3.25,12,142.776345
3.85,8,142.81646
3.85,8,142.852902
4.75,2,142.875935
4.6,3,142.899556
3.7,9,142.931724
4.45,4,142.958385
-1.75,15,143.150164
4.15,6,143.189694
4.6,3,143.218189
3.4,11,143.256572
-1.75,15,143.298983
4.9,1,143.322359
3.4,11,143.367756
4.6,3,143.395842
4.0,7,143.426982
4.0,7,143.46506
4.6,3,143.49164
3.85,8,143.524176
4.75,2,143.54905
4.45,4,143.57822
4.15,6,143.613386
4.75,2,143.643305
4.45,4,143.676089
4.6,3,143.705798
4.45,4,143.732554
-1.75,15,143.779983
-1.75,15,143.832161
4.15,6,143.864511
4.3,5,143.898483
-1.75,15,143.945631
4.45,4,143.972576
4.0,7,144.004052
4.6,3,144.035061
4.3,5,144.068696
4.3,5,144.102927
4.15,6,144.136058
4.75,2,144.16799
4.45,4,144.196679
4.6,3,144.227376
-1.75,15,144.271644
4.0,7,144.306812
4.6,3,144.33391
4.45,4,144.361066
4.75,2,144.386613
4.15,6,144.41796
4.45,4,144.452648
4.75,2,144.477169
3.7,9,144.514863
4.6,3,144.692474
3.85,8,144.727027
4.45,4,144.756864
4.45,4,144.786665
3.25,12,144.824682
3.85,8,144.870878
3.85,8,144.906872
4.3,5,144.93435
4.0,7,144.963904
4.15,6,144.992079
-3.4,9,145.029733
4.6,3,145.05681
4.6,3,145.088234
4.15,6,145.121012
-1.75,15,145.167912
4.0,7,145.20351
4.75,2,145.231394
4.3,5,145.26745
-3.25,6,145.307645
4.6,3,145.343451
4.75,2,145.372797
4.6,3,145.401798
4.75,2,145.428702
4.0,7,145.461792
4.45,4,145.494284
4.75,2,145.521931
3.85,8,145.569212
4.15,6,145.600236
4.6,3,145.6296
4.75,2,145.655949
4.75,2,145.680496
3.25,12,145.723081
4.6,3,145.754802
4.9,1,145.776648
4.45,4,145.805461
-1.75,15,145.855359
3.85,8,145.88982
4.3,5,145.91941
-1.75,15,145.961046
4.15,6,145.988584
4.45,4,146.014718
4.0,7,146.046854
4.3,5,146.074935
3.55,10,146.255394
4.45,4,146.282466
4.45,4,146.311754
4.3,5,146.340719
4.3,5,146.370848
4.6,3,146.39605
3.25,12,146.441291
4.6,3,146.466695
4.3,5,146.495627
4.6,3,146.52458
4.45,4,146.554857
4.45,4,146.585366
4.0,7,146.622757
4.15,6,146.653467
-1.75,15,146.698378
4.15,6,146.733301
4.45,4,146.761109
4.75,2,146.785698
4.3,5,146.815314
4.75,2,146.838396
4.9,1,146.868108
4.3,5,146.899712
4.0,7,146.933862
4.15,6,146.963522
-1.75,15,147.008457
4.45,4,147.036483
-1.75,15,147.082142
3.85,8,147.118131
4.15,6,147.15131
4.3,5,147.189807
4.3,5,147.220252
4.9,1,147.242297
3.4,11,147.284583
-1.75,15,147.332252
-1.75,15,147.376754
4.6,3,147.407297
4.45,4,147.435002
4.15,6,147.46688
3.55,10,147.505889
3.7,9,147.541527
4.0,7,147.736242
4.45,4,147.767556
4.6,3,147.79361
4.0,7,147.827499
4.15,6,147.85849
4.3,5,147.896731
4.0,7,147.934597
4.15,6,147.972525
-1.75,15,148.022571
4.0,7,148.060841
3.85,8,148.092533
3.7,9,148.130873
3.55,10,148.169995
4.6,3,148.199772
3.85,8,148.237835
4.15,6,148.271313
4.0,7,148.309114
4.45,4,148.337503
4.6,3,148.367332
4.15,6,148.407604
4.3,5,148.440189
-1.75,15,148.486038
4.9,1,148.50807
3.7,9,148.542212
4.75,2,148.569916
4.6,3,148.597277
4.45,4,148.626787
3.85,8,148.664071
4.6,3,148.694072
3.55,10,148.741405
3.85,8,148.777938
4.6,3,148.805461
4.75,2,148.827521
4.15,6,148.859758
4.15,6,148.900421
4.0,7,148.939995
4.6,3,148.970233
3.85,8,149.004774
3.55,10,149.039852
4.6,3,149.066244
4.6,3,149.091618
4.6,3,149.116625
4.15,6,149.148862
4.45,4,149.320812
-3.25,6,149.35452
4.6,3,149.376707
4.6,3,149.405441
4.6,3,149.430434
4.15,6,149.46543
4.0,7,149.496863
4.6,3,149.525698
4.0,7,149.557643
4.6,3,149.585378
3.55,10,149.619615
4.15,6,149.652007
4.15,6,149.685989
4.15,6,149.716782
3.25,12,149.756388
4.3,5,149.784857
4.15,6,149.817688
-3.15,4,149.847657
4.15,6,149.883061
4.75,2,149.909432
4.0,7,149.943747
4.15,6,149.973296
4.6,3,150.002445
4.6,3,150.027162
4.75,2,150.051254
4.45,4,150.079647
4.9,1,150.103056
3.55,10,150.142901
3.55,10,150.18627
3.4,11,150.235715
4.45,4,150.269327
4.15,6,150.302577
4.15,6,150.337755
3.85,8,150.373028
4.3,5,150.401435
4.45,4,150.427494
-1.75,15,150.474457
-3.55,12,150.514504
3.55,10,150.554138
-1.75,15,150.595046
4.3,5,150.622539
4.3,5,150.801084
-3.35,8,150.84301
-1.75,15,150.893756
4.3,5,150.92541
3.25,12,150.968711
3.85,8,151.000412
4.3,5,151.030357
4.45,4,151.057508
-1.75,15,151.107984
4.0,7,151.139437
4.75,2,151.161692
4.45,4,151.191249
-1.75,15,151.235174
4.45,4,151.262885
4.6,3,151.288978
4.15,6,151.32087
4.15,6,151.352776
4.15,6,151.385974
3.85,8,151.427439
4.45,4,151.458744
3.85,8,151.494886
3.85,8,151.531837
4.45,4,151.562059
4.0,7,151.599562
4.75,2,151.634142
4.15,6,151.669948
3.25,12,151.727971
4.6,3,151.766659
4.3,5,151.807535
4.6,3,151.838951
4.6,3,151.877577
4.6,3,151.905543
3.7,9,151.942623
4.15,6,151.971845
4.3,5,152.001862
4.6,3,152.030564
4.6,3,152.056285
4.0,7,152.089998
4.3,5,152.124861
4.0,7,152.160954
4.45,4,152.188205
4.6,3,152.368734
4.75,2,152.392858
4.9,1,152.414358
4.45,4,152.443211
3.85,8,152.48908
4.75,2,152.518857
4.75,2,152.545925
4.15,6,152.582816
-3.4,9,152.617883
4.6,3,152.644847
-3.4,9,152.682292
3.55,10,152.717045
4.45,4,152.748554
4.75,2,152.779699
3.4,11,152.820139
3.7,9,152.852859
4.6,3,152.879637
3.55,10,152.92182
4.9,1,152.952468
4.45,4,152.982276
4.15,6,153.016296
4.6,3,153.042033
4.9,1,153.070888
4.6,3,153.103369
4.45,4,153.132661
4.9,1,153.155855
4.45,4,153.185706
4.75,2,153.21254
4.45,4,153.243446
4.3,5,153.282045
4.6,3,153.306084
4.15,6,153.339736
4.45,4,153.368515
4.75,2,153.402194
4.6,3,153.427737
4.0,7,153.463347
4.0,7,153.497148
4.75,2,153.521971
4.75,2,153.547197
4.45,4,153.573929
4.6,3,153.600277
-1.75,15,153.642677
4.45,4,153.671943
4.3,5,153.70006
4.45,4,153.729554
4.3,5,153.758411
4.45,4,153.78409
4.45,4,153.813252
4.6,3,153.838148
4.45,4,153.867655
4.15,6,153.895994
-1.75,15,153.937471
3.55,10,153.974063
4.45,4,154.145001
3.85,8,154.180043
-3.4,9,154.21978
4.0,7,154.253395
4.45,4,154.283125
4.0,7,154.316647
4.3,5,154.351131
4.0,7,154.381639
4.75,2,154.407253
4.6,3,154.436901
4.9,1,154.463807
4.9,1,154.487386
4.3,5,154.518867
4.75,2,154.548421
4.9,1,154.574106
4.0,7,154.604517
4.9,1,154.631418
4.45,4,154.658682
3.85,8,154.692235
4.45,4,154.721472
4.6,3,154.753875
4.75,2,154.779571
4.6,3,154.807909
-3.45,10,154.851067
4.75,2,154.874254
4.0,7,154.91101
4.3,5,154.944574
3.7,9,154.988119
4.15,6,155.019755
4.75,2,155.047684
4.6,3,155.075078
4.75,2,155.1046
4.45,4,155.132864
-1.75,15,155.176982
3.4,11,155.21616
3.4,11,155.251671
3.55,10,155.296011
4.6,3,155.320862
4.45,4,155.346025
4.3,5,155.380055
4.6,3,155.414769
3.4,11,155.453566
4.3,5,155.488409
4.6,3,155.521442
4.75,2,155.548148
-1.75,15,155.604923
4.45,4,155.636799
4.9,1,155.662693
4.3,5,155.692083
4.75,2,155.887213
4.75,2,155.911588
3.85,8,155.945888
-3.3,7,155.978311
4.0,7,156.010373
3.4,11,156.048266
4.15,6,156.079108
4.75,2,156.103009
4.15,6,156.134756
4.6,3,156.16152
4.3,5,156.191792
3.85,8,156.230555
-3.55,12,156.274922
4.3,5,156.315924
4.6,3,156.344078
-3.25,6,156.38217
4.0,7,156.420085
-1.75,15,156.473493
-1.75,15,156.527107
3.25,12,156.570955
-1.75,15,156.625813
4.45,4,156.658281
4.75,2,156.684798
3.7,9,156.718688
4.75,2,156.749419
4.3,5,156.783218
3.1,13,156.828729
-1.75,15,156.870019
4.6,3,156.895588
4.15,6,156.923337
4.3,5,156.952436
3.55,10,156.990476
4.15,6,157.025525
4.6,3,157.051717
4.6,3,157.081099
4.45,4,157.114392
4.75,2,157.140207
4.6,3,157.169927
4.75,2,157.196237
3.4,11,157.396226
4.3,5,157.422856
-3.3,7,157.458546
3.4,11,157.504854
3.85,8,157.542892
4.75,2,157.572966
4.0,7,157.611819
4.0,7,157.643756
4.0,7,157.681808
3.85,8,157.717394
4.6,3,157.7449
4.15,6,157.77823
4.75,2,157.808607
4.75,2,157.839127
4.45,4,157.877828
4.6,3,157.906327
4.75,2,157.93546
4.45,4,157.967237
4.45,4,157.997255
3.85,8,158.036394
3.55,10,158.081688
4.6,3,158.106405
4.15,6,158.138408
4.15,6,158.171583
4.6,3,158.203136
3.4,11,158.240715
3.7,9,158.274335
4.3,5,158.303847
3.1,13,158.351791
4.75,2,158.372944
3.55,10,158.415132
3.25,12,158.449528
4.9,1,158.471236
4.75,2,158.493199
3.7,9,158.527822
-1.75,15,158.573415
3.85,8,158.607933
3.7,9,158.644722
3.4,11,158.680117
4.45,4,158.862808
4.6,3,158.892318
4.3,5,158.919307
4.3,5,158.948651
3.55,10,158.986509
3.7,9,159.023244
3.25,12,159.059727
-1.75,15,159.110757
4.3,5,159.141269
3.25,12,159.182804
4.75,2,159.216277
4.75,2,159.243963
4.9,1,159.273103
4.3,5,159.303083
3.55,10,159.349504
3.55,10,159.388939
4.75,2,159.414871
-1.75,15,159.464206
4.45,4,159.49522
-1.75,15,159.54607
-1.75,15,159.597679
4.0,7,159.635491
4.6,3,159.673129
4.3,5,159.7079
4.45,4,159.751906
3.7,9,159.797645
4.75,2,159.834651
4.45,4,159.867531
4.3,5,159.902369
-1.75,15,159.948789
4.75,2,159.977035
3.85,8,160.01347
4.15,6,160.04496
4.75,2,160.06938
4.75,2,160.095593
4.6,3,160.124763
3.7,9,160.164069
3.7,9,160.198708
4.45,4,160.395195
-3.2,5,160.426389
4.6,3,160.456967
4.3,5,160.483928
4.75,2,160.504869
4.6,3,160.533787
4.15,6,160.568169
4.45,4,160.600857
4.0,7,160.636265
3.55,10,160.671464
4.45,4,160.697653
4.0,7,160.728596
4.75,2,160.754292
4.45,4,160.787963
4.45,4,160.820652
4.75,2,160.850285
4.45,4,160.878539
4.0,7,160.914279
4.6,3,160.949018
4.15,6,160.979898
4.6,3,161.007799
4.6,3,161.036196
4.3,5,161.073543
4.75,2,161.104138
4.15,6,161.137793
4.6,3,161.166771
4.45,4,161.19769
4.15,6,161.229072
4.75,2,161.255762
3.25,12,161.298228
4.45,4,161.329716
4.9,1,161.353962
3.7,9,161.398592
4.3,5,161.428673
4.45,4,161.455922
-1.75,15,161.499842
4.0,7,161.533039
4.6,3,161.560822
4.45,4,161.587535
3.7,9,161.622208
4.15,6,161.652758
4.45,4,161.677309
4.45,4,161.703991
4.45,4,161.730586
4.15,6,161.761898
4.0,7,161.791484
4.6,3,161.818985
4.75,2,161.848457
4.3,5,161.874692
4.75,2,161.904747
4.75,2,161.927611
-3.35,8,161.959036
4.3,5,161.987544
4.6,3,162.173083
3.7,9,162.205487
3.25,12,162.247598
4.6,3,162.272354
-1.75,15,162.316053
4.9,1,162.336632
3.55,10,162.373815
4.6,3,162.403729
4.6,3,162.43285
-1.75,15,162.481767
-1.75,15,162.530069
4.0,7,162.564735
4.6,3,162.590171
3.85,8,162.625356
4.75,2,162.652417
4.6,3,162.681316
4.6,3,162.710492
4.6,3,162.743403
3.85,8,162.776457
4.45,4,162.806234
4.15,6,162.839421
4.75,2,162.871885
-1.75,15,162.915821
4.3,5,162.945428
3.55,10,162.982231
-1.75,15,163.024736
4.75,2,163.049061
4.15,6,163.079298
3.7,9,163.113223
4.0,7,163.145901
3.4,11,163.193451
3.55,10,163.232276
4.45,4,163.26088
4.45,4,163.289026
-1.75,15,163.338336
-1.75,15,163.544831
4.15,6,163.574738
3.7,9,163.613242
4.75,2,163.638883
4.75,2,163.662454
-1.75,15,163.702545
4.3,5,163.733992
3.25,12,163.770358
4.15,6,163.802864
4.45,4,163.834944
4.45,4,163.864351
4.6,3,163.895112
4.75,2,163.917145
3.25,12,163.953784
4.3,5,163.98313
4.75,2,164.011551
4.15,6,164.044549
3.25,12,164.087403
4.6,3,164.112434
3.1,13,164.15609
4.75,2,164.19169
3.7,9,164.230696
4.15,6,164.266785
4.75,2,164.300332
3.85,8,164.339622
4.6,3,164.372604
4.6,3,164.411581
4.0,7,164.450681
4.0,7,164.497811
4.0,7,164.532656
4.3,5,164.56759
3.25,12,164.605607
4.9,1,164.627734
4.45,4,164.653684
4.6,3,164.678317
4.9,1,164.702733
4.9,1,164.724931
4.75,2,164.756921
-3.55,12,164.801317
3.55,10,164.83784
4.6,3,164.862335
4.15,6,164.894275
4.45,4,164.921766
3.85,8,165.097003
4.45,4,165.124622
-1.75,15,165.169809
-1.75,15,165.22111
3.85,8,165.258167
4.45,4,165.285926
4.3,5,165.317262
-1.75,15,165.361863
4.75,2,165.387547
4.3,5,165.416851
4.3,5,165.450358
4.9,1,165.471592
4.15,6,165.506519
4.75,2,165.532739
4.6,3,165.556537
4.9,1,165.582087
4.45,4,165.614155
4.6,3,165.638124
-1.75,15,165.685981
4.45,4,165.718207
4.0,7,165.753597
4.45,4,165.785908
-1.75,15,165.832918
4.6,3,165.861933
4.6,3,165.891348
-1.75,15,165.937
4.0,7,165.975923
4.75,2,166.002346
4.15,6,166.035549
4.0,7,166.071323
4.6,3,166.097074
3.85,8,166.130755
4.15,6,166.1654
4.45,4,166.189427
4.45,4,166.219467
-1.75,15,166.260638
4.75,2,166.285394
4.15,6,166.3174
3.4,11,166.352233
3.7,9,166.389993
3.85,8,166.566507
4.9,1,166.588745
4.9,1,166.617246
4.75,2,166.650249
4.45,4,166.678869
4.45,4,166.705983
4.75,2,166.7318
-1.75,15,166.774951
4.75,2,166.810446
4.45,4,166.844426
3.25,12,166.887257
4.15,6,166.918052
4.15,6,166.947644
4.3,5,166.974261
4.15,6,167.012295
4.15,6,167.043542
4.6,3,167.068693
4.9,1,167.09565
4.9,1,167.121372
4.75,2,167.148718
4.3,5,167.176209
4.3,5,167.205975
4.75,2,167.231627
3.25,12,167.275343
4.45,4,167.30771
4.45,4,167.34556
3.85,8,167.38197
4.75,2,167.409942
4.3,5,167.439378
3.7,9,167.47568
4.0,7,167.508888
3.1,13,167.558838
3.55,10,167.59927
4.0,7,167.635655
3.7,9,167.674835
4.3,5,167.703949
3.55,10,167.741014
4.3,5,167.773035
-1.75,15,167.821276
4.45,4,167.849228
4.6,3,167.877893
4.3,5,167.909837
3.4,11,167.95256
4.6,3,167.980421
4.15,6,168.15511
4.15,6,168.185154
4.45,4,168.215786
4.75,2,168.244278
4.45,4,168.270553
4.75,2,168.299555
4.6,3,168.326885
4.75,2,168.351801
3.85,8,168.385337
4.15,6,168.414545
-1.75,15,168.467957
4.3,5,168.49788
-1.75,15,168.538619
4.6,3,168.566037
4.6,3,168.590699
4.3,5,168.620121
4.0,7,168.655408
3.85,8,168.689303
4.6,3,168.723748
4.6,3,168.751088
4.45,4,168.785452
4.6,3,168.812238
4.45,4,168.843284
4.75,2,168.870052
4.75,2,168.897565
-1.75,15,168.947554
4.0,7,168.984868
4.75,2,169.013937
4.6,3,169.043586
4.6,3,169.068781
4.75,2,169.096807
4.0,7,169.130968
-3.55,12,169.18037
4.6,3,169.210639
4.75,2,169.241386
3.25,12,169.285267
4.45,4,169.315979
3.7,9,169.348802
4.6,3,169.376104
3.7,9,169.408881
4.45,4,169.434949
-1.75,15,169.48523
4.15,6,169.519109
4.75,2,169.542752
4.9,1,169.568164
3.85,8,169.602709
4.3,5,169.773812
4.15,6,169.804996
4.45,4,169.834339
-1.75,15,169.876791
3.7,9,169.910744
4.45,4,169.937754
4.75,2,169.960332
4.0,7,169.988884
4.6,3,170.014806
4.45,4,170.041317
4.6,3,170.069205
4.0,7,170.103032
4.0,7,170.137371
4.9,1,170.165145
4.6,3,170.192282
4.3,5,170.21897
3.85,8,170.253475
4.45,4,170.282289
4.0,7,170.313066
4.6,3,170.342068
4.45,4,170.369624
4.15,6,170.404512
4.15,6,170.436547
4.6,3,170.464287
4.6,3,170.492935
3.25,12,170.537194
4.6,3,170.567345
3.85,8,170.606397
4.3,5,170.636246
4.45,4,170.663383
4.45,4,170.693156
4.6,3,170.718873
4.75,2,170.744931
3.85,8,170.791569
4.45,4,170.822562
4.75,2,170.84787
4.6,3,170.873345
4.6,3,170.90231
4.15,6,170.940463
4.75,2,170.967808
4.6,3,170.995605
4.0,7,171.034406
4.15,6,171.067009
4.0,7,171.108974
4.3,5,171.137724
4.75,2,171.168938
4.15,6,171.198944
4.9,1,171.221906
-1.75,15,171.266127
4.75,2,171.290303
3.85,8,171.321031
-3.1,3,171.483972
4.15,6,171.523912
4.3,5,171.557303
4.3,5,171.588295
4.15,6,171.621396
3.7,9,171.653831
4.6,3,171.682736
4.75,2,171.703274
-3.35,8,171.740627
4.75,2,171.765343
4.6,3,171.79407
3.4,11,171.830563
4.3,5,171.862107
-3.1,3,171.888043
-3.4,9,171.930732
4.3,5,171.957926
3.4,11,171.996786
-3.4,9,172.032532
4.0,7,172.067276
3.85,8,172.101918
4.0,7,172.135622
4.45,4,172.165127
-3.55,12,172.20886
4.15,6,172.246644
4.75,2,172.270203
4.45,4,172.299909
4.9,1,172.331483
3.85,8,172.364503
-1.75,15,172.407948
4.45,4,172.435725
4.3,5,172.464165
4.45,4,172.489096
3.55,10,172.529575
4.75,2,172.556097
-1.75,15,172.598861
4.75,2,172.623961
4.3,5,172.653745
4.6,3,172.681904
4.6,3,172.710904
-3.7,15,172.751987
4.15,6,172.786623
4.15,6,172.957152
4.75,2,172.978421
4.45,4,173.006659
4.3,5,173.036333
4.45,4,173.06595
4.6,3,173.091207
4.45,4,173.117354
4.9,1,173.139583
4.15,6,173.170517
4.45,4,173.200178
4.45,4,173.229476
4.3,5,173.256141
-3.5,11,173.295351
4.3,5,173.323888
4.9,1,173.348238
4.6,3,173.373274
-3.7,15,173.421818
4.6,3,173.449012
4.6,3,173.475125
4.0,7,173.509408
4.6,3,173.536574
3.7,9,173.574543
4.6,3,173.605687
-3.65,14,173.649512
4.75,2,173.677523
3.7,9,173.718377
3.85,8,173.754822
-1.75,15,173.80703
4.15,6,173.841236
3.85,8,173.883887
4.15,6,173.916524
4.6,3,173.950509
4.75,2,173.978769
4.45,4,174.009065
4.45,4,174.03697
-3.45,10,174.073143
4.45,4,174.098509
3.7,9,174.135098
3.85,8,174.169132
4.45,4,174.196371
4.3,5,174.224424
4.45,4,174.254263
4.45,4,174.283156
4.9,1,174.311107
4.15,6,174.348356
4.15,6,174.383456
4.0,7,174.570435
4.6,3,174.597023
4.15,6,174.634322
4.0,7,174.668903
4.6,3,174.694105
4.6,3,174.720921
-1.75,15,174.771819
4.0,7,174.81004
4.6,3,174.84099
4.75,2,174.869208
4.6,3,174.898609
4.45,4,174.929598
4.45,4,174.960772
3.7,9,174.997025
4.15,6,175.035815
4.3,5,175.066916
4.75,2,175.096975
4.0,7,175.137854
4.3,5,175.178515
4.45,4,175.209779
3.85,8,175.251818
4.3,5,175.28601
4.0,7,175.32047
4.45,4,175.350958
4.75,2,175.377257
3.85,8,175.414094
4.75,2,175.438281
4.45,4,175.470873
-1.75,15,175.517529
4.6,3,175.54352
4.0,7,175.574698
4.3,5,175.606059
-3.2,5,175.636732
4.6,3,175.662806
4.45,4,175.693376
4.3,5,175.719498
4.45,4,175.747462
4.6,3,175.769978
4.6,3,175.798025
4.45,4,175.833281
4.45,4,175.859889
4.0,7,175.893004
4.45,4,175.922458
4.75,2,175.948185
4.6,3,175.979282
4.9,1,176.000686
3.4,11,176.036453
3.85,8,176.066921
4.0,7,176.101657
4.15,6,176.14037
4.45,4,176.329312
4.45,4,176.361606
-3.25,6,176.396729
4.6,3,176.430001
4.6,3,176.456152
3.85,8,176.487648
4.6,3,176.516199
4.45,4,176.542428
4.0,7,176.575407
-1.75,15,176.621718
4.0,7,176.659571
3.55,10,176.701313
4.6,3,176.730086
4.3,5,176.762315
4.6,3,176.797028
3.4,11,176.837722
4.45,4,176.870563
4.0,7,176.90635
4.15,6,176.945617
4.3,5,176.972678
-3.4,9,177.013162
-3.1,3,177.03752
4.0,7,177.077111
-3.6,13,177.129118
4.9,1,177.153764
4.3,5,177.187899
4.6,3,177.217846
4.15,6,177.253176
4.3,5,177.280328
4.6,3,177.313895
4.45,4,177.348163
3.7,9,177.387369
4.6,3,177.418307
4.45,4,177.453349
4.15,6,177.494012
3.85,8,177.539683
4.6,3,177.569577
4.15,6,177.609226
4.15,6,177.646034
4.45,4,177.677598
3.85,8,177.718003
3.7,9,177.755019
4.9,1,177.781733
3.85,8,177.823515
4.75,2,177.851959
4.9,1,177.879949
4.75,2,177.905304
4.75,2,177.929862
-3.5,11,178.125558
4.9,1,178.153083
3.55,10,178.203934
4.6,3,178.242738
4.6,3,178.273398
4.3,5,178.306389
4.9,1,178.332211
4.6,3,178.364352
4.3,5,178.399328
4.45,4,178.433648
4.75,2,178.465745
4.6,3,178.496626
4.15,6,178.527163
4.6,3,178.558201
4.15,6,178.597699
4.9,1,178.631027
3.85,8,178.675848
3.85,8,178.717402
4.6,3,178.747815
4.75,2,178.773794
-3.2,5,178.80401
4.75,2,178.827225
4.45,4,178.854528
4.0,7,178.886475
4.45,4,178.912373
4.6,3,178.9395
4.0,7,178.97355
4.6,3,178.998335
4.45,4,179.026441
4.15,6,179.058448
4.15,6,179.087781
4.9,1,179.115509
4.0,7,179.148196
3.7,9,179.181475
4.6,3,179.207552
4.3,5,179.238219
4.15,6,179.271609
4.6,3,179.298852
4.75,2,179.321307
4.45,4,179.349074
4.45,4,179.378119
-3.35,8,179.415414
3.7,9,179.454366
4.9,1,179.481024
3.7,9,179.518994
-3.25,6,179.550411
4.6,3,179.576815
4.0,7,179.610878
4.6,3,179.637152
4.3,5,179.66487
4.15,6,179.698263
4.15,6,179.739055
4.45,4,179.770354
4.15,6,179.806262
3.7,9,179.994597
4.75,2,180.019593
4.45,4,180.049048
4.6,3,180.073189
3.85,8,180.108945
4.6,3,180.135563
4.6,3,180.161712
4.0,7,180.194236
4.6,3,180.228579
4.0,7,180.263444
4.15,6,180.297324
4.15,6,180.32947
4.0,7,180.359832
4.6,3,180.383645
4.45,4,180.417386
3.7,9,180.459483
-3.55,12,180.500692
4.9,1,180.525602
4.6,3,180.553592
4.6,3,180.581744
3.4,11,180.629222
4.0,7,180.664835
3.55,10,180.702656
4.6,3,180.730611
4.6,3,180.755886
4.45,4,180.785359
4.9,1,180.811593
4.0,7,180.84227
4.15,6,180.873551
4.75,2,180.896607
4.6,3,180.927536
3.55,10,180.9693
4.3,5,181.002405
3.4,11,181.044316
4.75,2,181.077719
4.6,3,181.109331
4.6,3,181.135881
4.45,4,181.169237
4.6,3,181.195988
4.0,7,181.23717
4.0,7,181.277155
3.85,8,181.310468
4.15,6,181.34345
3.7,9,181.383133
4.15,6,181.416269
4.45,4,181.449565
4.75,2,181.481094
4.75,2,181.511614
3.85,8,181.719527
4.0,7,181.756764
4.3,5,181.792299
-1.75,15,181.837123
4.3,5,181.871794
4.45,4,181.900521
4.6,3,181.926094
4.75,2,181.949623
-1.75,15,181.991227
4.75,2,182.022966
4.3,5,182.052145
4.45,4,182.081842
4.6,3,182.108051
4.3,5,182.13873
3.7,9,182.173166
4.3,5,182.209669
3.55,10,182.245097
4.45,4,182.272741
3.4,11,182.312051
4.6,3,182.342436
4.45,4,182.374204
3.7,9,182.410056
3.7,9,182.44578
4.75,2,182.471808
4.0,7,182.505242
4.45,4,182.53367
3.85,8,182.567533
4.75,2,182.592662
4.75,2,182.616406
3.85,8,182.64894
4.75,2,182.674589
4.0,7,182.709799
3.4,11,182.74841
4.45,4,182.777891
4.3,5,182.806301
3.7,9,182.838171
4.75,2,182.864785
4.6,3,182.890065
4.6,3,182.92267
4.0,7,182.958392
4.15,6,182.990355
4.15,6,183.022095
4.75,2,183.048101
4.45,4,183.077435
4.15,6,183.116329
4.6,3,183.146202
-3.15,4,183.361719
4.45,4,183.394654
-1.75,15,183.438839
3.4,11,183.484293
3.55,10,183.518793
4.3,5,183.55042
-3.45,10,183.585923
4.15,6,183.613117
4.9,1,183.636254
3.7,9,183.667882
4.6,3,183.693805
4.6,3,183.723549
4.15,6,183.757421
3.55,10,183.794285
4.3,5,183.820908
4.75,2,183.846
4.75,2,183.86924
4.15,6,183.901111
4.15,6,183.936578
3.7,9,183.975899
4.15,6,184.009011
4.3,5,184.042753
3.7,9,184.077968
4.0,7,184.123166
4.3,5,184.156603
3.55,10,184.19874
4.6,3,184.225291
4.75,2,184.248249
-3.45,10,184.289634
-1.75,15,184.336774
4.6,3,184.366969
3.7,9,184.404822
4.45,4,184.435899
3.55,10,184.480289
4.6,3,184.507671
4.15,6,184.544861
4.0,7,184.578462
3.7,9,184.616126
4.6,3,184.642276
4.6,3,184.671234
4.75,2,184.855022
4.0,7,184.890688
3.85,8,184.926294
4.15,6,184.960805
4.0,7,184.993312
3.55,10,185.030703
3.55,10,185.068595
4.75,2,185.095343
4.45,4,185.122727
3.85,8,185.157555
3.7,9,185.19722
4.75,2,185.219025
4.3,5,185.246617
4.3,5,185.278463
3.4,11,185.316068
4.9,1,185.336553
3.4,11,185.381055
4.15,6,185.411185
4.15,6,185.450015
-1.75,15,185.497915
4.75,2,185.520777
4.45,4,185.552289
4.0,7,185.586644
4.6,3,185.611713
4.3,5,185.645262
3.4,11,185.690985
4.75,2,185.722848
4.3,5,185.754576
3.85,8,185.787154
4.45,4,185.815125
3.85,8,185.855413
4.15,6,185.886577
4.45,4,185.913706
4.3,5,185.943205
4.9,1,185.965739
3.7,9,186.001022
4.75,2,186.026402
4.3,5,186.059336
-1.75,15,186.106567
4.0,7,186.142328
3.85,8,186.174913
4.6,3,186.359503
4.45,4,186.395175
4.6,3,186.426702
4.45,4,186.453513
-3.3,7,186.487195
4.3,5,186.518663
4.45,4,186.55723
3.7,9,186.593328
3.7,9,186.630257
4.75,2,186.655668
4.3,5,186.684811
3.85,8,186.723831
4.0,7,186.757658
4.15,6,186.786569
4.45,4,186.817299
4.75,2,186.84554
4.15,6,186.876697
4.3,5,186.904046
4.15,6,186.93383
3.85,8,186.964841
4.3,5,186.994952
4.3,5,187.023124
-3.7,15,187.064466
4.45,4,187.09473
4.3,5,187.124977
4.6,3,187.148097
4.45,4,187.174136
4.3,5,187.203566
4.6,3,187.230431
4.3,5,187.255477
4.75,2,187.27832
3.1,13,187.318496
3.7,9,187.352264
4.0,7,187.382319
3.7,9,187.418554
4.6,3,187.447295
4.6,3,187.475196
3.55,10,187.511231
4.3,5,187.549216
4.3,5,187.584616
3.85,8,187.618564
4.3,5,187.657496
4.6,3,187.687283
4.6,3,187.719119
4.45,4,187.752109
-3.45,10,187.971406
4.9,1,187.995672
3.85,8,188.036339
4.15,6,188.075738
4.75,2,188.110014
4.3,5,188.145733
3.7,9,188.18448
4.6,3,188.211843
4.9,1,188.237646
4.15,6,188.275651
4.3,5,188.306776
4.3,5,188.336295
4.6,3,188.367075
4.45,4,188.401455
4.3,5,188.431788
3.85,8,188.463998
4.3,5,188.493599
-1.75,15,188.536945
3.85,8,188.578046
4.6,3,188.603217
4.0,7,188.638634
4.3,5,188.667493
4.3,5,188.698867
4.75,2,188.725779
4.3,5,188.754853
4.45,4,188.785666
4.75,2,188.817695
4.75,2,188.848294
3.4,11,188.890456
3.85,8,188.92501
3.85,8,188.957253
4.15,6,188.986319
4.6,3,189.010161
4.0,7,189.039393
3.85,8,189.068131
3.7,9,189.100671
3.7,9,189.133731
4.15,6,189.163398
4.6,3,189.186786
4.75,2,189.212196
4.3,5,189.246233
4.15,6,189.277531
4.15,6,189.310776
3.7,9,189.349952
4.15,6,189.383217
4.0,7,189.608186
4.15,6,189.645425
3.7,9,189.6844
-3.7,15,189.732888
3.55,10,189.777252
-3.45,10,189.814229
4.75,2,189.837318
3.55,10,189.873908
4.0,7,189.912138
4.75,2,189.934524
3.85,8,189.968956
4.75,2,189.995461
4.75,2,190.023369
4.75,2,190.050737
-1.75,15,190.096585
4.6,3,190.131918
4.3,5,190.162152
4.3,5,190.192754
4.75,2,190.217346
4.3,5,190.246433
4.6,3,190.268811
3.25,12,190.309322
4.3,5,190.338537
4.45,4,190.367643
4.0,7,190.402938
4.9,1,190.430459
4.3,5,190.464858
4.75,2,190.495953
4.0,7,190.533816
4.3,5,190.563738
4.75,2,190.592032
4.3,5,190.620808
4.0,7,190.65948
4.6,3,190.6844
4.0,7,190.717092
4.75,2,190.747177
4.75,2,190.771871
4.6,3,190.801023
3.4,11,190.839978
3.4,11,190.881217
3.4,11,190.918344
4.75,2,190.944866
4.3,5,190.979086
4.75,2,191.012047
4.15,6,191.046342
4.45,4,191.083141
3.85,8,191.29055
4.0,7,191.324977
4.45,4,191.353055
-3.15,4,191.385448
4.3,5,191.414859
4.75,2,191.439373
-1.75,15,191.484482
4.45,4,191.514321
4.3,5,191.543119
3.85,8,191.576039
4.75,2,191.602188
4.6,3,191.63207
4.45,4,191.659311
4.15,6,191.687802
4.3,5,191.716449
3.85,8,191.74758
4.3,5,191.777728
4.6,3,191.801239
3.85,8,191.833386
3.25,12,191.872503
4.3,5,191.899349
3.25,12,191.935161
4.75,2,191.95813
3.7,9,191.990298
4.3,5,192.01464
4.75,2,192.038955
4.45,4,192.063637
4.15,6,192.093061
4.9,1,192.119704
4.3,5,192.149097
4.75,2,192.175419
4.45,4,192.202362
3.85,8,192.239688
4.45,4,192.267253
4.0,7,192.301412
4.75,2,192.328901
4.75,2,192.354858
4.75,2,192.380983
4.15,6,192.413636
4.3,5,192.439206
4.3,5,192.468702
4.45,4,192.498959
4.9,1,192.530536
4.6,3,192.557753
-3.5,11,192.59693
3.55,10,192.632591
4.45,4,192.665333
4.75,2,192.693092
4.3,5,192.726532
4.45,4,192.934318
3.55,10,192.97848
4.3,5,193.019348
4.3,5,193.050444
4.6,3,193.076136
4.0,7,193.10708
4.6,3,193.133549
3.25,12,193.170401
-1.75,15,193.214597
4.9,1,193.239586
4.45,4,193.271098
4.45,4,193.30076
3.55,10,193.342341
4.45,4,193.368579
4.45,4,193.395561
3.55,10,193.430865
4.6,3,193.459725
4.3,5,193.499254
4.75,2,193.526546
4.3,5,193.552379
4.15,6,193.582613
4.15,6,193.613096
3.85,8,193.64738
4.6,3,193.676605
-1.75,15,193.728856
4.3,5,193.763303
4.15,6,193.792913
4.3,5,193.827382
4.75,2,193.851433
4.75,2,193.877382
4.75,2,193.901165
4.45,4,193.930408
4.3,5,193.956534
3.7,9,193.988606
-1.75,15,194.032949
4.75,2,194.058568
3.85,8,194.094241
3.85,8,194.130895
4.3,5,194.162076
4.75,2,194.190336
3.85,8,194.228921
-1.75,15,194.277351
4.6,3,194.478715
3.55,10,194.527294
3.7,9,194.567984
4.0,7,194.607759
4.45,4,194.641657
4.75,2,194.669395
3.85,8,194.706367
3.55,10,194.743748
4.45,4,194.773759
4.0,7,194.805121
4.45,4,194.831811
4.75,2,194.862606
4.15,6,194.893472
4.45,4,194.919526
3.85,8,194.94952
4.0,7,194.980512
4.15,6,195.010655
3.55,10,195.050659
3.25,12,195.092408
4.0,7,195.128007
4.75,2,195.155666
3.4,11,195.199454
4.45,4,195.228904
4.9,1,195.256058
4.75,2,195.282222
4.0,7,195.315645
4.45,4,195.349934
4.0,7,195.384335
4.3,5,195.411892
4.6,3,195.441582
4.75,2,195.471347
4.75,2,195.500788
4.9,1,195.524478
4.45,4,195.553406
3.7,9,195.596839
4.6,3,195.62824
3.85,8,195.663668
-1.75,15,195.709235
4.6,3,195.7413
4.6,3,195.764482
4.3,5,195.799139
-1.75,15,195.85661
4.45,4,195.88816
4.15,6,195.919723
4.0,7,196.109329
4.15,6,196.140002
4.45,4,196.166285
4.6,3,196.194627
4.45,4,196.219768
4.3,5,196.249403
3.55,10,196.291957
4.3,5,196.321912
4.75,2,196.346256
4.0,7,196.380944
3.25,12,196.421856
4.9,1,196.445656
4.45,4,196.472461
4.45,4,196.50151
4.75,2,196.52748
4.3,5,196.559244
4.45,4,196.589338
4.45,4,196.617397
4.45,4,196.645788
3.55,10,196.681194
3.55,10,196.716734
-1.75,15,196.76386
-1.75,15,196.816654
4.75,2,196.843991
4.6,3,196.871399
4.75,2,196.899689
4.75,2,196.92926
4.75,2,196.953347
4.75,2,196.977558
4.45,4,197.005538
3.85,8,197.039685
4.75,2,197.072901
4.75,2,197.100573
4.45,4,197.131263
3.25,12,197.174071
4.6,3,197.20606
4.15,6,197.247768
3.4,11,197.292797
3.55,10,197.333149
3.55,10,197.369871
4.6,3,197.399303
4.0,7,197.435199
4.9,1,197.459961
-1.75,15,197.511536
4.45,4,197.720495
4.6,3,197.750372
4.3,5,197.788985
3.7,9,197.827883
4.0,7,197.865378
4.45,4,197.896912
4.0,7,197.933601
4.15,6,197.966976
4.15,6,197.997145
4.45,4,198.033663
4.75,2,198.055883
4.15,6,198.083679
4.45,4,198.111722
4.6,3,198.140956
4.45,4,198.167987
4.3,5,198.197844
4.45,4,198.227566
4.6,3,198.250633
4.45,4,198.279656
4.6,3,198.307312
3.4,11,198.343787
4.0,7,198.376095
-1.75,15,198.421266
4.45,4,198.44881
4.6,3,198.475567
4.6,3,198.500146
4.15,6,198.531306
4.0,7,198.564122
3.85,8,198.598295
4.6,3,198.624611
4.75,2,198.658048
4.45,4,198.684933
3.25,12,198.724994
4.3,5,198.757647
4.3,5,198.787715
4.15,6,198.822222
4.15,6,198.853374
4.6,3,198.882292
3.7,9,198.92136
3.4,11,198.963655
-1.75,15,199.013857
-1.75,15,199.058451
4.6,3,199.094387
4.0,7,199.291383
4.45,4,199.322755
4.0,7,199.354792
4.75,2,199.380491
-1.75,15,199.426252
4.3,5,199.456887
4.15,6,199.486527
4.15,6,199.516419
4.0,7,199.547022
4.15,6,199.581497
4.3,5,199.617717
4.3,5,199.647992
-3.45,10,199.687124
4.9,1,199.718863
-3.55,12,199.756434
4.3,5,199.78401
4.45,4,199.813005
4.75,2,199.838273
4.15,6,199.871555
3.85,8,199.910109
3.85,8,199.947729
4.45,4,199.979273
4.9,1,200.001919
4.45,4,200.033567
3.85,8,200.066936
4.6,3,200.091832
4.3,5,200.117925
4.6,3,200.144326
4.0,7,200.188292
4.75,2,200.212837
4.6,3,200.242836
4.45,4,200.27063
4.45,4,200.300756
4.45,4,200.330207
4.45,4,200.359914
3.85,8,200.39404
4.75,2,200.418023
4.3,5,200.449861
4.15,6,200.482452
4.75,2,200.510532
4.45,4,200.545779
4.45,4,200.578845
3.4,11,200.617561
-3.65,14,200.662093
4.15,6,200.702477
4.75,2,200.735547
3.25,12,200.921171
4.9,1,200.943273
3.55,10,200.977876
4.6,3,201.011588
4.0,7,201.044484
4.6,3,201.07299
4.45,4,201.099295
4.3,5,201.136954
4.3,5,201.167764
4.45,4,201.201794
4.15,6,201.239928
-1.75,15,201.291614
4.3,5,201.321701
-1.75,15,201.37043
4.6,3,201.399367
-1.75,15,201.45377
3.7,9,201.488876
4.45,4,201.515359
4.6,3,201.543309
4.45,4,201.573841
4.6,3,201.599732
3.7,9,201.632735
4.75,2,201.656971
4.3,5,201.683816
4.6,3,201.711876
4.15,6,201.745569
4.15,6,201.772802
4.15,6,201.801267
4.3,5,201.831457
4.9,1,201.862554
4.75,2,201.889773
-1.75,15,201.940037
4.3,5,201.975229
4.9,1,201.997623
4.15,6,202.036724
-3.25,6,202.066223
-3.45,10,202.10223
4.75,2,202.127659
-1.75,15,202.17996
-1.75,15,202.241584
3.55,10,202.4448
4.15,6,202.478225
4.15,6,202.511895
4.3,5,202.541905
4.45,4,202.574453
3.85,8,202.607533
4.3,5,202.64066
-1.75,15,202.683033
4.45,4,202.710657
4.3,5,202.745196
4.75,2,202.778514
4.15,6,202.808713
4.9,1,202.831127
-1.75,15,202.874123
4.45,4,202.899025
3.85,8,202.931602
4.45,4,202.959817
4.3,5,202.988982
4.75,2,203.0136
4.45,4,203.044791
4.75,2,203.071985
3.85,8,203.106622
4.6,3,203.130565
4.6,3,203.154652
4.0,7,203.183527
4.6,3,203.207991
4.45,4,203.233385
4.6,3,203.262567
4.75,2,203.286757
3.7,9,203.325066
3.85,8,203.360772
4.6,3,203.385992
4.15,6,203.415086
4.6,3,203.441748
4.45,4,203.467908
4.3,5,203.499548
-1.75,15,203.552012
4.45,4,203.594161
4.45,4,203.628755
4.75,2,203.655792
3.7,9,203.696364
3.7,9,203.73466
4.45,4,203.767776
3.25,12,203.816329
4.45,4,203.855397
3.55,10,204.053773
4.15,6,204.088029
4.3,5,204.118229
4.75,2,204.146876
4.0,7,204.184295
4.6,3,204.210071
4.6,3,204.237296
4.3,5,204.265152
4.75,2,204.291515
4.75,2,204.31683
3.85,8,204.352411
4.45,4,204.380243
4.6,3,204.408402
-1.75,15,204.456065
-3.6,13,204.508272
4.3,5,204.543878
4.45,4,204.575015
3.55,10,204.622258
3.7,9,204.663185
-3.5,11,204.706596
4.3,5,204.734962
4.45,4,204.765199
4.45,4,204.792605
4.3,5,204.826059
4.15,6,204.860959
4.6,3,204.887821
4.15,6,204.916687
3.7,9,204.948994
4.3,5,204.977868
-3.5,11,205.015187
3.7,9,205.049077
3.85,8,205.087487
-3.25,6,205.128056
3.4,11,205.169602
3.85,8,205.204824
4.45,4,205.235935
4.9,1,205.258522
4.45,4,205.291305
-3.25,6,205.32575
4.3,5,205.362116
4.75,2,205.392702
-3.45,10,205.43406
4.6,3,205.463348
4.0,7,205.648026
4.45,4,205.680254
4.75,2,205.706408
4.75,2,205.73079
4.3,5,205.760021
4.6,3,205.784828
4.15,6,205.82359
4.75,2,205.847374
4.75,2,205.873532
4.3,5,205.898369
3.85,8,205.93299
3.85,8,205.962466
4.3,5,205.990614
4.6,3,206.015322
-3.3,7,206.043927
-3.6,13,206.081044
3.4,11,206.119183
4.75,2,206.146512
4.45,4,206.175831
4.3,5,206.210121
4.45,4,206.237089
4.6,3,206.265635
4.75,2,206.291603
4.6,3,206.320176
4.75,2,206.343873
4.9,1,206.364513
4.0,7,206.395254
3.85,8,206.426557
3.55,10,206.46098
4.3,5,206.490812
4.6,3,206.514919
3.7,9,206.551169
4.15,6,206.580771
4.45,4,206.608177
4.45,4,206.641279
-3.65,14,206.689122
4.75,2,206.714598
4.6,3,206.748203
-1.75,15,206.804497
-3.55,12,206.844855
4.6,3,206.874923
4.6,3,206.906734
3.7,9,206.945616
4.45,4,206.978808
3.25,12,207.028053
4.3,5,207.06523
4.45,4,207.247156
4.45,4,207.279159
4.45,4,207.306609
4.3,5,207.339105
4.75,2,207.360429
4.45,4,207.387446
3.55,10,207.424632
4.3,5,207.454249
3.55,10,207.492792
3.25,12,207.533132
3.25,12,207.577369
4.3,5,207.610878
4.0,7,207.641653
3.85,8,207.672971
4.9,1,207.697869
4.45,4,207.735011
4.45,4,207.772728
4.45,4,207.806516
3.85,8,207.842667
4.75,2,207.866102
3.4,11,207.90637
4.6,3,207.93144
-3.35,8,207.967496
4.0,7,207.999868
4.3,5,208.0268
4.45,4,208.056897
4.6,3,208.083603
4.75,2,208.10627
4.3,5,208.137059
4.15,6,208.175021
4.6,3,208.214371
4.0,7,208.255489
4.3,5,208.290956
-3.4,9,208.328001
-3.3,7,208.361373
-3.4,9,208.405887
4.0,7,208.442902
3.7,9,208.481518
4.3,5,208.516088
4.6,3,208.546161
-1.75,15,208.595644
4.6,3,208.623698
4.15,6,208.657635
4.75,2,208.907763
4.0,7,208.939345
4.45,4,208.971217
4.6,3,208.995775
4.45,4,209.024572
3.7,9,209.059173
3.7,9,209.092776
4.6,3,209.118371
4.45,4,209.147683
3.4,11,209.18436
4.45,4,209.210624
4.6,3,209.237844
4.6,3,209.266162
-3.55,12,209.312591
4.3,5,209.349032
-3.6,13,209.395111
4.0,7,209.42806
3.4,11,209.465664
4.6,3,209.496705
3.4,11,209.538623
-1.75,15,209.580247
4.75,2,209.606689
4.15,6,209.636125
4.15,6,209.663787
4.6,3,209.688324
4.75,2,209.714263
-3.65,14,209.757241
4.6,3,209.786058
4.45,4,209.81306
4.6,3,209.848398
4.75,2,209.875626
4.0,7,209.907008
4.75,2,209.932695
3.25,12,209.975056
4.75,2,209.997313
-3.2,5,210.032283
3.85,8,210.073323
4.45,4,210.106001
3.4,11,210.145202
4.6,3,210.17208
4.6,3,210.205246
4.15,6,210.238556
4.45,4,210.271538
3.25,12,210.455348
3.55,10,210.489395
4.6,3,210.515632
-1.75,15,210.561787
4.6,3,210.589343
4.75,2,210.613078
4.6,3,210.638895
4.75,2,210.666279
4.75,2,210.692954
3.85,8,210.732351
4.75,2,210.762284
4.0,7,210.794354
4.45,4,210.821079
4.3,5,210.850488
4.6,3,210.88312
4.0,7,210.914708
4.0,7,210.94393
4.6,3,210.977988
4.6,3,211.005053
4.3,5,211.032866
3.85,8,211.069432
4.15,6,211.098598
3.55,10,211.136796
4.45,4,211.166293
4.3,5,211.201128
4.0,7,211.236675
4.75,2,211.260399
4.0,7,211.293218
4.0,7,211.331214
4.45,4,211.362458
-1.75,15,211.409179
4.15,6,211.441246
4.75,2,211.468117
4.75,2,211.493372
4.6,3,211.524554
4.15,6,211.557707
4.6,3,211.589573
4.75,2,211.621622
4.0,7,211.658013
4.45,4,211.69123
4.9,1,211.722438
4.45,4,211.760952
4.6,3,211.793633
4.3,5,211.826645
-1.75,15,211.871388
4.3,5,211.900052
-1.75,15,212.095465
4.6,3,212.12689
4.0,7,212.160546
4.45,4,212.188675
-3.25,6,212.220263
3.7,9,212.256843
4.75,2,212.279789
4.45,4,212.30688
4.45,4,212.335307
3.7,9,212.372741
4.6,3,212.405956
4.45,4,212.429293
-1.75,15,212.481522
4.45,4,212.510589
4.0,7,212.542432
4.6,3,212.567536
4.6,3,212.592685
4.6,3,212.621334
4.6,3,212.645611
4.0,7,212.67983
4.3,5,212.711828
4.15,6,212.742846
3.85,8,212.782716
3.85,8,212.81705
2.95,14,212.861402
-3.25,6,212.89776
4.6,3,212.927081
-3.4,9,212.96643
3.85,8,213.012909
3.55,10,213.051325
4.0,7,213.085374
4.15,6,213.120012
3.7,9,213.161199
4.45,4,213.188316
4.0,7,213.222295
4.75,2,213.247108
-1.75,15,213.291765
4.6,3,213.319499
3.85,8,213.35575
4.75,2,213.382125
3.85,8,213.426577
