episode,reward,length,elapsed_seconds
1,-3.0,1,0.034348249435424805
2,4.3,5,0.06625914573669434
3,-3.05,2,0.09406232833862305
4,-3.2,5,0.12218570709228516
5,-3.05,2,0.1509099006652832
6,-3.0,1,0.17460989952087402
7,-3.0,1,0.19697833061218262
8,4.75,2,0.22128081321716309
9,-3.05,2,0.24743127822875977
10,-3.15,4,0.2782459259033203
11,-3.1,3,0.30229640007019043
12,-3.3,7,0.335604190826416
13,-3.15,4,0.3661811351776123
14,-3.0,1,0.3907797336578369
15,4.75,2,0.42096495628356934
16,4.6000000000000005,3,0.44736194610595703
17,-3.15,4,0.47904491424560547
18,3.85,8,0.5096559524536133
19,-3.05,2,0.5343132019042969
20,-3.05,2,0.5579924583435059
21,-3.0,1,0.58121657371521
22,-3.0,1,0.6028461456298828
23,-3.05,2,0.6306731700897217
24,-3.2,5,0.6653921604156494
25,-3.4,9,0.6982312202453613
26,-3.2,5,0.7296457290649414
27,4.9,1,0.7515461444854736
28,-3.05,2,0.785602331161499
29,4.75,2,0.8142497539520264
30,-3.0,1,0.8428409099578857
31,-3.1,3,0.8702116012573242
32,-3.0,1,0.8950982093811035
33,4.6000000000000005,3,0.9266815185546875
34,-3.0,1,0.9589996337890625
35,-3.05,2,0.9874532222747803
36,-3.05,2,1.0142292976379395
37,-3.0,1,1.0387136936187744
38,-3.05,2,1.0665011405944824
39,4.449999999999999,4,1.1001760959625244
40,4.15,6,1.138195514678955
41,4.449999999999999,4,1.1676723957061768
42,-3.0,1,1.1892673969268799
43,-3.0,1,1.215771198272705
44,-3.0,1,1.2376344203948975
45,3.85,8,1.2802627086639404
46,4.75,2,1.314939022064209
47,-3.25,6,1.3484127521514893
48,-3.55,12,1.3982248306274414
49,-3.1,3,1.4260435104370117
50,-3.0,1,1.4510295391082764
51,-3.2,5,1.480592966079712
52,-3.1,3,1.5064027309417725
53,-3.15,4,1.5422356128692627
54,-3.05,2,1.5718438625335693
55,-3.0,1,1.6000006198883057
56,4.0,7,1.6333036422729492
57,-3.05,2,1.66097092628479
58,-3.0,1,1.6844804286956787
59,-3.35,8,1.7175123691558838
60,-3.1,3,1.7432434558868408
61,-3.05,2,1.7685282230377197
62,-3.0,1,1.7961552143096924
63,-3.0,1,1.8210949897766113
64,4.6000000000000005,3,1.8494622707366943
65,-3.25,6,1.882389783859253
66,-3.0,1,1.9067132472991943
67,-3.15,4,1.9340617656707764
68,-3.05,2,1.9566500186920166
69,-3.2,5,1.9873499870300293
70,4.15,6,2.0170769691467285
71,4.6000000000000005,3,2.0420448780059814
72,4.75,2,2.066603183746338
73,-3.5,11,2.1044814586639404
74,-3.1,3,2.1332340240478516
75,4.15,6,2.164402723312378
76,-3.0,1,2.1855452060699463
77,-3.0,1,2.2098584175109863
78,-3.0,1,2.2335352897644043
79,-3.1,3,2.260016918182373
80,4.449999999999999,4,2.2853317260742188
81,-3.05,2,2.4558560848236084
82,-3.0,1,2.476428270339966
83,-3.05,2,2.4984893798828125
84,-3.1,3,2.5275192260742188
85,4.0,7,2.563410520553589
86,-3.2,5,2.598468065261841
87,-3.05,2,2.6285390853881836
88,4.6000000000000005,3,2.6580300331115723
89,-3.0,1,2.684866189956665
90,-3.2,5,2.7166218757629395
91,4.75,2,2.7477378845214844
92,2.9499999999999997,14,2.7967336177825928
93,-3.05,2,2.8196442127227783
94,4.6000000000000005,3,2.8543269634246826
95,-3.6,13,2.9019994735717773
96,-1.75,15,2.969590902328491
97,-3.05,2,3.005591630935669
98,-3.0,1,3.0309929847717285
99,-3.35,8,3.0684590339660645
100,4.9,1,3.091642141342163
101,-3.05,2,3.1186087131500244
102,-3.15,4,3.149345636367798
103,-3.2,5,3.184969186782837
104,-3.1,3,3.2136056423187256
105,-3.2,5,3.23915696144104
106,-3.3,7,3.2719757556915283
107,-3.1,3,3.300201654434204
108,3.55,10,3.341233491897583
109,-3.05,2,3.3696815967559814
110,-3.0,1,3.398536205291748
111,-3.15,4,3.4294233322143555
112,-3.05,2,3.457084894180298
113,-3.0,1,3.482550621032715
114,-3.05,2,3.5100512504577637
115,-3.3,7,3.542397975921631
116,-3.2,5,3.5676915645599365
117,-3.0,1,3.592677116394043
118,-3.35,8,3.630537986755371
119,-3.0,1,3.6514365673065186
120,-3.4,9,3.6849894523620605
121,-3.15,4,3.7100136280059814
122,-3.1,3,3.7342324256896973
123,-3.0,1,3.756124973297119
124,-3.0,1,3.7814126014709473
125,-3.0,1,3.8093018531799316
126,4.6000000000000005,3,3.83636212348938
127,4.3,5,3.8674933910369873
128,4.0,7,3.9060218334198
129,-3.0,1,3.929436445236206
130,3.55,10,3.967306613922119
131,-3.1,3,3.9957046508789062
132,-3.0,1,4.0159735679626465
133,-3.0,1,4.039531230926514
134,4.15,6,4.078396320343018
135,-3.05,2,4.104257106781006
136,4.0,7,4.146046161651611
137,4.9,1,4.178465127944946
138,-3.2,5,4.2123191356658936
139,-3.2,5,4.24521017074585
140,-3.05,2,4.271373987197876
141,3.55,10,4.317249298095703
142,-3.1,3,4.345774173736572
143,-3.15,4,4.531403541564941
144,4.75,2,4.5567405223846436
145,-3.15,4,4.584912300109863
146,4.6000000000000005,3,4.613517999649048
147,-3.0,1,4.6372528076171875
148,-3.0,1,4.662990093231201
149,-3.1,3,4.694875955581665
150,4.449999999999999,4,4.727790594100952
151,3.85,8,4.76345682144165
152,-3.35,8,4.7961952686309814
153,-3.05,2,4.819603681564331
154,-3.0,1,4.8449530601501465
155,-3.05,2,4.871538400650024
156,-3.0,1,4.900793552398682
157,-3.0,1,4.928971290588379
158,4.6000000000000005,3,4.96477484703064
159,-3.1,3,4.992349624633789
160,-3.0,1,5.015304088592529
161,-3.35,8,5.052546739578247
162,-3.7,15,5.102848291397095
163,-3.0,1,5.128480672836304
164,-3.0,1,5.15051007270813
165,4.15,6,5.181885242462158
166,-3.35,8,5.219308376312256
167,4.15,6,5.251217842102051
168,4.6000000000000005,3,5.2778401374816895
169,-3.2,5,5.306334018707275
170,-3.65,14,5.348837375640869
171,-3.3,7,5.379277467727661
172,-3.1,3,5.402243137359619
173,4.449999999999999,4,5.433831453323364
174,4.0,7,5.465401649475098
175,-3.2,5,5.498232126235962
176,-3.05,2,5.5239458084106445
177,-3.4,9,5.563470125198364
178,-3.05,2,5.586745023727417
179,-3.15,4,5.6157753467559814
180,3.1,13,5.65830659866333
181,-3.0,1,5.684148550033569
182,-3.0,1,5.712990045547485
183,-3.0,1,5.737260341644287
184,4.75,2,5.764742851257324
185,-3.5,11,5.812191724777222
186,-3.0,1,5.841186761856079
187,-3.25,6,5.879680395126343
188,-1.75,15,5.928528785705566
189,-3.0,1,5.953299522399902
190,3.25,12,6.002866506576538
191,-3.05,2,6.034974813461304
192,-3.25,6,6.070289373397827
193,-3.05,2,6.095696926116943
194,-3.05,2,6.1212286949157715
195,-3.4,9,6.160777568817139
196,4.6000000000000005,3,6.185500621795654
197,-3.2,5,6.215548515319824
198,-3.0,1,6.235458135604858
199,-3.05,2,6.410794973373413
200,-3.05,2,6.433569431304932
201,-3.25,6,6.464988470077515
202,-3.5,11,6.504418611526489
203,4.15,6,6.540053844451904
204,-3.0,1,6.5655739307403564
205,-3.0,1,6.589412689208984
206,-3.0,1,6.612553358078003
207,-3.5,11,6.661128282546997
208,-3.0,1,6.681452035903931
209,4.75,2,6.702690601348877
210,-3.2,5,6.733600616455078
211,-3.0,1,6.759812355041504
212,-3.0,1,6.78157639503479
213,3.85,8,6.812894105911255
214,-3.1,3,6.843539237976074
215,-3.25,6,6.880216121673584
216,-3.3,7,6.916306257247925
217,4.6000000000000005,3,6.9486894607543945
218,-3.1,3,6.979096174240112
219,4.75,2,7.008709669113159
220,4.75,2,7.034269332885742
221,4.9,1,7.05723237991333
222,4.3,5,7.092447280883789
223,-3.1,3,7.122633218765259
224,3.1,13,7.17306923866272
225,-3.0,1,7.2000837326049805
226,4.15,6,7.235775470733643
227,3.6999999999999997,9,7.2811806201934814
228,4.449999999999999,4,7.31294322013855
229,-3.55,12,7.35050368309021
230,-3.0,1,7.375756740570068
231,-3.1,3,7.4019341468811035
232,-3.0,1,7.425504922866821
233,-3.1,3,7.452183961868286
234,-3.25,6,7.491178274154663
235,-3.4,9,7.53436017036438
236,3.1,13,7.583209991455078
237,-3.2,5,7.618169069290161
238,4.449999999999999,4,7.6507649421691895
239,-3.0,1,7.679455995559692
240,-3.0,1,7.70422101020813
241,-3.0,1,7.73028302192688
242,4.75,2,7.75630521774292
243,-3.0,1,7.781146049499512
244,-3.4,9,7.825580358505249
245,-3.15,4,7.858941555023193
246,-3.05,2,7.887733459472656
247,-3.45,10,7.930101156234741
248,-3.05,2,7.955906391143799
249,-3.15,4,7.987348318099976
250,-3.0,1,8.011791944503784
251,-3.0,1,8.034361124038696
252,4.6000000000000005,3,8.06261420249939
253,-3.0,1,8.08309268951416
254,-3.0,1,8.107771873474121
255,-3.0,1,8.130383014678955
256,-1.75,15,8.178244352340698
257,4.6000000000000005,3,8.21259069442749
258,3.85,8,8.250101089477539
259,-3.15,4,8.43188190460205
260,3.85,8,8.470008611679077
261,-3.4,9,8.503339290618896
262,-3.2,5,8.534784078598022
263,-3.05,2,8.559407949447632
264,-3.05,2,8.582103967666626
265,-3.3,7,8.614196538925171
266,-3.25,6,8.643574714660645
267,-3.0,1,8.665819644927979
268,-3.0,1,8.694713115692139
269,-3.1,3,8.719775199890137
270,-3.05,2,8.747536659240723
271,-3.2,5,8.777674913406372
272,3.6999999999999997,9,8.81373643875122
273,-3.05,2,8.836270332336426
274,-3.15,4,8.865209817886353
275,3.6999999999999997,9,8.902393579483032
276,-3.15,4,8.935550689697266
277,4.0,7,8.97649097442627
278,-3.05,2,9.003056287765503
279,-3.0,1,9.028908014297485
280,4.75,2,9.057085275650024
281,-3.35,8,9.097581624984741
282,-3.7,15,9.149219751358032
283,4.15,6,9.183176517486572
284,4.449999999999999,4,9.214413404464722
285,-3.0,1,9.240355730056763
286,-3.35,8,9.280801773071289
287,-3.1,3,9.308366298675537
288,-1.75,15,9.359559774398804
289,4.0,7,9.39547848701477
290,-3.3,7,9.428062438964844
291,-1.75,15,9.47461724281311
292,-3.6,13,9.514010906219482
293,-3.15,4,9.53952693939209
294,4.6000000000000005,3,9.571693897247314
295,-3.0,1,9.596495866775513
296,-3.4,9,9.63105320930481
297,-3.2,5,9.663898229598999
298,-3.65,14,9.709058284759521
299,-3.45,10,9.746306896209717
300,3.1,13,9.789044857025146
301,-3.25,6,9.972066879272461
302,-3.45,10,10.01380705833435
303,-3.2,5,10.045310497283936
304,3.4,11,10.081427812576294
305,-3.25,6,10.112192630767822
306,-3.1,3,10.135657548904419
307,-3.1,3,10.160925149917603
308,-3.3,7,10.196794033050537
309,3.25,12,10.244083166122437
310,-3.05,2,10.274744272232056
311,-1.75,15,10.319054126739502
312,4.75,2,10.347492694854736
313,3.6999999999999997,9,10.382360935211182
314,3.25,12,10.428707361221313
315,-3.35,8,10.462831974029541
316,-3.1,3,10.496062278747559
317,-3.15,4,10.523980617523193
318,-3.0,1,10.545029878616333
319,-1.75,15,10.594970941543579
320,-3.45,10,10.636152982711792
321,-3.5,11,10.675575494766235
322,-3.5,11,10.71400785446167
323,-3.3,7,10.749609231948853
324,-3.35,8,10.786710023880005
325,-3.2,5,10.817428588867188
326,-3.05,2,10.841864824295044
327,4.75,2,10.86741042137146
328,4.15,6,10.901315689086914
329,-3.55,12,10.937804698944092
330,-3.15,4,10.967461109161377
331,4.449999999999999,4,10.995993852615356
332,-3.15,4,11.021504402160645
333,-3.0,1,11.044294595718384
334,-3.35,8,11.079644918441772
335,-3.3,7,11.109588146209717
336,-3.3,7,11.141574144363403
337,-1.75,15,11.33773422241211
338,4.449999999999999,4,11.369698524475098
339,3.25,12,11.418360471725464
340,4.15,6,11.456837892532349
341,-3.25,6,11.495846509933472
342,4.15,6,11.526484251022339
343,4.15,6,11.564955472946167
344,-3.0,1,11.593869924545288
345,4.3,5,11.625334739685059
346,-3.1,3,11.652382612228394
347,-3.5,11,11.694565773010254
348,-3.15,4,11.722979545593262
349,3.55,10,11.761271953582764
350,4.15,6,11.795337677001953
351,3.25,12,11.832257270812988
352,4.6000000000000005,3,11.86040472984314
353,4.0,7,11.889286994934082
354,-3.05,2,11.91553258895874
355,-3.05,2,11.938342809677124
356,-3.0,1,11.963714599609375
357,4.449999999999999,4,11.993340492248535
358,4.75,2,12.015199184417725
359,4.449999999999999,4,12.045421600341797
360,-3.35,8,12.085659503936768
361,4.15,6,12.11614465713501
362,3.55,10,12.159416437149048
363,4.449999999999999,4,12.194324970245361
364,4.3,5,12.228161573410034
365,3.85,8,12.268893003463745
366,4.3,5,12.30221962928772
367,4.0,7,12.3358473777771
368,-3.5,11,12.378058195114136
369,4.15,6,12.413856983184814
370,4.6000000000000005,3,12.438928842544556
371,-3.1,3,12.463803768157959
372,4.6000000000000005,3,12.492875099182129
373,-3.25,6,12.525477647781372
374,-1.75,15,12.572484016418457
375,-3.15,4,12.601410150527954
376,3.85,8,12.640421628952026
377,3.55,10,12.679361343383789
378,4.75,2,12.702062845230103
379,4.75,2,12.730117082595825
380,-3.0,1,12.750728845596313
381,-3.05,2,12.779172420501709
382,-3.7,15,12.967561960220337
383,3.85,8,13.001161575317383
384,-3.0,1,13.026625394821167
385,-1.75,15,13.074342966079712
386,3.85,8,13.113767385482788
387,-3.45,10,13.148024797439575
388,-3.1,3,13.170096635818481
389,-3.2,5,13.197989225387573
390,-3.4,9,13.23176646232605
391,-1.75,15,13.28092336654663
392,4.75,2,13.303630590438843
393,4.15,6,13.334907531738281
394,4.15,6,13.36808156967163
395,-3.2,5,13.398510456085205
396,-3.1,3,13.43340253829956
397,-3.35,8,13.46705150604248
398,-3.15,4,13.494291305541992
399,-3.1,3,13.517581224441528
400,4.6000000000000005,3,13.54351282119751
401,4.3,5,13.577458381652832
402,4.6000000000000005,3,13.609643459320068
403,4.0,7,13.645139455795288
404,4.449999999999999,4,13.673299551010132
405,4.3,5,13.703066110610962
406,4.15,6,13.738927602767944
407,-3.05,2,13.76221776008606
408,3.85,8,13.798909187316895
409,-3.05,2,13.824862480163574
410,-3.25,6,13.860596895217896
411,-3.1,3,13.886130332946777
412,-3.65,14,13.933387994766235
413,4.15,6,13.969260692596436
414,-3.0,1,14.002237796783447
415,-3.15,4,14.029924154281616
416,-3.1,3,14.058529615402222
417,-1.75,15,14.101736545562744
418,-3.1,3,14.130321979522705
419,-3.1,3,14.156087398529053
420,4.6000000000000005,3,14.181136131286621
421,4.0,7,14.214447259902954
422,4.6000000000000005,3,14.242731094360352
423,-1.75,15,14.28750491142273
424,-3.05,2,14.31169605255127
425,3.6999999999999997,9,14.494121313095093
426,-3.0,1,14.514285326004028
427,-3.6,13,14.551222801208496
428,4.15,6,14.581459760665894
429,4.6000000000000005,3,14.60789680480957
430,4.75,2,14.634075164794922
431,-3.0,1,14.65963077545166
432,-3.3,7,14.690959692001343
433,-3.45,10,14.726197481155396
434,-3.05,2,14.750675678253174
435,-1.75,15,14.795660018920898
436,4.0,7,14.828250646591187
437,4.6000000000000005,3,14.851104497909546
438,4.3,5,14.88588285446167
439,-3.15,4,14.921679973602295
440,-3.45,10,14.971490144729614
441,4.6000000000000005,3,15.000521421432495
442,4.75,2,15.029436588287354
443,4.449999999999999,4,15.062780857086182
444,-3.5,11,15.108492851257324
445,4.0,7,15.150298118591309
446,-3.1,3,15.189836263656616
447,-3.25,6,15.2286057472229
448,4.15,6,15.26396894454956
449,-3.1,3,15.29717755317688
450,3.25,12,15.34825611114502
451,4.3,5,15.378879308700562
452,-1.75,15,15.430577993392944
453,3.4,11,15.471460580825806
454,-3.0,1,15.49449896812439
455,-3.1,3,15.519219398498535
456,3.25,12,15.559527397155762
457,4.449999999999999,4,15.586350917816162
458,3.6999999999999997,9,15.62077021598816
459,-3.05,2,15.645171642303467
460,3.55,10,15.68163013458252
461,3.85,8,15.713022470474243
462,-1.75,15,15.758059740066528
463,-1.75,15,15.948273181915283
464,4.0,7,15.981584787368774
465,4.449999999999999,4,16.015274047851562
466,4.0,7,16.049176931381226
467,4.3,5,16.085248708724976
468,-3.35,8,16.12506890296936
469,-3.2,5,16.1587495803833
470,4.6000000000000005,3,16.183837890625
471,4.0,7,16.216980934143066
472,4.75,2,16.245073556900024
473,3.85,8,16.277125597000122
474,-3.4,9,16.3141188621521
475,-3.0,1,16.339269876480103
476,4.75,2,16.36247754096985
477,3.25,12,16.402336597442627
478,4.6000000000000005,3,16.429710626602173
479,-3.65,14,16.47430992126465
480,4.3,5,16.50143814086914
481,-3.0,1,16.52347469329834
482,3.4,11,16.559460163116455
483,-3.0,1,16.580946922302246
484,4.75,2,16.60761523246765
485,-1.75,15,16.661192417144775
486,-3.5,11,16.703824043273926
487,-3.5,11,16.74979543685913
488,4.15,6,16.786463022232056
489,4.15,6,16.818308115005493
490,4.0,7,16.853820085525513
491,3.6999999999999997,9,16.88930606842041
492,4.6000000000000005,3,16.91447639465332
493,-1.75,15,16.96228337287903
494,-1.75,15,17.004842519760132
495,-3.05,2,17.028965711593628
496,-1.75,15,17.077303409576416
497,4.6000000000000005,3,17.10232424736023
498,4.449999999999999,4,17.13566517829895
499,-3.45,10,17.174617290496826
500,-1.75,15,17.382208108901978
501,4.15,6,17.4130642414093
502,-1.75,15,17.457253456115723
503,4.449999999999999,4,17.489964246749878
504,-1.75,15,17.53297448158264
505,-3.05,2,17.559190273284912
506,-3.05,2,17.583553314208984
507,-1.75,15,17.627469778060913
508,3.85,8,17.659982442855835
509,4.0,7,17.693872690200806
510,-3.2,5,17.72100257873535
511,-3.1,3,17.74528980255127
512,-3.35,8,17.781404495239258
513,4.0,7,17.81844735145569
514,4.449999999999999,4,17.84758448600769
515,-3.15,4,17.880601167678833
516,3.4,11,17.92125177383423
517,3.6999999999999997,9,17.957317113876343
518,3.85,8,17.99061632156372
519,4.9,1,18.014646530151367
520,4.3,5,18.04678750038147
521,3.55,10,18.084079027175903
522,-1.75,15,18.12930202484131
523,4.0,7,18.168505668640137
524,3.4,11,18.210400581359863
525,-3.55,12,18.2583270072937
526,4.15,6,18.294410467147827
527,4.449999999999999,4,18.32764482498169
528,4.75,2,18.358596086502075
529,4.75,2,18.388667106628418
530,4.15,6,18.422024250030518
531,4.9,1,18.44792890548706
532,-1.75,15,18.498077630996704
533,4.449999999999999,4,18.534152269363403
534,3.6999999999999997,9,18.573246240615845
535,4.15,6,18.7595694065094
536,3.85,8,18.792515754699707
537,4.449999999999999,4,18.81928253173828
538,-1.75,15,18.86291766166687
539,3.4,11,18.89955973625183
540,3.6999999999999997,9,18.936098098754883
541,4.75,2,18.958300352096558
542,4.15,6,18.988256692886353
543,4.6000000000000005,3,19.014296054840088
544,3.85,8,19.049941539764404
545,4.449999999999999,4,19.07526159286499
546,-3.2,5,19.10238027572632
547,4.6000000000000005,3,19.1302433013916
548,3.55,10,19.16616415977478
549,-3.05,2,19.192675590515137
550,4.449999999999999,4,19.218505144119263
551,-1.75,15,19.264266967773438
552,4.15,6,19.29800319671631
553,4.6000000000000005,3,19.32190203666687
554,-1.75,15,19.367815732955933
555,4.15,6,19.40151858329773
556,3.1,13,19.441486120224
557,4.3,5,19.468838453292847
558,-1.75,15,19.515908002853394
559,4.15,6,19.54788112640381
560,-3.15,4,19.576979637145996
561,4.6000000000000005,3,19.608976364135742
562,4.6000000000000005,3,19.637626886367798
563,-3.5,11,19.681400537490845
564,4.6000000000000005,3,19.71304941177368
565,4.6000000000000005,3,19.745794534683228
566,-3.5,11,19.79010319709778
567,4.6000000000000005,3,19.814652919769287
568,4.3,5,19.85157012939453
569,4.6000000000000005,3,19.893367290496826
570,-1.75,15,19.95191740989685
571,4.0,7,19.989371299743652
572,4.75,2,20.01555871963501
573,3.55,10,20.22311043739319
574,4.3,5,20.252926349639893
575,4.15,6,20.28374981880188
576,3.6999999999999997,9,20.31967830657959
577,-3.1,3,20.34667181968689
578,4.449999999999999,4,20.371679067611694
579,-3.0,1,20.39558172225952
580,3.25,12,20.434168100357056
581,4.0,7,20.467078924179077
582,4.449999999999999,4,20.495721101760864
583,4.0,7,20.529109954833984
584,4.75,2,20.554214000701904
585,-3.45,10,20.593228816986084
586,-3.6,13,20.635505437850952
587,4.75,2,20.663074731826782
588,3.4,11,20.697264671325684
589,4.15,6,20.728195428848267
590,3.4,11,20.76767134666443
591,4.15,6,20.799588918685913
592,4.3,5,20.8265540599823
593,4.75,2,20.849254846572876
594,3.85,8,20.883709192276
595,-3.45,10,20.926207304000854
596,-3.65,14,20.97172451019287
597,3.4,11,21.007433891296387
598,4.3,5,21.03560996055603
599,3.4,11,21.071444511413574
600,4.15,6,21.09927797317505
601,4.9,1,21.12485098838806
602,4.6000000000000005,3,21.153964281082153
603,4.75,2,21.18220329284668
604,4.449999999999999,4,21.209540605545044
605,4.6000000000000005,3,21.243666410446167
606,3.85,8,21.276758193969727
607,4.15,6,21.312957286834717
608,4.3,5,21.343453884124756
609,3.6999999999999997,9,21.379706144332886
610,4.6000000000000005,3,21.408034563064575
611,3.4,11,21.45365047454834
612,4.3,5,21.646631002426147
613,3.6999999999999997,9,21.69015860557556
614,4.6000000000000005,3,21.719295740127563
615,3.55,10,21.76495933532715
616,3.85,8,21.801437854766846
617,4.6000000000000005,3,21.830260515213013
618,4.3,5,21.864100456237793
619,4.3,5,21.901261806488037
620,3.85,8,21.94308614730835
621,4.449999999999999,4,21.978795051574707
622,-1.75,15,22.027326822280884
623,-3.55,12,22.0743408203125
624,4.449999999999999,4,22.11230731010437
625,3.4,11,22.151578664779663
626,4.449999999999999,4,22.18480896949768
627,-3.05,2,22.218433380126953
628,3.25,12,22.258583068847656
629,3.85,8,22.291921854019165
630,4.449999999999999,4,22.31879758834839
631,4.449999999999999,4,22.350390434265137
632,4.6000000000000005,3,22.37746000289917
633,3.4,11,22.41459822654724
634,4.3,5,22.441168785095215
635,-1.75,15,22.487410068511963
636,4.6000000000000005,3,22.515077114105225
637,4.449999999999999,4,22.54252529144287
638,4.449999999999999,4,22.566349744796753
639,3.4,11,22.60501503944397
640,-3.4,9,22.639285564422607
641,3.55,10,22.678450345993042
642,-3.05,2,22.701557397842407
643,4.6000000000000005,3,22.726231813430786
644,4.15,6,22.758617877960205
645,4.75,2,22.783206462860107
646,4.3,5,22.815226078033447
647,4.3,5,22.847975254058838
648,4.0,7,22.884734869003296
649,4.3,5,22.916457653045654
650,3.6999999999999997,9,22.955095052719116
651,3.25,12,23.170506238937378
652,-1.75,15,23.22970461845398
653,3.4,11,23.297228813171387
654,4.6000000000000005,3,23.3418185710907
655,4.75,2,23.38029170036316
656,4.15,6,23.41816997528076
657,4.6000000000000005,3,23.449531316757202
658,4.75,2,23.480311632156372
659,3.4,11,23.525282621383667
660,3.1,13,23.572744607925415
661,4.0,7,23.60757803916931
662,-1.75,15,23.65012764930725
663,3.6999999999999997,9,23.68797278404236
664,4.6000000000000005,3,23.71700167655945
665,3.6999999999999997,9,23.761521100997925
666,4.3,5,23.795090675354004
667,4.6000000000000005,3,23.82154870033264
668,4.6000000000000005,3,23.848661184310913
669,-3.05,2,23.874237775802612
670,4.449999999999999,4,23.90725541114807
671,-3.55,12,23.943637132644653
672,3.25,12,23.98235321044922
673,4.449999999999999,4,24.008299350738525
674,-3.1,3,24.031014919281006
675,4.3,5,24.062044382095337
676,-1.75,15,24.10992741584778
677,-3.65,14,24.1501247882843
678,-1.75,15,24.199447870254517
679,4.6000000000000005,3,24.22738218307495
680,-3.1,3,24.26529312133789
681,4.0,7,24.29973530769348
682,-1.75,15,24.34986138343811
683,4.0,7,24.3858859539032
684,4.0,7,24.57916522026062
685,4.75,2,24.607333183288574
686,3.85,8,24.646153450012207
687,4.15,6,24.685156106948853
688,4.6000000000000005,3,24.715057134628296
689,3.6999999999999997,9,24.754295110702515
690,-1.75,15,24.799755811691284
691,3.25,12,24.844945192337036
692,3.1,13,24.892536878585815
693,-3.55,12,24.93312406539917
694,-3.15,4,24.963613510131836
695,4.6000000000000005,3,25.000977516174316
696,-3.5,11,25.04555034637451
697,-1.75,15,25.092890739440918
698,4.3,5,25.120738983154297
699,4.15,6,25.150436401367188
700,-1.75,15,25.20489192008972
701,3.85,8,25.24338173866272
702,4.15,6,25.280017137527466
703,3.85,8,25.31855869293213
704,3.6999999999999997,9,25.3614284992218
705,-1.75,15,25.40598964691162
706,4.6000000000000005,3,25.429699420928955
707,4.449999999999999,4,25.45947003364563
708,-1.75,15,25.50285840034485
709,-1.75,15,25.544157028198242
710,-1.75,15,25.58830738067627
711,-3.6,13,25.62592387199402
712,4.15,6,25.81079363822937
713,-3.2,5,25.843013525009155
714,-3.4,9,25.87624430656433
715,4.3,5,25.907296657562256
716,-3.45,10,25.941955089569092
717,4.15,6,25.969572067260742
718,-1.75,15,26.01734471321106
719,4.6000000000000005,3,26.046100854873657
720,3.6999999999999997,9,26.086308240890503
721,3.85,8,26.120868921279907
722,-1.75,15,26.16574215888977
723,4.75,2,26.19444990158081
724,-3.25,6,26.225079774856567
725,4.0,7,26.259401559829712
726,3.4,11,26.30303692817688
727,3.1,13,26.348653554916382
728,-1.75,15,26.395628213882446
729,4.449999999999999,4,26.423308849334717
730,3.55,10,26.465157747268677
731,-1.75,15,26.510172367095947
732,4.9,1,26.53337335586548
733,4.6000000000000005,3,26.56118369102478
734,4.3,5,26.59192419052124
735,4.15,6,26.620697498321533
736,3.55,10,26.65718650817871
737,-3.7,15,26.706394910812378
738,4.6000000000000005,3,26.73491930961609
739,4.449999999999999,4,26.774784803390503
740,3.85,8,26.813328742980957
741,4.6000000000000005,3,26.839719533920288
742,4.0,7,26.87193250656128
743,4.0,7,26.90266251564026
744,4.6000000000000005,3,26.931596755981445
745,4.15,6,26.97019648551941
746,-3.5,11,27.15101647377014
747,-3.05,2,27.17904543876648
748,-3.15,4,27.207648754119873
749,-3.3,7,27.24595546722412
750,4.75,2,27.26800274848938
751,3.55,10,27.308250904083252
752,4.3,5,27.340087890625
753,4.3,5,27.366493225097656
754,3.85,8,27.401549577713013
755,4.3,5,27.440189599990845
756,4.449999999999999,4,27.470232248306274
757,-3.15,4,27.49575901031494
758,3.6999999999999997,9,27.52784276008606
759,-1.75,15,27.57116150856018
760,4.449999999999999,4,27.5971200466156
761,4.449999999999999,4,27.624614477157593
762,-1.75,15,27.674396753311157
763,3.6999999999999997,9,27.7119243144989
764,4.6000000000000005,3,27.739869117736816
765,4.3,5,27.76926350593567
766,4.75,2,27.802543878555298
767,-1.75,15,27.84988784790039
768,-3.7,15,27.900958776474
769,3.55,10,27.945770740509033
770,-3.15,4,27.974188566207886
771,4.15,6,28.007346391677856
772,3.25,12,28.047781705856323
773,4.449999999999999,4,28.08085346221924
774,-1.75,15,28.12865662574768
775,3.4,11,28.171863079071045
776,-3.1,3,28.195470571517944
777,-3.4,9,28.230620622634888
778,4.75,2,28.25334334373474
779,2.9499999999999997,14,28.310591459274292
780,4.6000000000000005,3,28.34604549407959
781,4.3,5,28.386942863464355
782,4.0,7,28.582496881484985
783,3.55,10,28.62274980545044
784,-1.75,15,28.669946670532227
785,3.6999999999999997,9,28.709320306777954
786,4.6000000000000005,3,28.73673367500305
787,3.25,12,28.773244857788086
788,4.15,6,28.805354595184326
789,4.6000000000000005,3,28.831966638565063
790,3.6999999999999997,9,28.869160890579224
791,-3.15,4,28.89570140838623
792,4.449999999999999,4,28.929399490356445
793,-1.75,15,28.974785089492798
794,4.75,2,29.00041174888611
795,3.6999999999999997,9,29.037904977798462
796,-3.0,1,29.06282925605774
797,-1.75,15,29.11477041244507
798,4.449999999999999,4,29.15178108215332
799,3.4,11,29.193493604660034
800,4.15,6,29.228758811950684
801,-3.05,2,29.25728487968445
802,4.15,6,29.28884744644165
803,3.1,13,29.3305082321167
804,-3.65,14,29.382580518722534
805,4.3,5,29.412585020065308
806,4.75,2,29.438342094421387
807,4.15,6,29.466374397277832
808,4.6000000000000005,3,29.49222207069397
809,4.3,5,29.523357391357422
810,4.3,5,29.55670189857483
811,4.75,2,29.585240840911865
812,4.6000000000000005,3,29.609905004501343
813,-1.75,15,29.65877389907837
814,-1.75,15,29.713965892791748
815,3.55,10,29.753740072250366
816,3.85,8,29.94298005104065
817,4.75,2,29.96885061264038
818,4.75,2,29.99812412261963
819,-1.75,15,30.0440411567688
820,-1.75,15,30.089799642562866
821,3.25,12,30.129290103912354
822,4.6000000000000005,3,30.154529809951782
823,4.6000000000000005,3,30.180681467056274
824,4.15,6,30.212693452835083
825,4.0,7,30.24327301979065
826,4.0,7,30.275285482406616
827,4.449999999999999,4,30.300297260284424
828,-3.0,1,30.32199192047119
829,-3.7,15,30.367391347885132
830,-1.75,15,30.412006855010986
831,-1.75,15,30.45630717277527
832,4.15,6,30.485328197479248
833,3.6999999999999997,9,30.521095514297485
834,4.75,2,30.548060417175293
835,4.15,6,30.58340072631836
836,4.6000000000000005,3,30.60783839225769
837,3.4,11,30.648029327392578
838,3.85,8,30.680917024612427
839,3.85,8,30.718286991119385
840,-3.2,5,30.74807906150818
841,-3.5,11,30.795696020126343
842,4.75,2,30.82433843612671
843,4.15,6,30.855584859848022
844,3.6999999999999997,9,30.891560077667236
845,4.75,2,30.925650358200073
846,-1.75,15,30.973968029022217
847,4.0,7,31.011729955673218
848,4.6000000000000005,3,31.04034447669983
849,4.15,6,31.07047986984253
850,-3.65,14,31.322823762893677
851,4.75,2,31.361128091812134
852,4.75,2,31.388789653778076
853,3.85,8,31.428136587142944
854,4.75,2,31.459200143814087
855,-3.6,13,31.50350022315979
856,4.449999999999999,4,31.53104877471924
857,-3.05,2,31.554694414138794
858,-1.75,15,31.595922231674194
859,4.75,2,31.623446702957153
860,4.3,5,31.65654158592224
861,4.6000000000000005,3,31.68313503265381
862,4.3,5,31.718546390533447
863,-1.75,15,31.769392490386963
864,3.4,11,31.810630321502686
865,4.15,6,31.845434427261353
866,-3.45,10,31.8826322555542
867,4.15,6,31.91667604446411
868,4.75,2,31.940714836120605
869,-3.4,9,31.976792573928833
870,4.3,5,32.00643754005432
871,3.25,12,32.04753136634827
872,-3.4,9,32.08296012878418
873,4.9,1,32.107112884521484
874,4.6000000000000005,3,32.129976987838745
875,4.6000000000000005,3,32.15501594543457
876,3.25,12,32.19736194610596
877,4.75,2,32.21985077857971
878,4.6000000000000005,3,32.24579620361328
879,-1.75,15,32.29093265533447
880,3.25,12,32.32877326011658
881,4.6000000000000005,3,32.35549306869507
882,4.3,5,32.385820150375366
883,-3.0,1,32.40973925590515
884,-3.7,15,32.45700788497925
885,4.3,5,32.48824882507324
886,4.0,7,32.52096176147461
887,4.0,7,32.55477046966553
888,3.55,10,32.59451413154602
889,4.75,2,32.62637209892273
890,4.75,2,32.81484627723694
891,4.6000000000000005,3,32.84359431266785
892,-1.75,15,32.90379214286804
893,4.75,2,32.92970108985901
894,4.3,5,32.95648503303528
895,4.75,2,32.98135280609131
896,4.449999999999999,4,33.01135468482971
897,3.25,12,33.048094511032104
898,4.6000000000000005,3,33.07516360282898
899,3.85,8,33.11118030548096
900,3.6999999999999997,9,33.147512912750244
901,3.25,12,33.19172120094299
902,3.25,12,33.23710918426514
903,-1.75,15,33.27942228317261
904,3.85,8,33.314258337020874
905,3.25,12,33.36731290817261
906,4.15,6,33.39861011505127
907,4.449999999999999,4,33.4324836730957
908,3.85,8,33.46526646614075
909,4.75,2,33.489378929138184
910,4.6000000000000005,3,33.51294302940369
911,3.6999999999999997,9,33.54773306846619
912,4.3,5,33.57609534263611
913,4.75,2,33.604576587677
914,4.0,7,33.634315490722656
915,-3.7,15,33.683241844177246
916,4.0,7,33.71671772003174
917,4.75,2,33.74157500267029
918,4.6000000000000005,3,33.772902488708496
919,4.449999999999999,4,33.799434423446655
920,4.0,7,33.83938384056091
921,3.85,8,33.87565326690674
922,3.4,11,33.91358017921448
923,-3.35,8,33.95356011390686
924,3.85,8,33.996851682662964
925,3.4,11,34.03887176513672
926,3.6999999999999997,9,34.24001693725586
927,3.4,11,34.278420209884644
928,3.55,10,34.31742310523987
929,3.6999999999999997,9,34.356305837631226
930,4.6000000000000005,3,34.38237261772156
931,3.6999999999999997,9,34.42571473121643
932,-3.35,8,34.46689581871033
933,3.25,12,34.50919198989868
934,4.75,2,34.53240895271301
935,-1.75,15,34.57709264755249
936,4.6000000000000005,3,34.6015465259552
937,4.75,2,34.624085903167725
938,-3.05,2,34.64819669723511
939,4.3,5,34.679081201553345
940,4.15,6,34.70820641517639
941,4.449999999999999,4,34.74606490135193
942,4.15,6,34.783324241638184
943,4.449999999999999,4,34.81289339065552
944,-3.7,15,34.857994079589844
945,4.6000000000000005,3,34.88067007064819
946,4.15,6,34.91342902183533
947,4.449999999999999,4,34.945714473724365
948,4.9,1,34.97317934036255
949,-3.7,15,35.02525544166565
950,4.3,5,35.066065073013306
951,3.6999999999999997,9,35.112035512924194
952,4.75,2,35.13858246803284
953,-3.3,7,35.17168569564819
954,-3.45,10,35.210965156555176
955,-1.75,15,35.262330055236816
956,4.3,5,35.29503583908081
957,4.3,5,35.327980756759644
958,4.15,6,35.36477994918823
959,4.449999999999999,4,35.39329671859741
960,4.3,5,35.422839403152466
961,3.85,8,35.455506324768066
962,3.6999999999999997,9,35.493683099746704
963,-3.45,10,35.6850905418396
964,4.449999999999999,4,35.71384143829346
965,-3.65,14,35.762341260910034
966,3.6999999999999997,9,35.797033071517944
967,-1.75,15,35.84398674964905
968,4.0,7,35.878751039505005
969,4.3,5,35.91021776199341
970,4.6000000000000005,3,35.93466091156006
971,4.0,7,35.97178530693054
972,4.3,5,36.001708030700684
973,4.449999999999999,4,36.03694748878479
974,4.75,2,36.06151533126831
975,4.0,7,36.09910345077515
976,3.6999999999999997,9,36.14160680770874
977,4.449999999999999,4,36.17169785499573
978,3.4,11,36.21571612358093
979,4.3,5,36.25002336502075
980,3.85,8,36.285266160964966
981,3.55,10,36.329689264297485
982,4.0,7,36.360201835632324
983,3.55,10,36.39983081817627
984,4.15,6,36.43095088005066
985,3.55,10,36.46500897407532
986,4.3,5,36.49710965156555
987,4.449999999999999,4,36.52445697784424
988,4.3,5,36.55059790611267
989,4.449999999999999,4,36.57513999938965
990,3.85,8,36.61154556274414
991,3.4,11,36.65859580039978
992,4.75,2,36.685059547424316
993,4.449999999999999,4,36.711647510528564
994,4.3,5,36.74535822868347
995,4.15,6,36.77695822715759
996,3.85,8,36.81190228462219
997,4.3,5,36.84323811531067
998,4.3,5,36.86859393119812
999,4.449999999999999,4,36.8980393409729
1000,4.75,2,36.92391061782837
1001,4.3,5,36.95089340209961
1002,3.6999999999999997,9,37.141600608825684
1003,4.15,6,37.1716890335083
1004,4.449999999999999,4,37.19840359687805
1005,3.55,10,37.24607062339783
1006,4.75,2,37.27273964881897
1007,-3.6,13,37.32452988624573
1008,4.449999999999999,4,37.356364011764526
1009,3.6999999999999997,9,37.393869400024414
1010,3.6999999999999997,9,37.436702251434326
1011,-1.75,15,37.48562741279602
1012,4.0,7,37.52022075653076
1013,3.55,10,37.55526852607727
1014,-1.75,15,37.596163272857666
1015,4.75,2,37.62405180931091
1016,-1.75,15,37.664071798324585
1017,3.55,10,37.69946837425232
1018,4.15,6,37.73114490509033
1019,-1.75,15,37.77862858772278
1020,3.6999999999999997,9,37.81821846961975
1021,3.25,12,37.85943531990051
1022,3.1,13,37.90423035621643
1023,3.85,8,37.93891763687134
1024,-3.55,12,37.9772515296936
1025,4.6000000000000005,3,38.00100111961365
1026,4.449999999999999,4,38.03082537651062
1027,3.4,11,38.07449650764465
1028,4.15,6,38.105645418167114
1029,4.75,2,38.131168603897095
1030,3.85,8,38.16741323471069
1031,3.85,8,38.20299577713013
1032,-3.65,14,38.41311001777649
1033,4.3,5,38.44313097000122
1034,4.15,6,38.47230672836304
1035,-1.75,15,38.51368188858032
1036,4.6000000000000005,3,38.5426721572876
1037,4.6000000000000005,3,38.57785105705261
1038,4.6000000000000005,3,38.61166501045227
1039,4.6000000000000005,3,38.64665365219116
1040,4.6000000000000005,3,38.6759877204895
1041,4.3,5,38.707642555236816
1042,-1.75,15,38.75526809692383
1043,4.15,6,38.78881621360779
1044,4.3,5,38.818235874176025
1045,4.449999999999999,4,38.85236597061157
1046,3.55,10,38.89202618598938
1047,3.55,10,38.93500304222107
1048,4.15,6,38.96944189071655
1049,3.4,11,39.01043748855591
1050,4.75,2,39.0395188331604
1051,3.4,11,39.086886405944824
1052,3.55,10,39.12704133987427
1053,4.6000000000000005,3,39.153908252716064
1054,4.449999999999999,4,39.183799028396606
1055,4.449999999999999,4,39.21198892593384
1056,4.15,6,39.242469787597656
1057,4.75,2,39.266640424728394
1058,4.449999999999999,4,39.29534983634949
1059,4.3,5,39.32797956466675
1060,4.0,7,39.36621069908142
1061,4.15,6,39.399495124816895
1062,4.6000000000000005,3,39.43327760696411
1063,4.75,2,39.46130394935608
1064,4.449999999999999,4,39.49287700653076
1065,4.15,6,39.52495551109314
1066,4.3,5,39.555119037628174
1067,4.449999999999999,4,39.582881689071655
1068,3.4,11,39.62867331504822
1069,4.6000000000000005,3,39.657829999923706
1070,3.4,11,39.69526481628418
1071,-3.35,8,39.7291624546051
1072,4.15,6,39.767488956451416
1073,4.449999999999999,4,39.79510164260864
1074,3.55,10,39.98301553726196
1075,3.4,11,40.02216958999634
1076,4.449999999999999,4,40.05059814453125
1077,3.55,10,40.08920168876648
1078,4.0,7,40.12292814254761
1079,4.6000000000000005,3,40.14918279647827
1080,4.3,5,40.18220806121826
1081,4.75,2,40.21333408355713
1082,4.75,2,40.24098801612854
1083,-1.75,15,40.28567814826965
1084,4.15,6,40.315768241882324
1085,4.75,2,40.34184503555298
1086,3.85,8,40.379664182662964
1087,4.3,5,40.41195297241211
1088,4.449999999999999,4,40.439579486846924
1089,3.85,8,40.47348880767822
1090,3.6999999999999997,9,40.50913858413696
1091,4.449999999999999,4,40.536742210388184
1092,4.75,2,40.56129217147827
1093,-1.75,15,40.60497975349426
1094,4.0,7,40.64093995094299
1095,4.3,5,40.67296504974365
1096,4.0,7,40.70911741256714
1097,-3.3,7,40.74359941482544
1098,-1.75,15,40.78416633605957
1099,4.449999999999999,4,40.81387972831726
1100,4.449999999999999,4,40.84492039680481
1101,4.3,5,40.885523557662964
1102,4.449999999999999,4,40.9152615070343
1103,4.9,1,40.940171003341675
1104,4.6000000000000005,3,40.97044277191162
1105,4.15,6,41.01051378250122
1106,4.449999999999999,4,41.038416147232056
1107,4.449999999999999,4,41.067429542541504
1108,4.6000000000000005,3,41.09503364562988
1109,4.15,6,41.130773305892944
1110,4.15,6,41.16200089454651
1111,3.85,8,41.195899963378906
1112,4.0,7,41.22802710533142
1113,4.0,7,41.26350116729736
1114,-1.75,15,41.449782848358154
1115,4.75,2,41.47541785240173
1116,4.449999999999999,4,41.50582838058472
1117,4.75,2,41.52940917015076
1118,4.75,2,41.553770542144775
1119,4.15,6,41.58244180679321
1120,4.449999999999999,4,41.61059260368347
1121,-1.75,15,41.65572738647461
1122,4.3,5,41.6906533241272
1123,4.6000000000000005,3,41.7187397480011
1124,4.0,7,41.75446820259094
1125,4.6000000000000005,3,41.78788137435913
1126,4.15,6,41.82531976699829
1127,3.55,10,41.871877670288086
1128,4.3,5,41.90805649757385
1129,4.3,5,41.94276189804077
1130,4.15,6,41.97416591644287
1131,4.449999999999999,4,42.006641149520874
1132,-1.75,15,42.062217235565186
1133,-3.6,13,42.11093807220459
1134,4.0,7,42.14861536026001
1135,-3.45,10,42.195098638534546
1136,4.15,6,42.23053550720215
1137,-1.75,15,42.28238368034363
1138,4.3,5,42.31408929824829
1139,4.15,6,42.346527338027954
1140,4.6000000000000005,3,42.37511587142944
1141,3.6999999999999997,9,42.4203782081604
1142,3.6999999999999997,9,42.46099042892456
1143,-3.65,14,42.50443625450134
1144,3.85,8,42.54532551765442
1145,3.55,10,42.579445600509644
1146,4.3,5,42.60704708099365
1147,4.0,7,42.63961601257324
1148,3.6999999999999997,9,42.677738428115845
1149,4.6000000000000005,3,42.701866149902344
1150,-1.75,15,42.89615058898926
1151,3.55,10,42.92991018295288
1152,-1.75,15,42.9759566783905
1153,-3.55,12,43.015687465667725
1154,3.85,8,43.04945254325867
1155,4.449999999999999,4,43.07707190513611
1156,4.449999999999999,4,43.103206396102905
1157,3.25,12,43.148091554641724
1158,4.9,1,43.17453980445862
1159,4.15,6,43.204838514328
1160,4.75,2,43.230908155441284
1161,4.3,5,43.26425909996033
1162,4.0,7,43.30552887916565
1163,4.15,6,43.34065508842468
1164,4.9,1,43.37071704864502
1165,-1.75,15,43.42548060417175
1166,4.75,2,43.453678369522095
1167,3.6999999999999997,9,43.48980450630188
1168,3.4,11,43.532135009765625
1169,-1.75,15,43.58072066307068
1170,4.6000000000000005,3,43.610050678253174
1171,4.3,5,43.64493465423584
1172,4.449999999999999,4,43.67673301696777
1173,3.6999999999999997,9,43.71392583847046
1174,4.6000000000000005,3,43.74315905570984
1175,4.6000000000000005,3,43.77044725418091
1176,4.6000000000000005,3,43.79611563682556
1177,3.55,10,43.838221073150635
1178,4.15,6,43.87326145172119
1179,4.0,7,43.90420317649841
1180,4.3,5,43.934900999069214
1181,4.15,6,43.96904635429382
1182,4.75,2,43.99465346336365
1183,4.15,6,44.022929430007935
1184,4.6000000000000005,3,44.049933195114136
1185,4.6000000000000005,3,44.07602643966675
1186,4.449999999999999,4,44.10500907897949
1187,4.15,6,44.13677453994751
1188,4.6000000000000005,3,44.15962243080139
1189,3.55,10,44.19539475440979
1190,4.0,7,44.37112593650818
1191,3.85,8,44.4063720703125
1192,4.0,7,44.43595862388611
1193,4.3,5,44.46172380447388
1194,4.6000000000000005,3,44.48814010620117
1195,4.3,5,44.51518201828003
1196,4.15,6,44.547284841537476
1197,4.0,7,44.57668375968933
1198,-3.15,4,44.60482835769653
1199,-3.0,1,44.62638258934021
1200,4.15,6,44.6554319858551
1201,4.0,7,44.69172143936157
1202,4.0,7,44.72650146484375
1203,4.15,6,44.7613263130188
1204,3.85,8,44.79356265068054
1205,4.449999999999999,4,44.82673263549805
1206,4.0,7,44.867140769958496
1207,4.3,5,44.89572310447693
1208,4.6000000000000005,3,44.92498254776001
1209,-1.75,15,44.97235321998596
1210,4.3,5,45.00041079521179
1211,4.75,2,45.029425621032715
1212,4.0,7,45.06766390800476
1213,4.449999999999999,4,45.09861922264099
1214,-1.75,15,45.15185570716858
1215,4.449999999999999,4,45.19498872756958
1216,4.3,5,45.23302912712097
1217,4.3,5,45.27138805389404
1218,4.75,2,45.30628728866577
1219,4.3,5,45.340665102005005
1220,-1.75,15,45.38931655883789
1221,3.25,12,45.43709945678711
1222,3.55,10,45.47441792488098
1223,4.75,2,45.49802017211914
1224,3.25,12,45.53529691696167
1225,4.6000000000000005,3,45.567981243133545
1226,4.449999999999999,4,45.59351348876953
1227,4.0,7,45.62955713272095
1228,4.449999999999999,4,45.66298460960388
1229,4.449999999999999,4,45.696112871170044
1230,-1.75,15,45.88337588310242
1231,4.449999999999999,4,45.91562294960022
1232,4.449999999999999,4,45.94483399391174
1233,3.6999999999999997,9,45.98201084136963
1234,4.75,2,46.01037096977234
1235,4.75,2,46.03312158584595
1236,4.15,6,46.069077253341675
1237,4.449999999999999,4,46.09506011009216
1238,3.55,10,46.12928748130798
1239,4.449999999999999,4,46.15393543243408
1240,4.75,2,46.17675828933716
1241,3.6999999999999997,9,46.210068702697754
1242,4.0,7,46.240718603134155
1243,3.6999999999999997,9,46.27504110336304
1244,3.4,11,46.315853118896484
1245,3.6999999999999997,9,46.351887702941895
1246,4.6000000000000005,3,46.37778568267822
1247,4.15,6,46.40849041938782
1248,4.6000000000000005,3,46.432605028152466
1249,3.4,11,46.47162580490112
1250,4.15,6,46.50222063064575
1251,4.6000000000000005,3,46.52729392051697
1252,4.3,5,46.5569326877594
1253,4.75,2,46.58569025993347
1254,4.449999999999999,4,46.61384677886963
1255,4.0,7,46.65650033950806
1256,4.449999999999999,4,46.68834662437439
1257,4.15,6,46.72113251686096
1258,3.1,13,46.76463007926941
1259,4.9,1,46.78914141654968
1260,4.75,2,46.81589484214783
1261,3.4,11,46.85297870635986
1262,3.55,10,46.89004969596863
1263,4.75,2,46.91736698150635
1264,4.3,5,46.944896936416626
1265,4.15,6,46.98002743721008
1266,-1.75,15,47.031076192855835
1267,4.3,5,47.06183958053589
1268,4.6000000000000005,3,47.08808350563049
1269,4.0,7,47.119467973709106
1270,4.449999999999999,4,47.14605450630188
1271,4.3,5,47.176292181015015
1272,-3.1,3,47.204811573028564
1273,4.75,2,47.22797226905823
1274,4.449999999999999,4,47.25788164138794
1275,3.25,12,47.44464039802551
1276,4.0,7,47.47493839263916
1277,-1.75,15,47.51911735534668
1278,3.85,8,47.54883790016174
1279,4.449999999999999,4,47.573795557022095
1280,4.3,5,47.59987258911133
1281,3.55,10,47.63728070259094
1282,4.449999999999999,4,47.66871953010559
1283,4.15,6,47.69749999046326
1284,3.85,8,47.72958993911743
1285,3.85,8,47.76277208328247
1286,4.75,2,47.793336391448975
1287,4.15,6,47.82712006568909
1288,4.6000000000000005,3,47.85641622543335
1289,4.9,1,47.879682779312134
1290,4.6000000000000005,3,47.910605907440186
1291,3.1,13,47.95126128196716
1292,4.0,7,47.987956047058105
1293,3.85,8,48.03211164474487
1294,4.3,5,48.074485540390015
1295,4.449999999999999,4,48.10886597633362
1296,3.6999999999999997,9,48.14753222465515
1297,-1.75,15,48.20182919502258
1298,4.15,6,48.237327337265015
1299,4.3,5,48.26727628707886
1300,4.449999999999999,4,48.29569149017334
1301,4.449999999999999,4,48.32736873626709
1302,4.75,2,48.35610246658325
1303,3.6999999999999997,9,48.403621435165405
1304,4.449999999999999,4,48.44059109687805
1305,4.3,5,48.4735221862793
1306,4.6000000000000005,3,48.50601077079773
1307,4.449999999999999,4,48.53827667236328
1308,4.9,1,48.57233929634094
1309,4.449999999999999,4,48.610013484954834
1310,4.3,5,48.64168882369995
1311,-3.15,4,48.67200994491577
1312,3.6999999999999997,9,48.708067655563354
1313,3.6999999999999997,9,48.74375081062317
1314,4.3,5,48.77546143531799
1315,4.3,5,48.80988955497742
1316,4.9,1,48.83436870574951
1317,-3.4,9,48.87549424171448
1318,-1.75,15,49.08217906951904
1319,3.85,8,49.12341666221619
1320,4.75,2,49.14794182777405
1321,4.15,6,49.18179488182068
1322,4.6000000000000005,3,49.21306276321411
1323,4.3,5,49.2491135597229
1324,4.449999999999999,4,49.28675198554993
1325,4.449999999999999,4,49.311413526535034
1326,4.0,7,49.34454035758972
1327,4.6000000000000005,3,49.378896713256836
1328,4.6000000000000005,3,49.40835165977478
1329,4.0,7,49.44059348106384
1330,3.1,13,49.48708438873291
1331,4.0,7,49.51920676231384
1332,4.3,5,49.546743392944336
1333,3.55,10,49.58426284790039
1334,4.449999999999999,4,49.61033797264099
1335,4.75,2,49.63560509681702
1336,3.25,12,49.68218398094177
1337,3.6999999999999997,9,49.724822759628296
1338,4.3,5,49.759002685546875
1339,4.75,2,49.794843912124634
1340,3.1,13,49.837621450424194
1341,4.15,6,49.87499928474426
1342,4.6000000000000005,3,49.91051483154297
1343,4.15,6,49.94137096405029
1344,4.15,6,49.97546887397766
1345,4.75,2,50.00322198867798
1346,4.6000000000000005,3,50.03072929382324
1347,4.0,7,50.066949129104614
1348,4.3,5,50.09711313247681
1349,4.0,7,50.130833864212036
1350,4.9,1,50.157333850860596
1351,4.0,7,50.20014929771423
1352,4.0,7,50.24068856239319
1353,-1.75,15,50.28199505805969
1354,4.6000000000000005,3,50.308467864990234
1355,3.6999999999999997,9,50.34220337867737
1356,4.0,7,50.38238000869751
1357,4.449999999999999,4,50.413235664367676
1358,4.6000000000000005,3,50.44972467422485
1359,4.6000000000000005,3,50.477625370025635
1360,4.0,7,50.655664920806885
1361,4.75,2,50.679076194763184
1362,4.6000000000000005,3,50.70871138572693
1363,4.6000000000000005,3,50.73747944831848
1364,4.0,7,50.76916837692261
1365,4.6000000000000005,3,50.79479622840881
1366,-3.55,12,50.83160185813904
1367,3.55,10,50.86803388595581
1368,3.4,11,50.907710790634155
1369,4.6000000000000005,3,50.93021035194397
1370,4.449999999999999,4,50.95931363105774
1371,3.85,8,50.99144506454468
1372,3.4,11,51.03115677833557
1373,4.6000000000000005,3,51.05625057220459
1374,4.15,6,51.0844669342041
1375,4.75,2,51.10779929161072
1376,4.449999999999999,4,51.13401961326599
1377,4.3,5,51.16125988960266
1378,3.6999999999999997,9,51.194263219833374
1379,4.15,6,51.225775718688965
1380,4.75,2,51.24698758125305
1381,4.15,6,51.28023719787598
1382,4.0,7,51.31049346923828
1383,3.6999999999999997,9,51.35121536254883
1384,4.6000000000000005,3,51.37789249420166
1385,4.75,2,51.40757894515991
1386,4.75,2,51.43332099914551
1387,3.55,10,51.477574825286865
1388,-1.75,15,51.52658271789551
1389,3.85,8,51.56572222709656
1390,4.6000000000000005,3,51.58903384208679
1391,4.75,2,51.61669921875
1392,3.55,10,51.65476417541504
1393,-1.75,15,51.704954385757446
1394,3.85,8,51.74608564376831
1395,4.0,7,51.77944755554199
1396,4.15,6,51.81330227851868
1397,3.85,8,51.852675914764404
1398,4.6000000000000005,3,51.882885456085205
1399,-1.75,15,52.09716248512268
1400,4.3,5,52.12827515602112
1401,4.75,2,52.15045690536499
1402,4.3,5,52.180360078811646
1403,4.15,6,52.20915174484253
1404,4.449999999999999,4,52.23716974258423
1405,4.0,7,52.27071452140808
1406,4.9,1,52.29078412055969
1407,-3.35,8,52.3284010887146
1408,4.0,7,52.36247229576111
1409,4.449999999999999,4,52.390642404556274
1410,4.6000000000000005,3,52.41734480857849
1411,3.6999999999999997,9,52.45387554168701
1412,3.85,8,52.482991456985474
1413,4.449999999999999,4,52.512336015701294
1414,4.15,6,52.53985619544983
1415,4.449999999999999,4,52.56775093078613
1416,-3.45,10,52.60087251663208
1417,4.6000000000000005,3,52.625746965408325
1418,4.3,5,52.65688109397888
1419,4.15,6,52.684603452682495
1420,-1.75,15,52.733911991119385
1421,4.75,2,52.76113510131836
1422,3.85,8,52.79925537109375
1423,4.6000000000000005,3,52.832348346710205
1424,-1.75,15,52.88029932975769
1425,4.449999999999999,4,52.91048455238342
1426,4.6000000000000005,3,52.941559076309204
1427,4.3,5,52.97413349151611
1428,4.0,7,53.01062273979187
1429,3.6999999999999997,9,53.055402517318726
1430,4.0,7,53.09735655784607
1431,4.15,6,53.136194467544556
1432,4.3,5,53.16614532470703
1433,-3.25,6,53.19596266746521
1434,4.3,5,53.22956156730652
1435,4.0,7,53.26977849006653
1436,4.75,2,53.29697775840759
1437,4.15,6,53.33037304878235
1438,4.15,6,53.36203479766846
1439,3.6999999999999997,9,53.39762234687805
1440,4.449999999999999,4,53.42734456062317
1441,3.55,10,53.4631028175354
1442,4.9,1,53.4841685295105
1443,3.6999999999999997,9,53.66761636734009
1444,4.449999999999999,4,53.69782996177673
1445,4.3,5,53.72605895996094
1446,4.75,2,53.75624346733093
1447,4.3,5,53.79633688926697
1448,4.0,7,53.83667325973511
1449,4.15,6,53.8734986782074
1450,4.3,5,53.902567863464355
1451,4.449999999999999,4,53.92975354194641
1452,4.3,5,53.95847463607788
1453,4.15,6,53.98835611343384
1454,4.6000000000000005,3,54.01294469833374
1455,4.449999999999999,4,54.03990983963013
1456,4.6000000000000005,3,54.07036375999451
1457,4.15,6,54.11193084716797
1458,4.3,5,54.144755601882935
1459,3.6999999999999997,9,54.18329572677612
1460,3.4,11,54.22111535072327
1461,4.75,2,54.242055892944336
1462,4.3,5,54.27296233177185
1463,4.6000000000000005,3,54.29787540435791
1464,4.6000000000000005,3,54.32152032852173
1465,4.15,6,54.358776807785034
1466,4.449999999999999,4,54.39146900177002
1467,4.15,6,54.42887806892395
1468,4.6000000000000005,3,54.453837156295776
1469,3.55,10,54.48964238166809
1470,3.25,12,54.535834312438965
1471,4.75,2,54.56023716926575
1472,4.15,6,54.594467639923096
1473,4.449999999999999,4,54.62436294555664
1474,3.85,8,54.65627360343933
1475,4.15,6,54.690061807632446
1476,4.75,2,54.717617988586426
1477,4.15,6,54.752991914749146
1478,3.85,8,54.79019474983215
1479,4.3,5,54.824156522750854
1480,-1.75,15,54.87026047706604
1481,4.9,1,54.89515447616577
1482,4.75,2,54.92190909385681
1483,3.6999999999999997,9,54.962388038635254
1484,3.85,8,54.99704670906067
1485,4.3,5,55.02941083908081
1486,4.0,7,55.06796860694885
1487,4.3,5,55.102635860443115
1488,3.4,11,55.32961463928223
1489,4.6000000000000005,3,55.35878324508667
1490,-1.75,15,55.40358376502991
1491,4.3,5,55.434842348098755
1492,4.449999999999999,4,55.46961426734924
1493,4.6000000000000005,3,55.50273633003235
1494,4.15,6,55.53402090072632
1495,4.6000000000000005,3,55.560479402542114
1496,4.449999999999999,4,55.587029218673706
1497,4.449999999999999,4,55.615801095962524
1498,3.55,10,55.6578688621521
1499,3.4,11,55.69579076766968
1500,4.75,2,55.720667123794556
1501,4.6000000000000005,3,55.74520540237427
1502,3.4,11,55.78363752365112
1503,4.3,5,55.8131046295166
1504,4.6000000000000005,3,55.84017872810364
1505,4.449999999999999,4,55.86983633041382
1506,4.0,7,55.909066677093506
1507,4.449999999999999,4,55.94252610206604
1508,4.15,6,55.97457551956177
1509,4.449999999999999,4,56.00639510154724
1510,-1.75,15,56.05395317077637
1511,4.6000000000000005,3,56.08772397041321
1512,3.6999999999999997,9,56.12576103210449
1513,-3.35,8,56.16421341896057
1514,4.75,2,56.194289445877075
1515,3.25,12,56.234724044799805
1516,3.25,12,56.27832078933716
1517,4.0,7,56.314934730529785
1518,4.449999999999999,4,56.343321800231934
1519,3.85,8,56.37748432159424
1520,-1.75,15,56.4213125705719
1521,4.15,6,56.44945454597473
1522,4.9,1,56.47407102584839
1523,4.3,5,56.505378007888794
1524,3.85,8,56.538450956344604
1525,-3.55,12,56.57563614845276
1526,4.3,5,56.60590577125549
1527,-1.75,15,56.78986835479736
1528,4.449999999999999,4,56.81407928466797
1529,4.449999999999999,4,56.84091305732727
1530,3.55,10,56.881054401397705
1531,3.55,10,56.92528986930847
1532,-1.75,15,56.96861553192139
1533,-3.15,4,56.998239517211914
1534,4.75,2,57.02668356895447
1535,3.85,8,57.05972099304199
1536,4.449999999999999,4,57.08714771270752
1537,3.6999999999999997,9,57.120360136032104
1538,4.3,5,57.153950214385986
1539,-3.2,5,57.191645860672
1540,4.75,2,57.22353148460388
1541,3.25,12,57.2649941444397
1542,4.6000000000000005,3,57.292285203933716
1543,3.85,8,57.330686807632446
1544,3.85,8,57.36576271057129
1545,4.6000000000000005,3,57.394391775131226
1546,4.449999999999999,4,57.41924977302551
1547,4.6000000000000005,3,57.4489381313324
1548,3.55,10,57.49539089202881
1549,-3.45,10,57.54168200492859
1550,4.6000000000000005,3,57.57775402069092
1551,-1.75,15,57.62480068206787
1552,-1.75,15,57.670613288879395
1553,4.6000000000000005,3,57.70494771003723
1554,4.0,7,57.73901915550232
1555,3.1,13,57.78157138824463
1556,4.6000000000000005,3,57.81275010108948
1557,3.4,11,57.853869915008545
1558,4.15,6,57.88373160362244
1559,-3.25,6,57.91473054885864
1560,2.8,15,57.959131479263306
1561,3.25,12,58.144240856170654
1562,4.6000000000000005,3,58.16920208930969
1563,4.449999999999999,4,58.198532819747925
1564,4.0,7,58.23301649093628
1565,3.6999999999999997,9,58.2676739692688
1566,4.449999999999999,4,58.29345655441284
1567,-3.25,6,58.327497243881226
1568,4.449999999999999,4,58.355244636535645
1569,4.449999999999999,4,58.38427424430847
1570,-3.15,4,58.41667103767395
1571,-1.75,15,58.46091628074646
1572,4.15,6,58.49514174461365
1573,3.6999999999999997,9,58.53308057785034
1574,4.9,1,58.55650448799133
1575,4.449999999999999,4,58.58250117301941
1576,3.85,8,58.61548852920532
1577,4.0,7,58.64596438407898
1578,4.15,6,58.67607307434082
1579,-1.75,15,58.72513222694397
1580,4.9,1,58.750044107437134
1581,4.449999999999999,4,58.77738642692566
1582,3.85,8,58.810471057891846
1583,4.3,5,58.84049105644226
1584,3.85,8,58.87110638618469
1585,4.3,5,58.90072011947632
1586,-1.75,15,58.94747233390808
1587,4.0,7,58.98100018501282
1588,4.3,5,59.010541915893555
1589,4.6000000000000005,3,59.03767776489258
1590,4.3,5,59.06811833381653
1591,4.0,7,59.10165309906006
1592,4.3,5,59.13498067855835
1593,4.3,5,59.169859409332275
1594,4.75,2,59.200111865997314
1595,4.15,6,59.237465143203735
1596,4.0,7,59.273667335510254
1597,4.6000000000000005,3,59.297789335250854
1598,4.6000000000000005,3,59.32704496383667
1599,4.75,2,59.35412096977234
1600,-3.4,9,59.387988567352295
1601,-1.75,15,59.44014763832092
1602,3.6999999999999997,9,59.61474585533142
1603,3.6999999999999997,9,59.65195679664612
1604,4.75,2,59.6767156124115
1605,4.3,5,59.70618200302124
1606,4.3,5,59.736332178115845
1607,4.449999999999999,4,59.76502013206482
1608,4.6000000000000005,3,59.79169273376465
1609,4.449999999999999,4,59.82533574104309
1610,4.449999999999999,4,59.86144995689392
1611,4.6000000000000005,3,59.88759398460388
1612,-3.35,8,59.92526435852051
1613,4.3,5,59.957768201828
1614,3.85,8,59.989333391189575
1615,3.1,13,60.029317140579224
1616,4.15,6,60.06120753288269
1617,4.75,2,60.08828616142273
1618,4.3,5,60.12184476852417
1619,-1.75,15,60.169596433639526
1620,4.15,6,60.19841909408569
1621,4.449999999999999,4,60.227683782577515
1622,4.15,6,60.26074194908142
1623,4.75,2,60.28848218917847
1624,4.3,5,60.31687545776367
1625,4.0,7,60.351953744888306
1626,-1.75,15,60.39702033996582
1627,4.75,2,60.42258667945862
1628,4.75,2,60.44686961174011
1629,4.75,2,60.47663402557373
1630,4.449999999999999,4,60.50068807601929
1631,3.6999999999999997,9,60.538222551345825
1632,4.449999999999999,4,60.57085466384888
1633,-3.35,8,60.607523679733276
1634,4.3,5,60.64291739463806
1635,3.85,8,60.68762755393982
1636,4.75,2,60.72679162025452
1637,4.0,7,60.766031980514526
1638,-1.75,15,60.8241240978241
1639,4.9,1,60.851494550704956
1640,4.75,2,60.880218267440796
1641,3.55,10,60.92210030555725
1642,4.6000000000000005,3,60.94956159591675
1643,4.0,7,60.9863817691803
1644,4.15,6,61.01794385910034
1645,4.0,7,61.19299292564392
1646,4.3,5,61.22034668922424
1647,4.6000000000000005,3,61.24570631980896
1648,3.4,11,61.28532099723816
1649,-1.75,15,61.33473467826843
1650,3.4,11,61.37438893318176
1651,3.85,8,61.406498670578
1652,3.55,10,61.439581871032715
1653,3.4,11,61.477136850357056
1654,3.25,12,61.51231050491333
1655,4.75,2,61.53615212440491
1656,4.449999999999999,4,61.56399416923523
1657,4.6000000000000005,3,61.59089684486389
1658,3.55,10,61.62619996070862
1659,4.3,5,61.658496141433716
1660,3.25,12,61.6981143951416
1661,4.3,5,61.72923278808594
1662,3.4,11,61.77270269393921
1663,4.6000000000000005,3,61.80539393424988
1664,4.75,2,61.83588719367981
1665,3.25,12,61.87953209877014
1666,3.4,11,61.92112970352173
1667,3.85,8,61.95705246925354
1668,4.9,1,61.9837908744812
1669,-1.75,15,62.02872276306152
1670,-3.1,3,62.05662393569946
1671,4.75,2,62.0790159702301
1672,4.15,6,62.11186695098877
1673,4.6000000000000005,3,62.13991022109985
1674,4.449999999999999,4,62.16747069358826
1675,4.6000000000000005,3,62.20397424697876
1676,2.9499999999999997,14,62.25907874107361
1677,3.85,8,62.298325061798096
1678,4.449999999999999,4,62.32987022399902
1679,3.55,10,62.37194490432739
1680,4.15,6,62.41324782371521
1681,4.75,2,62.43863844871521
1682,4.75,2,62.61317539215088
1683,4.75,2,62.639960289001465
1684,3.85,8,62.67436075210571
1685,4.9,1,62.69776105880737
1686,4.0,7,62.726508378982544
1687,3.4,11,62.76435089111328
1688,4.0,7,62.79590702056885
1689,4.6000000000000005,3,62.82341170310974
1690,4.3,5,62.859025716781616
1691,4.6000000000000005,3,62.888033390045166
1692,4.6000000000000005,3,62.91649794578552
1693,4.449999999999999,4,62.94174814224243
1694,4.6000000000000005,3,62.96846795082092
1695,4.75,2,62.99414300918579
1696,3.6999999999999997,9,63.02965044975281
1697,4.3,5,63.05734324455261
1698,4.15,6,63.088985204696655
1699,4.6000000000000005,3,63.1121666431427
1700,4.0,7,63.14160180091858
1701,4.15,6,63.17357277870178
1702,-1.75,15,63.219332695007324
1703,4.75,2,63.251734495162964
1704,4.6000000000000005,3,63.274999141693115
1705,-1.75,15,63.32134294509888
1706,3.55,10,63.35886192321777
1707,4.6000000000000005,3,63.387696504592896
1708,4.449999999999999,4,63.41364002227783
1709,3.85,8,63.4472541809082
1710,4.0,7,63.47939324378967
1711,4.0,7,63.51061964035034
1712,3.6999999999999997,9,63.5427725315094
1713,3.85,8,63.57283163070679
1714,4.0,7,63.604381799697876
1715,4.3,5,63.631810665130615
1716,4.6000000000000005,3,63.65799832344055
1717,4.0,7,63.692771434783936
1718,4.75,2,63.72050976753235
1719,4.75,2,63.75250744819641
1720,4.3,5,63.788671255111694
1721,4.449999999999999,4,63.81677055358887
1722,4.0,7,63.84934091567993
1723,4.6000000000000005,3,63.876070976257324
1724,3.6999999999999997,9,63.91830062866211
1725,3.85,8,63.953627586364746
1726,3.85,8,64.14405059814453
1727,4.75,2,64.17125797271729
1728,-3.25,6,64.20436072349548
1729,4.15,6,64.23590517044067
1730,4.15,6,64.26816582679749
1731,4.75,2,64.2919487953186
1732,4.449999999999999,4,64.32387661933899
1733,3.4,11,64.36000919342041
1734,-3.3,7,64.39302635192871
1735,4.6000000000000005,3,64.42485809326172
1736,4.3,5,64.4542601108551
1737,4.449999999999999,4,64.48477411270142
1738,4.3,5,64.51875329017639
1739,4.3,5,64.54901146888733
1740,-3.6,13,64.5893931388855
1741,3.85,8,64.62517833709717
1742,4.3,5,64.65434241294861
1743,4.3,5,64.68366622924805
1744,4.449999999999999,4,64.70967268943787
1745,4.0,7,64.7450041770935
1746,4.15,6,64.77590680122375
1747,4.449999999999999,4,64.8021411895752
1748,4.6000000000000005,3,64.82907223701477
1749,4.449999999999999,4,64.85514044761658
1750,4.15,6,64.8919792175293
1751,4.6000000000000005,3,64.91801881790161
1752,4.6000000000000005,3,64.95174765586853
1753,4.75,2,64.97800421714783
1754,4.6000000000000005,3,65.00828719139099
1755,3.4,11,65.04508852958679
1756,4.0,7,65.08498644828796
1757,3.55,10,65.1262595653534
1758,4.449999999999999,4,65.1615138053894
1759,4.449999999999999,4,65.19202256202698
1760,3.6999999999999997,9,65.22721409797668
1761,2.9499999999999997,14,65.2740318775177
1762,4.449999999999999,4,65.30617666244507
1763,3.55,10,65.35032057762146
1764,4.75,2,65.38264727592468
1765,3.4,11,65.42595434188843
1766,-3.2,5,65.45510268211365
1767,4.6000000000000005,3,65.49032855033875
1768,4.75,2,65.51512145996094
1769,4.449999999999999,4,65.5456006526947
1770,4.3,5,65.58368229866028
1771,4.75,2,65.61376810073853
1772,3.55,10,65.80580425262451
1773,4.6000000000000005,3,65.83251595497131
1774,-3.45,10,65.87153506278992
1775,4.3,5,65.90292477607727
1776,-1.75,15,65.94601893424988
1777,4.75,2,65.97305655479431
1778,4.6000000000000005,3,66.00380682945251
1779,4.0,7,66.03641200065613
1780,4.6000000000000005,3,66.06755518913269
1781,4.6000000000000005,3,66.08999681472778
1782,-1.75,15,66.13317441940308
1783,4.6000000000000005,3,66.15689516067505
1784,4.6000000000000005,3,66.18371772766113
1785,4.6000000000000005,3,66.2157895565033
1786,4.3,5,66.24496364593506
1787,4.3,5,66.27674174308777
1788,3.4,11,66.31916570663452
1789,-3.1,3,66.35302972793579
1790,4.3,5,66.38866758346558
1791,4.449999999999999,4,66.41544675827026
1792,4.75,2,66.43987894058228
1793,3.1,13,66.47817659378052
1794,3.4,11,66.51503586769104
1795,4.449999999999999,4,66.54099917411804
1796,4.6000000000000005,3,66.56642556190491
1797,4.75,2,66.5890064239502
1798,3.55,10,66.6284294128418
1799,4.75,2,66.65622854232788
1800,3.25,12,66.69665336608887
1801,4.3,5,66.7311954498291
1802,4.15,6,66.76215672492981
1803,4.6000000000000005,3,66.7916567325592
1804,4.0,7,66.8247766494751
1805,4.449999999999999,4,66.85364198684692
1806,4.75,2,66.88406610488892
1807,4.3,5,66.92100858688354
1808,4.0,7,66.96209049224854
1809,4.6000000000000005,3,66.99309206008911
1810,-3.45,10,67.03985786437988
1811,3.55,10,67.07829475402832
1812,4.6000000000000005,3,67.10447025299072
1813,4.6000000000000005,3,67.13884115219116
1814,4.449999999999999,4,67.16918230056763
1815,4.15,6,67.19891953468323
1816,4.9,1,67.22766995429993
1817,4.15,6,67.42168259620667
1818,3.85,8,67.45193862915039
1819,-1.75,15,67.49300026893616
1820,4.6000000000000005,3,67.52015280723572
1821,4.75,2,67.55306196212769
1822,4.3,5,67.58417797088623
1823,4.15,6,67.61179399490356
1824,4.6000000000000005,3,67.64006733894348
1825,4.75,2,67.66668796539307
1826,-1.75,15,67.70840835571289
1827,3.6999999999999997,9,67.74459671974182
1828,4.75,2,67.76755046844482
1829,4.449999999999999,4,67.79673671722412
1830,4.6000000000000005,3,67.82097554206848
1831,4.9,1,67.84288358688354
1832,3.6999999999999997,9,67.8804886341095
1833,3.6999999999999997,9,67.91566252708435
1834,4.6000000000000005,3,67.94368600845337
1835,4.3,5,67.97035026550293
1836,4.6000000000000005,3,68.00312423706055
1837,4.3,5,68.03438568115234
1838,4.0,7,68.06921243667603
1839,4.3,5,68.10096955299377
1840,4.3,5,68.12919807434082
1841,4.6000000000000005,3,68.15801286697388
1842,4.449999999999999,4,68.1904046535492
1843,4.75,2,68.22119760513306
1844,4.0,7,68.25586652755737
1845,4.3,5,68.29102754592896
1846,4.15,6,68.3246819972992
1847,4.449999999999999,4,68.35488247871399
1848,4.449999999999999,4,68.38092160224915
1849,4.3,5,68.41061854362488
1850,4.9,1,68.4364402294159
1851,4.3,5,68.46618938446045
1852,4.3,5,68.5059814453125
1853,4.3,5,68.54416513442993
1854,4.15,6,68.58328294754028
1855,4.3,5,68.61930775642395
1856,4.75,2,68.6570086479187
1857,4.15,6,68.69221711158752
1858,4.75,2,68.72422862052917
1859,4.9,1,68.75224828720093
1860,4.9,1,68.77671217918396
1861,4.0,7,68.8202657699585
1862,4.6000000000000005,3,68.84491896629333
1863,4.449999999999999,4,68.87387323379517
1864,4.3,5,68.905690908432
1865,4.0,7,68.93881607055664
1866,4.9,1,68.96536135673523
1867,4.75,2,68.99253964424133
1868,3.4,11,69.04029560089111
1869,4.449999999999999,4,69.06970119476318
1870,4.15,6,69.26841950416565
1871,4.6000000000000005,3,69.29541182518005
1872,-1.75,15,69.34487819671631
1873,4.3,5,69.38058710098267
1874,4.0,7,69.41446328163147
1875,4.0,7,69.4485433101654
1876,3.4,11,69.48253536224365
1877,4.6000000000000005,3,69.50626826286316
1878,4.0,7,69.53734755516052
1879,3.85,8,69.56845903396606
1880,3.85,8,69.60643768310547
1881,3.55,10,69.64787817001343
1882,3.55,10,69.68717646598816
1883,4.15,6,69.72509479522705
1884,3.85,8,69.76225709915161
1885,4.9,1,69.7910168170929
1886,4.449999999999999,4,69.82105088233948
1887,3.6999999999999997,9,69.85622763633728
1888,3.55,10,69.89460682868958
1889,4.6000000000000005,3,69.9239547252655
1890,4.6000000000000005,3,69.95264458656311
1891,4.3,5,69.9798514842987
1892,3.85,8,70.0208113193512
1893,3.85,8,70.05875658988953
1894,4.0,7,70.09595394134521
1895,4.6000000000000005,3,70.12740087509155
1896,3.4,11,70.16780185699463
1897,-1.75,15,70.21767783164978
1898,4.6000000000000005,3,70.24378800392151
1899,3.85,8,70.27977275848389
1900,4.449999999999999,4,70.31310725212097
1901,4.0,7,70.34480881690979
1902,4.15,6,70.37898826599121
1903,4.15,6,70.41520762443542
1904,4.75,2,70.44190073013306
1905,4.6000000000000005,3,70.46968650817871
1906,4.15,6,70.50673198699951
1907,4.0,7,70.54247856140137
1908,4.449999999999999,4,70.57572817802429
1909,-1.75,15,70.75764346122742
1910,4.75,2,70.78425192832947
1911,4.6000000000000005,3,70.80806684494019
1912,4.15,6,70.84387922286987
1913,4.0,7,70.8766942024231
1914,4.75,2,70.90262293815613
1915,-1.75,15,70.9422299861908
1916,4.449999999999999,4,70.9698383808136
1917,4.449999999999999,4,71.00128412246704
1918,4.449999999999999,4,71.03566646575928
1919,4.75,2,71.05957913398743
1920,4.6000000000000005,3,71.08634877204895
1921,4.75,2,71.10842561721802
1922,4.3,5,71.14346051216125
1923,4.3,5,71.17199063301086
1924,4.0,7,71.20295834541321
1925,4.3,5,71.23456001281738
1926,4.15,6,71.26127791404724
1927,3.6999999999999997,9,71.29792714118958
1928,4.0,7,71.32856583595276
1929,4.75,2,71.35640144348145
1930,4.449999999999999,4,71.391028881073
1931,4.75,2,71.42487716674805
1932,3.6999999999999997,9,71.46148920059204
1933,4.449999999999999,4,71.49280285835266
1934,4.449999999999999,4,71.5264208316803
1935,4.75,2,71.5540463924408
1936,4.75,2,71.5861611366272
1937,3.55,10,71.62307047843933
1938,3.85,8,71.6664171218872
1939,3.85,8,71.70886945724487
1940,4.3,5,71.74962878227234
1941,4.449999999999999,4,71.77983283996582
1942,4.6000000000000005,3,71.81068086624146
1943,4.75,2,71.84333992004395
1944,3.4,11,71.89222574234009
1945,4.6000000000000005,3,71.92307901382446
1946,4.6000000000000005,3,71.95177149772644
1947,3.85,8,71.99648976325989
1948,4.449999999999999,4,72.0264220237732
1949,3.4,11,72.07173347473145
1950,4.3,5,72.10559701919556
1951,3.85,8,72.1433892250061
1952,4.75,2,72.17035245895386
1953,4.0,7,72.20482659339905
1954,4.15,6,72.23880910873413
1955,4.75,2,72.26664328575134
1956,4.15,6,72.29429697990417
1957,3.4,11,72.47028589248657
1958,4.3,5,72.5026478767395
1959,4.449999999999999,4,72.52920317649841
1960,3.4,11,72.57289505004883
1961,4.6000000000000005,3,72.59849953651428
1962,4.0,7,72.63423871994019
1963,3.55,10,72.67710971832275
1964,4.15,6,72.71059703826904
1965,4.15,6,72.752121925354
1966,3.85,8,72.79559373855591
1967,4.6000000000000005,3,72.82405257225037
1968,4.15,6,72.85316061973572
1969,4.9,1,72.8781247138977
1970,4.15,6,72.90890836715698
1971,4.0,7,72.9496808052063
1972,4.0,7,72.9925651550293
1973,4.75,2,73.02194476127625
1974,4.449999999999999,4,73.05284905433655
1975,3.6999999999999997,9,73.10414862632751
1976,4.449999999999999,4,73.13264632225037
1977,4.449999999999999,4,73.16255736351013
1978,4.6000000000000005,3,73.19239497184753
1979,4.449999999999999,4,73.2227041721344
1980,4.6000000000000005,3,73.2563419342041
1981,3.1,13,73.3041353225708
1982,3.85,8,73.34310030937195
1983,4.15,6,73.37365293502808
1984,4.75,2,73.40386128425598
1985,4.449999999999999,4,73.43381381034851
1986,3.85,8,73.46838736534119
1987,4.0,7,73.50446915626526
1988,-1.75,15,73.54864263534546
1989,3.6999999999999997,9,73.58390426635742
1990,4.6000000000000005,3,73.61113953590393
1991,4.449999999999999,4,73.6398057937622
1992,4.449999999999999,4,73.66636109352112
1993,4.75,2,73.69200611114502
1994,4.75,2,73.7180745601654
1995,-1.75,15,73.76942539215088
1996,4.6000000000000005,3,73.79969882965088
1997,4.6000000000000005,3,73.83384728431702
1998,4.449999999999999,4,73.85924649238586
1999,4.75,2,73.88571667671204
2000,4.449999999999999,4,73.91583251953125
2001,3.1,13,74.11855006217957
2002,3.85,8,74.15127611160278
2003,4.449999999999999,4,74.17982649803162
2004,3.4,11,74.21871018409729
2005,-1.75,15,74.26478576660156
2006,4.9,1,74.29072999954224
2007,4.75,2,74.31146907806396
2008,4.449999999999999,4,74.33993148803711
2009,-1.75,15,74.3876302242279
2010,4.6000000000000005,3,74.41070175170898
2011,4.15,6,74.44158887863159
2012,4.15,6,74.47564721107483
2013,4.449999999999999,4,74.5032811164856
2014,4.15,6,74.53284430503845
2015,4.15,6,74.56292200088501
2016,4.0,7,74.59439778327942
2017,4.3,5,74.6227035522461
2018,3.6999999999999997,9,74.66352105140686
2019,-1.75,15,74.70715475082397
2020,4.75,2,74.73446321487427
2021,4.3,5,74.76590871810913
2022,4.6000000000000005,3,74.79895663261414
2023,3.85,8,74.8320164680481
2024,3.6999999999999997,9,74.86728262901306
2025,3.25,12,74.91451287269592
2026,3.6999999999999997,9,74.95316004753113
2027,4.6000000000000005,3,74.98621559143066
2028,4.75,2,75.01017618179321
2029,3.55,10,75.05212259292603
2030,3.55,10,75.09863877296448
2031,4.15,6,75.13821339607239
2032,4.15,6,75.17752194404602
2033,4.6000000000000005,3,75.2073438167572
2034,3.85,8,75.24842143058777
2035,3.85,8,75.29348564147949
2036,4.15,6,75.32695508003235
2037,4.0,7,75.35865640640259
2038,4.449999999999999,4,75.53834939002991
2039,3.55,10,75.57455682754517
2040,4.6000000000000005,3,75.59966731071472
2041,4.3,5,75.62760138511658
2042,4.6000000000000005,3,75.65447735786438
2043,4.75,2,75.67820811271667
2044,-1.75,15,75.72159171104431
2045,3.1,13,75.75816059112549
2046,4.449999999999999,4,75.78623127937317
2047,4.75,2,75.80923342704773
2048,3.1,13,75.85193061828613
2049,4.449999999999999,4,75.8796637058258
2050,-1.75,15,75.92451357841492
2051,3.6999999999999997,9,75.95843005180359
2052,4.0,7,75.99300193786621
2053,4.0,7,76.02502799034119
2054,4.9,1,76.04812431335449
2055,4.0,7,76.08239507675171
2056,-3.15,4,76.10908842086792
2057,4.15,6,76.13892531394958
2058,3.6999999999999997,9,76.17319345474243
2059,4.3,5,76.2065064907074
2060,3.85,8,76.24036622047424
2061,4.75,2,76.26490378379822
2062,4.449999999999999,4,76.29141283035278
2063,3.6999999999999997,9,76.32998418807983
2064,4.6000000000000005,3,76.35541939735413
2065,4.449999999999999,4,76.38906145095825
2066,4.15,6,76.4244794845581
2067,-3.15,4,76.45634126663208
2068,3.85,8,76.49581265449524
2069,-1.75,15,76.55153512954712
2070,4.15,6,76.58474230766296
2071,4.15,6,76.61557102203369
2072,-1.75,15,76.66209864616394
2073,4.15,6,76.69489979743958
2074,4.449999999999999,4,76.72468829154968
2075,4.6000000000000005,3,76.75324773788452
2076,3.55,10,76.94093918800354
2077,3.85,8,76.98154807090759
2078,4.75,2,77.00693345069885
2079,4.449999999999999,4,77.03382086753845
2080,4.75,2,77.05795383453369
2081,4.75,2,77.08181476593018
2082,3.85,8,77.11473965644836
2083,-1.75,15,77.15430164337158
2084,4.449999999999999,4,77.18445444107056
2085,3.55,10,77.2225546836853
2086,-1.75,15,77.26778674125671
2087,4.449999999999999,4,77.29418778419495
2088,4.15,6,77.33472895622253
2089,-1.75,15,77.37936210632324
2090,4.3,5,77.4090428352356
2091,-3.5,11,77.44323325157166
2092,3.55,10,77.48070406913757
2093,-1.75,15,77.52219843864441
2094,4.3,5,77.55061554908752
2095,4.75,2,77.57230353355408
2096,3.4,11,77.61350536346436
2097,4.75,2,77.64175057411194
2098,3.6999999999999997,9,77.6760413646698
2099,3.1,13,77.71665382385254
2100,3.85,8,77.74963426589966
2101,3.85,8,77.78210353851318
2102,4.75,2,77.80504727363586
2103,3.85,8,77.84118270874023
2104,4.6000000000000005,3,77.86778521537781
2105,3.55,10,77.90169095993042
2106,4.9,1,77.92339968681335
2107,4.0,7,77.96326065063477
2108,3.6999999999999997,9,78.00305914878845
2109,4.449999999999999,4,78.03518843650818
2110,4.0,7,78.06622409820557
2111,3.55,10,78.260910987854
2112,2.9499999999999997,14,78.3130316734314
2113,4.449999999999999,4,78.33987426757812
2114,-1.75,15,78.3879816532135
2115,4.3,5,78.41964626312256
2116,4.75,2,78.44278240203857
2117,3.25,12,78.47969508171082
2118,4.3,5,78.50892424583435
2119,4.449999999999999,4,78.53678870201111
2120,4.15,6,78.56541466712952
2121,4.449999999999999,4,78.59478902816772
2122,4.449999999999999,4,78.62406492233276
2123,3.6999999999999997,9,78.6624186038971
2124,4.75,2,78.69250464439392
2125,4.449999999999999,4,78.7255585193634
2126,4.0,7,78.76819562911987
2127,4.9,1,78.7991406917572
2128,3.55,10,78.84186291694641
2129,3.85,8,78.88164448738098
2130,4.3,5,78.90871024131775
2131,4.449999999999999,4,78.93713688850403
2132,4.9,1,78.95937299728394
2133,3.6999999999999997,9,79.0007061958313
2134,4.3,5,79.02715420722961
2135,4.75,2,79.05013012886047
2136,4.15,6,79.07918977737427
2137,4.449999999999999,4,79.11137390136719
2138,4.6000000000000005,3,79.13990759849548
2139,3.85,8,79.17553853988647
2140,4.3,5,79.20361590385437
2141,4.75,2,79.23024702072144
2142,4.3,5,79.25874304771423
2143,4.75,2,79.28433346748352
2144,4.3,5,79.31135606765747
2145,4.0,7,79.34903740882874
2146,4.9,1,79.37616467475891
2147,4.449999999999999,4,79.41003727912903
2148,4.449999999999999,4,79.43962144851685
2149,4.449999999999999,4,79.46794819831848
2150,4.3,5,79.4978895187378
2151,4.449999999999999,4,79.52292943000793
2152,3.55,10,79.55711722373962
2153,3.55,10,79.59812927246094
2154,4.15,6,79.6335039138794
2155,4.3,5,79.66570854187012
2156,4.75,2,79.69305801391602
2157,3.6999999999999997,9,79.73457288742065
2158,4.75,2,79.76510977745056
2159,4.449999999999999,4,79.9433662891388
2160,3.85,8,79.98123598098755
2161,4.15,6,80.0128242969513
2162,4.15,6,80.04466962814331
2163,-1.75,15,80.08784914016724
2164,4.75,2,80.11305069923401
2165,3.6999999999999997,9,80.1497654914856
2166,-3.15,4,80.17771553993225
2167,4.75,2,80.2040946483612
2168,4.9,1,80.23231911659241
2169,4.6000000000000005,3,80.25734210014343
2170,4.0,7,80.2883939743042
2171,3.6999999999999997,9,80.32213068008423
2172,4.449999999999999,4,80.347736120224
2173,4.15,6,80.37890386581421
2174,3.25,12,80.43172931671143
2175,4.0,7,80.46544599533081
2176,4.6000000000000005,3,80.49065017700195
2177,3.85,8,80.52501177787781
2178,4.15,6,80.55503392219543
2179,4.449999999999999,4,80.58230638504028
2180,4.3,5,80.60949325561523
2181,3.6999999999999997,9,80.65058922767639
2182,4.15,6,80.68284797668457
2183,4.3,5,80.71588015556335
2184,4.6000000000000005,3,80.74243831634521
2185,4.449999999999999,4,80.76880979537964
2186,4.6000000000000005,3,80.79253578186035
2187,4.449999999999999,4,80.83032655715942
2188,4.6000000000000005,3,80.85990881919861
2189,4.6000000000000005,3,80.88868641853333
2190,4.0,7,80.92398047447205
2191,-1.75,15,80.96889448165894
2192,3.4,11,81.00432443618774
2193,4.15,6,81.03572654724121
2194,4.449999999999999,4,81.06557726860046
2195,3.6999999999999997,9,81.1049234867096
2196,4.6000000000000005,3,81.13927388191223
2197,4.9,1,81.16637992858887
2198,4.15,6,81.20711851119995
2199,4.3,5,81.23895072937012
2200,4.75,2,81.27032923698425
2201,3.55,10,81.31499457359314
2202,4.3,5,81.34540128707886
2203,4.0,7,81.54226779937744
2204,4.75,2,81.56671357154846
2205,4.449999999999999,4,81.59397292137146
2206,3.85,8,81.62837672233582
2207,4.6000000000000005,3,81.65710020065308
2208,4.9,1,81.67965722084045
2209,3.85,8,81.71976709365845
2210,4.6000000000000005,3,81.74506711959839
2211,4.9,1,81.77087712287903
2212,4.6000000000000005,3,81.79674792289734
2213,3.4,11,81.83555746078491
2214,4.15,6,81.86707544326782
2215,4.449999999999999,4,81.90031599998474
2216,4.6000000000000005,3,81.92515063285828
2217,3.4,11,81.96914958953857
2218,3.4,11,82.01198673248291
2219,4.3,5,82.04310297966003
2220,4.449999999999999,4,82.07564759254456
2221,4.449999999999999,4,82.10480785369873
2222,4.3,5,82.13981318473816
2223,4.15,6,82.17040348052979
2224,4.449999999999999,4,82.19546413421631
2225,4.449999999999999,4,82.22354197502136
2226,4.0,7,82.2586977481842
2227,4.6000000000000005,3,82.28660583496094
2228,4.3,5,82.3118064403534
2229,4.75,2,82.33592891693115
2230,-1.75,15,82.37803602218628
2231,4.75,2,82.40343403816223
2232,4.0,7,82.43391942977905
2233,4.9,1,82.45434069633484
2234,4.75,2,82.47729992866516
2235,-1.75,15,82.52218127250671
2236,4.15,6,82.55375218391418
2237,4.15,6,82.58550930023193
2238,4.75,2,82.61321330070496
2239,4.6000000000000005,3,82.64168906211853
2240,4.3,5,82.67529368400574
2241,4.0,7,82.70762062072754
2242,-3.2,5,82.75204610824585
2243,4.75,2,82.77797198295593
2244,-1.75,15,82.82685685157776
2245,4.6000000000000005,3,82.85874962806702
2246,4.449999999999999,4,82.89016795158386
2247,4.3,5,82.91869282722473
2248,4.0,7,82.94940328598022
2249,4.9,1,82.97262001037598
2250,4.6000000000000005,3,83.00277161598206
2251,4.449999999999999,4,83.0313401222229
2252,3.6999999999999997,9,83.21611905097961
2253,4.3,5,83.24464225769043
2254,4.6000000000000005,3,83.27031683921814
2255,3.25,12,83.30707335472107
2256,3.1,13,83.35297513008118
2257,3.85,8,83.38999032974243
2258,4.3,5,83.42102360725403
2259,4.15,6,83.45452809333801
2260,3.85,8,83.49240493774414
2261,3.85,8,83.53319025039673
2262,4.3,5,83.56750774383545
2263,4.75,2,83.59316110610962
2264,4.0,7,83.62872195243835
2265,4.449999999999999,4,83.65304231643677
2266,4.75,2,83.67779111862183
2267,3.1,13,83.72176337242126
2268,4.75,2,83.75197148323059
2269,4.15,6,83.7839035987854
2270,4.6000000000000005,3,83.80983638763428
2271,4.9,1,83.83505463600159
2272,-3.35,8,83.86685371398926
2273,4.75,2,83.89022517204285
2274,3.85,8,83.93422222137451
2275,4.3,5,83.96111726760864
2276,4.75,2,83.99070930480957
2277,-1.75,15,84.03967452049255
2278,4.6000000000000005,3,84.06743955612183
2279,4.6000000000000005,3,84.09499144554138
2280,4.3,5,84.12471675872803
2281,3.25,12,84.16854953765869
2282,4.6000000000000005,3,84.19508600234985
2283,4.0,7,84.22872591018677
2284,4.9,1,84.25163674354553
2285,3.55,10,84.2899010181427
2286,4.0,7,84.32706427574158
2287,3.55,10,84.37105798721313
2288,4.0,7,84.42126822471619
2289,4.449999999999999,4,84.45208382606506
2290,-1.75,15,84.50195026397705
2291,4.449999999999999,4,84.53280663490295
2292,3.85,8,84.7259886264801
2293,3.85,8,84.75940179824829
2294,4.6000000000000005,3,84.78594207763672
2295,3.6999999999999997,9,84.81853556632996
2296,3.55,10,84.85112047195435
2297,4.9,1,84.87402009963989
2298,3.55,10,84.91587424278259
2299,4.3,5,84.94196486473083
2300,4.449999999999999,4,84.96907258033752
2301,4.449999999999999,4,84.99492359161377
2302,4.15,6,85.0251796245575
2303,4.15,6,85.05882954597473
2304,4.449999999999999,4,85.08786916732788
2305,3.55,10,85.12658047676086
2306,4.449999999999999,4,85.15527367591858
2307,4.3,5,85.18936371803284
2308,3.85,8,85.22382283210754
2309,4.75,2,85.25469136238098
2310,4.449999999999999,4,85.28803038597107
2311,-1.75,15,85.3339331150055
2312,4.6000000000000005,3,85.36585235595703
2313,-1.75,15,85.41271376609802
2314,4.75,2,85.44051837921143
2315,3.25,12,85.48368549346924
2316,4.3,5,85.51447939872742
2317,3.6999999999999997,9,85.54895496368408
2318,4.6000000000000005,3,85.57353925704956
2319,4.449999999999999,4,85.60110020637512
2320,4.75,2,85.63136005401611
2321,4.0,7,85.66771721839905
2322,4.6000000000000005,3,85.69521379470825
2323,4.3,5,85.72469186782837
2324,4.449999999999999,4,85.75440740585327
2325,4.3,5,85.79259157180786
2326,4.449999999999999,4,85.8241069316864
2327,4.6000000000000005,3,85.85478377342224
2328,-1.75,15,85.91162753105164
2329,4.9,1,85.937655210495
2330,3.25,12,85.98086595535278
2331,4.15,6,86.01212739944458
2332,4.6000000000000005,3,86.04045414924622
2333,3.25,12,86.08364391326904
2334,4.6000000000000005,3,86.27625298500061
2335,4.75,2,86.30631875991821
2336,3.6999999999999997,9,86.34566760063171
2337,4.15,6,86.37327098846436
2338,4.75,2,86.4014675617218
2339,4.0,7,86.43073582649231
2340,3.85,8,86.46432876586914
2341,3.6999999999999997,9,86.49789047241211
2342,4.449999999999999,4,86.52628374099731
2343,4.6000000000000005,3,86.55625081062317
2344,4.9,1,86.57725429534912
2345,4.449999999999999,4,86.60400915145874
2346,4.75,2,86.63206315040588
2347,4.3,5,86.66278958320618
2348,4.0,7,86.69888877868652
2349,3.85,8,86.73349332809448
2350,-1.75,15,86.7772924900055
2351,4.6000000000000005,3,86.80706024169922
2352,4.3,5,86.83682680130005
2353,4.6000000000000005,3,86.86529397964478
2354,-1.75,15,86.90892720222473
2355,3.85,8,86.94214177131653
2356,4.0,7,86.97585988044739
2357,4.6000000000000005,3,87.0038754940033
2358,4.449999999999999,4,87.0336742401123
2359,4.15,6,87.06315350532532
2360,4.449999999999999,4,87.0892448425293
2361,4.449999999999999,4,87.1188132762909
2362,3.4,11,87.15737724304199
2363,-1.75,15,87.20208668708801
2364,4.3,5,87.23072409629822
2365,3.55,10,87.26549553871155
2366,4.3,5,87.2921736240387
2367,4.3,5,87.32786178588867
2368,4.6000000000000005,3,87.36374711990356
2369,4.75,2,87.389230966568
2370,4.449999999999999,4,87.42387175559998
2371,3.55,10,87.46368789672852
2372,3.85,8,87.49643087387085
2373,4.6000000000000005,3,87.52713966369629
2374,4.0,7,87.56331467628479
2375,4.6000000000000005,3,87.58706855773926
2376,4.3,5,87.6186192035675
2377,4.6000000000000005,3,87.6438934803009
2378,4.0,7,87.83162188529968
2379,-1.75,15,87.87490200996399
2380,4.75,2,87.9017026424408
2381,4.9,1,87.92249798774719
2382,4.6000000000000005,3,87.9507884979248
2383,-1.75,15,87.9914927482605
2384,3.55,10,88.02624249458313
2385,-1.75,15,88.06918549537659
2386,4.15,6,88.10035705566406
2387,4.449999999999999,4,88.12959599494934
2388,4.75,2,88.15317702293396
2389,4.449999999999999,4,88.18275117874146
2390,4.15,6,88.2138741016388
2391,4.6000000000000005,3,88.24724388122559
2392,4.75,2,88.27916860580444
2393,4.15,6,88.31416893005371
2394,3.25,12,88.35463762283325
2395,4.0,7,88.38771843910217
2396,3.6999999999999997,9,88.42255353927612
2397,3.4,11,88.4653673171997
2398,4.449999999999999,4,88.49468970298767
2399,3.85,8,88.53208637237549
2400,4.15,6,88.56344771385193
2401,3.4,11,88.60686326026917
2402,4.3,5,88.63996624946594
2403,4.15,6,88.6721704006195
2404,4.6000000000000005,3,88.70197868347168
2405,-3.5,11,88.74820256233215
2406,3.85,8,88.78528928756714
2407,3.1,13,88.82792067527771
2408,4.6000000000000005,3,88.85688042640686
2409,3.85,8,88.89310479164124
2410,4.75,2,88.9245970249176
2411,3.4,11,88.9636971950531
2412,3.85,8,89.00002098083496
2413,4.15,6,89.03472828865051
2414,3.85,8,89.22813296318054
2415,4.6000000000000005,3,89.25887417793274
2416,4.3,5,89.29006433486938
2417,3.4,11,89.33513164520264
2418,4.15,6,89.37045121192932
2419,4.449999999999999,4,89.39898729324341
2420,4.15,6,89.4330153465271
2421,4.449999999999999,4,89.4621205329895
2422,4.75,2,89.4867913722992
2423,4.449999999999999,4,89.51443338394165
2424,4.449999999999999,4,89.54310083389282
2425,4.6000000000000005,3,89.56712484359741
2426,4.15,6,89.59624099731445
2427,4.0,7,89.62944221496582
2428,3.85,8,89.66063690185547
2429,4.9,1,89.6846673488617
2430,3.4,11,89.72188115119934
2431,-1.75,15,89.77405166625977
2432,4.15,6,89.81014609336853
2433,3.6999999999999997,9,89.84977269172668
2434,4.3,5,89.88000631332397
2435,-1.75,15,89.92157220840454
2436,3.85,8,89.95686340332031
2437,4.75,2,89.98580884933472
2438,3.85,8,90.02266263961792
2439,4.9,1,90.04813385009766
2440,3.55,10,90.0847282409668
2441,4.449999999999999,4,90.11259841918945
2442,4.449999999999999,4,90.13991141319275
2443,3.85,8,90.175954580307
2444,4.15,6,90.20895385742188
2445,4.6000000000000005,3,90.2389554977417
2446,4.75,2,90.26905369758606
2447,4.3,5,90.29902482032776
2448,3.85,8,90.32986998558044
2449,4.6000000000000005,3,90.35681915283203
2450,4.3,5,90.39292788505554
2451,4.15,6,90.42912912368774
2452,4.15,6,90.45772647857666
2453,4.449999999999999,4,90.48375225067139
2454,3.6999999999999997,9,90.51878333091736
2455,4.3,5,90.54730200767517
2456,-1.75,15,90.77158451080322
2457,3.6999999999999997,9,90.81538105010986
2458,4.449999999999999,4,90.84249520301819
2459,3.85,8,90.8779284954071
2460,4.9,1,90.90281772613525
2461,-3.3,7,90.93607544898987
2462,4.75,2,90.95765924453735
2463,4.0,7,90.99206519126892
2464,4.9,1,91.01796627044678
2465,4.75,2,91.04061102867126
2466,4.75,2,91.06656622886658
2467,4.9,1,91.08929467201233
2468,4.0,7,91.12092804908752
2469,3.6999999999999997,9,91.15489959716797
2470,3.6999999999999997,9,91.18777751922607
2471,3.85,8,91.2206358909607
2472,4.15,6,91.25263452529907
2473,3.6999999999999997,9,91.28716349601746
2474,3.4,11,91.32389307022095
2475,4.75,2,91.34511828422546
2476,-1.75,15,91.38779854774475
2477,-1.75,15,91.43376564979553
2478,3.6999999999999997,9,91.46377372741699
2479,4.6000000000000005,3,91.49766683578491
2480,4.3,5,91.52731370925903
2481,3.85,8,91.56056141853333
2482,4.6000000000000005,3,91.58666825294495
2483,4.0,7,91.61834859848022
2484,4.6000000000000005,3,91.64618229866028
2485,4.6000000000000005,3,91.6737151145935
2486,-3.1,3,91.70286870002747
2487,4.449999999999999,4,91.72698497772217
2488,4.75,2,91.75170350074768
2489,4.449999999999999,4,91.7800817489624
2490,4.15,6,91.81137943267822
2491,3.4,11,91.85402584075928
2492,4.6000000000000005,3,91.88884449005127
2493,4.75,2,91.91982889175415
2494,4.75,2,91.95347547531128
2495,4.449999999999999,4,91.98661518096924
2496,4.0,7,92.02214741706848
2497,4.9,1,92.04806876182556
2498,4.15,6,92.08574438095093
2499,4.3,5,92.11787724494934
2500,4.0,7,92.15239310264587
2501,3.6999999999999997,9,92.3418219089508
2502,4.15,6,92.37334990501404
2503,3.6999999999999997,9,92.41425347328186
2504,4.3,5,92.44242548942566
2505,4.3,5,92.47159266471863
2506,3.85,8,92.51193523406982
2507,3.85,8,92.55056953430176
2508,4.3,5,92.57771801948547
2509,3.85,8,92.61261773109436
2510,4.3,5,92.64047765731812
2511,3.55,10,92.67764401435852
2512,4.449999999999999,4,92.70399618148804
2513,4.449999999999999,4,92.73163509368896
2514,3.1,13,92.76978969573975
2515,4.0,7,92.80258560180664
2516,3.6999999999999997,9,92.83697509765625
2517,4.6000000000000005,3,92.87143468856812
2518,4.449999999999999,4,92.91029810905457
2519,4.15,6,92.94785976409912
2520,-1.75,15,93.00541257858276
2521,4.6000000000000005,3,93.03539109230042
2522,4.6000000000000005,3,93.06617999076843
2523,4.15,6,93.0984001159668
2524,4.449999999999999,4,93.12662506103516
2525,4.9,1,93.15279173851013
2526,4.0,7,93.18320727348328
2527,3.55,10,93.21905374526978
2528,4.6000000000000005,3,93.24819445610046
2529,-3.2,5,93.28132438659668
2530,-1.75,15,93.3215446472168
2531,4.449999999999999,4,93.35068154335022
2532,4.3,5,93.37969207763672
2533,3.6999999999999997,9,93.41448974609375
2534,4.3,5,93.44351720809937
2535,3.4,11,93.48112297058105
2536,4.6000000000000005,3,93.50818729400635
2537,-1.75,15,93.55155873298645
2538,4.3,5,93.58018279075623
2539,4.9,1,93.60627436637878
2540,4.449999999999999,4,93.63631463050842
2541,4.75,2,93.83743453025818
2542,4.75,2,93.86911845207214
2543,-1.75,15,93.92083239555359
2544,3.6999999999999997,9,93.96831226348877
2545,-3.4,9,94.00805974006653
2546,3.85,8,94.04682445526123
2547,3.6999999999999997,9,94.08104920387268
2548,3.55,10,94.12287640571594
2549,4.449999999999999,4,94.1514356136322
2550,-1.75,15,94.20075845718384
2551,4.6000000000000005,3,94.23374223709106
2552,3.85,8,94.27224326133728
2553,4.0,7,94.30286717414856
2554,3.4,11,94.33963704109192
2555,4.15,6,94.36719131469727
2556,-1.75,15,94.40681886672974
2557,4.3,5,94.43966722488403
2558,4.6000000000000005,3,94.46356630325317
2559,3.25,12,94.50046133995056
2560,4.449999999999999,4,94.53313946723938
2561,4.6000000000000005,3,94.5602605342865
2562,4.0,7,94.58839535713196
2563,4.15,6,94.61544823646545
2564,4.6000000000000005,3,94.64209389686584
2565,3.85,8,94.67851567268372
2566,4.15,6,94.70954418182373
2567,4.75,2,94.73600220680237
2568,4.15,6,94.7769341468811
2569,3.6999999999999997,9,94.81030082702637
2570,4.75,2,94.83216738700867
2571,4.3,5,94.86518001556396
2572,3.4,11,94.90276312828064
2573,4.15,6,94.93433713912964
2574,4.6000000000000005,3,94.96431708335876
2575,3.4,11,95.00470209121704
2576,4.15,6,95.03438234329224
2577,4.449999999999999,4,95.06147885322571
2578,3.55,10,95.27268719673157
2579,-1.75,15,95.33208441734314
2580,4.75,2,95.36732769012451
2581,4.15,6,95.40644669532776
2582,4.75,2,95.43664336204529
2583,4.15,6,95.46957397460938
2584,4.449999999999999,4,95.50115299224854
2585,3.6999999999999997,9,95.53818702697754
2586,3.6999999999999997,9,95.57183361053467
2587,-1.75,15,95.61563348770142
2588,4.0,7,95.64874744415283
2589,4.6000000000000005,3,95.67465329170227
2590,4.6000000000000005,3,95.70697140693665
2591,3.6999999999999997,9,95.74412488937378
2592,4.15,6,95.77534914016724
2593,4.0,7,95.80822277069092
2594,4.449999999999999,4,95.8360424041748
2595,-1.75,15,95.87828731536865
2596,-1.75,15,95.92009425163269
2597,4.3,5,95.95223093032837
2598,3.6999999999999997,9,95.98933982849121
2599,4.6000000000000005,3,96.02008771896362
2600,3.6999999999999997,9,96.06035304069519
2601,4.6000000000000005,3,96.0885820388794
2602,4.0,7,96.11859679222107
2603,4.449999999999999,4,96.14626669883728
2604,4.15,6,96.17782759666443
2605,4.3,5,96.20485520362854
2606,3.85,8,96.23753428459167
2607,4.6000000000000005,3,96.2655565738678
2608,4.6000000000000005,3,96.29718041419983
2609,3.25,12,96.33880424499512
2610,4.75,2,96.36493015289307
2611,3.85,8,96.40171551704407
2612,4.449999999999999,4,96.43108654022217
2613,4.6000000000000005,3,96.45703673362732
2614,4.75,2,96.48899173736572
2615,4.6000000000000005,3,96.51618075370789
2616,4.3,5,96.55164504051208
2617,4.449999999999999,4,96.58386039733887
2618,-1.75,15,96.79495072364807
2619,3.85,8,96.83257150650024
2620,4.6000000000000005,3,96.86141419410706
2621,4.75,2,96.88715505599976
2622,4.6000000000000005,3,96.91642951965332
2623,4.0,7,96.9591109752655
2624,4.449999999999999,4,96.9951446056366
2625,4.0,7,97.03334021568298
2626,4.9,1,97.06266188621521
2627,4.15,6,97.09957456588745
2628,4.15,6,97.13551950454712
2629,4.449999999999999,4,97.16711902618408
2630,3.25,12,97.21294832229614
2631,4.0,7,97.26140594482422
2632,4.3,5,97.29724717140198
2633,4.449999999999999,4,97.32466149330139
2634,4.75,2,97.35337018966675
2635,-1.75,15,97.40299940109253
2636,4.75,2,97.42960453033447
2637,4.0,7,97.45732975006104
2638,4.6000000000000005,3,97.4841980934143
2639,3.4,11,97.52361559867859
2640,-1.75,15,97.57159972190857
2641,4.3,5,97.60189318656921
2642,4.15,6,97.63165497779846
2643,4.3,5,97.66805720329285
2644,4.449999999999999,4,97.70365643501282
2645,4.75,2,97.73139953613281
2646,-1.75,15,97.77470207214355
2647,4.15,6,97.80745959281921
2648,4.3,5,97.83446717262268
2649,4.6000000000000005,3,97.8626298904419
2650,3.25,12,97.90232372283936
2651,4.6000000000000005,3,97.92988228797913
2652,3.85,8,97.96269798278809
2653,4.75,2,97.98818969726562
2654,4.75,2,98.0122880935669
2655,-1.75,15,98.06074929237366
2656,4.0,7,98.09462761878967
2657,4.449999999999999,4,98.12132120132446
2658,3.85,8,98.30655980110168
2659,3.85,8,98.34637355804443
2660,3.6999999999999997,9,98.38320779800415
2661,4.0,7,98.41400504112244
2662,4.6000000000000005,3,98.44186210632324
2663,4.6000000000000005,3,98.46584749221802
2664,4.75,2,98.4938714504242
2665,4.6000000000000005,3,98.52136993408203
2666,3.6999999999999997,9,98.55809378623962
2667,3.6999999999999997,9,98.59757971763611
2668,4.0,7,98.63173604011536
2669,4.6000000000000005,3,98.66302418708801
2670,3.6999999999999997,9,98.70647716522217
2671,4.15,6,98.74354457855225
2672,4.15,6,98.78261160850525
2673,4.3,5,98.8187620639801
2674,4.3,5,98.86357426643372
2675,4.6000000000000005,3,98.90069603919983
2676,4.0,7,98.93833994865417
2677,4.6000000000000005,3,98.9636583328247
2678,4.6000000000000005,3,98.98786807060242
2679,4.6000000000000005,3,99.0157208442688
2680,-1.75,15,99.06292843818665
2681,4.15,6,99.09242582321167
2682,4.15,6,99.12634062767029
2683,3.6999999999999997,9,99.16380858421326
2684,3.6999999999999997,9,99.19814968109131
2685,4.6000000000000005,3,99.2217698097229
2686,3.4,11,99.26296043395996
2687,4.0,7,99.29730796813965
2688,4.3,5,99.32248735427856
2689,4.75,2,99.34730911254883
2690,4.15,6,99.3753297328949
2691,3.85,8,99.41502332687378
2692,-1.75,15,99.45891523361206
2693,-3.3,7,99.49368190765381
2694,3.25,12,99.53209114074707
2695,4.15,6,99.5617036819458
2696,3.4,11,99.60043907165527
2697,3.25,12,99.79054713249207
2698,4.449999999999999,4,99.81903266906738
2699,4.0,7,99.85204935073853
2700,4.449999999999999,4,99.88137531280518
2701,4.449999999999999,4,99.91136145591736
2702,-1.75,15,99.96232271194458
2703,4.6000000000000005,3,99.99280619621277
2704,4.15,6,100.02685570716858
2705,3.1,13,100.08249831199646
2706,3.85,8,100.12993383407593
2707,-3.05,2,100.15594434738159
2708,4.15,6,100.19513034820557
2709,4.75,2,100.21835851669312
2710,4.6000000000000005,3,100.24677205085754
2711,4.75,2,100.27233028411865
2712,4.6000000000000005,3,100.30197763442993
2713,3.85,8,100.33920049667358
2714,4.6000000000000005,3,100.36793208122253
2715,3.85,8,100.40946865081787
2716,4.15,6,100.44512176513672
2717,4.3,5,100.47915410995483
2718,4.75,2,100.50197243690491
2719,4.0,7,100.53366684913635
2720,4.449999999999999,4,100.55973744392395
2721,4.0,7,100.5965666770935
2722,4.6000000000000005,3,100.62103033065796
2723,4.75,2,100.6437611579895
2724,4.6000000000000005,3,100.66912722587585
2725,4.75,2,100.69232249259949
2726,4.6000000000000005,3,100.72041511535645
2727,4.449999999999999,4,100.74923825263977
2728,4.3,5,100.77902603149414
2729,3.4,11,100.81827735900879
2730,4.449999999999999,4,100.84807825088501
2731,4.449999999999999,4,100.87641286849976
2732,-3.6,13,100.91845488548279
2733,4.6000000000000005,3,100.94381308555603
2734,4.15,6,100.97488355636597
2735,4.15,6,101.01210474967957
2736,3.85,8,101.04691100120544
2737,4.9,1,101.07129716873169
2738,3.55,10,101.11206912994385
2739,3.55,10,101.14913201332092
2740,3.85,8,101.19212341308594
2741,4.3,5,101.2208604812622
2742,4.15,6,101.40250587463379
2743,4.75,2,101.43292021751404
2744,4.449999999999999,4,101.45701169967651
2745,4.6000000000000005,3,101.48208594322205
2746,4.449999999999999,4,101.50930190086365
2747,3.55,10,101.545006275177
2748,4.449999999999999,4,101.57790565490723
2749,4.6000000000000005,3,101.60709381103516
2750,4.15,6,101.63717913627625
2751,4.6000000000000005,3,101.66688513755798
2752,3.85,8,101.70098161697388
2753,4.3,5,101.73935580253601
2754,3.55,10,101.77864217758179
2755,4.15,6,101.81292366981506
2756,4.449999999999999,4,101.84201097488403
2757,-1.75,15,101.89019179344177
2758,4.9,1,101.92118048667908
2759,4.3,5,101.9556896686554
2760,4.3,5,101.99041199684143
2761,4.15,6,102.02307558059692
2762,4.0,7,102.0606210231781
2763,3.1,13,102.1049153804779
2764,4.449999999999999,4,102.14241981506348
2765,4.75,2,102.17525172233582
2766,4.15,6,102.21486473083496
2767,3.55,10,102.2560453414917
2768,4.6000000000000005,3,102.28215599060059
2769,4.449999999999999,4,102.31032276153564
2770,4.449999999999999,4,102.33835792541504
2771,3.55,10,102.37755703926086
2772,-1.75,15,102.42797446250916
2773,4.3,5,102.46081519126892
2774,4.449999999999999,4,102.48696851730347
2775,3.6999999999999997,9,102.52219319343567
2776,4.0,7,102.55505514144897
2777,4.75,2,102.57741808891296
2778,4.3,5,102.60780191421509
2779,4.449999999999999,4,102.63489365577698
2780,3.4,11,102.67210268974304
2781,4.449999999999999,4,102.69852638244629
2782,-3.15,4,102.7226026058197
2783,3.85,8,102.75719094276428
2784,4.0,7,102.787282705307
2785,4.449999999999999,4,102.95317268371582
2786,4.15,6,102.98270225524902
2787,3.85,8,103.01760649681091
2788,4.15,6,103.05290102958679
2789,4.3,5,103.08260321617126
2790,3.85,8,103.11765480041504
2791,3.55,10,103.1570816040039
2792,4.75,2,103.18753695487976
2793,3.6999999999999997,9,103.23375701904297
2794,4.15,6,103.26852345466614
2795,3.6999999999999997,9,103.31418704986572
2796,4.0,7,103.352210521698
2797,4.75,2,103.37902355194092
2798,4.75,2,103.40490961074829
2799,3.6999999999999997,9,103.44395542144775
2800,4.449999999999999,4,103.46959137916565
2801,4.449999999999999,4,103.49759864807129
2802,4.15,6,103.5264744758606
2803,4.449999999999999,4,103.5526773929596
2804,3.4,11,103.59117770195007
2805,4.0,7,103.6268105506897
2806,4.9,1,103.64838576316833
2807,4.6000000000000005,3,103.67147159576416
2808,4.9,1,103.6957700252533
2809,3.55,10,103.73142766952515
2810,4.449999999999999,4,103.76114106178284
2811,-1.75,15,103.802729845047
2812,4.3,5,103.83353543281555
2813,3.85,8,103.86456966400146
2814,4.6000000000000005,3,103.88766527175903
2815,4.6000000000000005,3,103.91439580917358
2816,4.6000000000000005,3,103.93927478790283
2817,3.85,8,103.97231650352478
2818,4.9,1,104.00251197814941
2819,4.75,2,104.03251791000366
2820,4.449999999999999,4,104.06797575950623
2821,4.75,2,104.09184193611145
2822,4.75,2,104.11663246154785
2823,4.6000000000000005,3,104.1386775970459
2824,4.6000000000000005,3,104.16437292098999
2825,3.6999999999999997,9,104.19741559028625
2826,3.6999999999999997,9,104.23492407798767
2827,-1.75,15,104.27861452102661
2828,4.15,6,104.30816674232483
2829,-3.3,7,104.3421082496643
2830,4.3,5,104.51003861427307
2831,3.4,11,104.54733991622925
2832,4.0,7,104.5772271156311
2833,4.449999999999999,4,104.60535597801208
2834,3.25,12,104.64789509773254
2835,4.449999999999999,4,104.6766288280487
2836,4.6000000000000005,3,104.7029025554657
2837,3.25,12,104.75349116325378
2838,4.15,6,104.7985987663269
2839,4.449999999999999,4,104.83710193634033
2840,4.6000000000000005,3,104.87314248085022
2841,-1.75,15,104.92649054527283
2842,3.25,12,104.96958470344543
2843,4.15,6,105.0008111000061
2844,3.4,11,105.04214000701904
2845,4.6000000000000005,3,105.0715057849884
2846,4.15,6,105.10498070716858
2847,4.9,1,105.13508129119873
2848,4.3,5,105.17235922813416
2849,4.6000000000000005,3,105.19989395141602
2850,3.55,10,105.24324631690979
2851,4.449999999999999,4,105.27207207679749
2852,4.0,7,105.30535697937012
2853,-1.75,15,105.36109757423401
2854,3.6999999999999997,9,105.40027904510498
2855,4.449999999999999,4,105.43494057655334
2856,4.449999999999999,4,105.46049404144287
2857,4.15,6,105.48818922042847
2858,4.0,7,105.51983666419983
2859,4.3,5,105.5523407459259
2860,4.75,2,105.57942223548889
2861,4.75,2,105.60392093658447
2862,4.75,2,105.63058423995972
2863,4.449999999999999,4,105.66108989715576
2864,4.6000000000000005,3,105.68609738349915
2865,4.15,6,105.71697521209717
2866,4.6000000000000005,3,105.74832963943481
2867,4.15,6,105.77735877037048
2868,-1.75,15,105.81883502006531
2869,3.85,8,105.8540403842926
2870,4.3,5,106.03058552742004
2871,4.75,2,106.05564832687378
2872,3.85,8,106.09081315994263
2873,-1.75,15,106.14087009429932
2874,4.449999999999999,4,106.17480826377869
2875,3.55,10,106.21755743026733
2876,4.449999999999999,4,106.24666571617126
2877,4.15,6,106.2798855304718
2878,4.3,5,106.31431365013123
2879,4.449999999999999,4,106.34888792037964
2880,4.6000000000000005,3,106.37941431999207
2881,3.4,11,106.42589616775513
2882,4.6000000000000005,3,106.4507086277008
2883,4.449999999999999,4,106.47746658325195
2884,4.15,6,106.50667667388916
2885,4.6000000000000005,3,106.53315830230713
2886,4.6000000000000005,3,106.56215500831604
2887,4.6000000000000005,3,106.58678007125854
2888,3.55,10,106.62724661827087
2889,4.6000000000000005,3,106.65189123153687
2890,4.3,5,106.68147921562195
2891,4.3,5,106.7132830619812
2892,3.85,8,106.75093364715576
2893,4.449999999999999,4,106.77651381492615
2894,4.0,7,106.81914138793945
2895,4.15,6,106.85457611083984
2896,4.75,2,106.88167190551758
2897,4.449999999999999,4,106.91245079040527
2898,4.15,6,106.94402694702148
2899,3.1,13,106.98521137237549
2900,4.3,5,107.01768779754639
2901,4.449999999999999,4,107.04685163497925
2902,3.4,11,107.08391523361206
2903,-3.35,8,107.12181329727173
2904,4.75,2,107.14579200744629
2905,3.55,10,107.18700885772705
2906,3.85,8,107.22064971923828
2907,3.55,10,107.25841045379639
2908,4.15,6,107.28848433494568
2909,3.85,8,107.32399535179138
2910,4.0,7,107.35457229614258
2911,4.9,1,107.38066482543945
2912,4.3,5,107.4102623462677
2913,3.85,8,107.58897733688354
2914,4.3,5,107.6189796924591
2915,4.6000000000000005,3,107.65107989311218
2916,4.6000000000000005,3,107.68232917785645
2917,3.85,8,107.71631169319153
2918,3.85,8,107.74873399734497
2919,4.9,1,107.77041363716125
2920,4.449999999999999,4,107.80361294746399
2921,3.6999999999999997,9,107.84544968605042
2922,4.15,6,107.89369487762451
2923,4.15,6,107.93955159187317
2924,4.15,6,107.98330998420715
2925,4.0,7,108.03525471687317
2926,4.15,6,108.07957053184509
2927,3.4,11,108.11719799041748
2928,3.85,8,108.15263056755066
2929,4.9,1,108.18238568305969
2930,4.3,5,108.21591281890869
2931,4.449999999999999,4,108.25168561935425
2932,4.15,6,108.28757786750793
2933,-1.75,15,108.34028673171997
2934,4.3,5,108.37111830711365
2935,4.3,5,108.40530133247375
2936,4.3,5,108.43432664871216
2937,4.6000000000000005,3,108.46331477165222
2938,3.55,10,108.50155401229858
2939,4.3,5,108.53063607215881
2940,-1.75,15,108.5772647857666
2941,4.3,5,108.60698747634888
2942,4.75,2,108.64342927932739
2943,3.4,11,108.6986312866211
2944,4.0,7,108.74106526374817
2945,4.449999999999999,4,108.77092838287354
2946,4.449999999999999,4,108.79953598976135
2947,3.85,8,108.83286547660828
2948,4.3,5,108.86343812942505
2949,4.449999999999999,4,108.8961124420166
2950,3.85,8,108.92900276184082
2951,4.15,6,108.95676279067993
2952,3.85,8,108.99080848693848
2953,4.75,2,109.016756772995
2954,4.6000000000000005,3,109.04606890678406
2955,4.75,2,109.06910037994385
2956,3.55,10,109.25250124931335
2957,4.449999999999999,4,109.28386378288269
2958,4.0,7,109.318350315094
2959,4.449999999999999,4,109.35093212127686
2960,3.85,8,109.38527703285217
2961,4.75,2,109.41111016273499
2962,4.3,5,109.44447588920593
2963,4.0,7,109.48181676864624
2964,4.75,2,109.51055908203125
2965,4.75,2,109.53956413269043
2966,3.6999999999999997,9,109.57952666282654
2967,4.15,6,109.61726808547974
2968,4.449999999999999,4,109.64739990234375
2969,4.6000000000000005,3,109.6781415939331
2970,4.6000000000000005,3,109.7034969329834
2971,4.6000000000000005,3,109.73495602607727
2972,4.3,5,109.76821374893188
2973,4.15,6,109.80055856704712
2974,4.449999999999999,4,109.82919883728027
2975,4.9,1,109.8516993522644
2976,4.75,2,109.87690234184265
2977,4.15,6,109.90894508361816
2978,4.3,5,109.93555450439453
2979,-1.75,15,109.98080539703369
2980,4.3,5,110.01036882400513
2981,-1.75,15,110.05476498603821
2982,4.0,7,110.0889265537262
2983,3.4,11,110.13516354560852
2984,4.3,5,110.168372631073
2985,4.6000000000000005,3,110.19656324386597
2986,4.0,7,110.22830724716187
2987,3.6999999999999997,9,110.26197576522827
2988,4.6000000000000005,3,110.28805804252625
2989,4.6000000000000005,3,110.31487774848938
2990,3.55,10,110.35242342948914
2991,4.9,1,110.37572956085205
2992,4.3,5,110.40121245384216
2993,4.15,6,110.43262386322021
2994,4.0,7,110.46463871002197
2995,4.75,2,110.48562288284302
2996,4.3,5,110.51469254493713
2997,3.6999999999999997,9,110.54905366897583
2998,4.0,7,110.5814278125763
2999,4.3,5,110.61145520210266
3000,4.3,5,110.6403477191925
3001,3.85,8,110.81722164154053
3002,4.0,7,110.84752607345581
3003,4.6000000000000005,3,110.87577795982361
3004,4.6000000000000005,3,110.90284371376038
3005,3.6999999999999997,9,110.9437575340271
3006,4.6000000000000005,3,110.9718964099884
3007,4.0,7,111.00860333442688
3008,4.6000000000000005,3,111.03507137298584
3009,-3.55,12,111.07703733444214
3010,4.449999999999999,4,111.10329747200012
3011,4.3,5,111.13104820251465
3012,4.15,6,111.16727304458618
3013,4.449999999999999,4,111.19839978218079
3014,4.75,2,111.22245478630066
3015,4.0,7,111.25529837608337
3016,3.85,8,111.3011040687561
3017,4.0,7,111.33427262306213
3018,4.75,2,111.36352229118347
3019,4.449999999999999,4,111.38866019248962
3020,4.0,7,111.42866396903992
3021,3.6999999999999997,9,111.47454857826233
3022,4.449999999999999,4,111.50974225997925
3023,-1.75,15,111.55259871482849
3024,4.15,6,111.58277225494385
3025,4.3,5,111.61503624916077
3026,3.55,10,111.65352892875671
3027,4.3,5,111.6869740486145
3028,-1.75,15,111.73371696472168
3029,-3.1,3,111.7586624622345
3030,4.0,7,111.7922306060791
3031,4.75,2,111.82371711730957
3032,4.449999999999999,4,111.85249900817871
3033,4.75,2,111.88734006881714
3034,4.9,1,111.91582751274109
3035,3.55,10,111.95450043678284
3036,4.449999999999999,4,111.98731112480164
3037,-1.75,15,112.03455710411072
3038,4.3,5,112.06375408172607
3039,4.3,5,112.0929388999939
3040,4.449999999999999,4,112.12615537643433
3041,4.6000000000000005,3,112.15779733657837
3042,4.0,7,112.20067954063416
3043,4.449999999999999,4,112.22909259796143
3044,4.75,2,112.26039862632751
3045,4.9,1,112.28155016899109
3046,4.6000000000000005,3,112.44935750961304
3047,-1.75,15,112.49069929122925
3048,4.15,6,112.52049112319946
3049,4.449999999999999,4,112.54779052734375
3050,4.0,7,112.57800841331482
3051,4.0,7,112.61028575897217
3052,3.4,11,112.65044665336609
3053,4.15,6,112.68481278419495
3054,4.3,5,112.72435140609741
3055,3.85,8,112.76584434509277
3056,4.6000000000000005,3,112.79576992988586
3057,3.6999999999999997,9,112.82911467552185
3058,4.3,5,112.8611273765564
3059,4.6000000000000005,3,112.88980627059937
3060,4.449999999999999,4,112.92486572265625
3061,4.6000000000000005,3,112.95139598846436
3062,4.15,6,112.9863269329071
3063,4.15,6,113.01983189582825
3064,3.55,10,113.0580096244812
3065,-1.75,15,113.10374283790588
3066,4.0,7,113.13945031166077
3067,4.3,5,113.1717803478241
3068,4.0,7,113.20447540283203
3069,4.75,2,113.22947382926941
3070,4.449999999999999,4,113.26021599769592
3071,3.85,8,113.2952013015747
3072,3.25,12,113.34029984474182
3073,4.75,2,113.36576318740845
3074,4.6000000000000005,3,113.39437437057495
3075,3.6999999999999997,9,113.42831420898438
3076,4.6000000000000005,3,113.4522602558136
3077,4.449999999999999,4,113.48528385162354
3078,4.9,1,113.50850105285645
3079,3.25,12,113.55058908462524
3080,4.449999999999999,4,113.57813930511475
3081,4.6000000000000005,3,113.60561466217041
3082,-1.75,15,113.65464234352112
3083,4.6000000000000005,3,113.68462610244751
3084,4.15,6,113.71436834335327
3085,3.25,12,113.90990948677063
3086,3.1,13,113.95055365562439
3087,4.3,5,113.9807140827179
3088,4.0,7,114.0143690109253
3089,4.6000000000000005,3,114.03975772857666
3090,4.15,6,114.07318091392517
3091,3.85,8,114.10940623283386
3092,-1.75,15,114.15313744544983
3093,4.6000000000000005,3,114.18776535987854
3094,3.85,8,114.22399067878723
3095,4.6000000000000005,3,114.25885152816772
3096,4.0,7,114.29637479782104
3097,4.15,6,114.32766771316528
3098,4.9,1,114.3507707118988
3099,4.15,6,114.38355731964111
3100,4.6000000000000005,3,114.41438460350037
3101,4.0,7,114.45044660568237
3102,4.3,5,114.48235988616943
3103,4.3,5,114.51604866981506
3104,4.3,5,114.55403208732605
3105,-1.75,15,114.60770869255066
3106,4.6000000000000005,3,114.63473415374756
3107,4.449999999999999,4,114.66563487052917
3108,4.6000000000000005,3,114.69134664535522
3109,4.0,7,114.72419881820679
3110,4.6000000000000005,3,114.7541356086731
3111,3.6999999999999997,9,114.79461455345154
3112,-1.75,15,114.83642172813416
3113,3.85,8,114.86814594268799
3114,4.9,1,114.89139246940613
3115,4.0,7,114.92430830001831
3116,4.15,6,114.95315098762512
3117,4.449999999999999,4,114.98312759399414
3118,4.9,1,115.00710153579712
3119,4.75,2,115.03972792625427
3120,4.6000000000000005,3,115.06639289855957
3121,3.85,8,115.1011312007904
3122,-1.75,15,115.14693355560303
3123,4.15,6,115.18520259857178
3124,4.9,1,115.21001601219177
3125,4.0,7,115.24647831916809
3126,4.3,5,115.28586602210999
3127,4.3,5,115.31707096099854
3128,4.15,6,115.51411581039429
3129,4.0,7,115.5490870475769
3130,3.85,8,115.58315229415894
3131,3.55,10,115.62472558021545
3132,3.6999999999999997,9,115.6594877243042
3133,4.75,2,115.68506407737732
3134,4.449999999999999,4,115.71395611763
3135,4.6000000000000005,3,115.74311900138855
3136,4.6000000000000005,3,115.77536416053772
3137,2.9499999999999997,14,115.82249665260315
3138,3.25,12,115.86898851394653
3139,4.6000000000000005,3,115.8954348564148
3140,4.449999999999999,4,115.92523670196533
3141,4.449999999999999,4,115.95111966133118
3142,4.449999999999999,4,115.97889566421509
3143,4.75,2,116.00577330589294
3144,4.9,1,116.02935838699341
3145,4.6000000000000005,3,116.06494212150574
3146,4.15,6,116.09557008743286
3147,4.6000000000000005,3,116.12649011611938
3148,3.6999999999999997,9,116.1746883392334
3149,4.75,2,116.2174801826477
3150,3.4,11,116.27606534957886
3151,4.75,2,116.30417823791504
3152,4.6000000000000005,3,116.33847188949585
3153,3.6999999999999997,9,116.3769371509552
3154,4.0,7,116.41195392608643
3155,4.9,1,116.43665385246277
3156,-3.15,4,116.4635546207428
3157,4.449999999999999,4,116.49295210838318
3158,4.6000000000000005,3,116.5207576751709
3159,3.6999999999999997,9,116.55690717697144
3160,4.6000000000000005,3,116.58546090126038
3161,4.3,5,116.62355017662048
3162,4.75,2,116.65234756469727
3163,4.3,5,116.68468689918518
3164,4.449999999999999,4,116.71354126930237
3165,4.6000000000000005,3,116.74010014533997
3166,4.75,2,116.76644539833069
3167,3.6999999999999997,9,116.80546283721924
3168,4.9,1,116.83006525039673
3169,4.3,5,116.85749745368958
3170,4.449999999999999,4,116.88478112220764
3171,4.0,7,116.9192910194397
3172,4.9,1,116.94917917251587
3173,4.449999999999999,4,116.97470474243164
3174,3.55,10,117.01263689994812
3175,4.6000000000000005,3,117.0349178314209
3176,3.6999999999999997,9,117.0703821182251
3177,-1.75,15,117.26099753379822
3178,3.6999999999999997,9,117.29968547821045
3179,4.449999999999999,4,117.32734966278076
3180,4.9,1,117.35095858573914
3181,-1.75,15,117.39609289169312
3182,3.55,10,117.43906950950623
3183,4.75,2,117.46449303627014
3184,4.6000000000000005,3,117.48937344551086
3185,4.75,2,117.51722049713135
3186,4.449999999999999,4,117.55021071434021
3187,4.6000000000000005,3,117.57678532600403
3188,4.3,5,117.60793733596802
3189,4.15,6,117.64327359199524
3190,4.449999999999999,4,117.67412543296814
3191,3.4,11,117.71711587905884
3192,4.0,7,117.75282669067383
3193,4.449999999999999,4,117.78219795227051
3194,4.449999999999999,4,117.81240725517273
3195,3.6999999999999997,9,117.84974074363708
3196,4.75,2,117.8808057308197
3197,4.3,5,117.91005492210388
3198,4.0,7,117.94259428977966
3199,4.6000000000000005,3,117.96821141242981
3200,4.6000000000000005,3,117.99977087974548
3201,4.3,5,118.03974485397339
3202,4.9,1,118.06220579147339
3203,4.15,6,118.09183287620544
3204,4.6000000000000005,3,118.1187584400177
3205,-1.75,15,118.16365337371826
3206,4.449999999999999,4,118.19312572479248
3207,4.6000000000000005,3,118.21980023384094
3208,-1.75,15,118.26907110214233
3209,4.6000000000000005,3,118.29799318313599
3210,4.75,2,118.32658910751343
3211,3.55,10,118.37548613548279
3212,3.4,11,118.41514658927917
3213,4.449999999999999,4,118.44192266464233
3214,4.0,7,118.47061896324158
3215,4.6000000000000005,3,118.49491477012634
3216,4.75,2,118.51918125152588
3217,3.25,12,118.55910110473633
3218,3.6999999999999997,9,118.5959804058075
3219,3.4,11,118.6350884437561
3220,4.3,5,118.83692789077759
3221,-1.75,15,118.89151310920715
3222,4.449999999999999,4,118.92666363716125
3223,4.3,5,118.95857048034668
3224,4.3,5,118.99536752700806
3225,4.6000000000000005,3,119.0230085849762
3226,3.55,10,119.06347465515137
3227,-1.75,15,119.10915732383728
3228,4.75,2,119.13794994354248
3229,3.6999999999999997,9,119.17244982719421
3230,4.9,1,119.19593739509583
3231,4.9,1,119.21859693527222
3232,-1.75,15,119.27847504615784
3233,4.75,2,119.30804538726807
3234,4.75,2,119.33621406555176
3235,4.15,6,119.36813855171204
3236,3.4,11,119.40493488311768
3237,3.55,10,119.44279050827026
3238,4.0,7,119.47324800491333
3239,4.9,1,119.49575352668762
3240,3.4,11,119.5315809249878
3241,4.0,7,119.56432342529297
3242,-3.1,3,119.59241771697998
3243,4.15,6,119.62406015396118
3244,4.75,2,119.64721465110779
3245,-3.3,7,119.6795105934143
3246,4.3,5,119.71003150939941
3247,4.3,5,119.73527073860168
3248,-1.75,15,119.78334283828735
3249,3.4,11,119.8231360912323
3250,4.449999999999999,4,119.85109281539917
3251,4.449999999999999,4,119.87867736816406
3252,4.75,2,119.90443396568298
3253,3.4,11,119.94397640228271
3254,3.6999999999999997,9,119.97754335403442
3255,4.449999999999999,4,120.00341820716858
3256,4.6000000000000005,3,120.03312873840332
3257,4.15,6,120.06554818153381
3258,4.15,6,120.09544372558594
3259,4.15,6,120.126216173172
3260,4.6000000000000005,3,120.29878282546997
3261,3.85,8,120.33184480667114
3262,4.449999999999999,4,120.36165714263916
3263,4.75,2,120.38865423202515
3264,4.75,2,120.41858696937561
3265,4.15,6,120.45209288597107
3266,4.75,2,120.48020005226135
3267,4.9,1,120.50421500205994
3268,4.3,5,120.5351631641388
3269,4.449999999999999,4,120.56488585472107
3270,4.449999999999999,4,120.594797372818
3271,4.75,2,120.61872148513794
3272,4.6000000000000005,3,120.6467752456665
3273,3.85,8,120.68418884277344
3274,3.4,11,120.72773933410645
3275,4.6000000000000005,3,120.75969290733337
3276,4.6000000000000005,3,120.7916886806488
3277,4.449999999999999,4,120.82248830795288
3278,4.6000000000000005,3,120.84923338890076
3279,3.25,12,120.8955545425415
3280,4.75,2,120.92284536361694
3281,3.6999999999999997,9,120.958181142807
3282,4.0,7,120.99215698242188
3283,3.6999999999999997,9,121.02381610870361
3284,4.75,2,121.04964852333069
3285,3.6999999999999997,9,121.08718466758728
3286,4.3,5,121.11669707298279
3287,4.75,2,121.14807438850403
3288,4.6000000000000005,3,121.17387127876282
3289,4.6000000000000005,3,121.2017023563385
3290,4.6000000000000005,3,121.22999596595764
3291,3.85,8,121.27164268493652
3292,4.6000000000000005,3,121.29938960075378
3293,4.75,2,121.33015656471252
3294,4.449999999999999,4,121.36160254478455
3295,4.6000000000000005,3,121.3896849155426
3296,-1.75,15,121.43591713905334
3297,4.449999999999999,4,121.46448230743408
3298,3.6999999999999997,9,121.50006985664368
3299,4.6000000000000005,3,121.5284526348114
3300,4.15,6,121.55823135375977
3301,4.3,5,121.58362030982971
3302,4.0,7,121.61853122711182
3303,4.15,6,121.64804124832153
3304,3.55,10,121.68345284461975
3305,4.15,6,121.71618151664734
3306,4.15,6,121.74932551383972
3307,4.0,7,121.7867226600647
3308,-1.75,15,121.99155330657959
3309,4.75,2,122.02004146575928
3310,4.75,2,122.05071878433228
3311,4.9,1,122.07645678520203
3312,4.3,5,122.11372995376587
3313,3.6999999999999997,9,122.1557469367981
3314,3.6999999999999997,9,122.18974661827087
3315,4.6000000000000005,3,122.21891379356384
3316,4.75,2,122.24763631820679
3317,4.3,5,122.2872576713562
3318,4.449999999999999,4,122.32230997085571
3319,4.3,5,122.35243892669678
3320,4.6000000000000005,3,122.3821108341217
3321,4.0,7,122.4171450138092
3322,3.85,8,122.4514389038086
3323,4.9,1,122.47745680809021
3324,3.6999999999999997,9,122.51231908798218
3325,4.3,5,122.54038572311401
3326,3.85,8,122.57444024085999
3327,4.15,6,122.60402154922485
3328,4.449999999999999,4,122.63362121582031
3329,4.449999999999999,4,122.65918493270874
3330,4.0,7,122.69216322898865
3331,4.3,5,122.72177791595459
3332,-1.75,15,122.77044987678528
3333,3.85,8,122.8107008934021
3334,4.449999999999999,4,122.84119963645935
3335,4.75,2,122.86527371406555
3336,3.85,8,122.89906287193298
3337,4.6000000000000005,3,122.92356753349304
3338,4.6000000000000005,3,122.94908022880554
3339,-3.5,11,122.9870400428772
3340,4.0,7,123.02326107025146
3341,3.85,8,123.05388021469116
3342,4.0,7,123.08579707145691
3343,4.0,7,123.11831331253052
3344,3.85,8,123.15129733085632
3345,-1.75,15,123.19284248352051
3346,-1.75,15,123.24064087867737
3347,4.449999999999999,4,123.27217721939087
3348,4.6000000000000005,3,123.30028414726257
3349,3.85,8,123.483811378479
3350,-1.75,15,123.5276608467102
3351,4.0,7,123.56356906890869
3352,4.3,5,123.59594106674194
3353,4.6000000000000005,3,123.6271481513977
3354,4.6000000000000005,3,123.65809392929077
3355,4.9,1,123.68387269973755
3356,4.0,7,123.72734522819519
3357,3.85,8,123.76348161697388
3358,4.3,5,123.79532051086426
3359,4.6000000000000005,3,123.82502603530884
3360,4.6000000000000005,3,123.86030387878418
3361,4.3,5,123.8945255279541
3362,4.449999999999999,4,123.9282968044281
3363,4.3,5,123.9599437713623
3364,3.6999999999999997,9,123.99694418907166
3365,4.75,2,124.02675342559814
3366,4.6000000000000005,3,124.05535221099854
3367,4.0,7,124.08635973930359
3368,3.4,11,124.1307303905487
3369,3.4,11,124.17314672470093
3370,3.6999999999999997,9,124.21359086036682
3371,4.0,7,124.25180101394653
3372,4.15,6,124.28487730026245
3373,4.9,1,124.30958294868469
3374,3.25,12,124.34904074668884
3375,4.3,5,124.37997674942017
3376,4.0,7,124.41320323944092
3377,4.6000000000000005,3,124.44033098220825
3378,4.75,2,124.46507740020752
3379,4.449999999999999,4,124.4915611743927
3380,4.449999999999999,4,124.51618361473083
3381,3.25,12,124.55441808700562
3382,4.6000000000000005,3,124.57866978645325
3383,4.3,5,124.60620737075806
3384,4.75,2,124.62768197059631
3385,3.6999999999999997,9,124.66631269454956
3386,4.449999999999999,4,124.69815015792847
3387,4.449999999999999,4,124.726318359375
3388,4.6000000000000005,3,124.75316333770752
3389,4.9,1,124.78118777275085
3390,4.0,7,124.82002377510071
3391,4.449999999999999,4,124.84800434112549
3392,4.15,6,124.8766975402832
3393,-1.75,15,124.9207992553711
3394,4.6000000000000005,3,124.94967532157898
3395,4.449999999999999,4,125.13367033004761
3396,-3.1,3,125.16162204742432
3397,3.6999999999999997,9,125.19823956489563
3398,4.75,2,125.229168176651
3399,4.15,6,125.26773309707642
3400,3.25,12,125.32609224319458
3401,4.15,6,125.35922241210938
3402,4.3,5,125.39237976074219
3403,-1.75,15,125.44637560844421
3404,4.15,6,125.48048639297485
3405,4.3,5,125.51507091522217
3406,4.15,6,125.55013179779053
3407,3.4,11,125.59285521507263
3408,3.4,11,125.62929463386536
3409,4.15,6,125.66244769096375
3410,4.449999999999999,4,125.6957380771637
3411,4.75,2,125.71776533126831
3412,-1.75,15,125.76307535171509
3413,4.15,6,125.79722952842712
3414,3.25,12,125.84124732017517
3415,4.449999999999999,4,125.8662428855896
3416,4.15,6,125.89852786064148
3417,4.0,7,125.9408106803894
3418,4.3,5,125.97688698768616
3419,4.75,2,126.00035524368286
3420,3.85,8,126.03810477256775
3421,-1.75,15,126.0930187702179
3422,4.15,6,126.12610864639282
3423,3.85,8,126.15614199638367
3424,-1.75,15,126.1986334323883
3425,-1.75,15,126.24170255661011
3426,4.3,5,126.26934385299683
3427,4.6000000000000005,3,126.29769515991211
3428,3.4,11,126.33343982696533
3429,4.75,2,126.51004266738892
3430,4.3,5,126.54029774665833
3431,4.75,2,126.56755781173706
3432,3.85,8,126.60159993171692
3433,4.75,2,126.62935400009155
3434,4.9,1,126.65244507789612
3435,3.55,10,126.68701553344727
3436,-1.75,15,126.73533177375793
3437,3.4,11,126.77863025665283
3438,3.6999999999999997,9,126.81447196006775
3439,-1.75,15,126.86031126976013
3440,-1.75,15,126.91040921211243
3441,-1.75,15,126.95600962638855
3442,4.0,7,126.98987889289856
3443,4.75,2,127.01460123062134
3444,3.55,10,127.05094480514526
3445,4.75,2,127.07708215713501
3446,4.75,2,127.10346388816833
3447,4.0,7,127.14364981651306
3448,4.15,6,127.17800688743591
3449,4.3,5,127.2138340473175
3450,4.449999999999999,4,127.25401592254639
3451,4.9,1,127.28424382209778
3452,4.6000000000000005,3,127.31624126434326
3453,4.75,2,127.34403777122498
3454,4.0,7,127.37933278083801
3455,4.15,6,127.41270542144775
3456,4.449999999999999,4,127.43947005271912
3457,4.9,1,127.46411561965942
3458,4.15,6,127.49602270126343
3459,4.3,5,127.52815651893616
3460,4.15,6,127.56180453300476
3461,3.4,11,127.59775114059448
3462,4.6000000000000005,3,127.62442994117737
3463,4.6000000000000005,3,127.65095973014832
3464,4.449999999999999,4,127.68168544769287
3465,4.9,1,127.70398569107056
3466,4.75,2,127.72716283798218
3467,4.6000000000000005,3,127.75293159484863
3468,3.85,8,127.78885221481323
3469,4.6000000000000005,3,127.81510901451111
3470,-1.75,15,127.86264848709106
3471,4.6000000000000005,3,127.89291858673096
3472,4.6000000000000005,3,127.92012143135071
3473,4.75,2,128.10610461235046
3474,3.55,10,128.1454267501831
3475,4.3,5,128.17788887023926
3476,4.6000000000000005,3,128.2041494846344
3477,3.85,8,128.24205875396729
3478,-1.75,15,128.28927874565125
3479,3.6999999999999997,9,128.32968592643738
3480,4.6000000000000005,3,128.36178874969482
3481,4.6000000000000005,3,128.39372420310974
3482,3.6999999999999997,9,128.43967127799988
3483,4.6000000000000005,3,128.46976971626282
3484,4.15,6,128.49819111824036
3485,4.3,5,128.53504276275635
3486,4.3,5,128.56697368621826
3487,4.3,5,128.59784293174744
3488,4.6000000000000005,3,128.6271469593048
3489,4.6000000000000005,3,128.65737581253052
3490,4.75,2,128.6810188293457
3491,4.449999999999999,4,128.7151243686676
3492,4.75,2,128.74470901489258
3493,3.85,8,128.78561234474182
3494,4.6000000000000005,3,128.8159236907959
3495,4.3,5,128.85200953483582
3496,4.449999999999999,4,128.8834934234619
3497,4.75,2,128.91178107261658
3498,4.3,5,128.94880604743958
3499,4.449999999999999,4,128.98160910606384
3500,4.75,2,129.01001834869385
3501,4.6000000000000005,3,129.0352852344513
3502,4.3,5,129.06775665283203
3503,4.15,6,129.10725212097168
3504,4.3,5,129.14202570915222
3505,-1.75,15,129.19039726257324
3506,4.75,2,129.21427845954895
3507,3.85,8,129.25315117835999
3508,4.6000000000000005,3,129.28127431869507
3509,4.449999999999999,4,129.31192660331726
3510,4.15,6,129.34471154212952
3511,4.3,5,129.38228607177734
3512,4.3,5,129.41772603988647
3513,4.0,7,129.44704246520996
3514,-1.75,15,129.48723697662354
3515,4.0,7,129.51842141151428
3516,-1.75,15,129.55877470970154
3517,4.6000000000000005,3,129.58286833763123
3518,4.6000000000000005,3,129.6085946559906
3519,4.6000000000000005,3,129.7722532749176
3520,4.9,1,129.79501152038574
3521,4.449999999999999,4,129.82069420814514
3522,4.75,2,129.8487093448639
3523,3.85,8,129.88156747817993
3524,4.75,2,129.9088637828827
3525,4.15,6,129.94274640083313
3526,4.75,2,129.973237991333
3527,4.75,2,129.99787735939026
3528,4.6000000000000005,3,130.02859473228455
3529,4.15,6,130.068199634552
3530,4.6000000000000005,3,130.09957480430603
3531,4.15,6,130.13514280319214
3532,4.6000000000000005,3,130.16783499717712
3533,4.75,2,130.19641256332397
3534,4.6000000000000005,3,130.23420453071594
3535,4.6000000000000005,3,130.26998853683472
3536,3.25,12,130.31621551513672
3537,4.449999999999999,4,130.34898471832275
3538,4.449999999999999,4,130.38100814819336
3539,3.55,10,130.42429089546204
3540,4.0,7,130.4591202735901
3541,4.3,5,130.4875853061676
3542,4.449999999999999,4,130.51498246192932
3543,4.449999999999999,4,130.54370737075806
3544,4.75,2,130.56882667541504
3545,4.3,5,130.5963535308838
3546,4.449999999999999,4,130.6220257282257
3547,3.6999999999999997,9,130.65867161750793
3548,4.3,5,130.68954873085022
3549,4.75,2,130.7206268310547
3550,4.15,6,130.7498161792755
3551,3.4,11,130.79649877548218
3552,3.6999999999999997,9,130.83328342437744
3553,4.449999999999999,4,130.86515736579895
3554,3.6999999999999997,9,130.9053316116333
3555,3.85,8,130.94085025787354
3556,-1.75,15,130.9836142063141
3557,4.6000000000000005,3,131.0123372077942
3558,4.15,6,131.04577255249023
3559,4.15,6,131.08272552490234
3560,3.6999999999999997,9,131.1182508468628
3561,4.3,5,131.15001583099365
3562,4.75,2,131.17858862876892
3563,3.55,10,131.21297979354858
3564,4.3,5,131.24004244804382
3565,4.15,6,131.26760005950928
3566,4.449999999999999,4,131.30234956741333
3567,4.0,7,131.48928451538086
3568,4.75,2,131.51808261871338
3569,3.4,11,131.56494283676147
3570,4.6000000000000005,3,131.5904324054718
3571,4.15,6,131.62401032447815
3572,4.6000000000000005,3,131.64969778060913
3573,3.4,11,131.68777322769165
3574,3.25,12,131.73011708259583
3575,4.0,7,131.7651128768921
3576,4.3,5,131.7966046333313
3577,4.0,7,131.8280529975891
3578,4.15,6,131.85620641708374
3579,4.3,5,131.89037585258484
3580,4.75,2,131.91558265686035
3581,4.9,1,131.93883228302002
3582,4.75,2,131.9674527645111
3583,4.6000000000000005,3,131.99674129486084
3584,4.75,2,132.02478766441345
3585,4.0,7,132.05734276771545
3586,4.15,6,132.09028720855713
3587,4.449999999999999,4,132.12061166763306
3588,4.75,2,132.14432072639465
3589,4.449999999999999,4,132.17314839363098
3590,-1.75,15,132.22427797317505
3591,4.75,2,132.2593493461609
3592,4.6000000000000005,3,132.2888081073761
3593,-1.75,15,132.3390715122223
3594,4.449999999999999,4,132.3649742603302
3595,4.9,1,132.39384198188782
3596,3.6999999999999997,9,132.42708349227905
3597,4.3,5,132.45691514015198
3598,4.3,5,132.48648476600647
3599,4.75,2,132.51235914230347
3600,4.449999999999999,4,132.54649186134338
3601,4.449999999999999,4,132.57404613494873
3602,-1.75,15,132.6175136566162
3603,4.15,6,132.6492486000061
3604,4.6000000000000005,3,132.67440748214722
3605,4.6000000000000005,3,132.69884753227234
3606,4.449999999999999,4,132.72529816627502
3607,4.0,7,132.75766801834106
3608,4.75,2,132.782372713089
3609,4.0,7,132.81400895118713
3610,4.75,2,132.8385591506958
3611,4.6000000000000005,3,132.86396169662476
3612,4.449999999999999,4,132.89057683944702
3613,4.6000000000000005,3,132.91725492477417
3614,4.449999999999999,4,132.94203090667725
3615,4.0,7,132.97299695014954
3616,4.75,2,132.99771857261658
3617,4.75,2,133.2102243900299
3618,4.3,5,133.25324130058289
3619,4.3,5,133.28252339363098
3620,4.6000000000000005,3,133.31373143196106
3621,-1.75,15,133.3627052307129
3622,3.1,13,133.4094579219818
3623,4.0,7,133.44854307174683
3624,3.85,8,133.4818148612976
3625,4.75,2,133.50736045837402
3626,4.6000000000000005,3,133.53542685508728
3627,3.6999999999999997,9,133.57330465316772
3628,4.75,2,133.59602570533752
3629,4.3,5,133.62568926811218
3630,4.75,2,133.64921379089355
3631,4.449999999999999,4,133.6734402179718
3632,4.3,5,133.70417833328247
3633,3.6999999999999997,9,133.74195671081543
3634,4.6000000000000005,3,133.7752296924591
3635,4.3,5,133.80512595176697
3636,4.9,1,133.83064913749695
3637,3.85,8,133.86485052108765
3638,4.75,2,133.8943464756012
3639,4.75,2,133.92134356498718
3640,3.25,12,133.9610414505005
3641,3.55,10,134.00022912025452
3642,4.0,7,134.03647685050964
3643,4.6000000000000005,3,134.07266426086426
3644,4.9,1,134.0994176864624
3645,4.75,2,134.13108849525452
3646,4.0,7,134.1690390110016
3647,4.6000000000000005,3,134.19504594802856
3648,4.0,7,134.22733449935913
3649,4.6000000000000005,3,134.25178050994873
3650,4.6000000000000005,3,134.28296041488647
3651,4.75,2,134.30738806724548
3652,4.449999999999999,4,134.3347041606903
3653,4.449999999999999,4,134.36173009872437
3654,4.15,6,134.39600157737732
3655,3.55,10,134.43600487709045
3656,-1.75,15,134.48832249641418
3657,4.3,5,134.52395033836365
3658,4.3,5,134.55440402030945
3659,4.0,7,134.59183144569397
3660,4.449999999999999,4,134.62175583839417
3661,4.3,5,134.6509702205658
3662,4.75,2,134.67709684371948
3663,4.75,2,134.70113277435303
3664,4.0,7,134.7383518218994
3665,4.6000000000000005,3,134.9173526763916
3666,4.449999999999999,4,134.94805073738098
3667,4.0,7,134.9796507358551
3668,-3.2,5,135.00825214385986
3669,4.449999999999999,4,135.0380802154541
3670,4.15,6,135.07189178466797
3671,4.15,6,135.1089060306549
3672,4.0,7,135.1494917869568
3673,4.15,6,135.1808135509491
3674,3.85,8,135.21086168289185
3675,4.75,2,135.23420977592468
3676,3.85,8,135.26681423187256
3677,4.3,5,135.29947185516357
3678,3.25,12,135.35277199745178
3679,3.25,12,135.39294624328613
3680,4.15,6,135.4317855834961
3681,4.3,5,135.46639108657837
3682,3.4,11,135.50928401947021
3683,4.449999999999999,4,135.54040098190308
3684,4.15,6,135.5710587501526
3685,4.6000000000000005,3,135.59966731071472
3686,4.6000000000000005,3,135.62816095352173
3687,4.15,6,135.66191363334656
3688,4.6000000000000005,3,135.69084119796753
3689,4.449999999999999,4,135.71991848945618
3690,4.3,5,135.75078916549683
3691,4.15,6,135.79021167755127
3692,-1.75,15,135.83452343940735
3693,-1.75,15,135.88208484649658
3694,3.6999999999999997,9,135.92612767219543
3695,-3.0,1,135.95220351219177
3696,4.3,5,135.98035550117493
3697,4.15,6,136.0121672153473
3698,4.6000000000000005,3,136.0365800857544
3699,4.6000000000000005,3,136.06305861473083
3700,4.449999999999999,4,136.0930700302124
3701,4.6000000000000005,3,136.1197829246521
3702,3.25,12,136.15986609458923
3703,4.449999999999999,4,136.1914644241333
3704,4.75,2,136.2181978225708
3705,4.3,5,136.24860382080078
3706,4.3,5,136.2791872024536
3707,4.15,6,136.3117094039917
3708,4.75,2,136.33964800834656
3709,4.0,7,136.55048203468323
3710,4.0,7,136.59103226661682
3711,4.75,2,136.61778712272644
3712,4.75,2,136.65078568458557
3713,3.85,8,136.68585848808289
3714,4.3,5,136.7209668159485
3715,3.1,13,136.76063919067383
3716,4.3,5,136.79174327850342
3717,3.85,8,136.8280210494995
3718,3.25,12,136.8643341064453
3719,4.449999999999999,4,136.89751482009888
3720,4.0,7,136.93571066856384
3721,4.75,2,136.96634221076965
3722,4.3,5,136.99584436416626
3723,3.6999999999999997,9,137.0291817188263
3724,4.3,5,137.06036806106567
3725,4.449999999999999,4,137.0905156135559
3726,3.6999999999999997,9,137.12565660476685
3727,4.449999999999999,4,137.15262532234192
3728,3.6999999999999997,9,137.18570280075073
3729,4.449999999999999,4,137.2133982181549
3730,4.75,2,137.24553394317627
3731,3.85,8,137.2801558971405
3732,3.6999999999999997,9,137.3185133934021
3733,4.6000000000000005,3,137.34399223327637
3734,4.6000000000000005,3,137.37331199645996
3735,4.6000000000000005,3,137.40129160881042
3736,4.449999999999999,4,137.42703342437744
3737,4.75,2,137.4508671760559
3738,4.75,2,137.47601127624512
3739,-1.75,15,137.5224301815033
3740,4.6000000000000005,3,137.54703307151794
3741,4.75,2,137.57116031646729
3742,4.6000000000000005,3,137.59436750411987
3743,4.449999999999999,4,137.62531232833862
3744,4.0,7,137.66184830665588
3745,4.6000000000000005,3,137.6886270046234
3746,4.75,2,137.71203064918518
3747,3.85,8,137.7469618320465
3748,4.449999999999999,4,137.77928042411804
3749,3.85,8,137.8181917667389
3750,4.449999999999999,4,137.85523748397827
3751,4.15,6,137.9020094871521
3752,4.6000000000000005,3,137.94171166419983
3753,4.75,2,137.9679651260376
3754,4.75,2,137.99779057502747
3755,4.15,6,138.03338599205017
3756,4.449999999999999,4,138.0635142326355
3757,4.449999999999999,4,138.24638104438782
3758,3.6999999999999997,9,138.28692936897278
3759,4.0,7,138.32752680778503
3760,4.449999999999999,4,138.36602473258972
3761,4.75,2,138.3899827003479
3762,4.449999999999999,4,138.41847157478333
3763,3.55,10,138.46831512451172
3764,4.6000000000000005,3,138.4950225353241
3765,4.75,2,138.5230360031128
3766,4.15,6,138.56099390983582
3767,4.6000000000000005,3,138.5888957977295
3768,4.15,6,138.61588525772095
3769,3.25,12,138.6562750339508
3770,4.449999999999999,4,138.6827449798584
3771,4.0,7,138.71610808372498
3772,4.9,1,138.74561953544617
3773,4.6000000000000005,3,138.77361536026
3774,3.85,8,138.80774545669556
3775,4.3,5,138.83940291404724
3776,4.75,2,138.86714696884155
3777,4.75,2,138.89824676513672
3778,3.85,8,138.9339416027069
3779,3.25,12,138.97839784622192
3780,4.0,7,139.0168056488037
3781,4.3,5,139.04711294174194
3782,4.0,7,139.0804409980774
3783,4.449999999999999,4,139.10825061798096
3784,3.85,8,139.1409351825714
3785,3.4,11,139.17975449562073
3786,4.3,5,139.20733904838562
3787,4.6000000000000005,3,139.23323440551758
3788,4.0,7,139.26566100120544
3789,4.3,5,139.29476523399353
3790,4.449999999999999,4,139.32207250595093
3791,4.3,5,139.35123014450073
3792,3.85,8,139.38482093811035
3793,4.3,5,139.4125270843506
3794,4.75,2,139.439866065979
3795,4.3,5,139.468496799469
3796,4.15,6,139.49978017807007
3797,3.4,11,139.5397367477417
3798,4.0,7,139.56993079185486
3799,4.3,5,139.60015273094177
3800,-1.75,15,139.64589142799377
3801,4.449999999999999,4,139.83817648887634
3802,-1.75,15,139.88108944892883
3803,4.6000000000000005,3,139.91035342216492
3804,4.6000000000000005,3,139.93343353271484
3805,4.3,5,139.9640417098999
3806,4.6000000000000005,3,139.98862218856812
3807,-1.75,15,140.0312204360962
3808,4.0,7,140.07077360153198
3809,4.75,2,140.09510970115662
3810,3.85,8,140.12818145751953
3811,4.449999999999999,4,140.15704917907715
3812,3.85,8,140.1998040676117
3813,4.9,1,140.22773265838623
3814,4.0,7,140.26138019561768
3815,-3.35,8,140.29761862754822
3816,3.55,10,140.33743405342102
3817,4.449999999999999,4,140.37340569496155
3818,-3.0,1,140.3962242603302
3819,4.3,5,140.42994379997253
3820,4.75,2,140.45939564704895
3821,4.6000000000000005,3,140.4897060394287
3822,4.6000000000000005,3,140.51992058753967
3823,3.6999999999999997,9,140.55955982208252
3824,4.449999999999999,4,140.59412479400635
3825,4.3,5,140.62673020362854
3826,4.449999999999999,4,140.6571183204651
3827,4.75,2,140.68166279792786
3828,3.55,10,140.72122383117676
3829,4.3,5,140.75075387954712
3830,3.6999999999999997,9,140.78852462768555
3831,4.6000000000000005,3,140.81337928771973
3832,4.15,6,140.84295415878296
3833,4.75,2,140.86911368370056
3834,-3.1,3,140.89491295814514
3835,4.15,6,140.92927765846252
3836,3.6999999999999997,9,140.96559715270996
3837,3.6999999999999997,9,141.00956964492798
3838,3.6999999999999997,9,141.05533647537231
3839,4.0,7,141.09410333633423
3840,4.449999999999999,4,141.1250400543213
3841,4.449999999999999,4,141.15487718582153
3842,4.449999999999999,4,141.1821641921997
3843,4.75,2,141.2101924419403
3844,4.6000000000000005,3,141.2354965209961
3845,3.4,11,141.28200125694275
3846,4.6000000000000005,3,141.31157445907593
3847,4.3,5,141.49611449241638
3848,4.3,5,141.5244288444519
3849,4.449999999999999,4,141.5507628917694
3850,4.3,5,141.58862209320068
3851,4.15,6,141.61646056175232
3852,4.75,2,141.6413984298706
3853,4.15,6,141.67040300369263
3854,3.85,8,141.70364546775818
3855,3.55,10,141.7376344203949
3856,4.0,7,141.76937866210938
3857,4.75,2,141.79201698303223
3858,3.85,8,141.82584834098816
3859,4.75,2,141.85853791236877
3860,4.0,7,141.89192295074463
3861,4.449999999999999,4,141.92092084884644
3862,4.449999999999999,4,141.95106887817383
3863,4.3,5,141.98307824134827
3864,3.85,8,142.02588057518005
3865,4.75,2,142.05022287368774
3866,4.6000000000000005,3,142.08517622947693
3867,4.3,5,142.1158890724182
3868,4.75,2,142.1455945968628
3869,3.4,11,142.1834056377411
3870,4.0,7,142.22060751914978
3871,3.25,12,142.26219511032104
3872,4.0,7,142.2974672317505
3873,-3.3,7,142.33109974861145
3874,3.85,8,142.36389636993408
3875,4.6000000000000005,3,142.387610912323
3876,4.3,5,142.41468024253845
3877,4.6000000000000005,3,142.4419379234314
3878,4.15,6,142.47209978103638
3879,4.3,5,142.50465321540833
3880,3.6999999999999997,9,142.54986000061035
3881,4.3,5,142.58615016937256
3882,4.449999999999999,4,142.61686897277832
3883,4.449999999999999,4,142.65185356140137
3884,4.3,5,142.68623232841492
3885,3.6999999999999997,9,142.72406125068665
3886,4.0,7,142.76307559013367
3887,-1.75,15,142.81216955184937
3888,3.55,10,142.85576820373535
3889,-1.75,15,143.04863953590393
3890,4.3,5,143.07982230186462
3891,4.75,2,143.10412335395813
3892,4.75,2,143.12774276733398
3893,4.15,6,143.16188740730286
3894,4.449999999999999,4,143.19370198249817
3895,4.449999999999999,4,143.22504234313965
3896,4.9,1,143.24898743629456
3897,3.55,10,143.28164649009705
3898,3.6999999999999997,9,143.31353282928467
3899,4.449999999999999,4,143.34536933898926
3900,4.15,6,143.38101720809937
3901,4.449999999999999,4,143.41009974479675
3902,3.25,12,143.4481828212738
3903,4.75,2,143.47189688682556
3904,4.15,6,143.5053083896637
3905,4.75,2,143.53140807151794
3906,4.15,6,143.56236743927002
3907,4.3,5,143.59424948692322
3908,4.6000000000000005,3,143.62467312812805
3909,4.449999999999999,4,143.65787649154663
3910,3.4,11,143.70200443267822
3911,4.449999999999999,4,143.72898817062378
3912,4.0,7,143.76174187660217
3913,4.449999999999999,4,143.7923653125763
3914,4.9,1,143.81753301620483
3915,4.0,7,143.8486123085022
3916,4.449999999999999,4,143.87514758110046
3917,4.3,5,143.90667390823364
3918,4.449999999999999,4,143.9384241104126
3919,4.6000000000000005,3,143.96081447601318
3920,4.15,6,143.99182105064392
3921,4.6000000000000005,3,144.0157492160797
3922,4.0,7,144.0520396232605
3923,4.449999999999999,4,144.08254265785217
3924,3.6999999999999997,9,144.12077355384827
3925,3.25,12,144.16215133666992
3926,4.449999999999999,4,144.19035029411316
3927,4.3,5,144.22286534309387
3928,4.449999999999999,4,144.25311946868896
3929,4.0,7,144.29318833351135
3930,4.449999999999999,4,144.32365250587463
3931,3.85,8,144.3556351661682
3932,4.449999999999999,4,144.38069343566895
3933,3.6999999999999997,9,144.41314148902893
3934,3.85,8,144.44711422920227
3935,4.75,2,144.47333884239197
3936,4.3,5,144.6960093975067
3937,4.15,6,144.7408745288849
3938,4.449999999999999,4,144.77243614196777
3939,-1.75,15,144.8203091621399
3940,4.75,2,144.85187530517578
3941,4.449999999999999,4,144.88002753257751
3942,4.449999999999999,4,144.91438388824463
3943,4.75,2,144.94243454933167
3944,4.15,6,144.97328329086304
3945,4.75,2,145.0007951259613
3946,4.75,2,145.0244665145874
3947,3.85,8,145.061137676239
3948,3.85,8,145.09908604621887
3949,3.85,8,145.13193011283875
3950,4.3,5,145.16290736198425
3951,4.449999999999999,4,145.19612503051758
3952,4.15,6,145.22982954978943
3953,4.75,2,145.2577929496765
3954,3.85,8,145.29080748558044
3955,3.25,12,145.33057260513306
3956,4.15,6,145.36795330047607
3957,4.0,7,145.39890456199646
3958,4.15,6,145.43261170387268
3959,3.4,11,145.47348046302795
3960,3.85,8,145.50866055488586
3961,4.9,1,145.53627848625183
3962,3.85,8,145.5704402923584
3963,4.449999999999999,4,145.59830379486084
3964,4.3,5,145.62927198410034
3965,4.449999999999999,4,145.6626296043396
3966,4.0,7,145.7013804912567
3967,4.449999999999999,4,145.7302951812744
3968,3.6999999999999997,9,145.77010202407837
3969,4.15,6,145.8057141304016
3970,4.449999999999999,4,145.8316788673401
3971,4.15,6,145.8716425895691
3972,4.15,6,145.9064440727234
3973,4.449999999999999,4,145.93882203102112
3974,3.6999999999999997,9,145.98270416259766
3975,4.15,6,146.01228880882263
3976,4.15,6,146.03972220420837
3977,4.3,5,146.06763672828674
3978,4.3,5,146.09552478790283
3979,4.449999999999999,4,146.12655997276306
3980,4.3,5,146.15870332717896
3981,-1.75,15,146.34887266159058
3982,4.75,2,146.37303924560547
3983,3.25,12,146.40939831733704
3984,4.15,6,146.43764519691467
3985,4.75,2,146.46082186698914
3986,4.75,2,146.48723769187927
3987,4.15,6,146.51799535751343
3988,4.15,6,146.54814958572388
3989,3.85,8,146.57954788208008
3990,4.6000000000000005,3,146.60646724700928
3991,4.15,6,146.63514876365662
3992,3.55,10,146.66906642913818
3993,4.0,7,146.7022979259491
3994,3.4,11,146.74933624267578
3995,4.9,1,146.77318120002747
3996,3.55,10,146.8096799850464
3997,4.15,6,146.8407518863678
3998,3.85,8,146.8760039806366
3999,3.85,8,146.91620898246765
4000,4.9,1,146.94316053390503
4001,4.0,7,146.98033380508423
4002,4.6000000000000005,3,147.00851702690125
4003,4.449999999999999,4,147.03578352928162
4004,4.3,5,147.06540751457214
4005,3.85,8,147.09986472129822
4006,3.85,8,147.13296914100647
4007,3.55,10,147.16849613189697
4008,4.3,5,147.20027375221252
4009,4.15,6,147.23870158195496
4010,3.25,12,147.2929790019989
4011,3.4,11,147.34360074996948
4012,3.85,8,147.38495707511902
4013,3.55,10,147.43272233009338
4014,3.4,11,147.47640228271484
4015,4.9,1,147.4972095489502
4016,4.3,5,147.52678680419922
4017,4.15,6,147.55883884429932
4018,4.3,5,147.5926570892334
4019,3.85,8,147.79132604599
4020,3.25,12,147.83348751068115
4021,4.0,7,147.86391806602478
4022,4.75,2,147.88813662528992
4023,4.6000000000000005,3,147.91241264343262
4024,4.15,6,147.94357633590698
4025,4.0,7,147.97591519355774
4026,3.4,11,148.0131015777588
4027,4.15,6,148.04471683502197
4028,-1.75,15,148.09005570411682
4029,4.6000000000000005,3,148.12092804908752
4030,4.0,7,148.15219593048096
4031,4.9,1,148.17775130271912
4032,4.449999999999999,4,148.20945572853088
4033,3.85,8,148.2486491203308
4034,4.3,5,148.27936553955078
4035,3.6999999999999997,9,148.31303143501282
4036,4.3,5,148.3437659740448
4037,-1.75,15,148.3843777179718
4038,3.6999999999999997,9,148.42004704475403
4039,4.15,6,148.4516625404358
4040,4.3,5,148.48000812530518
4041,4.6000000000000005,3,148.5136227607727
4042,4.0,7,148.54324650764465
4043,3.85,8,148.5753390789032
4044,4.75,2,148.6009919643402
4045,4.449999999999999,4,148.63023710250854
4046,3.4,11,148.67097425460815
4047,3.55,10,148.71186780929565
4048,3.85,8,148.75604128837585
4049,3.25,12,148.8074505329132
4050,3.6999999999999997,9,148.84646224975586
4051,3.25,12,148.89205169677734
4052,3.25,12,148.937171459198
4053,4.0,7,149.15061211585999
4054,4.449999999999999,4,149.18147540092468
4055,-1.75,15,149.22917866706848
4056,4.6000000000000005,3,149.255872964859
4057,4.15,6,149.2869153022766
4058,4.15,6,149.31856489181519
4059,4.9,1,149.34350442886353
4060,4.15,6,149.37383270263672
4061,3.55,10,149.41257047653198
4062,3.4,11,149.45166540145874
4063,3.6999999999999997,9,149.4832947254181
4064,4.449999999999999,4,149.5160777568817
4065,4.75,2,149.54027819633484
4066,4.6000000000000005,3,149.56848573684692
4067,4.75,2,149.59930157661438
4068,4.6000000000000005,3,149.6348979473114
4069,4.0,7,149.66912841796875
4070,4.75,2,149.69228553771973
4071,4.15,6,149.7250862121582
4072,4.75,2,149.74931812286377
4073,3.6999999999999997,9,149.78376698493958
4074,3.4,11,149.82648825645447
4075,3.1,13,149.86876702308655
4076,4.9,1,149.8951539993286
4077,4.3,5,149.9283492565155
4078,4.6000000000000005,3,149.95645141601562
4079,4.15,6,149.98730158805847
4080,4.0,7,150.02137780189514
4081,3.85,8,150.05481958389282
4082,4.15,6,150.08310532569885
4083,4.15,6,150.12084436416626
4084,4.9,1,150.14395427703857
4085,4.15,6,150.17773818969727
4086,3.6999999999999997,9,150.21480417251587
4087,-1.75,15,150.2557990550995
4088,3.85,8,150.29029607772827
4089,4.449999999999999,4,150.32027316093445
4090,4.75,2,150.34904956817627
4091,4.0,7,150.38421416282654
4092,4.449999999999999,4,150.41139268875122
4093,4.449999999999999,4,150.44359183311462
4094,4.3,5,150.47216844558716
4095,4.449999999999999,4,150.50124979019165
4096,4.449999999999999,4,150.53008103370667
4097,4.75,2,150.5538775920868
4098,4.6000000000000005,3,150.58340096473694
4099,4.3,5,150.78968977928162
4100,3.85,8,150.8271095752716
4101,-1.75,15,150.8792905807495
4102,4.6000000000000005,3,150.91750168800354
4103,4.0,7,150.9541311264038
4104,4.75,2,150.97832417488098
4105,4.75,2,151.009357213974
4106,4.6000000000000005,3,151.04110479354858
4107,4.75,2,151.06785082817078
4108,4.75,2,151.0929090976715
4109,4.9,1,151.11847972869873
4110,4.6000000000000005,3,151.14417552947998
4111,4.15,6,151.17979049682617
4112,3.25,12,151.2240822315216
4113,4.3,5,151.25570511817932
4114,4.75,2,151.2832179069519
4115,-3.15,4,151.30987882614136
4116,4.75,2,151.33534026145935
4117,4.0,7,151.36536240577698
4118,3.4,11,151.4057755470276
4119,4.6000000000000005,3,151.43113207817078
4120,4.6000000000000005,3,151.45741510391235
4121,4.6000000000000005,3,151.48624849319458
4122,4.6000000000000005,3,151.51048254966736
4123,4.15,6,151.54147052764893
4124,3.55,10,151.57327389717102
4125,4.9,1,151.59599947929382
4126,4.6000000000000005,3,151.62008118629456
4127,3.85,8,151.65279006958008
4128,4.449999999999999,4,151.6818609237671
4129,4.3,5,151.71630764007568
4130,4.6000000000000005,3,151.7444407939911
4131,-3.6,13,151.79589653015137
4132,4.449999999999999,4,151.823627948761
4133,4.449999999999999,4,151.85091876983643
4134,4.449999999999999,4,151.88214087486267
4135,3.4,11,151.9237003326416
4136,4.3,5,151.96140313148499
4137,4.6000000000000005,3,151.98836827278137
4138,3.25,12,152.04165053367615
4139,4.449999999999999,4,152.07395553588867
4140,4.6000000000000005,3,152.10776591300964
4141,4.449999999999999,4,152.13947176933289
4142,4.3,5,152.177090883255
4143,4.9,1,152.20724892616272
4144,4.449999999999999,4,152.2410111427307
4145,4.449999999999999,4,152.28403639793396
4146,4.15,6,152.32310390472412
4147,4.449999999999999,4,152.35543370246887
4148,3.85,8,152.39796423912048
4149,-1.75,15,152.5885751247406
4150,4.449999999999999,4,152.61174535751343
4151,4.15,6,152.641441822052
4152,4.3,5,152.6693663597107
4153,4.75,2,152.69346737861633
4154,3.85,8,152.7272834777832
4155,3.85,8,152.76242971420288
4156,4.15,6,152.79126811027527
4157,4.6000000000000005,3,152.81702733039856
4158,4.3,5,152.85115933418274
4159,-1.75,15,152.89725637435913
4160,4.449999999999999,4,152.92824816703796
4161,3.55,10,152.97405982017517
4162,-1.75,15,153.01995253562927
4163,4.6000000000000005,3,153.04505348205566
4164,4.6000000000000005,3,153.06962895393372
4165,4.0,7,153.1021602153778
4166,3.4,11,153.13968205451965
4167,4.6000000000000005,3,153.16848468780518
4168,-1.75,15,153.21196913719177
4169,4.449999999999999,4,153.24195528030396
4170,4.75,2,153.26757073402405
4171,4.6000000000000005,3,153.29539394378662
4172,4.6000000000000005,3,153.32541155815125
4173,4.75,2,153.35935497283936
4174,4.449999999999999,4,153.39150023460388
4175,4.15,6,153.4232759475708
4176,4.9,1,153.4513075351715
4177,4.6000000000000005,3,153.47753739356995
4178,4.9,1,153.50291395187378
4179,4.3,5,153.5350284576416
4180,4.15,6,153.567280292511
4181,4.3,5,153.60027551651
4182,3.4,11,153.64044833183289
4183,-1.75,15,153.68589448928833
4184,4.3,5,153.71582698822021
4185,4.6000000000000005,3,153.74613189697266
4186,4.0,7,153.77894163131714
4187,4.75,2,153.80375504493713
4188,4.6000000000000005,3,153.83365964889526
4189,4.449999999999999,4,153.86231303215027
4190,4.449999999999999,4,153.8914759159088
4191,4.6000000000000005,3,153.91453671455383
4192,4.449999999999999,4,153.95263361930847
4193,4.0,7,154.13163447380066
4194,4.15,6,154.1611077785492
4195,4.3,5,154.19299268722534
4196,4.3,5,154.22157287597656
4197,3.4,11,154.2565450668335
4198,4.9,1,154.27950811386108
4199,-1.75,15,154.3365478515625
4200,4.15,6,154.37117338180542
4201,4.9,1,154.39684581756592
4202,4.3,5,154.42662978172302
4203,3.85,8,154.46225833892822
4204,4.6000000000000005,3,154.48907899856567
4205,4.449999999999999,4,154.5175039768219
4206,4.75,2,154.54340291023254
4207,3.6999999999999997,9,154.58856439590454
4208,4.15,6,154.62336945533752
4209,4.75,2,154.6477918624878
4210,4.75,2,154.67514634132385
4211,4.6000000000000005,3,154.70283246040344
4212,4.3,5,154.7280797958374
4213,4.6000000000000005,3,154.75448274612427
4214,4.75,2,154.77851581573486
4215,4.15,6,154.80777788162231
4216,4.75,2,154.83404922485352
4217,2.9499999999999997,14,154.87824654579163
4218,-1.75,15,154.92301535606384
4219,-3.3,7,154.95530939102173
4220,4.75,2,154.97985982894897
4221,4.449999999999999,4,155.0084547996521
4222,4.6000000000000005,3,155.03744101524353
4223,4.75,2,155.06953954696655
4224,3.85,8,155.1083312034607
4225,3.6999999999999997,9,155.1428987979889
4226,4.75,2,155.1696252822876
4227,4.3,5,155.1973581314087
4228,4.0,7,155.23541283607483
4229,4.449999999999999,4,155.2640073299408
4230,4.15,6,155.29478120803833
4231,3.55,10,155.33586430549622
4232,4.15,6,155.37491536140442
4233,4.6000000000000005,3,155.40711665153503
4234,4.449999999999999,4,155.43834400177002
4235,4.6000000000000005,3,155.46745133399963
4236,-1.75,15,155.5210440158844
4237,4.75,2,155.55461859703064
4238,4.6000000000000005,3,155.5831663608551
4239,3.85,8,155.61609363555908
4240,4.6000000000000005,3,155.80474519729614
4241,4.75,2,155.82980585098267
4242,4.9,1,155.85418701171875
4243,-1.75,15,155.8980107307434
4244,4.3,5,155.92638325691223
4245,4.15,6,155.96007752418518
4246,4.449999999999999,4,155.98939299583435
4247,3.4,11,156.0313172340393
4248,4.75,2,156.06041026115417
4249,-1.75,15,156.1067624092102
4250,4.15,6,156.13888096809387
4251,4.6000000000000005,3,156.16276574134827
4252,3.85,8,156.19436645507812
4253,4.3,5,156.22720098495483
4254,4.6000000000000005,3,156.2571406364441
4255,-3.15,4,156.28516244888306
4256,4.0,7,156.31716060638428
4257,4.75,2,156.34149050712585
4258,4.15,6,156.37389540672302
4259,4.3,5,156.4064905643463
4260,4.75,2,156.43077111244202
4261,4.15,6,156.4607481956482
4262,4.3,5,156.48945593833923
4263,4.0,7,156.51864886283875
4264,4.6000000000000005,3,156.5442636013031
4265,3.4,11,156.57673525810242
4266,4.9,1,156.59920001029968
4267,3.55,10,156.63885045051575
4268,3.4,11,156.68588018417358
4269,3.6999999999999997,9,156.72988867759705
4270,4.15,6,156.76586246490479
4271,4.3,5,156.80049228668213
4272,4.75,2,156.8278350830078
4273,-1.75,15,156.87766766548157
4274,3.85,8,156.91623091697693
4275,4.449999999999999,4,156.9469497203827
4276,3.6999999999999997,9,156.9818720817566
4277,3.55,10,157.02231097221375
4278,4.15,6,157.05778074264526
4279,3.55,10,157.10546255111694
4280,4.449999999999999,4,157.29152607917786
4281,4.3,5,157.32068514823914
4282,4.75,2,157.3427450656891
4283,4.15,6,157.37300276756287
4284,4.449999999999999,4,157.40107107162476
4285,4.449999999999999,4,157.4357476234436
4286,4.3,5,157.4632489681244
4287,4.3,5,157.49443912506104
4288,-1.75,15,157.5415177345276
4289,4.3,5,157.57591271400452
4290,4.15,6,157.60633993148804
4291,3.85,8,157.63975405693054
4292,4.9,1,157.66150999069214
4293,4.75,2,157.68762159347534
4294,-1.75,15,157.74081873893738
4295,4.6000000000000005,3,157.77371454238892
4296,4.3,5,157.80544114112854
4297,3.85,8,157.8381152153015
4298,4.6000000000000005,3,157.86854100227356
4299,4.449999999999999,4,157.89475202560425
4300,4.6000000000000005,3,157.9173448085785
4301,4.3,5,157.94992542266846
4302,3.6999999999999997,9,157.9922227859497
4303,4.6000000000000005,3,158.0270872116089
4304,4.75,2,158.05682849884033
4305,3.25,12,158.095290184021
4306,4.449999999999999,4,158.1238796710968
4307,3.4,11,158.16010427474976
4308,-1.75,15,158.20770168304443
4309,3.55,10,158.2452118396759
4310,3.6999999999999997,9,158.28808546066284
4311,4.3,5,158.31891989707947
4312,4.0,7,158.36097884178162
4313,4.449999999999999,4,158.39380168914795
4314,3.6999999999999997,9,158.44140362739563
4315,-1.75,15,158.4868187904358
4316,4.75,2,158.51306009292603
4317,-3.45,10,158.5486958026886
4318,4.3,5,158.57605600357056
4319,4.75,2,158.6018147468567
4320,4.75,2,158.62574791908264
4321,4.75,2,158.64893078804016
4322,4.15,6,158.8439497947693
4323,4.15,6,158.88542008399963
4324,4.15,6,158.91751146316528
4325,4.75,2,158.94414949417114
4326,3.6999999999999997,9,158.98084712028503
4327,4.449999999999999,4,159.00956010818481
4328,3.85,8,159.05213379859924
4329,4.15,6,159.08805537223816
4330,4.6000000000000005,3,159.1231427192688
4331,4.6000000000000005,3,159.1500804424286
4332,4.75,2,159.17581725120544
4333,4.3,5,159.20458579063416
4334,4.6000000000000005,3,159.2300055027008
4335,4.3,5,159.25652718544006
4336,4.15,6,159.28955030441284
4337,4.75,2,159.31525301933289
4338,4.6000000000000005,3,159.34286642074585
4339,3.85,8,159.37838768959045
4340,4.449999999999999,4,159.40652585029602
4341,4.449999999999999,4,159.43839383125305
4342,3.4,11,159.47844648361206
4343,3.55,10,159.51743459701538
4344,4.6000000000000005,3,159.54360365867615
4345,4.6000000000000005,3,159.56978249549866
4346,-1.75,15,159.60821342468262
4347,4.75,2,159.63249564170837
4348,4.75,2,159.6582670211792
4349,4.6000000000000005,3,159.68295073509216
4350,4.449999999999999,4,159.7102930545807
4351,4.449999999999999,4,159.74147605895996
4352,3.6999999999999997,9,159.78249502182007
4353,4.449999999999999,4,159.80999112129211
4354,4.3,5,159.8415777683258
4355,-1.75,15,159.88795447349548
4356,4.15,6,159.9243025779724
4357,4.9,1,159.9516477584839
4358,4.75,2,159.9764313697815
4359,-1.75,15,160.02421474456787
4360,4.75,2,160.05251908302307
4361,4.9,1,160.07675790786743
4362,4.75,2,160.1070854663849
4363,-1.75,15,160.15663361549377
4364,4.3,5,160.19082021713257
4365,4.6000000000000005,3,160.2166178226471
4366,4.3,5,160.24481439590454
4367,4.6000000000000005,3,160.2769558429718
4368,4.449999999999999,4,160.30854964256287
4369,4.75,2,160.33937740325928
4370,4.15,6,160.37145686149597
4371,4.75,2,160.39685487747192
4372,4.75,2,160.55944967269897
4373,3.4,11,160.59797763824463
4374,4.449999999999999,4,160.62646675109863
4375,4.6000000000000005,3,160.65373182296753
4376,4.75,2,160.68176746368408
4377,4.3,5,160.71190738677979
4378,4.0,7,160.74363017082214
4379,4.75,2,160.76622986793518
4380,3.25,12,160.80402255058289
4381,3.4,11,160.8409960269928
4382,-1.75,15,160.88272333145142
4383,4.3,5,160.91022181510925
4384,3.55,10,160.94500207901
4385,4.3,5,160.97954297065735
4386,3.85,8,161.01144099235535
4387,4.3,5,161.04566407203674
4388,4.15,6,161.07652354240417
4389,4.15,6,161.10836625099182
4390,4.9,1,161.1323652267456
4391,4.15,6,161.16369462013245
4392,4.3,5,161.19473338127136
4393,4.6000000000000005,3,161.22805070877075
4394,4.0,7,161.26186728477478
4395,4.6000000000000005,3,161.29208159446716
4396,4.449999999999999,4,161.3253378868103
4397,4.6000000000000005,3,161.35941195487976
4398,4.75,2,161.39121079444885
4399,3.6999999999999997,9,161.4382939338684
4400,4.15,6,161.47703075408936
4401,4.449999999999999,4,161.51489543914795
4402,4.3,5,161.55343770980835
4403,3.85,8,161.58816814422607
4404,3.4,11,161.63561081886292
4405,4.3,5,161.6692922115326
4406,4.15,6,161.70584082603455
4407,4.3,5,161.74376249313354
4408,4.15,6,161.78600907325745
4409,3.6999999999999997,9,161.83092665672302
4410,4.3,5,161.86247038841248
4411,4.75,2,161.89082980155945
4412,4.449999999999999,4,161.92142868041992
4413,4.449999999999999,4,161.95001363754272
4414,4.449999999999999,4,161.97820162773132
4415,4.75,2,162.00526428222656
4416,4.75,2,162.03219842910767
4417,4.3,5,162.0642204284668
4418,4.449999999999999,4,162.26891803741455
4419,4.6000000000000005,3,162.30145502090454
4420,4.9,1,162.33003044128418
4421,4.3,5,162.36174201965332
4422,4.449999999999999,4,162.39420700073242
4423,4.75,2,162.41991806030273
4424,4.6000000000000005,3,162.44811940193176
4425,4.15,6,162.48003816604614
4426,4.15,6,162.51106762886047
4427,4.75,2,162.5392143726349
4428,4.75,2,162.56483101844788
4429,4.9,1,162.5857698917389
4430,3.25,12,162.62756729125977
4431,4.3,5,162.65579438209534
4432,3.1,13,162.6959536075592
4433,-1.75,15,162.74404501914978
4434,3.85,8,162.78652381896973
4435,3.25,12,162.82561326026917
4436,3.4,11,162.86125254631042
4437,4.75,2,162.89129662513733
4438,4.75,2,162.91735911369324
4439,3.6999999999999997,9,162.95540022850037
4440,4.6000000000000005,3,162.98761200904846
4441,3.6999999999999997,9,163.03356218338013
4442,3.55,10,163.07216572761536
4443,4.3,5,163.10236430168152
4444,4.75,2,163.1286346912384
4445,4.15,6,163.1619999408722
4446,4.6000000000000005,3,163.1904957294464
4447,3.55,10,163.22659635543823
4448,4.3,5,163.25823998451233
4449,4.75,2,163.2845380306244
4450,4.3,5,163.3132929801941
4451,4.15,6,163.3439974784851
4452,3.6999999999999997,9,163.38071608543396
4453,4.6000000000000005,3,163.41476130485535
4454,4.6000000000000005,3,163.44469237327576
4455,4.449999999999999,4,163.4711480140686
4456,4.15,6,163.4996109008789
4457,4.6000000000000005,3,163.52367687225342
4458,3.6999999999999997,9,163.56242179870605
4459,3.55,10,163.60032081604004
4460,4.449999999999999,4,163.62720394134521
4461,4.449999999999999,4,163.65652704238892
4462,4.75,2,163.683420419693
4463,4.3,5,163.7186267375946
4464,-3.3,7,163.92240476608276
4465,4.75,2,163.9490156173706
4466,4.6000000000000005,3,163.98336005210876
4467,3.55,10,164.01845693588257
4468,4.6000000000000005,3,164.04795742034912
4469,4.75,2,164.07517552375793
4470,4.15,6,164.10859870910645
4471,4.0,7,164.14359784126282
4472,3.85,8,164.17981433868408
4473,4.75,2,164.20638155937195
4474,4.3,5,164.23552918434143
4475,-1.75,15,164.27747225761414
4476,4.15,6,164.31084942817688
4477,4.449999999999999,4,164.33745789527893
4478,-3.15,4,164.36823439598083
4479,4.75,2,164.39266157150269
4480,4.15,6,164.42235922813416
4481,4.449999999999999,4,164.45030689239502
4482,4.75,2,164.47716808319092
4483,4.3,5,164.50767421722412
4484,4.75,2,164.5314109325409
4485,-3.45,10,164.56948280334473
4486,4.9,1,164.5998499393463
4487,4.75,2,164.62550163269043
4488,4.3,5,164.66041231155396
4489,3.4,11,164.69757866859436
4490,4.75,2,164.72409844398499
4491,3.6999999999999997,9,164.76576256752014
4492,4.75,2,164.79745650291443
4493,4.15,6,164.82954025268555
4494,4.449999999999999,4,164.8610234260559
4495,4.6000000000000005,3,164.89399218559265
4496,4.449999999999999,4,164.92460083961487
4497,3.6999999999999997,9,164.96555018424988
4498,4.9,1,164.99416375160217
4499,4.3,5,165.02397894859314
4500,3.6999999999999997,9,165.05699706077576
4501,4.9,1,165.08176231384277
4502,4.6000000000000005,3,165.11064195632935
4503,4.6000000000000005,3,165.1348602771759
4504,4.6000000000000005,3,165.1610071659088
4505,4.0,7,165.19591760635376
4506,4.75,2,165.22335362434387
4507,4.0,7,165.25765585899353
4508,4.75,2,165.2878701686859
4509,4.449999999999999,4,165.32057189941406
4510,4.15,6,165.35537552833557
4511,4.0,7,165.39010381698608
4512,4.9,1,165.41466236114502
4513,-3.3,7,165.46083235740662
4514,4.75,2,165.48769807815552
4515,4.3,5,165.51764297485352
4516,4.6000000000000005,3,165.54685378074646
4517,4.449999999999999,4,165.57793068885803
4518,4.449999999999999,4,165.76499199867249
4519,4.3,5,165.7997694015503
4520,4.449999999999999,4,165.82811450958252
4521,4.9,1,165.8520791530609
4522,4.15,6,165.879239320755
4523,4.449999999999999,4,165.90649247169495
4524,4.15,6,165.93639516830444
4525,4.3,5,165.96417450904846
4526,4.15,6,165.9980664253235
4527,4.75,2,166.02300930023193
4528,4.6000000000000005,3,166.05656504631042
4529,3.4,11,166.1011607646942
4530,4.75,2,166.13643980026245
4531,4.449999999999999,4,166.16957664489746
4532,4.6000000000000005,3,166.19902086257935
4533,4.0,7,166.2350800037384
4534,4.75,2,166.2620885372162
4535,4.449999999999999,4,166.29138231277466
4536,4.3,5,166.32313513755798
4537,4.75,2,166.35207891464233
4538,3.85,8,166.39241313934326
4539,4.0,7,166.42871260643005
4540,4.15,6,166.46465396881104
4541,4.3,5,166.4945855140686
4542,4.75,2,166.518616437912
4543,3.55,10,166.55833625793457
4544,4.3,5,166.5892095565796
4545,4.9,1,166.61726140975952
4546,3.4,11,166.65372109413147
4547,4.0,7,166.68596076965332
4548,4.75,2,166.71458864212036
4549,4.15,6,166.7446506023407
4550,4.75,2,166.7717547416687
4551,-1.75,15,166.81856298446655
4552,4.0,7,166.85246443748474
4553,3.85,8,166.88671135902405
4554,4.6000000000000005,3,166.91008186340332
4555,4.449999999999999,4,166.93671774864197
4556,4.3,5,166.9646987915039
4557,4.0,7,166.99887990951538
4558,3.6999999999999997,9,167.03607392311096
4559,4.6000000000000005,3,167.06644129753113
4560,4.6000000000000005,3,167.09513902664185
4561,4.15,6,167.13852882385254
4562,4.15,6,167.17369771003723
4563,4.6000000000000005,3,167.20126819610596
4564,4.75,2,167.22677993774414
4565,4.9,1,167.25042510032654
4566,4.449999999999999,4,167.27695989608765
4567,4.449999999999999,4,167.31197381019592
4568,4.6000000000000005,3,167.34764790534973
4569,4.15,6,167.38453435897827
4570,4.6000000000000005,3,167.54830265045166
4571,4.0,7,167.58176827430725
4572,4.6000000000000005,3,167.60636806488037
4573,4.75,2,167.6317503452301
4574,4.3,5,167.6623239517212
4575,4.3,5,167.69154953956604
4576,3.85,8,167.72906756401062
4577,-1.75,15,167.78337955474854
4578,3.25,12,167.82941794395447
4579,-3.35,8,167.86850118637085
4580,4.15,6,167.90234851837158
4581,4.75,2,167.92687582969666
4582,4.6000000000000005,3,167.9551341533661
4583,3.85,8,167.99390149116516
4584,4.3,5,168.03359079360962
4585,4.6000000000000005,3,168.06949090957642
4586,-1.75,15,168.12599563598633
4587,-3.1,3,168.1611704826355
4588,4.75,2,168.19217944145203
4589,4.449999999999999,4,168.21842789649963
4590,4.9,1,168.247807264328
4591,4.6000000000000005,3,168.27363300323486
4592,4.3,5,168.30263090133667
4593,3.85,8,168.33947014808655
4594,4.0,7,168.37182998657227
4595,4.75,2,168.3989737033844
4596,4.3,5,168.4291751384735
4597,4.15,6,168.46041774749756
4598,4.3,5,168.49701523780823
4599,4.15,6,168.5277659893036
4600,3.55,10,168.57045602798462
4601,4.0,7,168.607515335083
4602,4.75,2,168.63679265975952
4603,4.75,2,168.66160607337952
4604,4.449999999999999,4,168.69164562225342
4605,4.75,2,168.7189905643463
4606,4.6000000000000005,3,168.74255776405334
4607,4.449999999999999,4,168.77401685714722
4608,4.15,6,168.81891465187073
4609,4.449999999999999,4,168.85334587097168
4610,-1.75,15,168.8989052772522
4611,3.85,8,168.9329161643982
4612,4.6000000000000005,3,168.96189403533936
4613,4.15,6,168.9917426109314
4614,4.6000000000000005,3,169.0214982032776
4615,4.449999999999999,4,169.04860162734985
4616,4.6000000000000005,3,169.0754873752594
4617,3.85,8,169.26387119293213
4618,3.85,8,169.30041980743408
4619,4.6000000000000005,3,169.32606410980225
4620,4.75,2,169.35715794563293
4621,-3.45,10,169.39731311798096
4622,4.6000000000000005,3,169.42529392242432
4623,3.25,12,169.47127079963684
4624,3.6999999999999997,9,169.50729775428772
4625,4.3,5,169.53897857666016
4626,4.0,7,169.57114362716675
4627,4.6000000000000005,3,169.6035361289978
4628,4.15,6,169.63655829429626
4629,3.85,8,169.6736297607422
4630,4.9,1,169.70119071006775
4631,3.25,12,169.74373412132263
4632,4.3,5,169.7738173007965
4633,4.449999999999999,4,169.80489778518677
4634,4.75,2,169.83679127693176
4635,3.6999999999999997,9,169.8754096031189
4636,4.3,5,169.9065489768982
4637,4.6000000000000005,3,169.93460893630981
4638,4.0,7,169.96979141235352
4639,4.0,7,170.0043442249298
4640,4.9,1,170.02590894699097
4641,4.6000000000000005,3,170.05452919006348
4642,4.6000000000000005,3,170.08525133132935
4643,4.15,6,170.1199426651001
4644,-3.65,14,170.16679430007935
4645,3.85,8,170.20261764526367
4646,4.15,6,170.23884296417236
4647,4.3,5,170.27080035209656
4648,-1.75,15,170.3137912750244
4649,4.3,5,170.34568047523499
4650,4.6000000000000005,3,170.37438225746155
4651,4.0,7,170.40318536758423
4652,-3.15,4,170.42799186706543
4653,4.75,2,170.45155262947083
4654,4.9,1,170.48002743721008
4655,4.15,6,170.51175570487976
4656,4.0,7,170.5457866191864
4657,3.55,10,170.58172798156738
4658,4.0,7,170.61061573028564
4659,3.6999999999999997,9,170.7943766117096
4660,4.15,6,170.82814288139343
4661,-3.45,10,170.87058210372925
4662,4.6000000000000005,3,170.9042465686798
4663,4.3,5,170.9386007785797
4664,4.6000000000000005,3,170.97060084342957
4665,4.15,6,171.00295639038086
4666,-3.25,6,171.03659081459045
4667,4.449999999999999,4,171.06792044639587
4668,-1.75,15,171.11546659469604
4669,3.6999999999999997,9,171.15127825737
4670,3.4,11,171.1903691291809
4671,4.6000000000000005,3,171.22959971427917
4672,3.6999999999999997,9,171.26566648483276
4673,3.25,12,171.30432510375977
4674,4.6000000000000005,3,171.3301661014557
4675,4.3,5,171.36094307899475
4676,3.85,8,171.3933117389679
4677,4.6000000000000005,3,171.42058801651
4678,4.75,2,171.44512748718262
4679,3.55,10,171.47982096672058
4680,4.6000000000000005,3,171.5079071521759
4681,4.449999999999999,4,171.53411388397217
4682,4.15,6,171.56475377082825
4683,4.6000000000000005,3,171.58861136436462
4684,3.25,12,171.62591648101807
4685,4.9,1,171.65456771850586
4686,4.6000000000000005,3,171.68088030815125
4687,4.6000000000000005,3,171.71232962608337
4688,4.75,2,171.7411506175995
4689,4.6000000000000005,3,171.76868796348572
4690,4.6000000000000005,3,171.79509949684143
4691,4.15,6,171.83090567588806
4692,4.15,6,171.86663055419922
4693,4.75,2,171.895357131958
4694,-1.75,15,171.93904161453247
4695,4.3,5,171.9771373271942
4696,4.0,7,172.0087547302246
4697,4.15,6,172.03734874725342
4698,4.449999999999999,4,172.06451082229614
4699,3.85,8,172.10095643997192
4700,4.75,2,172.13120460510254
4701,4.75,2,172.15742325782776
4702,4.9,1,172.18122601509094
4703,4.449999999999999,4,172.20923471450806
4704,4.449999999999999,4,172.23789238929749
4705,4.6000000000000005,3,172.26303482055664
4706,-1.75,15,172.47740077972412
4707,4.449999999999999,4,172.50624322891235
4708,4.75,2,172.53402066230774
4709,4.75,2,172.56438732147217
4710,4.449999999999999,4,172.59739422798157
4711,4.9,1,172.6225926876068
4712,4.6000000000000005,3,172.65358662605286
4713,4.9,1,172.68118953704834
4714,4.6000000000000005,3,172.71039366722107
4715,4.15,6,172.74147295951843
4716,3.55,10,172.7817463874817
4717,4.75,2,172.80884528160095
4718,3.55,10,172.8470528125763
4719,3.85,8,172.88038158416748
4720,4.9,1,172.90497469902039
4721,4.9,1,172.92443108558655
4722,4.15,6,172.95725536346436
4723,4.3,5,172.98919010162354
4724,4.6000000000000005,3,173.02029418945312
4725,3.6999999999999997,9,173.0540668964386
4726,3.25,12,173.09225010871887
4727,3.85,8,173.12933349609375
4728,4.449999999999999,4,173.15715718269348
4729,4.3,5,173.18702840805054
4730,3.25,12,173.2353699207306
4731,4.6000000000000005,3,173.26579070091248
4732,4.449999999999999,4,173.29531049728394
4733,-1.75,15,173.33836364746094
4734,4.449999999999999,4,173.36281085014343
4735,4.449999999999999,4,173.39012789726257
4736,4.15,6,173.41905522346497
4737,3.6999999999999997,9,173.45114040374756
4738,4.9,1,173.47513914108276
4739,4.75,2,173.49864649772644
4740,4.75,2,173.5211362838745
4741,3.55,10,173.55407047271729
4742,4.3,5,173.58193731307983
4743,3.6999999999999997,9,173.6147975921631
4744,3.1,13,173.65328335762024
4745,4.3,5,173.67761731147766
4746,-1.75,15,173.7263538837433
4747,4.6000000000000005,3,173.75913763046265
4748,4.3,5,173.79205584526062
4749,4.9,1,173.817720413208
4750,4.9,1,173.84137415885925
4751,4.6000000000000005,3,173.87358951568604
4752,4.6000000000000005,3,173.90777111053467
4753,4.6000000000000005,3,174.0910108089447
4754,4.0,7,174.12398052215576
4755,4.6000000000000005,3,174.15299582481384
4756,3.6999999999999997,9,174.19309949874878
4757,4.9,1,174.21972012519836
4758,4.449999999999999,4,174.25456523895264
4759,4.0,7,174.2924177646637
4760,4.6000000000000005,3,174.32101225852966
4761,4.3,5,174.35126066207886
4762,3.85,8,174.38611602783203
4763,4.449999999999999,4,174.41316318511963
4764,4.6000000000000005,3,174.4371838569641
4765,4.15,6,174.4681694507599
4766,4.449999999999999,4,174.49783277511597
4767,4.3,5,174.5255103111267
4768,4.6000000000000005,3,174.5560405254364
4769,4.3,5,174.5870077610016
4770,4.75,2,174.61164021492004
4771,4.449999999999999,4,174.64273238182068
4772,3.4,11,174.68000054359436
4773,-3.5,11,174.72368597984314
4774,3.4,11,174.760240316391
4775,3.85,8,174.79516577720642
4776,4.3,5,174.82817435264587
4777,4.3,5,174.85625648498535
4778,4.3,5,174.88667035102844
4779,3.6999999999999997,9,174.9209587574005
4780,4.75,2,174.94811010360718
4781,4.3,5,174.97614932060242
4782,3.55,10,175.01239204406738
4783,3.6999999999999997,9,175.05084133148193
4784,4.0,7,175.08402514457703
4785,4.0,7,175.11489510536194
4786,4.0,7,175.146098613739
4787,4.0,7,175.17620182037354
4788,4.6000000000000005,3,175.20362782478333
4789,4.0,7,175.23542594909668
4790,4.15,6,175.26739072799683
4791,4.0,7,175.2994155883789
4792,4.3,5,175.32755780220032
4793,4.15,6,175.3581840991974
4794,4.0,7,175.39054322242737
4795,4.3,5,175.41890835762024
4796,3.4,11,175.6500427722931
4797,4.3,5,175.68658208847046
4798,4.75,2,175.71761107444763
4799,4.6000000000000005,3,175.74453783035278
4800,4.75,2,175.77226519584656
4801,4.9,1,175.79855298995972
4802,3.85,8,175.83485770225525
4803,4.6000000000000005,3,175.87061500549316
4804,4.449999999999999,4,175.90469455718994
4805,4.0,7,175.93743515014648
4806,4.15,6,175.96819305419922
4807,4.15,6,176.00048756599426
4808,4.3,5,176.03064823150635
4809,4.75,2,176.05382919311523
4810,4.75,2,176.08226704597473
4811,4.3,5,176.11019134521484
4812,-1.75,15,176.15363430976868
4813,4.449999999999999,4,176.17812991142273
4814,4.6000000000000005,3,176.2071921825409
4815,4.0,7,176.24442505836487
4816,-1.75,15,176.28830933570862
4817,-1.75,15,176.33277368545532
4818,-1.75,15,176.37791633605957
4819,4.3,5,176.40946245193481
4820,4.6000000000000005,3,176.43904042243958
4821,4.75,2,176.4635248184204
4822,4.6000000000000005,3,176.4879114627838
4823,3.55,10,176.52628803253174
4824,4.449999999999999,4,176.55486965179443
4825,3.85,8,176.58562660217285
4826,4.449999999999999,4,176.61367797851562
4827,-1.75,15,176.65483832359314
4828,4.75,2,176.67939472198486
4829,4.75,2,176.70473098754883
4830,4.6000000000000005,3,176.730943441391
4831,4.3,5,176.7587068080902
4832,4.0,7,176.79119515419006
4833,4.6000000000000005,3,176.81761622428894
4834,4.3,5,176.8507742881775
4835,4.449999999999999,4,176.87592101097107
4836,4.75,2,176.90446496009827
4837,4.6000000000000005,3,176.93329858779907
4838,4.0,7,176.96654224395752
4839,-1.75,15,177.00722885131836
4840,4.75,2,177.03443717956543
4841,4.0,7,177.2224953174591
4842,4.6000000000000005,3,177.2555537223816
4843,4.3,5,177.28893947601318
4844,3.4,11,177.33253026008606
4845,4.6000000000000005,3,177.36026906967163
4846,-1.75,15,177.40607690811157
4847,4.15,6,177.4381582736969
4848,3.55,10,177.4786434173584
4849,4.3,5,177.51514673233032
4850,-1.75,15,177.55883121490479
4851,3.6999999999999997,9,177.59478211402893
4852,-1.75,15,177.64065718650818
4853,4.449999999999999,4,177.67149949073792
4854,4.449999999999999,4,177.7005591392517
4855,4.75,2,177.7252323627472
4856,-1.75,15,177.7743203639984
4857,3.6999999999999997,9,177.81651854515076
4858,2.9499999999999997,14,177.86115169525146
4859,3.55,10,177.90448117256165
4860,4.6000000000000005,3,177.93515920639038
4861,3.55,10,177.97538876533508
4862,4.449999999999999,4,178.00803470611572
4863,4.75,2,178.03804421424866
4864,4.3,5,178.07291626930237
4865,4.449999999999999,4,178.0985279083252
4866,3.85,8,178.13168787956238
4867,4.15,6,178.15993785858154
4868,3.25,12,178.20051550865173
4869,4.449999999999999,4,178.2275960445404
4870,4.449999999999999,4,178.2535319328308
4871,3.6999999999999997,9,178.28784108161926
4872,4.75,2,178.3149516582489
4873,4.0,7,178.34432649612427
4874,4.75,2,178.3697693347931
4875,4.0,7,178.39713263511658
4876,4.6000000000000005,3,178.42482900619507
4877,4.9,1,178.44943809509277
4878,4.15,6,178.61818981170654
4879,4.449999999999999,4,178.6438853740692
4880,-1.75,15,178.69622421264648
4881,4.449999999999999,4,178.73236536979675
4882,3.6999999999999997,9,178.76938009262085
4883,4.9,1,178.79516410827637
4884,3.6999999999999997,9,178.83769702911377
4885,4.0,7,178.87236976623535
4886,4.15,6,178.91010117530823
4887,4.9,1,178.9336597919464
4888,4.6000000000000005,3,178.9624559879303
4889,4.0,7,178.9988498687744
4890,-3.35,8,179.03513383865356
4891,4.75,2,179.058984041214
4892,-1.75,15,179.111807346344
4893,3.6999999999999997,9,179.15105485916138
4894,3.55,10,179.18950390815735
4895,4.449999999999999,4,179.21880316734314
4896,4.75,2,179.24247932434082
4897,2.9499999999999997,14,179.28450560569763
4898,4.3,5,179.3154923915863
4899,4.0,7,179.35036611557007
4900,4.0,7,179.3846321105957
4901,4.9,1,179.40618419647217
4902,3.6999999999999997,9,179.4420816898346
4903,4.3,5,179.47251677513123
4904,4.0,7,179.5034646987915
4905,4.449999999999999,4,179.53214311599731
4906,4.449999999999999,4,179.5594675540924
4907,-1.75,15,179.6025471687317
4908,4.3,5,179.63101840019226
4909,3.25,12,179.6696901321411
4910,3.6999999999999997,9,179.70389866828918
4911,4.75,2,179.72948026657104
4912,4.3,5,179.75723886489868
4913,4.9,1,179.7824809551239
4914,3.85,8,179.81937098503113
4915,3.85,8,179.8590326309204
4916,3.85,8,179.8977553844452
4917,4.75,2,180.08308386802673
4918,4.0,7,180.1194052696228
4919,4.449999999999999,4,180.1544849872589
4920,4.6000000000000005,3,180.1835470199585
4921,3.4,11,180.22423028945923
4922,4.6000000000000005,3,180.24946522712708
4923,4.6000000000000005,3,180.2786226272583
4924,4.0,7,180.31401705741882
4925,4.75,2,180.3433859348297
4926,4.15,6,180.3862340450287
4927,4.75,2,180.40878796577454
4928,4.6000000000000005,3,180.43647980690002
4929,4.449999999999999,4,180.46130871772766
4930,4.3,5,180.4900598526001
4931,4.3,5,180.52337551116943
4932,4.75,2,180.55197262763977
4933,4.449999999999999,4,180.5788369178772
4934,4.6000000000000005,3,180.60736989974976
4935,4.75,2,180.6348750591278
4936,4.449999999999999,4,180.66713571548462
4937,4.15,6,180.70019459724426
4938,4.449999999999999,4,180.72813415527344
4939,4.449999999999999,4,180.75413632392883
4940,4.9,1,180.77467918395996
4941,4.75,2,180.80165600776672
4942,4.9,1,180.8235583305359
4943,4.75,2,180.8512978553772
4944,4.449999999999999,4,180.8881959915161
4945,-1.75,15,180.9427478313446
4946,4.75,2,180.9701588153839
4947,4.9,1,180.9927122592926
4948,4.3,5,181.01971888542175
4949,4.3,5,181.04909348487854
4950,4.449999999999999,4,181.0765986442566
4951,-3.15,4,181.1043736934662
4952,4.9,1,181.1308741569519
4953,4.6000000000000005,3,181.1585931777954
4954,3.85,8,181.19059538841248
4955,4.449999999999999,4,181.22585034370422
4956,4.9,1,181.2495777606964
4957,3.4,11,181.2893943786621
4958,4.75,2,181.3148636817932
4959,4.0,7,181.34428000450134
4960,4.449999999999999,4,181.37198638916016
4961,3.55,10,181.41355061531067
4962,4.449999999999999,4,181.4402949810028
4963,3.6999999999999997,9,181.47373294830322
4964,4.3,5,181.5002999305725
4965,4.3,5,181.5286157131195
4966,4.75,2,181.55199670791626
4967,3.6999999999999997,9,181.58792161941528
4968,4.449999999999999,4,181.6191713809967
4969,4.15,6,181.65818786621094
4970,4.3,5,181.69020175933838
4971,3.85,8,181.72822999954224
4972,4.75,2,181.75654339790344
4973,3.85,8,181.96929025650024
4974,4.3,5,181.999902009964
4975,-1.75,15,182.04453659057617
4976,4.9,1,182.07125306129456
4977,3.25,12,182.10952925682068
4978,4.75,2,182.13870763778687
4979,3.6999999999999997,9,182.17487931251526
4980,4.9,1,182.201411485672
4981,4.3,5,182.23256373405457
4982,4.75,2,182.26285004615784
4983,4.75,2,182.29124879837036
4984,4.449999999999999,4,182.32033109664917
4985,4.15,6,182.35342073440552
4986,4.3,5,182.38872456550598
4987,4.6000000000000005,3,182.4236879348755
4988,3.4,11,182.46924996376038
4989,4.0,7,182.50482273101807
4990,4.75,2,182.53083634376526
4991,4.15,6,182.56016874313354
4992,4.75,2,182.58374452590942
4993,4.9,1,182.60788941383362
4994,4.449999999999999,4,182.63654088974
4995,4.3,5,182.67194652557373
4996,-1.75,15,182.72023630142212
4997,3.85,8,182.7564218044281
4998,4.75,2,182.78336787223816
4999,4.15,6,182.8173053264618
5000,4.3,5,182.85181951522827
5001,4.0,7,182.8927993774414
5002,4.3,5,182.92831444740295
5003,4.15,6,182.95853281021118
5004,-1.75,15,183.00198888778687
5005,4.6000000000000005,3,183.0277967453003
5006,4.3,5,183.05970740318298
5007,4.9,1,183.08606719970703
5008,4.449999999999999,4,183.11488819122314
5009,4.9,1,183.1424961090088
5010,4.75,2,183.16937446594238
5011,4.449999999999999,4,183.19952249526978
5012,4.449999999999999,4,183.23022413253784
5013,3.6999999999999997,9,183.2685205936432
5014,4.75,2,183.2963089942932
5015,4.0,7,183.33100152015686
5016,4.75,2,183.35636401176453
5017,4.3,5,183.38781690597534
5018,4.449999999999999,4,183.41585874557495
5019,4.6000000000000005,3,183.4424102306366
5020,4.449999999999999,4,183.47134709358215
5021,4.75,2,183.4988613128662
5022,4.75,2,183.53009486198425
5023,4.6000000000000005,3,183.56072282791138
5024,4.75,2,183.5822446346283
5025,4.9,1,183.60560488700867
5026,4.3,5,183.790203332901
5027,3.55,10,183.827983379364
5028,4.3,5,183.85935926437378
5029,4.15,6,183.89212036132812
5030,4.449999999999999,4,183.92006373405457
5031,4.6000000000000005,3,183.94498252868652
5032,3.55,10,183.9830436706543
5033,4.15,6,184.01005387306213
5034,4.15,6,184.04159545898438
5035,3.85,8,184.07400798797607
5036,4.3,5,184.101713180542
5037,4.449999999999999,4,184.13215446472168
5038,3.85,8,184.16773891448975
5039,3.4,11,184.20473623275757
5040,4.449999999999999,4,184.2397997379303
5041,4.3,5,184.27520656585693
5042,3.4,11,184.31846451759338
5043,4.3,5,184.34552335739136
5044,3.4,11,184.38301062583923
5045,3.6999999999999997,9,184.41938853263855
5046,4.3,5,184.4504086971283
5047,4.6000000000000005,3,184.4788625240326
5048,4.15,6,184.50794577598572
5049,4.15,6,184.53602480888367
5050,4.15,6,184.56507802009583
5051,4.449999999999999,4,184.5922315120697
5052,3.4,11,184.63084983825684
5053,4.3,5,184.65935850143433
5054,4.6000000000000005,3,184.68742513656616
5055,4.0,7,184.7236909866333
5056,4.3,5,184.75872468948364
5057,4.6000000000000005,3,184.78757572174072
5058,4.75,2,184.81389713287354
5059,3.25,12,184.856675863266
5060,4.6000000000000005,3,184.88445568084717
5061,-1.75,15,184.92722415924072
5062,4.3,5,184.95891761779785
5063,4.15,6,184.99123120307922
5064,4.449999999999999,4,185.0279049873352
5065,3.55,10,185.0701026916504
5066,4.15,6,185.2944712638855
5067,4.449999999999999,4,185.32094597816467
5068,4.15,6,185.35596895217896
5069,-1.75,15,185.40615391731262
5070,3.6999999999999997,9,185.45089435577393
5071,4.449999999999999,4,185.48064470291138
5072,3.4,11,185.52049136161804
5073,4.449999999999999,4,185.55059123039246
5074,4.0,7,185.5873203277588
5075,3.85,8,185.62377309799194
5076,-1.75,15,185.67176866531372
5077,4.15,6,185.70368194580078
5078,4.449999999999999,4,185.73563241958618
5079,4.6000000000000005,3,185.76385474205017
5080,4.0,7,185.79730033874512
5081,4.6000000000000005,3,185.8265790939331
5082,4.6000000000000005,3,185.85906457901
5083,4.9,1,185.88811922073364
5084,4.449999999999999,4,185.92108464241028
5085,4.3,5,185.95624423027039
5086,4.3,5,185.98859190940857
5087,4.75,2,186.0137860774994
5088,4.3,5,186.03966355323792
5089,4.449999999999999,4,186.06734108924866
5090,4.6000000000000005,3,186.09217834472656
5091,3.85,8,186.1316499710083
5092,4.449999999999999,4,186.16457056999207
5093,3.1,13,186.2060580253601
5094,4.0,7,186.24041652679443
5095,4.6000000000000005,3,186.26590752601624
5096,4.75,2,186.29005694389343
5097,4.449999999999999,4,186.31839036941528
5098,4.3,5,186.35409688949585
5099,4.15,6,186.38401675224304
5100,4.449999999999999,4,186.41315627098083
5101,4.3,5,186.4452018737793
5102,4.449999999999999,4,186.4777591228485
5103,4.0,7,186.51216673851013
5104,-1.75,15,186.55628156661987
5105,3.85,8,186.59411334991455
5106,4.3,5,186.62352800369263
5107,3.25,12,186.66889762878418
5108,4.6000000000000005,3,186.8546929359436
5109,4.9,1,186.88233923912048
5110,4.75,2,186.90589022636414
5111,4.9,1,186.9306104183197
5112,-1.75,15,186.97694039344788
5113,4.3,5,187.01043796539307
5114,-1.75,15,187.05577087402344
5115,3.4,11,187.1009075641632
5116,3.55,10,187.14053678512573
5117,4.15,6,187.17562818527222
5118,4.15,6,187.20652842521667
5119,4.449999999999999,4,187.23366117477417
5120,4.0,7,187.268816947937
5121,-3.1,3,187.3005986213684
5122,4.6000000000000005,3,187.3345971107483
5123,4.0,7,187.3726029396057
5124,4.15,6,187.40521240234375
5125,4.6000000000000005,3,187.43604969978333
5126,4.3,5,187.47161984443665
5127,4.75,2,187.50031995773315
5128,4.449999999999999,4,187.53031086921692
5129,4.6000000000000005,3,187.5546395778656
5130,4.75,2,187.57831168174744
5131,4.3,5,187.60790133476257
5132,4.75,2,187.63176441192627
5133,4.449999999999999,4,187.6598882675171
5134,4.75,2,187.68860268592834
5135,-1.75,15,187.73312973976135
5136,4.75,2,187.7639946937561
5137,2.9499999999999997,14,187.80742955207825
5138,-3.5,11,187.8475329875946
5139,-1.75,15,187.89116406440735
5140,4.6000000000000005,3,187.92436385154724
5141,3.6999999999999997,9,187.96646118164062
5142,4.9,1,187.9919855594635
5143,4.3,5,188.02521800994873
5144,4.9,1,188.05339932441711
5145,4.75,2,188.08148074150085
5146,4.3,5,188.11303424835205
5147,4.75,2,188.13887524604797
5148,4.75,2,188.1699743270874
5149,4.75,2,188.20059061050415
5150,4.3,5,188.2336995601654
5151,4.449999999999999,4,188.25983095169067
5152,3.85,8,188.30308890342712
5153,4.75,2,188.3285505771637
5154,4.3,5,188.36299562454224
5155,4.6000000000000005,3,188.38913917541504
5156,4.449999999999999,4,188.41828107833862
5157,4.6000000000000005,3,188.58728432655334
5158,-1.75,15,188.63055539131165
5159,4.6000000000000005,3,188.65927290916443
5160,4.75,2,188.6833610534668
5161,4.15,6,188.71214652061462
5162,4.75,2,188.73900175094604
5163,4.6000000000000005,3,188.76792430877686
5164,4.15,6,188.79835653305054
5165,3.55,10,188.8420934677124
5166,4.449999999999999,4,188.8744411468506
5167,3.55,10,188.91854739189148
5168,4.3,5,188.9491090774536
5169,4.3,5,188.9793004989624
5170,4.15,6,189.01266074180603
5171,-3.3,7,189.06223464012146
5172,4.6000000000000005,3,189.0911202430725
5173,4.75,2,189.12095189094543
5174,3.6999999999999997,9,189.16124439239502
5175,4.0,7,189.1975302696228
5176,4.75,2,189.22390460968018
5177,4.3,5,189.25450921058655
5178,4.449999999999999,4,189.28086757659912
5179,4.6000000000000005,3,189.30384302139282
5180,4.6000000000000005,3,189.32664275169373
5181,4.3,5,189.36028289794922
5182,3.6999999999999997,9,189.39809226989746
5183,4.449999999999999,4,189.42559242248535
5184,4.449999999999999,4,189.45429039001465
5185,4.449999999999999,4,189.48242354393005
5186,3.55,10,189.51953172683716
5187,3.6999999999999997,9,189.56387662887573
5188,4.0,7,189.59720420837402
5189,4.75,2,189.62041187286377
5190,3.6999999999999997,9,189.663489818573
5191,4.75,2,189.69106769561768
5192,4.15,6,189.72722744941711
5193,4.6000000000000005,3,189.7567584514618
5194,4.6000000000000005,3,189.78476667404175
5195,4.15,6,189.83291220664978
5196,4.3,5,189.868008852005
5197,3.4,11,189.9137201309204
5198,4.449999999999999,4,189.94326066970825
5199,3.85,8,189.97743701934814
5200,4.75,2,190.00776863098145
5201,4.6000000000000005,3,190.0385262966156
5202,4.449999999999999,4,190.06841659545898
5203,4.75,2,190.09257984161377
5204,-1.75,15,190.28759908676147
5205,3.4,11,190.32614064216614
5206,3.25,12,190.36855030059814
5207,4.6000000000000005,3,190.39315009117126
5208,4.6000000000000005,3,190.41961646080017
5209,4.3,5,190.44801092147827
5210,4.15,6,190.47563457489014
5211,3.55,10,190.50999426841736
5212,4.15,6,190.5376420021057
5213,-1.75,15,190.5787148475647
5214,4.6000000000000005,3,190.60738563537598
5215,4.3,5,190.64348125457764
5216,4.15,6,190.67225813865662
5217,4.15,6,190.70288348197937
5218,4.75,2,190.7286434173584
5219,3.4,11,190.76545000076294
5220,4.449999999999999,4,190.79114627838135
5221,4.6000000000000005,3,190.8204848766327
5222,3.6999999999999997,9,190.86035752296448
5223,4.0,7,190.89741587638855
5224,4.75,2,190.92626857757568
5225,4.449999999999999,4,190.9539167881012
5226,3.85,8,190.9881546497345
5227,4.3,5,191.01354360580444
5228,-1.75,15,191.05750274658203
5229,4.6000000000000005,3,191.08667039871216
5230,4.9,1,191.1175377368927
5231,4.6000000000000005,3,191.14696836471558
5232,4.3,5,191.18191766738892
5233,3.85,8,191.22063541412354
5234,4.75,2,191.24854111671448
5235,4.0,7,191.2852499485016
5236,4.9,1,191.31482696533203
5237,4.6000000000000005,3,191.34232783317566
5238,3.55,10,191.3869354724884
5239,4.3,5,191.4185607433319
5240,4.15,6,191.45426750183105
5241,4.0,7,191.49019360542297
5242,-1.75,15,191.53618335723877
5243,4.3,5,191.56410002708435
5244,4.3,5,191.5926468372345
5245,3.85,8,191.7663323879242
5246,4.3,5,191.7912359237671
5247,4.9,1,191.81755781173706
5248,4.0,7,191.8522834777832
5249,3.55,10,191.88936734199524
5250,4.0,7,191.9269962310791
5251,4.0,7,191.95960187911987
5252,4.15,6,191.99067664146423
5253,4.6000000000000005,3,192.0184507369995
5254,4.75,2,192.04064011573792
5255,4.449999999999999,4,192.07557916641235
5256,4.15,6,192.1170437335968
5257,4.3,5,192.1478772163391
5258,4.449999999999999,4,192.17402839660645
5259,4.15,6,192.21517252922058
5260,4.75,2,192.24457836151123
5261,4.6000000000000005,3,192.27042627334595
5262,4.75,2,192.29620814323425
5263,4.6000000000000005,3,192.32728147506714
5264,4.75,2,192.3569197654724
5265,4.75,2,192.38754534721375
5266,4.15,6,192.4201238155365
5267,4.449999999999999,4,192.45544457435608
5268,4.75,2,192.480459690094
5269,4.449999999999999,4,192.50688815116882
5270,4.6000000000000005,3,192.53424763679504
5271,4.449999999999999,4,192.56125235557556
5272,4.9,1,192.58708715438843
5273,3.25,12,192.62358355522156
5274,4.449999999999999,4,192.65173840522766
5275,4.449999999999999,4,192.679203748703
5276,4.3,5,192.7103910446167
5277,3.55,10,192.74818968772888
5278,4.75,2,192.7699477672577
5279,4.0,7,192.8063726425171
5280,-1.75,15,192.85742378234863
5281,4.75,2,192.89501285552979
5282,4.6000000000000005,3,192.9271800518036
5283,4.15,6,192.9574851989746
5284,3.25,12,192.99985218048096
5285,4.75,2,193.0265986919403
5286,4.449999999999999,4,193.0571219921112
5287,3.6999999999999997,9,193.1003062725067
5288,4.3,5,193.13005256652832
5289,4.3,5,193.16043376922607
5290,3.85,8,193.20225048065186
5291,4.3,5,193.2319164276123
5292,4.6000000000000005,3,193.25895047187805
5293,4.449999999999999,4,193.28951501846313
5294,3.85,8,193.32737517356873
5295,-1.75,15,193.52300548553467
5296,4.3,5,193.5503408908844
5297,4.6000000000000005,3,193.57343649864197
5298,4.3,5,193.60145211219788
5299,4.6000000000000005,3,193.62888884544373
5300,4.15,6,193.65814185142517
5301,4.6000000000000005,3,193.68725895881653
5302,4.6000000000000005,3,193.7156047821045
5303,4.449999999999999,4,193.7415692806244
5304,3.6999999999999997,9,193.78528451919556
5305,4.75,2,193.81180715560913
5306,4.6000000000000005,3,193.83789348602295
5307,3.6999999999999997,9,193.88288569450378
5308,4.449999999999999,4,193.91190814971924
5309,4.3,5,193.94048738479614
5310,3.6999999999999997,9,193.97683334350586
5311,4.449999999999999,4,194.00762391090393
5312,4.9,1,194.0355429649353
5313,4.15,6,194.07267808914185
5314,4.15,6,194.1101975440979
5315,4.15,6,194.1419553756714
5316,4.15,6,194.1741499900818
5317,-1.75,15,194.21963620185852
5318,4.75,2,194.24913716316223
5319,4.3,5,194.28055882453918
5320,3.6999999999999997,9,194.31626796722412
5321,4.449999999999999,4,194.3417022228241
5322,-1.75,15,194.38772916793823
5323,4.6000000000000005,3,194.41866254806519
5324,4.449999999999999,4,194.45550155639648
5325,3.55,10,194.4966423511505
5326,4.75,2,194.5252239704132
5327,4.75,2,194.55413961410522
5328,3.6999999999999997,9,194.59389400482178
5329,3.85,8,194.62957048416138
5330,4.15,6,194.66134977340698
5331,4.9,1,194.68503046035767
5332,3.6999999999999997,9,194.721693277359
5333,4.75,2,194.7525668144226
5334,4.449999999999999,4,194.78824424743652
5335,3.85,8,194.83039021492004
5336,4.3,5,194.85983300209045
5337,4.449999999999999,4,194.89104390144348
5338,4.0,7,194.93380904197693
5339,4.449999999999999,4,194.96817708015442
5340,3.55,10,195.16754841804504
5341,4.9,1,195.19296860694885
5342,-3.25,6,195.22141218185425
5343,4.6000000000000005,3,195.24914956092834
5344,3.55,10,195.28835582733154
5345,4.3,5,195.32624173164368
5346,4.449999999999999,4,195.35500717163086
5347,3.85,8,195.39589715003967
5348,4.6000000000000005,3,195.42012524604797
5349,4.75,2,195.44622445106506
5350,4.0,7,195.478262424469
5351,4.6000000000000005,3,195.50263261795044
5352,4.6000000000000005,3,195.52581429481506
5353,3.6999999999999997,9,195.56527495384216
5354,4.15,6,195.60345935821533
5355,4.449999999999999,4,195.63885593414307
5356,4.6000000000000005,3,195.6703610420227
5357,4.3,5,195.7049641609192
5358,4.6000000000000005,3,195.73586416244507
5359,4.15,6,195.7667591571808
5360,-3.45,10,195.80696511268616
5361,4.15,6,195.840674161911
5362,3.6999999999999997,9,195.88476085662842
5363,-1.75,15,195.93678903579712
5364,3.55,10,195.97515630722046
5365,3.85,8,196.0124969482422
5366,3.6999999999999997,9,196.05328607559204
5367,4.3,5,196.08354306221008
5368,4.9,1,196.10992240905762
5369,4.9,1,196.14082384109497
5370,4.15,6,196.17473721504211
5371,-1.75,15,196.21999883651733
5372,4.3,5,196.24855256080627
5373,3.6999999999999997,9,196.29039025306702
5374,4.449999999999999,4,196.32182002067566
5375,4.9,1,196.35079431533813
5376,4.0,7,196.383686542511
5377,3.85,8,196.41612482070923
5378,4.75,2,196.44047284126282
5379,4.75,2,196.46675205230713
5380,4.75,2,196.48995208740234
5381,4.3,5,196.51888370513916
5382,4.6000000000000005,3,196.54203271865845
5383,4.15,6,196.57334876060486
5384,4.449999999999999,4,196.60049867630005
5385,3.6999999999999997,9,196.63761806488037
5386,4.0,7,196.82288002967834
5387,3.85,8,196.8585171699524
5388,4.15,6,196.88911056518555
5389,4.449999999999999,4,196.91978240013123
5390,4.449999999999999,4,196.95262551307678
5391,4.6000000000000005,3,196.98182272911072
5392,4.449999999999999,4,197.0197331905365
5393,4.6000000000000005,3,197.05045986175537
5394,4.6000000000000005,3,197.0823953151703
5395,3.55,10,197.12005519866943
5396,4.75,2,197.14866733551025
5397,-1.75,15,197.20345950126648
5398,3.55,10,197.2495219707489
5399,4.6000000000000005,3,197.27587962150574
5400,4.449999999999999,4,197.30453443527222
5401,4.6000000000000005,3,197.3325159549713
5402,4.3,5,197.35959219932556
5403,4.449999999999999,4,197.38910603523254
5404,3.55,10,197.43455696105957
5405,4.449999999999999,4,197.4646053314209
5406,4.15,6,197.4990475177765
5407,3.4,11,197.53959727287292
5408,4.449999999999999,4,197.568945646286
5409,3.55,10,197.60449171066284
5410,4.449999999999999,4,197.63262057304382
5411,4.6000000000000005,3,197.66193914413452
5412,3.85,8,197.6958827972412
5413,4.75,2,197.72206091880798
5414,-1.75,15,197.76858162879944
5415,3.25,12,197.8074493408203
5416,4.15,6,197.8387188911438
5417,4.75,2,197.87018156051636
5418,4.449999999999999,4,197.90083956718445
5419,3.85,8,197.93469309806824
5420,3.4,11,197.97157287597656
5421,4.6000000000000005,3,198.00115156173706
5422,4.75,2,198.02978515625
5423,3.55,10,198.06748962402344
5424,4.75,2,198.09382700920105
5425,4.6000000000000005,3,198.12420392036438
5426,4.3,5,198.15590572357178
5427,4.15,6,198.18925547599792
5428,4.6000000000000005,3,198.21466064453125
5429,4.75,2,198.2381031513214
5430,4.449999999999999,4,198.41838216781616
5431,4.75,2,198.44451141357422
5432,4.3,5,198.4717514514923
5433,4.6000000000000005,3,198.49761271476746
5434,4.75,2,198.52370953559875
5435,4.0,7,198.55446863174438
5436,4.6000000000000005,3,198.5785825252533
5437,4.0,7,198.6091959476471
5438,3.85,8,198.6420292854309
5439,3.85,8,198.67370796203613
5440,4.449999999999999,4,198.69981622695923
5441,4.0,7,198.7356219291687
5442,4.15,6,198.76729273796082
5443,3.6999999999999997,9,198.80344319343567
5444,3.85,8,198.83671164512634
5445,4.15,6,198.8715832233429
5446,-3.4,9,198.91025400161743
5447,4.449999999999999,4,198.93926644325256
5448,4.15,6,198.97300481796265
5449,4.9,1,199.00057578086853
5450,3.85,8,199.03907132148743
5451,4.449999999999999,4,199.078852891922
5452,-1.75,15,199.13380217552185
5453,4.449999999999999,4,199.16756772994995
5454,4.0,7,199.20474123954773
5455,4.449999999999999,4,199.24088168144226
5456,4.6000000000000005,3,199.27523398399353
5457,3.55,10,199.31563210487366
5458,3.6999999999999997,9,199.3512670993805
5459,4.0,7,199.38260102272034
5460,4.449999999999999,4,199.40751814842224
5461,4.3,5,199.44028663635254
5462,-1.75,15,199.48965764045715
5463,4.449999999999999,4,199.51589822769165
5464,3.6999999999999997,9,199.54914093017578
5465,4.3,5,199.57414555549622
5466,3.6999999999999997,9,199.6037619113922
5467,4.3,5,199.6334626674652
5468,4.3,5,199.66333651542664
5469,-3.1,3,199.69167470932007
5470,4.6000000000000005,3,199.7186107635498
5471,3.4,11,199.7575249671936
5472,3.85,8,199.93223762512207
5473,4.6000000000000005,3,199.9547986984253
5474,4.0,7,199.9855613708496
5475,4.449999999999999,4,200.00875806808472
5476,4.449999999999999,4,200.03350043296814
5477,4.6000000000000005,3,200.05978989601135
5478,4.6000000000000005,3,200.08797979354858
5479,4.449999999999999,4,200.11766076087952
5480,4.15,6,200.15148639678955
5481,4.6000000000000005,3,200.18037581443787
5482,-1.75,15,200.22220015525818
5483,4.9,1,200.24749517440796
5484,4.6000000000000005,3,200.27165579795837
5485,3.6999999999999997,9,200.30406999588013
5486,4.75,2,200.33002066612244
5487,4.9,1,200.35322070121765
5488,-1.75,15,200.39611625671387
5489,4.3,5,200.42314743995667
5490,3.6999999999999997,9,200.4592306613922
5491,4.15,6,200.48692345619202
5492,3.4,11,200.52976059913635
5493,4.449999999999999,4,200.56256437301636
5494,-1.75,15,200.60635805130005
5495,-1.75,15,200.6558482646942
5496,4.75,2,200.6847813129425
5497,4.3,5,200.72039580345154
5498,4.449999999999999,4,200.75658535957336
5499,4.15,6,200.78764843940735
5500,4.9,1,200.80805921554565
5501,4.3,5,200.83763813972473
5502,4.15,6,200.8680295944214
5503,3.85,8,200.901136636734
5504,3.85,8,200.93779873847961
5505,3.6999999999999997,9,200.9730203151703
5506,3.4,11,201.01328325271606
5507,3.85,8,201.05030727386475
5508,4.0,7,201.08147811889648
5509,3.55,10,201.1182656288147
5510,4.75,2,201.14396810531616
5511,4.449999999999999,4,201.17252206802368
5512,4.75,2,201.19831776618958
5513,4.75,2,201.22065114974976
5514,4.449999999999999,4,201.39949250221252
5515,4.3,5,201.4291090965271
5516,4.6000000000000005,3,201.45463037490845
5517,4.6000000000000005,3,201.48067998886108
5518,4.449999999999999,4,201.51421117782593
5519,4.3,5,201.5490026473999
5520,4.9,1,201.57369470596313
5521,3.55,10,201.6098437309265
5522,4.75,2,201.6346733570099
5523,4.6000000000000005,3,201.66099882125854
5524,4.449999999999999,4,201.6904170513153
5525,4.15,6,201.7205913066864
5526,3.85,8,201.75183367729187
5527,4.75,2,201.7784526348114
5528,3.55,10,201.81287050247192
5529,3.25,12,201.85266995429993
5530,4.449999999999999,4,201.87900614738464
5531,4.6000000000000005,3,201.90215134620667
5532,3.6999999999999997,9,201.93752551078796
5533,4.0,7,201.97297739982605
5534,4.75,2,201.99899291992188
5535,-3.4,9,202.0334587097168
5536,3.55,10,202.07046341896057
5537,4.75,2,202.09819340705872
5538,4.0,7,202.1301233768463
5539,4.75,2,202.15558385849
5540,4.6000000000000005,3,202.1828474998474
5541,3.55,10,202.22974944114685
5542,4.449999999999999,4,202.26202821731567
5543,4.6000000000000005,3,202.28780317306519
5544,4.449999999999999,4,202.31680965423584
5545,4.3,5,202.3471438884735
5546,4.6000000000000005,3,202.37351655960083
5547,4.6000000000000005,3,202.40022087097168
5548,3.6999999999999997,9,202.4335377216339
5549,3.1,13,202.47511219978333
5550,4.9,1,202.50242853164673
5551,-1.75,15,202.54376673698425
5552,4.6000000000000005,3,202.57203006744385
5553,4.0,7,202.60100054740906
5554,4.3,5,202.6284945011139
5555,4.75,2,202.65172052383423
5556,4.75,2,202.6783630847931
5557,4.15,6,202.70568203926086
5558,4.449999999999999,4,202.73420310020447
5559,-1.75,15,202.77488207817078
5560,4.9,1,202.79770684242249
5561,3.85,8,202.96326351165771
5562,4.6000000000000005,3,202.9868528842926
5563,4.15,6,203.01612663269043
5564,4.3,5,203.04180574417114
5565,4.6000000000000005,3,203.07022666931152
5566,3.55,10,203.10858941078186
5567,-1.75,15,203.1573839187622
5568,4.6000000000000005,3,203.18855381011963
5569,4.15,6,203.23112893104553
5570,-1.75,15,203.27259707450867
5571,4.0,7,203.3031666278839
5572,4.449999999999999,4,203.33070921897888
5573,4.6000000000000005,3,203.354727268219
5574,4.15,6,203.3807201385498
5575,4.6000000000000005,3,203.40407347679138
5576,3.1,13,203.44655060768127
5577,4.6000000000000005,3,203.47051811218262
5578,4.6000000000000005,3,203.49664878845215
5579,4.6000000000000005,3,203.52008628845215
5580,4.6000000000000005,3,203.54793787002563
5581,4.449999999999999,4,203.57833647727966
5582,4.6000000000000005,3,203.60961055755615
5583,4.449999999999999,4,203.63837814331055
5584,4.75,2,203.66400718688965
5585,3.4,11,203.7025260925293
5586,4.9,1,203.72378015518188
5587,4.3,5,203.7508716583252
5588,4.15,6,203.78241086006165
5589,4.0,7,203.81611442565918
5590,3.6999999999999997,9,203.85169386863708
5591,4.3,5,203.88285613059998
5592,4.449999999999999,4,203.9149568080902
5593,4.3,5,203.94874262809753
5594,-1.75,15,204.00116205215454
5595,-3.55,12,204.04610919952393
5596,3.25,12,204.0823736190796
5597,4.3,5,204.11327648162842
5598,3.85,8,204.14727687835693
5599,4.75,2,204.1696972846985
5600,4.449999999999999,4,204.19970965385437
5601,4.75,2,204.22228240966797
5602,3.85,8,204.25661540031433
5603,4.3,5,204.41923999786377
5604,4.75,2,204.44315719604492
5605,4.6000000000000005,3,204.4668800830841
5606,-1.75,15,204.51102948188782
5607,4.6000000000000005,3,204.53718519210815
5608,4.0,7,204.57016587257385
5609,4.0,7,204.60252833366394
5610,4.75,2,204.63196206092834
5611,4.6000000000000005,3,204.65837049484253
5612,4.449999999999999,4,204.69261717796326
5613,4.15,6,204.72114253044128
5614,3.6999999999999997,9,204.75437235832214
5615,4.75,2,204.77466940879822
5616,4.9,1,204.79789805412292
5617,4.6000000000000005,3,204.82210278511047
5618,4.6000000000000005,3,204.84827780723572
5619,4.449999999999999,4,204.87129187583923
5620,-1.75,15,204.91156935691833
5621,4.75,2,204.94105887413025
5622,4.15,6,204.97069597244263
5623,3.6999999999999997,9,205.0032880306244
5624,4.449999999999999,4,205.03043293952942
5625,4.449999999999999,4,205.0553171634674
5626,4.9,1,205.07823944091797
5627,4.75,2,205.10098147392273
5628,4.449999999999999,4,205.1286494731903
5629,4.15,6,205.1602692604065
5630,4.6000000000000005,3,205.18714570999146
5631,4.6000000000000005,3,205.21768283843994
5632,3.85,8,205.25450229644775
5633,3.55,10,205.29253149032593
5634,-1.75,15,205.36828112602234
5635,4.6000000000000005,3,205.40854263305664
5636,3.55,10,205.45592379570007
5637,4.3,5,205.49658584594727
5638,4.9,1,205.52770447731018
5639,4.3,5,205.55447506904602
5640,4.449999999999999,4,205.5820722579956
5641,3.55,10,205.61738991737366
5642,4.0,7,205.6572937965393
5643,4.75,2,205.68666529655457
5644,4.6000000000000005,3,205.71522784233093
5645,3.1,13,205.7627775669098
5646,4.3,5,205.79367351531982
5647,4.75,2,205.81637907028198
5648,4.3,5,205.84915709495544
5649,3.6999999999999997,9,205.88374209403992
5650,3.85,8,206.06080865859985
5651,4.75,2,206.08334279060364
5652,4.0,7,206.11106657981873
5653,4.6000000000000005,3,206.1334228515625
5654,4.75,2,206.15734887123108
5655,4.6000000000000005,3,206.18474650382996
5656,4.3,5,206.21163320541382
5657,4.15,6,206.2371928691864
5658,4.0,7,206.26782536506653
5659,4.15,6,206.3005347251892
5660,4.15,6,206.33493161201477
5661,3.25,12,206.37486362457275
5662,-3.05,2,206.4001476764679
5663,4.449999999999999,4,206.423686504364
5664,4.75,2,206.4518542289734
5665,4.449999999999999,4,206.47861742973328
5666,4.75,2,206.50154376029968
5667,4.449999999999999,4,206.5267903804779
5668,4.3,5,206.55570912361145
5669,4.6000000000000005,3,206.58136749267578
5670,4.6000000000000005,3,206.60382413864136
5671,4.3,5,206.63133358955383
5672,4.6000000000000005,3,206.65738821029663
5673,3.55,10,206.69274950027466
5674,4.6000000000000005,3,206.71898651123047
5675,3.85,8,206.75361585617065
5676,4.449999999999999,4,206.78080797195435
5677,4.0,7,206.81535291671753
5678,3.85,8,206.84544348716736
5679,3.85,8,206.8805947303772
5680,4.6000000000000005,3,206.9092185497284
5681,3.85,8,206.94830775260925
5682,4.6000000000000005,3,206.97417998313904
5683,4.9,1,206.99874186515808
5684,3.6999999999999997,9,207.03260803222656
5685,-1.75,15,207.07710123062134
5686,4.3,5,207.1040813922882
5687,4.6000000000000005,3,207.13469982147217
5688,4.15,6,207.16436576843262
5689,4.0,7,207.1973693370819
5690,4.0,7,207.22801065444946
5691,3.55,10,207.26150178909302
5692,4.75,2,207.28284883499146
5693,3.85,8,207.32073974609375
5694,4.3,5,207.34824919700623
5695,4.3,5,207.37435054779053
5696,4.15,6,207.40026760101318
5697,4.6000000000000005,3,207.42472386360168
5698,4.9,1,207.571706533432
5699,3.6999999999999997,9,207.6024739742279
5700,4.3,5,207.63046383857727
5701,4.6000000000000005,3,207.65477347373962
5702,4.6000000000000005,3,207.68227171897888
5703,4.0,7,207.7131941318512
5704,4.6000000000000005,3,207.7372589111328
5705,4.15,6,207.76538467407227
5706,4.3,5,207.79256129264832
5707,3.85,8,207.82070469856262
5708,4.3,5,207.84999012947083
5709,4.75,2,207.87249279022217
5710,4.75,2,207.89876770973206
5711,4.75,2,207.91883730888367
5712,4.449999999999999,4,207.94259357452393
5713,4.449999999999999,4,207.96766471862793
5714,4.15,6,207.9937379360199
5715,4.3,5,208.0214056968689
5716,4.9,1,208.0447599887848
5717,4.449999999999999,4,208.06832242012024
5718,3.4,11,208.10153222084045
5719,3.25,12,208.13572025299072
5720,4.75,2,208.15685868263245
5721,-1.75,15,208.20061540603638
5722,4.0,7,208.23242902755737
5723,4.9,1,208.25599265098572
5724,4.75,2,208.28176379203796
5725,3.4,11,208.3192000389099
5726,-1.75,15,208.36396861076355
5727,4.3,5,208.3986577987671
5728,4.6000000000000005,3,208.4238519668579
5729,4.449999999999999,4,208.45475053787231
5730,3.6999999999999997,9,208.48866176605225
5731,4.75,2,208.511638879776
5732,4.6000000000000005,3,208.53807139396667
5733,4.6000000000000005,3,208.56288623809814
5734,-1.75,15,208.61582136154175
5735,3.4,11,208.66293835639954
5736,4.9,1,208.68762230873108
5737,4.449999999999999,4,208.71927213668823
5738,4.0,7,208.7516734600067
5739,4.15,6,208.78364896774292
5740,4.0,7,208.8192493915558
5741,4.15,6,208.85285353660583
5742,3.55,10,209.0385880470276
5743,4.3,5,209.06584787368774
5744,4.449999999999999,4,209.093688249588
5745,4.75,2,209.11621832847595
5746,4.6000000000000005,3,209.14146089553833
5747,4.0,7,209.17913365364075
5748,4.75,2,209.20443677902222
5749,-1.75,15,209.24787163734436
5750,4.3,5,209.2735950946808
5751,3.6999999999999997,9,209.30364727973938
5752,4.3,5,209.33083581924438
5753,3.25,12,209.3656005859375
5754,-3.15,4,209.3900899887085
5755,4.75,2,209.4137101173401
5756,4.449999999999999,4,209.44063901901245
5757,4.449999999999999,4,209.46813941001892
5758,4.0,7,209.49573397636414
5759,-1.75,15,209.53630208969116
5760,4.449999999999999,4,209.5620677471161
5761,3.85,8,209.5962517261505
5762,4.6000000000000005,3,209.62124800682068
5763,4.6000000000000005,3,209.64788341522217
5764,4.0,7,209.67690086364746
5765,4.9,1,209.69961953163147
5766,4.75,2,209.72508358955383
5767,3.85,8,209.76153898239136
5768,4.6000000000000005,3,209.79727339744568
5769,3.6999999999999997,9,209.83532524108887
5770,4.15,6,209.8669683933258
5771,4.6000000000000005,3,209.89191007614136
5772,-1.75,15,209.93731355667114
5773,3.85,8,209.97420406341553
5774,4.449999999999999,4,210.00846242904663
5775,4.6000000000000005,3,210.03844332695007
5776,4.6000000000000005,3,210.06902742385864
5777,4.75,2,210.0988643169403
5778,4.75,2,210.12698459625244
5779,3.4,11,210.1652774810791
5780,4.15,6,210.20073437690735
5781,3.4,11,210.23875880241394
5782,4.0,7,210.2693154811859
5783,4.75,2,210.2916443347931
5784,4.3,5,210.32258558273315
5785,4.75,2,210.35128164291382
5786,4.6000000000000005,3,210.3767650127411
5787,4.6000000000000005,3,210.4022924900055
5788,4.6000000000000005,3,210.42895674705505
5789,4.75,2,210.45387363433838
5790,4.449999999999999,4,210.608149766922
5791,-3.35,8,210.63867259025574
5792,4.6000000000000005,3,210.6648359298706
5793,3.85,8,210.69782400131226
5794,3.85,8,210.72896122932434
5795,3.25,12,210.76445508003235
5796,4.0,7,210.79733800888062
5797,3.85,8,210.8277084827423
5798,4.75,2,210.84946656227112
5799,4.3,5,210.87841296195984
5800,4.6000000000000005,3,210.90588474273682
5801,4.6000000000000005,3,210.93045830726624
5802,3.55,10,210.96279382705688
5803,4.449999999999999,4,210.9875991344452
5804,4.15,6,211.02065873146057
5805,4.75,2,211.05075550079346
5806,4.3,5,211.07972049713135
5807,4.449999999999999,4,211.106684923172
5808,4.75,2,211.13062620162964
5809,4.75,2,211.15364909172058
5810,3.4,11,211.1928210258484
5811,4.15,6,211.2215301990509
5812,4.75,2,211.25139164924622
5813,-1.75,15,211.29400539398193
5814,4.0,7,211.33153438568115
5815,4.6000000000000005,3,211.36029267311096
5816,3.6999999999999997,9,211.39321541786194
5817,3.6999999999999997,9,211.4315321445465
5818,4.75,2,211.45750451087952
5819,4.75,2,211.48181581497192
5820,3.85,8,211.5132920742035
5821,-3.25,6,211.5407838821411
5822,4.6000000000000005,3,211.56647157669067
5823,4.3,5,211.59534811973572
5824,4.449999999999999,4,211.62433242797852
5825,4.3,5,211.65461111068726
5826,4.9,1,211.68027544021606
5827,4.6000000000000005,3,211.70907378196716
5828,4.3,5,211.73799228668213
5829,4.3,5,211.76755619049072
5830,4.0,7,211.79925918579102
5831,4.75,2,211.82323908805847
5832,-1.75,15,211.87012243270874
5833,4.6000000000000005,3,211.89761662483215
5834,4.449999999999999,4,211.92462849617004
5835,-1.75,15,212.10707473754883
5836,3.6999999999999997,9,212.13987946510315
5837,4.3,5,212.1676082611084
5838,4.449999999999999,4,212.19481873512268
5839,4.6000000000000005,3,212.2188515663147
5840,4.6000000000000005,3,212.2450134754181
5841,4.75,2,212.26711082458496
5842,4.6000000000000005,3,212.2919249534607
5843,3.25,12,212.33008646965027
5844,4.449999999999999,4,212.35963320732117
5845,3.6999999999999997,9,212.39416909217834
5846,4.3,5,212.42994356155396
5847,-1.75,15,212.47114324569702
5848,4.6000000000000005,3,212.49621176719666
5849,4.15,6,212.52195286750793
5850,3.4,11,212.5563576221466
5851,4.15,6,212.58534288406372
5852,4.9,1,212.60741353034973
5853,4.449999999999999,4,212.6347575187683
5854,3.55,10,212.66867923736572
5855,4.3,5,212.6977996826172
5856,4.3,5,212.72458744049072
5857,4.75,2,212.75010585784912
5858,3.25,12,212.7878520488739
5859,4.75,2,212.81478691101074
5860,4.15,6,212.84245467185974
5861,3.4,11,212.88465666770935
5862,4.15,6,212.9173562526703
5863,4.6000000000000005,3,212.95023655891418
5864,4.3,5,212.98597717285156
5865,4.0,7,213.02555465698242
5866,4.3,5,213.0668339729309
5867,4.3,5,213.10395503044128
5868,3.6999999999999997,9,213.1472704410553
5869,4.0,7,213.18784284591675
5870,4.3,5,213.2209062576294
5871,4.3,5,213.25820541381836
5872,3.4,11,213.30276536941528
5873,4.449999999999999,4,213.33527255058289
5874,4.15,6,213.37196564674377
5875,4.3,5,213.40139412879944
5876,4.15,6,213.4326024055481
5877,4.15,6,213.59789967536926
5878,4.449999999999999,4,213.62699961662292
5879,3.4,11,213.6630539894104
5880,4.449999999999999,4,213.6912064552307
5881,4.0,7,213.71946167945862
5882,4.6000000000000005,3,213.7444577217102
5883,4.15,6,213.7715344429016
5884,3.4,11,213.81364130973816
5885,4.3,5,213.84708309173584
5886,4.6000000000000005,3,213.8758614063263
5887,4.15,6,213.90364146232605
5888,3.85,8,213.93732523918152
5889,4.449999999999999,4,213.96796917915344
5890,4.449999999999999,4,213.9995629787445
5891,4.75,2,214.02943778038025
5892,4.9,1,214.0526225566864
5893,4.449999999999999,4,214.08153343200684
5894,4.75,2,214.10744380950928
5895,4.75,2,214.13146018981934
5896,4.6000000000000005,3,214.15513491630554
5897,4.15,6,214.18468570709229
5898,4.449999999999999,4,214.21195316314697
5899,4.449999999999999,4,214.23758459091187
5900,4.3,5,214.2641520500183
5901,4.3,5,214.29244470596313
5902,4.15,6,214.31956028938293
5903,3.55,10,214.36433601379395
5904,4.3,5,214.39478611946106
5905,4.0,7,214.42666959762573
5906,4.75,2,214.45269536972046
5907,3.4,11,214.48682570457458
5908,4.6000000000000005,3,214.51819562911987
5909,3.85,8,214.5545938014984
5910,4.6000000000000005,3,214.58292508125305
5911,4.6000000000000005,3,214.60838270187378
5912,3.25,12,214.65033721923828
5913,4.449999999999999,4,214.68292474746704
5914,3.85,8,214.7187922000885
5915,4.449999999999999,4,214.74902033805847
5916,4.9,1,214.7738173007965
5917,3.6999999999999997,9,214.80921816825867
5918,4.6000000000000005,3,214.83501553535461
5919,4.3,5,214.87206768989563
5920,3.85,8,214.91226840019226
5921,3.6999999999999997,9,214.9476718902588
5922,4.6000000000000005,3,214.97450852394104
5923,4.449999999999999,4,214.99963688850403
5924,4.0,7,215.03293538093567
