#{"t_start": 1787940112.7517202, "env_id": "None"}
r,l,t
-3.0,1,0.034348
4.3,5,0.066259
-3.05,2,0.094062
-3.2,5,0.122186
-3.05,2,0.15091
-3.0,1,0.17461
-3.0,1,0.196978
4.75,2,0.221281
-3.05,2,0.247431
-3.15,4,0.278246
-3.1,3,0.302296
-3.3,7,0.335604
-3.15,4,0.366181
-3.0,1,0.39078
4.75,2,0.420965
4.6,3,0.447362
-3.15,4,0.479045
3.85,8,0.509656
-3.05,2,0.534313
-3.05,2,0.557992
-3.0,1,0.581217
-3.0,1,0.602846
-3.05,2,0.630673
-3.2,5,0.665392
-3.4,9,0.698231
-3.2,5,0.729646
4.9,1,0.751546
-3.05,2,0.785602
4.75,2,0.81425
-3.0,1,0.842841
-3.1,3,0.870212
-3.0,1,0.895098
4.6,3,0.926682
-3.0,1,0.959
-3.05,2,0.987453
-3.05,2,1.014229
-3.0,1,1.038714
-3.05,2,1.066501
4.45,4,1.100176
4.15,6,1.138196
4.45,4,1.167672
-3.0,1,1.189267
-3.0,1,1.215771
-3.0,1,1.237634
3.85,8,1.280263
4.75,2,1.314939
-3.25,6,1.348413
-3.55,12,1.398225
-3.1,3,1.426044
-3.0,1,1.45103
-3.2,5,1.480593
-3.1,3,1.506403
-3.15,4,1.542236
-3.05,2,1.571844
-3.0,1,1.600001
4.0,7,1.633304
-3.05,2,1.660971
-3.0,1,1.68448
-3.35,8,1.717512
-3.1,3,1.743243
-3.05,2,1.768528
-3.0,1,1.796155
-3.0,1,1.821095
4.6,3,1.849462
-3.25,6,1.88239
-3.0,1,1.906713
-3.15,4,1.934062
-3.05,2,1.95665
-3.2,5,1.98735
4.15,6,2.017077
4.6,3,2.042045
4.75,2,2.066603
-3.5,11,2.104481
-3.1,3,2.133234
4.15,6,2.164403
-3.0,1,2.185545
-3.0,1,2.209858
-3.0,1,2.233535
-3.1,3,2.260017
4.45,4,2.285332
-3.05,2,2.455856
-3.0,1,2.476428
-3.05,2,2.498489
-3.1,3,2.527519
4.0,7,2.563411
-3.2,5,2.598468
-3.05,2,2.628539
4.6,3,2.65803
-3.0,1,2.684866
-3.2,5,2.716622
4.75,2,2.747738
2.95,14,2.796734
-3.05,2,2.819644
4.6,3,2.854327
-3.6,13,2.901999
-1.75,15,2.969591
-3.05,2,3.005592
-3.0,1,3.030993
-3.35,8,3.068459
4.9,1,3.091642
-3.05,2,3.118609
-3.15,4,3.149346
-3.2,5,3.184969
-3.1,3,3.213606
-3.2,5,3.239157
-3.3,7,3.271976
-3.1,3,3.300202
3.55,10,3.341233
-3.05,2,3.369682
-3.0,1,3.398536
-3.15,4,3.429423
-3.05,2,3.457085
-3.0,1,3.482551
-3.05,2,3.510051
-3.3,7,3.542398
-3.2,5,3.567692
-3.0,1,3.592677
-3.35,8,3.630538
-3.0,1,3.651437
-3.4,9,3.684989
-3.15,4,3.710014
-3.1,3,3.734232
-3.0,1,3.756125
-3.0,1,3.781413
-3.0,1,3.809302
4.6,3,3.836362
4.3,5,3.867493
4.0,7,3.906022
-3.0,1,3.929436
3.55,10,3.967307
-3.1,3,3.995705
-3.0,1,4.015974
-3.0,1,4.039531
4.15,6,4.078396
-3.05,2,4.104257
4.0,7,4.146046
4.9,1,4.178465
-3.2,5,4.212319
-3.2,5,4.24521
-3.05,2,4.271374
3.55,10,4.317249
-3.1,3,4.345774
-3.15,4,4.531404
4.75,2,4.556741
-3.15,4,4.584912
4.6,3,4.613518
-3.0,1,4.637253
-3.0,1,4.66299
-3.1,3,4.694876
4.45,4,4.727791
3.85,8,4.763457
-3.35,8,4.796195
-3.05,2,4.819604
-3.0,1,4.844953
-3.05,2,4.871538
-3.0,1,4.900794
-3.0,1,4.928971
4.6,3,4.964775
-3.1,3,4.99235
-3.0,1,5.015304
-3.35,8,5.052547
-3.7,15,5.102848
-3.0,1,5.128481
-3.0,1,5.15051
4.15,6,5.181885
-3.35,8,5.219308
4.15,6,5.251218
4.6,3,5.27784
-3.2,5,5.306334
-3.65,14,5.348837
-3.3,7,5.379277
-3.1,3,5.402243
4.45,4,5.433831
4.0,7,5.465402
-3.2,5,5.498232
-3.05,2,5.523946
-3.4,9,5.56347
-3.05,2,5.586745
-3.15,4,5.615775
3.1,13,5.658307
-3.0,1,5.684149
-3.0,1,5.71299
-3.0,1,5.73726
4.75,2,5.764743
-3.5,11,5.812192
-3.0,1,5.841187
-3.25,6,5.87968
-1.75,15,5.928529
-3.0,1,5.9533
3.25,12,6.002867
-3.05,2,6.034975
-3.25,6,6.070289
-3.05,2,6.095697
-3.05,2,6.121229
-3.4,9,6.160778
4.6,3,6.185501
-3.2,5,6.215549
-3.0,1,6.235458
-3.05,2,6.410795
-3.05,2,6.433569
-3.25,6,6.464988
-3.5,11,6.504419
4.15,6,6.540054
-3.0,1,6.565574
-3.0,1,6.589413
-3.0,1,6.612553
-3.5,11,6.661128
-3.0,1,6.681452
4.75,2,6.702691
-3.2,5,6.733601
-3.0,1,6.759812
-3.0,1,6.781576
3.85,8,6.812894
-3.1,3,6.843539
-3.25,6,6.880216
-3.3,7,6.916306
4.6,3,6.948689
-3.1,3,6.979096
4.75,2,7.00871
4.75,2,7.034269
4.9,1,7.057232
4.3,5,7.092447
-3.1,3,7.122633
3.1,13,7.173069
-3.0,1,7.200084
4.15,6,7.235775
3.7,9,7.281181
4.45,4,7.312943
-3.55,12,7.350504
-3.0,1,7.375757
-3.1,3,7.401934
-3.0,1,7.425505
-3.1,3,7.452184
-3.25,6,7.491178
-3.4,9,7.53436
3.1,13,7.58321
-3.2,5,7.618169
4.45,4,7.650765
-3.0,1,7.679456
-3.0,1,7.704221
-3.0,1,7.730283
4.75,2,7.756305
-3.0,1,7.781146
-3.4,9,7.82558
-3.15,4,7.858942
-3.05,2,7.887733
-3.45,10,7.930101
-3.05,2,7.955906
-3.15,4,7.987348
-3.0,1,8.011792
-3.0,1,8.034361
4.6,3,8.062614
-3.0,1,8.083093
-3.0,1,8.107772
-3.0,1,8.130383
-1.75,15,8.178244
4.6,3,8.212591
3.85,8,8.250101
-3.15,4,8.431882
3.85,8,8.470009
-3.4,9,8.503339
-3.2,5,8.534784
-3.05,2,8.559408
-3.05,2,8.582104
-3.3,7,8.614197
-3.25,6,8.643575
-3.0,1,8.66582
-3.0,1,8.694713
-3.1,3,8.719775
-3.05,2,8.747537
-3.2,5,8.777675
3.7,9,8.813736
-3.05,2,8.83627
-3.15,4,8.86521
3.7,9,8.902394
-3.15,4,8.935551
4.0,7,8.976491
-3.05,2,9.003056
-3.0,1,9.028908
4.75,2,9.057085
-3.35,8,9.097582
-3.7,15,9.14922
4.15,6,9.183177
4.45,4,9.214413
-3.0,1,9.240356
-3.35,8,9.280802
-3.1,3,9.308366
-1.75,15,9.35956
4.0,7,9.395478
-3.3,7,9.428062
-1.75,15,9.474617
-3.6,13,9.514011
-3.15,4,9.539527
4.6,3,9.571694
-3.0,1,9.596496
-3.4,9,9.631053
-3.2,5,9.663898
-3.65,14,9.709058
-3.45,10,9.746307
3.1,13,9.789045
-3.25,6,9.972067
-3.45,10,10.013807
-3.2,5,10.04531
3.4,11,10.081428
-3.25,6,10.112193
-3.1,3,10.135658
-3.1,3,10.160925
-3.3,7,10.196794
3.25,12,10.244083
-3.05,2,10.274744
-1.75,15,10.319054
4.75,2,10.347493
3.7,9,10.382361
3.25,12,10.428707
-3.35,8,10.462832
-3.1,3,10.496062
-3.15,4,10.523981
-3.0,1,10.54503
-1.75,15,10.594971
-3.45,10,10.636153
-3.5,11,10.675575
-3.5,11,10.714008
-3.3,7,10.749609
-3.35,8,10.78671
-3.2,5,10.817429
-3.05,2,10.841865
4.75,2,10.86741
4.15,6,10.901316
-3.55,12,10.937805
-3.15,4,10.967461
4.45,4,10.995994
-3.15,4,11.021504
-3.0,1,11.044295
-3.35,8,11.079645
-3.3,7,11.109588
-3.3,7,11.141574
-1.75,15,11.337734
4.45,4,11.369699
3.25,12,11.41836
4.15,6,11.456838
-3.25,6,11.495847
4.15,6,11.526484
4.15,6,11.564955
-3.0,1,11.59387
4.3,5,11.625335
-3.1,3,11.652383
-3.5,11,11.694566
-3.15,4,11.72298
3.55,10,11.761272
4.15,6,11.795338
3.25,12,11.832257
4.6,3,11.860405
4.0,7,11.889287
-3.05,2,11.915533
-3.05,2,11.938343
-3.0,1,11.963715
4.45,4,11.99334
4.75,2,12.015199
4.45,4,12.045422
-3.35,8,12.08566
4.15,6,12.116145
3.55,10,12.159416
4.45,4,12.194325
4.3,5,12.228162
3.85,8,12.268893
4.3,5,12.30222
4.0,7,12.335847
-3.5,11,12.378058
4.15,6,12.413857
4.6,3,12.438929
-3.1,3,12.463804
4.6,3,12.492875
-3.25,6,12.525478
-1.75,15,12.572484
-3.15,4,12.60141
3.85,8,12.640422
3.55,10,12.679361
4.75,2,12.702063
4.75,2,12.730117
-3.0,1,12.750729
-3.05,2,12.779172
-3.7,15,12.967562
3.85,8,13.001162
-3.0,1,13.026625
-1.75,15,13.074343
3.85,8,13.113767
-3.45,10,13.148025
-3.1,3,13.170097
-3.2,5,13.197989
-3.4,9,13.231766
-1.75,15,13.280923
4.75,2,13.303631
4.15,6,13.334908
4.15,6,13.368082
-3.2,5,13.39851
-3.1,3,13.433403
-3.35,8,13.467052
-3.15,4,13.494291
-3.1,3,13.517581
4.6,3,13.543513
4.3,5,13.577458
4.6,3,13.609643
4.0,7,13.645139
4.45,4,13.6733
4.3,5,13.703066
4.15,6,13.738928
-3.05,2,13.762218
3.85,8,13.798909
-3.05,2,13.824862
-3.25,6,13.860597
-3.1,3,13.88613
-3.65,14,13.933388
4.15,6,13.969261
-3.0,1,14.002238
-3.15,4,14.029924
-3.1,3,14.05853
-1.75,15,14.101737
-3.1,3,14.130322
-3.1,3,14.156087
4.6,3,14.181136
4.0,7,14.214447
4.6,3,14.242731
-1.75,15,14.287505
-3.05,2,14.311696
3.7,9,14.494121
-3.0,1,14.514285
-3.6,13,14.551223
4.15,6,14.58146
4.6,3,14.607897
4.75,2,14.634075
-3.0,1,14.659631
-3.3,7,14.69096
-3.45,10,14.726197
-3.05,2,14.750676
-1.75,15,14.79566
4.0,7,14.828251
4.6,3,14.851104
4.3,5,14.885883
-3.15,4,14.92168
-3.45,10,14.97149
4.6,3,15.000521
4.75,2,15.029437
4.45,4,15.062781
-3.5,11,15.108493
4.0,7,15.150298
-3.1,3,15.189836
-3.25,6,15.228606
4.15,6,15.263969
-3.1,3,15.297178
3.25,12,15.348256
4.3,5,15.378879
-1.75,15,15.430578
3.4,11,15.471461
-3.0,1,15.494499
-3.1,3,15.519219
3.25,12,15.559527
4.45,4,15.586351
3.7,9,15.62077
-3.05,2,15.645172
3.55,10,15.68163
3.85,8,15.713022
-1.75,15,15.75806
-1.75,15,15.948273
4.0,7,15.981585
4.45,4,16.015274
4.0,7,16.049177
4.3,5,16.085249
-3.35,8,16.125069
-3.2,5,16.15875
4.6,3,16.183838
4.0,7,16.216981
4.75,2,16.244
3.85,8,16.277126
-3.4,9,16.314119
-3.0,1,16.33927
4.75,2,16.362478
3.25,12,16.402337
4.6,3,16.429711
-3.65,14,16.47431
4.3,5,16.501438
-3.0,1,16.523475
3.4,11,16.55946
-3.0,1,16.580947
4.75,2,16.607615
-1.75,15,16.661192
-3.5,11,16.703824
-3.5,11,16.749795
4.15,6,16.786463
4.15,6,16.818308
4.0,7,16.85382
3.7,9,16.889306
4.6,3,16.914476
-1.75,15,16.962283
-1.75,15,17.004843
-3.05,2,17.028966
-1.75,15,17.077303
4.6,3,17.102324
4.45,4,17.135665
-3.45,10,17.174617
-1.75,15,17.382208
4.15,6,17.413064
-1.75,15,17.457253
4.45,4,17.489964
-1.75,15,17.532974
-3.05,2,17.55919
-3.05,2,17.583553
-1.75,15,17.62747
3.85,8,17.659982
4.0,7,17.693873
-3.2,5,17.721003
-3.1,3,17.74529
-3.35,8,17.781404
4.0,7,17.818447
4.45,4,17.847584
-3.15,4,17.880601
3.4,11,17.921252
3.7,9,17.957317
3.85,8,17.990616
4.9,1,18.014647
4.3,5,18.046788
3.55,10,18.084079
-1.75,15,18.129302
4.0,7,18.168506
3.4,11,18.210401
-3.55,12,18.258327
4.15,6,18.29441
4.45,4,18.327645
4.75,2,18.358596
4.75,2,18.388667
4.15,6,18.422024
4.9,1,18.447929
-1.75,15,18.498078
4.45,4,18.534152
3.7,9,18.573246
4.15,6,18.759569
3.85,8,18.792516
4.45,4,18.819283
-1.75,15,18.862918
3.4,11,18.89956
3.7,9,18.936098
4.75,2,18.9583
4.15,6,18.988257
4.6,3,19.014296
3.85,8,19.049942
4.45,4,19.075262
-3.2,5,19.10238
4.6,3,19.130243
3.55,10,19.166164
-3.05,2,19.192676
4.45,4,19.218505
-1.75,15,19.264267
4.15,6,19.298003
4.6,3,19.321902
-1.75,15,19.367816
4.15,6,19.401519
3.1,13,19.441486
4.3,5,19.468838
-1.75,15,19.515908
4.15,6,19.547881
-3.15,4,19.57698
4.6,3,19.608976
4.6,3,19.637627
-3.5,11,19.681401
4.6,3,19.713049
4.6,3,19.745795
-3.5,11,19.790103
4.6,3,19.814653
4.3,5,19.85157
4.6,3,19.893367
-1.75,15,19.951917
4.0,7,19.989371
4.75,2,20.015559
3.55,10,20.22311
4.3,5,20.252926
4.15,6,20.28375
3.7,9,20.319678
-3.1,3,20.346672
4.45,4,20.371679
-3.0,1,20.395582
3.25,12,20.434168
4.0,7,20.467079
4.45,4,20.495721
4.0,7,20.52911
4.75,2,20.554214
-3.45,10,20.593229
-3.6,13,20.635505
4.75,2,20.663075
3.4,11,20.697265
4.15,6,20.728195
3.4,11,20.767671
4.15,6,20.799589
4.3,5,20.826554
4.75,2,20.849255
3.85,8,20.883709
-3.45,10,20.926207
-3.65,14,20.971725
3.4,11,21.007434
4.3,5,21.03561
3.4,11,21.071445
4.15,6,21.099278
4.9,1,21.124851
4.6,3,21.153964
4.75,2,21.182203
4.45,4,21.209541
4.6,3,21.243666
3.85,8,21.276758
4.15,6,21.312957
4.3,5,21.343454
3.7,9,21.379706
4.6,3,21.408035
3.4,11,21.45365
4.3,5,21.646631
3.7,9,21.690159
4.6,3,21.719296
3.55,10,21.764959
3.85,8,21.801438
4.6,3,21.830261
4.3,5,21.8641
4.3,5,21.901262
3.85,8,21.943086
4.45,4,21.978795
-1.75,15,22.027327
-3.55,12,22.074341
4.45,4,22.112307
3.4,11,22.151579
4.45,4,22.184809
-3.05,2,22.218433
3.25,12,22.258583
3.85,8,22.291922
4.45,4,22.318798
4.45,4,22.35039
4.6,3,22.37746
3.4,11,22.414598
4.3,5,22.441169
-1.75,15,22.48741
4.6,3,22.515077
4.45,4,22.542525
4.45,4,22.56635
3.4,11,22.605015
-3.4,9,22.639286
3.55,10,22.67845
-3.05,2,22.701557
4.6,3,22.726232
4.15,6,22.758618
4.75,2,22.783206
4.3,5,22.815226
4.3,5,22.847975
4.0,7,22.884735
4.3,5,22.916458
3.7,9,22.955095
3.25,12,23.170506
-1.75,15,23.229705
3.4,11,23.297229
4.6,3,23.341819
4.75,2,23.380292
4.15,6,23.41817
4.6,3,23.449531
4.75,2,23.480312
3.4,11,23.525283
3.1,13,23.572745
4.0,7,23.607578
-1.75,15,23.650128
3.7,9,23.687973
4.6,3,23.717002
3.7,9,23.761521
4.3,5,23.795091
4.6,3,23.821549
4.6,3,23.848661
-3.05,2,23.874238
4.45,4,23.907255
-3.55,12,23.943637
3.25,12,23.982353
4.45,4,24.008299
-3.1,3,24.031015
4.3,5,24.062044
-1.75,15,24.109927
-3.65,14,24.150125
-1.75,15,24.199448
4.6,3,24.227382
-3.1,3,24.265293
4.0,7,24.299735
-1.75,15,24.349861
4.0,7,24.385886
4.0,7,24.579165
4.75,2,24.607333
3.85,8,24.646153
4.15,6,24.685156
4.6,3,24.714039
3.7,9,24.754295
-1.75,15,24.799756
3.25,12,24.844945
3.1,13,24.892537
-3.55,12,24.933124
-3.15,4,24.963614
4.6,3,25.000978
-3.5,11,25.04555
-1.75,15,25.092891
4.3,5,25.120739
4.15,6,25.150436
-1.75,15,25.204892
3.85,8,25.243382
4.15,6,25.280017
3.85,8,25.318559
3.7,9,25.361428
-1.75,15,25.40599
4.6,3,25.429699
4.45,4,25.45947
-1.75,15,25.502858
-1.75,15,25.544157
-1.75,15,25.588307
-3.6,13,25.625924
4.15,6,25.810794
-3.2,5,25.843014
-3.4,9,25.876244
4.3,5,25.907297
-3.45,10,25.941955
4.15,6,25.969572
-1.75,15,26.017345
4.6,3,26.046101
3.7,9,26.086308
3.85,8,26.120869
-1.75,15,26.165742
4.75,2,26.19445
-3.25,6,26.22508
4.0,7,26.259402
3.4,11,26.303037
3.1,13,26.348654
-1.75,15,26.395628
4.45,4,26.423309
3.55,10,26.465158
-1.75,15,26.510172
4.9,1,26.533373
4.6,3,26.561184
4.3,5,26.591924
4.15,6,26.620697
3.55,10,26.657187
-3.7,15,26.706395
4.6,3,26.734919
4.45,4,26.774785
3.85,8,26.813329
4.6,3,26.83972
4.0,7,26.871933
4.0,7,26.902663
4.6,3,26.931597
4.15,6,26.970196
-3.5,11,27.151016
-3.05,2,27.179045
-3.15,4,27.207649
-3.3,7,27.245955
4.75,2,27.268003
3.55,10,27.308251
4.3,5,27.340088
4.3,5,27.366493
3.85,8,27.40155
4.3,5,27.44019
4.45,4,27.470232
-3.15,4,27.495759
3.7,9,27.527843
-1.75,15,27.571162
4.45,4,27.59712
4.45,4,27.624614
-1.75,15,27.674397
3.7,9,27.711924
4.6,3,27.739869
4.3,5,27.769264
4.75,2,27.802544
-1.75,15,27.849888
-3.7,15,27.900959
3.55,10,27.945771
-3.15,4,27.974189
4.15,6,28.007346
3.25,12,28.047782
4.45,4,28.080853
-1.75,15,28.128657
3.4,11,28.171863
-3.1,3,28.195471
-3.4,9,28.230621
4.75,2,28.253343
2.95,14,28.310591
4.6,3,28.346045
4.3,5,28.386943
4.0,7,28.582497
3.55,10,28.62275
-1.75,15,28.669947
3.7,9,28.70932
4.6,3,28.736734
3.25,12,28.773245
4.15,6,28.805355
4.6,3,28.831967
3.7,9,28.869161
-3.15,4,28.895701
4.45,4,28.929399
-1.75,15,28.974785
4.75,2,29.000412
3.7,9,29.037905
-3.0,1,29.062829
-1.75,15,29.11477
4.45,4,29.151781
3.4,11,29.193494
4.15,6,29.228759
-3.05,2,29.257285
4.15,6,29.288847
3.1,13,29.330508
-3.65,14,29.38158
4.3,5,29.412585
4.75,2,29.438342
4.15,6,29.466374
4.6,3,29.492222
4.3,5,29.523357
4.3,5,29.556702
4.75,2,29.585241
4.6,3,29.609905
-1.75,15,29.658774
-1.75,15,29.713966
3.55,10,29.75374
3.85,8,29.94298
4.75,2,29.968851
4.75,2,29.998124
-1.75,15,30.044041
-1.75,15,30.0898
3.25,12,30.12929
4.6,3,30.15453
4.6,3,30.180681
4.15,6,30.212693
4.0,7,30.243273
4.0,7,30.275285
4.45,4,30.300297
-3.0,1,30.321992
-3.7,15,30.367391
-1.75,15,30.412007
-1.75,15,30.456307
4.15,6,30.485328
3.7,9,30.521096
4.75,2,30.54806
4.15,6,30.583401
4.6,3,30.607838
3.4,11,30.648029
3.85,8,30.680917
3.85,8,30.718287
-3.2,5,30.748079
-3.5,11,30.795696
4.75,2,30.824338
4.15,6,30.855585
3.7,9,30.89156
4.75,2,30.92565
-1.75,15,30.973968
4.0,7,31.01173
4.6,3,31.040344
4.15,6,31.07048
-3.65,14,31.322824
4.75,2,31.361128
4.75,2,31.38879
3.85,8,31.428137
4.75,2,31.4592
-3.6,13,31.5035
4.45,4,31.531049
-3.05,2,31.554694
-1.75,15,31.595922
4.75,2,31.623447
4.3,5,31.656542
4.6,3,31.683135
4.3,5,31.718546
-1.75,15,31.769392
3.4,11,31.81063
4.15,6,31.845434
-3.45,10,31.882632
4.15,6,31.916676
4.75,2,31.940715
-3.4,9,31.976793
4.3,5,32.006438
3.25,12,32.047531
-3.4,9,32.08296
4.9,1,32.107113
4.6,3,32.129977
4.6,3,32.155016
3.25,12,32.197362
4.75,2,32.219851
4.6,3,32.245796
-1.75,15,32.290933
3.25,12,32.328773
4.6,3,32.355493
4.3,5,32.38582
-3.0,1,32.409739
-3.7,15,32.457008
4.3,5,32.488249
4.0,7,32.520962
4.0,7,32.55477
3.55,10,32.594514
4.75,2,32.626372
4.75,2,32.814846
4.6,3,32.843594
-1.75,15,32.903792
4.75,2,32.929701
4.3,5,32.956485
4.75,2,32.981353
4.45,4,33.011355
3.25,12,33.048095
4.6,3,33.075164
3.85,8,33.11118
3.7,9,33.147513
3.25,12,33.191721
3.25,12,33.237109
-1.75,15,33.279422
3.85,8,33.314258
3.25,12,33.367313
4.15,6,33.39861
4.45,4,33.432484
3.85,8,33.465266
4.75,2,33.489379
4.6,3,33.512943
3.7,9,33.547733
4.3,5,33.576095
4.75,2,33.604577
4.0,7,33.634315
-3.7,15,33.683242
4.0,7,33.716718
4.75,2,33.741575
4.6,3,33.772902
4.45,4,33.799434
4.0,7,33.839384
3.85,8,33.875653
3.4,11,33.91358
-3.35,8,33.95356
3.85,8,33.996852
3.4,11,34.038872
3.7,9,34.240017
3.4,11,34.27842
3.55,10,34.317423
3.7,9,34.356306
4.6,3,34.382373
3.7,9,34.425715
-3.35,8,34.466896
3.25,12,34.509192
4.75,2,34.532409
-1.75,15,34.577093
4.6,3,34.601547
4.75,2,34.624086
-3.05,2,34.648197
4.3,5,34.679081
4.15,6,34.708206
4.45,4,34.746065
4.15,6,34.783324
4.45,4,34.812893
-3.7,15,34.857994
4.6,3,34.88067
4.15,6,34.913429
4.45,4,34.945714
4.9,1,34.973179
-3.7,15,35.025255
4.3,5,35.066065
3.7,9,35.112036
4.75,2,35.138582
-3.3,7,35.171686
-3.45,10,35.210965
-1.75,15,35.26233
4.3,5,35.295036
4.3,5,35.327981
4.15,6,35.36478
4.45,4,35.393297
4.3,5,35.422839
3.85,8,35.455506
3.7,9,35.493683
-3.45,10,35.685091
4.45,4,35.713841
-3.65,14,35.762341
3.7,9,35.797033
-1.75,15,35.843987
4.0,7,35.878751
4.3,5,35.910218
4.6,3,35.934661
4.0,7,35.971785
4.3,5,36.001708
4.45,4,36.036947
4.75,2,36.061515
4.0,7,36.099103
3.7,9,36.141607
4.45,4,36.171698
3.4,11,36.215716
4.3,5,36.250023
3.85,8,36.285266
3.55,10,36.329689
4.0,7,36.360202
3.55,10,36.399831
4.15,6,36.430951
3.55,10,36.465009
4.3,5,36.49711
4.45,4,36.524457
4.3,5,36.550598
4.45,4,36.57514
3.85,8,36.611546
3.4,11,36.658596
4.75,2,36.68506
4.45,4,36.711648
4.3,5,36.745358
4.15,6,36.776958
3.85,8,36.811902
4.3,5,36.843238
4.3,5,36.868594
4.45,4,36.898039
4.75,2,36.923911
4.3,5,36.950893
3.7,9,37.141601
4.15,6,37.171689
4.45,4,37.198404
3.55,10,37.246071
4.75,2,37.27274
-3.6,13,37.32453
4.45,4,37.356364
3.7,9,37.393869
3.7,9,37.436702
-1.75,15,37.485627
4.0,7,37.520221
3.55,10,37.555269
-1.75,15,37.596163
4.75,2,37.624052
-1.75,15,37.664072
3.55,10,37.699468
4.15,6,37.731145
-1.75,15,37.778629
3.7,9,37.818218
3.25,12,37.859435
3.1,13,37.90423
3.85,8,37.938918
-3.55,12,37.977252
4.6,3,38.001001
4.45,4,38.030825
3.4,11,38.074497
4.15,6,38.105645
4.75,2,38.131169
3.85,8,38.167413
3.85,8,38.202996
-3.65,14,38.41311
4.3,5,38.443131
4.15,6,38.472307
-1.75,15,38.513682
4.6,3,38.542672
4.6,3,38.577851
4.6,3,38.611665
4.6,3,38.646654
4.6,3,38.675988
4.3,5,38.707643
-1.75,15,38.755268
4.15,6,38.788816
4.3,5,38.818236
4.45,4,38.852366
3.55,10,38.892026
3.55,10,38.935003
4.15,6,38.969442
3.4,11,39.010437
4.75,2,39.039519
3.4,11,39.086886
3.55,10,39.127041
4.6,3,39.153908
4.45,4,39.183799
4.45,4,39.211989
4.15,6,39.24247
4.75,2,39.26664
4.45,4,39.29535
4.3,5,39.32798
4.0,7,39.366211
4.15,6,39.399495
4.6,3,39.433278
4.75,2,39.461304
4.45,4,39.492877
4.15,6,39.524956
4.3,5,39.555119
4.45,4,39.582882
3.4,11,39.628673
4.6,3,39.65783
3.4,11,39.695265
-3.35,8,39.729162
4.15,6,39.767489
4.45,4,39.795102
3.55,10,39.983016
3.4,11,40.02217
4.45,4,40.049591
3.55,10,40.089202
4.0,7,40.122928
4.6,3,40.149183
4.3,5,40.182208
4.75,2,40.213334
4.75,2,40.240988
-1.75,15,40.285678
4.15,6,40.315768
4.75,2,40.341845
3.85,8,40.379664
4.3,5,40.411953
4.45,4,40.439579
3.85,8,40.473489
3.7,9,40.509139
4.45,4,40.536742
4.75,2,40.561292
-1.75,15,40.60498
4.0,7,40.64094
4.3,5,40.672965
4.0,7,40.709117
-3.3,7,40.743599
-1.75,15,40.784166
4.45,4,40.81388
4.45,4,40.84492
4.3,5,40.885524
4.45,4,40.915262
4.9,1,40.940171
4.6,3,40.970443
4.15,6,41.010514
4.45,4,41.038416
4.45,4,41.06743
4.6,3,41.095034
4.15,6,41.130773
4.15,6,41.162001
3.85,8,41.1959
4.0,7,41.228027
4.0,7,41.263501
-1.75,15,41.449783
4.75,2,41.475418
4.45,4,41.505828
4.75,2,41.529409
4.75,2,41.553771
4.15,6,41.582442
4.45,4,41.610593
-1.75,15,41.655727
4.3,5,41.690653
4.6,3,41.71874
4.0,7,41.754468
4.6,3,41.787881
4.15,6,41.82532
3.55,10,41.871878
4.3,5,41.908056
4.3,5,41.942762
4.15,6,41.974166
4.45,4,42.006641
-1.75,15,42.062217
-3.6,13,42.110938
4.0,7,42.148615
-3.45,10,42.195099
4.15,6,42.230536
-1.75,15,42.282384
4.3,5,42.314089
4.15,6,42.346527
4.6,3,42.375116
3.7,9,42.420378
3.7,9,42.46099
-3.65,14,42.504436
3.85,8,42.545326
3.55,10,42.579446
4.3,5,42.607047
4.0,7,42.639616
3.7,9,42.677738
4.6,3,42.701866
-1.75,15,42.896151
3.55,10,42.92991
-1.75,15,42.975957
-3.55,12,43.015687
3.85,8,43.049453
4.45,4,43.077072
4.45,4,43.103206
3.25,12,43.148092
4.9,1,43.17454
4.15,6,43.204839
4.75,2,43.230908
4.3,5,43.264259
4.0,7,43.305529
4.15,6,43.340655
4.9,1,43.370717
-1.75,15,43.425481
4.75,2,43.453678
3.7,9,43.489805
3.4,11,43.532135
-1.75,15,43.580721
4.6,3,43.610051
4.3,5,43.644935
4.45,4,43.676733
3.7,9,43.713926
4.6,3,43.743159
4.6,3,43.770447
4.6,3,43.796116
3.55,10,43.838221
4.15,6,43.873261
4.0,7,43.904203
4.3,5,43.934901
4.15,6,43.969046
4.75,2,43.994653
4.15,6,44.022929
4.6,3,44.049933
4.6,3,44.076026
4.45,4,44.105009
4.15,6,44.136775
4.6,3,44.159622
3.55,10,44.195395
4.0,7,44.371126
3.85,8,44.406372
4.0,7,44.435959
4.3,5,44.461724
4.6,3,44.486992
4.3,5,44.515182
4.15,6,44.547285
4.0,7,44.576684
-3.15,4,44.604828
-3.0,1,44.626383
4.15,6,44.655432
4.0,7,44.691721
4.0,7,44.726501
4.15,6,44.761326
3.85,8,44.793563
4.45,4,44.826733
4.0,7,44.867141
4.3,5,44.895723
4.6,3,44.924983
-1.75,15,44.972353
4.3,5,45.000411
4.75,2,45.029426
4.0,7,45.067664
4.45,4,45.098619
-1.75,15,45.151856
4.45,4,45.194989
4.3,5,45.233029
4.3,5,45.271388
4.75,2,45.306287
4.3,5,45.340665
-1.75,15,45.389317
3.25,12,45.437099
3.55,10,45.474418
4.75,2,45.49802
3.25,12,45.535297
4.6,3,45.567981
4.45,4,45.593513
4.0,7,45.629557
4.45,4,45.662985
4.45,4,45.696113
-1.75,15,45.883376
4.45,4,45.915623
4.45,4,45.944834
3.7,9,45.982011
4.75,2,46.010371
4.75,2,46.033122
4.15,6,46.069077
4.45,4,46.09506
3.55,10,46.129287
4.45,4,46.153935
4.75,2,46.176758
3.7,9,46.210069
4.0,7,46.240719
3.7,9,46.275041
3.4,11,46.315853
3.7,9,46.351888
4.6,3,46.377786
4.15,6,46.40849
4.6,3,46.432605
3.4,11,46.471626
4.15,6,46.502221
4.6,3,46.527294
4.3,5,46.556933
4.75,2,46.58569
4.45,4,46.613847
4.0,7,46.6565
4.45,4,46.687297
4.15,6,46.721133
3.1,13,46.76463
4.9,1,46.789141
4.75,2,46.815895
3.4,11,46.852979
3.55,10,46.89005
4.75,2,46.917367
4.3,5,46.944897
4.15,6,46.980027
-1.75,15,47.031076
4.3,5,47.06184
4.6,3,47.088084
4.0,7,47.119468
4.45,4,47.146055
4.3,5,47.176292
-3.1,3,47.204812
4.75,2,47.227972
4.45,4,47.257882
3.25,12,47.44464
4.0,7,47.474938
-1.75,15,47.519117
3.85,8,47.548838
4.45,4,47.573796
4.3,5,47.599873
3.55,10,47.637281
4.45,4,47.66872
4.15,6,47.6975
3.85,8,47.72959
3.85,8,47.762772
4.75,2,47.793336
4.15,6,47.82712
4.6,3,47.856416
4.9,1,47.879683
4.6,3,47.910606
3.1,13,47.951261
4.0,7,47.987956
3.85,8,48.032112
4.3,5,48.074486
4.45,4,48.108866
3.7,9,48.147532
-1.75,15,48.201829
4.15,6,48.237327
4.3,5,48.267276
4.45,4,48.295691
4.45,4,48.327369
4.75,2,48.356102
3.7,9,48.403621
4.45,4,48.440591
4.3,5,48.473522
4.6,3,48.506011
4.45,4,48.538277
4.9,1,48.572339
4.45,4,48.610013
4.3,5,48.641689
-3.15,4,48.67201
3.7,9,48.708068
3.7,9,48.743751
4.3,5,48.775461
4.3,5,48.80989
4.9,1,48.834369
-3.4,9,48.875494
-1.75,15,49.082179
3.85,8,49.123417
4.75,2,49.147942
4.15,6,49.181795
4.6,3,49.213063
4.3,5,49.249114
4.45,4,49.286752
4.45,4,49.311414
4.0,7,49.34454
4.6,3,49.378897
4.6,3,49.408352
4.0,7,49.440593
3.1,13,49.487084
4.0,7,49.519207
4.3,5,49.546743
3.55,10,49.584263
4.45,4,49.610338
4.75,2,49.635605
3.25,12,49.682184
3.7,9,49.724823
4.3,5,49.759003
4.75,2,49.794844
3.1,13,49.837621
4.15,6,49.874999
4.6,3,49.910515
4.15,6,49.941371
4.15,6,49.975469
4.75,2,50.003222
4.6,3,50.030729
4.0,7,50.066949
4.3,5,50.097113
4.0,7,50.130834
4.9,1,50.157334
4.0,7,50.200149
4.0,7,50.240689
-1.75,15,50.281995
4.6,3,50.308468
3.7,9,50.342203
4.0,7,50.38238
4.45,4,50.413236
4.6,3,50.449725
4.6,3,50.477625
4.0,7,50.655665
4.75,2,50.679076
4.6,3,50.708711
4.6,3,50.737479
4.0,7,50.769168
4.6,3,50.794796
-3.55,12,50.831602
3.55,10,50.868034
3.4,11,50.907711
4.6,3,50.93021
4.45,4,50.959314
3.85,8,50.991445
3.4,11,51.031157
4.6,3,51.056251
4.15,6,51.084467
4.75,2,51.107799
4.45,4,51.13402
4.3,5,51.16126
3.7,9,51.194263
4.15,6,51.225776
4.75,2,51.246988
4.15,6,51.280237
4.0,7,51.310493
3.7,9,51.351215
4.6,3,51.377892
4.75,2,51.407579
4.75,2,51.433321
3.55,10,51.477575
-1.75,15,51.526583
3.85,8,51.565722
4.6,3,51.589034
4.75,2,51.616699
3.55,10,51.654764
-1.75,15,51.704954
3.85,8,51.746086
4.0,7,51.779448
4.15,6,51.813302
3.85,8,51.852676
4.6,3,51.882885
-1.75,15,52.097162
4.3,5,52.128275
4.75,2,52.150457
4.3,5,52.18036
4.15,6,52.209152
4.45,4,52.23717
4.0,7,52.270715
4.9,1,52.290784
-3.35,8,52.328401
4.0,7,52.362472
4.45,4,52.390642
4.6,3,52.417345
3.7,9,52.453876
3.85,8,52.482991
4.45,4,52.512336
4.15,6,52.539856
4.45,4,52.567751
-3.45,10,52.600873
4.6,3,52.625747
4.3,5,52.656881
4.15,6,52.684603
-1.75,15,52.733912
4.75,2,52.761135
3.85,8,52.799255
4.6,3,52.832348
-1.75,15,52.880299
4.45,4,52.910485
4.6,3,52.941559
4.3,5,52.974133
4.0,7,53.010623
3.7,9,53.055403
4.0,7,53.097357
4.15,6,53.136194
4.3,5,53.166145
-3.25,6,53.195963
4.3,5,53.229562
4.0,7,53.269778
4.75,2,53.296978
4.15,6,53.330373
4.15,6,53.362035
3.7,9,53.397622
4.45,4,53.427345
3.55,10,53.463103
4.9,1,53.484169
3.7,9,53.667616
4.45,4,53.69783
4.3,5,53.726059
4.75,2,53.756243
4.3,5,53.796337
4.0,7,53.836673
4.15,6,53.873499
4.3,5,53.902568
4.45,4,53.929754
4.3,5,53.958475
4.15,6,53.988356
4.6,3,54.012945
4.45,4,54.03991
4.6,3,54.070364
4.15,6,54.111931
4.3,5,54.144756
3.7,9,54.183296
3.4,11,54.221115
4.75,2,54.242056
4.3,5,54.272962
4.6,3,54.297875
4.6,3,54.32152
4.15,6,54.358777
4.45,4,54.391469
4.15,6,54.428878
4.6,3,54.453837
3.55,10,54.489642
3.25,12,54.535834
4.75,2,54.560237
4.15,6,54.594468
4.45,4,54.624363
3.85,8,54.656274
4.15,6,54.690062
4.75,2,54.717618
4.15,6,54.752992
3.85,8,54.790195
4.3,5,54.824157
-1.75,15,54.87026
4.9,1,54.895154
4.75,2,54.921909
3.7,9,54.962388
3.85,8,54.997047
4.3,5,55.029411
4.0,7,55.067969
4.3,5,55.102636
3.4,11,55.329615
4.6,3,55.358783
-1.75,15,55.403584
4.3,5,55.434842
4.45,4,55.469614
4.6,3,55.502736
4.15,6,55.534021
4.6,3,55.560479
4.45,4,55.587029
4.45,4,55.615801
3.55,10,55.657869
3.4,11,55.695791
4.75,2,55.720667
4.6,3,55.745205
3.4,11,55.783638
4.3,5,55.813105
4.6,3,55.840179
4.45,4,55.869836
4.0,7,55.909067
4.45,4,55.942526
4.15,6,55.974576
4.45,4,56.006395
-1.75,15,56.053953
4.6,3,56.087724
3.7,9,56.125761
-3.35,8,56.164213
4.75,2,56.194289
3.25,12,56.234724
3.25,12,56.278321
4.0,7,56.314935
4.45,4,56.343322
3.85,8,56.377484
-1.75,15,56.421313
4.15,6,56.449455
4.9,1,56.474071
4.3,5,56.505378
3.85,8,56.538451
-3.55,12,56.575636
4.3,5,56.605906
-1.75,15,56.789868
4.45,4,56.814079
4.45,4,56.840913
3.55,10,56.881054
3.55,10,56.92529
-1.75,15,56.968616
-3.15,4,56.99824
4.75,2,57.026684
3.85,8,57.059721
4.45,4,57.087148
3.7,9,57.12036
4.3,5,57.15395
-3.2,5,57.191646
4.75,2,57.223531
3.25,12,57.264994
4.6,3,57.292285
3.85,8,57.330687
3.85,8,57.365763
4.6,3,57.394392
4.45,4,57.41925
4.6,3,57.448938
3.55,10,57.495391
-3.45,10,57.541682
4.6,3,57.577754
-1.75,15,57.624801
-1.75,15,57.670613
4.6,3,57.704948
4.0,7,57.739019
3.1,13,57.781571
4.6,3,57.81275
3.4,11,57.85387
4.15,6,57.883732
-3.25,6,57.914731
2.8,15,57.959131
3.25,12,58.144241
4.6,3,58.169202
4.45,4,58.198533
4.0,7,58.233016
3.7,9,58.267674
4.45,4,58.293457
-3.25,6,58.327497
4.45,4,58.355245
4.45,4,58.384274
-3.15,4,58.416671
-1.75,15,58.460916
4.15,6,58.495142
3.7,9,58.533081
4.9,1,58.556504
4.45,4,58.582501
3.85,8,58.615489
4.0,7,58.645964
4.15,6,58.676073
-1.75,15,58.725132
4.9,1,58.750044
4.45,4,58.777386
3.85,8,58.810471
4.3,5,58.840491
3.85,8,58.871106
4.3,5,58.90072
-1.75,15,58.947472
4.0,7,58.981
4.3,5,59.010542
4.6,3,59.037678
4.3,5,59.068118
4.0,7,59.101653
4.3,5,59.134981
4.3,5,59.169859
4.75,2,59.200112
4.15,6,59.237465
4.0,7,59.273667
4.6,3,59.297789
4.6,3,59.327045
4.75,2,59.354121
-3.4,9,59.387989
-1.75,15,59.440148
3.7,9,59.614746
3.7,9,59.651957
4.75,2,59.676716
4.3,5,59.706182
4.3,5,59.736332
4.45,4,59.76502
4.6,3,59.791693
4.45,4,59.825336
4.45,4,59.86145
4.6,3,59.887594
-3.35,8,59.925264
4.3,5,59.957768
3.85,8,59.989333
3.1,13,60.029317
4.15,6,60.061208
4.75,2,60.088286
4.3,5,60.121845
-1.75,15,60.169596
4.15,6,60.198419
4.45,4,60.227684
4.15,6,60.260742
4.75,2,60.288482
4.3,5,60.316875
4.0,7,60.351954
-1.75,15,60.39702
4.75,2,60.422587
4.75,2,60.44687
4.75,2,60.476634
4.45,4,60.500688
3.7,9,60.538223
4.45,4,60.570855
-3.35,8,60.607524
4.3,5,60.642917
3.85,8,60.687628
4.75,2,60.726792
4.0,7,60.766032
-1.75,15,60.824124
4.9,1,60.851495
4.75,2,60.880218
3.55,10,60.9221
4.6,3,60.949562
4.0,7,60.986382
4.15,6,61.017944
4.0,7,61.192993
4.3,5,61.220347
4.6,3,61.245706
3.4,11,61.285321
-1.75,15,61.334735
3.4,11,61.374389
3.85,8,61.406499
3.55,10,61.439582
3.4,11,61.477137
3.25,12,61.512311
4.75,2,61.536152
4.45,4,61.563994
4.6,3,61.590897
3.55,10,61.6262
4.3,5,61.658496
3.25,12,61.698114
4.3,5,61.729233
3.4,11,61.772703
4.6,3,61.805394
4.75,2,61.835887
3.25,12,61.879532
3.4,11,61.92113
3.85,8,61.957052
4.9,1,61.983791
-1.75,15,62.028723
-3.1,3,62.056624
4.75,2,62.079016
4.15,6,62.111867
4.6,3,62.13991
4.45,4,62.167471
4.6,3,62.203974
2.95,14,62.259079
3.85,8,62.298325
4.45,4,62.32987
3.55,10,62.371945
4.15,6,62.413248
4.75,2,62.438638
4.75,2,62.613175
4.75,2,62.63996
3.85,8,62.674361
4.9,1,62.697761
4.0,7,62.726508
3.4,11,62.764351
4.0,7,62.795907
4.6,3,62.823412
4.3,5,62.859026
4.6,3,62.888033
4.6,3,62.916498
4.45,4,62.941748
4.6,3,62.968468
4.75,2,62.994143
3.7,9,63.02965
4.3,5,63.057343
4.15,6,63.088985
4.6,3,63.112167
4.0,7,63.141602
4.15,6,63.173573
-1.75,15,63.219333
4.75,2,63.251734
4.6,3,63.274999
-1.75,15,63.321343
3.55,10,63.358862
4.6,3,63.387697
4.45,4,63.41364
3.85,8,63.447254
4.0,7,63.479393
4.0,7,63.51062
3.7,9,63.542773
3.85,8,63.572832
4.0,7,63.604382
4.3,5,63.631811
4.6,3,63.657998
4.0,7,63.692771
4.75,2,63.72051
4.75,2,63.752507
4.3,5,63.788671
4.45,4,63.816771
4.0,7,63.849341
4.6,3,63.876071
3.7,9,63.918301
3.85,8,63.953628
3.85,8,64.144051
4.75,2,64.171258
-3.25,6,64.204361
4.15,6,64.235905
4.15,6,64.268166
4.75,2,64.291949
4.45,4,64.323877
3.4,11,64.360009
-3.3,7,64.393026
4.6,3,64.424858
4.3,5,64.45426
4.45,4,64.484774
4.3,5,64.518753
4.3,5,64.549011
-3.6,13,64.589393
3.85,8,64.625178
4.3,5,64.654342
4.3,5,64.683666
4.45,4,64.709673
4.0,7,64.745004
4.15,6,64.775907
4.45,4,64.802141
4.6,3,64.829072
4.45,4,64.85514
4.15,6,64.891979
4.6,3,64.918019
4.6,3,64.951748
4.75,2,64.978004
4.6,3,65.008287
3.4,11,65.045089
4.0,7,65.084986
3.55,10,65.12626
4.45,4,65.161514
4.45,4,65.192023
3.7,9,65.227214
2.95,14,65.274032
4.45,4,65.306177
3.55,10,65.350321
4.75,2,65.382647
3.4,11,65.425954
-3.2,5,65.455103
4.6,3,65.490329
4.75,2,65.513696
4.45,4,65.545601
4.3,5,65.583682
4.75,2,65.613768
3.55,10,65.805804
4.6,3,65.832516
-3.45,10,65.871535
4.3,5,65.902925
-1.75,15,65.946019
4.75,2,65.973057
4.6,3,66.003807
4.0,7,66.036412
4.6,3,66.067555
4.6,3,66.089997
-1.75,15,66.133174
4.6,3,66.156895
4.6,3,66.183718
4.6,3,66.21579
4.3,5,66.244964
4.3,5,66.276742
3.4,11,66.319166
-3.1,3,66.35303
4.3,5,66.388668
4.45,4,66.415447
4.75,2,66.439879
3.1,13,66.478177
3.4,11,66.515036
4.45,4,66.540999
4.6,3,66.566426
4.75,2,66.589006
3.55,10,66.628429
4.75,2,66.656229
3.25,12,66.696653
4.3,5,66.731195
4.15,6,66.762157
4.6,3,66.791657
4.0,7,66.824777
4.45,4,66.853642
4.75,2,66.884066
4.3,5,66.921009
4.0,7,66.96209
4.6,3,66.993092
-3.45,10,67.039858
3.55,10,67.078295
4.6,3,67.10447
4.6,3,67.138841
4.45,4,67.169182
4.15,6,67.19892
4.9,1,67.22767
4.15,6,67.421683
3.85,8,67.451939
-1.75,15,67.493
4.6,3,67.520153
4.75,2,67.553062
4.3,5,67.584178
4.15,6,67.611794
4.6,3,67.640067
4.75,2,67.666688
-1.75,15,67.708408
3.7,9,67.744597
4.75,2,67.76755
4.45,4,67.796737
4.6,3,67.820976
4.9,1,67.842884
3.7,9,67.880489
3.7,9,67.915663
4.6,3,67.943686
4.3,5,67.97035
4.6,3,68.003124
4.3,5,68.034386
4.0,7,68.069212
4.3,5,68.10097
4.3,5,68.129198
4.6,3,68.158013
4.45,4,68.190405
4.75,2,68.221198
4.0,7,68.255867
4.3,5,68.291028
4.15,6,68.324682
4.45,4,68.354882
4.45,4,68.380922
4.3,5,68.410619
4.9,1,68.43644
4.3,5,68.466189
4.3,5,68.505981
4.3,5,68.544165
4.15,6,68.583283
4.3,5,68.619308
4.75,2,68.657009
4.15,6,68.692217
4.75,2,68.724229
4.9,1,68.752248
4.9,1,68.776712
4.0,7,68.820266
4.6,3,68.844919
4.45,4,68.873873
4.3,5,68.905691
4.0,7,68.938816
4.9,1,68.965361
4.75,2,68.99254
3.4,11,69.040296
4.45,4,69.069701
4.15,6,69.26842
4.6,3,69.295412
-1.75,15,69.344878
4.3,5,69.380587
4.0,7,69.414463
4.0,7,69.448543
3.4,11,69.482535
4.6,3,69.506268
4.0,7,69.537348
3.85,8,69.568459
3.85,8,69.606438
3.55,10,69.647878
3.55,10,69.687176
4.15,6,69.725095
3.85,8,69.762257
4.9,1,69.791017
4.45,4,69.821051
3.7,9,69.856228
3.55,10,69.894607
4.6,3,69.923955
4.6,3,69.952645
4.3,5,69.979851
3.85,8,70.020811
3.85,8,70.058757
4.0,7,70.095954
4.6,3,70.127401
3.4,11,70.167802
-1.75,15,70.217678
4.6,3,70.243788
3.85,8,70.279773
4.45,4,70.313107
4.0,7,70.344809
4.15,6,70.378988
4.15,6,70.415208
4.75,2,70.441901
4.6,3,70.469687
4.15,6,70.506732
4.0,7,70.542479
4.45,4,70.575728
-1.75,15,70.757643
4.75,2,70.784252
4.6,3,70.808067
4.15,6,70.843879
4.0,7,70.876694
4.75,2,70.902623
-1.75,15,70.94223
4.45,4,70.969838
4.45,4,71.001284
4.45,4,71.035666
4.75,2,71.059579
4.6,3,71.086349
4.75,2,71.108426
4.3,5,71.143461
4.3,5,71.171991
4.0,7,71.202958
4.3,5,71.23456
4.15,6,71.261278
3.7,9,71.297927
4.0,7,71.328566
4.75,2,71.356401
4.45,4,71.391029
4.75,2,71.424877
3.7,9,71.461489
4.45,4,71.492803
4.45,4,71.526421
4.75,2,71.554046
4.75,2,71.586161
3.55,10,71.62307
3.85,8,71.666417
3.85,8,71.708869
4.3,5,71.749629
4.45,4,71.779833
4.6,3,71.810681
4.75,2,71.84334
3.4,11,71.892226
4.6,3,71.923079
4.6,3,71.951771
3.85,8,71.99649
4.45,4,72.026422
3.4,11,72.071733
4.3,5,72.105597
3.85,8,72.143389
4.75,2,72.170352
4.0,7,72.204827
4.15,6,72.238809
4.75,2,72.266643
4.15,6,72.294297
3.4,11,72.470286
4.3,5,72.502648
4.45,4,72.529203
3.4,11,72.572895
4.6,3,72.5985
4.0,7,72.634239
3.55,10,72.67711
4.15,6,72.710597
4.15,6,72.752122
3.85,8,72.795594
4.6,3,72.824053
4.15,6,72.853161
4.9,1,72.878125
4.15,6,72.908908
4.0,7,72.949681
4.0,7,72.992565
4.75,2,73.021945
4.45,4,73.052849
3.7,9,73.104149
4.45,4,73.132646
4.45,4,73.162557
4.6,3,73.192395
4.45,4,73.222704
4.6,3,73.256342
3.1,13,73.304135
3.85,8,73.3431
4.15,6,73.373653
4.75,2,73.403861
4.45,4,73.433814
3.85,8,73.468387
4.0,7,73.504469
-1.75,15,73.548643
3.7,9,73.583904
4.6,3,73.61114
4.45,4,73.639806
4.45,4,73.666361
4.75,2,73.692006
4.75,2,73.718075
-1.75,15,73.769425
4.6,3,73.799699
4.6,3,73.833847
4.45,4,73.859246
4.75,2,73.885717
4.45,4,73.915833
3.1,13,74.11855
3.85,8,74.151276
4.45,4,74.179826
3.4,11,74.21871
-1.75,15,74.264786
4.9,1,74.29073
4.75,2,74.311469
4.45,4,74.339931
-1.75,15,74.38763
4.6,3,74.410702
4.15,6,74.441589
4.15,6,74.475647
4.45,4,74.503281
4.15,6,74.532844
4.15,6,74.562922
4.0,7,74.594398
4.3,5,74.622704
3.7,9,74.663521
-1.75,15,74.707155
4.75,2,74.734463
4.3,5,74.765909
4.6,3,74.798957
3.85,8,74.832016
3.7,9,74.867283
3.25,12,74.914513
3.7,9,74.95316
4.6,3,74.986216
4.75,2,75.010176
3.55,10,75.052123
3.55,10,75.098639
4.15,6,75.138213
4.15,6,75.177522
4.6,3,75.207344
3.85,8,75.248421
3.85,8,75.293486
4.15,6,75.326955
4.0,7,75.358656
4.45,4,75.538349
3.55,10,75.574557
4.6,3,75.599667
4.3,5,75.627601
4.6,3,75.654477
4.75,2,75.678208
-1.75,15,75.721592
3.1,13,75.758161
4.45,4,75.786231
4.75,2,75.809233
3.1,13,75.851931
4.45,4,75.879664
-1.75,15,75.924514
3.7,9,75.95843
4.0,7,75.993002
4.0,7,76.025028
4.9,1,76.048124
4.0,7,76.082395
-3.15,4,76.109088
4.15,6,76.138925
3.7,9,76.173193
4.3,5,76.206506
3.85,8,76.240366
4.75,2,76.264904
4.45,4,76.291413
3.7,9,76.329984
4.6,3,76.355419
4.45,4,76.389061
4.15,6,76.424479
-3.15,4,76.456341
3.85,8,76.495813
-1.75,15,76.551535
4.15,6,76.584742
4.15,6,76.615571
-1.75,15,76.662099
4.15,6,76.6949
4.45,4,76.724688
4.6,3,76.753248
3.55,10,76.940939
3.85,8,76.981548
4.75,2,77.006933
4.45,4,77.033821
4.75,2,77.057954
4.75,2,77.081815
3.85,8,77.11474
-1.75,15,77.154302
4.45,4,77.184454
3.55,10,77.222555
-1.75,15,77.267787
4.45,4,77.294188
4.15,6,77.334729
-1.75,15,77.379362
4.3,5,77.409043
-3.5,11,77.443233
3.55,10,77.480704
-1.75,15,77.522198
4.3,5,77.550616
4.75,2,77.572304
3.4,11,77.613505
4.75,2,77.641751
3.7,9,77.676041
3.1,13,77.716654
3.85,8,77.749634
3.85,8,77.782104
4.75,2,77.805047
3.85,8,77.841183
4.6,3,77.867785
3.55,10,77.901691
4.9,1,77.9234
4.0,7,77.963261
3.7,9,78.003059
4.45,4,78.035188
4.0,7,78.066224
3.55,10,78.260911
2.95,14,78.313032
4.45,4,78.339874
-1.75,15,78.387982
4.3,5,78.419646
4.75,2,78.442782
3.25,12,78.479695
4.3,5,78.508924
4.45,4,78.536789
4.15,6,78.565415
4.45,4,78.594789
4.45,4,78.624065
3.7,9,78.662419
4.75,2,78.692505
4.45,4,78.725559
4.0,7,78.768196
4.9,1,78.799141
3.55,10,78.841863
3.85,8,78.881644
4.3,5,78.90871
4.45,4,78.937137
4.9,1,78.959373
3.7,9,79.000706
4.3,5,79.027154
4.75,2,79.05013
4.15,6,79.07919
4.45,4,79.111374
4.6,3,79.139908
3.85,8,79.175539
4.3,5,79.203616
4.75,2,79.230247
4.3,5,79.258743
4.75,2,79.284333
4.3,5,79.311356
4.0,7,79.349037
4.9,1,79.376165
4.45,4,79.410037
4.45,4,79.439621
4.45,4,79.467948
4.3,5,79.49789
4.45,4,79.522929
3.55,10,79.557117
3.55,10,79.598129
4.15,6,79.633504
4.3,5,79.665709
4.75,2,79.693058
3.7,9,79.734573
4.75,2,79.76511
4.45,4,79.943366
3.85,8,79.981236
4.15,6,80.012824
4.15,6,80.04467
-1.75,15,80.087849
4.75,2,80.113051
3.7,9,80.149765
-3.15,4,80.177716
4.75,2,80.204095
4.9,1,80.232319
4.6,3,80.257342
4.0,7,80.288394
3.7,9,80.322131
4.45,4,80.347736
4.15,6,80.378904
3.25,12,80.431729
4.0,7,80.465446
4.6,3,80.49065
3.85,8,80.525012
4.15,6,80.555034
4.45,4,80.582306
4.3,5,80.609493
3.7,9,80.650589
4.15,6,80.682848
4.3,5,80.71588
4.6,3,80.742438
4.45,4,80.76881
4.6,3,80.792536
4.45,4,80.830327
4.6,3,80.859909
4.6,3,80.888686
4.0,7,80.92398
-1.75,15,80.968894
3.4,11,81.004324
4.15,6,81.035727
4.45,4,81.065577
3.7,9,81.104923
4.6,3,81.139274
4.9,1,81.16638
4.15,6,81.207119
4.3,5,81.238951
4.75,2,81.270329
3.55,10,81.314995
4.3,5,81.345401
4.0,7,81.542268
4.75,2,81.566714
4.45,4,81.593973
3.85,8,81.628377
4.6,3,81.6571
4.9,1,81.679657
3.85,8,81.719767
4.6,3,81.745067
4.9,1,81.770877
4.6,3,81.796748
3.4,11,81.835557
4.15,6,81.867075
4.45,4,81.900316
4.6,3,81.925151
3.4,11,81.96915
3.4,11,82.011987
4.3,5,82.043103
4.45,4,82.075648
4.45,4,82.104808
4.3,5,82.139813
4.15,6,82.170403
4.45,4,82.195464
4.45,4,82.223542
4.0,7,82.258698
4.6,3,82.286606
4.3,5,82.311806
4.75,2,82.335929
-1.75,15,82.378036
4.75,2,82.403434
4.0,7,82.433919
4.9,1,82.454341
4.75,2,82.4773
-1.75,15,82.522181
4.15,6,82.553752
4.15,6,82.585509
4.75,2,82.613213
4.6,3,82.641689
4.3,5,82.675294
4.0,7,82.707621
-3.2,5,82.752046
4.75,2,82.777972
-1.75,15,82.826857
4.6,3,82.85875
4.45,4,82.890168
4.3,5,82.918693
4.0,7,82.949403
4.9,1,82.97262
4.6,3,83.002772
4.45,4,83.03134
3.7,9,83.216119
4.3,5,83.244642
4.6,3,83.270317
3.25,12,83.307073
3.1,13,83.352975
3.85,8,83.38999
4.3,5,83.421024
4.15,6,83.454528
3.85,8,83.492405
3.85,8,83.53319
4.3,5,83.567508
4.75,2,83.593161
4.0,7,83.628722
4.45,4,83.653042
4.75,2,83.677791
3.1,13,83.721763
4.75,2,83.751971
4.15,6,83.783904
4.6,3,83.809836
4.9,1,83.835055
-3.35,8,83.866854
4.75,2,83.890225
3.85,8,83.934222
4.3,5,83.961117
4.75,2,83.990709
-1.75,15,84.039675
4.6,3,84.06744
4.6,3,84.094991
4.3,5,84.124717
3.25,12,84.16855
4.6,3,84.195086
4.0,7,84.228726
4.9,1,84.251637
3.55,10,84.289901
4.0,7,84.327064
3.55,10,84.371058
4.0,7,84.421268
4.45,4,84.452084
-1.75,15,84.50195
4.45,4,84.532807
3.85,8,84.725989
3.85,8,84.759402
4.6,3,84.785942
3.7,9,84.818536
3.55,10,84.85112
4.9,1,84.87402
3.55,10,84.915874
4.3,5,84.941965
4.45,4,84.969073
4.45,4,84.994924
4.15,6,85.02518
4.15,6,85.05883
4.45,4,85.087869
3.55,10,85.12658
4.45,4,85.155274
4.3,5,85.189364
3.85,8,85.223823
4.75,2,85.254691
4.45,4,85.28803
-1.75,15,85.333933
4.6,3,85.365852
-1.75,15,85.412714
4.75,2,85.440518
3.25,12,85.483685
4.3,5,85.514479
3.7,9,85.548955
4.6,3,85.573539
4.45,4,85.6011
4.75,2,85.63136
4.0,7,85.667717
4.6,3,85.695214
4.3,5,85.724692
4.45,4,85.754407
4.3,5,85.792592
4.45,4,85.824107
4.6,3,85.854784
-1.75,15,85.911628
4.9,1,85.937655
3.25,12,85.980866
4.15,6,86.012127
4.6,3,86.040454
3.25,12,86.083644
4.6,3,86.276253
4.75,2,86.306319
3.7,9,86.345668
4.15,6,86.373271
4.75,2,86.401468
4.0,7,86.430736
3.85,8,86.464329
3.7,9,86.49789
4.45,4,86.526284
4.6,3,86.556251
4.9,1,86.577254
4.45,4,86.604009
4.75,2,86.632063
4.3,5,86.66279
4.0,7,86.698889
3.85,8,86.733493
-1.75,15,86.777292
4.6,3,86.80706
4.3,5,86.836827
4.6,3,86.865294
-1.75,15,86.908927
3.85,8,86.942142
4.0,7,86.97586
4.6,3,87.003875
4.45,4,87.033674
4.15,6,87.063154
4.45,4,87.089245
4.45,4,87.118813
3.4,11,87.157377
-1.75,15,87.202087
4.3,5,87.230724
3.55,10,87.265496
4.3,5,87.292174
4.3,5,87.327862
4.6,3,87.363747
4.75,2,87.389231
4.45,4,87.423872
3.55,10,87.463688
3.85,8,87.496431
4.6,3,87.52714
4.0,7,87.563315
4.6,3,87.587069
4.3,5,87.618619
4.6,3,87.643893
4.0,7,87.831622
-1.75,15,87.874902
4.75,2,87.901703
4.9,1,87.922498
4.6,3,87.950788
-1.75,15,87.991493
3.55,10,88.026242
-1.75,15,88.069185
4.15,6,88.100357
4.45,4,88.129596
4.75,2,88.153177
4.45,4,88.182751
4.15,6,88.213874
4.6,3,88.247244
4.75,2,88.279169
4.15,6,88.314169
3.25,12,88.354638
4.0,7,88.387718
3.7,9,88.422554
3.4,11,88.465367
4.45,4,88.49469
3.85,8,88.532086
4.15,6,88.563448
3.4,11,88.606863
4.3,5,88.639966
4.15,6,88.67217
4.6,3,88.701979
-3.5,11,88.748203
3.85,8,88.785289
3.1,13,88.827921
4.6,3,88.85688
3.85,8,88.893105
4.75,2,88.924597
3.4,11,88.963697
3.85,8,89.000021
4.15,6,89.034728
3.85,8,89.228133
4.6,3,89.258874
4.3,5,89.290064
3.4,11,89.335132
4.15,6,89.370451
4.45,4,89.398987
4.15,6,89.433015
4.45,4,89.462121
4.75,2,89.486791
4.45,4,89.514433
4.45,4,89.543101
4.6,3,89.567125
4.15,6,89.596241
4.0,7,89.629442
3.85,8,89.660637
4.9,1,89.684667
3.4,11,89.721881
-1.75,15,89.774052
4.15,6,89.810146
3.7,9,89.849773
4.3,5,89.880006
-1.75,15,89.921572
3.85,8,89.956863
4.75,2,89.985809
3.85,8,90.022663
4.9,1,90.048134
3.55,10,90.084728
4.45,4,90.112598
4.45,4,90.139911
3.85,8,90.175955
4.15,6,90.208954
4.6,3,90.238955
4.75,2,90.269054
4.3,5,90.299025
3.85,8,90.32987
4.6,3,90.356819
4.3,5,90.392928
4.15,6,90.429129
4.15,6,90.457726
4.45,4,90.483752
3.7,9,90.518783
4.3,5,90.547302
-1.75,15,90.771585
3.7,9,90.815381
4.45,4,90.842495
3.85,8,90.877928
4.9,1,90.902818
-3.3,7,90.936075
4.75,2,90.957659
4.0,7,90.992065
4.9,1,91.017966
4.75,2,91.040611
4.75,2,91.066566
4.9,1,91.089295
4.0,7,91.120928
3.7,9,91.1549
3.7,9,91.187778
3.85,8,91.220636
4.15,6,91.252635
3.7,9,91.287163
3.4,11,91.323893
4.75,2,91.345118
-1.75,15,91.387799
-1.75,15,91.433766
3.7,9,91.463774
4.6,3,91.497667
4.3,5,91.527314
3.85,8,91.560561
4.6,3,91.586668
4.0,7,91.618349
4.6,3,91.646182
4.6,3,91.673715
-3.1,3,91.702869
4.45,4,91.726985
4.75,2,91.751704
4.45,4,91.780082
4.15,6,91.811379
3.4,11,91.854026
4.6,3,91.888844
4.75,2,91.919829
4.75,2,91.953475
4.45,4,91.986615
4.0,7,92.022147
4.9,1,92.048069
4.15,6,92.085744
4.3,5,92.117877
4.0,7,92.152393
3.7,9,92.341822
4.15,6,92.37335
3.7,9,92.414253
4.3,5,92.442425
4.3,5,92.471593
3.85,8,92.511935
3.85,8,92.55057
4.3,5,92.577718
3.85,8,92.612618
4.3,5,92.640478
3.55,10,92.677644
4.45,4,92.703996
4.45,4,92.731635
3.1,13,92.76979
4.0,7,92.802586
3.7,9,92.836975
4.6,3,92.871435
4.45,4,92.910298
4.15,6,92.94786
-1.75,15,93.005413
4.6,3,93.035391
4.6,3,93.06618
4.15,6,93.0984
4.45,4,93.126625
4.9,1,93.152792
4.0,7,93.183207
3.55,10,93.219054
4.6,3,93.248194
-3.2,5,93.281324
-1.75,15,93.321545
4.45,4,93.350682
4.3,5,93.379692
3.7,9,93.41449
4.3,5,93.443517
3.4,11,93.481123
4.6,3,93.508187
-1.75,15,93.551559
4.3,5,93.580183
4.9,1,93.606274
4.45,4,93.636315
4.75,2,93.837435
4.75,2,93.869118
-1.75,15,93.920832
3.7,9,93.968312
-3.4,9,94.00806
3.85,8,94.046824
3.7,9,94.081049
3.55,10,94.122876
4.45,4,94.151436
-1.75,15,94.200758
4.6,3,94.233742
3.85,8,94.272243
4.0,7,94.302867
3.4,11,94.339637
4.15,6,94.367191
-1.75,15,94.406819
4.3,5,94.439667
4.6,3,94.463566
3.25,12,94.500461
4.45,4,94.533139
4.6,3,94.560261
4.0,7,94.588395
4.15,6,94.615448
4.6,3,94.642094
3.85,8,94.678516
4.15,6,94.709544
4.75,2,94.736002
4.15,6,94.776934
3.7,9,94.810301
4.75,2,94.832167
4.3,5,94.86518
3.4,11,94.902763
4.15,6,94.934337
4.6,3,94.964317
3.4,11,95.004702
4.15,6,95.034382
4.45,4,95.061479
3.55,10,95.272687
-1.75,15,95.332084
4.75,2,95.367328
4.15,6,95.406447
4.75,2,95.436643
4.15,6,95.469574
4.45,4,95.501153
3.7,9,95.538187
3.7,9,95.571834
-1.75,15,95.615633
4.0,7,95.648747
4.6,3,95.674653
4.6,3,95.706971
3.7,9,95.744125
4.15,6,95.775349
4.0,7,95.808223
4.45,4,95.836042
-1.75,15,95.877781
-1.75,15,95.920094
4.3,5,95.952231
3.7,9,95.98934
4.6,3,96.020088
3.7,9,96.060353
4.6,3,96.088582
4.0,7,96.118597
4.45,4,96.146267
4.15,6,96.177828
4.3,5,96.204855
3.85,8,96.237534
4.6,3,96.265557
4.6,3,96.29718
3.25,12,96.338804
4.75,2,96.36493
3.85,8,96.401716
4.45,4,96.431087
4.6,3,96.457037
4.75,2,96.488992
4.6,3,96.516181
4.3,5,96.551645
4.45,4,96.58386
-1.75,15,96.794951
3.85,8,96.832572
4.6,3,96.861414
4.75,2,96.887155
4.6,3,96.91643
4.0,7,96.959111
4.45,4,96.995145
4.0,7,97.03334
4.9,1,97.062662
4.15,6,97.099575
4.15,6,97.13552
4.45,4,97.167119
3.25,12,97.212948
4.0,7,97.261406
4.3,5,97.297247
4.45,4,97.324661
4.75,2,97.35337
-1.75,15,97.402999
4.75,2,97.429605
4.0,7,97.45733
4.6,3,97.484198
3.4,11,97.523616
-1.75,15,97.5716
4.3,5,97.601893
4.15,6,97.631655
4.3,5,97.668057
4.45,4,97.703656
4.75,2,97.7314
-1.75,15,97.774702
4.15,6,97.80746
4.3,5,97.834467
4.6,3,97.86263
3.25,12,97.902324
4.6,3,97.929882
3.85,8,97.962698
4.75,2,97.98819
4.75,2,98.012288
-1.75,15,98.060749
4.0,7,98.094628
4.45,4,98.121321
3.85,8,98.30656
3.85,8,98.346374
3.7,9,98.383208
4.0,7,98.414005
4.6,3,98.441862
4.6,3,98.465847
4.75,2,98.493871
4.6,3,98.52137
3.7,9,98.558094
3.7,9,98.59758
4.0,7,98.631736
4.6,3,98.663024
3.7,9,98.706477
4.15,6,98.743545
4.15,6,98.782612
4.3,5,98.818762
4.3,5,98.863574
4.6,3,98.900696
4.0,7,98.93834
4.6,3,98.963658
4.6,3,98.987868
4.6,3,99.015721
-1.75,15,99.062928
4.15,6,99.092426
4.15,6,99.126341
3.7,9,99.163809
3.7,9,99.19815
4.6,3,99.22177
3.4,11,99.26296
4.0,7,99.297308
4.3,5,99.322487
4.75,2,99.347309
4.15,6,99.37533
3.85,8,99.415023
-1.75,15,99.458915
-3.3,7,99.493682
3.25,12,99.532091
4.15,6,99.561704
3.4,11,99.600439
3.25,12,99.790547
4.45,4,99.819033
4.0,7,99.852049
4.45,4,99.881375
4.45,4,99.911361
-1.75,15,99.962323
4.6,3,99.992806
4.15,6,100.026856
3.1,13,100.082498
3.85,8,100.129934
-3.05,2,100.155944
4.15,6,100.19513
4.75,2,100.218359
4.6,3,100.246772
4.75,2,100.27233
4.6,3,100.301978
3.85,8,100.3392
4.6,3,100.367932
3.85,8,100.409469
4.15,6,100.445122
4.3,5,100.479154
4.75,2,100.501972
4.0,7,100.533667
4.45,4,100.559737
4.0,7,100.596567
4.6,3,100.62103
4.75,2,100.643761
4.6,3,100.669127
4.75,2,100.692322
4.6,3,100.720415
4.45,4,100.749238
4.3,5,100.779026
3.4,11,100.818277
4.45,4,100.848078
4.45,4,100.876413
-3.6,13,100.918455
4.6,3,100.943813
4.15,6,100.974884
4.15,6,101.012105
3.85,8,101.046911
4.9,1,101.071297
3.55,10,101.112069
3.55,10,101.149132
3.85,8,101.192123
4.3,5,101.22086
4.15,6,101.402506
4.75,2,101.43292
4.45,4,101.457012
4.6,3,101.482086
4.45,4,101.509302
3.55,10,101.545006
4.45,4,101.577906
4.6,3,101.607094
4.15,6,101.637179
4.6,3,101.666885
3.85,8,101.700982
4.3,5,101.739356
3.55,10,101.778642
4.15,6,101.812924
4.45,4,101.842011
-1.75,15,101.890192
4.9,1,101.92118
4.3,5,101.95569
4.3,5,101.990412
4.15,6,102.023076
4.0,7,102.060621
3.1,13,102.104915
4.45,4,102.14242
4.75,2,102.175252
4.15,6,102.214865
3.55,10,102.256045
4.6,3,102.282156
4.45,4,102.310323
4.45,4,102.338358
3.55,10,102.377557
-1.75,15,102.427974
4.3,5,102.460815
4.45,4,102.486969
3.7,9,102.522193
4.0,7,102.555055
4.75,2,102.577418
4.3,5,102.607802
4.45,4,102.634894
3.4,11,102.672103
4.45,4,102.698526
-3.15,4,102.722603
3.85,8,102.757191
4.0,7,102.787283
4.45,4,102.953173
4.15,6,102.982702
3.85,8,103.017606
4.15,6,103.052901
4.3,5,103.082603
3.85,8,103.117655
3.55,10,103.157082
4.75,2,103.187537
3.7,9,103.233757
4.15,6,103.268523
3.7,9,103.314187
4.0,7,103.352211
4.75,2,103.379024
4.75,2,103.40491
3.7,9,103.443955
4.45,4,103.469591
4.45,4,103.497599
4.15,6,103.526474
4.45,4,103.552677
3.4,11,103.591178
4.0,7,103.626811
4.9,1,103.648386
4.6,3,103.671472
4.9,1,103.69577
3.55,10,103.731428
4.45,4,103.761141
-1.75,15,103.80273
4.3,5,103.833535
3.85,8,103.86457
4.6,3,103.887665
4.6,3,103.914396
4.6,3,103.939275
3.85,8,103.972317
4.9,1,104.002512
4.75,2,104.032518
4.45,4,104.067976
4.75,2,104.091842
4.75,2,104.116632
4.6,3,104.138678
4.6,3,104.164373
3.7,9,104.197416
3.7,9,104.234924
-1.75,15,104.278615
4.15,6,104.308167
-3.3,7,104.342108
4.3,5,104.510039
3.4,11,104.54734
4.0,7,104.577227
4.45,4,104.605356
3.25,12,104.647895
4.45,4,104.676629
4.6,3,104.702903
3.25,12,104.753491
4.15,6,104.798599
4.45,4,104.837102
4.6,3,104.873142
-1.75,15,104.926491
3.25,12,104.969585
4.15,6,105.000811
3.4,11,105.04214
4.6,3,105.071506
4.15,6,105.104981
4.9,1,105.135081
4.3,5,105.172359
4.6,3,105.199894
3.55,10,105.243246
4.45,4,105.272072
4.0,7,105.305357
-1.75,15,105.361098
3.7,9,105.400279
4.45,4,105.434941
4.45,4,105.460494
4.15,6,105.488189
4.0,7,105.519837
4.3,5,105.552341
4.75,2,105.579422
4.75,2,105.603921
4.75,2,105.630584
4.45,4,105.66109
4.6,3,105.686097
4.15,6,105.716975
4.6,3,105.74833
4.15,6,105.777359
-1.75,15,105.818835
3.85,8,105.85404
4.3,5,106.030586
4.75,2,106.055648
3.85,8,106.090813
-1.75,15,106.14087
4.45,4,106.174808
3.55,10,106.217557
4.45,4,106.246666
4.15,6,106.279886
4.3,5,106.314314
4.45,4,106.348888
4.6,3,106.379414
3.4,11,106.425896
4.6,3,106.450709
4.45,4,106.477467
4.15,6,106.506677
4.6,3,106.533158
4.6,3,106.562155
4.6,3,106.58678
3.55,10,106.627247
4.6,3,106.651891
4.3,5,106.681479
4.3,5,106.713283
3.85,8,106.750934
4.45,4,106.776514
4.0,7,106.819141
4.15,6,106.854576
4.75,2,106.881672
4.45,4,106.912451
4.15,6,106.944027
3.1,13,106.985211
4.3,5,107.017688
4.45,4,107.046852
3.4,11,107.083915
-3.35,8,107.121813
4.75,2,107.145792
3.55,10,107.187009
3.85,8,107.22065
3.55,10,107.25841
4.15,6,107.288484
3.85,8,107.323995
4.0,7,107.354572
4.9,1,107.380665
4.3,5,107.410262
3.85,8,107.588977
4.3,5,107.61898
4.6,3,107.65108
4.6,3,107.682329
3.85,8,107.716312
3.85,8,107.748734
4.9,1,107.770414
4.45,4,107.803613
3.7,9,107.84545
4.15,6,107.893695
4.15,6,107.939552
4.15,6,107.98331
4.0,7,108.035255
4.15,6,108.079571
3.4,11,108.117198
3.85,8,108.152631
4.9,1,108.182386
4.3,5,108.215913
4.45,4,108.251686
4.15,6,108.287578
-1.75,15,108.340287
4.3,5,108.371118
4.3,5,108.405301
4.3,5,108.434327
4.6,3,108.463315
3.55,10,108.501554
4.3,5,108.530636
-1.75,15,108.577265
4.3,5,108.606987
4.75,2,108.643429
3.4,11,108.698631
4.0,7,108.741065
4.45,4,108.770928
4.45,4,108.799536
3.85,8,108.832865
4.3,5,108.863438
4.45,4,108.896112
3.85,8,108.929003
4.15,6,108.956763
3.85,8,108.990808
4.75,2,109.016757
4.6,3,109.046069
4.75,2,109.0691
3.55,10,109.252501
4.45,4,109.283864
4.0,7,109.31835
4.45,4,109.350932
3.85,8,109.385277
4.75,2,109.41111
4.3,5,109.444476
4.0,7,109.481817
4.75,2,109.510559
4.75,2,109.539564
3.7,9,109.579527
4.15,6,109.617268
4.45,4,109.6474
4.6,3,109.678142
4.6,3,109.703497
4.6,3,109.734956
4.3,5,109.768214
4.15,6,109.800559
4.45,4,109.829199
4.9,1,109.851699
4.75,2,109.876902
4.15,6,109.908945
4.3,5,109.935555
-1.75,15,109.980805
4.3,5,110.010369
-1.75,15,110.054765
4.0,7,110.088927
3.4,11,110.135164
4.3,5,110.168373
4.6,3,110.196563
4.0,7,110.228307
3.7,9,110.261976
4.6,3,110.288058
4.6,3,110.314878
3.55,10,110.352423
4.9,1,110.37573
4.3,5,110.401212
4.15,6,110.432624
4.0,7,110.464639
4.75,2,110.485623
4.3,5,110.514693
3.7,9,110.549054
4.0,7,110.581428
4.3,5,110.611455
4.3,5,110.640348
3.85,8,110.817222
4.0,7,110.847526
4.6,3,110.875778
4.6,3,110.902844
3.7,9,110.943758
4.6,3,110.971896
4.0,7,111.008603
4.6,3,111.035071
-3.55,12,111.077037
4.45,4,111.103297
4.3,5,111.131048
4.15,6,111.167273
4.45,4,111.1984
4.75,2,111.222455
4.0,7,111.255298
3.85,8,111.301104
4.0,7,111.334273
4.75,2,111.363522
4.45,4,111.38866
4.0,7,111.428664
3.7,9,111.474549
4.45,4,111.509742
-1.75,15,111.552599
4.15,6,111.582772
4.3,5,111.615036
3.55,10,111.653529
4.3,5,111.686974
-1.75,15,111.733717
-3.1,3,111.758662
4.0,7,111.792231
4.75,2,111.823717
4.45,4,111.852499
4.75,2,111.88734
4.9,1,111.915828
3.55,10,111.9545
4.45,4,111.987311
-1.75,15,112.034557
4.3,5,112.063754
4.3,5,112.092939
4.45,4,112.126155
4.6,3,112.157797
4.0,7,112.20068
4.45,4,112.229093
4.75,2,112.260399
4.9,1,112.28155
4.6,3,112.449358
-1.75,15,112.490699
4.15,6,112.520491
4.45,4,112.547791
4.0,7,112.578008
4.0,7,112.610286
3.4,11,112.650447
4.15,6,112.684813
4.3,5,112.724351
3.85,8,112.765844
4.6,3,112.79577
3.7,9,112.829115
4.3,5,112.861127
4.6,3,112.889806
4.45,4,112.924866
4.6,3,112.951396
4.15,6,112.986327
4.15,6,113.019832
3.55,10,113.05801
-1.75,15,113.103743
4.0,7,113.13945
4.3,5,113.17178
4.0,7,113.204475
4.75,2,113.229474
4.45,4,113.260216
3.85,8,113.295201
3.25,12,113.3403
4.75,2,113.365763
4.6,3,113.394374
3.7,9,113.428314
4.6,3,113.45226
4.45,4,113.485284
4.9,1,113.508501
3.25,12,113.550589
4.45,4,113.578139
4.6,3,113.605615
-1.75,15,113.654642
4.6,3,113.684626
4.15,6,113.714368
3.25,12,113.909909
3.1,13,113.950554
4.3,5,113.980714
4.0,7,114.014369
4.6,3,114.039758
4.15,6,114.073181
3.85,8,114.109406
-1.75,15,114.153137
4.6,3,114.187765
3.85,8,114.223991
4.6,3,114.258852
4.0,7,114.296375
4.15,6,114.327668
4.9,1,114.350771
4.15,6,114.383557
4.6,3,114.414385
4.0,7,114.450447
4.3,5,114.48236
4.3,5,114.516049
4.3,5,114.554032
-1.75,15,114.607709
4.6,3,114.634734
4.45,4,114.665635
4.6,3,114.691347
4.0,7,114.724199
4.6,3,114.754136
3.7,9,114.794615
-1.75,15,114.836422
3.85,8,114.868146
4.9,1,114.891392
4.0,7,114.924308
4.15,6,114.953151
4.45,4,114.983128
4.9,1,115.007102
4.75,2,115.039728
4.6,3,115.066393
3.85,8,115.101131
-1.75,15,115.146934
4.15,6,115.185203
4.9,1,115.210016
4.0,7,115.246478
4.3,5,115.285866
4.3,5,115.317071
4.15,6,115.514116
4.0,7,115.549087
3.85,8,115.583152
3.55,10,115.624726
3.7,9,115.659488
4.75,2,115.685064
4.45,4,115.713956
4.6,3,115.743119
4.6,3,115.775364
2.95,14,115.822497
3.25,12,115.868989
4.6,3,115.895435
4.45,4,115.925237
4.45,4,115.95112
4.45,4,115.978896
4.75,2,116.005773
4.9,1,116.029358
4.6,3,116.064942
4.15,6,116.09557
4.6,3,116.12649
3.7,9,116.174688
4.75,2,116.21748
3.4,11,116.276065
4.75,2,116.304178
4.6,3,116.338472
3.7,9,116.376937
4.0,7,116.411954
4.9,1,116.436654
-3.15,4,116.463555
4.45,4,116.492952
4.6,3,116.520758
3.7,9,116.556907
4.6,3,116.585461
4.3,5,116.62355
4.75,2,116.652348
4.3,5,116.684687
4.45,4,116.713541
4.6,3,116.7401
4.75,2,116.766445
3.7,9,116.805463
4.9,1,116.830065
4.3,5,116.857497
4.45,4,116.884781
4.0,7,116.919291
4.9,1,116.949179
4.45,4,116.974705
3.55,10,117.012637
4.6,3,117.034918
3.7,9,117.070382
-1.75,15,117.260998
3.7,9,117.299685
4.45,4,117.32735
4.9,1,117.350959
-1.75,15,117.396093
3.55,10,117.43907
4.75,2,117.464493
4.6,3,117.489373
4.75,2,117.51722
4.45,4,117.550211
4.6,3,117.576785
4.3,5,117.607937
4.15,6,117.643274
4.45,4,117.674125
3.4,11,117.717116
4.0,7,117.752827
4.45,4,117.782198
4.45,4,117.812407
3.7,9,117.849741
4.75,2,117.880806
4.3,5,117.910055
4.0,7,117.942594
4.6,3,117.968211
4.6,3,117.999771
4.3,5,118.039745
4.9,1,118.062206
4.15,6,118.091833
4.6,3,118.118758
-1.75,15,118.163653
4.45,4,118.193126
4.6,3,118.2198
-1.75,15,118.269071
4.6,3,118.297993
4.75,2,118.326589
3.55,10,118.375486
3.4,11,118.414082
4.45,4,118.441923
4.0,7,118.470619
4.6,3,118.494915
4.75,2,118.519181
3.25,12,118.559101
3.7,9,118.59598
3.4,11,118.635088
4.3,5,118.836928
-1.75,15,118.891513
4.45,4,118.926664
4.3,5,118.95857
4.3,5,118.995368
4.6,3,119.023009
3.55,10,119.063475
-1.75,15,119.109157
4.75,2,119.13795
3.7,9,119.17245
4.9,1,119.195937
4.9,1,119.218597
-1.75,15,119.278475
4.75,2,119.308045
4.75,2,119.336214
4.15,6,119.368139
3.4,11,119.404935
3.55,10,119.442791
4.0,7,119.473248
4.9,1,119.495754
3.4,11,119.531581
4.0,7,119.564323
-3.1,3,119.592418
4.15,6,119.62406
4.75,2,119.647215
-3.3,7,119.679511
4.3,5,119.710032
4.3,5,119.735271
-1.75,15,119.783343
3.4,11,119.823136
4.45,4,119.851093
4.45,4,119.878677
4.75,2,119.904434
3.4,11,119.943976
3.7,9,119.977543
4.45,4,120.003418
4.6,3,120.033129
4.15,6,120.065548
4.15,6,120.095444
4.15,6,120.126216
4.6,3,120.298783
3.85,8,120.331845
4.45,4,120.361657
4.75,2,120.388654
4.75,2,120.418587
4.15,6,120.452093
4.75,2,120.4802
4.9,1,120.504215
4.3,5,120.535163
4.45,4,120.564886
4.45,4,120.594797
4.75,2,120.618721
4.6,3,120.646775
3.85,8,120.684189
3.4,11,120.727739
4.6,3,120.759693
4.6,3,120.791689
4.45,4,120.822488
4.6,3,120.849233
3.25,12,120.895555
4.75,2,120.922845
3.7,9,120.958181
4.0,7,120.992157
3.7,9,121.023816
4.75,2,121.049649
3.7,9,121.087185
4.3,5,121.116697
4.75,2,121.148074
4.6,3,121.173871
4.6,3,121.201702
4.6,3,121.229996
3.85,8,121.271643
4.6,3,121.29939
4.75,2,121.330157
4.45,4,121.361603
4.6,3,121.389685
-1.75,15,121.435917
4.45,4,121.464482
3.7,9,121.50007
4.6,3,121.528453
4.15,6,121.558231
4.3,5,121.58362
4.0,7,121.618531
4.15,6,121.648041
3.55,10,121.683453
4.15,6,121.716182
4.15,6,121.749326
4.0,7,121.786723
-1.75,15,121.991553
4.75,2,122.020041
4.75,2,122.050719
4.9,1,122.076457
4.3,5,122.11373
3.7,9,122.155747
3.7,9,122.189747
4.6,3,122.218914
4.75,2,122.247636
4.3,5,122.287258
4.45,4,122.32231
4.3,5,122.352439
4.6,3,122.382111
4.0,7,122.417145
3.85,8,122.451439
4.9,1,122.477457
3.7,9,122.512319
4.3,5,122.540386
3.85,8,122.57444
4.15,6,122.604022
4.45,4,122.633621
4.45,4,122.659185
4.0,7,122.692163
4.3,5,122.721778
-1.75,15,122.77045
3.85,8,122.810701
4.45,4,122.8412
4.75,2,122.865274
3.85,8,122.899063
4.6,3,122.923568
4.6,3,122.94908
-3.5,11,122.98704
4.0,7,123.023261
3.85,8,123.05388
4.0,7,123.085797
4.0,7,123.118313
3.85,8,123.151297
-1.75,15,123.192842
-1.75,15,123.240641
4.45,4,123.272177
4.6,3,123.300284
3.85,8,123.483811
-1.75,15,123.527661
4.0,7,123.563569
4.3,5,123.595941
4.6,3,123.627148
4.6,3,123.658094
4.9,1,123.683873
4.0,7,123.727345
3.85,8,123.763482
4.3,5,123.795321
4.6,3,123.825026
4.6,3,123.860304
4.3,5,123.894526
4.45,4,123.928297
4.3,5,123.959944
3.7,9,123.996944
4.75,2,124.026753
4.6,3,124.055352
4.0,7,124.08636
3.4,11,124.13073
3.4,11,124.173147
3.7,9,124.213591
4.0,7,124.251801
4.15,6,124.284877
4.9,1,124.309583
3.25,12,124.349041
4.3,5,124.379977
4.0,7,124.413203
4.6,3,124.440331
4.75,2,124.465077
4.45,4,124.491561
4.45,4,124.516184
3.25,12,124.554418
4.6,3,124.57867
4.3,5,124.606207
4.75,2,124.627682
3.7,9,124.666313
4.45,4,124.69815
4.45,4,124.726318
4.6,3,124.753163
4.9,1,124.781188
4.0,7,124.820024
4.45,4,124.848004
4.15,6,124.876698
-1.75,15,124.920799
4.6,3,124.949675
4.45,4,125.13367
-3.1,3,125.161622
3.7,9,125.19824
4.75,2,125.229168
4.15,6,125.267733
3.25,12,125.326092
4.15,6,125.359222
4.3,5,125.39238
-1.75,15,125.446376
4.15,6,125.480486
4.3,5,125.515071
4.15,6,125.550132
3.4,11,125.592855
3.4,11,125.629295
4.15,6,125.662448
4.45,4,125.695738
4.75,2,125.717765
-1.75,15,125.763075
4.15,6,125.79723
3.25,12,125.841247
4.45,4,125.866243
4.15,6,125.898528
4.0,7,125.940811
4.3,5,125.976887
4.75,2,126.000355
3.85,8,126.038105
-1.75,15,126.093019
4.15,6,126.126109
3.85,8,126.156142
-1.75,15,126.198633
-1.75,15,126.241703
4.3,5,126.269344
4.6,3,126.297695
3.4,11,126.33344
4.75,2,126.510043
4.3,5,126.540298
4.75,2,126.567558
3.85,8,126.6016
4.75,2,126.629354
4.9,1,126.652445
3.55,10,126.687016
-1.75,15,126.735332
3.4,11,126.77863
3.7,9,126.814472
-1.75,15,126.860311
-1.75,15,126.910409
-1.75,15,126.95601
4.0,7,126.989879
4.75,2,127.014601
3.55,10,127.050945
4.75,2,127.077082
4.75,2,127.102435
4.0,7,127.14365
4.15,6,127.178007
4.3,5,127.213834
4.45,4,127.254016
4.9,1,127.284244
4.6,3,127.316241
4.75,2,127.344038
4.0,7,127.379333
4.15,6,127.412705
4.45,4,127.43947
4.9,1,127.464116
4.15,6,127.496023
4.3,5,127.52715
4.15,6,127.561805
3.4,11,127.597751
4.6,3,127.62443
4.6,3,127.65096
4.45,4,127.681685
4.9,1,127.703986
4.75,2,127.727163
4.6,3,127.752932
3.85,8,127.788852
4.6,3,127.815109
-1.75,15,127.862648
4.6,3,127.892919
4.6,3,127.920121
4.75,2,128.106105
3.55,10,128.145427
4.3,5,128.177889
4.6,3,128.204149
3.85,8,128.242059
-1.75,15,128.289279
3.7,9,128.329686
4.6,3,128.361789
4.6,3,128.393724
3.7,9,128.439671
4.6,3,128.46977
4.15,6,128.498191
4.3,5,128.535043
4.3,5,128.566974
4.3,5,128.597843
4.6,3,128.627147
4.6,3,128.657376
4.75,2,128.681019
4.45,4,128.715124
4.75,2,128.744709
3.85,8,128.785612
4.6,3,128.815924
4.3,5,128.85201
4.45,4,128.883493
4.75,2,128.911781
4.3,5,128.948806
4.45,4,128.981609
4.75,2,129.010018
4.6,3,129.035285
4.3,5,129.067757
4.15,6,129.107252
4.3,5,129.142026
-1.75,15,129.190397
4.75,2,129.214278
3.85,8,129.253151
4.6,3,129.281274
4.45,4,129.311927
4.15,6,129.344712
4.3,5,129.382286
4.3,5,129.417726
4.0,7,129.447042
-1.75,15,129.487237
4.0,7,129.518421
-1.75,15,129.558775
4.6,3,129.582868
4.6,3,129.608595
4.6,3,129.772253
4.9,1,129.795012
4.45,4,129.820694
4.75,2,129.848709
3.85,8,129.881567
4.75,2,129.908864
4.15,6,129.942746
4.75,2,129.973238
4.75,2,129.997877
4.6,3,130.028595
4.15,6,130.0682
4.6,3,130.099575
4.15,6,130.135143
4.6,3,130.167835
4.75,2,130.196413
4.6,3,130.234205
4.6,3,130.269989
3.25,12,130.316216
4.45,4,130.348985
4.45,4,130.381008
3.55,10,130.424291
4.0,7,130.45912
4.3,5,130.487585
4.45,4,130.514982
4.45,4,130.543707
4.75,2,130.568827
4.3,5,130.596354
4.45,4,130.622026
3.7,9,130.658672
4.3,5,130.689549
4.75,2,130.720627
4.15,6,130.749816
3.4,11,130.796499
3.7,9,130.833283
4.45,4,130.865157
3.7,9,130.905332
3.85,8,130.94085
-1.75,15,130.983614
4.6,3,131.012337
4.15,6,131.045773
4.15,6,131.082726
3.7,9,131.118251
4.3,5,131.150016
4.75,2,131.178589
3.55,10,131.21298
4.3,5,131.240042
4.15,6,131.2676
4.45,4,131.30235
4.0,7,131.489285
4.75,2,131.518083
3.4,11,131.564943
4.6,3,131.590432
4.15,6,131.62401
4.6,3,131.649698
3.4,11,131.687773
3.25,12,131.730117
4.0,7,131.765113
4.3,5,131.796605
4.0,7,131.828053
4.15,6,131.856206
4.3,5,131.890376
4.75,2,131.915583
4.9,1,131.938832
4.75,2,131.967453
4.6,3,131.996741
4.75,2,132.024788
4.0,7,132.057343
4.15,6,132.090287
4.45,4,132.120612
4.75,2,132.144321
4.45,4,132.173148
-1.75,15,132.224278
4.75,2,132.259349
4.6,3,132.288808
-1.75,15,132.339072
4.45,4,132.364974
4.9,1,132.393842
3.7,9,132.427083
4.3,5,132.456915
4.3,5,132.486485
4.75,2,132.512359
4.45,4,132.546492
4.45,4,132.574046
-1.75,15,132.617514
4.15,6,132.649249
4.6,3,132.674407
4.6,3,132.698848
4.45,4,132.725298
4.0,7,132.757668
4.75,2,132.782373
4.0,7,132.814009
4.75,2,132.838559
4.6,3,132.863962
4.45,4,132.890577
4.6,3,132.917255
4.45,4,132.942031
4.0,7,132.972997
4.75,2,132.997719
4.75,2,133.210224
4.3,5,133.253241
4.3,5,133.282523
4.6,3,133.313731
-1.75,15,133.362705
3.1,13,133.409458
4.0,7,133.448543
3.85,8,133.481815
4.75,2,133.50736
4.6,3,133.535427
3.7,9,133.573305
4.75,2,133.596026
4.3,5,133.625689
4.75,2,133.649214
4.45,4,133.67344
4.3,5,133.704178
3.7,9,133.741957
4.6,3,133.77523
4.3,5,133.805126
4.9,1,133.830649
3.85,8,133.864851
4.75,2,133.894346
4.75,2,133.921344
3.25,12,133.961041
3.55,10,134.000229
4.0,7,134.036477
4.6,3,134.072664
4.9,1,134.099418
4.75,2,134.131088
4.0,7,134.169039
4.6,3,134.195046
4.0,7,134.227334
4.6,3,134.251781
4.6,3,134.28296
4.75,2,134.307388
4.45,4,134.334704
4.45,4,134.36173
4.15,6,134.396002
3.55,10,134.436005
-1.75,15,134.488322
4.3,5,134.52395
4.3,5,134.554404
4.0,7,134.591831
4.45,4,134.621756
4.3,5,134.65097
4.75,2,134.677097
4.75,2,134.701133
4.0,7,134.738352
4.6,3,134.917353
4.45,4,134.948051
4.0,7,134.979651
-3.2,5,135.008252
4.45,4,135.03808
4.15,6,135.071892
4.15,6,135.108906
4.0,7,135.149492
4.15,6,135.180814
3.85,8,135.210862
4.75,2,135.23421
3.85,8,135.266814
4.3,5,135.299472
3.25,12,135.352772
3.25,12,135.392946
4.15,6,135.431786
4.3,5,135.466391
3.4,11,135.509284
4.45,4,135.540401
4.15,6,135.571059
4.6,3,135.599667
4.6,3,135.628161
4.15,6,135.661914
4.6,3,135.690841
4.45,4,135.719918
4.3,5,135.750789
4.15,6,135.790212
-1.75,15,135.834523
-1.75,15,135.882085
3.7,9,135.926128
-3.0,1,135.952204
4.3,5,135.980356
4.15,6,136.012167
4.6,3,136.03658
4.6,3,136.063059
4.45,4,136.09307
4.6,3,136.119783
3.25,12,136.159866
4.45,4,136.191464
4.75,2,136.218198
4.3,5,136.248604
4.3,5,136.279187
4.15,6,136.311709
4.75,2,136.339648
4.0,7,136.550482
4.0,7,136.591032
4.75,2,136.617787
4.75,2,136.650786
3.85,8,136.685858
4.3,5,136.720967
3.1,13,136.760639
4.3,5,136.791743
3.85,8,136.828021
3.25,12,136.864334
4.45,4,136.897515
4.0,7,136.935711
4.75,2,136.966342
4.3,5,136.995844
3.7,9,137.029182
4.3,5,137.060368
4.45,4,137.090516
3.7,9,137.125657
4.45,4,137.152625
3.7,9,137.185703
4.45,4,137.213398
4.75,2,137.245534
3.85,8,137.280156
3.7,9,137.318513
4.6,3,137.343992
4.6,3,137.373312
4.6,3,137.401292
4.45,4,137.427033
4.75,2,137.450867
4.75,2,137.476011
-1.75,15,137.52243
4.6,3,137.547033
4.75,2,137.57116
4.6,3,137.594368
4.45,4,137.625312
4.0,7,137.661848
4.6,3,137.688627
4.75,2,137.712031
3.85,8,137.746962
4.45,4,137.77928
3.85,8,137.818192
4.45,4,137.855237
4.15,6,137.902009
4.6,3,137.941712
4.75,2,137.967965
4.75,2,137.997791
4.15,6,138.033386
4.45,4,138.063514
4.45,4,138.246381
3.7,9,138.286929
4.0,7,138.327527
4.45,4,138.366025
4.75,2,138.389983
4.45,4,138.418472
3.55,10,138.468315
4.6,3,138.495023
4.75,2,138.523036
4.15,6,138.560994
4.6,3,138.588896
4.15,6,138.615885
3.25,12,138.656275
4.45,4,138.682745
4.0,7,138.716108
4.9,1,138.74562
4.6,3,138.773615
3.85,8,138.807745
4.3,5,138.839403
4.75,2,138.867147
4.75,2,138.898247
3.85,8,138.933942
3.25,12,138.978398
4.0,7,139.016806
4.3,5,139.047113
4.0,7,139.080441
4.45,4,139.108251
3.85,8,139.140935
3.4,11,139.179754
4.3,5,139.207339
4.6,3,139.233234
4.0,7,139.265661
4.3,5,139.294765
4.45,4,139.322073
4.3,5,139.35123
3.85,8,139.384821
4.3,5,139.412527
4.75,2,139.439866
4.3,5,139.468497
4.15,6,139.49978
3.4,11,139.539737
4.0,7,139.569931
4.3,5,139.600153
-1.75,15,139.645891
4.45,4,139.838176
-1.75,15,139.881089
4.6,3,139.910353
4.6,3,139.933434
4.3,5,139.964042
4.6,3,139.988622
-1.75,15,140.03122
4.0,7,140.070774
4.75,2,140.09511
3.85,8,140.128181
4.45,4,140.157049
3.85,8,140.199804
4.9,1,140.227733
4.0,7,140.26138
-3.35,8,140.297619
3.55,10,140.337434
4.45,4,140.373406
-3.0,1,140.396224
4.3,5,140.429944
4.75,2,140.459396
4.6,3,140.489706
4.6,3,140.519921
3.7,9,140.55956
4.45,4,140.594125
4.3,5,140.62673
4.45,4,140.657118
4.75,2,140.681663
3.55,10,140.721224
4.3,5,140.750754
3.7,9,140.788525
4.6,3,140.813379
4.15,6,140.842954
4.75,2,140.869114
-3.1,3,140.894913
4.15,6,140.929278
3.7,9,140.965597
3.7,9,141.00957
3.7,9,141.055336
4.0,7,141.094103
4.45,4,141.12504
4.45,4,141.154877
4.45,4,141.182164
4.75,2,141.210192
4.6,3,141.235497
3.4,11,141.282001
4.6,3,141.311574
4.3,5,141.496114
4.3,5,141.524429
4.45,4,141.550763
4.3,5,141.588622
4.15,6,141.616461
4.75,2,141.641398
4.15,6,141.670403
3.85,8,141.703645
3.55,10,141.737634
4.0,7,141.769379
4.75,2,141.792017
3.85,8,141.825848
4.75,2,141.858538
4.0,7,141.891923
4.45,4,141.920921
4.45,4,141.951069
4.3,5,141.983078
3.85,8,142.025881
4.75,2,142.050223
4.6,3,142.085176
4.3,5,142.115889
4.75,2,142.145595
3.4,11,142.183406
4.0,7,142.220608
3.25,12,142.262195
4.0,7,142.297467
-3.3,7,142.3311
3.85,8,142.363896
4.6,3,142.387611
4.3,5,142.41468
4.6,3,142.441938
4.15,6,142.4721
4.3,5,142.504653
3.7,9,142.54986
4.3,5,142.58615
4.45,4,142.616869
4.45,4,142.650347
4.3,5,142.686232
3.7,9,142.724061
4.0,7,142.763076
-1.75,15,142.81217
3.55,10,142.855768
-1.75,15,143.04864
4.3,5,143.079822
4.75,2,143.104123
4.75,2,143.127743
4.15,6,143.161887
4.45,4,143.193702
4.45,4,143.225042
4.9,1,143.248987
3.55,10,143.281646
3.7,9,143.313533
4.45,4,143.345369
4.15,6,143.381017
4.45,4,143.4101
3.25,12,143.448183
4.75,2,143.471897
4.15,6,143.505308
4.75,2,143.531408
4.15,6,143.562367
4.3,5,143.594249
4.6,3,143.624673
4.45,4,143.657876
3.4,11,143.702004
4.45,4,143.728988
4.0,7,143.761742
4.45,4,143.792365
4.9,1,143.817533
4.0,7,143.848612
4.45,4,143.875148
4.3,5,143.906674
4.45,4,143.938424
4.6,3,143.960814
4.15,6,143.991821
4.6,3,144.015749
4.0,7,144.05204
4.45,4,144.082543
3.7,9,144.120774
3.25,12,144.162151
4.45,4,144.19035
4.3,5,144.222865
4.45,4,144.253119
4.0,7,144.293188
4.45,4,144.323653
3.85,8,144.355635
4.45,4,144.380693
3.7,9,144.413141
3.85,8,144.447114
4.75,2,144.473339
4.3,5,144.696009
4.15,6,144.740875
4.45,4,144.772436
-1.75,15,144.820309
4.75,2,144.851875
4.45,4,144.880028
4.45,4,144.914384
4.75,2,144.942435
4.15,6,144.973283
4.75,2,145.000795
4.75,2,145.024467
3.85,8,145.061138
3.85,8,145.099086
3.85,8,145.13193
4.3,5,145.162907
4.45,4,145.196125
4.15,6,145.22983
4.75,2,145.257793
3.85,8,145.290807
3.25,12,145.330573
4.15,6,145.367953
4.0,7,145.398905
4.15,6,145.432612
3.4,11,145.47348
3.85,8,145.508661
4.9,1,145.536278
3.85,8,145.57044
4.45,4,145.598304
4.3,5,145.629272
4.45,4,145.66263
4.0,7,145.70138
4.45,4,145.730295
3.7,9,145.770102
4.15,6,145.805714
4.45,4,145.831679
4.15,6,145.871643
4.15,6,145.906444
4.45,4,145.938822
3.7,9,145.982704
4.15,6,146.012289
4.15,6,146.039722
4.3,5,146.067637
4.3,5,146.095525
4.45,4,146.12656
4.3,5,146.158703
-1.75,15,146.348873
4.75,2,146.373039
3.25,12,146.409398
4.15,6,146.437645
4.75,2,146.460822
4.75,2,146.487238
4.15,6,146.517995
4.15,6,146.54815
3.85,8,146.579548
4.6,3,146.606467
4.15,6,146.635149
3.55,10,146.669066
4.0,7,146.702298
3.4,11,146.749336
4.9,1,146.773181
3.55,10,146.80968
4.15,6,146.840752
3.85,8,146.876004
3.85,8,146.916209
4.9,1,146.943161
4.0,7,146.980334
4.6,3,147.008517
4.45,4,147.035784
4.3,5,147.065408
3.85,8,147.099865
3.85,8,147.132969
3.55,10,147.168496
4.3,5,147.200274
4.15,6,147.238702
3.25,12,147.292979
3.4,11,147.343601
3.85,8,147.384957
3.55,10,147.432722
3.4,11,147.476402
4.9,1,147.49721
4.3,5,147.526787
4.15,6,147.558839
4.3,5,147.592657
3.85,8,147.791326
3.25,12,147.833488
4.0,7,147.863918
4.75,2,147.888137
4.6,3,147.912413
4.15,6,147.943576
4.0,7,147.975915
3.4,11,148.013102
4.15,6,148.044717
-1.75,15,148.090056
4.6,3,148.120928
4.0,7,148.152196
4.9,1,148.177751
4.45,4,148.209456
3.85,8,148.248649
4.3,5,148.279366
3.7,9,148.313031
4.3,5,148.343766
-1.75,15,148.384378
3.7,9,148.420047
4.15,6,148.451663
4.3,5,148.480008
4.6,3,148.513623
4.0,7,148.543247
3.85,8,148.575339
4.75,2,148.600992
4.45,4,148.630237
3.4,11,148.670974
3.55,10,148.711868
3.85,8,148.756041
3.25,12,148.807451
3.7,9,148.846462
3.25,12,148.892052
3.25,12,148.937171
4.0,7,149.150612
4.45,4,149.181475
-1.75,15,149.229179
4.6,3,149.255873
4.15,6,149.286915
4.15,6,149.318565
4.9,1,149.343504
4.15,6,149.373833
3.55,10,149.41257
3.4,11,149.451665
3.7,9,149.483295
4.45,4,149.516078
4.75,2,149.540278
4.6,3,149.568486
4.75,2,149.599302
4.6,3,149.634898
4.0,7,149.669128
4.75,2,149.692286
4.15,6,149.725086
4.75,2,149.749318
3.7,9,149.783767
3.4,11,149.826488
3.1,13,149.868767
4.9,1,149.895154
4.3,5,149.928349
4.6,3,149.956451
4.15,6,149.987302
4.0,7,150.021378
3.85,8,150.05482
4.15,6,150.083105
4.15,6,150.120844
4.9,1,150.143954
4.15,6,150.177738
3.7,9,150.214804
-1.75,15,150.255799
3.85,8,150.290296
4.45,4,150.320273
4.75,2,150.34905
4.0,7,150.384214
4.45,4,150.411393
4.45,4,150.443592
4.3,5,150.472168
4.45,4,150.50125
4.45,4,150.530081
4.75,2,150.553878
4.6,3,150.583401
4.3,5,150.78969
3.85,8,150.82711
-1.75,15,150.879291
4.6,3,150.917502
4.0,7,150.954131
4.75,2,150.978324
4.75,2,151.009357
4.6,3,151.041105
4.75,2,151.067851
4.75,2,151.092909
4.9,1,151.11848
4.6,3,151.144176
4.15,6,151.17979
3.25,12,151.224082
4.3,5,151.255705
4.75,2,151.283218
-3.15,4,151.309879
4.75,2,151.33534
4.0,7,151.365362
3.4,11,151.405776
4.6,3,151.431132
4.6,3,151.457415
4.6,3,151.486248
4.6,3,151.510483
4.15,6,151.541471
3.55,10,151.573274
4.9,1,151.595999
4.6,3,151.620081
3.85,8,151.65279
4.45,4,151.681861
4.3,5,151.716308
4.6,3,151.744441
-3.6,13,151.795897
4.45,4,151.823628
4.45,4,151.850919
4.45,4,151.882141
3.4,11,151.9237
4.3,5,151.961403
4.6,3,151.988368
3.25,12,152.041651
4.45,4,152.073956
4.6,3,152.107766
4.45,4,152.139472
4.3,5,152.177091
4.9,1,152.207249
4.45,4,152.241011
4.45,4,152.284036
4.15,6,152.323104
4.45,4,152.355434
3.85,8,152.397964
-1.75,15,152.588575
4.45,4,152.611745
4.15,6,152.641442
4.3,5,152.669366
4.75,2,152.693467
3.85,8,152.727283
3.85,8,152.76243
4.15,6,152.791268
4.6,3,152.817027
4.3,5,152.851159
-1.75,15,152.897256
4.45,4,152.928248
3.55,10,152.97406
-1.75,15,153.019953
4.6,3,153.045053
4.6,3,153.069629
4.0,7,153.10216
3.4,11,153.139682
4.6,3,153.168485
-1.75,15,153.211969
4.45,4,153.241955
4.75,2,153.267571
4.6,3,153.295394
4.6,3,153.325412
4.75,2,153.359355
4.45,4,153.3915
4.15,6,153.423276
4.9,1,153.451308
4.6,3,153.477537
4.9,1,153.502914
4.3,5,153.535028
4.15,6,153.56728
4.3,5,153.600276
3.4,11,153.640448
-1.75,15,153.685894
4.3,5,153.715827
4.6,3,153.746132
4.0,7,153.778942
4.75,2,153.803755
4.6,3,153.83366
4.45,4,153.862313
4.45,4,153.891476
4.6,3,153.914537
4.45,4,153.952634
4.0,7,154.131634
4.15,6,154.161108
4.3,5,154.192993
4.3,5,154.221573
3.4,11,154.256545
4.9,1,154.279508
-1.75,15,154.336548
4.15,6,154.371173
4.9,1,154.396846
4.3,5,154.42663
3.85,8,154.462258
4.6,3,154.489079
4.45,4,154.517504
4.75,2,154.543403
3.7,9,154.588564
4.15,6,154.623369
4.75,2,154.647792
4.75,2,154.675146
4.6,3,154.702832
4.3,5,154.72808
4.6,3,154.754483
4.75,2,154.778516
4.15,6,154.807778
4.75,2,154.834049
2.95,14,154.878247
-1.75,15,154.923015
-3.3,7,154.955309
4.75,2,154.97986
4.45,4,155.008455
4.6,3,155.037441
4.75,2,155.06954
3.85,8,155.108331
3.7,9,155.142899
4.75,2,155.169625
4.3,5,155.197358
4.0,7,155.235413
4.45,4,155.264007
4.15,6,155.294781
3.55,10,155.335864
4.15,6,155.374915
4.6,3,155.407117
4.45,4,155.438344
4.6,3,155.467451
-1.75,15,155.521044
4.75,2,155.554619
4.6,3,155.583166
3.85,8,155.616094
4.6,3,155.804745
4.75,2,155.829806
4.9,1,155.854187
-1.75,15,155.898011
4.3,5,155.926383
4.15,6,155.960078
4.45,4,155.989393
3.4,11,156.031317
4.75,2,156.06041
-1.75,15,156.106762
4.15,6,156.138881
4.6,3,156.162766
3.85,8,156.194366
4.3,5,156.227201
4.6,3,156.257141
-3.15,4,156.285162
4.0,7,156.317161
4.75,2,156.341491
4.15,6,156.373895
4.3,5,156.406491
4.75,2,156.430771
4.15,6,156.460748
4.3,5,156.489456
4.0,7,156.518649
4.6,3,156.544264
3.4,11,156.576735
4.9,1,156.5992
3.55,10,156.63885
3.4,11,156.68588
3.7,9,156.729889
4.15,6,156.765862
4.3,5,156.800492
4.75,2,156.827835
-1.75,15,156.877668
3.85,8,156.916231
4.45,4,156.94695
3.7,9,156.981872
3.55,10,157.022311
4.15,6,157.057781
3.55,10,157.105463
4.45,4,157.291526
4.3,5,157.320685
4.75,2,157.342745
4.15,6,157.373003
4.45,4,157.401071
4.45,4,157.435748
4.3,5,157.463249
4.3,5,157.494439
-1.75,15,157.541518
4.3,5,157.575913
4.15,6,157.60634
3.85,8,157.639754
4.9,1,157.66151
4.75,2,157.687622
-1.75,15,157.740819
4.6,3,157.773715
4.3,5,157.805441
3.85,8,157.838115
4.6,3,157.868541
4.45,4,157.894752
4.6,3,157.917345
4.3,5,157.949925
3.7,9,157.992223
4.6,3,158.027087
4.75,2,158.056828
3.25,12,158.09529
4.45,4,158.12388
3.4,11,158.160104
-1.75,15,158.207702
3.55,10,158.245212
3.7,9,158.288085
4.3,5,158.31892
4.0,7,158.360979
4.45,4,158.393802
3.7,9,158.441404
-1.75,15,158.486819
4.75,2,158.51306
-3.45,10,158.548696
4.3,5,158.576056
4.75,2,158.601815
4.75,2,158.625748
4.75,2,158.648931
4.15,6,158.84395
4.15,6,158.88542
4.15,6,158.917511
4.75,2,158.944149
3.7,9,158.980847
4.45,4,159.00956
3.85,8,159.052134
4.15,6,159.088055
4.6,3,159.123143
4.6,3,159.15008
4.75,2,159.175817
4.3,5,159.204586
4.6,3,159.230006
4.3,5,159.256527
4.15,6,159.28955
4.75,2,159.315253
4.6,3,159.342866
3.85,8,159.378388
4.45,4,159.406526
4.45,4,159.438394
3.4,11,159.478446
3.55,10,159.517435
4.6,3,159.543604
4.6,3,159.569782
-1.75,15,159.608213
4.75,2,159.632496
4.75,2,159.658267
4.6,3,159.682951
4.45,4,159.710293
4.45,4,159.741476
3.7,9,159.782495
4.45,4,159.809991
4.3,5,159.841578
-1.75,15,159.887954
4.15,6,159.924303
4.9,1,159.951648
4.75,2,159.976431
-1.75,15,160.024215
4.75,2,160.052519
4.9,1,160.076758
4.75,2,160.107085
-1.75,15,160.156634
4.3,5,160.19082
4.6,3,160.216618
4.3,5,160.244814
4.6,3,160.276956
4.45,4,160.30855
4.75,2,160.339377
4.15,6,160.371457
4.75,2,160.396855
4.75,2,160.55945
3.4,11,160.597978
4.45,4,160.626467
4.6,3,160.653732
4.75,2,160.681767
4.3,5,160.711907
4.0,7,160.74363
4.75,2,160.76623
3.25,12,160.804023
3.4,11,160.840996
-1.75,15,160.882723
4.3,5,160.910222
3.55,10,160.945002
4.3,5,160.979543
3.85,8,161.011441
4.3,5,161.045664
4.15,6,161.076524
4.15,6,161.108366
4.9,1,161.132365
4.15,6,161.163695
4.3,5,161.194733
4.6,3,161.228051
4.0,7,161.261867
4.6,3,161.292082
4.45,4,161.325338
4.6,3,161.359412
4.75,2,161.391211
3.7,9,161.438294
4.15,6,161.477031
4.45,4,161.514895
4.3,5,161.553438
3.85,8,161.588168
3.4,11,161.635611
4.3,5,161.669292
4.15,6,161.705841
4.3,5,161.743762
4.15,6,161.786009
3.7,9,161.830927
4.3,5,161.86247
4.75,2,161.89083
4.45,4,161.921429
4.45,4,161.950014
4.45,4,161.978202
4.75,2,162.005264
4.75,2,162.032198
4.3,5,162.06422
4.45,4,162.268918
4.6,3,162.301455
4.9,1,162.33003
4.3,5,162.361742
4.45,4,162.394207
4.75,2,162.419918
4.6,3,162.448119
4.15,6,162.480038
4.15,6,162.511068
4.75,2,162.539214
4.75,2,162.564831
4.9,1,162.58577
3.25,12,162.627567
4.3,5,162.655794
3.1,13,162.695954
-1.75,15,162.744045
3.85,8,162.786524
3.25,12,162.825613
3.4,11,162.861253
4.75,2,162.891297
4.75,2,162.917359
3.7,9,162.9554
4.6,3,162.987612
3.7,9,163.033562
3.55,10,163.072166
4.3,5,163.102364
4.75,2,163.128635
4.15,6,163.162
4.6,3,163.190496
3.55,10,163.226596
4.3,5,163.25824
4.75,2,163.284538
4.3,5,163.313293
4.15,6,163.343997
3.7,9,163.380716
4.6,3,163.414761
4.6,3,163.444692
4.45,4,163.471148
4.15,6,163.499611
4.6,3,163.523677
3.7,9,163.562422
3.55,10,163.600321
4.45,4,163.627204
4.45,4,163.656527
4.75,2,163.68342
4.3,5,163.718627
-3.3,7,163.922405
4.75,2,163.949016
4.6,3,163.98336
3.55,10,164.018457
4.6,3,164.047957
4.75,2,164.075176
4.15,6,164.108599
4.0,7,164.143598
3.85,8,164.179814
4.75,2,164.206382
4.3,5,164.235529
-1.75,15,164.277472
4.15,6,164.310849
4.45,4,164.337458
-3.15,4,164.368234
4.75,2,164.392662
4.15,6,164.422359
4.45,4,164.450307
4.75,2,164.477168
4.3,5,164.507674
4.75,2,164.531411
-3.45,10,164.569483
4.9,1,164.59985
4.75,2,164.625502
4.3,5,164.660412
3.4,11,164.697579
4.75,2,164.724098
3.7,9,164.765763
4.75,2,164.797457
4.15,6,164.82954
4.45,4,164.861023
4.6,3,164.893992
4.45,4,164.924601
3.7,9,164.96555
4.9,1,164.994164
4.3,5,165.023979
3.7,9,165.056997
4.9,1,165.081762
4.6,3,165.110642
4.6,3,165.13486
4.6,3,165.161007
4.0,7,165.195918
4.75,2,165.223354
4.0,7,165.257656
4.75,2,165.28787
4.45,4,165.320572
4.15,6,165.355376
4.0,7,165.390104
4.9,1,165.414662
-3.3,7,165.460832
4.75,2,165.487698
4.3,5,165.517643
4.6,3,165.546854
4.45,4,165.577931
4.45,4,165.764992
4.3,5,165.799769
4.45,4,165.828115
4.9,1,165.852079
4.15,6,165.879239
4.45,4,165.906492
4.15,6,165.936395
4.3,5,165.964175
4.15,6,165.998066
4.75,2,166.023009
4.6,3,166.056565
3.4,11,166.101161
4.75,2,166.13644
4.45,4,166.169577
4.6,3,166.199021
4.0,7,166.23508
4.75,2,166.262089
4.45,4,166.291382
4.3,5,166.323135
4.75,2,166.352079
3.85,8,166.392413
4.0,7,166.428713
4.15,6,166.464654
4.3,5,166.494586
4.75,2,166.518616
3.55,10,166.558336
4.3,5,166.58921
4.9,1,166.617261
3.4,11,166.653721
4.0,7,166.685961
4.75,2,166.714589
4.15,6,166.744651
4.75,2,166.771755
-1.75,15,166.818563
4.0,7,166.852464
3.85,8,166.886711
4.6,3,166.910082
4.45,4,166.936718
4.3,5,166.964699
4.0,7,166.99888
3.7,9,167.036074
4.6,3,167.066441
4.6,3,167.095139
4.15,6,167.138529
4.15,6,167.173698
4.6,3,167.201268
4.75,2,167.22678
4.9,1,167.250425
4.45,4,167.27696
4.45,4,167.311974
4.6,3,167.347648
4.15,6,167.384534
4.6,3,167.548303
4.0,7,167.581768
4.6,3,167.606368
4.75,2,167.63175
4.3,5,167.662324
4.3,5,167.69155
3.85,8,167.729068
-1.75,15,167.78338
3.25,12,167.829418
-3.35,8,167.868501
4.15,6,167.902349
4.75,2,167.926876
4.6,3,167.955134
3.85,8,167.993901
4.3,5,168.033591
4.6,3,168.069491
-1.75,15,168.125996
-3.1,3,168.16117
4.75,2,168.192179
4.45,4,168.218428
4.9,1,168.247807
4.6,3,168.273633
4.3,5,168.302631
3.85,8,168.33947
4.0,7,168.37183
4.75,2,168.398974
4.3,5,168.429175
4.15,6,168.460418
4.3,5,168.497015
4.15,6,168.527766
3.55,10,168.570456
4.0,7,168.607515
4.75,2,168.636793
4.75,2,168.661606
4.45,4,168.691646
4.75,2,168.718991
4.6,3,168.742558
4.45,4,168.774017
4.15,6,168.818915
4.45,4,168.853346
-1.75,15,168.898905
3.85,8,168.932916
4.6,3,168.961894
4.15,6,168.991743
4.6,3,169.021498
4.45,4,169.048602
4.6,3,169.075487
3.85,8,169.263871
3.85,8,169.30042
4.6,3,169.326064
4.75,2,169.357158
-3.45,10,169.397313
4.6,3,169.425294
3.25,12,169.471271
3.7,9,169.507298
4.3,5,169.538979
4.0,7,169.571144
4.6,3,169.603536
4.15,6,169.636558
3.85,8,169.67363
4.9,1,169.701191
3.25,12,169.743734
4.3,5,169.773817
4.45,4,169.804898
4.75,2,169.836791
3.7,9,169.87541
4.3,5,169.906549
4.6,3,169.934609
4.0,7,169.969791
4.0,7,170.004344
4.9,1,170.025909
4.6,3,170.054529
4.6,3,170.085251
4.15,6,170.119943
-3.65,14,170.166794
3.85,8,170.202618
4.15,6,170.238843
4.3,5,170.2708
-1.75,15,170.313791
4.3,5,170.34568
4.6,3,170.374382
4.0,7,170.403185
-3.15,4,170.427992
4.75,2,170.451553
4.9,1,170.480027
4.15,6,170.511756
4.0,7,170.545787
3.55,10,170.581728
4.0,7,170.610616
3.7,9,170.794377
4.15,6,170.828143
-3.45,10,170.870582
4.6,3,170.904247
4.3,5,170.938601
4.6,3,170.970601
4.15,6,171.002956
-3.25,6,171.036591
4.45,4,171.06792
-1.75,15,171.115467
3.7,9,171.151278
3.4,11,171.190369
4.6,3,171.2296
3.7,9,171.265666
3.25,12,171.304325
4.6,3,171.330166
4.3,5,171.360943
3.85,8,171.393312
4.6,3,171.420588
4.75,2,171.445127
3.55,10,171.479821
4.6,3,171.507907
4.45,4,171.534114
4.15,6,171.564754
4.6,3,171.588611
3.25,12,171.625916
4.9,1,171.654568
4.6,3,171.68088
4.6,3,171.71233
4.75,2,171.741151
4.6,3,171.768688
4.6,3,171.795099
4.15,6,171.830906
4.15,6,171.866631
4.75,2,171.895357
-1.75,15,171.939042
4.3,5,171.977137
4.0,7,172.008755
4.15,6,172.037349
4.45,4,172.064511
3.85,8,172.100956
4.75,2,172.131205
4.75,2,172.157423
4.9,1,172.181226
4.45,4,172.209235
4.45,4,172.237892
4.6,3,172.263035
-1.75,15,172.477401
4.45,4,172.506243
4.75,2,172.534021
4.75,2,172.564387
4.45,4,172.597394
4.9,1,172.622593
4.6,3,172.653587
4.9,1,172.68119
4.6,3,172.710394
4.15,6,172.741473
3.55,10,172.781746
4.75,2,172.808845
3.55,10,172.847053
3.85,8,172.880382
4.9,1,172.904975
4.9,1,172.924431
4.15,6,172.957255
4.3,5,172.98919
4.6,3,173.020294
3.7,9,173.054067
3.25,12,173.09225
3.85,8,173.129333
4.45,4,173.157157
4.3,5,173.187028
3.25,12,173.23537
4.6,3,173.265791
4.45,4,173.29531
-1.75,15,173.338364
4.45,4,173.362811
4.45,4,173.390128
4.15,6,173.419055
3.7,9,173.45114
4.9,1,173.475139
4.75,2,173.498646
4.75,2,173.521136
3.55,10,173.55407
4.3,5,173.581937
3.7,9,173.614798
3.1,13,173.653283
4.3,5,173.677617
-1.75,15,173.726354
4.6,3,173.759138
4.3,5,173.792056
4.9,1,173.81772
4.9,1,173.841374
4.6,3,173.87359
4.6,3,173.907771
4.6,3,174.091011
4.0,7,174.123981
4.6,3,174.152996
3.7,9,174.193099
4.9,1,174.21972
4.45,4,174.254565
4.0,7,174.292418
4.6,3,174.321012
4.3,5,174.351261
3.85,8,174.386116
4.45,4,174.413163
4.6,3,174.437184
4.15,6,174.468169
4.45,4,174.497833
4.3,5,174.52551
4.6,3,174.556041
4.3,5,174.587008
4.75,2,174.61164
4.45,4,174.642732
3.4,11,174.680001
-3.5,11,174.723686
3.4,11,174.76024
3.85,8,174.795166
4.3,5,174.828174
4.3,5,174.856256
4.3,5,174.88667
3.7,9,174.920959
4.75,2,174.94811
4.3,5,174.976149
3.55,10,175.012392
3.7,9,175.050841
4.0,7,175.084025
4.0,7,175.114895
4.0,7,175.146099
4.0,7,175.176202
4.6,3,175.203628
4.0,7,175.235426
4.15,6,175.267391
4.0,7,175.299416
4.3,5,175.327558
4.15,6,175.358184
4.0,7,175.390543
4.3,5,175.418908
3.4,11,175.650043
4.3,5,175.686582
4.75,2,175.717611
4.6,3,175.744538
4.75,2,175.772265
4.9,1,175.798553
3.85,8,175.834858
4.6,3,175.870615
4.45,4,175.904695
4.0,7,175.937435
4.15,6,175.968193
4.15,6,176.000488
4.3,5,176.030648
4.75,2,176.053829
4.75,2,176.082267
4.3,5,176.110191
-1.75,15,176.153634
4.45,4,176.17813
4.6,3,176.207192
4.0,7,176.244425
-1.75,15,176.288309
-1.75,15,176.332774
-1.75,15,176.377916
4.3,5,176.409462
4.6,3,176.43904
4.75,2,176.463525
4.6,3,176.487911
3.55,10,176.526288
4.45,4,176.55487
3.85,8,176.585627
4.45,4,176.613678
-1.75,15,176.654838
4.75,2,176.679395
4.75,2,176.704731
4.6,3,176.730943
4.3,5,176.758707
4.0,7,176.791195
4.6,3,176.817616
4.3,5,176.850774
4.45,4,176.875921
4.75,2,176.904465
4.6,3,176.933299
4.0,7,176.966542
-1.75,15,177.007229
4.75,2,177.034437
4.0,7,177.222495
4.6,3,177.255554
4.3,5,177.288939
3.4,11,177.33253
4.6,3,177.360269
-1.75,15,177.406077
4.15,6,177.438158
3.55,10,177.478643
4.3,5,177.515147
-1.75,15,177.558831
3.7,9,177.594782
-1.75,15,177.640657
4.45,4,177.671499
4.45,4,177.700559
4.75,2,177.725232
-1.75,15,177.77432
3.7,9,177.816519
2.95,14,177.861152
3.55,10,177.904481
4.6,3,177.934162
3.55,10,177.975389
4.45,4,178.008035
4.75,2,178.038044
4.3,5,178.072916
4.45,4,178.098528
3.85,8,178.131688
4.15,6,178.159938
3.25,12,178.200516
4.45,4,178.227596
4.45,4,178.253532
3.7,9,178.287841
4.75,2,178.314952
4.0,7,178.344326
4.75,2,178.369769
4.0,7,178.397133
4.6,3,178.424829
4.9,1,178.449438
4.15,6,178.61819
4.45,4,178.643885
-1.75,15,178.696224
4.45,4,178.732365
3.7,9,178.76938
4.9,1,178.795164
3.7,9,178.837697
4.0,7,178.87237
4.15,6,178.910101
4.9,1,178.93366
4.6,3,178.962456
4.0,7,178.99885
-3.35,8,179.035134
4.75,2,179.058984
-1.75,15,179.111807
3.7,9,179.151055
3.55,10,179.189504
4.45,4,179.218803
4.75,2,179.242479
2.95,14,179.284506
4.3,5,179.315492
4.0,7,179.350366
4.0,7,179.384632
4.9,1,179.406184
3.7,9,179.442082
4.3,5,179.472517
4.0,7,179.503465
4.45,4,179.532143
4.45,4,179.559468
-1.75,15,179.602547
4.3,5,179.631018
3.25,12,179.66969
3.7,9,179.703899
4.75,2,179.72948
4.3,5,179.757239
4.9,1,179.782481
3.85,8,179.819371
3.85,8,179.859033
3.85,8,179.897755
4.75,2,180.083084
4.0,7,180.119405
4.45,4,180.154485
4.6,3,180.183547
3.4,11,180.22423
4.6,3,180.249465
4.6,3,180.278623
4.0,7,180.314017
4.75,2,180.343386
4.15,6,180.386234
4.75,2,180.408788
4.6,3,180.43648
4.45,4,180.461309
4.3,5,180.49006
4.3,5,180.523376
4.75,2,180.551973
4.45,4,180.578837
4.6,3,180.60737
4.75,2,180.634875
4.45,4,180.667136
4.15,6,180.700195
4.45,4,180.728134
4.45,4,180.754136
4.9,1,180.774679
4.75,2,180.801656
4.9,1,180.823558
4.75,2,180.851298
4.45,4,180.888196
-1.75,15,180.942748
4.75,2,180.970159
4.9,1,180.992712
4.3,5,181.019719
4.3,5,181.049093
4.45,4,181.076599
-3.15,4,181.104374
4.9,1,181.130874
4.6,3,181.158593
3.85,8,181.190595
4.45,4,181.22585
4.9,1,181.249578
3.4,11,181.289394
4.75,2,181.314864
4.0,7,181.34428
4.45,4,181.371986
3.55,10,181.413551
4.45,4,181.440295
3.7,9,181.473733
4.3,5,181.5003
4.3,5,181.528616
4.75,2,181.551997
3.7,9,181.587922
4.45,4,181.619171
4.15,6,181.658188
4.3,5,181.690202
3.85,8,181.72823
4.75,2,181.756543
3.85,8,181.96929
4.3,5,181.999902
-1.75,15,182.044537
4.9,1,182.071253
3.25,12,182.109529
4.75,2,182.138708
3.7,9,182.174879
4.9,1,182.201411
4.3,5,182.232564
4.75,2,182.26285
4.75,2,182.291249
4.45,4,182.320331
4.15,6,182.353421
4.3,5,182.388725
4.6,3,182.423688
3.4,11,182.46925
4.0,7,182.504823
4.75,2,182.530836
4.15,6,182.560169
4.75,2,182.583745
4.9,1,182.607889
4.45,4,182.636541
4.3,5,182.671947
-1.75,15,182.720236
3.85,8,182.756422
4.75,2,182.783368
4.15,6,182.817305
4.3,5,182.85182
4.0,7,182.892799
4.3,5,182.928314
4.15,6,182.958533
-1.75,15,183.001989
4.6,3,183.027797
4.3,5,183.059707
4.9,1,183.086067
4.45,4,183.114888
4.9,1,183.142496
4.75,2,183.169374
4.45,4,183.199522
4.45,4,183.230224
3.7,9,183.268521
4.75,2,183.296309
4.0,7,183.331002
4.75,2,183.356364
4.3,5,183.387817
4.45,4,183.415859
4.6,3,183.44241
4.45,4,183.471347
4.75,2,183.498861
4.75,2,183.530095
4.6,3,183.560723
4.75,2,183.582245
4.9,1,183.605605
4.3,5,183.790203
3.55,10,183.827983
4.3,5,183.859359
4.15,6,183.89212
4.45,4,183.920064
4.6,3,183.944983
3.55,10,183.983044
4.15,6,184.010054
4.15,6,184.041595
3.85,8,184.074008
4.3,5,184.101713
4.45,4,184.132154
3.85,8,184.167739
3.4,11,184.204736
4.45,4,184.2398
4.3,5,184.275207
3.4,11,184.318465
4.3,5,184.345523
3.4,11,184.383011
3.7,9,184.419389
4.3,5,184.450409
4.6,3,184.478863
4.15,6,184.507946
4.15,6,184.536025
4.15,6,184.565078
4.45,4,184.592232
3.4,11,184.63085
4.3,5,184.659359
4.6,3,184.687425
4.0,7,184.723691
4.3,5,184.758725
4.6,3,184.787576
4.75,2,184.813897
3.25,12,184.856676
4.6,3,184.884456
-1.75,15,184.927224
4.3,5,184.958918
4.15,6,184.991231
4.45,4,185.027905
3.55,10,185.070103
4.15,6,185.294471
4.45,4,185.320946
4.15,6,185.355969
-1.75,15,185.406154
3.7,9,185.450894
4.45,4,185.480645
3.4,11,185.520491
4.45,4,185.550591
4.0,7,185.58732
3.85,8,185.623773
-1.75,15,185.671769
4.15,6,185.703682
4.45,4,185.735632
4.6,3,185.763855
4.0,7,185.7973
4.6,3,185.826579
4.6,3,185.859065
4.9,1,185.888119
4.45,4,185.921085
4.3,5,185.956244
4.3,5,185.988592
4.75,2,186.013786
4.3,5,186.039664
4.45,4,186.067341
4.6,3,186.092178
3.85,8,186.13165
4.45,4,186.164571
3.1,13,186.206058
4.0,7,186.240417
4.6,3,186.265908
4.75,2,186.290057
4.45,4,186.31839
4.3,5,186.354097
4.15,6,186.384017
4.45,4,186.413156
4.3,5,186.445202
4.45,4,186.477759
4.0,7,186.512167
-1.75,15,186.556282
3.85,8,186.594113
4.3,5,186.623528
3.25,12,186.668898
4.6,3,186.854693
4.9,1,186.882339
4.75,2,186.90589
4.9,1,186.93061
-1.75,15,186.97694
4.3,5,187.010438
-1.75,15,187.055771
3.4,11,187.100908
3.55,10,187.140537
4.15,6,187.175628
4.15,6,187.206528
4.45,4,187.233661
4.0,7,187.268817
-3.1,3,187.300599
4.6,3,187.334597
4.0,7,187.372603
4.15,6,187.405212
4.6,3,187.43605
4.3,5,187.47162
4.75,2,187.50032
4.45,4,187.530311
4.6,3,187.55464
4.75,2,187.578312
4.3,5,187.607901
4.75,2,187.631764
4.45,4,187.659888
4.75,2,187.688603
-1.75,15,187.73313
4.75,2,187.763995
2.95,14,187.80743
-3.5,11,187.847533
-1.75,15,187.891164
4.6,3,187.924364
3.7,9,187.966461
4.9,1,187.991986
4.3,5,188.025218
4.9,1,188.053399
4.75,2,188.081481
4.3,5,188.113034
4.75,2,188.138875
4.75,2,188.169974
4.75,2,188.200591
4.3,5,188.2337
4.45,4,188.259831
3.85,8,188.303089
4.75,2,188.328551
4.3,5,188.362996
4.6,3,188.389139
4.45,4,188.418281
4.6,3,188.587284
-1.75,15,188.630555
4.6,3,188.659273
4.75,2,188.683361
4.15,6,188.712147
4.75,2,188.739002
4.6,3,188.767924
4.15,6,188.798357
3.55,10,188.842093
4.45,4,188.874441
3.55,10,188.918547
4.3,5,188.949109
4.3,5,188.9793
4.15,6,189.012661
-3.3,7,189.062235
4.6,3,189.09112
4.75,2,189.120952
3.7,9,189.161244
4.0,7,189.19753
4.75,2,189.223905
4.3,5,189.254509
4.45,4,189.280868
4.6,3,189.303843
4.6,3,189.326643
4.3,5,189.360283
3.7,9,189.398092
4.45,4,189.425592
4.45,4,189.45429
4.45,4,189.482424
3.55,10,189.519532
3.7,9,189.563877
4.0,7,189.597204
4.75,2,189.620412
3.7,9,189.66349
4.75,2,189.691068
4.15,6,189.727227
4.6,3,189.756758
4.6,3,189.784767
4.15,6,189.832912
4.3,5,189.868009
3.4,11,189.91372
4.45,4,189.943261
3.85,8,189.977437
4.75,2,190.007769
4.6,3,190.038526
4.45,4,190.068417
4.75,2,190.09258
-1.75,15,190.287599
3.4,11,190.326141
3.25,12,190.36855
4.6,3,190.39315
4.6,3,190.419616
4.3,5,190.448011
4.15,6,190.475635
3.55,10,190.509994
4.15,6,190.537642
-1.75,15,190.578715
4.6,3,190.607386
4.3,5,190.643481
4.15,6,190.671218
4.15,6,190.702883
4.75,2,190.728643
3.4,11,190.76545
4.45,4,190.791146
4.6,3,190.820485
3.7,9,190.860358
4.0,7,190.897416
4.75,2,190.926269
4.45,4,190.953917
3.85,8,190.988155
4.3,5,191.013544
-1.75,15,191.057503
4.6,3,191.08667
4.9,1,191.117538
4.6,3,191.146968
4.3,5,191.181918
3.85,8,191.220635
4.75,2,191.248541
4.0,7,191.28525
4.9,1,191.314827
4.6,3,191.342328
3.55,10,191.386935
4.3,5,191.418561
4.15,6,191.454268
4.0,7,191.490194
-1.75,15,191.536183
4.3,5,191.5641
4.3,5,191.592647
3.85,8,191.766332
4.3,5,191.791236
4.9,1,191.817558
4.0,7,191.852283
3.55,10,191.889367
4.0,7,191.926996
4.0,7,191.959602
4.15,6,191.990677
4.6,3,192.018451
4.75,2,192.04064
4.45,4,192.075579
4.15,6,192.117044
4.3,5,192.147877
4.45,4,192.174028
4.15,6,192.215173
4.75,2,192.244578
4.6,3,192.270426
4.75,2,192.296208
4.6,3,192.327281
4.75,2,192.35692
4.75,2,192.387545
4.15,6,192.420124
4.45,4,192.455445
4.75,2,192.48046
4.45,4,192.506888
4.6,3,192.534248
4.45,4,192.561252
4.9,1,192.587087
3.25,12,192.623584
4.45,4,192.651738
4.45,4,192.679204
4.3,5,192.710391
3.55,10,192.74819
4.75,2,192.769948
4.0,7,192.806373
-1.75,15,192.857424
4.75,2,192.895013
4.6,3,192.92718
4.15,6,192.957485
3.25,12,192.999852
4.75,2,193.026599
4.45,4,193.057122
3.7,9,193.100306
4.3,5,193.130053
4.3,5,193.160434
3.85,8,193.20225
4.3,5,193.231916
4.6,3,193.25895
4.45,4,193.289515
3.85,8,193.327375
-1.75,15,193.523005
4.3,5,193.550341
4.6,3,193.573436
4.3,5,193.601452
4.6,3,193.628889
4.15,6,193.658142
4.6,3,193.687259
4.6,3,193.715605
4.45,4,193.741569
3.7,9,193.785285
4.75,2,193.811807
4.6,3,193.837893
3.7,9,193.882886
4.45,4,193.911908
4.3,5,193.940487
3.7,9,193.976833
4.45,4,194.007624
4.9,1,194.035543
4.15,6,194.072678
4.15,6,194.110198
4.15,6,194.141955
4.15,6,194.17415
-1.75,15,194.219636
4.75,2,194.249137
4.3,5,194.280559
3.7,9,194.316268
4.45,4,194.341702
-1.75,15,194.387729
4.6,3,194.418663
4.45,4,194.455502
3.55,10,194.496642
4.75,2,194.525224
4.75,2,194.55414
3.7,9,194.593894
3.85,8,194.62957
4.15,6,194.66135
4.9,1,194.68503
3.7,9,194.721693
4.75,2,194.752567
4.45,4,194.788244
3.85,8,194.83039
4.3,5,194.859833
4.45,4,194.891044
4.0,7,194.933809
4.45,4,194.968177
3.55,10,195.167548
4.9,1,195.192969
-3.25,6,195.221412
4.6,3,195.24915
3.55,10,195.288356
4.3,5,195.326242
4.45,4,195.355007
3.85,8,195.395897
4.6,3,195.420125
4.75,2,195.446224
4.0,7,195.478262
4.6,3,195.502633
4.6,3,195.525814
3.7,9,195.565275
4.15,6,195.603459
4.45,4,195.638856
4.6,3,195.670361
4.3,5,195.704964
4.6,3,195.735864
4.15,6,195.766759
-3.45,10,195.806965
4.15,6,195.840674
3.7,9,195.884761
-1.75,15,195.936789
3.55,10,195.975156
3.85,8,196.012497
3.7,9,196.053286
4.3,5,196.083543
4.9,1,196.109922
4.9,1,196.140824
4.15,6,196.174737
-1.75,15,196.219999
4.3,5,196.248553
3.7,9,196.29039
4.45,4,196.32182
4.9,1,196.350794
4.0,7,196.383687
3.85,8,196.416125
4.75,2,196.440473
4.75,2,196.466752
4.75,2,196.489952
4.3,5,196.518884
4.6,3,196.542033
4.15,6,196.573349
4.45,4,196.600499
3.7,9,196.637618
4.0,7,196.82288
3.85,8,196.858517
4.15,6,196.889111
4.45,4,196.919782
4.45,4,196.952626
4.6,3,196.981823
4.45,4,197.019733
4.6,3,197.05046
4.6,3,197.082395
3.55,10,197.120055
4.75,2,197.148667
-1.75,15,197.20346
3.55,10,197.249522
4.6,3,197.27588
4.45,4,197.304534
4.6,3,197.332516
4.3,5,197.359592
4.45,4,197.389106
3.55,10,197.434557
4.45,4,197.464605
4.15,6,197.499048
3.4,11,197.539597
4.45,4,197.568946
3.55,10,197.604492
4.45,4,197.632621
4.6,3,197.661939
3.85,8,197.695883
4.75,2,197.722061
-1.75,15,197.768582
3.25,12,197.807449
4.15,6,197.838719
4.75,2,197.870182
4.45,4,197.90084
3.85,8,197.934693
3.4,11,197.971573
4.6,3,198.001152
4.75,2,198.029785
3.55,10,198.06749
4.75,2,198.093827
4.6,3,198.124204
4.3,5,198.155906
4.15,6,198.189255
4.6,3,198.214661
4.75,2,198.238103
4.45,4,198.418382
4.75,2,198.444511
4.3,5,198.471751
4.6,3,198.497613
4.75,2,198.52371
4.0,7,198.554469
4.6,3,198.578583
4.0,7,198.609196
3.85,8,198.642029
3.85,8,198.673708
4.45,4,198.699816
4.0,7,198.735622
4.15,6,198.767293
3.7,9,198.803443
3.85,8,198.836712
4.15,6,198.871583
-3.4,9,198.910254
4.45,4,198.939266
4.15,6,198.973005
4.9,1,199.000576
3.85,8,199.039071
4.45,4,199.078853
-1.75,15,199.133802
4.45,4,199.167568
4.0,7,199.204741
4.45,4,199.240882
4.6,3,199.275234
3.55,10,199.315632
3.7,9,199.351267
4.0,7,199.382601
4.45,4,199.407518
4.3,5,199.440287
-1.75,15,199.489658
4.45,4,199.515898
3.7,9,199.549141
4.3,5,199.574146
3.7,9,199.603762
4.3,5,199.633463
4.3,5,199.663337
-3.1,3,199.691675
4.6,3,199.718611
3.4,11,199.757525
3.85,8,199.932238
4.6,3,199.954799
4.0,7,199.985561
4.45,4,200.008758
4.45,4,200.0335
4.6,3,200.05979
4.6,3,200.08798
4.45,4,200.117661
4.15,6,200.151486
4.6,3,200.180376
-1.75,15,200.2222
4.9,1,200.247495
4.6,3,200.271656
3.7,9,200.30407
4.75,2,200.330021
4.9,1,200.353221
-1.75,15,200.396116
4.3,5,200.423147
3.7,9,200.459231
4.15,6,200.486923
3.4,11,200.529761
4.45,4,200.562564
-1.75,15,200.606358
-1.75,15,200.655848
4.75,2,200.684781
4.3,5,200.720396
4.45,4,200.756585
4.15,6,200.787648
4.9,1,200.808059
4.3,5,200.837638
4.15,6,200.86803
3.85,8,200.901137
3.85,8,200.937799
3.7,9,200.97302
3.4,11,201.013283
3.85,8,201.050307
4.0,7,201.081478
3.55,10,201.118266
4.75,2,201.143968
4.45,4,201.172522
4.75,2,201.198318
4.75,2,201.220651
4.45,4,201.399493
4.3,5,201.429109
4.6,3,201.45463
4.6,3,201.48068
4.45,4,201.514211
4.3,5,201.549003
4.9,1,201.573695
3.55,10,201.609844
4.75,2,201.634673
4.6,3,201.660999
4.45,4,201.690417
4.15,6,201.720591
3.85,8,201.751834
4.75,2,201.778453
3.55,10,201.812871
3.25,12,201.85267
4.45,4,201.879006
4.6,3,201.902151
3.7,9,201.937526
4.0,7,201.972977
4.75,2,201.998993
-3.4,9,202.033459
3.55,10,202.070463
4.75,2,202.098193
4.0,7,202.130123
4.75,2,202.155584
4.6,3,202.182847
3.55,10,202.229749
4.45,4,202.262028
4.6,3,202.287803
4.45,4,202.31681
4.3,5,202.347144
4.6,3,202.373517
4.6,3,202.400221
3.7,9,202.433538
3.1,13,202.475112
4.9,1,202.502429
-1.75,15,202.543767
4.6,3,202.57203
4.0,7,202.601001
4.3,5,202.628495
4.75,2,202.651721
4.75,2,202.678363
4.15,6,202.705682
4.45,4,202.734203
-1.75,15,202.774882
4.9,1,202.797707
3.85,8,202.963264
4.6,3,202.986853
4.15,6,203.016127
4.3,5,203.041806
4.6,3,203.070227
3.55,10,203.108589
-1.75,15,203.157384
4.6,3,203.188554
4.15,6,203.231129
-1.75,15,203.272597
4.0,7,203.303167
4.45,4,203.330709
4.6,3,203.354727
4.15,6,203.38072
4.6,3,203.404073
3.1,13,203.446551
4.6,3,203.470518
4.6,3,203.496649
4.6,3,203.520086
4.6,3,203.547938
4.45,4,203.578336
4.6,3,203.609611
4.45,4,203.638378
4.75,2,203.664007
3.4,11,203.702526
4.9,1,203.72378
4.3,5,203.750872
4.15,6,203.782411
4.0,7,203.816114
3.7,9,203.851694
4.3,5,203.882856
4.45,4,203.914957
4.3,5,203.948743
-1.75,15,204.001162
-3.55,12,204.046109
3.25,12,204.082374
4.3,5,204.113276
3.85,8,204.147277
4.75,2,204.169697
4.45,4,204.19971
4.75,2,204.222282
3.85,8,204.256615
4.3,5,204.41924
4.75,2,204.443157
4.6,3,204.46688
-1.75,15,204.511029
4.6,3,204.537185
4.0,7,204.570166
4.0,7,204.602528
4.75,2,204.631962
4.6,3,204.65837
4.45,4,204.692617
4.15,6,204.721143
3.7,9,204.754372
4.75,2,204.774669
4.9,1,204.797898
4.6,3,204.822103
4.6,3,204.848278
4.45,4,204.871292
-1.75,15,204.911569
4.75,2,204.941059
4.15,6,204.970696
3.7,9,205.003288
4.45,4,205.030433
4.45,4,205.055317
4.9,1,205.078239
4.75,2,205.100981
4.45,4,205.128649
4.15,6,205.160269
4.6,3,205.187146
4.6,3,205.217683
3.85,8,205.254502
3.55,10,205.292531
-1.75,15,205.368281
4.6,3,205.408543
3.55,10,205.455924
4.3,5,205.496586
4.9,1,205.527704
4.3,5,205.554475
4.45,4,205.582072
3.55,10,205.61739
4.0,7,205.657294
4.75,2,205.686665
4.6,3,205.715228
3.1,13,205.762778
4.3,5,205.793674
4.75,2,205.816379
4.3,5,205.849157
3.7,9,205.883742
3.85,8,206.060809
4.75,2,206.083343
4.0,7,206.111067
4.6,3,206.133423
4.75,2,206.157349
4.6,3,206.184747
4.3,5,206.211633
4.15,6,206.237193
4.0,7,206.267825
4.15,6,206.300535
4.15,6,206.334932
3.25,12,206.374864
-3.05,2,206.400148
4.45,4,206.423687
4.75,2,206.451854
4.45,4,206.478617
4.75,2,206.501544
4.45,4,206.52679
4.3,5,206.555709
4.6,3,206.581367
4.6,3,206.603824
4.3,5,206.631334
4.6,3,206.657388
3.55,10,206.69275
4.6,3,206.718987
3.85,8,206.753616
4.45,4,206.780808
4.0,7,206.815353
3.85,8,206.845443
3.85,8,206.880595
4.6,3,206.909219
3.85,8,206.948308
4.6,3,206.97418
4.9,1,206.998742
3.7,9,207.032608
-1.75,15,207.077101
4.3,5,207.104081
4.6,3,207.1347
4.15,6,207.164366
4.0,7,207.197369
4.0,7,207.228011
3.55,10,207.261502
4.75,2,207.282849
3.85,8,207.32074
4.3,5,207.348249
4.3,5,207.374351
4.15,6,207.400268
4.6,3,207.424724
4.9,1,207.571707
3.7,9,207.602474
4.3,5,207.630464
4.6,3,207.654773
4.6,3,207.682272
4.0,7,207.713194
4.6,3,207.737259
4.15,6,207.765385
4.3,5,207.792561
3.85,8,207.820705
4.3,5,207.84999
4.75,2,207.872493
4.75,2,207.898768
4.75,2,207.918837
4.45,4,207.942594
4.45,4,207.967665
4.15,6,207.993738
4.3,5,208.021406
4.9,1,208.04476
4.45,4,208.068322
3.4,11,208.101532
3.25,12,208.13572
4.75,2,208.156859
-1.75,15,208.200615
4.0,7,208.232429
4.9,1,208.255993
4.75,2,208.281764
3.4,11,208.3192
-1.75,15,208.363969
4.3,5,208.398658
4.6,3,208.423852
4.45,4,208.454751
3.7,9,208.488662
4.75,2,208.511639
4.6,3,208.538071
4.6,3,208.562886
-1.75,15,208.615821
3.4,11,208.662938
4.9,1,208.687622
4.45,4,208.719272
4.0,7,208.751673
4.15,6,208.783649
4.0,7,208.819249
4.15,6,208.852854
3.55,10,209.038588
4.3,5,209.065848
4.45,4,209.093688
4.75,2,209.116218
4.6,3,209.141461
4.0,7,209.179134
4.75,2,209.204437
-1.75,15,209.247872
4.3,5,209.273595
3.7,9,209.303647
4.3,5,209.330836
3.25,12,209.365601
-3.15,4,209.39009
4.75,2,209.41371
4.45,4,209.440639
4.45,4,209.468139
4.0,7,209.495734
-1.75,15,209.536302
4.45,4,209.562068
3.85,8,209.596252
4.6,3,209.621248
4.6,3,209.647883
4.0,7,209.676901
4.9,1,209.69962
4.75,2,209.725084
3.85,8,209.761539
4.6,3,209.797273
3.7,9,209.835325
4.15,6,209.866968
4.6,3,209.89191
-1.75,15,209.937314
3.85,8,209.974204
4.45,4,210.008462
4.6,3,210.038443
4.6,3,210.067858
4.75,2,210.098864
4.75,2,210.126985
3.4,11,210.165277
4.15,6,210.199734
3.4,11,210.238759
4.0,7,210.269315
4.75,2,210.291644
4.3,5,210.322586
4.75,2,210.351282
4.6,3,210.376765
4.6,3,210.402292
4.6,3,210.428957
4.75,2,210.453874
4.45,4,210.60815
-3.35,8,210.638673
4.6,3,210.664836
3.85,8,210.697824
3.85,8,210.728961
3.25,12,210.764455
4.0,7,210.797338
3.85,8,210.827708
4.75,2,210.849467
4.3,5,210.878413
4.6,3,210.905885
4.6,3,210.930458
3.55,10,210.962794
4.45,4,210.987599
4.15,6,211.020659
4.75,2,211.050756
4.3,5,211.07972
4.45,4,211.106685
4.75,2,211.130626
4.75,2,211.153649
3.4,11,211.192821
4.15,6,211.22153
4.75,2,211.251392
-1.75,15,211.294005
4.0,7,211.331534
4.6,3,211.360293
3.7,9,211.393215
3.7,9,211.431532
4.75,2,211.457505
4.75,2,211.481816
3.85,8,211.513292
-3.25,6,211.540784
4.6,3,211.566472
4.3,5,211.595348
4.45,4,211.624332
4.3,5,211.654611
4.9,1,211.680275
4.6,3,211.709074
4.3,5,211.737992
4.3,5,211.767556
4.0,7,211.799259
4.75,2,211.823239
-1.75,15,211.870122
4.6,3,211.897617
4.45,4,211.924628
-1.75,15,212.107075
3.7,9,212.139879
4.3,5,212.167608
4.45,4,212.194819
4.6,3,212.218852
4.6,3,212.245013
4.75,2,212.267111
4.6,3,212.291925
3.25,12,212.330086
4.45,4,212.359633
3.7,9,212.394169
4.3,5,212.429944
-1.75,15,212.471143
4.6,3,212.496212
4.15,6,212.521953
3.4,11,212.556358
4.15,6,212.585343
4.9,1,212.607414
4.45,4,212.634758
3.55,10,212.668679
4.3,5,212.6978
4.3,5,212.724587
4.75,2,212.750106
3.25,12,212.787852
4.75,2,212.814787
4.15,6,212.842455
3.4,11,212.884657
4.15,6,212.917356
4.6,3,212.950237
4.3,5,212.985977
4.0,7,213.025555
4.3,5,213.066834
4.3,5,213.103955
3.7,9,213.14727
4.0,7,213.187843
4.3,5,213.220906
4.3,5,213.258205
3.4,11,213.302765
4.45,4,213.335273
4.15,6,213.371966
4.3,5,213.401394
4.15,6,213.432602
4.15,6,213.5979
4.45,4,213.627
3.4,11,213.663054
4.45,4,213.691206
4.0,7,213.719462
4.6,3,213.744458
4.15,6,213.771534
3.4,11,213.813641
4.3,5,213.847083
4.6,3,213.875861
4.15,6,213.903641
3.85,8,213.937325
4.45,4,213.967969
4.45,4,213.999563
4.75,2,214.029438
4.9,1,214.052623
4.45,4,214.081533
4.75,2,214.107444
4.75,2,214.13146
4.6,3,214.155135
4.15,6,214.184686
4.45,4,214.211953
4.45,4,214.237585
4.3,5,214.264152
4.3,5,214.292445
4.15,6,214.31956
3.55,10,214.364336
4.3,5,214.394786
4.0,7,214.425674
4.75,2,214.452695
3.4,11,214.486826
4.6,3,214.518196
3.85,8,214.554594
4.6,3,214.582925
4.6,3,214.608383
3.25,12,214.650337
4.45,4,214.682925
3.85,8,214.718792
4.45,4,214.74902
4.9,1,214.773817
3.7,9,214.809218
4.6,3,214.835016
4.3,5,214.872068
3.85,8,214.912268
3.7,9,214.947672
4.6,3,214.974509
4.45,4,214.999637
4.0,7,215.032935
