episode,reward,length,elapsed_seconds
1,4.75,2,0.042954206466674805
2,4.15,6,0.07666587829589844
3,4.15,6,0.11006426811218262
4,4.75,2,0.13923859596252441
5,-3.0,1,0.16163921356201172
6,-3.05,2,0.18790125846862793
7,4.6000000000000005,3,0.22303175926208496
8,-3.0,1,0.24452567100524902
9,4.15,6,0.28190040588378906
10,-3.4,9,0.3171555995941162
11,-3.2,5,0.34821486473083496
12,-3.05,2,0.3743410110473633
13,-3.0,1,0.4017956256866455
14,4.6000000000000005,3,0.4299747943878174
15,-3.2,5,0.462810754776001
16,-3.05,2,0.49227070808410645
17,-3.45,10,0.5339019298553467
18,-3.2,5,0.5630435943603516
19,-3.15,4,0.5942142009735107
20,-3.25,6,0.62626051902771
21,-3.1,3,0.6553709506988525
22,-3.0,1,0.6791374683380127
23,4.75,2,0.7095253467559814
24,-3.05,2,0.7364201545715332
25,4.0,7,0.772132158279419
26,-3.1,3,0.8022482395172119
27,4.0,7,0.8334343433380127
28,-3.2,5,0.869452953338623
29,-3.0,1,0.889918327331543
30,-3.1,3,0.9165701866149902
31,-3.0,1,0.9408402442932129
32,-3.5,11,0.977670431137085
33,-3.05,2,1.00227689743042
34,-3.05,2,1.0285403728485107
35,-3.1,3,1.057018756866455
36,4.6000000000000005,3,1.0830140113830566
37,-3.05,2,1.1065058708190918
38,-3.0,1,1.1272790431976318
39,-1.75,15,1.1722149848937988
40,-3.05,2,1.1955029964447021
41,-3.2,5,1.2280879020690918
42,-3.1,3,1.2581355571746826
43,-3.45,10,1.2948925495147705
44,4.3,5,1.3257725238800049
45,-3.0,1,1.3497111797332764
46,4.6000000000000005,3,1.3755533695220947
47,4.0,7,1.4075257778167725
48,-3.1,3,1.4351541996002197
49,4.3,5,1.4682137966156006
50,4.449999999999999,4,1.4995191097259521
51,-3.05,2,1.525217056274414
52,4.75,2,1.5532848834991455
53,-3.05,2,1.576584815979004
54,-3.2,5,1.609391450881958
55,4.75,2,1.6319646835327148
56,-3.05,2,1.6567625999450684
57,-3.2,5,1.6875591278076172
58,-3.6,13,1.7287728786468506
59,3.85,8,1.7645399570465088
60,-3.2,5,1.7938768863677979
61,-3.5,11,1.9766125679016113
62,4.6000000000000005,3,2.0054056644439697
63,4.449999999999999,4,2.0397231578826904
64,4.6000000000000005,3,2.0789899826049805
65,4.6000000000000005,3,2.1117968559265137
66,-3.1,3,2.1473677158355713
67,-3.05,2,2.178128242492676
68,4.449999999999999,4,2.209529161453247
69,3.4,11,2.2526133060455322
70,-3.05,2,2.2796313762664795
71,4.3,5,2.3147590160369873
72,-3.05,2,2.342404842376709
73,-3.0,1,2.369297742843628
74,4.0,7,2.4067883491516113
75,-3.15,4,2.4400458335876465
76,-3.0,1,2.4634201526641846
77,4.3,5,2.495163917541504
78,-3.05,2,2.522080659866333
79,-3.0,1,2.545222520828247
80,-3.05,2,2.5716328620910645
81,-3.0,1,2.594529867172241
82,-1.75,15,2.6401631832122803
83,-3.0,1,2.6645615100860596
84,-3.1,3,2.6901254653930664
85,-3.0,1,2.711864471435547
86,-3.0,1,2.739625930786133
87,4.9,1,2.7632265090942383
88,-3.05,2,2.7863030433654785
89,-3.5,11,2.825906991958618
90,3.6999999999999997,9,2.8591198921203613
91,-3.05,2,2.8821909427642822
92,-3.0,1,2.907284736633301
93,-3.0,1,2.935006856918335
94,-3.05,2,2.9619193077087402
95,4.75,2,2.9869933128356934
96,-3.0,1,3.0112531185150146
97,-3.0,1,3.0364720821380615
98,-3.15,4,3.0616698265075684
99,-3.3,7,3.099820852279663
100,4.6000000000000005,3,3.1243574619293213
101,-3.3,7,3.1550252437591553
102,-3.0,1,3.1751604080200195
103,-3.05,2,3.2055695056915283
104,4.15,6,3.2392868995666504
105,4.449999999999999,4,3.2734193801879883
106,-3.0,1,3.29944109916687
107,4.6000000000000005,3,3.3292763233184814
108,-3.0,1,3.3569531440734863
109,-3.15,4,3.389779806137085
110,-3.05,2,3.4207258224487305
111,-3.1,3,3.4464752674102783
112,-3.15,4,3.4787325859069824
113,-3.15,4,3.515354633331299
114,-3.2,5,3.5555052757263184
115,-3.0,1,3.582439661026001
116,4.75,2,3.6146388053894043
117,-3.25,6,3.6492342948913574
118,-3.0,1,3.677440881729126
119,4.75,2,3.7084896564483643
120,-3.05,2,3.7388641834259033
121,-3.05,2,3.765601634979248
122,-3.1,3,3.7933223247528076
123,4.449999999999999,4,3.8234989643096924
124,-3.4,9,3.8633551597595215
125,-3.15,4,3.9014410972595215
126,-3.1,3,3.939741373062134
127,-3.0,1,3.9638774394989014
128,3.55,10,4.003358364105225
129,-3.0,1,4.024659872055054
130,-3.15,4,4.055418491363525
131,3.6999999999999997,9,4.09207820892334
132,4.15,6,4.12939977645874
133,4.75,2,4.3063063621521
134,-3.0,1,4.327776193618774
135,-3.55,12,4.366261005401611
136,4.449999999999999,4,4.39378023147583
137,-3.5,11,4.434020042419434
138,-3.25,6,4.4665374755859375
139,-3.6,13,4.51007866859436
140,-3.6,13,4.558631181716919
141,-3.55,12,4.601540803909302
142,-3.05,2,4.62762188911438
143,-3.2,5,4.659384727478027
144,-3.05,2,4.683447360992432
145,-3.05,2,4.70912766456604
146,4.15,6,4.742151260375977
147,-3.45,10,4.780436992645264
148,-3.2,5,4.807883262634277
149,-3.0,1,4.832345962524414
150,-1.75,15,4.875113010406494
151,-3.3,7,4.904231548309326
152,-3.15,4,4.926956653594971
153,-3.1,3,4.954374074935913
154,-3.0,1,4.977663993835449
155,-3.1,3,5.00428581237793
156,-3.1,3,5.033890008926392
157,-3.3,7,5.070183753967285
158,-3.25,6,5.101736068725586
159,-3.05,2,5.125985622406006
160,-3.0,1,5.153289556503296
161,-3.5,11,5.19316554069519
162,-3.0,1,5.219377040863037
163,-3.15,4,5.243852138519287
164,4.3,5,5.2770562171936035
165,-3.0,1,5.305158376693726
166,-3.0,1,5.329329013824463
167,-3.0,1,5.35591721534729
168,-3.1,3,5.384000062942505
169,-3.05,2,5.4071550369262695
170,-3.15,4,5.441874980926514
171,-3.3,7,5.473485708236694
172,-3.0,1,5.493390083312988
173,-3.2,5,5.530349016189575
174,-3.2,5,5.560466766357422
175,-3.5,11,5.6014790534973145
176,4.75,2,5.626653432846069
177,-3.4,9,5.665243625640869
178,4.3,5,5.693783521652222
179,-3.0,1,5.7176899909973145
180,-3.0,1,5.742758512496948
181,4.75,2,5.769791603088379
182,-3.05,2,5.79331374168396
183,-3.15,4,5.820997476577759
184,-3.05,2,5.842569828033447
185,-3.0,1,5.869900703430176
186,-3.2,5,5.9004480838775635
187,-3.35,8,6.08113694190979
188,-3.05,2,6.107032060623169
189,-3.1,3,6.129586458206177
190,4.9,1,6.159275770187378
191,-3.45,10,6.197587251663208
192,-3.1,3,6.226217031478882
193,-3.15,4,6.258774757385254
194,4.75,2,6.294246196746826
195,-3.25,6,6.326848268508911
196,-3.3,7,6.360449314117432
197,-3.0,1,6.386564493179321
198,-3.05,2,6.408589839935303
199,-3.05,2,6.43851375579834
200,-3.25,6,6.479212999343872
201,4.75,2,6.508573770523071
202,3.25,12,6.546561002731323
203,4.0,7,6.585833311080933
204,-3.0,1,6.619311809539795
205,-3.0,1,6.653356552124023
206,-3.0,1,6.6782286167144775
207,4.449999999999999,4,6.708428144454956
208,-3.1,3,6.741228818893433
209,-3.35,8,6.7787957191467285
210,4.3,5,6.815397262573242
211,-3.35,8,6.853096008300781
212,-3.05,2,6.884824514389038
213,-3.1,3,6.91157341003418
214,-3.1,3,6.944591760635376
215,-3.05,2,6.975129127502441
216,-3.05,2,7.00086522102356
217,3.25,12,7.043056488037109
218,-3.05,2,7.070497035980225
219,-3.15,4,7.100040674209595
220,-3.05,2,7.126431941986084
221,-3.25,6,7.160608291625977
222,4.3,5,7.188202857971191
223,-3.0,1,7.210646629333496
224,-3.2,5,7.243615627288818
225,4.0,7,7.278869867324829
226,3.6999999999999997,9,7.317168951034546
227,4.3,5,7.344103813171387
228,-3.0,1,7.369271516799927
229,-3.05,2,7.393412828445435
230,4.6000000000000005,3,7.420316457748413
231,-3.35,8,7.45112156867981
232,-3.45,10,7.483769416809082
233,4.6000000000000005,3,7.507338523864746
234,-3.0,1,7.531836032867432
235,-3.2,5,7.560869932174683
236,-3.15,4,7.593453645706177
237,-3.1,3,7.621199607849121
238,-3.05,2,7.645042419433594
239,3.55,10,7.687440872192383
240,-3.15,4,7.728601932525635
241,-3.0,1,7.753973484039307
242,4.6000000000000005,3,7.779555082321167
243,-3.1,3,7.802637577056885
244,-3.4,9,7.834918260574341
245,-3.25,6,7.866985559463501
246,-3.1,3,8.048155546188354
247,-3.05,2,8.071101188659668
248,-3.1,3,8.095292806625366
249,-3.0,1,8.1230309009552
250,-3.05,2,8.148370027542114
251,4.3,5,8.179410219192505
252,-3.05,2,8.213168621063232
253,-3.1,3,8.242433786392212
254,4.0,7,8.279381036758423
255,-3.1,3,8.307182550430298
256,-3.2,5,8.342599630355835
257,4.6000000000000005,3,8.37080979347229
258,4.449999999999999,4,8.39802598953247
259,-3.1,3,8.425639867782593
260,-3.3,7,8.458298683166504
261,-3.2,5,8.492645978927612
262,4.449999999999999,4,8.524105072021484
263,-3.45,10,8.575297355651855
264,4.15,6,8.615817785263062
265,-3.0,1,8.640773057937622
266,-3.0,1,8.665778160095215
267,4.3,5,8.699659824371338
268,-3.2,5,8.731297731399536
269,3.55,10,8.770209074020386
270,-3.7,15,8.817507028579712
271,-3.1,3,8.842422485351562
272,-3.0,1,8.868147134780884
273,3.25,12,8.90847897529602
274,-3.05,2,8.932750940322876
275,-3.3,7,8.967826843261719
276,4.449999999999999,4,8.993586301803589
277,3.85,8,9.027260541915894
278,-3.25,6,9.063966274261475
279,4.75,2,9.090319633483887
280,-3.3,7,9.122535705566406
281,3.4,11,9.159849405288696
282,4.6000000000000005,3,9.190821647644043
283,4.15,6,9.221078634262085
284,3.6999999999999997,9,9.257241487503052
285,-3.0,1,9.277743816375732
286,-3.15,4,9.304782629013062
287,4.449999999999999,4,9.330346584320068
288,4.6000000000000005,3,9.356573343276978
289,-3.05,2,9.380274772644043
290,3.6999999999999997,9,9.4151029586792
291,-3.6,13,9.454446077346802
292,-3.3,7,9.490038394927979
293,-3.1,3,9.516424655914307
294,4.449999999999999,4,9.541744709014893
295,-3.0,1,9.564891576766968
296,4.75,2,9.588243007659912
297,-3.05,2,9.608895540237427
298,-3.45,10,9.811206817626953
299,4.3,5,9.843273162841797
300,-3.2,5,9.873235702514648
301,-3.0,1,9.899138689041138
302,3.25,12,9.943248510360718
303,-1.75,15,10.0002121925354
304,4.9,1,10.036252737045288
305,-1.75,15,10.102007389068604
306,-3.65,14,10.154797792434692
307,-3.2,5,10.196763515472412
308,2.9499999999999997,14,10.25694727897644
309,4.15,6,10.299181699752808
310,3.85,8,10.341119527816772
311,3.85,8,10.379914283752441
312,3.6999999999999997,9,10.422150611877441
313,-1.75,15,10.47033143043518
314,-3.1,3,10.508157730102539
315,-3.35,8,10.55813479423523
316,-3.25,6,10.60166621208191
317,-3.1,3,10.634734869003296
318,4.3,5,10.678006410598755
319,4.449999999999999,4,10.711721181869507
320,4.6000000000000005,3,10.747500896453857
321,3.85,8,10.786258459091187
322,-3.15,4,10.817335605621338
323,-3.25,6,10.849917650222778
324,4.449999999999999,4,10.87564468383789
325,-3.0,1,10.903659105300903
326,-3.55,12,10.950741529464722
327,-3.45,10,10.989803314208984
328,4.449999999999999,4,11.014775276184082
329,-3.1,3,11.04081416130066
330,-3.05,2,11.067001819610596
331,-3.05,2,11.095131635665894
332,3.55,10,11.132389068603516
333,4.75,2,11.155231714248657
334,-3.25,6,11.184270858764648
335,-3.65,14,11.393875360488892
336,4.3,5,11.428359508514404
337,3.85,8,11.463469982147217
338,-3.05,2,11.493587017059326
339,-3.0,1,11.520798444747925
340,4.449999999999999,4,11.556046485900879
341,-3.2,5,11.588892221450806
342,-3.1,3,11.619555234909058
343,-3.0,1,11.647330284118652
344,3.6999999999999997,9,11.685526847839355
345,4.6000000000000005,3,11.718294382095337
346,4.6000000000000005,3,11.746549129486084
347,-3.1,3,11.775790214538574
348,4.75,2,11.80798625946045
349,-3.3,7,11.842235803604126
350,4.0,7,11.878632307052612
351,-3.25,6,11.913856029510498
352,-3.5,11,11.95555305480957
353,3.4,11,11.999520063400269
354,4.75,2,12.026784896850586
355,4.0,7,12.057765483856201
356,4.75,2,12.08737325668335
357,4.6000000000000005,3,12.116994857788086
358,3.25,12,12.157723188400269
359,-3.1,3,12.181414127349854
360,3.6999999999999997,9,12.218021631240845
361,-3.0,1,12.243263244628906
362,-3.05,2,12.275569677352905
363,-3.05,2,12.309072256088257
364,-3.25,6,12.341539144515991
365,-3.15,4,12.372277736663818
366,4.449999999999999,4,12.400442361831665
367,-3.45,10,12.43768572807312
368,-3.1,3,12.465273141860962
369,4.9,1,12.490727663040161
370,4.3,5,12.520836591720581
371,4.6000000000000005,3,12.551617622375488
372,4.449999999999999,4,12.581411123275757
373,-3.55,12,12.624275207519531
374,-3.3,7,12.657338380813599
375,-3.15,4,12.684672832489014
376,-3.3,7,12.722700834274292
377,-3.55,12,12.76380705833435
378,-3.05,2,12.789949893951416
379,-1.75,15,12.837676286697388
380,-3.05,2,12.86189341545105
381,-3.15,4,12.887910842895508
382,-3.0,1,12.910058975219727
383,-3.15,4,12.93781852722168
384,3.4,11,12.976059913635254
385,4.75,2,13.162776947021484
386,4.15,6,13.194560766220093
387,-1.75,15,13.239219665527344
388,4.0,7,13.276709079742432
389,-3.65,14,13.336523532867432
390,4.3,5,13.375503778457642
391,-3.1,3,13.408796310424805
392,4.75,2,13.43980097770691
393,-3.45,10,13.48840069770813
394,4.6000000000000005,3,13.516160249710083
395,-3.25,6,13.546856164932251
396,4.449999999999999,4,13.579259872436523
397,4.6000000000000005,3,13.610223293304443
398,4.0,7,13.651606798171997
399,-3.0,1,13.67434287071228
400,-3.05,2,13.697987794876099
401,3.85,8,13.732677459716797
402,-3.2,5,13.768434524536133
403,-1.75,15,13.811293601989746
404,-3.2,5,13.838847637176514
405,-3.25,6,13.872817993164062
406,4.0,7,13.912538051605225
407,4.6000000000000005,3,13.9408540725708
408,-3.1,3,13.972500801086426
409,-3.15,4,14.002124547958374
410,4.15,6,14.03611421585083
411,4.0,7,14.07290506362915
412,-3.45,10,14.110441446304321
413,-3.05,2,14.138033390045166
414,-3.25,6,14.168915271759033
415,3.6999999999999997,9,14.214465379714966
416,4.449999999999999,4,14.251152515411377
417,3.55,10,14.288380146026611
418,-3.0,1,14.31335973739624
419,-3.55,12,14.352859020233154
420,4.449999999999999,4,14.378112554550171
421,4.75,2,14.405731678009033
422,-3.7,15,14.448164939880371
423,4.449999999999999,4,14.474244594573975
424,4.75,2,14.501686334609985
425,-3.05,2,14.52830982208252
426,4.0,7,14.565696477890015
427,4.0,7,14.600713729858398
428,3.6999999999999997,9,14.802273035049438
429,4.75,2,14.823779582977295
430,-3.0,1,14.844999551773071
431,-3.25,6,14.880354404449463
432,-3.0,1,14.904982328414917
433,-1.75,15,14.956093549728394
434,4.9,1,14.983652114868164
435,4.3,5,15.012737274169922
436,3.55,10,15.051262855529785
437,3.6999999999999997,9,15.089451313018799
438,4.15,6,15.124768495559692
439,4.15,6,15.16056227684021
440,4.75,2,15.18925666809082
441,3.4,11,15.223871946334839
442,4.75,2,15.251072883605957
443,-3.1,3,15.274205207824707
444,3.6999999999999997,9,15.310084342956543
445,3.4,11,15.355608224868774
446,4.449999999999999,4,15.39103102684021
447,-1.75,15,15.440224885940552
448,3.6999999999999997,9,15.475490808486938
449,4.15,6,15.506474018096924
450,-3.65,14,15.553584575653076
451,4.449999999999999,4,15.581480503082275
452,4.0,7,15.611144781112671
453,-3.05,2,15.641571283340454
454,-1.75,15,15.695212125778198
455,4.6000000000000005,3,15.724511623382568
456,4.75,2,15.750981569290161
457,4.75,2,15.774988174438477
458,3.55,10,15.813711643218994
459,-1.75,15,15.859318733215332
460,-3.05,2,15.889889478683472
461,4.75,2,15.913209676742554
462,-3.35,8,15.945916891098022
463,-1.75,15,15.990828514099121
464,-3.25,6,16.024532079696655
465,4.449999999999999,4,16.056694746017456
466,4.15,6,16.245413541793823
467,4.6000000000000005,3,16.279319047927856
468,4.75,2,16.31498646736145
469,-3.7,15,16.37006950378418
470,-3.1,3,16.40225338935852
471,4.449999999999999,4,16.436327695846558
472,4.0,7,16.471602201461792
473,4.3,5,16.50275993347168
474,4.3,5,16.536540031433105
475,-3.4,9,16.5750994682312
476,-3.0,1,16.6012065410614
477,4.449999999999999,4,16.635749340057373
478,4.3,5,16.662822484970093
479,3.1,13,16.707508325576782
480,-3.05,2,16.74146342277527
481,-3.2,5,16.774755716323853
482,-3.05,2,16.800686836242676
483,-3.45,10,16.8484468460083
484,-3.4,9,16.88523769378662
485,-1.75,15,16.936970710754395
486,3.55,10,16.97991633415222
487,4.0,7,17.019869804382324
488,-1.75,15,17.066082239151
489,3.6999999999999997,9,17.101219177246094
490,4.3,5,17.13058567047119
491,-3.5,11,17.173672676086426
492,-3.4,9,17.21022915840149
493,4.6000000000000005,3,17.239705801010132
494,-3.6,13,17.280508756637573
495,4.6000000000000005,3,17.308032035827637
496,-1.75,15,17.35298752784729
497,3.85,8,17.389939308166504
498,4.6000000000000005,3,17.41828680038452
499,4.75,2,17.44121789932251
500,-3.5,11,17.479156494140625
501,-3.0,1,17.50418758392334
502,3.55,10,17.6939115524292
503,-3.25,6,17.72835874557495
504,-3.35,8,17.763723850250244
505,4.3,5,17.79577326774597
506,4.6000000000000005,3,17.82292413711548
507,4.0,7,17.854617595672607
508,4.6000000000000005,3,17.882937908172607
509,4.3,5,17.912951231002808
510,4.0,7,17.95413637161255
511,4.0,7,17.991819381713867
512,-3.15,4,18.033278942108154
513,4.449999999999999,4,18.06818127632141
514,3.55,10,18.11516547203064
515,-3.15,4,18.147224187850952
516,4.0,7,18.186331510543823
517,-3.05,2,18.21521806716919
518,4.6000000000000005,3,18.24230718612671
519,4.0,7,18.2778537273407
520,3.25,12,18.31687045097351
521,-3.0,1,18.34076428413391
522,4.75,2,18.368775129318237
523,4.9,1,18.39022397994995
524,4.3,5,18.419469594955444
525,-1.75,15,18.46923804283142
526,4.3,5,18.497023105621338
527,-1.75,15,18.54078221321106
528,4.75,2,18.567909002304077
529,-3.5,11,18.605063915252686
530,3.85,8,18.635920763015747
531,3.6999999999999997,9,18.67157220840454
532,-3.55,12,18.70929455757141
533,-3.05,2,18.73184847831726
534,-1.75,15,18.771559476852417
535,3.6999999999999997,9,18.8041832447052
536,-3.0,1,18.828351259231567
537,-3.05,2,18.849606037139893
538,-3.05,2,18.871848344802856
539,4.75,2,18.897642612457275
540,4.15,6,18.927540063858032
541,3.85,8,18.960582494735718
542,-3.45,10,18.995424509048462
543,4.6000000000000005,3,19.02353286743164
544,3.4,11,19.202056407928467
545,-1.75,15,19.24964213371277
546,-1.75,15,19.293635606765747
547,-3.7,15,19.343276023864746
548,4.3,5,19.372812271118164
549,4.15,6,19.40981936454773
550,4.6000000000000005,3,19.4371976852417
551,4.15,6,19.46878147125244
552,4.6000000000000005,3,19.497161626815796
553,3.4,11,19.53697919845581
554,-1.75,15,19.590828895568848
555,4.3,5,19.632229328155518
556,-3.2,5,19.662278175354004
557,-1.75,15,19.71520709991455
558,4.15,6,19.75619888305664
559,-3.25,6,19.786064624786377
560,-1.75,15,19.828227043151855
561,-3.05,2,19.854512691497803
562,4.449999999999999,4,19.882835865020752
563,3.6999999999999997,9,19.919573068618774
564,3.25,12,19.96977424621582
565,4.449999999999999,4,20.00403380393982
566,-3.25,6,20.03632879257202
567,-3.05,2,20.065720081329346
568,4.6000000000000005,3,20.1018705368042
569,4.9,1,20.138262033462524
570,4.3,5,20.177352905273438
571,4.75,2,20.206343412399292
572,3.4,11,20.252625942230225
573,4.9,1,20.280804872512817
574,4.449999999999999,4,20.31518054008484
575,-3.05,2,20.33954381942749
576,-3.35,8,20.38200831413269
577,-3.35,8,20.419410228729248
578,4.15,6,20.45788812637329
579,3.85,8,20.502750158309937
580,-3.35,8,20.689196825027466
581,4.75,2,20.713913202285767
582,-3.6,13,20.758570194244385
583,4.3,5,20.787296056747437
584,3.6999999999999997,9,20.822608470916748
585,-1.75,15,20.867553234100342
586,4.449999999999999,4,20.894065141677856
587,4.6000000000000005,3,20.922614812850952
588,4.6000000000000005,3,20.949528694152832
589,3.85,8,20.985931396484375
590,3.4,11,21.03266191482544
591,-3.15,4,21.05982756614685
592,-3.35,8,21.094393253326416
593,4.6000000000000005,3,21.125032901763916
594,4.449999999999999,4,21.155521392822266
595,-3.1,3,21.18054747581482
596,4.15,6,21.211628675460815
597,4.449999999999999,4,21.241230487823486
598,4.15,6,21.275866746902466
599,4.0,7,21.311726808547974
600,-3.25,6,21.346030950546265
601,3.25,12,21.38707709312439
602,3.85,8,21.422168016433716
603,-1.75,15,21.469966173171997
604,-3.3,7,21.50317144393921
605,3.85,8,21.540133476257324
606,4.449999999999999,4,21.565755367279053
607,-3.0,1,21.5876202583313
608,4.449999999999999,4,21.616648197174072
609,4.449999999999999,4,21.64302134513855
610,4.3,5,21.6736741065979
611,3.85,8,21.707401990890503
612,4.15,6,21.739357233047485
613,4.449999999999999,4,21.771960258483887
614,-3.35,8,21.807921886444092
615,4.6000000000000005,3,21.83578062057495
616,4.449999999999999,4,21.86722421646118
617,4.75,2,21.89656162261963
618,4.15,6,21.930317878723145
619,4.449999999999999,4,21.957579851150513
620,3.55,10,22.00291681289673
621,-3.15,4,22.0268132686615
622,-3.2,5,22.211325645446777
623,4.75,2,22.24354600906372
624,4.6000000000000005,3,22.272791624069214
625,4.449999999999999,4,22.299668550491333
626,4.15,6,22.332215309143066
627,4.449999999999999,4,22.365095615386963
628,-3.65,14,22.411885499954224
629,4.3,5,22.44244408607483
630,4.75,2,22.468413829803467
631,3.55,10,22.510379552841187
632,4.449999999999999,4,22.537805318832397
633,3.85,8,22.572231769561768
634,3.85,8,22.610057592391968
635,3.85,8,22.649903774261475
636,4.0,7,22.695054054260254
637,4.9,1,22.725613355636597
638,4.6000000000000005,3,22.75359559059143
639,-3.55,12,22.80330228805542
640,3.55,10,22.84763193130493
641,-1.75,15,22.889319896697998
642,4.6000000000000005,3,22.92030096054077
643,-1.75,15,22.967623710632324
644,3.85,8,23.007269144058228
645,4.3,5,23.039844036102295
646,4.3,5,23.075195789337158
647,3.4,11,23.114870071411133
648,-1.75,15,23.15804648399353
649,4.75,2,23.18222188949585
650,-1.75,15,23.223777770996094
651,-1.75,15,23.269616842269897
652,4.75,2,23.29208779335022
653,3.1,13,23.335131406784058
654,4.3,5,23.366941690444946
655,3.85,8,23.402252435684204
656,4.15,6,23.588118314743042
657,4.6000000000000005,3,23.617075443267822
658,3.85,8,23.65028166770935
659,3.85,8,23.68457818031311
660,-1.75,15,23.7258620262146
661,3.55,10,23.75926947593689
662,4.6000000000000005,3,23.78697943687439
663,3.4,11,23.83365774154663
664,-1.75,15,23.87232208251953
665,4.449999999999999,4,23.89987850189209
666,4.449999999999999,4,23.930020809173584
667,3.6999999999999997,9,23.96617078781128
668,4.449999999999999,4,23.997150421142578
669,-3.55,12,24.042198657989502
670,3.6999999999999997,9,24.083054542541504
671,-3.25,6,24.116356134414673
672,4.75,2,24.139341115951538
673,-1.75,15,24.186139345169067
674,4.0,7,24.22459840774536
675,4.75,2,24.251192331314087
676,-3.2,5,24.280421495437622
677,-1.75,15,24.33247947692871
678,4.3,5,24.3717098236084
679,-1.75,15,24.426790714263916
680,3.4,11,24.467562437057495
681,4.3,5,24.497915506362915
682,4.0,7,24.533164262771606
683,4.449999999999999,4,24.56772780418396
684,-3.7,15,24.616989135742188
685,4.6000000000000005,3,24.640742540359497
686,4.6000000000000005,3,24.66860318183899
687,4.75,2,24.690746307373047
688,4.6000000000000005,3,24.715751886367798
689,4.15,6,24.742846965789795
690,4.449999999999999,4,24.771140575408936
691,4.449999999999999,4,24.803550958633423
692,-3.0,1,24.82629656791687
693,-1.75,15,25.01394248008728
694,-3.4,9,25.04992151260376
695,3.4,11,25.0923912525177
696,3.85,8,25.131972312927246
697,4.0,7,25.171468257904053
698,4.15,6,25.204559803009033
699,3.4,11,25.24319100379944
700,4.449999999999999,4,25.27106761932373
701,4.3,5,25.304713249206543
702,4.6000000000000005,3,25.33258295059204
703,4.3,5,25.362553119659424
704,-3.3,7,25.39962100982666
705,-3.25,6,25.433736562728882
706,4.75,2,25.458827018737793
707,4.6000000000000005,3,25.48506736755371
708,3.6999999999999997,9,25.52201557159424
709,4.0,7,25.55941081047058
710,-3.45,10,25.599480152130127
711,-3.05,2,25.624512910842896
712,4.0,7,25.65859341621399
713,4.15,6,25.694265127182007
714,-3.65,14,25.74654197692871
715,-3.0,1,25.773818254470825
716,4.15,6,25.809170484542847
717,4.449999999999999,4,25.835042238235474
718,4.75,2,25.857434511184692
719,3.85,8,25.895745038986206
720,4.0,7,25.93750834465027
721,4.75,2,25.965875148773193
722,4.449999999999999,4,25.991708278656006
723,-3.5,11,26.034363269805908
724,3.6999999999999997,9,26.07090973854065
725,4.6000000000000005,3,26.09889268875122
726,-3.45,10,26.13441801071167
727,-3.35,8,26.167151927947998
728,3.6999999999999997,9,26.206033945083618
729,-3.15,4,26.233612060546875
730,-1.75,15,26.42959713935852
731,4.3,5,26.45852303504944
732,-3.55,12,26.495711088180542
733,4.6000000000000005,3,26.523276567459106
734,4.449999999999999,4,26.55355739593506
735,-3.6,13,26.5954487323761
736,-3.3,7,26.626356840133667
737,2.9499999999999997,14,26.672876358032227
738,-3.5,11,26.71358323097229
739,4.6000000000000005,3,26.740179777145386
740,4.3,5,26.768079042434692
741,4.3,5,26.79798913002014
742,4.449999999999999,4,26.82344937324524
743,4.0,7,26.858174324035645
744,-3.3,7,26.891417741775513
745,4.3,5,26.922919988632202
746,3.55,10,26.95953631401062
747,-3.55,12,27.007596492767334
748,4.3,5,27.04463815689087
749,4.6000000000000005,3,27.074334859848022
750,-3.35,8,27.111610412597656
751,4.0,7,27.146965503692627
752,4.15,6,27.178454160690308
753,4.6000000000000005,3,27.208775997161865
754,-1.75,15,27.267385244369507
755,-3.4,9,27.306293725967407
756,4.6000000000000005,3,27.33698844909668
757,4.449999999999999,4,27.366668939590454
758,4.449999999999999,4,27.39647626876831
759,3.55,10,27.438111066818237
760,3.25,12,27.483823776245117
761,4.0,7,27.52567481994629
762,4.6000000000000005,3,27.557863473892212
763,3.6999999999999997,9,27.59696078300476
764,4.6000000000000005,3,27.621960163116455
765,4.6000000000000005,3,27.647964000701904
766,4.6000000000000005,3,27.67258882522583
767,4.449999999999999,4,27.702189445495605
768,3.4,11,27.871683597564697
769,4.15,6,27.905032634735107
770,-1.75,15,27.954490900039673
771,3.6999999999999997,9,27.990122318267822
772,3.85,8,28.02623748779297
773,4.449999999999999,4,28.05810284614563
774,-3.3,7,28.0899760723114
775,3.55,10,28.131202697753906
776,4.15,6,28.16131091117859
777,4.9,1,28.185998678207397
778,3.55,10,28.22554063796997
779,4.75,2,28.24948787689209
780,3.25,12,28.2868013381958
781,4.75,2,28.311110973358154
782,-1.75,15,28.356465816497803
783,4.0,7,28.38753318786621
784,3.85,8,28.42523980140686
785,-1.75,15,28.477787017822266
786,4.3,5,28.507439613342285
787,4.6000000000000005,3,28.536496877670288
788,4.0,7,28.569372415542603
789,4.6000000000000005,3,28.592064142227173
790,4.3,5,28.63050127029419
791,4.449999999999999,4,28.670660257339478
792,-3.45,10,28.7114417552948
793,4.6000000000000005,3,28.73936915397644
794,4.449999999999999,4,28.76962375640869
795,-1.75,15,28.813791751861572
796,-3.7,15,28.86190629005432
797,4.3,5,28.89401602745056
798,-3.4,9,28.933377742767334
799,4.6000000000000005,3,28.959168672561646
800,4.75,2,28.986960887908936
801,4.3,5,29.018256425857544
802,4.449999999999999,4,29.050718545913696
803,3.85,8,29.089657068252563
804,4.449999999999999,4,29.261288166046143
805,-3.1,3,29.28637409210205
806,3.6999999999999997,9,29.3190860748291
807,3.6999999999999997,9,29.360378980636597
808,3.55,10,29.396852493286133
809,4.0,7,29.425726175308228
810,-3.45,10,29.46686863899231
811,-3.45,10,29.500049829483032
812,4.75,2,29.5241916179657
813,4.15,6,29.554391145706177
814,4.0,7,29.58405590057373
815,4.449999999999999,4,29.610717296600342
816,3.4,11,29.656837463378906
817,4.3,5,29.687095403671265
818,-3.45,10,29.727399110794067
819,3.55,10,29.76204800605774
820,4.75,2,29.786112070083618
821,4.15,6,29.816534757614136
822,4.75,2,29.84251594543457
823,4.75,2,29.86981749534607
824,4.449999999999999,4,29.904637336730957
825,-3.65,14,29.950393676757812
826,3.55,10,29.984896659851074
827,4.449999999999999,4,30.016284942626953
828,4.3,5,30.050039291381836
829,4.3,5,30.08120369911194
830,3.25,12,30.129666328430176
831,4.75,2,30.1634464263916
832,-3.15,4,30.204054355621338
833,4.75,2,30.232569694519043
834,-3.45,10,30.282053232192993
835,4.449999999999999,4,30.318295001983643
836,4.15,6,30.357430934906006
837,-1.75,15,30.410602807998657
838,-3.7,15,30.459755420684814
839,4.0,7,30.493340015411377
840,4.15,6,30.52413249015808
841,3.55,10,30.717145919799805
842,4.75,2,30.744917392730713
843,4.3,5,30.77150273323059
844,4.449999999999999,4,30.797791242599487
845,-3.7,15,30.8393235206604
846,4.15,6,30.870285272598267
847,4.0,7,30.903779983520508
848,4.6000000000000005,3,30.929964780807495
849,3.55,10,30.966856479644775
850,4.0,7,30.999336004257202
851,-1.75,15,31.047485828399658
852,3.55,10,31.08316659927368
853,3.6999999999999997,9,31.121389150619507
854,4.449999999999999,4,31.148741245269775
855,-3.4,9,31.18709135055542
856,3.85,8,31.223552703857422
857,-1.75,15,31.266053438186646
858,3.6999999999999997,9,31.30466938018799
859,-3.65,14,31.346614360809326
860,-3.1,3,31.37297749519348
861,4.3,5,31.404027223587036
862,4.0,7,31.43962812423706
863,-3.05,2,31.4678955078125
864,4.15,6,31.50101113319397
865,4.75,2,31.523724794387817
866,4.449999999999999,4,31.55330491065979
867,-3.5,11,31.595322847366333
868,3.6999999999999997,9,31.64063572883606
869,3.4,11,31.681772232055664
870,3.55,10,31.723917961120605
871,3.85,8,31.759032726287842
872,4.75,2,31.786672353744507
873,4.3,5,31.81744909286499
874,4.6000000000000005,3,31.84531044960022
875,3.25,12,32.05870580673218
876,4.75,2,32.087504148483276
877,3.55,10,32.13916635513306
878,3.85,8,32.17634582519531
879,3.4,11,32.22308397293091
880,4.3,5,32.255714893341064
881,4.3,5,32.286154985427856
882,4.75,2,32.311018228530884
883,4.449999999999999,4,32.33794283866882
884,3.6999999999999997,9,32.37289047241211
885,4.6000000000000005,3,32.40469145774841
886,4.3,5,32.43355941772461
887,3.4,11,32.481895446777344
888,3.85,8,32.518768548965454
889,3.4,11,32.559163331985474
890,-3.3,7,32.59656381607056
891,-1.75,15,32.65196490287781
892,3.4,11,32.696542263031006
893,-3.45,10,32.734490633010864
894,3.4,11,32.770477294921875
895,4.449999999999999,4,32.79639911651611
896,4.75,2,32.82094860076904
897,4.6000000000000005,3,32.84690499305725
898,4.3,5,32.87437438964844
899,4.75,2,32.899354696273804
900,4.449999999999999,4,32.92625641822815
901,3.6999999999999997,9,32.960784912109375
902,3.4,11,32.999637842178345
903,4.6000000000000005,3,33.02585053443909
904,-1.75,15,33.07374334335327
905,4.449999999999999,4,33.10755181312561
906,3.85,8,33.14563512802124
907,-1.75,15,33.192837715148926
908,4.6000000000000005,3,33.22066783905029
909,4.449999999999999,4,33.248061656951904
910,3.4,11,33.28447461128235
911,4.15,6,33.48454403877258
912,4.449999999999999,4,33.52140665054321
913,-3.35,8,33.56312799453735
914,4.3,5,33.592756509780884
915,4.6000000000000005,3,33.62337136268616
916,-3.25,6,33.66548013687134
917,3.6999999999999997,9,33.70772123336792
918,3.85,8,33.74401259422302
919,4.15,6,33.77515530586243
920,-3.2,5,33.80776906013489
921,-1.75,15,33.8564076423645
922,4.449999999999999,4,33.883620262145996
923,4.449999999999999,4,33.91187620162964
924,3.6999999999999997,9,33.94858193397522
925,4.3,5,33.974191188812256
926,-3.3,7,34.0061731338501
927,4.449999999999999,4,34.04440999031067
928,-3.4,9,34.08562707901001
929,-3.4,9,34.12075710296631
930,3.85,8,34.15494513511658
931,-1.75,15,34.201207637786865
932,3.1,13,34.24003314971924
933,4.449999999999999,4,34.26710820198059
934,4.449999999999999,4,34.30008339881897
935,-3.15,4,34.32525563240051
936,3.55,10,34.365379095077515
937,-3.35,8,34.403908252716064
938,4.15,6,34.434179067611694
939,3.6999999999999997,9,34.467793703079224
940,-3.2,5,34.50017738342285
941,4.3,5,34.53707194328308
942,4.75,2,34.567516803741455
943,3.6999999999999997,9,34.610678911209106
944,4.449999999999999,4,34.638553619384766
945,4.0,7,34.67187738418579
946,4.3,5,34.70293307304382
947,4.9,1,34.72817087173462
948,-3.55,12,34.77029013633728
949,3.4,11,34.965269565582275
950,3.55,10,34.99982309341431
951,3.55,10,35.03738236427307
952,4.3,5,35.07797336578369
953,3.6999999999999997,9,35.11425995826721
954,4.75,2,35.14261555671692
955,3.85,8,35.1772198677063
956,4.15,6,35.21414375305176
957,4.449999999999999,4,35.24723768234253
958,4.6000000000000005,3,35.27433228492737
959,4.75,2,35.30538058280945
960,4.449999999999999,4,35.34028148651123
961,4.449999999999999,4,35.37385702133179
962,4.6000000000000005,3,35.404419898986816
963,4.75,2,35.431636571884155
964,4.449999999999999,4,35.46246147155762
965,4.75,2,35.488075256347656
966,-1.75,15,35.5352520942688
967,3.1,13,35.58849549293518
968,4.15,6,35.630106925964355
969,3.6999999999999997,9,35.667577505111694
970,4.15,6,35.70245385169983
971,-3.35,8,35.740954637527466
972,-3.45,10,35.77938365936279
973,4.3,5,35.808839559555054
974,4.449999999999999,4,35.838908672332764
975,3.55,10,35.88424730300903
976,4.6000000000000005,3,35.91550946235657
977,3.25,12,35.96302652359009
978,4.6000000000000005,3,35.99397563934326
979,4.6000000000000005,3,36.01976728439331
980,3.6999999999999997,9,36.056740045547485
981,4.6000000000000005,3,36.0849072933197
982,3.85,8,36.12766742706299
983,-1.75,15,36.17080283164978
984,4.449999999999999,4,36.200371503829956
985,4.3,5,36.22726559638977
986,4.449999999999999,4,36.257039070129395
987,4.449999999999999,4,36.28699994087219
988,4.3,5,36.318154096603394
989,4.6000000000000005,3,36.35096526145935
990,4.6000000000000005,3,36.53148865699768
991,3.55,10,36.57033324241638
992,3.55,10,36.611252546310425
993,4.6000000000000005,3,36.64530968666077
994,3.6999999999999997,9,36.68905282020569
995,3.85,8,36.72898316383362
996,4.449999999999999,4,36.75865817070007
997,4.449999999999999,4,36.7871789932251
998,-1.75,15,36.837322473526
999,3.55,10,36.88865303993225
1000,4.6000000000000005,3,36.92194318771362
1001,4.0,7,36.963613748550415
1002,4.449999999999999,4,36.99398708343506
1003,3.6999999999999997,9,37.03420066833496
1004,4.0,7,37.06765294075012
1005,3.25,12,37.10574722290039
1006,3.6999999999999997,9,37.142287254333496
1007,4.6000000000000005,3,37.17040181159973
1008,4.3,5,37.2025933265686
1009,4.6000000000000005,3,37.232991218566895
1010,-3.6,13,37.27353596687317
1011,4.0,7,37.307469606399536
1012,4.449999999999999,4,37.33912372589111
1013,4.75,2,37.36715650558472
1014,3.25,12,37.407551527023315
1015,3.25,12,37.45068287849426
1016,4.9,1,37.47533869743347
1017,-1.75,15,37.5182523727417
1018,-1.75,15,37.57968044281006
1019,-3.65,14,37.63316106796265
1020,4.449999999999999,4,37.66406297683716
1021,4.15,6,37.69915008544922
1022,4.6000000000000005,3,37.724591970443726
1023,4.6000000000000005,3,37.75468730926514
1024,4.75,2,37.78696918487549
1025,4.9,1,37.81558561325073
1026,3.4,11,38.01446294784546
1027,4.449999999999999,4,38.045701026916504
1028,3.6999999999999997,9,38.08763551712036
1029,-1.75,15,38.13685941696167
1030,4.0,7,38.16846704483032
1031,4.0,7,38.208980560302734
1032,4.6000000000000005,3,38.235790729522705
1033,4.6000000000000005,3,38.26478409767151
1034,-1.75,15,38.32245326042175
1035,4.6000000000000005,3,38.35771155357361
1036,4.3,5,38.392791509628296
1037,4.15,6,38.43069577217102
1038,4.449999999999999,4,38.46034336090088
1039,3.85,8,38.503973722457886
1040,4.449999999999999,4,38.53811168670654
1041,4.6000000000000005,3,38.57472252845764
1042,4.6000000000000005,3,38.60516428947449
1043,-3.35,8,38.64309000968933
1044,4.3,5,38.67195963859558
1045,4.449999999999999,4,38.70475959777832
1046,3.85,8,38.74565505981445
1047,4.6000000000000005,3,38.77344346046448
1048,3.25,12,38.820380449295044
1049,4.75,2,38.85249948501587
1050,3.4,11,38.895110845565796
1051,3.6999999999999997,9,38.932082653045654
1052,4.0,7,38.965548038482666
1053,3.4,11,39.00616693496704
1054,4.15,6,39.03709578514099
1055,-1.75,15,39.08954620361328
1056,-3.1,3,39.12307381629944
1057,-1.75,15,39.176143646240234
1058,4.449999999999999,4,39.20990562438965
1059,4.9,1,39.23639988899231
1060,4.75,2,39.26354956626892
1061,4.15,6,39.29918909072876
1062,4.15,6,39.339308738708496
1063,3.4,11,39.38007736206055
1064,4.15,6,39.57688570022583
1065,4.3,5,39.61758351325989
1066,-3.35,8,39.65846014022827
1067,4.6000000000000005,3,39.690425872802734
1068,4.15,6,39.72494983673096
1069,2.9499999999999997,14,39.76971077919006
1070,3.6999999999999997,9,39.81115746498108
1071,4.75,2,39.83609199523926
1072,3.6999999999999997,9,39.87783360481262
1073,4.3,5,39.90747880935669
1074,4.75,2,39.93830060958862
1075,4.6000000000000005,3,39.97166919708252
1076,4.15,6,40.01641225814819
1077,3.55,10,40.06322503089905
1078,4.6000000000000005,3,40.09836983680725
1079,4.0,7,40.13615322113037
1080,4.75,2,40.165030002593994
1081,-1.75,15,40.21241044998169
1082,3.6999999999999997,9,40.251708030700684
1083,-1.75,15,40.29548168182373
1084,3.25,12,40.33714413642883
1085,3.1,13,40.38725399971008
1086,3.6999999999999997,9,40.43018126487732
1087,4.3,5,40.462944746017456
1088,3.25,12,40.51079177856445
1089,4.15,6,40.53853249549866
1090,4.15,6,40.567604303359985
1091,4.449999999999999,4,40.597657918930054
1092,4.0,7,40.628758907318115
1093,4.6000000000000005,3,40.65394186973572
1094,4.3,5,40.68611979484558
1095,4.15,6,40.723772048950195
1096,4.3,5,40.75332045555115
1097,4.0,7,40.782222747802734
1098,4.15,6,40.81443643569946
1099,4.6000000000000005,3,40.84027361869812
1100,3.85,8,40.87069511413574
1101,3.6999999999999997,9,41.05711221694946
1102,4.449999999999999,4,41.088276624679565
1103,-1.75,15,41.14583396911621
1104,4.75,2,41.170405626297
1105,-3.3,7,41.210821866989136
1106,4.449999999999999,4,41.24092507362366
1107,3.85,8,41.27877068519592
1108,4.3,5,41.31173300743103
1109,4.6000000000000005,3,41.33791470527649
1110,4.75,2,41.36421012878418
1111,4.6000000000000005,3,41.3989896774292
1112,3.55,10,41.44208216667175
1113,3.85,8,41.47920751571655
1114,4.449999999999999,4,41.50611090660095
1115,4.0,7,41.54680371284485
1116,3.1,13,41.58954644203186
1117,-1.75,15,41.64794945716858
1118,3.4,11,41.70726704597473
1119,3.25,12,41.75670623779297
1120,3.55,10,41.793865442276
1121,3.85,8,41.82864999771118
1122,4.75,2,41.852935791015625
1123,4.75,2,41.87960934638977
1124,4.6000000000000005,3,41.90850472450256
1125,4.75,2,41.93514037132263
1126,4.75,2,41.96411395072937
1127,4.15,6,41.99923324584961
1128,4.449999999999999,4,42.03212904930115
1129,4.75,2,42.05978274345398
1130,-1.75,15,42.10154366493225
1131,4.6000000000000005,3,42.131417989730835
1132,4.15,6,42.15971922874451
1133,4.3,5,42.19213008880615
1134,4.6000000000000005,3,42.224912881851196
1135,4.75,2,42.252317905426025
1136,3.25,12,42.28980588912964
1137,4.449999999999999,4,42.320035219192505
1138,4.75,2,42.345255613327026
1139,4.449999999999999,4,42.37229537963867
1140,4.75,2,42.40131640434265
1141,4.0,7,42.43009305000305
1142,4.449999999999999,4,42.45542335510254
1143,3.6999999999999997,9,42.63521981239319
1144,4.9,1,42.65815854072571
1145,3.85,8,42.69486212730408
1146,4.6000000000000005,3,42.7201464176178
1147,4.75,2,42.745972633361816
1148,4.15,6,42.77581286430359
1149,4.6000000000000005,3,42.801920890808105
1150,4.3,5,42.83522605895996
1151,4.3,5,42.87014412879944
1152,4.3,5,42.90478324890137
1153,4.15,6,42.93901586532593
1154,3.25,12,42.98900246620178
1155,4.3,5,43.02484154701233
1156,3.55,10,43.06711745262146
1157,4.0,7,43.103448152542114
1158,-1.75,15,43.157254695892334
1159,-1.75,15,43.21219444274902
1160,-1.75,15,43.26410174369812
1161,4.75,2,43.289796113967896
1162,4.6000000000000005,3,43.319096326828
1163,4.6000000000000005,3,43.34304475784302
1164,-1.75,15,43.38900303840637
1165,-1.75,15,43.435577630996704
1166,4.3,5,43.46904373168945
1167,-1.75,15,43.51603674888611
1168,-1.75,15,43.56710505485535
1169,4.6000000000000005,3,43.59807372093201
1170,-1.75,15,43.65008044242859
1171,4.0,7,43.68741226196289
1172,4.6000000000000005,3,43.71542692184448
1173,-1.75,15,43.761101722717285
1174,3.4,11,43.79991340637207
1175,4.449999999999999,4,43.836292028427124
1176,4.9,1,44.01356625556946
1177,4.15,6,44.05063557624817
1178,4.15,6,44.080561876297
1179,4.75,2,44.11129069328308
1180,4.15,6,44.14413261413574
1181,-1.75,15,44.19367170333862
1182,3.85,8,44.22949934005737
1183,4.15,6,44.26490139961243
1184,4.449999999999999,4,44.29477334022522
1185,-3.2,5,44.327818632125854
1186,4.6000000000000005,3,44.35798645019531
1187,-3.5,11,44.40176844596863
1188,-1.75,15,44.44817304611206
1189,4.75,2,44.47690725326538
1190,3.85,8,44.51009726524353
1191,4.3,5,44.538975954055786
1192,4.75,2,44.565516233444214
1193,4.9,1,44.594942808151245
1194,3.25,12,44.63683724403381
1195,3.55,10,44.67759609222412
1196,4.3,5,44.71023201942444
1197,4.3,5,44.73992872238159
1198,-1.75,15,44.78508400917053
1199,-1.75,15,44.8399977684021
1200,3.85,8,44.87848997116089
1201,3.55,10,44.92118525505066
1202,3.85,8,44.954437017440796
1203,4.6000000000000005,3,44.981136322021484
1204,-1.75,15,45.02377986907959
1205,-1.75,15,45.06862664222717
1206,-3.55,12,45.11924719810486
1207,3.6999999999999997,9,45.16166687011719
1208,3.25,12,45.35400152206421
1209,3.85,8,45.39480257034302
1210,3.85,8,45.42761206626892
1211,-1.75,15,45.4669234752655
1212,3.85,8,45.49891114234924
1213,4.6000000000000005,3,45.527159690856934
1214,3.85,8,45.56607460975647
1215,4.3,5,45.602609634399414
1216,4.75,2,45.627326250076294
1217,4.449999999999999,4,45.656649351119995
1218,4.0,7,45.694021701812744
1219,3.55,10,45.73946952819824
1220,4.3,5,45.76634430885315
1221,3.85,8,45.79942011833191
1222,4.449999999999999,4,45.825124740600586
1223,4.0,7,45.85611414909363
1224,3.25,12,45.898213148117065
1225,4.6000000000000005,3,45.928107023239136
1226,4.3,5,45.9692120552063
1227,-1.75,15,46.02052450180054
1228,4.449999999999999,4,46.05289077758789
1229,4.75,2,46.076382875442505
1230,3.55,10,46.12195134162903
1231,3.1,13,46.17064142227173
1232,4.75,2,46.198662519454956
1233,-1.75,15,46.25058078765869
1234,4.75,2,46.279298543930054
1235,3.55,10,46.31892800331116
1236,4.449999999999999,4,46.356689453125
1237,4.15,6,46.40017867088318
1238,3.6999999999999997,9,46.44195508956909
1239,4.6000000000000005,3,46.47566628456116
1240,-1.75,15,46.52295184135437
1241,4.15,6,46.55646085739136
1242,3.85,8,46.58998227119446
1243,3.6999999999999997,9,46.77478313446045
1244,4.9,1,46.800376653671265
1245,3.55,10,46.83851504325867
1246,4.9,1,46.86250925064087
1247,-1.75,15,46.90715765953064
1248,4.3,5,46.93766498565674
1249,4.6000000000000005,3,46.96871304512024
1250,4.6000000000000005,3,46.994412422180176
1251,4.449999999999999,4,47.020020961761475
1252,4.9,1,47.04745841026306
1253,-1.75,15,47.091553688049316
1254,4.449999999999999,4,47.11932396888733
1255,-1.75,15,47.168880462646484
1256,4.449999999999999,4,47.20163083076477
1257,-1.75,15,47.25372242927551
1258,4.3,5,47.28552174568176
1259,4.6000000000000005,3,47.31456422805786
1260,4.75,2,47.34206676483154
1261,3.6999999999999997,9,47.38298964500427
1262,4.0,7,47.41685461997986
1263,3.85,8,47.44907784461975
1264,4.3,5,47.47771072387695
1265,-1.75,15,47.52746248245239
1266,4.75,2,47.561819553375244
1267,4.3,5,47.59926652908325
1268,3.85,8,47.638495206832886
1269,-1.75,15,47.68435788154602
1270,4.0,7,47.72005224227905
1271,3.55,10,47.75580072402954
1272,-3.55,12,47.79778170585632
1273,4.3,5,47.82733178138733
1274,3.85,8,47.86049509048462
1275,4.3,5,47.890721797943115
1276,4.6000000000000005,3,47.92122292518616
1277,4.449999999999999,4,47.95023727416992
1278,4.9,1,47.97217059135437
1279,4.9,1,47.999589681625366
1280,-1.75,15,48.05323648452759
1281,4.449999999999999,4,48.23477554321289
1282,4.449999999999999,4,48.262595891952515
1283,4.0,7,48.29363441467285
1284,4.449999999999999,4,48.31887650489807
1285,-1.75,15,48.363218545913696
1286,4.9,1,48.38752293586731
1287,-1.75,15,48.43030405044556
1288,4.75,2,48.45628261566162
1289,4.75,2,48.480451345443726
1290,4.75,2,48.505813121795654
1291,4.6000000000000005,3,48.53453612327576
1292,-3.45,10,48.57089638710022
1293,-1.75,15,48.61633920669556
1294,4.6000000000000005,3,48.64373159408569
1295,4.9,1,48.66793513298035
1296,3.85,8,48.71093797683716
1297,4.449999999999999,4,48.741621255874634
1298,3.55,10,48.78510332107544
1299,4.0,7,48.81812143325806
1300,4.75,2,48.844932079315186
1301,4.9,1,48.86792850494385
1302,-1.75,15,48.91113758087158
1303,4.15,6,48.94234919548035
1304,4.0,7,48.97820734977722
1305,4.75,2,49.00173807144165
1306,4.75,2,49.02839398384094
1307,4.75,2,49.0529727935791
1308,4.6000000000000005,3,49.081546783447266
1309,3.25,12,49.1241991519928
1310,3.4,11,49.1693434715271
1311,4.0,7,49.20162916183472
1312,3.55,10,49.24755668640137
1313,4.6000000000000005,3,49.27756977081299
1314,4.3,5,49.307103872299194
1315,4.15,6,49.338918924331665
1316,-1.75,15,49.39117670059204
1317,-1.75,15,49.43763613700867
1318,4.15,6,49.466793060302734
1319,3.6999999999999997,9,49.51043939590454
1320,-3.05,2,49.536604166030884
1321,4.449999999999999,4,49.72337460517883
1322,-1.75,15,49.76796054840088
1323,4.75,2,49.78993010520935
1324,4.75,2,49.81524181365967
1325,4.6000000000000005,3,49.84021210670471
1326,-1.75,15,49.880900859832764
1327,3.6999999999999997,9,49.918837785720825
1328,3.55,10,49.95310592651367
1329,4.75,2,49.97845911979675
1330,4.449999999999999,4,50.00433325767517
1331,4.449999999999999,4,50.031160831451416
1332,3.25,12,50.078593254089355
1333,4.6000000000000005,3,50.112332344055176
1334,4.449999999999999,4,50.14612579345703
1335,4.0,7,50.18875288963318
1336,4.9,1,50.21631169319153
1337,3.4,11,50.263256549835205
1338,4.15,6,50.29521942138672
1339,4.6000000000000005,3,50.32121825218201
1340,4.15,6,50.35660171508789
1341,3.6999999999999997,9,50.402013063430786
1342,3.6999999999999997,9,50.4366397857666
1343,4.449999999999999,4,50.46453499794006
1344,4.75,2,50.487207651138306
1345,3.85,8,50.51908993721008
1346,3.25,12,50.561694860458374
1347,3.55,10,50.600443840026855
1348,3.85,8,50.63388133049011
1349,4.15,6,50.66556406021118
1350,-3.15,4,50.69487738609314
1351,4.0,7,50.72791409492493
1352,4.6000000000000005,3,50.75382947921753
1353,4.3,5,50.78254151344299
1354,4.75,2,50.810848236083984
1355,4.449999999999999,4,50.840575218200684
1356,4.449999999999999,4,50.8676233291626
1357,4.3,5,50.89945363998413
1358,4.6000000000000005,3,50.92888021469116
1359,4.6000000000000005,3,50.9567437171936
1360,3.1,13,51.01819825172424
1361,4.6000000000000005,3,51.05505919456482
1362,4.75,2,51.08491778373718
1363,4.449999999999999,4,51.13137340545654
1364,4.449999999999999,4,51.33716320991516
1365,4.3,5,51.36571478843689
1366,3.85,8,51.400734424591064
1367,4.3,5,51.436211585998535
1368,-1.75,15,51.480528593063354
1369,3.4,11,51.51700711250305
1370,4.75,2,51.54256987571716
1371,4.6000000000000005,3,51.570396184921265
1372,4.75,2,51.594338178634644
1373,3.85,8,51.626224994659424
1374,-3.4,9,51.66041612625122
1375,-1.75,15,51.70628786087036
1376,4.6000000000000005,3,51.732537508010864
1377,4.449999999999999,4,51.76240611076355
1378,4.6000000000000005,3,51.792561531066895
1379,4.75,2,51.81951189041138
1380,4.449999999999999,4,51.846988916397095
1381,3.6999999999999997,9,51.88152313232422
1382,4.15,6,51.91232371330261
1383,-1.75,15,51.960771799087524
1384,4.6000000000000005,3,51.984851598739624
1385,4.0,7,52.02124524116516
1386,4.9,1,52.045246839523315
1387,4.15,6,52.07648825645447
1388,3.85,8,52.11278462409973
1389,3.55,10,52.14939260482788
1390,3.4,11,52.19137668609619
1391,4.449999999999999,4,52.22750186920166
1392,4.0,7,52.26266813278198
1393,4.15,6,52.29839086532593
1394,3.6999999999999997,9,52.33228015899658
1395,3.55,10,52.37030744552612
1396,4.0,7,52.40638852119446
1397,-1.75,15,52.455530405044556
1398,4.75,2,52.486706018447876
1399,3.25,12,52.53356909751892
1400,4.15,6,52.57075643539429
1401,4.6000000000000005,3,52.75341320037842
1402,4.3,5,52.782694816589355
1403,-1.75,15,52.831655740737915
1404,4.449999999999999,4,52.859848976135254
1405,4.75,2,52.882721185684204
1406,3.85,8,52.917847633361816
1407,4.6000000000000005,3,52.94437909126282
1408,4.6000000000000005,3,52.96829438209534
1409,4.75,2,52.996893644332886
1410,3.85,8,53.02959728240967
1411,4.0,7,53.061575174331665
1412,-1.75,15,53.11320519447327
1413,4.3,5,53.14287757873535
1414,4.15,6,53.175171852111816
1415,4.0,7,53.21294331550598
1416,4.449999999999999,4,53.23869824409485
1417,4.15,6,53.267335176467896
1418,-1.75,15,53.318856716156006
1419,4.15,6,53.35207557678223
1420,4.0,7,53.385207176208496
1421,4.15,6,53.4162700176239
1422,4.9,1,53.44377589225769
1423,3.6999999999999997,9,53.48598575592041
1424,4.3,5,53.51906633377075
1425,4.3,5,53.559436082839966
1426,4.449999999999999,4,53.59474468231201
1427,4.75,2,53.617815017700195
1428,-1.75,15,53.66746139526367
1429,4.75,2,53.6951687335968
1430,-1.75,15,53.74084949493408
1431,4.75,2,53.7679922580719
1432,4.449999999999999,4,53.797895193099976
1433,4.75,2,53.82551693916321
1434,3.4,11,53.86604142189026
1435,4.3,5,53.900726079940796
1436,-1.75,15,53.952446699142456
1437,-3.4,9,53.98810815811157
1438,3.6999999999999997,9,54.032387018203735
1439,3.25,12,54.23901295661926
1440,4.75,2,54.26895618438721
1441,4.449999999999999,4,54.30001759529114
1442,4.15,6,54.33473181724548
1443,4.3,5,54.37021589279175
1444,4.15,6,54.40177845954895
1445,-1.75,15,54.44327139854431
1446,3.1,13,54.48348879814148
1447,-1.75,15,54.52767491340637
1448,4.75,2,54.55507206916809
1449,3.55,10,54.59382939338684
1450,4.15,6,54.625733613967896
1451,4.75,2,54.65107583999634
1452,4.0,7,54.68321919441223
1453,4.449999999999999,4,54.709168910980225
1454,4.449999999999999,4,54.739513635635376
1455,4.75,2,54.76157474517822
1456,3.55,10,54.797072887420654
1457,3.25,12,54.83599305152893
1458,4.6000000000000005,3,54.860639572143555
1459,-1.75,15,54.90294909477234
1460,4.15,6,54.93437647819519
1461,4.3,5,54.96586060523987
1462,4.15,6,54.99717569351196
1463,4.15,6,55.025814056396484
1464,3.6999999999999997,9,55.058830976486206
1465,3.85,8,55.09590768814087
1466,4.6000000000000005,3,55.11987328529358
1467,4.0,7,55.15060091018677
1468,4.3,5,55.184624433517456
1469,3.85,8,55.22307872772217
1470,3.25,12,55.26897978782654
1471,4.3,5,55.299614906311035
1472,3.6999999999999997,9,55.33609390258789
1473,4.449999999999999,4,55.36849904060364
1474,4.3,5,55.40381383895874
1475,3.85,8,55.44222831726074
1476,3.55,10,55.63679575920105
1477,3.4,11,55.678046464920044
1478,4.3,5,55.70911145210266
1479,4.75,2,55.733957052230835
1480,3.6999999999999997,9,55.769630908966064
1481,4.0,7,55.8053092956543
1482,3.55,10,55.84565234184265
1483,-3.3,7,55.88189387321472
1484,4.15,6,55.919272661209106
1485,4.0,7,55.95712614059448
1486,-3.6,13,55.99795889854431
1487,3.6999999999999997,9,56.03784441947937
1488,4.3,5,56.07526683807373
1489,4.15,6,56.10773849487305
1490,4.75,2,56.13276767730713
1491,4.0,7,56.16756200790405
1492,4.75,2,56.19129467010498
1493,4.449999999999999,4,56.219825983047485
1494,4.6000000000000005,3,56.24856352806091
1495,4.15,6,56.28398084640503
1496,4.449999999999999,4,56.3126654624939
1497,4.449999999999999,4,56.33897876739502
1498,4.15,6,56.37365937232971
1499,-1.75,15,56.419244050979614
1500,3.85,8,56.458929777145386
1501,4.0,7,56.49622344970703
1502,3.4,11,56.53575873374939
1503,4.75,2,56.55940389633179
1504,4.3,5,56.58510208129883
1505,4.15,6,56.62113165855408
1506,4.449999999999999,4,56.649123668670654
1507,4.449999999999999,4,56.68070363998413
1508,4.449999999999999,4,56.71094298362732
1509,4.75,2,56.737061977386475
1510,3.6999999999999997,9,56.7761709690094
1511,4.449999999999999,4,56.80344295501709
1512,4.3,5,56.83746790885925
1513,4.75,2,56.86949586868286
1514,-1.75,15,56.92181420326233
1515,4.449999999999999,4,56.95530080795288
1516,3.85,8,57.16608428955078
1517,4.0,7,57.201563119888306
1518,-1.75,15,57.24866795539856
1519,-1.75,15,57.29924464225769
1520,3.6999999999999997,9,57.33918523788452
1521,4.6000000000000005,3,57.368812084198
1522,4.449999999999999,4,57.3987398147583
1523,4.6000000000000005,3,57.42632699012756
1524,4.449999999999999,4,57.452778816223145
1525,4.3,5,57.48166370391846
1526,-1.75,15,57.52772283554077
1527,3.25,12,57.569278955459595
1528,4.9,1,57.59297060966492
1529,3.55,10,57.62933683395386
1530,4.6000000000000005,3,57.65682816505432
1531,3.85,8,57.695716857910156
1532,4.449999999999999,4,57.72353529930115
1533,3.55,10,57.76202178001404
1534,-1.75,15,57.804609298706055
1535,4.6000000000000005,3,57.83214044570923
1536,4.15,6,57.8647518157959
1537,3.6999999999999997,9,57.9059579372406
1538,4.3,5,57.94376611709595
1539,-1.75,15,57.99496150016785
1540,4.75,2,58.02248525619507
1541,4.15,6,58.05577635765076
1542,4.3,5,58.086501359939575
1543,4.3,5,58.11784291267395
1544,-3.6,13,58.15725588798523
1545,3.55,10,58.19799280166626
1546,3.85,8,58.238521575927734
1547,4.3,5,58.2730712890625
1548,4.3,5,58.304539918899536
1549,4.449999999999999,4,58.33396005630493
1550,4.3,5,58.367809772491455
1551,3.6999999999999997,9,58.563499212265015
1552,3.25,12,58.6136999130249
1553,3.1,13,58.65448760986328
1554,-1.75,15,58.70021843910217
1555,3.85,8,58.735260248184204
1556,4.449999999999999,4,58.76293611526489
1557,4.3,5,58.7917537689209
1558,-1.75,15,58.84164261817932
1559,3.6999999999999997,9,58.878387451171875
1560,4.6000000000000005,3,58.906769037246704
1561,3.25,12,58.94968318939209
1562,4.75,2,58.97799301147461
1563,-1.75,15,59.02827262878418
1564,4.3,5,59.05633354187012
1565,4.75,2,59.08105754852295
1566,3.1,13,59.126128911972046
1567,3.85,8,59.15884017944336
1568,4.6000000000000005,3,59.18293499946594
1569,3.85,8,59.215595722198486
1570,4.15,6,59.24964380264282
1571,4.6000000000000005,3,59.276551723480225
1572,4.449999999999999,4,59.30486011505127
1573,4.449999999999999,4,59.33357524871826
1574,4.6000000000000005,3,59.36585855484009
1575,4.15,6,59.400025606155396
1576,3.25,12,59.443453788757324
1577,4.3,5,59.4691002368927
1578,-1.75,15,59.51274394989014
1579,4.6000000000000005,3,59.537317752838135
1580,4.3,5,59.57024312019348
1581,4.3,5,59.606518268585205
1582,4.75,2,59.63037633895874
1583,4.9,1,59.65284729003906
1584,-1.75,15,59.702094316482544
1585,3.1,13,59.88884520530701
1586,4.75,2,59.91101861000061
1587,4.6000000000000005,3,59.93580412864685
1588,4.0,7,59.968910217285156
1589,4.3,5,60.000022411346436
1590,-1.75,15,60.04706406593323
1591,4.6000000000000005,3,60.07697772979736
1592,4.6000000000000005,3,60.10802865028381
1593,-1.75,15,60.16006326675415
1594,3.6999999999999997,9,60.209609508514404
1595,4.449999999999999,4,60.24166965484619
1596,4.3,5,60.28083109855652
1597,4.449999999999999,4,60.31646800041199
1598,4.75,2,60.34815001487732
1599,4.9,1,60.38234543800354
1600,3.85,8,60.42124533653259
1601,4.75,2,60.454869508743286
1602,4.449999999999999,4,60.484967947006226
1603,3.85,8,60.52603363990784
1604,4.6000000000000005,3,60.55801248550415
1605,4.0,7,60.5937762260437
1606,3.4,11,60.63283634185791
1607,3.6999999999999997,9,60.67270350456238
1608,4.15,6,60.70383810997009
1609,-3.05,2,60.72766423225403
1610,4.3,5,60.75338292121887
1611,4.6000000000000005,3,60.78339338302612
1612,3.55,10,60.82486414909363
1613,4.449999999999999,4,60.85241150856018
1614,4.6000000000000005,3,60.87658500671387
1615,4.6000000000000005,3,60.908875465393066
1616,4.449999999999999,4,60.94658899307251
1617,4.6000000000000005,3,60.9732871055603
1618,4.15,6,61.004135608673096
1619,4.75,2,61.02891421318054
1620,-1.75,15,61.06838130950928
1621,4.9,1,61.09341311454773
1622,4.15,6,61.12966442108154
1623,4.6000000000000005,3,61.15900230407715
1624,-1.75,15,61.203654050827026
1625,4.75,2,61.228610038757324
1626,-1.75,15,61.271621227264404
1627,4.15,6,61.30278301239014
1628,4.449999999999999,4,61.33155107498169
1629,4.3,5,61.35894751548767
1630,4.15,6,61.526530027389526
1631,4.9,1,61.54806041717529
1632,4.449999999999999,4,61.57858419418335
1633,4.6000000000000005,3,61.60695695877075
1634,4.3,5,61.6443395614624
1635,4.6000000000000005,3,61.67791032791138
1636,4.15,6,61.71116065979004
1637,-1.75,15,61.76497769355774
1638,3.85,8,61.80507755279541
1639,4.0,7,61.8380229473114
1640,4.449999999999999,4,61.86486291885376
1641,4.15,6,61.89900493621826
1642,3.55,10,61.93699598312378
1643,4.6000000000000005,3,61.969255447387695
1644,4.0,7,62.00233840942383
1645,4.449999999999999,4,62.0335373878479
1646,3.4,11,62.07845449447632
1647,4.449999999999999,4,62.11043334007263
1648,4.6000000000000005,3,62.140207290649414
1649,4.449999999999999,4,62.167929887771606
1650,4.6000000000000005,3,62.19691300392151
1651,4.0,7,62.22757077217102
1652,4.75,2,62.249778747558594
1653,3.25,12,62.28855228424072
1654,4.75,2,62.31545042991638
1655,-3.55,12,62.35361289978027
1656,-3.2,5,62.3835334777832
1657,4.0,7,62.41814470291138
1658,4.3,5,62.44818949699402
1659,4.449999999999999,4,62.47946357727051
1660,4.6000000000000005,3,62.50790333747864
1661,4.0,7,62.54942774772644
1662,4.3,5,62.58332109451294
1663,4.6000000000000005,3,62.61285424232483
1664,4.0,7,62.64652156829834
1665,3.6999999999999997,9,62.6822144985199
1666,4.75,2,62.707590103149414
1667,3.85,8,62.7383553981781
1668,-1.75,15,62.784570932388306
1669,4.449999999999999,4,62.81078863143921
1670,4.3,5,62.84142804145813
1671,-1.75,15,62.88857126235962
1672,4.449999999999999,4,63.06899547576904
1673,4.3,5,63.10024118423462
1674,4.15,6,63.132099628448486
1675,4.75,2,63.159104347229004
1676,3.6999999999999997,9,63.201066732406616
1677,3.55,10,63.24400854110718
1678,4.3,5,63.27723550796509
1679,4.449999999999999,4,63.30669593811035
1680,3.6999999999999997,9,63.34622836112976
1681,4.0,7,63.38296842575073
1682,-3.4,9,63.42528748512268
1683,-3.4,9,63.46346569061279
1684,4.6000000000000005,3,63.49430584907532
1685,4.6000000000000005,3,63.52784466743469
1686,4.3,5,63.570690393447876
1687,4.3,5,63.60599660873413
1688,4.75,2,63.632960081100464
1689,4.6000000000000005,3,63.66052722930908
1690,4.75,2,63.68848729133606
1691,-1.75,15,63.73977327346802
1692,4.3,5,63.772212743759155
1693,3.1,13,63.82539653778076
1694,4.75,2,63.8512704372406
1695,4.3,5,63.8868887424469
1696,4.449999999999999,4,63.91660952568054
1697,-1.75,15,63.96054124832153
1698,3.6999999999999997,9,63.99624037742615
1699,4.6000000000000005,3,64.02597999572754
1700,4.0,7,64.0596091747284
1701,4.449999999999999,4,64.08654069900513
1702,4.449999999999999,4,64.11448287963867
1703,3.25,12,64.15171265602112
1704,4.75,2,64.17750000953674
1705,4.15,6,64.20945453643799
1706,4.449999999999999,4,64.23665881156921
1707,4.15,6,64.26925849914551
1708,3.55,10,64.30920147895813
1709,4.449999999999999,4,64.33395314216614
1710,4.449999999999999,4,64.36227917671204
1711,3.25,12,64.4013204574585
1712,4.0,7,64.43484997749329
1713,3.85,8,64.61488032341003
1714,-1.75,15,64.65824365615845
1715,3.6999999999999997,9,64.69262266159058
1716,3.85,8,64.72645306587219
1717,4.3,5,64.76145768165588
1718,4.6000000000000005,3,64.78423166275024
1719,4.75,2,64.8115234375
1720,3.85,8,64.85585641860962
1721,3.85,8,64.8918809890747
1722,4.3,5,64.92173981666565
1723,4.75,2,64.94562983512878
1724,4.6000000000000005,3,64.9791853427887
1725,4.449999999999999,4,65.00770115852356
1726,3.85,8,65.04595899581909
1727,4.449999999999999,4,65.07741165161133
1728,4.449999999999999,4,65.10610914230347
1729,4.6000000000000005,3,65.13692545890808
1730,4.9,1,65.16442942619324
1731,4.15,6,65.19816994667053
1732,4.6000000000000005,3,65.22782754898071
1733,3.55,10,65.26931095123291
1734,4.449999999999999,4,65.30308985710144
1735,3.55,10,65.35040712356567
1736,4.3,5,65.37955403327942
1737,4.449999999999999,4,65.40639543533325
1738,-1.75,15,65.44897770881653
1739,3.85,8,65.48693013191223
1740,-1.75,15,65.53453779220581
1741,4.0,7,65.56940698623657
1742,4.75,2,65.59641671180725
1743,4.3,5,65.62909817695618
1744,4.75,2,65.6515645980835
1745,4.449999999999999,4,65.67789268493652
1746,4.449999999999999,4,65.70870399475098
1747,4.3,5,65.73542356491089
1748,4.449999999999999,4,65.76447629928589
1749,4.3,5,65.7943811416626
1750,4.15,6,65.82803702354431
1751,3.85,8,65.86131978034973
1752,4.15,6,65.8935649394989
1753,4.6000000000000005,3,65.91717481613159
1754,4.75,2,65.94174385070801
1755,4.0,7,65.9723584651947
1756,4.75,2,65.99687051773071
1757,4.6000000000000005,3,66.0225760936737
1758,3.4,11,66.19473958015442
1759,-1.75,15,66.23607873916626
1760,4.6000000000000005,3,66.26302933692932
1761,4.449999999999999,4,66.29463696479797
1762,4.6000000000000005,3,66.32178783416748
1763,4.0,7,66.35903763771057
1764,4.6000000000000005,3,66.39316034317017
1765,4.75,2,66.41827964782715
1766,4.6000000000000005,3,66.4478931427002
1767,-3.4,9,66.4876115322113
1768,4.75,2,66.51678395271301
1769,4.6000000000000005,3,66.54966902732849
1770,3.4,11,66.59323143959045
1771,3.85,8,66.63122415542603
1772,4.3,5,66.6679196357727
1773,4.3,5,66.70052337646484
1774,4.6000000000000005,3,66.72578716278076
1775,4.75,2,66.75975060462952
1776,4.6000000000000005,3,66.78558421134949
1777,-3.7,15,66.83216190338135
1778,4.6000000000000005,3,66.86220932006836
1779,4.75,2,66.88851976394653
1780,4.15,6,66.9221568107605
1781,-1.75,15,66.9689552783966
1782,3.55,10,67.00750255584717
1783,4.75,2,67.03507041931152
1784,4.15,6,67.06554698944092
1785,4.15,6,67.09543228149414
1786,4.3,5,67.126620054245
1787,4.449999999999999,4,67.15956664085388
1788,3.85,8,67.20221543312073
1789,3.85,8,67.23829221725464
1790,-1.75,15,67.28452730178833
1791,4.0,7,67.32079720497131
1792,4.15,6,67.35290813446045
1793,4.75,2,67.37933444976807
1794,4.75,2,67.40602707862854
1795,4.75,2,67.43188619613647
1796,-3.05,2,67.45713567733765
1797,4.0,7,67.48760962486267
1798,4.3,5,67.51587557792664
1799,4.3,5,67.5461916923523
1800,4.3,5,67.57811665534973
1801,4.75,2,67.60703778266907
1802,4.15,6,67.64662098884583
1803,3.85,8,67.82641410827637
1804,4.449999999999999,4,67.85402417182922
1805,4.449999999999999,4,67.88372206687927
1806,-1.75,15,67.93286514282227
1807,4.449999999999999,4,67.96480369567871
1808,4.6000000000000005,3,67.9925365447998
1809,4.75,2,68.02064251899719
1810,4.449999999999999,4,68.05473971366882
1811,3.6999999999999997,9,68.09303855895996
1812,-1.75,15,68.14610981941223
1813,4.75,2,68.17055368423462
1814,-3.35,8,68.20598435401917
1815,4.75,2,68.23201966285706
1816,4.6000000000000005,3,68.26335668563843
1817,4.15,6,68.29611468315125
1818,4.75,2,68.32049179077148
1819,4.449999999999999,4,68.34888768196106
1820,4.75,2,68.37457418441772
1821,-1.75,15,68.42446208000183
1822,4.3,5,68.46352577209473
1823,3.6999999999999997,9,68.4989218711853
1824,4.6000000000000005,3,68.52624011039734
1825,-1.75,15,68.5654239654541
1826,4.0,7,68.60519909858704
1827,4.449999999999999,4,68.63172030448914
1828,4.6000000000000005,3,68.66022491455078
1829,4.75,2,68.68394207954407
1830,3.25,12,68.72907590866089
1831,-1.75,15,68.77005910873413
1832,4.75,2,68.79712915420532
1833,-3.2,5,68.83135843276978
1834,-3.35,8,68.87056088447571
1835,4.449999999999999,4,68.89796686172485
1836,4.3,5,68.9338846206665
1837,4.3,5,68.9604434967041
1838,-1.75,15,69.0028669834137
1839,4.15,6,69.03362703323364
1840,4.6000000000000005,3,69.05955195426941
1841,-3.2,5,69.08761382102966
1842,3.6999999999999997,9,69.13203310966492
1843,4.3,5,69.30342650413513
1844,3.6999999999999997,9,69.33909273147583
1845,4.6000000000000005,3,69.36698150634766
1846,3.4,11,69.40312576293945
1847,3.4,11,69.44534492492676
1848,4.6000000000000005,3,69.47812366485596
1849,3.85,8,69.51318788528442
1850,4.15,6,69.54574298858643
1851,4.449999999999999,4,69.57878255844116
1852,-1.75,15,69.62699508666992
1853,3.4,11,69.66954278945923
1854,4.75,2,69.69715690612793
1855,4.3,5,69.72794127464294
1856,4.75,2,69.75466537475586
1857,4.6000000000000005,3,69.7825095653534
1858,4.6000000000000005,3,69.81260657310486
1859,4.3,5,69.84143042564392
1860,4.6000000000000005,3,69.86880135536194
1861,4.3,5,69.90491533279419
1862,4.6000000000000005,3,69.93002843856812
1863,-1.75,15,69.99127459526062
1864,4.449999999999999,4,70.0274407863617
1865,4.449999999999999,4,70.06020879745483
1866,3.6999999999999997,9,70.09755969047546
1867,-3.4,9,70.13436150550842
1868,-1.75,15,70.19649171829224
1869,4.449999999999999,4,70.23016166687012
1870,4.449999999999999,4,70.26150131225586
1871,4.15,6,70.298091173172
1872,4.15,6,70.33561110496521
1873,-1.75,15,70.38878345489502
1874,4.3,5,70.41994380950928
1875,4.75,2,70.44504404067993
1876,4.6000000000000005,3,70.47960019111633
1877,4.0,7,70.51489043235779
1878,4.3,5,70.54396343231201
1879,-1.75,15,70.59646892547607
1880,4.3,5,70.62370467185974
1881,-3.3,7,70.66228938102722
1882,4.15,6,70.82825303077698
1883,4.6000000000000005,3,70.85547089576721
1884,4.15,6,70.88603186607361
1885,3.55,10,70.92506146430969
1886,3.25,12,70.96346592903137
1887,4.6000000000000005,3,70.9930145740509
1888,3.25,12,71.04194617271423
1889,4.449999999999999,4,71.07539010047913
1890,4.3,5,71.1098644733429
1891,4.6000000000000005,3,71.14507842063904
1892,4.3,5,71.1741087436676
1893,3.4,11,71.21558260917664
1894,4.0,7,71.2497239112854
1895,4.6000000000000005,3,71.28604340553284
1896,4.449999999999999,4,71.3185625076294
1897,4.9,1,71.34828114509583
1898,3.6999999999999997,9,71.39844751358032
1899,4.6000000000000005,3,71.42511439323425
1900,4.15,6,71.45916366577148
1901,4.6000000000000005,3,71.48513197898865
1902,4.3,5,71.51749515533447
1903,3.85,8,71.55452704429626
1904,4.3,5,71.58586096763611
1905,3.6999999999999997,9,71.62254786491394
1906,4.6000000000000005,3,71.64749956130981
1907,3.6999999999999997,9,71.68497347831726
1908,4.6000000000000005,3,71.71443939208984
1909,3.55,10,71.75041365623474
1910,4.6000000000000005,3,71.77547144889832
1911,4.6000000000000005,3,71.80373740196228
1912,3.25,12,71.84096360206604
1913,4.6000000000000005,3,71.86894297599792
1914,4.75,2,71.89688348770142
1915,4.3,5,71.92752623558044
1916,4.0,7,71.9597475528717
1917,4.15,6,71.99341106414795
1918,-1.75,15,72.03623342514038
1919,-3.05,2,72.06233143806458
1920,4.75,2,72.09011578559875
1921,4.15,6,72.12296462059021
1922,4.3,5,72.15055012702942
1923,4.15,6,72.18294620513916
1924,4.15,6,72.21425771713257
1925,3.6999999999999997,9,72.41519737243652
1926,4.6000000000000005,3,72.44304919242859
1927,-3.55,12,72.48196411132812
1928,4.6000000000000005,3,72.51122570037842
1929,4.449999999999999,4,72.54184365272522
1930,4.3,5,72.57155108451843
1931,4.6000000000000005,3,72.6010491847992
1932,3.85,8,72.63379979133606
1933,4.449999999999999,4,72.66872119903564
1934,3.85,8,72.70611643791199
1935,4.75,2,72.7286810874939
1936,4.449999999999999,4,72.76086139678955
1937,3.55,10,72.80170106887817
1938,4.6000000000000005,3,72.82907629013062
1939,4.75,2,72.85702753067017
1940,4.15,6,72.88904666900635
1941,3.85,8,72.92827010154724
1942,-3.3,7,72.96599221229553
1943,4.15,6,73.00337958335876
1944,4.449999999999999,4,73.03173732757568
1945,4.6000000000000005,3,73.05960631370544
1946,3.85,8,73.09376382827759
1947,4.75,2,73.1189033985138
1948,4.75,2,73.14321637153625
1949,4.6000000000000005,3,73.16833639144897
1950,4.6000000000000005,3,73.19294118881226
1951,4.449999999999999,4,73.21973276138306
1952,4.449999999999999,4,73.24549651145935
1953,4.449999999999999,4,73.2712299823761
1954,4.3,5,73.30159306526184
1955,-3.1,3,73.32713603973389
1956,3.1,13,73.36539053916931
1957,3.25,12,73.41017532348633
1958,4.3,5,73.43929123878479
1959,-1.75,15,73.48327994346619
1960,3.55,10,73.52329969406128
1961,4.3,5,73.55083703994751
1962,4.0,7,73.58917999267578
1963,4.15,6,73.61925864219666
1964,4.0,7,73.65198540687561
1965,4.6000000000000005,3,73.67897081375122
1966,4.6000000000000005,3,73.7079827785492
1967,-3.4,9,73.74961733818054
1968,4.6000000000000005,3,73.77519631385803
1969,4.3,5,73.80958843231201
1970,4.6000000000000005,3,73.83603239059448
1971,-1.75,15,74.02833366394043
1972,-3.2,5,74.05575466156006
1973,4.0,7,74.08877205848694
1974,4.449999999999999,4,74.11751985549927
1975,3.4,11,74.16058111190796
1976,4.449999999999999,4,74.18469023704529
1977,-1.75,15,74.23295140266418
1978,3.4,11,74.27902960777283
1979,4.15,6,74.31094408035278
1980,4.6000000000000005,3,74.3377799987793
1981,4.449999999999999,4,74.36625933647156
1982,4.3,5,74.40198707580566
1983,3.6999999999999997,9,74.44836568832397
1984,3.6999999999999997,9,74.49814295768738
1985,4.75,2,74.5299744606018
1986,4.15,6,74.56881928443909
1987,4.449999999999999,4,74.59747171401978
1988,3.55,10,74.63727855682373
1989,4.15,6,74.67656564712524
1990,3.55,10,74.71682167053223
1991,4.6000000000000005,3,74.74172401428223
1992,4.75,2,74.76935148239136
1993,4.0,7,74.80481457710266
1994,4.449999999999999,4,74.83706188201904
1995,4.3,5,74.86459183692932
1996,3.6999999999999997,9,74.89714574813843
1997,4.6000000000000005,3,74.92439126968384
1998,4.75,2,74.94867062568665
1999,4.15,6,74.98267221450806
2000,4.3,5,75.014319896698
2001,4.3,5,75.04596900939941
2002,4.6000000000000005,3,75.07601642608643
2003,4.6000000000000005,3,75.09905457496643
2004,4.75,2,75.12421488761902
2005,3.55,10,75.16117095947266
2006,4.3,5,75.19292879104614
2007,4.6000000000000005,3,75.21758985519409
2008,4.75,2,75.24256658554077
2009,4.6000000000000005,3,75.26639103889465
2010,4.75,2,75.29280185699463
2011,3.6999999999999997,9,75.3257622718811
2012,4.75,2,75.3491907119751
2013,4.75,2,75.3818187713623
2014,4.449999999999999,4,75.41399693489075
2015,4.6000000000000005,3,75.44315123558044
2016,4.3,5,75.47790670394897
2017,4.3,5,75.51163101196289
2018,3.25,12,75.69830250740051
2019,4.6000000000000005,3,75.72527933120728
2020,4.0,7,75.7572557926178
2021,4.6000000000000005,3,75.7872257232666
2022,4.9,1,75.81250524520874
2023,3.6999999999999997,9,75.85484409332275
2024,4.75,2,75.88189101219177
2025,3.4,11,75.93118643760681
2026,4.449999999999999,4,75.96849393844604
2027,4.3,5,76.00715708732605
2028,4.3,5,76.03906869888306
2029,3.85,8,76.07858085632324
2030,4.449999999999999,4,76.11417961120605
2031,4.0,7,76.15285754203796
2032,4.9,1,76.1782591342926
2033,4.0,7,76.2096540927887
2034,3.85,8,76.24212074279785
2035,4.6000000000000005,3,76.26736497879028
2036,4.449999999999999,4,76.29830527305603
2037,4.75,2,76.32578134536743
2038,3.4,11,76.36625695228577
2039,-1.75,15,76.4086549282074
2040,4.449999999999999,4,76.43904829025269
2041,4.449999999999999,4,76.46831464767456
2042,4.3,5,76.49652767181396
2043,3.4,11,76.53969287872314
2044,4.449999999999999,4,76.56885695457458
2045,-1.75,15,76.61409139633179
2046,3.4,11,76.65241527557373
2047,3.4,11,76.69249296188354
2048,4.75,2,76.71443104743958
2049,3.85,8,76.74850559234619
2050,4.449999999999999,4,76.77563452720642
2051,4.0,7,76.80720329284668
2052,3.6999999999999997,9,76.84955525398254
2053,4.449999999999999,4,76.88066673278809
2054,4.3,5,76.91317343711853
2055,3.6999999999999997,9,76.95173454284668
2056,4.6000000000000005,3,76.9832763671875
2057,4.6000000000000005,3,77.01078057289124
2058,4.15,6,77.2227828502655
2059,4.75,2,77.24616312980652
2060,4.0,7,77.27800369262695
2061,4.9,1,77.30927467346191
2062,4.0,7,77.34112429618835
2063,3.55,10,77.37953305244446
2064,3.6999999999999997,9,77.41408395767212
2065,4.3,5,77.45135951042175
2066,4.75,2,77.48199963569641
2067,3.6999999999999997,9,77.51677465438843
2068,4.0,7,77.55770969390869
2069,4.0,7,77.60105490684509
2070,3.6999999999999997,9,77.64489674568176
2071,4.6000000000000005,3,77.67913222312927
2072,4.6000000000000005,3,77.71343517303467
2073,4.3,5,77.74796962738037
2074,4.6000000000000005,3,77.78370809555054
2075,4.3,5,77.82199788093567
2076,3.25,12,77.87345266342163
2077,4.75,2,77.90153813362122
2078,3.85,8,77.93718719482422
2079,4.15,6,77.97691106796265
2080,4.3,5,78.00719666481018
2081,4.75,2,78.05051326751709
2082,4.15,6,78.09765386581421
2083,4.15,6,78.14423537254333
2084,4.6000000000000005,3,78.17514634132385
2085,4.15,6,78.21117854118347
2086,3.85,8,78.25725293159485
2087,-3.45,10,78.30285358428955
2088,3.85,8,78.34718632698059
2089,4.75,2,78.37528872489929
2090,4.75,2,78.40685844421387
2091,3.55,10,78.44848489761353
2092,4.15,6,78.48283362388611
2093,4.449999999999999,4,78.5099778175354
2094,-1.75,15,78.55326318740845
2095,4.75,2,78.57870817184448
2096,3.85,8,78.61107921600342
2097,4.449999999999999,4,78.63819169998169
2098,3.85,8,78.67019629478455
2099,4.3,5,78.69686985015869
2100,4.449999999999999,4,78.72378253936768
2101,-1.75,15,78.91543412208557
2102,4.6000000000000005,3,78.94741702079773
2103,4.6000000000000005,3,78.97317457199097
2104,4.6000000000000005,3,79.00618577003479
2105,4.15,6,79.0447301864624
2106,4.6000000000000005,3,79.07564640045166
2107,4.449999999999999,4,79.11071181297302
2108,4.75,2,79.1396586894989
2109,3.85,8,79.17681908607483
2110,-3.55,12,79.23040795326233
2111,3.6999999999999997,9,79.26846098899841
2112,4.3,5,79.29798245429993
2113,4.75,2,79.32545518875122
2114,4.6000000000000005,3,79.35138392448425
2115,4.15,6,79.38581943511963
2116,3.85,8,79.42609405517578
2117,4.6000000000000005,3,79.45632815361023
2118,3.55,10,79.49518656730652
2119,4.0,7,79.5342800617218
2120,4.3,5,79.56829452514648
2121,4.6000000000000005,3,79.6006600856781
2122,4.3,5,79.62827754020691
2123,3.55,10,79.66859149932861
2124,4.9,1,79.69208836555481
2125,4.15,6,79.7267632484436
2126,3.6999999999999997,9,79.76151585578918
2127,3.6999999999999997,9,79.79479026794434
2128,-3.5,11,79.8311059474945
2129,4.0,7,79.86538577079773
2130,4.75,2,79.89263844490051
2131,4.449999999999999,4,79.92108416557312
2132,4.6000000000000005,3,79.94764375686646
2133,4.75,2,79.97820520401001
2134,3.85,8,80.01444244384766
2135,4.0,7,80.04982614517212
2136,4.75,2,80.07819604873657
2137,4.75,2,80.11214447021484
2138,4.6000000000000005,3,80.13760924339294
2139,4.0,7,80.17394161224365
2140,4.6000000000000005,3,80.20867204666138
2141,4.15,6,80.24574065208435
2142,4.449999999999999,4,80.27739882469177
2143,3.85,8,80.31532073020935
2144,3.4,11,80.36163020133972
2145,-3.15,4,80.39806771278381
2146,4.3,5,80.42589735984802
2147,4.75,2,80.45738863945007
2148,4.75,2,80.4840395450592
2149,4.0,7,80.6819384098053
2150,3.6999999999999997,9,80.71964430809021
2151,4.3,5,80.74671769142151
2152,4.449999999999999,4,80.77466821670532
2153,4.3,5,80.80665636062622
2154,3.55,10,80.84874272346497
2155,4.449999999999999,4,80.87482833862305
2156,3.55,10,80.91498136520386
2157,3.85,8,80.95608687400818
2158,4.75,2,80.98259902000427
2159,4.75,2,81.0087239742279
2160,4.15,6,81.0410406589508
2161,3.4,11,81.08458423614502
2162,4.449999999999999,4,81.11112332344055
2163,4.3,5,81.14357328414917
2164,4.3,5,81.17400693893433
2165,4.75,2,81.19591116905212
2166,4.15,6,81.22476363182068
2167,3.55,10,81.2654378414154
2168,4.449999999999999,4,81.29220962524414
2169,4.9,1,81.32133603096008
2170,4.449999999999999,4,81.34825372695923
2171,4.3,5,81.37833762168884
2172,3.25,12,81.41586112976074
2173,-1.75,15,81.46189165115356
2174,4.9,1,81.48249912261963
2175,4.75,2,81.50416612625122
2176,3.85,8,81.53918981552124
2177,4.75,2,81.56618881225586
2178,3.25,12,81.60704135894775
2179,4.0,7,81.6423327922821
2180,4.449999999999999,4,81.67137575149536
2181,4.75,2,81.69744300842285
2182,4.6000000000000005,3,81.72632384300232
2183,4.449999999999999,4,81.7561240196228
2184,3.85,8,81.79675006866455
2185,3.25,12,81.84470582008362
2186,4.6000000000000005,3,81.87244248390198
2187,4.3,5,81.90281677246094
2188,4.6000000000000005,3,81.93183612823486
2189,4.3,5,81.96123600006104
2190,4.6000000000000005,3,81.9878339767456
2191,3.55,10,82.03234052658081
2192,4.9,1,82.06028032302856
2193,3.4,11,82.28102326393127
2194,4.449999999999999,4,82.31176829338074
2195,4.75,2,82.3381040096283
2196,4.15,6,82.36997127532959
2197,-3.5,11,82.4115617275238
2198,4.9,1,82.43678140640259
2199,4.449999999999999,4,82.46532893180847
2200,4.449999999999999,4,82.49616718292236
2201,4.75,2,82.5191855430603
2202,-3.45,10,82.55719089508057
2203,4.0,7,82.59467244148254
2204,3.4,11,82.63245415687561
2205,4.6000000000000005,3,82.6617341041565
2206,4.6000000000000005,3,82.69642853736877
2207,4.3,5,82.73116040229797
2208,3.85,8,82.7655827999115
2209,3.85,8,82.79712009429932
2210,4.75,2,82.8236916065216
2211,4.449999999999999,4,82.84771156311035
2212,2.9499999999999997,14,82.89000487327576
2213,4.9,1,82.91224694252014
2214,4.6000000000000005,3,82.9423291683197
2215,4.6000000000000005,3,82.97481846809387
2216,4.0,7,83.014723777771
2217,4.15,6,83.05243062973022
2218,3.55,10,83.09391474723816
2219,3.4,11,83.13182950019836
2220,4.3,5,83.16172790527344
2221,4.6000000000000005,3,83.19063019752502
2222,4.449999999999999,4,83.21968460083008
2223,4.6000000000000005,3,83.2478277683258
2224,4.449999999999999,4,83.28223395347595
2225,-3.45,10,83.31718635559082
2226,4.6000000000000005,3,83.34640407562256
2227,-1.75,15,83.39386343955994
2228,-1.75,15,83.43561005592346
2229,4.449999999999999,4,83.46278047561646
2230,4.449999999999999,4,83.49355220794678
2231,3.85,8,83.53114724159241
2232,4.3,5,83.5624930858612
2233,-1.75,15,83.61752200126648
2234,4.75,2,83.64434766769409
2235,4.9,1,83.6695384979248
2236,4.75,2,83.86308455467224
2237,4.6000000000000005,3,83.89229702949524
2238,4.0,7,83.92432451248169
2239,4.15,6,83.95716762542725
2240,4.15,6,83.98961114883423
2241,4.0,7,84.02207779884338
2242,3.85,8,84.05488061904907
2243,4.0,7,84.08705854415894
2244,3.85,8,84.12822985649109
2245,4.3,5,84.16355204582214
2246,4.6000000000000005,3,84.19687128067017
2247,3.55,10,84.23481249809265
2248,4.75,2,84.25971913337708
2249,-3.2,5,84.28717708587646
2250,3.1,13,84.3268370628357
2251,4.3,5,84.36500263214111
2252,4.6000000000000005,3,84.39342784881592
2253,4.15,6,84.42846393585205
2254,-1.75,15,84.47118520736694
2255,4.0,7,84.50318121910095
2256,4.449999999999999,4,84.53367805480957
2257,4.15,6,84.56248831748962
2258,-1.75,15,84.60489153862
2259,-1.75,15,84.65633392333984
2260,3.85,8,84.69249486923218
2261,4.6000000000000005,3,84.72690606117249
2262,4.3,5,84.75699043273926
2263,3.6999999999999997,9,84.7892336845398
2264,-1.75,15,84.82701826095581
2265,3.25,12,84.86450266838074
2266,-3.25,6,84.89391493797302
2267,4.15,6,84.92239260673523
2268,4.0,7,84.95266151428223
2269,3.55,10,84.9902765750885
2270,4.0,7,85.02356123924255
2271,3.55,10,85.21879863739014
2272,2.9499999999999997,14,85.26553726196289
2273,3.25,12,85.31016683578491
2274,4.3,5,85.3443615436554
2275,4.0,7,85.3777027130127
2276,4.449999999999999,4,85.41010880470276
2277,3.1,13,85.45660352706909
2278,-1.75,15,85.50284671783447
2279,4.15,6,85.53770804405212
2280,4.6000000000000005,3,85.56963753700256
2281,4.6000000000000005,3,85.59774923324585
2282,4.75,2,85.62214279174805
2283,4.6000000000000005,3,85.64904808998108
2284,3.85,8,85.68454933166504
2285,4.15,6,85.71907162666321
2286,4.6000000000000005,3,85.74412059783936
2287,4.15,6,85.77261924743652
2288,3.4,11,85.80951380729675
2289,4.75,2,85.83690690994263
2290,4.449999999999999,4,85.86300706863403
2291,4.75,2,85.88769865036011
2292,4.6000000000000005,3,85.91460657119751
2293,4.75,2,85.94482517242432
2294,4.75,2,85.97120642662048
2295,-3.1,3,86.00059723854065
2296,4.449999999999999,4,86.03000330924988
2297,4.75,2,86.0575647354126
2298,3.85,8,86.09141969680786
2299,4.75,2,86.11880564689636
2300,3.25,12,86.1599657535553
2301,4.6000000000000005,3,86.18839883804321
2302,4.0,7,86.21999263763428
2303,4.6000000000000005,3,86.24985074996948
2304,3.6999999999999997,9,86.28603196144104
2305,4.75,2,86.30940127372742
2306,3.6999999999999997,9,86.34632706642151
2307,4.0,7,86.37705063819885
2308,4.9,1,86.40082812309265
2309,4.449999999999999,4,86.42829942703247
2310,4.75,2,86.45407676696777
2311,3.85,8,86.49657917022705
2312,3.85,8,86.53289151191711
2313,3.6999999999999997,9,86.56982517242432
2314,4.6000000000000005,3,86.59986901283264
2315,3.55,10,86.79847717285156
2316,4.449999999999999,4,86.82757782936096
2317,3.85,8,86.8621838092804
2318,4.15,6,86.8974175453186
2319,4.15,6,86.93426084518433
2320,4.15,6,86.9697585105896
2321,4.0,7,87.00868821144104
2322,4.15,6,87.04428625106812
2323,3.55,10,87.08289456367493
2324,4.449999999999999,4,87.11590957641602
2325,-1.75,15,87.16492104530334
2326,4.9,1,87.1928358078003
2327,4.449999999999999,4,87.22311592102051
2328,2.8,15,87.2752697467804
2329,4.0,7,87.30562043190002
2330,4.0,7,87.34440922737122
2331,4.3,5,87.37505865097046
2332,4.15,6,87.40725493431091
2333,4.15,6,87.43495273590088
2334,-1.75,15,87.47750163078308
2335,3.85,8,87.50966262817383
2336,4.3,5,87.5365993976593
2337,3.4,11,87.57420992851257
2338,3.4,11,87.61128664016724
2339,4.15,6,87.64187216758728
2340,4.449999999999999,4,87.6730215549469
2341,3.55,10,87.70998668670654
2342,-1.75,15,87.75290703773499
2343,4.6000000000000005,3,87.77845454216003
2344,4.0,7,87.80634427070618
2345,3.25,12,87.851078748703
2346,-3.5,11,87.88517332077026
2347,4.6000000000000005,3,87.91028952598572
2348,3.55,10,88.08459377288818
2349,-1.75,15,88.13048124313354
2350,4.0,7,88.16764450073242
2351,4.9,1,88.19403457641602
2352,4.0,7,88.22549676895142
2353,4.6000000000000005,3,88.25244116783142
2354,3.25,12,88.29261183738708
2355,4.6000000000000005,3,88.3195812702179
2356,-1.75,15,88.36312794685364
2357,3.1,13,88.40709090232849
2358,4.3,5,88.44796848297119
2359,4.3,5,88.48100543022156
2360,4.6000000000000005,3,88.50935220718384
2361,4.3,5,88.54797840118408
2362,4.3,5,88.58035087585449
2363,4.449999999999999,4,88.61226201057434
2364,-1.75,15,88.65955376625061
2365,4.15,6,88.6938157081604
2366,4.6000000000000005,3,88.72414135932922
2367,4.0,7,88.75558400154114
2368,4.15,6,88.78820323944092
2369,4.449999999999999,4,88.817378282547
2370,2.9499999999999997,14,88.86882448196411
2371,3.85,8,88.90346789360046
2372,-1.75,15,88.9531364440918
2373,4.3,5,88.98132634162903
2374,3.55,10,89.0273642539978
2375,4.15,6,89.06029343605042
2376,4.9,1,89.08501935005188
2377,3.85,8,89.12276315689087
2378,4.449999999999999,4,89.15191555023193
2379,4.449999999999999,4,89.18550896644592
2380,4.6000000000000005,3,89.21504473686218
2381,3.6999999999999997,9,89.25484848022461
2382,4.3,5,89.28601598739624
2383,4.0,7,89.31895422935486
2384,3.6999999999999997,9,89.35160279273987
2385,-3.3,7,89.53936767578125
2386,4.449999999999999,4,89.56943893432617
2387,4.6000000000000005,3,89.59651184082031
2388,4.449999999999999,4,89.63129448890686
2389,4.9,1,89.65511298179626
2390,4.6000000000000005,3,89.68365812301636
2391,4.75,2,89.7102918624878
2392,3.55,10,89.7446551322937
2393,4.15,6,89.78218674659729
2394,4.75,2,89.81076264381409
2395,3.6999999999999997,9,89.84487438201904
2396,4.15,6,89.878169298172
2397,4.3,5,89.90732979774475
2398,4.6000000000000005,3,89.93846130371094
2399,4.9,1,89.96499276161194
2400,4.3,5,89.99630165100098
2401,4.3,5,90.03033185005188
2402,3.6999999999999997,9,90.07177972793579
2403,4.75,2,90.09933066368103
2404,4.6000000000000005,3,90.12871384620667
2405,4.3,5,90.15821433067322
2406,4.6000000000000005,3,90.18853044509888
2407,4.0,7,90.223299741745
2408,4.75,2,90.25299310684204
2409,3.55,10,90.29176378250122
2410,3.85,8,90.33433866500854
2411,4.6000000000000005,3,90.36361622810364
2412,4.3,5,90.39827036857605
2413,3.55,10,90.43938970565796
2414,4.75,2,90.46777582168579
2415,-3.35,8,90.5076858997345
2416,4.6000000000000005,3,90.5398120880127
2417,4.449999999999999,4,90.57441854476929
2418,3.85,8,90.60738825798035
2419,4.3,5,90.63637971878052
2420,4.0,7,90.67140460014343
2421,3.6999999999999997,9,90.70617270469666
2422,4.3,5,90.73556470870972
2423,3.6999999999999997,9,90.77109503746033
2424,3.85,8,90.80185461044312
2425,3.85,8,90.83391308784485
2426,4.449999999999999,4,90.86271643638611
2427,4.15,6,90.8943407535553
2428,4.75,2,90.91801500320435
2429,3.6999999999999997,9,90.95347905158997
2430,4.75,2,90.97490692138672
2431,4.6000000000000005,3,90.99864220619202
2432,3.55,10,91.04575252532959
2433,3.6999999999999997,9,91.23433423042297
2434,4.3,5,91.26740622520447
2435,4.449999999999999,4,91.29770183563232
2436,4.6000000000000005,3,91.32514357566833
2437,3.6999999999999997,9,91.36100745201111
2438,4.15,6,91.3985230922699
2439,3.6999999999999997,9,91.44027209281921
2440,3.55,10,91.47752332687378
2441,4.6000000000000005,3,91.50606846809387
2442,4.75,2,91.5327501296997
2443,4.449999999999999,4,91.56338047981262
2444,-1.75,15,91.61635541915894
2445,4.449999999999999,4,91.64807939529419
2446,4.9,1,91.67408108711243
2447,3.6999999999999997,9,91.70898652076721
2448,4.75,2,91.73324728012085
2449,3.4,11,91.7722737789154
2450,4.0,7,91.80331897735596
2451,4.3,5,91.83061408996582
2452,4.449999999999999,4,91.859454870224
2453,4.75,2,91.88754177093506
2454,4.15,6,91.92239236831665
2455,3.85,8,91.95897650718689
2456,4.75,2,91.98762464523315
2457,4.449999999999999,4,92.01673173904419
2458,4.6000000000000005,3,92.04329872131348
2459,3.55,10,92.0827248096466
2460,3.55,10,92.1195182800293
2461,4.15,6,92.14895606040955
2462,4.449999999999999,4,92.17989158630371
2463,3.4,11,92.21875977516174
2464,4.449999999999999,4,92.24867701530457
2465,4.449999999999999,4,92.27827453613281
2466,4.6000000000000005,3,92.30921626091003
2467,-1.75,15,92.35533499717712
2468,4.9,1,92.3767454624176
2469,4.3,5,92.40666937828064
2470,4.75,2,92.42890691757202
2471,-1.75,15,92.47171783447266
2472,3.85,8,92.50590538978577
2473,-1.75,15,92.70299744606018
2474,3.55,10,92.73689389228821
2475,4.15,6,92.76723432540894
2476,4.75,2,92.78995060920715
2477,4.15,6,92.81869697570801
2478,4.15,6,92.84870553016663
2479,4.6000000000000005,3,92.87582087516785
2480,4.15,6,92.90571236610413
2481,4.15,6,92.93894219398499
2482,4.3,5,92.96761870384216
2483,4.75,2,93.00016379356384
2484,3.85,8,93.03512597084045
2485,4.0,7,93.07315945625305
2486,3.4,11,93.11766767501831
2487,-1.75,15,93.16875219345093
2488,4.3,5,93.19854974746704
2489,4.6000000000000005,3,93.22485852241516
2490,-3.15,4,93.2545235157013
2491,4.6000000000000005,3,93.28121852874756
2492,4.0,7,93.31650376319885
2493,4.15,6,93.34727764129639
2494,4.449999999999999,4,93.37464594841003
2495,4.15,6,93.41142082214355
2496,3.25,12,93.4522693157196
2497,4.6000000000000005,3,93.47936129570007
2498,4.0,7,93.51929569244385
2499,4.9,1,93.55428910255432
2500,3.55,10,93.60792136192322
2501,4.3,5,93.64169883728027
2502,4.15,6,93.67892956733704
2503,4.9,1,93.70506644248962
2504,4.75,2,93.7365550994873
2505,4.0,7,93.76997208595276
2506,3.85,8,93.8046236038208
2507,4.6000000000000005,3,93.83072781562805
2508,4.15,6,93.85995316505432
2509,4.15,6,93.8901264667511
2510,4.449999999999999,4,93.92477798461914
2511,4.3,5,93.95355606079102
2512,4.6000000000000005,3,93.98077845573425
2513,4.3,5,94.01768374443054
2514,4.6000000000000005,3,94.04375576972961
2515,4.75,2,94.07185482978821
2516,4.75,2,94.09747886657715
2517,3.6999999999999997,9,94.13869404792786
2518,4.0,7,94.16984701156616
2519,3.55,10,94.3620195388794
2520,4.449999999999999,4,94.39094877243042
2521,4.75,2,94.42060422897339
2522,4.6000000000000005,3,94.44719362258911
2523,4.449999999999999,4,94.47361731529236
2524,4.75,2,94.50269031524658
2525,4.75,2,94.52539348602295
2526,4.3,5,94.55542254447937
2527,4.15,6,94.58818316459656
2528,4.75,2,94.61429142951965
2529,3.85,8,94.65661907196045
2530,3.4,11,94.697927236557
2531,3.4,11,94.74169826507568
2532,3.55,10,94.78045558929443
2533,4.0,7,94.81418538093567
2534,4.6000000000000005,3,94.84354496002197
2535,4.6000000000000005,3,94.87274622917175
2536,4.449999999999999,4,94.90045046806335
2537,4.6000000000000005,3,94.92961287498474
2538,4.0,7,94.96401882171631
2539,4.9,1,94.99030017852783
2540,3.55,10,95.02718329429626
2541,4.0,7,95.06003737449646
2542,4.15,6,95.09198570251465
2543,4.3,5,95.12321448326111
2544,4.15,6,95.15248036384583
2545,4.3,5,95.18166208267212
2546,3.85,8,95.21410131454468
2547,3.25,12,95.2568747997284
2548,3.4,11,95.29709053039551
2549,4.75,2,95.32571983337402
2550,4.15,6,95.35834646224976
2551,4.0,7,95.39007759094238
2552,4.3,5,95.42067122459412
2553,4.15,6,95.44977807998657
2554,4.449999999999999,4,95.47569751739502
2555,4.9,1,95.49749946594238
2556,4.449999999999999,4,95.53071808815002
2557,3.25,12,95.57098960876465
2558,4.6000000000000005,3,95.59561896324158
2559,3.4,11,95.63225388526917
2560,4.3,5,95.66063737869263
2561,4.449999999999999,4,95.69514632225037
2562,4.15,6,95.72731971740723
2563,4.75,2,95.74861288070679
2564,4.75,2,95.77499055862427
2565,4.15,6,95.96744084358215
2566,4.3,5,96.00663709640503
2567,4.6000000000000005,3,96.04115271568298
2568,4.449999999999999,4,96.07466530799866
2569,3.85,8,96.11051392555237
2570,-1.75,15,96.15546917915344
2571,4.3,5,96.18492364883423
2572,4.3,5,96.21657061576843
2573,-1.75,15,96.26193928718567
2574,4.9,1,96.28820013999939
2575,4.3,5,96.3200249671936
2576,-3.1,3,96.34636902809143
2577,4.15,6,96.38137221336365
2578,4.449999999999999,4,96.41099572181702
2579,4.449999999999999,4,96.44108390808105
2580,4.0,7,96.48369836807251
2581,4.449999999999999,4,96.5101888179779
2582,4.0,7,96.54349374771118
2583,4.449999999999999,4,96.57623887062073
2584,4.6000000000000005,3,96.60339689254761
2585,4.3,5,96.64144825935364
2586,4.6000000000000005,3,96.66464233398438
2587,3.6999999999999997,9,96.69846534729004
2588,4.15,6,96.73239064216614
2589,4.6000000000000005,3,96.75936651229858
2590,4.6000000000000005,3,96.79358696937561
2591,4.75,2,96.81952476501465
2592,3.55,10,96.86212229728699
2593,4.449999999999999,4,96.88724756240845
2594,4.6000000000000005,3,96.91553616523743
2595,4.449999999999999,4,96.94616270065308
2596,4.75,2,96.97018218040466
2597,4.75,2,96.99309492111206
2598,4.75,2,97.0195164680481
2599,4.9,1,97.0455048084259
2600,4.6000000000000005,3,97.07626008987427
2601,4.6000000000000005,3,97.11276197433472
2602,3.6999999999999997,9,97.1494665145874
2603,4.0,7,97.18053984642029
2604,-1.75,15,97.22636079788208
2605,4.9,1,97.2555022239685
2606,4.449999999999999,4,97.2895154953003
2607,4.6000000000000005,3,97.32185006141663
2608,4.6000000000000005,3,97.35836386680603
2609,3.85,8,97.39851522445679
2610,3.85,8,97.43302464485168
2611,4.6000000000000005,3,97.45974087715149
2612,4.15,6,97.49051141738892
2613,4.9,1,97.51327657699585
2614,4.75,2,97.53938865661621
2615,4.6000000000000005,3,97.56419777870178
2616,4.449999999999999,4,97.59151220321655
2617,-1.75,15,97.79055953025818
2618,4.6000000000000005,3,97.81509590148926
2619,4.6000000000000005,3,97.84743356704712
2620,4.6000000000000005,3,97.87299513816833
2621,4.9,1,97.90125632286072
2622,3.6999999999999997,9,97.93928551673889
2623,4.449999999999999,4,97.96431398391724
2624,4.449999999999999,4,97.99401450157166
2625,4.6000000000000005,3,98.027658700943
2626,4.9,1,98.06040263175964
2627,3.85,8,98.1049370765686
2628,4.15,6,98.13888692855835
2629,4.3,5,98.16742300987244
2630,3.4,11,98.2120680809021
2631,3.55,10,98.2471673488617
2632,4.9,1,98.27127957344055
2633,4.0,7,98.30593180656433
2634,4.15,6,98.33964800834656
2635,4.15,6,98.37167763710022
2636,4.75,2,98.39723372459412
2637,-1.75,15,98.44648766517639
2638,4.6000000000000005,3,98.47561240196228
2639,-3.5,11,98.51397919654846
2640,4.6000000000000005,3,98.5442967414856
2641,4.3,5,98.57850241661072
2642,3.85,8,98.6132230758667
2643,4.0,7,98.65222072601318
2644,4.6000000000000005,3,98.67943572998047
2645,3.6999999999999997,9,98.71579360961914
2646,4.6000000000000005,3,98.74268651008606
2647,4.449999999999999,4,98.77043080329895
2648,4.3,5,98.80205941200256
2649,4.75,2,98.83126163482666
2650,4.6000000000000005,3,98.8578372001648
2651,4.15,6,98.89571046829224
2652,3.4,11,98.9388952255249
2653,4.3,5,98.96518564224243
2654,4.449999999999999,4,98.99512529373169
2655,4.6000000000000005,3,99.02203249931335
2656,4.6000000000000005,3,99.04964423179626
2657,4.3,5,99.07785654067993
2658,4.3,5,99.10820198059082
2659,4.75,2,99.13741517066956
2660,4.15,6,99.16564393043518
2661,-1.75,15,99.2122118473053
2662,4.0,7,99.40935206413269
2663,4.449999999999999,4,99.44106602668762
2664,3.85,8,99.4743902683258
2665,4.3,5,99.50711274147034
2666,3.1,13,99.55281567573547
2667,4.75,2,99.57690143585205
2668,4.449999999999999,4,99.60738277435303
2669,4.6000000000000005,3,99.64519906044006
2670,3.85,8,99.68590116500854
2671,4.449999999999999,4,99.71588253974915
2672,-1.75,15,99.76903438568115
2673,4.75,2,99.79320549964905
2674,4.3,5,99.82038688659668
2675,4.15,6,99.85144138336182
2676,4.3,5,99.87600660324097
2677,4.3,5,99.90206480026245
2678,4.15,6,99.93014645576477
2679,4.3,5,99.96169662475586
2680,3.25,12,100.00452160835266
2681,3.85,8,100.04283475875854
2682,4.6000000000000005,3,100.0691180229187
2683,3.85,8,100.10320949554443
2684,4.6000000000000005,3,100.12937927246094
2685,3.85,8,100.16378402709961
2686,4.449999999999999,4,100.1938419342041
2687,4.0,7,100.22734808921814
2688,-3.45,10,100.26680278778076
2689,3.4,11,100.30719518661499
2690,4.449999999999999,4,100.33832097053528
2691,-1.75,15,100.3852710723877
2692,-3.4,9,100.42141532897949
2693,4.6000000000000005,3,100.44841480255127
2694,4.9,1,100.47625589370728
2695,4.6000000000000005,3,100.50815629959106
2696,-1.75,15,100.54959034919739
2697,3.85,8,100.58530497550964
2698,3.1,13,100.6292314529419
2699,3.6999999999999997,9,100.66491842269897
2700,4.75,2,100.85554575920105
2701,2.9499999999999997,14,100.90395164489746
2702,4.15,6,100.93767237663269
2703,-1.75,15,100.98361706733704
2704,4.6000000000000005,3,101.01158785820007
2705,4.6000000000000005,3,101.04087448120117
2706,4.0,7,101.07536268234253
2707,3.55,10,101.11030197143555
2708,4.75,2,101.14023733139038
2709,4.75,2,101.17386484146118
2710,4.3,5,101.20945572853088
2711,4.75,2,101.23563933372498
2712,3.6999999999999997,9,101.27150511741638
2713,-1.75,15,101.31681847572327
2714,4.3,5,101.35426735877991
2715,4.15,6,101.38604593276978
2716,4.9,1,101.41046476364136
2717,4.6000000000000005,3,101.43797874450684
2718,4.15,6,101.46788620948792
2719,4.6000000000000005,3,101.49559116363525
2720,4.15,6,101.52724552154541
2721,3.85,8,101.5658187866211
2722,-1.75,15,101.60954356193542
2723,4.15,6,101.64418387413025
2724,4.3,5,101.67568850517273
2725,4.449999999999999,4,101.70395803451538
2726,4.6000000000000005,3,101.7300329208374
2727,4.0,7,101.76474213600159
2728,4.449999999999999,4,101.79743313789368
2729,4.75,2,101.82104897499084
2730,4.15,6,101.85006213188171
2731,3.85,8,101.88500761985779
2732,4.0,7,101.91939735412598
2733,4.3,5,101.94698190689087
2734,4.75,2,101.97534704208374
2735,4.449999999999999,4,102.00541377067566
2736,4.6000000000000005,3,102.03487133979797
2737,4.3,5,102.06411576271057
2738,3.6999999999999997,9,102.09835624694824
2739,4.9,1,102.1212899684906
2740,4.6000000000000005,3,102.14767098426819
2741,3.6999999999999997,9,102.18275833129883
2742,4.3,5,102.2116231918335
2743,3.25,12,102.40432262420654
2744,4.3,5,102.43336224555969
2745,4.75,2,102.46028065681458
2746,-1.75,15,102.50873374938965
2747,3.55,10,102.55038785934448
2748,3.55,10,102.59115815162659
2749,4.6000000000000005,3,102.61691069602966
2750,-1.75,15,102.66269516944885
2751,4.15,6,102.69494485855103
2752,3.85,8,102.73184037208557
2753,4.75,2,102.75689148902893
2754,4.6000000000000005,3,102.78654479980469
2755,3.85,8,102.81952476501465
2756,3.6999999999999997,9,102.85705041885376
2757,4.15,6,102.88792300224304
2758,3.55,10,102.92439866065979
2759,4.15,6,102.95658779144287
2760,4.15,6,102.98845839500427
2761,-1.75,15,103.03525686264038
2762,4.75,2,103.06325030326843
2763,4.449999999999999,4,103.09426689147949
2764,4.3,5,103.12917757034302
2765,4.3,5,103.16221117973328
2766,4.0,7,103.19412517547607
2767,3.6999999999999997,9,103.23152184486389
2768,3.85,8,103.26618099212646
2769,4.0,7,103.30391263961792
2770,4.15,6,103.33899593353271
2771,4.449999999999999,4,103.36790180206299
2772,4.3,5,103.39711880683899
2773,4.3,5,103.42644715309143
2774,4.75,2,103.4541265964508
2775,4.3,5,103.48092579841614
2776,4.15,6,103.51399803161621
2777,4.6000000000000005,3,103.53934216499329
2778,3.6999999999999997,9,103.57593321800232
2779,4.3,5,103.60628509521484
2780,4.6000000000000005,3,103.63826751708984
2781,3.55,10,103.67672991752625
2782,4.15,6,103.70685291290283
2783,4.75,2,103.8883409500122
2784,3.6999999999999997,9,103.92716336250305
2785,4.449999999999999,4,103.95609998703003
2786,3.25,12,103.99905371665955
2787,4.15,6,104.03308963775635
2788,4.6000000000000005,3,104.0618782043457
2789,4.3,5,104.09179830551147
2790,4.9,1,104.11976051330566
2791,4.15,6,104.15015983581543
2792,4.75,2,104.1756021976471
2793,4.75,2,104.2037398815155
2794,4.9,1,104.23105931282043
2795,3.4,11,104.28301072120667
2796,4.75,2,104.31707239151001
2797,4.449999999999999,4,104.34928870201111
2798,3.6999999999999997,9,104.39036178588867
2799,4.15,6,104.42281150817871
2800,4.449999999999999,4,104.45383048057556
2801,4.6000000000000005,3,104.48159718513489
2802,-1.75,15,104.52869439125061
2803,4.6000000000000005,3,104.55985999107361
2804,4.6000000000000005,3,104.58621048927307
2805,4.15,6,104.61982297897339
2806,4.9,1,104.64345979690552
2807,3.4,11,104.68707609176636
2808,3.4,11,104.72751951217651
2809,4.6000000000000005,3,104.75700759887695
2810,4.6000000000000005,3,104.78562188148499
2811,4.75,2,104.81268787384033
2812,4.449999999999999,4,104.84197688102722
2813,4.3,5,104.87001895904541
2814,4.6000000000000005,3,104.89507532119751
2815,4.449999999999999,4,104.92381381988525
2816,-3.45,10,104.96020436286926
2817,4.75,2,104.98854231834412
2818,4.15,6,105.03047561645508
2819,-1.75,15,105.07880330085754
2820,4.3,5,105.1170175075531
2821,-3.45,10,105.15677952766418
2822,4.3,5,105.194571018219
2823,4.6000000000000005,3,105.22574496269226
2824,3.6999999999999997,9,105.25752353668213
2825,4.6000000000000005,3,105.28719663619995
2826,4.75,2,105.32291007041931
2827,4.449999999999999,4,105.35456418991089
2828,3.85,8,105.39462566375732
2829,4.6000000000000005,3,105.4223120212555
2830,4.0,7,105.6463041305542
2831,3.6999999999999997,9,105.6908164024353
2832,4.9,1,105.71585583686829
2833,3.6999999999999997,9,105.75775361061096
2834,4.449999999999999,4,105.79338264465332
2835,-3.3,7,105.82751202583313
2836,4.6000000000000005,3,105.85651850700378
2837,4.75,2,105.88461351394653
2838,4.15,6,105.9156506061554
2839,4.75,2,105.94280505180359
2840,-3.3,7,105.97533440589905
2841,4.3,5,106.0073401927948
2842,4.6000000000000005,3,106.03759765625
2843,4.0,7,106.07140374183655
2844,4.0,7,106.10324478149414
2845,4.449999999999999,4,106.1309003829956
2846,4.449999999999999,4,106.15941143035889
2847,4.15,6,106.19310736656189
2848,3.6999999999999997,9,106.23778367042542
2849,4.75,2,106.26809000968933
2850,4.15,6,106.30617809295654
2851,4.6000000000000005,3,106.33867573738098
2852,3.25,12,106.37693285942078
2853,4.0,7,106.4078369140625
2854,3.6999999999999997,9,106.44603133201599
2855,4.6000000000000005,3,106.47149443626404
2856,4.6000000000000005,3,106.49775433540344
2857,4.3,5,106.53076434135437
2858,4.75,2,106.55498695373535
2859,4.3,5,106.58695793151855
2860,4.449999999999999,4,106.61962556838989
2861,4.6000000000000005,3,106.64594674110413
2862,4.6000000000000005,3,106.6753408908844
2863,4.75,2,106.70324993133545
2864,4.6000000000000005,3,106.73175191879272
2865,4.449999999999999,4,106.76488256454468
2866,4.75,2,106.7872543334961
2867,4.75,2,106.81134676933289
2868,4.0,7,106.8407256603241
2869,4.15,6,106.86792635917664
2870,4.75,2,106.89207911491394
2871,3.4,11,106.93135714530945
2872,4.3,5,106.96137762069702
2873,4.0,7,106.99518132209778
2874,4.6000000000000005,3,107.02541518211365
2875,3.85,8,107.06324315071106
2876,3.85,8,107.10724782943726
2877,4.0,7,107.14508891105652
2878,4.449999999999999,4,107.18316507339478
2879,4.449999999999999,4,107.21291041374207
2880,4.0,7,107.24995183944702
2881,4.6000000000000005,3,107.4486436843872
2882,4.75,2,107.47547054290771
2883,3.25,12,107.5180995464325
2884,4.15,6,107.55273604393005
2885,4.3,5,107.58114457130432
2886,3.85,8,107.62863516807556
2887,4.6000000000000005,3,107.65472674369812
2888,4.75,2,107.67781901359558
2889,4.449999999999999,4,107.70499873161316
2890,4.75,2,107.73766899108887
2891,4.0,7,107.77338647842407
2892,4.15,6,107.80721235275269
2893,4.3,5,107.84180355072021
2894,-1.75,15,107.88812065124512
2895,4.9,1,107.91356134414673
2896,4.75,2,107.93862009048462
2897,4.0,7,107.96977472305298
2898,4.6000000000000005,3,108.00339341163635
2899,4.3,5,108.0389883518219
2900,-1.75,15,108.08884024620056
2901,3.4,11,108.13896894454956
2902,4.15,6,108.17044520378113
2903,4.449999999999999,4,108.20046257972717
2904,4.0,7,108.23309373855591
2905,4.0,7,108.26692175865173
2906,4.3,5,108.30015707015991
2907,-1.75,15,108.3461000919342
2908,4.75,2,108.37274670600891
2909,4.3,5,108.40532112121582
2910,4.3,5,108.43741273880005
2911,3.55,10,108.4751250743866
2912,3.6999999999999997,9,108.5081536769867
2913,3.4,11,108.54850149154663
2914,4.449999999999999,4,108.5858542919159
2915,3.85,8,108.62196493148804
2916,4.3,5,108.65641784667969
2917,-1.75,15,108.70195078849792
2918,4.15,6,108.73831844329834
2919,4.449999999999999,4,108.76759743690491
2920,4.75,2,108.79169535636902
2921,4.6000000000000005,3,108.98197174072266
2922,4.449999999999999,4,109.01458430290222
2923,4.449999999999999,4,109.04716968536377
2924,4.3,5,109.07851457595825
2925,4.15,6,109.11103868484497
2926,4.6000000000000005,3,109.14205312728882
2927,4.6000000000000005,3,109.17405962944031
2928,4.6000000000000005,3,109.21129202842712
2929,4.9,1,109.23823499679565
2930,3.85,8,109.27722597122192
2931,-3.4,9,109.31947660446167
2932,3.4,11,109.3590145111084
2933,4.3,5,109.39054989814758
2934,4.0,7,109.426602602005
2935,3.85,8,109.46220183372498
2936,-3.25,6,109.49323773384094
2937,4.6000000000000005,3,109.5196464061737
2938,-1.75,15,109.56179690361023
2939,4.6000000000000005,3,109.58892607688904
2940,4.6000000000000005,3,109.62045168876648
2941,4.15,6,109.65390372276306
2942,4.0,7,109.68476295471191
2943,4.3,5,109.71851825714111
2944,3.6999999999999997,9,109.75194549560547
2945,4.6000000000000005,3,109.77861785888672
2946,4.75,2,109.8031497001648
2947,4.449999999999999,4,109.82773494720459
2948,3.25,12,109.86395192146301
2949,4.3,5,109.89383840560913
2950,3.25,12,109.93300557136536
2951,3.55,10,109.97476506233215
2952,-1.75,15,110.01954197883606
2953,4.75,2,110.04462337493896
2954,-1.75,15,110.09854078292847
2955,4.3,5,110.13623309135437
2956,4.449999999999999,4,110.16567039489746
2957,4.15,6,110.20726609230042
2958,-1.75,15,110.26924681663513
2959,4.0,7,110.31073880195618
2960,4.75,2,110.34226989746094
2961,-1.75,15,110.5725109577179
2962,4.0,7,110.60797691345215
2963,4.449999999999999,4,110.635174036026
2964,4.75,2,110.66630864143372
2965,4.9,1,110.69175624847412
2966,3.4,11,110.73138761520386
2967,4.0,7,110.76666831970215
2968,4.3,5,110.79497504234314
2969,4.75,2,110.81925821304321
2970,3.55,10,110.85809469223022
2971,4.15,6,110.89521098136902
2972,4.3,5,110.92414546012878
2973,4.6000000000000005,3,110.95246720314026
2974,4.9,1,110.98039412498474
2975,3.55,10,111.01809740066528
2976,4.15,6,111.04706120491028
2977,4.3,5,111.07790327072144
2978,4.3,5,111.10539531707764
2979,-1.75,15,111.14859652519226
2980,4.9,1,111.17229676246643
2981,4.0,7,111.2113926410675
2982,4.3,5,111.24312353134155
2983,3.85,8,111.28232145309448
2984,4.6000000000000005,3,111.31469392776489
2985,4.0,7,111.35144400596619
2986,4.15,6,111.38194608688354
2987,3.85,8,111.42960262298584
2988,3.4,11,111.46671724319458
2989,4.15,6,111.4965078830719
2990,4.15,6,111.52759075164795
2991,3.25,12,111.56603002548218
2992,4.0,7,111.60179018974304
2993,4.6000000000000005,3,111.62903356552124
2994,4.449999999999999,4,111.65704560279846
2995,4.3,5,111.68793511390686
2996,4.3,5,111.71596837043762
2997,-1.75,15,111.75482773780823
2998,4.3,5,111.78264474868774
2999,4.0,7,111.81932425498962
3000,4.6000000000000005,3,111.84836721420288
3001,4.9,1,111.871821641922
3002,-3.25,6,112.06422472000122
3003,4.449999999999999,4,112.09298849105835
3004,4.75,2,112.11975169181824
3005,3.55,10,112.16080641746521
3006,-1.75,15,112.20825004577637
3007,3.1,13,112.2586715221405
3008,-1.75,15,112.31106305122375
3009,4.449999999999999,4,112.34007048606873
3010,2.9499999999999997,14,112.37809562683105
3011,4.449999999999999,4,112.40451574325562
3012,3.85,8,112.43824195861816
3013,4.6000000000000005,3,112.46091294288635
3014,4.75,2,112.48479580879211
3015,-1.75,15,112.53665709495544
3016,4.75,2,112.56548285484314
3017,3.55,10,112.60565066337585
3018,3.6999999999999997,9,112.64027094841003
3019,4.9,1,112.66840410232544
3020,3.6999999999999997,9,112.71050453186035
3021,3.85,8,112.74293541908264
3022,3.4,11,112.78069972991943
3023,4.3,5,112.81013536453247
3024,4.6000000000000005,3,112.83416152000427
3025,4.0,7,112.86854028701782
3026,4.15,6,112.90295958518982
3027,4.6000000000000005,3,112.92828512191772
3028,4.3,5,112.95768547058105
3029,4.6000000000000005,3,112.98688244819641
3030,4.3,5,113.01585388183594
3031,4.15,6,113.05341076850891
3032,4.3,5,113.08380007743835
3033,4.6000000000000005,3,113.11017751693726
3034,4.6000000000000005,3,113.13638401031494
3035,3.85,8,113.16928958892822
3036,4.6000000000000005,3,113.19513368606567
3037,4.9,1,113.21879363059998
3038,4.6000000000000005,3,113.2535457611084
3039,3.55,10,113.29031324386597
3040,4.6000000000000005,3,113.31813502311707
3041,4.15,6,113.34615325927734
3042,3.4,11,113.53709554672241
3043,3.55,10,113.57371115684509
3044,4.6000000000000005,3,113.60134220123291
3045,4.0,7,113.63578867912292
3046,-1.75,15,113.69354939460754
3047,3.6999999999999997,9,113.73334693908691
3048,4.3,5,113.76507759094238
3049,4.6000000000000005,3,113.7953474521637
3050,-1.75,15,113.84961891174316
3051,4.9,1,113.87677454948425
3052,4.75,2,113.90763664245605
3053,4.75,2,113.93171048164368
3054,4.0,7,113.96719717979431
3055,4.6000000000000005,3,113.99422812461853
3056,4.449999999999999,4,114.02232122421265
3057,4.9,1,114.04754137992859
3058,4.0,7,114.07933378219604
3059,4.0,7,114.1183431148529
3060,4.3,5,114.1454222202301
3061,3.25,12,114.18686723709106
3062,3.4,11,114.23270225524902
3063,3.55,10,114.27244281768799
3064,4.75,2,114.30203771591187
3065,4.3,5,114.33612036705017
3066,4.0,7,114.37610507011414
3067,3.6999999999999997,9,114.41638088226318
3068,4.449999999999999,4,114.44318723678589
3069,4.6000000000000005,3,114.47290301322937
3070,4.449999999999999,4,114.50373482704163
3071,-1.75,15,114.55257201194763
3072,3.4,11,114.5995705127716
3073,4.9,1,114.62472033500671
3074,4.6000000000000005,3,114.65439248085022
3075,4.15,6,114.69250702857971
3076,3.55,10,114.72619867324829
3077,3.6999999999999997,9,114.76635885238647
3078,4.15,6,114.80213856697083
3079,4.75,2,114.83097457885742
3080,4.0,7,114.8663809299469
3081,4.449999999999999,4,114.89743852615356
3082,3.85,8,115.09384632110596
3083,4.9,1,115.12291526794434
3084,4.75,2,115.15130424499512
3085,4.3,5,115.18518590927124
3086,3.4,11,115.22635817527771
3087,4.6000000000000005,3,115.25391244888306
3088,4.3,5,115.28667140007019
3089,4.6000000000000005,3,115.32216095924377
3090,-3.5,11,115.36912965774536
3091,4.15,6,115.40605759620667
3092,4.0,7,115.43947720527649
3093,4.449999999999999,4,115.46785163879395
3094,3.6999999999999997,9,115.50483465194702
3095,4.9,1,115.52376246452332
3096,4.9,1,115.54342818260193
3097,4.15,6,115.57362246513367
3098,3.85,8,115.60377597808838
3099,4.0,7,115.63774394989014
3100,-1.75,15,115.68670320510864
3101,4.3,5,115.71759629249573
3102,-1.75,15,115.75912737846375
3103,4.0,7,115.79145550727844
3104,3.6999999999999997,9,115.82697010040283
3105,-3.4,9,115.86136174201965
3106,4.75,2,115.88613295555115
3107,-1.75,15,115.93017220497131
3108,4.6000000000000005,3,115.95628094673157
3109,4.75,2,115.97976160049438
3110,3.85,8,116.0160174369812
3111,-1.75,15,116.06138229370117
3112,-3.05,2,116.08727216720581
3113,4.75,2,116.11185789108276
3114,3.6999999999999997,9,116.14560794830322
3115,4.15,6,116.17722582817078
3116,3.1,13,116.21898937225342
3117,-1.75,15,116.26857805252075
3118,3.6999999999999997,9,116.31440138816833
3119,3.4,11,116.50345396995544
3120,3.6999999999999997,9,116.53986430168152
3121,3.25,12,116.58050918579102
3122,4.449999999999999,4,116.61174631118774
3123,3.85,8,116.64888262748718
3124,4.449999999999999,4,116.67977499961853
3125,-3.4,9,116.71905016899109
3126,4.75,2,116.74465703964233
3127,4.9,1,116.77375388145447
3128,4.3,5,116.80884194374084
3129,4.6000000000000005,3,116.83847713470459
3130,4.6000000000000005,3,116.8656153678894
3131,-1.75,15,116.91212224960327
3132,4.75,2,116.93872594833374
3133,3.25,12,116.98337960243225
3134,4.6000000000000005,3,117.01418685913086
3135,3.6999999999999997,9,117.05711221694946
3136,-1.75,15,117.10878372192383
3137,4.6000000000000005,3,117.1378378868103
3138,3.85,8,117.17496085166931
3139,3.25,12,117.22553849220276
3140,3.6999999999999997,9,117.26949501037598
3141,4.6000000000000005,3,117.2963216304779
3142,4.75,2,117.32373833656311
3143,4.75,2,117.34971642494202
3144,4.449999999999999,4,117.37752103805542
3145,4.75,2,117.4035096168518
3146,4.449999999999999,4,117.43198204040527
3147,-1.75,15,117.47458624839783
3148,4.15,6,117.5058946609497
3149,4.449999999999999,4,117.53556513786316
3150,4.9,1,117.55669021606445
3151,4.449999999999999,4,117.5833215713501
3152,3.55,10,117.6199312210083
3153,4.15,6,117.65024876594543
3154,4.0,7,117.68046045303345
3155,4.6000000000000005,3,117.7079553604126
3156,4.3,5,117.73862528800964
3157,3.85,8,117.77079939842224
3158,4.449999999999999,4,117.79539251327515
3159,4.75,2,117.81950998306274
3160,4.9,1,117.84273529052734
3161,-1.75,15,118.03783845901489
3162,4.15,6,118.06951975822449
3163,-1.75,15,118.119069814682
3164,3.6999999999999997,9,118.16399383544922
3165,4.3,5,118.20093297958374
3166,4.15,6,118.2299473285675
3167,4.6000000000000005,3,118.26020169258118
3168,4.449999999999999,4,118.29406309127808
3169,4.0,7,118.33953499794006
3170,4.0,7,118.37329292297363
3171,4.6000000000000005,3,118.40354108810425
3172,4.449999999999999,4,118.43385481834412
3173,4.75,2,118.45892095565796
3174,4.6000000000000005,3,118.48721933364868
3175,4.75,2,118.51409006118774
3176,4.75,2,118.54021835327148
3177,4.3,5,118.57712507247925
3178,3.4,11,118.62613558769226
3179,-3.7,15,118.67707180976868
3180,4.75,2,118.70205950737
3181,4.75,2,118.7259931564331
3182,4.6000000000000005,3,118.75109529495239
3183,4.3,5,118.77724552154541
3184,4.449999999999999,4,118.80689120292664
3185,4.75,2,118.82993173599243
3186,3.6999999999999997,9,118.86738061904907
3187,4.6000000000000005,3,118.89255380630493
3188,4.6000000000000005,3,118.92114686965942
3189,4.0,7,118.9545681476593
3190,4.449999999999999,4,118.98428249359131
3191,4.75,2,119.00984978675842
3192,4.3,5,119.04669165611267
3193,4.449999999999999,4,119.07543444633484
3194,4.9,1,119.09777593612671
3195,3.85,8,119.13130855560303
3196,4.75,2,119.15738010406494
3197,4.3,5,119.18658661842346
3198,-1.75,15,119.23571681976318
3199,3.6999999999999997,9,119.272629737854
3200,3.4,11,119.31019496917725
3201,4.449999999999999,4,119.33717679977417
3202,4.3,5,119.36948299407959
3203,4.75,2,119.39506030082703
3204,3.6999999999999997,9,119.43118333816528
3205,4.0,7,119.4639642238617
3206,4.15,6,119.66762113571167
3207,4.75,2,119.69416880607605
3208,4.449999999999999,4,119.72792553901672
3209,-3.25,6,119.76116585731506
3210,4.6000000000000005,3,119.78855895996094
3211,4.449999999999999,4,119.81826829910278
3212,-1.75,15,119.86365795135498
3213,4.15,6,119.89790320396423
3214,-1.75,15,119.9428563117981
3215,4.6000000000000005,3,119.97185921669006
3216,4.15,6,120.0024995803833
3217,3.25,12,120.04929685592651
3218,4.449999999999999,4,120.08451676368713
3219,4.6000000000000005,3,120.11568307876587
3220,4.449999999999999,4,120.15125179290771
3221,3.85,8,120.19178247451782
3222,4.3,5,120.22934126853943
3223,4.75,2,120.25844073295593
3224,4.6000000000000005,3,120.28720045089722
3225,4.449999999999999,4,120.31883144378662
3226,4.0,7,120.35793232917786
3227,4.9,1,120.38009405136108
3228,4.15,6,120.41788816452026
3229,4.6000000000000005,3,120.44995212554932
3230,3.6999999999999997,9,120.49205183982849
3231,4.3,5,120.52404284477234
3232,4.75,2,120.55372333526611
3233,4.0,7,120.59033298492432
3234,4.6000000000000005,3,120.61982679367065
3235,4.0,7,120.65033674240112
3236,4.75,2,120.67631649971008
3237,4.3,5,120.7056360244751
3238,-3.2,5,120.73318362236023
3239,4.6000000000000005,3,120.75926661491394
3240,4.0,7,120.79513049125671
3241,4.3,5,120.82475018501282
3242,4.75,2,120.8504147529602
3243,4.3,5,120.88152027130127
3244,3.85,8,120.91755867004395
3245,4.6000000000000005,3,120.94555568695068
3246,4.75,2,120.97225499153137
3247,4.3,5,121.00188946723938
3248,4.15,6,121.03470230102539
3249,4.6000000000000005,3,121.06303238868713
3250,3.85,8,121.09796094894409
3251,4.6000000000000005,3,121.12325477600098
3252,4.75,2,121.14530181884766
3253,4.75,2,121.16948986053467
3254,4.3,5,121.19847512245178
3255,4.6000000000000005,3,121.22627520561218
3256,3.4,11,121.26700401306152
3257,3.55,10,121.45622754096985
3258,4.9,1,121.479238986969
3259,4.449999999999999,4,121.50634503364563
3260,4.6000000000000005,3,121.53563714027405
3261,4.449999999999999,4,121.56691575050354
3262,4.6000000000000005,3,121.59598159790039
3263,4.6000000000000005,3,121.62459063529968
3264,4.75,2,121.6487169265747
3265,4.3,5,121.67606854438782
3266,3.6999999999999997,9,121.71011233329773
3267,4.15,6,121.7403678894043
3268,4.15,6,121.76944899559021
3269,4.0,7,121.79903364181519
3270,4.3,5,121.82518982887268
3271,4.75,2,121.8517849445343
3272,-1.75,15,121.89467477798462
3273,4.449999999999999,4,121.92325019836426
3274,4.9,1,121.95102620124817
3275,4.15,6,121.98471355438232
3276,4.75,2,122.00752806663513
3277,4.9,1,122.03489279747009
3278,-3.3,7,122.069180727005
3279,4.6000000000000005,3,122.09839701652527
3280,4.449999999999999,4,122.12510633468628
3281,-1.75,15,122.17705726623535
3282,4.449999999999999,4,122.20828819274902
3283,4.6000000000000005,3,122.23589539527893
3284,4.9,1,122.25901484489441
3285,4.15,6,122.29258275032043
3286,4.3,5,122.32374477386475
3287,4.3,5,122.3525378704071
3288,4.0,7,122.39592289924622
3289,3.6999999999999997,9,122.43855381011963
3290,-3.15,4,122.46420979499817
3291,4.75,2,122.48722386360168
3292,4.9,1,122.51262903213501
3293,3.6999999999999997,9,122.54782152175903
3294,3.25,12,122.5889904499054
3295,-3.25,6,122.61977314949036
3296,4.15,6,122.64873266220093
3297,4.449999999999999,4,122.67442893981934
3298,3.6999999999999997,9,122.71040415763855
3299,4.15,6,122.74249505996704
3300,4.449999999999999,4,122.77431893348694
3301,-3.25,6,122.80472588539124
3302,-3.25,6,122.83367991447449
3303,4.3,5,122.86199259757996
3304,4.449999999999999,4,122.89218997955322
3305,4.3,5,123.08963823318481
3306,4.9,1,123.11826920509338
3307,-1.75,15,123.1687490940094
3308,3.1,13,123.21110486984253
3309,-1.75,15,123.25989389419556
3310,4.15,6,123.2930371761322
3311,4.449999999999999,4,123.31940507888794
3312,4.3,5,123.34755253791809
3313,4.0,7,123.3784236907959
3314,4.6000000000000005,3,123.40669441223145
3315,4.3,5,123.43827819824219
3316,4.0,7,123.47447848320007
3317,4.0,7,123.51187109947205
3318,3.4,11,123.55274701118469
3319,4.449999999999999,4,123.579843044281
3320,4.15,6,123.61218571662903
3321,4.0,7,123.65062403678894
3322,4.6000000000000005,3,123.68183732032776
3323,3.6999999999999997,9,123.7207703590393
3324,4.15,6,123.75401401519775
3325,4.449999999999999,4,123.78342032432556
3326,4.9,1,123.80934119224548
3327,3.85,8,123.84441137313843
3328,3.85,8,123.87744140625
3329,4.75,2,123.90567302703857
3330,3.85,8,123.9423930644989
3331,4.3,5,123.97729110717773
3332,3.6999999999999997,9,124.01747179031372
3333,-1.75,15,124.0637047290802
3334,4.15,6,124.0947675704956
3335,3.85,8,124.12952613830566
3336,3.6999999999999997,9,124.16592597961426
3337,4.75,2,124.19138693809509
3338,4.449999999999999,4,124.22289896011353
3339,3.55,10,124.26061940193176
3340,-3.45,10,124.30450248718262
3341,4.75,2,124.33200931549072
3342,3.85,8,124.37080478668213
3343,-1.75,15,124.59547114372253
3344,-3.05,2,124.62522435188293
3345,4.6000000000000005,3,124.65776252746582
3346,4.9,1,124.68540239334106
3347,4.0,7,124.71912431716919
3348,4.6000000000000005,3,124.74578857421875
3349,4.9,1,124.76941156387329
3350,4.449999999999999,4,124.79749369621277
3351,4.75,2,124.82171058654785
3352,4.6000000000000005,3,124.84810495376587
3353,4.3,5,124.87827777862549
3354,-1.75,15,124.92334580421448
3355,3.25,12,124.96085810661316
3356,4.9,1,124.98276352882385
3357,4.9,1,125.00607800483704
3358,3.85,8,125.0426619052887
3359,-1.75,15,125.08453369140625
3360,3.25,12,125.12222003936768
3361,3.25,12,125.1648576259613
3362,3.25,12,125.20244073867798
3363,4.0,7,125.23569750785828
3364,4.3,5,125.2707896232605
3365,4.6000000000000005,3,125.2985405921936
3366,3.6999999999999997,9,125.33515930175781
3367,4.15,6,125.36724758148193
3368,4.3,5,125.39760732650757
3369,4.449999999999999,4,125.42739677429199
3370,4.15,6,125.45766997337341
3371,4.9,1,125.47981882095337
3372,4.9,1,125.50217866897583
3373,4.3,5,125.53362345695496
3374,4.3,5,125.56414151191711
3375,4.0,7,125.60774302482605
3376,3.6999999999999997,9,125.64136123657227
3377,4.9,1,125.66550636291504
3378,4.449999999999999,4,125.69246292114258
3379,3.85,8,125.72673416137695
3380,-3.4,9,125.76762914657593
3381,4.0,7,125.79892587661743
3382,4.449999999999999,4,125.82598876953125
3383,4.6000000000000005,3,125.8505129814148
3384,4.449999999999999,4,125.88297510147095
3385,4.6000000000000005,3,125.9113667011261
3386,4.75,2,125.94107365608215
3387,3.85,8,126.13521981239319
3388,4.0,7,126.1709098815918
3389,4.3,5,126.20684790611267
3390,4.0,7,126.25022435188293
3391,4.3,5,126.2809329032898
3392,4.75,2,126.30606031417847
3393,4.449999999999999,4,126.33483552932739
3394,4.15,6,126.36473321914673
3395,4.6000000000000005,3,126.391366481781
3396,4.15,6,126.42367196083069
3397,4.449999999999999,4,126.4508752822876
3398,4.0,7,126.48617100715637
3399,4.0,7,126.51541948318481
3400,3.6999999999999997,9,126.55139565467834
3401,3.6999999999999997,9,126.58777213096619
3402,4.15,6,126.62580370903015
3403,4.15,6,126.66386413574219
3404,4.6000000000000005,3,126.692373752594
3405,4.3,5,126.72326254844666
3406,3.55,10,126.76397657394409
3407,-1.75,15,126.80938339233398
3408,4.6000000000000005,3,126.83442878723145
3409,3.85,8,126.86653542518616
3410,4.75,2,126.89290452003479
3411,4.6000000000000005,3,126.9233946800232
3412,4.449999999999999,4,126.95255446434021
3413,3.85,8,126.99165606498718
3414,3.6999999999999997,9,127.03523635864258
3415,-1.75,15,127.08305764198303
3416,4.75,2,127.11516427993774
3417,4.75,2,127.14745759963989
3418,4.3,5,127.1864504814148
3419,4.3,5,127.21454000473022
3420,3.85,8,127.2569751739502
3421,-1.75,15,127.30606818199158
3422,4.0,7,127.33763670921326
3423,4.449999999999999,4,127.36376070976257
3424,4.9,1,127.38649320602417
3425,-3.1,3,127.41482663154602
3426,4.15,6,127.4486312866211
3427,4.15,6,127.48600625991821
3428,4.449999999999999,4,127.5153455734253
3429,3.55,10,127.70473289489746
3430,4.75,2,127.73825097084045
3431,4.15,6,127.77391695976257
3432,4.0,7,127.80948495864868
3433,4.3,5,127.83849620819092
3434,4.6000000000000005,3,127.87365913391113
3435,4.15,6,127.90431952476501
3436,3.55,10,127.94719958305359
3437,4.9,1,127.97483706474304
3438,4.3,5,128.00442028045654
3439,4.15,6,128.0359218120575
3440,-3.55,12,128.0762505531311
3441,3.6999999999999997,9,128.10778427124023
3442,3.85,8,128.1414074897766
3443,4.75,2,128.16709852218628
3444,4.449999999999999,4,128.19308924674988
3445,2.8,15,128.24199867248535
3446,4.6000000000000005,3,128.2712082862854
3447,4.3,5,128.30208206176758
3448,4.75,2,128.32251524925232
3449,4.75,2,128.3503086566925
3450,-1.75,15,128.39495992660522
3451,-1.75,15,128.43909168243408
3452,4.6000000000000005,3,128.46534180641174
3453,3.55,10,128.5018208026886
3454,3.6999999999999997,9,128.53903007507324
3455,4.449999999999999,4,128.56921815872192
3456,3.85,8,128.60282158851624
3457,4.15,6,128.63808131217957
3458,4.15,6,128.66890501976013
3459,3.85,8,128.7075319290161
3460,4.15,6,128.74175357818604
3461,4.449999999999999,4,128.76943612098694
3462,3.55,10,128.80410313606262
3463,3.85,8,128.8365867137909
3464,-3.15,4,128.86567378044128
3465,4.0,7,128.89582920074463
3466,4.449999999999999,4,128.92558121681213
3467,4.9,1,128.94822549819946
3468,4.9,1,128.97627329826355
3469,3.25,12,129.02727222442627
3470,4.3,5,129.23681497573853
3471,4.6000000000000005,3,129.27065539360046
3472,2.8,15,129.32450580596924
3473,4.9,1,129.35444927215576
3474,4.6000000000000005,3,129.38032960891724
3475,4.15,6,129.41831278800964
3476,4.6000000000000005,3,129.44491696357727
3477,4.15,6,129.47432851791382
3478,4.3,5,129.50470995903015
3479,4.449999999999999,4,129.52893209457397
3480,3.6999999999999997,9,129.56863594055176
3481,-3.3,7,129.59805488586426
3482,3.85,8,129.63159036636353
3483,4.449999999999999,4,129.66022992134094
3484,4.0,7,129.6908016204834
3485,4.6000000000000005,3,129.71819067001343
3486,3.6999999999999997,9,129.7514684200287
3487,4.449999999999999,4,129.78193163871765
3488,4.15,6,129.80819964408875
3489,4.449999999999999,4,129.8347930908203
3490,4.6000000000000005,3,129.8593966960907
3491,4.449999999999999,4,129.88620519638062
3492,4.75,2,129.91477155685425
3493,4.0,7,129.9480495452881
3494,3.85,8,129.9846522808075
3495,4.75,2,130.01223421096802
3496,4.75,2,130.04241514205933
3497,4.15,6,130.0760040283203
3498,4.449999999999999,4,130.10865950584412
3499,-1.75,15,130.15342950820923
3500,4.6000000000000005,3,130.17696690559387
3501,-1.75,15,130.22071170806885
3502,4.3,5,130.25036644935608
3503,4.0,7,130.28235340118408
3504,4.449999999999999,4,130.3126482963562
3505,4.6000000000000005,3,130.34358191490173
3506,4.6000000000000005,3,130.37283515930176
3507,4.449999999999999,4,130.40381598472595
3508,4.15,6,130.43765687942505
3509,4.6000000000000005,3,130.46603775024414
3510,4.6000000000000005,3,130.491601228714
3511,4.6000000000000005,3,130.5220649242401
3512,4.15,6,130.5592703819275
3513,3.85,8,130.6063950061798
3514,4.0,7,130.63891983032227
3515,4.449999999999999,4,130.67007398605347
3516,4.75,2,130.69936609268188
3517,4.75,2,130.72479128837585
3518,4.449999999999999,4,130.91796374320984
3519,4.15,6,130.95113134384155
3520,4.15,6,130.99041366577148
3521,4.6000000000000005,3,131.01894664764404
3522,-1.75,15,131.06679153442383
3523,3.55,10,131.10235142707825
3524,4.0,7,131.13585829734802
3525,4.3,5,131.16658473014832
3526,4.6000000000000005,3,131.19709014892578
3527,3.6999999999999997,9,131.23330998420715
3528,4.3,5,131.26979303359985
3529,3.6999999999999997,9,131.30397725105286
3530,4.6000000000000005,3,131.33226895332336
3531,4.3,5,131.36357951164246
3532,3.55,10,131.40975379943848
3533,4.0,7,131.44936418533325
3534,4.75,2,131.48006463050842
3535,4.6000000000000005,3,131.50758624076843
3536,3.55,10,131.55205297470093
3537,3.4,11,131.5908007621765
3538,4.6000000000000005,3,131.62066769599915
3539,3.55,10,131.6550748348236
3540,4.75,2,131.67913699150085
3541,4.0,7,131.71206665039062
3542,4.75,2,131.7335593700409
3543,4.9,1,131.75668501853943
3544,3.1,13,131.7937262058258
3545,4.6000000000000005,3,131.82027649879456
3546,4.449999999999999,4,131.84640264511108
3547,4.0,7,131.87562108039856
3548,4.3,5,131.9032804965973
3549,4.0,7,131.93486261367798
3550,4.9,1,131.95897006988525
3551,4.449999999999999,4,131.98869252204895
3552,4.6000000000000005,3,132.01247668266296
3553,3.55,10,132.04869771003723
3554,4.15,6,132.08752489089966
3555,4.3,5,132.11993598937988
3556,4.0,7,132.15337777137756
3557,4.0,7,132.2009720802307
3558,4.75,2,132.2259349822998
3559,-1.75,15,132.27487444877625
3560,4.6000000000000005,3,132.46031951904297
3561,4.9,1,132.48537850379944
3562,4.449999999999999,4,132.51434683799744
3563,4.3,5,132.54604268074036
3564,3.25,12,132.58674001693726
3565,4.75,2,132.61925268173218
3566,3.6999999999999997,9,132.6550374031067
3567,4.75,2,132.68059825897217
3568,4.449999999999999,4,132.70728182792664
3569,4.3,5,132.74017977714539
3570,4.449999999999999,4,132.7706263065338
3571,4.449999999999999,4,132.79785060882568
3572,3.25,12,132.83749318122864
3573,-1.75,15,132.8795759677887
3574,4.449999999999999,4,132.90870642662048
3575,4.3,5,132.94637179374695
3576,3.85,8,132.98110485076904
3577,3.4,11,133.02315044403076
3578,3.1,13,133.06527996063232
3579,3.25,12,133.10482120513916
3580,4.15,6,133.1410026550293
3581,4.449999999999999,4,133.16976380348206
3582,4.6000000000000005,3,133.19484424591064
3583,4.3,5,133.22786927223206
3584,4.3,5,133.25821495056152
3585,4.15,6,133.28798747062683
3586,4.449999999999999,4,133.31881856918335
3587,3.85,8,133.35655760765076
3588,-3.4,9,133.3981146812439
3589,4.75,2,133.42040252685547
3590,3.6999999999999997,9,133.4552357196808
3591,4.3,5,133.48659205436707
3592,4.449999999999999,4,133.5122411251068
3593,4.6000000000000005,3,133.54598021507263
3594,4.75,2,133.57202982902527
3595,4.449999999999999,4,133.6018946170807
3596,-1.75,15,133.6466338634491
3597,3.6999999999999997,9,133.68495106697083
3598,4.6000000000000005,3,133.7215518951416
3599,-1.75,15,133.78021121025085
3600,3.85,8,133.98937559127808
3601,4.75,2,134.0196602344513
3602,3.85,8,134.0556390285492
3603,4.0,7,134.0904519557953
3604,-3.35,8,134.12484073638916
3605,-1.75,15,134.17227387428284
3606,3.85,8,134.2141308784485
3607,4.449999999999999,4,134.23968839645386
3608,4.0,7,134.27726101875305
3609,3.85,8,134.31691336631775
3610,4.75,2,134.3401815891266
3611,4.15,6,134.37170505523682
3612,4.449999999999999,4,134.39840698242188
3613,3.85,8,134.43377947807312
3614,4.0,7,134.46587657928467
3615,4.6000000000000005,3,134.4904487133026
3616,4.0,7,134.522394657135
3617,4.9,1,134.55173206329346
3618,4.75,2,134.57642006874084
3619,4.3,5,134.60789823532104
3620,4.6000000000000005,3,134.6374089717865
3621,4.6000000000000005,3,134.66822409629822
3622,4.75,2,134.69550466537476
3623,4.0,7,134.73279547691345
3624,4.75,2,134.75578427314758
3625,4.9,1,134.78037548065186
3626,4.3,5,134.80607986450195
3627,4.449999999999999,4,134.8335418701172
3628,4.75,2,134.85695123672485
3629,4.0,7,134.8900396823883
3630,4.449999999999999,4,134.9191198348999
3631,3.6999999999999997,9,134.96143627166748
3632,4.6000000000000005,3,134.9891119003296
3633,4.6000000000000005,3,135.0206573009491
3634,4.9,1,135.04889297485352
3635,4.0,7,135.07971096038818
3636,3.55,10,135.11394357681274
3637,3.6999999999999997,9,135.1521761417389
3638,4.3,5,135.1841847896576
3639,4.0,7,135.2220118045807
3640,4.15,6,135.25725960731506
3641,3.4,11,135.2953896522522
3642,4.449999999999999,4,135.32211327552795
3643,4.15,6,135.36258149147034
3644,4.6000000000000005,3,135.39905405044556
3645,4.75,2,135.43401741981506
3646,4.449999999999999,4,135.47005820274353
3647,4.6000000000000005,3,135.50077271461487
3648,4.6000000000000005,3,135.53079438209534
3649,3.4,11,135.71642017364502
3650,4.6000000000000005,3,135.74588775634766
3651,4.6000000000000005,3,135.77519035339355
3652,4.75,2,135.799546957016
3653,4.3,5,135.82673978805542
3654,3.4,11,135.86792373657227
3655,4.3,5,135.8948175907135
3656,4.15,6,135.9287931919098
3657,4.9,1,135.95029664039612
3658,4.6000000000000005,3,135.9745659828186
3659,4.0,7,136.00601887702942
3660,4.449999999999999,4,136.0355668067932
3661,-1.75,15,136.08739280700684
3662,4.6000000000000005,3,136.1195993423462
3663,4.449999999999999,4,136.14911603927612
3664,3.25,12,136.1910741329193
3665,4.75,2,136.22030305862427
3666,4.75,2,136.2466380596161
3667,4.9,1,136.2722613811493
3668,4.449999999999999,4,136.30203366279602
3669,3.55,10,136.33689188957214
3670,4.75,2,136.36454939842224
3671,4.6000000000000005,3,136.40081429481506
3672,4.75,2,136.42844009399414
3673,4.75,2,136.4524223804474
3674,3.55,10,136.4867730140686
3675,4.449999999999999,4,136.51352834701538
3676,4.0,7,136.54361248016357
3677,4.449999999999999,4,136.57361674308777
3678,4.6000000000000005,3,136.6032464504242
3679,4.3,5,136.63086223602295
3680,4.6000000000000005,3,136.65587782859802
3681,-1.75,15,136.70213961601257
3682,4.3,5,136.73224902153015
3683,4.75,2,136.75561928749084
3684,4.449999999999999,4,136.7875735759735
3685,4.6000000000000005,3,136.8125627040863
3686,-1.75,15,136.85726952552795
3687,4.3,5,136.88465237617493
3688,3.25,12,136.92908692359924
3689,4.9,1,136.95316791534424
3690,-3.15,4,136.98501706123352
3691,4.449999999999999,4,137.01690483093262
3692,3.55,10,137.05969190597534
3693,4.75,2,137.09501481056213
3694,4.15,6,137.1295280456543
3695,4.15,6,137.16496634483337
3696,4.75,2,137.1932990550995
3697,-3.4,9,137.3877956867218
3698,3.85,8,137.42328453063965
3699,4.6000000000000005,3,137.44999814033508
3700,3.85,8,137.48489260673523
3701,4.449999999999999,4,137.51220321655273
3702,4.6000000000000005,3,137.5381214618683
3703,-3.45,10,137.57489943504333
3704,4.75,2,137.60114550590515
3705,4.75,2,137.62473511695862
3706,4.75,2,137.65201330184937
3707,4.0,7,137.68335247039795
3708,4.6000000000000005,3,137.70933032035828
3709,4.9,1,137.7338263988495
3710,4.3,5,137.7679181098938
3711,4.3,5,137.79883575439453
3712,-1.75,15,137.83961009979248
3713,4.449999999999999,4,137.86757063865662
3714,4.449999999999999,4,137.89891147613525
3715,3.85,8,137.93638396263123
3716,4.75,2,137.961190700531
3717,3.85,8,137.9958131313324
3718,4.3,5,138.02652192115784
3719,4.6000000000000005,3,138.05368185043335
3720,4.3,5,138.08509612083435
3721,3.4,11,138.12332558631897
3722,4.6000000000000005,3,138.1552996635437
3723,4.75,2,138.1803286075592
3724,4.449999999999999,4,138.21012425422668
3725,-1.75,15,138.26336073875427
3726,3.4,11,138.3021445274353
3727,4.0,7,138.33963894844055
3728,3.55,10,138.37859225273132
3729,4.6000000000000005,3,138.4057731628418
3730,4.3,5,138.4403486251831
3731,-1.75,15,138.50086975097656
3732,4.75,2,138.5352385044098
3733,4.15,6,138.57037711143494
3734,4.75,2,138.60086584091187
3735,4.3,5,138.63653659820557
3736,3.25,12,138.6847677230835
3737,4.0,7,138.7176694869995
3738,4.6000000000000005,3,138.7437949180603
3739,4.3,5,138.775377035141
3740,-3.25,6,138.94744563102722
3741,4.75,2,138.96870017051697
3742,3.25,12,139.00582313537598
3743,4.75,2,139.03088641166687
3744,4.3,5,139.0609929561615
3745,4.0,7,139.09328413009644
3746,4.449999999999999,4,139.12048316001892
3747,-3.3,7,139.15585780143738
3748,4.449999999999999,4,139.18750143051147
3749,3.6999999999999997,9,139.229389667511
3750,4.3,5,139.26124048233032
3751,4.449999999999999,4,139.2930006980896
3752,4.15,6,139.32799291610718
3753,4.0,7,139.36356019973755
3754,4.75,2,139.38706755638123
3755,4.3,5,139.4159049987793
3756,4.15,6,139.445561170578
3757,4.6000000000000005,3,139.47460842132568
3758,3.85,8,139.50978708267212
3759,4.449999999999999,4,139.54160737991333
3760,4.75,2,139.56633734703064
3761,4.3,5,139.59849858283997
3762,4.449999999999999,4,139.62706637382507
3763,4.449999999999999,4,139.65402698516846
3764,4.75,2,139.67926812171936
3765,4.449999999999999,4,139.70922780036926
3766,3.85,8,139.74378299713135
3767,4.6000000000000005,3,139.7708339691162
3768,4.15,6,139.7984495162964
3769,4.6000000000000005,3,139.8237133026123
3770,4.15,6,139.85719275474548
3771,4.9,1,139.88364505767822
3772,3.55,10,139.9261109828949
3773,4.6000000000000005,3,139.95170545578003
3774,3.85,8,139.98641729354858
3775,4.449999999999999,4,140.01738095283508
3776,4.449999999999999,4,140.05021405220032
3777,4.3,5,140.0851287841797
3778,4.9,1,140.11034202575684
3779,4.15,6,140.14700746536255
3780,4.6000000000000005,3,140.18155145645142
3781,4.75,2,140.21685147285461
3782,4.3,5,140.2569444179535
3783,4.6000000000000005,3,140.2887773513794
3784,4.75,2,140.32007575035095
3785,4.3,5,140.35442781448364
3786,4.75,2,140.38375616073608
3787,4.6000000000000005,3,140.41866779327393
3788,4.15,6,140.4612376689911
3789,4.9,1,140.48832035064697
3790,4.75,2,140.520521402359
3791,4.6000000000000005,3,140.55185914039612
3792,4.449999999999999,4,140.58544039726257
3793,4.15,6,140.61820006370544
3794,4.75,2,140.6467423439026
3795,4.75,2,140.67705416679382
3796,4.15,6,140.70836353302002
3797,4.15,6,140.74113273620605
3798,4.3,5,140.92578220367432
3799,3.6999999999999997,9,140.9621880054474
3800,3.4,11,140.99954056739807
3801,3.55,10,141.0351598262787
3802,3.25,12,141.07466673851013
3803,4.75,2,141.1050865650177
3804,4.15,6,141.14123129844666
3805,4.3,5,141.18104314804077
3806,3.6999999999999997,9,141.21706891059875
3807,4.15,6,141.2503843307495
3808,4.75,2,141.27600193023682
3809,3.6999999999999997,9,141.31550216674805
3810,4.3,5,141.3462450504303
3811,4.75,2,141.3756594657898
3812,4.0,7,141.40728783607483
3813,4.0,7,141.44109559059143
3814,4.75,2,141.46834444999695
3815,4.75,2,141.49802374839783
3816,4.9,1,141.52271437644958
3817,4.0,7,141.55918955802917
3818,4.6000000000000005,3,141.58944749832153
3819,4.75,2,141.6198935508728
3820,4.3,5,141.65354824066162
3821,4.449999999999999,4,141.68438458442688
3822,4.3,5,141.7178087234497
3823,4.6000000000000005,3,141.74888277053833
3824,4.15,6,141.78839111328125
3825,-1.75,15,141.83660554885864
3826,4.6000000000000005,3,141.8617537021637
3827,4.3,5,141.8902497291565
3828,4.75,2,141.9139416217804
3829,4.6000000000000005,3,141.9419572353363
3830,4.9,1,141.9674596786499
3831,4.449999999999999,4,141.99178290367126
3832,4.75,2,142.0208797454834
3833,4.75,2,142.04893326759338
3834,4.15,6,142.07948660850525
3835,3.85,8,142.10931754112244
3836,4.6000000000000005,3,142.13371300697327
3837,4.75,2,142.1638889312744
3838,4.75,2,142.1974959373474
3839,3.85,8,142.23021817207336
3840,4.75,2,142.25432181358337
3841,4.6000000000000005,3,142.2842321395874
3842,4.449999999999999,4,142.3211510181427
3843,4.3,5,142.35122156143188
3844,3.55,10,142.38942909240723
3845,-3.35,8,142.4233260154724
3846,3.85,8,142.45805597305298
3847,4.3,5,142.62573719024658
3848,4.449999999999999,4,142.6565191745758
3849,4.6000000000000005,3,142.68286514282227
3850,3.55,10,142.71936464309692
3851,4.6000000000000005,3,142.7480525970459
3852,4.6000000000000005,3,142.77501583099365
3853,4.75,2,142.8011713027954
3854,4.75,2,142.8269557952881
3855,4.6000000000000005,3,142.85374236106873
3856,4.15,6,142.8836636543274
3857,4.0,7,142.9143705368042
3858,4.6000000000000005,3,142.94173645973206
3859,4.75,2,142.96797609329224
3860,4.3,5,142.99789190292358
3861,4.15,6,143.0280704498291
3862,3.85,8,143.063458442688
3863,3.85,8,143.09979605674744
3864,4.9,1,143.12742042541504
3865,-1.75,15,143.17409777641296
3866,4.6000000000000005,3,143.20446491241455
3867,3.85,8,143.2476954460144
3868,-1.75,15,143.30156421661377
3869,4.75,2,143.33269882202148
3870,4.0,7,143.36770868301392
3871,4.6000000000000005,3,143.39597058296204
3872,4.6000000000000005,3,143.42508387565613
3873,3.4,11,143.46624279022217
3874,4.449999999999999,4,143.49397611618042
3875,3.1,13,143.53622937202454
3876,3.85,8,143.57705354690552
3877,4.449999999999999,4,143.60500645637512
3878,3.85,8,143.64107632637024
3879,3.85,8,143.67273831367493
3880,4.75,2,143.69687509536743
3881,-1.75,15,143.73935532569885
3882,4.3,5,143.7733724117279
3883,4.6000000000000005,3,143.80092358589172
3884,4.0,7,143.8352189064026
3885,4.9,1,143.86425805091858
3886,4.0,7,143.89939665794373
3887,4.6000000000000005,3,143.9279866218567
3888,4.9,1,143.95135617256165
3889,4.449999999999999,4,143.9860496520996
3890,4.449999999999999,4,144.01251006126404
3891,4.15,6,144.04706382751465
3892,4.6000000000000005,3,144.0792052745819
3893,4.15,6,144.11270880699158
3894,4.449999999999999,4,144.3074688911438
3895,4.15,6,144.33948636054993
3896,4.6000000000000005,3,144.36873602867126
3897,4.15,6,144.40359330177307
3898,4.6000000000000005,3,144.4345781803131
3899,3.55,10,144.47268629074097
3900,4.3,5,144.50948476791382
3901,4.449999999999999,4,144.53721499443054
3902,3.85,8,144.5721824169159
3903,4.6000000000000005,3,144.59957695007324
3904,4.75,2,144.62200284004211
3905,4.15,6,144.65032029151917
3906,-1.75,15,144.70198583602905
3907,4.3,5,144.73965311050415
3908,4.6000000000000005,3,144.76600551605225
3909,4.6000000000000005,3,144.79263353347778
3910,4.0,7,144.83126997947693
3911,4.6000000000000005,3,144.86018753051758
3912,4.75,2,144.88459515571594
3913,3.6999999999999997,9,144.9261028766632
3914,3.85,8,144.96604943275452
3915,4.3,5,144.99227166175842
3916,4.6000000000000005,3,145.01885890960693
3917,4.449999999999999,4,145.0474293231964
3918,4.9,1,145.06786799430847
3919,4.75,2,145.0915825366974
3920,4.3,5,145.11988973617554
3921,4.449999999999999,4,145.1480677127838
3922,3.6999999999999997,9,145.18502163887024
3923,4.449999999999999,4,145.21439909934998
3924,4.75,2,145.23987531661987
3925,4.3,5,145.27086734771729
3926,4.0,7,145.30335354804993
3927,4.0,7,145.33577513694763
3928,4.9,1,145.36553025245667
3929,4.6000000000000005,3,145.3946816921234
3930,4.0,7,145.4275450706482
3931,3.4,11,145.4715735912323
3932,3.55,10,145.5137116909027
3933,4.6000000000000005,3,145.53961992263794
3934,4.3,5,145.5717957019806
3935,4.75,2,145.5992681980133
3936,-1.75,15,145.64746284484863
3937,3.4,11,145.68702220916748
3938,4.15,6,145.72084093093872
3939,4.3,5,145.74888253211975
3940,4.15,6,145.93880653381348
3941,-3.0,1,145.96456456184387
3942,4.449999999999999,4,145.99545693397522
3943,-3.15,4,146.02101302146912
3944,3.85,8,146.05718159675598
3945,4.6000000000000005,3,146.08573412895203
3946,4.6000000000000005,3,146.1207332611084
3947,4.6000000000000005,3,146.15158915519714
3948,4.6000000000000005,3,146.18086433410645
3949,4.75,2,146.2043902873993
3950,3.55,10,146.2506628036499
3951,4.15,6,146.28708124160767
3952,4.15,6,146.31942081451416
3953,3.85,8,146.35885763168335
3954,4.3,5,146.3945996761322
3955,4.0,7,146.43271708488464
3956,4.3,5,146.46462607383728
3957,-3.3,7,146.49977016448975
3958,4.6000000000000005,3,146.52841353416443
3959,3.25,12,146.5688557624817
3960,4.15,6,146.60778832435608
3961,4.6000000000000005,3,146.63962841033936
3962,4.0,7,146.6735599040985
3963,3.4,11,146.72996926307678
3964,3.85,8,146.78216576576233
3965,4.75,2,146.81671524047852
3966,3.25,12,146.86768174171448
3967,-1.75,15,146.92398357391357
3968,4.9,1,146.94767022132874
3969,4.75,2,146.97212052345276
3970,4.449999999999999,4,147.00091099739075
3971,3.1,13,147.04571557044983
3972,-3.0,1,147.07050132751465
3973,4.9,1,147.09423661231995
3974,3.4,11,147.13754844665527
3975,4.75,2,147.16672253608704
3976,4.6000000000000005,3,147.19487524032593
3977,4.15,6,147.2314898967743
3978,4.449999999999999,4,147.25833868980408
3979,4.449999999999999,4,147.2871413230896
3980,3.85,8,147.3238890171051
3981,4.15,6,147.35733127593994
3982,4.6000000000000005,3,147.3869240283966
3983,4.449999999999999,4,147.41998887062073
3984,4.15,6,147.45319604873657
3985,3.6999999999999997,9,147.4921109676361
3986,3.6999999999999997,9,147.67507481575012
3987,4.3,5,147.70581150054932
3988,4.75,2,147.73226499557495
3989,4.9,1,147.75325202941895
3990,3.55,10,147.79457759857178
3991,4.3,5,147.8222861289978
3992,3.4,11,147.86677813529968
3993,4.3,5,147.90267825126648
3994,4.449999999999999,4,147.93566489219666
3995,4.9,1,147.96301078796387
3996,3.25,12,148.01825404167175
3997,4.75,2,148.0451533794403
3998,4.6000000000000005,3,148.07237362861633
3999,3.1,13,148.1192488670349
4000,4.3,5,148.1515862941742
4001,4.0,7,148.18704342842102
4002,4.15,6,148.22429990768433
4003,4.15,6,148.26054215431213
4004,3.6999999999999997,9,148.29714560508728
4005,3.25,12,148.33771181106567
4006,4.6000000000000005,3,148.3643925189972
4007,4.15,6,148.39830207824707
4008,4.3,5,148.42490649223328
4009,3.25,12,148.46722221374512
4010,4.449999999999999,4,148.49511671066284
4011,4.6000000000000005,3,148.52768731117249
4012,4.0,7,148.56568956375122
4013,4.0,7,148.59487891197205
4014,4.449999999999999,4,148.62018632888794
4015,4.6000000000000005,3,148.65029954910278
4016,3.4,11,148.68902683258057
4017,4.9,1,148.71743893623352
4018,4.449999999999999,4,148.74256134033203
4019,4.15,6,148.77370619773865
4020,4.75,2,148.79738187789917
4021,4.0,7,148.82764887809753
4022,4.6000000000000005,3,148.85288071632385
4023,4.449999999999999,4,148.88814425468445
4024,4.6000000000000005,3,148.91621136665344
4025,4.3,5,148.9423143863678
4026,4.3,5,148.97117686271667
4027,4.449999999999999,4,149.00021123886108
4028,4.15,6,149.0304069519043
4029,4.449999999999999,4,149.0552794933319
4030,4.3,5,149.08462619781494
4031,4.6000000000000005,3,149.1131272315979
4032,4.3,5,149.29884457588196
4033,4.449999999999999,4,149.3226125240326
4034,3.6999999999999997,9,149.36073422431946
4035,4.449999999999999,4,149.39103841781616
4036,4.9,1,149.42242813110352
4037,4.6000000000000005,3,149.45249319076538
4038,4.449999999999999,4,149.48600912094116
4039,3.25,12,149.5287013053894
4040,3.4,11,149.5737280845642
4041,4.75,2,149.60804963111877
4042,4.449999999999999,4,149.64260697364807
4043,4.3,5,149.67937970161438
4044,3.55,10,149.71616983413696
4045,3.85,8,149.75615739822388
4046,4.0,7,149.78856945037842
4047,3.4,11,149.83144569396973
4048,3.55,10,149.8672389984131
4049,4.0,7,149.90066051483154
4050,4.75,2,149.93124961853027
4051,4.449999999999999,4,149.96549248695374
4052,4.6000000000000005,3,149.9948148727417
4053,3.4,11,150.03398752212524
4054,4.3,5,150.07033228874207
4055,3.85,8,150.11171793937683
4056,4.449999999999999,4,150.13850855827332
4057,4.75,2,150.1641595363617
4058,4.3,5,150.19150018692017
4059,4.449999999999999,4,150.22228360176086
4060,4.6000000000000005,3,150.25048637390137
4061,4.6000000000000005,3,150.27721762657166
4062,4.9,1,150.30312156677246
4063,4.6000000000000005,3,150.33313846588135
4064,4.3,5,150.36553859710693
4065,4.6000000000000005,3,150.39265251159668
4066,-3.35,8,150.42993307113647
4067,4.449999999999999,4,150.45822620391846
4068,4.9,1,150.48804473876953
4069,4.449999999999999,4,150.52322602272034
4070,3.6999999999999997,9,150.5660583972931
4071,3.85,8,150.60151505470276
4072,4.449999999999999,4,150.63304352760315
4073,4.3,5,150.661851644516
4074,3.4,11,150.7022726535797
4075,3.85,8,150.74196982383728
4076,4.449999999999999,4,150.77206897735596
4077,4.75,2,150.79977321624756
4078,4.15,6,150.82738733291626
4079,4.6000000000000005,3,150.9935004711151
4080,4.3,5,151.03003072738647
4081,4.0,7,151.06998705863953
4082,4.0,7,151.1031458377838
4083,3.25,12,151.14691710472107
4084,-1.75,15,151.19116258621216
4085,4.3,5,151.224956035614
4086,-3.0,1,151.24930143356323
4087,3.4,11,151.28687810897827
4088,4.6000000000000005,3,151.31865072250366
4089,4.75,2,151.34810137748718
4090,4.75,2,151.37625551223755
4091,4.3,5,151.40492129325867
4092,4.15,6,151.43849086761475
4093,3.55,10,151.4780719280243
4094,-3.35,8,151.5136342048645
4095,4.75,2,151.53677487373352
4096,4.3,5,151.5686469078064
4097,3.85,8,151.61171555519104
4098,4.3,5,151.6448690891266
4099,4.6000000000000005,3,151.66803646087646
4100,-1.75,15,151.70972895622253
4101,-1.75,15,151.75318598747253
4102,4.449999999999999,4,151.78101801872253
4103,4.0,7,151.81495761871338
4104,4.9,1,151.83835291862488
4105,3.85,8,151.8717339038849
4106,4.15,6,151.90148305892944
4107,4.6000000000000005,3,151.92630195617676
4108,3.4,11,151.96488404273987
4109,4.449999999999999,4,151.99701952934265
4110,3.6999999999999997,9,152.03388905525208
4111,3.85,8,152.07106494903564
4112,3.4,11,152.11042428016663
4113,3.85,8,152.14648842811584
4114,4.0,7,152.1787989139557
4115,4.6000000000000005,3,152.20354390144348
4116,4.3,5,152.23339295387268
4117,3.6999999999999997,9,152.4163031578064
4118,4.6000000000000005,3,152.44140338897705
4119,4.15,6,152.47527408599854
4120,4.0,7,152.51168417930603
4121,-3.25,6,152.5530869960785
4122,4.3,5,152.5902121067047
4123,3.85,8,152.6314389705658
4124,3.6999999999999997,9,152.67295837402344
4125,3.6999999999999997,9,152.7180848121643
4126,4.9,1,152.745707988739
4127,4.449999999999999,4,152.77988409996033
4128,4.0,7,152.8125615119934
4129,4.6000000000000005,3,152.8386628627777
4130,4.6000000000000005,3,152.86748600006104
4131,4.449999999999999,4,152.8965744972229
4132,4.75,2,152.9247546195984
4133,4.6000000000000005,3,152.9539029598236
4134,4.75,2,152.98257851600647
4135,4.3,5,153.01552844047546
4136,4.6000000000000005,3,153.04430055618286
4137,4.6000000000000005,3,153.07166242599487
4138,4.15,6,153.10527896881104
4139,4.0,7,153.13957047462463
4140,-3.25,6,153.16862201690674
4141,4.449999999999999,4,153.196790933609
4142,4.3,5,153.22605395317078
4143,-1.75,15,153.26771330833435
4144,4.75,2,153.29415488243103
4145,4.3,5,153.3271369934082
4146,4.3,5,153.358793258667
4147,4.6000000000000005,3,153.38234901428223
4148,4.15,6,153.41463088989258
4149,4.6000000000000005,3,153.442480802536
4150,4.449999999999999,4,153.46858310699463
4151,3.55,10,153.5074155330658
4152,4.449999999999999,4,153.54143714904785
4153,3.6999999999999997,9,153.57841420173645
4154,3.85,8,153.61235284805298
4155,4.15,6,153.64255118370056
4156,4.449999999999999,4,153.6737892627716
4157,4.75,2,153.70357370376587
4158,3.85,8,153.73472714424133
4159,4.75,2,153.76249170303345
4160,3.6999999999999997,9,153.79710841178894
4161,4.15,6,153.83186221122742
4162,4.6000000000000005,3,153.8639690876007
4163,-1.75,15,153.91268229484558
4164,3.6999999999999997,9,154.12233757972717
4165,3.25,12,154.16568732261658
4166,3.85,8,154.2065088748932
4167,4.6000000000000005,3,154.2381043434143
4168,3.55,10,154.27614879608154
4169,4.3,5,154.31153774261475
4170,4.75,2,154.33670592308044
4171,3.4,11,154.37494158744812
4172,4.449999999999999,4,154.40181255340576
4173,4.0,7,154.43539094924927
4174,-1.75,15,154.47961711883545
4175,3.55,10,154.5192744731903
4176,4.449999999999999,4,154.5498969554901
4177,3.85,8,154.59449219703674
4178,4.449999999999999,4,154.63165807724
4179,4.0,7,154.66908025741577
4180,4.3,5,154.70361709594727
4181,4.449999999999999,4,154.7315537929535
4182,4.3,5,154.76254796981812
4183,3.6999999999999997,9,154.7965829372406
4184,4.6000000000000005,3,154.8219187259674
4185,3.6999999999999997,9,154.85466289520264
4186,4.15,6,154.89099764823914
4187,4.75,2,154.9224090576172
4188,4.0,7,154.95516347885132
4189,4.449999999999999,4,154.98698329925537
4190,4.0,7,155.02328777313232
4191,3.1,13,155.06789135932922
4192,4.3,5,155.10516476631165
4193,4.3,5,155.13859105110168
4194,4.75,2,155.1660327911377
4195,4.3,5,155.19266176223755
4196,4.3,5,155.22361207008362
4197,4.75,2,155.24879384040833
4198,4.15,6,155.276602268219
4199,3.25,12,155.3168065547943
4200,4.3,5,155.34660029411316
4201,3.4,11,155.38733744621277
4202,3.85,8,155.42312788963318
4203,3.55,10,155.60607957839966
4204,4.6000000000000005,3,155.63463425636292
4205,4.75,2,155.65720176696777
4206,3.4,11,155.69981980323792
4207,4.75,2,155.72827339172363
4208,4.3,5,155.7636013031006
4209,3.6999999999999997,9,155.79865217208862
4210,4.15,6,155.83723497390747
4211,3.55,10,155.88299202919006
4212,-3.05,2,155.90959405899048
4213,4.449999999999999,4,155.93955898284912
4214,4.75,2,155.96721029281616
4215,-3.0,1,155.99367308616638
4216,3.55,10,156.03246474266052
4217,3.6999999999999997,9,156.06752181053162
4218,4.75,2,156.0923261642456
4219,4.6000000000000005,3,156.12691640853882
4220,4.449999999999999,4,156.16224265098572
4221,4.75,2,156.18974208831787
4222,-1.75,15,156.23583722114563
4223,4.75,2,156.26400423049927
4224,4.6000000000000005,3,156.29329752922058
4225,4.75,2,156.3161542415619
4226,4.75,2,156.34353184700012
4227,4.15,6,156.37480902671814
4228,3.1,13,156.415944814682
4229,-1.75,15,156.45758032798767
4230,4.6000000000000005,3,156.48577165603638
4231,4.0,7,156.51643466949463
4232,4.9,1,156.54642748832703
4233,3.85,8,156.57957243919373
4234,4.75,2,156.60363292694092
4235,4.0,7,156.63636827468872
4236,3.6999999999999997,9,156.67272114753723
4237,4.75,2,156.70342016220093
4238,4.75,2,156.73219323158264
4239,4.3,5,156.7620632648468
4240,4.3,5,156.79557704925537
4241,4.3,5,156.8236255645752
4242,4.9,1,156.84933996200562
4243,4.75,2,156.87806606292725
4244,4.9,1,156.90545201301575
4245,4.0,7,156.93772649765015
4246,4.449999999999999,4,156.96948146820068
4247,4.15,6,157.00182938575745
4248,4.6000000000000005,3,157.0285074710846
4249,4.75,2,157.05197620391846
4250,3.85,8,157.0844111442566
4251,3.4,11,157.12252402305603
4252,-1.75,15,157.3450734615326
4253,4.15,6,157.3879849910736
4254,3.85,8,157.43417096138
4255,3.85,8,157.4720709323883
4256,3.6999999999999997,9,157.51235842704773
4257,-1.75,15,157.5561101436615
4258,3.85,8,157.58786177635193
4259,-3.0,1,157.61633038520813
4260,4.9,1,157.64204168319702
4261,-3.0,1,157.6721169948578
4262,3.6999999999999997,9,157.71292114257812
4263,3.25,12,157.76339387893677
4264,4.9,1,157.7858214378357
4265,4.75,2,157.80931520462036
4266,4.0,7,157.8438901901245
4267,4.9,1,157.8684160709381
4268,4.6000000000000005,3,157.89595007896423
4269,3.55,10,157.93696641921997
4270,-1.75,15,157.98466110229492
4271,3.6999999999999997,9,158.02635836601257
4272,3.85,8,158.06796383857727
4273,4.449999999999999,4,158.09516763687134
4274,4.0,7,158.1250033378601
4275,4.3,5,158.1544692516327
4276,3.85,8,158.1902539730072
4277,4.3,5,158.21929502487183
4278,4.75,2,158.24257135391235
4279,4.3,5,158.27132415771484
4280,4.449999999999999,4,158.29906916618347
4281,3.85,8,158.3342728614807
4282,3.85,8,158.36948537826538
4283,3.6999999999999997,9,158.41102075576782
4284,3.6999999999999997,9,158.4445242881775
4285,4.6000000000000005,3,158.47146224975586
4286,4.9,1,158.4960355758667
4287,4.6000000000000005,3,158.52639603614807
4288,-1.75,15,158.5693130493164
4289,-1.75,15,158.75907850265503
4290,3.55,10,158.7929768562317
4291,3.85,8,158.82696509361267
4292,4.3,5,158.85855960845947
4293,4.0,7,158.89412546157837
4294,4.75,2,158.92735981941223
4295,4.6000000000000005,3,158.96045351028442
4296,4.3,5,158.99787187576294
4297,3.55,10,159.0465385913849
4298,4.0,7,159.08261346817017
4299,4.9,1,159.11002135276794
4300,3.6999999999999997,9,159.14711451530457
4301,4.449999999999999,4,159.1796658039093
4302,-1.75,15,159.22790098190308
4303,4.9,1,159.25955057144165
4304,4.75,2,159.28985786437988
4305,4.3,5,159.32766270637512
4306,-1.75,15,159.37687349319458
4307,4.6000000000000005,3,159.4009087085724
4308,3.25,12,159.43805289268494
4309,4.6000000000000005,3,159.46477007865906
4310,4.449999999999999,4,159.49916338920593
4311,3.6999999999999997,9,159.53531908988953
4312,4.6000000000000005,3,159.5599226951599
4313,3.6999999999999997,9,159.59366536140442
4314,4.449999999999999,4,159.62150621414185
4315,3.25,12,159.66262292861938
4316,3.55,10,159.7006914615631
4317,4.3,5,159.7359480857849
4318,4.75,2,159.76397490501404
4319,4.6000000000000005,3,159.79162311553955
4320,3.6999999999999997,9,159.8344042301178
4321,4.6000000000000005,3,159.86306977272034
4322,3.1,13,159.91269421577454
4323,4.6000000000000005,3,159.94408059120178
4324,4.15,6,159.97720861434937
4325,-1.75,15,160.02165985107422
4326,4.9,1,160.050950050354
4327,3.85,8,160.09214210510254
4328,4.6000000000000005,3,160.11879110336304
4329,4.0,7,160.2992045879364
4330,4.6000000000000005,3,160.3235502243042
4331,4.9,1,160.34491300582886
4332,3.6999999999999997,9,160.3835096359253
4333,4.6000000000000005,3,160.41177773475647
4334,4.75,2,160.44155263900757
4335,4.0,7,160.47798585891724
4336,3.55,10,160.51600289344788
4337,3.85,8,160.56027698516846
4338,4.6000000000000005,3,160.5911214351654
4339,3.55,10,160.62930345535278
4340,4.449999999999999,4,160.66032195091248
4341,4.75,2,160.68544721603394
4342,3.25,12,160.7277283668518
4343,3.55,10,160.77248215675354
4344,3.25,12,160.81438875198364
4345,4.75,2,160.83681344985962
4346,4.449999999999999,4,160.8667757511139
4347,3.4,11,160.909255027771
4348,4.449999999999999,4,160.93614625930786
4349,4.449999999999999,4,160.9624764919281
4350,4.15,6,160.99295496940613
4351,4.449999999999999,4,161.02357029914856
4352,4.3,5,161.05734968185425
4353,3.6999999999999997,9,161.09078192710876
4354,4.449999999999999,4,161.11910772323608
4355,-1.75,15,161.1681170463562
4356,3.6999999999999997,9,161.20527005195618
4357,-1.75,15,161.24746227264404
4358,3.85,8,161.28635549545288
4359,4.449999999999999,4,161.31459021568298
4360,-1.75,15,161.3635914325714
4361,4.449999999999999,4,161.39941954612732
4362,4.449999999999999,4,161.42833256721497
4363,4.6000000000000005,3,161.45289587974548
4364,3.55,10,161.49686813354492
4365,3.25,12,161.53815579414368
4366,4.15,6,161.57008123397827
4367,4.6000000000000005,3,161.7470874786377
4368,-3.15,4,161.77660012245178
4369,4.6000000000000005,3,161.80215406417847
4370,4.6000000000000005,3,161.82617688179016
4371,4.449999999999999,4,161.85239052772522
4372,4.0,7,161.88467931747437
4373,-3.2,5,161.91120648384094
4374,4.15,6,161.94622945785522
4375,3.55,10,161.99418950080872
4376,4.6000000000000005,3,162.01991415023804
4377,4.75,2,162.04776191711426
4378,4.75,2,162.07820582389832
4379,-3.5,11,162.12351727485657
4380,3.6999999999999997,9,162.1637818813324
4381,3.25,12,162.2071933746338
4382,3.4,11,162.25055313110352
4383,4.0,7,162.2875189781189
4384,4.0,7,162.3247127532959
4385,4.3,5,162.35722136497498
4386,3.6999999999999997,9,162.39540147781372
4387,4.3,5,162.42688584327698
4388,4.75,2,162.45356369018555
4389,-3.5,11,162.49754166603088
4390,-1.75,15,162.54534101486206
4391,4.75,2,162.57028818130493
4392,4.15,6,162.6017198562622
4393,3.6999999999999997,9,162.64102625846863
4394,3.55,10,162.6734960079193
4395,4.15,6,162.7029390335083
4396,4.3,5,162.73067116737366
4397,4.75,2,162.75132536888123
4398,4.3,5,162.78116393089294
4399,4.9,1,162.80914092063904
4400,4.6000000000000005,3,162.83380150794983
4401,4.75,2,162.8583459854126
4402,4.75,2,162.882066488266
4403,4.3,5,162.91554307937622
4404,4.0,7,162.9474799633026
4405,4.449999999999999,4,162.97503876686096
4406,4.6000000000000005,3,163.0049819946289
4407,-1.75,15,163.05078887939453
4408,4.449999999999999,4,163.07705736160278
4409,4.15,6,163.10510325431824
4410,3.4,11,163.29710030555725
4411,-1.75,15,163.33714079856873
4412,4.6000000000000005,3,163.36387181282043
4413,3.4,11,163.40273904800415
4414,3.6999999999999997,9,163.4399607181549
4415,3.6999999999999997,9,163.47449469566345
4416,4.449999999999999,4,163.50217294692993
4417,4.449999999999999,4,163.53025460243225
4418,4.6000000000000005,3,163.55740070343018
4419,4.6000000000000005,3,163.5845959186554
4420,4.6000000000000005,3,163.61181473731995
4421,4.3,5,163.64462399482727
4422,-1.75,15,163.69234323501587
4423,3.85,8,163.72835564613342
4424,4.0,7,163.7650167942047
4425,4.0,7,163.80785512924194
4426,4.3,5,163.83701992034912
4427,3.25,12,163.88449382781982
4428,4.15,6,163.92064809799194
4429,4.6000000000000005,3,163.95060086250305
4430,4.6000000000000005,3,163.98798775672913
4431,4.0,7,164.0310001373291
4432,4.75,2,164.06864738464355
4433,4.75,2,164.0964207649231
4434,4.75,2,164.12114572525024
4435,3.85,8,164.15649104118347
4436,3.55,10,164.1964864730835
4437,4.75,2,164.22224473953247
4438,-1.75,15,164.26586055755615
4439,4.3,5,164.29305219650269
4440,4.75,2,164.31821966171265
4441,4.449999999999999,4,164.34625720977783
4442,4.3,5,164.38133764266968
4443,4.75,2,164.40906310081482
4444,4.15,6,164.43963885307312
4445,3.4,11,164.48669338226318
4446,-1.75,15,164.53519439697266
4447,4.15,6,164.57041025161743
4448,4.449999999999999,4,164.59979462623596
4449,4.15,6,164.77020454406738
4450,4.449999999999999,4,164.80450177192688
4451,4.9,1,164.8297824859619
4452,4.6000000000000005,3,164.85792684555054
4453,4.75,2,164.878760099411
4454,4.0,7,164.90879464149475
4455,4.75,2,164.9301257133484
4456,4.0,7,164.96491622924805
4457,4.0,7,164.99807977676392
4458,4.75,2,165.02676367759705
4459,4.449999999999999,4,165.05440425872803
4460,4.449999999999999,4,165.0841362476349
4461,4.449999999999999,4,165.11162853240967
4462,4.0,7,165.15071868896484
4463,4.3,5,165.18394255638123
4464,3.85,8,165.22600150108337
4465,4.6000000000000005,3,165.25829076766968
4466,4.15,6,165.2984414100647
4467,3.6999999999999997,9,165.34603142738342
4468,4.449999999999999,4,165.37933993339539
4469,4.449999999999999,4,165.41661024093628
4470,3.85,8,165.4534249305725
4471,4.75,2,165.4826421737671
4472,4.3,5,165.51529717445374
4473,4.75,2,165.54749178886414
4474,4.449999999999999,4,165.58257365226746
4475,4.75,2,165.6082947254181
4476,4.6000000000000005,3,165.64720153808594
4477,3.85,8,165.67984628677368
4478,3.6999999999999997,9,165.71452069282532
4479,-3.1,3,165.7411036491394
4480,4.449999999999999,4,165.76517820358276
4481,4.6000000000000005,3,165.7911524772644
4482,4.9,1,165.81195425987244
4483,3.6999999999999997,9,165.8423388004303
4484,4.15,6,165.87097334861755
4485,4.449999999999999,4,165.89944052696228
4486,4.0,7,165.93309569358826
4487,4.3,5,165.96343636512756
4488,4.9,1,165.98598170280457
4489,4.0,7,166.01867413520813
4490,4.449999999999999,4,166.04727125167847
4491,4.6000000000000005,3,166.07457613945007
4492,4.449999999999999,4,166.10561418533325
4493,3.6999999999999997,9,166.14018297195435
4494,-3.4,9,166.1777184009552
4495,4.6000000000000005,3,166.20324158668518
4496,4.3,5,166.24387955665588
4497,4.6000000000000005,3,166.27372336387634
4498,4.449999999999999,4,166.3061718940735
4499,-3.65,14,166.3510503768921
4500,4.15,6,166.38355040550232
4501,4.0,7,166.57602095603943
4502,3.85,8,166.6083700656891
4503,4.9,1,166.63300848007202
4504,4.15,6,166.66434335708618
4505,4.3,5,166.69752836227417
4506,4.3,5,166.72636771202087
4507,4.15,6,166.76025366783142
4508,4.449999999999999,4,166.78777050971985
4509,4.75,2,166.81440997123718
4510,4.9,1,166.83908081054688
4511,4.449999999999999,4,166.86704421043396
4512,4.3,5,166.89951610565186
4513,3.85,8,166.93880820274353
4514,4.449999999999999,4,166.96946668624878
4515,4.3,5,166.99985766410828
4516,4.15,6,167.040611743927
4517,4.449999999999999,4,167.06984090805054
4518,4.75,2,167.09729409217834
4519,4.449999999999999,4,167.13004112243652
4520,4.6000000000000005,3,167.16591262817383
4521,3.4,11,167.21213006973267
4522,4.449999999999999,4,167.2436864376068
4523,3.85,8,167.2795648574829
4524,4.15,6,167.31016373634338
4525,3.6999999999999997,9,167.34239220619202
4526,4.15,6,167.37306547164917
4527,4.75,2,167.4068419933319
4528,3.6999999999999997,9,167.44611382484436
4529,4.75,2,167.4745843410492
4530,4.9,1,167.50127625465393
4531,4.449999999999999,4,167.52683782577515
4532,4.75,2,167.54931926727295
4533,4.9,1,167.57278633117676
4534,4.75,2,167.59802055358887
4535,4.449999999999999,4,167.6261339187622
4536,4.0,7,167.6610689163208
4537,3.85,8,167.70380401611328
4538,4.15,6,167.74119520187378
4539,3.85,8,167.77654314041138
4540,4.0,7,167.80966067314148
4541,4.75,2,167.8409571647644
4542,4.3,5,167.87324786186218
4543,4.6000000000000005,3,167.90232825279236
4544,3.25,12,167.94321060180664
4545,4.449999999999999,4,167.97639060020447
4546,-1.75,15,168.02691650390625
4547,4.6000000000000005,3,168.0547480583191
4548,4.3,5,168.0867304801941
4549,4.3,5,168.11874556541443
4550,3.6999999999999997,9,168.15322136878967
4551,3.6999999999999997,9,168.33758544921875
4552,-1.75,15,168.3855800628662
4553,4.6000000000000005,3,168.4151520729065
4554,4.15,6,168.44599890708923
4555,4.6000000000000005,3,168.47626328468323
4556,4.6000000000000005,3,168.504980802536
4557,4.15,6,168.54314661026
4558,4.75,2,168.56903719902039
4559,4.6000000000000005,3,168.59696674346924
4560,-3.55,12,168.63574194908142
4561,4.3,5,168.66801524162292
4562,4.449999999999999,4,168.69819831848145
4563,4.0,7,168.73181414604187
4564,4.75,2,168.7638964653015
4565,4.3,5,168.79388880729675
4566,3.85,8,168.82973670959473
4567,4.6000000000000005,3,168.85707712173462
4568,4.6000000000000005,3,168.88216161727905
4569,4.15,6,168.91132807731628
4570,3.55,10,168.94388270378113
4571,4.6000000000000005,3,168.96776700019836
4572,4.75,2,168.99444437026978
4573,4.0,7,169.0305871963501
4574,4.449999999999999,4,169.06042957305908
4575,4.15,6,169.09355664253235
4576,4.0,7,169.1269748210907
4577,-3.1,3,169.15395665168762
4578,-3.1,3,169.1915717124939
4579,4.449999999999999,4,169.2202708721161
4580,4.6000000000000005,3,169.24626970291138
4581,4.449999999999999,4,169.28408694267273
4582,4.0,7,169.3167588710785
4583,4.6000000000000005,3,169.3423511981964
4584,3.25,12,169.38220357894897
4585,4.449999999999999,4,169.41047954559326
4586,3.85,8,169.44669246673584
4587,-1.75,15,169.49220776557922
4588,4.449999999999999,4,169.51945209503174
4589,4.6000000000000005,3,169.54492807388306
4590,4.449999999999999,4,169.57805848121643
4591,4.6000000000000005,3,169.60496497154236
4592,4.3,5,169.63538694381714
4593,3.4,11,169.67513012886047
4594,4.449999999999999,4,169.7032961845398
4595,4.449999999999999,4,169.7349681854248
4596,4.3,5,169.76464319229126
4597,4.75,2,169.79104900360107
4598,4.9,1,169.81515836715698
4599,4.3,5,170.0016107559204
4600,4.9,1,170.026948928833
4601,3.1,13,170.06894850730896
4602,4.3,5,170.10715413093567
4603,4.75,2,170.13400053977966
4604,4.3,5,170.17228317260742
4605,4.0,7,170.20788168907166
4606,4.449999999999999,4,170.24070167541504
4607,4.9,1,170.26529049873352
4608,-1.75,15,170.31364488601685
4609,4.75,2,170.34092497825623
4610,-1.75,15,170.3853256702423
4611,-1.75,15,170.42856788635254
4612,-1.75,15,170.4685549736023
4613,4.449999999999999,4,170.49466156959534
4614,4.75,2,170.52473974227905
4615,4.75,2,170.5464358329773
4616,3.6999999999999997,9,170.58841967582703
4617,4.15,6,170.61943674087524
4618,4.75,2,170.64575386047363
4619,4.449999999999999,4,170.67031168937683
4620,4.9,1,170.69876170158386
4621,3.6999999999999997,9,170.74156999588013
4622,4.6000000000000005,3,170.76850867271423
4623,4.449999999999999,4,170.80040168762207
4624,4.0,7,170.83210730552673
4625,4.6000000000000005,3,170.85821843147278
4626,4.75,2,170.88246512413025
4627,4.3,5,170.91302490234375
4628,4.75,2,170.93551921844482
4629,4.6000000000000005,3,170.9613320827484
4630,3.6999999999999997,9,171.0021252632141
4631,4.0,7,171.0384693145752
4632,4.3,5,171.07805347442627
4633,4.0,7,171.1191771030426
4634,3.6999999999999997,9,171.15969896316528
4635,4.15,6,171.19519901275635
4636,4.449999999999999,4,171.224214553833
4637,4.75,2,171.24860191345215
4638,4.15,6,171.2823565006256
4639,4.75,2,171.31010150909424
4640,3.85,8,171.34589982032776
4641,4.3,5,171.37444281578064
4642,4.6000000000000005,3,171.40292191505432
4643,4.15,6,171.43525648117065
4644,4.0,7,171.64686036109924
4645,4.449999999999999,4,171.6813099384308
4646,4.15,6,171.71990847587585
4647,4.3,5,171.7488076686859
4648,3.55,10,171.79286742210388
4649,3.4,11,171.8341760635376
4650,4.449999999999999,4,171.86844563484192
4651,4.15,6,171.90382480621338
4652,4.15,6,171.94403862953186
4653,3.85,8,171.987548828125
4654,4.3,5,172.0163996219635
4655,4.9,1,172.04208970069885
4656,4.6000000000000005,3,172.06776976585388
4657,3.85,8,172.1065182685852
4658,4.6000000000000005,3,172.13273978233337
4659,4.6000000000000005,3,172.16103172302246
4660,4.9,1,172.18989300727844
4661,-3.15,4,172.2169497013092
4662,4.9,1,172.24072694778442
4663,3.4,11,172.27724480628967
4664,3.55,10,172.3132050037384
4665,4.15,6,172.34363341331482
4666,4.6000000000000005,3,172.36682271957397
4667,4.6000000000000005,3,172.39619517326355
4668,-1.75,15,172.4367311000824
4669,4.6000000000000005,3,172.46528697013855
4670,4.449999999999999,4,172.49646663665771
4671,4.15,6,172.5328652858734
4672,4.3,5,172.5671911239624
4673,4.15,6,172.6064956188202
4674,3.25,12,172.6475007534027
4675,4.75,2,172.67295145988464
4676,4.6000000000000005,3,172.70221590995789
4677,4.6000000000000005,3,172.72913932800293
4678,4.75,2,172.7537875175476
4679,4.75,2,172.77494478225708
4680,3.6999999999999997,9,172.81019616127014
4681,3.4,11,172.8481330871582
4682,4.449999999999999,4,172.88009691238403
4683,4.9,1,172.90386819839478
4684,3.6999999999999997,9,172.94624257087708
4685,4.15,6,172.9819734096527
4686,4.6000000000000005,3,173.012877702713
4687,4.449999999999999,4,173.04229712486267
4688,4.449999999999999,4,173.07044529914856
4689,4.75,2,173.09805035591125
4690,-1.75,15,173.1495795249939
4691,4.449999999999999,4,173.35526394844055
4692,4.449999999999999,4,173.39340496063232
4693,4.6000000000000005,3,173.4213991165161
4694,4.3,5,173.45747137069702
4695,4.3,5,173.49231719970703
4696,4.15,6,173.5250804424286
4697,4.15,6,173.56087017059326
4698,3.85,8,173.59156847000122
4699,4.6000000000000005,3,173.6176404953003
4700,3.25,12,173.6553020477295
4701,4.75,2,173.6814148426056
4702,4.449999999999999,4,173.7084333896637
4703,4.9,1,173.73493480682373
4704,4.75,2,173.76011872291565
4705,4.15,6,173.78733205795288
4706,4.449999999999999,4,173.81362414360046
4707,-3.05,2,173.83884620666504
4708,4.75,2,173.8617742061615
4709,4.449999999999999,4,173.887220621109
4710,-1.75,15,173.93915915489197
4711,4.3,5,173.97456645965576
4712,4.75,2,174.00268626213074
4713,4.9,1,174.0328278541565
4714,4.9,1,174.06235694885254
4715,4.15,6,174.098712682724
4716,4.75,2,174.1283574104309
4717,3.55,10,174.16459369659424
4718,4.9,1,174.18764925003052
4719,4.6000000000000005,3,174.21599340438843
4720,4.449999999999999,4,174.24374651908875
4721,4.75,2,174.2701292037964
4722,3.4,11,174.3109438419342
4723,4.3,5,174.3448474407196
4724,3.6999999999999997,9,174.38450622558594
4725,4.6000000000000005,3,174.41840481758118
4726,4.75,2,174.4484236240387
4727,3.55,10,174.49146056175232
4728,-1.75,15,174.5341019630432
4729,3.25,12,174.5717372894287
4730,4.6000000000000005,3,174.5981252193451
4731,4.6000000000000005,3,174.62358236312866
4732,4.75,2,174.64889788627625
4733,4.9,1,174.67447328567505
4734,4.75,2,174.70694708824158
4735,4.449999999999999,4,174.7359540462494
4736,4.0,7,174.77176213264465
4737,4.6000000000000005,3,174.80043864250183
4738,4.15,6,174.8378677368164
4739,4.6000000000000005,3,174.8678297996521
4740,4.3,5,174.9019136428833
4741,4.0,7,174.93707942962646
4742,4.6000000000000005,3,174.9669291973114
4743,4.449999999999999,4,174.99499773979187
4744,4.6000000000000005,3,175.17726755142212
4745,4.6000000000000005,3,175.20338416099548
4746,3.85,8,175.23983573913574
4747,4.6000000000000005,3,175.26668691635132
4748,-1.75,15,175.31236004829407
4749,3.6999999999999997,9,175.35605430603027
4750,4.15,6,175.39430952072144
4751,4.6000000000000005,3,175.4192373752594
4752,4.75,2,175.4459285736084
4753,3.6999999999999997,9,175.4813106060028
4754,4.3,5,175.5168514251709
4755,4.75,2,175.5458047389984
4756,3.55,10,175.58662629127502
4757,4.6000000000000005,3,175.61712431907654
4758,4.15,6,175.64514923095703
4759,4.3,5,175.67776441574097
4760,4.75,2,175.70604634284973
4761,4.9,1,175.7317521572113
4762,4.3,5,175.761212348938
4763,4.15,6,175.78854990005493
4764,4.6000000000000005,3,175.82045817375183
4765,3.25,12,175.86334943771362
4766,3.55,10,175.90340995788574
4767,4.0,7,175.9373209476471
4768,4.3,5,175.9699866771698
4769,3.85,8,176.00941276550293
4770,4.75,2,176.03371238708496
4771,3.85,8,176.06873846054077
4772,4.0,7,176.1019504070282
4773,4.6000000000000005,3,176.12917923927307
4774,3.25,12,176.1752712726593
4775,4.75,2,176.20259833335876
4776,4.6000000000000005,3,176.23817539215088
4777,3.25,12,176.28753972053528
4778,4.3,5,176.32733345031738
4779,4.3,5,176.3637683391571
4780,4.15,6,176.40329813957214
4781,4.15,6,176.44289803504944
4782,-1.75,15,176.49585390090942
4783,3.4,11,176.54242515563965
4784,4.15,6,176.58160090446472
4785,3.25,12,176.78031635284424
4786,4.6000000000000005,3,176.80785632133484
4787,3.25,12,176.8487687110901
4788,4.449999999999999,4,176.88064336776733
4789,4.75,2,176.9057765007019
4790,4.6000000000000005,3,176.9316394329071
4791,4.0,7,176.96567678451538
4792,3.85,8,176.99832725524902
4793,3.1,13,177.04884362220764
4794,4.0,7,177.08211255073547
4795,4.75,2,177.11301922798157
4796,3.85,8,177.14921522140503
4797,4.0,7,177.185133934021
4798,4.6000000000000005,3,177.21350717544556
4799,4.6000000000000005,3,177.2393991947174
4800,-1.75,15,177.29216027259827
4801,4.449999999999999,4,177.3264181613922
4802,4.0,7,177.35679602622986
4803,3.55,10,177.4058017730713
4804,4.449999999999999,4,177.4362723827362
4805,4.6000000000000005,3,177.46543955802917
4806,4.9,1,177.49597692489624
4807,3.6999999999999997,9,177.53608894348145
4808,4.0,7,177.5660901069641
4809,4.15,6,177.59941792488098
4810,4.75,2,177.62897515296936
4811,4.9,1,177.64993596076965
4812,4.6000000000000005,3,177.67317295074463
4813,4.6000000000000005,3,177.6969714164734
4814,4.3,5,177.72406387329102
4815,4.0,7,177.75515985488892
4816,4.6000000000000005,3,177.7813844680786
4817,4.3,5,177.810537815094
4818,4.15,6,177.84461903572083
4819,4.6000000000000005,3,177.87111520767212
4820,4.9,1,177.8936061859131
4821,4.449999999999999,4,177.92754364013672
4822,3.55,10,177.97032570838928
4823,4.3,5,178.00138568878174
4824,4.9,1,178.02358627319336
4825,3.85,8,178.05727195739746
4826,4.6000000000000005,3,178.08551168441772
4827,4.6000000000000005,3,178.1146731376648
4828,3.6999999999999997,9,178.15636658668518
4829,4.449999999999999,4,178.18726539611816
4830,4.449999999999999,4,178.21774768829346
4831,4.0,7,178.25050401687622
4832,4.3,5,178.42006754875183
4833,4.6000000000000005,3,178.44635248184204
4834,4.6000000000000005,3,178.4718873500824
4835,4.449999999999999,4,178.49943447113037
4836,3.85,8,178.53145599365234
4837,4.449999999999999,4,178.5585081577301
4838,3.4,11,178.59757280349731
4839,3.55,10,178.63533091545105
4840,3.85,8,178.67573499679565
4841,4.6000000000000005,3,178.70214653015137
4842,4.3,5,178.7357141971588
4843,4.75,2,178.7639832496643
4844,4.75,2,178.78841853141785
4845,3.55,10,178.82334804534912
4846,4.75,2,178.8463728427887
4847,4.75,2,178.87376475334167
4848,3.4,11,178.91023564338684
4849,3.85,8,178.9477174282074
4850,4.6000000000000005,3,178.97456216812134
4851,3.55,10,179.00989389419556
4852,4.0,7,179.04365992546082
4853,4.3,5,179.0704870223999
4854,4.15,6,179.10651326179504
4855,4.0,7,179.1414966583252
4856,4.9,1,179.168931722641
4857,4.75,2,179.19405436515808
4858,4.449999999999999,4,179.2205331325531
4859,4.75,2,179.24411416053772
4860,4.9,1,179.2673454284668
4861,3.1,13,179.31787180900574
4862,4.75,2,179.34352707862854
4863,4.449999999999999,4,179.378515958786
4864,4.0,7,179.41789770126343
4865,4.449999999999999,4,179.44883394241333
4866,4.0,7,179.48329377174377
4867,4.6000000000000005,3,179.5131061077118
4868,4.15,6,179.54885530471802
4869,3.6999999999999997,9,179.58532524108887
4870,4.6000000000000005,3,179.61472129821777
4871,4.0,7,179.65031743049622
4872,-1.75,15,179.69874143600464
4873,4.15,6,179.7304811477661
4874,3.85,8,179.76274633407593
4875,4.3,5,179.79331517219543
4876,4.449999999999999,4,179.82870268821716
4877,3.55,10,180.01401042938232
4878,3.4,11,180.0506591796875
4879,4.3,5,180.08178234100342
4880,4.449999999999999,4,180.10724806785583
4881,4.449999999999999,4,180.13516426086426
4882,4.449999999999999,4,180.16584730148315
4883,4.449999999999999,4,180.19880199432373
4884,-1.75,15,180.24370741844177
4885,3.85,8,180.27671813964844
4886,4.3,5,180.30371522903442
4887,3.55,10,180.33990597724915
4888,4.75,2,180.3662929534912
4889,4.3,5,180.39736533164978
4890,4.0,7,180.43795704841614
4891,4.6000000000000005,3,180.46658539772034
4892,4.75,2,180.49421286582947
4893,4.3,5,180.53222107887268
4894,3.6999999999999997,9,180.57431721687317
4895,4.3,5,180.61166405677795
4896,4.75,2,180.63627433776855
4897,3.85,8,180.67201685905457
4898,-1.75,15,180.7236087322235
4899,4.75,2,180.75124549865723
4900,4.6000000000000005,3,180.7781400680542
4901,4.6000000000000005,3,180.80369567871094
4902,-3.3,7,180.83437633514404
4903,4.0,7,180.86347317695618
4904,4.3,5,180.89258670806885
4905,4.3,5,180.92126178741455
4906,4.75,2,180.9578070640564
4907,4.449999999999999,4,180.99204182624817
4908,4.449999999999999,4,181.0264434814453
4909,-1.75,15,181.0785129070282
4910,3.85,8,181.11751127243042
4911,3.85,8,181.15829181671143
4912,4.0,7,181.1935908794403
4913,3.6999999999999997,9,181.22751140594482
4914,4.3,5,181.26067566871643
4915,4.6000000000000005,3,181.28799057006836
4916,4.75,2,181.31725788116455
4917,-1.75,15,181.3642909526825
4918,4.449999999999999,4,181.39589715003967
4919,4.3,5,181.57611417770386
4920,4.9,1,181.59743571281433
4921,4.75,2,181.62790894508362
4922,3.55,10,181.66339206695557
4923,3.6999999999999997,9,181.70503401756287
4924,4.6000000000000005,3,181.73173260688782
4925,3.55,10,181.77069115638733
4926,-3.45,10,181.805508852005
4927,4.9,1,181.82761001586914
4928,4.3,5,181.85431623458862
4929,4.6000000000000005,3,181.88019108772278
4930,4.15,6,181.91144394874573
4931,4.75,2,181.9332308769226
4932,3.6999999999999997,9,181.97083282470703
4933,3.55,10,182.00904273986816
4934,3.55,10,182.04380917549133
4935,4.6000000000000005,3,182.07166624069214
4936,4.75,2,182.09551763534546
4937,4.0,7,182.12859892845154
4938,4.0,7,182.15941500663757
4939,-1.75,15,182.2035653591156
4940,4.6000000000000005,3,182.2283706665039
4941,4.449999999999999,4,182.2573835849762
4942,4.75,2,182.28120350837708
4943,4.6000000000000005,3,182.31124091148376
4944,-3.15,4,182.34149765968323
4945,4.75,2,182.3673439025879
4946,4.75,2,182.39075684547424
4947,4.6000000000000005,3,182.41785430908203
4948,4.3,5,182.45187425613403
4949,4.449999999999999,4,182.4823362827301
4950,-1.75,15,182.5318546295166
4951,4.449999999999999,4,182.56472277641296
4952,3.1,13,182.61178302764893
4953,4.75,2,182.6457450389862
4954,4.9,1,182.67586302757263
4955,4.15,6,182.70807123184204
4956,4.15,6,182.7408173084259
4957,4.6000000000000005,3,182.763685464859
4958,4.0,7,182.7991783618927
4959,4.6000000000000005,3,182.8276605606079
4960,4.449999999999999,4,182.86133885383606
4961,4.75,2,182.88724160194397
4962,4.6000000000000005,3,182.92005920410156
4963,4.0,7,182.95820116996765
4964,4.449999999999999,4,182.99226546287537
4965,4.449999999999999,4,183.02964973449707
4966,4.3,5,183.06281781196594
4967,4.3,5,183.09621047973633
4968,4.15,6,183.27676796913147
4969,4.75,2,183.29957485198975
4970,4.75,2,183.32736802101135
4971,4.0,7,183.36688661575317
4972,4.0,7,183.41085386276245
4973,4.15,6,183.4438054561615
4974,3.55,10,183.48149490356445
4975,4.6000000000000005,3,183.5072214603424
4976,4.15,6,183.5343165397644
4977,4.449999999999999,4,183.56212902069092
4978,4.15,6,183.59304404258728
4979,4.9,1,183.61702585220337
4980,-3.6,13,183.6580228805542
4981,4.75,2,183.6807096004486
4982,4.3,5,183.71328496932983
4983,3.55,10,183.74741196632385
4984,4.6000000000000005,3,183.77480459213257
4985,4.449999999999999,4,183.80089044570923
4986,4.3,5,183.83390855789185
4987,4.15,6,183.86972880363464
4988,4.0,7,183.90128588676453
4989,4.75,2,183.92674827575684
4990,4.0,7,183.960768699646
4991,4.75,2,183.987450838089
4992,4.6000000000000005,3,184.01549625396729
4993,4.6000000000000005,3,184.0501413345337
4994,3.85,8,184.0909881591797
4995,4.15,6,184.12521147727966
4996,4.3,5,184.15776801109314
4997,4.6000000000000005,3,184.18498015403748
4998,4.75,2,184.21520066261292
4999,4.75,2,184.24656081199646
5000,4.0,7,184.28132319450378
5001,4.75,2,184.30757927894592
5002,4.9,1,184.33078479766846
5003,4.0,7,184.36480593681335
5004,4.15,6,184.39644241333008
5005,4.6000000000000005,3,184.42484545707703
5006,4.3,5,184.45163297653198
5007,4.6000000000000005,3,184.48006415367126
5008,4.3,5,184.51029109954834
5009,4.75,2,184.54352807998657
5010,4.6000000000000005,3,184.5693554878235
5011,4.75,2,184.59579277038574
5012,4.15,6,184.62824058532715
5013,4.0,7,184.6587905883789
5014,-1.75,15,184.70464825630188
5015,4.449999999999999,4,184.73211002349854
5016,4.0,7,184.7641475200653
5017,4.6000000000000005,3,184.7895212173462
5018,4.15,6,184.81976199150085
5019,4.6000000000000005,3,184.84452962875366
5020,-3.3,7,185.01971125602722
5021,3.85,8,185.05779457092285
5022,-1.75,15,185.10717916488647
5023,4.6000000000000005,3,185.13282465934753
5024,3.55,10,185.17245531082153
5025,4.449999999999999,4,185.197505235672
5026,4.15,6,185.22721028327942
5027,4.0,7,185.26265907287598
5028,-1.75,15,185.31761646270752
5029,4.75,2,185.3444743156433
5030,4.75,2,185.3669273853302
5031,4.75,2,185.39436054229736
5032,4.0,7,185.43050956726074
5033,4.0,7,185.46831035614014
5034,4.6000000000000005,3,185.49529218673706
5035,4.449999999999999,4,185.5206596851349
5036,3.6999999999999997,9,185.55347657203674
5037,3.85,8,185.58684039115906
5038,4.449999999999999,4,185.61672186851501
5039,4.6000000000000005,3,185.65044140815735
5040,4.0,7,185.68713784217834
5041,4.9,1,185.7208604812622
5042,3.85,8,185.76564955711365
5043,4.6000000000000005,3,185.80085730552673
5044,3.85,8,185.83698773384094
5045,3.85,8,185.87344551086426
5046,4.0,7,185.9063868522644
5047,-3.15,4,185.94073700904846
5048,4.6000000000000005,3,185.96936464309692
5049,3.85,8,186.00407099723816
5050,4.3,5,186.04005336761475
5051,4.449999999999999,4,186.0716516971588
5052,4.75,2,186.0976846218109
5053,-3.3,7,186.12919449806213
5054,4.6000000000000005,3,186.15519547462463
5055,4.6000000000000005,3,186.1801619529724
5056,4.15,6,186.21429347991943
5057,4.449999999999999,4,186.24595308303833
5058,4.15,6,186.27556443214417
5059,4.9,1,186.29718160629272
5060,4.449999999999999,4,186.3278169631958
5061,3.85,8,186.3589265346527
5062,4.449999999999999,4,186.38716888427734
5063,4.3,5,186.41774010658264
5064,4.449999999999999,4,186.44656538963318
5065,4.15,6,186.4758334159851
5066,4.3,5,186.65787863731384
5067,4.449999999999999,4,186.6895866394043
5068,4.75,2,186.7131097316742
5069,4.75,2,186.73887538909912
5070,4.6000000000000005,3,186.7677206993103
5071,4.3,5,186.79509663581848
5072,3.25,12,186.8333306312561
5073,3.85,8,186.8695249557495
5074,4.3,5,186.89617490768433
5075,4.75,2,186.92440962791443
5076,3.85,8,186.95477628707886
5077,4.6000000000000005,3,186.9812355041504
5078,3.85,8,187.01515555381775
5079,4.6000000000000005,3,187.04225778579712
5080,4.75,2,187.0639250278473
5081,4.15,6,187.09199380874634
5082,3.4,11,187.13124251365662
5083,4.75,2,187.15598821640015
5084,-3.0,1,187.1837034225464
5085,4.6000000000000005,3,187.2146019935608
5086,4.0,7,187.25231671333313
5087,4.449999999999999,4,187.28740811347961
5088,3.4,11,187.3358814716339
5089,4.0,7,187.3805456161499
5090,4.15,6,187.41434264183044
5091,3.55,10,187.46215295791626
5092,4.6000000000000005,3,187.49376773834229
5093,4.15,6,187.52785897254944
5094,4.9,1,187.5537347793579
5095,4.449999999999999,4,187.5809347629547
5096,4.0,7,187.6163215637207
5097,-1.75,15,187.67178654670715
5098,4.449999999999999,4,187.70034742355347
5099,4.449999999999999,4,187.72888731956482
5100,4.6000000000000005,3,187.7562963962555
5101,4.0,7,187.7878861427307
5102,4.449999999999999,4,187.8136739730835
5103,4.75,2,187.83566117286682
5104,4.75,2,187.85979533195496
5105,4.15,6,187.891028881073
5106,4.449999999999999,4,187.91722226142883
5107,-1.75,15,187.96236276626587
5108,4.3,5,187.99360418319702
5109,3.85,8,188.02729082107544
5110,4.3,5,188.0601053237915
5111,4.6000000000000005,3,188.08811163902283
5112,4.6000000000000005,3,188.11349534988403
5113,4.6000000000000005,3,188.145494222641
5114,4.15,6,188.17960000038147
5115,4.3,5,188.35677695274353
5116,4.6000000000000005,3,188.3822271823883
5117,4.6000000000000005,3,188.41171503067017
5118,4.449999999999999,4,188.44228768348694
5119,4.3,5,188.4739282131195
5120,4.6000000000000005,3,188.49951839447021
5121,4.0,7,188.53292083740234
5122,4.6000000000000005,3,188.5584306716919
5123,3.85,8,188.5926320552826
5124,4.15,6,188.6236310005188
5125,-3.2,5,188.6542911529541
5126,3.85,8,188.68944001197815
5127,4.15,6,188.71856880187988
5128,3.55,10,188.7563750743866
5129,4.3,5,188.78848695755005
5130,3.25,12,188.82721853256226
5131,3.6999999999999997,9,188.8663535118103
5132,4.3,5,188.89773654937744
5133,4.449999999999999,4,188.92937994003296
5134,3.85,8,188.9636936187744
5135,4.75,2,188.99256658554077
5136,4.75,2,189.01713109016418
5137,4.449999999999999,4,189.04751706123352
5138,3.1,13,189.0918641090393
5139,4.449999999999999,4,189.12026596069336
5140,-1.75,15,189.16461443901062
5141,4.15,6,189.19530940055847
5142,3.85,8,189.2317259311676
5143,4.0,7,189.26920080184937
5144,4.75,2,189.30143308639526
5145,4.3,5,189.3315670490265
5146,4.15,6,189.36381101608276
5147,4.449999999999999,4,189.39304089546204
5148,4.15,6,189.4269893169403
5149,4.0,7,189.4610469341278
5150,3.6999999999999997,9,189.49442076683044
5151,-1.75,15,189.53938174247742
5152,4.15,6,189.57252192497253
5153,3.4,11,189.6100685596466
5154,4.75,2,189.63713002204895
5155,4.6000000000000005,3,189.66121625900269
5156,4.6000000000000005,3,189.84925651550293
5157,3.6999999999999997,9,189.8894591331482
5158,4.3,5,189.9213263988495
5159,3.6999999999999997,9,189.95798087120056
5160,-1.75,15,190.00249099731445
5161,4.6000000000000005,3,190.02732110023499
5162,4.3,5,190.058940410614
5163,4.75,2,190.08378171920776
5164,4.75,2,190.10906553268433
5165,-1.75,15,190.15583205223083
5166,4.0,7,190.19533109664917
5167,4.3,5,190.22447848320007
5168,4.449999999999999,4,190.24990129470825
5169,4.3,5,190.276686668396
5170,3.1,13,190.31374764442444
5171,4.449999999999999,4,190.34398317337036
5172,4.6000000000000005,3,190.37526988983154
5173,4.6000000000000005,3,190.4005491733551
5174,-3.3,7,190.4380965232849
5175,4.75,2,190.46671104431152
5176,4.449999999999999,4,190.50346422195435
5177,3.6999999999999997,9,190.55839323997498
5178,3.6999999999999997,9,190.59788823127747
5179,-1.75,15,190.65454816818237
5180,3.6999999999999997,9,190.69302368164062
5181,4.6000000000000005,3,190.72362518310547
5182,4.9,1,190.74610877037048
5183,4.9,1,190.7781629562378
5184,4.449999999999999,4,190.80774974822998
5185,4.75,2,190.83478951454163
5186,4.6000000000000005,3,190.86499691009521
5187,4.15,6,190.8961362838745
5188,4.75,2,190.92280292510986
5189,-1.75,15,190.96551513671875
5190,4.3,5,190.99510145187378
5191,4.6000000000000005,3,191.02614045143127
5192,4.449999999999999,4,191.05239820480347
5193,4.449999999999999,4,191.07858180999756
5194,4.0,7,191.11326360702515
5195,-3.4,9,191.14935445785522
5196,4.9,1,191.17573285102844
5197,4.6000000000000005,3,191.1975634098053
5198,3.25,12,191.23438787460327
5199,4.0,7,191.42012310028076
5200,-1.75,15,191.46541690826416
5201,4.15,6,191.49692010879517
5202,4.449999999999999,4,191.52594304084778
5203,4.75,2,191.55104231834412
5204,3.1,13,191.59670090675354
5205,4.3,5,191.6253924369812
5206,4.15,6,191.66850781440735
5207,-1.75,15,191.71178245544434
5208,4.3,5,191.7403209209442
5209,4.0,7,191.7669723033905
5210,4.449999999999999,4,191.79838371276855
5211,4.15,6,191.82979083061218
5212,4.3,5,191.85885524749756
5213,3.25,12,191.89843463897705
5214,4.449999999999999,4,191.93387269973755
5215,-1.75,15,191.98962092399597
5216,4.6000000000000005,3,192.01478004455566
5217,4.15,6,192.05990386009216
5218,4.3,5,192.0972445011139
5219,-3.15,4,192.12860989570618
5220,4.9,1,192.15505862236023
5221,4.0,7,192.19595193862915
5222,4.0,7,192.22816228866577
5223,4.449999999999999,4,192.2579162120819
5224,4.15,6,192.29487228393555
5225,4.0,7,192.32925033569336
5226,4.0,7,192.36960172653198
5227,3.85,8,192.40703082084656
5228,3.25,12,192.4558551311493
5229,3.4,11,192.4935245513916
5230,4.6000000000000005,3,192.5203230381012
5231,4.449999999999999,4,192.54780268669128
5232,4.75,2,192.57297825813293
5233,4.9,1,192.597580909729
5234,4.6000000000000005,3,192.62370133399963
5235,4.6000000000000005,3,192.64989113807678
5236,3.4,11,192.68501567840576
5237,4.6000000000000005,3,192.71016335487366
5238,4.449999999999999,4,192.74105143547058
5239,4.449999999999999,4,192.7662808895111
5240,4.6000000000000005,3,192.7914035320282
5241,3.6999999999999997,9,192.9967062473297
5242,4.6000000000000005,3,193.02740144729614
5243,3.55,10,193.0705053806305
5244,4.3,5,193.09913325309753
5245,4.6000000000000005,3,193.12676572799683
5246,3.6999999999999997,9,193.17168164253235
5247,-3.45,10,193.20812702178955
5248,4.6000000000000005,3,193.23558974266052
5249,4.3,5,193.26385378837585
5250,4.0,7,193.3014576435089
5251,4.6000000000000005,3,193.32774376869202
5252,4.6000000000000005,3,193.3538019657135
5253,4.6000000000000005,3,193.3782513141632
5254,3.85,8,193.41325068473816
5255,4.9,1,193.44220161437988
5256,4.75,2,193.46963667869568
5257,4.15,6,193.5008795261383
5258,4.0,7,193.53543400764465
5259,4.3,5,193.56674790382385
5260,4.449999999999999,4,193.59690499305725
5261,4.75,2,193.62597703933716
5262,3.6999999999999997,9,193.6657555103302
5263,4.6000000000000005,3,193.69493699073792
5264,4.75,2,193.71883463859558
5265,4.3,5,193.75301814079285
5266,3.25,12,193.79074811935425
5267,4.3,5,193.81942510604858
5268,3.25,12,193.86107182502747
5269,4.449999999999999,4,193.89222049713135
5270,4.3,5,193.92779755592346
5271,3.55,10,193.97179245948792
5272,4.6000000000000005,3,193.99970149993896
5273,4.449999999999999,4,194.03510355949402
5274,4.9,1,194.0591685771942
5275,4.75,2,194.08677053451538
5276,4.15,6,194.12271237373352
5277,4.449999999999999,4,194.15205550193787
5278,4.6000000000000005,3,194.18260955810547
5279,-1.75,15,194.23059701919556
5280,4.449999999999999,4,194.2583212852478
5281,4.449999999999999,4,194.2869873046875
5282,4.449999999999999,4,194.31585144996643
5283,4.75,2,194.34413814544678
5284,4.9,1,194.37321376800537
5285,4.75,2,194.40032958984375
5286,-1.75,15,194.44214701652527
5287,4.449999999999999,4,194.46720218658447
5288,4.75,2,194.49242973327637
5289,4.449999999999999,4,194.52140641212463
5290,4.449999999999999,4,194.68870449066162
5291,4.0,7,194.72276210784912
5292,4.449999999999999,4,194.75332641601562
5293,4.75,2,194.77575302124023
5294,4.6000000000000005,3,194.80237984657288
5295,4.15,6,194.83066606521606
5296,4.449999999999999,4,194.85703110694885
5297,3.85,8,194.89054346084595
5298,4.75,2,194.9146876335144
5299,4.449999999999999,4,194.94259905815125
5300,4.15,6,194.97423601150513
5301,3.25,12,195.01562881469727
5302,4.75,2,195.0416283607483
5303,3.6999999999999997,9,195.0883765220642
5304,4.6000000000000005,3,195.12031316757202
5305,4.3,5,195.14811158180237
5306,3.85,8,195.19278526306152
5307,4.449999999999999,4,195.22832322120667
5308,4.0,7,195.26933240890503
5309,4.15,6,195.30147051811218
5310,4.449999999999999,4,195.33253026008606
5311,4.6000000000000005,3,195.36476159095764
5312,3.85,8,195.40453577041626
5313,4.3,5,195.4413719177246
5314,4.3,5,195.47335386276245
5315,4.75,2,195.50072693824768
5316,3.6999999999999997,9,195.54354667663574
5317,4.449999999999999,4,195.57829022407532
5318,4.15,6,195.61691093444824
5319,4.75,2,195.64429020881653
5320,4.6000000000000005,3,195.67523765563965
5321,4.3,5,195.70383620262146
5322,4.3,5,195.7337875366211
5323,4.449999999999999,4,195.76043367385864
5324,4.6000000000000005,3,195.78503227233887
5325,4.0,7,195.81847143173218
5326,3.4,11,195.85428643226624
5327,4.3,5,195.88417863845825
5328,3.4,11,195.93220734596252
5329,4.3,5,195.96191883087158
5330,4.15,6,195.99498009681702
5331,4.6000000000000005,3,196.02319979667664
5332,3.55,10,196.06591868400574
5333,4.0,7,196.10628509521484
5334,4.3,5,196.14030623435974
5335,4.0,7,196.16847968101501
5336,-1.75,15,196.36575031280518
5337,3.55,10,196.4074902534485
5338,3.55,10,196.44416213035583
5339,-1.75,15,196.48931312561035
5340,4.15,6,196.51764488220215
5341,4.3,5,196.54468941688538
5342,4.75,2,196.56896710395813
5343,4.75,2,196.5937945842743
5344,4.449999999999999,4,196.62299370765686
5345,4.0,7,196.65678310394287
5346,4.6000000000000005,3,196.68362164497375
5347,-1.75,15,196.7299349308014
5348,3.55,10,196.76882767677307
5349,4.15,6,196.7964370250702
5350,3.85,8,196.83061456680298
5351,4.9,1,196.85380935668945
5352,4.6000000000000005,3,196.87979006767273
5353,-1.75,15,196.9274582862854
5354,3.4,11,196.97004652023315
5355,4.0,7,197.00339102745056
5356,4.0,7,197.03854990005493
5357,4.75,2,197.07166075706482
5358,4.6000000000000005,3,197.10335683822632
5359,4.6000000000000005,3,197.13121819496155
5360,4.3,5,197.16827273368835
5361,4.449999999999999,4,197.1971344947815
5362,3.6999999999999997,9,197.23243522644043
5363,4.15,6,197.2651572227478
5364,4.6000000000000005,3,197.29311299324036
5365,-1.75,15,197.34211421012878
5366,4.9,1,197.36522674560547
5367,3.55,10,197.4058816432953
5368,4.6000000000000005,3,197.43507766723633
5369,3.6999999999999997,9,197.47036337852478
5370,4.449999999999999,4,197.50223088264465
5371,3.25,12,197.54510354995728
5372,4.15,6,197.5835485458374
5373,4.15,6,197.7603416442871
5374,4.6000000000000005,3,197.78626561164856
5375,4.449999999999999,4,197.81520557403564
5376,4.0,7,197.8470697402954
5377,4.75,2,197.87311601638794
5378,3.55,10,197.91445779800415
5379,4.15,6,197.9533896446228
5380,4.6000000000000005,3,197.98177313804626
5381,4.449999999999999,4,198.0087549686432
5382,-1.75,15,198.05144572257996
5383,4.6000000000000005,3,198.0806450843811
5384,3.85,8,198.1174738407135
5385,3.6999999999999997,9,198.1533167362213
5386,4.15,6,198.18322610855103
5387,4.0,7,198.2156584262848
5388,3.25,12,198.25879645347595
5389,3.4,11,198.2989058494568
5390,4.6000000000000005,3,198.32998943328857
5391,4.3,5,198.36460423469543
5392,4.9,1,198.39351558685303
5393,4.9,1,198.42357110977173
5394,4.449999999999999,4,198.4550747871399
5395,3.55,10,198.49315476417542
5396,4.6000000000000005,3,198.52821040153503
5397,4.15,6,198.56386303901672
5398,4.449999999999999,4,198.5966374874115
5399,4.6000000000000005,3,198.6240291595459
5400,-3.15,4,198.65400576591492
5401,4.15,6,198.68660950660706
5402,4.75,2,198.7171893119812
5403,4.15,6,198.75086402893066
5404,4.449999999999999,4,198.77937984466553
5405,3.55,10,198.819753408432
5406,4.449999999999999,4,198.84548568725586
5407,4.6000000000000005,3,198.8710594177246
5408,3.4,11,198.91005420684814
5409,4.449999999999999,4,198.94058322906494
5410,4.6000000000000005,3,198.9670445919037
5411,-1.75,15,199.0124707221985
5412,3.85,8,199.04505729675293
5413,3.6999999999999997,9,199.08209609985352
5414,4.0,7,199.11969828605652
5415,4.0,7,199.15693473815918
5416,3.25,12,199.34759163856506
5417,4.449999999999999,4,199.3832733631134
5418,4.449999999999999,4,199.41226148605347
5419,4.6000000000000005,3,199.43932390213013
5420,2.9499999999999997,14,199.48436498641968
5421,4.75,2,199.50798320770264
5422,4.6000000000000005,3,199.53283405303955
5423,4.15,6,199.56199717521667
5424,4.0,7,199.59509253501892
5425,3.4,11,199.63907027244568
5426,4.6000000000000005,3,199.66720175743103
5427,4.449999999999999,4,199.70288801193237
5428,4.6000000000000005,3,199.73072695732117
5429,3.85,8,199.76697993278503
5430,4.0,7,199.80008387565613
5431,4.9,1,199.8237407207489
5432,4.3,5,199.8593349456787
5433,3.6999999999999997,9,199.89689683914185
5434,3.85,8,199.93844437599182
5435,4.75,2,199.9719545841217
5436,4.449999999999999,4,200.005309343338
5437,3.4,11,200.05219984054565
5438,3.85,8,200.08663535118103
5439,3.85,8,200.12268352508545
5440,4.9,1,200.15458607673645
5441,4.9,1,200.18317937850952
5442,4.6000000000000005,3,200.21164464950562
5443,4.6000000000000005,3,200.24267411231995
5444,4.75,2,200.2701153755188
5445,4.75,2,200.29572081565857
5446,3.55,10,200.33740162849426
5447,4.0,7,200.37355494499207
5448,4.75,2,200.4001224040985
5449,4.0,7,200.4372615814209
5450,4.449999999999999,4,200.46465945243835
5451,4.15,6,200.49581480026245
5452,4.449999999999999,4,200.52367115020752
5453,-1.75,15,200.57428908348083
5454,4.9,1,200.59769320487976
5455,3.4,11,200.64266777038574
5456,4.6000000000000005,3,200.67140245437622
5457,4.9,1,200.69435286521912
5458,4.75,2,200.7235221862793
5459,4.3,5,200.75377702713013
5460,3.6999999999999997,9,200.7955400943756
5461,3.85,8,200.82936000823975
5462,4.449999999999999,4,200.85866451263428
5463,4.75,2,201.03149724006653
5464,4.15,6,201.06759119033813
5465,4.75,2,201.0937442779541
5466,4.75,2,201.11766386032104
5467,4.3,5,201.14666724205017
5468,4.15,6,201.18062782287598
5469,4.15,6,201.21638226509094
5470,4.3,5,201.24455547332764
5471,4.449999999999999,4,201.2790596485138
5472,4.75,2,201.30594205856323
5473,4.3,5,201.33566403388977
5474,4.75,2,201.3610143661499
5475,4.0,7,201.39790844917297
5476,4.75,2,201.43094944953918
5477,4.6000000000000005,3,201.45876121520996
5478,4.3,5,201.4910180568695
5479,3.6999999999999997,9,201.5299334526062
5480,4.3,5,201.56099462509155
5481,4.6000000000000005,3,201.5876967906952
5482,4.75,2,201.61435413360596
5483,4.6000000000000005,3,201.64444828033447
5484,3.6999999999999997,9,201.68750834465027
5485,3.6999999999999997,9,201.73706030845642
5486,4.0,7,201.768789768219
5487,3.85,8,201.8034782409668
5488,4.6000000000000005,3,201.83318948745728
5489,4.75,2,201.85959362983704
5490,3.4,11,201.90416979789734
5491,4.75,2,201.9310965538025
5492,3.4,11,201.97734022140503
5493,4.75,2,201.99874901771545
5494,4.75,2,202.02461123466492
5495,4.6000000000000005,3,202.0507848262787
5496,4.6000000000000005,3,202.07422614097595
5497,3.25,12,202.11175870895386
5498,4.75,2,202.1374135017395
5499,4.75,2,202.16160416603088
5500,3.85,8,202.1956398487091
5501,4.3,5,202.22776556015015
5502,4.0,7,202.26116371154785
5503,3.25,12,202.31066584587097
5504,4.6000000000000005,3,202.34089303016663
5505,-1.75,15,202.39492654800415
5506,4.6000000000000005,3,202.427264213562
5507,4.15,6,202.46320390701294
5508,4.15,6,202.4967803955078
5509,4.6000000000000005,3,202.52625703811646
5510,4.9,1,202.5506660938263
5511,4.75,2,202.57629871368408
5512,4.9,1,202.60273432731628
5513,4.449999999999999,4,202.6362714767456
5514,4.449999999999999,4,202.66133046150208
5515,3.85,8,202.83901977539062
5516,4.0,7,202.87670612335205
5517,3.6999999999999997,9,202.91389393806458
5518,4.449999999999999,4,202.9437837600708
5519,4.6000000000000005,3,202.97184801101685
5520,4.9,1,202.99690866470337
5521,3.85,8,203.03610348701477
5522,4.3,5,203.06654238700867
5523,4.75,2,203.09100461006165
5524,-3.25,6,203.12280678749084
5525,3.1,13,203.16263818740845
5526,4.3,5,203.19164395332336
5527,4.15,6,203.22823810577393
5528,4.9,1,203.25553488731384
5529,4.15,6,203.29018187522888
5530,4.75,2,203.32105779647827
5531,4.6000000000000005,3,203.35432887077332
5532,4.75,2,203.37963151931763
5533,4.3,5,203.4122405052185
5534,4.6000000000000005,3,203.4422800540924
5535,4.6000000000000005,3,203.47442269325256
5536,4.9,1,203.50645184516907
5537,3.6999999999999997,9,203.542653799057
5538,4.6000000000000005,3,203.5692012310028
5539,-1.75,15,203.60883045196533
5540,4.6000000000000005,3,203.63132572174072
5541,4.6000000000000005,3,203.66040134429932
5542,4.9,1,203.6841082572937
5543,4.3,5,203.7119698524475
5544,3.4,11,203.74766945838928
5545,3.6999999999999997,9,203.78046774864197
5546,4.0,7,203.8104293346405
5547,4.0,7,203.84175825119019
5548,4.9,1,203.86420392990112
5549,3.55,10,203.90228033065796
5550,4.15,6,203.93003463745117
5551,4.15,6,203.9596803188324
5552,4.0,7,203.9927523136139
5553,4.6000000000000005,3,204.02111959457397
5554,3.55,10,204.05810260772705
5555,4.6000000000000005,3,204.084734916687
5556,4.0,7,204.11834907531738
5557,3.6999999999999997,9,204.16054129600525
5558,4.449999999999999,4,204.19355726242065
5559,4.15,6,204.22547030448914
5560,4.6000000000000005,3,204.2545828819275
5561,4.3,5,204.28571009635925
5562,4.15,6,204.4759659767151
5563,3.85,8,204.51065301895142
5564,-1.75,15,204.55647993087769
5565,4.6000000000000005,3,204.58761739730835
5566,4.449999999999999,4,204.62430667877197
5567,4.3,5,204.66471552848816
5568,3.4,11,204.71924018859863
5569,3.1,13,204.76295280456543
5570,4.3,5,204.79844069480896
5571,-3.4,9,204.8317449092865
5572,3.6999999999999997,9,204.87757563591003
5573,4.449999999999999,4,204.9074788093567
5574,4.15,6,204.9404103755951
5575,4.15,6,204.9718039035797
5576,4.6000000000000005,3,204.9990313053131
5577,4.449999999999999,4,205.02658414840698
5578,4.6000000000000005,3,205.0576856136322
5579,4.3,5,205.08518743515015
5580,4.15,6,205.11385083198547
5581,4.15,6,205.1471061706543
5582,4.449999999999999,4,205.17697739601135
5583,-1.75,15,205.21950387954712
5584,4.6000000000000005,3,205.24575185775757
5585,4.3,5,205.27610850334167
5586,-1.75,15,205.3199963569641
5587,4.0,7,205.34956431388855
5588,3.55,10,205.38879489898682
5589,4.3,5,205.4244270324707
5590,-1.75,15,205.47720503807068
5591,4.6000000000000005,3,205.50621795654297
5592,4.6000000000000005,3,205.53638768196106
5593,4.0,7,205.56640672683716
5594,4.6000000000000005,3,205.59413886070251
5595,3.4,11,205.63651132583618
5596,4.3,5,205.66763854026794
5597,4.75,2,205.69037675857544
5598,3.6999999999999997,9,205.72994565963745
5599,4.6000000000000005,3,205.75840187072754
5600,4.6000000000000005,3,205.9284040927887
5601,4.15,6,205.9603316783905
5602,4.449999999999999,4,205.9865915775299
5603,4.15,6,206.0188639163971
5604,4.3,5,206.0456063747406
5605,4.0,7,206.07852625846863
5606,4.15,6,206.11299562454224
5607,3.6999999999999997,9,206.15280675888062
5608,4.3,5,206.18288779258728
5609,3.6999999999999997,9,206.2231843471527
5610,4.75,2,206.25286293029785
5611,3.55,10,206.29120087623596
5612,3.4,11,206.33048224449158
5613,3.1,13,206.37960839271545
5614,4.449999999999999,4,206.40722060203552
5615,4.9,1,206.43552923202515
5616,4.9,1,206.46161699295044
5617,4.449999999999999,4,206.49559116363525
5618,4.449999999999999,4,206.52713203430176
5619,4.0,7,206.5593523979187
5620,4.75,2,206.58607411384583
5621,4.6000000000000005,3,206.61520385742188
5622,4.15,6,206.65734219551086
5623,4.15,6,206.70813298225403
5624,3.85,8,206.75855803489685
5625,4.15,6,206.80444526672363
5626,4.449999999999999,4,206.84273099899292
5627,4.3,5,206.88497161865234
5628,-1.75,15,206.94855999946594
5629,4.6000000000000005,3,206.97717428207397
5630,4.75,2,207.00773692131042
5631,4.15,6,207.0449492931366
5632,3.6999999999999997,9,207.08418154716492
5633,-3.1,3,207.11268544197083
5634,4.449999999999999,4,207.15483117103577
5635,4.75,2,207.19116044044495
5636,4.9,1,207.21217107772827
5637,-3.2,5,207.25084280967712
5638,3.85,8,207.29227304458618
5639,3.6999999999999997,9,207.33714151382446
5640,-3.25,6,207.36930751800537
5641,4.9,1,207.40216708183289
5642,4.75,2,207.42659282684326
5643,4.75,2,207.45498919487
5644,4.3,5,207.48764419555664
5645,4.6000000000000005,3,207.5168240070343
5646,-3.3,7,207.55306482315063
5647,3.85,8,207.58924412727356
5648,4.449999999999999,4,207.76882314682007
5649,4.75,2,207.79692482948303
5650,3.6999999999999997,9,207.8342878818512
5651,4.3,5,207.8661699295044
5652,3.6999999999999997,9,207.90273666381836
5653,-1.75,15,207.94889879226685
5654,3.85,8,207.98137736320496
5655,4.449999999999999,4,208.01161408424377
5656,4.6000000000000005,3,208.0375952720642
5657,4.15,6,208.06741428375244
5658,4.75,2,208.09368586540222
5659,-1.75,15,208.14066982269287
5660,4.3,5,208.17835330963135
5661,3.4,11,208.2222237586975
5662,4.9,1,208.25511741638184
5663,4.15,6,208.287446975708
5664,4.3,5,208.31817626953125
5665,4.15,6,208.3460557460785
5666,4.449999999999999,4,208.37185335159302
5667,4.9,1,208.39290642738342
5668,4.449999999999999,4,208.42216444015503
5669,4.75,2,208.45162773132324
5670,4.6000000000000005,3,208.47607398033142
5671,4.6000000000000005,3,208.50627255439758
5672,4.75,2,208.5380117893219
5673,4.15,6,208.56777453422546
5674,4.9,1,208.59132146835327
5675,3.6999999999999997,9,208.6238272190094
5676,3.85,8,208.65694117546082
5677,4.3,5,208.68901014328003
5678,3.6999999999999997,9,208.72597336769104
5679,4.3,5,208.75228452682495
5680,4.0,7,208.78455519676208
5681,4.75,2,208.80698013305664
5682,4.3,5,208.83541226387024
5683,-1.75,15,208.87900757789612
5684,4.3,5,208.9077844619751
5685,4.3,5,208.93753480911255
5686,4.449999999999999,4,208.96515798568726
5687,3.4,11,209.01077389717102
5688,4.75,2,209.0411479473114
5689,3.85,8,209.0755581855774
5690,4.3,5,209.1062924861908
5691,-1.75,15,209.3222131729126
5692,4.449999999999999,4,209.35592222213745
5693,4.75,2,209.38497924804688
5694,4.75,2,209.41266298294067
5695,4.449999999999999,4,209.44426465034485
5696,4.75,2,209.47407722473145
5697,-1.75,15,209.52536630630493
5698,4.3,5,209.56424069404602
5699,4.6000000000000005,3,209.5971817970276
5700,4.75,2,209.62394189834595
5701,4.3,5,209.65634942054749
5702,4.449999999999999,4,209.68144249916077
5703,4.449999999999999,4,209.71043920516968
5704,3.4,11,209.75437712669373
5705,4.75,2,209.7792661190033
5706,4.449999999999999,4,209.80634355545044
5707,4.0,7,209.83657050132751
5708,3.6999999999999997,9,209.86879324913025
5709,3.85,8,209.90062022209167
5710,3.6999999999999997,9,209.94062566757202
5711,4.6000000000000005,3,209.96454620361328
5712,4.15,6,209.99741077423096
5713,4.6000000000000005,3,210.0273723602295
5714,4.3,5,210.05846524238586
5715,4.3,5,210.08656191825867
5716,4.75,2,210.11058378219604
5717,4.15,6,210.14027190208435
5718,4.0,7,210.17504596710205
5719,4.3,5,210.20648384094238
5720,4.3,5,210.23746490478516
5721,4.15,6,210.26750564575195
5722,3.6999999999999997,9,210.30747294425964
5723,4.3,5,210.33986854553223
5724,4.0,7,210.37039232254028
5725,4.75,2,210.39542984962463
5726,4.449999999999999,4,210.42543697357178
5727,4.449999999999999,4,210.45516180992126
5728,4.449999999999999,4,210.48153638839722
5729,3.6999999999999997,9,210.51990246772766
5730,4.75,2,210.5451967716217
5731,3.55,10,210.5872197151184
5732,4.449999999999999,4,210.6206192970276
5733,4.75,2,210.64743375778198
5734,4.449999999999999,4,210.67822074890137
5735,4.75,2,210.7064187526703
5736,4.0,7,210.73954606056213
5737,3.6999999999999997,9,210.7767677307129
5738,3.85,8,210.81212449073792
5739,4.9,1,210.83721661567688
5740,4.449999999999999,4,211.03465032577515
5741,4.15,6,211.07037734985352
5742,3.6999999999999997,9,211.10551190376282
5743,4.15,6,211.137353181839
5744,3.25,12,211.17691254615784
5745,4.6000000000000005,3,211.20797157287598
5746,3.85,8,211.2477629184723
5747,4.6000000000000005,3,211.27632117271423
5748,4.6000000000000005,3,211.30289340019226
5749,4.3,5,211.33080744743347
5750,4.75,2,211.3548150062561
5751,4.0,7,211.38550448417664
5752,4.75,2,211.40854024887085
5753,-3.05,2,211.4359154701233
5754,4.75,2,211.45768642425537
5755,4.3,5,211.4841046333313
5756,4.3,5,211.51771450042725
5757,3.85,8,211.55004167556763
5758,3.25,12,211.59110021591187
5759,4.449999999999999,4,211.6225254535675
5760,4.75,2,211.65153741836548
5761,4.449999999999999,4,211.6886122226715
5762,3.4,11,211.73721265792847
5763,4.9,1,211.76245594024658
5764,3.4,11,211.80346059799194
5765,3.6999999999999997,9,211.8398153781891
5766,4.3,5,211.86736035346985
5767,3.6999999999999997,9,211.90450429916382
5768,4.0,7,211.93704438209534
5769,3.25,12,211.9780569076538
5770,3.85,8,212.01454186439514
5771,4.3,5,212.044353723526
5772,4.15,6,212.07592248916626
5773,4.449999999999999,4,212.10224270820618
5774,4.449999999999999,4,212.12838912010193
5775,3.85,8,212.15991067886353
5776,4.15,6,212.19454717636108
5777,4.15,6,212.22665238380432
5778,4.449999999999999,4,212.25514149665833
5779,3.25,12,212.29497623443604
5780,4.449999999999999,4,212.32539296150208
5781,4.6000000000000005,3,212.3566448688507
5782,4.449999999999999,4,212.3905646800995
5783,4.6000000000000005,3,212.4246120452881
5784,3.4,11,212.6279056072235
5785,4.3,5,212.65840673446655
5786,4.9,1,212.68655252456665
5787,4.449999999999999,4,212.7166678905487
5788,4.15,6,212.7486834526062
5789,4.6000000000000005,3,212.77577328681946
5790,3.6999999999999997,9,212.82135677337646
5791,3.6999999999999997,9,212.86622953414917
5792,4.6000000000000005,3,212.89470434188843
5793,3.4,11,212.9332377910614
5794,4.449999999999999,4,212.9583876132965
5795,4.9,1,212.97848224639893
5796,4.75,2,213.0051248073578
5797,4.75,2,213.0305736064911
5798,4.75,2,213.05813837051392
5799,4.9,1,213.08076119422913
5800,4.3,5,213.10772275924683
5801,4.75,2,213.13062047958374
5802,4.449999999999999,4,213.15854287147522
5803,3.6999999999999997,9,213.18921494483948
5804,4.75,2,213.2142174243927
5805,3.25,12,213.25472617149353
5806,4.75,2,213.27653980255127
5807,4.75,2,213.30395483970642
5808,4.6000000000000005,3,213.32738280296326
5809,4.6000000000000005,3,213.35400652885437
5810,3.55,10,213.39355325698853
5811,4.15,6,213.4238841533661
5812,4.9,1,213.44478011131287
5813,4.449999999999999,4,213.4713351726532
5814,4.9,1,213.49372363090515
5815,4.449999999999999,4,213.5276186466217
5816,3.85,8,213.56224966049194
5817,4.0,7,213.59319519996643
5818,4.0,7,213.62813305854797
5819,4.0,7,213.6588258743286
5820,4.9,1,213.68219661712646
5821,4.449999999999999,4,213.7120909690857
5822,4.15,6,213.74324893951416
5823,4.15,6,213.772531747818
5824,3.4,11,213.81267881393433
5825,4.15,6,213.8398952484131
5826,4.0,7,213.87056040763855
5827,4.9,1,213.89591431617737
5828,4.3,5,213.9285945892334
5829,4.6000000000000005,3,213.95957851409912
5830,3.25,12,214.0075285434723
5831,4.6000000000000005,3,214.03689312934875
5832,-3.45,10,214.07458353042603
5833,4.3,5,214.11184358596802
5834,4.9,1,214.14352130889893
5835,4.3,5,214.35300517082214
5836,4.449999999999999,4,214.38673996925354
5837,4.0,7,214.42294216156006
5838,3.4,11,214.46966218948364
5839,4.15,6,214.50168085098267
5840,4.3,5,214.53186440467834
5841,4.449999999999999,4,214.56779265403748
5842,4.0,7,214.5981879234314
5843,3.25,12,214.64043593406677
5844,3.25,12,214.68785047531128
5845,3.6999999999999997,9,214.72831082344055
5846,4.449999999999999,4,214.75793147087097
5847,4.6000000000000005,3,214.78771686553955
5848,-1.75,15,214.84364938735962
5849,4.0,7,214.8774197101593
5850,4.449999999999999,4,214.90521430969238
5851,4.6000000000000005,3,214.93163394927979
5852,4.0,7,214.9674437046051
5853,4.6000000000000005,3,214.99705839157104
5854,4.75,2,215.0215356349945
5855,4.6000000000000005,3,215.04599738121033
5856,4.75,2,215.072838306427
5857,3.6999999999999997,9,215.10874032974243
5858,4.3,5,215.14162063598633
5859,4.449999999999999,4,215.17543649673462
5860,4.0,7,215.20909118652344
5861,4.75,2,215.23829412460327
5862,3.85,8,215.27346181869507
5863,4.0,7,215.30666422843933
5864,4.3,5,215.3423035144806
5865,3.6999999999999997,9,215.387140750885
5866,4.0,7,215.41883182525635
5867,4.449999999999999,4,215.44904160499573
5868,4.449999999999999,4,215.4777717590332
5869,4.15,6,215.5129189491272
5870,4.449999999999999,4,215.542875289917
5871,4.0,7,215.58273839950562
5872,4.449999999999999,4,215.61135363578796
5873,3.55,10,215.65866565704346
5874,4.3,5,215.69444704055786
5875,3.6999999999999997,9,215.73695421218872
5876,4.3,5,215.77202129364014
5877,3.6999999999999997,9,215.97008681297302
5878,4.9,1,215.9929416179657
5879,4.15,6,216.02374649047852
5880,-1.75,15,216.0674967765808
5881,4.449999999999999,4,216.09455156326294
5882,4.75,2,216.12100744247437
5883,3.4,11,216.16072034835815
5884,3.6999999999999997,9,216.2003881931305
5885,4.6000000000000005,3,216.22881746292114
5886,4.75,2,216.25492358207703
5887,4.6000000000000005,3,216.2844922542572
5888,3.4,11,216.32997488975525
5889,4.75,2,216.3568046092987
5890,-3.05,2,216.38249802589417
5891,3.6999999999999997,9,216.41835522651672
5892,4.6000000000000005,3,216.44242978096008
5893,3.6999999999999997,9,216.48439836502075
5894,3.85,8,216.52403020858765
5895,4.6000000000000005,3,216.55850887298584
5896,3.6999999999999997,9,216.6001114845276
5897,4.75,2,216.6335711479187
5898,4.15,6,216.6678729057312
5899,4.3,5,216.698326587677
5900,3.85,8,216.73215007781982
5901,4.75,2,216.75828886032104
5902,4.9,1,216.78794932365417
5903,4.0,7,216.83166909217834
5904,4.3,5,216.86582589149475
5905,4.6000000000000005,3,216.9006679058075
5906,4.449999999999999,4,216.93978238105774
5907,4.75,2,216.9722764492035
5908,4.6000000000000005,3,217.00618624687195
5909,3.85,8,217.0562608242035
5910,4.9,1,217.08303260803223
5911,-1.75,15,217.12946939468384
5912,4.6000000000000005,3,217.16128373146057
5913,4.15,6,217.19369268417358
5914,4.449999999999999,4,217.22167778015137
5915,4.15,6,217.2562792301178
5916,4.75,2,217.28491497039795
5917,3.25,12,217.32993149757385
5918,4.449999999999999,4,217.36327624320984
5919,4.9,1,217.39195251464844
5920,3.6999999999999997,9,217.43730187416077
5921,4.3,5,217.46925902366638
5922,4.75,2,217.49536228179932
5923,4.6000000000000005,3,217.5282084941864
5924,4.75,2,217.5560131072998
5925,4.75,2,217.58739829063416
5926,4.3,5,217.62264037132263
