#{"t_start": 1787939033.7935355, "env_id": "None"}
r,l,t
4.75,2,0.036003
4.15,6,0.066422
4.15,6,0.097172
4.75,2,0.129167
-3.0,1,0.152664
-3.05,2,0.175588
4.6,3,0.203232
-3.0,1,0.225911
4.15,6,0.256663
-3.4,9,0.295905
-3.2,5,0.332708
-3.05,2,0.359938
-3.0,1,0.385855
4.6,3,0.408913
-3.2,5,0.437575
-3.05,2,0.463159
-3.45,10,0.502313
-3.2,5,0.528943
-3.15,4,0.5595
-3.25,6,0.590431
-3.1,3,0.615941
-3.0,1,0.641451
4.75,2,0.665341
-3.05,2,0.69038
4.0,7,0.720414
-3.1,3,0.744575
4.0,7,0.775788
-3.2,5,0.803789
-3.0,1,0.827806
-3.1,3,0.856725
-3.0,1,0.884963
-3.5,11,0.922433
-3.05,2,0.946743
-3.05,2,0.973839
-3.1,3,1.00224
4.6,3,1.035887
-3.05,2,1.064947
-3.0,1,1.090326
-1.75,15,1.152394
-3.05,2,1.182487
-3.2,5,1.216459
-3.1,3,1.245566
-3.45,10,1.294864
4.3,5,1.335378
-3.0,1,1.365327
4.6,3,1.398664
4.0,7,1.437033
-3.1,3,1.474449
4.3,5,1.511688
4.45,4,1.545822
-3.05,2,1.575859
4.75,2,1.604113
-3.05,2,1.629041
-3.2,5,1.662458
4.75,2,1.686053
-3.05,2,1.712421
-3.2,5,1.744991
-3.6,13,1.786844
3.85,8,1.823567
-3.2,5,1.854268
-3.5,11,2.044302
4.6,3,2.068988
4.45,4,2.099376
4.6,3,2.131872
4.6,3,2.165701
-3.1,3,2.192317
-3.05,2,2.215044
4.45,4,2.242704
3.4,11,2.276931
-3.05,2,2.301193
4.3,5,2.333396
-3.05,2,2.359125
-3.0,1,2.380308
4.0,7,2.411829
-3.15,4,2.440848
-3.0,1,2.462626
4.3,5,2.491561
-3.05,2,2.514759
-3.0,1,2.537616
-3.05,2,2.566276
-3.0,1,2.594073
-1.75,15,2.655628
-3.0,1,2.690914
-3.1,3,2.720675
-3.0,1,2.743936
-3.0,1,2.775513
4.9,1,2.800264
-3.05,2,2.830614
-3.5,11,2.872206
3.7,9,2.91578
-3.05,2,2.942158
-3.0,1,2.971871
-3.0,1,2.99753
-3.05,2,3.030702
4.75,2,3.061071
-3.0,1,3.085487
-3.0,1,3.110888
-3.15,4,3.137563
-3.3,7,3.172933
4.6,3,3.197703
-3.3,7,3.226455
-3.0,1,3.246467
-3.05,2,3.273189
4.15,6,3.308481
4.45,4,3.336734
-3.0,1,3.360463
4.6,3,3.389274
-3.0,1,3.410414
-3.15,4,3.438608
-3.05,2,3.463059
-3.1,3,3.487607
-3.15,4,3.520972
-3.15,4,3.555525
-3.2,5,3.591114
-3.0,1,3.613947
4.75,2,3.648742
-3.25,6,3.681229
-3.0,1,3.709089
4.75,2,3.736122
-3.05,2,3.763771
-3.05,2,3.790009
-3.1,3,3.820198
4.45,4,3.855379
-3.4,9,3.895624
-3.15,4,3.920917
-3.1,3,3.95015
-3.0,1,3.97184
3.55,10,4.011055
-3.0,1,4.033273
-3.15,4,4.068007
3.7,9,4.104113
4.15,6,4.142511
4.75,2,4.350605
-3.0,1,4.379606
-3.55,12,4.425373
4.45,4,4.456154
-3.5,11,4.497653
-3.25,6,4.531531
-3.55,12,4.577911
-3.0,1,4.606319
-3.6,13,4.648758
-3.55,12,4.699689
-3.05,2,4.730847
-3.2,5,4.762892
-3.05,2,4.784436
-3.05,2,4.811489
-1.75,15,4.863294
-3.0,1,4.884185
-3.2,5,4.914388
-3.0,1,4.937286
-1.75,15,4.982905
-3.3,7,5.012551
-3.15,4,5.039346
4.6,3,5.067111
-3.0,1,5.091031
-3.1,3,5.117039
4.6,3,5.14445
-3.3,7,5.175756
4.15,6,5.207198
4.75,2,5.237722
-3.0,1,5.259769
-3.5,11,5.296924
-3.0,1,5.319055
4.45,4,5.348054
4.3,5,5.377165
-3.0,1,5.399282
-3.0,1,5.424165
-3.0,1,5.446392
-3.1,3,5.471232
4.75,2,5.499768
-3.15,4,5.524737
4.0,7,5.552514
-3.0,1,5.579854
-3.2,5,5.6077
4.3,5,5.635728
3.4,11,5.681021
-3.05,2,5.709348
-3.4,9,5.747189
-3.2,5,5.777437
-3.05,2,5.804724
4.75,2,5.835232
-3.05,2,5.862582
-3.15,4,5.892728
-3.05,2,5.915877
-3.0,1,5.943401
-3.2,5,5.971142
-3.25,6,6.182397
-3.05,2,6.21423
-3.05,2,6.24876
4.6,3,6.287559
-3.0,1,6.311115
3.55,10,6.351036
-3.1,3,6.381599
4.45,4,6.416965
-3.05,2,6.444229
4.15,6,6.479137
4.0,7,6.516737
-3.0,1,6.540927
-3.05,2,6.566796
-3.05,2,6.59249
4.15,6,6.625626
-3.05,2,6.647241
3.7,9,6.681832
-3.45,10,6.718843
-3.0,1,6.743447
-3.0,1,6.763247
4.3,5,6.792035
-3.1,3,6.817968
-3.35,8,6.859004
3.1,13,6.901755
4.75,2,6.927583
-3.1,3,6.95539
4.6,3,6.981781
-3.05,2,7.009223
-3.05,2,7.03249
4.15,6,7.070627
-3.25,6,7.102061
-3.05,2,7.128383
-3.15,4,7.159678
-3.05,2,7.18227
-3.25,6,7.217518
4.3,5,7.244531
-3.0,1,7.271051
-3.2,5,7.306219
4.0,7,7.349266
-3.65,14,7.403015
4.6,3,7.428752
4.6,3,7.458091
-3.35,8,7.496294
4.15,6,7.527045
4.45,4,7.554514
-3.1,3,7.579569
-3.0,1,7.608213
4.3,5,7.641553
-3.15,4,7.667172
-3.1,3,7.695633
-3.05,2,7.723404
-3.45,10,7.760392
-3.15,4,7.790691
-3.0,1,7.819848
-3.1,3,7.850712
-3.0,1,7.873893
-3.05,2,7.897427
-3.4,9,7.932197
-3.25,6,7.962678
-3.1,3,8.142269
-3.05,2,8.164878
-3.1,3,8.188183
-3.0,1,8.208879
-3.05,2,8.233065
4.0,7,8.270265
4.6,3,8.299153
-3.3,7,8.331983
-3.1,3,8.358995
-3.2,5,8.392016
-3.1,3,8.419685
4.45,4,8.44519
-3.05,2,8.466717
-3.0,1,8.490353
-3.3,7,8.525749
-3.2,5,8.569393
2.95,14,8.621137
-3.25,6,8.654252
-3.0,1,8.680165
-3.0,1,8.703352
4.3,5,8.732388
4.3,5,8.763073
3.55,10,8.802305
-3.7,15,8.85451
-3.1,3,8.886126
-3.0,1,8.911893
-3.65,14,8.963809
4.0,7,9.002206
-3.15,4,9.033434
-3.35,8,9.074646
4.15,6,9.106417
-3.05,2,9.13187
-3.25,6,9.168527
4.9,1,9.194652
3.4,11,9.239189
-3.1,3,9.263989
4.45,4,9.300798
-3.05,2,9.333257
3.7,9,9.372966
-3.0,1,9.394559
-3.15,4,9.42026
-3.3,7,9.44901
4.75,2,9.473838
3.7,9,9.509272
-3.6,13,9.548449
-3.3,7,9.584286
4.6,3,9.616044
-3.15,4,9.647875
-3.0,1,9.670363
-3.05,2,9.698923
4.75,2,9.725493
-3.45,10,9.911983
-3.45,10,9.955596
-3.0,1,9.979394
-3.55,12,10.022042
-3.6,13,10.0653
-3.1,3,10.094386
-3.6,13,10.133786
-3.6,13,10.178236
-3.1,3,10.208589
4.3,5,10.234704
4.0,7,10.267449
-3.3,7,10.300279
4.15,6,10.3319
3.85,8,10.367079
3.85,8,10.41146
2.95,14,10.455691
-3.45,10,10.490947
-3.1,3,10.517833
-3.35,8,10.549761
-3.25,6,10.584821
-3.1,3,10.613584
4.3,5,10.65457
-1.75,15,10.71407
4.45,4,10.749904
-3.15,4,10.77837
-3.05,2,10.806305
4.45,4,10.841703
-3.55,12,10.886212
-3.0,1,10.915716
4.75,2,10.944924
-3.35,8,10.981456
4.45,4,11.009494
-3.1,3,11.03503
-3.05,2,11.065949
-3.05,2,11.096253
3.85,8,11.13087
4.45,4,11.157467
-3.25,6,11.190807
-3.35,8,11.222847
4.15,6,11.40958
-3.05,2,11.42998
-3.1,3,11.456469
3.85,8,11.487378
-3.05,2,11.513654
-3.0,1,11.535755
-3.1,3,11.563864
-3.0,1,11.586949
-3.2,5,11.621034
4.6,3,11.650245
4.9,1,11.680402
-3.25,6,11.713083
4.6,3,11.745184
-3.1,3,11.773077
-3.1,3,11.798178
4.6,3,11.827411
-3.05,2,11.860519
-3.15,4,11.889025
4.6,3,11.916378
3.55,10,11.951593
-3.1,3,11.978266
4.3,5,12.011509
4.15,6,12.04816
-3.6,13,12.09459
3.7,9,12.138936
-3.1,3,12.172891
-3.55,12,12.220215
-3.1,3,12.255082
-3.25,6,12.292084
-3.1,3,12.317092
-3.0,1,12.340567
4.75,2,12.373848
-3.05,2,12.409694
4.15,6,12.442921
-3.15,4,12.470137
-3.15,4,12.507864
3.85,8,12.55771
-3.05,2,12.585074
-3.1,3,12.614547
-3.0,1,12.641109
-3.2,5,12.674739
4.45,4,12.708064
-3.7,15,12.756514
-3.3,7,12.790868
-3.15,4,12.817088
-3.3,7,12.85066
-3.55,12,12.891732
-3.05,2,12.919661
-3.15,4,12.948604
-3.05,2,12.983927
-3.35,8,13.026452
-3.1,3,13.051512
4.45,4,13.079838
-3.0,1,13.100727
4.45,4,13.131927
3.4,11,13.172585
-3.05,2,13.367937
4.6,3,13.401252
3.55,10,13.438092
-3.4,9,13.474068
-3.0,1,13.499697
4.3,5,13.529792
-3.15,4,13.565496
-3.05,2,13.592975
-3.3,7,13.630375
-3.0,1,13.654509
-3.15,4,13.687001
-3.0,1,13.709233
-3.1,3,13.734251
-3.25,6,13.774273
-3.25,6,13.806199
-3.0,1,13.837818
-3.05,2,13.862967
-3.25,6,13.897896
-3.15,4,13.926004
4.3,5,13.965559
4.15,6,13.999183
-3.05,2,14.027442
-3.45,10,14.063583
-3.1,3,14.096457
-3.0,1,14.123437
2.95,14,14.165823
-3.2,5,14.195668
-3.25,6,14.226838
4.45,4,14.253172
-3.4,9,14.28968
-3.15,4,14.315448
4.6,3,14.341822
4.75,2,14.370335
-3.0,1,14.393974
-3.05,2,14.419483
-3.2,5,14.451619
-3.2,5,14.480208
4.3,5,14.507144
-3.0,1,14.527019
-3.0,1,14.548697
-3.25,6,14.578694
-3.0,1,14.600042
4.6,3,14.630693
-3.2,5,14.658343
-3.2,5,14.685196
-3.1,3,14.713192
4.0,7,14.747854
-3.0,1,14.7729
3.85,8,14.813794
-3.1,3,14.839152
-3.5,11,14.877494
-3.1,3,14.901014
-3.3,7,14.931364
-3.3,7,14.960426
-3.0,1,14.986385
-3.1,3,15.013355
4.0,7,15.046075
-3.05,2,15.069458
-3.2,5,15.248296
-3.4,9,15.29051
4.15,6,15.329296
-3.0,1,15.360742
-3.0,1,15.382961
-3.5,11,15.426468
-3.0,1,15.455187
4.6,3,15.479789
4.6,3,15.513098
-3.55,12,15.556969
-3.05,2,15.585563
4.9,1,15.610419
-3.15,4,15.645355
-1.75,15,15.701071
-3.0,1,15.730469
-3.35,8,15.773179
4.3,5,15.801231
4.6,3,15.829333
4.3,5,15.860624
-3.2,5,15.893234
-3.1,3,15.917476
-3.0,1,15.94636
-3.6,13,15.990596
3.85,8,16.03072
4.0,7,16.06681
-3.25,6,16.099676
-3.25,6,16.129363
3.7,9,16.164542
-3.2,5,16.193763
3.1,13,16.241587
3.25,12,16.294687
-3.35,8,16.337443
-3.05,2,16.365614
3.1,13,16.412508
-3.45,10,16.454629
-3.15,4,16.481819
3.55,10,16.522195
-3.5,11,16.56415
-3.45,10,16.61192
-3.35,8,16.847326
-3.15,4,16.880673
-3.45,10,16.93429
-3.15,4,16.971262
4.45,4,17.011801
-3.1,3,17.039894
4.3,5,17.077627
-3.15,4,17.110673
3.85,8,17.153723
-3.05,2,17.189931
4.75,2,17.215549
-3.25,6,17.249392
-3.1,3,17.282913
-3.0,1,17.311894
-3.4,9,17.359154
2.8,15,17.411063
-3.2,5,17.442222
-3.05,2,17.465689
-3.45,10,17.499055
4.45,4,17.527508
4.3,5,17.556326
-3.0,1,17.581426
4.3,5,17.611935
2.95,14,17.655751
3.85,8,17.696456
-3.2,5,17.728759
4.15,6,17.762483
3.55,10,17.799152
-3.0,1,17.828793
-3.5,11,17.871596
3.4,11,17.91212
-3.4,9,17.944298
4.45,4,17.978514
4.75,2,18.008812
-3.45,10,18.05517
-3.1,3,18.083165
-3.3,7,18.114288
-3.15,4,18.142359
4.15,6,18.1723
-3.4,9,18.208624
-3.25,6,18.237388
-3.3,7,18.271096
-3.0,1,18.296185
-3.2,5,18.323586
-3.3,7,18.507882
4.45,4,18.535292
-3.15,4,18.566128
-3.15,4,18.597623
-3.35,8,18.633441
-3.0,1,18.655881
3.7,9,18.696154
-3.55,12,18.739586
-3.15,4,18.767748
-3.3,7,18.805294
4.15,6,18.839589
3.7,9,18.879382
-3.1,3,18.906625
-3.3,7,18.938061
-3.05,2,18.967332
-3.1,3,18.993234
-3.55,12,19.037519
3.85,8,19.072721
-3.05,2,19.098423
-3.3,7,19.134535
-3.25,6,19.169748
3.7,9,19.20499
-3.35,8,19.238862
-3.05,2,19.261929
-3.1,3,19.289634
-3.1,3,19.319346
-3.1,3,19.344573
3.1,13,19.391869
4.15,6,19.423692
-3.05,2,19.447283
4.6,3,19.474499
4.45,4,19.503368
-3.25,6,19.534059
-3.0,1,19.555093
-3.1,3,19.58256
4.45,4,19.615551
4.75,2,19.647575
-1.75,15,19.702852
-3.25,6,19.732893
-3.15,4,19.761782
4.75,2,19.790639
-3.05,2,19.814538
-3.05,2,19.842346
-3.05,2,19.869159
-3.15,4,19.897555
-3.15,4,19.930651
-3.25,6,19.963941
-3.15,4,19.994487
4.45,4,20.024075
-3.15,4,20.05319
-3.5,11,20.254666
3.4,11,20.297538
-3.0,1,20.324085
4.15,6,20.361009
-3.6,13,20.412338
-3.3,7,20.447497
3.25,12,20.497701
-3.35,8,20.533891
-3.0,1,20.55432
3.55,10,20.590839
-3.2,5,20.619502
4.45,4,20.646146
-3.1,3,20.674424
4.0,7,20.707431
-3.4,9,20.741929
-3.25,6,20.775111
3.25,12,20.821471
3.7,9,20.858998
-3.2,5,20.886269
-3.0,1,20.907248
-3.4,9,20.944107
-3.1,3,20.971126
-3.15,4,21.002495
-3.0,1,21.024032
-3.0,1,21.04564
-3.1,3,21.074723
3.85,8,21.108216
4.3,5,21.137697
-3.2,5,21.165299
-3.4,9,21.206303
4.45,4,21.235682
-3.05,2,21.270728
4.45,4,21.305441
-3.2,5,21.336411
4.6,3,21.362612
-3.45,10,21.400152
4.45,4,21.425406
-3.1,3,21.456756
-3.15,4,21.481094
-3.15,4,21.507275
4.75,2,21.535205
4.45,4,21.564314
-3.0,1,21.586738
-3.0,1,21.609094
4.15,6,21.641441
3.55,10,21.683652
-3.1,3,21.715773
4.6,3,21.908212
-3.3,7,21.941895
4.45,4,21.967523
4.45,4,21.997133
-3.05,2,22.024136
3.55,10,22.064127
-3.3,7,22.098629
4.45,4,22.132118
4.45,4,22.164804
-3.15,4,22.193025
4.3,5,22.223132
-3.65,14,22.264607
4.6,3,22.292889
3.7,9,22.327111
3.85,8,22.362067
3.55,10,22.404807
4.0,7,22.438887
-3.1,3,22.463742
3.85,8,22.495812
-3.5,11,22.532095
-3.45,10,22.564317
-3.3,7,22.596686
4.9,1,22.617702
3.4,11,22.653568
3.4,11,22.694346
-3.05,2,22.722964
4.3,5,22.760958
3.85,8,22.804687
4.0,7,22.842814
-3.35,8,22.877763
-3.1,3,22.899604
3.1,13,22.942798
-3.35,8,22.978375
-3.5,11,23.026561
-3.15,4,23.058906
-3.25,6,23.096771
-3.55,12,23.152355
-3.05,2,23.177617
-3.1,3,23.375455
-3.2,5,23.406962
-3.05,2,23.430749
3.85,8,23.467198
3.4,11,23.507992
-3.3,7,23.540614
-3.3,7,23.573916
-3.65,14,23.620299
-3.2,5,23.651554
3.85,8,23.691116
4.3,5,23.720949
4.3,5,23.757468
-3.35,8,23.797907
3.85,8,23.84315
3.85,8,23.880894
-3.0,1,23.910077
-3.15,4,23.942237
4.45,4,23.981557
3.7,9,24.041404
-3.7,15,24.102272
-3.2,5,24.142785
-3.25,6,24.176996
3.1,13,24.224764
3.4,11,24.270082
4.3,5,24.299338
3.85,8,24.335457
4.0,7,24.369071
4.45,4,24.395168
-3.15,4,24.423818
3.25,12,24.464017
-3.5,11,24.507202
-3.15,4,24.537973
-3.0,1,24.560524
4.6,3,24.59252
-3.25,6,24.627853
-3.4,9,24.664889
-3.1,3,24.694175
-3.4,9,24.913409
-3.5,11,24.954002
4.15,6,24.988498
3.85,8,25.031019
-3.05,2,25.062289
-3.15,4,25.095901
-3.2,5,25.135015
-3.3,7,25.174037
-3.55,12,25.219819
3.4,11,25.263188
-3.25,6,25.29844
3.85,8,25.337389
-3.4,9,25.371323
-3.45,10,25.407656
-3.25,6,25.439031
4.0,7,25.471961
-3.35,8,25.504008
-3.55,12,25.545112
4.75,2,25.573309
3.7,9,25.610005
4.45,4,25.642385
-3.15,4,25.673095
-3.15,4,25.702999
3.25,12,25.75105
-3.0,1,25.77663
-3.5,11,25.820092
-3.2,5,25.857964
-3.2,5,25.88645
-3.2,5,25.915144
-3.45,10,25.958642
-3.2,5,25.990436
3.1,13,26.030183
-3.25,6,26.061686
-3.05,2,26.08772
4.45,4,26.114859
4.0,7,26.156902
3.1,13,26.198714
4.3,5,26.417243
-3.25,6,26.454337
-3.0,1,26.484769
-3.55,12,26.537403
-3.0,1,26.566074
-3.25,6,26.606998
-3.4,9,26.654761
4.15,6,26.690681
-3.15,4,26.726823
-3.15,4,26.760309
4.75,2,26.786458
3.4,11,26.83176
-3.0,1,26.856065
-3.05,2,26.880216
4.15,6,26.914239
4.45,4,26.946224
4.6,3,26.976841
-3.35,8,27.013484
4.15,6,27.049162
3.85,8,27.089977
4.75,2,27.113551
-3.15,4,27.138622
3.4,11,27.176203
-3.25,6,27.208235
-3.05,2,27.230131
4.3,5,27.264335
-3.45,10,27.304209
4.0,7,27.338208
-3.2,5,27.366967
-3.0,1,27.390406
3.7,9,27.431062
-3.1,3,27.465061
-3.35,8,27.503288
-3.4,9,27.555156
-3.05,2,27.58634
4.75,2,27.611542
-3.5,11,27.65118
4.75,2,27.675946
-3.0,1,27.700621
4.9,1,27.721707
4.0,7,27.756312
-3.15,4,27.783154
-3.3,7,27.818875
-3.35,8,27.860624
-3.6,13,27.90018
4.45,4,27.930683
-3.1,3,27.959687
4.3,5,28.159924
-3.2,5,28.195123
3.7,9,28.238337
3.55,10,28.278336
3.85,8,28.311893
-3.25,6,28.345015
-3.4,9,28.381237
-3.05,2,28.410013
-3.45,10,28.450948
4.6,3,28.47732
3.55,10,28.512739
-3.35,8,28.552464
4.0,7,28.590171
-3.55,12,28.634038
-3.0,1,28.658564
-3.1,3,28.687221
4.3,5,28.713574
-3.0,1,28.735531
3.4,11,28.770988
-3.45,10,28.80457
-3.25,6,28.833622
-3.35,8,28.872716
-3.05,2,28.893787
-3.45,10,28.93102
4.15,6,28.963516
3.85,8,28.993738
-3.6,13,29.034353
3.55,10,29.080201
3.85,8,29.115336
-3.05,2,29.140081
-3.6,13,29.186784
-3.1,3,29.211072
-3.65,14,29.262903
4.15,6,29.29691
3.85,8,29.331499
4.3,5,29.363843
3.55,10,29.545882
3.55,10,29.584313
4.0,7,29.621623
3.7,9,29.663957
-3.15,4,29.696967
-1.75,15,29.747718
4.45,4,29.779281
4.15,6,29.819666
-3.0,1,29.848413
-3.1,3,29.885574
4.0,7,29.926515
-1.75,15,29.980183
-3.05,2,30.013196
-3.0,1,30.044136
3.85,8,30.080683
-3.6,13,30.119921
3.55,10,30.156286
4.6,3,30.185972
4.45,4,30.213522
4.15,6,30.243
3.55,10,30.283071
-3.05,2,30.308824
3.7,9,30.342818
-3.5,11,30.385098
-3.15,4,30.410772
4.15,6,30.441469
-3.45,10,30.482596
-3.2,5,30.509673
3.4,11,30.550522
2.95,14,30.593128
-3.0,1,30.617107
3.85,8,30.653658
3.4,11,30.691314
-3.3,7,30.724745
-3.55,12,30.76213
-3.2,5,30.941542
-3.45,10,30.978486
-3.1,3,31.003766
-3.1,3,31.028981
-3.15,4,31.061794
3.4,11,31.106394
4.15,6,31.140474
-3.2,5,31.171412
4.3,5,31.206093
-3.35,8,31.249435
-3.25,6,31.28348
-3.1,3,31.3121
-3.4,9,31.350422
3.25,12,31.394825
4.0,7,31.429176
-3.0,1,31.457448
4.45,4,31.489434
3.25,12,31.533128
-3.15,4,31.560925
-3.4,9,31.602559
4.0,7,31.632077
-3.45,10,31.67541
-3.05,2,31.707006
-3.4,9,31.753191
3.1,13,31.794826
-3.2,5,31.826493
-3.0,1,31.848062
-3.3,7,31.881158
-3.2,5,31.914137
-3.0,1,31.934724
-3.15,4,31.961819
-3.25,6,31.991768
-3.05,2,32.014427
-3.2,5,32.042318
-3.25,6,32.072378
-3.45,10,32.10902
-3.35,8,32.148144
3.4,11,32.200208
4.0,7,32.240279
-3.4,9,32.281106
3.25,12,32.472718
3.55,10,32.507915
-3.5,11,32.551958
4.3,5,32.581859
3.55,10,32.627923
4.6,3,32.655337
-3.0,1,32.67826
-3.7,15,32.726691
-3.25,6,32.756854
3.85,8,32.792194
-3.1,3,32.819627
4.15,6,32.851744
-3.35,8,32.888844
-3.3,7,32.927234
3.85,8,32.964239
3.85,8,33.001877
-3.2,5,33.03746
3.85,8,33.075569
3.85,8,33.120843
-1.75,15,33.172181
-3.05,2,33.198324
-3.55,12,33.240121
-3.2,5,33.266657
3.85,8,33.300972
3.7,9,33.343378
4.15,6,33.372915
3.85,8,33.404555
-3.3,7,33.437604
-3.4,9,33.47599
-3.2,5,33.506454
-3.1,3,33.530165
-3.6,13,33.576791
3.4,11,33.612844
-3.35,8,33.791487
-3.1,3,33.822856
-3.2,5,33.850419
-1.75,15,33.895975
-3.4,9,33.931966
4.0,7,33.96431
3.4,11,34.004516
3.55,10,34.040985
-3.65,14,34.086033
4.3,5,34.117977
4.15,6,34.148914
4.3,5,34.184122
-3.3,7,34.218685
-3.0,1,34.2428
4.75,2,34.274559
-3.25,6,34.311057
-3.15,4,34.343929
3.4,11,34.388153
-3.55,12,34.427805
4.15,6,34.464394
-3.6,13,34.508862
4.9,1,34.534421
-3.45,10,34.573819
-3.35,8,34.612827
-3.6,13,34.660986
-1.75,15,34.711256
-3.35,8,34.749297
3.1,13,34.797486
3.25,12,34.843694
4.45,4,34.871315
3.4,11,34.909389
4.6,3,34.939552
4.75,2,35.101474
-3.5,11,35.136892
-3.05,2,35.161939
3.4,11,35.209661
4.6,3,35.235304
4.6,3,35.263477
4.15,6,35.293756
-3.05,2,35.31596
-3.1,3,35.346616
3.7,9,35.385967
3.55,10,35.423623
-3.35,8,35.460049
-3.05,2,35.485187
3.55,10,35.528169
-3.3,7,35.562056
-3.35,8,35.600661
4.45,4,35.629532
4.15,6,35.659921
-3.5,11,35.695074
-3.2,5,35.724286
-3.65,14,35.777905
4.15,6,35.823048
-1.75,15,35.867211
-3.6,13,35.913188
-3.5,11,35.955763
4.3,5,35.99027
-3.05,2,36.019645
-3.3,7,36.057536
-3.35,8,36.095238
-3.2,5,36.128539
-3.25,6,36.166795
-3.7,15,36.218208
4.0,7,36.259827
4.15,6,36.297714
3.4,11,36.344402
4.3,5,36.53616
-3.25,6,36.565286
3.25,12,36.605535
-3.25,6,36.637154
4.0,7,36.671298
-3.25,6,36.706167
-3.2,5,36.735851
-3.5,11,36.775925
3.55,10,36.815405
-3.55,12,36.867058
-3.3,7,36.900526
-3.55,12,36.947313
-3.55,12,36.994476
4.15,6,37.027082
-3.35,8,37.061481
-3.2,5,37.093868
4.3,5,37.130317
-3.3,7,37.160455
-3.1,3,37.186952
3.85,8,37.220645
-3.05,2,37.245276
-3.3,7,37.283237
-3.3,7,37.320085
3.4,11,37.362517
-3.25,6,37.401447
-3.5,11,37.44056
-3.1,3,37.466022
3.85,8,37.504458
-3.15,4,37.542396
3.55,10,37.579676
-3.2,5,37.610957
-3.4,9,37.644731
4.6,3,37.675938
4.45,4,37.709511
-3.2,5,37.737941
3.7,9,37.777381
4.15,6,37.965719
4.15,6,38.000028
-3.0,1,38.021935
4.0,7,38.0665
4.0,7,38.109155
4.3,5,38.141191
-3.05,2,38.165792
-3.05,2,38.189971
4.0,7,38.221514
-3.5,11,38.257214
-3.5,11,38.301263
-3.4,9,38.341231
3.55,10,38.37964
4.9,1,38.410596
3.1,13,38.458864
3.7,9,38.498296
-3.5,11,38.54171
3.4,11,38.591296
3.85,8,38.625834
-3.05,2,38.649563
4.45,4,38.678724
-3.3,7,38.710338
-3.0,1,38.735483
-3.25,6,38.771612
-3.25,6,38.802816
-3.05,2,38.828374
4.15,6,38.86741
3.85,8,38.909273
4.15,6,38.943545
3.1,13,38.997914
-3.3,7,39.031123
-3.1,3,39.057194
-3.15,4,39.08562
-3.25,6,39.12165
-3.3,7,39.152497
-3.3,7,39.184996
-3.15,4,39.212456
-3.05,2,39.238139
-3.1,3,39.272924
-3.45,10,39.31775
3.85,8,39.523283
-3.35,8,39.554751
3.85,8,39.590751
4.0,7,39.626269
4.3,5,39.658438
3.4,11,39.703662
3.7,9,39.740463
-3.1,3,39.765236
-3.15,4,39.795074
4.3,5,39.826788
-3.35,8,39.862137
-3.0,1,39.887619
-3.35,8,39.922618
-3.05,2,39.946035
-3.15,4,39.974074
4.15,6,40.009328
3.25,12,40.052974
3.85,8,40.085579
-3.0,1,40.109433
-3.25,6,40.147476
4.45,4,40.178939
3.85,8,40.211498
3.7,9,40.248225
4.3,5,40.278786
3.55,10,40.319413
-3.15,4,40.344174
4.45,4,40.375403
-3.0,1,40.397384
3.25,12,40.436949
-3.45,10,40.473335
4.3,5,40.501444
3.4,11,40.5405
4.15,6,40.572827
-3.0,1,40.599525
4.3,5,40.636347
4.45,4,40.673388
-3.2,5,40.705525
-3.25,6,40.737251
4.0,7,40.768596
-3.45,10,40.808156
-3.35,8,40.841831
4.0,7,41.0276
3.55,10,41.070167
3.1,13,41.117488
3.25,12,41.160013
-3.15,4,41.187372
-3.45,10,41.225103
-3.5,11,41.266031
-3.5,11,41.313277
4.15,6,41.344942
4.45,4,41.374383
-3.1,3,41.401136
4.15,6,41.432255
3.55,10,41.470498
3.4,11,41.507307
3.4,11,41.545386
4.15,6,41.57601
-3.15,4,41.605507
-3.45,10,41.64329
3.7,9,41.688933
-3.45,10,41.730365
-3.6,13,41.779536
4.75,2,41.804638
3.85,8,41.838923
-3.4,9,41.87324
4.0,7,41.904324
-3.5,11,41.94073
-3.2,5,41.971893
4.75,2,41.99661
3.85,8,42.030358
4.6,3,42.055895
-3.2,5,42.087071
-3.0,1,42.109545
-3.15,4,42.135316
-3.2,5,42.161179
-3.4,9,42.355686
-3.25,6,42.388513
4.15,6,42.42292
3.85,8,42.456738
-3.6,13,42.506076
-3.15,4,42.538935
-3.25,6,42.570144
3.85,8,42.608995
3.85,8,42.644667
-3.3,7,42.679946
-3.0,1,42.705938
4.15,6,42.739817
4.3,5,42.769517
-3.35,8,42.805104
-3.3,7,42.834832
4.6,3,42.861432
-1.75,15,42.908147
-3.6,13,42.945904
3.4,11,42.984041
3.4,11,43.02345
3.4,11,43.070479
-3.0,1,43.099098
-3.7,15,43.146185
-3.65,14,43.192129
4.15,6,43.230756
4.3,5,43.272577
-3.25,6,43.306905
3.4,11,43.345517
-3.4,9,43.381265
4.3,5,43.409864
-3.7,15,43.455601
-3.15,4,43.48243
4.3,5,43.512057
4.15,6,43.68503
4.15,6,43.715404
4.45,4,43.750787
-3.4,9,43.793751
3.4,11,43.834277
4.15,6,43.868144
3.85,8,43.901548
4.3,5,43.931062
4.9,1,43.95728
-3.3,7,43.997294
3.25,12,44.045731
3.7,9,44.093108
3.85,8,44.13891
4.0,7,44.177947
-3.6,13,44.221928
-3.15,4,44.248026
-3.25,6,44.277715
4.0,7,44.31007
-3.1,3,44.334593
4.45,4,44.360077
3.55,10,44.396662
4.15,6,44.427269
-3.05,2,44.455185
-3.25,6,44.48839
-3.25,6,44.515776
3.85,8,44.555203
-3.15,4,44.586391
-3.2,5,44.61601
-3.15,4,44.643623
-3.6,13,44.687345
-3.15,4,44.716403
4.3,5,44.749583
-3.4,9,44.793859
-3.15,4,44.824007
-3.05,2,44.851051
3.4,11,44.893562
4.15,6,44.924371
-3.3,7,44.960191
4.45,4,44.989145
3.7,9,45.163056
3.55,10,45.202486
4.45,4,45.228467
-3.15,4,45.257292
-3.6,13,45.300546
-3.2,5,45.333564
-3.35,8,45.368249
-3.3,7,45.401046
-3.2,5,45.431805
4.6,3,45.463769
4.3,5,45.493996
-3.7,15,45.542339
-3.7,15,45.587627
3.7,9,45.632382
-3.25,6,45.668486
-3.1,3,45.694292
4.45,4,45.726237
-3.55,12,45.765755
3.85,8,45.801069
3.55,10,45.836773
-3.0,1,45.858395
-3.5,11,45.892788
3.55,10,45.933765
4.3,5,45.964384
3.55,10,46.000834
-3.5,11,46.04135
4.0,7,46.075963
-3.25,6,46.108664
4.45,4,46.139601
4.6,3,46.173293
4.0,7,46.205529
-3.5,11,46.243909
4.45,4,46.270931
-3.2,5,46.298273
-3.6,13,46.498531
-3.15,4,46.527578
4.45,4,46.554351
4.45,4,46.580001
-3.1,3,46.609663
-3.05,2,46.639396
-3.25,6,46.668307
4.3,5,46.696051
-3.3,7,46.72978
3.7,9,46.772782
4.3,5,46.803999
-3.4,9,46.841991
-3.5,11,46.881448
4.0,7,46.915644
-3.45,10,46.958247
-3.3,7,46.992477
4.15,6,47.025152
-3.15,4,47.053424
4.0,7,47.086944
-3.3,7,47.12512
4.45,4,47.155328
4.45,4,47.182031
3.85,8,47.220216
3.85,8,47.256898
4.45,4,47.289219
4.15,6,47.31776
3.25,12,47.363749
-3.35,8,47.395149
4.0,7,47.426266
3.55,10,47.463817
-3.45,10,47.498297
4.0,7,47.532039
-3.25,6,47.561278
4.45,4,47.589044
-3.5,11,47.626406
-3.0,1,47.650588
-3.5,11,47.689293
4.45,4,47.715582
4.75,2,47.741256
-3.25,6,47.775413
-3.45,10,47.953036
4.15,6,47.984585
-3.4,9,48.020085
-3.6,13,48.070649
4.75,2,48.095843
-3.35,8,48.128418
3.85,8,48.164778
-3.15,4,48.192765
-3.2,5,48.221518
3.4,11,48.259208
-3.6,13,48.309129
3.25,12,48.358312
-3.2,5,48.392075
4.3,5,48.423944
3.4,11,48.461611
-3.25,6,48.492636
4.45,4,48.522165
4.0,7,48.559377
-3.15,4,48.590501
-3.1,3,48.619431
-3.45,10,48.657776
3.55,10,48.700015
-3.25,6,48.738204
-3.3,7,48.790207
4.45,4,48.824458
4.45,4,48.85662
3.1,13,48.901714
3.4,11,48.944407
4.15,6,48.978537
3.55,10,49.016226
-3.5,11,49.053591
-3.15,4,49.077903
4.6,3,49.103329
4.15,6,49.132978
-3.05,2,49.161282
4.6,3,49.189019
4.45,4,49.216602
-3.45,10,49.410034
4.0,7,49.44171
4.6,3,49.467317
4.0,7,49.506686
4.15,6,49.541445
-1.75,15,49.588049
-3.05,2,49.61859
3.7,9,49.657125
-3.25,6,49.68737
3.25,12,49.736091
-3.55,12,49.774302
-3.25,6,49.807047
3.4,11,49.84691
4.15,6,49.881013
3.4,11,49.922704
-3.2,5,49.955737
4.15,6,49.993236
3.85,8,50.033622
-3.4,9,50.06998
-3.15,4,50.099555
4.3,5,50.128952
3.25,12,50.173303
-3.05,2,50.20551
3.85,8,50.243825
3.7,9,50.2824
4.3,5,50.313455
3.85,8,50.353671
4.3,5,50.390287
-3.25,6,50.423375
-3.0,1,50.450245
-3.55,12,50.487896
-3.0,1,50.510607
3.85,8,50.54468
4.0,7,50.577059
-3.1,3,50.602371
-3.2,5,50.62796
-3.1,3,50.655914
4.75,2,50.690979
-3.2,5,50.872803
3.85,8,50.904765
-3.35,8,50.935629
-3.2,5,50.964164
-3.5,11,51.000913
3.85,8,51.03721
-3.7,15,51.084524
-3.05,2,51.10917
4.0,7,51.14251
4.3,5,51.175973
3.7,9,51.214525
4.15,6,51.247559
4.0,7,51.278677
4.0,7,51.314789
4.75,2,51.339371
-3.15,4,51.365994
-3.25,6,51.403312
-3.35,8,51.436859
-3.15,4,51.462364
4.3,5,51.493192
3.85,8,51.526359
4.3,5,51.555084
4.15,6,51.587116
-3.25,6,51.61891
4.45,4,51.64533
-3.4,9,51.689311
4.3,5,51.722081
-3.0,1,51.747191
3.85,8,51.786221
-3.4,9,51.822229
-3.05,2,51.848029
3.85,8,51.886617
-3.0,1,51.912908
-3.2,5,51.942996
-3.0,1,51.970918
-3.5,11,52.009308
4.15,6,52.0409
4.3,5,52.077267
-3.6,13,52.117774
4.15,6,52.146581
-3.3,7,52.337549
4.3,5,52.364351
3.85,8,52.399638
4.15,6,52.430326
4.15,6,52.465493
4.3,5,52.500905
4.45,4,52.527761
4.0,7,52.558219
3.4,11,52.595554
3.85,8,52.628104
4.75,2,52.655339
-3.05,2,52.681568
-3.05,2,52.70567
-3.0,1,52.734508
4.45,4,52.762373
-3.3,7,52.801719
-3.45,10,52.838263
-3.25,6,52.870626
-3.2,5,52.900125
4.0,7,52.932106
-3.25,6,52.964804
4.45,4,52.991723
-3.15,4,53.0206
3.85,8,53.060846
3.7,9,53.108747
-3.15,4,53.139196
4.45,4,53.171258
3.55,10,53.219751
-3.4,9,53.259778
-3.5,11,53.307171
-3.1,3,53.336134
4.15,6,53.376812
4.15,6,53.413748
-3.35,8,53.447881
-3.35,8,53.480849
-3.3,7,53.521699
3.55,10,53.564405
3.85,8,53.607265
3.85,8,53.642349
-3.1,3,53.671173
-3.15,4,53.698782
4.45,4,53.72362
4.45,4,53.75472
-3.35,8,53.938648
3.7,9,53.97409
-3.35,8,54.010283
4.45,4,54.03766
-3.1,3,54.06242
-3.1,3,54.088173
-3.35,8,54.130973
-3.3,7,54.161277
4.3,5,54.188045
-3.25,6,54.219049
-3.15,4,54.248197
4.3,5,54.275517
-3.5,11,54.315527
3.85,8,54.355596
-3.15,4,54.386743
-3.35,8,54.418871
-3.45,10,54.456883
-3.3,7,54.486963
-3.3,7,54.518618
4.45,4,54.547888
-3.2,5,54.574278
-3.05,2,54.598364
-3.25,6,54.639241
-3.1,3,54.66769
3.85,8,54.703778
-3.25,6,54.740913
-3.45,10,54.776108
3.55,10,54.820877
-3.2,5,54.848301
3.85,8,54.886102
4.0,7,54.918307
-3.5,11,54.956915
4.0,7,54.987439
-3.4,9,55.024243
-3.2,5,55.060977
4.75,2,55.089664
3.85,8,55.134201
4.75,2,55.159686
4.45,4,55.191857
4.3,5,55.22619
-3.25,6,55.400125
4.3,5,55.428075
-3.0,1,55.449197
-3.2,5,55.476624
4.0,7,55.507116
-3.05,2,55.53351
4.3,5,55.561702
-3.55,12,55.602916
4.0,7,55.63486
4.45,4,55.660141
-3.0,1,55.686348
4.45,4,55.714639
3.7,9,55.753168
4.15,6,55.787956
4.6,3,55.816573
-3.3,7,55.850409
4.3,5,55.881391
-3.0,1,55.906194
4.45,4,55.935798
-3.5,11,55.974653
4.15,6,56.007216
-3.55,12,56.050859
-3.5,11,56.092294
-3.4,9,56.136233
-3.25,6,56.166541
3.25,12,56.222796
-3.1,3,56.257745
-3.15,4,56.290428
-3.1,3,56.322713
-3.05,2,56.348248
4.0,7,56.38141
4.0,7,56.415045
-3.0,1,56.438097
4.9,1,56.463713
-3.05,2,56.491447
4.6,3,56.525531
4.15,6,56.563772
4.15,6,56.600622
3.55,10,56.644736
4.75,2,56.671951
4.0,7,56.710219
-3.2,5,56.741802
-3.25,6,56.775262
3.55,10,56.816514
-3.55,12,56.853804
4.45,4,57.024929
4.0,7,57.058534
4.15,6,57.089758
-3.15,4,57.119396
-3.2,5,57.144955
4.0,7,57.181243
-3.1,3,57.2145
4.0,7,57.252856
4.45,4,57.28291
-3.25,6,57.309551
4.6,3,57.335943
-3.25,6,57.366354
-3.25,6,57.394515
-3.4,9,57.426554
3.7,9,57.459889
3.85,8,57.49373
4.6,3,57.518034
4.45,4,57.542761
3.25,12,57.584327
-1.75,15,57.635989
-3.5,11,57.673012
-3.15,4,57.701027
4.75,2,57.724152
3.4,11,57.760087
4.3,5,57.793126
-3.4,9,57.829256
-3.3,7,57.861391
-3.35,8,57.895209
4.45,4,57.924135
3.7,9,57.966625
-3.15,4,57.996254
4.45,4,58.025775
4.6,3,58.054448
4.15,6,58.089451
3.4,11,58.142409
-3.4,9,58.181691
3.4,11,58.229248
3.85,8,58.271963
4.3,5,58.445532
4.45,4,58.477906
4.3,5,58.506024
3.7,9,58.540657
-3.3,7,58.575065
3.7,9,58.619768
4.15,6,58.649239
4.0,7,58.682639
3.7,9,58.715317
4.6,3,58.747775
3.7,9,58.788472
-3.05,2,58.814038
-3.0,1,58.840689
3.85,8,58.874067
4.6,3,58.901999
-1.75,15,58.944782
-3.25,6,58.978357
3.7,9,59.015855
4.45,4,59.046863
-3.15,4,59.075969
4.45,4,59.104565
4.6,3,59.131675
-1.75,15,59.174846
-3.2,5,59.206728
4.6,3,59.229862
-3.25,6,59.261845
-3.25,6,59.292209
3.4,11,59.335146
-3.25,6,59.36981
-3.15,4,59.39985
3.85,8,59.437254
-3.5,11,59.477675
-3.2,5,59.505346
4.3,5,59.53476
-3.05,2,59.557695
-3.05,2,59.584642
3.55,10,59.621236
4.6,3,59.64861
4.15,6,59.683459
-3.35,8,59.720979
4.6,3,59.748365
4.3,5,59.782981
-3.05,2,59.8069
-3.2,5,60.005927
4.15,6,60.039896
3.4,11,60.083788
3.55,10,60.122014
-3.35,8,60.153212
4.45,4,60.183668
4.0,7,60.217009
4.15,6,60.248335
4.3,5,60.274575
-3.2,5,60.307291
4.45,4,60.336618
4.45,4,60.369024
-3.2,5,60.399969
3.85,8,60.442631
-3.35,8,60.474735
4.15,6,60.504481
-3.65,14,60.548553
-3.15,4,60.584186
4.0,7,60.617354
4.3,5,60.651724
3.85,8,60.695021
3.7,9,60.729782
4.0,7,60.763786
4.0,7,60.795477
-3.6,13,60.841852
-3.0,1,60.873123
4.15,6,60.913944
4.45,4,60.945358
-3.2,5,60.975782
4.15,6,61.009351
3.7,9,61.048459
4.0,7,61.082399
-3.35,8,61.117911
4.75,2,61.146091
-3.15,4,61.176047
-3.2,5,61.209297
4.0,7,61.244567
3.55,10,61.283873
-3.05,2,61.308132
3.55,10,61.497322
-3.05,2,61.522846
3.7,9,61.557981
4.45,4,61.58533
3.85,8,61.619527
-3.45,10,61.657369
4.75,2,61.684211
4.0,7,61.718295
-3.15,4,61.742984
-3.65,14,61.785884
4.45,4,61.824895
-3.3,7,61.865371
3.7,9,61.904063
-3.0,1,61.931789
4.0,7,61.964954
4.6,3,61.994239
-3.35,8,62.029948
3.7,9,62.064603
3.7,9,62.09663
-3.5,11,62.133664
-3.35,8,62.166224
-3.0,1,62.189751
-3.2,5,62.218042
-3.05,2,62.240567
4.15,6,62.269325
-3.05,2,62.293422
4.3,5,62.323435
4.15,6,62.353124
4.75,2,62.3777
4.45,4,62.407159
4.75,2,62.431723
-3.15,4,62.456217
4.0,7,62.492429
-3.05,2,62.520017
4.0,7,62.55338
4.0,7,62.588264
-3.55,12,62.630532
-3.15,4,62.657437
-3.35,8,62.693311
4.3,5,62.726763
4.15,6,62.761548
3.55,10,62.802663
4.15,6,62.835348
-3.35,8,63.039576
3.7,9,63.082082
-3.2,5,63.11799
-3.4,9,63.154944
3.55,10,63.200657
4.3,5,63.234547
4.6,3,63.257288
-3.15,4,63.289645
-3.4,9,63.328433
-3.15,4,63.363613
4.15,6,63.394968
3.4,11,63.438317
-3.1,3,63.47014
-3.3,7,63.501756
3.7,9,63.537037
3.7,9,63.570818
4.75,2,63.597229
-3.2,5,63.623028
-3.2,5,63.65456
4.0,7,63.684333
4.3,5,63.709316
-3.6,13,63.778378
4.0,7,63.82981
-3.2,5,63.866063
-3.3,7,63.910259
4.45,4,63.940047
4.6,3,63.966252
4.6,3,63.995432
-3.05,2,64.025373
-3.4,9,64.069133
-3.4,9,64.107212
-1.75,15,64.158665
-3.4,9,64.194765
-3.15,4,64.221374
-3.1,3,64.246324
-3.5,11,64.285203
3.85,8,64.324552
4.45,4,64.354926
-3.3,7,64.387554
-3.4,9,64.584758
4.15,6,64.618696
4.45,4,64.648181
4.45,4,64.673333
-3.05,2,64.701413
-3.05,2,64.724494
4.3,5,64.755621
-3.35,8,64.791155
4.0,7,64.828317
3.7,9,64.864965
-3.25,6,64.895015
-3.1,3,64.9212
-3.2,5,64.952421
3.85,8,64.98469
-3.05,2,65.00832
4.0,7,65.04293
-3.15,4,65.071924
-3.1,3,65.093977
4.45,4,65.122914
4.0,7,65.157287
4.6,3,65.182731
-3.35,8,65.219183
-3.0,1,65.242922
-3.4,9,65.276516
-3.3,7,65.313807
-3.2,5,65.348659
4.45,4,65.384145
4.45,4,65.419563
3.55,10,65.4601
3.85,8,65.491993
4.15,6,65.522609
3.25,12,65.563404
4.6,3,65.593142
3.55,10,65.638762
-3.4,9,65.680359
-3.15,4,65.715727
-3.0,1,65.747289
4.6,3,65.77427
-3.25,6,65.810826
-3.1,3,65.839125
-3.4,9,65.878267
4.75,2,65.907397
4.3,5,65.942906
-3.2,5,65.974048
4.15,6,66.005255
4.45,4,66.033629
-3.05,2,66.062317
4.0,7,66.241454
-3.5,11,66.284687
3.85,8,66.320268
3.85,8,66.354009
4.15,6,66.387211
4.0,7,66.417314
4.6,3,66.444756
-3.0,1,66.466864
4.0,7,66.500979
4.3,5,66.531743
4.3,5,66.562889
3.85,8,66.601203
4.75,2,66.629539
4.15,6,66.661991
4.45,4,66.691802
4.45,4,66.729363
4.0,7,66.76575
-3.55,12,66.80277
4.45,4,66.830491
4.6,3,66.856199
-3.15,4,66.882705
-3.1,3,66.91043
-3.3,7,66.94047
-3.35,8,66.973664
4.75,2,66.998631
-3.5,11,67.041134
-3.5,11,67.086252
4.6,3,67.117306
-3.55,12,67.162395
4.15,6,67.196506
-3.25,6,67.230636
-3.1,3,67.256056
3.55,10,67.296713
4.3,5,67.331155
-3.35,8,67.368576
4.6,3,67.401906
-3.6,13,67.44478
-3.1,3,67.471713
4.3,5,67.500072
-3.25,6,67.532806
-3.45,10,67.571157
-3.2,5,67.762959
-3.55,12,67.803432
4.45,4,67.832164
-3.3,7,67.863844
3.85,8,67.898631
-3.15,4,67.925448
4.0,7,67.962744
-3.55,12,68.024433
-3.65,14,68.073616
-3.2,5,68.107841
4.6,3,68.133562
-3.25,6,68.168564
-3.55,12,68.212158
-3.4,9,68.249305
-3.05,2,68.272345
4.3,5,68.298969
3.4,11,68.334425
3.4,11,68.371945
4.3,5,68.402621
-3.1,3,68.4242
-3.55,12,68.46243
4.45,4,68.491722
4.3,5,68.517042
-3.25,6,68.545482
4.6,3,68.570379
4.0,7,68.599354
3.4,11,68.638495
4.75,2,68.669913
-3.2,5,68.702416
4.3,5,68.73372
4.45,4,68.767991
4.0,7,68.799511
4.45,4,68.826669
-3.3,7,68.862729
-3.0,1,68.888873
4.45,4,68.918283
3.7,9,68.956222
3.55,10,68.996931
-3.0,1,69.02128
-3.0,1,69.048271
-3.1,3,69.075719
-3.25,6,69.258272
4.15,6,69.28937
3.85,8,69.331943
4.0,7,69.371978
-3.6,13,69.416094
3.85,8,69.456422
-3.15,4,69.485916
3.4,11,69.520408
-3.0,1,69.54047
-3.05,2,69.563574
-3.2,5,69.597676
-3.2,5,69.625113
4.45,4,69.656038
4.0,7,69.694351
-3.45,10,69.731736
4.0,7,69.770988
-3.35,8,69.810981
-3.0,1,69.834763
-3.1,3,69.863084
-3.15,4,69.8936
-3.05,2,69.921478
-3.4,9,69.959968
-3.3,7,69.994365
4.15,6,70.032849
4.45,4,70.07012
4.15,6,70.106565
-3.25,6,70.140264
4.0,7,70.174568
-3.45,10,70.20894
-3.0,1,70.233658
4.6,3,70.267265
4.3,5,70.299681
3.55,10,70.341532
4.45,4,70.378821
-3.2,5,70.40897
3.7,9,70.443969
4.15,6,70.480055
4.6,3,70.508427
-3.0,1,70.530982
4.45,4,70.557603
4.45,4,70.587612
-3.25,6,70.617702
4.6,3,70.651752
4.45,4,70.685482
-3.5,11,70.734342
4.15,6,70.921625
-3.4,9,70.956489
-3.1,3,70.986312
4.45,4,71.013628
4.3,5,71.042572
3.1,13,71.089247
-3.0,1,71.111165
-3.3,7,71.148109
3.4,11,71.19143
3.85,8,71.23566
4.3,5,71.261738
3.55,10,71.299807
4.45,4,71.328497
3.7,9,71.366829
-3.35,8,71.398567
4.15,6,71.432077
3.85,8,71.468688
4.15,6,71.503486
-3.35,8,71.534803
-3.25,6,71.564525
4.15,6,71.603884
3.85,8,71.638214
4.3,5,71.669789
4.45,4,71.704233
4.15,6,71.747865
4.45,4,71.78284
3.7,9,71.821249
4.0,7,71.859165
4.45,4,71.891656
-3.25,6,71.923005
3.85,8,71.959884
4.75,2,71.988807
4.75,2,72.018003
-3.0,1,72.042158
-3.5,11,72.084059
4.45,4,72.113133
-3.35,8,72.146893
4.6,3,72.173793
4.15,6,72.209403
-3.3,7,72.244966
-3.2,5,72.275972
-3.15,4,72.30458
3.7,9,72.503613
-3.15,4,72.530736
-3.1,3,72.55549
4.15,6,72.581466
3.85,8,72.618079
-3.15,4,72.648777
4.0,7,72.687851
-3.3,7,72.721338
4.45,4,72.751413
-3.15,4,72.778864
4.45,4,72.806511
4.6,3,72.838272
3.85,8,72.876156
4.15,6,72.90784
4.45,4,72.934013
-3.35,8,72.969057
4.3,5,72.994802
-3.35,8,73.028688
-3.05,2,73.050687
-3.25,6,73.081216
3.1,13,73.129452
3.85,8,73.163175
3.7,9,73.211836
3.85,8,73.252419
4.3,5,73.289024
3.25,12,73.333297
3.85,8,73.372652
-3.7,15,73.428422
3.85,8,73.465436
4.15,6,73.494192
-3.0,1,73.519749
3.85,8,73.562314
-3.5,11,73.606639
4.6,3,73.635645
-3.6,13,73.682771
-3.2,5,73.718805
-3.35,8,73.756592
4.3,5,73.789802
-3.3,7,73.979827
3.7,9,74.014397
4.6,3,74.038996
-3.7,15,74.084728
3.85,8,74.118601
4.15,6,74.154995
4.45,4,74.187158
4.3,5,74.21984
4.6,3,74.243006
3.55,10,74.27838
-3.45,10,74.314426
4.15,6,74.342167
4.6,3,74.367739
-1.75,15,74.409099
4.3,5,74.440574
-3.4,9,74.473134
4.6,3,74.501665
-3.0,1,74.525581
4.3,5,74.55452
3.85,8,74.593178
4.3,5,74.623902
4.3,5,74.655617
4.75,2,74.679327
3.85,8,74.711348
3.85,8,74.742065
4.45,4,74.773733
4.6,3,74.80742
-3.25,6,74.85
3.25,12,74.892171
-3.25,6,74.929007
4.15,6,74.95932
4.0,7,74.996333
4.3,5,75.026827
-3.05,2,75.05424
-3.4,9,75.097623
3.85,8,75.137683
4.9,1,75.161566
4.3,5,75.189804
3.85,8,75.225552
4.45,4,75.252497
4.45,4,75.284062
4.0,7,75.47954
4.15,6,75.506907
-3.3,7,75.53769
4.0,7,75.572042
4.45,4,75.603976
4.0,7,75.642167
3.4,11,75.690253
-3.2,5,75.724032
3.4,11,75.767035
3.4,11,75.805657
-3.2,5,75.843513
4.6,3,75.868044
-3.25,6,75.906345
3.7,9,75.937779
4.0,7,75.969549
4.15,6,76.003687
3.7,9,76.038267
4.3,5,76.069252
-3.25,6,76.098273
4.45,4,76.12588
4.45,4,76.151434
-3.15,4,76.176121
3.85,8,76.210901
-3.3,7,76.244959
4.9,1,76.270769
-3.45,10,76.306664
-3.45,10,76.345625
3.55,10,76.387168
3.85,8,76.424157
4.75,2,76.451632
-3.1,3,76.479133
4.15,6,76.522244
3.85,8,76.560973
-3.15,4,76.590322
4.3,5,76.628247
4.15,6,76.667475
3.85,8,76.712374
4.45,4,76.748532
-3.2,5,76.781645
-3.25,6,76.815088
4.6,3,76.844238
3.85,8,77.037402
4.15,6,77.070186
4.6,3,77.097891
4.75,2,77.126451
4.15,6,77.164457
3.7,9,77.202624
-3.0,1,77.231459
-3.2,5,77.25919
-3.1,3,77.289799
3.7,9,77.323148
4.0,7,77.357554
4.75,2,77.383955
3.55,10,77.423594
4.15,6,77.451251
-3.25,6,77.484409
4.3,5,77.512393
-3.2,5,77.538868
3.4,11,77.574552
4.0,7,77.612837
4.3,5,77.646476
-3.25,6,77.674192
3.85,8,77.707946
-3.3,7,77.741489
-3.5,11,77.778274
3.85,8,77.808943
4.3,5,77.839936
4.6,3,77.877101
4.15,6,77.909061
4.45,4,77.93751
3.85,8,77.976164
4.45,4,78.007519
-3.05,2,78.031481
-3.15,4,78.064508
4.3,5,78.095725
4.3,5,78.125526
-3.5,11,78.164878
4.45,4,78.197502
4.3,5,78.225147
3.7,9,78.264351
-3.2,5,78.294354
-3.35,8,78.332029
-3.2,5,78.367324
4.3,5,78.404716
4.6,3,78.434655
4.45,4,78.614073
3.55,10,78.655669
-3.45,10,78.693447
3.55,10,78.732288
3.85,8,78.767456
3.4,11,78.809654
3.25,12,78.852461
-3.1,3,78.888238
4.45,4,78.925237
-3.35,8,78.958603
-3.05,2,78.984166
4.75,2,79.014549
-3.1,3,79.040047
-3.0,1,79.063787
3.25,12,79.10553
3.55,10,79.143905
-3.4,9,79.17855
4.15,6,79.209485
4.0,7,79.242675
-3.2,5,79.271199
4.15,6,79.302445
4.3,5,79.333042
-3.2,5,79.365855
4.0,7,79.398828
4.15,6,79.426903
4.45,4,79.453432
3.7,9,79.495078
-3.2,5,79.52859
4.3,5,79.561662
4.15,6,79.592135
4.45,4,79.620189
3.55,10,79.664344
3.4,11,79.709265
4.3,5,79.737102
4.45,4,79.767294
3.7,9,79.818866
4.15,6,79.853741
4.75,2,79.884773
4.0,7,79.921853
3.55,10,80.163178
4.15,6,80.196949
3.7,9,80.239488
4.15,6,80.270418
4.3,5,80.304187
4.0,7,80.339889
3.7,9,80.377148
4.0,7,80.410444
-3.5,11,80.453036
-3.3,7,80.48468
4.3,5,80.514545
3.55,10,80.550542
4.3,5,80.581124
4.75,2,80.604234
-3.55,12,80.644397
3.85,8,80.681304
-3.55,12,80.721046
4.15,6,80.752598
4.3,5,80.78201
4.45,4,80.807079
4.45,4,80.83395
4.3,5,80.86481
4.3,5,80.893676
-3.2,5,80.923955
-3.5,11,80.96812
4.15,6,80.997055
-3.15,4,81.025678
4.6,3,81.054681
4.45,4,81.082848
-3.65,14,81.121396
4.6,3,81.149465
-3.55,12,81.193141
3.4,11,81.230516
3.4,11,81.270032
-3.2,5,81.301626
4.0,7,81.337373
3.7,9,81.537755
3.7,9,81.572826
4.3,5,81.605703
4.45,4,81.638743
4.6,3,81.663106
-3.5,11,81.704105
4.0,7,81.739683
3.55,10,81.787581
-1.75,15,81.83682
4.3,5,81.870194
-3.35,8,81.915182
3.4,11,81.954893
3.55,10,81.988854
4.6,3,82.019452
4.45,4,82.045507
-3.0,1,82.070331
4.9,1,82.09885
3.55,10,82.134937
-3.45,10,82.168606
3.85,8,82.202181
4.0,7,82.235232
3.85,8,82.26926
-3.25,6,82.299052
4.3,5,82.325819
4.6,3,82.35379
3.25,12,82.395468
4.6,3,82.419123
4.45,4,82.448583
3.4,11,82.483318
-1.75,15,82.526553
4.45,4,82.551344
-3.25,6,82.581836
4.3,5,82.609163
4.75,2,82.634225
3.85,8,82.668496
3.25,12,82.705185
-3.3,7,82.891645
4.6,3,82.920006
-1.75,15,82.973472
4.15,6,83.005621
-1.75,15,83.054538
4.3,5,83.084433
4.0,7,83.116674
3.85,8,83.155185
3.55,10,83.197697
3.7,9,83.237198
-3.35,8,83.278429
4.0,7,83.312439
-3.4,9,83.348873
-1.75,15,83.394901
4.0,7,83.434588
4.3,5,83.464533
4.0,7,83.49782
3.1,13,83.536584
4.3,5,83.567259
4.15,6,83.599414
4.6,3,83.626048
-3.5,11,83.662603
-1.75,15,83.707067
4.3,5,83.739169
4.15,6,83.771568
-3.65,14,83.81863
4.3,5,83.850106
-3.55,12,83.896089
-3.15,4,83.92494
4.15,6,83.954753
3.4,11,84.000083
-3.5,11,84.182284
-3.3,7,84.218611
-3.5,11,84.262456
4.15,6,84.300424
-3.7,15,84.345909
3.85,8,84.383573
4.0,7,84.423968
4.3,5,84.457015
-3.45,10,84.49548
-3.7,15,84.544654
4.15,6,84.577153
4.15,6,84.607744
3.7,9,84.645916
-3.5,11,84.684578
-3.45,10,84.728138
4.0,7,84.760447
4.6,3,84.79614
4.15,6,84.829365
4.6,3,84.85647
3.7,9,84.89445
3.7,9,84.929916
3.4,11,84.966042
4.3,5,84.994906
-3.7,15,85.037082
3.85,8,85.071738
4.75,2,85.099248
4.3,5,85.125498
4.0,7,85.156036
4.6,3,85.186736
3.25,12,85.233747
4.75,2,85.258771
4.6,3,85.286502
4.45,4,85.317261
4.6,3,85.345531
-3.25,6,85.505422
4.15,6,85.53784
3.4,11,85.578106
4.15,6,85.607907
-3.65,14,85.654023
4.6,3,85.681578
3.7,9,85.716394
4.6,3,85.741224
-3.35,8,85.777829
4.15,6,85.807383
4.75,2,85.834304
4.15,6,85.866605
-1.75,15,85.913352
3.85,8,85.953193
-1.75,15,86.004027
-3.35,8,86.042029
4.45,4,86.073336
4.45,4,86.107409
4.45,4,86.136454
-3.3,7,86.177409
-3.15,4,86.20746
-1.75,15,86.258921
3.4,11,86.30564
4.0,7,86.339914
4.0,7,86.376607
-3.3,7,86.408238
3.55,10,86.445686
-3.45,10,86.480013
4.9,1,86.505299
-1.75,15,86.564672
-3.2,5,86.606219
-3.15,4,86.637649
3.85,8,86.681038
-3.4,9,86.718636
-3.05,2,86.747527
4.15,6,86.9252
-3.45,10,86.962746
-3.6,13,87.002342
4.15,6,87.032199
3.4,11,87.068666
-3.3,7,87.099184
4.0,7,87.133285
4.6,3,87.160108
4.0,7,87.191211
4.3,5,87.220978
4.6,3,87.248906
-3.5,11,87.286034
-3.45,10,87.324516
3.4,11,87.364681
4.6,3,87.389584
3.55,10,87.426509
-3.25,6,87.455258
-3.35,8,87.493261
4.9,1,87.518482
-1.75,15,87.563593
4.75,2,87.58984
-3.5,11,87.631323
4.75,2,87.665179
-3.25,6,87.699618
-3.6,13,87.744115
4.15,6,87.779172
4.45,4,87.810193
4.75,2,87.837235
3.85,8,87.874074
4.15,6,87.912182
4.3,5,87.944399
4.45,4,87.972223
4.0,7,88.008574
4.3,5,88.037936
3.85,8,88.073145
4.15,6,88.105491
4.3,5,88.140082
-3.6,13,88.337112
-3.35,8,88.374539
3.4,11,88.415182
3.55,10,88.453018
-1.75,15,88.49897
4.0,7,88.530923
4.6,3,88.55914
3.85,8,88.594698
-3.7,15,88.639353
4.45,4,88.66935
4.6,3,88.697408
-3.05,2,88.719569
-3.2,5,88.751758
3.7,9,88.78601
4.15,6,88.816384
4.15,6,88.847557
4.3,5,88.87894
4.0,7,88.911696
4.15,6,88.944566
4.6,3,88.972469
4.45,4,89.012239
4.6,3,89.045092
3.7,9,89.084386
3.4,11,89.127942
4.9,1,89.155811
3.7,9,89.193649
4.0,7,89.228534
4.3,5,89.262195
3.7,9,89.304584
4.9,1,89.328937
4.3,5,89.36049
4.3,5,89.393646
4.0,7,89.428821
-3.55,12,89.466182
4.45,4,89.495026
4.45,4,89.521718
4.45,4,89.550065
4.0,7,89.582483
4.75,2,89.60507
-3.35,8,89.778595
-3.05,2,89.803376
-3.0,1,89.826532
4.15,6,89.861436
-3.5,11,89.910289
4.75,2,89.937531
4.0,7,89.977948
4.45,4,90.010025
4.3,5,90.042393
-3.5,11,90.086115
4.75,2,90.11289
4.15,6,90.14565
-3.45,10,90.182327
4.3,5,90.216267
4.15,6,90.246703
-3.2,5,90.280269
-3.4,9,90.315056
4.45,4,90.345382
-3.4,9,90.389077
4.45,4,90.424185
4.0,7,90.45769
4.6,3,90.480734
4.45,4,90.507106
4.15,6,90.538389
3.7,9,90.581028
4.3,5,90.611609
4.3,5,90.647125
4.75,2,90.675636
-3.15,4,90.705962
4.15,6,90.746495
4.0,7,90.782581
3.7,9,90.820319
3.85,8,90.856076
4.6,3,90.883087
4.45,4,90.913232
-3.3,7,90.945823
4.45,4,90.977553
4.9,1,91.003392
-3.3,7,91.034984
4.15,6,91.067578
3.55,10,91.106876
-3.15,4,91.137397
-3.45,10,91.181212
4.45,4,91.213382
4.75,2,91.248606
4.15,6,91.285211
4.15,6,91.486036
4.6,3,91.513441
4.0,7,91.552139
4.6,3,91.581486
3.85,8,91.619912
-3.2,5,91.651552
4.15,6,91.683829
4.3,5,91.715086
-3.2,5,91.741584
4.15,6,91.773635
4.45,4,91.804009
4.6,3,91.837557
-3.4,9,91.87626
4.75,2,91.901935
4.45,4,91.932074
-3.65,14,91.978358
3.4,11,92.018731
3.7,9,92.055185
4.45,4,92.085689
3.55,10,92.123559
4.15,6,92.155664
4.6,3,92.182238
4.3,5,92.211668
-3.1,3,92.240539
4.15,6,92.277611
-3.35,8,92.318357
4.3,5,92.354889
4.3,5,92.389903
3.85,8,92.424057
3.7,9,92.45857
3.4,11,92.499921
-3.2,5,92.53183
-3.3,7,92.563018
4.3,5,92.594884
4.0,7,92.634781
4.45,4,92.667784
4.6,3,92.696033
-1.75,15,92.749094
-3.3,7,92.780565
4.15,6,92.811688
-3.25,6,92.98532
-3.5,11,93.025978
-3.3,7,93.057462
3.55,10,93.096741
3.4,11,93.135633
-3.45,10,93.172246
-3.35,8,93.209811
4.3,5,93.243778
4.9,1,93.27093
4.6,3,93.301034
3.7,9,93.339145
3.7,9,93.377626
4.6,3,93.407651
4.0,7,93.442346
-3.4,9,93.482849
4.45,4,93.513247
4.3,5,93.542577
4.6,3,93.571268
4.0,7,93.608425
3.85,8,93.648979
4.6,3,93.682707
4.45,4,93.718004
4.0,7,93.752122
-3.25,6,93.787243
4.6,3,93.815834
4.15,6,93.847072
4.75,2,93.879174
4.45,4,93.912562
-3.05,2,93.936658
-3.15,4,93.967158
4.45,4,93.996668
4.3,5,94.034892
-3.15,4,94.062884
4.75,2,94.088635
4.15,6,94.123667
4.15,6,94.153689
-1.75,15,94.201183
3.55,10,94.248605
-3.45,10,94.286934
4.15,6,94.320315
3.4,11,94.362615
4.3,5,94.529036
4.3,5,94.560936
4.6,3,94.588049
4.45,4,94.618224
3.4,11,94.655623
3.7,9,94.691462
4.45,4,94.719697
4.6,3,94.748583
4.15,6,94.782825
4.3,5,94.813396
-3.35,8,94.847709
3.55,10,94.893904
3.25,12,94.939782
4.45,4,94.966923
-3.45,10,95.0059
3.85,8,95.040576
3.55,10,95.07872
3.25,12,95.118446
4.45,4,95.146326
4.75,2,95.178251
4.45,4,95.211105
-3.7,15,95.264541
4.6,3,95.291993
-3.15,4,95.320307
-3.1,3,95.349337
4.15,6,95.385394
4.3,5,95.4187
-3.45,10,95.453258
4.6,3,95.482615
4.15,6,95.518816
4.3,5,95.550437
4.75,2,95.579814
4.15,6,95.613579
3.85,8,95.648824
3.7,9,95.683783
3.25,12,95.722761
-1.75,15,95.780531
-3.05,2,95.804321
4.9,1,95.82905
3.85,8,96.011323
4.45,4,96.041122
4.0,7,96.079322
4.45,4,96.110276
3.25,12,96.153152
3.7,9,96.193538
4.45,4,96.217458
3.85,8,96.257005
4.45,4,96.287149
-3.45,10,96.32613
4.0,7,96.365469
-3.25,6,96.399518
4.0,7,96.429996
3.85,8,96.461853
4.6,3,96.487996
-1.75,15,96.535763
3.55,10,96.578411
-3.7,15,96.633758
4.45,4,96.667014
4.75,2,96.700098
-3.25,6,96.739599
-1.75,15,96.782794
4.45,4,96.811792
4.6,3,96.836841
4.75,2,96.862379
4.6,3,96.890089
4.6,3,96.923349
3.55,10,96.962155
-1.75,15,97.007897
4.3,5,97.046072
4.9,1,97.070912
4.0,7,97.105372
4.45,4,97.138868
4.6,3,97.166983
3.85,8,97.201102
-1.75,15,97.244382
4.6,3,97.278195
3.4,11,97.470388
4.6,3,97.497227
4.45,4,97.529051
-3.6,13,97.570601
4.45,4,97.59907
4.0,7,97.633691
4.6,3,97.657546
4.45,4,97.689583
3.1,13,97.734553
3.85,8,97.768393
3.7,9,97.804906
4.3,5,97.831059
4.45,4,97.862348
4.75,2,97.882859
4.75,2,97.908894
3.7,9,97.944308
4.0,7,97.975559
-1.75,15,98.018803
4.0,7,98.056142
-1.75,15,98.098819
4.6,3,98.127026
4.15,6,98.156382
4.3,5,98.185526
4.0,7,98.219712
4.75,2,98.241191
-3.5,11,98.277503
4.6,3,98.304768
3.25,12,98.345092
4.0,7,98.380765
4.6,3,98.414821
3.7,9,98.456191
4.0,7,98.493712
4.6,3,98.51907
4.6,3,98.548981
4.45,4,98.578923
4.45,4,98.613408
3.4,11,98.659015
4.6,3,98.686544
4.6,3,98.71633
-3.0,1,98.743107
-3.55,12,98.786022
-3.65,14,98.998167
4.0,7,99.03483
4.45,4,99.063001
4.6,3,99.086699
4.3,5,99.114816
4.45,4,99.14232
4.3,5,99.174754
4.0,7,99.21125
3.85,8,99.246698
-3.5,11,99.282601
4.3,5,99.315673
4.15,6,99.349303
4.0,7,99.390913
4.45,4,99.417847
4.75,2,99.442047
-3.1,3,99.466658
4.75,2,99.491673
3.85,8,99.523263
3.55,10,99.558732
-3.5,11,99.596408
4.75,2,99.625696
4.45,4,99.650503
4.0,7,99.685456
3.55,10,99.720185
3.85,8,99.757323
4.15,6,99.790065
-3.3,7,99.826706
3.25,12,99.879477
3.85,8,99.924126
4.6,3,99.949969
3.55,10,99.995306
4.45,4,100.029596
4.0,7,100.065941
4.0,7,100.103952
4.0,7,100.146893
-3.6,13,100.194699
4.6,3,100.220138
4.45,4,100.250386
-3.7,15,100.454044
3.25,12,100.493759
4.45,4,100.52854
3.55,10,100.568185
4.3,5,100.600876
-3.55,12,100.638824
3.7,9,100.673887
-3.5,11,100.718159
3.55,10,100.76568
4.45,4,100.796316
4.3,5,100.827425
-3.35,8,100.864918
-3.65,14,100.905141
4.45,4,100.932008
3.4,11,100.969297
-3.4,9,101.009804
3.7,9,101.045072
4.75,2,101.075792
3.55,10,101.112409
4.15,6,101.14318
4.6,3,101.166993
-3.7,15,101.208559
4.75,2,101.231662
4.15,6,101.263843
4.0,7,101.300359
4.9,1,101.324112
4.6,3,101.346796
4.15,6,101.377591
3.85,8,101.410767
-3.5,11,101.446236
3.85,8,101.478047
-1.75,15,101.518685
4.0,7,101.554673
4.3,5,101.762087
4.0,7,101.795719
4.45,4,101.827974
4.0,7,101.867262
3.85,8,101.904655
4.75,2,101.931509
4.15,6,101.964281
3.85,8,102.002854
4.15,6,102.039351
3.55,10,102.080172
4.75,2,102.110421
4.45,4,102.137817
3.55,10,102.175882
4.15,6,102.206992
3.7,9,102.240687
4.75,2,102.266389
4.3,5,102.294452
-3.15,4,102.317925
3.7,9,102.353625
-3.3,7,102.384733
-3.5,11,102.417953
4.75,2,102.445474
-3.6,13,102.484572
4.15,6,102.51531
3.55,10,102.553496
4.6,3,102.58005
4.15,6,102.612413
-1.75,15,102.664133
3.85,8,102.698708
4.75,2,102.725198
4.45,4,102.754642
3.85,8,102.786817
3.4,11,102.826182
4.15,6,102.853261
4.3,5,102.884609
-3.25,6,102.916053
3.4,11,102.953609
-3.65,14,103.146341
4.75,2,103.177046
4.45,4,103.208354
4.0,7,103.245759
-3.3,7,103.287908
4.15,6,103.323701
3.85,8,103.363003
4.15,6,103.396499
4.0,7,103.434349
-3.25,6,103.476892
-3.35,8,103.51588
4.0,7,103.548398
4.3,5,103.577598
4.6,3,103.610685
-3.3,7,103.643771
-3.05,2,103.679053
4.45,4,103.714033
4.3,5,103.747786
4.3,5,103.781552
4.6,3,103.810053
3.55,10,103.846623
4.45,4,103.873615
4.75,2,103.899606
3.7,9,103.939706
4.3,5,103.968805
4.45,4,103.999044
4.15,6,104.036381
4.6,3,104.066003
4.3,5,104.094506
4.6,3,104.123186
4.0,7,104.15323
4.75,2,104.176754
4.75,2,104.201105
4.6,3,104.228346
4.0,7,104.260283
4.0,7,104.299892
4.45,4,104.329845
3.55,10,104.370991
4.15,6,104.398755
4.45,4,104.425341
4.6,3,104.450887
-1.75,15,104.493707
4.6,3,104.518882
-3.7,15,104.561829
4.3,5,104.59468
4.9,1,104.614739
3.55,10,104.808577
-1.75,15,104.859278
4.6,3,104.886224
4.75,2,104.914746
4.6,3,104.944685
4.45,4,104.972727
4.3,5,105.007774
4.6,3,105.034125
4.6,3,105.064127
4.15,6,105.096413
4.6,3,105.122851
3.25,12,105.169742
-1.75,15,105.211067
4.15,6,105.243608
4.0,7,105.277494
3.85,8,105.313847
4.6,3,105.343398
3.55,10,105.377126
4.45,4,105.404147
4.45,4,105.43593
4.15,6,105.470949
3.25,12,105.510597
4.6,3,105.53633
-1.75,15,105.581854
3.55,10,105.616033
4.75,2,105.640344
4.6,3,105.667688
4.15,6,105.704051
4.6,3,105.733729
4.45,4,105.766596
4.6,3,105.797672
4.3,5,105.827869
4.75,2,105.8568
3.4,11,105.896467
3.4,11,105.935616
4.45,4,105.973109
3.85,8,106.007162
-3.55,12,106.046135
4.3,5,106.08116
4.45,4,106.1131
4.3,5,106.141577
3.7,9,106.346754
4.0,7,106.383439
4.15,6,106.42126
4.45,4,106.454112
4.6,3,106.489669
4.0,7,106.525584
3.7,9,106.570297
4.3,5,106.60964
3.7,9,106.654855
4.15,6,106.703185
4.75,2,106.735092
4.45,4,106.765426
4.75,2,106.79636
4.45,4,106.895387
4.6,3,106.940723
4.75,2,106.977409
4.75,2,107.00955
3.4,11,107.067572
4.75,2,107.094075
4.6,3,107.118748
3.55,10,107.162358
4.15,6,107.191939
4.6,3,107.216783
3.55,10,107.251707
4.0,7,107.285773
4.0,7,107.314834
4.15,6,107.347097
4.0,7,107.384545
3.55,10,107.423763
3.4,11,107.462961
4.3,5,107.493231
4.3,5,107.519715
-3.65,14,107.568229
4.45,4,107.595062
4.0,7,107.626126
3.55,10,107.661181
4.45,4,107.686927
-1.75,15,107.728683
-3.5,11,107.767051
4.45,4,107.799569
4.15,6,108.008647
3.55,10,108.048826
4.75,2,108.077311
4.15,6,108.110994
4.15,6,108.148948
-3.05,2,108.179455
-3.4,9,108.220028
4.75,2,108.251808
4.75,2,108.278071
4.15,6,108.31152
4.45,4,108.340133
4.3,5,108.368242
3.4,11,108.410875
3.4,11,108.451606
-3.1,3,108.47827
4.3,5,108.507359
4.0,7,108.540622
4.0,7,108.576405
4.3,5,108.603424
4.3,5,108.634517
4.75,2,108.664409
4.3,5,108.697218
4.45,4,108.733421
3.7,9,108.778842
4.15,6,108.808987
3.4,11,108.84956
4.45,4,108.885233
3.7,9,108.920379
4.3,5,108.950939
-1.75,15,108.997343
-3.55,12,109.046336
3.85,8,109.082233
4.45,4,109.109954
4.45,4,109.138715
-3.05,2,109.1646
4.45,4,109.194735
4.3,5,109.225684
4.45,4,109.252992
4.3,5,109.283195
3.1,13,109.326621
3.85,8,109.362889
4.9,1,109.384762
3.25,12,109.558308
3.55,10,109.596575
3.55,10,109.638835
4.15,6,109.670656
-1.75,15,109.725419
3.55,10,109.764231
3.25,12,109.811074
3.7,9,109.849588
3.7,9,109.885781
4.3,5,109.914765
4.3,5,109.946662
4.0,7,109.982579
4.0,7,110.024846
4.6,3,110.052822
3.55,10,110.094344
4.6,3,110.122391
4.6,3,110.160448
4.15,6,110.199416
4.15,6,110.234822
4.45,4,110.265286
-1.75,15,110.310295
3.7,9,110.346832
4.3,5,110.377814
4.6,3,110.404401
-1.75,15,110.448331
3.55,10,110.486624
4.3,5,110.519194
4.15,6,110.553061
-1.75,15,110.598544
3.7,9,110.633333
4.6,3,110.662785
-3.7,15,110.852379
4.3,5,110.881209
3.85,8,110.914888
4.75,2,110.94182
4.75,2,110.969521
3.25,12,111.008697
3.85,8,111.045398
4.3,5,111.075239
4.0,7,111.112432
4.3,5,111.148212
4.15,6,111.181375
4.6,3,111.207316
4.45,4,111.236396
4.9,1,111.264092
3.25,12,111.306147
4.15,6,111.336115
4.3,5,111.369574
4.15,6,111.402774
3.85,8,111.436106
4.9,1,111.457261
-3.15,4,111.488565
4.3,5,111.518342
-3.0,1,111.541348
4.45,4,111.567342
4.15,6,111.596474
4.45,4,111.627214
4.0,7,111.663414
3.4,11,111.698911
4.15,6,111.73072
4.15,6,111.768133
-3.5,11,111.801572
3.85,8,111.836423
4.45,4,111.865542
3.4,11,111.912371
3.85,8,111.948785
4.3,5,111.984094
4.6,3,112.010596
4.3,5,112.036458
4.6,3,112.068356
4.6,3,112.10081
4.9,1,112.124222
4.0,7,112.159031
3.7,9,112.196636
4.6,3,112.225605
-3.25,6,112.256677
4.75,2,112.27954
-3.4,9,112.455298
3.25,12,112.493054
4.3,5,112.524239
3.4,11,112.562901
4.45,4,112.592197
3.4,11,112.635794
4.6,3,112.66153
4.45,4,112.693983
-3.6,13,112.736588
4.45,4,112.76536
3.4,11,112.808325
3.7,9,112.845934
4.75,2,112.873094
3.25,12,112.914794
-3.45,10,112.956268
3.4,11,112.995736
4.3,5,113.030531
4.6,3,113.060031
3.85,8,113.100669
3.7,9,113.139103
4.6,3,113.168826
-3.0,1,113.194074
3.25,12,113.23495
4.3,5,113.267859
4.45,4,113.298907
4.15,6,113.331904
4.0,7,113.367381
4.6,3,113.395093
3.7,9,113.430534
4.6,3,113.458955
4.9,1,113.48149
4.6,3,113.513913
-3.7,15,113.557395
4.45,4,113.587008
3.85,8,113.618745
4.6,3,113.646581
2.95,14,113.688699
4.6,3,113.713144
4.0,7,113.886347
4.3,5,113.916586
3.7,9,113.947531
-1.75,15,113.99057
4.3,5,114.018112
4.6,3,114.044225
4.6,3,114.075712
4.75,2,114.10195
4.75,2,114.125488
3.7,9,114.159514
4.45,4,114.192558
3.7,9,114.230116
4.75,2,114.253627
4.0,7,114.283265
3.85,8,114.324292
4.3,5,114.352402
3.55,10,114.39158
3.1,13,114.434816
3.4,11,114.472438
4.75,2,114.498166
3.4,11,114.535168
4.15,6,114.56602
4.3,5,114.598412
4.45,4,114.630465
4.45,4,114.666097
4.45,4,114.698606
4.45,4,114.729355
3.4,11,114.769957
4.9,1,114.7955
4.6,3,114.82156
4.15,6,114.854954
-1.75,15,114.903164
-3.65,14,114.953011
4.0,7,114.984738
4.75,2,115.011622
4.45,4,115.039992
4.45,4,115.067936
4.6,3,115.097317
4.9,1,115.120745
4.6,3,115.1473
4.15,6,115.182292
3.4,11,115.372584
4.6,3,115.397346
3.4,11,115.435558
4.45,4,115.464025
-3.5,11,115.500103
4.0,7,115.530651
4.45,4,115.555734
4.6,3,115.58244
3.7,9,115.623244
4.75,2,115.645746
4.6,3,115.670861
4.15,6,115.699618
-3.65,14,115.74053
4.0,7,115.776653
3.85,8,115.809196
4.3,5,115.840838
-1.75,15,115.893498
4.0,7,115.936896
4.3,5,115.970087
4.0,7,116.004983
4.75,2,116.031848
-3.6,13,116.075689
3.7,9,116.114091
4.45,4,116.142199
3.85,8,116.17911
-3.7,15,116.228596
-3.6,13,116.274811
4.75,2,116.302105
4.45,4,116.335179
3.85,8,116.372895
4.0,7,116.403517
4.15,6,116.434968
4.0,7,116.47232
4.15,6,116.505397
3.7,9,116.538402
3.25,12,116.735568
3.7,9,116.782334
3.25,12,116.832479
4.45,4,116.861326
3.85,8,116.897198
4.75,2,116.923322
4.9,1,116.949029
3.85,8,116.985981
4.75,2,117.012312
-3.45,10,117.047024
-1.75,15,117.094654
4.45,4,117.118929
3.1,13,117.160163
4.3,5,117.192369
3.85,8,117.229508
-3.5,11,117.270765
4.75,2,117.299837
3.85,8,117.339455
3.1,13,117.381653
3.7,9,117.41486
4.3,5,117.444736
4.75,2,117.470367
4.75,2,117.500862
3.85,8,117.53552
4.75,2,117.561347
4.15,6,117.595479
-3.65,14,117.648334
4.45,4,117.677077
4.45,4,117.711575
4.75,2,117.736139
4.6,3,117.764951
3.85,8,117.800409
4.15,6,117.838626
4.15,6,117.871001
4.45,4,117.899747
4.3,5,117.930111
3.55,10,117.966884
4.3,5,117.99497
4.75,2,118.017063
4.6,3,118.045501
-1.75,15,118.230043
3.85,8,118.27096
3.55,10,118.310099
3.7,9,118.346628
4.45,4,118.376249
4.15,6,118.405543
4.45,4,118.43398
4.3,5,118.459861
4.45,4,118.49076
4.15,6,118.516299
4.6,3,118.546998
4.45,4,118.574087
4.45,4,118.60186
4.75,2,118.626781
4.75,2,118.654747
-1.75,15,118.69603
4.15,6,118.725457
4.6,3,118.748181
4.75,2,118.776085
4.6,3,118.807244
4.45,4,118.840895
4.6,3,118.872075
4.15,6,118.902888
4.6,3,118.935349
4.75,2,118.961194
-3.6,13,119.008813
4.3,5,119.042704
4.6,3,119.069349
3.85,8,119.107543
3.85,8,119.143347
-3.0,1,119.16683
3.7,9,119.206392
4.0,7,119.246392
4.9,1,119.270289
-3.6,13,119.320335
4.45,4,119.357632
4.3,5,119.391012
-3.65,14,119.436401
3.55,10,119.470774
4.3,5,119.498545
4.45,4,119.522873
4.3,5,119.553361
4.75,2,119.579378
-1.75,15,119.788186
3.85,8,119.824375
4.45,4,119.85152
4.75,2,119.878332
4.45,4,119.916909
3.85,8,119.953376
3.7,9,119.989523
3.7,9,120.02633
4.0,7,120.059918
3.7,9,120.099102
-3.45,10,120.141227
4.3,5,120.168177
4.15,6,120.200224
3.1,13,120.253724
4.45,4,120.284253
4.15,6,120.320663
4.3,5,120.358589
3.7,9,120.394985
4.15,6,120.425681
4.45,4,120.451005
4.3,5,120.480597
3.7,9,120.518544
4.15,6,120.55198
4.6,3,120.580833
4.15,6,120.615269
4.75,2,120.642122
4.6,3,120.669396
-1.75,15,120.716531
3.85,8,120.754941
4.0,7,120.788347
4.6,3,120.814524
4.0,7,120.850112
4.45,4,120.882008
4.3,5,120.913418
4.45,4,120.94252
-3.7,15,120.991463
4.15,6,121.025471
4.15,6,121.058583
4.45,4,121.086022
4.3,5,121.120764
3.85,8,121.307359
4.45,4,121.339116
4.45,4,121.3668
-1.75,15,121.409576
3.7,9,121.441715
4.45,4,121.471726
4.15,6,121.505853
4.6,3,121.529169
4.6,3,121.551709
4.3,5,121.578706
4.15,6,121.606444
4.6,3,121.632732
4.3,5,121.661433
3.7,9,121.693605
4.9,1,121.714705
3.55,10,121.74924
4.3,5,121.780129
4.3,5,121.809583
4.6,3,121.839838
4.6,3,121.866469
4.75,2,121.890018
4.3,5,121.916143
-3.7,15,121.966919
4.3,5,122.006901
4.45,4,122.039898
-1.75,15,122.090994
-3.15,4,122.118393
4.6,3,122.146111
-3.55,12,122.193627
3.85,8,122.227741
4.9,1,122.252785
3.85,8,122.291886
4.6,3,122.316771
4.6,3,122.348342
4.3,5,122.379904
4.45,4,122.406531
4.45,4,122.434779
-3.4,9,122.472463
4.45,4,122.499148
4.45,4,122.52829
4.75,2,122.552325
4.15,6,122.582367
4.3,5,122.617278
4.0,7,122.649558
-3.65,14,122.834963
-3.35,8,122.865546
-3.6,13,122.906737
4.6,3,122.930893
4.75,2,122.958437
3.55,10,122.993769
3.4,11,123.029456
4.0,7,123.061633
4.15,6,123.089758
4.0,7,123.120829
-3.55,12,123.159917
4.15,6,123.191286
4.45,4,123.215884
-3.3,7,123.245085
4.15,6,123.272644
-3.7,15,123.313289
4.45,4,123.342916
4.0,7,123.379117
4.9,1,123.403746
4.0,7,123.434151
4.3,5,123.46401
4.6,3,123.49121
4.45,4,123.520807
4.45,4,123.546514
4.3,5,123.581574
3.85,8,123.619407
3.55,10,123.66271
4.45,4,123.696593
4.0,7,123.733164
4.0,7,123.769714
3.4,11,123.812574
4.45,4,123.84072
4.0,7,123.875889
4.15,6,123.912381
4.15,6,123.942028
3.25,12,123.982039
4.6,3,124.009647
4.45,4,124.045859
4.75,2,124.079314
4.15,6,124.262824
3.25,12,124.30361
4.6,3,124.3331
4.15,6,124.365339
4.45,4,124.398646
-3.2,5,124.434814
3.4,11,124.471943
4.0,7,124.506034
4.0,7,124.54077
3.55,10,124.575603
4.45,4,124.606844
4.3,5,124.635788
4.0,7,124.665354
4.15,6,124.695459
-3.4,9,124.726427
3.55,10,124.765593
4.6,3,124.793094
4.3,5,124.825324
4.3,5,124.854277
4.75,2,124.884893
4.3,5,124.914725
4.45,4,124.942645
4.75,2,124.966217
4.45,4,124.994911
4.75,2,125.018689
4.6,3,125.044928
4.3,5,125.076035
-1.75,15,125.118921
-3.4,9,125.151966
4.75,2,125.176076
4.6,3,125.206822
3.7,9,125.248147
4.6,3,125.274902
-3.5,11,125.314387
4.0,7,125.349529
-3.55,12,125.396207
3.85,8,125.43321
4.3,5,125.467115
4.45,4,125.496536
4.3,5,125.52988
3.7,9,125.573296
3.85,8,125.765472
4.45,4,125.792753
3.4,11,125.830507
3.25,12,125.870361
4.9,1,125.893122
4.3,5,125.928337
4.0,7,125.964964
4.0,7,126.0057
3.55,10,126.041161
4.9,1,126.063807
3.85,8,126.099112
4.0,7,126.130697
3.4,11,126.169633
4.15,6,126.196774
4.3,5,126.231299
4.3,5,126.263426
4.45,4,126.297626
4.45,4,126.32505
4.3,5,126.356467
3.7,9,126.389761
-3.7,15,126.430822
4.15,6,126.463726
3.85,8,126.497499
-3.65,14,126.53849
4.75,2,126.560979
-3.55,12,126.608124
4.15,6,126.640059
4.45,4,126.671199
4.45,4,126.708712
4.45,4,126.745363
4.0,7,126.787346
3.85,8,126.827239
3.7,9,126.87476
4.0,7,126.91656
4.15,6,126.958611
-3.6,13,127.00704
4.6,3,127.034189
-3.6,13,127.235054
3.55,10,127.277158
-3.5,11,127.320564
4.6,3,127.347114
3.1,13,127.390389
4.6,3,127.419535
4.6,3,127.444908
4.45,4,127.473144
4.45,4,127.501426
-3.45,10,127.536492
3.7,9,127.574171
4.75,2,127.599231
4.6,3,127.625691
4.3,5,127.660247
4.15,6,127.688114
3.85,8,127.721581
4.3,5,127.746764
4.0,7,127.781418
4.3,5,127.811493
4.75,2,127.83663
4.45,4,127.863975
3.7,9,127.902863
4.75,2,127.930734
4.45,4,127.95695
3.4,11,127.993022
4.6,3,128.020155
3.85,8,128.061672
-3.55,12,128.101467
4.3,5,128.130679
4.45,4,128.159574
4.6,3,128.185941
4.3,5,128.219445
4.75,2,128.244761
4.0,7,128.286903
4.0,7,128.320914
3.7,9,128.360363
-1.75,15,128.404529
3.85,8,128.43473
4.6,3,128.463341
4.6,3,128.493031
4.3,5,128.524449
4.6,3,128.554664
4.6,3,128.750641
4.6,3,128.776485
4.75,2,128.80231
-3.7,15,128.850881
-3.65,14,128.892259
4.3,5,128.926043
4.3,5,128.954704
3.7,9,128.991731
4.45,4,129.024587
4.45,4,129.055495
4.3,5,129.08973
4.15,6,129.118818
4.15,6,129.152059
4.15,6,129.182624
4.3,5,129.212108
4.6,3,129.235784
3.85,8,129.268705
3.7,9,129.312687
4.15,6,129.345573
4.45,4,129.377125
4.9,1,129.398002
4.6,3,129.425241
3.55,10,129.465622
4.3,5,129.495492
4.6,3,129.519775
-3.6,13,129.558978
4.9,1,129.583627
3.25,12,129.623296
4.0,7,129.654989
4.45,4,129.681405
-3.5,11,129.718229
4.3,5,129.751011
4.45,4,129.779712
3.85,8,129.816977
3.85,8,129.85213
4.45,4,129.879175
4.0,7,129.91617
3.4,11,129.955008
3.7,9,129.99104
-1.75,15,130.225111
4.45,4,130.259027
4.15,6,130.296028
4.45,4,130.325949
4.6,3,130.36066
4.3,5,130.391581
4.6,3,130.420521
-3.6,13,130.461687
3.7,9,130.499893
4.75,2,130.53179
4.75,2,130.559933
-3.25,6,130.587095
4.6,3,130.612205
-3.35,8,130.644234
4.0,7,130.677769
3.7,9,130.712596
4.3,5,130.742411
-3.65,14,130.781572
4.45,4,130.816806
4.6,3,130.84059
4.6,3,130.870147
4.3,5,130.903471
4.3,5,130.931523
4.3,5,130.962201
4.45,4,130.990739
4.45,4,131.024263
4.0,7,131.056515
3.7,9,131.094624
4.0,7,131.128137
4.45,4,131.155258
4.75,2,131.181274
4.6,3,131.214863
4.3,5,131.247729
4.0,7,131.277837
4.6,3,131.30959
4.6,3,131.336245
-3.4,9,131.374836
3.7,9,131.413205
3.7,9,131.453923
4.3,5,131.494944
-3.6,13,131.547425
3.55,10,131.587466
4.3,5,131.62196
4.0,7,131.833191
4.3,5,131.863515
4.3,5,131.893078
3.55,10,131.932111
4.15,6,131.965795
4.3,5,131.997601
3.55,10,132.035144
-3.35,8,132.069675
4.0,7,132.103429
-3.65,14,132.144083
4.0,7,132.174917
4.15,6,132.203688
3.85,8,132.237453
4.6,3,132.26352
4.9,1,132.291531
-1.75,15,132.332536
-3.65,14,132.376566
4.3,5,132.404632
3.7,9,132.438182
4.3,5,132.464789
-3.65,14,132.504551
4.75,2,132.530698
3.7,9,132.565053
4.45,4,132.592341
3.55,10,132.625748
4.15,6,132.654244
4.45,4,132.68027
4.15,6,132.709581
3.85,8,132.744167
-3.15,4,132.772622
-1.75,15,132.813973
-3.65,14,132.862814
4.9,1,132.88697
4.45,4,132.915147
4.3,5,132.943965
3.85,8,133.137509
4.75,2,133.162449
3.85,8,133.20649
4.75,2,133.229501
4.45,4,133.259834
3.4,11,133.301761
4.3,5,133.334962
4.6,3,133.36152
-3.3,7,133.396533
3.4,11,133.440873
4.45,4,133.471632
4.3,5,133.504773
-3.65,14,133.557565
-3.45,10,133.59791
-1.75,15,133.642606
-3.65,14,133.689731
4.0,7,133.722282
4.3,5,133.754043
4.6,3,133.780022
4.6,3,133.811884
4.3,5,133.847165
4.0,7,133.879466
-3.6,13,133.919891
3.85,8,133.956059
-3.5,11,134.000631
4.6,3,134.026293
-1.75,15,134.070229
4.3,5,134.097429
3.25,12,134.139202
4.3,5,134.167809
4.75,2,134.194032
4.0,7,134.227938
-3.65,14,134.268311
3.25,12,134.30452
4.3,5,134.470681
-3.4,9,134.502499
3.7,9,134.537537
4.75,2,134.566138
-3.45,10,134.605944
-3.55,12,134.645983
3.25,12,134.698001
3.85,8,134.745031
-3.7,15,134.798204
4.3,5,134.828295
4.3,5,134.858972
4.3,5,134.890479
4.45,4,134.921321
4.15,6,134.955017
4.45,4,134.981615
4.15,6,135.014493
4.6,3,135.042399
4.45,4,135.075528
4.15,6,135.105917
4.75,2,135.133668
4.6,3,135.160005
4.45,4,135.188913
4.45,4,135.215477
-1.75,15,135.270305
4.6,3,135.299307
4.0,7,135.338783
4.6,3,135.362563
4.9,1,135.388127
4.0,7,135.420202
4.45,4,135.449557
4.75,2,135.474717
4.45,4,135.499642
4.6,3,135.523389
4.45,4,135.553257
4.15,6,135.587618
4.45,4,135.616789
4.6,3,135.645428
3.4,11,135.680539
3.85,8,135.713084
3.7,9,135.752236
4.15,6,135.782915
4.0,7,135.824411
4.45,4,135.857002
3.55,10,136.033956
4.6,3,136.060176
4.15,6,136.095677
4.45,4,136.126856
4.75,2,136.158078
4.45,4,136.192254
4.6,3,136.218463
4.6,3,136.245476
3.4,11,136.288169
4.15,6,136.321784
4.6,3,136.353814
4.75,2,136.384441
4.3,5,136.417263
3.7,9,136.455332
4.15,6,136.486133
4.15,6,136.525096
4.9,1,136.545927
4.6,3,136.572381
3.85,8,136.603793
4.6,3,136.627339
4.45,4,136.656987
4.6,3,136.682533
4.45,4,136.712102
4.6,3,136.741379
4.6,3,136.766882
4.45,4,136.794715
4.75,2,136.823483
4.45,4,136.854511
-1.75,15,136.896809
4.75,2,136.925908
4.15,6,136.96115
4.6,3,136.988391
4.3,5,137.024494
-3.5,11,137.070459
4.45,4,137.105078
4.3,5,137.138711
4.45,4,137.171967
4.6,3,137.201251
4.6,3,137.227428
4.6,3,137.25338
-3.65,14,137.296433
4.3,5,137.327219
4.75,2,137.352027
4.45,4,137.382832
4.45,4,137.411395
-3.3,7,137.443084
4.15,6,137.473181
-3.45,10,137.51096
4.75,2,137.537013
4.3,5,137.568244
4.75,2,137.595364
3.55,10,137.792255
4.75,2,137.820439
4.45,4,137.858332
3.25,12,137.904516
4.6,3,137.939064
-1.75,15,137.987182
4.0,7,138.021806
4.75,2,138.054802
3.85,8,138.091218
4.3,5,138.124076
4.6,3,138.150386
3.4,11,138.192562
4.3,5,138.224501
4.6,3,138.248811
4.6,3,138.278638
4.0,7,138.318532
4.75,2,138.344167
4.9,1,138.368664
4.15,6,138.40476
4.15,6,138.437032
4.0,7,138.470642
4.6,3,138.506429
4.45,4,138.538447
3.25,12,138.582421
4.75,2,138.606777
3.85,8,138.64039
4.3,5,138.66977
4.6,3,138.69866
4.15,6,138.729623
-3.3,7,138.766292
4.6,3,138.794405
4.6,3,138.821941
-3.6,13,138.863254
4.15,6,138.894403
-3.7,15,138.942235
3.85,8,138.981382
3.55,10,139.025167
4.6,3,139.050479
4.3,5,139.080455
4.0,7,139.109833
4.6,3,139.135877
-3.45,10,139.169156
4.75,2,139.192502
4.3,5,139.221167
3.25,12,139.409312
4.15,6,139.445097
4.6,3,139.475053
4.15,6,139.505135
4.45,4,139.529114
4.75,2,139.554116
3.7,9,139.591322
4.75,2,139.61769
4.0,7,139.654225
4.0,7,139.690593
4.45,4,139.721507
3.85,8,139.756642
4.3,5,139.79204
3.7,9,139.832073
4.6,3,139.859079
4.0,7,139.892312
4.0,7,139.929649
4.15,6,139.965983
4.6,3,139.991672
4.3,5,140.019814
4.0,7,140.051172
4.6,3,140.087128
4.0,7,140.124357
4.3,5,140.164318
4.75,2,140.192859
4.3,5,140.226813
4.45,4,140.255971
4.45,4,140.281602
4.75,2,140.308447
3.85,8,140.35406
4.6,3,140.381555
4.6,3,140.410053
4.15,6,140.443336
4.45,4,140.469532
4.15,6,140.501027
4.9,1,140.526572
4.15,6,140.563063
4.15,6,140.592561
3.85,8,140.629223
4.15,6,140.666705
4.45,4,140.697819
3.4,11,140.736181
4.9,1,140.757733
4.15,6,140.78791
4.3,5,140.818729
4.0,7,140.856091
4.3,5,140.890719
4.6,3,140.924215
4.6,3,140.955506
4.3,5,141.148302
4.75,2,141.174321
4.3,5,141.205939
4.15,6,141.24187
4.45,4,141.278589
4.45,4,141.313814
4.6,3,141.340687
4.45,4,141.369712
3.55,10,141.407962
4.75,2,141.433862
4.6,3,141.461853
4.15,6,141.489568
-1.75,15,141.529397
4.15,6,141.561529
3.7,9,141.599594
3.4,11,141.641171
-1.75,15,141.683962
3.85,8,141.715546
4.75,2,141.739555
4.15,6,141.77378
4.3,5,141.802449
3.85,8,141.839576
4.15,6,141.868986
4.75,2,141.896198
4.3,5,141.932555
4.75,2,141.958845
4.75,2,141.985641
4.0,7,142.014301
4.3,5,142.045491
4.6,3,142.072364
4.45,4,142.100566
4.6,3,142.126722
4.0,7,142.162348
4.6,3,142.191478
4.6,3,142.214566
3.55,10,142.25335
4.3,5,142.278519
3.25,12,142.322845
4.6,3,142.349776
3.7,9,142.38681
3.25,12,142.423878
4.6,3,142.450845
4.3,5,142.481007
4.6,3,142.509578
4.75,2,142.538402
4.9,1,142.566408
4.6,3,142.746566
4.75,2,142.77569
-3.45,10,142.815186
-3.5,11,142.856269
3.85,8,142.888674
4.15,6,142.921832
3.55,10,142.968582
4.6,3,142.999352
3.85,8,143.032614
4.75,2,143.058724
4.6,3,143.087668
4.75,2,143.113693
4.3,5,143.14294
4.45,4,143.171731
4.6,3,143.200618
3.85,8,143.238507
4.0,7,143.269362
4.15,6,143.302893
4.6,3,143.327123
3.55,10,143.366439
4.3,5,143.409066
4.6,3,143.441948
4.6,3,143.471621
4.75,2,143.497481
4.45,4,143.530556
4.15,6,143.56528
3.85,8,143.600989
4.45,4,143.635989
4.6,3,143.667278
4.0,7,143.701747
4.15,6,143.736187
3.85,8,143.770307
3.85,8,143.807828
4.6,3,143.83851
-3.55,12,143.886295
4.6,3,143.912266
4.3,5,143.941069
4.3,5,143.97008
4.75,2,143.998543
3.7,9,144.038291
4.6,3,144.069357
4.6,3,144.098669
-3.35,8,144.132693
4.3,5,144.16257
3.25,12,144.208853
3.85,8,144.408066
4.45,4,144.43412
4.0,7,144.468287
3.85,8,144.504849
4.75,2,144.528235
4.6,3,144.555493
4.3,5,144.588653
4.6,3,144.614083
4.0,7,144.652717
4.75,2,144.685362
4.0,7,144.71981
4.3,5,144.750567
4.9,1,144.776136
4.45,4,144.806439
4.45,4,144.835363
4.0,7,144.872244
4.45,4,144.900437
4.15,6,144.932098
4.45,4,144.962543
4.15,6,144.993888
4.6,3,145.02277
3.7,9,145.064216
4.75,2,145.091515
-3.55,12,145.129536
4.3,5,145.1627
4.45,4,145.19345
4.15,6,145.232205
4.6,3,145.258458
4.75,2,145.279584
4.15,6,145.307594
4.3,5,145.337663
4.0,7,145.369308
3.55,10,145.404506
4.45,4,145.43195
4.15,6,145.461416
3.4,11,145.500462
4.6,3,145.525085
3.7,9,145.565901
3.85,8,145.606198
4.15,6,145.641463
4.6,3,145.668297
4.45,4,145.696028
4.9,1,145.718858
4.75,2,145.744739
4.15,6,145.776018
4.3,5,145.805812
4.3,5,145.839395
4.45,4,145.876602
4.75,2,145.906892
4.0,7,145.947416
4.15,6,146.139533
3.7,9,146.171064
4.9,1,146.195146
4.45,4,146.224658
4.0,7,146.254293
3.55,10,146.289146
3.4,11,146.330193
4.6,3,146.357598
4.3,5,146.385772
4.75,2,146.410374
3.1,13,146.450028
-3.25,6,146.478607
4.15,6,146.510799
4.3,5,146.540528
4.45,4,146.56831
4.75,2,146.591555
3.85,8,146.636745
3.55,10,146.674873
3.7,9,146.711483
4.45,4,146.743096
4.6,3,146.774564
4.6,3,146.802256
4.3,5,146.832301
4.45,4,146.860192
3.4,11,146.905279
4.0,7,146.938679
4.15,6,146.969262
4.15,6,147.007252
4.15,6,147.046016
4.0,7,147.080425
4.3,5,147.109372
4.0,7,147.144397
4.6,3,147.172234
3.4,11,147.210596
4.15,6,147.24887
4.3,5,147.286059
4.15,6,147.320892
4.0,7,147.36157
3.85,8,147.404771
4.75,2,147.429211
3.7,9,147.464209
-1.75,15,147.661251
4.9,1,147.688419
4.6,3,147.718385
4.15,6,147.745808
3.7,9,147.786109
3.85,8,147.820597
4.75,2,147.842908
3.4,11,147.878926
4.6,3,147.909136
4.6,3,147.934931
4.15,6,147.969007
4.15,6,148.00648
4.45,4,148.034979
4.45,4,148.060291
4.15,6,148.088942
4.6,3,148.113005
3.55,10,148.152035
4.45,4,148.181121
3.4,11,148.22027
3.7,9,148.258224
4.15,6,148.288697
4.6,3,148.315879
4.75,2,148.340422
3.55,10,148.380093
4.3,5,148.40921
3.7,9,148.444115
4.3,5,148.472418
4.45,4,148.499002
4.6,3,148.532602
3.25,12,148.576556
4.75,2,148.600802
4.6,3,148.630256
-1.75,15,148.672788
4.3,5,148.698993
4.15,6,148.733514
4.15,6,148.765645
4.15,6,148.800956
4.15,6,148.841249
3.7,9,148.88158
4.45,4,148.91656
4.15,6,148.950176
4.3,5,148.977679
-3.65,14,149.176239
4.45,4,149.206911
4.6,3,149.234943
4.0,7,149.268968
3.7,9,149.301001
4.3,5,149.329244
4.6,3,149.358559
3.4,11,149.396888
4.9,1,149.420617
4.45,4,149.444321
3.85,8,149.477528
4.6,3,149.507761
3.7,9,149.541251
4.75,2,149.56392
4.45,4,149.591162
4.45,4,149.620261
4.6,3,149.642877
4.3,5,149.673231
4.45,4,149.702514
4.3,5,149.737426
4.6,3,149.762151
4.3,5,149.792305
4.6,3,149.819537
4.3,5,149.849627
4.15,6,149.887153
-3.4,9,149.935103
-3.45,10,149.973234
4.6,3,150.001336
4.6,3,150.027027
4.45,4,150.057128
4.0,7,150.08818
4.45,4,150.115649
4.75,2,150.146505
4.45,4,150.175186
4.3,5,150.208602
4.15,6,150.24744
3.85,8,150.295181
4.3,5,150.331924
-3.45,10,150.382529
-3.7,15,150.433293
-3.35,8,150.472941
4.75,2,150.501823
4.15,6,150.536309
4.45,4,150.569396
-3.3,7,150.603794
4.3,5,150.639327
3.7,9,150.835737
4.6,3,150.862073
4.75,2,150.88568
3.85,8,150.918816
4.3,5,150.946458
4.6,3,150.975891
4.6,3,151.003388
4.9,1,151.025969
4.3,5,151.05793
4.3,5,151.088202
4.6,3,151.114464
3.85,8,151.14764
4.3,5,151.178399
4.9,1,151.215356
4.45,4,151.246474
4.15,6,151.278914
-3.35,8,151.310794
4.45,4,151.344324
4.3,5,151.373031
3.25,12,151.413941
4.0,7,151.446347
4.45,4,151.479678
4.75,2,151.508376
4.15,6,151.536729
3.85,8,151.571244
4.45,4,151.599714
4.0,7,151.633725
3.55,10,151.673795
-3.4,9,151.712247
4.45,4,151.741531
4.3,5,151.773747
4.6,3,151.800765
3.55,10,151.835872
3.7,9,151.877662
4.75,2,151.90834
4.75,2,151.939116
-3.6,13,151.982403
4.15,6,152.015885
3.55,10,152.059237
-3.55,12,152.101376
4.75,2,152.125609
4.0,7,152.166032
4.3,5,152.201273
4.3,5,152.230214
4.6,3,152.257272
-3.5,11,152.453155
4.75,2,152.476296
4.6,3,152.504308
4.0,7,152.534766
4.9,1,152.558354
4.0,7,152.592079
4.15,6,152.625279
4.3,5,152.656822
-3.55,12,152.705812
4.45,4,152.736965
3.7,9,152.770263
3.85,8,152.802698
3.4,11,152.840087
4.75,2,152.86993
3.85,8,152.905564
4.6,3,152.930428
4.45,4,152.95636
-3.65,14,152.998832
4.6,3,153.024012
4.15,6,153.055598
4.0,7,153.086662
4.0,7,153.123434
3.4,11,153.161437
4.0,7,153.191549
4.3,5,153.21996
4.3,5,153.250695
4.75,2,153.274058
4.6,3,153.306154
4.0,7,153.339531
4.6,3,153.366133
4.0,7,153.400765
4.3,5,153.427921
4.75,2,153.452823
4.6,3,153.485755
4.6,3,153.517884
4.45,4,153.551535
3.7,9,153.594106
4.45,4,153.630031
4.15,6,153.670058
-3.35,8,153.708892
3.7,9,153.74507
3.4,11,153.787385
4.3,5,153.823417
-1.75,15,154.020974
4.75,2,154.045624
-1.75,15,154.093848
4.3,5,154.121896
4.3,5,154.150114
4.0,7,154.183199
4.6,3,154.208817
4.3,5,154.236915
4.45,4,154.263473
4.45,4,154.291635
4.6,3,154.318431
4.0,7,154.351938
4.15,6,154.379995
4.6,3,154.406057
4.75,2,154.42879
3.7,9,154.459557
4.6,3,154.485375
-1.75,15,154.523654
4.15,6,154.551502
4.6,3,154.577472
4.15,6,154.611214
4.45,4,154.64073
-3.55,12,154.677303
4.3,5,154.708257
4.6,3,154.735731
-1.75,15,154.776717
4.15,6,154.807263
4.6,3,154.83592
-1.75,15,154.876581
4.45,4,154.904518
-1.75,15,154.946165
3.55,10,154.987281
3.55,10,155.036126
4.45,4,155.078191
3.85,8,155.119306
4.45,4,155.153895
4.15,6,155.188208
4.3,5,155.219118
4.45,4,155.248517
4.15,6,155.442143
3.7,9,155.477429
4.6,3,155.504442
4.3,5,155.533958
4.15,6,155.566617
4.75,2,155.592709
3.85,8,155.632035
4.3,5,155.665056
4.15,6,155.695601
3.25,12,155.734352
4.15,6,155.770909
3.55,10,155.80782
4.75,2,155.83413
4.15,6,155.861335
4.6,3,155.889227
4.75,2,155.915846
-1.75,15,155.957109
3.85,8,155.990334
-3.1,3,156.016268
4.3,5,156.044353
3.7,9,156.089382
4.0,7,156.1248
4.6,3,156.15909
4.75,2,156.186694
3.25,12,156.234216
4.45,4,156.266169
3.55,10,156.308279
4.45,4,156.337058
4.15,6,156.375957
3.7,9,156.414769
4.6,3,156.440729
4.6,3,156.465141
4.75,2,156.492281
-3.35,8,156.529017
-3.65,14,156.5771
-3.2,5,156.613268
4.75,2,156.640698
4.45,4,156.673024
4.3,5,156.707636
4.75,2,156.733521
3.25,12,156.776938
4.75,2,156.805246
4.6,3,156.839545
4.3,5,157.06022
4.75,2,157.092635
4.15,6,157.134293
-3.6,13,157.176719
-1.75,15,157.220872
4.6,3,157.243795
4.15,6,157.27342
4.9,1,157.300438
-3.3,7,157.337117
4.75,2,157.36448
4.0,7,157.401863
4.75,2,157.426837
4.75,2,157.455864
4.6,3,157.48269
4.3,5,157.509475
4.6,3,157.535616
4.15,6,157.564237
4.75,2,157.591054
4.75,2,157.620131
4.9,1,157.650849
4.0,7,157.695217
4.45,4,157.729672
4.15,6,157.76302
4.6,3,157.795033
4.45,4,157.829585
3.85,8,157.863261
4.0,7,157.898844
3.85,8,157.934877
2.95,14,157.976696
3.85,8,158.010863
4.3,5,158.042608
4.45,4,158.069898
-1.75,15,158.111239
4.15,6,158.140134
4.6,3,158.165313
4.75,2,158.190991
4.75,2,158.217465
3.25,12,158.257928
4.3,5,158.288685
4.9,1,158.310577
4.6,3,158.335793
-1.75,15,158.391264
4.75,2,158.422316
4.45,4,158.451052
3.25,12,158.4956
-3.6,13,158.705935
3.25,12,158.747603
3.55,10,158.785655
4.45,4,158.815067
4.0,7,158.85234
3.85,8,158.89049
4.45,4,158.926962
4.45,4,158.955728
4.6,3,158.97802
4.3,5,159.007885
4.0,7,159.043335
4.3,5,159.077618
4.0,7,159.115288
3.7,9,159.154145
3.85,8,159.19338
4.6,3,159.226837
4.9,1,159.249698
4.6,3,159.277834
4.15,6,159.30949
-1.75,15,159.352558
3.7,9,159.385983
4.0,7,159.416428
4.45,4,159.443129
4.15,6,159.474016
4.75,2,159.500617
4.75,2,159.534614
4.0,7,159.572998
3.55,10,159.614196
3.7,9,159.658729
4.9,1,159.690173
4.45,4,159.723642
4.15,6,159.762169
4.6,3,159.794815
4.9,1,159.82742
4.6,3,159.859213
4.3,5,159.89455
4.6,3,159.924216
4.45,4,159.957209
3.4,11,160.000955
4.6,3,160.032362
4.3,5,160.066195
3.55,10,160.107587
4.3,5,160.136665
3.85,8,160.173854
4.45,4,160.391232
-3.5,11,160.433689
3.85,8,160.470105
4.15,6,160.501655
4.75,2,160.525949
4.6,3,160.553654
4.0,7,160.585983
4.15,6,160.616807
4.15,6,160.649446
4.6,3,160.6761
4.15,6,160.706078
4.3,5,160.736981
4.9,1,160.760118
4.15,6,160.794867
4.6,3,160.82255
3.7,9,160.857007
4.6,3,160.882332
4.9,1,160.902881
3.7,9,160.940428
4.45,4,160.967418
4.0,7,161.006338
4.45,4,161.034558
3.55,10,161.077203
4.0,7,161.116623
4.6,3,161.143435
4.15,6,161.172276
3.55,10,161.207036
4.75,2,161.230654
3.55,10,161.265615
-3.25,6,161.298449
4.45,4,161.327173
4.6,3,161.350863
4.45,4,161.386213
4.3,5,161.419432
4.3,5,161.44734
4.3,5,161.483919
4.45,4,161.517035
4.75,2,161.542568
4.6,3,161.57144
4.0,7,161.606172
4.45,4,161.637054
4.6,3,161.667545
-3.35,8,161.702636
-3.35,8,161.739388
4.15,6,161.773427
4.45,4,161.806907
3.55,10,161.842859
4.0,7,162.025763
4.45,4,162.053529
4.6,3,162.080458
4.45,4,162.110804
4.15,6,162.148508
4.15,6,162.18061
4.6,3,162.20786
4.45,4,162.236189
4.45,4,162.263348
4.45,4,162.289927
4.45,4,162.318747
3.55,10,162.356493
4.15,6,162.38423
3.85,8,162.41692
3.85,8,162.449958
4.45,4,162.482912
4.6,3,162.511787
4.75,2,162.53762
3.85,8,162.568295
4.0,7,162.598967
3.85,8,162.634372
-3.4,9,162.668947
4.45,4,162.703896
3.85,8,162.751819
4.15,6,162.785016
3.85,8,162.821367
4.75,2,162.844097
4.6,3,162.871693
4.15,6,162.899667
4.45,4,162.930804
4.75,2,162.95588
4.15,6,162.993484
3.7,9,163.034109
4.0,7,163.072324
4.45,4,163.101935
4.0,7,163.137721
4.75,2,163.161359
-3.65,14,163.210335
4.9,1,163.239468
4.45,4,163.273062
4.6,3,163.302802
4.75,2,163.333084
4.3,5,163.363904
4.15,6,163.397001
4.6,3,163.425213
4.6,3,163.45778
3.7,9,163.498519
4.45,4,163.526181
4.15,6,163.727252
3.85,8,163.766694
3.85,8,163.803283
4.6,3,163.832479
3.55,10,163.867549
4.45,4,163.895135
3.55,10,163.932773
4.45,4,163.960549
4.45,4,163.988286
4.45,4,164.013633
4.45,4,164.0418
4.3,5,164.072413
4.3,5,164.108075
4.15,6,164.138697
4.0,7,164.168718
4.0,7,164.200282
3.4,11,164.248199
4.3,5,164.283876
-1.75,15,164.323866
4.15,6,164.353802
4.6,3,164.377048
4.6,3,164.404484
4.3,5,164.432788
4.3,5,164.465422
4.6,3,164.490911
4.75,2,164.520172
4.0,7,164.556191
-3.4,9,164.59362
4.75,2,164.62141
-3.6,13,164.672961
4.3,5,164.701891
4.6,3,164.73594
4.45,4,164.765102
4.45,4,164.795279
4.75,2,164.82386
4.15,6,164.860286
-1.75,15,164.911709
-3.65,14,164.957574
4.3,5,164.987611
4.3,5,165.016654
4.15,6,165.046705
4.15,6,165.076111
4.75,2,165.10338
4.6,3,165.269242
4.75,2,165.290319
4.15,6,165.320468
4.6,3,165.343054
4.0,7,165.375908
4.0,7,165.405466
4.75,2,165.432247
3.25,12,165.472168
3.85,8,165.509345
-3.65,14,165.55025
3.55,10,165.587291
4.3,5,165.617412
3.85,8,165.652583
4.6,3,165.688474
4.0,7,165.726857
4.15,6,165.75656
4.45,4,165.785252
4.45,4,165.817289
3.7,9,165.85769
4.6,3,165.884917
4.15,6,165.917596
4.75,2,165.945458
3.55,10,165.989955
4.75,2,166.014945
4.6,3,166.050076
3.55,10,166.089581
3.7,9,166.132611
3.1,13,166.181917
4.45,4,166.214828
4.6,3,166.241374
4.75,2,166.268131
4.0,7,166.298974
4.15,6,166.330753
4.6,3,166.361494
3.85,8,166.400741
4.45,4,166.430688
4.45,4,166.460593
4.0,7,166.492782
4.45,4,166.519308
4.45,4,166.546918
4.45,4,166.573436
3.7,9,166.606401
3.55,10,166.795869
4.6,3,166.828812
4.3,5,166.866758
4.6,3,166.897018
4.45,4,166.926971
4.0,7,166.961526
4.15,6,166.999327
4.3,5,167.031401
4.0,7,167.062843
4.9,1,167.088521
4.15,6,167.117059
4.3,5,167.148879
4.3,5,167.180542
4.15,6,167.21528
4.45,4,167.246066
4.75,2,167.27544
4.75,2,167.300135
4.45,4,167.325586
-1.75,15,167.370496
3.85,8,167.414696
-1.75,15,167.456626
4.6,3,167.48362
4.0,7,167.517935
4.45,4,167.544544
4.75,2,167.571857
4.6,3,167.598183
4.6,3,167.631199
3.4,11,167.671951
4.45,4,167.70429
4.45,4,167.7367
4.0,7,167.773899
3.55,10,167.812709
4.15,6,167.847041
4.75,2,167.873902
-1.75,15,167.930312
4.6,3,167.959427
4.9,1,167.985106
4.45,4,168.010261
4.75,2,168.035142
4.9,1,168.067583
4.75,2,168.098099
3.85,8,168.136204
4.15,6,168.169652
4.3,5,168.201192
4.15,6,168.232942
3.4,11,168.273157
3.7,9,168.309733
4.75,2,168.337565
4.3,5,168.502494
4.6,3,168.525475
3.25,12,168.56548
4.45,4,168.591087
4.15,6,168.621363
4.75,2,168.64692
3.55,10,168.690233
4.45,4,168.719739
3.7,9,168.753055
3.25,12,168.788906
-3.45,10,168.829507
4.6,3,168.857659
4.15,6,168.886746
4.6,3,168.916961
4.45,4,168.943115
3.85,8,168.977937
4.0,7,169.010905
4.6,3,169.037702
-3.4,9,169.073683
4.45,4,169.101447
4.45,4,169.130386
-3.6,13,169.175153
4.45,4,169.211181
4.0,7,169.252069
3.85,8,169.291205
4.75,2,169.320335
4.6,3,169.350644
4.0,7,169.384536
3.55,10,169.421233
4.6,3,169.446789
4.75,2,169.474394
4.3,5,169.507973
4.45,4,169.541092
3.85,8,169.582772
4.0,7,169.617666
4.45,4,169.646045
4.6,3,169.67257
4.15,6,169.705412
4.6,3,169.731441
4.6,3,169.768131
4.15,6,169.797752
4.6,3,169.824696
3.4,11,169.868472
4.6,3,169.892252
3.4,11,170.071466
3.55,10,170.105862
-1.75,15,170.150867
4.6,3,170.175186
4.45,4,170.205606
4.6,3,170.236022
4.3,5,170.27089
3.4,11,170.313915
4.45,4,170.343394
4.3,5,170.380708
4.45,4,170.4117
4.6,3,170.43881
4.9,1,170.466142
4.3,5,170.498268
4.9,1,170.523363
3.1,13,170.564113
4.15,6,170.594687
4.75,2,170.62207
4.3,5,170.652529
4.0,7,170.684467
4.0,7,170.721214
4.9,1,170.747965
-1.75,15,170.798408
4.75,2,170.823052
3.4,11,170.867819
-1.75,15,170.913426
3.25,12,170.953771
4.45,4,170.980047
4.75,2,171.009155
4.6,3,171.03441
3.7,9,171.073256
4.15,6,171.109028
4.75,2,171.136101
3.25,12,171.175274
4.9,1,171.201129
3.25,12,171.242668
4.6,3,171.271055
3.25,12,171.313755
4.15,6,171.342608
4.15,6,171.371842
4.6,3,171.541251
4.3,5,171.579134
4.75,2,171.607801
4.75,2,171.636468
2.95,14,171.68224
4.0,7,171.712204
4.15,6,171.747591
4.3,5,171.785636
3.7,9,171.823107
4.15,6,171.855513
4.15,6,171.885942
4.75,2,171.909333
4.15,6,171.940824
4.75,2,171.969447
3.85,8,172.004123
4.3,5,172.032762
4.6,3,172.063845
4.3,5,172.091307
3.4,11,172.137437
4.15,6,172.170783
4.15,6,172.203799
4.3,5,172.235631
3.55,10,172.272543
3.4,11,172.311671
4.15,6,172.346164
4.3,5,172.37728
3.4,11,172.420273
4.3,5,172.451374
4.3,5,172.479208
4.6,3,172.508487
4.6,3,172.538642
4.0,7,172.584217
4.45,4,172.615025
4.6,3,172.641629
4.9,1,172.667983
4.3,5,172.699594
4.75,2,172.723116
3.55,10,172.76457
4.15,6,172.796329
4.3,5,172.826112
4.6,3,172.85109
4.6,3,172.87763
-1.75,15,172.925508
4.6,3,172.955725
4.6,3,172.982111
4.15,6,173.175614
4.6,3,173.209656
3.85,8,173.247032
3.25,12,173.283292
4.75,2,173.305433
4.6,3,173.331831
4.6,3,173.358344
4.75,2,173.382186
4.6,3,173.40695
3.85,8,173.440661
3.1,13,173.484356
4.45,4,173.517874
4.9,1,173.541277
3.7,9,173.577911
4.15,6,173.61206
4.6,3,173.64057
4.45,4,173.672202
4.45,4,173.704146
4.45,4,173.738206
4.0,7,173.77794
4.45,4,173.808324
4.45,4,173.839041
4.6,3,173.865445
4.3,5,173.901269
3.85,8,173.939931
4.15,6,173.979796
4.3,5,174.009612
4.45,4,174.041709
4.6,3,174.071822
3.4,11,174.114811
4.75,2,174.141951
4.45,4,174.173436
4.9,1,174.203324
4.75,2,174.239823
4.15,6,174.278638
-3.1,3,174.306931
4.6,3,174.337338
4.75,2,174.366007
4.45,4,174.393417
-3.6,13,174.438567
4.45,4,174.464108
4.45,4,174.501122
4.6,3,174.541723
4.9,1,174.578056
4.45,4,174.613878
4.75,2,174.650422
3.55,10,174.696989
4.9,1,174.720421
3.85,8,174.764382
4.45,4,174.796364
4.75,2,174.829793
3.55,10,174.867123
4.3,5,174.896929
4.0,7,175.061958
4.6,3,175.088255
4.75,2,175.113519
3.7,9,175.153855
-1.75,15,175.19959
3.4,11,175.238903
4.6,3,175.268389
4.6,3,175.294952
4.75,2,175.323762
4.9,1,175.349405
4.75,2,175.37369
4.45,4,175.40099
4.0,7,175.433221
4.6,3,175.459116
3.85,8,175.497261
4.6,3,175.522819
4.15,6,175.561981
3.85,8,175.597593
4.75,2,175.62593
4.45,4,175.654953
4.6,3,175.685753
4.6,3,175.714446
3.85,8,175.753174
4.6,3,175.787751
-3.6,13,175.831175
3.7,9,175.867322
4.15,6,175.90082
4.6,3,175.926585
4.75,2,175.955011
3.4,11,175.992798
4.45,4,176.020071
4.75,2,176.046128
3.85,8,176.082302
4.6,3,176.113577
3.4,11,176.153402
4.45,4,176.183424
4.6,3,176.21432
4.9,1,176.245288
4.3,5,176.277558
-1.75,15,176.329392
4.6,3,176.358789
4.45,4,176.38878
3.85,8,176.422895
4.3,5,176.450052
4.3,5,176.480972
3.7,9,176.517563
4.75,2,176.539295
3.85,8,176.729325
4.45,4,176.757205
4.45,4,176.784902
3.7,9,176.820351
4.75,2,176.845799
4.6,3,176.873218
3.25,12,176.921113
4.15,6,176.952581
4.15,6,176.988917
4.15,6,177.031251
4.3,5,177.067452
-1.75,15,177.1199
4.45,4,177.15286
4.3,5,177.18566
3.4,11,177.228187
4.6,3,177.253907
3.25,12,177.301227
4.45,4,177.336131
4.6,3,177.366293
4.6,3,177.394973
4.0,7,177.428095
3.85,8,177.460506
3.55,10,177.496806
-3.15,4,177.523576
4.75,2,177.550459
3.85,8,177.585532
-3.35,8,177.621092
4.45,4,177.646378
4.45,4,177.67379
3.85,8,177.707755
3.85,8,177.744839
4.0,7,177.775289
4.15,6,177.806693
4.45,4,177.840085
4.6,3,177.867816
4.9,1,177.893284
4.0,7,177.926983
4.0,7,177.959302
4.15,6,177.996531
4.6,3,178.022085
4.9,1,178.042631
4.6,3,178.066868
4.6,3,178.090499
4.3,5,178.118583
4.0,7,178.146551
3.7,9,178.327182
4.15,6,178.356329
4.3,5,178.388073
3.25,12,178.423578
4.75,2,178.454173
4.45,4,178.489665
3.55,10,178.531496
4.3,5,178.562917
4.9,1,178.585242
4.0,7,178.619889
3.55,10,178.668784
3.55,10,178.712873
4.15,6,178.748798
4.45,4,178.779581
4.3,5,178.809775
4.15,6,178.84314
4.3,5,178.872397
4.45,4,178.909814
4.75,2,178.938285
4.15,6,178.972082
-1.75,15,179.025707
4.45,4,179.056568
3.4,11,179.101937
3.85,8,179.134724
4.45,4,179.161642
4.75,2,179.187333
4.3,5,179.221081
4.75,2,179.248835
4.75,2,179.27021
-1.75,15,179.316951
4.75,2,179.340718
4.6,3,179.367546
-1.75,15,179.415563
4.0,7,179.445579
4.75,2,179.468557
3.55,10,179.501722
4.0,7,179.532099
4.3,5,179.557335
4.0,7,179.586793
4.3,5,179.616617
4.6,3,179.643378
4.75,2,179.667173
4.45,4,179.834278
4.75,2,179.855184
4.9,1,179.880344
4.15,6,179.908586
4.75,2,179.931178
4.45,4,179.960643
3.25,12,180.005115
4.6,3,180.034112
-1.75,15,180.082931
4.6,3,180.107912
4.3,5,180.138733
-1.75,15,180.189628
4.45,4,180.224088
4.15,6,180.257574
4.15,6,180.29492
-1.75,15,180.348412
3.4,11,180.393474
4.3,5,180.426726
4.3,5,180.462744
3.7,9,180.500067
3.7,9,180.537141
4.0,7,180.573454
4.45,4,180.601345
4.45,4,180.632219
4.0,7,180.67022
3.85,8,180.705062
-1.75,15,180.747848
3.85,8,180.785294
4.3,5,180.816607
3.55,10,180.85848
4.75,2,180.887398
4.45,4,180.915305
4.15,6,180.946173
4.6,3,180.973322
4.6,3,181.005062
4.3,5,181.039321
3.7,9,181.077251
4.3,5,181.105575
3.85,8,181.146502
-3.3,7,181.328352
-3.5,11,181.372243
4.75,2,181.397957
4.6,3,181.421606
4.6,3,181.445581
4.0,7,181.478063
3.7,9,181.509387
4.15,6,181.537635
4.45,4,181.563802
4.45,4,181.593578
4.45,4,181.625953
4.3,5,181.65577
-3.35,8,181.688613
3.85,8,181.719823
3.85,8,181.755654
4.0,7,181.793602
3.7,9,181.833223
4.45,4,181.861418
4.6,3,181.88676
4.75,2,181.918105
-3.6,13,181.957293
4.45,4,181.989268
4.3,5,182.018972
4.9,1,182.041774
4.75,2,182.068587
3.55,10,182.108779
3.85,8,182.152155
4.6,3,182.179201
-3.45,10,182.2186
3.4,11,182.255963
4.75,2,182.28114
4.3,5,182.31636
4.45,4,182.349581
4.0,7,182.384257
4.75,2,182.405239
3.85,8,182.436947
3.55,10,182.475322
-3.4,9,182.508019
4.15,6,182.53917
4.75,2,182.561278
4.15,6,182.589536
4.0,7,182.620337
-3.4,9,182.653781
4.6,3,182.83389
4.3,5,182.864209
4.6,3,182.89522
4.6,3,182.918794
4.3,5,182.948698
4.75,2,182.976198
4.75,2,183.000308
4.6,3,183.025541
4.3,5,183.053711
4.45,4,183.080777
-3.4,9,183.115947
4.45,4,183.144322
3.55,10,183.178962
4.75,2,183.204171
4.9,1,183.227593
4.0,7,183.256542
4.3,5,183.285093
4.6,3,183.315031
4.0,7,183.358519
4.6,3,183.38756
4.45,4,183.424621
4.75,2,183.454697
4.6,3,183.489546
3.7,9,183.53326
4.45,4,183.574798
4.45,4,183.615926
4.15,6,183.6523
4.3,5,183.685824
4.45,4,183.720537
4.75,2,183.750998
4.75,2,183.781112
3.85,8,183.822072
4.0,7,183.867347
4.15,6,183.899412
-1.75,15,183.943093
4.75,2,183.970033
4.15,6,184.00422
4.45,4,184.029817
4.15,6,184.066889
4.6,3,184.096464
-3.5,11,184.137436
4.75,2,184.160754
4.3,5,184.186499
4.15,6,184.214513
4.6,3,184.238949
4.45,4,184.266786
4.3,5,184.295499
4.15,6,184.327051
4.15,6,184.356634
4.75,2,184.380515
3.4,11,184.415637
4.75,2,184.438526
4.6,3,184.466038
3.85,8,184.644743
3.85,8,184.681165
4.3,5,184.708984
4.3,5,184.738813
4.6,3,184.766681
4.3,5,184.80875
4.75,2,184.837655
4.0,7,184.873343
3.85,8,184.919336
4.75,2,184.950378
4.0,7,184.99116
4.0,7,185.023411
4.3,5,185.057038
4.6,3,185.083867
4.45,4,185.111296
4.15,6,185.140455
4.75,2,185.168908
3.55,10,185.206748
4.75,2,185.239037
4.0,7,185.277694
4.15,6,185.314295
4.45,4,185.341661
4.45,4,185.371474
4.0,7,185.408988
3.25,12,185.454834
4.45,4,185.485028
4.6,3,185.510434
3.85,8,185.543069
4.45,4,185.570251
4.3,5,185.601167
4.6,3,185.630645
3.4,11,185.672698
4.3,5,185.700756
4.0,7,185.738564
4.0,7,185.76966
-3.7,15,185.816996
4.6,3,185.848021
4.75,2,185.873363
4.75,2,185.898846
4.45,4,185.934503
4.0,7,185.974079
4.6,3,186.00284
4.45,4,186.03194
4.15,6,186.067091
3.55,10,186.106555
4.45,4,186.139825
4.6,3,186.171054
4.15,6,186.366699
4.9,1,186.394415
4.15,6,186.42697
4.6,3,186.456866
-3.35,8,186.492309
3.7,9,186.530068
4.0,7,186.566386
-3.3,7,186.600402
4.6,3,186.630955
4.15,6,186.660228
3.85,8,186.699994
4.0,7,186.731574
4.75,2,186.755468
3.85,8,186.790866
4.6,3,186.820385
4.6,3,186.850825
4.3,5,186.883475
4.45,4,186.915118
4.3,5,186.950807
4.75,2,186.984857
4.3,5,187.017723
3.85,8,187.054879
4.3,5,187.087894
4.3,5,187.125439
4.45,4,187.155102
4.15,6,187.185231
4.6,3,187.215809
4.45,4,187.246743
4.75,2,187.273462
4.75,2,187.298526
4.6,3,187.330705
4.3,5,187.361048
-3.5,11,187.399013
4.3,5,187.434607
4.3,5,187.46904
4.75,2,187.494268
3.7,9,187.529289
4.6,3,187.558898
4.45,4,187.587702
4.6,3,187.614358
4.75,2,187.637954
4.0,7,187.669084
3.4,11,187.709923
4.75,2,187.733066
4.75,2,187.758832
4.6,3,187.786643
4.0,7,187.818485
4.45,4,187.845179
-3.45,10,187.886591
4.0,7,187.921666
4.15,6,188.120617
-3.5,11,188.170335
4.6,3,188.203907
4.3,5,188.233722
4.9,1,188.258363
4.75,2,188.283265
3.1,13,188.332126
4.3,5,188.360611
4.15,6,188.389445
4.45,4,188.424846
4.6,3,188.465563
3.85,8,188.503228
4.45,4,188.532339
4.75,2,188.557276
4.45,4,188.593232
4.15,6,188.627713
4.45,4,188.654894
-3.4,9,188.687892
4.15,6,188.717821
-3.35,8,188.751832
4.3,5,188.785196
4.45,4,188.81373
4.6,3,188.837718
4.6,3,188.865283
4.0,7,188.895426
4.3,5,188.922107
4.6,3,188.953629
4.6,3,188.986065
4.45,4,189.018554
4.0,7,189.05125
4.75,2,189.078805
4.3,5,189.113468
4.6,3,189.138043
3.55,10,189.17443
4.15,6,189.204245
4.15,6,189.236042
3.85,8,189.270591
4.0,7,189.303307
3.55,10,189.343042
4.3,5,189.373837
-3.4,9,189.40809
-3.7,15,189.450207
4.3,5,189.478172
4.0,7,189.510294
4.15,6,189.538381
4.75,2,189.564153
4.6,3,189.748465
4.45,4,189.779246
3.4,11,189.820193
4.45,4,189.848933
3.4,11,189.896954
4.0,7,189.929667
4.0,7,189.963613
4.75,2,189.989331
4.9,1,190.014232
4.3,5,190.045539
4.0,7,190.080063
4.45,4,190.105932
4.15,6,190.138229
4.3,5,190.173735
4.45,4,190.202418
4.0,7,190.232484
4.15,6,190.265642
4.15,6,190.302041
4.75,2,190.331448
4.6,3,190.354125
4.45,4,190.384095
4.6,3,190.414204
4.3,5,190.445868
4.3,5,190.47833
4.15,6,190.517562
4.6,3,190.542925
4.3,5,190.581043
4.6,3,190.614181
4.75,2,190.643553
-3.7,15,190.693657
4.0,7,190.726416
-3.15,4,190.754833
4.45,4,190.783729
4.45,4,190.8092
-3.6,13,190.849
4.45,4,190.876442
4.45,4,190.905271
4.3,5,190.933576
3.85,8,190.966024
4.75,2,190.992835
4.45,4,191.021342
3.7,9,191.055685
-3.2,5,191.083981
4.15,6,191.112603
3.4,11,191.1536
4.45,4,191.185371
4.9,1,191.20855
4.75,2,191.237225
4.45,4,191.427552
4.75,2,191.453528
4.6,3,191.482734
4.0,7,191.511079
4.75,2,191.541746
3.85,8,191.579963
4.3,5,191.610438
4.6,3,191.644215
4.3,5,191.672361
4.0,7,191.704874
-3.3,7,191.735461
3.55,10,191.769949
4.9,1,191.795243
-3.2,5,191.824466
-3.5,11,191.862482
4.0,7,191.894264
4.0,7,191.931576
3.4,11,191.971156
4.45,4,191.999006
4.75,2,192.024601
-3.6,13,192.066926
4.45,4,192.096832
4.15,6,192.131062
-3.3,7,192.165135
4.15,6,192.201221
4.0,7,192.23362
4.45,4,192.264564
4.15,6,192.297748
4.3,5,192.326706
3.4,11,192.365413
4.45,4,192.392166
-1.75,15,192.43328
4.6,3,192.456928
4.3,5,192.488471
4.15,6,192.523259
4.3,5,192.549029
4.9,1,192.574708
4.0,7,192.605584
4.6,3,192.631053
4.45,4,192.657586
4.15,6,192.690839
-3.35,8,192.735696
4.15,6,192.770543
3.85,8,192.986051
3.7,9,193.026092
3.4,11,193.06865
4.6,3,193.099575
4.0,7,193.133029
4.75,2,193.163446
4.9,1,193.188869
4.75,2,193.218153
4.45,4,193.24782
3.25,12,193.291225
4.6,3,193.317395
4.45,4,193.357214
4.45,4,193.381457
4.75,2,193.402882
3.4,11,193.445317
4.45,4,193.475125
4.15,6,193.504157
4.3,5,193.540091
4.6,3,193.566414
3.7,9,193.605629
-1.75,15,193.654406
4.6,3,193.686014
3.85,8,193.719226
4.0,7,193.755694
4.6,3,193.786614
4.6,3,193.820822
4.0,7,193.856646
3.85,8,193.901586
4.9,1,193.932772
4.75,2,193.962685
4.15,6,193.992585
4.0,7,194.025371
4.3,5,194.057098
4.45,4,194.087404
4.6,3,194.116022
4.15,6,194.145629
4.6,3,194.176499
4.75,2,194.199205
4.3,5,194.228562
-3.25,6,194.257109
4.3,5,194.29443
3.4,11,194.337414
4.45,4,194.373149
3.55,10,194.414619
3.4,11,194.454635
4.6,3,194.487683
4.75,2,194.520272
4.9,1,194.543383
4.75,2,194.731741
4.3,5,194.763338
4.6,3,194.794284
4.6,3,194.826709
-1.75,15,194.873533
4.6,3,194.899626
4.3,5,194.929763
4.45,4,194.956985
4.75,2,194.981863
4.75,2,195.007326
4.75,2,195.033859
-1.75,15,195.081268
4.45,4,195.113309
4.75,2,195.145521
4.45,4,195.17191
4.45,4,195.201117
4.0,7,195.241811
4.15,6,195.276055
4.6,3,195.30649
3.85,8,195.345284
4.15,6,195.377661
4.45,4,195.403327
3.85,8,195.437457
4.75,2,195.461331
4.6,3,195.483969
4.15,6,195.51165
4.6,3,195.536245
4.75,2,195.56483
4.15,6,195.597554
4.6,3,195.622313
4.3,5,195.650081
-3.3,7,195.683759
4.45,4,195.720171
4.0,7,195.756794
4.3,5,195.785327
4.3,5,195.82113
4.15,6,195.852768
4.45,4,195.883859
4.3,5,195.914565
3.85,8,195.951349
4.75,2,195.982155
3.55,10,196.031362
4.3,5,196.063908
4.15,6,196.100716
4.75,2,196.127077
4.6,3,196.152368
-3.6,13,196.196255
4.3,5,196.224097
4.45,4,196.254514
4.75,2,196.279738
4.15,6,196.31266
3.4,11,196.49657
4.15,6,196.523666
4.45,4,196.55228
4.3,5,196.580359
4.3,5,196.609139
4.6,3,196.63583
-3.4,9,196.672333
4.15,6,196.702021
4.6,3,196.729358
3.7,9,196.761156
4.15,6,196.78711
3.7,9,196.823938
3.4,11,196.859072
-3.7,15,196.904373
-1.75,15,196.952718
4.3,5,196.98545
4.75,2,197.012351
4.75,2,197.039292
4.45,4,197.071421
4.0,7,197.104052
4.6,3,197.135923
-1.75,15,197.183639
3.85,8,197.221815
4.15,6,197.259279
4.15,6,197.291585
4.75,2,197.321677
4.6,3,197.352265
3.25,12,197.39397
3.4,11,197.431643
4.0,7,197.463299
4.0,7,197.499428
4.75,2,197.524994
3.55,10,197.564409
4.6,3,197.599832
4.3,5,197.64073
4.45,4,197.676877
3.7,9,197.71662
3.85,8,197.925581
4.45,4,197.958085
-3.6,13,198.003292
4.9,1,198.026911
3.55,10,198.065104
3.7,9,198.104407
4.45,4,198.134267
4.15,6,198.167709
3.55,10,198.201305
3.55,10,198.237488
4.45,4,198.2656
4.6,3,198.292623
4.45,4,198.321463
3.85,8,198.355545
4.75,2,198.382895
3.55,10,198.423161
-3.2,5,198.452564
4.6,3,198.478754
4.45,4,198.506212
3.1,13,198.547008
4.6,3,198.571681
-3.35,8,198.612833
-3.55,12,198.650481
4.15,6,198.687166
4.0,7,198.72654
3.85,8,198.7581
4.45,4,198.784239
4.6,3,198.813532
4.3,5,198.840918
4.9,1,198.867455
4.9,1,198.895676
4.45,4,198.920393
3.55,10,198.958172
4.75,2,198.984371
4.15,6,199.015135
4.45,4,199.046349
4.6,3,199.074925
4.3,5,199.109405
4.15,6,199.144362
4.75,2,199.175516
4.0,7,199.211401
4.6,3,199.235741
3.7,9,199.272348
4.15,6,199.304247
4.6,3,199.335016
-1.75,15,199.563378
4.45,4,199.589397
4.45,4,199.616829
4.45,4,199.647416
3.85,8,199.681775
4.0,7,199.714169
4.15,6,199.749812
4.0,7,199.784331
3.4,11,199.821108
4.45,4,199.851297
4.45,4,199.881364
4.6,3,199.908195
-1.75,15,199.965475
4.75,2,199.995739
4.6,3,200.030746
4.15,6,200.067824
4.15,6,200.099419
3.4,11,200.144437
4.6,3,200.179261
4.45,4,200.208752
4.6,3,200.237776
3.85,8,200.277057
4.0,7,200.3108
4.9,1,200.334842
4.3,5,200.380744
3.7,9,200.42961
3.85,8,200.470096
4.75,2,200.497612
4.45,4,200.527602
3.55,10,200.567775
3.55,10,200.610628
4.6,3,200.640366
4.9,1,200.668341
4.9,1,200.697748
4.6,3,200.727221
4.6,3,200.760793
4.75,2,200.788426
4.75,2,200.816098
-1.75,15,200.865831
4.0,7,200.897525
4.75,2,200.924338
4.15,6,200.953638
4.45,4,200.986847
4.15,6,201.021671
4.45,4,201.051049
-3.65,14,201.245534
4.9,1,201.267489
-3.6,13,201.311127
3.4,11,201.348787
4.9,1,201.36986
4.75,2,201.396102
4.3,5,201.425854
4.45,4,201.453946
3.85,8,201.487633
4.3,5,201.515274
4.0,7,201.548009
4.3,5,201.582934
4.75,2,201.611857
4.75,2,201.635376
-3.15,4,201.665787
4.15,6,201.701451
4.0,7,201.734833
4.3,5,201.760382
-3.55,12,201.798074
4.75,2,201.820161
4.3,5,201.847491
4.75,2,201.87357
-1.75,15,201.918901
4.75,2,201.946682
4.6,3,201.971495
4.3,5,202.004031
3.85,8,202.037998
4.45,4,202.064709
4.6,3,202.08838
4.75,2,202.112221
-3.45,10,202.148148
3.7,9,202.18612
4.6,3,202.21773
4.0,7,202.251176
3.85,8,202.289036
4.6,3,202.319812
4.6,3,202.353514
3.4,11,202.400968
4.75,2,202.426473
3.4,11,202.463741
3.7,9,202.498029
4.75,2,202.527702
4.6,3,202.554334
4.6,3,202.580234
3.25,12,202.626336
4.45,4,202.79292
4.75,2,202.816624
4.6,3,202.844061
4.3,5,202.87389
4.0,7,202.909775
3.25,12,202.948256
4.6,3,202.974037
4.0,7,203.004153
4.45,4,203.035614
4.3,5,203.068138
4.15,6,203.101779
4.6,3,203.129228
4.9,1,203.150754
4.75,2,203.177598
4.9,1,203.203373
4.45,4,203.232496
4.45,4,203.261793
-3.3,7,203.297078
4.3,5,203.329565
3.7,9,203.36429
4.45,4,203.392873
4.6,3,203.418966
4.9,1,203.443496
-3.3,7,203.475188
4.15,6,203.502285
4.75,2,203.532239
4.0,7,203.560706
-3.55,12,203.598531
4.45,4,203.626252
-3.2,5,203.654216
4.9,1,203.680827
3.85,8,203.72392
4.75,2,203.754262
4.75,2,203.786216
4.75,2,203.817475
4.3,5,203.851496
4.45,4,203.883374
4.6,3,203.915491
4.9,1,203.944176
3.7,9,203.986202
4.45,4,204.017611
3.25,12,204.060833
4.6,3,204.088576
4.75,2,204.11616
4.75,2,204.140929
4.3,5,204.174654
4.15,6,204.205835
4.15,6,204.241462
4.0,7,204.280163
4.15,6,204.308229
4.75,2,204.331662
3.7,9,204.365819
4.15,6,204.392566
4.15,6,204.424598
4.0,7,204.596204
4.45,4,204.619847
4.0,7,204.650481
4.75,2,204.678724
3.85,8,204.717428
3.7,9,204.758443
4.45,4,204.786921
4.3,5,204.81618
4.6,3,204.844669
3.85,8,204.876194
4.3,5,204.906713
3.7,9,204.944021
3.85,8,204.974435
4.6,3,205.001191
4.45,4,205.032676
4.45,4,205.062583
-1.75,15,205.11093
2.95,14,205.148977
4.3,5,205.184395
-3.7,15,205.232329
3.55,10,205.271995
4.3,5,205.307155
4.15,6,205.340058
4.15,6,205.377772
4.6,3,205.403032
4.45,4,205.433993
4.45,4,205.46719
4.0,7,205.500048
4.3,5,205.530749
3.85,8,205.564535
4.3,5,205.599915
-1.75,15,205.645843
4.6,3,205.669451
4.3,5,205.701039
-1.75,15,205.754177
3.85,8,205.787632
3.55,10,205.966449
4.3,5,205.997772
4.3,5,206.026708
4.6,3,206.049528
4.45,4,206.080717
-3.6,13,206.124123
4.6,3,206.151441
3.85,8,206.186929
4.15,6,206.216914
4.75,2,206.240972
3.55,10,206.275889
4.6,3,206.306539
4.6,3,206.330849
4.0,7,206.364017
-3.25,6,206.392701
4.15,6,206.425336
4.0,7,206.454512
4.0,7,206.486246
4.3,5,206.513883
3.85,8,206.545562
4.45,4,206.573941
4.0,7,206.609935
4.75,2,206.641379
4.3,5,206.672875
3.4,11,206.712721
3.25,12,206.754489
4.45,4,206.782205
4.9,1,206.813946
4.75,2,206.842619
-3.1,3,206.870252
4.45,4,206.904582
3.85,8,206.942579
4.6,3,206.975164
4.6,3,207.004871
4.0,7,207.046118
4.15,6,207.089276
3.85,8,207.146438
4.15,6,207.188176
4.15,6,207.224733
4.15,6,207.259273
3.1,13,207.304189
4.6,3,207.338194
4.6,3,207.369579
4.15,6,207.406092
3.85,8,207.439973
4.0,7,207.607678
4.15,6,207.639759
4.75,2,207.668986
3.4,11,207.712782
3.4,11,207.754133
3.55,10,207.793792
3.85,8,207.830492
4.0,7,207.861004
4.9,1,207.885567
4.75,2,207.908795
4.75,2,207.932638
3.85,8,207.965655
4.6,3,207.994705
4.6,3,208.018996
4.0,7,208.051998
4.45,4,208.080653
4.6,3,208.10704
3.7,9,208.143019
4.45,4,208.171061
3.7,9,208.206297
-3.55,12,208.24538
4.15,6,208.273834
4.45,4,208.301842
4.75,2,208.324604
4.15,6,208.35316
4.75,2,208.378381
-3.6,13,208.418222
4.45,4,208.447195
3.4,11,208.484525
4.9,1,208.512365
3.7,9,208.547886
4.3,5,208.583316
3.85,8,208.620776
4.45,4,208.65156
4.9,1,208.678535
4.45,4,208.707124
4.75,2,208.733763
4.6,3,208.764404
4.6,3,208.7961
4.6,3,208.82428
3.85,8,208.857563
4.75,2,208.883671
3.7,9,208.919231
-3.4,9,208.957707
4.45,4,208.992323
-3.25,6,209.025174
4.45,4,209.184639
4.15,6,209.216029
4.75,2,209.237645
4.3,5,209.264898
4.75,2,209.288357
4.15,6,209.31929
4.3,5,209.352257
4.45,4,209.381783
3.1,13,209.424454
4.45,4,209.452766
3.85,8,209.488819
4.3,5,209.523469
-1.75,15,209.573638
4.45,4,209.603865
4.75,2,209.630553
4.75,2,209.661742
4.3,5,209.696912
4.6,3,209.726333
4.3,5,209.752278
4.3,5,209.783332
3.7,9,209.819252
4.6,3,209.849411
3.4,11,209.887556
-3.65,14,209.92699
4.45,4,209.953095
3.4,11,209.993564
4.75,2,210.017053
4.45,4,210.048974
4.0,7,210.086856
3.4,11,210.131006
3.7,9,210.170518
3.7,9,210.210797
4.45,4,210.235753
4.0,7,210.271214
4.6,3,210.297597
4.3,5,210.330873
4.6,3,210.358264
4.75,2,210.392596
4.15,6,210.430017
4.3,5,210.46473
4.3,5,210.499719
4.3,5,210.532007
3.4,11,210.577111
3.4,11,210.787758
4.15,6,210.816077
4.0,7,210.84509
4.45,4,210.873135
4.3,5,210.905801
4.45,4,210.940107
4.45,4,210.970973
4.0,7,211.002668
4.75,2,211.027977
4.6,3,211.051885
4.6,3,211.080548
4.75,2,211.106155
4.45,4,211.134032
4.6,3,211.16289
4.0,7,211.195414
3.7,9,211.231435
3.85,8,211.266662
4.9,1,211.292813
4.3,5,211.320307
4.3,5,211.349699
-1.75,15,211.401065
4.15,6,211.436695
3.4,11,211.473369
4.6,3,211.498829
3.85,8,211.534539
4.45,4,211.564169
4.75,2,211.585104
4.3,5,211.616057
4.75,2,211.637595
3.85,8,211.673571
4.75,2,211.697745
4.6,3,211.727524
3.25,12,211.767312
4.3,5,211.8024
4.0,7,211.844452
4.15,6,211.880969
-1.75,15,211.933575
4.3,5,211.969145
4.6,3,211.996212
4.45,4,212.026515
3.4,11,212.067777
4.9,1,212.096141
4.15,6,212.132076
3.55,10,212.170336
4.0,7,212.356109
3.55,10,212.395885
4.0,7,212.425249
3.4,11,212.462484
3.85,8,212.494977
3.55,10,212.528544
4.0,7,212.561145
4.45,4,212.592799
4.6,3,212.614982
4.0,7,212.645678
4.0,7,212.680666
4.15,6,212.709328
4.45,4,212.736684
-3.4,9,212.773309
4.45,4,212.800209
4.3,5,212.83434
4.45,4,212.862829
4.6,3,212.888784
3.4,11,212.929554
4.3,5,212.956313
4.9,1,212.980543
3.55,10,213.01617
4.3,5,213.048747
4.6,3,213.080147
4.0,7,213.11288
-3.7,15,213.16305
4.6,3,213.194118
4.0,7,213.229741
4.45,4,213.254877
4.75,2,213.279678
4.6,3,213.306352
4.75,2,213.334255
3.55,10,213.376434
4.75,2,213.400424
4.3,5,213.435647
4.75,2,213.460507
4.3,5,213.494942
3.7,9,213.537139
4.75,2,213.565716
3.25,12,213.608649
4.6,3,213.639192
4.75,2,213.665834
4.6,3,213.691331
4.45,4,213.720421
