episode,reward,length,elapsed_seconds
1,4.3,5,0.042742013931274414
2,-3.1,3,0.0673682689666748
3,4.3,5,0.09946393966674805
4,-3.25,6,0.133636474609375
5,-3.0,1,0.15481185913085938
6,-3.1,3,0.1871325969696045
7,-3.1,3,0.21177077293395996
8,-3.0,1,0.23594188690185547
9,4.6000000000000005,3,0.26256728172302246
10,-3.15,4,0.2943601608276367
11,3.4,11,0.3349301815032959
12,-3.05,2,0.3608980178833008
13,-3.05,2,0.3872823715209961
14,-3.1,3,0.4116020202636719
15,-3.0,1,0.4315943717956543
16,-3.0,1,0.45392274856567383
17,4.0,7,0.4850006103515625
18,4.15,6,0.5209057331085205
19,-3.05,2,0.553469181060791
20,-3.2,5,0.5862836837768555
21,-3.15,4,0.6198556423187256
22,3.4,11,0.6605193614959717
23,-3.05,2,0.6838099956512451
24,-3.15,4,0.7086300849914551
25,-3.15,4,0.736605167388916
26,-3.0,1,0.7586987018585205
27,-3.0,1,0.7832698822021484
28,-3.0,1,0.8098461627960205
29,-3.05,2,0.8402955532073975
30,-3.0,1,0.8676707744598389
31,-3.0,1,0.8944966793060303
32,3.6999999999999997,9,0.9358766078948975
33,4.449999999999999,4,0.9679734706878662
34,-3.0,1,0.9938979148864746
35,-3.15,4,1.0242042541503906
36,3.55,10,1.0711932182312012
37,4.0,7,1.1123828887939453
38,-3.15,4,1.1424229145050049
39,-3.35,8,1.182457685470581
40,-3.1,3,1.2086100578308105
41,3.85,8,1.2485535144805908
42,-3.0,1,1.279721736907959
43,-3.1,3,1.3058159351348877
44,-3.0,1,1.3320295810699463
45,-3.2,5,1.3626573085784912
46,-3.1,3,1.388383150100708
47,-3.1,3,1.4177823066711426
48,-3.1,3,1.4434614181518555
49,-3.1,3,1.4688162803649902
50,-1.75,15,1.5114109516143799
51,-3.2,5,1.5391886234283447
52,-3.0,1,1.5627717971801758
53,-3.0,1,1.5890679359436035
54,-3.05,2,1.6200299263000488
55,-3.25,6,1.6554362773895264
56,-3.05,2,1.6850879192352295
57,-3.25,6,1.7287051677703857
58,-3.3,7,1.7626333236694336
59,-3.1,3,1.7872426509857178
60,-3.05,2,1.810300350189209
61,-3.6,13,1.853039026260376
62,-3.45,10,2.0317962169647217
63,-3.15,4,2.060096025466919
64,-3.1,3,2.0857937335968018
65,-3.35,8,2.121222734451294
66,-3.1,3,2.149365186691284
67,4.15,6,2.181781530380249
68,-3.05,2,2.2086498737335205
69,-3.3,7,2.2410662174224854
70,4.9,1,2.265113592147827
71,3.85,8,2.300739049911499
72,-3.2,5,2.3308115005493164
73,-3.0,1,2.354084014892578
74,-3.2,5,2.386531114578247
75,-3.05,2,2.4118614196777344
76,4.9,1,2.4359564781188965
77,3.6999999999999997,9,2.4775915145874023
78,-3.0,1,2.501033306121826
79,-3.0,1,2.5263071060180664
80,-1.75,15,2.5799310207366943
81,-3.0,1,2.608402967453003
82,-3.0,1,2.635115385055542
83,-3.05,2,2.6653287410736084
84,-3.05,2,2.6993227005004883
85,-3.35,8,2.7343556880950928
86,-3.0,1,2.7609212398529053
87,-3.55,12,2.8099493980407715
88,4.3,5,2.846494197845459
89,-3.15,4,2.876753568649292
90,3.85,8,2.916562557220459
91,-3.05,2,2.9481213092803955
92,4.449999999999999,4,2.9867637157440186
93,-3.0,1,3.0147016048431396
94,-3.0,1,3.04416823387146
95,4.6000000000000005,3,3.0735104084014893
96,-3.15,4,3.1047189235687256
97,-3.0,1,3.137585163116455
98,-3.2,5,3.1762590408325195
99,-3.0,1,3.19889497756958
100,3.85,8,3.2374677658081055
101,-3.05,2,3.26369047164917
102,-3.0,1,3.2893154621124268
103,-3.05,2,3.315563917160034
104,-3.25,6,3.3490965366363525
105,4.3,5,3.3801040649414062
106,-3.1,3,3.4064035415649414
107,-3.0,1,3.4353837966918945
108,-3.05,2,3.47049880027771
109,-3.1,3,3.503323793411255
110,-3.45,10,3.5402045249938965
111,-3.15,4,3.5686256885528564
112,-3.3,7,3.5979676246643066
113,-3.1,3,3.625744581222534
114,-1.75,15,3.6744484901428223
115,-3.6,13,3.7150890827178955
116,-3.55,12,3.751478672027588
117,-3.05,2,3.7779605388641357
118,4.9,1,3.800205707550049
119,-3.1,3,3.82672381401062
120,-3.0,1,3.8524017333984375
121,-3.05,2,4.042508840560913
122,-3.15,4,4.069788694381714
123,-3.1,3,4.099919319152832
124,4.15,6,4.133507966995239
125,-3.05,2,4.166386365890503
126,-3.45,10,4.211872100830078
127,-3.1,3,4.245778322219849
128,-3.6,13,4.295417547225952
129,-3.2,5,4.3269689083099365
130,-3.0,1,4.351668119430542
131,3.6999999999999997,9,4.388251781463623
132,-3.0,1,4.412802696228027
133,-3.0,1,4.43769907951355
134,-3.25,6,4.47083854675293
135,-3.3,7,4.505058288574219
136,-3.5,11,4.545387506484985
137,-3.35,8,4.5797553062438965
138,-3.2,5,4.6108598709106445
139,4.6000000000000005,3,4.636603832244873
140,4.0,7,4.668323278427124
141,-3.25,6,4.699565649032593
142,3.6999999999999997,9,4.734876871109009
143,4.15,6,4.768560886383057
144,-3.1,3,4.79491925239563
145,-3.0,1,4.819873809814453
146,-3.4,9,4.85166335105896
147,-3.05,2,4.875461578369141
148,-3.1,3,4.899589776992798
149,-3.0,1,4.925076961517334
150,-3.0,1,4.948077917098999
151,-3.1,3,4.9752278327941895
152,-3.35,8,5.006536483764648
153,-3.05,2,5.0277040004730225
154,-3.0,1,5.049057245254517
155,-3.65,14,5.096322774887085
156,4.15,6,5.130144119262695
157,4.9,1,5.153070449829102
158,-3.05,2,5.179527044296265
159,-3.25,6,5.213195562362671
160,-3.15,4,5.243809700012207
161,4.15,6,5.277182102203369
162,4.449999999999999,4,5.303335189819336
163,4.449999999999999,4,5.329562664031982
164,4.3,5,5.3610546588897705
165,3.85,8,5.397371530532837
166,-3.15,4,5.4265570640563965
167,-3.0,1,5.452656507492065
168,-3.5,11,5.491623401641846
169,-3.0,1,5.515225172042847
170,-3.15,4,5.5464112758636475
171,-3.05,2,5.5711448192596436
172,3.85,8,5.613899230957031
173,-3.0,1,5.636299133300781
174,-3.05,2,5.663691759109497
175,3.6999999999999997,9,5.876668453216553
176,-3.1,3,5.907674551010132
177,-3.1,3,5.939675331115723
178,-3.4,9,5.974300384521484
179,-3.4,9,6.008910179138184
180,-3.0,1,6.034205198287964
181,4.6000000000000005,3,6.064736604690552
182,-3.0,1,6.0894880294799805
183,-3.15,4,6.121225357055664
184,-3.2,5,6.153268337249756
185,-3.05,2,6.1806557178497314
186,4.9,1,6.2021965980529785
187,-3.0,1,6.2302117347717285
188,-3.4,9,6.275550603866577
189,4.449999999999999,4,6.303745746612549
190,-3.1,3,6.334411382675171
191,4.449999999999999,4,6.361494541168213
192,4.6000000000000005,3,6.385155439376831
193,-3.15,4,6.417437314987183
194,-3.2,5,6.446614027023315
195,-3.15,4,6.477076053619385
196,-3.0,1,6.502663612365723
197,-3.1,3,6.528204917907715
198,-3.0,1,6.552825450897217
199,4.3,5,6.5800230503082275
200,-3.15,4,6.605524301528931
201,4.449999999999999,4,6.631669282913208
202,-3.0,1,6.652912139892578
203,4.6000000000000005,3,6.685061931610107
204,-3.35,8,6.729484558105469
205,-3.1,3,6.757598638534546
206,-3.1,3,6.783905982971191
207,-3.35,8,6.820759057998657
208,-3.0,1,6.845587491989136
209,-1.75,15,6.890309810638428
210,-3.65,14,6.931061029434204
211,-3.0,1,6.953586578369141
212,-3.0,1,6.981775760650635
213,-3.0,1,7.004717588424683
214,-3.5,11,7.0408008098602295
215,-3.25,6,7.068313121795654
216,-3.0,1,7.090867280960083
217,-3.05,2,7.117450714111328
218,4.9,1,7.145354986190796
219,-3.05,2,7.172054052352905
220,-3.15,4,7.1990673542022705
221,-3.2,5,7.243893146514893
222,4.9,1,7.28161883354187
223,-3.0,1,7.312710523605347
224,-3.0,1,7.338937282562256
225,-3.2,5,7.37211537361145
226,-3.05,2,7.397007703781128
227,-3.35,8,7.435672760009766
228,4.0,7,7.4735331535339355
229,4.15,6,7.511027574539185
230,-3.05,2,7.536683082580566
231,-3.0,1,7.55962610244751
232,-3.05,2,7.583654880523682
233,-3.2,5,7.612415313720703
234,-3.0,1,7.634292125701904
235,-3.0,1,7.658547401428223
236,-3.2,5,7.689164161682129
237,-3.25,6,7.719539403915405
238,-3.05,2,7.743875503540039
239,-3.05,2,7.767292499542236
240,-3.35,8,7.947391510009766
241,-1.75,15,7.992386817932129
242,4.3,5,8.025913715362549
243,-3.2,5,8.05362582206726
244,3.85,8,8.089633703231812
245,-3.15,4,8.118044376373291
246,-3.05,2,8.145143985748291
247,-3.0,1,8.170947551727295
248,-3.05,2,8.20226788520813
249,-3.0,1,8.231091022491455
250,-3.0,1,8.256134271621704
251,4.15,6,8.293001651763916
252,-3.05,2,8.320064067840576
253,-3.0,1,8.348503112792969
254,-3.5,11,8.398817300796509
255,-3.45,10,8.440982341766357
256,-3.45,10,8.485342741012573
257,3.85,8,8.52124571800232
258,-3.05,2,8.545743227005005
259,-3.1,3,8.574429273605347
260,-3.1,3,8.601272344589233
261,4.75,2,8.62784194946289
262,4.0,7,8.660830974578857
263,-3.0,1,8.682018280029297
264,-3.15,4,8.71139931678772
265,4.3,5,8.744047403335571
266,4.15,6,8.778397560119629
267,3.85,8,8.817590236663818
268,-3.0,1,8.852596521377563
269,4.3,5,8.886220455169678
270,4.15,6,8.92322826385498
271,-3.05,2,8.946954727172852
272,-3.1,3,8.9722900390625
273,-3.05,2,8.998924732208252
274,4.0,7,9.034122467041016
275,-3.5,11,9.078965187072754
276,4.3,5,9.111062288284302
277,3.25,12,9.155683040618896
278,-3.1,3,9.183846235275269
279,4.6000000000000005,3,9.21033763885498
280,4.3,5,9.238086700439453
281,-3.35,8,9.274417400360107
282,4.3,5,9.308382749557495
283,4.15,6,9.339516162872314
284,4.449999999999999,4,9.372486114501953
285,-1.75,15,9.41544246673584
286,-3.1,3,9.438592433929443
287,-3.4,9,9.477479696273804
288,-3.2,5,9.670723915100098
289,-3.4,9,9.71197247505188
290,-3.15,4,9.742870092391968
291,4.3,5,9.773556232452393
292,3.85,8,9.807765007019043
293,-3.35,8,9.841902017593384
294,-3.0,1,9.864010095596313
295,-3.15,4,9.891195297241211
296,4.449999999999999,4,9.923606395721436
297,-3.05,2,9.948850631713867
298,4.15,6,9.985663890838623
299,3.85,8,10.019982814788818
300,-3.0,1,10.045342445373535
301,4.3,5,10.080689430236816
302,-3.5,11,10.12334656715393
303,-3.05,2,10.156777620315552
304,-3.15,4,10.182517528533936
305,-3.15,4,10.206783771514893
306,-3.05,2,10.232550144195557
307,4.0,7,10.273970365524292
308,-3.25,6,10.304697751998901
309,-1.75,15,10.353131771087646
310,-3.05,2,10.379690408706665
311,-1.75,15,10.43279480934143
312,4.6000000000000005,3,10.458510637283325
313,-3.05,2,10.485351085662842
314,4.9,1,10.515597343444824
315,-3.35,8,10.551481008529663
316,-3.05,2,10.587979793548584
317,-3.0,1,10.615476846694946
318,-3.15,4,10.648539304733276
319,-1.75,15,10.698237657546997
320,-3.6,13,10.741040229797363
321,-3.05,2,10.766221761703491
322,-3.4,9,10.803699970245361
323,4.6000000000000005,3,10.830129861831665
324,-3.1,3,10.8525550365448
325,-3.2,5,10.882262706756592
326,-3.15,4,10.908950090408325
327,4.6000000000000005,3,10.933097124099731
328,4.6000000000000005,3,10.960458278656006
329,4.0,7,10.993567943572998
330,-3.25,6,11.027788162231445
331,-3.45,10,11.079885244369507
332,4.3,5,11.112033367156982
333,4.9,1,11.137085676193237
334,-3.15,4,11.165112257003784
335,-3.0,1,11.186577320098877
336,-3.5,11,11.370147943496704
337,4.75,2,11.395880937576294
338,4.0,7,11.429583072662354
339,4.449999999999999,4,11.45580792427063
340,-3.2,5,11.484271764755249
341,-3.0,1,11.510024070739746
342,4.6000000000000005,3,11.544843435287476
343,-3.15,4,11.571602582931519
344,-3.4,9,11.610396385192871
345,4.75,2,11.635607957839966
346,-1.75,15,11.680062055587769
347,-3.3,7,11.711538791656494
348,3.1,13,11.750092506408691
349,4.449999999999999,4,11.77748727798462
350,-3.0,1,11.799253940582275
351,4.3,5,11.829652309417725
352,3.85,8,11.866209983825684
353,-3.0,1,11.890071630477905
354,-3.0,1,11.911688566207886
355,-3.0,1,11.938769817352295
356,4.449999999999999,4,11.963872909545898
357,3.85,8,12.002229452133179
358,-3.2,5,12.030256986618042
359,-3.0,1,12.056232452392578
360,-3.05,2,12.083722352981567
361,4.75,2,12.111041784286499
362,3.4,11,12.156193256378174
363,-3.35,8,12.19636082649231
364,-3.15,4,12.229035139083862
365,4.0,7,12.261977672576904
366,4.15,6,12.29354739189148
367,-3.0,1,12.315310955047607
368,3.55,10,12.34956979751587
369,-3.0,1,12.374211072921753
370,3.1,13,12.413336515426636
371,4.449999999999999,4,12.444335699081421
372,3.4,11,12.482465505599976
373,4.6000000000000005,3,12.513931512832642
374,-3.6,13,12.55745005607605
375,4.15,6,12.5945885181427
376,4.449999999999999,4,12.625852346420288
377,4.449999999999999,4,12.655390739440918
378,-3.7,15,12.702445983886719
379,4.449999999999999,4,12.727978467941284
380,4.449999999999999,4,12.758931636810303
381,-3.3,7,12.79146695137024
382,-3.1,3,12.984123468399048
383,-3.05,2,13.013901948928833
384,-3.2,5,13.042611122131348
385,3.85,8,13.084618330001831
386,4.15,6,13.12317943572998
387,4.15,6,13.153565168380737
388,-3.15,4,13.181390523910522
389,4.3,5,13.210950374603271
390,4.75,2,13.234314441680908
391,3.55,10,13.27305555343628
392,-3.1,3,13.298022270202637
393,-3.7,15,13.346487760543823
394,4.449999999999999,4,13.373440265655518
395,-3.7,15,13.42560362815857
396,4.449999999999999,4,13.454879760742188
397,-3.3,7,13.488752603530884
398,3.4,11,13.533183336257935
399,-3.4,9,13.574003219604492
400,-3.5,11,13.616934299468994
401,4.9,1,13.650164365768433
402,-1.75,15,13.69862985610962
403,4.15,6,13.730017900466919
404,-3.2,5,13.760704278945923
405,-3.2,5,13.792558431625366
406,-3.4,9,13.830486297607422
407,4.0,7,13.869016170501709
408,-3.35,8,13.905715703964233
409,-3.6,13,13.942273616790771
410,-3.55,12,13.983305931091309
411,-1.75,15,14.034639358520508
412,4.15,6,14.069804668426514
413,4.0,7,14.113375186920166
414,3.4,11,14.158019065856934
415,3.55,10,14.341856718063354
416,-3.4,9,14.375494956970215
417,-3.1,3,14.40276575088501
418,4.3,5,14.43359899520874
419,-3.15,4,14.464605569839478
420,-3.1,3,14.497723817825317
421,4.449999999999999,4,14.529958486557007
422,4.449999999999999,4,14.562809467315674
423,-3.0,1,14.58616828918457
424,4.0,7,14.619360208511353
425,4.3,5,14.648271799087524
426,3.6999999999999997,9,14.685331583023071
427,4.75,2,14.711162090301514
428,-3.5,11,14.747496604919434
429,-3.0,1,14.770525217056274
430,4.449999999999999,4,14.798750638961792
431,-3.05,2,14.82112979888916
432,-1.75,15,14.864819288253784
433,4.3,5,14.893009424209595
434,-3.0,1,14.915401697158813
435,-3.1,3,14.942432641983032
436,4.15,6,14.97608733177185
437,2.9499999999999997,14,15.023150205612183
438,-3.45,10,15.066500186920166
439,4.6000000000000005,3,15.095070600509644
440,-3.55,12,15.145262002944946
441,4.0,7,15.178297996520996
442,-3.05,2,15.20188045501709
443,3.4,11,15.248120784759521
444,-3.05,2,15.278736352920532
445,3.4,11,15.324741840362549
446,-3.45,10,15.370067596435547
447,-3.25,6,15.399553060531616
448,3.55,10,15.43935251235962
449,-3.2,5,15.469188690185547
450,-3.0,1,15.490716695785522
451,-3.15,4,15.517122507095337
452,4.6000000000000005,3,15.550409317016602
453,-3.0,1,15.573650598526001
454,-3.05,2,15.600482702255249
455,3.6999999999999997,9,15.634582996368408
456,-3.2,5,15.665465831756592
457,-3.4,9,15.70214056968689
458,4.15,6,15.733068943023682
459,4.0,7,15.909986734390259
460,4.449999999999999,4,15.935837507247925
461,-3.4,9,15.970627307891846
462,-1.75,15,16.011467218399048
463,-3.15,4,16.039090633392334
464,-3.15,4,16.064610719680786
465,-3.2,5,16.09815287590027
466,4.15,6,16.131028413772583
467,-3.35,8,16.169360160827637
468,3.25,12,16.20943808555603
469,-3.0,1,16.233575344085693
470,-3.05,2,16.260836601257324
471,4.3,5,16.29033875465393
472,-3.5,11,16.328928232192993
473,-1.75,15,16.375629663467407
474,4.449999999999999,4,16.404051065444946
475,-3.35,8,16.439457416534424
476,4.3,5,16.47015118598938
477,-3.05,2,16.503246307373047
478,4.15,6,16.53697395324707
479,-3.4,9,16.586562633514404
480,-3.3,7,16.631986141204834
481,-3.0,1,16.66101360321045
482,-3.15,4,16.69431471824646
483,-1.75,15,16.74222493171692
484,-3.1,3,16.76842999458313
485,-1.75,15,16.821866273880005
486,4.75,2,16.847654581069946
487,4.0,7,16.885897397994995
488,3.85,8,16.92236018180847
489,4.15,6,16.952388525009155
490,4.0,7,16.98350763320923
491,-1.75,15,17.026647329330444
492,-3.65,14,17.07019352912903
493,-3.3,7,17.1023371219635
494,-3.05,2,17.126603364944458
495,-3.7,15,17.313719034194946
496,-3.05,2,17.339341163635254
497,-1.75,15,17.38360905647278
498,4.15,6,17.41608953475952
499,3.55,10,17.45290756225586
500,4.6000000000000005,3,17.479936838150024
501,-3.35,8,17.514235734939575
502,3.6999999999999997,9,17.550225734710693
503,4.15,6,17.580288410186768
504,-3.1,3,17.61274218559265
505,4.3,5,17.64785599708557
506,-1.75,15,17.696475982666016
507,-3.25,6,17.730859994888306
508,-3.6,13,17.7762348651886
509,-1.75,15,17.822261333465576
510,4.6000000000000005,3,17.857648372650146
511,4.6000000000000005,3,17.889317274093628
512,4.6000000000000005,3,17.916243314743042
513,4.75,2,17.942317247390747
514,3.25,12,17.979113340377808
515,3.85,8,18.013699531555176
516,-3.3,7,18.045270919799805
517,4.6000000000000005,3,18.068786144256592
518,-3.0,1,18.094972372055054
519,3.6999999999999997,9,18.132282495498657
520,-3.3,7,18.167146921157837
521,4.0,7,18.203718185424805
522,4.0,7,18.245322227478027
523,4.0,7,18.282387733459473
524,-3.1,3,18.307126760482788
525,3.4,11,18.347832202911377
526,-1.75,15,18.392982721328735
527,-1.75,15,18.449620008468628
528,4.6000000000000005,3,18.481614589691162
529,3.4,11,18.68309712409973
530,-3.45,10,18.728147268295288
531,4.15,6,18.760382413864136
532,-3.05,2,18.783809900283813
533,-3.7,15,18.828330516815186
534,4.9,1,18.85012698173523
535,-3.1,3,18.876930713653564
536,-3.15,4,18.904205560684204
537,-3.6,13,18.943814516067505
538,4.6000000000000005,3,18.972837448120117
539,3.4,11,19.012868642807007
540,-3.05,2,19.037484407424927
541,4.0,7,19.07213306427002
542,-3.1,3,19.099977254867554
543,3.4,11,19.14160132408142
544,4.0,7,19.17067241668701
545,4.0,7,19.20528745651245
546,-3.25,6,19.24042582511902
547,3.4,11,19.278409957885742
548,4.75,2,19.307533502578735
549,4.449999999999999,4,19.334386587142944
550,4.449999999999999,4,19.364542961120605
551,4.449999999999999,4,19.39997935295105
552,-3.5,11,19.444981336593628
553,-3.0,1,19.466551780700684
554,4.6000000000000005,3,19.496046543121338
555,4.449999999999999,4,19.5295147895813
556,-3.15,4,19.56329083442688
557,4.0,7,19.602020502090454
558,-3.55,12,19.648382902145386
559,4.3,5,19.67884635925293
560,3.6999999999999997,9,19.72412657737732
561,4.449999999999999,4,19.75818634033203
562,4.3,5,19.795822858810425
563,4.6000000000000005,3,19.83503532409668
564,4.6000000000000005,3,19.865963459014893
565,-3.15,4,19.902414560317993
566,4.0,7,19.93545651435852
567,4.449999999999999,4,19.96896719932556
568,4.15,6,20.005818367004395
569,4.449999999999999,4,20.044256925582886
570,-3.1,3,20.07166814804077
571,4.3,5,20.10668182373047
572,-3.05,2,20.13162612915039
573,-3.25,6,20.166173219680786
574,3.25,12,20.35688829421997
575,4.75,2,20.38247513771057
576,3.55,10,20.417839765548706
577,-3.3,7,20.45199728012085
578,-3.25,6,20.485432863235474
579,4.15,6,20.517010927200317
580,4.3,5,20.55742311477661
581,3.85,8,20.59890055656433
582,-3.7,15,20.64670491218567
583,3.85,8,20.680025339126587
584,-3.15,4,20.716318130493164
585,-3.4,9,20.750605821609497
586,4.449999999999999,4,20.778154134750366
587,-1.75,15,20.825655937194824
588,4.0,7,20.85892605781555
589,4.75,2,20.892423629760742
590,-3.55,12,20.930009603500366
591,4.15,6,20.961012601852417
592,-3.15,4,20.991602420806885
593,4.15,6,21.023733615875244
594,3.4,11,21.06028985977173
595,-3.25,6,21.08885645866394
596,-3.7,15,21.137412071228027
597,-3.2,5,21.16579270362854
598,4.15,6,21.200698852539062
599,-3.35,8,21.23411750793457
600,4.3,5,21.268378734588623
601,3.85,8,21.300941467285156
602,4.15,6,21.332768440246582
603,-3.35,8,21.373171091079712
604,3.55,10,21.415046215057373
605,-3.0,1,21.439732313156128
606,4.0,7,21.47986674308777
607,4.6000000000000005,3,21.518550157546997
608,-3.2,5,21.54716205596924
609,4.0,7,21.740022897720337
610,4.3,5,21.768200397491455
611,4.0,7,21.808690786361694
612,4.6000000000000005,3,21.836629629135132
613,4.6000000000000005,3,21.867335557937622
614,3.55,10,21.91314196586609
615,4.15,6,21.940988540649414
616,-3.4,9,21.97573471069336
617,4.6000000000000005,3,21.998400449752808
618,4.449999999999999,4,22.02506995201111
619,4.6000000000000005,3,22.04754376411438
620,4.6000000000000005,3,22.0747549533844
621,4.3,5,22.1017963886261
622,-3.35,8,22.138170957565308
623,4.6000000000000005,3,22.16378164291382
624,-1.75,15,22.208747148513794
625,4.9,1,22.232683658599854
626,4.15,6,22.26717257499695
627,-3.35,8,22.305304527282715
628,3.25,12,22.35024929046631
629,-3.15,4,22.384536266326904
630,3.4,11,22.42779040336609
631,4.449999999999999,4,22.455431938171387
632,-3.45,10,22.491321086883545
633,3.1,13,22.54387664794922
634,4.449999999999999,4,22.57755398750305
635,-1.75,15,22.62579321861267
636,3.6999999999999997,9,22.663490295410156
637,4.6000000000000005,3,22.690686464309692
638,3.55,10,22.731663703918457
639,4.6000000000000005,3,22.760189533233643
640,4.15,6,22.79337978363037
641,4.75,2,22.81849718093872
642,4.15,6,22.852702379226685
643,-3.35,8,22.895509243011475
644,4.6000000000000005,3,22.92636466026306
645,3.6999999999999997,9,22.96359610557556
646,-3.25,6,22.996262550354004
647,-3.2,5,23.028080224990845
648,4.0,7,23.070550203323364
649,4.449999999999999,4,23.28170919418335
650,3.85,8,23.31617283821106
651,3.1,13,23.365007877349854
652,-1.75,15,23.412121295928955
653,4.449999999999999,4,23.43902611732483
654,-3.1,3,23.46515417098999
655,4.75,2,23.49069571495056
656,4.0,7,23.52391505241394
657,4.75,2,23.549177169799805
658,-3.35,8,23.58412528038025
659,4.6000000000000005,3,23.610772132873535
660,-3.25,6,23.639248371124268
661,4.15,6,23.671111822128296
662,4.449999999999999,4,23.700066566467285
663,4.6000000000000005,3,23.73078417778015
664,-3.6,13,23.773665189743042
665,-3.35,8,23.812166690826416
666,3.4,11,23.858386754989624
667,4.75,2,23.884443283081055
668,-3.5,11,23.928071975708008
669,-3.55,12,23.968194484710693
670,-3.5,11,24.008965730667114
671,3.85,8,24.041099548339844
672,4.3,5,24.079437732696533
673,3.4,11,24.116947889328003
674,3.85,8,24.15934133529663
675,-1.75,15,24.204537868499756
676,-3.0,1,24.228148937225342
677,4.6000000000000005,3,24.25812339782715
678,-3.25,6,24.286279678344727
679,3.6999999999999997,9,24.322718143463135
680,4.0,7,24.35320472717285
681,4.3,5,24.381591796875
682,-3.4,9,24.418740034103394
683,4.449999999999999,4,24.446851015090942
684,4.3,5,24.477300882339478
685,4.75,2,24.502549409866333
686,4.9,1,24.52788233757019
687,4.15,6,24.72744631767273
688,4.75,2,24.7514009475708
689,4.15,6,24.789042472839355
690,3.55,10,24.832486152648926
691,4.3,5,24.870707750320435
692,-3.55,12,24.919262647628784
693,4.6000000000000005,3,24.94770574569702
694,4.3,5,24.973296403884888
695,-3.1,3,24.998867988586426
696,-1.75,15,25.043986082077026
697,4.75,2,25.068369388580322
698,-3.1,3,25.093181848526
699,4.3,5,25.125016689300537
700,4.6000000000000005,3,25.148680686950684
701,-1.75,15,25.19596838951111
702,4.3,5,25.22876811027527
703,-3.7,15,25.27595043182373
704,4.6000000000000005,3,25.29961895942688
705,3.85,8,25.341359615325928
706,4.449999999999999,4,25.368231534957886
707,-3.6,13,25.409260511398315
708,4.15,6,25.44260835647583
709,4.449999999999999,4,25.469250202178955
710,-3.4,9,25.502715826034546
711,3.1,13,25.54172444343567
712,-3.05,2,25.56446647644043
713,4.6000000000000005,3,25.591922760009766
714,4.75,2,25.613452911376953
715,-3.55,12,25.649717092514038
716,-3.3,7,25.679870128631592
717,-3.05,2,25.701289653778076
718,-3.2,5,25.732301712036133
719,4.6000000000000005,3,25.760690927505493
720,4.0,7,25.79293656349182
721,-1.75,15,25.835422039031982
722,-3.3,7,25.86724829673767
723,4.449999999999999,4,25.89433193206787
724,-1.75,15,25.94405460357666
725,-3.15,4,26.13424587249756
726,3.6999999999999997,9,26.177491188049316
727,-3.4,9,26.218174934387207
728,4.6000000000000005,3,26.245676040649414
729,3.6999999999999997,9,26.286553859710693
730,3.6999999999999997,9,26.33113193511963
731,-3.05,2,26.36549139022827
732,4.6000000000000005,3,26.400798559188843
733,4.75,2,26.425796031951904
734,-3.15,4,26.460657358169556
735,4.6000000000000005,3,26.49343729019165
736,4.449999999999999,4,26.525432109832764
737,-3.35,8,26.55939817428589
738,4.0,7,26.5950186252594
739,4.75,2,26.624499559402466
740,4.3,5,26.652427196502686
741,3.6999999999999997,9,26.688751697540283
742,4.0,7,26.71861696243286
743,4.0,7,26.749211072921753
744,-3.25,6,26.782275199890137
745,4.75,2,26.807206630706787
746,4.6000000000000005,3,26.830301523208618
747,4.6000000000000005,3,26.857163429260254
748,4.449999999999999,4,26.883795738220215
749,3.85,8,26.916808128356934
750,-3.2,5,26.953502416610718
751,-3.4,9,26.985421895980835
752,4.6000000000000005,3,27.013822078704834
753,4.6000000000000005,3,27.039775133132935
754,-3.55,12,27.079840421676636
755,3.25,12,27.118741989135742
756,4.6000000000000005,3,27.153902292251587
757,3.85,8,27.190484762191772
758,3.85,8,27.223086833953857
759,4.0,7,27.259931802749634
760,4.449999999999999,4,27.28366446495056
761,-3.55,12,27.32664465904236
762,4.9,1,27.348641872406006
763,4.3,5,27.376627445220947
764,3.6999999999999997,9,27.41110062599182
765,-3.65,14,27.44937252998352
766,4.449999999999999,4,27.47687029838562
767,-3.2,5,27.507917165756226
768,4.15,6,27.697786808013916
769,4.75,2,27.726571798324585
770,4.6000000000000005,3,27.757559537887573
771,3.85,8,27.801534175872803
772,-3.2,5,27.83119797706604
773,4.75,2,27.858341217041016
774,4.75,2,27.88447594642639
775,-1.75,15,27.93019962310791
776,4.449999999999999,4,27.96117854118347
777,3.6999999999999997,9,28.00598692893982
778,4.3,5,28.034590482711792
779,-1.75,15,28.078462600708008
780,4.449999999999999,4,28.10950255393982
781,4.3,5,28.137335538864136
782,-3.5,11,28.17723822593689
783,3.55,10,28.21516466140747
784,-3.4,9,28.24934697151184
785,4.449999999999999,4,28.275848150253296
786,4.9,1,28.300450325012207
787,4.3,5,28.330978631973267
788,4.0,7,28.366363048553467
789,4.3,5,28.399582862854004
790,3.55,10,28.441102266311646
791,4.449999999999999,4,28.467278718948364
792,-3.15,4,28.4966721534729
793,4.6000000000000005,3,28.524410724639893
794,3.1,13,28.565929412841797
795,4.449999999999999,4,28.59451913833618
796,-3.5,11,28.63433074951172
797,-3.65,14,28.68266463279724
798,-3.65,14,28.733201026916504
799,-3.3,7,28.77574372291565
800,-3.05,2,28.800052404403687
801,-3.15,4,28.826177835464478
802,-3.6,13,28.864951133728027
803,-1.75,15,28.905021905899048
804,4.0,7,29.08216142654419
805,-3.35,8,29.119646787643433
806,4.0,7,29.15592360496521
807,-3.55,12,29.204086542129517
808,3.6999999999999997,9,29.24733304977417
809,4.0,7,29.292702198028564
810,4.449999999999999,4,29.329527139663696
811,4.15,6,29.364119052886963
812,4.3,5,29.395986557006836
813,4.75,2,29.427666664123535
814,4.6000000000000005,3,29.45815682411194
815,3.85,8,29.506059408187866
816,4.3,5,29.540770769119263
817,4.449999999999999,4,29.574519157409668
818,3.85,8,29.61609435081482
819,3.85,8,29.657508373260498
820,-3.2,5,29.686448335647583
821,4.15,6,29.724181413650513
822,-3.7,15,29.767419576644897
823,4.0,7,29.802045345306396
824,-1.75,15,29.851412057876587
825,-3.4,9,29.886393785476685
826,-3.6,13,29.9306960105896
827,4.0,7,29.960962057113647
828,4.0,7,29.99980854988098
829,3.6999999999999997,9,30.03451895713806
830,3.6999999999999997,9,30.068122625350952
831,4.15,6,30.097995281219482
832,3.85,8,30.130124807357788
833,-3.1,3,30.161442518234253
834,4.9,1,30.186705112457275
835,4.6000000000000005,3,30.215613842010498
836,4.6000000000000005,3,30.250321626663208
837,-3.1,3,30.275859832763672
838,-3.65,14,30.317464351654053
839,3.4,11,30.35723042488098
840,4.75,2,30.517341375350952
841,4.75,2,30.5423743724823
842,3.25,12,30.58060097694397
843,4.0,7,30.61169195175171
844,-3.15,4,30.639079570770264
845,4.15,6,30.67033290863037
846,4.9,1,30.69410729408264
847,-3.7,15,30.743354558944702
848,4.449999999999999,4,30.775331020355225
849,4.6000000000000005,3,30.80511784553528
850,4.6000000000000005,3,30.83122992515564
851,3.4,11,30.874541759490967
852,4.3,5,30.90479564666748
853,3.6999999999999997,9,30.941009521484375
854,3.55,10,30.978288888931274
855,-3.05,2,31.007634162902832
856,3.85,8,31.041534662246704
857,-3.25,6,31.072632551193237
858,3.25,12,31.11421298980713
859,3.4,11,31.15972900390625
860,3.4,11,31.198741674423218
861,3.25,12,31.244291305541992
862,4.3,5,31.274340629577637
863,-3.45,10,31.309767246246338
864,-3.35,8,31.344314098358154
865,-3.4,9,31.37996554374695
866,-3.45,10,31.42228627204895
867,4.3,5,31.459229230880737
868,4.6000000000000005,3,31.48435401916504
869,4.15,6,31.514193058013916
870,3.4,11,31.549145221710205
871,4.3,5,31.578023433685303
872,3.55,10,31.61319851875305
873,-3.2,5,31.64125657081604
874,-3.3,7,31.672656536102295
875,4.3,5,31.698839902877808
876,3.55,10,31.898284435272217
877,4.15,6,31.93274736404419
878,3.25,12,31.976088047027588
879,-3.5,11,32.022470474243164
880,3.85,8,32.059656381607056
881,4.449999999999999,4,32.08678936958313
882,3.6999999999999997,9,32.128878593444824
883,-3.4,9,32.17047834396362
884,3.55,10,32.20928406715393
885,4.3,5,32.240389585494995
886,-3.5,11,32.28748178482056
887,3.55,10,32.33314871788025
888,4.9,1,32.36575984954834
889,4.15,6,32.402528524398804
890,-3.65,14,32.45162534713745
891,3.4,11,32.498501777648926
892,4.15,6,32.53184676170349
893,4.3,5,32.56494998931885
894,4.449999999999999,4,32.60020327568054
895,4.15,6,32.63452410697937
896,-3.25,6,32.67269825935364
897,4.449999999999999,4,32.70458221435547
898,-3.15,4,32.731422424316406
899,3.4,11,32.7775719165802
900,3.25,12,32.82227039337158
901,4.3,5,32.86089277267456
902,-1.75,15,32.90370178222656
903,4.3,5,32.93183183670044
904,4.15,6,32.96401357650757
905,3.4,11,33.00470495223999
906,4.15,6,33.03867983818054
907,3.6999999999999997,9,33.07574510574341
908,4.15,6,33.11403298377991
909,4.75,2,33.305779457092285
910,3.4,11,33.34351873397827
911,4.0,7,33.37791323661804
912,-3.5,11,33.422311544418335
913,4.6000000000000005,3,33.44667840003967
914,4.75,2,33.47507190704346
915,-1.75,15,33.51470994949341
916,3.4,11,33.55641293525696
917,-3.25,6,33.58769083023071
918,4.0,7,33.618184328079224
919,-3.65,14,33.65953826904297
920,-3.25,6,33.68610978126526
921,3.4,11,33.724992513656616
922,-1.75,15,33.76815629005432
923,4.15,6,33.80220890045166
924,4.3,5,33.83413815498352
925,3.6999999999999997,9,33.87017822265625
926,-3.15,4,33.90565490722656
927,4.6000000000000005,3,33.93020176887512
928,-3.25,6,33.95723366737366
929,-1.75,15,34.00246810913086
930,-3.6,13,34.039939403533936
931,4.449999999999999,4,34.06592273712158
932,4.15,6,34.100733041763306
933,3.4,11,34.141014099121094
934,-1.75,15,34.20326590538025
935,3.55,10,34.2581570148468
936,3.55,10,34.31368923187256
937,4.6000000000000005,3,34.35280132293701
938,4.0,7,34.392396688461304
939,3.1,13,34.58241319656372
940,3.6999999999999997,9,34.61651945114136
941,-1.75,15,34.66040778160095
942,3.85,8,34.69199347496033
943,4.6000000000000005,3,34.71662139892578
944,3.85,8,34.754616022109985
945,4.6000000000000005,3,34.77837562561035
946,4.6000000000000005,3,34.809266567230225
947,4.449999999999999,4,34.837358713150024
948,4.6000000000000005,3,34.86174464225769
949,3.85,8,34.892858028411865
950,4.0,7,34.925236225128174
951,4.6000000000000005,3,34.95120453834534
952,-3.45,10,34.993550062179565
953,3.4,11,35.03075671195984
954,4.75,2,35.05777716636658
955,-3.35,8,35.09455752372742
956,4.3,5,35.12251877784729
957,-1.75,15,35.16493201255798
958,3.55,10,35.20757055282593
959,4.6000000000000005,3,35.23752975463867
960,-1.75,15,35.28465437889099
961,3.85,8,35.321962118148804
962,4.75,2,35.34881901741028
963,4.449999999999999,4,35.37758803367615
964,3.6999999999999997,9,35.413997173309326
965,3.55,10,35.45153522491455
966,4.3,5,35.48026180267334
967,4.3,5,35.509501218795776
968,4.15,6,35.541189670562744
969,3.55,10,35.58262753486633
970,-1.75,15,35.63367986679077
971,4.75,2,35.66423749923706
972,4.75,2,35.70115661621094
973,4.75,2,35.73497176170349
974,4.15,6,35.768967628479004
975,4.449999999999999,4,35.798651933670044
976,4.15,6,35.834003925323486
977,3.6999999999999997,9,36.02359938621521
978,-1.75,15,36.06714916229248
979,4.3,5,36.098610401153564
980,4.0,7,36.13957118988037
981,4.3,5,36.17360496520996
982,4.3,5,36.21202373504639
983,4.75,2,36.241050720214844
984,4.3,5,36.27590799331665
985,3.4,11,36.320611000061035
986,4.75,2,36.34726119041443
987,-1.75,15,36.40364670753479
988,3.4,11,36.444979190826416
989,3.85,8,36.48699331283569
990,4.0,7,36.52236485481262
991,-1.75,15,36.578256607055664
992,3.85,8,36.6186740398407
993,-1.75,15,36.67065691947937
994,3.4,11,36.7093722820282
995,3.25,12,36.75581741333008
996,3.85,8,36.79001259803772
997,3.85,8,36.82434606552124
998,3.85,8,36.85769772529602
999,4.6000000000000005,3,36.879883766174316
1000,4.75,2,36.90419363975525
1001,4.9,1,36.92984700202942
1002,-3.0,1,36.953144550323486
1003,3.85,8,36.98741626739502
1004,4.9,1,37.01230812072754
1005,3.6999999999999997,9,37.047916650772095
1006,4.449999999999999,4,37.08498549461365
1007,4.6000000000000005,3,37.11157727241516
1008,4.3,5,37.144282817840576
1009,4.0,7,37.18024396896362
1010,4.6000000000000005,3,37.209564447402954
1011,3.55,10,37.24666213989258
1012,3.85,8,37.29236936569214
1013,-3.1,3,37.48351168632507
1014,4.3,5,37.514161348342896
1015,3.6999999999999997,9,37.54970097541809
1016,4.15,6,37.580745697021484
1017,4.75,2,37.60458850860596
1018,3.85,8,37.64118695259094
1019,-3.4,9,37.67440223693848
1020,4.3,5,37.700793743133545
1021,4.6000000000000005,3,37.728832483291626
1022,4.15,6,37.759483337402344
1023,3.25,12,37.79970836639404
1024,4.15,6,37.830307960510254
1025,4.3,5,37.86777853965759
1026,-1.75,15,37.909635066986084
1027,4.3,5,37.938668727874756
1028,-1.75,15,37.980952501297
1029,4.15,6,38.01286268234253
1030,3.55,10,38.05199885368347
1031,4.6000000000000005,3,38.075716972351074
1032,3.4,11,38.113776206970215
1033,4.3,5,38.140743017196655
1034,4.6000000000000005,3,38.162681341171265
1035,3.25,12,38.200395345687866
1036,4.15,6,38.23274755477905
1037,4.15,6,38.26230525970459
1038,3.4,11,38.29825496673584
1039,4.75,2,38.32242274284363
1040,3.85,8,38.35715341567993
1041,4.15,6,38.38790965080261
1042,4.0,7,38.42071747779846
1043,4.6000000000000005,3,38.446696519851685
1044,4.75,2,38.472984313964844
1045,3.55,10,38.508482694625854
1046,4.6000000000000005,3,38.53408908843994
1047,4.15,6,38.56900072097778
1048,3.6999999999999997,9,38.61440396308899
1049,4.75,2,38.640934228897095
1050,4.75,2,38.66671013832092
1051,4.15,6,38.70053505897522
1052,4.75,2,38.73031735420227
1053,4.449999999999999,4,38.9257926940918
1054,4.9,1,38.9553918838501
1055,3.85,8,38.99602270126343
1056,3.55,10,39.03372502326965
1057,4.75,2,39.062310218811035
1058,-3.6,13,39.10660982131958
1059,4.0,7,39.139281034469604
1060,4.6000000000000005,3,39.16230654716492
1061,3.4,11,39.198893785476685
1062,4.15,6,39.22914791107178
1063,4.6000000000000005,3,39.2591757774353
1064,3.4,11,39.29600501060486
1065,-1.75,15,39.339375019073486
1066,4.3,5,39.373080253601074
1067,4.449999999999999,4,39.40333557128906
1068,3.1,13,39.44430637359619
1069,-3.55,12,39.48442053794861
1070,3.6999999999999997,9,39.523513078689575
1071,4.75,2,39.548909187316895
1072,4.449999999999999,4,39.57946991920471
1073,4.75,2,39.61085534095764
1074,4.75,2,39.63735485076904
1075,4.6000000000000005,3,39.66569399833679
1076,4.6000000000000005,3,39.69319272041321
1077,4.0,7,39.72987961769104
1078,4.15,6,39.76148819923401
1079,-1.75,15,39.80577564239502
1080,-1.75,15,39.84839177131653
1081,4.6000000000000005,3,39.87850022315979
1082,-1.75,15,39.91788864135742
1083,3.85,8,39.959858655929565
1084,4.449999999999999,4,39.98883867263794
1085,3.6999999999999997,9,40.026166677474976
1086,4.15,6,40.05496263504028
1087,4.15,6,40.08963751792908
1088,4.0,7,40.1298086643219
1089,4.3,5,40.32563233375549
1090,3.6999999999999997,9,40.362776041030884
1091,4.15,6,40.39746952056885
1092,4.75,2,40.429635524749756
1093,-1.75,15,40.48199772834778
1094,4.449999999999999,4,40.512648820877075
1095,4.0,7,40.54698657989502
1096,3.55,10,40.58861756324768
1097,4.6000000000000005,3,40.61383581161499
1098,4.15,6,40.64336943626404
1099,4.449999999999999,4,40.67385149002075
1100,4.75,2,40.69951868057251
1101,-1.75,15,40.74673008918762
1102,3.55,10,40.78080677986145
1103,4.15,6,40.81264519691467
1104,4.6000000000000005,3,40.83949565887451
1105,-1.75,15,40.889217376708984
1106,3.55,10,40.92246413230896
1107,4.6000000000000005,3,40.949002742767334
1108,4.6000000000000005,3,40.974082231521606
1109,3.6999999999999997,9,41.005738735198975
1110,3.55,10,41.04492378234863
1111,4.0,7,41.079593658447266
1112,4.15,6,41.10802602767944
1113,-1.75,15,41.1519296169281
1114,-1.75,15,41.19554114341736
1115,4.449999999999999,4,41.22558259963989
1116,4.6000000000000005,3,41.24890995025635
1117,4.3,5,41.282774686813354
1118,-1.75,15,41.33659601211548
1119,3.6999999999999997,9,41.37373447418213
1120,3.6999999999999997,9,41.409635066986084
1121,4.75,2,41.440725803375244
1122,4.0,7,41.47251009941101
1123,4.3,5,41.503727197647095
1124,-3.3,7,41.697710275650024
1125,-3.5,11,41.73980402946472
1126,4.15,6,41.77015995979309
1127,4.15,6,41.804301261901855
1128,4.75,2,41.832436084747314
1129,2.9499999999999997,14,41.884570598602295
1130,3.55,10,41.921550035476685
1131,-1.75,15,41.970417499542236
1132,4.3,5,42.00236749649048
1133,4.9,1,42.02863574028015
1134,4.75,2,42.053370237350464
1135,4.75,2,42.076310873031616
1136,4.15,6,42.11401081085205
1137,4.3,5,42.14568638801575
1138,3.85,8,42.17923903465271
1139,4.0,7,42.21423530578613
1140,4.3,5,42.242738246917725
1141,4.6000000000000005,3,42.266403913497925
1142,4.6000000000000005,3,42.291069984436035
1143,-1.75,15,42.339075326919556
1144,4.0,7,42.36935806274414
1145,4.15,6,42.40094208717346
1146,4.75,2,42.428332805633545
1147,4.3,5,42.458399534225464
1148,3.85,8,42.49053120613098
1149,3.55,10,42.527103900909424
1150,3.25,12,42.56786918640137
1151,-1.75,15,42.613102436065674
1152,4.15,6,42.6504168510437
1153,4.6000000000000005,3,42.67835283279419
1154,4.3,5,42.708542585372925
1155,4.0,7,42.744349002838135
1156,3.55,10,42.7845458984375
1157,4.15,6,42.81309509277344
1158,3.6999999999999997,9,42.852004289627075
1159,3.85,8,42.89473819732666
1160,3.6999999999999997,9,43.088178634643555
1161,4.15,6,43.12152361869812
1162,-3.7,15,43.16893148422241
1163,3.55,10,43.20761179924011
1164,3.4,11,43.25328302383423
1165,3.6999999999999997,9,43.29005718231201
1166,3.85,8,43.32979679107666
1167,3.85,8,43.37016272544861
1168,4.15,6,43.40413784980774
1169,3.4,11,43.4493248462677
1170,-1.75,15,43.50284481048584
1171,4.3,5,43.53592109680176
1172,3.85,8,43.58410096168518
1173,-1.75,15,43.63872718811035
1174,-3.35,8,43.681793451309204
1175,-3.0,1,43.7106990814209
1176,4.75,2,43.73687982559204
1177,4.0,7,43.77359175682068
1178,4.0,7,43.81163430213928
1179,4.0,7,43.84296703338623
1180,4.3,5,43.87292695045471
1181,3.55,10,43.90565276145935
1182,4.449999999999999,4,43.93467307090759
1183,3.6999999999999997,9,43.96892428398132
1184,-1.75,15,44.00984859466553
1185,4.0,7,44.04184436798096
1186,4.6000000000000005,3,44.06508922576904
1187,3.85,8,44.09741520881653
1188,4.6000000000000005,3,44.124191999435425
1189,4.449999999999999,4,44.14944505691528
1190,4.449999999999999,4,44.17692160606384
1191,-3.6,13,44.21652364730835
1192,3.85,8,44.249422550201416
1193,4.75,2,44.416666746139526
1194,4.15,6,44.45019245147705
1195,4.75,2,44.4748215675354
1196,4.3,5,44.50313210487366
1197,4.3,5,44.53175330162048
1198,4.6000000000000005,3,44.56048512458801
1199,4.3,5,44.59456944465637
1200,4.449999999999999,4,44.62469410896301
1201,4.6000000000000005,3,44.65355181694031
1202,3.4,11,44.6984076499939
1203,-3.05,2,44.72577953338623
1204,-3.35,8,44.75798320770264
1205,4.75,2,44.78375554084778
1206,3.85,8,44.820133209228516
1207,4.75,2,44.84315299987793
1208,4.3,5,44.874733448028564
1209,4.6000000000000005,3,44.90130925178528
1210,4.3,5,44.93245816230774
1211,4.75,2,44.95959663391113
1212,-3.3,7,45.00120234489441
1213,2.9499999999999997,14,45.04944348335266
1214,-3.05,2,45.07584095001221
1215,3.25,12,45.12095618247986
1216,-3.45,10,45.162554025650024
1217,4.0,7,45.2007782459259
1218,-3.3,7,45.2382230758667
1219,-3.5,11,45.2785370349884
1220,3.55,10,45.318278312683105
1221,4.15,6,45.35443043708801
1222,4.449999999999999,4,45.39068841934204
1223,4.15,6,45.421387672424316
1224,4.3,5,45.45416188240051
1225,4.449999999999999,4,45.48326849937439
1226,4.6000000000000005,3,45.5108540058136
1227,4.6000000000000005,3,45.539801597595215
1228,4.6000000000000005,3,45.56672716140747
1229,4.3,5,45.597060441970825
1230,4.3,5,45.630778789520264
1231,3.6999999999999997,9,45.67564606666565
1232,4.75,2,45.70182681083679
1233,-3.1,3,45.726431131362915
1234,3.6999999999999997,9,45.76193046569824
1235,4.6000000000000005,3,45.78901386260986
1236,4.3,5,45.81932234764099
1237,-3.5,11,45.859569787979126
1238,4.75,2,45.886754274368286
1239,4.9,1,45.90687870979309
1240,3.25,12,46.09797668457031
1241,4.449999999999999,4,46.1265983581543
1242,3.55,10,46.16545295715332
1243,-3.25,6,46.1960027217865
1244,4.15,6,46.234023571014404
1245,4.0,7,46.271567821502686
1246,3.85,8,46.30934500694275
1247,3.55,10,46.35338068008423
1248,-1.75,15,46.404372215270996
1249,3.25,12,46.44861149787903
1250,3.4,11,46.494367837905884
1251,4.3,5,46.529919385910034
1252,4.3,5,46.57015800476074
1253,4.0,7,46.60504651069641
1254,4.0,7,46.63844132423401
1255,4.3,5,46.66984558105469
1256,3.6999999999999997,9,46.705076932907104
1257,4.6000000000000005,3,46.7384467124939
1258,4.0,7,46.76992869377136
1259,3.25,12,46.815125703811646
1260,4.449999999999999,4,46.84189772605896
1261,-1.75,15,46.89127159118652
1262,4.75,2,46.91360116004944
1263,4.75,2,46.9364538192749
1264,3.1,13,46.974780797958374
1265,3.6999999999999997,9,47.0081045627594
1266,4.15,6,47.040624380111694
1267,3.4,11,47.07902216911316
1268,4.0,7,47.11125302314758
1269,4.75,2,47.13429307937622
1270,4.6000000000000005,3,47.166908740997314
1271,4.15,6,47.1984224319458
1272,4.75,2,47.22354483604431
1273,4.449999999999999,4,47.249754667282104
1274,4.449999999999999,4,47.277562379837036
1275,3.4,11,47.46153497695923
1276,4.3,5,47.497029304504395
1277,4.3,5,47.53421378135681
1278,4.0,7,47.56837606430054
1279,3.4,11,47.60557270050049
1280,-3.3,7,47.64133071899414
1281,4.15,6,47.67144322395325
1282,3.6999999999999997,9,47.70565581321716
1283,3.55,10,47.74174952507019
1284,4.15,6,47.77539658546448
1285,4.6000000000000005,3,47.80573225021362
1286,4.449999999999999,4,47.83685231208801
1287,4.0,7,47.867056369781494
1288,-1.75,15,47.911516427993774
1289,-3.45,10,47.94625520706177
1290,4.3,5,47.97943186759949
1291,-1.75,15,48.029213190078735
1292,4.449999999999999,4,48.06023716926575
1293,4.449999999999999,4,48.09246754646301
1294,3.6999999999999997,9,48.128639698028564
1295,4.15,6,48.16267108917236
1296,4.449999999999999,4,48.19464445114136
1297,4.449999999999999,4,48.224753856658936
1298,4.6000000000000005,3,48.253156900405884
1299,3.55,10,48.29308867454529
1300,4.75,2,48.32157850265503
1301,3.25,12,48.368709564208984
1302,4.449999999999999,4,48.40397119522095
1303,-1.75,15,48.469377517700195
1304,3.85,8,48.51299047470093
1305,3.55,10,48.555397033691406
1306,4.15,6,48.58571171760559
1307,4.6000000000000005,3,48.61276149749756
1308,4.449999999999999,4,48.642579078674316
1309,4.6000000000000005,3,48.677595138549805
1310,4.3,5,48.71108341217041
1311,3.85,8,48.748045921325684
1312,-1.75,15,48.92870378494263
1313,4.6000000000000005,3,48.95664310455322
1314,3.85,8,48.98720574378967
1315,3.85,8,49.01743936538696
1316,4.0,7,49.04594945907593
1317,3.55,10,49.083494424819946
1318,4.3,5,49.11291980743408
1319,4.3,5,49.14421820640564
1320,4.449999999999999,4,49.173677921295166
1321,4.15,6,49.203713178634644
1322,-1.75,15,49.24528622627258
1323,3.55,10,49.28410863876343
1324,-1.75,15,49.3277587890625
1325,3.4,11,49.36963391304016
1326,4.3,5,49.400245666503906
1327,3.55,10,49.438490867614746
1328,4.75,2,49.46218466758728
1329,4.9,1,49.48683142662048
1330,3.6999999999999997,9,49.52387356758118
1331,-1.75,15,49.57588315010071
1332,3.6999999999999997,9,49.61707520484924
1333,4.6000000000000005,3,49.651732444763184
1334,3.55,10,49.69547367095947
1335,3.85,8,49.73699069023132
1336,3.85,8,49.77849578857422
1337,3.4,11,49.82275366783142
1338,4.3,5,49.858205795288086
1339,4.75,2,49.889885663986206
1340,3.1,13,49.9300172328949
1341,4.3,5,49.96117091178894
1342,-3.25,6,49.99322986602783
1343,3.85,8,50.02750205993652
1344,4.3,5,50.05697727203369
1345,4.6000000000000005,3,50.08489441871643
1346,4.3,5,50.25380277633667
1347,4.449999999999999,4,50.282323598861694
1348,4.6000000000000005,3,50.309051513671875
1349,4.15,6,50.34295153617859
1350,-1.75,15,50.3864324092865
1351,3.25,12,50.426618337631226
1352,4.75,2,50.4502534866333
1353,4.449999999999999,4,50.48230576515198
1354,4.3,5,50.5129292011261
1355,4.0,7,50.545236110687256
1356,4.0,7,50.5786919593811
1357,4.449999999999999,4,50.60838294029236
1358,4.75,2,50.63422989845276
1359,4.0,7,50.663875102996826
1360,4.3,5,50.69409990310669
1361,4.449999999999999,4,50.72762393951416
1362,3.85,8,50.77192187309265
1363,4.6000000000000005,3,50.79682660102844
1364,-3.4,9,50.83896279335022
1365,4.15,6,50.87638974189758
1366,3.85,8,50.90749192237854
1367,4.449999999999999,4,50.93313407897949
1368,4.75,2,50.95671510696411
1369,4.15,6,50.986403465270996
1370,4.15,6,51.014134645462036
1371,3.6999999999999997,9,51.04618692398071
1372,4.3,5,51.07628321647644
1373,4.75,2,51.1012327671051
1374,-1.75,15,51.146100759506226
1375,4.75,2,51.17745661735535
1376,3.4,11,51.22088670730591
1377,4.3,5,51.248411417007446
1378,4.0,7,51.28412914276123
1379,-1.75,15,51.329277992248535
1380,4.3,5,51.36274242401123
1381,4.3,5,51.39440965652466
1382,3.85,8,51.439680337905884
1383,-1.75,15,51.4938006401062
1384,4.3,5,51.52581310272217
1385,3.6999999999999997,9,51.71173286437988
1386,4.75,2,51.73963665962219
1387,4.6000000000000005,3,51.76941442489624
1388,3.4,11,51.809194564819336
1389,-1.75,15,51.85499668121338
1390,4.449999999999999,4,51.882354497909546
1391,4.449999999999999,4,51.90977692604065
1392,3.85,8,51.943817138671875
1393,3.4,11,51.9894323348999
1394,3.6999999999999997,9,52.02207016944885
1395,4.3,5,52.05004048347473
1396,4.75,2,52.07348132133484
1397,4.449999999999999,4,52.1006543636322
1398,4.0,7,52.13526177406311
1399,4.9,1,52.15674614906311
1400,4.75,2,52.182523250579834
1401,4.0,7,52.21257209777832
1402,4.6000000000000005,3,52.23957824707031
1403,4.3,5,52.27064251899719
1404,4.3,5,52.29742240905762
1405,4.0,7,52.32843828201294
1406,4.3,5,52.3589928150177
1407,4.75,2,52.38735342025757
1408,4.3,5,52.41763138771057
1409,4.449999999999999,4,52.443949460983276
1410,4.6000000000000005,3,52.47029709815979
1411,4.75,2,52.49594283103943
1412,3.6999999999999997,9,52.532771587371826
1413,3.6999999999999997,9,52.56831121444702
1414,4.75,2,52.5928521156311
1415,4.3,5,52.62010192871094
1416,4.15,6,52.65044951438904
1417,4.9,1,52.67335081100464
1418,3.6999999999999997,9,52.70935082435608
1419,4.0,7,52.74199438095093
1420,4.0,7,52.777456760406494
1421,3.55,10,52.818782567977905
1422,3.85,8,52.8581805229187
1423,4.75,2,52.885109663009644
1424,4.75,2,52.91410851478577
1425,4.75,2,52.94772720336914
1426,4.449999999999999,4,52.98090124130249
1427,3.6999999999999997,9,53.0203332901001
1428,4.3,5,53.0554780960083
1429,4.15,6,53.09639549255371
1430,4.6000000000000005,3,53.141064167022705
1431,4.3,5,53.18014478683472
1432,4.75,2,53.22166109085083
1433,3.85,8,53.45502257347107
1434,4.449999999999999,4,53.481359243392944
1435,4.449999999999999,4,53.511653900146484
1436,3.6999999999999997,9,53.551815032958984
1437,4.3,5,53.58805441856384
1438,4.0,7,53.62450981140137
1439,4.15,6,53.655139207839966
1440,-1.75,15,53.707841873168945
1441,-1.75,15,53.75582146644592
1442,3.6999999999999997,9,53.794135332107544
1443,3.6999999999999997,9,53.84069609642029
1444,4.449999999999999,4,53.87348747253418
1445,4.449999999999999,4,53.90062355995178
1446,4.6000000000000005,3,53.926541328430176
1447,4.0,7,53.95716142654419
1448,4.9,1,53.980974197387695
1449,4.3,5,54.00968337059021
1450,4.6000000000000005,3,54.03888654708862
1451,4.0,7,54.067933320999146
1452,3.6999999999999997,9,54.10367202758789
1453,4.15,6,54.13163948059082
1454,4.0,7,54.16591835021973
1455,4.15,6,54.19676995277405
1456,3.25,12,54.23442602157593
1457,4.449999999999999,4,54.26144289970398
1458,4.75,2,54.28360390663147
1459,-1.75,15,54.32973885536194
1460,-3.6,13,54.37362885475159
1461,4.6000000000000005,3,54.399860858917236
1462,3.6999999999999997,9,54.43716526031494
1463,-1.75,15,54.48168230056763
1464,4.0,7,54.51615333557129
1465,3.6999999999999997,9,54.553932189941406
1466,4.3,5,54.58902835845947
1467,4.0,7,54.62253713607788
1468,3.4,11,54.81681704521179
1469,3.25,12,54.85698580741882
1470,4.6000000000000005,3,54.883705854415894
1471,-3.4,9,54.91707181930542
1472,4.0,7,54.95007085800171
1473,-1.75,15,54.994765758514404
1474,4.6000000000000005,3,55.019880056381226
1475,4.6000000000000005,3,55.04453706741333
1476,3.4,11,55.085601806640625
1477,4.6000000000000005,3,55.11081838607788
1478,4.449999999999999,4,55.140459299087524
1479,3.85,8,55.17090678215027
1480,4.15,6,55.20302891731262
1481,3.25,12,55.24935817718506
1482,4.449999999999999,4,55.276124238967896
1483,3.6999999999999997,9,55.3151650428772
1484,4.75,2,55.34057378768921
1485,4.449999999999999,4,55.36605095863342
1486,4.75,2,55.39260458946228
1487,4.75,2,55.42241954803467
1488,3.85,8,55.45641589164734
1489,4.6000000000000005,3,55.48375630378723
1490,4.15,6,55.51670598983765
1491,4.15,6,55.552736043930054
1492,4.75,2,55.579121828079224
1493,4.449999999999999,4,55.60913038253784
1494,4.75,2,55.63462233543396
1495,4.6000000000000005,3,55.66050577163696
1496,4.6000000000000005,3,55.692649364471436
1497,3.6999999999999997,9,55.726426124572754
1498,4.6000000000000005,3,55.754610538482666
1499,4.9,1,55.781562089920044
1500,3.25,12,55.82479977607727
1501,4.75,2,55.85115170478821
1502,4.449999999999999,4,55.881449699401855
1503,-3.7,15,55.927226066589355
1504,3.25,12,55.97396755218506
1505,-1.75,15,56.024072885513306
1506,3.85,8,56.063963651657104
1507,3.6999999999999997,9,56.106433391571045
1508,3.25,12,56.30777406692505
1509,-1.75,15,56.36227369308472
1510,4.9,1,56.38925337791443
1511,4.15,6,56.42519164085388
1512,-1.75,15,56.48005652427673
1513,4.3,5,56.51817584037781
1514,4.449999999999999,4,56.5471932888031
1515,3.85,8,56.58749556541443
1516,4.75,2,56.61569380760193
1517,4.75,2,56.642741203308105
1518,4.15,6,56.68377494812012
1519,4.6000000000000005,3,56.709837436676025
1520,-1.75,15,56.753092527389526
1521,3.85,8,56.785637617111206
1522,4.3,5,56.813074588775635
1523,4.449999999999999,4,56.83973574638367
1524,4.75,2,56.867133140563965
1525,4.75,2,56.89561200141907
1526,3.25,12,56.9385187625885
1527,-1.75,15,56.98113226890564
1528,4.75,2,57.006585359573364
1529,4.3,5,57.03539752960205
1530,3.6999999999999997,9,57.069724559783936
1531,4.449999999999999,4,57.09556245803833
1532,4.6000000000000005,3,57.1239013671875
1533,4.15,6,57.1562774181366
1534,3.6999999999999997,9,57.19490838050842
1535,4.0,7,57.23881006240845
1536,4.449999999999999,4,57.271273374557495
1537,4.3,5,57.30821108818054
1538,4.15,6,57.341240644454956
1539,4.449999999999999,4,57.36909008026123
1540,-1.75,15,57.419790506362915
1541,4.6000000000000005,3,57.45802927017212
1542,4.449999999999999,4,57.487013816833496
1543,3.4,11,57.53779196739197
1544,3.55,10,57.57847452163696
1545,3.6999999999999997,9,57.624733686447144
1546,4.15,6,57.83075141906738
1547,4.3,5,57.86637997627258
1548,4.75,2,57.896231174468994
1549,3.85,8,57.94067192077637
1550,3.6999999999999997,9,57.98845601081848
1551,3.85,8,58.028481245040894
1552,-1.75,15,58.077083110809326
1553,4.15,6,58.10885405540466
1554,-1.75,15,58.16292476654053
1555,-3.5,11,58.204811096191406
1556,-1.75,15,58.249884605407715
1557,4.9,1,58.270907163619995
1558,4.15,6,58.303441524505615
1559,3.6999999999999997,9,58.34183716773987
1560,-1.75,15,58.39296245574951
1561,-3.15,4,58.4177680015564
1562,3.85,8,58.4496111869812
1563,4.0,7,58.48429012298584
1564,3.55,10,58.52853465080261
1565,4.75,2,58.555936336517334
1566,3.85,8,58.60022807121277
1567,3.55,10,58.638347148895264
1568,4.15,6,58.67328333854675
1569,4.0,7,58.705750703811646
1570,4.15,6,58.738633155822754
1571,4.15,6,58.775099992752075
1572,-3.4,9,58.80953884124756
1573,4.15,6,58.841474294662476
1574,3.55,10,58.87676477432251
1575,3.55,10,58.913010120391846
1576,4.6000000000000005,3,58.939810037612915
1577,4.3,5,58.96982169151306
1578,4.6000000000000005,3,58.99375772476196
1579,4.75,2,59.01928782463074
1580,-1.75,15,59.21908473968506
1581,3.85,8,59.25630521774292
1582,4.6000000000000005,3,59.28704285621643
1583,4.6000000000000005,3,59.315674781799316
1584,4.6000000000000005,3,59.346811294555664
1585,4.0,7,59.378501415252686
1586,4.449999999999999,4,59.409284591674805
1587,4.449999999999999,4,59.43854093551636
1588,-3.55,12,59.48016929626465
1589,4.3,5,59.50881600379944
1590,4.9,1,59.532827854156494
1591,-1.75,15,59.58026576042175
1592,3.6999999999999997,9,59.61728525161743
1593,4.9,1,59.64786243438721
1594,4.3,5,59.676876068115234
1595,3.85,8,59.71597766876221
1596,3.25,12,59.756988763809204
1597,-1.75,15,59.80246615409851
1598,4.75,2,59.829721212387085
1599,4.75,2,59.85576152801514
1600,4.449999999999999,4,59.886712312698364
1601,3.25,12,59.925450563430786
1602,4.15,6,59.960285663604736
1603,4.449999999999999,4,59.98909044265747
1604,-1.75,15,60.031721115112305
1605,4.6000000000000005,3,60.05798292160034
1606,4.0,7,60.09277153015137
1607,-1.75,15,60.14304971694946
1608,4.15,6,60.17510104179382
1609,3.55,10,60.2103910446167
1610,4.3,5,60.25252652168274
1611,4.3,5,60.28972029685974
1612,-1.75,15,60.344173431396484
1613,4.449999999999999,4,60.375256299972534
1614,-3.55,12,60.41511917114258
1615,4.6000000000000005,3,60.44411492347717
1616,4.3,5,60.63394856452942
1617,-1.75,15,60.68096995353699
1618,3.25,12,60.72883892059326
1619,4.449999999999999,4,60.76737308502197
1620,4.449999999999999,4,60.795417070388794
1621,3.25,12,60.83689284324646
1622,4.6000000000000005,3,60.861204385757446
1623,4.0,7,60.89688158035278
1624,4.449999999999999,4,60.92970943450928
1625,3.4,11,60.97567796707153
1626,4.6000000000000005,3,61.00114035606384
1627,3.25,12,61.042269468307495
1628,3.55,10,61.081563234329224
1629,4.15,6,61.11705040931702
1630,-1.75,15,61.172014474868774
1631,3.25,12,61.21881604194641
1632,-3.3,7,61.2541446685791
1633,4.449999999999999,4,61.281760454177856
1634,3.6999999999999997,9,61.319420337677
1635,3.6999999999999997,9,61.35339403152466
1636,3.55,10,61.394952058792114
1637,3.85,8,61.42825961112976
1638,4.6000000000000005,3,61.455923080444336
1639,3.55,10,61.49409103393555
1640,4.449999999999999,4,61.52494835853577
1641,3.4,11,61.565680742263794
1642,4.9,1,61.58904433250427
1643,4.3,5,61.61849665641785
1644,4.0,7,61.64951801300049
1645,4.15,6,61.67872500419617
1646,4.15,6,61.708293199539185
1647,4.75,2,61.73100543022156
1648,4.0,7,61.76341915130615
1649,4.449999999999999,4,61.79457998275757
1650,3.55,10,61.978291749954224
1651,4.6000000000000005,3,62.002376317977905
1652,3.1,13,62.04490518569946
1653,4.0,7,62.07677936553955
1654,3.85,8,62.119120359420776
1655,4.6000000000000005,3,62.14323329925537
1656,3.6999999999999997,9,62.17941117286682
1657,4.449999999999999,4,62.207340240478516
1658,4.75,2,62.23491859436035
1659,3.85,8,62.27669310569763
1660,-3.65,14,62.32183527946472
1661,4.6000000000000005,3,62.34962844848633
1662,4.3,5,62.381550312042236
1663,3.55,10,62.41974472999573
1664,4.6000000000000005,3,62.44756007194519
1665,-1.75,15,62.49299097061157
1666,3.55,10,62.53257203102112
1667,-1.75,15,62.58100724220276
1668,3.85,8,62.61746621131897
1669,4.6000000000000005,3,62.647093772888184
1670,4.6000000000000005,3,62.679529905319214
1671,3.6999999999999997,9,62.72264575958252
1672,3.55,10,62.76335573196411
1673,4.6000000000000005,3,62.78966927528381
1674,-1.75,15,62.83328413963318
1675,3.25,12,62.875646114349365
1676,4.449999999999999,4,62.90681028366089
1677,4.449999999999999,4,62.936152935028076
1678,4.6000000000000005,3,62.96094632148743
1679,4.75,2,62.990479946136475
1680,4.449999999999999,4,63.02326941490173
1681,4.6000000000000005,3,63.0578031539917
1682,4.3,5,63.093753814697266
1683,4.6000000000000005,3,63.12075400352478
1684,3.6999999999999997,9,63.162131786346436
1685,4.9,1,63.18919920921326
1686,4.15,6,63.222846031188965
1687,4.3,5,63.2583692073822
1688,4.6000000000000005,3,63.28816533088684
1689,3.25,12,63.47682046890259
1690,4.0,7,63.51017880439758
1691,3.85,8,63.54555344581604
1692,4.6000000000000005,3,63.57315421104431
1693,4.3,5,63.60392498970032
1694,3.55,10,63.641582012176514
1695,3.85,8,63.68386459350586
1696,3.85,8,63.71929597854614
1697,3.55,10,63.75866413116455
1698,3.6999999999999997,9,63.79709839820862
1699,4.449999999999999,4,63.83360242843628
1700,4.0,7,63.8715558052063
1701,3.85,8,63.9120876789093
1702,4.0,7,63.95189690589905
1703,4.0,7,63.982773780822754
1704,4.15,6,64.0168673992157
1705,4.6000000000000005,3,64.04682946205139
1706,4.3,5,64.07714462280273
1707,4.449999999999999,4,64.10987281799316
1708,4.449999999999999,4,64.14210939407349
1709,4.6000000000000005,3,64.17302346229553
1710,3.55,10,64.2099301815033
1711,4.449999999999999,4,64.24611520767212
1712,4.3,5,64.27781939506531
1713,-3.55,12,64.32469320297241
1714,-1.75,15,64.37178778648376
1715,4.3,5,64.39899134635925
1716,-3.55,12,64.44199085235596
1717,4.6000000000000005,3,64.47615337371826
1718,3.4,11,64.51747941970825
1719,4.75,2,64.54000115394592
1720,-1.75,15,64.58837747573853
1721,4.15,6,64.62215900421143
1722,4.3,5,64.65111351013184
1723,3.6999999999999997,9,64.68667340278625
1724,4.449999999999999,4,64.71409606933594
1725,4.75,2,64.73995685577393
1726,4.75,2,64.76516151428223
1727,4.6000000000000005,3,64.79150247573853
1728,4.0,7,64.96641206741333
1729,3.25,12,65.0075421333313
1730,3.6999999999999997,9,65.04434776306152
1731,4.449999999999999,4,65.07852053642273
1732,4.15,6,65.11304712295532
1733,4.449999999999999,4,65.14112710952759
1734,4.6000000000000005,3,65.16915583610535
1735,4.6000000000000005,3,65.1936526298523
1736,4.6000000000000005,3,65.21985530853271
1737,4.6000000000000005,3,65.24687576293945
1738,-3.1,3,65.27559185028076
1739,4.3,5,65.30618906021118
1740,4.449999999999999,4,65.33916687965393
1741,4.6000000000000005,3,65.36365962028503
1742,4.3,5,65.39383625984192
1743,4.0,7,65.43021559715271
1744,4.3,5,65.46117210388184
1745,4.3,5,65.49025177955627
1746,4.449999999999999,4,65.51774835586548
1747,3.6999999999999997,9,65.54979610443115
1748,4.75,2,65.57740306854248
1749,4.6000000000000005,3,65.6070909500122
1750,3.4,11,65.6516842842102
1751,4.75,2,65.6771764755249
1752,3.55,10,65.71816682815552
1753,4.75,2,65.74580693244934
1754,4.449999999999999,4,65.777268409729
1755,4.3,5,65.80843162536621
1756,4.3,5,65.84040570259094
1757,3.4,11,65.87681293487549
1758,-1.75,15,65.91881680488586
1759,4.3,5,65.94628739356995
1760,4.75,2,65.96802806854248
1761,4.0,7,65.998544216156
1762,3.25,12,66.03735136985779
1763,4.6000000000000005,3,66.06172561645508
1764,4.449999999999999,4,66.09139323234558
1765,-1.75,15,66.13833546638489
1766,4.3,5,66.16607165336609
1767,4.15,6,66.19604825973511
1768,4.15,6,66.2257513999939
1769,4.0,7,66.25647521018982
1770,4.75,2,66.27839517593384
1771,4.3,5,66.31498098373413
1772,-1.75,15,66.52478575706482
1773,4.75,2,66.55130887031555
1774,3.55,10,66.58714890480042
1775,-3.25,6,66.61833238601685
1776,3.55,10,66.6544394493103
1777,4.6000000000000005,3,66.68212556838989
1778,3.85,8,66.71728515625
1779,4.6000000000000005,3,66.74388813972473
1780,4.15,6,66.77358770370483
1781,3.4,11,66.81153726577759
1782,3.25,12,66.85740232467651
1783,4.6000000000000005,3,66.88388872146606
1784,-1.75,15,66.92645859718323
1785,4.3,5,66.95762610435486
1786,4.75,2,66.98323893547058
1787,4.15,6,67.01552295684814
1788,4.6000000000000005,3,67.05017852783203
1789,4.9,1,67.07078742980957
1790,4.449999999999999,4,67.09785199165344
1791,3.6999999999999997,9,67.13540148735046
1792,-1.75,15,67.18425416946411
1793,4.3,5,67.21494102478027
1794,3.6999999999999997,9,67.25182437896729
1795,4.15,6,67.28976035118103
1796,4.75,2,67.3210699558258
1797,4.449999999999999,4,67.34930157661438
1798,-1.75,15,67.40231204032898
1799,4.6000000000000005,3,67.43449878692627
1800,4.449999999999999,4,67.46824669837952
1801,3.55,10,67.5077109336853
1802,4.15,6,67.53858041763306
1803,4.449999999999999,4,67.56867957115173
1804,4.15,6,67.60628390312195
1805,3.4,11,67.64476895332336
1806,4.15,6,67.67295432090759
1807,4.0,7,67.70163702964783
1808,4.6000000000000005,3,67.72878503799438
1809,4.449999999999999,4,67.76105666160583
1810,3.85,8,67.94729852676392
1811,4.6000000000000005,3,67.97836136817932
1812,4.75,2,68.00831604003906
1813,4.0,7,68.04238176345825
1814,4.75,2,68.0662190914154
1815,4.75,2,68.09157514572144
1816,4.75,2,68.1179141998291
1817,4.449999999999999,4,68.14391922950745
1818,3.55,10,68.17997193336487
1819,4.6000000000000005,3,68.20517659187317
1820,4.15,6,68.23594498634338
1821,4.6000000000000005,3,68.26248216629028
1822,4.15,6,68.29575252532959
1823,3.85,8,68.32939743995667
1824,4.449999999999999,4,68.35980916023254
1825,4.6000000000000005,3,68.3893826007843
1826,4.6000000000000005,3,68.4189145565033
1827,4.15,6,68.45373129844666
1828,-1.75,15,68.50005531311035
1829,4.15,6,68.5373854637146
1830,-1.75,15,68.58524250984192
1831,4.15,6,68.62022924423218
1832,3.85,8,68.6566731929779
1833,4.449999999999999,4,68.69204235076904
1834,4.15,6,68.72688341140747
1835,4.6000000000000005,3,68.75711011886597
1836,4.15,6,68.79136395454407
1837,4.3,5,68.82324934005737
1838,3.85,8,68.85999011993408
1839,4.3,5,68.89170145988464
1840,4.15,6,68.92347168922424
1841,3.85,8,68.95842123031616
1842,4.15,6,68.99260234832764
1843,4.449999999999999,4,69.01828861236572
1844,4.0,7,69.05067753791809
1845,3.25,12,69.08886623382568
1846,4.75,2,69.11546754837036
1847,3.85,8,69.14877820014954
1848,4.75,2,69.17329144477844
1849,4.3,5,69.20371389389038
1850,4.3,5,69.23721718788147
1851,4.75,2,69.26019930839539
1852,3.6999999999999997,9,69.30049085617065
1853,4.449999999999999,4,69.3261547088623
1854,2.9499999999999997,14,69.524977684021
1855,4.75,2,69.55356049537659
1856,4.3,5,69.59226942062378
1857,4.6000000000000005,3,69.62480854988098
1858,-1.75,15,69.68001294136047
1859,3.6999999999999997,9,69.71945309638977
1860,3.6999999999999997,9,69.76567268371582
1861,4.449999999999999,4,69.79482007026672
1862,3.6999999999999997,9,69.843013048172
1863,4.75,2,69.87601399421692
1864,4.15,6,69.91191339492798
1865,4.449999999999999,4,69.94134569168091
1866,-1.75,15,69.98789954185486
1867,3.85,8,70.02718138694763
1868,3.85,8,70.06802582740784
1869,4.6000000000000005,3,70.10316443443298
1870,4.449999999999999,4,70.15786051750183
1871,4.15,6,70.20854425430298
1872,4.3,5,70.25557613372803
1873,4.449999999999999,4,70.29417085647583
1874,4.15,6,70.34760737419128
1875,3.55,10,70.39392423629761
1876,3.85,8,70.42927598953247
1877,-3.65,14,70.47831463813782
1878,4.449999999999999,4,70.50639200210571
1879,4.6000000000000005,3,70.53801465034485
1880,3.6999999999999997,9,70.57258009910583
1881,-3.6,13,70.62377309799194
1882,4.449999999999999,4,70.65448713302612
1883,4.3,5,70.68179225921631
1884,4.449999999999999,4,70.70890593528748
1885,4.6000000000000005,3,70.73485326766968
1886,4.9,1,70.76102209091187
1887,3.55,10,70.80071330070496
1888,4.449999999999999,4,70.83179330825806
1889,4.0,7,70.86311841011047
1890,-3.4,9,70.90412092208862
1891,4.3,5,70.93461441993713
1892,4.0,7,70.96404790878296
1893,4.6000000000000005,3,70.98911571502686
1894,4.9,1,71.01079392433167
1895,4.3,5,71.1846182346344
1896,4.449999999999999,4,71.21130108833313
1897,3.85,8,71.2439112663269
1898,4.6000000000000005,3,71.27062368392944
1899,-3.3,7,71.30344700813293
1900,4.15,6,71.33529114723206
1901,4.6000000000000005,3,71.35965704917908
1902,4.3,5,71.38909196853638
1903,-3.55,12,71.43158268928528
1904,3.6999999999999997,9,71.46395945549011
1905,4.6000000000000005,3,71.48899722099304
1906,4.449999999999999,4,71.51568055152893
1907,3.85,8,71.5492217540741
1908,4.0,7,71.58235788345337
1909,3.55,10,71.62273716926575
1910,4.75,2,71.64831471443176
1911,-1.75,15,71.69717264175415
1912,4.449999999999999,4,71.72638201713562
1913,4.449999999999999,4,71.75659918785095
1914,4.15,6,71.79232811927795
1915,-1.75,15,71.84147930145264
1916,3.25,12,71.88878273963928
1917,3.25,12,71.92930006980896
1918,4.449999999999999,4,71.95705556869507
1919,4.0,7,71.99746012687683
1920,4.6000000000000005,3,72.02563667297363
1921,4.15,6,72.05499911308289
1922,3.55,10,72.09691762924194
1923,4.449999999999999,4,72.13436031341553
1924,4.15,6,72.16938257217407
1925,3.6999999999999997,9,72.2082769870758
1926,4.0,7,72.24418878555298
1927,4.75,2,72.27493715286255
1928,4.6000000000000005,3,72.30809617042542
1929,4.0,7,72.3438789844513
1930,4.6000000000000005,3,72.36974763870239
1931,4.6000000000000005,3,72.39214634895325
1932,-3.25,6,72.4279797077179
1933,3.4,11,72.47212672233582
1934,3.85,8,72.6625862121582
1935,4.449999999999999,4,72.69210457801819
1936,-3.0,1,72.71690893173218
1937,4.75,2,72.7427134513855
1938,-1.75,15,72.7904736995697
1939,4.449999999999999,4,72.81980967521667
1940,-3.15,4,72.84816813468933
1941,-1.75,15,72.89173364639282
1942,4.6000000000000005,3,72.92043566703796
1943,4.3,5,72.9515233039856
1944,-1.75,15,73.01095533370972
1945,4.0,7,73.04257225990295
1946,4.0,7,73.07840991020203
1947,4.449999999999999,4,73.11030173301697
1948,3.55,10,73.14869046211243
1949,4.75,2,73.17199754714966
1950,4.75,2,73.20183110237122
1951,4.9,1,73.22775197029114
1952,3.6999999999999997,9,73.26898837089539
1953,-3.4,9,73.30734395980835
1954,4.3,5,73.33864855766296
1955,4.0,7,73.37361192703247
1956,4.15,6,73.40493965148926
1957,4.9,1,73.42768859863281
1958,4.449999999999999,4,73.45520091056824
1959,4.6000000000000005,3,73.48467016220093
1960,4.15,6,73.51969075202942
1961,4.0,7,73.55712532997131
1962,3.85,8,73.60315823554993
1963,3.55,10,73.64211106300354
1964,-1.75,15,73.6943519115448
1965,4.6000000000000005,3,73.72674441337585
1966,3.6999999999999997,9,73.76769709587097
1967,3.6999999999999997,9,73.80170893669128
1968,3.4,11,73.83782458305359
1969,4.0,7,73.87390470504761
1970,3.85,8,73.90543222427368
1971,3.85,8,73.93737745285034
1972,4.6000000000000005,3,73.96597576141357
1973,-3.55,12,74.14271426200867
1974,4.449999999999999,4,74.17096662521362
1975,4.449999999999999,4,74.20040345191956
1976,-1.75,15,74.24208855628967
1977,3.6999999999999997,9,74.290687084198
1978,4.449999999999999,4,74.32254886627197
1979,4.15,6,74.35250902175903
1980,4.449999999999999,4,74.37824988365173
1981,4.0,7,74.41555833816528
1982,4.3,5,74.44675707817078
1983,4.449999999999999,4,74.4744017124176
1984,4.15,6,74.50863099098206
1985,4.15,6,74.54438829421997
1986,4.0,7,74.57972431182861
1987,-1.75,15,74.62453722953796
1988,-1.75,15,74.67409205436707
1989,-3.4,9,74.7099392414093
1990,4.449999999999999,4,74.73542428016663
1991,4.449999999999999,4,74.76125717163086
1992,4.6000000000000005,3,74.79027032852173
1993,3.55,10,74.82964420318604
1994,4.6000000000000005,3,74.85952115058899
1995,4.75,2,74.89000010490417
1996,-1.75,15,74.9463140964508
1997,4.3,5,74.98660707473755
1998,4.15,6,75.01750183105469
1999,3.25,12,75.06308603286743
2000,4.3,5,75.09443521499634
2001,3.55,10,75.13326716423035
2002,4.449999999999999,4,75.16748809814453
2003,3.55,10,75.20229768753052
2004,4.449999999999999,4,75.23348474502563
2005,4.9,1,75.25957822799683
2006,4.9,1,75.28421378135681
2007,3.6999999999999997,9,75.31923842430115
2008,4.0,7,75.35053205490112
2009,4.3,5,75.37895965576172
2010,4.6000000000000005,3,75.40488767623901
2011,4.75,2,75.43115830421448
2012,4.449999999999999,4,75.59780931472778
2013,4.449999999999999,4,75.63014268875122
2014,4.75,2,75.65448713302612
2015,3.85,8,75.68739247322083
2016,3.4,11,75.72383165359497
2017,4.75,2,75.74910974502563
2018,4.0,7,75.78322768211365
2019,4.3,5,75.81385493278503
2020,-3.55,12,75.85746622085571
2021,4.3,5,75.88656163215637
2022,3.6999999999999997,9,75.92383432388306
2023,4.15,6,75.96201825141907
2024,-1.75,15,76.0063099861145
2025,-1.75,15,76.04958653450012
2026,-3.7,15,76.09215998649597
2027,3.85,8,76.136385679245
2028,4.6000000000000005,3,76.16613912582397
2029,4.6000000000000005,3,76.19895100593567
2030,3.4,11,76.24031829833984
2031,-3.15,4,76.26646733283997
2032,4.449999999999999,4,76.2988109588623
2033,4.0,7,76.33836221694946
2034,4.15,6,76.37563967704773
2035,4.15,6,76.41086268424988
2036,-3.5,11,76.4549081325531
2037,4.75,2,76.48491358757019
2038,3.6999999999999997,9,76.52239871025085
2039,4.449999999999999,4,76.55505013465881
2040,4.15,6,76.59134650230408
2041,3.1,13,76.64261174201965
2042,-3.35,8,76.68466806411743
2043,4.75,2,76.71102499961853
2044,3.4,11,76.75952100753784
2045,4.6000000000000005,3,76.7905821800232
2046,4.3,5,76.82723832130432
2047,4.6000000000000005,3,76.86040782928467
2048,4.15,6,76.90069365501404
2049,4.449999999999999,4,77.06429529190063
2050,3.6999999999999997,9,77.09918427467346
2051,4.449999999999999,4,77.12769818305969
2052,3.4,11,77.1740996837616
2053,4.449999999999999,4,77.20489239692688
2054,4.449999999999999,4,77.24232792854309
2055,-1.75,15,77.28700518608093
2056,4.449999999999999,4,77.31712985038757
2057,4.6000000000000005,3,77.3509726524353
2058,4.3,5,77.37883830070496
2059,3.85,8,77.4147253036499
2060,-1.75,15,77.45842504501343
2061,-1.75,15,77.50490546226501
2062,3.6999999999999997,9,77.5419180393219
2063,4.15,6,77.5756025314331
2064,4.15,6,77.61442852020264
2065,3.85,8,77.66529774665833
2066,4.0,7,77.70735502243042
2067,4.75,2,77.73251843452454
2068,4.75,2,77.7614369392395
2069,4.15,6,77.79649782180786
2070,4.6000000000000005,3,77.82103776931763
2071,4.449999999999999,4,77.8510365486145
2072,4.449999999999999,4,77.87591218948364
2073,3.4,11,77.91460967063904
2074,4.449999999999999,4,77.94294381141663
2075,4.6000000000000005,3,77.97267532348633
2076,3.25,12,78.02216672897339
2077,4.0,7,78.0587170124054
2078,3.6999999999999997,9,78.09889912605286
2079,4.3,5,78.12693476676941
2080,4.449999999999999,4,78.15488791465759
2081,3.6999999999999997,9,78.19935369491577
2082,-1.75,15,78.24742817878723
2083,4.449999999999999,4,78.27972030639648
2084,4.15,6,78.31317782402039
2085,3.4,11,78.35652351379395
2086,4.6000000000000005,3,78.55891990661621
2087,4.6000000000000005,3,78.6003987789154
2088,4.6000000000000005,3,78.64034628868103
2089,4.6000000000000005,3,78.67577981948853
2090,3.6999999999999997,9,78.72298431396484
2091,3.85,8,78.76657390594482
2092,4.3,5,78.8004834651947
2093,4.15,6,78.82963371276855
2094,4.9,1,78.85404443740845
2095,4.6000000000000005,3,78.88117170333862
2096,4.449999999999999,4,78.9065408706665
2097,-1.75,15,78.94843864440918
2098,-3.6,13,78.98636221885681
2099,4.3,5,79.01387190818787
2100,4.3,5,79.0401291847229
2101,4.3,5,79.06917810440063
2102,3.55,10,79.10623097419739
2103,-1.75,15,79.15987730026245
2104,4.15,6,79.19957208633423
2105,3.85,8,79.23998856544495
2106,-3.5,11,79.28397011756897
2107,4.15,6,79.31361508369446
2108,4.449999999999999,4,79.33985137939453
2109,3.4,11,79.3805160522461
2110,4.449999999999999,4,79.41416954994202
2111,3.1,13,79.45874857902527
2112,4.3,5,79.48821830749512
2113,4.75,2,79.51841568946838
2114,4.6000000000000005,3,79.54788517951965
2115,4.449999999999999,4,79.58081221580505
2116,4.15,6,79.61424946784973
2117,4.75,2,79.63810586929321
2118,4.0,7,79.6774206161499
2119,4.449999999999999,4,79.71469473838806
2120,-1.75,15,79.77369976043701
2121,3.85,8,79.81399989128113
2122,4.6000000000000005,3,79.85087871551514
2123,3.25,12,79.89025139808655
2124,3.55,10,80.08175086975098
2125,-3.35,8,80.11719417572021
2126,4.9,1,80.14603471755981
2127,4.6000000000000005,3,80.17158818244934
2128,4.9,1,80.19726705551147
2129,3.6999999999999997,9,80.2358648777008
2130,4.6000000000000005,3,80.26399993896484
2131,4.3,5,80.2946891784668
2132,2.9499999999999997,14,80.34350228309631
2133,4.449999999999999,4,80.37391304969788
2134,4.0,7,80.41175174713135
2135,-3.55,12,80.45434093475342
2136,4.15,6,80.48605275154114
2137,3.85,8,80.51973462104797
2138,4.6000000000000005,3,80.55023121833801
2139,4.15,6,80.58654618263245
2140,4.449999999999999,4,80.61566281318665
2141,4.15,6,80.65091967582703
2142,4.15,6,80.69341588020325
2143,3.1,13,80.74315524101257
2144,4.449999999999999,4,80.78384208679199
2145,3.85,8,80.82662987709045
2146,4.9,1,80.85407304763794
2147,4.449999999999999,4,80.88567113876343
2148,4.3,5,80.9179916381836
2149,4.75,2,80.94391465187073
2150,4.6000000000000005,3,80.96904921531677
2151,4.75,2,80.99752712249756
2152,4.449999999999999,4,81.02255868911743
2153,4.15,6,81.05323386192322
2154,4.3,5,81.08401322364807
2155,3.6999999999999997,9,81.1230788230896
2156,4.3,5,81.15616035461426
2157,4.6000000000000005,3,81.1839210987091
2158,4.15,6,81.21850657463074
2159,4.6000000000000005,3,81.24656319618225
2160,4.6000000000000005,3,81.28102850914001
2161,-1.75,15,81.33282423019409
2162,4.6000000000000005,3,81.36704087257385
2163,3.4,11,81.41383647918701
2164,4.449999999999999,4,81.45260906219482
2165,4.6000000000000005,3,81.48362588882446
2166,4.0,7,81.52369141578674
2167,4.3,5,81.55589270591736
2168,3.6999999999999997,9,81.60062670707703
2169,-3.15,4,81.63412070274353
2170,4.449999999999999,4,81.83425641059875
2171,4.6000000000000005,3,81.86000299453735
2172,4.0,7,81.89363956451416
2173,4.0,7,81.93232607841492
2174,4.9,1,81.95769143104553
2175,4.3,5,81.98574304580688
2176,-1.75,15,82.03418254852295
2177,3.85,8,82.06639409065247
2178,4.15,6,82.10142040252686
2179,4.6000000000000005,3,82.13523268699646
2180,-1.75,15,82.18730282783508
2181,-1.75,15,82.24054908752441
2182,4.0,7,82.27563810348511
2183,4.6000000000000005,3,82.30512857437134
2184,4.75,2,82.33449459075928
2185,4.75,2,82.35710835456848
2186,4.75,2,82.38454794883728
2187,4.15,6,82.41686606407166
2188,4.0,7,82.45744967460632
2189,4.6000000000000005,3,82.49482345581055
2190,3.6999999999999997,9,82.53479790687561
2191,3.55,10,82.57974743843079
2192,4.6000000000000005,3,82.6123194694519
2193,4.9,1,82.63750076293945
2194,4.75,2,82.66507840156555
2195,4.0,7,82.70259714126587
2196,4.449999999999999,4,82.73200750350952
2197,4.6000000000000005,3,82.76261067390442
2198,4.449999999999999,4,82.79942607879639
2199,3.6999999999999997,9,82.84065628051758
2200,4.0,7,82.88720917701721
2201,3.55,10,82.93063521385193
2202,4.75,2,82.95690155029297
2203,4.9,1,82.98730492591858
2204,4.15,6,83.02073192596436
2205,4.3,5,83.05451011657715
2206,4.75,2,83.08465766906738
2207,4.75,2,83.11485052108765
2208,3.6999999999999997,9,83.16352725028992
2209,4.6000000000000005,3,83.19877696037292
2210,4.3,5,83.23730325698853
2211,4.75,2,83.27118039131165
2212,4.0,7,83.31401515007019
2213,3.25,12,83.36394238471985
2214,4.3,5,83.40560126304626
2215,4.75,2,83.42899918556213
2216,4.75,2,83.45489954948425
2217,4.75,2,83.63719463348389
2218,3.6999999999999997,9,83.67396712303162
2219,3.4,11,83.7165060043335
2220,4.3,5,83.7440071105957
2221,4.15,6,83.7748293876648
2222,4.449999999999999,4,83.80562400817871
2223,4.9,1,83.83245921134949
2224,4.15,6,83.86873722076416
2225,3.85,8,83.90587496757507
2226,3.85,8,83.93896818161011
2227,3.6999999999999997,9,83.97748136520386
2228,4.449999999999999,4,84.00682806968689
2229,4.3,5,84.03664350509644
2230,4.9,1,84.05850839614868
2231,4.449999999999999,4,84.08712935447693
2232,3.6999999999999997,9,84.12265729904175
2233,4.0,7,84.15547823905945
2234,-3.4,9,84.19193267822266
2235,4.6000000000000005,3,84.22339344024658
2236,4.9,1,84.24733996391296
2237,-1.75,15,84.28765749931335
2238,3.6999999999999997,9,84.32774758338928
2239,4.0,7,84.36366891860962
2240,4.15,6,84.40757942199707
2241,3.4,11,84.4519395828247
2242,3.25,12,84.49338126182556
2243,4.6000000000000005,3,84.52488899230957
2244,4.449999999999999,4,84.55633783340454
2245,3.85,8,84.59926152229309
2246,3.85,8,84.64734983444214
2247,4.15,6,84.67886567115784
2248,3.85,8,84.7156982421875
2249,4.0,7,84.75203943252563
2250,3.55,10,84.79416155815125
2251,4.6000000000000005,3,84.82422733306885
2252,4.15,6,84.85412120819092
2253,3.25,12,84.90075826644897
2254,4.15,6,84.93507695198059
2255,4.449999999999999,4,84.96293997764587
2256,4.3,5,85.1408429145813
2257,4.0,7,85.18116974830627
2258,4.449999999999999,4,85.21144676208496
2259,-1.75,15,85.25944519042969
2260,4.15,6,85.29623556137085
2261,4.75,2,85.32142925262451
2262,4.75,2,85.34760355949402
2263,3.25,12,85.3874101638794
2264,3.85,8,85.42171859741211
2265,4.6000000000000005,3,85.45257639884949
2266,-1.75,15,85.5016086101532
2267,4.6000000000000005,3,85.53118658065796
2268,3.6999999999999997,9,85.57240986824036
2269,3.85,8,85.60598111152649
2270,3.85,8,85.64008688926697
2271,4.6000000000000005,3,85.66508102416992
2272,4.75,2,85.6905345916748
2273,4.0,7,85.72065877914429
2274,4.3,5,85.75245022773743
2275,4.449999999999999,4,85.7820177078247
2276,-3.4,9,85.81629824638367
2277,4.15,6,85.84733271598816
2278,3.85,8,85.88311958312988
2279,4.3,5,85.91164803504944
2280,4.9,1,85.93575143814087
2281,4.15,6,85.96817755699158
2282,3.4,11,86.01648163795471
2283,4.15,6,86.05139470100403
2284,4.449999999999999,4,86.08207249641418
2285,4.15,6,86.11864185333252
2286,3.4,11,86.15794277191162
2287,4.0,7,86.2022123336792
2288,4.449999999999999,4,86.23648571968079
2289,4.15,6,86.27702522277832
2290,-1.75,15,86.33083009719849
2291,4.15,6,86.36984753608704
2292,4.75,2,86.39758706092834
2293,3.25,12,86.439945936203
2294,4.9,1,86.46983194351196
2295,-1.75,15,86.68885111808777
2296,4.9,1,86.72148275375366
2297,4.3,5,86.75704574584961
2298,4.3,5,86.78704023361206
2299,4.449999999999999,4,86.81450295448303
2300,4.3,5,86.84176087379456
2301,4.6000000000000005,3,86.86914205551147
2302,4.0,7,86.90127849578857
2303,4.449999999999999,4,86.93030118942261
2304,-3.5,11,86.96816420555115
2305,4.9,1,86.98851442337036
2306,4.449999999999999,4,87.01763391494751
2307,4.75,2,87.0423333644867
2308,3.25,12,87.07852721214294
2309,4.6000000000000005,3,87.10613465309143
2310,3.4,11,87.14653444290161
2311,4.0,7,87.18348717689514
2312,4.75,2,87.20942902565002
2313,4.449999999999999,4,87.23874926567078
2314,-1.75,15,87.28391599655151
2315,4.449999999999999,4,87.31319689750671
2316,4.6000000000000005,3,87.33866763114929
2317,3.6999999999999997,9,87.37170004844666
2318,4.15,6,87.40161776542664
2319,4.15,6,87.43159604072571
2320,4.6000000000000005,3,87.45861673355103
2321,3.4,11,87.50290560722351
2322,3.55,10,87.54549837112427
2323,4.3,5,87.58150029182434
2324,3.85,8,87.62385559082031
2325,4.6000000000000005,3,87.65396618843079
2326,3.4,11,87.69574999809265
2327,4.0,7,87.73305249214172
2328,4.75,2,87.769202709198
2329,2.9499999999999997,14,87.82163071632385
2330,4.449999999999999,4,87.85531878471375
2331,3.85,8,87.89428091049194
2332,4.3,5,87.93148851394653
2333,4.6000000000000005,3,87.95781421661377
2334,4.0,7,87.99141645431519
2335,4.3,5,88.02126789093018
2336,3.6999999999999997,9,88.20384335517883
2337,4.449999999999999,4,88.23164749145508
2338,4.75,2,88.25931644439697
2339,4.9,1,88.28568720817566
2340,4.3,5,88.31560254096985
2341,4.3,5,88.35814762115479
2342,4.75,2,88.38607573509216
2343,4.6000000000000005,3,88.41249752044678
2344,4.9,1,88.43995690345764
2345,4.3,5,88.47367215156555
2346,4.15,6,88.50498223304749
2347,3.85,8,88.53546905517578
2348,3.85,8,88.57320499420166
2349,4.9,1,88.59485387802124
2350,4.0,7,88.62415719032288
2351,4.6000000000000005,3,88.65782475471497
2352,4.75,2,88.68637609481812
2353,4.9,1,88.71249866485596
2354,4.15,6,88.74828100204468
2355,2.9499999999999997,14,88.79052400588989
2356,3.6999999999999997,9,88.82397556304932
2357,4.6000000000000005,3,88.85107755661011
2358,4.9,1,88.87556004524231
2359,3.4,11,88.91905856132507
2360,-1.75,15,88.95983839035034
2361,4.6000000000000005,3,88.98644757270813
2362,4.449999999999999,4,89.0198380947113
2363,4.15,6,89.0521080493927
2364,4.0,7,89.09083247184753
2365,4.6000000000000005,3,89.12180089950562
2366,4.449999999999999,4,89.15463423728943
2367,3.85,8,89.19491362571716
2368,4.15,6,89.235848903656
2369,4.75,2,89.27035689353943
2370,3.6999999999999997,9,89.31720161437988
2371,3.1,13,89.35905766487122
2372,4.15,6,89.39026355743408
2373,3.4,11,89.43424344062805
2374,4.6000000000000005,3,89.46400380134583
2375,4.15,6,89.4998025894165
2376,4.75,2,89.5239884853363
2377,3.85,8,89.55920457839966
2378,4.449999999999999,4,89.5893247127533
2379,3.6999999999999997,9,89.6254301071167
2380,3.25,12,89.67107629776001
2381,4.0,7,89.88743853569031
2382,4.75,2,89.91633105278015
2383,4.75,2,89.94924092292786
2384,4.3,5,89.98470902442932
2385,4.15,6,90.02017402648926
2386,4.75,2,90.04861950874329
2387,4.449999999999999,4,90.08297514915466
2388,4.449999999999999,4,90.10875344276428
2389,4.3,5,90.13710522651672
2390,4.6000000000000005,3,90.1629729270935
2391,4.15,6,90.19305396080017
2392,4.15,6,90.22270441055298
2393,4.75,2,90.24455332756042
2394,4.0,7,90.28137445449829
2395,4.0,7,90.32154583930969
2396,-1.75,15,90.37310147285461
2397,4.75,2,90.39998388290405
2398,4.3,5,90.43070220947266
2399,4.449999999999999,4,90.45856833457947
2400,4.75,2,90.48517060279846
2401,4.3,5,90.51923751831055
2402,3.55,10,90.5557610988617
2403,4.6000000000000005,3,90.58352756500244
2404,4.6000000000000005,3,90.61018776893616
2405,-1.75,15,90.65859699249268
2406,4.3,5,90.69049644470215
2407,4.15,6,90.72231912612915
2408,4.3,5,90.75717163085938
2409,4.3,5,90.78953051567078
2410,-1.75,15,90.84347081184387
2411,-3.1,3,90.87425684928894
2412,-3.1,3,90.90431451797485
2413,3.25,12,90.94519138336182
2414,3.4,11,90.98733520507812
2415,4.449999999999999,4,91.01560163497925
2416,3.6999999999999997,9,91.05730080604553
2417,4.0,7,91.09283924102783
2418,4.6000000000000005,3,91.12274765968323
2419,4.6000000000000005,3,91.15277242660522
2420,4.15,6,91.1896162033081
2421,4.3,5,91.21972584724426
2422,3.25,12,91.26554536819458
2423,4.3,5,91.29697322845459
2424,3.55,10,91.4874472618103
2425,-1.75,15,91.53537964820862
2426,4.9,1,91.55954265594482
2427,4.0,7,91.59362149238586
2428,4.15,6,91.62344861030579
2429,4.3,5,91.66074800491333
2430,3.85,8,91.70229864120483
2431,4.449999999999999,4,91.73546004295349
2432,4.449999999999999,4,91.76557898521423
2433,4.0,7,91.79686045646667
2434,4.3,5,91.82375693321228
2435,3.6999999999999997,9,91.8578109741211
2436,3.1,13,91.89815902709961
2437,3.85,8,91.92991423606873
2438,3.4,11,91.96797585487366
2439,4.449999999999999,4,91.99560356140137
2440,4.15,6,92.02661609649658
2441,3.6999999999999997,9,92.06431293487549
2442,-1.75,15,92.10521459579468
2443,3.85,8,92.14527177810669
2444,-1.75,15,92.19208669662476
2445,3.6999999999999997,9,92.23125743865967
2446,3.6999999999999997,9,92.27073359489441
2447,4.449999999999999,4,92.30489301681519
2448,4.75,2,92.33561992645264
2449,4.449999999999999,4,92.37179470062256
2450,3.55,10,92.41336989402771
2451,4.449999999999999,4,92.44544720649719
2452,4.6000000000000005,3,92.47151970863342
2453,4.15,6,92.50928354263306
2454,4.3,5,92.53957152366638
2455,4.15,6,92.57315993309021
2456,4.9,1,92.60221552848816
2457,3.4,11,92.64530849456787
2458,4.6000000000000005,3,92.67303514480591
2459,4.15,6,92.70460748672485
2460,4.6000000000000005,3,92.73375010490417
2461,4.75,2,92.75686049461365
2462,3.6999999999999997,9,92.94809889793396
2463,4.6000000000000005,3,92.97304201126099
2464,4.15,6,93.00681614875793
2465,4.3,5,93.03742408752441
2466,4.449999999999999,4,93.06592106819153
2467,4.449999999999999,4,93.09626126289368
2468,-3.4,9,93.13367104530334
2469,-3.15,4,93.1637716293335
2470,-3.4,9,93.20046830177307
2471,4.6000000000000005,3,93.22770380973816
2472,4.15,6,93.26259684562683
2473,3.4,11,93.30419373512268
2474,4.3,5,93.3355917930603
2475,4.449999999999999,4,93.37061667442322
2476,4.15,6,93.41055655479431
2477,4.6000000000000005,3,93.44488072395325
2478,4.75,2,93.4692485332489
2479,4.9,1,93.49117493629456
2480,4.3,5,93.52234244346619
2481,4.449999999999999,4,93.54842138290405
2482,-3.5,11,93.58636212348938
2483,4.15,6,93.6180260181427
2484,4.75,2,93.64566612243652
2485,4.75,2,93.67054033279419
2486,4.3,5,93.70217943191528
2487,4.449999999999999,4,93.73417353630066
2488,4.449999999999999,4,93.76187586784363
2489,4.9,1,93.79177689552307
2490,-1.75,15,93.84556126594543
2491,-3.55,12,93.88698554039001
2492,-3.25,6,93.91911435127258
2493,4.3,5,93.94853186607361
2494,4.3,5,93.9793131351471
2495,4.6000000000000005,3,94.00716304779053
2496,4.6000000000000005,3,94.0363302230835
2497,4.6000000000000005,3,94.06510972976685
2498,4.3,5,94.09793066978455
2499,4.6000000000000005,3,94.1261305809021
2500,4.449999999999999,4,94.15311193466187
2501,4.15,6,94.19149327278137
2502,4.449999999999999,4,94.21928215026855
2503,-3.5,11,94.26109910011292
2504,3.6999999999999997,9,94.29788208007812
2505,4.15,6,94.33043456077576
2506,3.6999999999999997,9,94.36637330055237
2507,3.85,8,94.40167331695557
2508,3.6999999999999997,9,94.574471950531
2509,4.0,7,94.60562801361084
2510,4.449999999999999,4,94.63232254981995
2511,3.55,10,94.66767311096191
2512,4.15,6,94.70153331756592
2513,3.25,12,94.73764657974243
2514,4.75,2,94.76124262809753
2515,3.85,8,94.79419422149658
2516,3.6999999999999997,9,94.82981753349304
2517,4.0,7,94.85892963409424
2518,4.9,1,94.88089919090271
2519,4.9,1,94.9047622680664
2520,4.6000000000000005,3,94.92814540863037
2521,4.75,2,94.95146059989929
2522,4.3,5,94.97775530815125
2523,3.4,11,95.0163266658783
2524,4.3,5,95.04263472557068
2525,4.449999999999999,4,95.06836175918579
2526,4.449999999999999,4,95.09747672080994
2527,4.6000000000000005,3,95.12158942222595
2528,4.15,6,95.15580081939697
2529,3.25,12,95.19930338859558
2530,4.3,5,95.2327630519867
2531,4.75,2,95.26386833190918
2532,4.15,6,95.29555368423462
2533,4.75,2,95.3203284740448
2534,4.449999999999999,4,95.35006856918335
2535,3.4,11,95.39096212387085
2536,4.449999999999999,4,95.42057704925537
2537,-3.5,11,95.46791815757751
2538,4.15,6,95.50013518333435
2539,3.4,11,95.54544591903687
2540,4.3,5,95.57738876342773
2541,4.15,6,95.60602951049805
2542,-3.25,6,95.63714456558228
2543,4.6000000000000005,3,95.66551661491394
2544,4.9,1,95.68948364257812
2545,4.9,1,95.71831750869751
2546,4.6000000000000005,3,95.75083374977112
2547,4.3,5,95.78661155700684
2548,4.6000000000000005,3,95.82140350341797
2549,4.449999999999999,4,95.85692954063416
2550,-1.75,15,95.90643525123596
2551,4.449999999999999,4,95.93863344192505
2552,4.75,2,95.96358704566956
2553,4.449999999999999,4,95.98993277549744
2554,4.449999999999999,4,96.0150499343872
2555,4.449999999999999,4,96.20151257514954
2556,4.0,7,96.23526906967163
2557,-1.75,15,96.27812218666077
2558,4.6000000000000005,3,96.30555319786072
2559,4.15,6,96.33652377128601
2560,4.6000000000000005,3,96.36183595657349
2561,4.449999999999999,4,96.38777041435242
2562,4.449999999999999,4,96.41941118240356
2563,4.3,5,96.45045685768127
2564,4.3,5,96.4830915927887
2565,4.6000000000000005,3,96.5203263759613
2566,4.3,5,96.54879426956177
2567,3.55,10,96.59282279014587
2568,4.3,5,96.62389016151428
2569,4.3,5,96.65556764602661
2570,3.85,8,96.68921446800232
2571,4.9,1,96.71625566482544
2572,4.449999999999999,4,96.74703860282898
2573,3.85,8,96.7829384803772
2574,4.449999999999999,4,96.8080825805664
2575,4.75,2,96.8318498134613
2576,3.6999999999999997,9,96.86553597450256
2577,4.6000000000000005,3,96.89078283309937
2578,4.3,5,96.92839932441711
2579,4.449999999999999,4,96.95436358451843
2580,3.85,8,96.98654389381409
2581,4.15,6,97.01536464691162
2582,4.75,2,97.04302525520325
2583,4.75,2,97.07480549812317
2584,4.6000000000000005,3,97.10310101509094
2585,4.75,2,97.12969875335693
2586,4.0,7,97.1637225151062
2587,4.15,6,97.19966244697571
2588,4.15,6,97.2330629825592
2589,4.75,2,97.26268219947815
2590,4.75,2,97.28789448738098
2591,4.3,5,97.31972193717957
2592,3.85,8,97.3576807975769
2593,4.75,2,97.38763928413391
2594,4.75,2,97.41852736473083
2595,-3.2,5,97.45176959037781
2596,4.0,7,97.48572492599487
2597,4.0,7,97.52205920219421
2598,-1.75,15,97.57131385803223
2599,-1.75,15,97.62352180480957
2600,4.0,7,97.66088938713074
2601,4.15,6,97.6889922618866
2602,4.449999999999999,4,97.87813019752502
2603,4.449999999999999,4,97.90679836273193
2604,4.75,2,97.93611097335815
2605,3.6999999999999997,9,97.97171926498413
2606,4.3,5,98.00223278999329
2607,-3.1,3,98.02769565582275
2608,4.3,5,98.05836391448975
2609,4.6000000000000005,3,98.08942294120789
2610,4.3,5,98.12395906448364
2611,4.449999999999999,4,98.1571216583252
2612,4.3,5,98.19233751296997
2613,4.6000000000000005,3,98.22351121902466
2614,4.449999999999999,4,98.25340676307678
2615,4.449999999999999,4,98.2804787158966
2616,4.6000000000000005,3,98.30709862709045
2617,3.55,10,98.34818649291992
2618,4.75,2,98.37232089042664
2619,3.25,12,98.41178870201111
2620,3.1,13,98.45315527915955
2621,4.75,2,98.47797656059265
2622,3.1,13,98.52286624908447
2623,4.6000000000000005,3,98.5513973236084
2624,4.15,6,98.5911054611206
2625,4.75,2,98.61843681335449
2626,-3.35,8,98.6533215045929
2627,3.4,11,98.69221448898315
2628,4.75,2,98.72018432617188
2629,-1.75,15,98.76978254318237
2630,4.0,7,98.80318880081177
2631,4.9,1,98.83280873298645
2632,3.6999999999999997,9,98.87066388130188
2633,-1.75,15,98.92863631248474
2634,4.6000000000000005,3,98.95175862312317
2635,4.449999999999999,4,98.98140740394592
2636,4.3,5,99.00988817214966
2637,4.3,5,99.03756427764893
2638,4.449999999999999,4,99.06612062454224
2639,4.6000000000000005,3,99.09329390525818
2640,4.449999999999999,4,99.12186598777771
2641,4.6000000000000005,3,99.15011239051819
2642,-1.75,15,99.19472193717957
2643,4.3,5,99.22413325309753
2644,4.3,5,99.25202798843384
2645,3.85,8,99.43047189712524
2646,4.15,6,99.46303272247314
2647,4.75,2,99.48905777931213
2648,4.15,6,99.52404594421387
2649,4.449999999999999,4,99.55598592758179
2650,4.6000000000000005,3,99.58701705932617
2651,4.15,6,99.6223692893982
2652,4.449999999999999,4,99.65319347381592
2653,4.75,2,99.67549967765808
2654,4.449999999999999,4,99.70514631271362
2655,-1.75,15,99.75956201553345
2656,4.75,2,99.78756260871887
2657,4.15,6,99.82796144485474
2658,4.449999999999999,4,99.88124251365662
2659,4.15,6,99.9293098449707
2660,4.9,1,99.96302485466003
2661,4.449999999999999,4,100.00393962860107
2662,4.9,1,100.03292155265808
2663,4.0,7,100.07195210456848
2664,3.55,10,100.12798833847046
2665,4.3,5,100.16456699371338
2666,4.449999999999999,4,100.20143699645996
2667,-1.75,15,100.2628321647644
2668,3.6999999999999997,9,100.30815625190735
2669,4.449999999999999,4,100.3450517654419
2670,3.85,8,100.38300681114197
2671,4.449999999999999,4,100.41689419746399
2672,4.15,6,100.45590114593506
2673,4.449999999999999,4,100.49715399742126
2674,-1.75,15,100.5588870048523
2675,4.0,7,100.5961389541626
2676,3.6999999999999997,9,100.63330245018005
2677,-1.75,15,100.68677616119385
2678,4.75,2,100.71492648124695
2679,4.15,6,100.7498414516449
2680,4.15,6,100.78006625175476
2681,4.75,2,100.80462574958801
2682,4.3,5,100.83486771583557
2683,4.75,2,100.86260104179382
2684,4.449999999999999,4,100.88920474052429
2685,3.85,8,100.92413997650146
2686,3.55,10,100.96401500701904
2687,3.55,10,101.00188040733337
2688,3.6999999999999997,9,101.18348360061646
2689,-3.1,3,101.21318340301514
2690,4.9,1,101.238365650177
2691,4.9,1,101.26384139060974
2692,4.0,7,101.29509568214417
2693,4.3,5,101.32607650756836
2694,4.449999999999999,4,101.35638618469238
2695,4.449999999999999,4,101.38522100448608
2696,4.6000000000000005,3,101.41503119468689
2697,4.3,5,101.44686651229858
2698,4.449999999999999,4,101.47775721549988
2699,-3.65,14,101.51898789405823
2700,-1.75,15,101.563631772995
2701,4.449999999999999,4,101.59245467185974
2702,3.6999999999999997,9,101.63094425201416
2703,3.6999999999999997,9,101.6668472290039
2704,4.15,6,101.69647693634033
2705,4.9,1,101.72185635566711
2706,-3.5,11,101.76685404777527
2707,3.4,11,101.80781269073486
2708,3.85,8,101.84762191772461
2709,3.85,8,101.89195799827576
2710,4.3,5,101.92160248756409
2711,4.0,7,101.95185923576355
2712,4.449999999999999,4,101.97910475730896
2713,4.3,5,102.00952219963074
2714,4.75,2,102.03269362449646
2715,4.9,1,102.05872631072998
2716,3.25,12,102.10201930999756
2717,3.55,10,102.14906287193298
2718,4.0,7,102.18163013458252
2719,4.3,5,102.21282291412354
2720,4.75,2,102.23981809616089
2721,4.15,6,102.27231359481812
2722,4.9,1,102.2973620891571
2723,4.6000000000000005,3,102.32181763648987
2724,3.55,10,102.35814762115479
2725,4.0,7,102.3942494392395
2726,4.449999999999999,4,102.42843818664551
2727,3.85,8,102.46736741065979
2728,4.6000000000000005,3,102.49795508384705
2729,3.85,8,102.53275108337402
2730,3.4,11,102.72148942947388
2731,4.15,6,102.75495958328247
2732,-3.4,9,102.79580616950989
2733,3.55,10,102.8347396850586
2734,3.55,10,102.87858533859253
2735,4.0,7,102.92458748817444
2736,3.55,10,102.95989990234375
2737,4.449999999999999,4,102.98661780357361
2738,4.449999999999999,4,103.0132565498352
2739,4.6000000000000005,3,103.0460479259491
2740,4.449999999999999,4,103.08121824264526
2741,4.449999999999999,4,103.11180210113525
2742,4.75,2,103.13844180107117
2743,4.0,7,103.17144107818604
2744,4.75,2,103.19700121879578
2745,4.0,7,103.22760081291199
2746,4.0,7,103.26671981811523
2747,3.85,8,103.30723309516907
2748,4.75,2,103.33298778533936
2749,4.6000000000000005,3,103.36437797546387
2750,-1.75,15,103.42034554481506
2751,4.15,6,103.45670247077942
2752,-3.35,8,103.49877595901489
2753,4.15,6,103.53347277641296
2754,3.85,8,103.56916809082031
2755,4.0,7,103.60610961914062
2756,4.15,6,103.63923859596252
2757,3.25,12,103.69682025909424
2758,4.15,6,103.73295140266418
2759,4.0,7,103.77190136909485
2760,4.3,5,103.80424356460571
2761,3.6999999999999997,9,103.84655165672302
2762,-3.45,10,103.88174653053284
2763,3.85,8,103.9192008972168
2764,4.75,2,103.94230389595032
2765,4.15,6,103.97431087493896
2766,4.0,7,104.0049033164978
2767,3.6999999999999997,9,104.03706812858582
2768,4.449999999999999,4,104.06411266326904
2769,4.15,6,104.23748230934143
2770,4.9,1,104.25994420051575
2771,3.1,13,104.30059504508972
2772,-3.25,6,104.33467507362366
2773,4.449999999999999,4,104.36711621284485
2774,4.15,6,104.40195107460022
2775,4.6000000000000005,3,104.42958211898804
2776,3.85,8,104.46443223953247
2777,3.55,10,104.49887132644653
2778,4.9,1,104.52202248573303
2779,4.75,2,104.54899191856384
2780,3.4,11,104.58563780784607
2781,-1.75,15,104.63060164451599
2782,4.15,6,104.6660487651825
2783,4.9,1,104.69215869903564
2784,4.449999999999999,4,104.71969604492188
2785,4.0,7,104.7508659362793
2786,4.3,5,104.7799723148346
2787,4.75,2,104.80520629882812
2788,4.0,7,104.83751964569092
2789,4.6000000000000005,3,104.86654424667358
2790,4.3,5,104.89765334129333
2791,3.6999999999999997,9,104.9332344532013
2792,4.0,7,104.96455240249634
2793,4.6000000000000005,3,104.99085903167725
2794,4.3,5,105.02168107032776
2795,-1.75,15,105.07043504714966
2796,4.449999999999999,4,105.10033178329468
2797,4.6000000000000005,3,105.1269109249115
2798,4.75,2,105.1524863243103
2799,3.1,13,105.20373368263245
2800,4.75,2,105.23479294776917
2801,3.6999999999999997,9,105.28115057945251
2802,3.85,8,105.32458734512329
2803,-1.75,15,105.3700258731842
2804,-1.75,15,105.41919755935669
2805,4.0,7,105.45474576950073
2806,3.55,10,105.49753999710083
2807,4.3,5,105.66683530807495
2808,3.25,12,105.71721768379211
2809,4.15,6,105.74934220314026
2810,4.449999999999999,4,105.7768542766571
2811,4.449999999999999,4,105.80348896980286
2812,3.6999999999999997,9,105.83882355690002
2813,3.6999999999999997,9,105.87082123756409
2814,4.3,5,105.90082168579102
2815,4.6000000000000005,3,105.92593479156494
2816,4.3,5,105.96480965614319
2817,4.449999999999999,4,105.99648785591125
2818,4.15,6,106.02614521980286
2819,4.3,5,106.05241107940674
2820,4.6000000000000005,3,106.07995367050171
2821,4.9,1,106.1051037311554
2822,4.3,5,106.1386148929596
2823,4.449999999999999,4,106.16758060455322
2824,4.0,7,106.19844150543213
2825,4.15,6,106.23190546035767
2826,4.6000000000000005,3,106.258624792099
2827,4.75,2,106.28393292427063
2828,4.449999999999999,4,106.31454014778137
2829,4.449999999999999,4,106.34162425994873
2830,4.3,5,106.36952257156372
2831,3.85,8,106.41064667701721
2832,4.6000000000000005,3,106.44494152069092
2833,4.15,6,106.47874999046326
2834,4.75,2,106.50414609909058
2835,4.9,1,106.52904438972473
2836,4.0,7,106.56411385536194
2837,4.449999999999999,4,106.5989899635315
2838,-1.75,15,106.65017890930176
2839,4.9,1,106.6809413433075
2840,-1.75,15,106.73172092437744
2841,4.3,5,106.76985239982605
2842,-1.75,15,106.81972646713257
2843,4.3,5,106.85545182228088
2844,3.25,12,106.90264868736267
2845,4.6000000000000005,3,106.93417048454285
2846,4.449999999999999,4,106.9672224521637
2847,4.449999999999999,4,106.99261212348938
2848,3.6999999999999997,9,107.02435374259949
2849,3.55,10,107.06191086769104
2850,-3.55,12,107.2396490573883
2851,3.85,8,107.27419877052307
2852,4.449999999999999,4,107.30042505264282
2853,4.6000000000000005,3,107.32459712028503
2854,4.449999999999999,4,107.3507878780365
2855,4.449999999999999,4,107.3768208026886
2856,4.3,5,107.40353178977966
2857,4.6000000000000005,3,107.43138551712036
2858,4.449999999999999,4,107.45600867271423
2859,4.449999999999999,4,107.48489427566528
2860,4.449999999999999,4,107.51567530632019
2861,4.75,2,107.54683113098145
2862,3.4,11,107.58778500556946
2863,4.6000000000000005,3,107.61898231506348
2864,4.3,5,107.65405058860779
2865,4.15,6,107.68922829627991
2866,4.0,7,107.72349333763123
2867,4.15,6,107.75561189651489
2868,3.4,11,107.79436492919922
2869,4.9,1,107.81922554969788
2870,3.85,8,107.85649251937866
2871,4.449999999999999,4,107.89062595367432
2872,4.6000000000000005,3,107.91833782196045
2873,3.6999999999999997,9,107.95258569717407
2874,3.85,8,107.98299646377563
2875,3.6999999999999997,9,108.01918292045593
2876,4.449999999999999,4,108.049391746521
2877,3.4,11,108.08930134773254
2878,4.75,2,108.11560797691345
2879,4.6000000000000005,3,108.14809060096741
2880,4.15,6,108.180104970932
2881,3.85,8,108.21870589256287
2882,4.75,2,108.25030493736267
2883,3.85,8,108.28900074958801
2884,3.6999999999999997,9,108.32731413841248
2885,3.6999999999999997,9,108.36361002922058
2886,4.75,2,108.38906359672546
2887,4.6000000000000005,3,108.42195320129395
2888,4.3,5,108.45374011993408
2889,4.449999999999999,4,108.49175691604614
2890,4.3,5,108.52051401138306
2891,4.3,5,108.55384612083435
2892,4.75,2,108.58649778366089
2893,4.75,2,108.61109900474548
2894,4.75,2,108.63846063613892
2895,4.3,5,108.67230701446533
2896,4.15,6,108.70283508300781
2897,3.6999999999999997,9,108.7370593547821
2898,4.75,2,108.76430583000183
2899,4.449999999999999,4,108.79213500022888
2900,4.15,6,108.96931385993958
2901,3.85,8,109.00672841072083
2902,4.9,1,109.03243327140808
2903,4.75,2,109.06417942047119
2904,4.15,6,109.09516739845276
2905,3.4,11,109.13402342796326
2906,4.75,2,109.16452813148499
2907,4.75,2,109.19002079963684
2908,3.85,8,109.22245717048645
2909,3.85,8,109.26297283172607
2910,4.6000000000000005,3,109.29160976409912
2911,4.15,6,109.32287359237671
2912,4.0,7,109.35328197479248
2913,4.75,2,109.37543678283691
2914,4.3,5,109.40332674980164
2915,3.6999999999999997,9,109.44121932983398
2916,4.6000000000000005,3,109.46904826164246
2917,4.449999999999999,4,109.49552655220032
2918,4.449999999999999,4,109.52432703971863
2919,4.75,2,109.5502667427063
2920,4.9,1,109.57265448570251
2921,4.3,5,109.59862756729126
2922,4.6000000000000005,3,109.62337398529053
2923,4.449999999999999,4,109.6503734588623
2924,3.55,10,109.69359254837036
2925,4.0,7,109.72963094711304
2926,-1.75,15,109.77509069442749
2927,4.0,7,109.81055450439453
2928,-1.75,15,109.86054039001465
2929,4.449999999999999,4,109.8867576122284
2930,4.75,2,109.91554594039917
2931,3.55,10,109.96130990982056
2932,4.449999999999999,4,109.9977719783783
2933,4.0,7,110.03723049163818
2934,4.15,6,110.07866597175598
2935,3.6999999999999997,9,110.11749505996704
2936,3.4,11,110.16734600067139
2937,-1.75,15,110.21337127685547
2938,-1.75,15,110.2554259300232
2939,4.6000000000000005,3,110.28165340423584
2940,4.9,1,110.30722141265869
2941,3.85,8,110.47872495651245
2942,-3.4,9,110.51526045799255
2943,4.3,5,110.54563498497009
2944,4.449999999999999,4,110.57844233512878
2945,4.0,7,110.6119167804718
2946,4.6000000000000005,3,110.64070224761963
2947,3.85,8,110.67681407928467
2948,2.9499999999999997,14,110.71736764907837
2949,3.85,8,110.74884295463562
2950,4.6000000000000005,3,110.77199721336365
2951,4.0,7,110.80169010162354
2952,4.449999999999999,4,110.83109498023987
2953,3.85,8,110.86638164520264
2954,3.4,11,110.9008948802948
2955,4.15,6,110.93655395507812
2956,4.75,2,110.96002316474915
2957,4.0,7,110.98742818832397
2958,4.449999999999999,4,111.0156991481781
2959,4.449999999999999,4,111.0395495891571
2960,3.85,8,111.07476210594177
2961,4.75,2,111.10098004341125
2962,4.0,7,111.13280320167542
2963,4.15,6,111.16396522521973
2964,4.3,5,111.19516682624817
2965,3.55,10,111.23146653175354
2966,3.85,8,111.26944947242737
2967,4.0,7,111.3090181350708
2968,4.75,2,111.33604192733765
2969,4.15,6,111.37137913703918
2970,4.9,1,111.39631342887878
2971,3.55,10,111.43576669692993
2972,4.15,6,111.46649646759033
2973,4.449999999999999,4,111.49600458145142
2974,4.15,6,111.52744364738464
2975,4.6000000000000005,3,111.552969455719
2976,4.75,2,111.57644534111023
2977,4.75,2,111.60260534286499
2978,4.9,1,111.62732863426208
2979,3.55,10,111.66426920890808
2980,4.0,7,111.69973182678223
2981,4.449999999999999,4,111.73372030258179
2982,4.6000000000000005,3,111.76126861572266
2983,4.6000000000000005,3,111.78998851776123
2984,4.0,7,111.82340550422668
2985,4.75,2,111.84794044494629
2986,4.15,6,112.010498046875
2987,4.75,2,112.03511381149292
2988,4.6000000000000005,3,112.06017923355103
2989,4.0,7,112.09298133850098
2990,3.55,10,112.13238549232483
2991,4.6000000000000005,3,112.1569995880127
2992,4.6000000000000005,3,112.18476986885071
2993,4.6000000000000005,3,112.21393847465515
2994,4.6000000000000005,3,112.23746132850647
2995,4.0,7,112.28008317947388
2996,4.3,5,112.31691265106201
2997,-1.75,15,112.36957836151123
2998,4.449999999999999,4,112.40071964263916
2999,4.75,2,112.43019962310791
3000,4.75,2,112.45129871368408
3001,4.6000000000000005,3,112.48191738128662
3002,3.25,12,112.52945852279663
3003,4.6000000000000005,3,112.56127572059631
3004,4.15,6,112.59714531898499
3005,4.0,7,112.63346457481384
3006,3.25,12,112.67217373847961
3007,4.15,6,112.70831346511841
3008,4.15,6,112.74324297904968
3009,4.0,7,112.77770447731018
3010,3.85,8,112.82084345817566
3011,4.6000000000000005,3,112.85085797309875
3012,-1.75,15,112.90100574493408
3013,4.449999999999999,4,112.93112134933472
3014,-3.45,10,112.97354650497437
3015,3.85,8,113.01943898200989
3016,4.15,6,113.05900883674622
3017,3.85,8,113.09446120262146
3018,3.85,8,113.13161635398865
3019,3.25,12,113.17650747299194
3020,4.3,5,113.20907330513
3021,4.449999999999999,4,113.2386577129364
3022,4.6000000000000005,3,113.26479864120483
3023,4.15,6,113.29887008666992
3024,4.6000000000000005,3,113.32722425460815
3025,4.9,1,113.34974384307861
3026,-1.75,15,113.40121841430664
3027,4.3,5,113.43740320205688
3028,4.3,5,113.61848664283752
3029,4.449999999999999,4,113.64988350868225
3030,3.85,8,113.6927661895752
3031,4.9,1,113.71452188491821
3032,-3.15,4,113.74543261528015
3033,4.449999999999999,4,113.77655982971191
3034,4.449999999999999,4,113.8056902885437
3035,4.0,7,113.83825755119324
3036,4.449999999999999,4,113.86865401268005
3037,3.85,8,113.90817713737488
3038,4.6000000000000005,3,113.93571758270264
3039,4.75,2,113.95996713638306
3040,4.449999999999999,4,113.98907947540283
3041,-1.75,15,114.03446125984192
3042,-1.75,15,114.07852172851562
3043,4.75,2,114.10029435157776
3044,4.15,6,114.1347017288208
3045,4.9,1,114.16109561920166
3046,4.6000000000000005,3,114.18662691116333
3047,4.75,2,114.21176314353943
3048,4.449999999999999,4,114.23987579345703
3049,4.449999999999999,4,114.27046990394592
3050,4.75,2,114.29935073852539
3051,4.3,5,114.33071255683899
3052,4.6000000000000005,3,114.36313652992249
3053,4.0,7,114.39732480049133
3054,3.4,11,114.43307065963745
3055,4.75,2,114.4583113193512
3056,4.9,1,114.4811282157898
3057,4.449999999999999,4,114.51329922676086
3058,4.6000000000000005,3,114.53811621665955
3059,4.449999999999999,4,114.56574296951294
3060,4.15,6,114.59904718399048
3061,4.6000000000000005,3,114.63100266456604
3062,3.85,8,114.6689624786377
3063,4.15,6,114.71311020851135
3064,4.6000000000000005,3,114.74273991584778
3065,3.4,11,114.79315185546875
3066,4.75,2,114.81790399551392
3067,4.0,7,114.86069583892822
3068,4.6000000000000005,3,114.89659667015076
3069,3.55,10,114.93807816505432
3070,4.15,6,114.9672384262085
3071,4.449999999999999,4,114.99246716499329
3072,3.4,11,115.03008842468262
3073,2.9499999999999997,14,115.07485437393188
3074,4.449999999999999,4,115.10183763504028
3075,4.3,5,115.13291382789612
3076,3.6999999999999997,9,115.31608963012695
3077,4.0,7,115.35059642791748
3078,4.3,5,115.38099956512451
3079,4.449999999999999,4,115.40537095069885
3080,3.55,10,115.43793606758118
3081,4.3,5,115.47148323059082
3082,4.6000000000000005,3,115.49819588661194
3083,-3.4,9,115.53346538543701
3084,4.449999999999999,4,115.5663435459137
3085,-1.75,15,115.61127305030823
3086,4.6000000000000005,3,115.63428711891174
3087,4.6000000000000005,3,115.66440868377686
3088,3.85,8,115.69705700874329
3089,4.9,1,115.71730661392212
3090,4.6000000000000005,3,115.7440493106842
3091,4.6000000000000005,3,115.76870894432068
3092,4.9,1,115.79418897628784
3093,4.75,2,115.81748104095459
3094,4.75,2,115.84745264053345
3095,4.449999999999999,4,115.87466382980347
3096,4.6000000000000005,3,115.90180659294128
3097,3.55,10,115.94800138473511
3098,4.6000000000000005,3,115.97896409034729
3099,4.449999999999999,4,116.01051259040833
3100,4.3,5,116.04443001747131
3101,4.449999999999999,4,116.07310938835144
3102,4.0,7,116.11365938186646
3103,4.449999999999999,4,116.1447274684906
3104,4.449999999999999,4,116.17149782180786
3105,4.9,1,116.1945948600769
3106,3.6999999999999997,9,116.23431253433228
3107,4.3,5,116.26672530174255
3108,3.55,10,116.3032853603363
3109,3.85,8,116.3484148979187
3110,4.6000000000000005,3,116.3795907497406
3111,4.9,1,116.40702891349792
3112,3.6999999999999997,9,116.44668054580688
3113,3.4,11,116.48358154296875
3114,4.3,5,116.51371383666992
3115,4.6000000000000005,3,116.54293704032898
3116,3.55,10,116.58012676239014
3117,4.9,1,116.60019636154175
3118,3.6999999999999997,9,116.63330626487732
3119,4.6000000000000005,3,116.65984058380127
3120,4.75,2,116.6855161190033
3121,4.75,2,116.71201133728027
3122,4.6000000000000005,3,116.73880815505981
3123,4.0,7,116.77740812301636
3124,4.449999999999999,4,116.81444263458252
3125,4.3,5,116.84638357162476
3126,4.15,6,117.02450323104858
3127,4.6000000000000005,3,117.05690145492554
3128,4.6000000000000005,3,117.0857744216919
3129,3.1,13,117.1309564113617
3130,4.9,1,117.15881896018982
3131,4.449999999999999,4,117.18336248397827
3132,4.0,7,117.21667957305908
3133,4.15,6,117.24888205528259
3134,3.85,8,117.29276251792908
3135,4.0,7,117.33451700210571
3136,4.15,6,117.37041902542114
3137,4.9,1,117.39761900901794
3138,4.449999999999999,4,117.42827415466309
3139,3.6999999999999997,9,117.46585774421692
3140,4.6000000000000005,3,117.49753022193909
3141,4.449999999999999,4,117.52403092384338
3142,4.0,7,117.55917549133301
3143,4.9,1,117.5835452079773
3144,4.0,7,117.61461114883423
3145,4.449999999999999,4,117.64296436309814
3146,4.0,7,117.6789333820343
3147,4.6000000000000005,3,117.7106032371521
3148,3.6999999999999997,9,117.75492691993713
3149,4.0,7,117.7888081073761
3150,4.75,2,117.81348252296448
3151,3.55,10,117.85260009765625
3152,3.55,10,117.89622282981873
3153,3.6999999999999997,9,117.93615627288818
3154,4.449999999999999,4,117.96809029579163
3155,4.3,5,117.99632811546326
3156,4.3,5,118.02709412574768
3157,4.6000000000000005,3,118.06191396713257
3158,4.9,1,118.08357644081116
3159,4.75,2,118.10721850395203
3160,4.3,5,118.13748502731323
3161,4.15,6,118.17354917526245
3162,4.6000000000000005,3,118.19790077209473
3163,4.3,5,118.22601699829102
3164,3.6999999999999997,9,118.2686698436737
3165,4.15,6,118.3026397228241
3166,4.6000000000000005,3,118.33001780509949
3167,4.3,5,118.35719203948975
3168,4.6000000000000005,3,118.38167691230774
3169,4.6000000000000005,3,118.40783882141113
3170,4.0,7,118.44330286979675
3171,4.449999999999999,4,118.4695155620575
3172,4.6000000000000005,3,118.49713706970215
3173,4.6000000000000005,3,118.52632355690002
3174,4.75,2,118.54934811592102
3175,4.6000000000000005,3,118.57810759544373
3176,4.449999999999999,4,118.6118996143341
3177,4.449999999999999,4,118.78273248672485
3178,3.85,8,118.81476378440857
3179,4.6000000000000005,3,118.84085941314697
3180,4.3,5,118.8776068687439
3181,4.449999999999999,4,118.90655946731567
3182,4.75,2,118.92773532867432
3183,4.15,6,118.95657444000244
3184,4.15,6,118.98840403556824
3185,4.75,2,119.01864314079285
3186,3.85,8,119.05484127998352
3187,-1.75,15,119.10608649253845
3188,4.6000000000000005,3,119.13292598724365
3189,3.6999999999999997,9,119.16688895225525
3190,4.9,1,119.19022536277771
3191,4.75,2,119.21828293800354
3192,4.9,1,119.24604654312134
3193,4.449999999999999,4,119.27766275405884
3194,4.9,1,119.30163788795471
3195,4.15,6,119.33565831184387
3196,-1.75,15,119.39146637916565
3197,3.1,13,119.44171690940857
3198,4.75,2,119.47702550888062
3199,3.25,12,119.52222871780396
3200,4.449999999999999,4,119.55442762374878
3201,4.449999999999999,4,119.5861828327179
3202,4.6000000000000005,3,119.61848783493042
3203,4.9,1,119.64306092262268
3204,4.75,2,119.66669178009033
3205,4.449999999999999,4,119.69468665122986
3206,4.449999999999999,4,119.72134804725647
3207,4.6000000000000005,3,119.74754548072815
3208,4.75,2,119.77609300613403
3209,4.449999999999999,4,119.8090443611145
3210,4.449999999999999,4,119.83388638496399
3211,-1.75,15,119.87635064125061
3212,-1.75,15,119.91742515563965
3213,3.6999999999999997,9,119.95145320892334
3214,-1.75,15,119.99572205543518
3215,4.6000000000000005,3,120.023592710495
3216,4.6000000000000005,3,120.05624127388
3217,4.75,2,120.0826346874237
3218,4.449999999999999,4,120.11033391952515
3219,4.449999999999999,4,120.13806319236755
3220,4.449999999999999,4,120.16819286346436
3221,4.15,6,120.19831776618958
3222,4.6000000000000005,3,120.22807359695435
3223,3.25,12,120.41669583320618
3224,3.25,12,120.46238374710083
3225,4.449999999999999,4,120.49034333229065
3226,4.449999999999999,4,120.51804256439209
3227,4.3,5,120.54673981666565
3228,3.85,8,120.58107209205627
3229,4.9,1,120.60666537284851
3230,4.449999999999999,4,120.63879489898682
3231,3.25,12,120.68479299545288
3232,4.3,5,120.71687293052673
3233,4.15,6,120.74932622909546
3234,3.55,10,120.79624557495117
3235,3.55,10,120.83892846107483
3236,3.55,10,120.88294386863708
3237,4.449999999999999,4,120.91581082344055
3238,-1.75,15,120.95887351036072
3239,3.4,11,120.99824285507202
3240,4.3,5,121.02969264984131
3241,3.85,8,121.06699991226196
3242,4.449999999999999,4,121.09863448143005
3243,4.15,6,121.14243245124817
3244,4.449999999999999,4,121.17303419113159
3245,3.85,8,121.20968270301819
3246,4.6000000000000005,3,121.23694968223572
3247,4.6000000000000005,3,121.26194620132446
3248,4.0,7,121.29313325881958
3249,4.15,6,121.32008719444275
3250,4.6000000000000005,3,121.34497475624084
3251,4.75,2,121.36966228485107
3252,3.4,11,121.4056236743927
3253,4.6000000000000005,3,121.42934894561768
3254,4.75,2,121.45244359970093
3255,3.1,13,121.49208545684814
3256,4.15,6,121.52112627029419
3257,4.3,5,121.55264925956726
3258,4.6000000000000005,3,121.58271169662476
3259,4.75,2,121.61028480529785
3260,3.85,8,121.64645838737488
3261,4.75,2,121.66743230819702
3262,-1.75,15,121.7115089893341
3263,-3.2,5,121.89969396591187
3264,4.75,2,121.92493271827698
3265,4.6000000000000005,3,121.94808435440063
3266,4.449999999999999,4,121.97695803642273
3267,4.75,2,122.00376892089844
3268,4.15,6,122.03440761566162
3269,-1.75,15,122.07856059074402
3270,4.449999999999999,4,122.10807490348816
3271,4.15,6,122.14169359207153
3272,3.25,12,122.18085265159607
3273,3.4,11,122.21997356414795
3274,4.6000000000000005,3,122.25586462020874
3275,4.3,5,122.28473424911499
3276,-1.75,15,122.33663892745972
3277,3.6999999999999997,9,122.37389922142029
3278,-3.05,2,122.39864778518677
3279,4.6000000000000005,3,122.42891669273376
3280,4.75,2,122.45628643035889
3281,-3.15,4,122.48535442352295
3282,3.85,8,122.52458477020264
3283,4.6000000000000005,3,122.55327725410461
3284,4.75,2,122.57983589172363
3285,4.15,6,122.60994505882263
3286,4.15,6,122.64260745048523
3287,4.0,7,122.68172001838684
3288,3.55,10,122.72178149223328
3289,4.75,2,122.7490804195404
3290,4.449999999999999,4,122.7768166065216
3291,3.55,10,122.81708931922913
3292,-3.1,3,122.85219860076904
3293,4.0,7,122.88593602180481
3294,4.449999999999999,4,122.91698169708252
3295,4.6000000000000005,3,122.94119358062744
3296,4.449999999999999,4,122.96678137779236
3297,4.9,1,122.9875762462616
3298,3.4,11,123.02852988243103
3299,-3.25,6,123.06312680244446
3300,4.3,5,123.09055399894714
3301,4.449999999999999,4,123.11756467819214
3302,4.15,6,123.15750551223755
3303,-1.75,15,123.20211005210876
3304,4.449999999999999,4,123.23116135597229
3305,4.6000000000000005,3,123.25827884674072
3306,4.6000000000000005,3,123.28401017189026
3307,4.449999999999999,4,123.31068730354309
3308,4.0,7,123.50370669364929
3309,4.75,2,123.52931690216064
3310,4.449999999999999,4,123.55480980873108
3311,4.449999999999999,4,123.58681511878967
3312,-1.75,15,123.63310241699219
3313,4.75,2,123.65997815132141
3314,4.0,7,123.69355726242065
3315,3.55,10,123.73215246200562
3316,4.449999999999999,4,123.76055574417114
3317,4.0,7,123.79442429542542
3318,4.75,2,123.8261353969574
3319,4.75,2,123.85457062721252
3320,4.449999999999999,4,123.88247442245483
3321,4.449999999999999,4,123.91177463531494
3322,4.75,2,123.93792819976807
3323,4.449999999999999,4,123.96825957298279
3324,3.6999999999999997,9,124.00488495826721
3325,4.3,5,124.03414535522461
3326,3.4,11,124.07987761497498
3327,-3.15,4,124.11472392082214
3328,4.75,2,124.1440200805664
3329,3.6999999999999997,9,124.18766498565674
3330,4.449999999999999,4,124.22012948989868
3331,3.1,13,124.26645231246948
3332,4.6000000000000005,3,124.29757928848267
3333,4.3,5,124.3285493850708
3334,3.55,10,124.36377692222595
3335,4.6000000000000005,3,124.39079213142395
3336,4.449999999999999,4,124.41792392730713
3337,-3.65,14,124.46245622634888
3338,4.6000000000000005,3,124.48743724822998
3339,4.6000000000000005,3,124.51495671272278
3340,4.75,2,124.5408685207367
3341,4.449999999999999,4,124.56627750396729
3342,4.0,7,124.59693694114685
3343,-3.1,3,124.62521481513977
3344,4.6000000000000005,3,124.65282702445984
3345,4.9,1,124.67507719993591
3346,4.449999999999999,4,124.69991302490234
3347,3.25,12,124.74377346038818
3348,4.449999999999999,4,124.7728316783905
3349,4.0,7,124.80759334564209
3350,4.6000000000000005,3,124.84132385253906
3351,4.6000000000000005,3,124.86781883239746
3352,4.0,7,124.90539860725403
3353,4.9,1,124.92968273162842
3354,3.6999999999999997,9,124.9618136882782
3355,4.0,7,124.99622702598572
3356,4.3,5,125.16870951652527
3357,4.9,1,125.19477677345276
3358,4.15,6,125.22533679008484
3359,4.449999999999999,4,125.25535655021667
3360,4.6000000000000005,3,125.2786910533905
3361,4.75,2,125.30572962760925
3362,3.6999999999999997,9,125.34394693374634
3363,4.0,7,125.37715673446655
3364,-3.35,8,125.41751670837402
3365,4.75,2,125.45719075202942
3366,4.9,1,125.48235583305359
3367,4.6000000000000005,3,125.51237392425537
3368,3.6999999999999997,9,125.55356931686401
3369,3.55,10,125.59416437149048
3370,3.4,11,125.63333821296692
3371,4.0,7,125.67134666442871
3372,4.3,5,125.70174789428711
3373,3.85,8,125.73841691017151
3374,4.15,6,125.7733678817749
3375,4.449999999999999,4,125.79998993873596
3376,4.449999999999999,4,125.83075451850891
3377,4.75,2,125.85500955581665
3378,4.0,7,125.88972425460815
3379,4.75,2,125.91188144683838
3380,4.449999999999999,4,125.9431095123291
3381,4.3,5,125.97394347190857
3382,-1.75,15,126.02090811729431
3383,4.75,2,126.0511589050293
3384,3.4,11,126.086829662323
3385,3.25,12,126.12719821929932
3386,4.6000000000000005,3,126.15382933616638
3387,4.15,6,126.1840832233429
3388,4.3,5,126.21231627464294
3389,4.6000000000000005,3,126.2378442287445
3390,3.6999999999999997,9,126.2751853466034
3391,4.6000000000000005,3,126.29888987541199
3392,3.85,8,126.33057045936584
3393,3.6999999999999997,9,126.36556220054626
3394,4.6000000000000005,3,126.39187669754028
3395,3.85,8,126.42433619499207
3396,4.449999999999999,4,126.4581937789917
3397,4.15,6,126.49479031562805
3398,3.85,8,126.53867721557617
3399,3.85,8,126.73693919181824
3400,4.6000000000000005,3,126.77380013465881
3401,4.15,6,126.80780720710754
3402,4.0,7,126.83970713615417
3403,4.6000000000000005,3,126.86627411842346
3404,4.75,2,126.8925416469574
3405,4.6000000000000005,3,126.9195249080658
3406,3.85,8,126.9597156047821
3407,4.15,6,126.98932909965515
3408,4.6000000000000005,3,127.01286292076111
3409,-1.75,15,127.06001496315002
3410,3.85,8,127.10171604156494
3411,-1.75,15,127.15728044509888
3412,4.449999999999999,4,127.1851532459259
3413,4.75,2,127.21035408973694
3414,-1.75,15,127.25956583023071
3415,4.6000000000000005,3,127.29037499427795
3416,4.449999999999999,4,127.32085180282593
3417,4.0,7,127.35781526565552
3418,4.6000000000000005,3,127.38395094871521
3419,4.0,7,127.4153745174408
3420,4.6000000000000005,3,127.44405174255371
3421,4.0,7,127.47368717193604
3422,3.55,10,127.50652289390564
3423,4.0,7,127.54205775260925
3424,4.6000000000000005,3,127.56593012809753
3425,4.15,6,127.59419870376587
3426,4.6000000000000005,3,127.62054777145386
3427,4.15,6,127.6541702747345
3428,4.6000000000000005,3,127.68146800994873
3429,4.75,2,127.70548701286316
3430,4.6000000000000005,3,127.73100972175598
3431,3.25,12,127.76741456985474
3432,4.449999999999999,4,127.79593706130981
3433,4.6000000000000005,3,127.8272852897644
3434,3.85,8,127.85984086990356
3435,4.449999999999999,4,127.88805294036865
3436,4.75,2,127.91244077682495
3437,4.449999999999999,4,127.94345569610596
3438,4.449999999999999,4,127.97746133804321
3439,3.6999999999999997,9,128.01049757003784
3440,3.6999999999999997,9,128.0424609184265
3441,4.3,5,128.07274913787842
3442,4.0,7,128.10522508621216
3443,3.4,11,128.28648328781128
3444,4.6000000000000005,3,128.31706953048706
3445,4.449999999999999,4,128.34803009033203
3446,4.6000000000000005,3,128.3735475540161
3447,4.449999999999999,4,128.4001181125641
3448,-1.75,15,128.44676756858826
3449,4.3,5,128.47760701179504
3450,-1.75,15,128.5305643081665
3451,4.3,5,128.56752490997314
3452,4.6000000000000005,3,128.59622359275818
3453,-3.5,11,128.64165878295898
3454,3.55,10,128.6788206100464
3455,4.75,2,128.7062747478485
3456,4.0,7,128.73648047447205
3457,4.449999999999999,4,128.7685191631317
3458,4.449999999999999,4,128.80018210411072
3459,4.449999999999999,4,128.83743929862976
3460,4.6000000000000005,3,128.86840558052063
3461,3.85,8,128.91384959220886
3462,4.0,7,128.9515404701233
3463,4.0,7,128.9826169013977
3464,4.3,5,129.01281237602234
3465,3.55,10,129.04987692832947
3466,-3.5,11,129.08856892585754
3467,4.6000000000000005,3,129.1172137260437
3468,-3.25,6,129.14831829071045
3469,4.15,6,129.18286895751953
3470,4.75,2,129.21293878555298
3471,4.15,6,129.24985194206238
3472,3.4,11,129.29207706451416
3473,4.15,6,129.32529520988464
3474,3.1,13,129.364116191864
3475,3.55,10,129.40045762062073
3476,4.0,7,129.43236923217773
3477,4.449999999999999,4,129.46148943901062
3478,4.75,2,129.4859492778778
3479,3.55,10,129.52279233932495
3480,4.6000000000000005,3,129.5488624572754
3481,3.6999999999999997,9,129.5802321434021
3482,3.6999999999999997,9,129.75171375274658
3483,3.55,10,129.7891345024109
3484,4.75,2,129.81124353408813
3485,3.6999999999999997,9,129.84712314605713
3486,4.6000000000000005,3,129.87401008605957
3487,4.6000000000000005,3,129.9006426334381
3488,4.0,7,129.93338632583618
3489,4.75,2,129.95991778373718
3490,4.15,6,129.9924874305725
3491,4.15,6,130.0224311351776
3492,4.6000000000000005,3,130.04969024658203
3493,4.75,2,130.0785791873932
3494,3.6999999999999997,9,130.12125539779663
3495,4.15,6,130.16262102127075
3496,4.9,1,130.18963956832886
3497,3.85,8,130.2292275428772
3498,4.3,5,130.26423335075378
3499,4.75,2,130.29218816757202
3500,4.3,5,130.32953071594238
3501,4.6000000000000005,3,130.3588788509369
3502,3.4,11,130.3987259864807
3503,3.85,8,130.43801879882812
3504,4.449999999999999,4,130.46895027160645
3505,4.449999999999999,4,130.497545003891
3506,4.9,1,130.52284455299377
3507,4.75,2,130.54970908164978
3508,3.6999999999999997,9,130.58503437042236
3509,3.85,8,130.62451672554016
3510,4.75,2,130.6504511833191
3511,3.55,10,130.6853630542755
3512,4.449999999999999,4,130.71378421783447
3513,4.0,7,130.74857354164124
3514,4.3,5,130.77927136421204
3515,4.6000000000000005,3,130.8073275089264
3516,-1.75,15,130.85237503051758
3517,3.55,10,130.8892855644226
3518,4.449999999999999,4,130.91568732261658
3519,4.449999999999999,4,130.93973231315613
3520,4.75,2,130.96152186393738
3521,4.15,6,130.9898817539215
3522,4.6000000000000005,3,131.01329922676086
3523,4.6000000000000005,3,131.03648829460144
3524,4.15,6,131.06787991523743
3525,4.15,6,131.09756445884705
3526,4.0,7,131.12801313400269
3527,4.3,5,131.1568534374237
3528,4.0,7,131.19002079963684
3529,4.0,7,131.38862013816833
3530,4.6000000000000005,3,131.42038083076477
3531,4.449999999999999,4,131.45036911964417
3532,3.85,8,131.48318672180176
3533,4.15,6,131.51413106918335
3534,4.449999999999999,4,131.5444233417511
3535,4.449999999999999,4,131.57346296310425
3536,4.6000000000000005,3,131.60245943069458
3537,-1.75,15,131.64889335632324
3538,3.85,8,131.69120454788208
3539,4.0,7,131.7245228290558
3540,4.3,5,131.7541675567627
3541,4.3,5,131.79170441627502
3542,4.15,6,131.82662057876587
3543,4.0,7,131.86239361763
3544,-1.75,15,131.91348791122437
3545,4.449999999999999,4,131.94660258293152
3546,4.0,7,131.98811626434326
3547,4.0,7,132.02809190750122
3548,4.15,6,132.06455206871033
3549,3.4,11,132.10885334014893
3550,4.6000000000000005,3,132.1348853111267
3551,4.15,6,132.16940331459045
3552,3.25,12,132.21399569511414
3553,4.449999999999999,4,132.24561500549316
3554,2.9499999999999997,14,132.29071521759033
3555,4.75,2,132.3174707889557
3556,4.15,6,132.34935808181763
3557,3.4,11,132.39702820777893
3558,-1.75,15,132.44363045692444
3559,4.6000000000000005,3,132.4746069908142
3560,4.449999999999999,4,132.50937867164612
3561,3.85,8,132.54677486419678
3562,4.0,7,132.58138513565063
3563,4.75,2,132.6066699028015
3564,3.6999999999999997,9,132.6405472755432
3565,4.6000000000000005,3,132.6670742034912
3566,3.6999999999999997,9,132.8495991230011
3567,-1.75,15,132.89456129074097
3568,4.9,1,132.91453099250793
3569,4.9,1,132.94127464294434
3570,-1.75,15,132.99077105522156
3571,3.85,8,133.02602195739746
3572,-3.3,7,133.06109356880188
3573,4.449999999999999,4,133.0918390750885
3574,4.15,6,133.12328243255615
3575,4.449999999999999,4,133.14932656288147
3576,4.6000000000000005,3,133.17725014686584
3577,4.75,2,133.2072947025299
3578,3.85,8,133.24431562423706
3579,-1.75,15,133.29729509353638
3580,4.449999999999999,4,133.3283998966217
3581,4.6000000000000005,3,133.3605306148529
3582,4.6000000000000005,3,133.38990306854248
3583,4.15,6,133.4255566596985
3584,4.15,6,133.46543312072754
3585,4.449999999999999,4,133.50482749938965
3586,4.3,5,133.54214668273926
3587,3.55,10,133.58943009376526
3588,3.6999999999999997,9,133.6411144733429
3589,4.0,7,133.68119764328003
3590,3.6999999999999997,9,133.72119450569153
3591,4.6000000000000005,3,133.7481608390808
3592,4.6000000000000005,3,133.78023290634155
3593,4.75,2,133.80804991722107
3594,3.55,10,133.84379696846008
3595,4.6000000000000005,3,133.86981344223022
3596,4.6000000000000005,3,133.90115547180176
3597,4.449999999999999,4,133.93809962272644
3598,4.3,5,133.96563696861267
3599,4.6000000000000005,3,133.99324297904968
3600,3.6999999999999997,9,134.03340244293213
3601,4.449999999999999,4,134.06085991859436
3602,4.6000000000000005,3,134.08912110328674
3603,4.75,2,134.11398267745972
3604,-3.5,11,134.14926862716675
3605,4.0,7,134.18234872817993
3606,4.75,2,134.20496129989624
3607,4.3,5,134.23451328277588
3608,4.449999999999999,4,134.26211524009705
3609,4.75,2,134.28522419929504
3610,4.75,2,134.3097324371338
3611,4.6000000000000005,3,134.3331983089447
3612,3.85,8,134.36691164970398
3613,4.6000000000000005,3,134.54613089561462
3614,4.0,7,134.58023619651794
3615,3.1,13,134.6193859577179
3616,4.75,2,134.64198875427246
3617,4.75,2,134.66596055030823
3618,4.75,2,134.6934621334076
3619,4.6000000000000005,3,134.7160394191742
3620,-1.75,15,134.76339960098267
3621,4.3,5,134.79415440559387
3622,4.3,5,134.82315802574158
3623,4.15,6,134.85816502571106
3624,4.6000000000000005,3,134.8859579563141
3625,4.6000000000000005,3,134.91260766983032
3626,3.4,11,134.9552674293518
3627,4.6000000000000005,3,134.98290920257568
3628,4.3,5,135.0143871307373
3629,4.3,5,135.04301977157593
3630,4.0,7,135.07724738121033
3631,3.1,13,135.11982917785645
3632,4.9,1,135.1458387374878
3633,3.85,8,135.1819486618042
3634,4.449999999999999,4,135.21457505226135
3635,4.6000000000000005,3,135.2445764541626
3636,3.6999999999999997,9,135.29017901420593
3637,3.85,8,135.32527875900269
3638,3.6999999999999997,9,135.36095142364502
3639,-3.3,7,135.39986896514893
3640,4.449999999999999,4,135.4384410381317
3641,4.6000000000000005,3,135.4636447429657
3642,4.449999999999999,4,135.49469423294067
3643,4.15,6,135.5293996334076
3644,4.449999999999999,4,135.55806159973145
3645,3.25,12,135.59620237350464
3646,4.75,2,135.6208245754242
3647,3.1,13,135.66143655776978
3648,4.15,6,135.69053483009338
3649,4.6000000000000005,3,135.7136766910553
3650,3.6999999999999997,9,135.7481725215912
3651,4.3,5,135.78009462356567
3652,4.3,5,135.81197094917297
3653,4.75,2,135.83454823493958
3654,4.3,5,135.86566472053528
3655,4.75,2,135.8888645172119
3656,4.9,1,135.91140508651733
3657,3.6999999999999997,9,135.94723320007324
3658,3.6999999999999997,9,136.15845894813538
3659,4.449999999999999,4,136.19149708747864
3660,4.3,5,136.22273349761963
3661,4.3,5,136.24888253211975
3662,4.75,2,136.27827906608582
3663,4.0,7,136.31246161460876
3664,4.6000000000000005,3,136.33444547653198
3665,4.6000000000000005,3,136.3587658405304
3666,-1.75,15,136.40144062042236
3667,4.6000000000000005,3,136.42699146270752
3668,4.3,5,136.45821380615234
3669,4.449999999999999,4,136.4876356124878
3670,4.3,5,136.52476000785828
3671,4.449999999999999,4,136.56313610076904
3672,4.449999999999999,4,136.59169793128967
3673,4.75,2,136.61547327041626
3674,4.449999999999999,4,136.6513693332672
3675,4.6000000000000005,3,136.6794822216034
3676,3.1,13,136.7315936088562
3677,3.85,8,136.776305437088
3678,4.449999999999999,4,136.80630779266357
3679,4.75,2,136.83088088035583
3680,4.75,2,136.86097860336304
3681,4.6000000000000005,3,136.89055061340332
3682,4.15,6,136.9251127243042
3683,4.3,5,136.95358324050903
3684,4.6000000000000005,3,136.97864413261414
3685,3.85,8,137.0166735649109
3686,4.15,6,137.04997420310974
3687,4.449999999999999,4,137.0794813632965
3688,4.75,2,137.1056661605835
3689,4.3,5,137.13569688796997
3690,4.15,6,137.16662168502808
3691,4.3,5,137.19862055778503
3692,4.449999999999999,4,137.22812247276306
3693,3.85,8,137.26074647903442
3694,3.85,8,137.29150342941284
3695,4.75,2,137.31426358222961
3696,4.0,7,137.34588980674744
3697,4.15,6,137.3796901702881
3698,4.6000000000000005,3,137.4028730392456
3699,3.55,10,137.4417634010315
3700,4.0,7,137.4740653038025
3701,4.75,2,137.50252509117126
3702,4.0,7,137.53476428985596
3703,3.55,10,137.57222962379456
3704,4.15,6,137.60695242881775
3705,4.449999999999999,4,137.6422724723816
3706,-1.75,15,137.83346462249756
3707,-1.75,15,137.87941360473633
3708,4.0,7,137.9117510318756
3709,4.0,7,137.94509363174438
3710,4.9,1,137.97485995292664
3711,4.15,6,138.00745177268982
3712,4.3,5,138.04137802124023
3713,4.449999999999999,4,138.0738914012909
3714,4.9,1,138.09800744056702
3715,3.6999999999999997,9,138.14169454574585
3716,4.75,2,138.1660177707672
3717,4.9,1,138.19713711738586
3718,-1.75,15,138.2410020828247
3719,3.85,8,138.277170419693
3720,3.4,11,138.32485580444336
3721,4.75,2,138.35837411880493
3722,4.75,2,138.38955760002136
3723,4.15,6,138.4258050918579
3724,4.3,5,138.45742273330688
3725,4.3,5,138.49024200439453
3726,4.6000000000000005,3,138.522967338562
3727,-1.75,15,138.56964421272278
3728,4.3,5,138.60033011436462
3729,4.6000000000000005,3,138.62994384765625
3730,4.449999999999999,4,138.65694117546082
3731,4.449999999999999,4,138.6821174621582
3732,4.449999999999999,4,138.71411657333374
3733,3.55,10,138.75476479530334
3734,3.25,12,138.79530096054077
3735,4.0,7,138.82791566848755
3736,3.6999999999999997,9,138.8714361190796
3737,3.6999999999999997,9,138.9054388999939
3738,4.449999999999999,4,138.9401092529297
3739,4.15,6,138.9717035293579
3740,4.75,2,138.9947166442871
3741,4.6000000000000005,3,139.02497005462646
3742,4.3,5,139.0579867362976
3743,4.75,2,139.09184169769287
3744,4.449999999999999,4,139.12183666229248
3745,4.449999999999999,4,139.14956545829773
3746,4.0,7,139.1820034980774
3747,4.15,6,139.22104692459106
3748,3.55,10,139.41260385513306
3749,4.449999999999999,4,139.44077968597412
3750,3.85,8,139.47169303894043
3751,4.3,5,139.50704741477966
3752,4.15,6,139.54221844673157
3753,4.15,6,139.57750868797302
3754,4.9,1,139.60658717155457
3755,4.75,2,139.6308023929596
3756,4.6000000000000005,3,139.6629343032837
3757,4.9,1,139.6917200088501
3758,3.55,10,139.7373011112213
3759,-1.75,15,139.78867101669312
3760,4.75,2,139.81464076042175
3761,3.1,13,139.8634593486786
3762,4.75,2,139.8936755657196
3763,3.4,11,139.93323183059692
3764,4.6000000000000005,3,139.9618525505066
3765,-1.75,15,140.00631737709045
3766,4.6000000000000005,3,140.03361415863037
3767,4.15,6,140.06753039360046
3768,4.3,5,140.09586477279663
3769,4.3,5,140.13335347175598
3770,3.6999999999999997,9,140.17184495925903
3771,4.0,7,140.2094283103943
3772,4.449999999999999,4,140.24325346946716
3773,4.449999999999999,4,140.2716794013977
3774,4.75,2,140.29728174209595
3775,4.0,7,140.33625984191895
3776,3.85,8,140.37300276756287
3777,4.9,1,140.39342594146729
3778,4.9,1,140.41712307929993
3779,3.55,10,140.45092344284058
3780,4.6000000000000005,3,140.4748387336731
3781,4.75,2,140.49980425834656
3782,4.6000000000000005,3,140.52402925491333
3783,3.85,8,140.55958032608032
3784,3.25,12,140.59630250930786
3785,4.3,5,140.62627148628235
3786,4.0,7,140.66323328018188
3787,4.3,5,140.7009401321411
3788,3.1,13,140.75128817558289
3789,4.15,6,140.78290677070618
3790,4.75,2,140.81037998199463
3791,4.6000000000000005,3,140.83555054664612
3792,4.3,5,141.01228976249695
3793,-1.75,15,141.0535912513733
3794,4.6000000000000005,3,141.07804155349731
3795,3.85,8,141.11535334587097
3796,3.55,10,141.1604220867157
3797,4.75,2,141.18750596046448
3798,4.6000000000000005,3,141.21704387664795
3799,4.15,6,141.24973559379578
3800,-3.05,2,141.275452375412
3801,3.25,12,141.3215479850769
3802,3.85,8,141.35452795028687
3803,4.15,6,141.387868642807
3804,4.449999999999999,4,141.42030310630798
3805,4.75,2,141.44630670547485
3806,4.9,1,141.4760549068451
3807,4.0,7,141.51035976409912
3808,4.6000000000000005,3,141.53927850723267
3809,4.75,2,141.5729730129242
3810,-1.75,15,141.6233491897583
3811,4.449999999999999,4,141.6540925502777
3812,4.3,5,141.69150614738464
3813,4.0,7,141.72158861160278
3814,4.6000000000000005,3,141.7490382194519
3815,4.15,6,141.78237628936768
3816,4.449999999999999,4,141.81190276145935
3817,3.25,12,141.85055232048035
3818,3.6999999999999997,9,141.88513278961182
3819,-3.35,8,141.92181134223938
3820,4.6000000000000005,3,141.94873142242432
3821,4.75,2,141.97545456886292
3822,4.75,2,141.996515750885
3823,4.6000000000000005,3,142.0287721157074
3824,4.75,2,142.05307459831238
3825,4.6000000000000005,3,142.08265566825867
3826,4.75,2,142.11088275909424
3827,4.75,2,142.13298916816711
3828,4.15,6,142.1725776195526
3829,4.6000000000000005,3,142.19717621803284
3830,4.0,7,142.23330688476562
3831,4.449999999999999,4,142.27061295509338
3832,4.3,5,142.29839634895325
3833,4.6000000000000005,3,142.32380175590515
3834,4.75,2,142.34766936302185
3835,4.3,5,142.37984323501587
3836,4.449999999999999,4,142.40915489196777
3837,3.25,12,142.44699788093567
3838,4.449999999999999,4,142.47589206695557
3839,4.449999999999999,4,142.5041036605835
3840,4.15,6,142.53525471687317
3841,4.0,7,142.71116185188293
3842,4.15,6,142.74838542938232
3843,4.75,2,142.77858114242554
3844,4.3,5,142.81267380714417
3845,3.85,8,142.85040807724
3846,4.0,7,142.88634777069092
3847,4.0,7,142.91993951797485
3848,4.15,6,142.9509162902832
3849,3.25,12,142.99266982078552
3850,-1.75,15,143.0438530445099
3851,4.15,6,143.08204650878906
3852,4.9,1,143.10982728004456
3853,4.75,2,143.14180040359497
3854,-3.05,2,143.1653175354004
3855,4.449999999999999,4,143.19308161735535
3856,3.85,8,143.22873640060425
3857,4.6000000000000005,3,143.2539188861847
3858,4.3,5,143.28078937530518
3859,4.15,6,143.31059074401855
3860,4.6000000000000005,3,143.33944416046143
3861,4.449999999999999,4,143.36736726760864
3862,3.25,12,143.41179394721985
3863,4.449999999999999,4,143.44416427612305
3864,4.3,5,143.47582721710205
3865,4.0,7,143.50920844078064
3866,3.6999999999999997,9,143.54906058311462
3867,-1.75,15,143.59889316558838
3868,3.85,8,143.63182616233826
3869,4.0,7,143.66933417320251
3870,4.449999999999999,4,143.70564770698547
3871,4.75,2,143.7383964061737
3872,3.6999999999999997,9,143.77258157730103
3873,3.25,12,143.81409072875977
3874,4.75,2,143.83983182907104
3875,4.6000000000000005,3,143.86745834350586
3876,4.0,7,143.89853739738464
3877,4.75,2,143.92257118225098
3878,3.55,10,143.9576976299286
3879,4.3,5,143.98642301559448
3880,4.15,6,144.01605248451233
3881,-3.25,6,144.046612739563
3882,4.6000000000000005,3,144.07531881332397
3883,3.4,11,144.26611852645874
3884,4.15,6,144.30043077468872
3885,4.3,5,144.32976055145264
3886,4.15,6,144.36132311820984
3887,4.3,5,144.39351725578308
3888,4.449999999999999,4,144.4272656440735
3889,3.6999999999999997,9,144.4657425880432
3890,3.6999999999999997,9,144.50860476493835
3891,4.3,5,144.542738199234
3892,4.75,2,144.56988263130188
3893,4.3,5,144.59854769706726
3894,4.6000000000000005,3,144.62293148040771
3895,4.75,2,144.64611196517944
3896,4.449999999999999,4,144.67283535003662
3897,4.75,2,144.7050323486328
3898,4.75,2,144.731849193573
3899,3.85,8,144.77155184745789
3900,4.15,6,144.8036868572235
3901,4.6000000000000005,3,144.83194947242737
3902,4.75,2,144.85858607292175
3903,4.0,7,144.88949275016785
3904,3.55,10,144.92558073997498
3905,4.15,6,144.95729112625122
3906,4.449999999999999,4,144.98601865768433
3907,3.85,8,145.01704907417297
3908,4.6000000000000005,3,145.04491901397705
3909,4.0,7,145.0749809741974
3910,4.75,2,145.09622240066528
3911,4.75,2,145.11897468566895
3912,4.6000000000000005,3,145.1460680961609
3913,4.3,5,145.17752408981323
3914,4.449999999999999,4,145.20700931549072
3915,4.9,1,145.22699189186096
3916,4.0,7,145.25867366790771
3917,3.6999999999999997,9,145.2952253818512
3918,4.449999999999999,4,145.3248393535614
3919,4.449999999999999,4,145.35109639167786
3920,4.75,2,145.3814468383789
3921,3.6999999999999997,9,145.4149625301361
3922,-1.75,15,145.46423840522766
3923,4.449999999999999,4,145.49181866645813
3924,4.15,6,145.5253005027771
3925,4.15,6,145.55900406837463
3926,4.449999999999999,4,145.5890748500824
3927,4.75,2,145.61432576179504
3928,4.75,2,145.6395709514618
3929,4.9,1,145.66295385360718
3930,4.75,2,145.68812656402588
3931,4.75,2,145.71245670318604
3932,4.75,2,145.73878240585327
3933,4.75,2,145.76166367530823
3934,4.3,5,145.7949001789093
3935,3.4,11,146.00157499313354
3936,4.0,7,146.03631806373596
3937,4.3,5,146.06554460525513
3938,3.25,12,146.1058406829834
3939,4.15,6,146.1396095752716
3940,4.6000000000000005,3,146.167222738266
3941,4.6000000000000005,3,146.19443130493164
3942,4.6000000000000005,3,146.221093416214
3943,-3.35,8,146.2586760520935
3944,4.449999999999999,4,146.29304027557373
3945,3.6999999999999997,9,146.33150792121887
3946,4.6000000000000005,3,146.3582239151001
3947,4.6000000000000005,3,146.38603520393372
3948,4.6000000000000005,3,146.4141764640808
3949,4.449999999999999,4,146.4437165260315
3950,4.3,5,146.47553992271423
3951,4.75,2,146.50394582748413
3952,4.15,6,146.5395724773407
3953,4.75,2,146.56466579437256
3954,4.6000000000000005,3,146.59853672981262
3955,4.449999999999999,4,146.62961053848267
3956,3.55,10,146.6701946258545
3957,4.15,6,146.70369791984558
3958,4.3,5,146.7316927909851
3959,4.15,6,146.76537489891052
3960,3.6999999999999997,9,146.80019354820251
3961,4.75,2,146.82913494110107
3962,4.449999999999999,4,146.86312794685364
3963,4.3,5,146.8925666809082
3964,3.6999999999999997,9,146.92797541618347
3965,4.75,2,146.95339727401733
3966,3.6999999999999997,9,146.99280548095703
3967,4.15,6,147.02595472335815
3968,3.25,12,147.06935238838196
3969,4.15,6,147.09748649597168
3970,4.3,5,147.1334114074707
3971,3.55,10,147.17339158058167
3972,3.25,12,147.2112090587616
3973,4.75,2,147.23780155181885
3974,4.449999999999999,4,147.26881313323975
3975,3.25,12,147.30836033821106
3976,3.85,8,147.34071373939514
3977,4.3,5,147.3736641407013
3978,4.75,2,147.40121173858643
3979,4.3,5,147.43387389183044
3980,4.6000000000000005,3,147.46636033058167
3981,-1.75,15,147.66946959495544
3982,3.6999999999999997,9,147.70825386047363
3983,3.4,11,147.75807785987854
3984,4.6000000000000005,3,147.78846549987793
3985,4.6000000000000005,3,147.82642126083374
3986,4.449999999999999,4,147.8600881099701
3987,4.3,5,147.89321184158325
3988,3.55,10,147.92934727668762
3989,4.15,6,147.95916199684143
3990,-1.75,15,148.00190091133118
3991,3.55,10,148.03662729263306
3992,3.85,8,148.06920170783997
3993,4.3,5,148.09796333312988
3994,4.449999999999999,4,148.12711834907532
3995,3.25,12,148.16781377792358
3996,3.4,11,148.20743536949158
3997,3.6999999999999997,9,148.24305844306946
3998,4.449999999999999,4,148.26913261413574
3999,4.6000000000000005,3,148.29773831367493
4000,4.9,1,148.32334995269775
4001,4.0,7,148.35816884040833
4002,4.6000000000000005,3,148.38375973701477
4003,3.85,8,148.42320442199707
4004,4.15,6,148.45085191726685
4005,4.3,5,148.48144054412842
4006,4.3,5,148.51182627677917
4007,4.9,1,148.53302145004272
4008,3.4,11,148.57050967216492
4009,4.3,5,148.59909653663635
4010,4.3,5,148.6272885799408
4011,4.6000000000000005,3,148.6539821624756
4012,4.0,7,148.6904330253601
4013,-1.75,15,148.73510479927063
4014,4.9,1,148.76122879981995
4015,4.15,6,148.79232144355774
4016,4.449999999999999,4,148.8207335472107
4017,3.85,8,148.85720229148865
4018,4.15,6,148.8858983516693
4019,4.9,1,148.9089970588684
4020,4.0,7,149.0933165550232
4021,4.449999999999999,4,149.12324500083923
4022,3.6999999999999997,9,149.16162848472595
4023,4.15,6,149.1958246231079
4024,-1.75,15,149.24466609954834
4025,-1.75,15,149.2917983531952
4026,4.0,7,149.32761454582214
4027,4.449999999999999,4,149.35456538200378
4028,3.85,8,149.39208602905273
4029,4.449999999999999,4,149.42240071296692
4030,4.6000000000000005,3,149.450679063797
4031,3.25,12,149.4923586845398
4032,4.0,7,149.52620482444763
4033,4.449999999999999,4,149.55417037010193
4034,4.3,5,149.58868265151978
4035,4.15,6,149.6233148574829
4036,3.55,10,149.65560674667358
4037,3.55,10,149.69287133216858
4038,3.85,8,149.73317503929138
4039,4.3,5,149.76390147209167
4040,4.6000000000000005,3,149.79161643981934
4041,4.0,7,149.8280222415924
4042,4.449999999999999,4,149.85784435272217
4043,-1.75,15,149.90119791030884
4044,4.0,7,149.93421745300293
4045,4.449999999999999,4,149.96154832839966
4046,4.449999999999999,4,149.98854231834412
4047,3.55,10,150.02608013153076
4048,4.75,2,150.0509796142578
4049,4.3,5,150.08662009239197
4050,4.0,7,150.12731862068176
4051,3.1,13,150.1795094013214
4052,3.6999999999999997,9,150.22002840042114
4053,4.75,2,150.24311995506287
4054,4.75,2,150.27209901809692
4055,4.6000000000000005,3,150.30125451087952
4056,3.85,8,150.33994102478027
4057,4.15,6,150.5372588634491
4058,-1.75,15,150.5817368030548
4059,2.9499999999999997,14,150.6280243396759
4060,3.6999999999999997,9,150.67450952529907
4061,4.449999999999999,4,150.70543503761292
4062,4.449999999999999,4,150.74344873428345
4063,4.75,2,150.7724826335907
4064,4.449999999999999,4,150.802086353302
4065,4.75,2,150.82604503631592
4066,4.449999999999999,4,150.85743188858032
4067,4.449999999999999,4,150.88541746139526
4068,4.6000000000000005,3,150.90963220596313
4069,4.15,6,150.94116139411926
4070,3.85,8,150.97738766670227
4071,3.85,8,151.0109920501709
4072,4.6000000000000005,3,151.04742455482483
4073,3.6999999999999997,9,151.0815098285675
4074,4.3,5,151.11314034461975
4075,3.6999999999999997,9,151.1458067893982
4076,4.75,2,151.17015624046326
4077,4.3,5,151.19719648361206
4078,4.3,5,151.22556853294373
4079,4.3,5,151.25619649887085
4080,4.3,5,151.28663969039917
4081,4.75,2,151.31381106376648
4082,4.449999999999999,4,151.34197545051575
4083,4.75,2,151.372661113739
4084,4.75,2,151.3998785018921
4085,4.449999999999999,4,151.42992305755615
4086,4.6000000000000005,3,151.4585461616516
4087,4.449999999999999,4,151.4909987449646
4088,4.6000000000000005,3,151.52074098587036
4089,4.15,6,151.55095267295837
4090,3.6999999999999997,9,151.58802366256714
4091,4.15,6,151.61958265304565
4092,3.85,8,151.6528627872467
4093,4.0,7,151.68601369857788
4094,4.0,7,151.72040438652039
4095,4.6000000000000005,3,151.7473268508911
4096,3.4,11,151.79324555397034
4097,3.55,10,151.8356635570526
4098,4.0,7,151.87080216407776
4099,4.6000000000000005,3,151.89757442474365
4100,4.449999999999999,4,151.9254469871521
4101,4.449999999999999,4,151.95174169540405
4102,4.449999999999999,4,151.98100304603577
4103,3.25,12,152.19664907455444
4104,-1.75,15,152.25177574157715
4105,4.3,5,152.29125332832336
4106,4.75,2,152.32135105133057
4107,4.3,5,152.35683965682983
4108,4.6000000000000005,3,152.38930749893188
4109,4.75,2,152.41885614395142
4110,4.15,6,152.45154690742493
4111,3.6999999999999997,9,152.491881608963
4112,4.449999999999999,4,152.5294156074524
4113,4.3,5,152.56525349617004
4114,3.85,8,152.61053609848022
4115,4.449999999999999,4,152.64124250411987
4116,-1.75,15,152.68892741203308
4117,4.449999999999999,4,152.71697282791138
4118,4.15,6,152.75264692306519
4119,4.9,1,152.7812602519989
4120,-1.75,15,152.8242151737213
4121,4.3,5,152.85445189476013
4122,4.9,1,152.87666010856628
4123,4.75,2,152.90285968780518
4124,4.6000000000000005,3,152.93105006217957
4125,3.4,11,152.97142624855042
4126,4.9,1,152.99642634391785
4127,4.3,5,153.02813339233398
4128,3.85,8,153.06228518486023
4129,3.4,11,153.09969520568848
4130,4.0,7,153.13470196723938
4131,4.6000000000000005,3,153.1605875492096
4132,3.6999999999999997,9,153.1963665485382
4133,4.15,6,153.23097968101501
4134,4.75,2,153.25542211532593
4135,3.85,8,153.288081407547
4136,4.3,5,153.31431651115417
4137,-1.75,15,153.35690307617188
4138,2.8,15,153.40660429000854
4139,3.85,8,153.44458150863647
4140,4.3,5,153.4759509563446
4141,4.75,2,153.50255632400513
4142,3.85,8,153.5443253517151
4143,4.449999999999999,4,153.74707651138306
4144,3.85,8,153.79012751579285
4145,4.0,7,153.8238513469696
4146,4.75,2,153.85093450546265
4147,4.0,7,153.8850815296173
4148,3.85,8,153.92460656166077
4149,3.25,12,153.96809458732605
4150,4.15,6,153.99797463417053
4151,4.6000000000000005,3,154.02525067329407
4152,4.3,5,154.06063652038574
4153,4.15,6,154.09759092330933
4154,3.85,8,154.1364471912384
4155,4.6000000000000005,3,154.16234827041626
4156,3.6999999999999997,9,154.19827723503113
4157,4.9,1,154.22270250320435
4158,4.0,7,154.25584173202515
4159,4.0,7,154.2973508834839
4160,-1.75,15,154.357666015625
4161,4.3,5,154.39310574531555
4162,-3.35,8,154.4242570400238
4163,3.55,10,154.46258425712585
4164,4.75,2,154.490229845047
4165,4.449999999999999,4,154.51932907104492
4166,4.15,6,154.5538353919983
4167,4.6000000000000005,3,154.5821487903595
4168,4.15,6,154.61592078208923
4169,4.449999999999999,4,154.6452100276947
4170,4.0,7,154.67792797088623
4171,4.15,6,154.71163940429688
4172,3.55,10,154.74966049194336
4173,4.449999999999999,4,154.7813103199005
4174,4.6000000000000005,3,154.80946683883667
4175,4.15,6,154.84363675117493
4176,4.0,7,154.87972235679626
4177,4.449999999999999,4,154.9106800556183
4178,4.449999999999999,4,154.9383144378662
4179,4.0,7,154.97507190704346
4180,3.55,10,155.0067012310028
4181,3.4,11,155.0442521572113
4182,4.449999999999999,4,155.0723729133606
4183,3.6999999999999997,9,155.27872443199158
4184,4.6000000000000005,3,155.3146631717682
4185,3.55,10,155.356139421463
4186,4.449999999999999,4,155.3893439769745
4187,4.449999999999999,4,155.41895961761475
4188,3.6999999999999997,9,155.46535062789917
4189,4.3,5,155.4991581439972
4190,4.449999999999999,4,155.52596235275269
4191,4.75,2,155.55524396896362
4192,4.75,2,155.57803559303284
4193,4.6000000000000005,3,155.60912537574768
4194,3.6999999999999997,9,155.65357899665833
4195,4.15,6,155.6880841255188
4196,3.55,10,155.72486877441406
4197,4.9,1,155.74849009513855
4198,3.85,8,155.7914755344391
4199,3.25,12,155.8303463459015
4200,3.4,11,155.87162971496582
4201,4.15,6,155.90352630615234
4202,4.449999999999999,4,155.93250608444214
4203,4.6000000000000005,3,155.96076369285583
4204,4.6000000000000005,3,155.98700737953186
4205,3.85,8,156.0281262397766
4206,4.6000000000000005,3,156.0563509464264
4207,3.1,13,156.0953974723816
4208,4.3,5,156.12457823753357
4209,4.3,5,156.15583634376526
4210,4.75,2,156.17741870880127
4211,4.6000000000000005,3,156.20285487174988
4212,-3.15,4,156.2356333732605
4213,4.3,5,156.2688250541687
4214,3.85,8,156.30510926246643
4215,4.449999999999999,4,156.3335063457489
4216,4.3,5,156.36849355697632
4217,4.6000000000000005,3,156.3935911655426
4218,-1.75,15,156.43797421455383
4219,4.6000000000000005,3,156.46468353271484
4220,4.6000000000000005,3,156.49206018447876
4221,3.55,10,156.5282859802246
4222,4.0,7,156.5669846534729
4223,3.6999999999999997,9,156.60911226272583
4224,4.449999999999999,4,156.6424539089203
4225,3.4,11,156.6795883178711
4226,4.75,2,156.70717597007751
4227,4.15,6,156.91074681282043
4228,4.75,2,156.9365315437317
4229,4.3,5,156.96697568893433
4230,4.449999999999999,4,157.00575137138367
4231,4.75,2,157.037118434906
4232,4.3,5,157.0713758468628
4233,4.75,2,157.09912538528442
4234,4.15,6,157.13166999816895
4235,3.85,8,157.17041492462158
4236,3.4,11,157.2226791381836
4237,4.6000000000000005,3,157.24953699111938
4238,4.3,5,157.28931260108948
4239,4.3,5,157.3215034008026
4240,4.6000000000000005,3,157.35317420959473
4241,2.9499999999999997,14,157.393803358078
4242,4.0,7,157.4272084236145
4243,4.0,7,157.46044659614563
4244,4.3,5,157.49575638771057
4245,4.15,6,157.5263795852661
4246,4.15,6,157.55791759490967
4247,4.6000000000000005,3,157.58453679084778
4248,3.55,10,157.62230110168457
4249,4.3,5,157.64951825141907
4250,4.6000000000000005,3,157.67500948905945
4251,3.6999999999999997,9,157.71397829055786
4252,4.3,5,157.7427041530609
4253,4.75,2,157.76884984970093
4254,4.3,5,157.80462765693665
4255,4.15,6,157.83620882034302
4256,4.9,1,157.86042833328247
4257,3.85,8,157.8976128101349
4258,4.449999999999999,4,157.92508220672607
4259,4.3,5,157.9531764984131
4260,4.0,7,157.98289799690247
4261,4.0,7,158.01374340057373
4262,3.85,8,158.04486417770386
4263,-3.4,9,158.07674145698547
4264,3.85,8,158.11125659942627
4265,3.85,8,158.14597082138062
4266,4.15,6,158.17557859420776
4267,4.9,1,158.19878220558167
4268,4.9,1,158.223078250885
4269,3.85,8,158.25438356399536
4270,4.3,5,158.28201818466187
4271,4.3,5,158.31181597709656
4272,4.15,6,158.34763526916504
4273,4.449999999999999,4,158.56088423728943
4274,4.15,6,158.59685897827148
4275,4.3,5,158.62846565246582
4276,4.75,2,158.65899324417114
4277,4.75,2,158.68687319755554
4278,4.6000000000000005,3,158.71549892425537
4279,3.55,10,158.7601821422577
4280,4.3,5,158.7910213470459
4281,4.75,2,158.81650137901306
4282,4.449999999999999,4,158.84382486343384
4283,-1.75,15,158.89071893692017
4284,4.449999999999999,4,158.9237072467804
4285,4.449999999999999,4,158.9502146244049
4286,3.6999999999999997,9,158.98222994804382
4287,4.75,2,159.0050663948059
4288,4.449999999999999,4,159.03280472755432
4289,3.85,8,159.0636601448059
4290,4.75,2,159.0918161869049
4291,4.6000000000000005,3,159.1200315952301
4292,3.6999999999999997,9,159.15288162231445
4293,3.4,11,159.1900703907013
4294,4.6000000000000005,3,159.21468877792358
4295,4.0,7,159.2496428489685
4296,4.15,6,159.27895593643188
4297,4.3,5,159.30801391601562
4298,4.6000000000000005,3,159.33218908309937
4299,4.449999999999999,4,159.35761404037476
4300,4.3,5,159.3873541355133
4301,4.3,5,159.42518949508667
4302,4.15,6,159.45693564414978
4303,4.449999999999999,4,159.48273181915283
4304,4.75,2,159.50838923454285
4305,4.75,2,159.53890347480774
4306,4.449999999999999,4,159.57063508033752
4307,4.75,2,159.60019540786743
4308,4.449999999999999,4,159.63078451156616
4309,3.4,11,159.671368598938
4310,-1.75,15,159.71827149391174
4311,4.3,5,159.74927306175232
4312,4.0,7,159.77906012535095
4313,3.55,10,159.81281852722168
4314,4.15,6,159.8414602279663
4315,3.55,10,159.8827133178711
4316,4.3,5,159.9117932319641
4317,4.0,7,159.94458198547363
4318,4.449999999999999,4,159.97601294517517
4319,4.15,6,160.18137764930725
4320,4.0,7,160.2204396724701
4321,4.75,2,160.25313687324524
4322,4.449999999999999,4,160.2962348461151
4323,4.449999999999999,4,160.32717537879944
4324,4.15,6,160.3622977733612
4325,4.6000000000000005,3,160.3916916847229
4326,4.6000000000000005,3,160.4236958026886
4327,4.75,2,160.45183420181274
4328,4.0,7,160.4873173236847
4329,4.6000000000000005,3,160.5161566734314
4330,4.3,5,160.5439157485962
4331,4.6000000000000005,3,160.5714726448059
4332,4.75,2,160.59628224372864
4333,3.85,8,160.63135051727295
4334,4.3,5,160.6585352420807
4335,4.75,2,160.6848738193512
4336,3.55,10,160.71790862083435
4337,4.75,2,160.7422661781311
4338,4.0,7,160.77329778671265
4339,4.449999999999999,4,160.80530166625977
4340,3.55,10,160.8453323841095
4341,4.9,1,160.87103700637817
4342,3.85,8,160.90258884429932
4343,3.55,10,160.945307970047
4344,4.15,6,160.97450017929077
4345,4.3,5,161.00389218330383
4346,4.15,6,161.03487491607666
4347,4.449999999999999,4,161.06245827674866
4348,-1.75,15,161.10471034049988
4349,4.0,7,161.13812136650085
4350,4.6000000000000005,3,161.16709160804749
4351,4.9,1,161.19326329231262
4352,4.6000000000000005,3,161.22216272354126
4353,3.4,11,161.25753378868103
4354,-1.75,15,161.30360102653503
4355,3.85,8,161.33458757400513
4356,3.55,10,161.3687789440155
4357,4.6000000000000005,3,161.39406609535217
4358,4.0,7,161.4266836643219
4359,4.6000000000000005,3,161.45835852622986
4360,4.9,1,161.48382353782654
4361,4.0,7,161.5157265663147
4362,4.449999999999999,4,161.54523754119873
4363,4.6000000000000005,3,161.57453179359436
4364,4.75,2,161.60520219802856
4365,4.15,6,161.63761973381042
4366,4.9,1,161.6725630760193
4367,4.6000000000000005,3,161.7065830230713
4368,3.25,12,161.9455921649933
4369,4.15,6,161.9829752445221
4370,4.3,5,162.01919221878052
4371,4.3,5,162.05406641960144
4372,4.75,2,162.08557510375977
4373,4.449999999999999,4,162.11602306365967
4374,4.75,2,162.14619183540344
4375,3.55,10,162.18827414512634
4376,4.75,2,162.2123019695282
4377,-1.75,15,162.25824546813965
4378,4.6000000000000005,3,162.28492736816406
4379,4.15,6,162.31198906898499
4380,4.15,6,162.35116696357727
4381,4.75,2,162.38302755355835
4382,4.75,2,162.40936946868896
4383,4.75,2,162.43988609313965
4384,4.6000000000000005,3,162.47326612472534
4385,4.15,6,162.50731110572815
4386,4.3,5,162.5390317440033
4387,4.449999999999999,4,162.57168650627136
4388,3.6999999999999997,9,162.61035680770874
4389,4.75,2,162.63678288459778
4390,4.75,2,162.6669306755066
4391,4.9,1,162.69123578071594
4392,4.75,2,162.71673274040222
4393,4.449999999999999,4,162.74713826179504
4394,4.6000000000000005,3,162.778639793396
4395,3.55,10,162.81778144836426
4396,3.4,11,162.85439348220825
4397,4.6000000000000005,3,162.8786222934723
4398,4.449999999999999,4,162.90433621406555
4399,3.6999999999999997,9,162.93652248382568
4400,4.449999999999999,4,162.96722865104675
4401,4.449999999999999,4,162.99342155456543
4402,3.85,8,163.02576208114624
4403,4.75,2,163.05277156829834
4404,3.6999999999999997,9,163.088552236557
4405,-1.75,15,163.1305058002472
4406,4.75,2,163.1569058895111
4407,4.75,2,163.18288350105286
4408,4.6000000000000005,3,163.21029782295227
4409,4.0,7,163.24643111228943
4410,3.55,10,163.28320932388306
4411,3.85,8,163.31813216209412
4412,3.85,8,163.35317373275757
4413,3.6999999999999997,9,163.3867666721344
4414,4.6000000000000005,3,163.41218423843384
4415,3.6999999999999997,9,163.6359715461731
4416,-1.75,15,163.68632793426514
4417,4.0,7,163.723783493042
4418,3.25,12,163.7700035572052
4419,3.4,11,163.80582070350647
4420,4.449999999999999,4,163.8309667110443
4421,3.85,8,163.86716747283936
4422,-1.75,15,163.91087579727173
4423,4.6000000000000005,3,163.9391942024231
4424,4.6000000000000005,3,163.96327543258667
4425,4.6000000000000005,3,163.9886474609375
4426,3.25,12,164.0266833305359
4427,4.0,7,164.05787253379822
4428,4.0,7,164.09716296195984
4429,4.9,1,164.12503099441528
4430,4.449999999999999,4,164.15521883964539
4431,4.449999999999999,4,164.1790897846222
4432,4.9,1,164.20518922805786
4433,3.85,8,164.24095916748047
4434,4.449999999999999,4,164.27524375915527
4435,4.6000000000000005,3,164.30077838897705
4436,4.15,6,164.33519792556763
4437,4.6000000000000005,3,164.35916924476624
4438,-1.75,15,164.4053876399994
4439,4.0,7,164.4407844543457
4440,4.75,2,164.47299313545227
4441,4.9,1,164.50008893013
4442,4.3,5,164.53454041481018
4443,3.1,13,164.57572627067566
4444,4.449999999999999,4,164.6016116142273
4445,-1.75,15,164.64851760864258
4446,4.15,6,164.67886900901794
4447,4.6000000000000005,3,164.70506405830383
4448,4.3,5,164.7359528541565
4449,4.6000000000000005,3,164.76192259788513
4450,4.449999999999999,4,164.79573941230774
4451,3.85,8,164.82848596572876
4452,-1.75,15,164.88637566566467
4453,4.449999999999999,4,165.08304071426392
4454,4.449999999999999,4,165.1143491268158
4455,4.75,2,165.14024543762207
4456,4.75,2,165.1720426082611
4457,4.75,2,165.1998484134674
4458,3.4,11,165.2424511909485
4459,4.0,7,165.27367091178894
4460,3.6999999999999997,9,165.30919408798218
4461,4.9,1,165.33036494255066
4462,3.55,10,165.37213230133057
4463,4.0,7,165.40335512161255
4464,4.75,2,165.42912697792053
4465,4.6000000000000005,3,165.459321975708
4466,4.15,6,165.50057315826416
4467,4.6000000000000005,3,165.52726864814758
4468,3.6999999999999997,9,165.56990575790405
4469,2.9499999999999997,14,165.61480712890625
4470,4.75,2,165.6395125389099
4471,4.75,2,165.66147375106812
4472,4.6000000000000005,3,165.68907046318054
4473,4.3,5,165.7191183567047
4474,4.15,6,165.74912643432617
4475,4.0,7,165.77868270874023
4476,4.6000000000000005,3,165.80771565437317
4477,4.75,2,165.83550810813904
4478,4.75,2,165.85709428787231
4479,3.55,10,165.89404249191284
4480,4.15,6,165.9278655052185
4481,4.6000000000000005,3,165.95348978042603
4482,3.55,10,165.986741065979
4483,4.15,6,166.01272130012512
4484,4.449999999999999,4,166.03911805152893
4485,-1.75,15,166.080721616745
4486,4.449999999999999,4,166.110666513443
4487,4.6000000000000005,3,166.13727188110352
4488,4.449999999999999,4,166.16563653945923
4489,4.0,7,166.19876956939697
4490,4.15,6,166.22840356826782
4491,4.3,5,166.25733470916748
4492,4.449999999999999,4,166.289888381958
4493,-1.75,15,166.33467149734497
4494,3.85,8,166.36916136741638
4495,4.75,2,166.392728805542
4496,3.6999999999999997,9,166.43343782424927
4497,3.6999999999999997,9,166.65162563323975
4498,4.449999999999999,4,166.68349409103394
4499,4.3,5,166.71876883506775
4500,4.6000000000000005,3,166.74350595474243
4501,4.9,1,166.76983857154846
4502,3.6999999999999997,9,166.80842328071594
4503,4.449999999999999,4,166.84163403511047
4504,4.6000000000000005,3,166.86840867996216
4505,4.0,7,166.90913152694702
4506,4.75,2,166.9385268688202
4507,3.85,8,166.97460651397705
4508,3.4,11,167.01001501083374
4509,4.0,7,167.04086899757385
4510,4.15,6,167.07307410240173
4511,4.15,6,167.10898280143738
4512,4.9,1,167.13783740997314
4513,4.3,5,167.16395568847656
4514,4.449999999999999,4,167.1931631565094
4515,4.0,7,167.22368335723877
4516,3.25,12,167.2683391571045
4517,4.3,5,167.30044412612915
4518,4.75,2,167.32313418388367
4519,4.6000000000000005,3,167.34636616706848
4520,3.6999999999999997,9,167.381000995636
4521,-3.15,4,167.40892910957336
4522,4.6000000000000005,3,167.43777990341187
4523,4.75,2,167.4634771347046
4524,-1.75,15,167.50937175750732
4525,4.0,7,167.54313254356384
4526,4.75,2,167.57392263412476
4527,4.3,5,167.60914421081543
4528,4.3,5,167.63864660263062
4529,4.449999999999999,4,167.66667890548706
4530,4.6000000000000005,3,167.69154715538025
4531,4.6000000000000005,3,167.7182285785675
4532,4.449999999999999,4,167.74263405799866
4533,3.6999999999999997,9,167.7749354839325
4534,4.0,7,167.80455803871155
4535,4.15,6,167.8342308998108
4536,4.75,2,167.85875058174133
4537,4.6000000000000005,3,167.88802647590637
4538,4.6000000000000005,3,167.92035746574402
4539,4.449999999999999,4,167.95076656341553
4540,4.0,7,167.98494362831116
4541,4.449999999999999,4,168.01860094070435
4542,-1.75,15,168.06684279441833
4543,4.6000000000000005,3,168.09984803199768
4544,4.6000000000000005,3,168.12932109832764
4545,4.75,2,168.15582704544067
4546,-1.75,15,168.35598373413086
4547,4.75,2,168.38529133796692
4548,4.449999999999999,4,168.41292595863342
4549,4.3,5,168.44225144386292
4550,3.55,10,168.4787244796753
4551,3.85,8,168.51092648506165
4552,4.449999999999999,4,168.541353225708
4553,-1.75,15,168.59399008750916
4554,4.0,7,168.632150888443
4555,3.85,8,168.66647815704346
4556,4.75,2,168.69202327728271
4557,4.15,6,168.7219500541687
4558,4.0,7,168.75869846343994
4559,4.3,5,168.78971695899963
4560,4.75,2,168.81890726089478
4561,4.0,7,168.8531403541565
4562,4.0,7,168.8891716003418
4563,4.6000000000000005,3,168.9158434867859
4564,4.9,1,168.93809747695923
4565,4.6000000000000005,3,168.96723198890686
4566,4.6000000000000005,3,168.9938404560089
4567,4.6000000000000005,3,169.02547526359558
4568,3.4,11,169.0712492465973
4569,4.15,6,169.11028718948364
4570,4.449999999999999,4,169.14259099960327
4571,4.75,2,169.1686487197876
4572,4.449999999999999,4,169.1967601776123
4573,4.75,2,169.22157835960388
4574,3.25,12,169.25880551338196
4575,3.6999999999999997,9,169.2962567806244
4576,4.3,5,169.3256859779358
4577,3.6999999999999997,9,169.3594844341278
4578,3.85,8,169.39275527000427
4579,4.0,7,169.42453289031982
4580,4.3,5,169.459246635437
4581,4.3,5,169.48832869529724
4582,4.9,1,169.5091254711151
4583,4.75,2,169.53775572776794
4584,3.1,13,169.5852813720703
4585,4.0,7,169.61736369132996
4586,4.75,2,169.6425380706787
4587,4.75,2,169.6704297065735
4588,4.75,2,169.69976949691772
4589,4.6000000000000005,3,169.73023128509521
4590,3.4,11,169.76788449287415
4591,3.85,8,169.95493412017822
4592,3.85,8,169.98864221572876
4593,4.6000000000000005,3,170.01452469825745
4594,4.3,5,170.04067945480347
4595,4.15,6,170.072003364563
4596,4.0,7,170.10474491119385
4597,4.449999999999999,4,170.13426733016968
4598,4.449999999999999,4,170.16965699195862
4599,4.6000000000000005,3,170.20570921897888
4600,4.6000000000000005,3,170.23645281791687
4601,4.449999999999999,4,170.26457357406616
4602,4.3,5,170.2976942062378
4603,4.449999999999999,4,170.32813239097595
4604,3.85,8,170.36903476715088
4605,4.449999999999999,4,170.40317559242249
4606,4.449999999999999,4,170.4319212436676
4607,4.0,7,170.46663117408752
4608,4.15,6,170.49907112121582
4609,4.75,2,170.52314686775208
4610,4.3,5,170.55387377738953
4611,4.15,6,170.58687329292297
4612,3.25,12,170.62358283996582
4613,3.4,11,170.66230416297913
4614,4.0,7,170.69758939743042
4615,4.6000000000000005,3,170.72584319114685
4616,3.55,10,170.7593011856079
4617,4.6000000000000005,3,170.7846486568451
4618,3.55,10,170.81994080543518
4619,4.75,2,170.8446044921875
4620,4.449999999999999,4,170.87448620796204
4621,4.0,7,170.9028811454773
4622,4.15,6,170.9419333934784
4623,3.4,11,170.98679542541504
4624,3.85,8,171.02152585983276
4625,4.15,6,171.05364108085632
4626,3.85,8,171.09505677223206
4627,4.75,2,171.12460565567017
4628,4.0,7,171.1565580368042
4629,-1.75,15,171.2074851989746
4630,4.3,5,171.24660348892212
4631,3.55,10,171.29052090644836
4632,4.3,5,171.32656002044678
4633,4.9,1,171.52071261405945
4634,-3.2,5,171.54915070533752
4635,4.3,5,171.57829689979553
4636,4.449999999999999,4,171.60555624961853
4637,4.449999999999999,4,171.63259649276733
4638,3.6999999999999997,9,171.66790437698364
4639,4.449999999999999,4,171.69514226913452
4640,3.85,8,171.7374312877655
4641,4.75,2,171.76952981948853
4642,4.6000000000000005,3,171.79589557647705
4643,3.4,11,171.83146810531616
4644,4.6000000000000005,3,171.8550181388855
4645,4.75,2,171.8776786327362
4646,4.15,6,171.90802597999573
4647,3.25,12,171.94359421730042
4648,4.15,6,171.97439813613892
4649,4.6000000000000005,3,171.99998116493225
4650,3.1,13,172.03784441947937
4651,3.85,8,172.07032680511475
4652,4.75,2,172.0963578224182
4653,-3.4,9,172.13224267959595
4654,4.6000000000000005,3,172.15712809562683
4655,4.0,7,172.1930513381958
4656,4.15,6,172.2228217124939
4657,4.75,2,172.24946451187134
4658,4.3,5,172.28343152999878
4659,4.9,1,172.30903720855713
4660,4.449999999999999,4,172.3378689289093
4661,4.9,1,172.36185956001282
4662,3.6999999999999997,9,172.3978910446167
4663,4.3,5,172.43162417411804
4664,4.6000000000000005,3,172.46057033538818
4665,3.4,11,172.50171184539795
4666,-3.5,11,172.5438802242279
4667,4.9,1,172.5721185207367
4668,4.75,2,172.59900975227356
4669,4.9,1,172.62275767326355
4670,3.85,8,172.66853976249695
4671,4.9,1,172.703467130661
4672,4.449999999999999,4,172.7347071170807
4673,4.449999999999999,4,172.76821327209473
4674,4.449999999999999,4,172.7944700717926
4675,4.0,7,172.82626008987427
4676,3.4,11,172.8659257888794
4677,4.75,2,172.89334321022034
4678,4.3,5,172.92557859420776
4679,3.55,10,172.96482801437378
4680,4.75,2,172.9878191947937
4681,4.0,7,173.17014479637146
4682,4.0,7,173.2047426700592
4683,4.3,5,173.23957562446594
4684,3.55,10,173.2788438796997
4685,4.6000000000000005,3,173.3056263923645
4686,4.15,6,173.3369996547699
4687,4.449999999999999,4,173.3625864982605
4688,4.449999999999999,4,173.38945198059082
4689,4.9,1,173.4117555618286
4690,4.9,1,173.43727588653564
4691,4.15,6,173.46707010269165
4692,3.25,12,173.50965118408203
4693,4.6000000000000005,3,173.5440378189087
4694,4.6000000000000005,3,173.57532906532288
4695,4.75,2,173.60651016235352
4696,4.15,6,173.64346504211426
4697,3.55,10,173.6843445301056
4698,4.449999999999999,4,173.72180652618408
4699,4.449999999999999,4,173.75117206573486
4700,4.15,6,173.7905375957489
4701,4.15,6,173.8312120437622
4702,4.449999999999999,4,173.86404156684875
4703,3.25,12,173.90670013427734
4704,4.3,5,173.93875193595886
4705,-1.75,15,173.98181629180908
4706,4.75,2,174.00596165657043
4707,4.3,5,174.0328550338745
4708,4.75,2,174.06210136413574
4709,3.6999999999999997,9,174.09911036491394
4710,3.85,8,174.140389919281
4711,4.449999999999999,4,174.17225050926208
4712,4.449999999999999,4,174.20894026756287
4713,3.55,10,174.25610208511353
4714,4.449999999999999,4,174.28894448280334
4715,4.75,2,174.31674599647522
4716,3.85,8,174.35384440422058
4717,4.6000000000000005,3,174.39029335975647
4718,4.449999999999999,4,174.42602491378784
4719,4.6000000000000005,3,174.45923900604248
4720,4.6000000000000005,3,174.48889231681824
4721,4.75,2,174.51443910598755
4722,4.449999999999999,4,174.54307436943054
4723,4.0,7,174.580579996109
4724,3.25,12,174.6240313053131
4725,3.85,8,174.65585565567017
4726,3.55,10,174.6943814754486
4727,3.6999999999999997,9,174.8879199028015
4728,4.3,5,174.93379306793213
4729,4.6000000000000005,3,174.9738199710846
4730,4.75,2,175.01014757156372
4731,4.449999999999999,4,175.04711604118347
4732,4.3,5,175.08316135406494
4733,4.0,7,175.1307234764099
4734,3.4,11,175.17301058769226
4735,4.3,5,175.20528984069824
4736,3.6999999999999997,9,175.2379777431488
4737,4.6000000000000005,3,175.26256203651428
4738,4.449999999999999,4,175.2898244857788
4739,3.55,10,175.32851243019104
4740,4.449999999999999,4,175.35744786262512
4741,3.55,10,175.39328241348267
4742,4.75,2,175.41878128051758
4743,4.6000000000000005,3,175.44583463668823
4744,4.449999999999999,4,175.47086715698242
4745,4.75,2,175.49748635292053
4746,4.6000000000000005,3,175.52238011360168
4747,3.25,12,175.56612968444824
4748,4.6000000000000005,3,175.5983386039734
4749,4.15,6,175.6306390762329
4750,4.3,5,175.66823720932007
4751,3.6999999999999997,9,175.70841217041016
4752,4.3,5,175.74039483070374
4753,-1.75,15,175.7870171070099
4754,4.449999999999999,4,175.82183861732483
4755,3.85,8,175.86151432991028
4756,3.85,8,175.897775888443
4757,3.85,8,175.9297637939453
4758,-1.75,15,175.97587299346924
4759,4.0,7,176.01199531555176
4760,4.6000000000000005,3,176.0400676727295
4761,4.3,5,176.07049417495728
4762,3.6999999999999997,9,176.11068487167358
4763,3.6999999999999997,9,176.15357899665833
4764,4.6000000000000005,3,176.1831090450287
4765,4.449999999999999,4,176.21828722953796
4766,4.3,5,176.24432134628296
4767,4.0,7,176.27874493598938
4768,4.0,7,176.4773828983307
4769,4.449999999999999,4,176.50659608840942
4770,4.75,2,176.53607082366943
4771,4.15,6,176.56838274002075
4772,4.6000000000000005,3,176.59703469276428
4773,4.3,5,176.6269097328186
4774,4.449999999999999,4,176.65590453147888
4775,-1.75,15,176.6997935771942
4776,4.15,6,176.7326626777649
4777,3.25,12,176.7786898612976
4778,4.0,7,176.8098602294922
4779,3.55,10,176.8554801940918
4780,4.6000000000000005,3,176.89531540870667
4781,4.6000000000000005,3,176.93213033676147
4782,4.6000000000000005,3,176.95992612838745
4783,4.449999999999999,4,176.98950862884521
4784,3.85,8,177.02250003814697
4785,4.6000000000000005,3,177.04765272140503
4786,4.6000000000000005,3,177.0813250541687
4787,4.6000000000000005,3,177.10652804374695
4788,4.75,2,177.1286609172821
4789,3.6999999999999997,9,177.16771507263184
4790,4.15,6,177.2009117603302
4791,3.55,10,177.23798871040344
4792,-1.75,15,177.28922748565674
4793,3.6999999999999997,9,177.32794213294983
4794,4.449999999999999,4,177.3612310886383
4795,4.0,7,177.39923667907715
4796,4.449999999999999,4,177.4284384250641
4797,4.15,6,177.4605996608734
4798,3.85,8,177.5002737045288
4799,3.6999999999999997,9,177.5456268787384
4800,4.6000000000000005,3,177.57381963729858
4801,3.4,11,177.62009572982788
4802,4.3,5,177.65121722221375
4803,2.9499999999999997,14,177.7005250453949
4804,4.9,1,177.72188258171082
4805,4.449999999999999,4,177.7472424507141
4806,3.85,8,177.77828764915466
4807,4.449999999999999,4,177.80661582946777
4808,4.75,2,177.8297562599182
4809,3.4,11,178.01918411254883
4810,3.85,8,178.05290579795837
4811,3.6999999999999997,9,178.08625555038452
4812,4.6000000000000005,3,178.11491632461548
4813,4.75,2,178.13851284980774
4814,4.0,7,178.17062616348267
4815,4.15,6,178.20154213905334
4816,4.3,5,178.23308038711548
4817,3.4,11,178.27524209022522
4818,4.15,6,178.3145203590393
4819,4.6000000000000005,3,178.3398883342743
4820,4.6000000000000005,3,178.3642098903656
4821,4.0,7,178.39697170257568
4822,3.55,10,178.440043926239
4823,4.3,5,178.4736669063568
4824,4.3,5,178.50555324554443
4825,4.3,5,178.5416750907898
4826,3.6999999999999997,9,178.58468580245972
4827,3.85,8,178.61910486221313
4828,4.75,2,178.64420557022095
4829,4.6000000000000005,3,178.67620038986206
4830,4.9,1,178.70317244529724
4831,4.9,1,178.73501706123352
4832,3.85,8,178.77420043945312
4833,4.0,7,178.8104808330536
4834,4.75,2,178.84066891670227
4835,3.6999999999999997,9,178.87549209594727
4836,-1.75,15,178.92974209785461
4837,4.449999999999999,4,178.959734916687
4838,3.85,8,179.00027179718018
4839,4.6000000000000005,3,179.02636051177979
4840,4.6000000000000005,3,179.0539355278015
4841,4.9,1,179.08783173561096
4842,4.449999999999999,4,179.12236499786377
4843,3.6999999999999997,9,179.16214275360107
4844,4.449999999999999,4,179.19174933433533
4845,3.4,11,179.23854756355286
4846,-1.75,15,179.28275108337402
4847,4.75,2,179.31485843658447
4848,4.15,6,179.3434555530548
4849,4.15,6,179.37432718276978
4850,4.0,7,179.40936398506165
4851,4.6000000000000005,3,179.44414258003235
4852,4.75,2,179.47101950645447
4853,4.75,2,179.4933934211731
4854,-1.75,15,179.6905333995819
4855,4.15,6,179.7243263721466
4856,4.75,2,179.75175499916077
4857,4.15,6,179.78044199943542
4858,3.85,8,179.8173623085022
4859,3.85,8,179.8483407497406
4860,4.9,1,179.8726201057434
4861,4.449999999999999,4,179.90317726135254
4862,4.6000000000000005,3,179.92936515808105
4863,3.1,13,179.97730803489685
4864,4.3,5,180.0092213153839
4865,4.0,7,180.03998732566833
4866,4.75,2,180.06480813026428
4867,4.75,2,180.08792352676392
4868,4.6000000000000005,3,180.11396718025208
4869,4.75,2,180.14216136932373
4870,4.15,6,180.17383933067322
4871,4.6000000000000005,3,180.2075388431549
4872,4.449999999999999,4,180.24848318099976
4873,3.6999999999999997,9,180.28512716293335
4874,4.0,7,180.32191276550293
4875,-1.75,15,180.37086153030396
4876,4.75,2,180.39491033554077
4877,4.6000000000000005,3,180.43193864822388
4878,4.449999999999999,4,180.4638476371765
4879,4.449999999999999,4,180.49363017082214
4880,4.6000000000000005,3,180.52753472328186
4881,-1.75,15,180.579030752182
4882,4.3,5,180.6103332042694
4883,4.6000000000000005,3,180.64099740982056
4884,-1.75,15,180.68730759620667
4885,4.6000000000000005,3,180.71013617515564
4886,4.449999999999999,4,180.73787117004395
4887,4.3,5,180.77424478530884
4888,4.6000000000000005,3,180.80448865890503
4889,4.0,7,180.84612250328064
4890,4.75,2,180.8763816356659
4891,4.15,6,180.9103193283081
4892,4.6000000000000005,3,180.93606662750244
4893,4.75,2,180.95917415618896
4894,4.3,5,180.9888186454773
4895,3.6999999999999997,9,181.02361035346985
4896,4.75,2,181.05130243301392
4897,3.6999999999999997,9,181.08702516555786
4898,3.4,11,181.12432527542114
4899,4.6000000000000005,3,181.29208135604858
4900,4.75,2,181.31865811347961
4901,4.3,5,181.3442142009735
4902,3.6999999999999997,9,181.37577390670776
4903,4.15,6,181.4044795036316
4904,4.3,5,181.4315664768219
4905,4.75,2,181.45780658721924
4906,4.449999999999999,4,181.48441004753113
4907,4.449999999999999,4,181.51182651519775
4908,4.75,2,181.53646850585938
4909,4.0,7,181.57293105125427
4910,4.9,1,181.60023641586304
4911,4.75,2,181.62532377243042
4912,3.55,10,181.65979266166687
4913,3.25,12,181.70840525627136
4914,3.55,10,181.7459421157837
4915,3.85,8,181.782244682312
4916,4.75,2,181.80702686309814
4917,3.85,8,181.84215235710144
4918,4.0,7,181.87479400634766
4919,4.9,1,181.90092587471008
4920,4.0,7,181.93998456001282
4921,3.85,8,181.97669529914856
4922,3.85,8,182.01887702941895
4923,4.9,1,182.04756450653076
4924,4.6000000000000005,3,182.08209681510925
4925,4.75,2,182.10898542404175
4926,4.6000000000000005,3,182.139062166214
4927,4.6000000000000005,3,182.16922640800476
4928,4.9,1,182.19842290878296
4929,4.6000000000000005,3,182.2281494140625
4930,4.449999999999999,4,182.25751566886902
4931,3.25,12,182.29962158203125
4932,4.75,2,182.32515335083008
4933,3.4,11,182.3647060394287
4934,4.0,7,182.40309238433838
4935,3.4,11,182.44922924041748
4936,4.6000000000000005,3,182.4757263660431
4937,4.75,2,182.50065326690674
4938,4.3,5,182.52877569198608
4939,4.15,6,182.56119012832642
4940,4.449999999999999,4,182.59079551696777
4941,4.0,7,182.62275338172913
4942,-1.75,15,182.66830372810364
4943,4.449999999999999,4,182.69653296470642
4944,4.6000000000000005,3,182.73095536231995
4945,4.6000000000000005,3,182.75784921646118
4946,4.3,5,182.78671026229858
4947,4.9,1,182.81220698356628
4948,4.75,2,182.83765482902527
4949,4.6000000000000005,3,183.01379132270813
4950,4.6000000000000005,3,183.03787970542908
4951,3.85,8,183.06906867027283
4952,4.3,5,183.09978866577148
4953,4.449999999999999,4,183.1311113834381
4954,4.75,2,183.1560366153717
4955,-1.75,15,183.21055245399475
4956,4.449999999999999,4,183.24068403244019
4957,4.6000000000000005,3,183.26981449127197
4958,4.6000000000000005,3,183.29622387886047
4959,4.9,1,183.32708740234375
4960,3.6999999999999997,9,183.36654448509216
4961,4.6000000000000005,3,183.39284110069275
4962,4.0,7,183.42252898216248
4963,4.6000000000000005,3,183.45153832435608
4964,3.85,8,183.48520493507385
4965,4.15,6,183.52052283287048
4966,3.85,8,183.5572748184204
4967,3.6999999999999997,9,183.60086941719055
4968,4.6000000000000005,3,183.62746453285217
4969,4.449999999999999,4,183.661447763443
4970,3.6999999999999997,9,183.70615482330322
4971,4.9,1,183.73726439476013
4972,4.449999999999999,4,183.76934504508972
4973,4.75,2,183.80272507667542
4974,4.449999999999999,4,183.83465933799744
4975,4.6000000000000005,3,183.86600589752197
4976,4.15,6,183.89751076698303
4977,4.9,1,183.92520713806152
4978,4.75,2,183.9529309272766
4979,4.449999999999999,4,183.98703360557556
4980,4.0,7,184.02440881729126
4981,4.75,2,184.0555624961853
4982,4.0,7,184.0877594947815
4983,4.15,6,184.11642909049988
4984,4.449999999999999,4,184.14534544944763
4985,3.55,10,184.18323683738708
4986,4.0,7,184.2183620929718
4987,4.15,6,184.2515823841095
4988,3.55,10,184.28794503211975
4989,4.75,2,184.3151409626007
4990,4.3,5,184.34511995315552
4991,4.3,5,184.37882351875305
4992,4.0,7,184.41302132606506
4993,4.3,5,184.44223594665527
4994,3.6999999999999997,9,184.4815104007721
4995,4.75,2,184.50535321235657
4996,3.6999999999999997,9,184.54022812843323
4997,4.3,5,184.57118010520935
4998,-1.75,15,184.76095867156982
4999,4.75,2,184.7840006351471
5000,4.15,6,184.81505799293518
5001,4.15,6,184.84716153144836
5002,4.15,6,184.8747878074646
5003,3.85,8,184.90634512901306
5004,4.75,2,184.92997646331787
5005,4.15,6,184.95624542236328
5006,4.75,2,184.9839825630188
5007,4.6000000000000005,3,185.00823402404785
5008,4.9,1,185.03184723854065
5009,4.3,5,185.06952929496765
5010,4.0,7,185.10158824920654
5011,4.449999999999999,4,185.12742376327515
5012,4.15,6,185.16458749771118
5013,4.15,6,185.1998221874237
5014,4.15,6,185.23619747161865
5015,4.15,6,185.27031326293945
5016,3.6999999999999997,9,185.3046612739563
5017,4.75,2,185.3310010433197
5018,3.6999999999999997,9,185.3735852241516
5019,4.6000000000000005,3,185.4006063938141
5020,4.6000000000000005,3,185.42496299743652
5021,4.449999999999999,4,185.45829701423645
5022,4.3,5,185.49506330490112
5023,4.6000000000000005,3,185.52269387245178
5024,4.15,6,185.55986499786377
5025,4.0,7,185.6022629737854
5026,4.75,2,185.62689065933228
5027,4.449999999999999,4,185.65556287765503
5028,4.0,7,185.69545936584473
5029,4.3,5,185.73240685462952
5030,3.85,8,185.76648950576782
5031,4.75,2,185.7914924621582
5032,-1.75,15,185.8357858657837
5033,4.15,6,185.86900544166565
5034,4.3,5,185.8997323513031
5035,4.15,6,185.9306182861328
5036,4.75,2,185.9556224346161
5037,3.85,8,185.9899582862854
5038,-1.75,15,186.03462529182434
5039,3.6999999999999997,9,186.07186222076416
5040,3.6999999999999997,9,186.10554695129395
5041,4.9,1,186.13216614723206
5042,4.9,1,186.15492725372314
5043,4.75,2,186.183607339859
5044,4.75,2,186.2076075077057
5045,4.3,5,186.38087105751038
5046,3.4,11,186.4165382385254
5047,3.85,8,186.4471116065979
5048,4.15,6,186.47727632522583
5049,4.6000000000000005,3,186.5007197856903
5050,4.449999999999999,4,186.53025555610657
5051,4.3,5,186.56231570243835
5052,4.0,7,186.5940010547638
5053,-1.75,15,186.64272046089172
5054,-1.75,15,186.69428515434265
5055,3.85,8,186.72659587860107
5056,4.9,1,186.74814820289612
5057,4.15,6,186.78370881080627
5058,4.75,2,186.808762550354
5059,3.55,10,186.85102605819702
5060,4.75,2,186.8830897808075
5061,-3.6,13,186.92899823188782
5062,3.6999999999999997,9,186.96856212615967
5063,4.75,2,186.998042345047
5064,4.3,5,187.031578540802
5065,4.15,6,187.07312655448914
5066,4.75,2,187.09917187690735
5067,4.75,2,187.12501525878906
5068,4.0,7,187.16208219528198
5069,3.25,12,187.20284152030945
5070,-1.75,15,187.25042915344238
5071,4.15,6,187.28585815429688
5072,4.6000000000000005,3,187.3117778301239
5073,4.6000000000000005,3,187.3374161720276
5074,3.6999999999999997,9,187.37268137931824
5075,4.75,2,187.40128231048584
5076,4.3,5,187.43387603759766
5077,4.0,7,187.46398663520813
5078,4.449999999999999,4,187.49382519721985
5079,3.85,8,187.52671933174133
5080,4.9,1,187.55094170570374
5081,3.85,8,187.5837483406067
5082,4.75,2,187.60767722129822
5083,4.75,2,187.6322524547577
5084,4.15,6,187.66050910949707
5085,4.0,7,187.6937427520752
5086,4.6000000000000005,3,187.72133326530457
5087,4.0,7,187.9081106185913
5088,4.15,6,187.9423270225525
5089,4.6000000000000005,3,187.97135257720947
5090,3.6999999999999997,9,188.00495100021362
5091,4.75,2,188.02777338027954
5092,4.6000000000000005,3,188.05467104911804
5093,4.3,5,188.0804660320282
5094,4.15,6,188.1087794303894
5095,4.15,6,188.13986158370972
5096,3.85,8,188.17216801643372
5097,4.6000000000000005,3,188.20242500305176
5098,4.449999999999999,4,188.23334670066833
5099,4.449999999999999,4,188.26583194732666
5100,4.6000000000000005,3,188.296067237854
5101,4.75,2,188.32005906105042
5102,3.6999999999999997,9,188.3568615913391
5103,4.9,1,188.38706493377686
5104,4.75,2,188.41955494880676
5105,3.4,11,188.45890593528748
5106,4.0,7,188.4985795021057
5107,4.75,2,188.52606654167175
5108,4.75,2,188.55207800865173
5109,4.6000000000000005,3,188.5805790424347
5110,4.6000000000000005,3,188.6069359779358
5111,4.449999999999999,4,188.63783168792725
5112,4.75,2,188.66398310661316
5113,4.449999999999999,4,188.69262051582336
5114,4.449999999999999,4,188.72268271446228
5115,4.3,5,188.75347328186035
5116,4.449999999999999,4,188.78207874298096
5117,4.75,2,188.80946612358093
5118,3.6999999999999997,9,188.84553599357605
5119,4.6000000000000005,3,188.87123012542725
5120,4.449999999999999,4,188.89712047576904
5121,4.0,7,188.935373544693
5122,4.9,1,188.9578676223755
5123,3.85,8,188.98980045318604
5124,4.75,2,189.01625728607178
5125,4.449999999999999,4,189.04249262809753
5126,3.85,8,189.07362127304077
5127,-1.75,15,189.11783933639526
5128,4.6000000000000005,3,189.1469759941101
5129,4.6000000000000005,3,189.17530703544617
5130,3.85,8,189.20845699310303
5131,-3.25,6,189.2383279800415
5132,-3.2,5,189.2691683769226
5133,4.6000000000000005,3,189.2996072769165
5134,4.449999999999999,4,189.32585382461548
5135,3.6999999999999997,9,189.36456823349
5136,-1.75,15,189.4089949131012
5137,4.3,5,189.5892767906189
5138,3.85,8,189.62273502349854
5139,4.6000000000000005,3,189.65217328071594
5140,3.55,10,189.69026494026184
5141,4.449999999999999,4,189.7268579006195
5142,4.75,2,189.75260877609253
5143,3.55,10,189.7958595752716
5144,4.449999999999999,4,189.82403326034546
5145,4.75,2,189.85379076004028
5146,4.0,7,189.8869845867157
5147,3.55,10,189.92813372612
5148,4.6000000000000005,3,189.95385479927063
5149,4.3,5,189.98371958732605
5150,4.9,1,190.01609086990356
5151,4.15,6,190.05109882354736
5152,4.9,1,190.07400631904602
5153,3.25,12,190.1151487827301
5154,4.449999999999999,4,190.14400434494019
5155,3.6999999999999997,9,190.19477248191833
5156,3.1,13,190.24081206321716
5157,4.0,7,190.2841775417328
5158,3.6999999999999997,9,190.33363246917725
5159,4.6000000000000005,3,190.3651328086853
5160,3.85,8,190.40118145942688
5161,3.55,10,190.44453191757202
5162,3.6999999999999997,9,190.48054790496826
5163,4.9,1,190.50676107406616
5164,4.15,6,190.53594827651978
5165,4.15,6,190.56974339485168
5166,4.6000000000000005,3,190.59507131576538
5167,4.6000000000000005,3,190.61963081359863
5168,4.449999999999999,4,190.6499845981598
5169,4.3,5,190.6835331916809
5170,4.3,5,190.7115194797516
5171,4.449999999999999,4,190.7404534816742
5172,4.15,6,190.7732264995575
5173,3.55,10,190.80886125564575
5174,4.15,6,190.838534116745
5175,4.449999999999999,4,190.8662724494934
5176,3.55,10,190.90168118476868
5177,4.449999999999999,4,190.93233442306519
5178,4.3,5,190.95993995666504
5179,4.3,5,190.98672652244568
5180,3.1,13,191.17003750801086
5181,-3.2,5,191.20335578918457
5182,-1.75,15,191.2453236579895
5183,4.9,1,191.26818823814392
5184,4.0,7,191.29927253723145
5185,-3.45,10,191.3388319015503
5186,4.0,7,191.38484072685242
5187,4.75,2,191.41608715057373
5188,-3.35,8,191.46227478981018
5189,4.3,5,191.49771976470947
5190,4.75,2,191.52412056922913
5191,4.15,6,191.5560817718506
5192,4.3,5,191.58621859550476
5193,4.0,7,191.62399053573608
5194,4.75,2,191.6519787311554
5195,4.6000000000000005,3,191.67734599113464
5196,4.6000000000000005,3,191.70417022705078
5197,4.449999999999999,4,191.7416114807129
5198,4.0,7,191.78273272514343
5199,4.449999999999999,4,191.81357526779175
5200,4.6000000000000005,3,191.84197759628296
5201,4.15,6,191.87533140182495
5202,4.449999999999999,4,191.9020130634308
5203,4.6000000000000005,3,191.92520689964294
5204,4.75,2,191.94882202148438
5205,4.3,5,191.9764952659607
5206,4.75,2,191.99905586242676
5207,3.25,12,192.03784251213074
5208,4.3,5,192.06749415397644
5209,3.6999999999999997,9,192.1025094985962
5210,4.6000000000000005,3,192.12797331809998
5211,-1.75,15,192.17339658737183
5212,4.3,5,192.2028031349182
5213,4.6000000000000005,3,192.23086261749268
5214,3.85,8,192.26517534255981
5215,4.3,5,192.29480981826782
5216,4.0,7,192.32636308670044
5217,4.0,7,192.35905528068542
5218,4.6000000000000005,3,192.38672733306885
5219,4.6000000000000005,3,192.4116930961609
5220,4.15,6,192.44908928871155
5221,3.4,11,192.496835231781
5222,4.6000000000000005,3,192.52555799484253
5223,4.6000000000000005,3,192.55438590049744
5224,4.75,2,192.58085417747498
5225,4.449999999999999,4,192.60745286941528
5226,4.449999999999999,4,192.6387665271759
5227,4.15,6,192.82058453559875
5228,4.75,2,192.8465278148651
5229,3.55,10,192.8842420578003
5230,4.9,1,192.90934109687805
5231,4.75,2,192.93426394462585
5232,3.1,13,192.97680735588074
5233,3.85,8,193.01213383674622
5234,4.449999999999999,4,193.0439248085022
5235,4.449999999999999,4,193.07183074951172
5236,4.3,5,193.10265254974365
5237,3.4,11,193.1445825099945
5238,4.449999999999999,4,193.17226791381836
5239,4.3,5,193.20775389671326
5240,4.6000000000000005,3,193.23755741119385
5241,4.9,1,193.2631630897522
5242,4.449999999999999,4,193.30133199691772
5243,3.6999999999999997,9,193.33778977394104
5244,4.0,7,193.3720076084137
5245,4.3,5,193.40467190742493
5246,3.6999999999999997,9,193.44025182724
5247,-1.75,15,193.49221301078796
5248,4.75,2,193.521799325943
5249,3.85,8,193.5562298297882
5250,4.6000000000000005,3,193.5837917327881
5251,3.55,10,193.62517976760864
5252,4.75,2,193.65417313575745
5253,4.6000000000000005,3,193.68889617919922
5254,4.449999999999999,4,193.72511982917786
5255,3.55,10,193.7665684223175
5256,4.15,6,193.80032539367676
5257,3.55,10,193.83958983421326
5258,3.4,11,193.88460850715637
5259,4.6000000000000005,3,193.9132695198059
5260,4.3,5,193.9475486278534
5261,4.0,7,193.97970867156982
5262,3.4,11,194.0189254283905
5263,4.449999999999999,4,194.04700255393982
5264,4.0,7,194.0786919593811
5265,4.6000000000000005,3,194.10415863990784
5266,3.6999999999999997,9,194.14017796516418
5267,4.0,7,194.1730239391327
5268,3.4,11,194.36586666107178
5269,4.75,2,194.38813018798828
5270,4.0,7,194.41865134239197
5271,3.6999999999999997,9,194.45462894439697
5272,3.55,10,194.4949460029602
5273,4.15,6,194.52815341949463
5274,-3.2,5,194.56328630447388
5275,4.0,7,194.59764051437378
5276,4.449999999999999,4,194.63014101982117
5277,4.15,6,194.66663193702698
5278,4.75,2,194.69065952301025
5279,4.15,6,194.73155069351196
5280,3.85,8,194.76774144172668
5281,4.75,2,194.79793787002563
5282,4.3,5,194.82772374153137
5283,4.9,1,194.85137462615967
5284,4.6000000000000005,3,194.88155555725098
5285,3.25,12,194.9238841533661
5286,4.6000000000000005,3,194.95415806770325
5287,3.6999999999999997,9,194.9990258216858
5288,4.9,1,195.02701449394226
5289,3.85,8,195.0602104663849
5290,-3.1,3,195.087012052536
5291,4.9,1,195.11326694488525
5292,4.0,7,195.14564752578735
5293,4.0,7,195.1780424118042
5294,-1.75,15,195.23089408874512
5295,4.0,7,195.2618691921234
5296,3.4,11,195.30812668800354
5297,4.449999999999999,4,195.33552169799805
5298,4.6000000000000005,3,195.3621780872345
5299,4.6000000000000005,3,195.38886857032776
5300,4.449999999999999,4,195.41741609573364
5301,4.75,2,195.44314217567444
5302,4.15,6,195.47373819351196
5303,4.6000000000000005,3,195.50073790550232
5304,3.55,10,195.54342937469482
5305,4.6000000000000005,3,195.5688488483429
5306,3.4,11,195.6131420135498
5307,-1.75,15,195.6628556251526
5308,4.6000000000000005,3,195.68838453292847
5309,4.75,2,195.71868228912354
5310,4.75,2,195.75018572807312
5311,4.75,2,195.77837228775024
5312,4.75,2,195.80671286582947
5313,4.449999999999999,4,195.8334686756134
5314,3.25,12,196.0166733264923
5315,4.6000000000000005,3,196.04378867149353
5316,4.449999999999999,4,196.07008361816406
5317,4.75,2,196.0990469455719
5318,4.3,5,196.12627720832825
5319,4.0,7,196.15996146202087
5320,4.6000000000000005,3,196.19553780555725
5321,4.449999999999999,4,196.2272732257843
5322,4.15,6,196.2640175819397
5323,4.6000000000000005,3,196.29201126098633
5324,4.75,2,196.316965341568
5325,3.6999999999999997,9,196.3554446697235
5326,4.449999999999999,4,196.38307571411133
5327,4.3,5,196.4119839668274
5328,4.6000000000000005,3,196.43934535980225
5329,4.6000000000000005,3,196.4706838130951
5330,3.85,8,196.51437306404114
5331,3.85,8,196.55102610588074
5332,4.3,5,196.5829517841339
5333,4.3,5,196.61262941360474
5334,4.75,2,196.6368637084961
5335,4.6000000000000005,3,196.66641926765442
5336,4.3,5,196.6944808959961
5337,4.75,2,196.71741557121277
5338,3.85,8,196.75166845321655
5339,4.0,7,196.78426504135132
5340,4.15,6,196.8137927055359
5341,4.449999999999999,4,196.84173774719238
5342,3.4,11,196.88012146949768
5343,4.6000000000000005,3,196.9066858291626
5344,4.6000000000000005,3,196.93116736412048
5345,3.55,10,196.97044968605042
5346,3.25,12,197.01635336875916
5347,-1.75,15,197.05960392951965
5348,4.15,6,197.0914797782898
5349,4.3,5,197.12494587898254
5350,4.0,7,197.16659331321716
5351,4.15,6,197.20160508155823
5352,3.85,8,197.2444770336151
5353,4.449999999999999,4,197.27257680892944
5354,4.6000000000000005,3,197.30024981498718
5355,4.449999999999999,4,197.3305606842041
5356,-3.35,8,197.36779594421387
5357,4.6000000000000005,3,197.399484872818
5358,4.15,6,197.43137574195862
5359,3.6999999999999997,9,197.46572875976562
5360,4.6000000000000005,3,197.65286493301392
5361,4.75,2,197.68332314491272
5362,3.85,8,197.7269790172577
5363,4.15,6,197.75685596466064
5364,3.55,10,197.79564666748047
5365,3.6999999999999997,9,197.83238911628723
5366,4.75,2,197.85831546783447
5367,4.3,5,197.89183497428894
5368,4.6000000000000005,3,197.91794633865356
5369,4.449999999999999,4,197.9470179080963
5370,4.75,2,197.97053289413452
5371,4.9,1,197.991229057312
5372,4.9,1,198.0148024559021
5373,4.9,1,198.0359251499176
5374,4.6000000000000005,3,198.0633466243744
5375,4.15,6,198.09773325920105
5376,4.6000000000000005,3,198.12294220924377
5377,3.55,10,198.16531705856323
5378,-1.75,15,198.20803880691528
5379,4.3,5,198.23714804649353
5380,3.6999999999999997,9,198.2722339630127
5381,4.15,6,198.3014953136444
5382,4.9,1,198.32518911361694
5383,4.6000000000000005,3,198.35089468955994
5384,3.85,8,198.38395810127258
5385,4.0,7,198.4136998653412
5386,4.6000000000000005,3,198.43817734718323
5387,4.449999999999999,4,198.4683084487915
5388,4.15,6,198.4993541240692
5389,4.3,5,198.53518962860107
5390,4.15,6,198.56699299812317
5391,4.75,2,198.59139966964722
5392,4.75,2,198.62146282196045
5393,2.9499999999999997,14,198.67450523376465
5394,3.55,10,198.71043181419373
5395,4.3,5,198.74106431007385
5396,4.449999999999999,4,198.77084684371948
5397,4.75,2,198.79742813110352
5398,4.449999999999999,4,198.8298795223236
5399,4.449999999999999,4,198.85817742347717
5400,4.3,5,198.88768219947815
5401,-1.75,15,198.93232917785645
5402,4.449999999999999,4,198.95791244506836
5403,4.0,7,198.99400687217712
5404,4.449999999999999,4,199.02347493171692
5405,4.75,2,199.05626893043518
5406,3.85,8,199.09637570381165
5407,3.55,10,199.29905724525452
5408,4.6000000000000005,3,199.328293800354
5409,4.9,1,199.35042762756348
5410,4.6000000000000005,3,199.37612867355347
5411,4.0,7,199.41243147850037
5412,4.3,5,199.44641184806824
5413,4.3,5,199.47946095466614
5414,4.75,2,199.50526881217957
5415,4.9,1,199.52792739868164
5416,4.6000000000000005,3,199.55925226211548
5417,-1.75,15,199.61767411231995
5418,3.85,8,199.6623990535736
5419,4.75,2,199.69539093971252
5420,4.6000000000000005,3,199.72910618782043
5421,3.6999999999999997,9,199.77983474731445
5422,4.3,5,199.81463837623596
5423,4.3,5,199.84580063819885
5424,4.3,5,199.8720347881317
5425,4.9,1,199.89968919754028
5426,-1.75,15,199.94133758544922
5427,4.75,2,199.9709439277649
5428,4.6000000000000005,3,200.00070929527283
5429,4.6000000000000005,3,200.02991271018982
5430,4.0,7,200.06124424934387
5431,4.449999999999999,4,200.0843060016632
5432,4.75,2,200.10533690452576
5433,4.6000000000000005,3,200.13222122192383
5434,3.85,8,200.16670632362366
5435,4.6000000000000005,3,200.18910789489746
5436,-1.75,15,200.2325291633606
5437,4.6000000000000005,3,200.26033782958984
5438,4.6000000000000005,3,200.29067707061768
5439,4.15,6,200.3285892009735
5440,4.0,7,200.36275124549866
5441,4.6000000000000005,3,200.39368224143982
5442,4.0,7,200.42565250396729
5443,4.75,2,200.4511857032776
5444,4.3,5,200.47993803024292
5445,4.75,2,200.50642776489258
5446,4.15,6,200.5367248058319
5447,3.85,8,200.5733859539032
5448,4.449999999999999,4,200.60359978675842
5449,3.85,8,200.63742876052856
5450,4.6000000000000005,3,200.66412019729614
5451,4.3,5,200.6974582672119
5452,4.449999999999999,4,200.72549319267273
5453,4.6000000000000005,3,200.75459718704224
5454,4.449999999999999,4,200.789080619812
5455,4.15,6,200.8254635334015
5456,3.55,10,200.8628647327423
5457,4.6000000000000005,3,200.8910505771637
5458,4.6000000000000005,3,200.91884899139404
5459,3.4,11,201.1281497478485
5460,4.3,5,201.16476035118103
5461,4.0,7,201.19946837425232
5462,4.3,5,201.22689700126648
5463,4.449999999999999,4,201.2556858062744
5464,4.449999999999999,4,201.2899911403656
5465,4.449999999999999,4,201.31873154640198
5466,3.85,8,201.35865020751953
5467,4.3,5,201.39053392410278
5468,4.6000000000000005,3,201.41767120361328
5469,4.75,2,201.44676232337952
5470,3.55,10,201.49674081802368
5471,-1.75,15,201.53905844688416
5472,4.9,1,201.5611310005188
5473,4.6000000000000005,3,201.5862898826599
5474,4.449999999999999,4,201.61450815200806
5475,4.3,5,201.6490662097931
5476,-3.1,3,201.67494416236877
5477,4.449999999999999,4,201.70401048660278
5478,4.0,7,201.73726415634155
5479,4.6000000000000005,3,201.7635943889618
5480,4.3,5,201.79590678215027
5481,3.1,13,201.83575177192688
5482,4.15,6,201.86907529830933
5483,4.6000000000000005,3,201.9016363620758
5484,4.6000000000000005,3,201.9333245754242
5485,4.6000000000000005,3,201.9644536972046
5486,4.9,1,201.9910023212433
5487,4.449999999999999,4,202.02110934257507
5488,4.6000000000000005,3,202.04988026618958
5489,4.449999999999999,4,202.07981896400452
5490,4.15,6,202.11069059371948
5491,4.75,2,202.13482928276062
5492,3.85,8,202.16810417175293
5493,-1.75,15,202.20946502685547
5494,4.3,5,202.23872232437134
5495,4.6000000000000005,3,202.26766729354858
5496,4.75,2,202.2938253879547
5497,3.4,11,202.33484196662903
5498,3.85,8,202.3701331615448
5499,-1.75,15,202.4193708896637
5500,4.15,6,202.45822262763977
5501,4.75,2,202.48573064804077
5502,4.3,5,202.51600527763367
5503,3.6999999999999997,9,202.55645608901978
5504,4.6000000000000005,3,202.58339953422546
5505,4.6000000000000005,3,202.77940106391907
5506,4.0,7,202.82040238380432
5507,3.55,10,202.8557710647583
5508,4.9,1,202.88175010681152
5509,4.75,2,202.90734672546387
5510,4.449999999999999,4,202.93210339546204
5511,4.0,7,202.96245861053467
5512,4.9,1,202.98446440696716
5513,3.6999999999999997,9,203.01869440078735
5514,3.85,8,203.05409741401672
5515,4.75,2,203.08233070373535
5516,4.449999999999999,4,203.10716557502747
5517,4.15,6,203.1392104625702
5518,-1.75,15,203.1848533153534
5519,4.3,5,203.2165277004242
5520,4.449999999999999,4,203.24702668190002
5521,4.0,7,203.277024269104
5522,3.6999999999999997,9,203.31355381011963
5523,4.15,6,203.34649872779846
5524,4.9,1,203.37113690376282
5525,3.55,10,203.40794849395752
5526,4.9,1,203.43271040916443
5527,4.75,2,203.46002554893494
5528,4.3,5,203.4890718460083
5529,4.3,5,203.52049136161804
5530,3.55,10,203.55922484397888
5531,4.6000000000000005,3,203.58529710769653
5532,4.9,1,203.61194968223572
5533,4.75,2,203.6445164680481
5534,4.6000000000000005,3,203.67322254180908
5535,3.4,11,203.72312355041504
5536,-1.75,15,203.77889156341553
5537,4.6000000000000005,3,203.8122899532318
5538,3.4,11,203.85191869735718
5539,3.4,11,203.89818334579468
5540,4.6000000000000005,3,203.92430639266968
5541,3.4,11,203.96559047698975
5542,3.6999999999999997,9,204.00206971168518
5543,4.9,1,204.02669668197632
5544,4.15,6,204.05735039710999
5545,3.85,8,204.09330439567566
5546,4.9,1,204.11913681030273
5547,-1.75,15,204.34138441085815
5548,4.75,2,204.36685013771057
5549,4.6000000000000005,3,204.39942979812622
5550,4.0,7,204.4341881275177
5551,4.3,5,204.4672396183014
5552,4.75,2,204.48965883255005
5553,4.3,5,204.51766514778137
5554,3.85,8,204.554358959198
5555,4.449999999999999,4,204.58363890647888
5556,4.6000000000000005,3,204.61447596549988
5557,4.449999999999999,4,204.6406741142273
5558,4.449999999999999,4,204.67405605316162
5559,3.85,8,204.70507335662842
5560,4.0,7,204.74206113815308
5561,4.449999999999999,4,204.77857494354248
5562,3.85,8,204.81270027160645
5563,4.6000000000000005,3,204.83835768699646
5564,4.15,6,204.8778474330902
5565,4.9,1,204.90191411972046
5566,4.6000000000000005,3,204.92994451522827
5567,4.449999999999999,4,204.95339393615723
5568,-1.75,15,205.00343656539917
5569,-3.05,2,205.03009819984436
5570,4.6000000000000005,3,205.0547959804535
5571,4.449999999999999,4,205.08395314216614
5572,3.4,11,205.12181496620178
5573,4.75,2,205.14914560317993
5574,3.4,11,205.18961811065674
5575,3.85,8,205.22333192825317
5576,4.0,7,205.26224994659424
5577,4.6000000000000005,3,205.29333639144897
5578,4.449999999999999,4,205.32439160346985
5579,4.6000000000000005,3,205.3535771369934
5580,4.0,7,205.3887505531311
5581,4.3,5,205.42065048217773
5582,4.9,1,205.44526934623718
5583,-3.15,4,205.4728548526764
5584,4.6000000000000005,3,205.50080347061157
5585,3.4,11,205.54645538330078
5586,4.6000000000000005,3,205.57593250274658
5587,4.6000000000000005,3,205.60428285598755
5588,3.4,11,205.64596891403198
5589,3.85,8,205.67927932739258
5590,3.6999999999999997,9,205.714989900589
5591,4.6000000000000005,3,205.74404549598694
5592,3.85,8,205.7827730178833
5593,4.75,2,205.81110501289368
5594,-1.75,15,206.01155519485474
5595,4.3,5,206.03852438926697
5596,4.3,5,206.06924271583557
5597,4.449999999999999,4,206.09745621681213
5598,4.0,7,206.12873482704163
5599,4.449999999999999,4,206.16076135635376
5600,4.75,2,206.1841161251068
5601,4.6000000000000005,3,206.21036052703857
5602,4.9,1,206.23284578323364
5603,4.449999999999999,4,206.26354098320007
5604,4.75,2,206.29305005073547
5605,3.85,8,206.3291473388672
5606,4.15,6,206.363343000412
5607,4.3,5,206.39057993888855
5608,4.3,5,206.41764378547668
5609,-1.75,15,206.45983242988586
5610,4.75,2,206.48303771018982
5611,3.6999999999999997,9,206.5195598602295
5612,4.75,2,206.54173874855042
5613,4.15,6,206.5730209350586
5614,4.3,5,206.60292148590088
5615,4.75,2,206.6248517036438
5616,4.0,7,206.6605851650238
5617,-1.75,15,206.70318913459778
5618,3.55,10,206.74151039123535
5619,4.6000000000000005,3,206.77157258987427
5620,4.9,1,206.7976233959198
5621,3.6999999999999997,9,206.83746361732483
5622,3.85,8,206.87462210655212
5623,4.3,5,206.91393423080444
5624,4.3,5,206.94485473632812
5625,3.6999999999999997,9,206.98805475234985
5626,4.6000000000000005,3,207.01968693733215
5627,4.0,7,207.06226563453674
5628,4.3,5,207.0945086479187
5629,4.75,2,207.1217176914215
5630,4.15,6,207.16472506523132
5631,4.75,2,207.19444942474365
5632,4.9,1,207.22460222244263
5633,4.9,1,207.24883008003235
5634,-1.75,15,207.2971498966217
5635,3.85,8,207.33243489265442
5636,4.75,2,207.3596155643463
5637,4.3,5,207.38957691192627
5638,4.3,5,207.42531609535217
5639,3.85,8,207.4583764076233
5640,3.6999999999999997,9,207.49567651748657
5641,4.75,2,207.67051196098328
5642,4.6000000000000005,3,207.69872665405273
5643,4.3,5,207.7322006225586
5644,3.25,12,207.77039313316345
5645,4.3,5,207.80164790153503
5646,3.4,11,207.84422039985657
5647,3.85,8,207.87864232063293
5648,4.0,7,207.9114122390747
5649,4.449999999999999,4,207.93987250328064
5650,3.4,11,207.9822211265564
5651,4.6000000000000005,3,208.00782895088196
5652,4.0,7,208.0380253791809
5653,3.6999999999999997,9,208.08134365081787
5654,4.0,7,208.1108958721161
5655,4.9,1,208.14138746261597
5656,4.75,2,208.16804599761963
5657,4.6000000000000005,3,208.19400429725647
5658,4.3,5,208.22486877441406
5659,4.75,2,208.25063467025757
5660,3.4,11,208.28987860679626
5661,4.3,5,208.3215615749359
5662,3.4,11,208.3708941936493
5663,-1.75,15,208.41520380973816
5664,3.85,8,208.44873666763306
5665,3.85,8,208.4833493232727
5666,4.15,6,208.51349806785583
5667,4.75,2,208.53483510017395
5668,-1.75,15,208.5823311805725
5669,3.6999999999999997,9,208.62259364128113
5670,4.75,2,208.64738607406616
5671,4.15,6,208.68008184432983
5672,4.0,7,208.7137007713318
5673,3.25,12,208.76052021980286
5674,4.3,5,208.78976726531982
5675,4.75,2,208.82145404815674
5676,4.3,5,208.85230541229248
5677,4.75,2,208.88408970832825
5678,4.3,5,208.9155571460724
5679,4.6000000000000005,3,208.94299864768982
5680,4.15,6,208.97639155387878
5681,4.15,6,209.16050004959106
5682,3.85,8,209.19633650779724
5683,4.449999999999999,4,209.2243664264679
5684,4.75,2,209.26063013076782
5685,4.75,2,209.28624629974365
5686,4.15,6,209.31715631484985
5687,4.6000000000000005,3,209.34336757659912
5688,3.85,8,209.38075470924377
5689,4.15,6,209.41117644309998
5690,-3.15,4,209.44184494018555
5691,3.85,8,209.47793340682983
5692,4.15,6,209.50750207901
5693,4.3,5,209.5359239578247
5694,4.449999999999999,4,209.5668089389801
5695,4.6000000000000005,3,209.59408140182495
5696,-1.75,15,209.63520050048828
5697,4.3,5,209.67019319534302
5698,4.6000000000000005,3,209.694965839386
5699,4.15,6,209.72461557388306
5700,2.9499999999999997,14,209.76614618301392
5701,4.449999999999999,4,209.7957935333252
5702,4.0,7,209.8272557258606
5703,4.75,2,209.85364723205566
5704,4.6000000000000005,3,209.87826371192932
5705,4.75,2,209.90322256088257
5706,-1.75,15,209.95493698120117
5707,4.449999999999999,4,209.98286199569702
5708,4.15,6,210.01748991012573
5709,4.6000000000000005,3,210.04721784591675
5710,3.85,8,210.08020401000977
5711,3.25,12,210.1217451095581
5712,4.449999999999999,4,210.15566992759705
5713,4.75,2,210.1821105480194
5714,4.449999999999999,4,210.20673727989197
5715,4.3,5,210.2409656047821
5716,4.15,6,210.28133034706116
5717,-1.75,15,210.3329086303711
5718,4.6000000000000005,3,210.36212539672852
5719,4.449999999999999,4,210.39684295654297
5720,4.75,2,210.423490524292
5721,4.449999999999999,4,210.4546000957489
5722,3.85,8,210.49570202827454
5723,4.15,6,210.53136086463928
5724,3.55,10,210.5772693157196
5725,4.75,2,210.6028332710266
5726,4.3,5,210.7794759273529
5727,4.15,6,210.81022381782532
5728,4.449999999999999,4,210.8352735042572
5729,4.0,7,210.86590814590454
5730,4.449999999999999,4,210.8965458869934
5731,4.449999999999999,4,210.9220268726349
5732,-3.2,5,210.94908452033997
5733,3.4,11,210.98263907432556
5734,4.75,2,211.00560569763184
5735,3.85,8,211.03710770606995
5736,-1.75,15,211.07984352111816
5737,4.75,2,211.1044716835022
5738,3.6999999999999997,9,211.13908314704895
5739,4.3,5,211.17053127288818
5740,3.4,11,211.21069741249084
5741,3.85,8,211.24361371994019
5742,4.6000000000000005,3,211.26670050621033
5743,4.6000000000000005,3,211.29271602630615
5744,4.3,5,211.31905102729797
5745,4.449999999999999,4,211.34846878051758
5746,4.3,5,211.3763735294342
5747,3.85,8,211.40922832489014
5748,4.6000000000000005,3,211.43392705917358
5749,4.449999999999999,4,211.46290755271912
5750,3.55,10,211.50380039215088
5751,3.6999999999999997,9,211.54775309562683
5752,4.449999999999999,4,211.5776150226593
5753,4.0,7,211.61353754997253
5754,4.0,7,211.64432001113892
5755,4.75,2,211.66985726356506
5756,3.55,10,211.71089625358582
5757,4.449999999999999,4,211.74500060081482
5758,-1.75,15,211.78799057006836
5759,4.15,6,211.82185316085815
5760,2.9499999999999997,14,211.86627888679504
5761,3.85,8,211.90826559066772
5762,4.15,6,211.94684863090515
5763,4.15,6,211.97993636131287
5764,4.9,1,212.00471901893616
5765,4.3,5,212.03705286979675
5766,3.4,11,212.24860334396362
5767,4.75,2,212.27980709075928
5768,4.3,5,212.3107316493988
5769,4.9,1,212.3317699432373
5770,4.6000000000000005,3,212.3613085746765
5771,4.6000000000000005,3,212.38847041130066
5772,-1.75,15,212.43166518211365
5773,4.6000000000000005,3,212.4673511981964
5774,3.4,11,212.50459933280945
5775,3.85,8,212.5376226902008
5776,4.3,5,212.5675072669983
5777,4.15,6,212.60079646110535
5778,4.6000000000000005,3,212.6267511844635
5779,4.15,6,212.65814447402954
5780,4.6000000000000005,3,212.68825793266296
5781,4.6000000000000005,3,212.71707391738892
5782,3.55,10,212.75486040115356
5783,4.0,7,212.78818464279175
5784,3.85,8,212.82336902618408
5785,4.3,5,212.8520209789276
5786,4.15,6,212.88312005996704
5787,3.6999999999999997,9,212.91838812828064
5788,3.6999999999999997,9,212.95194816589355
5789,4.0,7,212.98940801620483
5790,4.75,2,213.01335453987122
5791,4.6000000000000005,3,213.03599524497986
5792,4.0,7,213.06930899620056
5793,4.75,2,213.0936040878296
5794,4.449999999999999,4,213.12323355674744
5795,-1.75,15,213.17142033576965
5796,4.6000000000000005,3,213.20137763023376
5797,4.75,2,213.22554683685303
5798,4.0,7,213.25725722312927
5799,4.75,2,213.28396034240723
5800,4.75,2,213.31146550178528
5801,4.0,7,213.34383988380432
5802,4.6000000000000005,3,213.37292432785034
5803,4.3,5,213.406986951828
5804,4.15,6,213.4401569366455
5805,4.3,5,213.46782732009888
5806,4.3,5,213.4971480369568
5807,4.75,2,213.52103114128113
5808,4.3,5,213.55065321922302
5809,4.6000000000000005,3,213.5797095298767
5810,4.6000000000000005,3,213.6082000732422
5811,4.0,7,213.643883228302
5812,3.6999999999999997,9,213.6861662864685
5813,4.0,7,213.90654468536377
5814,4.75,2,213.94043445587158
5815,4.75,2,213.96715092658997
5816,4.6000000000000005,3,213.99186635017395
5817,4.75,2,214.01394987106323
5818,4.15,6,214.0432608127594
5819,3.4,11,214.07912373542786
5820,4.449999999999999,4,214.10612082481384
5821,4.0,7,214.13618278503418
5822,3.55,10,214.17077589035034
5823,4.0,7,214.20903611183167
5824,4.9,1,214.23075246810913
5825,4.449999999999999,4,214.26387190818787
5826,-1.75,15,214.31040024757385
5827,4.449999999999999,4,214.34288573265076
5828,4.3,5,214.3726725578308
5829,4.449999999999999,4,214.3978488445282
5830,4.3,5,214.4264235496521
5831,4.0,7,214.45930361747742
5832,-1.75,15,214.50455498695374
5833,-1.75,15,214.5483570098877
5834,4.75,2,214.5780589580536
5835,4.9,1,214.60263919830322
5836,4.15,6,214.6395332813263
5837,-1.75,15,214.68696904182434
5838,3.55,10,214.72482681274414
5839,4.449999999999999,4,214.7533369064331
5840,4.3,5,214.78615021705627
5841,4.15,6,214.81355929374695
5842,4.9,1,214.83922910690308
5843,4.6000000000000005,3,214.865149974823
5844,4.449999999999999,4,214.89169025421143
5845,4.75,2,214.9161913394928
5846,4.6000000000000005,3,214.94182538986206
5847,4.449999999999999,4,214.96717596054077
5848,3.85,8,215.00140953063965
5849,4.0,7,215.03552889823914
5850,4.6000000000000005,3,215.06652522087097
5851,-1.75,15,215.11436295509338
5852,4.3,5,215.14846420288086
5853,4.449999999999999,4,215.1777148246765
5854,3.85,8,215.2113914489746
