#{"t_start": 1787939897.3032408, "env_id": "None"}
r,l,t
4.3,5,0.042742
-3.1,3,0.067368
4.3,5,0.099464
-3.25,6,0.133636
-3.0,1,0.154812
-3.1,3,0.187133
-3.1,3,0.211771
-3.0,1,0.235942
4.6,3,0.262567
-3.15,4,0.29436
3.4,11,0.33493
-3.05,2,0.360898
-3.05,2,0.387282
-3.1,3,0.411602
-3.0,1,0.431594
-3.0,1,0.453923
4.0,7,0.485001
4.15,6,0.520906
-3.05,2,0.553469
-3.2,5,0.586284
-3.15,4,0.619856
3.4,11,0.660519
-3.05,2,0.68381
-3.15,4,0.70863
-3.15,4,0.736605
-3.0,1,0.758699
-3.0,1,0.78327
-3.0,1,0.809846
-3.05,2,0.840296
-3.0,1,0.867671
-3.0,1,0.894497
3.7,9,0.935877
4.45,4,0.967973
-3.0,1,0.993898
-3.15,4,1.024204
3.55,10,1.071193
4.0,7,1.112383
-3.15,4,1.142423
-3.35,8,1.182458
-3.1,3,1.20861
3.85,8,1.248554
-3.0,1,1.279722
-3.1,3,1.305816
-3.0,1,1.33203
-3.2,5,1.362657
-3.1,3,1.388383
-3.1,3,1.417782
-3.1,3,1.443461
-3.1,3,1.468816
-1.75,15,1.511411
-3.2,5,1.539189
-3.0,1,1.562772
-3.0,1,1.589068
-3.05,2,1.62003
-3.25,6,1.655436
-3.05,2,1.685088
-3.25,6,1.728705
-3.3,7,1.762633
-3.1,3,1.787243
-3.05,2,1.8103
-3.6,13,1.853039
-3.45,10,2.031796
-3.15,4,2.060096
-3.1,3,2.085794
-3.35,8,2.121223
-3.1,3,2.149365
4.15,6,2.181782
-3.05,2,2.20865
-3.3,7,2.241066
4.9,1,2.265114
3.85,8,2.300739
-3.2,5,2.330812
-3.0,1,2.354084
-3.2,5,2.386531
-3.05,2,2.411861
4.9,1,2.435956
3.7,9,2.477592
-3.0,1,2.501033
-3.0,1,2.526307
-1.75,15,2.579931
-3.0,1,2.608403
-3.0,1,2.635115
-3.05,2,2.665329
-3.05,2,2.699323
-3.35,8,2.734356
-3.0,1,2.760921
-3.55,12,2.809949
4.3,5,2.846494
-3.15,4,2.876754
3.85,8,2.916563
-3.05,2,2.948121
4.45,4,2.986764
-3.0,1,3.014702
-3.0,1,3.044168
4.6,3,3.07351
-3.15,4,3.104719
-3.0,1,3.137585
-3.2,5,3.176259
-3.0,1,3.198895
3.85,8,3.237468
-3.05,2,3.26369
-3.0,1,3.289315
-3.05,2,3.315564
-3.25,6,3.349097
4.3,5,3.380104
-3.1,3,3.406404
-3.0,1,3.435384
-3.05,2,3.470499
-3.1,3,3.503324
-3.45,10,3.540205
-3.15,4,3.568626
-3.3,7,3.597968
-3.1,3,3.625745
-1.75,15,3.674448
-3.6,13,3.715089
-3.55,12,3.751479
-3.05,2,3.777961
4.9,1,3.800206
-3.1,3,3.826724
-3.0,1,3.852402
-3.05,2,4.042509
-3.15,4,4.069789
-3.1,3,4.099919
4.15,6,4.133508
-3.05,2,4.166386
-3.45,10,4.211872
-3.1,3,4.245778
-3.6,13,4.295418
-3.2,5,4.326969
-3.0,1,4.351668
3.7,9,4.388252
-3.0,1,4.412803
-3.0,1,4.437699
-3.25,6,4.470839
-3.3,7,4.505058
-3.5,11,4.545388
-3.35,8,4.579755
-3.2,5,4.61086
4.6,3,4.636604
4.0,7,4.668323
-3.25,6,4.699566
3.7,9,4.734877
4.15,6,4.768561
-3.1,3,4.794919
-3.0,1,4.819874
-3.4,9,4.851663
-3.05,2,4.875462
-3.1,3,4.89959
-3.0,1,4.925077
-3.0,1,4.948078
-3.1,3,4.975228
-3.35,8,5.006536
-3.05,2,5.027704
-3.0,1,5.049057
-3.65,14,5.096323
4.15,6,5.130144
4.9,1,5.15307
-3.05,2,5.179527
-3.25,6,5.213196
-3.15,4,5.24381
4.15,6,5.277182
4.45,4,5.303335
4.45,4,5.329563
4.3,5,5.361055
3.85,8,5.397372
-3.15,4,5.426557
-3.0,1,5.452657
-3.5,11,5.491623
-3.0,1,5.515225
-3.15,4,5.546411
-3.05,2,5.571145
3.85,8,5.613899
-3.0,1,5.636299
-3.05,2,5.663692
3.7,9,5.876668
-3.1,3,5.906162
-3.1,3,5.939675
-3.4,9,5.9743
-3.4,9,6.00891
-3.0,1,6.034205
4.6,3,6.064737
-3.0,1,6.089488
-3.15,4,6.121225
-3.2,5,6.153268
-3.05,2,6.180656
4.9,1,6.202197
-3.0,1,6.230212
-3.4,9,6.275551
4.45,4,6.303746
-3.1,3,6.334411
4.45,4,6.361495
4.6,3,6.385155
-3.15,4,6.417437
-3.2,5,6.446614
-3.15,4,6.477076
-3.0,1,6.502664
-3.1,3,6.528205
-3.0,1,6.552825
4.3,5,6.580023
-3.15,4,6.605524
4.45,4,6.631669
-3.0,1,6.652912
4.6,3,6.685062
-3.35,8,6.729485
-3.1,3,6.757599
-3.1,3,6.783906
-3.35,8,6.820759
-3.0,1,6.845587
-1.75,15,6.89031
-3.65,14,6.931061
-3.0,1,6.953587
-3.0,1,6.981776
-3.0,1,7.004718
-3.5,11,7.040801
-3.25,6,7.068313
-3.0,1,7.090867
-3.05,2,7.117451
4.9,1,7.145355
-3.05,2,7.172054
-3.15,4,7.199067
-3.2,5,7.243893
4.9,1,7.281619
-3.0,1,7.312711
-3.0,1,7.338937
-3.2,5,7.372115
-3.05,2,7.397008
-3.35,8,7.435673
4.0,7,7.473533
4.15,6,7.511028
-3.05,2,7.536683
-3.0,1,7.559626
-3.05,2,7.583655
-3.2,5,7.612415
-3.0,1,7.634292
-3.0,1,7.658547
-3.2,5,7.689164
-3.25,6,7.719539
-3.05,2,7.743876
-3.05,2,7.767292
-3.35,8,7.947392
-1.75,15,7.992387
4.3,5,8.025914
-3.2,5,8.053626
3.85,8,8.089634
-3.15,4,8.118044
-3.05,2,8.145144
-3.0,1,8.170948
-3.05,2,8.202268
-3.0,1,8.231091
-3.0,1,8.256134
4.15,6,8.293002
-3.05,2,8.320064
-3.0,1,8.348503
-3.5,11,8.398817
-3.45,10,8.440982
-3.45,10,8.485343
3.85,8,8.521246
-3.05,2,8.545743
-3.1,3,8.574429
-3.1,3,8.601272
4.75,2,8.627842
4.0,7,8.660831
-3.0,1,8.682018
-3.15,4,8.711399
4.3,5,8.744047
4.15,6,8.778398
3.85,8,8.81759
-3.0,1,8.852597
4.3,5,8.88622
4.15,6,8.923228
-3.05,2,8.946955
-3.1,3,8.97229
-3.05,2,8.998925
4.0,7,9.034122
-3.5,11,9.078965
4.3,5,9.111062
3.25,12,9.155683
-3.1,3,9.183846
4.6,3,9.210338
4.3,5,9.238087
-3.35,8,9.274417
4.3,5,9.308383
4.15,6,9.339516
4.45,4,9.372486
-1.75,15,9.415442
-3.1,3,9.438592
-3.4,9,9.47748
-3.2,5,9.670724
-3.4,9,9.711972
-3.15,4,9.74287
4.3,5,9.773556
3.85,8,9.807765
-3.35,8,9.841902
-3.0,1,9.86401
-3.15,4,9.891195
4.45,4,9.923606
-3.05,2,9.948851
4.15,6,9.985664
3.85,8,10.019983
-3.0,1,10.045342
4.3,5,10.080689
-3.5,11,10.123347
-3.05,2,10.156778
-3.15,4,10.182518
-3.15,4,10.206784
-3.05,2,10.23255
4.0,7,10.27397
-3.25,6,10.304698
-1.75,15,10.353132
-3.05,2,10.37969
-1.75,15,10.432795
4.6,3,10.458511
-3.05,2,10.485351
4.9,1,10.515597
-3.35,8,10.551481
-3.05,2,10.58798
-3.0,1,10.615477
-3.15,4,10.648539
-1.75,15,10.698238
-3.6,13,10.74104
-3.05,2,10.766222
-3.4,9,10.8037
4.6,3,10.83013
-3.1,3,10.852555
-3.2,5,10.882263
-3.15,4,10.90895
4.6,3,10.933097
4.6,3,10.960458
4.0,7,10.993568
-3.25,6,11.027788
-3.45,10,11.079885
4.3,5,11.112033
4.9,1,11.137086
-3.15,4,11.165112
-3.0,1,11.186577
-3.5,11,11.370148
4.75,2,11.395881
4.0,7,11.429583
4.45,4,11.455808
-3.2,5,11.484272
-3.0,1,11.510024
4.6,3,11.544843
-3.15,4,11.571603
-3.4,9,11.610396
4.75,2,11.635608
-1.75,15,11.680062
-3.3,7,11.711539
3.1,13,11.750093
4.45,4,11.777487
-3.0,1,11.799254
4.3,5,11.829652
3.85,8,11.86621
-3.0,1,11.890072
-3.0,1,11.911689
-3.0,1,11.93877
4.45,4,11.963873
3.85,8,12.002229
-3.2,5,12.030257
-3.0,1,12.056232
-3.05,2,12.083722
4.75,2,12.111042
3.4,11,12.156193
-3.35,8,12.196361
-3.15,4,12.229035
4.0,7,12.261978
4.15,6,12.293547
-3.0,1,12.315311
3.55,10,12.34957
-3.0,1,12.374211
3.1,13,12.413337
4.45,4,12.444336
3.4,11,12.482466
4.6,3,12.513932
-3.6,13,12.55745
4.15,6,12.594589
4.45,4,12.625852
4.45,4,12.655391
-3.7,15,12.702446
4.45,4,12.727978
4.45,4,12.758932
-3.3,7,12.791467
-3.1,3,12.984123
-3.05,2,13.013902
-3.2,5,13.042611
3.85,8,13.084618
4.15,6,13.123179
4.15,6,13.153565
-3.15,4,13.181391
4.3,5,13.21095
4.75,2,13.234314
3.55,10,13.273056
-3.1,3,13.298022
-3.7,15,13.346488
4.45,4,13.37344
-3.7,15,13.425604
4.45,4,13.45488
-3.3,7,13.488753
3.4,11,13.533183
-3.4,9,13.574003
-3.5,11,13.616934
4.9,1,13.650164
-1.75,15,13.69863
4.15,6,13.730018
-3.2,5,13.760704
-3.2,5,13.792558
-3.4,9,13.830486
4.0,7,13.869016
-3.35,8,13.905716
-3.6,13,13.942274
-3.55,12,13.983306
-1.75,15,14.034639
4.15,6,14.069805
4.0,7,14.113375
3.4,11,14.158019
3.55,10,14.341857
-3.4,9,14.375495
-3.1,3,14.402766
4.3,5,14.433599
-3.15,4,14.464606
-3.1,3,14.497724
4.45,4,14.529958
4.45,4,14.562809
-3.0,1,14.586168
4.0,7,14.61936
4.3,5,14.648272
3.7,9,14.685332
4.75,2,14.711162
-3.5,11,14.747497
-3.0,1,14.770525
4.45,4,14.798751
-3.05,2,14.82113
-1.75,15,14.864819
4.3,5,14.893009
-3.0,1,14.915402
-3.1,3,14.942433
4.15,6,14.976087
2.95,14,15.02315
-3.45,10,15.0665
4.6,3,15.095071
-3.55,12,15.145262
4.0,7,15.178298
-3.05,2,15.20188
3.4,11,15.248121
-3.05,2,15.278736
3.4,11,15.324742
-3.45,10,15.370068
-3.25,6,15.399553
3.55,10,15.439353
-3.2,5,15.469189
-3.0,1,15.490717
-3.15,4,15.517123
4.6,3,15.550409
-3.0,1,15.573651
-3.05,2,15.600483
3.7,9,15.634583
-3.2,5,15.665466
-3.4,9,15.702141
4.15,6,15.733069
4.0,7,15.909987
4.45,4,15.935838
-3.4,9,15.970627
-1.75,15,16.011467
-3.15,4,16.039091
-3.15,4,16.064611
-3.2,5,16.098153
4.15,6,16.131028
-3.35,8,16.16936
3.25,12,16.209438
-3.0,1,16.233575
-3.05,2,16.260837
4.3,5,16.290339
-3.5,11,16.328928
-1.75,15,16.37563
4.45,4,16.404051
-3.35,8,16.439457
4.3,5,16.470151
-3.05,2,16.503246
4.15,6,16.536974
-3.4,9,16.586563
-3.3,7,16.631986
-3.0,1,16.661014
-3.15,4,16.694315
-1.75,15,16.742225
-3.1,3,16.76843
-1.75,15,16.821866
4.75,2,16.847655
4.0,7,16.885897
3.85,8,16.92236
4.15,6,16.952389
4.0,7,16.983508
-1.75,15,17.026647
-3.65,14,17.070194
-3.3,7,17.102337
-3.05,2,17.126603
-3.7,15,17.313719
-3.05,2,17.339341
-1.75,15,17.383609
4.15,6,17.41609
3.55,10,17.452908
4.6,3,17.479937
-3.35,8,17.514236
3.7,9,17.550226
4.15,6,17.580288
-3.1,3,17.612742
4.3,5,17.647856
-1.75,15,17.696476
-3.25,6,17.73086
-3.6,13,17.776235
-1.75,15,17.822261
4.6,3,17.857648
4.6,3,17.889317
4.6,3,17.916243
4.75,2,17.942317
3.25,12,17.979113
3.85,8,18.0137
-3.3,7,18.045271
4.6,3,18.068786
-3.0,1,18.094972
3.7,9,18.132282
-3.3,7,18.167147
4.0,7,18.203718
4.0,7,18.245322
4.0,7,18.282388
-3.1,3,18.307127
3.4,11,18.347832
-1.75,15,18.392983
-1.75,15,18.44962
4.6,3,18.481615
3.4,11,18.683097
-3.45,10,18.728147
4.15,6,18.760382
-3.05,2,18.78381
-3.7,15,18.828331
4.9,1,18.850127
-3.1,3,18.876931
-3.15,4,18.904206
-3.6,13,18.943815
4.6,3,18.972837
3.4,11,19.012869
-3.05,2,19.037484
4.0,7,19.072133
-3.1,3,19.099977
3.4,11,19.141601
4.0,7,19.170672
4.0,7,19.205287
-3.25,6,19.240426
3.4,11,19.27841
4.75,2,19.307534
4.45,4,19.334387
4.45,4,19.364543
4.45,4,19.399979
-3.5,11,19.444981
-3.0,1,19.466552
4.6,3,19.496047
4.45,4,19.529515
-3.15,4,19.563291
4.0,7,19.602021
-3.55,12,19.648383
4.3,5,19.678846
3.7,9,19.724127
4.45,4,19.758186
4.3,5,19.795823
4.6,3,19.835035
4.6,3,19.865963
-3.15,4,19.902415
4.0,7,19.935457
4.45,4,19.968967
4.15,6,20.005818
4.45,4,20.044257
-3.1,3,20.071668
4.3,5,20.106682
-3.05,2,20.131626
-3.25,6,20.166173
3.25,12,20.356888
4.75,2,20.382475
3.55,10,20.41784
-3.3,7,20.451997
-3.25,6,20.485433
4.15,6,20.517011
4.3,5,20.557423
3.85,8,20.598901
-3.7,15,20.646705
3.85,8,20.680025
-3.15,4,20.716318
-3.4,9,20.750606
4.45,4,20.778154
-1.75,15,20.825656
4.0,7,20.858926
4.75,2,20.892424
-3.55,12,20.93001
4.15,6,20.961013
-3.15,4,20.991602
4.15,6,21.023734
3.4,11,21.06029
-3.25,6,21.088856
-3.7,15,21.137412
-3.2,5,21.165793
4.15,6,21.200699
-3.35,8,21.234118
4.3,5,21.268379
3.85,8,21.300941
4.15,6,21.332768
-3.35,8,21.373171
3.55,10,21.415046
-3.0,1,21.439732
4.0,7,21.479867
4.6,3,21.51855
-3.2,5,21.547162
4.0,7,21.740023
4.3,5,21.7682
4.0,7,21.808691
4.6,3,21.83663
4.6,3,21.867336
3.55,10,21.913142
4.15,6,21.940989
-3.4,9,21.975735
4.6,3,21.9984
4.45,4,22.02507
4.6,3,22.047544
4.6,3,22.074755
4.3,5,22.101796
-3.35,8,22.138171
4.6,3,22.163782
-1.75,15,22.208747
4.9,1,22.232684
4.15,6,22.267173
-3.35,8,22.305305
3.25,12,22.350249
-3.15,4,22.384536
3.4,11,22.42779
4.45,4,22.455432
-3.45,10,22.491321
3.1,13,22.543877
4.45,4,22.577554
-1.75,15,22.625793
3.7,9,22.66349
4.6,3,22.690686
3.55,10,22.731664
4.6,3,22.76019
4.15,6,22.79338
4.75,2,22.818497
4.15,6,22.852702
-3.35,8,22.895509
4.6,3,22.926365
3.7,9,22.963596
-3.25,6,22.996263
-3.2,5,23.02808
4.0,7,23.07055
4.45,4,23.281709
3.85,8,23.316173
3.1,13,23.365008
-1.75,15,23.412121
4.45,4,23.439026
-3.1,3,23.465154
4.75,2,23.490696
4.0,7,23.523915
4.75,2,23.549177
-3.35,8,23.584125
4.6,3,23.610772
-3.25,6,23.639248
4.15,6,23.671112
4.45,4,23.700067
4.6,3,23.730784
-3.6,13,23.773665
-3.35,8,23.812167
3.4,11,23.858387
4.75,2,23.884443
-3.5,11,23.928072
-3.55,12,23.968194
-3.5,11,24.008966
3.85,8,24.0411
4.3,5,24.079438
3.4,11,24.116948
3.85,8,24.159341
-1.75,15,24.204538
-3.0,1,24.228149
4.6,3,24.258123
-3.25,6,24.28628
3.7,9,24.322718
4.0,7,24.353205
4.3,5,24.381592
-3.4,9,24.41874
4.45,4,24.446851
4.3,5,24.477301
4.75,2,24.502549
4.9,1,24.527882
4.15,6,24.727446
4.75,2,24.751401
4.15,6,24.789042
3.55,10,24.832486
4.3,5,24.870708
-3.55,12,24.919263
4.6,3,24.947706
4.3,5,24.973296
-3.1,3,24.998868
-1.75,15,25.043986
4.75,2,25.068369
-3.1,3,25.093182
4.3,5,25.125017
4.6,3,25.148681
-1.75,15,25.195968
4.3,5,25.228768
-3.7,15,25.27595
4.6,3,25.299619
3.85,8,25.34136
4.45,4,25.368232
-3.6,13,25.409261
4.15,6,25.442608
4.45,4,25.46925
-3.4,9,25.502716
3.1,13,25.541724
-3.05,2,25.564466
4.6,3,25.591923
4.75,2,25.613453
-3.55,12,25.649717
-3.3,7,25.67987
-3.05,2,25.70129
-3.2,5,25.732302
4.6,3,25.760691
4.0,7,25.792937
-1.75,15,25.835422
-3.3,7,25.867248
4.45,4,25.894332
-1.75,15,25.944055
-3.15,4,26.134246
3.7,9,26.177491
-3.4,9,26.218175
4.6,3,26.245676
3.7,9,26.286554
3.7,9,26.331132
-3.05,2,26.365491
4.6,3,26.400799
4.75,2,26.425796
-3.15,4,26.460657
4.6,3,26.493437
4.45,4,26.525432
-3.35,8,26.559398
4.0,7,26.595019
4.75,2,26.6245
4.3,5,26.652427
3.7,9,26.688752
4.0,7,26.718617
4.0,7,26.749211
-3.25,6,26.782275
4.75,2,26.807207
4.6,3,26.830302
4.6,3,26.857163
4.45,4,26.883796
3.85,8,26.916808
-3.2,5,26.953502
-3.4,9,26.985422
4.6,3,27.013822
4.6,3,27.039775
-3.55,12,27.07984
3.25,12,27.118742
4.6,3,27.153902
3.85,8,27.190485
3.85,8,27.223087
4.0,7,27.259932
4.45,4,27.283664
-3.55,12,27.326645
4.9,1,27.348642
4.3,5,27.376627
3.7,9,27.411101
-3.65,14,27.449373
4.45,4,27.47687
-3.2,5,27.507917
4.15,6,27.697787
4.75,2,27.726572
4.6,3,27.75756
3.85,8,27.801534
-3.2,5,27.831198
4.75,2,27.858341
4.75,2,27.884476
-1.75,15,27.9302
4.45,4,27.961179
3.7,9,28.005987
4.3,5,28.03459
-1.75,15,28.078463
4.45,4,28.109503
4.3,5,28.137336
-3.5,11,28.177238
3.55,10,28.215165
-3.4,9,28.249347
4.45,4,28.275848
4.9,1,28.30045
4.3,5,28.330979
4.0,7,28.366363
4.3,5,28.398554
3.55,10,28.441102
4.45,4,28.467279
-3.15,4,28.496672
4.6,3,28.524411
3.1,13,28.565929
4.45,4,28.594519
-3.5,11,28.634331
-3.65,14,28.682665
-3.65,14,28.733201
-3.3,7,28.775744
-3.05,2,28.800052
-3.15,4,28.826178
-3.6,13,28.864951
-1.75,15,28.905022
4.0,7,29.082161
-3.35,8,29.119647
4.0,7,29.155924
-3.55,12,29.204087
3.7,9,29.247333
4.0,7,29.292702
4.45,4,29.329527
4.15,6,29.364119
4.3,5,29.395987
4.75,2,29.427667
4.6,3,29.458157
3.85,8,29.506059
4.3,5,29.540771
4.45,4,29.574519
3.85,8,29.616094
3.85,8,29.657508
-3.2,5,29.686448
4.15,6,29.724181
-3.7,15,29.76742
4.0,7,29.802045
-1.75,15,29.851412
-3.4,9,29.886394
-3.6,13,29.930696
4.0,7,29.960962
4.0,7,29.999809
3.7,9,30.034519
3.7,9,30.068123
4.15,6,30.097995
3.85,8,30.130125
-3.1,3,30.161443
4.9,1,30.186705
4.6,3,30.215614
4.6,3,30.250322
-3.1,3,30.27586
-3.65,14,30.317464
3.4,11,30.356633
4.75,2,30.517341
4.75,2,30.542374
3.25,12,30.580601
4.0,7,30.611692
-3.15,4,30.63908
4.15,6,30.670333
4.9,1,30.694107
-3.7,15,30.743355
4.45,4,30.775331
4.6,3,30.805118
4.6,3,30.83123
3.4,11,30.874542
4.3,5,30.904796
3.7,9,30.94101
3.55,10,30.978289
-3.05,2,31.007634
3.85,8,31.041535
-3.25,6,31.072633
3.25,12,31.114213
3.4,11,31.159729
3.4,11,31.198742
3.25,12,31.244291
4.3,5,31.274341
-3.45,10,31.309767
-3.35,8,31.344314
-3.4,9,31.379966
-3.45,10,31.422286
4.3,5,31.459229
4.6,3,31.484354
4.15,6,31.514193
3.4,11,31.549145
4.3,5,31.578023
3.55,10,31.613199
-3.2,5,31.641257
-3.3,7,31.672657
4.3,5,31.69884
3.55,10,31.898284
4.15,6,31.932747
3.25,12,31.976088
-3.5,11,32.02247
3.85,8,32.059656
4.45,4,32.086789
3.7,9,32.128879
-3.4,9,32.170478
3.55,10,32.209284
4.3,5,32.24039
-3.5,11,32.287482
3.55,10,32.333149
4.9,1,32.36576
4.15,6,32.402529
-3.65,14,32.451625
3.4,11,32.498502
4.15,6,32.531847
4.3,5,32.56495
4.45,4,32.600203
4.15,6,32.634524
-3.25,6,32.672698
4.45,4,32.704582
-3.15,4,32.731422
3.4,11,32.777572
3.25,12,32.82227
4.3,5,32.860893
-1.75,15,32.903702
4.3,5,32.931832
4.15,6,32.964014
3.4,11,33.004705
4.15,6,33.03868
3.7,9,33.075745
4.15,6,33.114033
4.75,2,33.305779
3.4,11,33.343519
4.0,7,33.377913
-3.5,11,33.422312
4.6,3,33.446678
4.75,2,33.475072
-1.75,15,33.51471
3.4,11,33.556413
-3.25,6,33.587691
4.0,7,33.618184
-3.65,14,33.659538
-3.25,6,33.68611
3.4,11,33.724993
-1.75,15,33.768156
4.15,6,33.802209
4.3,5,33.834138
3.7,9,33.870178
-3.15,4,33.905655
4.6,3,33.930202
-3.25,6,33.957234
-1.75,15,34.002468
-3.6,13,34.039939
4.45,4,34.065923
4.15,6,34.100733
3.4,11,34.141014
-1.75,15,34.203266
3.55,10,34.258157
3.55,10,34.313689
4.6,3,34.352801
4.0,7,34.392397
3.1,13,34.582413
3.7,9,34.616519
-1.75,15,34.660408
3.85,8,34.691993
4.6,3,34.716621
3.85,8,34.754616
4.6,3,34.778376
4.6,3,34.809267
4.45,4,34.837359
4.6,3,34.861745
3.85,8,34.892858
4.0,7,34.925236
4.6,3,34.951205
-3.45,10,34.99355
3.4,11,35.030757
4.75,2,35.057777
-3.35,8,35.094558
4.3,5,35.122519
-1.75,15,35.164932
3.55,10,35.207571
4.6,3,35.23753
-1.75,15,35.284654
3.85,8,35.321962
4.75,2,35.348819
4.45,4,35.377588
3.7,9,35.413997
3.55,10,35.451535
4.3,5,35.480262
4.3,5,35.509501
4.15,6,35.54119
3.55,10,35.582628
-1.75,15,35.63368
4.75,2,35.664237
4.75,2,35.701157
4.75,2,35.734972
4.15,6,35.768968
4.45,4,35.798652
4.15,6,35.834004
3.7,9,36.023599
-1.75,15,36.067149
4.3,5,36.09861
4.0,7,36.139571
4.3,5,36.173605
4.3,5,36.212024
4.75,2,36.241051
4.3,5,36.275908
3.4,11,36.320611
4.75,2,36.347261
-1.75,15,36.403647
3.4,11,36.444979
3.85,8,36.486993
4.0,7,36.522365
-1.75,15,36.578257
3.85,8,36.618674
-1.75,15,36.670657
3.4,11,36.709372
3.25,12,36.755817
3.85,8,36.790013
3.85,8,36.824346
3.85,8,36.857698
4.6,3,36.879884
4.75,2,36.904194
4.9,1,36.929847
-3.0,1,36.953145
3.85,8,36.987416
4.9,1,37.012308
3.7,9,37.047917
4.45,4,37.084985
4.6,3,37.111577
4.3,5,37.144283
4.0,7,37.180244
4.6,3,37.209564
3.55,10,37.246662
3.85,8,37.292369
-3.1,3,37.483512
4.3,5,37.514161
3.7,9,37.549701
4.15,6,37.580746
4.75,2,37.604589
3.85,8,37.641187
-3.4,9,37.674402
4.3,5,37.700794
4.6,3,37.728832
4.15,6,37.759483
3.25,12,37.799708
4.15,6,37.830308
4.3,5,37.867779
-1.75,15,37.909635
4.3,5,37.938669
-1.75,15,37.980953
4.15,6,38.012863
3.55,10,38.051999
4.6,3,38.075717
3.4,11,38.113776
4.3,5,38.140743
4.6,3,38.162681
3.25,12,38.200395
4.15,6,38.232748
4.15,6,38.262305
3.4,11,38.298255
4.75,2,38.322423
3.85,8,38.357153
4.15,6,38.38791
4.0,7,38.420717
4.6,3,38.446697
4.75,2,38.472984
3.55,10,38.508483
4.6,3,38.534089
4.15,6,38.569001
3.7,9,38.614404
4.75,2,38.640934
4.75,2,38.66671
4.15,6,38.700535
4.75,2,38.730317
4.45,4,38.925793
4.9,1,38.955392
3.85,8,38.996023
3.55,10,39.033725
4.75,2,39.06231
-3.6,13,39.10661
4.0,7,39.139281
4.6,3,39.162307
3.4,11,39.198894
4.15,6,39.229148
4.6,3,39.259176
3.4,11,39.296005
-1.75,15,39.339375
4.3,5,39.37308
4.45,4,39.403336
3.1,13,39.444306
-3.55,12,39.484421
3.7,9,39.523513
4.75,2,39.548909
4.45,4,39.57947
4.75,2,39.610855
4.75,2,39.637355
4.6,3,39.665694
4.6,3,39.693193
4.0,7,39.72988
4.15,6,39.761488
-1.75,15,39.805776
-1.75,15,39.848392
4.6,3,39.8785
-1.75,15,39.917889
3.85,8,39.959859
4.45,4,39.988839
3.7,9,40.026167
4.15,6,40.054963
4.15,6,40.089638
4.0,7,40.129809
4.3,5,40.325632
3.7,9,40.362776
4.15,6,40.39747
4.75,2,40.429636
-1.75,15,40.481998
4.45,4,40.512649
4.0,7,40.546987
3.55,10,40.588618
4.6,3,40.613836
4.15,6,40.643369
4.45,4,40.673851
4.75,2,40.699519
-1.75,15,40.74673
3.55,10,40.780807
4.15,6,40.812645
4.6,3,40.839496
-1.75,15,40.889217
3.55,10,40.922464
4.6,3,40.949003
4.6,3,40.974082
3.7,9,41.005739
3.55,10,41.044924
4.0,7,41.079594
4.15,6,41.108026
-1.75,15,41.15193
-1.75,15,41.195541
4.45,4,41.225583
4.6,3,41.24891
4.3,5,41.282775
-1.75,15,41.336596
3.7,9,41.373734
3.7,9,41.409635
4.75,2,41.440726
4.0,7,41.47251
4.3,5,41.503727
-3.3,7,41.69771
-3.5,11,41.739804
4.15,6,41.77016
4.15,6,41.804301
4.75,2,41.832436
2.95,14,41.884571
3.55,10,41.92155
-1.75,15,41.970417
4.3,5,42.002367
4.9,1,42.028636
4.75,2,42.05337
4.75,2,42.076311
4.15,6,42.114011
4.3,5,42.145686
3.85,8,42.179239
4.0,7,42.214235
4.3,5,42.242738
4.6,3,42.266404
4.6,3,42.29107
-1.75,15,42.339075
4.0,7,42.369358
4.15,6,42.400942
4.75,2,42.428333
4.3,5,42.4584
3.85,8,42.490531
3.55,10,42.527104
3.25,12,42.567869
-1.75,15,42.613102
4.15,6,42.650417
4.6,3,42.678353
4.3,5,42.708543
4.0,7,42.744349
3.55,10,42.784546
4.15,6,42.813095
3.7,9,42.852004
3.85,8,42.894738
3.7,9,43.088179
4.15,6,43.121524
-3.7,15,43.168931
3.55,10,43.207612
3.4,11,43.253283
3.7,9,43.290057
3.85,8,43.329797
3.85,8,43.370163
4.15,6,43.404138
3.4,11,43.449325
-1.75,15,43.502845
4.3,5,43.535921
3.85,8,43.584101
-1.75,15,43.638727
-3.35,8,43.681793
-3.0,1,43.710699
4.75,2,43.73688
4.0,7,43.773592
4.0,7,43.811634
4.0,7,43.842967
4.3,5,43.872927
3.55,10,43.905653
4.45,4,43.934673
3.7,9,43.968924
-1.75,15,44.009849
4.0,7,44.041844
4.6,3,44.065089
3.85,8,44.097415
4.6,3,44.124192
4.45,4,44.149445
4.45,4,44.176922
-3.6,13,44.216524
3.85,8,44.249423
4.75,2,44.416667
4.15,6,44.450192
4.75,2,44.474822
4.3,5,44.503132
4.3,5,44.531753
4.6,3,44.560485
4.3,5,44.594569
4.45,4,44.624694
4.6,3,44.653552
3.4,11,44.698408
-3.05,2,44.72578
-3.35,8,44.757983
4.75,2,44.783756
3.85,8,44.820133
4.75,2,44.843153
4.3,5,44.874733
4.6,3,44.901309
4.3,5,44.932458
4.75,2,44.959597
-3.3,7,45.001202
2.95,14,45.049443
-3.05,2,45.075841
3.25,12,45.120956
-3.45,10,45.162554
4.0,7,45.200778
-3.3,7,45.238223
-3.5,11,45.278537
3.55,10,45.318278
4.15,6,45.35443
4.45,4,45.390688
4.15,6,45.421388
4.3,5,45.454162
4.45,4,45.483268
4.6,3,45.510854
4.6,3,45.539802
4.6,3,45.566727
4.3,5,45.59706
4.3,5,45.630779
3.7,9,45.675646
4.75,2,45.701827
-3.1,3,45.726431
3.7,9,45.76193
4.6,3,45.789014
4.3,5,45.819322
-3.5,11,45.85957
4.75,2,45.886754
4.9,1,45.906879
3.25,12,46.097977
4.45,4,46.126598
3.55,10,46.165453
-3.25,6,46.196003
4.15,6,46.234024
4.0,7,46.271568
3.85,8,46.309345
3.55,10,46.353381
-1.75,15,46.404372
3.25,12,46.448611
3.4,11,46.494368
4.3,5,46.529919
4.3,5,46.570158
4.0,7,46.605047
4.0,7,46.638441
4.3,5,46.669846
3.7,9,46.705077
4.6,3,46.738447
4.0,7,46.769929
3.25,12,46.815126
4.45,4,46.841898
-1.75,15,46.891272
4.75,2,46.913601
4.75,2,46.936454
3.1,13,46.974781
3.7,9,47.008105
4.15,6,47.040624
3.4,11,47.079022
4.0,7,47.111253
4.75,2,47.134293
4.6,3,47.166909
4.15,6,47.198422
4.75,2,47.223545
4.45,4,47.249755
4.45,4,47.277562
3.4,11,47.461535
4.3,5,47.497029
4.3,5,47.534214
4.0,7,47.568376
3.4,11,47.605573
-3.3,7,47.641331
4.15,6,47.671443
3.7,9,47.705656
3.55,10,47.74175
4.15,6,47.775397
4.6,3,47.805732
4.45,4,47.836852
4.0,7,47.867056
-1.75,15,47.911516
-3.45,10,47.946255
4.3,5,47.979432
-1.75,15,48.029213
4.45,4,48.060237
4.45,4,48.092468
3.7,9,48.12864
4.15,6,48.162671
4.45,4,48.194644
4.45,4,48.224754
4.6,3,48.253157
3.55,10,48.293089
4.75,2,48.321579
3.25,12,48.36871
4.45,4,48.403971
-1.75,15,48.469378
3.85,8,48.51299
3.55,10,48.555397
4.15,6,48.585712
4.6,3,48.612761
4.45,4,48.642579
4.6,3,48.677595
4.3,5,48.711083
3.85,8,48.748046
-1.75,15,48.928704
4.6,3,48.956643
3.85,8,48.987206
3.85,8,49.017439
4.0,7,49.045949
3.55,10,49.083494
4.3,5,49.11292
4.3,5,49.144218
4.45,4,49.173678
4.15,6,49.203713
-1.75,15,49.245286
3.55,10,49.284109
-1.75,15,49.327759
3.4,11,49.369634
4.3,5,49.400246
3.55,10,49.438491
4.75,2,49.462185
4.9,1,49.486831
3.7,9,49.523874
-1.75,15,49.575883
3.7,9,49.617075
4.6,3,49.651732
3.55,10,49.695474
3.85,8,49.736991
3.85,8,49.778496
3.4,11,49.822754
4.3,5,49.858206
4.75,2,49.889886
3.1,13,49.930017
4.3,5,49.961171
-3.25,6,49.99323
3.85,8,50.027502
4.3,5,50.056977
4.6,3,50.084894
4.3,5,50.253803
4.45,4,50.282324
4.6,3,50.309052
4.15,6,50.342952
-1.75,15,50.386432
3.25,12,50.426618
4.75,2,50.450253
4.45,4,50.482306
4.3,5,50.512929
4.0,7,50.545236
4.0,7,50.578692
4.45,4,50.608383
4.75,2,50.63423
4.0,7,50.663875
4.3,5,50.6941
4.45,4,50.727624
3.85,8,50.771922
4.6,3,50.796827
-3.4,9,50.838963
4.15,6,50.87639
3.85,8,50.907492
4.45,4,50.933134
4.75,2,50.956715
4.15,6,50.986403
4.15,6,51.014135
3.7,9,51.046187
4.3,5,51.076283
4.75,2,51.101233
-1.75,15,51.146101
4.75,2,51.177457
3.4,11,51.220887
4.3,5,51.248411
4.0,7,51.284129
-1.75,15,51.329278
4.3,5,51.362742
4.3,5,51.39441
3.85,8,51.43968
-1.75,15,51.493801
4.3,5,51.525813
3.7,9,51.711733
4.75,2,51.739637
4.6,3,51.769414
3.4,11,51.809195
-1.75,15,51.854997
4.45,4,51.882354
4.45,4,51.909777
3.85,8,51.943817
3.4,11,51.989432
3.7,9,52.02207
4.3,5,52.05004
4.75,2,52.073481
4.45,4,52.100654
4.0,7,52.135262
4.9,1,52.156746
4.75,2,52.182523
4.0,7,52.212572
4.6,3,52.239578
4.3,5,52.270643
4.3,5,52.297422
4.0,7,52.328438
4.3,5,52.358993
4.75,2,52.387353
4.3,5,52.417631
4.45,4,52.443949
4.6,3,52.470297
4.75,2,52.495943
3.7,9,52.532772
3.7,9,52.568311
4.75,2,52.592852
4.3,5,52.620102
4.15,6,52.65045
4.9,1,52.673351
3.7,9,52.709351
4.0,7,52.741994
4.0,7,52.777457
3.55,10,52.818783
3.85,8,52.858181
4.75,2,52.88511
4.75,2,52.914109
4.75,2,52.947727
4.45,4,52.980901
3.7,9,53.020333
4.3,5,53.055478
4.15,6,53.096395
4.6,3,53.141064
4.3,5,53.180145
4.75,2,53.221661
3.85,8,53.455023
4.45,4,53.481359
4.45,4,53.511654
3.7,9,53.551815
4.3,5,53.588054
4.0,7,53.62451
4.15,6,53.655139
-1.75,15,53.707842
-1.75,15,53.755821
3.7,9,53.794135
3.7,9,53.840696
4.45,4,53.873487
4.45,4,53.900624
4.6,3,53.926541
4.0,7,53.957161
4.9,1,53.980974
4.3,5,54.009683
4.6,3,54.038887
4.0,7,54.067933
3.7,9,54.103672
4.15,6,54.131639
4.0,7,54.165918
4.15,6,54.19677
3.25,12,54.234426
4.45,4,54.261443
4.75,2,54.283604
-1.75,15,54.329739
-3.6,13,54.373629
4.6,3,54.399861
3.7,9,54.437165
-1.75,15,54.481682
4.0,7,54.516153
3.7,9,54.553932
4.3,5,54.589028
4.0,7,54.622537
3.4,11,54.816817
3.25,12,54.856986
4.6,3,54.883706
-3.4,9,54.917072
4.0,7,54.950071
-1.75,15,54.994766
4.6,3,55.01988
4.6,3,55.044537
3.4,11,55.085602
4.6,3,55.110818
4.45,4,55.140459
3.85,8,55.170907
4.15,6,55.203029
3.25,12,55.249358
4.45,4,55.276124
3.7,9,55.315165
4.75,2,55.340574
4.45,4,55.366051
4.75,2,55.392605
4.75,2,55.42242
3.85,8,55.456416
4.6,3,55.483756
4.15,6,55.516706
4.15,6,55.552736
4.75,2,55.579122
4.45,4,55.60913
4.75,2,55.634622
4.6,3,55.660506
4.6,3,55.692649
3.7,9,55.726426
4.6,3,55.754611
4.9,1,55.781562
3.25,12,55.8248
4.75,2,55.851152
4.45,4,55.88145
-3.7,15,55.927226
3.25,12,55.973968
-1.75,15,56.024073
3.85,8,56.063964
3.7,9,56.106433
3.25,12,56.307774
-1.75,15,56.362274
4.9,1,56.389253
4.15,6,56.425192
-1.75,15,56.480057
4.3,5,56.518176
4.45,4,56.547193
3.85,8,56.587496
4.75,2,56.615694
4.75,2,56.642741
4.15,6,56.683775
4.6,3,56.709837
-1.75,15,56.753093
3.85,8,56.785638
4.3,5,56.813075
4.45,4,56.839736
4.75,2,56.867133
4.75,2,56.895612
3.25,12,56.938519
-1.75,15,56.981132
4.75,2,57.006585
4.3,5,57.035398
3.7,9,57.069725
4.45,4,57.095562
4.6,3,57.123901
4.15,6,57.156277
3.7,9,57.194908
4.0,7,57.23881
4.45,4,57.271273
4.3,5,57.308211
4.15,6,57.341241
4.45,4,57.36909
-1.75,15,57.419791
4.6,3,57.458029
4.45,4,57.487014
3.4,11,57.537792
3.55,10,57.578475
3.7,9,57.624734
4.15,6,57.830751
4.3,5,57.86638
4.75,2,57.896231
3.85,8,57.940672
3.7,9,57.988456
3.85,8,58.028481
-1.75,15,58.077083
4.15,6,58.108854
-1.75,15,58.162925
-3.5,11,58.204811
-1.75,15,58.249885
4.9,1,58.270907
4.15,6,58.303442
3.7,9,58.341837
-1.75,15,58.392962
-3.15,4,58.417768
3.85,8,58.449611
4.0,7,58.48429
3.55,10,58.528535
4.75,2,58.555936
3.85,8,58.600228
3.55,10,58.638347
4.15,6,58.673283
4.0,7,58.705751
4.15,6,58.738633
4.15,6,58.7751
-3.4,9,58.809539
4.15,6,58.841474
3.55,10,58.876765
3.55,10,58.91301
4.6,3,58.93981
4.3,5,58.969822
4.6,3,58.993758
4.75,2,59.019288
-1.75,15,59.219085
3.85,8,59.256305
4.6,3,59.287043
4.6,3,59.315675
4.6,3,59.346811
4.0,7,59.378501
4.45,4,59.409285
4.45,4,59.438541
-3.55,12,59.480169
4.3,5,59.508816
4.9,1,59.532828
-1.75,15,59.580266
3.7,9,59.617285
4.9,1,59.647862
4.3,5,59.676876
3.85,8,59.715978
3.25,12,59.756989
-1.75,15,59.802466
4.75,2,59.829721
4.75,2,59.855762
4.45,4,59.886712
3.25,12,59.925451
4.15,6,59.960286
4.45,4,59.98909
-1.75,15,60.031721
4.6,3,60.057983
4.0,7,60.092772
-1.75,15,60.14305
4.15,6,60.175101
3.55,10,60.210391
4.3,5,60.252527
4.3,5,60.28972
-1.75,15,60.344173
4.45,4,60.375256
-3.55,12,60.415119
4.6,3,60.444115
4.3,5,60.633949
-1.75,15,60.68097
3.25,12,60.728839
4.45,4,60.767373
4.45,4,60.795417
3.25,12,60.836893
4.6,3,60.861204
4.0,7,60.896882
4.45,4,60.929709
3.4,11,60.975678
4.6,3,61.00114
3.25,12,61.042269
3.55,10,61.081563
4.15,6,61.11705
-1.75,15,61.172014
3.25,12,61.218816
-3.3,7,61.254145
4.45,4,61.28176
3.7,9,61.31942
3.7,9,61.353394
3.55,10,61.394952
3.85,8,61.42826
4.6,3,61.455923
3.55,10,61.494091
4.45,4,61.524948
3.4,11,61.565681
4.9,1,61.589044
4.3,5,61.618497
4.0,7,61.649518
4.15,6,61.678725
4.15,6,61.708293
4.75,2,61.731005
4.0,7,61.763419
4.45,4,61.79458
3.55,10,61.978292
4.6,3,62.002376
3.1,13,62.044905
4.0,7,62.076779
3.85,8,62.11912
4.6,3,62.143233
3.7,9,62.179411
4.45,4,62.20734
4.75,2,62.234919
3.85,8,62.276693
-3.65,14,62.321835
4.6,3,62.349628
4.3,5,62.38155
3.55,10,62.419745
4.6,3,62.44756
-1.75,15,62.492991
3.55,10,62.532572
-1.75,15,62.581007
3.85,8,62.617466
4.6,3,62.647094
4.6,3,62.67953
3.7,9,62.722646
3.55,10,62.763356
4.6,3,62.789669
-1.75,15,62.833284
3.25,12,62.875646
4.45,4,62.90681
4.45,4,62.936153
4.6,3,62.960946
4.75,2,62.99048
4.45,4,63.023269
4.6,3,63.057803
4.3,5,63.093754
4.6,3,63.120754
3.7,9,63.162132
4.9,1,63.189199
4.15,6,63.222846
4.3,5,63.258369
4.6,3,63.288165
3.25,12,63.47682
4.0,7,63.510179
3.85,8,63.545553
4.6,3,63.573154
4.3,5,63.603925
3.55,10,63.641582
3.85,8,63.683865
3.85,8,63.719296
3.55,10,63.758664
3.7,9,63.797098
4.45,4,63.833602
4.0,7,63.871556
3.85,8,63.912088
4.0,7,63.951897
4.0,7,63.982774
4.15,6,64.016867
4.6,3,64.046829
4.3,5,64.077145
4.45,4,64.109873
4.45,4,64.142109
4.6,3,64.173023
3.55,10,64.20993
4.45,4,64.246115
4.3,5,64.277819
-3.55,12,64.324693
-1.75,15,64.371788
4.3,5,64.398991
-3.55,12,64.441991
4.6,3,64.476153
3.4,11,64.517479
4.75,2,64.540001
-1.75,15,64.588377
4.15,6,64.622159
4.3,5,64.651114
3.7,9,64.686673
4.45,4,64.714096
4.75,2,64.739957
4.75,2,64.765162
4.6,3,64.791502
4.0,7,64.966412
3.25,12,65.007542
3.7,9,65.044348
4.45,4,65.078521
4.15,6,65.113047
4.45,4,65.141127
4.6,3,65.169156
4.6,3,65.193653
4.6,3,65.219855
4.6,3,65.246876
-3.1,3,65.275592
4.3,5,65.306189
4.45,4,65.339167
4.6,3,65.36366
4.3,5,65.393836
4.0,7,65.430216
4.3,5,65.461172
4.3,5,65.490252
4.45,4,65.517748
3.7,9,65.549796
4.75,2,65.577403
4.6,3,65.607091
3.4,11,65.651684
4.75,2,65.677176
3.55,10,65.718167
4.75,2,65.745807
4.45,4,65.777268
4.3,5,65.807389
4.3,5,65.840406
3.4,11,65.876813
-1.75,15,65.918817
4.3,5,65.946287
4.75,2,65.968028
4.0,7,65.998544
3.25,12,66.037351
4.6,3,66.061726
4.45,4,66.091393
-1.75,15,66.138335
4.3,5,66.166072
4.15,6,66.196048
4.15,6,66.225751
4.0,7,66.256475
4.75,2,66.278395
4.3,5,66.314981
-1.75,15,66.524786
4.75,2,66.551309
3.55,10,66.587149
-3.25,6,66.618332
3.55,10,66.654439
4.6,3,66.682126
3.85,8,66.717285
4.6,3,66.743888
4.15,6,66.773588
3.4,11,66.811537
3.25,12,66.857402
4.6,3,66.883889
-1.75,15,66.926459
4.3,5,66.957626
4.75,2,66.983239
4.15,6,67.015523
4.6,3,67.050179
4.9,1,67.070787
4.45,4,67.097852
3.7,9,67.135401
-1.75,15,67.184254
4.3,5,67.214941
3.7,9,67.251824
4.15,6,67.28976
4.75,2,67.32107
4.45,4,67.349302
-1.75,15,67.402312
4.6,3,67.434499
4.45,4,67.468247
3.55,10,67.507711
4.15,6,67.53858
4.45,4,67.56868
4.15,6,67.606284
3.4,11,67.644769
4.15,6,67.672954
4.0,7,67.701637
4.6,3,67.728785
4.45,4,67.761057
3.85,8,67.947299
4.6,3,67.978361
4.75,2,68.008316
4.0,7,68.042382
4.75,2,68.066219
4.75,2,68.091575
4.75,2,68.117914
4.45,4,68.143919
3.55,10,68.179972
4.6,3,68.205177
4.15,6,68.235945
4.6,3,68.262482
4.15,6,68.295753
3.85,8,68.329397
4.45,4,68.359809
4.6,3,68.389383
4.6,3,68.418915
4.15,6,68.453731
-1.75,15,68.500055
4.15,6,68.537385
-1.75,15,68.585243
4.15,6,68.620229
3.85,8,68.656673
4.45,4,68.692042
4.15,6,68.726883
4.6,3,68.75711
4.15,6,68.791364
4.3,5,68.823249
3.85,8,68.85999
4.3,5,68.891701
4.15,6,68.923472
3.85,8,68.958421
4.15,6,68.992602
4.45,4,69.018289
4.0,7,69.050678
3.25,12,69.088866
4.75,2,69.115468
3.85,8,69.148778
4.75,2,69.173291
4.3,5,69.203714
4.3,5,69.237217
4.75,2,69.260199
3.7,9,69.300491
4.45,4,69.326155
2.95,14,69.524978
4.75,2,69.55356
4.3,5,69.592269
4.6,3,69.624809
-1.75,15,69.680013
3.7,9,69.719453
3.7,9,69.765673
4.45,4,69.79482
3.7,9,69.843013
4.75,2,69.876014
4.15,6,69.911913
4.45,4,69.941346
-1.75,15,69.9879
3.85,8,70.027181
3.85,8,70.068026
4.6,3,70.103164
4.45,4,70.157861
4.15,6,70.208544
4.3,5,70.255576
4.45,4,70.294171
4.15,6,70.347607
3.55,10,70.393924
3.85,8,70.429276
-3.65,14,70.478315
4.45,4,70.506392
4.6,3,70.538015
3.7,9,70.57258
-3.6,13,70.623773
4.45,4,70.654487
4.3,5,70.681792
4.45,4,70.708906
4.6,3,70.734853
4.9,1,70.761022
3.55,10,70.800713
4.45,4,70.831793
4.0,7,70.863118
-3.4,9,70.904121
4.3,5,70.934614
4.0,7,70.964048
4.6,3,70.989116
4.9,1,71.010794
4.3,5,71.184618
4.45,4,71.211301
3.85,8,71.243911
4.6,3,71.270624
-3.3,7,71.303447
4.15,6,71.335291
4.6,3,71.359657
4.3,5,71.389092
-3.55,12,71.431583
3.7,9,71.463959
4.6,3,71.488997
4.45,4,71.515681
3.85,8,71.549222
4.0,7,71.582358
3.55,10,71.622737
4.75,2,71.648315
-1.75,15,71.697173
4.45,4,71.726382
4.45,4,71.756599
4.15,6,71.792328
-1.75,15,71.841479
3.25,12,71.888783
3.25,12,71.9293
4.45,4,71.957056
4.0,7,71.99746
4.6,3,72.025637
4.15,6,72.054999
3.55,10,72.096918
4.45,4,72.13436
4.15,6,72.169383
3.7,9,72.208277
4.0,7,72.244189
4.75,2,72.274937
4.6,3,72.308096
4.0,7,72.343879
4.6,3,72.369748
4.6,3,72.392146
-3.25,6,72.42798
3.4,11,72.472127
3.85,8,72.662586
4.45,4,72.692105
-3.0,1,72.716909
4.75,2,72.742713
-1.75,15,72.790474
4.45,4,72.81981
-3.15,4,72.848168
-1.75,15,72.891734
4.6,3,72.920436
4.3,5,72.951523
-1.75,15,73.010955
4.0,7,73.042572
4.0,7,73.07841
4.45,4,73.110302
3.55,10,73.14869
4.75,2,73.171998
4.75,2,73.201831
4.9,1,73.227752
3.7,9,73.268988
-3.4,9,73.307344
4.3,5,73.338649
4.0,7,73.373612
4.15,6,73.40494
4.9,1,73.427689
4.45,4,73.455201
4.6,3,73.48467
4.15,6,73.519691
4.0,7,73.557125
3.85,8,73.603158
3.55,10,73.642111
-1.75,15,73.694352
4.6,3,73.726744
3.7,9,73.767697
3.7,9,73.801709
3.4,11,73.837825
4.0,7,73.873905
3.85,8,73.905432
3.85,8,73.937377
4.6,3,73.965976
-3.55,12,74.142714
4.45,4,74.170967
4.45,4,74.200403
-1.75,15,74.242089
3.7,9,74.290687
4.45,4,74.322549
4.15,6,74.352509
4.45,4,74.37825
4.0,7,74.415558
4.3,5,74.446757
4.45,4,74.474402
4.15,6,74.508631
4.15,6,74.544388
4.0,7,74.579724
-1.75,15,74.624537
-1.75,15,74.674092
-3.4,9,74.709939
4.45,4,74.735424
4.45,4,74.761257
4.6,3,74.79027
3.55,10,74.829644
4.6,3,74.859521
4.75,2,74.89
-1.75,15,74.946314
4.3,5,74.986607
4.15,6,75.017502
3.25,12,75.063086
4.3,5,75.094435
3.55,10,75.133267
4.45,4,75.167488
3.55,10,75.202298
4.45,4,75.233485
4.9,1,75.259578
4.9,1,75.284214
3.7,9,75.319238
4.0,7,75.350532
4.3,5,75.37896
4.6,3,75.404888
4.75,2,75.431158
4.45,4,75.597809
4.45,4,75.630143
4.75,2,75.654487
3.85,8,75.687392
3.4,11,75.723832
4.75,2,75.74911
4.0,7,75.783228
4.3,5,75.813855
-3.55,12,75.857466
4.3,5,75.886562
3.7,9,75.923834
4.15,6,75.962018
-1.75,15,76.00631
-1.75,15,76.049587
-3.7,15,76.09216
3.85,8,76.136386
4.6,3,76.166139
4.6,3,76.198951
3.4,11,76.240318
-3.15,4,76.266467
4.45,4,76.298811
4.0,7,76.338362
4.15,6,76.37564
4.15,6,76.410863
-3.5,11,76.454908
4.75,2,76.484914
3.7,9,76.522399
4.45,4,76.55505
4.15,6,76.591347
3.1,13,76.642612
-3.35,8,76.684668
4.75,2,76.711025
3.4,11,76.759521
4.6,3,76.790582
4.3,5,76.827238
4.6,3,76.860408
4.15,6,76.900694
4.45,4,77.064295
3.7,9,77.099184
4.45,4,77.127698
3.4,11,77.1741
4.45,4,77.204892
4.45,4,77.242328
-1.75,15,77.287005
4.45,4,77.31713
4.6,3,77.350973
4.3,5,77.378838
3.85,8,77.414725
-1.75,15,77.458425
-1.75,15,77.504905
3.7,9,77.541918
4.15,6,77.575603
4.15,6,77.614429
3.85,8,77.665298
4.0,7,77.707355
4.75,2,77.732518
4.75,2,77.761437
4.15,6,77.796498
4.6,3,77.821038
4.45,4,77.851037
4.45,4,77.875912
3.4,11,77.91461
4.45,4,77.942944
4.6,3,77.972675
3.25,12,78.022167
4.0,7,78.058717
3.7,9,78.098899
4.3,5,78.126935
4.45,4,78.154888
3.7,9,78.199354
-1.75,15,78.247428
4.45,4,78.27972
4.15,6,78.313178
3.4,11,78.356524
4.6,3,78.55892
4.6,3,78.600399
4.6,3,78.640346
4.6,3,78.67578
3.7,9,78.722984
3.85,8,78.766574
4.3,5,78.800483
4.15,6,78.829634
4.9,1,78.854044
4.6,3,78.881172
4.45,4,78.906541
-1.75,15,78.948439
-3.6,13,78.986362
4.3,5,79.013872
4.3,5,79.040129
4.3,5,79.069178
3.55,10,79.106231
-1.75,15,79.159877
4.15,6,79.199572
3.85,8,79.239989
-3.5,11,79.28397
4.15,6,79.313615
4.45,4,79.339851
3.4,11,79.380516
4.45,4,79.41417
3.1,13,79.458749
4.3,5,79.488218
4.75,2,79.518416
4.6,3,79.547885
4.45,4,79.580812
4.15,6,79.614249
4.75,2,79.638106
4.0,7,79.677421
4.45,4,79.714695
-1.75,15,79.7737
3.85,8,79.814
4.6,3,79.850879
3.25,12,79.890251
3.55,10,80.081751
-3.35,8,80.117194
4.9,1,80.146035
4.6,3,80.171588
4.9,1,80.197267
3.7,9,80.235865
4.6,3,80.264
4.3,5,80.294689
2.95,14,80.343502
4.45,4,80.373913
4.0,7,80.411752
-3.55,12,80.454341
4.15,6,80.486053
3.85,8,80.519735
4.6,3,80.550231
4.15,6,80.586546
4.45,4,80.615663
4.15,6,80.65092
4.15,6,80.693416
3.1,13,80.743155
4.45,4,80.783842
3.85,8,80.82663
4.9,1,80.854073
4.45,4,80.885671
4.3,5,80.917992
4.75,2,80.943915
4.6,3,80.969049
4.75,2,80.997527
4.45,4,81.022559
4.15,6,81.053234
4.3,5,81.084013
3.7,9,81.123079
4.3,5,81.15616
4.6,3,81.183921
4.15,6,81.218507
4.6,3,81.246563
4.6,3,81.281029
-1.75,15,81.332824
4.6,3,81.367041
3.4,11,81.413836
4.45,4,81.452609
4.6,3,81.483626
4.0,7,81.523691
4.3,5,81.555893
3.7,9,81.600627
-3.15,4,81.634121
4.45,4,81.834256
4.6,3,81.860003
4.0,7,81.89364
4.0,7,81.932326
4.9,1,81.957691
4.3,5,81.985743
-1.75,15,82.034183
3.85,8,82.066394
4.15,6,82.10142
4.6,3,82.135233
-1.75,15,82.187303
-1.75,15,82.240549
4.0,7,82.275638
4.6,3,82.305129
4.75,2,82.334495
4.75,2,82.357108
4.75,2,82.384548
4.15,6,82.416866
4.0,7,82.45745
4.6,3,82.494823
3.7,9,82.534798
3.55,10,82.579747
4.6,3,82.612319
4.9,1,82.637501
4.75,2,82.665078
4.0,7,82.702597
4.45,4,82.732008
4.6,3,82.762611
4.45,4,82.799426
3.7,9,82.840656
4.0,7,82.887209
3.55,10,82.930635
4.75,2,82.956902
4.9,1,82.987305
4.15,6,83.020732
4.3,5,83.05451
4.75,2,83.084658
4.75,2,83.114851
3.7,9,83.163527
4.6,3,83.198777
4.3,5,83.237303
4.75,2,83.27118
4.0,7,83.314015
3.25,12,83.363942
4.3,5,83.405601
4.75,2,83.428999
4.75,2,83.4549
4.75,2,83.637195
3.7,9,83.673967
3.4,11,83.716506
4.3,5,83.744007
4.15,6,83.774829
4.45,4,83.805624
4.9,1,83.832459
4.15,6,83.868737
3.85,8,83.905875
3.85,8,83.938968
3.7,9,83.977481
4.45,4,84.006828
4.3,5,84.036644
4.9,1,84.058508
4.45,4,84.087129
3.7,9,84.122657
4.0,7,84.155478
-3.4,9,84.191933
4.6,3,84.223393
4.9,1,84.24734
-1.75,15,84.287657
3.7,9,84.327748
4.0,7,84.363669
4.15,6,84.407579
3.4,11,84.45194
3.25,12,84.493381
4.6,3,84.524889
4.45,4,84.556338
3.85,8,84.599262
3.85,8,84.64735
4.15,6,84.678866
3.85,8,84.715698
4.0,7,84.752039
3.55,10,84.794162
4.6,3,84.824227
4.15,6,84.854121
3.25,12,84.900758
4.15,6,84.935077
4.45,4,84.96294
4.3,5,85.140843
4.0,7,85.18117
4.45,4,85.211447
-1.75,15,85.259445
4.15,6,85.296236
4.75,2,85.321429
4.75,2,85.347604
3.25,12,85.38741
3.85,8,85.421719
4.6,3,85.452576
-1.75,15,85.501609
4.6,3,85.531187
3.7,9,85.57241
3.85,8,85.605981
3.85,8,85.640087
4.6,3,85.665081
4.75,2,85.690535
4.0,7,85.720659
4.3,5,85.75245
4.45,4,85.782018
-3.4,9,85.816298
4.15,6,85.847333
3.85,8,85.88312
4.3,5,85.911648
4.9,1,85.935751
4.15,6,85.968178
3.4,11,86.016482
4.15,6,86.051395
4.45,4,86.082072
4.15,6,86.118642
3.4,11,86.157943
4.0,7,86.202212
4.45,4,86.236486
4.15,6,86.277025
-1.75,15,86.33083
4.15,6,86.368847
4.75,2,86.397587
3.25,12,86.439946
4.9,1,86.469832
-1.75,15,86.688851
4.9,1,86.721483
4.3,5,86.757046
4.3,5,86.78704
4.45,4,86.814503
4.3,5,86.841761
4.6,3,86.869142
4.0,7,86.901278
4.45,4,86.930301
-3.5,11,86.968164
4.9,1,86.988514
4.45,4,87.017634
4.75,2,87.042333
3.25,12,87.078527
4.6,3,87.106135
3.4,11,87.146534
4.0,7,87.183487
4.75,2,87.209429
4.45,4,87.238749
-1.75,15,87.283916
4.45,4,87.313197
4.6,3,87.338668
3.7,9,87.3717
4.15,6,87.401618
4.15,6,87.431596
4.6,3,87.458617
3.4,11,87.502906
3.55,10,87.545498
4.3,5,87.5815
3.85,8,87.623856
4.6,3,87.653966
3.4,11,87.69575
4.0,7,87.733052
4.75,2,87.769203
2.95,14,87.821631
4.45,4,87.855319
3.85,8,87.894281
4.3,5,87.931489
4.6,3,87.957814
4.0,7,87.991416
4.3,5,88.021268
3.7,9,88.203843
4.45,4,88.231647
4.75,2,88.259316
4.9,1,88.285687
4.3,5,88.315603
4.3,5,88.358148
4.75,2,88.386076
4.6,3,88.412498
4.9,1,88.439957
4.3,5,88.473672
4.15,6,88.504982
3.85,8,88.535469
3.85,8,88.573205
4.9,1,88.594854
4.0,7,88.624157
4.6,3,88.657825
4.75,2,88.686376
4.9,1,88.712499
4.15,6,88.748281
2.95,14,88.790524
3.7,9,88.823976
4.6,3,88.851078
4.9,1,88.87556
3.4,11,88.919059
-1.75,15,88.959838
4.6,3,88.986448
4.45,4,89.019838
4.15,6,89.052108
4.0,7,89.090832
4.6,3,89.121801
4.45,4,89.154634
3.85,8,89.194914
4.15,6,89.235849
4.75,2,89.270357
3.7,9,89.317202
3.1,13,89.359058
4.15,6,89.390264
3.4,11,89.434243
4.6,3,89.464004
4.15,6,89.499803
4.75,2,89.523988
3.85,8,89.559205
4.45,4,89.589325
3.7,9,89.62543
3.25,12,89.671076
4.0,7,89.887439
4.75,2,89.916331
4.75,2,89.949241
4.3,5,89.984709
4.15,6,90.020174
4.75,2,90.04862
4.45,4,90.082975
4.45,4,90.108753
4.3,5,90.137105
4.6,3,90.162973
4.15,6,90.193054
4.15,6,90.222704
4.75,2,90.244553
4.0,7,90.281374
4.0,7,90.321546
-1.75,15,90.373101
4.75,2,90.399984
4.3,5,90.430702
4.45,4,90.458568
4.75,2,90.485171
4.3,5,90.519238
3.55,10,90.555761
4.6,3,90.583528
4.6,3,90.610188
-1.75,15,90.658597
4.3,5,90.690496
4.15,6,90.722319
4.3,5,90.757172
4.3,5,90.789531
-1.75,15,90.843471
-3.1,3,90.874257
-3.1,3,90.904315
3.25,12,90.945191
3.4,11,90.987335
4.45,4,91.015602
3.7,9,91.057301
4.0,7,91.092839
4.6,3,91.122748
4.6,3,91.152772
4.15,6,91.189616
4.3,5,91.219726
3.25,12,91.265545
4.3,5,91.295943
3.55,10,91.487447
-1.75,15,91.53538
4.9,1,91.559543
4.0,7,91.593621
4.15,6,91.623449
4.3,5,91.660748
3.85,8,91.702299
4.45,4,91.73546
4.45,4,91.765579
4.0,7,91.79686
4.3,5,91.823757
3.7,9,91.857811
3.1,13,91.898159
3.85,8,91.929914
3.4,11,91.967976
4.45,4,91.995604
4.15,6,92.026616
3.7,9,92.064313
-1.75,15,92.105215
3.85,8,92.145272
-1.75,15,92.192087
3.7,9,92.231257
3.7,9,92.270734
4.45,4,92.304893
4.75,2,92.33562
4.45,4,92.371795
3.55,10,92.41337
4.45,4,92.445447
4.6,3,92.47152
4.15,6,92.509284
4.3,5,92.539572
4.15,6,92.57316
4.9,1,92.602216
3.4,11,92.645308
4.6,3,92.673035
4.15,6,92.704607
4.6,3,92.73375
4.75,2,92.75686
3.7,9,92.948099
4.6,3,92.973042
4.15,6,93.006816
4.3,5,93.037424
4.45,4,93.065921
4.45,4,93.096261
-3.4,9,93.133671
-3.15,4,93.163772
-3.4,9,93.200468
4.6,3,93.227704
4.15,6,93.262597
3.4,11,93.304194
4.3,5,93.335592
4.45,4,93.370617
4.15,6,93.410557
4.6,3,93.444881
4.75,2,93.469249
4.9,1,93.491175
4.3,5,93.522342
4.45,4,93.548421
-3.5,11,93.586362
4.15,6,93.618026
4.75,2,93.645666
4.75,2,93.67054
4.3,5,93.702179
4.45,4,93.734174
4.45,4,93.761876
4.9,1,93.791777
-1.75,15,93.845561
-3.55,12,93.886986
-3.25,6,93.919114
4.3,5,93.948532
4.3,5,93.979313
4.6,3,94.007163
4.6,3,94.03633
4.6,3,94.06511
4.3,5,94.097931
4.6,3,94.126131
4.45,4,94.153112
4.15,6,94.191493
4.45,4,94.219282
-3.5,11,94.261099
3.7,9,94.297882
4.15,6,94.330435
3.7,9,94.366373
3.85,8,94.401673
3.7,9,94.574472
4.0,7,94.605628
4.45,4,94.632323
3.55,10,94.667673
4.15,6,94.701533
3.25,12,94.737647
4.75,2,94.761243
3.85,8,94.794194
3.7,9,94.829818
4.0,7,94.85893
4.9,1,94.880899
4.9,1,94.904762
4.6,3,94.928145
4.75,2,94.951461
4.3,5,94.977755
3.4,11,95.016327
4.3,5,95.042635
4.45,4,95.068362
4.45,4,95.097477
4.6,3,95.121589
4.15,6,95.155801
3.25,12,95.199303
4.3,5,95.232763
4.75,2,95.263868
4.15,6,95.295554
4.75,2,95.320328
4.45,4,95.350069
3.4,11,95.390962
4.45,4,95.420577
-3.5,11,95.467918
4.15,6,95.500135
3.4,11,95.545446
4.3,5,95.577389
4.15,6,95.60603
-3.25,6,95.637145
4.6,3,95.665517
4.9,1,95.689484
4.9,1,95.718318
4.6,3,95.750834
4.3,5,95.786612
4.6,3,95.821404
4.45,4,95.85693
-1.75,15,95.906435
4.45,4,95.938633
4.75,2,95.963587
4.45,4,95.989933
4.45,4,96.01505
4.45,4,96.201513
4.0,7,96.235269
-1.75,15,96.278122
4.6,3,96.305553
4.15,6,96.336524
4.6,3,96.361836
4.45,4,96.38777
4.45,4,96.419411
4.3,5,96.450457
4.3,5,96.483092
4.6,3,96.520326
4.3,5,96.548794
3.55,10,96.592823
4.3,5,96.62389
4.3,5,96.655568
3.85,8,96.689214
4.9,1,96.716256
4.45,4,96.747039
3.85,8,96.782938
4.45,4,96.808083
4.75,2,96.83185
3.7,9,96.865536
4.6,3,96.890783
4.3,5,96.928399
4.45,4,96.954364
3.85,8,96.986544
4.15,6,97.015365
4.75,2,97.043025
4.75,2,97.074805
4.6,3,97.103101
4.75,2,97.129699
4.0,7,97.163723
4.15,6,97.199662
4.15,6,97.233063
4.75,2,97.262682
4.75,2,97.287894
4.3,5,97.319722
3.85,8,97.357681
4.75,2,97.387639
4.75,2,97.418527
-3.2,5,97.45177
4.0,7,97.485725
4.0,7,97.522059
-1.75,15,97.571314
-1.75,15,97.623522
4.0,7,97.660889
4.15,6,97.688992
4.45,4,97.87813
4.45,4,97.906798
4.75,2,97.936111
3.7,9,97.971719
4.3,5,98.002233
-3.1,3,98.027696
4.3,5,98.058364
4.6,3,98.089423
4.3,5,98.123959
4.45,4,98.157122
4.3,5,98.192338
4.6,3,98.223511
4.45,4,98.253407
4.45,4,98.280479
4.6,3,98.307099
3.55,10,98.348186
4.75,2,98.372321
3.25,12,98.411789
3.1,13,98.453155
4.75,2,98.477977
3.1,13,98.522866
4.6,3,98.551397
4.15,6,98.591105
4.75,2,98.618437
-3.35,8,98.653322
3.4,11,98.692214
4.75,2,98.720184
-1.75,15,98.769783
4.0,7,98.803189
4.9,1,98.832809
3.7,9,98.870664
-1.75,15,98.928636
4.6,3,98.951759
4.45,4,98.981407
4.3,5,99.009888
4.3,5,99.037564
4.45,4,99.066121
4.6,3,99.093294
4.45,4,99.121866
4.6,3,99.150112
-1.75,15,99.194722
4.3,5,99.224133
4.3,5,99.252028
3.85,8,99.430472
4.15,6,99.463033
4.75,2,99.489058
4.15,6,99.524046
4.45,4,99.555986
4.6,3,99.587017
4.15,6,99.622369
4.45,4,99.653193
4.75,2,99.6755
4.45,4,99.705146
-1.75,15,99.759562
4.75,2,99.787563
4.15,6,99.827961
4.45,4,99.881243
4.15,6,99.92931
4.9,1,99.963025
4.45,4,100.00394
4.9,1,100.032922
4.0,7,100.071952
3.55,10,100.127988
4.3,5,100.164567
4.45,4,100.201437
-1.75,15,100.262832
3.7,9,100.308156
4.45,4,100.345052
3.85,8,100.383007
4.45,4,100.416894
4.15,6,100.455901
4.45,4,100.497154
-1.75,15,100.558887
4.0,7,100.596139
3.7,9,100.633302
-1.75,15,100.686776
4.75,2,100.714926
4.15,6,100.749841
4.15,6,100.780066
4.75,2,100.804626
4.3,5,100.834868
4.75,2,100.862601
4.45,4,100.889205
3.85,8,100.92414
3.55,10,100.964015
3.55,10,101.00188
3.7,9,101.183484
-3.1,3,101.213183
4.9,1,101.238366
4.9,1,101.263841
4.0,7,101.295096
4.3,5,101.326077
4.45,4,101.356386
4.45,4,101.385221
4.6,3,101.415031
4.3,5,101.446867
4.45,4,101.477757
-3.65,14,101.518988
-1.75,15,101.563632
4.45,4,101.592455
3.7,9,101.630944
3.7,9,101.666847
4.15,6,101.696477
4.9,1,101.721856
-3.5,11,101.766854
3.4,11,101.807813
3.85,8,101.847622
3.85,8,101.891958
4.3,5,101.921602
4.0,7,101.951859
4.45,4,101.979105
4.3,5,102.009522
4.75,2,102.032694
4.9,1,102.058726
3.25,12,102.102019
3.55,10,102.149063
4.0,7,102.18163
4.3,5,102.212823
4.75,2,102.239818
4.15,6,102.272314
4.9,1,102.297362
4.6,3,102.321818
3.55,10,102.358148
4.0,7,102.394249
4.45,4,102.428438
3.85,8,102.467367
4.6,3,102.497955
3.85,8,102.532751
3.4,11,102.721489
4.15,6,102.75496
-3.4,9,102.795806
3.55,10,102.83474
3.55,10,102.878585
4.0,7,102.924587
3.55,10,102.9599
4.45,4,102.986618
4.45,4,103.013257
4.6,3,103.046048
4.45,4,103.081218
4.45,4,103.111802
4.75,2,103.138442
4.0,7,103.171441
4.75,2,103.197001
4.0,7,103.227601
4.0,7,103.26672
3.85,8,103.307233
4.75,2,103.332988
4.6,3,103.364378
-1.75,15,103.420346
4.15,6,103.456702
-3.35,8,103.498776
4.15,6,103.533473
3.85,8,103.569168
4.0,7,103.60611
4.15,6,103.639239
3.25,12,103.69682
4.15,6,103.732951
4.0,7,103.771901
4.3,5,103.804244
3.7,9,103.846552
-3.45,10,103.881747
3.85,8,103.919201
4.75,2,103.942304
4.15,6,103.974311
4.0,7,104.004903
3.7,9,104.037068
4.45,4,104.064113
4.15,6,104.237482
4.9,1,104.259944
3.1,13,104.300595
-3.25,6,104.334675
4.45,4,104.367116
4.15,6,104.401951
4.6,3,104.429582
3.85,8,104.464432
3.55,10,104.498871
4.9,1,104.522022
4.75,2,104.548992
3.4,11,104.585638
-1.75,15,104.630602
4.15,6,104.666049
4.9,1,104.692159
4.45,4,104.719696
4.0,7,104.750866
4.3,5,104.779972
4.75,2,104.805206
4.0,7,104.83752
4.6,3,104.866544
4.3,5,104.897653
3.7,9,104.933234
4.0,7,104.964552
4.6,3,104.990859
4.3,5,105.021681
-1.75,15,105.070435
4.45,4,105.100332
4.6,3,105.126911
4.75,2,105.152486
3.1,13,105.203734
4.75,2,105.234793
3.7,9,105.281151
3.85,8,105.324587
-1.75,15,105.370026
-1.75,15,105.419198
4.0,7,105.454746
3.55,10,105.49754
4.3,5,105.666835
3.25,12,105.717218
4.15,6,105.749342
4.45,4,105.776854
4.45,4,105.803489
3.7,9,105.838824
3.7,9,105.870821
4.3,5,105.900822
4.6,3,105.925935
4.3,5,105.96481
4.45,4,105.996488
4.15,6,106.026145
4.3,5,106.052411
4.6,3,106.079954
4.9,1,106.105104
4.3,5,106.138615
4.45,4,106.167581
4.0,7,106.198442
4.15,6,106.231905
4.6,3,106.258625
4.75,2,106.283933
4.45,4,106.31454
4.45,4,106.341624
4.3,5,106.369523
3.85,8,106.410647
4.6,3,106.444942
4.15,6,106.47875
4.75,2,106.504146
4.9,1,106.529044
4.0,7,106.564114
4.45,4,106.59899
-1.75,15,106.650179
4.9,1,106.680941
-1.75,15,106.731721
4.3,5,106.769852
-1.75,15,106.819726
4.3,5,106.855452
3.25,12,106.902649
4.6,3,106.93417
4.45,4,106.967222
4.45,4,106.992612
3.7,9,107.024354
3.55,10,107.061911
-3.55,12,107.239649
3.85,8,107.274199
4.45,4,107.300425
4.6,3,107.324597
4.45,4,107.350788
4.45,4,107.376821
4.3,5,107.403532
4.6,3,107.431386
4.45,4,107.456009
4.45,4,107.484894
4.45,4,107.515675
4.75,2,107.546831
3.4,11,107.587785
4.6,3,107.618982
4.3,5,107.654051
4.15,6,107.689228
4.0,7,107.723493
4.15,6,107.755612
3.4,11,107.794365
4.9,1,107.819226
3.85,8,107.856493
4.45,4,107.890626
4.6,3,107.918338
3.7,9,107.952586
3.85,8,107.982996
3.7,9,108.019183
4.45,4,108.049392
3.4,11,108.089301
4.75,2,108.115608
4.6,3,108.148091
4.15,6,108.180105
3.85,8,108.218706
4.75,2,108.250305
3.85,8,108.289001
3.7,9,108.327314
3.7,9,108.36361
4.75,2,108.389064
4.6,3,108.421953
4.3,5,108.45374
4.45,4,108.491757
4.3,5,108.520514
4.3,5,108.553846
4.75,2,108.586498
4.75,2,108.611099
4.75,2,108.638461
4.3,5,108.672307
4.15,6,108.702835
3.7,9,108.737059
4.75,2,108.764306
4.45,4,108.792135
4.15,6,108.969314
3.85,8,109.006728
4.9,1,109.032433
4.75,2,109.064179
4.15,6,109.095167
3.4,11,109.134023
4.75,2,109.164528
4.75,2,109.190021
3.85,8,109.222457
3.85,8,109.262973
4.6,3,109.29161
4.15,6,109.322874
4.0,7,109.353282
4.75,2,109.375437
4.3,5,109.403327
3.7,9,109.441219
4.6,3,109.469048
4.45,4,109.495527
4.45,4,109.524327
4.75,2,109.550267
4.9,1,109.572654
4.3,5,109.598628
4.6,3,109.623374
4.45,4,109.650373
3.55,10,109.693593
4.0,7,109.729631
-1.75,15,109.775091
4.0,7,109.810555
-1.75,15,109.86054
4.45,4,109.886758
4.75,2,109.915546
3.55,10,109.96131
4.45,4,109.997772
4.0,7,110.03723
4.15,6,110.078666
3.7,9,110.117495
3.4,11,110.167346
-1.75,15,110.213371
-1.75,15,110.255426
4.6,3,110.281653
4.9,1,110.307221
3.85,8,110.478725
-3.4,9,110.51526
4.3,5,110.545635
4.45,4,110.578442
4.0,7,110.611917
4.6,3,110.640702
3.85,8,110.676814
2.95,14,110.717368
3.85,8,110.748843
4.6,3,110.771997
4.0,7,110.80169
4.45,4,110.831095
3.85,8,110.866382
3.4,11,110.900895
4.15,6,110.936554
4.75,2,110.960023
4.0,7,110.987428
4.45,4,111.015699
4.45,4,111.03955
3.85,8,111.074762
4.75,2,111.10098
4.0,7,111.132803
4.15,6,111.163965
4.3,5,111.195167
3.55,10,111.231467
3.85,8,111.269449
4.0,7,111.309018
4.75,2,111.336042
4.15,6,111.371379
4.9,1,111.396313
3.55,10,111.435767
4.15,6,111.466496
4.45,4,111.496005
4.15,6,111.527444
4.6,3,111.552969
4.75,2,111.576445
4.75,2,111.602605
4.9,1,111.627329
3.55,10,111.664269
4.0,7,111.699732
4.45,4,111.73372
4.6,3,111.761269
4.6,3,111.789989
4.0,7,111.823406
4.75,2,111.84794
4.15,6,112.010498
4.75,2,112.035114
4.6,3,112.060179
4.0,7,112.092981
3.55,10,112.132385
4.6,3,112.157
4.6,3,112.18477
4.6,3,112.213938
4.6,3,112.237461
4.0,7,112.280083
4.3,5,112.316913
-1.75,15,112.369578
4.45,4,112.40072
4.75,2,112.4302
4.75,2,112.451299
4.6,3,112.481917
3.25,12,112.529459
4.6,3,112.561276
4.15,6,112.597145
4.0,7,112.633465
3.25,12,112.672174
4.15,6,112.708313
4.15,6,112.743243
4.0,7,112.777704
3.85,8,112.820843
4.6,3,112.850858
-1.75,15,112.901006
4.45,4,112.931121
-3.45,10,112.973547
3.85,8,113.019439
4.15,6,113.059009
3.85,8,113.094461
3.85,8,113.131616
3.25,12,113.176507
4.3,5,113.209073
4.45,4,113.238658
4.6,3,113.264799
4.15,6,113.29887
4.6,3,113.327224
4.9,1,113.349744
-1.75,15,113.401218
4.3,5,113.437403
4.3,5,113.618487
4.45,4,113.649884
3.85,8,113.692766
4.9,1,113.714522
-3.15,4,113.745433
4.45,4,113.77656
4.45,4,113.80569
4.0,7,113.838258
4.45,4,113.868654
3.85,8,113.908177
4.6,3,113.935718
4.75,2,113.959967
4.45,4,113.989079
-1.75,15,114.034461
-1.75,15,114.078522
4.75,2,114.100294
4.15,6,114.134702
4.9,1,114.161096
4.6,3,114.186627
4.75,2,114.211763
4.45,4,114.239876
4.45,4,114.27047
4.75,2,114.299351
4.3,5,114.330713
4.6,3,114.363137
4.0,7,114.397325
3.4,11,114.433071
4.75,2,114.458311
4.9,1,114.481128
4.45,4,114.513299
4.6,3,114.538116
4.45,4,114.565743
4.15,6,114.599047
4.6,3,114.631003
3.85,8,114.668962
4.15,6,114.71311
4.6,3,114.74274
3.4,11,114.793152
4.75,2,114.817904
4.0,7,114.860696
4.6,3,114.896597
3.55,10,114.938078
4.15,6,114.967238
4.45,4,114.992467
3.4,11,115.030088
2.95,14,115.074854
4.45,4,115.101838
4.3,5,115.132914
3.7,9,115.31609
4.0,7,115.350596
4.3,5,115.381
4.45,4,115.405371
3.55,10,115.437936
4.3,5,115.471483
4.6,3,115.498196
-3.4,9,115.533465
4.45,4,115.566344
-1.75,15,115.611273
4.6,3,115.634287
4.6,3,115.664409
3.85,8,115.697057
4.9,1,115.717307
4.6,3,115.744049
4.6,3,115.768709
4.9,1,115.794189
4.75,2,115.817481
4.75,2,115.847453
4.45,4,115.874664
4.6,3,115.901807
3.55,10,115.948001
4.6,3,115.978964
4.45,4,116.010513
4.3,5,116.04443
4.45,4,116.073109
4.0,7,116.113659
4.45,4,116.144727
4.45,4,116.171498
4.9,1,116.194595
3.7,9,116.234313
4.3,5,116.266725
3.55,10,116.303285
3.85,8,116.348415
4.6,3,116.379591
4.9,1,116.407029
3.7,9,116.446681
3.4,11,116.483582
4.3,5,116.513714
4.6,3,116.542937
3.55,10,116.580127
4.9,1,116.600196
3.7,9,116.633306
4.6,3,116.659841
4.75,2,116.685516
4.75,2,116.712011
4.6,3,116.738808
4.0,7,116.777408
4.45,4,116.814443
4.3,5,116.846384
4.15,6,117.024503
4.6,3,117.056901
4.6,3,117.085774
3.1,13,117.130956
4.9,1,117.158819
4.45,4,117.183362
4.0,7,117.21668
4.15,6,117.248882
3.85,8,117.292763
4.0,7,117.334517
4.15,6,117.370419
4.9,1,117.397619
4.45,4,117.428274
3.7,9,117.465858
4.6,3,117.49753
4.45,4,117.524031
4.0,7,117.559175
4.9,1,117.583545
4.0,7,117.614611
4.45,4,117.642964
4.0,7,117.678933
4.6,3,117.710603
3.7,9,117.754927
4.0,7,117.788808
4.75,2,117.813483
3.55,10,117.8526
3.55,10,117.896223
3.7,9,117.936156
4.45,4,117.96809
4.3,5,117.996328
4.3,5,118.027094
4.6,3,118.061914
4.9,1,118.083576
4.75,2,118.107219
4.3,5,118.137485
4.15,6,118.173549
4.6,3,118.197901
4.3,5,118.226017
3.7,9,118.26867
4.15,6,118.30264
4.6,3,118.330018
4.3,5,118.357192
4.6,3,118.381677
4.6,3,118.407839
4.0,7,118.443303
4.45,4,118.469516
4.6,3,118.497137
4.6,3,118.526324
4.75,2,118.549348
4.6,3,118.578108
4.45,4,118.6119
4.45,4,118.782732
3.85,8,118.814764
4.6,3,118.840859
4.3,5,118.877607
4.45,4,118.906559
4.75,2,118.927735
4.15,6,118.956574
4.15,6,118.988404
4.75,2,119.018643
3.85,8,119.054841
-1.75,15,119.106086
4.6,3,119.132926
3.7,9,119.166889
4.9,1,119.190225
4.75,2,119.218283
4.9,1,119.246047
4.45,4,119.277663
4.9,1,119.301638
4.15,6,119.335658
-1.75,15,119.391466
3.1,13,119.441717
4.75,2,119.477026
3.25,12,119.522229
4.45,4,119.554428
4.45,4,119.586183
4.6,3,119.618488
4.9,1,119.643061
4.75,2,119.666692
4.45,4,119.694687
4.45,4,119.721348
4.6,3,119.747545
4.75,2,119.776093
4.45,4,119.809044
4.45,4,119.833886
-1.75,15,119.876351
-1.75,15,119.917425
3.7,9,119.951453
-1.75,15,119.995722
4.6,3,120.023593
4.6,3,120.056241
4.75,2,120.082635
4.45,4,120.110334
4.45,4,120.138063
4.45,4,120.168193
4.15,6,120.198318
4.6,3,120.228074
3.25,12,120.416696
3.25,12,120.462384
4.45,4,120.490343
4.45,4,120.518043
4.3,5,120.54674
3.85,8,120.581072
4.9,1,120.606665
4.45,4,120.638795
3.25,12,120.684793
4.3,5,120.716873
4.15,6,120.749326
3.55,10,120.796246
3.55,10,120.838928
3.55,10,120.882944
4.45,4,120.915811
-1.75,15,120.958874
3.4,11,120.998243
4.3,5,121.029693
3.85,8,121.067
4.45,4,121.098634
4.15,6,121.142432
4.45,4,121.173034
3.85,8,121.209683
4.6,3,121.23695
4.6,3,121.261946
4.0,7,121.293133
4.15,6,121.320087
4.6,3,121.344975
4.75,2,121.369662
3.4,11,121.405624
4.6,3,121.429349
4.75,2,121.452444
3.1,13,121.492085
4.15,6,121.521126
4.3,5,121.552649
4.6,3,121.582712
4.75,2,121.610285
3.85,8,121.646458
4.75,2,121.667432
-1.75,15,121.711509
-3.2,5,121.899694
4.75,2,121.924933
4.6,3,121.948084
4.45,4,121.976958
4.75,2,122.003769
4.15,6,122.034408
-1.75,15,122.078561
4.45,4,122.108075
4.15,6,122.141694
3.25,12,122.180853
3.4,11,122.219974
4.6,3,122.255865
4.3,5,122.284734
-1.75,15,122.336639
3.7,9,122.373899
-3.05,2,122.398648
4.6,3,122.428917
4.75,2,122.456286
-3.15,4,122.485354
3.85,8,122.524585
4.6,3,122.553277
4.75,2,122.579836
4.15,6,122.609945
4.15,6,122.642607
4.0,7,122.68172
3.55,10,122.721781
4.75,2,122.74908
4.45,4,122.776817
3.55,10,122.817089
-3.1,3,122.852199
4.0,7,122.885936
4.45,4,122.916982
4.6,3,122.941194
4.45,4,122.966781
4.9,1,122.987576
3.4,11,123.02853
-3.25,6,123.063127
4.3,5,123.090554
4.45,4,123.117565
4.15,6,123.157506
-1.75,15,123.20211
4.45,4,123.231161
4.6,3,123.258279
4.6,3,123.28401
4.45,4,123.310687
4.0,7,123.503707
4.75,2,123.529317
4.45,4,123.55481
4.45,4,123.586815
-1.75,15,123.633102
4.75,2,123.659978
4.0,7,123.693557
3.55,10,123.732152
4.45,4,123.760556
4.0,7,123.794424
4.75,2,123.826135
4.75,2,123.854571
4.45,4,123.882474
4.45,4,123.911775
4.75,2,123.937928
4.45,4,123.96826
3.7,9,124.004885
4.3,5,124.034145
3.4,11,124.079878
-3.15,4,124.114724
4.75,2,124.14402
3.7,9,124.187665
4.45,4,124.220129
3.1,13,124.266452
4.6,3,124.297579
4.3,5,124.328549
3.55,10,124.363777
4.6,3,124.390792
4.45,4,124.417924
-3.65,14,124.462456
4.6,3,124.487437
4.6,3,124.514957
4.75,2,124.540869
4.45,4,124.566278
4.0,7,124.596937
-3.1,3,124.625215
4.6,3,124.652827
4.9,1,124.675077
4.45,4,124.699913
3.25,12,124.743773
4.45,4,124.772832
4.0,7,124.807593
4.6,3,124.841324
4.6,3,124.867819
4.0,7,124.905399
4.9,1,124.929683
3.7,9,124.961814
4.0,7,124.996227
4.3,5,125.16871
4.9,1,125.194777
4.15,6,125.225337
4.45,4,125.255357
4.6,3,125.278691
4.75,2,125.30573
3.7,9,125.343947
4.0,7,125.377157
-3.35,8,125.417517
4.75,2,125.457191
4.9,1,125.482356
4.6,3,125.512374
3.7,9,125.553569
3.55,10,125.594164
3.4,11,125.633338
4.0,7,125.671347
4.3,5,125.701748
3.85,8,125.738417
4.15,6,125.773368
4.45,4,125.79999
4.45,4,125.830755
4.75,2,125.85501
4.0,7,125.889724
4.75,2,125.911881
4.45,4,125.94311
4.3,5,125.973943
-1.75,15,126.020908
4.75,2,126.051159
3.4,11,126.08683
3.25,12,126.127198
4.6,3,126.153829
4.15,6,126.184083
4.3,5,126.212316
4.6,3,126.237844
3.7,9,126.275185
4.6,3,126.29889
3.85,8,126.33057
3.7,9,126.365562
4.6,3,126.391877
3.85,8,126.424336
4.45,4,126.458194
4.15,6,126.49479
3.85,8,126.538677
3.85,8,126.736939
4.6,3,126.7738
4.15,6,126.807807
4.0,7,126.839707
4.6,3,126.866274
4.75,2,126.892542
4.6,3,126.919525
3.85,8,126.959716
4.15,6,126.989329
4.6,3,127.012863
-1.75,15,127.060015
3.85,8,127.101716
-1.75,15,127.15728
4.45,4,127.185153
4.75,2,127.210354
-1.75,15,127.259566
4.6,3,127.290375
4.45,4,127.320852
4.0,7,127.357815
4.6,3,127.383951
4.0,7,127.415375
4.6,3,127.444052
4.0,7,127.473687
3.55,10,127.506523
4.0,7,127.542058
4.6,3,127.56593
4.15,6,127.594199
4.6,3,127.620548
4.15,6,127.65417
4.6,3,127.681468
4.75,2,127.705487
4.6,3,127.73101
3.25,12,127.767415
4.45,4,127.795937
4.6,3,127.827285
3.85,8,127.859841
4.45,4,127.888053
4.75,2,127.912441
4.45,4,127.943456
4.45,4,127.977461
3.7,9,128.010498
3.7,9,128.042461
4.3,5,128.072749
4.0,7,128.105225
3.4,11,128.286483
4.6,3,128.31707
4.45,4,128.34803
4.6,3,128.373548
4.45,4,128.400118
-1.75,15,128.446768
4.3,5,128.477607
-1.75,15,128.530564
4.3,5,128.567525
4.6,3,128.596224
-3.5,11,128.641659
3.55,10,128.678821
4.75,2,128.706275
4.0,7,128.73648
4.45,4,128.768519
4.45,4,128.800182
4.45,4,128.837439
4.6,3,128.868406
3.85,8,128.91385
4.0,7,128.95154
4.0,7,128.982617
4.3,5,129.012812
3.55,10,129.049877
-3.5,11,129.088569
4.6,3,129.117214
-3.25,6,129.148318
4.15,6,129.182869
4.75,2,129.212939
4.15,6,129.249852
3.4,11,129.292077
4.15,6,129.325295
3.1,13,129.364116
3.55,10,129.400458
4.0,7,129.432369
4.45,4,129.461489
4.75,2,129.485949
3.55,10,129.522792
4.6,3,129.548862
3.7,9,129.580232
3.7,9,129.751714
3.55,10,129.789135
4.75,2,129.811244
3.7,9,129.847123
4.6,3,129.87401
4.6,3,129.900643
4.0,7,129.933386
4.75,2,129.959918
4.15,6,129.992487
4.15,6,130.022431
4.6,3,130.04969
4.75,2,130.078579
3.7,9,130.121255
4.15,6,130.162621
4.9,1,130.18964
3.85,8,130.229228
4.3,5,130.264233
4.75,2,130.292188
4.3,5,130.329531
4.6,3,130.358879
3.4,11,130.398726
3.85,8,130.438019
4.45,4,130.46895
4.45,4,130.497545
4.9,1,130.522845
4.75,2,130.549709
3.7,9,130.585034
3.85,8,130.624517
4.75,2,130.650451
3.55,10,130.685363
4.45,4,130.713784
4.0,7,130.748574
4.3,5,130.779271
4.6,3,130.807328
-1.75,15,130.852375
3.55,10,130.889286
4.45,4,130.915687
4.45,4,130.939732
4.75,2,130.961522
4.15,6,130.989882
4.6,3,131.013299
4.6,3,131.036488
4.15,6,131.06788
4.15,6,131.097564
4.0,7,131.128013
4.3,5,131.156853
4.0,7,131.190021
4.0,7,131.38862
4.6,3,131.420381
4.45,4,131.450369
3.85,8,131.483187
4.15,6,131.514131
4.45,4,131.544423
4.45,4,131.573463
4.6,3,131.602459
-1.75,15,131.648893
3.85,8,131.691205
4.0,7,131.724523
4.3,5,131.754168
4.3,5,131.791704
4.15,6,131.826621
4.0,7,131.862394
-1.75,15,131.913488
4.45,4,131.946603
4.0,7,131.988116
4.0,7,132.028092
4.15,6,132.064552
3.4,11,132.108853
4.6,3,132.134885
4.15,6,132.169403
3.25,12,132.213996
4.45,4,132.245615
2.95,14,132.290715
4.75,2,132.317471
4.15,6,132.349358
3.4,11,132.397028
-1.75,15,132.44363
4.6,3,132.474607
4.45,4,132.509379
3.85,8,132.546775
4.0,7,132.581385
4.75,2,132.60667
3.7,9,132.640547
4.6,3,132.667074
3.7,9,132.849599
-1.75,15,132.894561
4.9,1,132.914531
4.9,1,132.941275
-1.75,15,132.990771
3.85,8,133.026022
-3.3,7,133.061094
4.45,4,133.091839
4.15,6,133.123282
4.45,4,133.149327
4.6,3,133.17725
4.75,2,133.207295
3.85,8,133.244316
-1.75,15,133.297295
4.45,4,133.3284
4.6,3,133.360531
4.6,3,133.389903
4.15,6,133.425557
4.15,6,133.465433
4.45,4,133.504827
4.3,5,133.542147
3.55,10,133.58943
3.7,9,133.641114
4.0,7,133.681198
3.7,9,133.721195
4.6,3,133.748161
4.6,3,133.780233
4.75,2,133.80805
3.55,10,133.843797
4.6,3,133.869813
4.6,3,133.901155
4.45,4,133.9381
4.3,5,133.965637
4.6,3,133.993243
3.7,9,134.033402
4.45,4,134.06086
4.6,3,134.089121
4.75,2,134.113983
-3.5,11,134.149269
4.0,7,134.182349
4.75,2,134.204961
4.3,5,134.234513
4.45,4,134.262115
4.75,2,134.285224
4.75,2,134.309732
4.6,3,134.333198
3.85,8,134.366912
4.6,3,134.546131
4.0,7,134.580236
3.1,13,134.619386
4.75,2,134.641989
4.75,2,134.665961
4.75,2,134.693462
4.6,3,134.716039
-1.75,15,134.7634
4.3,5,134.794154
4.3,5,134.823158
4.15,6,134.858165
4.6,3,134.885958
4.6,3,134.912608
3.4,11,134.955267
4.6,3,134.982909
4.3,5,135.014387
4.3,5,135.04302
4.0,7,135.077247
3.1,13,135.119829
4.9,1,135.145839
3.85,8,135.181949
4.45,4,135.214575
4.6,3,135.244576
3.7,9,135.290179
3.85,8,135.325279
3.7,9,135.360951
-3.3,7,135.399869
4.45,4,135.438441
4.6,3,135.463645
4.45,4,135.494694
4.15,6,135.5294
4.45,4,135.558062
3.25,12,135.596202
4.75,2,135.620825
3.1,13,135.661437
4.15,6,135.690535
4.6,3,135.713677
3.7,9,135.748173
4.3,5,135.780095
4.3,5,135.811971
4.75,2,135.834548
4.3,5,135.865665
4.75,2,135.888865
4.9,1,135.911405
3.7,9,135.947233
3.7,9,136.158459
4.45,4,136.191497
4.3,5,136.222733
4.3,5,136.248883
4.75,2,136.278279
4.0,7,136.312462
4.6,3,136.334445
4.6,3,136.358766
-1.75,15,136.401441
4.6,3,136.426991
4.3,5,136.458214
4.45,4,136.487636
4.3,5,136.52476
4.45,4,136.563136
4.45,4,136.591698
4.75,2,136.615473
4.45,4,136.651369
4.6,3,136.679482
3.1,13,136.731594
3.85,8,136.776305
4.45,4,136.806308
4.75,2,136.830881
4.75,2,136.860979
4.6,3,136.890551
4.15,6,136.925113
4.3,5,136.953583
4.6,3,136.978644
3.85,8,137.016674
4.15,6,137.049974
4.45,4,137.079481
4.75,2,137.105666
4.3,5,137.135697
4.15,6,137.166622
4.3,5,137.198621
4.45,4,137.228122
3.85,8,137.260746
3.85,8,137.291503
4.75,2,137.314264
4.0,7,137.34589
4.15,6,137.37969
4.6,3,137.402873
3.55,10,137.441763
4.0,7,137.474065
4.75,2,137.502525
4.0,7,137.534764
3.55,10,137.57223
4.15,6,137.606952
4.45,4,137.642272
-1.75,15,137.833465
-1.75,15,137.879414
4.0,7,137.911751
4.0,7,137.945094
4.9,1,137.97486
4.15,6,138.007452
4.3,5,138.041378
4.45,4,138.073891
4.9,1,138.098007
3.7,9,138.141695
4.75,2,138.166018
4.9,1,138.197137
-1.75,15,138.241002
3.85,8,138.27717
3.4,11,138.324856
4.75,2,138.358374
4.75,2,138.389558
4.15,6,138.425805
4.3,5,138.457423
4.3,5,138.490242
4.6,3,138.522967
-1.75,15,138.569644
4.3,5,138.60033
4.6,3,138.629944
4.45,4,138.656941
4.45,4,138.682117
4.45,4,138.714117
3.55,10,138.754765
3.25,12,138.795301
4.0,7,138.827916
3.7,9,138.871436
3.7,9,138.905439
4.45,4,138.940109
4.15,6,138.971704
4.75,2,138.994717
4.6,3,139.02497
4.3,5,139.057987
4.75,2,139.091842
4.45,4,139.121837
4.45,4,139.149565
4.0,7,139.182003
4.15,6,139.221047
3.55,10,139.412604
4.45,4,139.44078
3.85,8,139.471693
4.3,5,139.507047
4.15,6,139.542218
4.15,6,139.577509
4.9,1,139.606587
4.75,2,139.630802
4.6,3,139.662934
4.9,1,139.69172
3.55,10,139.737301
-1.75,15,139.788671
4.75,2,139.814641
3.1,13,139.863459
4.75,2,139.893676
3.4,11,139.933232
4.6,3,139.961853
-1.75,15,140.006317
4.6,3,140.033614
4.15,6,140.06753
4.3,5,140.095865
4.3,5,140.133353
3.7,9,140.171845
4.0,7,140.208431
4.45,4,140.243253
4.45,4,140.271679
4.75,2,140.297282
4.0,7,140.33626
3.85,8,140.373003
4.9,1,140.393426
4.9,1,140.417123
3.55,10,140.450923
4.6,3,140.474839
4.75,2,140.499804
4.6,3,140.524029
3.85,8,140.55958
3.25,12,140.596303
4.3,5,140.626271
4.0,7,140.663233
4.3,5,140.70094
3.1,13,140.751288
4.15,6,140.782907
4.75,2,140.81038
4.6,3,140.835551
4.3,5,141.01229
-1.75,15,141.053591
4.6,3,141.078042
3.85,8,141.115353
3.55,10,141.160422
4.75,2,141.187506
4.6,3,141.217044
4.15,6,141.249736
-3.05,2,141.275452
3.25,12,141.321548
3.85,8,141.354528
4.15,6,141.387869
4.45,4,141.420303
4.75,2,141.446307
4.9,1,141.476055
4.0,7,141.51036
4.6,3,141.539279
4.75,2,141.572973
-1.75,15,141.623349
4.45,4,141.654093
4.3,5,141.691506
4.0,7,141.721589
4.6,3,141.749038
4.15,6,141.782376
4.45,4,141.811903
3.25,12,141.850552
3.7,9,141.885133
-3.35,8,141.921811
4.6,3,141.948731
4.75,2,141.975455
4.75,2,141.996516
4.6,3,142.028772
4.75,2,142.053075
4.6,3,142.082656
4.75,2,142.110883
4.75,2,142.132989
4.15,6,142.172578
4.6,3,142.197176
4.0,7,142.233307
4.45,4,142.270613
4.3,5,142.298396
4.6,3,142.323802
4.75,2,142.347669
4.3,5,142.379843
4.45,4,142.409155
3.25,12,142.446998
4.45,4,142.475892
4.45,4,142.504104
4.15,6,142.535255
4.0,7,142.711162
4.15,6,142.748385
4.75,2,142.778581
4.3,5,142.812674
3.85,8,142.850408
4.0,7,142.886348
4.0,7,142.91994
4.15,6,142.950916
3.25,12,142.99267
-1.75,15,143.043853
4.15,6,143.082047
4.9,1,143.109827
4.75,2,143.1418
-3.05,2,143.165318
4.45,4,143.193082
3.85,8,143.228736
4.6,3,143.253919
4.3,5,143.280789
4.15,6,143.310591
4.6,3,143.339444
4.45,4,143.367367
3.25,12,143.411794
4.45,4,143.444164
4.3,5,143.475827
4.0,7,143.509208
3.7,9,143.549061
-1.75,15,143.598893
3.85,8,143.631826
4.0,7,143.669334
4.45,4,143.705648
4.75,2,143.738396
3.7,9,143.772582
3.25,12,143.814091
4.75,2,143.839832
4.6,3,143.867458
4.0,7,143.898537
4.75,2,143.922571
3.55,10,143.957698
4.3,5,143.986423
4.15,6,144.016052
-3.25,6,144.046613
4.6,3,144.075319
3.4,11,144.266119
4.15,6,144.300431
4.3,5,144.329761
4.15,6,144.361323
4.3,5,144.393517
4.45,4,144.426207
3.7,9,144.465743
3.7,9,144.508605
4.3,5,144.542738
4.75,2,144.569883
4.3,5,144.598548
4.6,3,144.622931
4.75,2,144.646112
4.45,4,144.672835
4.75,2,144.705032
4.75,2,144.731849
3.85,8,144.771552
4.15,6,144.803687
4.6,3,144.831949
4.75,2,144.858586
4.0,7,144.889493
3.55,10,144.925581
4.15,6,144.957291
4.45,4,144.986019
3.85,8,145.017049
4.6,3,145.044919
4.0,7,145.074981
4.75,2,145.096222
4.75,2,145.118975
4.6,3,145.146068
4.3,5,145.177524
4.45,4,145.207009
4.9,1,145.226992
4.0,7,145.258674
3.7,9,145.295225
4.45,4,145.324839
4.45,4,145.351096
4.75,2,145.381447
3.7,9,145.414963
-1.75,15,145.464238
4.45,4,145.491819
4.15,6,145.525301
4.15,6,145.559004
4.45,4,145.589075
4.75,2,145.614326
4.75,2,145.639571
4.9,1,145.662954
4.75,2,145.688127
4.75,2,145.712457
4.75,2,145.738782
4.75,2,145.761664
4.3,5,145.7949
3.4,11,146.001575
4.0,7,146.036318
4.3,5,146.065545
3.25,12,146.105841
4.15,6,146.13961
4.6,3,146.167223
4.6,3,146.194431
4.6,3,146.221093
-3.35,8,146.258676
4.45,4,146.29304
3.7,9,146.331508
4.6,3,146.358224
4.6,3,146.386035
4.6,3,146.414176
4.45,4,146.443717
4.3,5,146.47554
4.75,2,146.503946
4.15,6,146.539572
4.75,2,146.564666
4.6,3,146.598537
4.45,4,146.629611
3.55,10,146.670195
4.15,6,146.703698
4.3,5,146.731693
4.15,6,146.765375
3.7,9,146.800194
4.75,2,146.829135
4.45,4,146.863128
4.3,5,146.892567
3.7,9,146.927975
4.75,2,146.953397
3.7,9,146.992805
4.15,6,147.025955
3.25,12,147.069352
4.15,6,147.097486
4.3,5,147.133411
3.55,10,147.173392
3.25,12,147.211209
4.75,2,147.237802
4.45,4,147.268813
3.25,12,147.30836
3.85,8,147.340714
4.3,5,147.373664
4.75,2,147.401212
4.3,5,147.433874
4.6,3,147.46636
-1.75,15,147.66947
3.7,9,147.708254
3.4,11,147.758078
4.6,3,147.788465
4.6,3,147.826421
4.45,4,147.860088
4.3,5,147.893212
3.55,10,147.929347
4.15,6,147.959162
-1.75,15,148.001901
3.55,10,148.036627
3.85,8,148.069202
4.3,5,148.097963
4.45,4,148.127118
3.25,12,148.167814
3.4,11,148.207435
3.7,9,148.243058
4.45,4,148.269133
4.6,3,148.297738
4.9,1,148.32335
4.0,7,148.358169
4.6,3,148.38376
3.85,8,148.423204
4.15,6,148.450852
4.3,5,148.481441
4.3,5,148.511826
4.9,1,148.533021
3.4,11,148.57051
4.3,5,148.599097
4.3,5,148.627289
4.6,3,148.653982
4.0,7,148.690433
-1.75,15,148.735105
4.9,1,148.761229
4.15,6,148.792321
4.45,4,148.820734
3.85,8,148.857202
4.15,6,148.885898
4.9,1,148.908997
4.0,7,149.093317
4.45,4,149.123245
3.7,9,149.161628
4.15,6,149.195825
-1.75,15,149.244666
-1.75,15,149.291798
4.0,7,149.327615
4.45,4,149.354565
3.85,8,149.392086
4.45,4,149.422401
4.6,3,149.450679
3.25,12,149.492359
4.0,7,149.526205
4.45,4,149.55417
4.3,5,149.588683
4.15,6,149.623315
3.55,10,149.655607
3.55,10,149.692871
3.85,8,149.733175
4.3,5,149.763901
4.6,3,149.791616
4.0,7,149.828022
4.45,4,149.857844
-1.75,15,149.901198
4.0,7,149.934217
4.45,4,149.961548
4.45,4,149.988542
3.55,10,150.02608
4.75,2,150.05098
4.3,5,150.08662
4.0,7,150.127319
3.1,13,150.179509
3.7,9,150.220028
4.75,2,150.24312
4.75,2,150.272099
4.6,3,150.301255
3.85,8,150.339941
4.15,6,150.537259
-1.75,15,150.581737
2.95,14,150.628024
3.7,9,150.67451
4.45,4,150.705435
4.45,4,150.743449
4.75,2,150.772483
4.45,4,150.802086
4.75,2,150.826045
4.45,4,150.857432
4.45,4,150.885417
4.6,3,150.909632
4.15,6,150.941161
3.85,8,150.977388
3.85,8,151.010992
4.6,3,151.047425
3.7,9,151.08151
4.3,5,151.11314
3.7,9,151.145807
4.75,2,151.170156
4.3,5,151.197196
4.3,5,151.225569
4.3,5,151.256196
4.3,5,151.28664
4.75,2,151.313811
4.45,4,151.341975
4.75,2,151.372661
4.75,2,151.399879
4.45,4,151.429923
4.6,3,151.458546
4.45,4,151.490999
4.6,3,151.520741
4.15,6,151.550953
3.7,9,151.588024
4.15,6,151.619583
3.85,8,151.652863
4.0,7,151.686014
4.0,7,151.720404
4.6,3,151.747327
3.4,11,151.793246
3.55,10,151.835664
4.0,7,151.870802
4.6,3,151.897574
4.45,4,151.925447
4.45,4,151.951742
4.45,4,151.981003
3.25,12,152.196649
-1.75,15,152.251776
4.3,5,152.291253
4.75,2,152.321351
4.3,5,152.35684
4.6,3,152.389307
4.75,2,152.418856
4.15,6,152.451547
3.7,9,152.491882
4.45,4,152.529416
4.3,5,152.565253
3.85,8,152.610536
4.45,4,152.641243
-1.75,15,152.688927
4.45,4,152.716973
4.15,6,152.752647
4.9,1,152.78126
-1.75,15,152.824215
4.3,5,152.854452
4.9,1,152.87666
4.75,2,152.90286
4.6,3,152.93105
3.4,11,152.971426
4.9,1,152.996426
4.3,5,153.028133
3.85,8,153.062285
3.4,11,153.099695
4.0,7,153.134702
4.6,3,153.160588
3.7,9,153.196367
4.15,6,153.23098
4.75,2,153.255422
3.85,8,153.288081
4.3,5,153.314317
-1.75,15,153.356903
2.8,15,153.406604
3.85,8,153.444582
4.3,5,153.475951
4.75,2,153.502556
3.85,8,153.544325
4.45,4,153.747077
3.85,8,153.790128
4.0,7,153.823851
4.75,2,153.850935
4.0,7,153.885082
3.85,8,153.924607
3.25,12,153.968095
4.15,6,153.997975
4.6,3,154.025251
4.3,5,154.060637
4.15,6,154.097591
3.85,8,154.136447
4.6,3,154.162348
3.7,9,154.198277
4.9,1,154.222703
4.0,7,154.255842
4.0,7,154.297351
-1.75,15,154.357666
4.3,5,154.393106
-3.35,8,154.424257
3.55,10,154.462584
4.75,2,154.49023
4.45,4,154.519329
4.15,6,154.553835
4.6,3,154.582149
4.15,6,154.615921
4.45,4,154.64521
4.0,7,154.677928
4.15,6,154.711639
3.55,10,154.74966
4.45,4,154.78131
4.6,3,154.809467
4.15,6,154.843637
4.0,7,154.879722
4.45,4,154.91068
4.45,4,154.938314
4.0,7,154.975072
3.55,10,155.006701
3.4,11,155.044252
4.45,4,155.072373
3.7,9,155.278724
4.6,3,155.314663
3.55,10,155.356139
4.45,4,155.389344
4.45,4,155.41896
3.7,9,155.465351
4.3,5,155.499158
4.45,4,155.525962
4.75,2,155.555244
4.75,2,155.578036
4.6,3,155.609125
3.7,9,155.653579
4.15,6,155.688084
3.55,10,155.724869
4.9,1,155.74849
3.85,8,155.791476
3.25,12,155.830346
3.4,11,155.87163
4.15,6,155.903526
4.45,4,155.932506
4.6,3,155.960764
4.6,3,155.987007
3.85,8,156.028126
4.6,3,156.056351
3.1,13,156.095397
4.3,5,156.124578
4.3,5,156.155836
4.75,2,156.177419
4.6,3,156.202855
-3.15,4,156.235633
4.3,5,156.268825
3.85,8,156.305109
4.45,4,156.333506
4.3,5,156.368494
4.6,3,156.393591
-1.75,15,156.437974
4.6,3,156.464684
4.6,3,156.49206
3.55,10,156.528286
4.0,7,156.566985
3.7,9,156.609112
4.45,4,156.642454
3.4,11,156.679588
4.75,2,156.707176
4.15,6,156.910747
4.75,2,156.936532
4.3,5,156.966976
4.45,4,157.005751
4.75,2,157.037118
4.3,5,157.071376
4.75,2,157.099125
4.15,6,157.13167
3.85,8,157.170415
3.4,11,157.222679
4.6,3,157.249537
4.3,5,157.289313
4.3,5,157.321503
4.6,3,157.353174
2.95,14,157.393803
4.0,7,157.427208
4.0,7,157.460447
4.3,5,157.495756
4.15,6,157.52638
4.15,6,157.557918
4.6,3,157.584537
3.55,10,157.622301
4.3,5,157.649518
4.6,3,157.675009
3.7,9,157.713978
4.3,5,157.742704
4.75,2,157.76885
4.3,5,157.804628
4.15,6,157.836209
4.9,1,157.860428
3.85,8,157.897613
4.45,4,157.925082
4.3,5,157.953176
4.0,7,157.982898
4.0,7,158.013743
3.85,8,158.044864
-3.4,9,158.076741
3.85,8,158.111257
3.85,8,158.145971
4.15,6,158.175579
4.9,1,158.198782
4.9,1,158.223078
3.85,8,158.254384
4.3,5,158.282018
4.3,5,158.311816
4.15,6,158.347635
4.45,4,158.560884
4.15,6,158.596859
4.3,5,158.628466
4.75,2,158.658993
4.75,2,158.686873
4.6,3,158.715499
3.55,10,158.760182
4.3,5,158.791021
4.75,2,158.816501
4.45,4,158.843825
-1.75,15,158.890719
4.45,4,158.923707
4.45,4,158.950215
3.7,9,158.98223
4.75,2,159.005066
4.45,4,159.032805
3.85,8,159.06366
4.75,2,159.091816
4.6,3,159.120032
3.7,9,159.152882
3.4,11,159.19007
4.6,3,159.214689
4.0,7,159.249643
4.15,6,159.278956
4.3,5,159.308014
4.6,3,159.332189
4.45,4,159.357614
4.3,5,159.387354
4.3,5,159.425189
4.15,6,159.456936
4.45,4,159.482732
4.75,2,159.508389
4.75,2,159.538903
4.45,4,159.570635
4.75,2,159.600195
4.45,4,159.630785
3.4,11,159.671369
-1.75,15,159.718271
4.3,5,159.749273
4.0,7,159.77906
3.55,10,159.812819
4.15,6,159.84146
3.55,10,159.882713
4.3,5,159.911793
4.0,7,159.944582
4.45,4,159.976013
4.15,6,160.181378
4.0,7,160.22044
4.75,2,160.253137
4.45,4,160.296235
4.45,4,160.327175
4.15,6,160.362298
4.6,3,160.391692
4.6,3,160.423696
4.75,2,160.451834
4.0,7,160.487317
4.6,3,160.516157
4.3,5,160.543916
4.6,3,160.571473
4.75,2,160.596282
3.85,8,160.631351
4.3,5,160.658535
4.75,2,160.684874
3.55,10,160.717909
4.75,2,160.742266
4.0,7,160.773298
4.45,4,160.805302
3.55,10,160.845332
4.9,1,160.871037
3.85,8,160.902589
3.55,10,160.945308
4.15,6,160.9745
4.3,5,161.003892
4.15,6,161.034875
4.45,4,161.062458
-1.75,15,161.10471
4.0,7,161.138121
4.6,3,161.167092
4.9,1,161.193263
4.6,3,161.222163
3.4,11,161.257534
-1.75,15,161.303601
3.85,8,161.334588
3.55,10,161.368779
4.6,3,161.394066
4.0,7,161.426684
4.6,3,161.458359
4.9,1,161.483824
4.0,7,161.515727
4.45,4,161.545238
4.6,3,161.574532
4.75,2,161.605202
4.15,6,161.63762
4.9,1,161.672563
4.6,3,161.706583
3.25,12,161.945592
4.15,6,161.982975
4.3,5,162.019192
4.3,5,162.054066
4.75,2,162.085575
4.45,4,162.116023
4.75,2,162.146192
3.55,10,162.188274
4.75,2,162.212302
-1.75,15,162.258245
4.6,3,162.284927
4.15,6,162.311989
4.15,6,162.351167
4.75,2,162.383028
4.75,2,162.409369
4.75,2,162.439886
4.6,3,162.473266
4.15,6,162.507311
4.3,5,162.539032
4.45,4,162.571687
3.7,9,162.610357
4.75,2,162.636783
4.75,2,162.666931
4.9,1,162.691236
4.75,2,162.716733
4.45,4,162.747138
4.6,3,162.77864
3.55,10,162.817781
3.4,11,162.854393
4.6,3,162.878622
4.45,4,162.904336
3.7,9,162.936522
4.45,4,162.967229
4.45,4,162.993422
3.85,8,163.025762
4.75,2,163.052772
3.7,9,163.088552
-1.75,15,163.130506
4.75,2,163.156906
4.75,2,163.182884
4.6,3,163.210298
4.0,7,163.246431
3.55,10,163.283209
3.85,8,163.318132
3.85,8,163.353174
3.7,9,163.386767
4.6,3,163.412184
3.7,9,163.635972
-1.75,15,163.686328
4.0,7,163.723783
3.25,12,163.770004
3.4,11,163.805821
4.45,4,163.830967
3.85,8,163.867167
-1.75,15,163.910876
4.6,3,163.939194
4.6,3,163.963275
4.6,3,163.988647
3.25,12,164.026683
4.0,7,164.057873
4.0,7,164.097163
4.9,1,164.125031
4.45,4,164.155219
4.45,4,164.17909
4.9,1,164.205189
3.85,8,164.240959
4.45,4,164.275244
4.6,3,164.300778
4.15,6,164.335198
4.6,3,164.359169
-1.75,15,164.405388
4.0,7,164.440784
4.75,2,164.472993
4.9,1,164.500089
4.3,5,164.53454
3.1,13,164.575726
4.45,4,164.601612
-1.75,15,164.648518
4.15,6,164.678869
4.6,3,164.705064
4.3,5,164.735953
4.6,3,164.761923
4.45,4,164.795739
3.85,8,164.828486
-1.75,15,164.886376
4.45,4,165.083041
4.45,4,165.114349
4.75,2,165.140245
4.75,2,165.172043
4.75,2,165.199848
3.4,11,165.242451
4.0,7,165.273671
3.7,9,165.309194
4.9,1,165.330365
3.55,10,165.372132
4.0,7,165.403355
4.75,2,165.429127
4.6,3,165.459322
4.15,6,165.500573
4.6,3,165.527269
3.7,9,165.569906
2.95,14,165.614807
4.75,2,165.639513
4.75,2,165.661474
4.6,3,165.68907
4.3,5,165.719118
4.15,6,165.749126
4.0,7,165.778683
4.6,3,165.807716
4.75,2,165.835508
4.75,2,165.857094
3.55,10,165.894042
4.15,6,165.927866
4.6,3,165.95349
3.55,10,165.986741
4.15,6,166.012721
4.45,4,166.039118
-1.75,15,166.080722
4.45,4,166.110667
4.6,3,166.137272
4.45,4,166.165637
4.0,7,166.19877
4.15,6,166.228404
4.3,5,166.257335
4.45,4,166.289888
-1.75,15,166.334671
3.85,8,166.369161
4.75,2,166.392729
3.7,9,166.433438
3.7,9,166.651626
4.45,4,166.683494
4.3,5,166.718769
4.6,3,166.743506
4.9,1,166.769839
3.7,9,166.808423
4.45,4,166.841634
4.6,3,166.868409
4.0,7,166.909132
4.75,2,166.938527
3.85,8,166.974607
3.4,11,167.010015
4.0,7,167.040869
4.15,6,167.073074
4.15,6,167.108983
4.9,1,167.137837
4.3,5,167.163956
4.45,4,167.193163
4.0,7,167.223683
3.25,12,167.268339
4.3,5,167.300444
4.75,2,167.323134
4.6,3,167.346366
3.7,9,167.381001
-3.15,4,167.408929
4.6,3,167.43778
4.75,2,167.463477
-1.75,15,167.509372
4.0,7,167.543133
4.75,2,167.573923
4.3,5,167.609144
4.3,5,167.638647
4.45,4,167.666679
4.6,3,167.691547
4.6,3,167.718229
4.45,4,167.742634
3.7,9,167.774935
4.0,7,167.804558
4.15,6,167.834231
4.75,2,167.858751
4.6,3,167.888026
4.6,3,167.920357
4.45,4,167.950767
4.0,7,167.984944
4.45,4,168.018601
-1.75,15,168.066843
4.6,3,168.099848
4.6,3,168.129321
4.75,2,168.155827
-1.75,15,168.355984
4.75,2,168.385291
4.45,4,168.412926
4.3,5,168.442251
3.55,10,168.478724
3.85,8,168.510926
4.45,4,168.541353
-1.75,15,168.59399
4.0,7,168.632151
3.85,8,168.666478
4.75,2,168.692023
4.15,6,168.72195
4.0,7,168.758698
4.3,5,168.789717
4.75,2,168.818907
4.0,7,168.85314
4.0,7,168.889172
4.6,3,168.915843
4.9,1,168.938097
4.6,3,168.967232
4.6,3,168.99384
4.6,3,169.025475
3.4,11,169.071249
4.15,6,169.110287
4.45,4,169.142591
4.75,2,169.168649
4.45,4,169.19676
4.75,2,169.221578
3.25,12,169.258806
3.7,9,169.296257
4.3,5,169.325686
3.7,9,169.359484
3.85,8,169.392755
4.0,7,169.424533
4.3,5,169.459247
4.3,5,169.488329
4.9,1,169.509125
4.75,2,169.537756
3.1,13,169.585281
4.0,7,169.617364
4.75,2,169.642538
4.75,2,169.67043
4.75,2,169.699769
4.6,3,169.730231
3.4,11,169.767884
3.85,8,169.954934
3.85,8,169.988642
4.6,3,170.014525
4.3,5,170.040679
4.15,6,170.072003
4.0,7,170.104745
4.45,4,170.134267
4.45,4,170.169657
4.6,3,170.205709
4.6,3,170.236453
4.45,4,170.264574
4.3,5,170.297694
4.45,4,170.328132
3.85,8,170.369035
4.45,4,170.403176
4.45,4,170.431921
4.0,7,170.466631
4.15,6,170.499071
4.75,2,170.523147
4.3,5,170.553874
4.15,6,170.586873
3.25,12,170.623583
3.4,11,170.662304
4.0,7,170.697589
4.6,3,170.725843
3.55,10,170.759301
4.6,3,170.784649
3.55,10,170.819941
4.75,2,170.844604
4.45,4,170.874486
4.0,7,170.902881
4.15,6,170.941933
3.4,11,170.986795
3.85,8,171.021526
4.15,6,171.053641
3.85,8,171.095057
4.75,2,171.124606
4.0,7,171.156558
-1.75,15,171.207485
4.3,5,171.246603
3.55,10,171.290521
4.3,5,171.32656
4.9,1,171.520713
-3.2,5,171.549151
4.3,5,171.578297
4.45,4,171.605556
4.45,4,171.632596
3.7,9,171.667904
4.45,4,171.695142
3.85,8,171.737431
4.75,2,171.76953
4.6,3,171.795896
3.4,11,171.831468
4.6,3,171.855018
4.75,2,171.877679
4.15,6,171.908026
3.25,12,171.943594
4.15,6,171.974398
4.6,3,171.999981
3.1,13,172.037844
3.85,8,172.070327
4.75,2,172.096358
-3.4,9,172.132243
4.6,3,172.157128
4.0,7,172.193051
4.15,6,172.222822
4.75,2,172.249465
4.3,5,172.283432
4.9,1,172.309037
4.45,4,172.337869
4.9,1,172.36186
3.7,9,172.397891
4.3,5,172.431624
4.6,3,172.46057
3.4,11,172.501712
-3.5,11,172.54388
4.9,1,172.572119
4.75,2,172.59901
4.9,1,172.622758
3.85,8,172.66854
4.9,1,172.703467
4.45,4,172.734707
4.45,4,172.768213
4.45,4,172.79447
4.0,7,172.82626
3.4,11,172.865926
4.75,2,172.893343
4.3,5,172.925579
3.55,10,172.964828
4.75,2,172.987819
4.0,7,173.170145
4.0,7,173.204743
4.3,5,173.239576
3.55,10,173.278844
4.6,3,173.305626
4.15,6,173.337
4.45,4,173.362586
4.45,4,173.389452
4.9,1,173.411756
4.9,1,173.437276
4.15,6,173.46707
3.25,12,173.509651
4.6,3,173.544038
4.6,3,173.575329
4.75,2,173.60651
4.15,6,173.643465
3.55,10,173.684345
4.45,4,173.721807
4.45,4,173.751172
4.15,6,173.790538
4.15,6,173.831212
4.45,4,173.864042
3.25,12,173.9067
4.3,5,173.938752
-1.75,15,173.981816
4.75,2,174.005962
4.3,5,174.032855
4.75,2,174.062101
3.7,9,174.09911
3.85,8,174.14039
4.45,4,174.172251
4.45,4,174.20894
3.55,10,174.256102
4.45,4,174.288944
4.75,2,174.316746
3.85,8,174.353844
4.6,3,174.390293
4.45,4,174.426025
4.6,3,174.459239
4.6,3,174.488892
4.75,2,174.514439
4.45,4,174.543074
4.0,7,174.58058
3.25,12,174.624031
3.85,8,174.655856
3.55,10,174.694381
3.7,9,174.88792
4.3,5,174.933793
4.6,3,174.97382
4.75,2,175.010148
4.45,4,175.047116
4.3,5,175.083161
4.0,7,175.130723
3.4,11,175.173011
4.3,5,175.20529
3.7,9,175.237978
4.6,3,175.262562
4.45,4,175.289824
3.55,10,175.328512
4.45,4,175.357448
3.55,10,175.393282
4.75,2,175.418781
4.6,3,175.445835
4.45,4,175.470867
4.75,2,175.497486
4.6,3,175.52238
3.25,12,175.56613
4.6,3,175.598339
4.15,6,175.630639
4.3,5,175.668237
3.7,9,175.708412
4.3,5,175.740395
-1.75,15,175.787017
4.45,4,175.821839
3.85,8,175.861514
3.85,8,175.897776
3.85,8,175.929764
-1.75,15,175.975873
4.0,7,176.011995
4.6,3,176.040068
4.3,5,176.070494
3.7,9,176.110685
3.7,9,176.153579
4.6,3,176.183109
4.45,4,176.218287
4.3,5,176.244321
4.0,7,176.278745
4.0,7,176.477383
4.45,4,176.506596
4.75,2,176.536071
4.15,6,176.568383
4.6,3,176.597035
4.3,5,176.62691
4.45,4,176.655905
-1.75,15,176.699794
4.15,6,176.732663
3.25,12,176.77869
4.0,7,176.80986
3.55,10,176.85548
4.6,3,176.895315
4.6,3,176.93213
4.6,3,176.959926
4.45,4,176.989509
3.85,8,177.0225
4.6,3,177.047653
4.6,3,177.081325
4.6,3,177.106528
4.75,2,177.128661
3.7,9,177.167715
4.15,6,177.200912
3.55,10,177.237989
-1.75,15,177.289227
3.7,9,177.327942
4.45,4,177.361231
4.0,7,177.399237
4.45,4,177.428438
4.15,6,177.4606
3.85,8,177.500274
3.7,9,177.545627
4.6,3,177.57382
3.4,11,177.620096
4.3,5,177.651217
2.95,14,177.700525
4.9,1,177.721883
4.45,4,177.747242
3.85,8,177.778288
4.45,4,177.806616
4.75,2,177.829756
3.4,11,178.019184
3.85,8,178.052906
3.7,9,178.086256
4.6,3,178.114916
4.75,2,178.138513
4.0,7,178.170626
4.15,6,178.201542
4.3,5,178.23308
3.4,11,178.275242
4.15,6,178.31452
4.6,3,178.339888
4.6,3,178.36421
4.0,7,178.396972
3.55,10,178.440044
4.3,5,178.473667
4.3,5,178.505553
4.3,5,178.541675
3.7,9,178.584686
3.85,8,178.619105
4.75,2,178.644206
4.6,3,178.6762
4.9,1,178.703172
4.9,1,178.735017
3.85,8,178.7742
4.0,7,178.810481
4.75,2,178.840669
3.7,9,178.875492
-1.75,15,178.929742
4.45,4,178.959735
3.85,8,179.000272
4.6,3,179.026361
4.6,3,179.053936
4.9,1,179.087832
4.45,4,179.122365
3.7,9,179.162143
4.45,4,179.191749
3.4,11,179.238548
-1.75,15,179.282751
4.75,2,179.314858
4.15,6,179.343456
4.15,6,179.374327
4.0,7,179.409364
4.6,3,179.444143
4.75,2,179.47102
4.75,2,179.493393
-1.75,15,179.690533
4.15,6,179.724326
4.75,2,179.751755
4.15,6,179.780442
3.85,8,179.817362
3.85,8,179.848341
4.9,1,179.87262
4.45,4,179.903177
4.6,3,179.929365
3.1,13,179.977308
4.3,5,180.009221
4.0,7,180.039987
4.75,2,180.064808
4.75,2,180.087924
4.6,3,180.113967
4.75,2,180.142161
4.15,6,180.173839
4.6,3,180.207539
4.45,4,180.248483
3.7,9,180.285127
4.0,7,180.321913
-1.75,15,180.370862
4.75,2,180.39491
4.6,3,180.431939
4.45,4,180.463848
4.45,4,180.49363
4.6,3,180.527535
-1.75,15,180.579031
4.3,5,180.610333
4.6,3,180.640997
-1.75,15,180.687308
4.6,3,180.710136
4.45,4,180.737871
4.3,5,180.774245
4.6,3,180.804489
4.0,7,180.846123
4.75,2,180.876382
4.15,6,180.910319
4.6,3,180.936067
4.75,2,180.959174
4.3,5,180.988819
3.7,9,181.02361
4.75,2,181.051302
3.7,9,181.087025
3.4,11,181.124325
4.6,3,181.292081
4.75,2,181.318658
4.3,5,181.344214
3.7,9,181.375774
4.15,6,181.40448
4.3,5,181.431566
4.75,2,181.457807
4.45,4,181.48441
4.45,4,181.511827
4.75,2,181.536469
4.0,7,181.572931
4.9,1,181.600236
4.75,2,181.625324
3.55,10,181.659793
3.25,12,181.708405
3.55,10,181.745942
3.85,8,181.782245
4.75,2,181.807027
3.85,8,181.842152
4.0,7,181.874794
4.9,1,181.900926
4.0,7,181.939985
3.85,8,181.976695
3.85,8,182.018877
4.9,1,182.047565
4.6,3,182.082097
4.75,2,182.108985
4.6,3,182.139062
4.6,3,182.169226
4.9,1,182.198423
4.6,3,182.228149
4.45,4,182.257516
3.25,12,182.299622
4.75,2,182.325153
3.4,11,182.364706
4.0,7,182.403092
3.4,11,182.449229
4.6,3,182.475726
4.75,2,182.500653
4.3,5,182.528776
4.15,6,182.56119
4.45,4,182.590796
4.0,7,182.622753
-1.75,15,182.668304
4.45,4,182.696533
4.6,3,182.730955
4.6,3,182.757849
4.3,5,182.78671
4.9,1,182.812207
4.75,2,182.837655
4.6,3,183.012451
4.6,3,183.03788
3.85,8,183.069069
4.3,5,183.099789
4.45,4,183.131111
4.75,2,183.156037
-1.75,15,183.210552
4.45,4,183.240684
4.6,3,183.269814
4.6,3,183.296224
4.9,1,183.327087
3.7,9,183.366544
4.6,3,183.392841
4.0,7,183.422529
4.6,3,183.451538
3.85,8,183.485205
4.15,6,183.520523
3.85,8,183.557275
3.7,9,183.600869
4.6,3,183.627465
4.45,4,183.661448
3.7,9,183.706155
4.9,1,183.737264
4.45,4,183.769345
4.75,2,183.802725
4.45,4,183.834659
4.6,3,183.866006
4.15,6,183.897511
4.9,1,183.925207
4.75,2,183.952931
4.45,4,183.987034
4.0,7,184.024409
4.75,2,184.055562
4.0,7,184.087759
4.15,6,184.116429
4.45,4,184.145345
3.55,10,184.183237
4.0,7,184.218362
4.15,6,184.251582
3.55,10,184.287945
4.75,2,184.315141
4.3,5,184.34512
4.3,5,184.378824
4.0,7,184.413021
4.3,5,184.442236
3.7,9,184.48151
4.75,2,184.505353
3.7,9,184.540228
4.3,5,184.57118
-1.75,15,184.760959
4.75,2,184.784001
4.15,6,184.815058
4.15,6,184.847162
4.15,6,184.874788
3.85,8,184.906345
4.75,2,184.929976
4.15,6,184.956245
4.75,2,184.983983
4.6,3,185.008234
4.9,1,185.031847
4.3,5,185.069529
4.0,7,185.101588
4.45,4,185.127424
4.15,6,185.164587
4.15,6,185.199822
4.15,6,185.236197
4.15,6,185.270313
3.7,9,185.304661
4.75,2,185.331001
3.7,9,185.373585
4.6,3,185.400606
4.6,3,185.424963
4.45,4,185.458297
4.3,5,185.495063
4.6,3,185.522694
4.15,6,185.559865
4.0,7,185.602263
4.75,2,185.626891
4.45,4,185.655563
4.0,7,185.695459
4.3,5,185.732407
3.85,8,185.76649
4.75,2,185.791492
-1.75,15,185.835786
4.15,6,185.869005
4.3,5,185.899732
4.15,6,185.930618
4.75,2,185.955622
3.85,8,185.989958
-1.75,15,186.034625
3.7,9,186.071862
3.7,9,186.105547
4.9,1,186.132166
4.9,1,186.154927
4.75,2,186.183607
4.75,2,186.207608
4.3,5,186.380871
3.4,11,186.416538
3.85,8,186.447112
4.15,6,186.477276
4.6,3,186.50072
4.45,4,186.530256
4.3,5,186.562316
4.0,7,186.594001
-1.75,15,186.64272
-1.75,15,186.694285
3.85,8,186.726596
4.9,1,186.748148
4.15,6,186.783709
4.75,2,186.808763
3.55,10,186.851026
4.75,2,186.88309
-3.6,13,186.928998
3.7,9,186.968562
4.75,2,186.998042
4.3,5,187.031579
4.15,6,187.073127
4.75,2,187.099172
4.75,2,187.125015
4.0,7,187.162082
3.25,12,187.202842
-1.75,15,187.250429
4.15,6,187.285858
4.6,3,187.311778
4.6,3,187.337416
3.7,9,187.372681
4.75,2,187.401282
4.3,5,187.433876
4.0,7,187.463987
4.45,4,187.493825
3.85,8,187.526719
4.9,1,187.550942
3.85,8,187.583748
4.75,2,187.607677
4.75,2,187.632252
4.15,6,187.660509
4.0,7,187.693743
4.6,3,187.721333
4.0,7,187.908111
4.15,6,187.942327
4.6,3,187.971353
3.7,9,188.004951
4.75,2,188.027773
4.6,3,188.054671
4.3,5,188.080466
4.15,6,188.108779
4.15,6,188.139862
3.85,8,188.172168
4.6,3,188.202425
4.45,4,188.233347
4.45,4,188.265832
4.6,3,188.296067
4.75,2,188.320059
3.7,9,188.356862
4.9,1,188.387065
4.75,2,188.419555
3.4,11,188.458906
4.0,7,188.49858
4.75,2,188.526067
4.75,2,188.552078
4.6,3,188.580579
4.6,3,188.606936
4.45,4,188.637832
4.75,2,188.663983
4.45,4,188.692621
4.45,4,188.722683
4.3,5,188.753473
4.45,4,188.782079
4.75,2,188.809466
3.7,9,188.845536
4.6,3,188.87123
4.45,4,188.89712
4.0,7,188.935374
4.9,1,188.957868
3.85,8,188.9898
4.75,2,189.016257
4.45,4,189.042493
3.85,8,189.073621
-1.75,15,189.117839
4.6,3,189.146976
4.6,3,189.175307
3.85,8,189.208457
-3.25,6,189.238328
-3.2,5,189.269168
4.6,3,189.299607
4.45,4,189.325854
3.7,9,189.364568
-1.75,15,189.408995
4.3,5,189.589277
3.85,8,189.622735
4.6,3,189.652173
3.55,10,189.690265
4.45,4,189.726858
4.75,2,189.752609
3.55,10,189.79586
4.45,4,189.824033
4.75,2,189.853791
4.0,7,189.886985
3.55,10,189.928134
4.6,3,189.953855
4.3,5,189.98372
4.9,1,190.016091
4.15,6,190.051099
4.9,1,190.074006
3.25,12,190.115149
4.45,4,190.144004
3.7,9,190.194772
3.1,13,190.240812
4.0,7,190.284178
3.7,9,190.333632
4.6,3,190.365133
3.85,8,190.401181
3.55,10,190.444532
3.7,9,190.480548
4.9,1,190.506761
4.15,6,190.535948
4.15,6,190.569743
4.6,3,190.595071
4.6,3,190.619631
4.45,4,190.649985
4.3,5,190.683533
4.3,5,190.711519
4.45,4,190.740453
4.15,6,190.773226
3.55,10,190.808861
4.15,6,190.838534
4.45,4,190.866272
3.55,10,190.901681
4.45,4,190.932334
4.3,5,190.95994
4.3,5,190.986727
3.1,13,191.170038
-3.2,5,191.203356
-1.75,15,191.245324
4.9,1,191.268188
4.0,7,191.299273
-3.45,10,191.338832
4.0,7,191.384841
4.75,2,191.416087
-3.35,8,191.462275
4.3,5,191.49772
4.75,2,191.524121
4.15,6,191.556082
4.3,5,191.586219
4.0,7,191.623991
4.75,2,191.651979
4.6,3,191.677346
4.6,3,191.70417
4.45,4,191.741611
4.0,7,191.782733
4.45,4,191.813575
4.6,3,191.841978
4.15,6,191.875331
4.45,4,191.902013
4.6,3,191.925207
4.75,2,191.948822
4.3,5,191.976495
4.75,2,191.999056
3.25,12,192.037843
4.3,5,192.067494
3.7,9,192.102509
4.6,3,192.127973
-1.75,15,192.173397
4.3,5,192.202803
4.6,3,192.230863
3.85,8,192.265175
4.3,5,192.29481
4.0,7,192.326363
4.0,7,192.359055
4.6,3,192.386727
4.6,3,192.411693
4.15,6,192.449089
3.4,11,192.496835
4.6,3,192.525558
4.6,3,192.554386
4.75,2,192.580854
4.45,4,192.607453
4.45,4,192.638767
4.15,6,192.820585
4.75,2,192.846528
3.55,10,192.884242
4.9,1,192.909341
4.75,2,192.934264
3.1,13,192.976807
3.85,8,193.012134
4.45,4,193.043925
4.45,4,193.071831
4.3,5,193.102653
3.4,11,193.144583
4.45,4,193.172268
4.3,5,193.207754
4.6,3,193.237557
4.9,1,193.263163
4.45,4,193.301332
3.7,9,193.33779
4.0,7,193.372008
4.3,5,193.404672
3.7,9,193.440252
-1.75,15,193.492213
4.75,2,193.521799
3.85,8,193.55623
4.6,3,193.583792
3.55,10,193.62518
4.75,2,193.654173
4.6,3,193.688896
4.45,4,193.72512
3.55,10,193.766568
4.15,6,193.800325
3.55,10,193.83959
3.4,11,193.884609
4.6,3,193.91327
4.3,5,193.947549
4.0,7,193.979709
3.4,11,194.018925
4.45,4,194.047003
4.0,7,194.078692
4.6,3,194.104159
3.7,9,194.140178
4.0,7,194.173024
3.4,11,194.365867
4.75,2,194.38813
4.0,7,194.418651
3.7,9,194.454629
3.55,10,194.494946
4.15,6,194.528153
-3.2,5,194.563286
4.0,7,194.597641
4.45,4,194.630141
4.15,6,194.666632
4.75,2,194.69066
4.15,6,194.731551
3.85,8,194.766235
4.75,2,194.797938
4.3,5,194.827724
4.9,1,194.851375
4.6,3,194.881556
3.25,12,194.923884
4.6,3,194.954158
3.7,9,194.999026
4.9,1,195.027014
3.85,8,195.06021
-3.1,3,195.087012
4.9,1,195.113267
4.0,7,195.145648
4.0,7,195.178042
-1.75,15,195.230894
4.0,7,195.261869
3.4,11,195.308127
4.45,4,195.335522
4.6,3,195.362178
4.6,3,195.388869
4.45,4,195.417416
4.75,2,195.443142
4.15,6,195.473738
4.6,3,195.500738
3.55,10,195.543429
4.6,3,195.568849
3.4,11,195.613142
-1.75,15,195.662856
4.6,3,195.688385
4.75,2,195.718682
4.75,2,195.750186
4.75,2,195.778372
4.75,2,195.806713
4.45,4,195.833469
3.25,12,196.016673
4.6,3,196.043789
4.45,4,196.070084
4.75,2,196.099047
4.3,5,196.126277
4.0,7,196.159961
4.6,3,196.195538
4.45,4,196.227273
4.15,6,196.264018
4.6,3,196.292011
4.75,2,196.316965
3.7,9,196.355445
4.45,4,196.383076
4.3,5,196.411984
4.6,3,196.439345
4.6,3,196.470684
3.85,8,196.514373
3.85,8,196.551026
4.3,5,196.582952
4.3,5,196.612629
4.75,2,196.636864
4.6,3,196.666419
4.3,5,196.694481
4.75,2,196.717416
3.85,8,196.751668
4.0,7,196.784265
4.15,6,196.813793
4.45,4,196.841738
3.4,11,196.880121
4.6,3,196.906686
4.6,3,196.931167
3.55,10,196.97045
3.25,12,197.016353
-1.75,15,197.059604
4.15,6,197.09148
4.3,5,197.124946
4.0,7,197.166593
4.15,6,197.201605
3.85,8,197.244477
4.45,4,197.272577
4.6,3,197.30025
4.45,4,197.330561
-3.35,8,197.367796
4.6,3,197.398445
4.15,6,197.431376
3.7,9,197.465729
4.6,3,197.652865
4.75,2,197.683323
3.85,8,197.726979
4.15,6,197.756856
3.55,10,197.795647
3.7,9,197.832389
4.75,2,197.858315
4.3,5,197.891835
4.6,3,197.917946
4.45,4,197.947018
4.75,2,197.970533
4.9,1,197.991229
4.9,1,198.014802
4.9,1,198.035925
4.6,3,198.063347
4.15,6,198.097733
4.6,3,198.122942
3.55,10,198.165317
-1.75,15,198.208039
4.3,5,198.237148
3.7,9,198.272234
4.15,6,198.301495
4.9,1,198.325189
4.6,3,198.350895
3.85,8,198.383958
4.0,7,198.4137
4.6,3,198.438177
4.45,4,198.468308
4.15,6,198.499354
4.3,5,198.53519
4.15,6,198.566993
4.75,2,198.5914
4.75,2,198.621463
2.95,14,198.674505
3.55,10,198.710432
4.3,5,198.741064
4.45,4,198.770847
4.75,2,198.797428
4.45,4,198.82988
4.45,4,198.858177
4.3,5,198.887682
-1.75,15,198.932329
4.45,4,198.957912
4.0,7,198.994007
4.45,4,199.023475
4.75,2,199.056269
3.85,8,199.096376
3.55,10,199.299057
4.6,3,199.328294
4.9,1,199.350428
4.6,3,199.376129
4.0,7,199.412431
4.3,5,199.446412
4.3,5,199.479461
4.75,2,199.505269
4.9,1,199.527927
4.6,3,199.559252
-1.75,15,199.617674
3.85,8,199.662399
4.75,2,199.695391
4.6,3,199.729106
3.7,9,199.779835
4.3,5,199.814638
4.3,5,199.845801
4.3,5,199.872035
4.9,1,199.899689
-1.75,15,199.941338
4.75,2,199.970944
4.6,3,200.000709
4.6,3,200.029913
4.0,7,200.061244
4.45,4,200.084306
4.75,2,200.105337
4.6,3,200.132221
3.85,8,200.166706
4.6,3,200.189108
-1.75,15,200.232529
4.6,3,200.260338
4.6,3,200.290677
4.15,6,200.328589
4.0,7,200.362751
4.6,3,200.393682
4.0,7,200.425653
4.75,2,200.451186
4.3,5,200.479938
4.75,2,200.506428
4.15,6,200.536725
3.85,8,200.573386
4.45,4,200.6036
3.85,8,200.637429
4.6,3,200.66412
4.3,5,200.697458
4.45,4,200.725493
4.6,3,200.754597
4.45,4,200.789081
4.15,6,200.825464
3.55,10,200.862865
4.6,3,200.891051
4.6,3,200.918849
3.4,11,201.12815
4.3,5,201.16476
4.0,7,201.199468
4.3,5,201.226897
4.45,4,201.255686
4.45,4,201.289991
4.45,4,201.318732
3.85,8,201.35865
4.3,5,201.390534
4.6,3,201.417671
4.75,2,201.446762
3.55,10,201.496741
-1.75,15,201.539058
4.9,1,201.561131
4.6,3,201.58629
4.45,4,201.614508
4.3,5,201.649066
-3.1,3,201.674944
4.45,4,201.70401
4.0,7,201.737264
4.6,3,201.763594
4.3,5,201.795907
3.1,13,201.835752
4.15,6,201.869075
4.6,3,201.901636
4.6,3,201.933325
4.6,3,201.964454
4.9,1,201.991002
4.45,4,202.021109
4.6,3,202.04988
4.45,4,202.079819
4.15,6,202.110691
4.75,2,202.134829
3.85,8,202.168104
-1.75,15,202.209465
4.3,5,202.238722
4.6,3,202.267667
4.75,2,202.293825
3.4,11,202.334842
3.85,8,202.370133
-1.75,15,202.419371
4.15,6,202.458223
4.75,2,202.485731
4.3,5,202.516005
3.7,9,202.556456
4.6,3,202.5834
4.6,3,202.779401
4.0,7,202.820402
3.55,10,202.855771
4.9,1,202.88175
4.75,2,202.907347
4.45,4,202.932103
4.0,7,202.962459
4.9,1,202.984464
3.7,9,203.018694
3.85,8,203.054097
4.75,2,203.082331
4.45,4,203.107166
4.15,6,203.13921
-1.75,15,203.184853
4.3,5,203.216528
4.45,4,203.247027
4.0,7,203.277024
3.7,9,203.313554
4.15,6,203.346499
4.9,1,203.371137
3.55,10,203.407948
4.9,1,203.43271
4.75,2,203.460026
4.3,5,203.489072
4.3,5,203.520491
3.55,10,203.559225
4.6,3,203.585297
4.9,1,203.61195
4.75,2,203.644516
4.6,3,203.673223
3.4,11,203.723124
-1.75,15,203.778892
4.6,3,203.81229
3.4,11,203.851919
3.4,11,203.898183
4.6,3,203.924306
3.4,11,203.96559
3.7,9,204.00207
4.9,1,204.026697
4.15,6,204.05735
3.85,8,204.093304
4.9,1,204.119137
-1.75,15,204.341384
4.75,2,204.36685
4.6,3,204.39943
4.0,7,204.434188
4.3,5,204.46724
4.75,2,204.489659
4.3,5,204.517665
3.85,8,204.554359
4.45,4,204.583639
4.6,3,204.614476
4.45,4,204.640674
4.45,4,204.674056
3.85,8,204.705073
4.0,7,204.742061
4.45,4,204.778575
3.85,8,204.8127
4.6,3,204.838358
4.15,6,204.877847
4.9,1,204.900862
4.6,3,204.929945
4.45,4,204.953394
-1.75,15,205.003437
-3.05,2,205.030098
4.6,3,205.054796
4.45,4,205.083953
3.4,11,205.121815
4.75,2,205.149146
3.4,11,205.189618
3.85,8,205.223332
4.0,7,205.26225
4.6,3,205.293336
4.45,4,205.324392
4.6,3,205.353577
4.0,7,205.388751
4.3,5,205.42065
4.9,1,205.445269
-3.15,4,205.472855
4.6,3,205.500803
3.4,11,205.546455
4.6,3,205.575933
4.6,3,205.604283
3.4,11,205.645969
3.85,8,205.679279
3.7,9,205.71499
4.6,3,205.743035
3.85,8,205.782773
4.75,2,205.811105
-1.75,15,206.011555
4.3,5,206.038524
4.3,5,206.069243
4.45,4,206.097456
4.0,7,206.128735
4.45,4,206.160761
4.75,2,206.184116
4.6,3,206.210361
4.9,1,206.232846
4.45,4,206.263541
4.75,2,206.29305
3.85,8,206.329147
4.15,6,206.363343
4.3,5,206.39058
4.3,5,206.417644
-1.75,15,206.459832
4.75,2,206.483038
3.7,9,206.51956
4.75,2,206.541739
4.15,6,206.573021
4.3,5,206.602921
4.75,2,206.624852
4.0,7,206.660585
-1.75,15,206.703189
3.55,10,206.74151
4.6,3,206.771573
4.9,1,206.797623
3.7,9,206.837464
3.85,8,206.874622
4.3,5,206.913934
4.3,5,206.944855
3.7,9,206.988055
4.6,3,207.019687
4.0,7,207.062266
4.3,5,207.094509
4.75,2,207.121718
4.15,6,207.164725
4.75,2,207.194449
4.9,1,207.224602
4.9,1,207.24883
-1.75,15,207.29715
3.85,8,207.332435
4.75,2,207.359616
4.3,5,207.389577
4.3,5,207.425316
3.85,8,207.458376
3.7,9,207.495677
4.75,2,207.670512
4.6,3,207.698727
4.3,5,207.732201
3.25,12,207.770393
4.3,5,207.801648
3.4,11,207.84422
3.85,8,207.878642
4.0,7,207.911412
4.45,4,207.939873
3.4,11,207.982221
4.6,3,208.007829
4.0,7,208.038025
3.7,9,208.081344
4.0,7,208.110896
4.9,1,208.141387
4.75,2,208.168046
4.6,3,208.194004
4.3,5,208.224869
4.75,2,208.250635
3.4,11,208.289879
4.3,5,208.321562
3.4,11,208.370894
-1.75,15,208.415204
3.85,8,208.448737
3.85,8,208.483349
4.15,6,208.513498
4.75,2,208.534835
-1.75,15,208.582331
3.7,9,208.622594
4.75,2,208.647386
4.15,6,208.680082
4.0,7,208.713701
3.25,12,208.76052
4.3,5,208.789767
4.75,2,208.821454
4.3,5,208.852305
4.75,2,208.88409
4.3,5,208.915557
4.6,3,208.942999
4.15,6,208.976392
4.15,6,209.1605
3.85,8,209.196337
4.45,4,209.224366
4.75,2,209.26063
4.75,2,209.286246
4.15,6,209.317156
4.6,3,209.343368
3.85,8,209.380755
4.15,6,209.411176
-3.15,4,209.441845
3.85,8,209.477933
4.15,6,209.507502
4.3,5,209.535924
4.45,4,209.566809
4.6,3,209.594081
-1.75,15,209.635201
4.3,5,209.670193
4.6,3,209.694966
4.15,6,209.724616
2.95,14,209.766146
4.45,4,209.795794
4.0,7,209.827256
4.75,2,209.853647
4.6,3,209.878264
4.75,2,209.903223
-1.75,15,209.954937
4.45,4,209.982862
4.15,6,210.01749
4.6,3,210.047218
3.85,8,210.080204
3.25,12,210.121745
4.45,4,210.15567
4.75,2,210.182111
4.45,4,210.206737
4.3,5,210.240966
4.15,6,210.28133
-1.75,15,210.332909
4.6,3,210.362125
4.45,4,210.396843
4.75,2,210.423491
4.45,4,210.4546
3.85,8,210.495702
4.15,6,210.531361
3.55,10,210.577269
4.75,2,210.602833
4.3,5,210.779476
4.15,6,210.810224
4.45,4,210.835274
4.0,7,210.865908
4.45,4,210.896546
4.45,4,210.922027
-3.2,5,210.949085
3.4,11,210.982639
4.75,2,211.005606
3.85,8,211.037108
-1.75,15,211.079844
4.75,2,211.104472
3.7,9,211.139083
4.3,5,211.170531
3.4,11,211.210697
3.85,8,211.243614
4.6,3,211.266701
4.6,3,211.292716
4.3,5,211.319051
4.45,4,211.348469
4.3,5,211.376374
3.85,8,211.409228
4.6,3,211.433927
4.45,4,211.462908
3.55,10,211.5038
3.7,9,211.547753
4.45,4,211.577615
4.0,7,211.613538
4.0,7,211.64432
4.75,2,211.669857
3.55,10,211.710896
4.45,4,211.745001
-1.75,15,211.787991
4.15,6,211.821853
2.95,14,211.866279
3.85,8,211.908266
4.15,6,211.946849
4.15,6,211.979936
4.9,1,212.004719
4.3,5,212.037053
3.4,11,212.248603
4.75,2,212.279807
4.3,5,212.310732
4.9,1,212.33177
4.6,3,212.361309
4.6,3,212.38847
-1.75,15,212.431665
4.6,3,212.467351
3.4,11,212.504599
3.85,8,212.537623
4.3,5,212.567507
4.15,6,212.600796
4.6,3,212.626751
4.15,6,212.658144
4.6,3,212.688258
4.6,3,212.717074
3.55,10,212.75486
4.0,7,212.788185
3.85,8,212.823369
4.3,5,212.852021
4.15,6,212.88312
3.7,9,212.918388
3.7,9,212.951948
4.0,7,212.989408
4.75,2,213.013355
4.6,3,213.035995
4.0,7,213.069309
4.75,2,213.093604
4.45,4,213.123234
-1.75,15,213.17142
4.6,3,213.201378
4.75,2,213.225547
4.0,7,213.257257
4.75,2,213.28396
4.75,2,213.311466
4.0,7,213.34384
4.6,3,213.372924
4.3,5,213.406987
4.15,6,213.440157
4.3,5,213.467827
4.3,5,213.497148
4.75,2,213.521031
4.3,5,213.550653
4.6,3,213.57971
4.6,3,213.6082
4.0,7,213.643883
3.7,9,213.686166
4.0,7,213.906545
4.75,2,213.940434
4.75,2,213.967151
4.6,3,213.991866
4.75,2,214.01395
4.15,6,214.043261
3.4,11,214.079124
4.45,4,214.106121
4.0,7,214.136183
3.55,10,214.170776
4.0,7,214.209036
4.9,1,214.230752
4.45,4,214.263872
-1.75,15,214.3104
4.45,4,214.342886
4.3,5,214.372673
4.45,4,214.397849
4.3,5,214.426424
4.0,7,214.459304
-1.75,15,214.504555
-1.75,15,214.548357
4.75,2,214.578059
4.9,1,214.602639
4.15,6,214.639533
-1.75,15,214.686969
3.55,10,214.724827
4.45,4,214.753337
4.3,5,214.78615
4.15,6,214.813559
4.9,1,214.839229
4.6,3,214.86515
4.45,4,214.89169
4.75,2,214.916191
4.6,3,214.941825
4.45,4,214.967176
3.85,8,215.00141
4.0,7,215.035529
4.6,3,215.066525
-1.75,15,215.114363
4.3,5,215.148464
4.45,4,215.177715
3.85,8,215.211391
