#{"t_start": 1787940115.601541, "env_id": "None"}
r,l,t
-3.5,11,0.056179
4.45,4,0.095035
4.6,3,0.130567
4.3,5,0.166784
-3.1,3,0.192246
-3.45,10,0.240466
-3.45,10,0.280411
-3.0,1,0.304164
-3.2,5,0.33763
-3.15,4,0.365784
4.6,3,0.396892
-1.75,15,0.442333
-3.0,1,0.466282
-3.0,1,0.490208
-3.15,4,0.523999
-3.15,4,0.555095
-3.0,1,0.58236
-3.0,1,0.607264
-3.0,1,0.630696
-3.0,1,0.65263
-3.05,2,0.680563
-3.0,1,0.701219
3.1,13,0.741815
-3.0,1,0.76611
-3.05,2,0.789577
-3.0,1,0.812231
-3.0,1,0.835169
3.4,11,0.870983
-3.15,4,0.899315
-3.15,4,0.929502
-3.0,1,0.956325
-3.15,4,0.982978
-3.05,2,1.007508
-3.0,1,1.033677
4.6,3,1.062742
4.0,7,1.095827
-3.0,1,1.124468
-3.1,3,1.149501
-3.05,2,1.172665
-3.05,2,1.200135
-3.0,1,1.231086
-3.05,2,1.265085
-3.6,13,1.311512
4.6,3,1.33778
4.3,5,1.370008
-3.35,8,1.407584
4.6,3,1.436934
-3.0,1,1.457416
-3.0,1,1.482652
-3.0,1,1.506702
-3.05,2,1.532984
-3.0,1,1.553798
-3.0,1,1.580365
-3.0,1,1.603394
4.75,2,1.628881
-3.1,3,1.652152
-3.1,3,1.680528
-3.15,4,1.711109
-3.15,4,1.740242
-3.0,1,1.763697
-3.25,6,1.794878
-3.05,2,1.818762
4.75,2,1.842911
-3.0,1,1.869407
-3.0,1,1.890859
-3.05,2,1.918245
-3.0,1,1.93855
4.15,6,1.971838
-3.05,2,1.997319
-3.0,1,2.02065
-3.05,2,2.052477
-3.0,1,2.082253
3.85,8,2.12939
-3.0,1,2.152308
-3.4,9,2.348428
-3.0,1,2.37853
-3.35,8,2.412022
-3.15,4,2.436712
-3.3,7,2.469824
-1.75,15,2.515157
-3.1,3,2.540259
-3.0,1,2.562541
-3.1,3,2.587621
-3.2,5,2.615581
-3.25,6,2.646329
-3.1,3,2.67206
-3.7,15,2.724849
-3.0,1,2.749442
-3.0,1,2.769479
4.3,5,2.802285
-3.1,3,2.828394
-3.6,13,2.880792
-3.1,3,2.913923
3.4,11,2.961202
-3.0,1,2.987855
-3.45,10,3.032953
-3.0,1,3.058465
-3.0,1,3.082963
-3.15,4,3.114175
3.7,9,3.153046
-3.0,1,3.1782
3.85,8,3.213534
-3.05,2,3.235242
-3.05,2,3.26625
-3.05,2,3.296662
-3.25,6,3.330215
-3.35,8,3.368415
-3.3,7,3.397804
-3.1,3,3.424707
-3.15,4,3.454835
4.6,3,3.480899
4.3,5,3.508412
-3.0,1,3.531476
-3.35,8,3.565062
-3.0,1,3.588555
-3.1,3,3.614111
-3.35,8,3.645405
4.3,5,3.683715
-3.1,3,3.711529
-3.1,3,3.739592
-3.0,1,3.762733
-3.0,1,3.788627
-3.0,1,3.816074
-3.0,1,3.83631
-3.65,14,3.879799
-3.2,5,3.907442
4.75,2,3.932777
3.55,10,3.970596
-3.35,8,4.179202
-3.35,8,4.214269
4.6,3,4.242626
-3.15,4,4.278818
-3.05,2,4.308068
-3.4,9,4.351286
-3.65,14,4.399193
-3.0,1,4.422576
-3.1,3,4.45096
4.75,2,4.480304
-3.45,10,4.524941
-3.7,15,4.583325
-3.4,9,4.615335
-3.15,4,4.641357
-3.45,10,4.68554
-3.2,5,4.71607
-3.7,15,4.76735
4.15,6,4.806501
-1.75,15,4.855398
-3.0,1,4.886734
-3.25,6,4.920626
3.25,12,4.96197
-3.0,1,4.985934
-3.25,6,5.021104
-3.05,2,5.047174
3.7,9,5.086048
-1.75,15,5.137527
-3.65,14,5.182398
3.25,12,5.225788
3.55,10,5.263672
-3.0,1,5.28768
4.75,2,5.314208
4.6,3,5.343902
-3.3,7,5.380772
3.7,9,5.418833
-3.2,5,5.609907
4.15,6,5.641036
4.3,5,5.673444
4.0,7,5.706589
-3.25,6,5.735428
-3.1,3,5.75962
-3.0,1,5.7817
-3.35,8,5.815999
-3.05,2,5.842419
3.4,11,5.879354
-3.05,2,5.904254
-3.0,1,5.927854
-3.2,5,5.960901
-3.25,6,5.994466
4.45,4,6.025429
4.15,6,6.060509
-3.25,6,6.093059
-3.0,1,6.11671
-3.3,7,6.152217
-3.0,1,6.178087
-3.1,3,6.208735
-3.1,3,6.237108
-3.0,1,6.265019
-3.6,13,6.307145
-3.15,4,6.337419
-3.05,2,6.363587
-3.45,10,6.404653
4.3,5,6.439017
-3.15,4,6.467108
-3.0,1,6.491857
-3.1,3,6.518069
3.85,8,6.55413
-3.05,2,6.577195
4.3,5,6.608053
4.6,3,6.635408
-3.05,2,6.659553
4.3,5,6.687622
-3.25,6,6.722894
-3.05,2,6.74868
-3.25,6,6.778219
-3.05,2,6.805159
-3.55,12,6.852673
-3.0,1,6.877184
-3.1,3,6.90449
-3.1,3,6.936735
-3.1,3,6.962607
-3.2,5,6.988862
4.3,5,7.020055
-3.05,2,7.045639
4.9,1,7.065752
-3.1,3,7.09149
-3.0,1,7.113965
-3.0,1,7.132278
3.7,9,7.168243
-3.05,2,7.191924
-3.05,2,7.217544
-3.0,1,7.238864
-3.5,11,7.279273
-3.0,1,7.300394
-3.05,2,7.323608
-3.0,1,7.350163
-3.0,1,7.375247
3.85,8,7.576088
-3.5,11,7.615047
4.6,3,7.63741
-3.2,5,7.66831
-3.3,7,7.703994
4.6,3,7.729231
4.45,4,7.756622
-3.35,8,7.789774
-1.75,15,7.839257
-3.05,2,7.864187
4.45,4,7.895627
4.3,5,7.926822
-3.25,6,7.96165
-3.4,9,8.001571
-3.0,1,8.0261
-3.05,2,8.050474
-3.65,14,8.093383
4.75,2,8.118655
-3.25,6,8.150294
4.0,7,8.182321
-3.55,12,8.223915
-3.15,4,8.252219
-3.25,6,8.282067
4.45,4,8.310227
-3.0,1,8.335466
-3.1,3,8.364201
-3.1,3,8.393681
4.15,6,8.424372
-3.35,8,8.460332
-3.0,1,8.481791
-3.0,1,8.505882
-3.45,10,8.539751
4.3,5,8.57435
3.55,10,8.609508
4.15,6,8.641105
-3.2,5,8.669153
-3.0,1,8.690217
-3.35,8,8.731675
3.7,9,8.768545
-3.5,11,8.810181
-3.05,2,8.833842
4.6,3,8.862207
-3.0,1,8.883491
-3.0,1,8.905075
4.15,6,8.935899
-3.15,4,8.965178
4.75,2,8.99693
-3.0,1,9.021585
3.7,9,9.221996
-3.15,4,9.252466
-3.25,6,9.290244
-3.2,5,9.318557
-3.0,1,9.343506
-3.15,4,9.369646
4.0,7,9.405519
-3.2,5,9.437289
-3.25,6,9.470733
-3.35,8,9.50631
-3.45,10,9.541913
-3.0,1,9.564036
3.1,13,9.611915
-3.0,1,9.635098
-3.15,4,9.661286
4.45,4,9.689919
4.45,4,9.724721
-3.15,4,9.752586
3.4,11,9.796305
4.15,6,9.831581
-3.0,1,9.853242
-3.4,9,9.893728
-3.05,2,9.922337
-3.15,4,9.949943
3.55,10,9.986812
-3.15,4,10.015004
-3.2,5,10.043526
3.85,8,10.073994
3.55,10,10.111184
4.45,4,10.146742
2.95,14,10.1944
-3.05,2,10.215632
4.75,2,10.236772
-3.0,1,10.258233
-3.45,10,10.295598
4.6,3,10.324394
-3.1,3,10.351273
4.3,5,10.380858
4.9,1,10.405022
4.15,6,10.43633
-1.75,15,10.480083
-3.35,8,10.514234
-3.5,11,10.552691
4.75,2,10.578454
3.4,11,10.769855
4.45,4,10.801828
-3.05,2,10.828773
4.15,6,10.861811
-3.05,2,10.882974
-3.1,3,10.910155
-3.4,9,10.947582
-3.35,8,10.980731
-3.0,1,11.002291
-3.05,2,11.027503
-3.45,10,11.07001
-3.7,15,11.117935
4.3,5,11.154424
-3.15,4,11.183609
-3.25,6,11.216258
-3.35,8,11.249917
-3.1,3,11.276947
-3.25,6,11.307326
4.15,6,11.33986
4.75,2,11.364626
4.45,4,11.395002
4.0,7,11.427896
-3.35,8,11.459641
3.25,12,11.498048
4.6,3,11.520058
-3.05,2,11.547971
-3.05,2,11.576485
-3.05,2,11.605972
3.85,8,11.637116
3.4,11,11.673752
-3.1,3,11.696563
4.45,4,11.721695
4.45,4,11.749783
4.45,4,11.778462
-3.2,5,11.80981
-3.4,9,11.845837
4.3,5,11.87767
-3.15,4,11.905158
4.45,4,11.933468
-3.15,4,11.962724
-3.05,2,11.986456
-3.25,6,12.016522
-3.0,1,12.050546
-3.2,5,12.081527
4.15,6,12.121669
4.6,3,12.149638
-3.1,3,12.181618
-3.0,1,12.209768
4.45,4,12.237801
-3.35,8,12.279475
-3.1,3,12.309375
4.15,6,12.345784
4.45,4,12.549452
-3.5,11,12.59358
3.7,9,12.632567
4.45,4,12.66233
-3.3,7,12.699052
4.15,6,12.731924
4.45,4,12.763949
4.15,6,12.794009
3.85,8,12.830775
4.15,6,12.858008
-3.0,1,12.880248
4.3,5,12.914923
3.55,10,12.947748
4.45,4,12.973622
-3.1,3,12.999454
4.75,2,13.023369
4.6,3,13.047652
-3.0,1,13.067796
-3.4,9,13.099506
3.55,10,13.137957
4.75,2,13.163328
-3.0,1,13.186283
-3.25,6,13.218616
-3.1,3,13.252506
4.45,4,13.282905
4.0,7,13.321476
-3.05,2,13.347155
-3.1,3,13.369687
4.0,7,13.403188
-3.05,2,13.426188
4.3,5,13.453232
4.9,1,13.478616
4.3,5,13.512657
3.4,11,13.554566
-3.25,6,13.585636
-3.0,1,13.608429
4.45,4,13.634293
-3.15,4,13.664535
-3.6,13,13.704371
3.4,11,13.747703
-3.45,10,13.793616
4.45,4,13.828613
3.55,10,13.868687
-3.1,3,13.895565
3.55,10,13.941184
-3.5,11,14.147316
4.3,5,14.179145
4.3,5,14.21046
-3.35,8,14.243341
-3.1,3,14.269964
3.55,10,14.309631
4.6,3,14.335017
-3.25,6,14.366903
3.7,9,14.406902
4.3,5,14.436548
4.15,6,14.472318
4.6,3,14.502921
-3.65,14,14.543267
-3.35,8,14.577617
-3.4,9,14.60954
-3.0,1,14.632891
4.45,4,14.662464
-3.4,9,14.697191
-3.6,13,14.739943
3.55,10,14.775099
4.45,4,14.801325
-3.4,9,14.835967
3.25,12,14.875836
3.7,9,14.90831
-3.0,1,14.931584
4.3,5,14.961524
4.45,4,14.987246
-1.75,15,15.036564
4.6,3,15.061701
4.3,5,15.089558
4.15,6,15.120899
4.45,4,15.149368
-3.0,1,15.170428
-3.65,14,15.217885
-3.5,11,15.258046
4.75,2,15.280486
-3.1,3,15.307148
4.15,6,15.343576
-3.05,2,15.36889
3.85,8,15.579077
3.85,8,15.613404
-1.75,15,15.661139
-3.45,10,15.702271
3.55,10,15.741502
4.45,4,15.767697
4.3,5,15.797865
3.7,9,15.835768
4.75,2,15.865795
4.15,6,15.901204
4.15,6,15.92965
-3.65,14,15.971254
4.3,5,16.002183
-3.2,5,16.029523
3.55,10,16.065729
-3.2,5,16.092965
-3.05,2,16.116385
3.85,8,16.147623
-3.7,15,16.193421
4.15,6,16.224406
-1.75,15,16.269296
-3.1,3,16.2946
-3.25,6,16.325775
3.4,11,16.364147
-3.1,3,16.389684
4.15,6,16.420382
4.75,2,16.443064
-3.4,9,16.475654
3.4,11,16.513399
-3.25,6,16.546137
4.0,7,16.58182
3.85,8,16.613671
4.6,3,16.644361
4.3,5,16.670895
4.15,6,16.705831
-3.0,1,16.732353
4.45,4,16.760197
3.7,9,16.960319
4.15,6,16.989934
3.7,9,17.033303
3.85,8,17.07889
4.75,2,17.106918
4.75,2,17.131822
-3.1,3,17.160741
-3.1,3,17.188598
4.45,4,17.216188
4.0,7,17.249186
-1.75,15,17.293931
4.6,3,17.320516
-3.6,13,17.366613
-1.75,15,17.414205
-3.5,11,17.454051
4.0,7,17.485928
4.45,4,17.513206
3.4,11,17.552888
3.7,9,17.589676
-3.15,4,17.617258
3.4,11,17.652782
4.45,4,17.679289
4.3,5,17.709393
4.3,5,17.739857
-3.05,2,17.765886
-3.4,9,17.801154
3.55,10,17.840765
4.0,7,17.873377
4.6,3,17.904926
-1.75,15,17.948752
3.4,11,17.984351
4.6,3,18.010117
4.45,4,18.03813
4.15,6,18.075353
4.0,7,18.114576
-3.1,3,18.139881
-3.6,13,18.335521
4.0,7,18.369246
-1.75,15,18.418154
-3.05,2,18.444964
-3.25,6,18.477102
-3.65,14,18.522106
-3.3,7,18.552694
-3.1,3,18.580865
-3.25,6,18.615272
3.7,9,18.65083
-1.75,15,18.698577
-3.05,2,18.72347
3.7,9,18.767002
4.45,4,18.804019
-3.2,5,18.845014
4.6,3,18.875517
-3.35,8,18.918711
-3.65,14,18.967782
-1.75,15,19.018662
4.0,7,19.050442
4.45,4,19.080714
3.85,8,19.115862
3.85,8,19.154397
4.45,4,19.185518
4.45,4,19.216069
4.0,7,19.249741
4.9,1,19.277813
-3.15,4,19.308536
-3.15,4,19.333606
-3.25,6,19.375123
-3.5,11,19.414991
-3.4,9,19.45346
4.3,5,19.481682
4.0,7,19.515206
4.6,3,19.541879
4.75,2,19.565797
-3.15,4,19.591348
-3.45,10,19.629616
-3.25,6,19.801916
4.3,5,19.827577
3.55,10,19.862758
4.75,2,19.890102
4.75,2,19.917362
4.45,4,19.946522
-3.55,12,19.996972
4.75,2,20.025829
4.75,2,20.051124
3.7,9,20.0902
-3.55,12,20.136916
4.15,6,20.172717
-3.2,5,20.202262
4.3,5,20.231812
4.9,1,20.256643
-1.75,15,20.30707
4.6,3,20.342064
4.45,4,20.378821
4.3,5,20.427756
3.7,9,20.486998
4.0,7,20.537938
3.55,10,20.582639
4.3,5,20.615658
4.6,3,20.647925
4.9,1,20.673463
3.85,8,20.711642
-3.05,2,20.739264
-3.2,5,20.767257
-3.4,9,20.809975
4.0,7,20.849433
-3.3,7,20.883269
4.15,6,20.920611
-3.0,1,20.944073
-3.4,9,20.980282
3.7,9,21.013408
3.85,8,21.054264
-3.05,2,21.079838
4.6,3,21.108709
4.45,4,21.133561
3.85,8,21.165818
4.3,5,21.196094
3.7,9,21.235724
3.55,10,21.425172
4.15,6,21.455
4.75,2,21.484092
-1.75,15,21.540497
3.4,11,21.583556
4.3,5,21.612719
3.55,10,21.647233
4.6,3,21.677628
4.3,5,21.71305
3.85,8,21.756001
3.7,9,21.792705
4.3,5,21.825227
3.85,8,21.857381
-3.6,13,21.901378
-1.75,15,21.949935
-3.65,14,21.997126
-3.05,2,22.024269
3.55,10,22.062274
-3.35,8,22.096508
4.6,3,22.123563
-3.3,7,22.160301
-1.75,15,22.208698
4.3,5,22.245631
4.0,7,22.276428
3.4,11,22.313138
4.0,7,22.347424
3.55,10,22.390873
3.1,13,22.433337
-3.0,1,22.461033
4.6,3,22.486568
4.75,2,22.513657
-3.15,4,22.547307
4.6,3,22.57151
4.45,4,22.598655
4.15,6,22.634998
4.6,3,22.662598
4.0,7,22.850716
3.55,10,22.888445
3.85,8,22.922613
3.4,11,22.963088
4.75,2,22.991164
-3.3,7,23.025388
4.15,6,23.055309
-3.1,3,23.082136
4.15,6,23.114242
-3.05,2,23.136777
3.85,8,23.168678
-3.35,8,23.204323
-1.75,15,23.253812
4.6,3,23.28072
4.15,6,23.313734
-3.0,1,23.342106
4.6,3,23.367594
4.0,7,23.407456
3.7,9,23.445455
4.6,3,23.47544
4.0,7,23.512522
-3.35,8,23.551067
3.85,8,23.588852
-3.5,11,23.630094
4.45,4,23.659329
3.4,11,23.695531
-3.4,9,23.729378
4.6,3,23.755939
3.7,9,23.792547
4.15,6,23.82467
4.6,3,23.855107
3.7,9,23.893745
4.6,3,23.928963
4.6,3,23.962112
4.3,5,23.991938
4.0,7,24.025111
-1.75,15,24.067862
-3.3,7,24.100463
-3.15,4,24.128359
4.15,6,24.296197
4.45,4,24.322583
4.3,5,24.352805
3.7,9,24.390536
3.55,10,24.426854
3.55,10,24.461617
3.7,9,24.494262
4.3,5,24.528529
4.6,3,24.551729
-1.75,15,24.593741
-3.2,5,24.620411
4.45,4,24.650453
3.85,8,24.683455
3.7,9,24.716699
3.7,9,24.749444
-3.15,4,24.780017
-1.75,15,24.829119
-3.35,8,24.863128
3.55,10,24.902127
4.45,4,24.930526
4.0,7,24.96753
4.3,5,24.99574
4.15,6,25.030569
4.15,6,25.065753
-3.35,8,25.101954
-3.2,5,25.13123
4.45,4,25.158612
-1.75,15,25.207731
4.45,4,25.237773
4.9,1,25.263109
4.0,7,25.298868
-3.5,11,25.337993
4.3,5,25.368777
-3.4,9,25.404602
3.7,9,25.446043
4.45,4,25.664058
-3.25,6,25.698801
4.15,6,25.729528
-3.2,5,25.75878
4.75,2,25.780802
4.15,6,25.81043
-3.7,15,25.854995
-3.25,6,25.894542
-3.45,10,25.935451
4.6,3,25.965051
-3.55,12,26.010267
4.6,3,26.040308
3.4,11,26.083091
4.3,5,26.115355
4.15,6,26.14853
-3.2,5,26.178267
4.3,5,26.213008
4.15,6,26.248883
4.6,3,26.283866
4.45,4,26.311533
3.4,11,26.352549
4.6,3,26.385524
-3.2,5,26.417727
4.6,3,26.447533
3.85,8,26.489716
-3.5,11,26.530782
-3.45,10,26.57236
3.1,13,26.613476
4.0,7,26.645483
4.45,4,26.673537
3.7,9,26.709882
4.45,4,26.741424
4.15,6,26.778199
4.45,4,26.808953
4.6,3,26.838741
4.0,7,26.872442
-1.75,15,26.924834
4.75,2,26.951581
4.6,3,26.98083
-1.75,15,27.174537
4.3,5,27.21052
4.3,5,27.235261
4.6,3,27.262403
-3.35,8,27.294395
-3.55,12,27.330861
-3.0,1,27.353929
4.0,7,27.390838
2.95,14,27.438308
4.45,4,27.470097
3.25,12,27.512527
4.75,2,27.547292
4.45,4,27.575003
4.6,3,27.599194
3.1,13,27.638511
4.3,5,27.665921
4.15,6,27.696727
4.6,3,27.723125
-3.2,5,27.75167
4.6,3,27.781968
-3.7,15,27.829044
4.15,6,27.867409
3.7,9,27.909843
-1.75,15,27.95842
-3.55,12,28.002919
3.1,13,28.050487
4.0,7,28.092241
-1.75,15,28.14648
4.0,7,28.181006
4.3,5,28.213131
4.6,3,28.239365
3.55,10,28.279726
-3.1,3,28.315193
4.3,5,28.364534
-3.45,10,28.61295
4.75,2,28.643808
3.85,8,28.680198
3.7,9,28.716138
-3.4,9,28.751948
-1.75,15,28.799697
4.9,1,28.827086
4.75,2,28.861062
-1.75,15,28.909185
4.15,6,28.940907
4.15,6,28.970685
4.45,4,29.000131
4.45,4,29.027076
4.75,2,29.053944
3.1,13,29.097794
4.3,5,29.128047
-1.75,15,29.176402
3.85,8,29.215878
-3.1,3,29.242115
4.45,4,29.269129
4.45,4,29.298856
3.85,8,29.33606
4.6,3,29.361828
3.7,9,29.394949
4.45,4,29.42479
4.3,5,29.450902
-1.75,15,29.494113
3.55,10,29.533995
3.4,11,29.580122
4.6,3,29.608228
4.75,2,29.632749
4.6,3,29.661299
3.7,9,29.699431
4.6,3,29.728988
4.45,4,29.755533
4.0,7,29.793524
4.15,6,29.836526
3.7,9,29.881051
-3.45,10,30.084386
4.15,6,30.11753
4.6,3,30.14554
-3.0,1,30.16979
-3.5,11,30.209386
-1.75,15,30.256353
-3.05,2,30.283513
3.85,8,30.317825
3.4,11,30.356871
3.25,12,30.394089
-1.75,15,30.435747
4.0,7,30.465454
4.45,4,30.499657
3.55,10,30.536238
-3.45,10,30.57559
3.55,10,30.612907
3.4,11,30.64889
4.9,1,30.672976
3.4,11,30.709601
-3.25,6,30.74062
3.85,8,30.774613
4.6,3,30.799911
3.85,8,30.835478
-3.55,12,30.878027
4.75,2,30.901049
4.6,3,30.931292
4.0,7,30.96979
-3.0,1,30.995384
4.75,2,31.025832
4.45,4,31.056406
-1.75,15,31.101224
4.0,7,31.133052
3.7,9,31.177069
3.4,11,31.230381
4.75,2,31.260599
4.0,7,31.29931
4.15,6,31.482877
3.55,10,31.526222
4.45,4,31.555031
4.3,5,31.592701
-1.75,15,31.636796
4.15,6,31.66244
-3.45,10,31.699828
4.6,3,31.728329
-1.75,15,31.773246
4.75,2,31.7994
-3.5,11,31.84468
3.85,8,31.878092
4.0,7,31.911921
4.0,7,31.941013
4.15,6,31.969082
-1.75,15,32.012259
4.6,3,32.040199
4.0,7,32.076126
3.55,10,32.124372
4.45,4,32.152685
4.45,4,32.188037
-3.45,10,32.224808
4.15,6,32.258696
4.3,5,32.290848
-3.5,11,32.331599
4.75,2,32.356631
3.25,12,32.402742
4.0,7,32.434989
3.85,8,32.471529
4.6,3,32.4974
4.15,6,32.527372
3.85,8,32.559545
4.75,2,32.588732
4.45,4,32.620535
4.0,7,32.660595
4.6,3,32.695484
4.0,7,32.879531
3.55,10,32.924378
-1.75,15,32.970927
4.45,4,33.00071
4.3,5,33.033271
4.45,4,33.062426
-1.75,15,33.110119
3.85,8,33.144142
3.4,11,33.188636
-1.75,15,33.238163
3.85,8,33.274268
4.0,7,33.309818
4.6,3,33.335935
4.6,3,33.364455
-3.25,6,33.399186
4.75,2,33.424798
4.6,3,33.447988
4.9,1,33.473352
4.45,4,33.502247
-3.4,9,33.538939
4.0,7,33.569822
4.15,6,33.600077
4.45,4,33.62753
3.85,8,33.661277
4.75,2,33.693099
4.3,5,33.720763
4.45,4,33.748584
4.6,3,33.778468
-3.05,2,33.800028
4.75,2,33.827045
4.3,5,33.85508
3.85,8,33.893474
4.6,3,33.917319
4.75,2,33.943344
4.6,3,33.969828
3.85,8,34.00017
4.15,6,34.03142
3.1,13,34.078225
-3.7,15,34.119774
4.45,4,34.148447
-3.35,8,34.182821
4.6,3,34.360245
4.3,5,34.393826
-1.75,15,34.442324
4.15,6,34.476733
-3.15,4,34.507556
-3.5,11,34.548263
4.45,4,34.575584
4.6,3,34.607258
4.3,5,34.638045
3.55,10,34.676977
4.0,7,34.711017
4.75,2,34.73328
4.3,5,34.760863
4.3,5,34.789816
4.75,2,34.820522
3.7,9,34.855161
-3.65,14,34.897133
-1.75,15,34.945772
3.7,9,34.978954
3.4,11,35.020798
-1.75,15,35.062086
-3.55,12,35.100021
-1.75,15,35.14303
3.85,8,35.175536
4.75,2,35.201437
4.3,5,35.232114
4.6,3,35.256883
4.45,4,35.286469
4.3,5,35.315551
4.3,5,35.346376
-3.35,8,35.380653
-1.75,15,35.428821
3.85,8,35.46651
-3.2,5,35.495116
4.6,3,35.527021
-1.75,15,35.731216
4.45,4,35.764883
4.75,2,35.796833
4.6,3,35.825152
4.45,4,35.851315
-3.6,13,35.894702
4.15,6,35.928523
3.7,9,35.970416
4.3,5,36.001487
4.15,6,36.03568
4.45,4,36.06356
3.55,10,36.109854
-3.4,9,36.151638
4.0,7,36.186389
3.4,11,36.231235
4.6,3,36.261685
4.0,7,36.293803
4.15,6,36.326198
4.6,3,36.353273
3.55,10,36.388427
-1.75,15,36.431707
-1.75,15,36.478159
4.6,3,36.502234
4.75,2,36.525042
-3.5,11,36.570902
4.6,3,36.599232
-3.35,8,36.630452
4.3,5,36.660364
3.85,8,36.692134
4.45,4,36.722656
3.85,8,36.755815
-3.45,10,36.790903
3.25,12,36.828132
4.45,4,36.858515
4.45,4,36.890109
4.45,4,36.915497
-1.75,15,37.10157
-1.75,15,37.143726
4.3,5,37.172349
-1.75,15,37.214877
2.8,15,37.264067
4.0,7,37.302676
-3.15,4,37.332387
3.85,8,37.367517
4.0,7,37.402184
4.0,7,37.431799
-1.75,15,37.479957
4.3,5,37.515274
4.0,7,37.551178
4.45,4,37.586477
4.0,7,37.620376
4.3,5,37.64947
3.7,9,37.685525
-3.4,9,37.721845
3.55,10,37.760512
3.55,10,37.796904
-1.75,15,37.846326
3.7,9,37.883822
4.45,4,37.912801
4.45,4,37.942028
4.15,6,37.978078
-3.55,12,38.017388
4.6,3,38.044231
-1.75,15,38.095909
3.7,9,38.138659
3.55,10,38.330159
3.55,10,38.363572
4.6,3,38.392771
3.4,11,38.428512
4.6,3,38.45813
-1.75,15,38.500289
4.6,3,38.524671
4.45,4,38.551712
3.4,11,38.591297
-3.55,12,38.626644
4.6,3,38.65286
3.85,8,38.693844
-3.35,8,38.728624
3.55,10,38.767493
4.3,5,38.800158
4.3,5,38.838586
4.0,7,38.874695
3.55,10,38.912368
4.0,7,38.956228
4.45,4,38.987022
3.85,8,39.027561
4.6,3,39.058236
3.7,9,39.097046
4.6,3,39.128998
4.3,5,39.160424
4.45,4,39.199349
-3.25,6,39.234815
4.6,3,39.267119
4.3,5,39.306539
3.4,11,39.350403
3.25,12,39.395538
4.0,7,39.429725
3.85,8,39.466268
4.75,2,39.49251
3.55,10,39.53647
3.55,10,39.578724
3.85,8,39.765735
4.45,4,39.791301
4.6,3,39.816199
-1.75,15,39.861671
4.6,3,39.889426
4.75,2,39.916774
4.6,3,39.942512
3.25,12,39.979822
4.15,6,40.011351
3.85,8,40.045329
4.45,4,40.075042
3.7,9,40.112576
3.55,10,40.152839
4.0,7,40.182532
4.0,7,40.215728
3.85,8,40.253386
-1.75,15,40.296135
4.15,6,40.326904
3.7,9,40.363972
4.75,2,40.391636
3.1,13,40.447343
4.15,6,40.486436
3.85,8,40.525897
4.75,2,40.552454
-3.5,11,40.592041
4.15,6,40.621161
4.75,2,40.647767
4.6,3,40.678311
4.3,5,40.711916
4.15,6,40.746234
3.7,9,40.786742
4.6,3,40.813859
4.75,2,40.840926
4.6,3,40.865104
-1.75,15,40.91856
4.45,4,40.947348
4.3,5,40.980849
4.3,5,41.011132
3.7,9,41.054382
3.4,11,41.245053
4.45,4,41.27373
4.0,7,41.306133
-1.75,15,41.352097
3.25,12,41.391492
-3.7,15,41.433742
4.45,4,41.462512
4.6,3,41.489436
4.15,6,41.522323
4.6,3,41.55129
-3.55,12,41.590136
3.7,9,41.626968
4.45,4,41.655401
4.3,5,41.682794
4.45,4,41.708852
4.15,6,41.738812
4.45,4,41.764617
4.3,5,41.796852
4.3,5,41.826507
4.45,4,41.857294
4.3,5,41.885401
4.0,7,41.921309
4.15,6,41.95043
4.75,2,41.98119
-1.75,15,42.039524
4.0,7,42.076845
4.15,6,42.108385
4.3,5,42.142879
4.6,3,42.171597
-3.55,12,42.225386
-3.6,13,42.276565
4.45,4,42.3087
4.6,3,42.342026
4.45,4,42.379055
4.6,3,42.414206
4.45,4,42.447418
4.75,2,42.473619
4.15,6,42.508437
4.3,5,42.541538
4.15,6,42.579655
4.45,4,42.749841
4.45,4,42.780735
4.3,5,42.810053
3.55,10,42.850294
4.75,2,42.883115
3.7,9,42.919364
4.15,6,42.954013
-1.75,15,42.997412
3.25,12,43.037635
4.6,3,43.064298
4.6,3,43.095013
-1.75,15,43.139518
4.3,5,43.166928
-1.75,15,43.210384
3.55,10,43.247354
4.15,6,43.276387
4.15,6,43.305145
4.6,3,43.330029
-3.3,7,43.362812
4.6,3,43.394935
4.15,6,43.426725
3.7,9,43.463885
4.6,3,43.490604
4.75,2,43.511653
4.0,7,43.543004
3.55,10,43.576123
3.7,9,43.60998
4.75,2,43.63667
-1.75,15,43.682229
4.15,6,43.719677
3.7,9,43.753485
3.55,10,43.799609
4.75,2,43.825447
3.85,8,43.865735
4.3,5,43.896085
3.55,10,43.938266
4.3,5,44.123866
4.0,7,44.160146
4.15,6,44.196427
4.3,5,44.229677
4.45,4,44.258332
4.45,4,44.284016
4.75,2,44.310221
3.55,10,44.349126
4.0,7,44.381817
3.85,8,44.414104
-1.75,15,44.456811
4.3,5,44.48363
3.25,12,44.523028
4.15,6,44.555537
4.45,4,44.585308
4.45,4,44.612368
-3.65,14,44.656361
-1.75,15,44.703206
4.15,6,44.730856
3.55,10,44.764518
4.3,5,44.794861
4.75,2,44.819951
3.85,8,44.855942
4.6,3,44.88031
-1.75,15,44.924057
3.4,11,44.958542
4.3,5,44.988952
3.7,9,45.029862
4.0,7,45.070271
-3.1,3,45.092854
4.0,7,45.130172
3.85,8,45.170217
4.15,6,45.208659
4.6,3,45.240852
-1.75,15,45.294147
4.0,7,45.49801
4.6,3,45.539564
4.3,5,45.578341
4.45,4,45.617362
4.6,3,45.648694
4.45,4,45.683457
-1.75,15,45.740597
3.7,9,45.77931
3.85,8,45.813841
3.55,10,45.857241
4.15,6,45.89393
-3.2,5,45.924604
4.6,3,45.952556
4.0,7,45.98996
4.6,3,46.016669
-3.7,15,46.064498
4.0,7,46.09535
3.85,8,46.128676
4.6,3,46.157691
4.45,4,46.188456
3.4,11,46.23502
4.45,4,46.268332
-1.75,15,46.326496
3.7,9,46.371384
4.6,3,46.407141
3.85,8,46.440958
4.0,7,46.473181
4.75,2,46.49679
4.15,6,46.530107
3.7,9,46.578348
3.7,9,46.613529
4.6,3,46.637264
-1.75,15,46.677896
3.85,8,46.708455
3.25,12,46.754903
4.75,2,46.776306
4.45,4,46.805823
4.6,3,46.996572
4.0,7,47.031352
-3.6,13,47.07653
4.45,4,47.104263
4.6,3,47.130287
4.75,2,47.154407
4.0,7,47.186469
4.15,6,47.216067
4.3,5,47.245787
-1.75,15,47.297112
4.45,4,47.336211
4.6,3,47.3735
3.7,9,47.411508
4.0,7,47.441614
4.6,3,47.464327
3.85,8,47.497669
4.75,2,47.526949
4.75,2,47.552478
4.75,2,47.581995
4.6,3,47.611084
4.6,3,47.640084
4.45,4,47.667219
-1.75,15,47.710917
3.4,11,47.745252
-3.2,5,47.772997
4.0,7,47.808993
4.6,3,47.836203
4.75,2,47.862049
3.55,10,47.906603
4.45,4,47.933851
3.85,8,47.9679
4.75,2,47.99264
4.45,4,48.020261
-1.75,15,48.069637
3.25,12,48.112709
4.3,5,48.143132
4.45,4,48.179339
4.3,5,48.213953
-1.75,15,48.258993
4.3,5,48.290008
3.1,13,48.480764
4.45,4,48.511481
3.85,8,48.548614
4.45,4,48.581451
3.7,9,48.621456
4.3,5,48.652665
3.85,8,48.687805
4.45,4,48.719595
4.15,6,48.75447
4.15,6,48.781962
-1.75,15,48.835259
4.6,3,48.86862
4.6,3,48.898362
4.3,5,48.934866
3.4,11,48.976801
-3.15,4,49.005954
3.25,12,49.046757
4.3,5,49.077454
-3.7,15,49.12491
3.1,13,49.162916
4.6,3,49.190895
4.0,7,49.221152
3.85,8,49.255828
4.3,5,49.286709
-1.75,15,49.330539
-1.75,15,49.373234
4.75,2,49.398771
3.85,8,49.429774
4.6,3,49.455239
4.75,2,49.47858
4.0,7,49.513711
-1.75,15,49.566515
-1.75,15,49.618282
3.7,9,49.652497
4.3,5,49.825717
4.45,4,49.855753
3.25,12,49.89665
3.55,10,49.944092
4.45,4,49.974152
-3.35,8,50.013298
4.0,7,50.048878
-1.75,15,50.098479
4.0,7,50.134656
3.55,10,50.177608
-3.4,9,50.221237
4.6,3,50.253779
4.6,3,50.280104
3.55,10,50.320887
4.15,6,50.356462
4.6,3,50.381785
-1.75,15,50.437281
4.15,6,50.46649
-1.75,15,50.512214
3.85,8,50.546726
4.0,7,50.580523
4.75,2,50.606554
4.45,4,50.632315
-1.75,15,50.676408
4.0,7,50.713702
4.6,3,50.738825
4.3,5,50.765243
3.7,9,50.801706
4.45,4,50.829375
-1.75,15,50.873732
4.6,3,50.900927
4.75,2,50.935471
4.3,5,50.964953
3.25,12,51.009259
3.85,8,51.194002
4.6,3,51.221577
-1.75,15,51.276492
4.6,3,51.306341
4.6,3,51.329855
-1.75,15,51.374367
3.85,8,51.409103
4.6,3,51.437649
4.75,2,51.464842
-3.55,12,51.512989
3.85,8,51.548731
-3.4,9,51.587709
4.6,3,51.621863
4.15,6,51.655908
4.3,5,51.688159
4.3,5,51.718077
4.45,4,51.747652
4.0,7,51.780663
4.6,3,51.812961
4.75,2,51.839216
3.55,10,51.876773
3.85,8,51.911817
4.6,3,51.936769
-3.4,9,51.971143
4.0,7,52.005662
4.45,4,52.030929
3.4,11,52.066535
3.55,10,52.107256
4.6,3,52.135092
4.6,3,52.167993
4.75,2,52.195133
4.15,6,52.235399
-3.2,5,52.273687
4.45,4,52.312841
4.45,4,52.34452
4.15,6,52.379323
4.75,2,52.407804
3.85,8,52.447452
3.1,13,52.490446
-1.75,15,52.538122
-3.35,8,52.719104
3.7,9,52.752635
4.75,2,52.776161
3.55,10,52.809143
4.75,2,52.836957
3.85,8,52.879361
4.9,1,52.905002
4.6,3,52.929706
4.75,2,52.958233
3.85,8,52.992388
4.0,7,53.026016
4.75,2,53.052113
4.6,3,53.087702
4.0,7,53.123252
3.85,8,53.158598
4.0,7,53.19284
4.9,1,53.216021
3.85,8,53.249238
4.15,6,53.28213
4.3,5,53.312282
4.75,2,53.344469
4.6,3,53.371777
4.0,7,53.405411
4.6,3,53.440458
3.4,11,53.478016
-3.4,9,53.520559
-1.75,15,53.575022
4.6,3,53.602036
4.3,5,53.629228
4.3,5,53.655557
4.45,4,53.68438
4.75,2,53.708729
4.0,7,53.743129
3.7,9,53.780164
4.6,3,53.811524
4.75,2,53.839831
4.6,3,53.863958
4.15,6,53.893301
4.15,6,53.922649
4.15,6,53.952541
4.45,4,53.978403
4.6,3,54.006802
4.45,4,54.039737
4.15,6,54.071913
4.45,4,54.099628
4.75,2,54.122887
4.9,1,54.147415
4.45,4,54.174766
4.6,3,54.201987
4.3,5,54.228324
4.6,3,54.258527
-1.75,15,54.445603
-3.55,12,54.49008
4.75,2,54.515942
3.85,8,54.549978
4.45,4,54.580523
4.45,4,54.611989
4.3,5,54.643572
4.45,4,54.67798
3.85,8,54.72324
4.3,5,54.755309
4.3,5,54.787638
4.15,6,54.819789
4.45,4,54.846793
3.55,10,54.885095
4.6,3,54.910982
-1.75,15,54.959341
4.9,1,54.989866
4.3,5,55.021333
4.6,3,55.050153
4.0,7,55.092002
4.75,2,55.115812
3.4,11,55.154938
3.7,9,55.188349
4.0,7,55.218942
4.45,4,55.243937
4.75,2,55.270031
4.6,3,55.296544
3.85,8,55.330346
3.55,10,55.364945
-1.75,15,55.411989
3.55,10,55.447991
3.85,8,55.484432
4.0,7,55.514325
4.3,5,55.545796
4.15,6,55.57539
-1.75,15,55.618102
4.0,7,55.650322
3.85,8,55.836046
-3.3,7,55.873249
4.6,3,55.901267
4.45,4,55.93118
4.45,4,55.96065
4.3,5,55.99274
4.0,7,56.024462
3.85,8,56.054484
4.3,5,56.081782
3.7,9,56.117952
3.55,10,56.15404
4.3,5,56.187857
4.15,6,56.221657
3.4,11,56.261129
4.3,5,56.293866
4.0,7,56.330345
3.85,8,56.374673
3.1,13,56.414817
-1.75,15,56.462072
4.3,5,56.493383
4.15,6,56.524908
4.45,4,56.553184
-1.75,15,56.599859
4.45,4,56.626978
4.45,4,56.656135
4.3,5,56.685684
4.3,5,56.717445
4.0,7,56.746432
3.7,9,56.781322
4.9,1,56.804727
4.75,2,56.831189
4.15,6,56.860925
-1.75,15,56.905657
4.9,1,56.928256
4.75,2,56.95443
4.6,3,56.986777
4.0,7,57.021876
-1.75,15,57.06886
4.15,6,57.244522
4.9,1,57.266849
3.55,10,57.307891
-1.75,15,57.354541
3.7,9,57.389373
4.15,6,57.42247
4.45,4,57.447369
4.75,2,57.476672
4.6,3,57.502133
-3.1,3,57.529741
3.55,10,57.568363
-1.75,15,57.616134
4.45,4,57.644698
4.15,6,57.677183
4.6,3,57.705508
4.15,6,57.742063
4.15,6,57.775774
-1.75,15,57.840362
4.3,5,57.882057
3.85,8,57.925938
4.6,3,57.957798
3.25,12,58.004762
3.7,9,58.042316
4.9,1,58.06796
4.6,3,58.095493
4.6,3,58.123692
4.3,5,58.152295
-1.75,15,58.19986
4.0,7,58.232078
3.85,8,58.266084
4.0,7,58.296107
3.25,12,58.335399
3.7,9,58.370526
4.3,5,58.401581
3.55,10,58.437011
4.75,2,58.466433
4.45,4,58.492359
4.15,6,58.521169
4.15,6,58.68428
4.15,6,58.711098
3.7,9,58.750016
4.6,3,58.772861
4.15,6,58.804529
3.55,10,58.84228
4.3,5,58.876414
4.6,3,58.91156
4.75,2,58.937897
4.45,4,58.973207
4.3,5,59.004581
4.0,7,59.036742
3.7,9,59.07331
3.4,11,59.114458
4.45,4,59.141791
4.45,4,59.168548
4.6,3,59.194237
3.85,8,59.227193
4.75,2,59.255327
4.45,4,59.28185
3.55,10,59.325774
4.3,5,59.359901
4.3,5,59.393647
4.6,3,59.428648
4.15,6,59.467578
4.6,3,59.493844
4.45,4,59.522124
-3.3,7,59.557419
3.4,11,59.603048
4.3,5,59.633816
-1.75,15,59.688037
4.75,2,59.714338
4.15,6,59.743516
4.75,2,59.770129
4.6,3,59.796961
3.85,8,59.833878
4.6,3,59.861168
-3.45,10,59.898299
4.3,5,59.928823
4.3,5,59.959415
-3.45,10,59.994809
3.1,13,60.040333
3.7,9,60.224185
4.6,3,60.252297
4.75,2,60.27999
4.45,4,60.308469
4.45,4,60.341575
4.15,6,60.372281
4.6,3,60.399453
4.45,4,60.425178
-1.75,15,60.470522
4.6,3,60.49849
4.3,5,60.531388
4.0,7,60.563819
4.0,7,60.597433
4.3,5,60.627573
4.45,4,60.653725
4.0,7,60.683945
4.15,6,60.718534
3.85,8,60.75054
4.3,5,60.77889
4.3,5,60.809237
4.75,2,60.835237
3.85,8,60.873902
4.9,1,60.901621
4.75,2,60.930562
4.6,3,60.958955
4.0,7,60.99285
3.85,8,61.028779
3.1,13,61.075201
4.75,2,61.103807
4.6,3,61.1384
4.9,1,61.165483
3.85,8,61.204973
4.3,5,61.237934
4.6,3,61.265629
4.3,5,61.296747
4.0,7,61.332227
3.7,9,61.378067
4.0,7,61.412533
4.15,6,61.447829
4.6,3,61.474056
4.15,6,61.506672
3.25,12,61.544226
4.15,6,61.57614
4.6,3,61.604439
4.75,2,61.63074
3.85,8,61.667419
3.7,9,61.859852
3.7,9,61.895183
3.25,12,61.939467
4.75,2,61.96369
4.6,3,61.992205
3.1,13,62.034096
3.4,11,62.072287
3.85,8,62.107574
3.1,13,62.150569
-1.75,15,62.197808
3.55,10,62.238278
4.15,6,62.269436
-1.75,15,62.321334
4.0,7,62.357058
4.45,4,62.393764
4.45,4,62.428837
4.45,4,62.4706
4.6,3,62.503183
4.15,6,62.544641
4.6,3,62.570996
4.75,2,62.600046
3.85,8,62.635981
4.3,5,62.666302
3.7,9,62.710996
3.4,11,62.757438
4.6,3,62.781652
4.0,7,62.817971
4.75,2,62.842179
3.7,9,62.882008
4.45,4,62.911022
-1.75,15,62.960256
4.0,7,62.99464
4.45,4,63.023222
4.45,4,63.051102
3.25,12,63.09673
4.45,4,63.129925
4.6,3,63.297526
4.75,2,63.320498
4.45,4,63.350989
-3.4,9,63.390126
4.6,3,63.41226
-1.75,15,63.457216
3.85,8,63.492903
4.3,5,63.522973
-3.4,9,63.560492
3.7,9,63.59312
-1.75,15,63.63488
4.75,2,63.659064
4.3,5,63.688025
3.85,8,63.720767
4.15,6,63.754909
3.4,11,63.791643
3.55,10,63.835649
4.9,1,63.859274
4.6,3,63.881375
-1.75,15,63.926237
-1.75,15,63.968688
4.9,1,63.992814
3.85,8,64.033181
-1.75,15,64.087506
4.9,1,64.120605
3.55,10,64.169445
4.0,7,64.206346
3.1,13,64.252605
4.3,5,64.285967
4.6,3,64.313833
4.45,4,64.347052
3.85,8,64.388492
4.3,5,64.424838
3.85,8,64.466346
-1.75,15,64.659729
4.3,5,64.688879
3.7,9,64.72777
4.3,5,64.754883
4.0,7,64.783332
3.4,11,64.818872
3.7,9,64.856044
3.7,9,64.89005
4.15,6,64.923311
3.7,9,64.95548
4.75,2,64.980837
4.75,2,65.005668
4.15,6,65.037466
4.15,6,65.066843
3.85,8,65.102134
3.7,9,65.138474
3.85,8,65.179908
3.7,9,65.212398
4.6,3,65.240082
4.0,7,65.272653
3.55,10,65.314245
4.75,2,65.340584
4.15,6,65.378383
4.6,3,65.407113
4.9,1,65.436982
4.45,4,65.470712
4.3,5,65.501881
3.4,11,65.536831
3.85,8,65.574532
4.45,4,65.612727
4.15,6,65.654093
4.15,6,65.691192
3.85,8,65.736536
4.45,4,65.770542
4.15,6,65.808701
4.15,6,65.844458
4.75,2,65.874408
3.7,9,65.916265
3.55,10,65.962127
4.3,5,65.991984
3.4,11,66.200558
3.25,12,66.243441
4.75,2,66.271828
4.3,5,66.304794
4.6,3,66.331074
4.3,5,66.359944
4.3,5,66.396904
3.7,9,66.432629
4.3,5,66.46492
4.9,1,66.489897
3.25,12,66.534294
4.0,7,66.565811
4.6,3,66.593528
4.75,2,66.615084
4.75,2,66.63906
4.6,3,66.667703
-3.0,1,66.69058
4.0,7,66.720676
4.6,3,66.742671
4.6,3,66.770041
3.4,11,66.809896
4.3,5,66.842925
4.3,5,66.874173
-1.75,15,66.922987
4.45,4,66.956275
4.6,3,66.985384
4.75,2,67.018532
4.45,4,67.05002
-3.45,10,67.08825
4.75,2,67.115344
4.45,4,67.141613
3.7,9,67.173532
4.0,7,67.206645
4.15,6,67.240891
4.6,3,67.269837
4.15,6,67.305457
4.75,2,67.331038
4.45,4,67.364718
4.45,4,67.394966
3.4,11,67.438291
4.0,7,67.471526
4.0,7,67.508445
4.9,1,67.533401
4.3,5,67.565387
4.15,6,67.602021
4.75,2,67.628381
4.6,3,67.655911
-1.75,15,67.852802
3.55,10,67.887373
4.6,3,67.910341
4.45,4,67.939538
4.45,4,67.970738
4.3,5,67.997512
4.15,6,68.025844
3.85,8,68.05846
4.3,5,68.0935
4.9,1,68.12454
4.6,3,68.154051
4.45,4,68.190228
3.85,8,68.221104
-1.75,15,68.264555
-3.35,8,68.296801
4.75,2,68.32324
3.55,10,68.36007
4.3,5,68.391607
4.45,4,68.424108
4.3,5,68.453768
4.0,7,68.483743
4.9,1,68.509589
4.3,5,68.536612
4.75,2,68.557744
4.45,4,68.585615
4.6,3,68.60967
-3.35,8,68.644488
4.45,4,68.673494
-3.6,13,68.714218
4.45,4,68.743419
4.3,5,68.77325
4.45,4,68.809049
4.3,5,68.850235
4.9,1,68.875651
4.15,6,68.914177
3.85,8,68.957536
4.45,4,68.989949
4.3,5,69.020318
4.75,2,69.050787
4.45,4,69.085943
4.6,3,69.11506
3.4,11,69.163111
3.55,10,69.210081
4.45,4,69.241899
4.6,3,69.272423
4.45,4,69.302145
4.0,7,69.333736
4.6,3,69.359118
3.7,9,69.543843
4.9,1,69.568518
4.6,3,69.591588
4.6,3,69.620465
3.4,11,69.657098
-3.0,1,69.681408
4.45,4,69.705725
4.45,4,69.735629
4.45,4,69.763086
4.0,7,69.800924
4.9,1,69.82426
4.6,3,69.85527
4.9,1,69.887546
4.15,6,69.92556
4.15,6,69.962503
4.3,5,69.994142
4.45,4,70.026175
3.7,9,70.064611
3.85,8,70.09986
4.6,3,70.128901
4.45,4,70.157979
4.75,2,70.186973
4.75,2,70.219516
4.75,2,70.250328
4.6,3,70.278684
4.9,1,70.300929
4.6,3,70.327494
3.7,9,70.369864
4.45,4,70.406521
4.75,2,70.436524
4.45,4,70.468467
3.7,9,70.505357
3.25,12,70.545494
3.7,9,70.588712
3.85,8,70.623721
4.15,6,70.656817
4.3,5,70.685874
3.55,10,70.723883
3.85,8,70.754398
3.1,13,70.800143
4.0,7,70.835415
4.45,4,70.868254
4.45,4,70.901125
3.4,11,70.954222
4.45,4,70.986029
-1.75,15,71.030442
4.3,5,71.060284
4.3,5,71.241059
3.85,8,71.282003
4.45,4,71.308802
4.0,7,71.339877
4.45,4,71.365802
4.6,3,71.395751
4.3,5,71.43299
3.25,12,71.471107
4.75,2,71.494675
4.6,3,71.525283
4.6,3,71.551325
4.75,2,71.575008
4.6,3,71.600641
4.6,3,71.625826
4.15,6,71.658471
4.0,7,71.690571
4.3,5,71.720769
4.45,4,71.744577
4.3,5,71.775976
4.0,7,71.81113
3.7,9,71.848095
4.6,3,71.874102
4.3,5,71.906684
4.75,2,71.935277
3.4,11,71.972528
4.6,3,72.001157
4.6,3,72.028417
4.6,3,72.05485
4.6,3,72.084335
4.0,7,72.12326
4.75,2,72.152682
4.0,7,72.186454
4.15,6,72.217646
4.75,2,72.240347
4.75,2,72.272089
4.75,2,72.301669
4.45,4,72.330851
4.3,5,72.365041
4.75,2,72.391895
4.3,5,72.425914
3.55,10,72.470699
3.85,8,72.506832
-1.75,15,72.550677
4.9,1,72.572454
3.25,12,72.613992
4.45,4,72.642604
4.3,5,72.672373
4.45,4,72.699701
3.55,10,72.732248
4.3,5,72.901334
4.3,5,72.929608
3.7,9,72.971953
3.7,9,73.00711
-3.7,15,73.048052
-1.75,15,73.089122
4.75,2,73.114246
-1.75,15,73.160768
3.55,10,73.198303
4.45,4,73.225357
4.45,4,73.254844
-1.75,15,73.302806
4.3,5,73.335196
4.3,5,73.36343
4.0,7,73.398068
3.4,11,73.436449
3.4,11,73.473396
4.6,3,73.503578
4.45,4,73.539241
4.15,6,73.578776
4.3,5,73.612054
4.75,2,73.638802
4.6,3,73.670101
-3.35,8,73.708369
-1.75,15,73.754214
4.6,3,73.783669
-3.65,14,73.826283
4.3,5,73.861835
4.6,3,73.888595
4.15,6,73.921091
-3.3,7,73.959238
4.9,1,73.986647
4.6,3,74.012794
4.15,6,74.044024
4.15,6,74.07608
4.3,5,74.111491
4.0,7,74.145986
3.85,8,74.324711
4.75,2,74.351357
4.75,2,74.378042
-3.15,4,74.405643
3.7,9,74.441204
4.75,2,74.465226
4.6,3,74.492411
3.85,8,74.526283
3.7,9,74.560237
4.0,7,74.59136
4.0,7,74.623158
4.45,4,74.649956
4.3,5,74.676951
4.0,7,74.706409
4.3,5,74.736568
4.45,4,74.764701
-3.5,11,74.80614
4.3,5,74.837736
4.0,7,74.870833
4.75,2,74.894151
4.3,5,74.921309
4.45,4,74.948554
4.45,4,74.973371
4.15,6,75.00543
4.75,2,75.029836
4.6,3,75.057616
4.45,4,75.088405
-3.7,15,75.138963
4.3,5,75.17015
4.6,3,75.198787
-3.4,9,75.239402
4.0,7,75.277012
4.75,2,75.305106
4.3,5,75.337001
3.4,11,75.37671
3.7,9,75.413172
4.15,6,75.447467
4.9,1,75.471453
-3.5,11,75.513952
4.6,3,75.540311
-3.0,1,75.565248
3.7,9,75.599655
4.6,3,75.622592
3.85,8,75.65495
-3.55,12,75.849154
4.3,5,75.883699
4.45,4,75.917316
4.6,3,75.94932
4.6,3,75.979724
4.15,6,76.013001
4.0,7,76.043086
4.6,3,76.070697
3.55,10,76.108048
4.15,6,76.144735
4.75,2,76.17072
4.3,5,76.198287
4.3,5,76.22473
4.3,5,76.25889
3.85,8,76.291179
3.25,12,76.331304
4.15,6,76.359413
4.75,2,76.385509
4.75,2,76.408922
4.45,4,76.442374
4.45,4,76.472729
4.0,7,76.506294
4.6,3,76.534318
4.75,2,76.558645
4.9,1,76.584626
4.0,7,76.618127
4.15,6,76.655158
4.3,5,76.684672
4.3,5,76.720563
4.0,7,76.760103
4.0,7,76.796241
4.6,3,76.824459
4.45,4,76.854415
4.75,2,76.88577
3.7,9,76.921924
4.3,5,76.952034
4.0,7,76.984908
4.45,4,77.014865
3.7,9,77.049081
4.6,3,77.075649
4.75,2,77.104831
4.9,1,77.131415
4.75,2,77.161
4.0,7,77.1971
4.3,5,77.226109
3.85,8,77.26323
4.45,4,77.290347
4.45,4,77.318486
3.55,10,77.359332
4.3,5,77.392005
3.85,8,77.42354
4.45,4,77.592452
2.8,15,77.634036
4.0,7,77.662146
3.55,10,77.698582
4.75,2,77.720585
4.45,4,77.743299
-1.75,15,77.790215
4.0,7,77.822645
4.45,4,77.850145
4.6,3,77.878735
3.55,10,77.914806
4.15,6,77.944229
4.0,7,77.973045
4.3,5,78.012135
4.3,5,78.048108
3.7,9,78.083899
4.3,5,78.111239
4.6,3,78.136265
3.4,11,78.175604
4.75,2,78.20455
3.4,11,78.245832
4.15,6,78.283696
4.0,7,78.325765
4.6,3,78.3604
3.85,8,78.400307
4.6,3,78.429588
-1.75,15,78.477895
4.15,6,78.511118
4.15,6,78.544238
4.0,7,78.578182
4.0,7,78.612816
4.15,6,78.645056
4.75,2,78.670252
4.75,2,78.698071
3.4,11,78.735393
4.9,1,78.758486
4.6,3,78.786502
4.6,3,78.817912
4.6,3,78.848018
4.3,5,78.882459
4.45,4,78.912728
-1.75,15,79.123993
4.6,3,79.15216
4.3,5,79.185279
4.0,7,79.220826
4.75,2,79.253963
4.0,7,79.296438
3.7,9,79.331624
4.15,6,79.360185
3.85,8,79.397343
3.55,10,79.436785
4.75,2,79.4663
4.75,2,79.490191
4.6,3,79.524638
3.55,10,79.560449
4.75,2,79.585119
4.75,2,79.61148
4.3,5,79.642503
4.75,2,79.667817
4.6,3,79.68991
-1.75,15,79.731511
4.3,5,79.763392
4.0,7,79.793878
3.4,11,79.838686
4.75,2,79.864282
4.6,3,79.889324
3.7,9,79.933378
3.55,10,79.978038
4.45,4,80.010991
4.9,1,80.035082
4.75,2,80.058113
-1.75,15,80.105453
3.7,9,80.144347
-3.3,7,80.179982
4.15,6,80.214121
4.6,3,80.241049
4.6,3,80.268378
4.6,3,80.298023
4.45,4,80.32319
-1.75,15,80.366298
4.45,4,80.394821
4.6,3,80.421537
4.15,6,80.451665
4.3,5,80.477979
-1.75,15,80.683369
4.75,2,80.712687
4.15,6,80.741056
4.75,2,80.7663
4.0,7,80.799786
4.0,7,80.833639
4.75,2,80.85789
4.0,7,80.895362
3.7,9,80.932877
4.0,7,80.967824
4.45,4,80.994285
4.6,3,81.022486
4.75,2,81.048809
3.4,11,81.091399
4.45,4,81.122799
-1.75,15,81.164772
3.7,9,81.200523
4.6,3,81.225161
-3.55,12,81.266421
3.4,11,81.306199
4.6,3,81.334707
4.3,5,81.364305
4.75,2,81.388409
-1.75,15,81.434826
4.3,5,81.464317
3.7,9,81.509036
4.6,3,81.542837
4.0,7,81.58598
3.55,10,81.632813
4.75,2,81.659971
4.75,2,81.686087
-1.75,15,81.735941
3.85,8,81.768443
4.15,6,81.80077
4.6,3,81.834131
4.45,4,81.870563
4.75,2,81.897929
-1.75,15,81.940199
4.0,7,82.123333
4.0,7,82.155141
4.15,6,82.190498
3.4,11,82.224658
-1.75,15,82.26617
4.15,6,82.299644
3.7,9,82.339543
4.6,3,82.368399
4.45,4,82.396447
4.75,2,82.428707
4.75,2,82.45673
4.15,6,82.489786
4.45,4,82.520473
3.4,11,82.55989
4.45,4,82.587482
3.25,12,82.637254
4.6,3,82.667997
-1.75,15,82.707816
4.15,6,82.738631
4.45,4,82.766317
3.4,11,82.817896
3.85,8,82.854373
4.3,5,82.8849
4.75,2,82.912563
4.0,7,82.946989
4.75,2,82.974286
-1.75,15,83.029621
4.75,2,83.058768
4.15,6,83.096467
3.7,9,83.132044
-3.4,9,83.16796
4.6,3,83.195245
4.6,3,83.223614
4.9,1,83.248157
3.85,8,83.281883
4.75,2,83.306313
4.6,3,83.336272
4.3,5,83.368815
4.6,3,83.392871
4.45,4,83.422341
4.75,2,83.447814
3.7,9,83.48749
-1.75,15,83.666435
-1.75,15,83.714835
3.4,11,83.749071
-1.75,15,83.797951
3.85,8,83.830518
4.45,4,83.857136
4.3,5,83.883672
4.75,2,83.913069
4.6,3,83.938237
4.75,2,83.965978
4.3,5,83.994837
4.9,1,84.016512
4.15,6,84.047521
-3.4,9,84.081483
4.6,3,84.105374
3.25,12,84.141092
4.3,5,84.168574
4.3,5,84.197988
4.3,5,84.226262
4.75,2,84.251289
3.7,9,84.286482
4.75,2,84.317656
4.75,2,84.340719
4.0,7,84.370874
4.3,5,84.400558
3.55,10,84.437794
4.45,4,84.466751
4.45,4,84.504098
4.6,3,84.529804
4.6,3,84.559995
4.6,3,84.588393
4.15,6,84.619081
4.15,6,84.653105
4.75,2,84.678985
4.3,5,84.706992
4.0,7,84.740801
3.4,11,84.781991
4.6,3,84.8101
3.1,13,84.853725
4.75,2,84.877081
4.0,7,84.911266
4.6,3,84.939449
4.75,2,84.96473
3.7,9,85.001919
3.85,8,85.186627
4.6,3,85.217361
4.3,5,85.255085
3.1,13,85.301284
3.85,8,85.335929
4.3,5,85.374127
3.7,9,85.42314
4.75,2,85.45312
4.15,6,85.481064
-1.75,15,85.522464
3.85,8,85.556169
4.0,7,85.58881
-1.75,15,85.633916
4.3,5,85.667404
3.55,10,85.70806
4.6,3,85.746515
3.55,10,85.788143
3.7,9,85.825958
4.15,6,85.860673
3.85,8,85.904922
4.6,3,85.930321
4.9,1,85.95962
3.85,8,86.00013
4.75,2,86.029068
4.6,3,86.059515
4.75,2,86.086502
4.45,4,86.119514
4.45,4,86.1502
4.45,4,86.181372
-1.75,15,86.228037
4.75,2,86.25334
-3.55,12,86.295654
4.75,2,86.322598
4.45,4,86.352544
-1.75,15,86.403009
4.9,1,86.425823
4.3,5,86.45535
-1.75,15,86.501631
4.15,6,86.687769
4.6,3,86.714301
4.15,6,86.741408
-1.75,15,86.785124
3.85,8,86.819825
3.85,8,86.850413
4.15,6,86.883563
4.45,4,86.914634
4.15,6,86.947003
4.6,3,86.978622
4.45,4,87.007187
3.55,10,87.044591
3.85,8,87.080383
4.75,2,87.103045
-1.75,15,87.152117
-1.75,15,87.202587
-3.4,9,87.244104
3.55,10,87.282904
4.45,4,87.307539
4.45,4,87.345154
4.3,5,87.37712
4.6,3,87.403065
4.75,2,87.42585
4.3,5,87.45273
-1.75,15,87.495162
3.7,9,87.535937
4.6,3,87.564455
4.6,3,87.594041
-3.35,8,87.62819
4.3,5,87.657494
4.75,2,87.683267
3.55,10,87.724068
3.7,9,87.764829
4.3,5,87.802095
4.45,4,87.835929
3.85,8,87.873078
4.15,6,87.903979
4.6,3,87.933422
4.6,3,87.961828
4.45,4,88.149328
-3.55,12,88.187176
3.85,8,88.222543
4.6,3,88.251893
3.7,9,88.285772
4.75,2,88.312631
4.0,7,88.344143
4.6,3,88.369653
4.6,3,88.394852
4.9,1,88.416492
4.15,6,88.448321
3.85,8,88.48079
4.6,3,88.506218
4.3,5,88.541679
-1.75,15,88.587722
4.6,3,88.614985
4.45,4,88.650023
4.45,4,88.678865
3.85,8,88.710741
4.3,5,88.741597
4.3,5,88.767512
3.1,13,88.809941
3.7,9,88.845047
3.55,10,88.882774
-3.35,8,88.929203
3.55,10,88.966828
4.9,1,88.994693
-1.75,15,89.039024
4.3,5,89.074555
4.75,2,89.106183
4.0,7,89.136794
4.15,6,89.178481
-3.6,13,89.224512
4.75,2,89.252538
-3.5,11,89.293535
4.6,3,89.320742
4.45,4,89.355782
3.55,10,89.393998
3.1,13,89.601156
4.75,2,89.627426
4.6,3,89.652741
4.3,5,89.68056
4.6,3,89.705817
4.3,5,89.734399
-1.75,15,89.77647
4.3,5,89.804721
-1.75,15,89.850976
4.45,4,89.878209
4.0,7,89.910664
4.75,2,89.935327
4.6,3,89.960968
4.3,5,89.992725
4.6,3,90.023705
4.6,3,90.054224
4.75,2,90.081632
4.3,5,90.113683
4.6,3,90.143939
3.7,9,90.182135
4.3,5,90.215309
4.3,5,90.24291
3.4,11,90.285562
-3.45,10,90.319579
4.6,3,90.346678
-1.75,15,90.39056
4.15,6,90.422494
3.85,8,90.457221
4.3,5,90.484117
-1.75,15,90.524155
4.75,2,90.55266
4.75,2,90.576172
4.6,3,90.604477
4.6,3,90.630236
4.45,4,90.655369
3.55,10,90.689154
3.85,8,90.72085
4.3,5,90.748948
4.6,3,90.776417
4.3,5,90.811183
4.75,2,90.841231
4.6,3,90.874241
4.0,7,90.906144
4.0,7,90.939308
3.85,8,90.974522
4.45,4,91.185397
4.45,4,91.216655
4.45,4,91.24729
4.9,1,91.26739
4.45,4,91.297002
4.75,2,91.319807
4.0,7,91.355531
4.6,3,91.3875
4.0,7,91.426378
4.0,7,91.461998
3.85,8,91.498343
4.75,2,91.523372
4.15,6,91.560008
3.25,12,91.59936
4.45,4,91.623509
4.3,5,91.653165
3.4,11,91.697918
3.85,8,91.745581
3.7,9,91.783054
4.45,4,91.807542
4.15,6,91.839699
4.15,6,91.866853
4.9,1,91.890984
4.3,5,91.921716
4.0,7,91.957268
4.6,3,91.983349
4.45,4,92.011252
4.6,3,92.036503
4.9,1,92.060581
4.6,3,92.090605
3.25,12,92.129755
3.25,12,92.169968
4.45,4,92.198834
4.9,1,92.222383
3.4,11,92.256976
3.55,10,92.290069
4.75,2,92.317876
4.45,4,92.352447
4.3,5,92.390096
3.7,9,92.431528
4.6,3,92.465239
4.75,2,92.499415
4.75,2,92.527557
3.4,11,92.573198
4.15,6,92.609704
3.4,11,92.652335
-3.3,7,92.839787
4.45,4,92.873147
4.0,7,92.906138
3.85,8,92.940711
4.3,5,92.969775
4.6,3,92.998027
4.45,4,93.028466
3.85,8,93.063763
-1.75,15,93.108269
-1.75,15,93.159012
-3.45,10,93.196963
4.75,2,93.220693
4.9,1,93.241328
4.15,6,93.276406
4.3,5,93.306361
4.6,3,93.337017
4.6,3,93.365753
3.85,8,93.395794
4.0,7,93.436315
4.15,6,93.475701
4.45,4,93.505247
4.15,6,93.535717
4.0,7,93.56723
4.3,5,93.600274
3.7,9,93.645172
3.85,8,93.683875
3.25,12,93.731517
4.6,3,93.758368
4.45,4,93.787112
4.75,2,93.812929
4.6,3,93.840707
-1.75,15,93.885969
4.3,5,93.919567
4.15,6,93.955125
3.85,8,93.9962
3.4,11,94.034802
4.45,4,94.066609
4.45,4,94.099365
3.4,11,94.150873
-3.15,4,94.370352
4.0,7,94.411585
4.6,3,94.449455
3.1,13,94.503549
4.3,5,94.540098
4.45,4,94.569264
3.4,11,94.607509
4.6,3,94.634377
4.6,3,94.664051
4.45,4,94.689967
4.6,3,94.716184
4.75,2,94.738877
-3.2,5,94.766068
4.6,3,94.792934
4.75,2,94.819237
-1.75,15,94.870445
-3.35,8,94.904598
-1.75,15,94.948549
4.45,4,94.974732
3.85,8,95.010256
4.6,3,95.039604
3.55,10,95.074892
-1.75,15,95.11706
-1.75,15,95.163532
4.15,6,95.200435
-1.75,15,95.240807
4.9,1,95.265956
-1.75,15,95.310919
-3.25,6,95.345694
2.95,14,95.384718
4.75,2,95.41173
4.45,4,95.443913
3.55,10,95.480082
4.6,3,95.508366
-1.75,15,95.559061
3.7,9,95.763019
-3.2,5,95.797669
4.9,1,95.821756
-1.75,15,95.871585
4.9,1,95.902728
4.45,4,95.940822
4.45,4,95.971061
4.15,6,96.016301
4.15,6,96.058984
4.15,6,96.088519
4.75,2,96.115887
4.15,6,96.144659
3.7,9,96.179893
4.0,7,96.2162
4.6,3,96.242605
4.15,6,96.277832
4.45,4,96.305436
4.45,4,96.336454
4.9,1,96.359083
4.6,3,96.385522
4.45,4,96.412117
4.3,5,96.438808
4.3,5,96.468546
4.45,4,96.499664
3.7,9,96.532977
-1.75,15,96.579798
4.75,2,96.606099
3.85,8,96.639743
3.55,10,96.675613
4.15,6,96.708831
4.6,3,96.735376
4.0,7,96.76623
-1.75,15,96.806274
4.45,4,96.836542
-3.25,6,96.867156
4.6,3,96.894346
4.6,3,96.917117
4.45,4,96.947641
4.9,1,96.971211
4.15,6,97.002228
4.15,6,97.039343
-3.3,7,97.070039
4.9,1,97.095948
3.7,9,97.133797
4.45,4,97.171452
4.45,4,97.207721
4.6,3,97.242723
4.3,5,97.450127
4.75,2,97.474344
3.85,8,97.510846
3.85,8,97.548658
4.6,3,97.578917
4.3,5,97.606898
4.0,7,97.640037
4.3,5,97.667515
4.15,6,97.695895
4.15,6,97.729592
3.55,10,97.762051
4.45,4,97.790354
-1.75,15,97.839352
4.3,5,97.869581
4.3,5,97.900439
4.3,5,97.930263
4.3,5,97.963925
4.45,4,97.987384
3.4,11,98.022325
4.9,1,98.04732
4.75,2,98.070719
3.55,10,98.106037
4.6,3,98.133466
3.4,11,98.17382
4.45,4,98.203921
3.85,8,98.237103
4.3,5,98.268765
4.6,3,98.2944
4.75,2,98.328397
4.15,6,98.365883
4.45,4,98.396032
3.25,12,98.439393
4.3,5,98.469504
3.25,12,98.509603
3.85,8,98.541178
4.45,4,98.568923
4.3,5,98.595134
3.7,9,98.627718
-1.75,15,98.671164
4.6,3,98.701285
4.75,2,98.728085
4.0,7,98.930882
4.9,1,98.954326
4.9,1,98.980858
3.7,9,99.015216
-1.75,15,99.064288
4.6,3,99.099182
4.3,5,99.13704
3.85,8,99.181105
-1.75,15,99.224564
4.3,5,99.256094
4.45,4,99.286797
4.3,5,99.320809
4.6,3,99.34679
4.75,2,99.373162
-3.15,4,99.401225
-3.1,3,99.429831
3.7,9,99.463565
4.15,6,99.491632
3.85,8,99.525612
4.45,4,99.553552
3.7,9,99.591425
4.6,3,99.620529
4.75,2,99.652831
4.9,1,99.680338
4.45,4,99.707727
4.0,7,99.736738
4.45,4,99.767543
4.15,6,99.79564
4.45,4,99.823788
4.3,5,99.855274
4.75,2,99.882502
3.4,11,99.918355
3.55,10,99.953358
3.7,9,99.988872
4.0,7,100.022194
4.15,6,100.052086
4.0,7,100.080939
3.55,10,100.114496
4.3,5,100.145915
4.45,4,100.175365
4.75,2,100.200077
-1.75,15,100.242328
3.85,8,100.273504
3.85,8,100.478392
4.9,1,100.506183
4.0,7,100.539935
4.6,3,100.568047
4.45,4,100.594135
3.55,10,100.632627
4.3,5,100.665185
3.85,8,100.695976
4.3,5,100.72912
4.0,7,100.761856
3.55,10,100.799565
4.6,3,100.824651
4.75,2,100.850536
4.15,6,100.878045
4.6,3,100.90338
-1.75,15,100.947909
4.6,3,100.971871
-3.15,4,101.001646
4.0,7,101.03312
4.9,1,101.057849
3.85,8,101.09992
4.45,4,101.131386
4.45,4,101.160668
4.9,1,101.183719
4.75,2,101.209213
4.6,3,101.234656
3.4,11,101.275941
4.15,6,101.304687
3.4,11,101.34551
-3.4,9,101.382802
4.3,5,101.412657
3.85,8,101.445909
4.6,3,101.472599
3.4,11,101.512786
4.15,6,101.540543
4.75,2,101.567379
4.75,2,101.599203
4.3,5,101.627066
4.6,3,101.650664
4.6,3,101.681921
3.7,9,101.717741
4.15,6,101.748925
4.9,1,101.772181
4.9,1,101.800133
4.0,7,101.8423
4.6,3,101.882095
4.3,5,101.917424
3.1,13,102.153033
4.15,6,102.185566
4.3,5,102.218267
4.75,2,102.246202
4.45,4,102.279258
3.4,11,102.330087
4.6,3,102.362541
3.85,8,102.40357
4.75,2,102.435498
4.45,4,102.466593
3.4,11,102.505813
4.6,3,102.534488
4.75,2,102.560165
4.0,7,102.59263
-3.3,7,102.623222
4.0,7,102.657686
4.75,2,102.681817
-3.25,6,102.717007
4.3,5,102.744275
4.45,4,102.770266
4.45,4,102.797124
4.3,5,102.825448
4.15,6,102.853503
3.25,12,102.897476
-3.55,12,102.933924
3.85,8,102.963957
3.55,10,103.000567
4.15,6,103.028879
3.55,10,103.061698
4.75,2,103.087605
4.45,4,103.114212
4.15,6,103.143946
4.6,3,103.167021
4.15,6,103.195145
4.75,2,103.216886
4.45,4,103.248604
3.85,8,103.288489
3.4,11,103.330983
4.75,2,103.361185
4.0,7,103.395339
4.45,4,103.430065
4.45,4,103.458702
3.4,11,103.500076
4.0,7,103.683337
4.15,6,103.714395
4.6,3,103.744196
4.75,2,103.770411
4.6,3,103.798565
4.3,5,103.82866
4.6,3,103.862314
4.15,6,103.899008
3.85,8,103.934489
4.15,6,103.972542
4.3,5,104.012288
4.3,5,104.045294
4.15,6,104.076486
3.85,8,104.107383
4.0,7,104.137453
4.6,3,104.163172
4.6,3,104.193525
4.6,3,104.220575
4.45,4,104.253567
4.15,6,104.28642
-3.45,10,104.328528
4.3,5,104.358395
4.45,4,104.390682
4.3,5,104.422089
4.45,4,104.453744
4.6,3,104.479637
4.6,3,104.509732
4.75,2,104.535846
4.3,5,104.565726
4.45,4,104.594245
4.3,5,104.623642
4.45,4,104.653483
3.7,9,104.6873
4.3,5,104.713203
4.15,6,104.742807
4.3,5,104.77045
4.45,4,104.805836
-3.55,12,104.845835
4.6,3,104.872898
4.15,6,104.905422
4.3,5,104.93681
4.45,4,104.97155
3.25,12,105.032839
-1.75,15,105.103128
3.55,10,105.150604
-3.1,3,105.193722
-3.3,7,105.23126
-3.4,9,105.417983
4.6,3,105.450243
4.9,1,105.476757
4.15,6,105.507728
4.6,3,105.537533
4.3,5,105.571491
3.85,8,105.603729
4.75,2,105.63028
4.3,5,105.658779
4.45,4,105.684822
3.7,9,105.720219
4.45,4,105.752604
4.15,6,105.78581
3.4,11,105.840376
4.6,3,105.868171
4.45,4,105.896817
3.55,10,105.935455
4.3,5,105.96851
4.3,5,106.00279
4.15,6,106.033901
3.85,8,106.071052
3.7,9,106.105809
3.4,11,106.144091
4.45,4,106.172491
4.15,6,106.202098
4.75,2,106.230837
4.45,4,106.256657
4.75,2,106.281497
4.75,2,106.30416
-1.75,15,106.347121
4.3,5,106.374841
4.45,4,106.399554
3.85,8,106.436581
4.9,1,106.462532
4.45,4,106.487731
3.85,8,106.528605
-3.4,9,106.565996
4.9,1,106.590496
4.45,4,106.623045
4.6,3,106.653991
4.75,2,106.684742
4.3,5,106.716068
4.6,3,106.741934
3.4,11,106.793578
4.9,1,106.819348
3.85,8,106.860116
4.3,5,106.893426
4.0,7,107.099793
-1.75,15,107.139027
3.25,12,107.183291
3.85,8,107.217837
4.15,6,107.249917
4.3,5,107.279968
4.75,2,107.301484
4.6,3,107.326112
4.0,7,107.357277
-3.5,11,107.395044
3.25,12,107.435133
3.7,9,107.469651
4.75,2,107.494412
4.6,3,107.51671
3.85,8,107.551392
4.0,7,107.585948
3.55,10,107.622062
3.85,8,107.652519
4.75,2,107.677711
4.45,4,107.704611
3.85,8,107.740485
4.3,5,107.768365
4.15,6,107.807084
-1.75,15,107.855404
4.3,5,107.882414
4.15,6,107.914154
4.3,5,107.942764
4.3,5,107.96846
4.75,2,107.992153
4.6,3,108.015187
3.7,9,108.049885
4.6,3,108.081635
3.85,8,108.118439
4.45,4,108.149552
4.45,4,108.179039
-1.75,15,108.220981
-3.65,14,108.279723
3.7,9,108.472437
4.3,5,108.502634
4.75,2,108.531157
4.15,6,108.56543
4.75,2,108.592231
4.3,5,108.62892
3.4,11,108.672647
4.3,5,108.701707
4.45,4,108.731952
4.15,6,108.761907
4.3,5,108.791153
4.9,1,108.813958
4.0,7,108.847314
3.55,10,108.885971
4.0,7,108.916605
3.7,9,108.951253
4.45,4,108.981314
4.6,3,109.019525
4.15,6,109.058433
4.9,1,109.084546
4.3,5,109.11311
4.9,1,109.135377
4.0,7,109.169083
3.85,8,109.213933
4.45,4,109.243118
3.85,8,109.280076
-3.6,13,109.327815
4.3,5,109.356207
4.45,4,109.381816
4.75,2,109.412617
4.75,2,109.44061
4.15,6,109.472107
3.85,8,109.504185
4.6,3,109.528546
4.3,5,109.562171
4.45,4,109.586758
4.15,6,109.614514
4.45,4,109.638799
4.75,2,109.663983
4.6,3,109.68809
2.95,14,109.732784
4.45,4,109.759466
4.15,6,109.796569
4.75,2,109.818192
4.6,3,109.845565
2.8,15,109.895995
4.45,4,109.926225
-3.65,14,110.136506
-1.75,15,110.190009
4.3,5,110.221766
4.3,5,110.252923
4.0,7,110.285053
4.0,7,110.317766
4.0,7,110.348991
4.0,7,110.380797
4.15,6,110.410395
4.0,7,110.439037
4.75,2,110.463865
3.7,9,110.504039
3.85,8,110.536972
4.15,6,110.565895
4.75,2,110.589073
3.4,11,110.626532
4.75,2,110.65229
3.55,10,110.688577
4.15,6,110.715999
4.75,2,110.740934
4.15,6,110.768983
4.6,3,110.79545
3.7,9,110.830376
3.25,12,110.867897
3.4,11,110.904252
4.6,3,110.931638
4.6,3,110.958773
3.85,8,110.992254
-1.75,15,111.050148
-1.75,15,111.092869
4.45,4,111.121347
4.3,5,111.147998
4.45,4,111.175335
4.3,5,111.203789
4.45,4,111.231178
4.45,4,111.262722
4.15,6,111.293796
4.45,4,111.504981
3.85,8,111.546089
4.75,2,111.574853
4.15,6,111.604757
4.75,2,111.62998
4.15,6,111.662163
3.55,10,111.69721
4.6,3,111.725245
4.0,7,111.757888
4.45,4,111.789012
3.4,11,111.82868
3.55,10,111.867858
4.45,4,111.899886
4.0,7,111.933982
4.6,3,111.966547
4.75,2,111.989667
4.75,2,112.013735
4.9,1,112.035705
4.45,4,112.068572
4.3,5,112.104352
4.75,2,112.133307
4.75,2,112.160565
4.45,4,112.186904
4.9,1,112.21333
4.75,2,112.239375
3.55,10,112.273903
4.75,2,112.302111
3.55,10,112.335889
3.55,10,112.37577
4.3,5,112.413763
4.45,4,112.443625
4.6,3,112.46625
4.6,3,112.495215
4.3,5,112.527411
4.0,7,112.562805
4.3,5,112.595114
3.85,8,112.632635
4.6,3,112.664295
4.6,3,112.691476
-3.2,5,112.722731
4.3,5,112.750096
4.45,4,112.776968
3.25,12,112.815429
3.25,12,112.851773
4.0,7,112.892133
4.6,3,112.922028
4.15,6,112.953799
4.6,3,112.982328
3.55,10,113.027172
3.55,10,113.239237
4.3,5,113.270785
3.25,12,113.331535
4.0,7,113.382296
4.6,3,113.422487
4.75,2,113.455363
3.55,10,113.505177
4.0,7,113.543071
4.6,3,113.566228
4.6,3,113.599748
4.15,6,113.637952
4.15,6,113.670937
4.45,4,113.702597
4.15,6,113.73101
4.45,4,113.75765
4.3,5,113.787966
4.6,3,113.818265
4.75,2,113.847113
4.75,2,113.87583
-1.75,15,113.921212
3.85,8,113.955642
4.75,2,113.982297
3.7,9,114.019272
4.45,4,114.049031
4.0,7,114.080662
4.45,4,114.11146
-1.75,15,114.153703
3.7,9,114.186125
4.15,6,114.215943
4.45,4,114.244716
3.25,12,114.28134
4.3,5,114.311334
4.3,5,114.33888
4.3,5,114.36601
3.7,9,114.397259
4.0,7,114.428834
4.45,4,114.46042
4.15,6,114.491629
3.55,10,114.533766
4.75,2,114.561277
4.75,2,114.58724
4.15,6,114.618177
3.85,8,114.817753
4.75,2,114.849955
-1.75,15,114.901984
4.3,5,114.938923
4.45,4,114.967787
4.9,1,114.991904
4.6,3,115.016465
-3.55,12,115.054115
3.85,8,115.089456
4.3,5,115.117376
4.0,7,115.156544
3.85,8,115.197683
4.3,5,115.226595
4.75,2,115.252668
3.4,11,115.291528
4.45,4,115.319099
3.85,8,115.35664
4.45,4,115.38427
3.85,8,115.416202
4.3,5,115.448172
3.4,11,115.491684
4.45,4,115.51792
4.75,2,115.548002
3.85,8,115.582442
4.6,3,115.604515
4.15,6,115.63281
3.7,9,115.666362
4.75,2,115.691947
4.6,3,115.715503
4.15,6,115.74616
4.0,7,115.778754
3.7,9,115.81285
4.3,5,115.843247
3.85,8,115.87883
4.45,4,115.903478
-1.75,15,115.951383
4.3,5,115.988109
4.0,7,116.027704
4.6,3,116.056069
4.45,4,116.085428
4.75,2,116.113548
-3.0,1,116.135797
4.75,2,116.164871
3.55,10,116.369797
4.15,6,116.408701
4.0,7,116.445328
4.15,6,116.482876
3.4,11,116.526035
4.0,7,116.558342
3.55,10,116.59297
4.6,3,116.620704
4.9,1,116.642712
4.6,3,116.668492
4.0,7,116.70068
4.6,3,116.732232
4.6,3,116.758183
4.0,7,116.791883
4.9,1,116.815157
4.15,6,116.844288
3.55,10,116.883121
4.6,3,116.911322
4.75,2,116.93578
4.75,2,116.960727
4.6,3,116.989859
4.0,7,117.021113
4.6,3,117.05041
-1.75,15,117.092641
4.6,3,117.116622
4.6,3,117.141092
4.3,5,117.169448
-3.25,6,117.201731
4.45,4,117.231695
4.15,6,117.260375
4.75,2,117.285409
4.6,3,117.316623
4.75,2,117.340281
-3.5,11,117.377334
-1.75,15,117.419869
-1.75,15,117.465851
4.3,5,117.495901
4.15,6,117.52688
4.15,6,117.55599
4.0,7,117.590402
3.85,8,117.624473
-1.75,15,117.670444
4.6,3,117.696309
4.6,3,117.8845
4.3,5,117.916389
4.6,3,117.945029
4.9,1,117.972667
4.75,2,117.999413
4.75,2,118.029647
4.3,5,118.059121
4.45,4,118.087651
4.9,1,118.114776
4.15,6,118.144368
4.45,4,118.175018
4.45,4,118.200852
4.3,5,118.231742
4.15,6,118.262096
4.3,5,118.288338
3.4,11,118.326087
3.55,10,118.364084
3.85,8,118.397243
4.45,4,118.428143
3.7,9,118.465645
3.85,8,118.506279
-3.2,5,118.53586
3.85,8,118.572662
3.4,11,118.611661
3.55,10,118.646127
4.15,6,118.675037
4.45,4,118.700854
-1.75,15,118.743362
4.6,3,118.770719
3.85,8,118.807416
4.3,5,118.836714
4.3,5,118.865309
4.6,3,118.894471
4.6,3,118.921407
4.6,3,118.947628
4.6,3,118.977301
4.3,5,119.004365
4.3,5,119.038493
3.7,9,119.075647
4.15,6,119.111033
3.85,8,119.143882
-1.75,15,119.195127
4.75,2,119.226636
4.3,5,119.26491
3.7,9,119.476
4.45,4,119.502618
4.15,6,119.534364
-3.2,5,119.564211
4.75,2,119.593922
4.3,5,119.62352
3.7,9,119.659497
4.9,1,119.683029
4.15,6,119.7156
4.3,5,119.740685
4.15,6,119.770734
4.75,2,119.795845
4.6,3,119.823823
4.3,5,119.850886
4.75,2,119.876969
4.6,3,119.905415
4.3,5,119.937043
3.25,12,119.977946
4.45,4,120.011448
4.75,2,120.035697
4.6,3,120.061529
4.0,7,120.090139
4.0,7,120.127707
4.3,5,120.159137
3.7,9,120.194076
4.45,4,120.219315
4.6,3,120.247421
3.7,9,120.279031
4.6,3,120.304049
4.6,3,120.32977
4.6,3,120.355695
-1.75,15,120.398061
3.55,10,120.435168
4.3,5,120.465235
4.15,6,120.496581
4.75,2,120.518229
4.15,6,120.54868
4.75,2,120.574266
3.7,9,120.617031
4.0,7,120.651158
4.3,5,120.67784
4.0,7,120.71162
4.15,6,120.742116
4.6,3,120.774112
3.85,8,120.813275
4.0,7,120.85248
4.3,5,120.882926
4.3,5,120.916746
4.3,5,121.128794
4.75,2,121.153797
3.7,9,121.193727
3.55,10,121.236539
4.15,6,121.26765
-3.35,8,121.299945
4.6,3,121.331975
4.45,4,121.364851
4.45,4,121.397726
4.3,5,121.432476
4.3,5,121.465147
3.55,10,121.508658
4.9,1,121.530156
4.45,4,121.561209
4.3,5,121.586466
4.45,4,121.615257
4.45,4,121.644813
3.85,8,121.677192
4.45,4,121.705652
3.7,9,121.7414
3.55,10,121.776811
4.75,2,121.80194
4.6,3,121.832057
3.4,11,121.880617
4.15,6,121.911577
3.55,10,121.944654
3.55,10,121.983842
4.75,2,122.008342
4.6,3,122.036503
3.85,8,122.067865
4.45,4,122.098834
4.3,5,122.128293
-1.75,15,122.167899
3.4,11,122.203693
3.1,13,122.242627
4.3,5,122.272822
3.85,8,122.307203
3.1,13,122.351486
-1.75,15,122.595048
3.85,8,122.636672
4.9,1,122.660736
3.85,8,122.696132
4.0,7,122.731829
-1.75,15,122.776963
4.75,2,122.802119
3.7,9,122.839077
3.7,9,122.877459
4.75,2,122.902909
3.7,9,122.935608
4.15,6,122.964654
4.3,5,122.996773
4.15,6,123.026574
4.6,3,123.050818
4.6,3,123.079931
3.55,10,123.131638
3.85,8,123.166209
4.45,4,123.198195
4.75,2,123.22791
4.75,2,123.261224
4.45,4,123.294214
3.85,8,123.33528
4.3,5,123.36485
4.3,5,123.395041
4.75,2,123.416995
4.3,5,123.447874
4.15,6,123.480007
4.45,4,123.508187
4.9,1,123.533908
4.15,6,123.56424
4.45,4,123.592058
3.7,9,123.625881
4.45,4,123.656041
4.3,5,123.684703
4.3,5,123.714006
4.9,1,123.738355
3.7,9,123.769805
3.55,10,123.811084
4.45,4,123.839311
4.75,2,123.864727
4.3,5,123.896369
4.15,6,123.931831
3.7,9,123.967835
-3.55,12,124.175452
4.9,1,124.198563
4.15,6,124.232857
4.6,3,124.260516
4.45,4,124.287025
4.45,4,124.316669
4.3,5,124.349641
4.9,1,124.377231
4.3,5,124.419207
4.75,2,124.45057
-1.75,15,124.497767
4.6,3,124.525867
4.0,7,124.557375
3.85,8,124.589649
3.85,8,124.623567
4.45,4,124.652718
4.45,4,124.680479
3.1,13,124.727191
4.75,2,124.752535
4.45,4,124.781012
4.3,5,124.811702
4.3,5,124.843864
4.75,2,124.868477
4.75,2,124.898523
4.3,5,124.929456
4.9,1,124.952576
4.75,2,124.97946
4.15,6,125.015013
-1.75,15,125.063298
4.15,6,125.098358
4.15,6,125.130314
3.85,8,125.162266
4.3,5,125.195782
4.45,4,125.227251
4.75,2,125.252644
4.75,2,125.278538
4.15,6,125.315099
4.9,1,125.342477
4.6,3,125.367669
4.3,5,125.400629
3.55,10,125.442793
4.15,6,125.479865
3.7,9,125.524975
4.75,2,125.553028
3.85,8,125.591936
4.0,7,125.6295
4.75,2,125.659022
4.6,3,125.684156
-1.75,15,125.732759
4.15,6,125.951026
4.9,1,125.981257
3.55,10,126.020485
4.15,6,126.051799
4.6,3,126.080913
3.85,8,126.115865
4.6,3,126.146971
4.45,4,126.174279
4.15,6,126.203348
-1.75,15,126.261434
4.6,3,126.292205
4.0,7,126.32516
4.3,5,126.360252
4.15,6,126.391245
4.75,2,126.415294
4.75,2,126.438999
4.45,4,126.467106
4.0,7,126.502583
3.85,8,126.540531
3.85,8,126.576696
4.15,6,126.604504
4.9,1,126.625506
4.15,6,126.65416
4.75,2,126.679055
4.3,5,126.704812
3.55,10,126.741634
4.15,6,126.772327
4.75,2,126.797408
4.75,2,126.817941
4.0,7,126.849637
4.15,6,126.881603
4.75,2,126.907958
4.45,4,126.935272
4.45,4,126.959798
4.45,4,126.992682
3.4,11,127.029659
4.6,3,127.06004
4.45,4,127.087614
4.75,2,127.116858
-1.75,15,127.165622
4.0,7,127.204847
3.85,8,127.24624
4.3,5,127.281747
4.0,7,127.316958
4.3,5,127.350188
4.6,3,127.388284
3.25,12,127.606783
4.45,4,127.633741
4.6,3,127.658287
3.7,9,127.692843
4.6,3,127.716486
4.6,3,127.746533
4.6,3,127.772205
4.75,2,127.799789
4.75,2,127.826881
-1.75,15,127.881727
4.6,3,127.911664
4.3,5,127.944613
4.6,3,127.97526
-1.75,15,128.019353
4.6,3,128.045718
-1.75,15,128.087089
3.4,11,128.124154
4.15,6,128.152999
4.6,3,128.179686
3.4,11,128.218359
4.15,6,128.249016
4.15,6,128.284897
4.3,5,128.318911
4.0,7,128.352489
4.6,3,128.381213
4.45,4,128.407268
4.75,2,128.42985
4.0,7,128.464425
4.45,4,128.492893
4.15,6,128.520005
4.6,3,128.545512
4.45,4,128.572332
-3.45,10,128.6064
4.0,7,128.63737
4.0,7,128.669384
3.4,11,128.714091
4.15,6,128.744267
3.85,8,128.784403
4.15,6,128.818778
-3.15,4,128.848929
4.3,5,128.882469
4.0,7,128.915292
4.9,1,128.944734
-1.75,15,129.166454
4.0,7,129.204359
4.75,2,129.232382
4.75,2,129.257335
4.75,2,129.282932
4.9,1,129.306875
3.85,8,129.345358
4.6,3,129.368699
4.3,5,129.398999
4.6,3,129.437788
4.75,2,129.464597
4.45,4,129.496979
4.75,2,129.530452
4.6,3,129.561861
3.85,8,129.595581
4.6,3,129.618927
4.15,6,129.650099
4.3,5,129.683601
4.45,4,129.714013
3.85,8,129.747638
3.85,8,129.793784
4.15,6,129.829999
4.75,2,129.856547
4.6,3,129.883413
3.55,10,129.928126
4.0,7,129.960114
4.3,5,129.988738
4.6,3,130.015155
4.45,4,130.046542
4.15,6,130.075165
-1.75,15,130.118935
4.15,6,130.150344
4.3,5,130.182836
4.0,7,130.219732
3.7,9,130.2608
4.75,2,130.296004
4.9,1,130.320413
4.15,6,130.35035
4.6,3,130.378944
4.45,4,130.411216
3.7,9,130.453122
3.85,8,130.488286
-1.75,15,130.53465
4.75,2,130.559637
4.15,6,130.593859
4.75,2,130.616223
4.6,3,130.643011
4.3,5,130.671237
3.7,9,130.837716
4.75,2,130.863868
3.7,9,130.8988
4.15,6,130.936927
4.6,3,130.961915
4.0,7,130.994
4.6,3,131.025436
4.0,7,131.058374
4.3,5,131.088225
4.45,4,131.113444
4.6,3,131.139755
4.3,5,131.167665
3.85,8,131.209026
4.6,3,131.246439
4.6,3,131.283333
4.75,2,131.311507
-1.75,15,131.356211
3.4,11,131.395327
4.0,7,131.427505
-1.75,15,131.467799
3.25,12,131.507846
4.6,3,131.544168
4.9,1,131.571557
4.15,6,131.603477
3.7,9,131.642007
4.15,6,131.674129
3.7,9,131.710288
3.55,10,131.748697
4.0,7,131.783066
4.9,1,131.809672
4.6,3,131.835788
4.45,4,131.865834
4.0,7,131.899019
4.6,3,131.930735
3.4,11,131.970952
4.6,3,131.997927
3.7,9,132.037864
4.45,4,132.067532
4.45,4,132.09823
4.6,3,132.12564
4.0,7,132.158431
4.15,6,132.191823
4.3,5,132.228678
3.4,11,132.42261
3.85,8,132.460183
4.0,7,132.494456
4.0,7,132.530295
4.3,5,132.563282
-3.5,11,132.611137
3.7,9,132.652267
4.15,6,132.686452
4.9,1,132.709676
4.9,1,132.732754
4.45,4,132.758765
3.7,9,132.804698
4.15,6,132.838976
3.85,8,132.878428
4.6,3,132.909137
4.9,1,132.932855
3.4,11,132.975767
3.4,11,133.012742
3.4,11,133.058209
-1.75,15,133.107891
4.3,5,133.139055
-1.75,15,133.18148
4.0,7,133.213238
-1.75,15,133.257782
4.6,3,133.284662
4.6,3,133.313183
4.15,6,133.348493
4.15,6,133.384777
4.45,4,133.421348
4.9,1,133.446158
-1.75,15,133.496563
4.6,3,133.531521
4.75,2,133.562466
4.6,3,133.594422
4.3,5,133.634365
3.7,9,133.679271
4.45,4,133.711803
3.85,8,133.91493
4.45,4,133.941922
4.15,6,133.972989
4.15,6,134.000338
4.6,3,134.028604
4.0,7,134.06186
3.7,9,134.109623
4.9,1,134.138549
4.45,4,134.16618
3.85,8,134.203852
4.3,5,134.238333
3.85,8,134.278353
4.75,2,134.306437
-1.75,15,134.348753
4.0,7,134.381645
4.45,4,134.41327
4.75,2,134.441033
4.6,3,134.467688
3.85,8,134.500875
3.1,13,134.544056
4.45,4,134.567967
4.3,5,134.59796
4.45,4,134.62619
4.6,3,134.654137
3.85,8,134.690889
4.0,7,134.724542
4.75,2,134.75575
4.0,7,134.792802
4.6,3,134.819725
4.6,3,134.845642
4.9,1,134.86679
4.3,5,134.894099
3.7,9,134.93576
4.15,6,134.978487
4.45,4,135.01142
-3.5,11,135.06282
4.45,4,135.09513
4.0,7,135.133529
4.75,2,135.159849
3.85,8,135.200058
-1.75,15,135.246234
4.75,2,135.273999
4.3,5,135.305465
4.9,1,135.328331
4.9,1,135.349419
4.15,6,135.380785
3.4,11,135.591805
4.45,4,135.618494
4.3,5,135.652564
4.75,2,135.680787
4.75,2,135.709138
4.6,3,135.736145
4.3,5,135.766064
-3.2,5,135.796117
-1.75,15,135.844951
3.55,10,135.883358
4.3,5,135.912348
4.6,3,135.946348
4.6,3,135.975191
3.4,11,136.015268
4.6,3,136.043884
3.55,10,136.083091
4.45,4,136.11289
3.4,11,136.158059
4.75,2,136.181094
4.75,2,136.206003
3.4,11,136.244483
-1.75,15,136.289114
4.3,5,136.324874
4.6,3,136.350434
3.55,10,136.388904
4.15,6,136.422613
4.45,4,136.450224
4.6,3,136.476537
3.55,10,136.513376
-1.75,15,136.562706
-3.35,8,136.598951
4.75,2,136.626452
4.0,7,136.658062
4.45,4,136.690938
4.6,3,136.72011
4.3,5,136.750332
4.6,3,136.778154
4.3,5,136.804987
-3.35,8,136.840879
4.75,2,136.866219
3.85,8,136.900508
4.0,7,136.940633
4.3,5,137.123738
4.0,7,137.160279
4.0,7,137.191239
4.75,2,137.21538
4.75,2,137.240044
4.6,3,137.267643
3.4,11,137.307228
3.4,11,137.345427
4.75,2,137.374905
4.45,4,137.408557
-1.75,15,137.451798
3.85,8,137.486106
4.45,4,137.516093
4.45,4,137.549757
4.45,4,137.580123
4.6,3,137.612576
3.85,8,137.649508
4.75,2,137.675106
4.3,5,137.708311
4.3,5,137.740734
3.7,9,137.786077
4.45,4,137.816458
4.45,4,137.847747
4.6,3,137.876081
4.45,4,137.901997
2.95,14,137.950476
4.15,6,137.983423
3.85,8,138.016289
4.9,1,138.045092
4.3,5,138.084877
4.0,7,138.122352
4.75,2,138.14905
4.15,6,138.188943
-3.5,11,138.238643
4.6,3,138.26586
3.85,8,138.304027
4.3,5,138.333366
4.6,3,138.363083
4.75,2,138.395042
4.75,2,138.42611
4.45,4,138.459748
4.6,3,138.488717
4.45,4,138.519404
4.3,5,138.549888
4.15,6,138.588018
4.6,3,138.614189
4.45,4,138.645294
-1.75,15,138.848686
4.15,6,138.884639
4.15,6,138.916514
4.45,4,138.945328
-1.75,15,138.989324
4.3,5,139.021646
4.6,3,139.04839
4.15,6,139.080147
4.75,2,139.106249
4.45,4,139.132223
-1.75,15,139.18598
4.75,2,139.214929
4.75,2,139.246499
4.0,7,139.280209
4.6,3,139.310323
-1.75,15,139.358182
3.55,10,139.395271
4.75,2,139.423022
4.3,5,139.460968
4.45,4,139.493994
3.55,10,139.527974
4.45,4,139.558322
3.55,10,139.593142
4.3,5,139.622279
3.85,8,139.656955
-3.05,2,139.683301
4.45,4,139.718492
4.3,5,139.754773
3.55,10,139.797021
4.15,6,139.835403
4.3,5,139.867887
4.3,5,139.903734
3.85,8,139.939124
4.75,2,139.967767
4.45,4,140.00234
4.6,3,140.037948
3.4,11,140.079703
3.85,8,140.112702
4.15,6,140.146032
4.75,2,140.17132
3.4,11,140.206574
4.3,5,140.233095
4.6,3,140.408417
3.85,8,140.439011
-1.75,15,140.484753
4.0,7,140.517888
4.15,6,140.54737
4.45,4,140.575588
4.45,4,140.606118
4.15,6,140.632692
3.55,10,140.672998
4.15,6,140.704863
4.75,2,140.728685
4.45,4,140.758359
4.6,3,140.781971
4.45,4,140.809083
4.0,7,140.842932
4.45,4,140.871062
4.45,4,140.899639
4.15,6,140.92772
4.45,4,140.95433
-1.75,15,140.99725
-3.6,13,141.039328
3.7,9,141.073929
4.6,3,141.10569
4.45,4,141.134084
4.15,6,141.164904
4.0,7,141.201049
4.15,6,141.244439
4.75,2,141.273242
4.6,3,141.301173
4.6,3,141.329817
4.6,3,141.3611
4.6,3,141.393038
4.6,3,141.421276
4.6,3,141.453139
3.7,9,141.493638
-1.75,15,141.539484
4.15,6,141.577319
4.45,4,141.611429
4.6,3,141.646263
4.75,2,141.671427
4.75,2,141.696716
3.4,11,141.754891
4.75,2,141.788352
4.45,4,141.829987
4.75,2,141.864706
4.45,4,141.901429
4.45,4,142.104903
4.9,1,142.125998
3.4,11,142.162843
4.45,4,142.192652
4.75,2,142.214941
4.75,2,142.241257
3.4,11,142.278954
4.45,4,142.30506
3.4,11,142.350389
-1.75,15,142.400768
3.7,9,142.436835
3.85,8,142.472699
4.45,4,142.500492
-3.45,10,142.544898
4.0,7,142.580793
4.45,4,142.611794
4.6,3,142.641237
-1.75,15,142.691554
4.9,1,142.711826
4.6,3,142.741665
4.75,2,142.772444
3.55,10,142.813825
4.6,3,142.849426
3.85,8,142.887769
3.85,8,142.931036
4.75,2,142.961813
4.6,3,142.992821
4.0,7,143.031432
4.45,4,143.057627
4.3,5,143.096005
-1.75,15,143.143969
4.6,3,143.17028
4.45,4,143.196416
-1.75,15,143.242115
4.3,5,143.273737
3.55,10,143.311388
4.45,4,143.340572
4.75,2,143.362215
4.45,4,143.391558
3.7,9,143.42537
4.6,3,143.449019
3.7,9,143.624226
4.6,3,143.649678
3.7,9,143.681485
4.9,1,143.704138
4.6,3,143.726089
4.0,7,143.759236
3.4,11,143.797576
4.15,6,143.82904
4.3,5,143.859283
4.45,4,143.886568
3.7,9,143.922364
4.3,5,143.948691
-1.75,15,143.993967
3.55,10,144.034985
4.3,5,144.063312
4.6,3,144.09774
4.3,5,144.127421
4.9,1,144.153977
4.0,7,144.184448
4.15,6,144.214557
4.6,3,144.242882
4.45,4,144.273404
4.15,6,144.302556
4.3,5,144.335571
4.15,6,144.379619
4.15,6,144.415673
-3.55,12,144.466872
3.85,8,144.511368
4.0,7,144.553584
4.6,3,144.578595
4.3,5,144.612731
4.0,7,144.647389
-1.75,15,144.701494
4.0,7,144.738201
4.3,5,144.76648
-3.45,10,144.809174
4.6,3,144.842987
4.6,3,144.872704
4.3,5,144.90198
4.75,2,144.926445
4.75,2,144.950533
3.4,11,144.990258
3.55,10,145.176416
4.3,5,145.209877
3.7,9,145.24279
3.55,10,145.286153
4.75,2,145.313694
3.7,9,145.348619
4.15,6,145.382794
4.15,6,145.416011
4.0,7,145.456205
4.6,3,145.48377
-3.3,7,145.518043
4.75,2,145.543968
-3.2,5,145.57575
4.45,4,145.601842
4.75,2,145.626146
4.0,7,145.661804
4.15,6,145.694429
4.6,3,145.722516
3.85,8,145.75484
4.6,3,145.780416
4.45,4,145.809406
3.7,9,145.844029
4.75,2,145.875737
3.4,11,145.92214
4.75,2,145.954724
4.3,5,145.989108
3.7,9,146.028828
4.0,7,146.067913
4.75,2,146.096461
4.15,6,146.13379
4.75,2,146.160258
4.75,2,146.190628
4.0,7,146.225491
4.6,3,146.261871
4.45,4,146.296224
4.45,4,146.326141
3.7,9,146.36412
4.75,2,146.38961
3.85,8,146.427581
4.45,4,146.456833
3.25,12,146.502607
4.3,5,146.530015
4.15,6,146.563763
4.6,3,146.591453
3.85,8,146.623268
4.3,5,146.658629
4.0,7,146.845559
3.25,12,146.888428
4.6,3,146.911305
4.75,2,146.937142
4.6,3,146.965727
4.0,7,146.998978
4.45,4,147.030498
-1.75,15,147.07541
4.3,5,147.105611
3.7,9,147.142039
4.45,4,147.169316
3.7,9,147.204488
3.7,9,147.245636
4.45,4,147.279313
4.45,4,147.308058
4.45,4,147.331027
3.7,9,147.364983
4.75,2,147.391918
3.85,8,147.425099
3.7,9,147.462105
4.75,2,147.486255
-1.75,15,147.530252
4.75,2,147.557453
4.6,3,147.589195
4.6,3,147.617799
4.6,3,147.645252
4.75,2,147.674207
4.45,4,147.705057
4.3,5,147.738048
3.55,10,147.779021
4.0,7,147.812641
4.0,7,147.851882
4.3,5,147.893888
4.75,2,147.919379
4.3,5,147.947712
3.55,10,147.990844
4.6,3,148.019981
4.75,2,148.051288
3.55,10,148.09375
3.7,9,148.131501
4.75,2,148.161537
4.45,4,148.191284
-3.05,2,148.221554
4.75,2,148.245092
3.85,8,148.278827
4.75,2,148.301362
4.75,2,148.476654
4.45,4,148.504619
4.3,5,148.535838
-1.75,15,148.581311
4.15,6,148.613192
4.15,6,148.644716
4.75,2,148.668564
4.3,5,148.698345
4.15,6,148.734666
4.0,7,148.766266
4.6,3,148.791398
4.6,3,148.815995
4.75,2,148.841599
4.15,6,148.875657
-1.75,15,148.916648
-3.4,9,148.950988
-1.75,15,148.994319
4.15,6,149.026811
4.3,5,149.060842
4.45,4,149.091381
4.45,4,149.121761
4.0,7,149.165775
4.45,4,149.19644
4.3,5,149.237576
3.1,13,149.291725
-3.25,6,149.331326
4.15,6,149.370452
4.75,2,149.39531
4.3,5,149.430707
3.25,12,149.484558
4.3,5,149.520513
4.75,2,149.547143
4.6,3,149.572718
4.45,4,149.599311
4.9,1,149.623418
4.6,3,149.649014
4.9,1,149.673165
4.45,4,149.709856
3.7,9,149.741753
4.3,5,149.778101
4.45,4,149.810756
4.6,3,149.839568
4.45,4,149.86888
4.0,7,149.901731
3.7,9,149.936861
4.6,3,150.113781
4.75,2,150.141123
4.45,4,150.172191
3.85,8,150.205763
3.7,9,150.241616
4.6,3,150.268119
4.45,4,150.296729
3.7,9,150.335646
4.3,5,150.365533
3.85,8,150.399865
-1.75,15,150.444574
-1.75,15,150.497647
4.45,4,150.529539
4.3,5,150.563946
-1.75,15,150.610395
4.3,5,150.643089
3.85,8,150.677432
3.85,8,150.71287
4.0,7,150.743756
4.45,4,150.772397
4.15,6,150.804734
4.0,7,150.838141
4.45,4,150.863862
4.75,2,150.891067
4.6,3,150.915873
3.7,9,150.953934
3.25,12,150.998909
4.45,4,151.027679
3.7,9,151.070336
4.3,5,151.104812
4.3,5,151.137011
4.0,7,151.168586
4.15,6,151.199697
4.15,6,151.231286
4.15,6,151.258504
-1.75,15,151.29909
4.75,2,151.325521
4.75,2,151.351897
4.6,3,151.378522
4.3,5,151.584033
4.75,2,151.606879
-1.75,15,151.647673
4.45,4,151.676159
4.6,3,151.700695
3.7,9,151.738744
4.45,4,151.772492
4.15,6,151.805663
4.75,2,151.828411
3.85,8,151.861649
4.6,3,151.884455
4.6,3,151.909238
4.6,3,151.937425
4.75,2,151.967174
4.6,3,151.991576
4.0,7,152.028426
4.0,7,152.062051
4.3,5,152.088969
4.9,1,152.111998
3.55,10,152.148128
4.45,4,152.179604
3.55,10,152.227724
4.0,7,152.262003
4.75,2,152.290553
4.9,1,152.312683
4.75,2,152.34219
4.45,4,152.369891
4.0,7,152.401347
4.45,4,152.42816
4.0,7,152.463433
4.3,5,152.49537
4.15,6,152.53199
3.85,8,152.572709
4.6,3,152.604287
4.6,3,152.639936
4.0,7,152.678067
3.7,9,152.717932
4.3,5,152.751398
4.45,4,152.780662
4.3,5,152.818623
4.3,5,152.846618
4.15,6,152.882224
4.75,2,152.908658
3.85,8,152.940018
4.9,1,152.964614
3.4,11,153.006436
4.6,3,153.029072
4.0,7,153.060548
4.0,7,153.093454
-3.05,2,153.118499
4.3,5,153.295717
4.3,5,153.326005
4.75,2,153.354624
4.6,3,153.378387
3.25,12,153.414956
3.4,11,153.452723
3.25,12,153.489592
4.15,6,153.518554
4.45,4,153.553669
4.75,2,153.577891
4.75,2,153.601918
4.3,5,153.630793
4.15,6,153.65808
4.45,4,153.684599
4.15,6,153.712207
4.15,6,153.741444
-1.75,15,153.787966
-3.3,7,153.824532
3.4,11,153.865983
4.45,4,153.901532
4.45,4,153.936319
4.3,5,153.971368
4.3,5,154.004458
3.7,9,154.03995
3.1,13,154.08448
4.3,5,154.12091
-3.25,6,154.15603
3.7,9,154.195556
3.7,9,154.239149
4.15,6,154.27688
4.9,1,154.299317
4.6,3,154.329148
4.15,6,154.361897
4.3,5,154.391127
4.45,4,154.41923
4.3,5,154.446118
4.45,4,154.474947
4.75,2,154.498643
4.6,3,154.525203
4.75,2,154.54925
4.45,4,154.577251
4.75,2,154.601691
4.0,7,154.633355
4.15,6,154.663905
3.85,8,154.853063
4.6,3,154.87873
4.3,5,154.908249
3.85,8,154.94106
-1.75,15,154.987184
4.9,1,155.008583
4.6,3,155.033147
3.85,8,155.070023
4.45,4,155.100105
3.55,10,155.146411
4.75,2,155.175175
4.75,2,155.208099
4.15,6,155.239165
4.45,4,155.265535
-1.75,15,155.306055
4.6,3,155.330867
4.0,7,155.365896
4.15,6,155.396894
4.0,7,155.43066
3.7,9,155.471202
3.7,9,155.516356
4.75,2,155.545986
4.3,5,155.584601
4.45,4,155.619431
4.0,7,155.656613
4.0,7,155.689159
3.7,9,155.728764
3.85,8,155.763376
3.55,10,155.811106
3.7,9,155.846361
4.75,2,155.871233
4.75,2,155.893367
4.6,3,155.925987
4.75,2,155.952722
4.3,5,155.991064
4.3,5,156.021667
4.45,4,156.054766
-1.75,15,156.101602
4.45,4,156.129953
3.85,8,156.167368
4.75,2,156.195394
4.0,7,156.236234
4.6,3,156.269116
4.0,7,156.459113
4.3,5,156.488871
4.9,1,156.515436
4.6,3,156.542123
3.55,10,156.577758
4.6,3,156.604326
4.6,3,156.631679
-3.25,6,156.661212
4.0,7,156.690718
4.75,2,156.716372
4.6,3,156.739941
3.7,9,156.775955
4.3,5,156.80739
-1.75,15,156.853423
4.75,2,156.87663
4.9,1,156.904675
-3.35,8,156.94073
4.75,2,156.973104
-1.75,15,157.016757
4.9,1,157.040697
4.45,4,157.072472
4.45,4,157.10081
2.95,14,157.144086
4.75,2,157.172391
4.75,2,157.198098
3.85,8,157.234392
-1.75,15,157.280376
4.0,7,157.31496
4.75,2,157.339978
-1.75,15,157.388548
4.45,4,157.416941
3.85,8,157.457599
4.3,5,157.49059
4.15,6,157.524724
4.75,2,157.547034
3.55,10,157.590971
4.45,4,157.622863
4.3,5,157.652863
4.6,3,157.677599
4.15,6,157.709629
-1.75,15,157.749156
-1.75,15,157.96136
4.6,3,157.987661
3.85,8,158.021891
4.0,7,158.059397
4.6,3,158.085999
4.6,3,158.112726
4.6,3,158.138862
4.75,2,158.162688
4.45,4,158.191238
4.15,6,158.219608
4.3,5,158.250961
4.3,5,158.278346
-1.75,15,158.32324
4.9,1,158.344913
4.75,2,158.369011
4.0,7,158.40118
3.85,8,158.431259
4.0,7,158.466121
4.75,2,158.494351
4.75,2,158.526025
4.6,3,158.557399
4.15,6,158.590474
4.9,1,158.619199
-1.75,15,158.671597
-1.75,15,158.725225
3.7,9,158.760483
4.6,3,158.788943
4.0,7,158.824071
4.75,2,158.852826
4.75,2,158.880641
4.45,4,158.908272
4.45,4,158.940697
4.45,4,158.9725
4.6,3,159.004393
4.15,6,159.036921
4.45,4,159.060969
3.25,12,159.098302
4.45,4,159.127351
4.45,4,159.155443
4.0,7,159.188412
4.6,3,159.213252
4.6,3,159.242887
4.6,3,159.271369
4.9,1,159.299268
4.75,2,159.326504
4.75,2,159.355405
4.15,6,159.389812
4.75,2,159.418022
4.75,2,159.441979
3.55,10,159.477207
3.85,8,159.512954
3.85,8,159.705021
-3.05,2,159.731847
4.75,2,159.75764
4.0,7,159.789758
4.6,3,159.817986
4.3,5,159.845127
3.85,8,159.883197
4.9,1,159.913602
4.45,4,159.944009
4.75,2,159.971146
3.85,8,160.007243
4.75,2,160.030468
3.55,10,160.070047
4.6,3,160.099307
4.45,4,160.126426
4.3,5,160.158496
4.15,6,160.192159
-1.75,15,160.237233
4.45,4,160.268512
3.85,8,160.306178
4.6,3,160.330754
3.85,8,160.37365
4.45,4,160.405305
4.6,3,160.434717
4.75,2,160.460938
4.75,2,160.490047
4.6,3,160.513771
4.45,4,160.552427
4.6,3,160.579673
4.3,5,160.611473
4.15,6,160.643751
4.0,7,160.675858
4.45,4,160.70607
4.6,3,160.732505
3.85,8,160.766334
4.15,6,160.796343
4.6,3,160.824851
4.45,4,160.857263
4.15,6,160.893132
4.3,5,160.926216
4.6,3,160.956393
4.15,6,160.992886
4.45,4,161.027627
4.3,5,161.059506
3.85,8,161.091154
-1.75,15,161.139045
3.55,10,161.175606
3.85,8,161.207882
4.3,5,161.382692
4.45,4,161.411792
4.15,6,161.44201
3.85,8,161.47423
4.0,7,161.507491
3.4,11,161.551198
4.45,4,161.577889
4.45,4,161.604587
4.45,4,161.630428
-1.75,15,161.675953
4.6,3,161.70396
4.3,5,161.735915
4.45,4,161.767863
-3.35,8,161.806051
-3.5,11,161.84876
4.75,2,161.878438
4.6,3,161.909894
4.6,3,161.944103
4.9,1,161.974234
4.3,5,162.010146
3.55,10,162.054777
4.15,6,162.088887
4.45,4,162.121248
4.0,7,162.158281
4.45,4,162.188902
4.3,5,162.22617
3.4,11,162.269805
4.9,1,162.300008
4.15,6,162.340767
4.0,7,162.373533
4.45,4,162.404239
4.6,3,162.431264
4.9,1,162.464072
4.3,5,162.4956
4.3,5,162.522316
4.3,5,162.555336
4.45,4,162.589483
4.9,1,162.616463
4.6,3,162.645701
3.7,9,162.691518
3.55,10,162.738669
4.15,6,162.774073
3.85,8,162.811089
4.3,5,162.842155
4.3,5,162.877078
4.6,3,162.907166
4.15,6,162.94583
4.75,2,162.96987
4.45,4,163.137612
3.7,9,163.176693
4.9,1,163.202997
4.45,4,163.243346
4.45,4,163.281433
-1.75,15,163.331234
3.55,10,163.382069
4.3,5,163.418772
4.45,4,163.446737
-1.75,15,163.492859
4.45,4,163.530211
3.85,8,163.566001
3.25,12,163.608953
3.55,10,163.651768
4.3,5,163.681504
4.9,1,163.703104
4.6,3,163.732035
4.6,3,163.75677
-1.75,15,163.800332
3.55,10,163.843141
4.6,3,163.870375
3.85,8,163.901554
3.85,8,163.934827
4.0,7,163.966487
4.15,6,163.99663
4.45,4,164.030736
3.55,10,164.069243
4.15,6,164.09842
4.3,5,164.128026
4.75,2,164.155572
4.6,3,164.178247
4.6,3,164.20554
3.55,10,164.247799
3.85,8,164.288708
4.15,6,164.322861
3.85,8,164.354642
4.15,6,164.387482
3.85,8,164.417619
4.0,7,164.602321
-1.75,15,164.643566
-1.75,15,164.684345
3.7,9,164.716977
3.7,9,164.753548
3.25,12,164.791985
4.6,3,164.817009
4.75,2,164.841729
-1.75,15,164.894319
4.6,3,164.924215
3.85,8,164.96712
4.45,4,164.995082
4.45,4,165.025917
4.6,3,165.054035
3.85,8,165.090083
4.75,2,165.11533
-1.75,15,165.166121
4.9,1,165.190902
4.15,6,165.221178
3.55,10,165.258629
3.85,8,165.295269
3.4,11,165.334719
4.6,3,165.358634
4.6,3,165.383314
4.15,6,165.410811
4.75,2,165.432823
3.25,12,165.481092
4.75,2,165.514565
4.6,3,165.542147
4.75,2,165.566994
4.45,4,165.594254
4.3,5,165.626129
4.75,2,165.656031
4.45,4,165.684513
4.6,3,165.712632
4.0,7,165.745955
4.3,5,165.777522
4.0,7,165.812822
4.6,3,165.840713
4.75,2,165.867897
3.55,10,165.90379
4.75,2,165.934638
4.3,5,166.136026
4.45,4,166.162539
4.9,1,166.187271
3.85,8,166.221097
-1.75,15,166.264228
3.85,8,166.303247
-3.3,7,166.334651
4.15,6,166.365314
-1.75,15,166.410967
4.75,2,166.44177
3.55,10,166.481783
4.15,6,166.515969
4.75,2,166.541477
4.9,1,166.567823
4.75,2,166.592165
4.15,6,166.630619
3.85,8,166.663175
4.3,5,166.691193
-1.75,15,166.741159
4.45,4,166.775152
4.45,4,166.804137
3.4,11,166.844369
4.45,4,166.874779
3.85,8,166.907884
4.15,6,166.940588
4.6,3,166.966743
-1.75,15,167.009251
4.75,2,167.039652
3.7,9,167.074726
3.7,9,167.113938
4.75,2,167.141836
4.6,3,167.170168
4.3,5,167.202161
-1.75,15,167.2473
4.3,5,167.278382
4.6,3,167.305225
3.85,8,167.336754
3.7,9,167.377451
4.6,3,167.406166
4.3,5,167.585794
3.4,11,167.622823
4.3,5,167.652883
4.75,2,167.680948
4.6,3,167.704978
4.45,4,167.735102
4.6,3,167.759781
4.75,2,167.78433
4.15,6,167.811029
4.9,1,167.83528
4.15,6,167.862853
4.6,3,167.891001
4.45,4,167.919203
4.45,4,167.945611
4.45,4,167.981421
4.45,4,168.012748
4.3,5,168.053387
4.6,3,168.085652
4.9,1,168.109805
3.55,10,168.1521
4.15,6,168.18677
4.3,5,168.220134
4.6,3,168.251614
4.15,6,168.284057
4.3,5,168.319623
4.15,6,168.35979
4.75,2,168.391027
4.75,2,168.419017
4.3,5,168.451
4.6,3,168.478291
4.15,6,168.507474
4.15,6,168.537235
3.7,9,168.570767
4.45,4,168.600306
4.9,1,168.62376
4.45,4,168.650436
4.3,5,168.684293
-1.75,15,168.725207
-1.75,15,168.767694
4.0,7,168.798464
4.45,4,168.83003
4.45,4,168.862509
4.15,6,168.898878
-1.75,15,168.943212
4.45,4,168.97459
4.45,4,169.007373
4.75,2,169.032384
4.3,5,169.069129
4.15,6,169.099766
3.25,12,169.291169
4.45,4,169.320842
-1.75,15,169.370658
4.9,1,169.400373
4.15,6,169.435343
4.15,6,169.47038
4.0,7,169.507374
4.0,7,169.546365
4.3,5,169.578473
4.3,5,169.60853
3.85,8,169.640052
4.0,7,169.671128
4.45,4,169.698721
4.15,6,169.730418
4.15,6,169.763014
4.45,4,169.789949
4.6,3,169.821074
4.75,2,169.856995
4.6,3,169.885332
4.6,3,169.909978
4.6,3,169.942058
4.6,3,169.969396
-1.75,15,170.015701
-3.5,11,170.054134
4.45,4,170.079721
3.4,11,170.118785
4.9,1,170.139369
4.6,3,170.170473
4.0,7,170.204246
4.75,2,170.227339
4.6,3,170.255907
4.9,1,170.280564
4.15,6,170.312413
4.6,3,170.339364
4.45,4,170.368221
4.6,3,170.396039
3.25,12,170.442489
4.75,2,170.473181
4.75,2,170.501599
4.9,1,170.525726
4.75,2,170.560308
4.75,2,170.585026
3.4,11,170.622185
4.15,6,170.65146
3.55,10,170.684407
4.9,1,170.707657
4.9,1,170.730074
3.85,8,170.762977
3.25,12,170.80557
3.55,10,171.008749
4.3,5,171.041119
3.4,11,171.082619
3.55,10,171.127586
4.75,2,171.158099
4.15,6,171.19387
4.0,7,171.226978
-1.75,15,171.271991
4.3,5,171.303175
3.85,8,171.339276
-3.0,1,171.3689
-3.4,9,171.412838
4.9,1,171.437829
3.85,8,171.475832
4.6,3,171.502434
4.9,1,171.524701
4.3,5,171.556824
4.3,5,171.587363
3.55,10,171.61938
4.6,3,171.646862
4.0,7,171.675689
3.85,8,171.708276
4.3,5,171.737187
4.75,2,171.761819
4.6,3,171.789224
4.75,2,171.811877
4.6,3,171.84124
4.6,3,171.867713
4.15,6,171.898162
4.15,6,171.926499
4.75,2,171.957098
4.75,2,171.980359
4.6,3,172.008963
4.3,5,172.038908
4.3,5,172.067621
4.6,3,172.091043
4.3,5,172.120611
4.75,2,172.146978
4.45,4,172.175517
4.6,3,172.203616
-1.75,15,172.250288
4.6,3,172.277249
4.45,4,172.30228
4.0,7,172.332386
3.85,8,172.363626
4.0,7,172.395545
4.6,3,172.422151
4.15,6,172.456368
3.85,8,172.640462
4.3,5,172.679283
3.7,9,172.722863
4.3,5,172.760202
4.6,3,172.791063
3.55,10,172.850103
4.3,5,172.886529
4.75,2,172.912428
4.0,7,172.952816
4.0,7,172.98713
4.15,6,173.016254
3.4,11,173.060987
4.9,1,173.088669
4.75,2,173.119387
4.45,4,173.1486
4.75,2,173.173051
4.6,3,173.198039
4.3,5,173.23027
4.45,4,173.258165
4.9,1,173.279186
4.6,3,173.304816
-1.75,15,173.347542
4.0,7,173.383111
4.75,2,173.413054
4.75,2,173.437476
4.45,4,173.467496
3.7,9,173.500437
4.45,4,173.524023
4.3,5,173.552455
4.0,7,173.581311
4.45,4,173.613704
4.6,3,173.642945
4.3,5,173.670461
4.45,4,173.699493
3.55,10,173.736805
4.6,3,173.759857
3.55,10,173.794457
4.9,1,173.818893
4.0,7,173.85186
4.15,6,173.886227
-1.75,15,173.926724
4.6,3,173.953915
4.3,5,173.986088
4.15,6,174.019245
4.0,7,174.052594
4.75,2,174.078195
4.0,7,174.108511
4.15,6,174.287969
4.15,6,174.318075
3.55,10,174.353026
4.75,2,174.379109
4.6,3,174.41138
3.85,8,174.44633
3.85,8,174.482709
-1.75,15,174.528349
4.15,6,174.560255
4.0,7,174.597978
3.85,8,174.632818
-1.75,15,174.680591
4.9,1,174.70232
4.75,2,174.72924
4.75,2,174.757714
3.85,8,174.797908
4.15,6,174.834882
4.75,2,174.865016
-1.75,15,174.920118
4.3,5,174.954955
4.75,2,174.98083
4.6,3,175.00915
3.85,8,175.047
4.15,6,175.081152
3.7,9,175.122439
3.4,11,175.168264
4.3,5,175.2012
4.15,6,175.240223
4.45,4,175.266538
4.45,4,175.294024
3.55,10,175.333151
4.75,2,175.35523
4.3,5,175.384021
-1.75,15,175.435018
3.7,9,175.471557
3.55,10,175.506405
4.3,5,175.535482
4.45,4,175.559762
4.0,7,175.725384
4.75,2,175.752004
3.55,10,175.790515
3.55,10,175.832874
4.45,4,175.860161
4.45,4,175.889481
4.3,5,175.919559
4.6,3,175.951196
4.45,4,175.989933
4.15,6,176.027101
4.45,4,176.063639
4.6,3,176.096872
4.15,6,176.131955
3.7,9,176.172593
3.7,9,176.211246
4.3,5,176.243308
3.7,9,176.288657
4.6,3,176.325845
3.7,9,176.365633
4.15,6,176.397398
3.85,8,176.429005
4.45,4,176.457504
4.45,4,176.484185
4.15,6,176.511462
4.75,2,176.538002
3.85,8,176.570954
4.9,1,176.594556
4.45,4,176.619967
4.3,5,176.645739
4.75,2,176.670333
4.9,1,176.691963
4.0,7,176.721282
2.95,14,176.769018
4.75,2,176.791254
4.6,3,176.814765
4.6,3,176.837618
3.85,8,176.872371
-1.75,15,176.916703
3.85,8,176.949281
4.0,7,176.982504
4.75,2,177.005193
4.15,6,177.043275
4.3,5,177.070102
-1.75,15,177.112471
3.85,8,177.301666
3.7,9,177.338346
4.9,1,177.368659
4.3,5,177.399644
4.6,3,177.425674
3.55,10,177.472898
4.3,5,177.506883
4.75,2,177.539157
4.15,6,177.575295
3.85,8,177.608364
4.15,6,177.639239
3.1,13,177.682618
4.6,3,177.708408
4.6,3,177.737708
3.7,9,177.775432
4.15,6,177.808846
4.0,7,177.842847
3.1,13,177.888236
4.6,3,177.914329
3.55,10,177.951835
3.85,8,177.990084
3.85,8,178.025008
4.45,4,178.054226
3.4,11,178.095526
3.55,10,178.136356
3.7,9,178.176519
4.9,1,178.202915
4.45,4,178.231778
4.45,4,178.263298
3.55,10,178.300075
-1.75,15,178.34333
3.85,8,178.378114
4.75,2,178.404542
4.0,7,178.435511
3.4,11,178.471651
-1.75,15,178.511526
3.4,11,178.70889
4.6,3,178.734451
4.45,4,178.764445
3.7,9,178.800833
4.75,2,178.822867
4.3,5,178.851734
4.6,3,178.876366
4.45,4,178.908785
4.75,2,178.936166
4.45,4,178.968132
4.45,4,179.001994
3.85,8,179.040856
4.45,4,179.073233
4.15,6,179.104898
4.0,7,179.136455
4.6,3,179.159931
4.45,4,179.18762
3.4,11,179.228806
4.15,6,179.259708
4.45,4,179.291282
4.6,3,179.318018
4.45,4,179.351591
4.45,4,179.3848
3.1,13,179.432606
4.0,7,179.47152
3.4,11,179.510868
4.3,5,179.541987
-3.15,4,179.572868
3.85,8,179.611393
4.0,7,179.641983
4.6,3,179.666721
4.3,5,179.695949
4.6,3,179.720523
2.95,14,179.760661
3.55,10,179.795496
3.55,10,179.834356
3.4,11,179.875511
4.75,2,179.902558
4.3,5,179.93558
4.6,3,179.963155
3.4,11,180.0046
3.55,10,180.194064
-1.75,15,180.243961
3.7,9,180.283935
4.3,5,180.309563
4.3,5,180.337707
4.75,2,180.360655
4.6,3,180.386716
4.6,3,180.413043
4.6,3,180.438282
4.3,5,180.47126
4.3,5,180.501646
4.6,3,180.528826
3.7,9,180.563895
4.15,6,180.594674
4.6,3,180.625036
4.3,5,180.658587
3.7,9,180.701034
4.0,7,180.733455
4.3,5,180.766786
4.3,5,180.793492
4.75,2,180.818506
4.45,4,180.845648
4.0,7,180.882801
4.75,2,180.906467
4.75,2,180.932719
4.15,6,180.962544
4.9,1,180.986994
4.3,5,181.016049
-3.35,8,181.050301
-1.75,15,181.096164
4.9,1,181.122335
3.4,11,181.164581
4.15,6,181.191775
3.7,9,181.228282
4.0,7,181.262253
4.45,4,181.288972
4.0,7,181.321981
4.6,3,181.350916
4.75,2,181.385981
4.45,4,181.421178
3.85,8,181.454005
4.45,4,181.482152
4.45,4,181.507274
3.7,9,181.543259
3.4,11,181.581915
4.0,7,181.753969
4.45,4,181.782074
4.45,4,181.809538
4.9,1,181.834334
4.75,2,181.857007
3.85,8,181.892626
4.6,3,181.92149
-1.75,15,181.964076
3.85,8,182.000351
4.3,5,182.03199
4.0,7,182.064725
4.45,4,182.098014
4.75,2,182.127419
4.75,2,182.155524
4.15,6,182.198283
4.45,4,182.231987
3.7,9,182.279276
4.6,3,182.304445
4.75,2,182.328277
-1.75,15,182.378739
4.75,2,182.418546
4.45,4,182.451826
4.3,5,182.484687
3.25,12,182.524155
4.15,6,182.55734
4.15,6,182.591308
4.75,2,182.617035
4.3,5,182.643816
4.45,4,182.673972
4.3,5,182.703354
4.75,2,182.730932
4.45,4,182.759265
4.9,1,182.788619
4.75,2,182.817231
4.9,1,182.841086
4.6,3,182.871697
4.45,4,182.900621
-1.75,15,182.947479
4.0,7,182.982956
-1.75,15,183.024777
4.9,1,183.050743
4.75,2,183.075051
4.6,3,183.102705
4.75,2,183.127718
4.6,3,183.158321
-1.75,15,183.208367
4.45,4,183.2392
4.3,5,183.270825
3.25,12,183.465532
4.15,6,183.501673
4.15,6,183.537751
4.75,2,183.559906
3.7,9,183.594384
4.75,2,183.62172
3.7,9,183.658243
4.3,5,183.688724
4.45,4,183.716576
4.0,7,183.747573
4.6,3,183.775734
-1.75,15,183.821663
4.75,2,183.853341
-1.75,15,183.899362
4.15,6,183.932533
4.45,4,183.964793
4.75,2,183.994273
4.75,2,184.02446
3.85,8,184.068645
-1.75,15,184.109521
3.7,9,184.145968
3.85,8,184.181565
3.85,8,184.219168
4.75,2,184.241788
4.75,2,184.2735
3.1,13,184.316433
4.3,5,184.34232
3.25,12,184.385936
3.85,8,184.421
4.6,3,184.449761
4.6,3,184.484776
4.15,6,184.518523
4.15,6,184.551133
4.15,6,184.58946
3.25,12,184.635974
4.15,6,184.665877
4.3,5,184.693321
3.55,10,184.725251
3.85,8,184.75808
4.9,1,184.784958
4.3,5,184.964915
4.6,3,184.993058
3.55,10,185.030188
4.75,2,185.055276
4.3,5,185.086339
3.85,8,185.118148
-1.75,15,185.161628
3.1,13,185.20459
4.0,7,185.244489
3.85,8,185.28059
3.25,12,185.32629
3.85,8,185.365465
4.9,1,185.39253
3.85,8,185.429868
3.4,11,185.476656
4.0,7,185.512141
3.7,9,185.550322
4.6,3,185.576085
4.45,4,185.603119
4.6,3,185.629833
4.45,4,185.656875
4.9,1,185.683709
4.3,5,185.713372
4.6,3,185.737463
4.45,4,185.766029
3.55,10,185.801727
4.45,4,185.831412
-1.75,15,185.875846
4.3,5,185.906826
4.6,3,185.935433
4.6,3,185.961856
4.75,2,185.986853
3.7,9,186.023588
4.3,5,186.055719
4.3,5,186.090858
4.3,5,186.127432
4.75,2,186.155793
4.75,2,186.183633
4.3,5,186.221975
4.3,5,186.263417
4.6,3,186.290912
4.45,4,186.322537
4.9,1,186.346674
3.7,9,186.380651
-1.75,15,186.572269
4.6,3,186.603427
4.15,6,186.635824
-1.75,15,186.675482
4.3,5,186.702385
4.6,3,186.728148
3.4,11,186.768585
4.75,2,186.798311
4.45,4,186.824816
4.0,7,186.866889
4.6,3,186.895688
3.25,12,186.940573
4.0,7,186.979236
3.55,10,187.023698
4.45,4,187.057669
4.9,1,187.084767
4.15,6,187.118456
4.75,2,187.149168
4.45,4,187.179688
4.45,4,187.208468
4.45,4,187.23867
4.15,6,187.27695
3.85,8,187.311798
4.0,7,187.340716
4.6,3,187.367754
4.75,2,187.398223
4.6,3,187.42294
4.3,5,187.451863
4.15,6,187.482829
4.6,3,187.506518
3.55,10,187.543329
4.45,4,187.573931
4.0,7,187.603842
4.45,4,187.628836
4.75,2,187.65385
4.15,6,187.685598
4.9,1,187.708587
4.45,4,187.736341
4.45,4,187.766425
3.85,8,187.802143
4.45,4,187.841141
4.75,2,187.869954
3.85,8,187.903553
4.6,3,187.928863
4.75,2,187.953951
3.25,12,187.995303
4.3,5,188.177811
3.85,8,188.213321
4.15,6,188.246748
-1.75,15,188.298172
4.6,3,188.331048
4.6,3,188.365285
4.75,2,188.401279
4.3,5,188.434373
4.0,7,188.47401
4.75,2,188.500823
4.6,3,188.534114
4.6,3,188.562413
-1.75,15,188.614978
4.75,2,188.641408
4.3,5,188.670978
4.75,2,188.69528
4.45,4,188.72079
4.0,7,188.75761
4.15,6,188.795151
4.6,3,188.821623
3.85,8,188.855958
4.9,1,188.88079
4.3,5,188.906186
-1.75,15,188.947957
4.3,5,188.976562
4.0,7,189.014498
4.3,5,189.042572
3.85,8,189.080592
4.45,4,189.107617
4.45,4,189.137768
4.6,3,189.166084
4.3,5,189.202421
4.15,6,189.229896
4.75,2,189.25525
4.6,3,189.290205
4.0,7,189.326386
4.15,6,189.368871
4.45,4,189.400358
4.15,6,189.432722
4.75,2,189.45891
4.15,6,189.489336
4.75,2,189.5186
4.0,7,189.553017
4.3,5,189.591886
4.6,3,189.621218
4.75,2,189.644405
4.6,3,189.67015
4.15,6,189.698066
3.55,10,189.731393
4.3,5,189.913171
4.75,2,189.937855
4.45,4,189.97194
4.3,5,190.004602
3.4,11,190.046228
4.0,7,190.086337
4.45,4,190.117691
4.75,2,190.146473
4.15,6,190.179993
4.6,3,190.211445
3.7,9,190.251553
4.6,3,190.277627
3.85,8,190.315806
4.3,5,190.34571
4.6,3,190.372554
4.6,3,190.398515
4.3,5,190.431701
4.6,3,190.460364
4.75,2,190.486328
4.75,2,190.508741
3.85,8,190.546909
4.3,5,190.578715
4.0,7,190.613773
3.85,8,190.645977
4.45,4,190.670659
4.9,1,190.692727
4.6,3,190.718984
4.0,7,190.751631
4.3,5,190.779068
4.3,5,190.807303
4.6,3,190.835216
4.15,6,190.865784
4.9,1,190.891748
3.85,8,190.92841
3.55,10,190.972403
3.85,8,191.003523
4.3,5,191.033065
4.0,7,191.066594
4.45,4,191.096668
4.0,7,191.129014
4.9,1,191.15471
4.75,2,191.186734
4.3,5,191.219316
-1.75,15,191.271795
4.15,6,191.302924
3.4,11,191.340907
-1.75,15,191.387506
4.6,3,191.590123
4.6,3,191.619706
4.3,5,191.655263
4.45,4,191.684967
4.3,5,191.718502
4.3,5,191.753177
4.6,3,191.776414
4.0,7,191.808527
-1.75,15,191.857136
4.9,1,191.887308
4.0,7,191.917836
3.7,9,191.954692
4.45,4,191.985492
3.85,8,192.022045
3.55,10,192.060943
4.45,4,192.090163
4.6,3,192.119384
4.75,2,192.150465
4.0,7,192.186161
4.3,5,192.218487
4.15,6,192.250927
-1.75,15,192.291887
4.6,3,192.319757
4.6,3,192.347085
4.45,4,192.37263
4.75,2,192.399329
3.85,8,192.432933
4.0,7,192.461918
-1.75,15,192.507691
4.45,4,192.540313
3.85,8,192.575055
3.7,9,192.607541
4.15,6,192.638766
4.6,3,192.666506
4.45,4,192.694076
4.45,4,192.720031
-1.75,15,192.762545
4.15,6,192.797179
4.6,3,192.823543
-1.75,15,192.868833
3.85,8,193.08188
4.3,5,193.114658
-3.35,8,193.155689
3.85,8,193.187502
4.45,4,193.218613
4.15,6,193.256928
4.3,5,193.296422
4.45,4,193.324916
3.25,12,193.365574
4.75,2,193.390777
4.0,7,193.425711
4.75,2,193.454498
3.85,8,193.499954
4.0,7,193.534905
4.75,2,193.560694
4.15,6,193.594162
3.7,9,193.630731
4.75,2,193.654217
3.55,10,193.689946
4.45,4,193.718948
4.75,2,193.741455
4.0,7,193.774653
3.55,10,193.814093
4.15,6,193.840866
4.3,5,193.872301
4.0,7,193.901492
4.0,7,193.931564
4.45,4,193.955113
4.0,7,193.988607
3.55,10,194.033693
4.3,5,194.069962
4.15,6,194.104865
4.45,4,194.136035
4.15,6,194.168913
4.45,4,194.200639
4.0,7,194.238158
3.4,11,194.274233
4.9,1,194.298341
4.3,5,194.335546
4.0,7,194.378067
4.45,4,194.410949
-1.75,15,194.457977
4.3,5,194.652856
4.75,2,194.679584
4.15,6,194.710922
-1.75,15,194.754671
4.15,6,194.789429
4.75,2,194.815544
4.75,2,194.839365
4.0,7,194.877126
-1.75,15,194.924731
-1.75,15,194.974392
4.9,1,194.997771
4.3,5,195.029042
-3.35,8,195.065233
3.55,10,195.103444
4.6,3,195.128419
3.85,8,195.163197
4.3,5,195.19085
3.1,13,195.231151
4.6,3,195.254952
3.85,8,195.288639
4.45,4,195.317297
3.4,11,195.355624
3.7,9,195.392349
4.3,5,195.422935
4.6,3,195.452473
4.75,2,195.476784
4.3,5,195.503273
4.6,3,195.533152
4.9,1,195.557734
4.45,4,195.587121
4.75,2,195.613731
4.75,2,195.636671
4.9,1,195.666864
4.6,3,195.691096
4.75,2,195.713722
4.0,7,195.744308
4.6,3,195.769326
4.15,6,195.801222
4.3,5,195.833204
4.45,4,195.860703
4.3,5,195.888355
4.75,2,195.915964
4.0,7,195.946074
4.75,2,195.970696
3.55,10,196.009946
3.4,11,196.05938
4.15,6,196.274795
4.6,3,196.303222
4.6,3,196.334215
4.45,4,196.371243
4.6,3,196.403846
4.15,6,196.438778
4.75,2,196.469811
4.15,6,196.504447
4.6,3,196.529726
4.9,1,196.556659
4.45,4,196.586309
4.6,3,196.617102
3.7,9,196.655463
4.6,3,196.680916
3.85,8,196.712145
4.15,6,196.738693
3.7,9,196.769315
3.4,11,196.803804
4.75,2,196.827428
4.6,3,196.853647
4.15,6,196.887717
4.45,4,196.91782
4.3,5,196.94964
4.75,2,196.974107
4.45,4,197.00029
4.6,3,197.022943
4.45,4,197.047282
4.9,1,197.070399
4.3,5,197.098473
4.75,2,197.121306
4.3,5,197.153229
4.15,6,197.184735
4.9,1,197.206388
4.45,4,197.236082
4.75,2,197.261331
4.75,2,197.286675
4.6,3,197.313725
4.6,3,197.339205
4.0,7,197.370295
4.9,1,197.397674
-1.75,15,197.442105
4.6,3,197.466759
4.0,7,197.49435
-1.75,15,197.533717
4.75,2,197.558348
4.75,2,197.582531
4.75,2,197.602459
4.75,2,197.629061
4.45,4,197.653578
4.6,3,197.681949
4.3,5,197.7148
4.3,5,197.743366
3.85,8,197.781597
4.75,2,197.804912
4.0,7,197.842636
4.3,5,197.879616
3.1,13,198.064028
4.0,7,198.093871
3.55,10,198.128816
-1.75,15,198.172461
4.45,4,198.200486
4.6,3,198.226806
4.45,4,198.256583
4.0,7,198.285662
4.6,3,198.310746
4.45,4,198.33515
4.15,6,198.368106
4.75,2,198.388344
3.7,9,198.422443
4.75,2,198.446211
4.15,6,198.473746
3.85,8,198.507074
3.7,9,198.546492
4.6,3,198.575287
4.75,2,198.596856
3.85,8,198.62826
4.3,5,198.657748
3.55,10,198.698151
4.45,4,198.726389
4.6,3,198.752089
3.85,8,198.78891
4.0,7,198.819987
4.3,5,198.846545
4.75,2,198.87077
4.3,5,198.898809
4.3,5,198.924859
4.75,2,198.950101
4.3,5,198.977268
3.7,9,199.009277
4.75,2,199.031301
4.45,4,199.056963
3.25,12,199.099308
4.6,3,199.120599
4.3,5,199.148123
4.75,2,199.174173
3.4,11,199.215587
4.6,3,199.240633
4.6,3,199.275517
4.15,6,199.311269
4.6,3,199.341571
4.0,7,199.382031
3.4,11,199.581057
4.15,6,199.614544
4.75,2,199.635242
4.75,2,199.657803
4.15,6,199.687516
4.3,5,199.716546
3.85,8,199.747514
4.15,6,199.779695
3.25,12,199.816967
4.6,3,199.842662
4.6,3,199.866104
-1.75,15,199.906058
3.25,12,199.943567
3.4,11,199.97624
-3.35,8,200.010154
4.45,4,200.037942
4.75,2,200.059531
4.15,6,200.08784
4.45,4,200.114462
4.6,3,200.138049
4.45,4,200.165297
4.6,3,200.188924
4.75,2,200.212706
4.3,5,200.242512
4.3,5,200.273499
4.3,5,200.306563
4.45,4,200.340793
4.3,5,200.375316
4.75,2,200.406369
4.75,2,200.43129
4.75,2,200.455355
3.7,9,200.490495
3.85,8,200.524789
4.9,1,200.547316
4.15,6,200.581022
3.55,10,200.617633
4.0,7,200.64988
4.45,4,200.677828
4.6,3,200.700159
4.15,6,200.73106
3.55,10,200.770611
4.6,3,200.798776
4.6,3,200.826041
4.75,2,200.852705
4.45,4,200.88073
-3.35,8,200.912718
3.55,10,200.947858
4.0,7,201.147337
4.75,2,201.177277
4.45,4,201.202804
4.15,6,201.233579
4.45,4,201.259144
4.6,3,201.286963
4.0,7,201.320898
4.15,6,201.352049
4.45,4,201.375795
4.3,5,201.402784
-3.1,3,201.429874
4.75,2,201.45153
3.25,12,201.484855
4.6,3,201.506555
3.25,12,201.54604
4.45,4,201.57645
4.75,2,201.599547
4.0,7,201.629803
4.75,2,201.655327
4.0,7,201.688566
4.6,3,201.71525
4.6,3,201.742326
4.9,1,201.76502
4.3,5,201.795666
4.6,3,201.824979
4.15,6,201.855908
4.9,1,201.879078
4.3,5,201.904552
4.15,6,201.935486
4.6,3,201.958979
3.4,11,201.996348
4.45,4,202.022485
4.45,4,202.049712
4.15,6,202.082898
4.45,4,202.114777
3.7,9,202.148816
4.75,2,202.174661
4.15,6,202.205496
4.45,4,202.235368
4.3,5,202.262734
4.75,2,202.286321
4.75,2,202.310448
3.55,10,202.350459
4.15,6,202.386646
4.6,3,202.41666
4.6,3,202.445818
3.85,8,202.512457
4.45,4,202.563871
4.75,2,202.593453
4.75,2,202.618234
3.85,8,202.667811
-1.75,15,202.87296
3.85,8,202.908771
-1.75,15,202.952588
4.45,4,202.983282
3.4,11,203.021245
3.4,11,203.057162
4.9,1,203.081188
4.15,6,203.113039
4.3,5,203.143191
4.75,2,203.16914
4.45,4,203.196274
4.45,4,203.223492
4.0,7,203.252794
4.3,5,203.281523
-1.75,15,203.321156
4.3,5,203.349774
3.4,11,203.387372
4.0,7,203.418005
4.15,6,203.452122
3.85,8,203.485111
4.45,4,203.512547
4.0,7,203.541377
4.6,3,203.569743
4.6,3,203.596272
4.6,3,203.619524
4.6,3,203.648126
3.55,10,203.682122
4.0,7,203.712016
4.75,2,203.734597
4.6,3,203.757065
4.3,5,203.783021
4.6,3,203.81157
3.7,9,203.84643
4.0,7,203.878983
3.4,11,203.916168
4.75,2,203.941703
4.6,3,203.968671
4.0,7,204.00221
4.6,3,204.028776
4.0,7,204.059398
4.15,6,204.091247
3.85,8,204.126417
4.9,1,204.150995
3.4,11,204.336965
3.4,11,204.375679
3.85,8,204.406878
4.0,7,204.436382
4.75,2,204.460894
3.85,8,204.493756
4.3,5,204.521939
4.3,5,204.550447
4.75,2,204.574903
-3.15,4,204.602247
-1.75,15,204.639304
4.75,2,204.660542
4.6,3,204.683589
4.75,2,204.70892
4.45,4,204.734365
4.3,5,204.761061
4.15,6,204.790284
3.4,11,204.827309
4.15,6,204.8591
4.45,4,204.885341
4.9,1,204.909792
4.75,2,204.93304
3.85,8,204.96609
4.75,2,204.989524
4.3,5,205.023663
-1.75,15,205.063498
4.6,3,205.086455
4.6,3,205.110531
4.75,2,205.135519
3.85,8,205.165845
-1.75,15,205.207454
-1.75,15,205.248509
4.3,5,205.276245
4.6,3,205.298018
4.3,5,205.327365
4.75,2,205.351823
4.0,7,205.384712
3.25,12,205.422649
4.6,3,205.451888
4.45,4,205.482392
3.4,11,205.518323
4.6,3,205.549854
4.3,5,205.724786
4.0,7,205.768065
4.45,4,205.803053
4.45,4,205.841615
4.75,2,205.869451
4.75,2,205.898731
4.3,5,205.929368
4.45,4,205.957761
3.85,8,205.993117
4.3,5,206.021277
4.3,5,206.053943
4.75,2,206.082506
4.6,3,206.114787
3.7,9,206.146156
3.4,11,206.183655
3.85,8,206.219123
4.3,5,206.250628
4.3,5,206.28089
4.0,7,206.314911
4.75,2,206.338209
4.6,3,206.365451
4.45,4,206.392513
4.3,5,206.421775
3.4,11,206.456826
4.15,6,206.487021
4.9,1,206.507067
4.75,2,206.534376
4.3,5,206.562838
-3.35,8,206.596602
3.4,11,206.631352
4.6,3,206.65503
4.45,4,206.680867
4.75,2,206.703982
4.6,3,206.730882
4.3,5,206.76043
4.3,5,206.785476
4.15,6,206.81458
4.9,1,206.838208
4.3,5,206.867449
3.4,11,206.905222
4.6,3,206.937972
4.6,3,206.968166
4.15,6,207.008629
-3.2,5,207.042089
4.6,3,207.071864
-1.75,15,207.124383
4.3,5,207.164137
4.15,6,207.201071
4.0,7,207.243385
4.45,4,207.428635
3.85,8,207.462833
4.45,4,207.492979
3.55,10,207.52799
-3.2,5,207.555691
4.3,5,207.585313
4.3,5,207.615751
4.75,2,207.635715
4.3,5,207.659714
4.75,2,207.68219
4.45,4,207.707393
4.75,2,207.730857
4.6,3,207.758329
4.3,5,207.78565
4.6,3,207.811416
3.7,9,207.847004
4.75,2,207.870635
3.85,8,207.902555
4.75,2,207.92277
4.6,3,207.949555
3.4,11,207.985558
4.6,3,208.013668
3.85,8,208.04557
3.85,8,208.080637
3.7,9,208.1165
4.75,2,208.137778
4.15,6,208.170838
4.45,4,208.200935
4.6,3,208.228862
3.25,12,208.263902
4.15,6,208.291154
4.45,4,208.31824
4.15,6,208.343
4.45,4,208.370667
4.3,5,208.401571
3.7,9,208.435341
4.0,7,208.475397
4.75,2,208.498812
3.7,9,208.533274
3.85,8,208.565163
4.15,6,208.595035
4.45,4,208.624493
4.6,3,208.654333
4.45,4,208.680098
4.9,1,208.702622
3.4,11,208.737872
4.9,1,208.762243
4.75,2,208.788806
-1.75,15,208.972295
4.6,3,209.003075
4.9,1,209.02998
4.45,4,209.05512
4.6,3,209.084352
-1.75,15,209.125666
4.6,3,209.153874
4.3,5,209.182261
3.85,8,209.212796
4.6,3,209.23796
4.6,3,209.264742
4.45,4,209.293924
4.45,4,209.323092
4.45,4,209.354516
4.75,2,209.378549
4.6,3,209.405062
3.7,9,209.443156
4.3,5,209.473758
4.15,6,209.504097
4.6,3,209.528888
4.75,2,209.563423
3.55,10,209.602299
4.6,3,209.62485
4.15,6,209.652052
4.6,3,209.678521
3.85,8,209.710041
-1.75,15,209.748625
4.3,5,209.779546
4.3,5,209.804773
4.9,1,209.824991
4.6,3,209.851199
4.6,3,209.875789
4.45,4,209.90337
4.6,3,209.92911
-1.75,15,209.970531
4.3,5,210.000132
4.6,3,210.027552
3.55,10,210.062564
3.4,11,210.109086
4.75,2,210.135099
3.4,11,210.178875
4.0,7,210.219135
4.75,2,210.248579
4.75,2,210.28055
4.6,3,210.308753
4.0,7,210.346624
4.9,1,210.373636
4.3,5,210.403392
4.3,5,210.442092
4.3,5,210.624738
4.9,1,210.647328
4.45,4,210.670405
4.9,1,210.696039
4.6,3,210.720976
4.75,2,210.745935
3.25,12,210.78344
4.3,5,210.813233
4.45,4,210.838326
-1.75,15,210.878619
4.0,7,210.909175
4.6,3,210.934746
4.15,6,210.970919
-1.75,15,211.019055
3.55,10,211.059454
4.0,7,211.090671
4.9,1,211.113532
4.45,4,211.143186
4.75,2,211.177364
4.0,7,211.209403
4.3,5,211.236996
4.75,2,211.260189
3.55,10,211.293457
4.45,4,211.319223
3.7,9,211.35197
4.0,7,211.383139
4.6,3,211.412243
4.45,4,211.438614
4.45,4,211.466473
4.0,7,211.502664
4.9,1,211.526749
3.7,9,211.562481
4.9,1,211.584489
3.55,10,211.61752
4.6,3,211.642706
3.85,8,211.678996
3.85,8,211.709658
3.85,8,211.743588
3.55,10,211.779021
-1.75,15,211.820909
4.6,3,211.851519
3.85,8,211.887349
4.6,3,211.915078
3.25,12,212.106722
4.6,3,212.134175
4.0,7,212.164617
4.6,3,212.191657
4.45,4,212.221399
4.6,3,212.247903
4.75,2,212.27026
4.6,3,212.295087
4.9,1,212.316264
3.85,8,212.348126
4.0,7,212.378359
4.45,4,212.403791
4.3,5,212.428783
4.6,3,212.456545
4.6,3,212.481379
4.75,2,212.504301
-3.4,9,212.536071
4.0,7,212.565265
4.6,3,212.590355
4.45,4,212.617914
-1.75,15,212.660751
4.9,1,212.682205
4.15,6,212.713871
3.1,13,212.750005
3.85,8,212.780841
4.75,2,212.802012
4.3,5,212.830287
4.0,7,212.864026
4.45,4,212.892755
3.85,8,212.92529
4.45,4,212.949801
4.3,5,212.973863
4.0,7,213.00267
3.85,8,213.035902
4.75,2,213.060824
4.3,5,213.088607
4.75,2,213.110921
4.15,6,213.138767
4.6,3,213.16441
4.9,1,213.188706
4.45,4,213.216371
4.3,5,213.24546
4.6,3,213.268933
3.85,8,213.301898
4.75,2,213.327295
4.3,5,213.357511
4.3,5,213.384718
4.6,3,213.410116
3.55,10,213.444854
4.75,2,213.467067
