episode,reward,length,elapsed_seconds
1,4.3,5,0.04239082336425781
2,-3.1,3,0.07037591934204102
3,4.3,5,0.10577607154846191
4,-3.25,6,0.14369630813598633
5,-3.0,1,0.17037200927734375
6,-3.1,3,0.20415306091308594
7,-3.1,3,0.23584938049316406
8,-3.0,1,0.2569010257720947
9,4.6000000000000005,3,0.27971935272216797
10,-3.15,4,0.30944037437438965
11,3.4,11,0.3519890308380127
12,-3.05,2,0.3799629211425781
13,-3.05,2,0.4094865322113037
14,-3.1,3,0.437833309173584
15,-3.0,1,0.461029052734375
16,-3.0,1,0.48528361320495605
17,4.0,7,0.519458532333374
18,4.15,6,0.5536649227142334
19,-3.05,2,0.5779163837432861
20,-3.2,5,0.6065306663513184
21,-3.15,4,0.6342840194702148
22,3.4,11,0.6709978580474854
23,-3.05,2,0.6935098171234131
24,-3.15,4,0.7223987579345703
25,-3.15,4,0.7594723701477051
26,-3.0,1,0.7829005718231201
27,-3.0,1,0.8076975345611572
28,-3.0,1,0.829815149307251
29,-3.05,2,0.8613767623901367
30,-3.0,1,0.8862776756286621
31,-3.0,1,0.9087667465209961
32,3.6999999999999997,9,0.9535655975341797
33,4.449999999999999,4,0.9835050106048584
34,-3.0,1,1.0056118965148926
35,-3.15,4,1.035278558731079
36,3.55,10,1.073551893234253
37,4.0,7,1.105193853378296
38,-3.15,4,1.1331803798675537
39,-3.35,8,1.1710107326507568
40,-3.1,3,1.199143648147583
41,3.85,8,1.2344903945922852
42,-3.0,1,1.2595973014831543
43,-3.1,3,1.291943073272705
44,-3.0,1,1.311962366104126
45,-3.2,5,1.3400821685791016
46,-3.1,3,1.3665580749511719
47,-3.1,3,1.3944294452667236
48,-3.1,3,1.4210314750671387
49,-3.1,3,1.447575569152832
50,-1.75,15,1.4942431449890137
51,-3.2,5,1.528170108795166
52,-3.0,1,1.5573093891143799
53,-3.0,1,1.5901589393615723
54,-3.05,2,1.6235833168029785
55,-3.25,6,1.660825252532959
56,-3.05,2,1.6919074058532715
57,-3.25,6,1.7275784015655518
58,-3.3,7,1.7651257514953613
59,-3.1,3,1.7961950302124023
60,-3.05,2,1.8221049308776855
61,-3.6,13,1.867051601409912
62,-3.45,10,2.0533082485198975
63,-3.15,4,2.079289197921753
64,-3.1,3,2.107694387435913
65,-3.35,8,2.1484241485595703
66,-3.1,3,2.184056282043457
67,4.15,6,2.2189865112304688
68,-3.05,2,2.2490429878234863
69,-3.3,7,2.284130573272705
70,4.9,1,2.3050754070281982
71,3.85,8,2.3376998901367188
72,-3.2,5,2.3694145679473877
73,-3.0,1,2.396055221557617
74,-3.2,5,2.4246740341186523
75,-3.05,2,2.446049690246582
76,4.9,1,2.470245361328125
77,3.6999999999999997,9,2.5118653774261475
78,-3.0,1,2.5427842140197754
79,-3.0,1,2.5736963748931885
80,-1.75,15,2.623807668685913
81,-3.0,1,2.652980089187622
82,-3.0,1,2.6758627891540527
83,-3.05,2,2.701176881790161
84,-3.05,2,2.727551221847534
85,-3.35,8,2.7609355449676514
86,-3.0,1,2.786970615386963
87,-3.55,12,2.8262948989868164
88,4.3,5,2.8580191135406494
89,-3.15,4,2.888421058654785
90,3.85,8,2.927170991897583
91,-3.05,2,2.9572296142578125
92,4.449999999999999,4,2.9909093379974365
93,-3.0,1,3.0232174396514893
94,-3.0,1,3.0534963607788086
95,4.6000000000000005,3,3.0878849029541016
96,-3.15,4,3.123016834259033
97,-3.0,1,3.1545071601867676
98,-3.2,5,3.18693470954895
99,-3.0,1,3.2114500999450684
100,3.85,8,3.2525181770324707
101,-3.05,2,3.277395486831665
102,-3.0,1,3.303631067276001
103,-3.05,2,3.333585262298584
104,-3.25,6,3.36869478225708
105,4.3,5,3.3969643115997314
106,-3.1,3,3.4262161254882812
107,-3.0,1,3.448740005493164
108,-3.05,2,3.475268840789795
109,-3.1,3,3.500108480453491
110,-3.45,10,3.536545753479004
111,-3.15,4,3.567059278488159
112,-3.3,7,3.5950276851654053
113,-3.1,3,3.6229794025421143
114,-1.75,15,3.67157244682312
115,-3.6,13,3.7146642208099365
116,-3.55,12,3.7589125633239746
117,-3.05,2,3.784876823425293
118,4.9,1,3.8047585487365723
119,-3.1,3,3.8264780044555664
120,-3.0,1,3.8507912158966064
121,-3.05,2,4.049047470092773
122,-3.15,4,4.077889442443848
123,-3.1,3,4.106784343719482
124,4.15,6,4.138728380203247
125,-3.05,2,4.162143707275391
126,-3.45,10,4.204692363739014
127,-3.1,3,4.230589151382446
128,-3.6,13,4.281836748123169
129,-3.2,5,4.315933465957642
130,-3.0,1,4.341152191162109
131,3.6999999999999997,9,4.375093936920166
132,-3.0,1,4.394985914230347
133,-3.0,1,4.426587343215942
134,-3.25,6,4.460575819015503
135,-3.3,7,4.497060298919678
136,-3.5,11,4.542994022369385
137,-3.35,8,4.584958076477051
138,-3.2,5,4.6214375495910645
139,4.6000000000000005,3,4.650482654571533
140,4.0,7,4.683488368988037
141,-3.25,6,4.713787794113159
142,3.6999999999999997,9,4.754019498825073
143,4.15,6,4.788097620010376
144,-3.1,3,4.8178324699401855
145,-3.0,1,4.842367887496948
146,-3.4,9,4.887542009353638
147,-3.05,2,4.914384126663208
148,-3.1,3,4.945806980133057
149,-3.0,1,4.975620269775391
150,-3.0,1,5.0015459060668945
151,-3.1,3,5.03400444984436
152,-3.35,8,5.0715491771698
153,-3.05,2,5.0991504192352295
154,-3.0,1,5.122737407684326
155,-3.65,14,5.171411991119385
156,4.15,6,5.2075488567352295
157,4.9,1,5.234992742538452
158,-3.05,2,5.266278266906738
159,-3.25,6,5.298349857330322
160,-3.15,4,5.327931880950928
161,4.15,6,5.36223292350769
162,4.449999999999999,4,5.390916109085083
163,4.449999999999999,4,5.426260232925415
164,4.3,5,5.461807012557983
165,3.85,8,5.495142698287964
166,-3.15,4,5.523844480514526
167,-3.0,1,5.547709941864014
168,-3.5,11,5.588426351547241
169,-3.0,1,5.613101243972778
170,-3.15,4,5.645003795623779
171,-3.05,2,5.669939994812012
172,3.85,8,5.703917503356934
173,-3.0,1,5.726410627365112
174,-3.05,2,5.755228519439697
175,3.6999999999999997,9,5.941443920135498
176,-3.1,3,5.974130153656006
177,-3.1,3,6.00269627571106
178,-3.4,9,6.042026996612549
179,-3.4,9,6.084334135055542
180,-3.0,1,6.112728595733643
181,4.6000000000000005,3,6.141586065292358
182,-3.0,1,6.168068885803223
183,-3.15,4,6.195540904998779
184,-3.2,5,6.224961519241333
185,-3.05,2,6.254855632781982
186,4.9,1,6.278711557388306
187,-3.0,1,6.306347370147705
188,-3.4,9,6.351046323776245
189,4.449999999999999,4,6.3856360912323
190,-3.1,3,6.414862632751465
191,4.449999999999999,4,6.4418981075286865
192,4.6000000000000005,3,6.466535568237305
193,-3.15,4,6.492608547210693
194,-3.2,5,6.5200841426849365
195,-3.15,4,6.552841663360596
196,-3.0,1,6.577452659606934
197,-3.1,3,6.60496711730957
198,-3.0,1,6.629220485687256
199,4.3,5,6.664302825927734
200,-3.15,4,6.691159248352051
201,4.449999999999999,4,6.720516681671143
202,-3.0,1,6.7512030601501465
203,4.6000000000000005,3,6.781700372695923
204,-3.35,8,6.824302434921265
205,-3.1,3,6.856847047805786
206,-3.1,3,6.887326717376709
207,-3.35,8,6.92270565032959
208,-3.0,1,6.945302248001099
209,-1.75,15,6.9921486377716064
210,-3.65,14,7.037182569503784
211,-3.0,1,7.059734106063843
212,-3.0,1,7.0825018882751465
213,-3.0,1,7.105071306228638
214,-3.5,11,7.140889883041382
215,-3.25,6,7.1675660610198975
216,-3.0,1,7.187925577163696
217,-3.05,2,7.207617998123169
218,4.9,1,7.237417936325073
219,-3.05,2,7.264576435089111
220,-3.15,4,7.29118275642395
221,-3.2,5,7.320069313049316
222,4.9,1,7.344990253448486
223,-3.0,1,7.3677659034729
224,-3.0,1,7.387646436691284
225,-3.2,5,7.416463375091553
226,-3.05,2,7.439117670059204
227,-3.35,8,7.47213888168335
228,4.0,7,7.501928329467773
229,4.15,6,7.53517484664917
230,-3.05,2,7.559784650802612
231,-3.0,1,7.58186936378479
232,-3.05,2,7.605170726776123
233,-3.2,5,7.634824275970459
234,-3.0,1,7.656416654586792
235,-3.0,1,7.67785906791687
236,-3.2,5,7.711009979248047
237,-3.25,6,7.742811918258667
238,-3.05,2,7.766436576843262
239,-3.05,2,7.789398670196533
240,-3.35,8,7.983698129653931
241,-1.75,15,8.03965449333191
242,4.3,5,8.075167417526245
243,-3.2,5,8.114304304122925
244,3.85,8,8.152159690856934
245,-3.15,4,8.17917799949646
246,-3.05,2,8.209137916564941
247,-3.0,1,8.241565465927124
248,-3.05,2,8.27305817604065
249,-3.0,1,8.296075344085693
250,-3.0,1,8.32435417175293
251,4.15,6,8.363645792007446
252,-3.05,2,8.392353296279907
253,-3.0,1,8.418398141860962
254,-3.5,11,8.456997156143188
255,-3.45,10,8.496339559555054
256,-3.45,10,8.535810708999634
257,3.85,8,8.567732334136963
258,-3.05,2,8.591810703277588
259,-3.1,3,8.620088338851929
260,-3.1,3,8.646608829498291
261,4.75,2,8.670972108840942
262,4.0,7,8.709853410720825
263,-3.0,1,8.735849857330322
264,-3.15,4,8.77409815788269
265,4.3,5,8.806571245193481
266,4.15,6,8.835216999053955
267,3.85,8,8.870672464370728
268,-3.0,1,8.897305727005005
269,4.3,5,8.927443742752075
270,4.15,6,8.961496591567993
271,-3.05,2,8.98561143875122
272,-3.1,3,9.008549928665161
273,-3.05,2,9.037235975265503
274,4.0,7,9.073268413543701
275,-3.5,11,9.11034369468689
276,4.3,5,9.141223907470703
277,3.25,12,9.180175065994263
278,-3.1,3,9.209609985351562
279,4.6000000000000005,3,9.240095138549805
280,4.3,5,9.271709442138672
281,4.3,5,9.311839818954468
282,-3.1,3,9.339492559432983
283,-3.2,5,9.369874715805054
284,4.15,6,9.40701174736023
285,-3.15,4,9.43876838684082
286,3.55,10,9.483494281768799
287,-3.35,8,9.5177583694458
288,-3.4,9,9.556944370269775
289,-3.2,5,9.75157117843628
290,-3.25,6,9.785786151885986
291,-3.1,3,9.810986995697021
292,-1.75,15,9.85519528388977
293,4.3,5,9.88398814201355
294,4.3,5,9.910866975784302
295,-3.0,1,9.936047554016113
296,4.6000000000000005,3,9.96264362335205
297,-3.0,1,9.989627599716187
298,-3.15,4,10.019397735595703
299,-3.05,2,10.044121742248535
300,2.9499999999999997,14,10.0857994556427
301,-3.0,1,10.1083664894104
302,4.3,5,10.137617826461792
303,3.4,11,10.178687572479248
304,-3.25,6,10.22100567817688
305,-3.15,4,10.253063678741455
306,-3.05,2,10.279932498931885
307,4.0,7,10.313714742660522
308,-3.25,6,10.344548463821411
309,-1.75,15,10.388379335403442
310,-3.05,2,10.409430503845215
311,-1.75,15,10.454314231872559
312,4.6000000000000005,3,10.479186534881592
313,-3.05,2,10.501269340515137
314,4.9,1,10.53249216079712
315,-3.35,8,10.567874670028687
316,-3.05,2,10.593679904937744
317,-3.0,1,10.616261005401611
318,-3.15,4,10.643422842025757
319,-1.75,15,10.690200328826904
320,-3.6,13,10.730435848236084
321,-3.05,2,10.754326581954956
322,-3.4,9,10.792442560195923
323,4.6000000000000005,3,10.821626663208008
324,-3.1,3,10.84772253036499
325,-3.2,5,10.883501768112183
326,-3.15,4,10.913845777511597
327,4.6000000000000005,3,10.940215587615967
328,4.6000000000000005,3,10.971915483474731
329,-3.15,4,11.00373387336731
330,-3.1,3,11.03386664390564
331,-3.25,6,11.072547197341919
332,-3.35,8,11.121515274047852
333,4.9,1,11.155606746673584
334,-3.0,1,11.182847738265991
335,-3.1,3,11.21347188949585
336,-3.05,2,11.242382287979126
337,4.6000000000000005,3,11.270355701446533
338,-3.05,2,11.295015573501587
339,-3.0,1,11.319325685501099
340,-3.2,5,11.348161458969116
341,4.15,6,11.523156642913818
342,4.75,2,11.55192756652832
343,-3.3,7,11.585577249526978
344,-3.45,10,11.621480941772461
345,4.6000000000000005,3,11.653879404067993
346,3.1,13,11.703298568725586
347,-1.75,15,11.751014232635498
348,4.0,7,11.78745150566101
349,-3.05,2,11.810495615005493
350,-1.75,15,11.86113166809082
351,-3.1,3,11.889048099517822
352,3.6999999999999997,9,11.925794124603271
353,-3.15,4,11.956983089447021
354,-3.0,1,11.982959747314453
355,-3.05,2,12.009991645812988
356,4.449999999999999,4,12.03610372543335
357,3.85,8,12.070743083953857
358,-3.2,5,12.098285913467407
359,-3.0,1,12.118840456008911
360,-3.05,2,12.143606901168823
361,4.75,2,12.172461032867432
362,3.4,11,12.210084199905396
363,-3.55,12,12.252719640731812
364,-3.65,14,12.290928363800049
365,4.3,5,12.321390628814697
366,-3.2,5,12.352046966552734
367,-3.0,1,12.377481460571289
368,3.6999999999999997,9,12.41498351097107
369,4.449999999999999,4,12.442930936813354
370,3.4,11,12.481716871261597
371,-3.15,4,12.51155972480774
372,3.85,8,12.547222137451172
373,4.75,2,12.57301950454712
374,-3.55,12,12.613368511199951
375,-3.15,4,12.64504599571228
376,3.4,11,12.688661336898804
377,4.3,5,12.728263139724731
378,-3.3,7,12.763943910598755
379,3.6999999999999997,9,12.797941446304321
380,-3.05,2,12.824137687683105
381,-3.1,3,12.995356798171997
382,-3.05,2,13.020935773849487
383,-3.2,5,13.050606489181519
384,-3.35,8,13.08033299446106
385,-3.55,12,13.12004566192627
386,-3.1,3,13.149119138717651
387,-3.35,8,13.181069612503052
388,-3.45,10,13.21694040298462
389,4.6000000000000005,3,13.242060661315918
390,4.75,2,13.269741535186768
391,3.1,13,13.312909603118896
392,-3.2,5,13.339719772338867
393,-3.65,14,13.38039493560791
394,4.15,6,13.407514572143555
395,-3.15,4,13.433723211288452
396,-3.0,1,13.456941366195679
397,3.4,11,13.502686738967896
398,-3.4,9,13.544832468032837
399,-3.6,13,13.596042394638062
400,-1.75,15,13.640413045883179
401,4.3,5,13.673728466033936
402,4.3,5,13.70469856262207
403,4.449999999999999,4,13.731013059616089
404,-3.45,10,13.767387390136719
405,-3.3,7,13.802150011062622
406,-3.35,8,13.843919277191162
407,-1.75,15,13.888064622879028
408,3.55,10,13.930260419845581
409,4.6000000000000005,3,13.953914880752563
410,4.6000000000000005,3,13.980391502380371
411,4.0,7,14.01216745376587
412,4.15,6,14.044482231140137
413,3.85,8,14.084462642669678
414,3.25,12,14.125076532363892
415,3.55,10,14.325448036193848
416,-3.4,9,14.363187313079834
417,-3.4,9,14.399367094039917
418,4.6000000000000005,3,14.426486253738403
419,-3.1,3,14.457807064056396
420,3.85,8,14.495603561401367
421,-3.0,1,14.515381813049316
422,4.0,7,14.548844337463379
423,-1.75,15,14.592958688735962
424,4.0,7,14.62912631034851
425,4.3,5,14.66048526763916
426,-3.0,1,14.693356037139893
427,4.449999999999999,4,14.720940113067627
428,4.75,2,14.744091749191284
429,-3.05,2,14.769214630126953
430,4.15,6,14.798975706100464
431,3.25,12,14.842672348022461
432,-3.15,4,14.873675346374512
433,-3.3,7,14.917316436767578
434,3.85,8,14.952333688735962
435,-3.2,5,14.985957384109497
436,-3.45,10,15.02652907371521
437,3.1,13,15.070943355560303
438,-3.4,9,15.113757848739624
439,4.75,2,15.137993335723877
440,3.1,13,15.18135952949524
441,3.4,11,15.221832036972046
442,3.6999999999999997,9,15.257439374923706
443,-3.3,7,15.287860870361328
444,4.3,5,15.317230463027954
445,-3.25,6,15.346096515655518
446,-3.2,5,15.373064041137695
447,-3.15,4,15.396676540374756
448,-1.75,15,15.438107013702393
449,-3.2,5,15.46577763557434
450,2.8,15,15.508870363235474
451,4.3,5,15.539236545562744
452,-3.7,15,15.758970737457275
453,3.4,11,15.804639339447021
454,-3.2,5,15.843485832214355
455,4.0,7,15.883463382720947
456,4.3,5,15.919206619262695
457,4.0,7,15.958019256591797
458,-3.3,7,15.990336179733276
459,4.3,5,16.02727746963501
460,4.6000000000000005,3,16.064528465270996
461,-3.2,5,16.09415912628174
462,-3.05,2,16.116327047348022
463,3.85,8,16.151102542877197
464,-3.35,8,16.183592557907104
465,3.1,13,16.231701374053955
466,2.9499999999999997,14,16.277724027633667
467,-3.2,5,16.310803174972534
468,4.15,6,16.34269905090332
469,3.85,8,16.376912832260132
470,-1.75,15,16.418607473373413
471,4.449999999999999,4,16.450206756591797
472,-3.1,3,16.47399616241455
473,-3.5,11,16.512214183807373
474,-1.75,15,16.561488389968872
475,-3.4,9,16.604722023010254
476,4.3,5,16.637224674224854
477,4.6000000000000005,3,16.66647219657898
478,4.15,6,16.699671506881714
479,-1.75,15,16.74898648262024
480,3.4,11,16.786356210708618
481,4.75,2,16.808955907821655
482,4.0,7,16.8398699760437
483,-3.35,8,16.875208854675293
484,4.75,2,16.90323495864868
485,3.4,11,17.08950638771057
486,4.75,2,17.117022037506104
487,-3.15,4,17.151646852493286
488,-1.75,15,17.201290130615234
489,3.85,8,17.23836088180542
490,-3.5,11,17.276023626327515
491,-3.35,8,17.31031107902527
492,-3.7,15,17.36599063873291
493,-1.75,15,17.416468381881714
494,4.15,6,17.448002815246582
495,4.449999999999999,4,17.476086378097534
496,-3.15,4,17.50343680381775
497,3.55,10,17.540367364883423
498,4.6000000000000005,3,17.569700241088867
499,-1.75,15,17.617050886154175
500,4.6000000000000005,3,17.64801263809204
501,4.6000000000000005,3,17.673633098602295
502,-3.2,5,17.70737862586975
503,-1.75,15,17.755841732025146
504,-3.55,12,17.799959659576416
505,4.6000000000000005,3,17.833527326583862
506,-1.75,15,17.87428379058838
507,-3.05,2,17.896352529525757
508,-1.75,15,17.940436124801636
509,3.6999999999999997,9,17.97304391860962
510,-3.5,11,18.012019157409668
511,4.6000000000000005,3,18.040164709091187
512,4.9,1,18.068341732025146
513,4.75,2,18.09720468521118
514,3.1,13,18.13579559326172
515,3.85,8,18.171719074249268
516,3.1,13,18.38321852684021
517,-1.75,15,18.431591987609863
518,-3.2,5,18.46191644668579
519,-3.05,2,18.486854791641235
520,-3.05,2,18.5136981010437
521,-1.75,15,18.55934977531433
522,-3.05,2,18.58398938179016
523,-1.75,15,18.639980792999268
524,-3.3,7,18.67998695373535
525,3.6999999999999997,9,18.716008186340332
526,-3.55,12,18.754209756851196
527,4.3,5,18.79231882095337
528,4.75,2,18.820873737335205
529,3.6999999999999997,9,18.861358642578125
530,3.6999999999999997,9,18.90088438987732
531,4.15,6,18.93506407737732
532,-3.6,13,18.983272790908813
533,3.6999999999999997,9,19.019448041915894
534,4.75,2,19.0539813041687
535,-3.1,3,19.083503246307373
536,-3.45,10,19.121122121810913
537,-1.75,15,19.172101974487305
538,4.6000000000000005,3,19.20133924484253
539,3.4,11,19.24893069267273
540,-1.75,15,19.293232679367065
541,-3.05,2,19.317580699920654
542,-3.3,7,19.348352193832397
543,3.55,10,19.38351273536682
544,4.0,7,19.41325831413269
545,4.3,5,19.447632312774658
546,-3.2,5,19.47327446937561
547,3.25,12,19.513917207717896
548,4.75,2,19.538584232330322
549,4.449999999999999,4,19.565478801727295
550,4.15,6,19.741374492645264
551,4.449999999999999,4,19.772822618484497
552,-3.5,11,19.810709714889526
553,4.6000000000000005,3,19.835938692092896
554,4.6000000000000005,3,19.85962677001953
555,4.449999999999999,4,19.88993191719055
556,-3.05,2,19.915554761886597
557,4.3,5,19.945663452148438
558,-3.55,12,19.98495650291443
559,-1.75,15,20.02543306350708
560,-3.35,8,20.05760669708252
561,4.6000000000000005,3,20.08487343788147
562,-3.4,9,20.11738085746765
563,4.6000000000000005,3,20.150650024414062
564,4.449999999999999,4,20.177075624465942
565,4.3,5,20.211698055267334
566,-3.0,1,20.234148740768433
567,4.449999999999999,4,20.26429009437561
568,3.4,11,20.309613943099976
569,4.449999999999999,4,20.343019008636475
570,4.6000000000000005,3,20.370991468429565
571,3.25,12,20.41160750389099
572,-3.05,2,20.437482595443726
573,-3.25,6,20.46700096130371
574,2.9499999999999997,14,20.51127862930298
575,4.75,2,20.542076110839844
576,-3.5,11,20.586816787719727
577,-3.7,15,20.64180874824524
578,-3.25,6,20.676310539245605
579,4.3,5,20.71268367767334
580,4.3,5,20.751253366470337
581,4.0,7,20.788501501083374
582,3.1,13,20.841845989227295
583,3.6999999999999997,9,20.88327717781067
584,-3.0,1,20.9073224067688
585,-3.0,1,20.929455041885376
586,4.3,5,20.95603847503662
587,4.75,2,20.980839729309082
588,-3.1,3,21.00309658050537
589,4.75,2,21.028297424316406
590,3.1,13,21.074622869491577
591,3.85,8,21.250532627105713
592,3.4,11,21.289968729019165
593,4.3,5,21.321375131607056
594,-1.75,15,21.36544680595398
595,4.6000000000000005,3,21.38899850845337
596,4.449999999999999,4,21.417911291122437
597,-3.15,4,21.442320108413696
598,4.0,7,21.47293996810913
599,-3.0,1,21.494436740875244
600,4.3,5,21.521232843399048
601,3.55,10,21.558924198150635
602,4.3,5,21.588277578353882
603,-1.75,15,21.64070177078247
604,3.4,11,21.684187412261963
605,-3.2,5,21.719775438308716
606,4.15,6,21.761028289794922
607,4.449999999999999,4,21.79702877998352
608,4.15,6,21.830094814300537
609,4.449999999999999,4,21.86311435699463
610,3.4,11,21.907597064971924
611,4.15,6,21.943665742874146
612,4.75,2,21.97349238395691
613,4.75,2,22.004003047943115
614,-3.65,14,22.050114154815674
615,4.15,6,22.0803279876709
616,4.0,7,22.11571764945984
617,4.6000000000000005,3,22.141786098480225
618,4.6000000000000005,3,22.172922134399414
619,4.6000000000000005,3,22.198887586593628
620,4.6000000000000005,3,22.22593879699707
621,4.3,5,22.25692129135132
622,4.0,7,22.293679237365723
623,4.6000000000000005,3,22.320756435394287
624,-1.75,15,22.365251064300537
625,4.75,2,22.39455509185791
626,4.15,6,22.42256760597229
627,-3.05,2,22.44760036468506
628,3.85,8,22.475637674331665
629,4.75,2,22.501803636550903
630,3.85,8,22.536381721496582
631,4.3,5,22.563395500183105
632,-3.15,4,22.58991527557373
633,3.4,11,22.768285036087036
634,4.3,5,22.79843020439148
635,3.25,12,22.837475061416626
636,3.1,13,22.882147550582886
637,4.6000000000000005,3,22.910817623138428
638,3.25,12,22.95694613456726
639,-3.5,11,23.001774549484253
640,4.0,7,23.03216528892517
641,4.75,2,23.056705236434937
642,-3.0,1,23.078949213027954
643,-3.0,1,23.1027250289917
644,4.75,2,23.127564191818237
645,-3.15,4,23.15732479095459
646,-3.1,3,23.182834148406982
647,-3.0,1,23.20604968070984
648,3.85,8,23.242870092391968
649,4.3,5,23.27579927444458
650,3.85,8,23.30985140800476
651,3.6999999999999997,9,23.3441424369812
652,-3.4,9,23.381266117095947
653,4.6000000000000005,3,23.4102201461792
654,4.3,5,23.44065237045288
655,4.9,1,23.464799880981445
656,-3.55,12,23.504889726638794
657,-3.5,11,23.545963764190674
658,-3.45,10,23.586782932281494
659,4.449999999999999,4,23.61831784248352
660,-1.75,15,23.668524742126465
661,4.0,7,23.70777440071106
662,-3.55,12,23.749433517456055
663,4.75,2,23.777538299560547
664,-3.3,7,23.810890436172485
665,-3.6,13,23.856179237365723
666,3.85,8,23.89296054840088
667,4.75,2,23.918957948684692
668,-3.45,10,23.962518453598022
669,3.6999999999999997,9,24.00271987915039
670,4.15,6,24.196146726608276
671,-1.75,15,24.239134073257446
672,4.15,6,24.270917892456055
673,3.4,11,24.316925048828125
674,3.6999999999999997,9,24.356764554977417
675,3.55,10,24.394955158233643
676,-3.7,15,24.43776822090149
677,-1.75,15,24.48190951347351
678,3.4,11,24.517795085906982
679,3.85,8,24.55530023574829
680,-3.4,9,24.597734928131104
681,4.449999999999999,4,24.626137495040894
682,-3.4,9,24.66450834274292
683,3.6999999999999997,9,24.69755268096924
684,4.15,6,24.725752353668213
685,4.75,2,24.75115203857422
686,4.75,2,24.78048086166382
687,4.15,6,24.81427550315857
688,4.75,2,24.83903956413269
689,4.15,6,24.872885942459106
690,-1.75,15,24.926846981048584
691,-3.0,1,24.956536531448364
692,-1.75,15,25.016260623931885
693,4.75,2,25.045093536376953
694,4.15,6,25.079756021499634
695,4.3,5,25.115318059921265
696,-1.75,15,25.163848161697388
697,4.75,2,25.193934679031372
698,-1.75,15,25.2405264377594
699,3.4,11,25.291921854019165
700,3.4,11,25.3379385471344
701,4.449999999999999,4,25.513604640960693
702,4.449999999999999,4,25.544419050216675
703,3.25,12,25.58525252342224
704,4.6000000000000005,3,25.608814477920532
705,3.85,8,25.64284658432007
706,4.3,5,25.672977685928345
707,-3.4,9,25.707502126693726
708,4.0,7,25.745834589004517
709,-3.05,2,25.772308826446533
710,-3.3,7,25.808435916900635
711,3.55,10,25.849862575531006
712,3.25,12,25.892489433288574
713,4.6000000000000005,3,25.924324989318848
714,4.75,2,25.950602531433105
715,-3.4,9,25.984051942825317
716,4.0,7,26.024658918380737
717,4.3,5,26.05522322654724
718,-1.75,15,26.107311725616455
719,4.15,6,26.139142274856567
720,4.0,7,26.17180061340332
721,-1.75,15,26.217623949050903
722,3.6999999999999997,9,26.251304149627686
723,3.85,8,26.286860704421997
724,3.55,10,26.32432508468628
725,-1.75,15,26.372323036193848
726,4.15,6,26.404518604278564
727,-3.45,10,26.44061017036438
728,4.6000000000000005,3,26.46384358406067
729,3.6999999999999997,9,26.498104333877563
730,3.25,12,26.539215803146362
731,4.3,5,26.572883129119873
732,4.6000000000000005,3,26.603734970092773
733,4.6000000000000005,3,26.631132125854492
734,4.3,5,26.66299080848694
735,4.6000000000000005,3,26.694496154785156
736,4.6000000000000005,3,26.72550392150879
737,3.1,13,26.939977884292603
738,4.15,6,26.987347841262817
739,4.75,2,27.01680827140808
740,-3.1,3,27.041909217834473
741,3.4,11,27.085506677627563
742,3.85,8,27.116854667663574
743,4.15,6,27.146085262298584
744,4.3,5,27.176701068878174
745,4.75,2,27.2000949382782
746,-3.1,3,27.229762077331543
747,4.75,2,27.256000518798828
748,4.6000000000000005,3,27.28670358657837
749,4.15,6,27.323127031326294
750,-3.45,10,27.363173961639404
751,4.6000000000000005,3,27.394161462783813
752,4.449999999999999,4,27.423120975494385
753,4.6000000000000005,3,27.449989557266235
754,-3.25,6,27.48314070701599
755,-3.45,10,27.519416570663452
756,4.6000000000000005,3,27.550079107284546
757,4.15,6,27.58312726020813
758,3.55,10,27.623656749725342
759,4.0,7,27.66960382461548
760,-3.35,8,27.705601453781128
761,3.85,8,27.750720262527466
762,4.9,1,27.777167320251465
763,4.3,5,27.8064284324646
764,3.6999999999999997,9,27.84286594390869
765,-1.75,15,27.888954639434814
766,4.449999999999999,4,27.91639733314514
767,-1.75,15,27.966718673706055
768,4.15,6,27.996021509170532
769,4.75,2,28.02154278755188
770,4.6000000000000005,3,28.051472663879395
771,3.6999999999999997,9,28.09731698036194
772,-3.25,6,28.129034996032715
773,4.75,2,28.15348482131958
774,4.75,2,28.1749849319458
775,3.55,10,28.211851358413696
776,-1.75,15,28.2552752494812
777,-1.75,15,28.497356414794922
778,4.15,6,28.53522491455078
779,4.0,7,28.574649810791016
780,4.3,5,28.608595848083496
781,3.6999999999999997,9,28.647043466567993
782,4.3,5,28.676583528518677
783,3.55,10,28.717477083206177
784,3.4,11,28.75382375717163
785,4.75,2,28.781301259994507
786,4.9,1,28.80751872062683
787,3.4,11,28.846800804138184
788,3.85,8,28.88227367401123
789,4.6000000000000005,3,28.907541275024414
790,4.0,7,28.938884973526
791,3.4,11,28.9855055809021
792,4.15,6,29.023797035217285
793,4.6000000000000005,3,29.05586266517639
794,3.85,8,29.09033226966858
795,4.449999999999999,4,29.120787382125854
796,-3.4,9,29.170320987701416
797,4.6000000000000005,3,29.204344272613525
798,4.449999999999999,4,29.234274864196777
799,3.6999999999999997,9,29.2694890499115
800,4.449999999999999,4,29.29729962348938
801,-3.15,4,29.322325944900513
802,-3.5,11,29.36060667037964
803,4.6000000000000005,3,29.386646270751953
804,3.85,8,29.42011284828186
805,3.55,10,29.455171585083008
806,3.1,13,29.497485160827637
807,-3.6,13,29.53810954093933
808,-3.05,2,29.565726041793823
809,4.0,7,29.595030069351196
810,4.0,7,29.62443780899048
811,4.3,5,29.66219663619995
812,-1.75,15,29.706475496292114
813,4.9,1,29.73478937149048
814,4.449999999999999,4,29.926618576049805
815,4.6000000000000005,3,29.95424747467041
816,4.6000000000000005,3,29.982730627059937
817,4.15,6,30.020485877990723
818,3.85,8,30.056864976882935
819,3.85,8,30.101059913635254
820,4.0,7,30.13640570640564
821,4.0,7,30.171964645385742
822,-1.75,15,30.21791911125183
823,4.15,6,30.251687049865723
824,4.449999999999999,4,30.287295818328857
825,3.55,10,30.322542428970337
826,3.6999999999999997,9,30.358469486236572
827,4.15,6,30.387853860855103
828,3.85,8,30.4209406375885
829,3.55,10,30.462411642074585
830,3.85,8,30.498138189315796
831,4.15,6,30.52887487411499
832,4.6000000000000005,3,30.55279231071472
833,4.449999999999999,4,30.58433985710144
834,4.9,1,30.604896545410156
835,3.6999999999999997,9,30.638861656188965
836,4.6000000000000005,3,30.66804337501526
837,4.3,5,30.694336414337158
838,-3.5,11,30.7339985370636
839,-3.45,10,30.76828670501709
840,4.9,1,30.789846420288086
841,4.75,2,30.821500539779663
842,3.85,8,30.85788106918335
843,4.0,7,30.88800311088562
844,4.3,5,30.916550397872925
845,4.15,6,30.946154356002808
846,4.9,1,30.968173265457153
847,4.15,6,30.99835753440857
848,4.3,5,31.02877187728882
849,4.15,6,31.06142020225525
850,4.449999999999999,4,31.09225058555603
851,-3.65,14,31.1341495513916
852,4.449999999999999,4,31.169347286224365
853,4.0,7,31.204314470291138
854,-3.35,8,31.388925313949585
855,3.6999999999999997,9,31.428257703781128
856,3.4,11,31.471055507659912
857,3.6999999999999997,9,31.510793209075928
858,-3.3,7,31.546961307525635
859,4.449999999999999,4,31.577825784683228
860,-1.75,15,31.627731323242188
861,-3.5,11,31.6776180267334
862,4.75,2,31.703295469284058
863,4.75,2,31.731985807418823
864,4.0,7,31.772443771362305
865,-3.7,15,31.821349143981934
866,4.15,6,31.874626636505127
867,4.0,7,31.925638675689697
868,4.6000000000000005,3,31.966732263565063
869,4.3,5,32.009135723114014
870,3.6999999999999997,9,32.051005125045776
871,4.15,6,32.080384492874146
872,3.4,11,32.11755967140198
873,-1.75,15,32.15883755683899
874,3.25,12,32.20404601097107
875,3.1,13,32.24401569366455
876,-1.75,15,32.28591966629028
877,-1.75,15,32.33204984664917
878,3.4,11,32.37232041358948
879,4.6000000000000005,3,32.40417790412903
880,3.6999999999999997,9,32.44398808479309
881,-1.75,15,32.48707604408264
882,4.15,6,32.51655626296997
883,3.55,10,32.69984722137451
884,-3.55,12,32.740190744400024
885,4.6000000000000005,3,32.76571702957153
886,-3.65,14,32.81726431846619
887,2.9499999999999997,14,32.8588662147522
888,4.75,2,32.88721513748169
889,4.15,6,32.91652989387512
890,4.449999999999999,4,32.94206237792969
891,-1.75,15,32.98945665359497
892,4.3,5,33.020288944244385
893,4.6000000000000005,3,33.05073666572571
894,4.449999999999999,4,33.0841166973114
895,4.3,5,33.1198525428772
896,3.6999999999999997,9,33.16082787513733
897,4.449999999999999,4,33.18733596801758
898,3.25,12,33.23018217086792
899,3.85,8,33.267300605773926
900,3.4,11,33.30719232559204
901,4.6000000000000005,3,33.336198806762695
902,4.6000000000000005,3,33.359177350997925
903,3.85,8,33.38999009132385
904,-3.0,1,33.41112279891968
905,3.1,13,33.4498233795166
906,4.15,6,33.48144578933716
907,4.15,6,33.51218295097351
908,-1.75,15,33.569599628448486
909,4.75,2,33.60301089286804
910,-1.75,15,33.6528115272522
911,4.0,7,33.68571615219116
912,3.85,8,33.725499868392944
913,4.75,2,33.749269247055054
914,3.25,12,33.789825201034546
915,-1.75,15,33.832035064697266
916,3.55,10,34.01449418067932
917,4.3,5,34.04417848587036
918,4.0,7,34.07633924484253
919,-3.6,13,34.119282484054565
920,-3.25,6,34.14874076843262
921,3.6999999999999997,9,34.183693408966064
922,-1.75,15,34.227254152297974
923,4.0,7,34.26701021194458
924,4.3,5,34.3020555973053
925,-1.75,15,34.35007643699646
926,-1.75,15,34.398197412490845
927,4.449999999999999,4,34.427889585494995
928,-1.75,15,34.47368860244751
929,-3.7,15,34.51614761352539
930,-1.75,15,34.5649778842926
931,4.449999999999999,4,34.592313289642334
932,4.15,6,34.62901949882507
933,3.4,11,34.668914794921875
934,4.6000000000000005,3,34.70038628578186
935,3.55,10,34.74905753135681
936,4.0,7,34.7864556312561
937,4.6000000000000005,3,34.82057332992554
938,3.1,13,34.86524677276611
939,-3.7,15,34.91046404838562
940,3.55,10,34.94726037979126
941,-1.75,15,34.98740339279175
942,4.6000000000000005,3,35.01238679885864
943,-1.75,15,35.2179000377655
944,-1.75,15,35.26547694206238
945,4.6000000000000005,3,35.28954005241394
946,4.75,2,35.31724405288696
947,4.75,2,35.342851877212524
948,4.6000000000000005,3,35.36723494529724
949,-3.6,13,35.405508041381836
950,4.449999999999999,4,35.43293738365173
951,4.3,5,35.462541580200195
952,4.15,6,35.49218416213989
953,3.4,11,35.530696630477905
954,4.6000000000000005,3,35.55785036087036
955,3.85,8,35.592055559158325
956,4.15,6,35.622766971588135
957,-1.75,15,35.67056369781494
958,4.0,7,35.70301842689514
959,4.449999999999999,4,35.73383450508118
960,-1.75,15,35.77392864227295
961,3.85,8,35.81371831893921
962,4.6000000000000005,3,35.83838486671448
963,4.449999999999999,4,35.864933013916016
964,3.4,11,35.90439963340759
965,3.4,11,35.942259788513184
966,4.449999999999999,4,35.973679304122925
967,4.3,5,36.00416278839111
968,4.15,6,36.03875017166138
969,4.0,7,36.07648754119873
970,-3.05,2,36.10337018966675
971,4.75,2,36.12812614440918
972,4.6000000000000005,3,36.15601587295532
973,4.75,2,36.18366289138794
974,4.3,5,36.218732595443726
975,4.449999999999999,4,36.25347089767456
976,4.15,6,36.29446268081665
977,4.3,5,36.32852292060852
978,3.25,12,36.37196183204651
979,4.3,5,36.410653591156006
980,3.25,12,36.45074129104614
981,4.3,5,36.6368682384491
982,4.3,5,36.66587018966675
983,3.6999999999999997,9,36.7009756565094
984,4.3,5,36.7277455329895
985,3.25,12,36.76513123512268
986,4.75,2,36.788209438323975
987,3.4,11,36.820937156677246
988,4.6000000000000005,3,36.85013508796692
989,3.6999999999999997,9,36.88735866546631
990,3.6999999999999997,9,36.924349308013916
991,3.1,13,36.97033071517944
992,3.55,10,37.0095477104187
993,-1.75,15,37.06389570236206
994,3.4,11,37.10430359840393
995,4.15,6,37.14269208908081
996,3.85,8,37.17375874519348
997,4.15,6,37.207634925842285
998,-3.4,9,37.24467492103577
999,3.55,10,37.28346490859985
1000,4.75,2,37.30687165260315
1001,4.75,2,37.334704637527466
1002,-1.75,15,37.3778338432312
1003,-1.75,15,37.424071073532104
1004,4.75,2,37.451725006103516
1005,-1.75,15,37.49204659461975
1006,4.6000000000000005,3,37.51973748207092
1007,4.6000000000000005,3,37.54814863204956
1008,4.3,5,37.58133244514465
1009,-1.75,15,37.635342597961426
1010,4.449999999999999,4,37.66603422164917
1011,3.55,10,37.70310020446777
1012,4.0,7,37.74314045906067
1013,4.449999999999999,4,37.92289113998413
1014,4.449999999999999,4,37.95719504356384
1015,4.15,6,37.99302268028259
1016,4.15,6,38.03015208244324
1017,4.9,1,38.05514740943909
1018,-1.75,15,38.098111152648926
1019,-1.75,15,38.13987374305725
1020,4.15,6,38.16724252700806
1021,-1.75,15,38.21635055541992
1022,4.449999999999999,4,38.245882511138916
1023,3.55,10,38.280900955200195
1024,4.15,6,38.31098985671997
1025,-1.75,15,38.35360097885132
1026,-1.75,15,38.40151262283325
1027,4.3,5,38.43722748756409
1028,-3.2,5,38.46838879585266
1029,4.15,6,38.502336740493774
1030,4.75,2,38.527528524398804
1031,-1.75,15,38.57221841812134
1032,3.25,12,38.61858773231506
1033,4.3,5,38.64635753631592
1034,4.6000000000000005,3,38.67096972465515
1035,3.4,11,38.715556144714355
1036,4.15,6,38.75396752357483
1037,3.6999999999999997,9,38.788798809051514
1038,3.4,11,38.82640767097473
1039,4.6000000000000005,3,38.849273681640625
1040,4.6000000000000005,3,38.87477469444275
1041,3.85,8,38.90817308425903
1042,4.75,2,38.9332172870636
1043,4.6000000000000005,3,38.96068739891052
1044,4.449999999999999,4,38.98873829841614
1045,3.55,10,39.02333116531372
1046,4.6000000000000005,3,39.05087971687317
1047,4.15,6,39.08681869506836
1048,-1.75,15,39.286895751953125
1049,4.75,2,39.31557011604309
1050,-1.75,15,39.35888695716858
1051,4.6000000000000005,3,39.38590383529663
1052,4.75,2,39.4142324924469
1053,4.449999999999999,4,39.44520545005798
1054,4.9,1,39.47535419464111
1055,4.3,5,39.513588190078735
1056,3.4,11,39.556884765625
1057,4.9,1,39.58393430709839
1058,3.6999999999999997,9,39.62237524986267
1059,4.0,7,39.65707492828369
1060,4.15,6,39.69114327430725
1061,3.4,11,39.72970008850098
1062,-1.75,15,39.77286672592163
1063,4.9,1,39.798147439956665
1064,3.4,11,39.83580207824707
1065,-1.75,15,39.877737045288086
1066,4.3,5,39.90741491317749
1067,3.85,8,39.940871477127075
1068,4.449999999999999,4,39.967143058776855
1069,3.55,10,40.00165867805481
1070,3.85,8,40.03386735916138
1071,4.75,2,40.061490058898926
1072,4.449999999999999,4,40.0918242931366
1073,4.6000000000000005,3,40.120532512664795
1074,4.6000000000000005,3,40.147764682769775
1075,4.6000000000000005,3,40.17634844779968
1076,4.6000000000000005,3,40.20590829849243
1077,4.0,7,40.243534088134766
1078,4.15,6,40.27017092704773
1079,-3.25,6,40.29964542388916
1080,-1.75,15,40.348695278167725
1081,3.85,8,40.386648654937744
1082,-1.75,15,40.426698207855225
1083,3.85,8,40.46776485443115
1084,4.449999999999999,4,40.49696946144104
1085,3.85,8,40.67905139923096
1086,4.449999999999999,4,40.711148500442505
1087,4.15,6,40.74348497390747
1088,3.55,10,40.78431248664856
1089,4.6000000000000005,3,40.81150841712952
1090,3.6999999999999997,9,40.850120306015015
1091,4.0,7,40.882014989852905
1092,4.3,5,40.91216850280762
1093,4.3,5,40.94077205657959
1094,3.4,11,40.98286294937134
1095,4.0,7,41.0143084526062
1096,3.55,10,41.05179286003113
1097,4.6000000000000005,3,41.0791175365448
1098,4.0,7,41.11281633377075
1099,-3.05,2,41.13832354545593
1100,4.449999999999999,4,41.17061471939087
1101,-1.75,15,41.21501612663269
1102,4.0,7,41.24584627151489
1103,3.6999999999999997,9,41.283079624176025
1104,4.6000000000000005,3,41.30664849281311
1105,-1.75,15,41.35761761665344
1106,3.6999999999999997,9,41.391517639160156
1107,4.9,1,41.41490173339844
1108,4.3,5,41.44302940368652
1109,3.55,10,41.47981119155884
1110,-1.75,15,41.52311825752258
1111,3.6999999999999997,9,41.5578351020813
1112,4.3,5,41.58559989929199
1113,2.8,15,41.62823271751404
1114,4.75,2,41.65042042732239
1115,4.449999999999999,4,41.680811643600464
1116,4.449999999999999,4,41.71086883544922
1117,3.55,10,41.75370717048645
1118,3.85,8,41.794084787368774
1119,3.6999999999999997,9,41.83401417732239
1120,3.85,8,42.0369815826416
1121,4.75,2,42.063957929611206
1122,4.0,7,42.096354722976685
1123,3.4,11,42.13795804977417
1124,4.15,6,42.16648268699646
1125,4.15,6,42.20055627822876
1126,3.85,8,42.23878502845764
1127,-3.15,4,42.271024227142334
1128,4.75,2,42.297916650772095
1129,4.0,7,42.328381299972534
1130,3.55,10,42.36537313461304
1131,4.3,5,42.39478540420532
1132,-1.75,15,42.4443633556366
1133,4.75,2,42.47455906867981
1134,3.85,8,42.508280515670776
1135,4.75,2,42.53521728515625
1136,4.15,6,42.56932234764099
1137,3.25,12,42.60818386077881
1138,4.0,7,42.645787954330444
1139,4.15,6,42.68552589416504
1140,3.6999999999999997,9,42.72652888298035
1141,-1.75,15,42.77238464355469
1142,4.449999999999999,4,42.805113792419434
1143,3.1,13,42.84450960159302
1144,4.3,5,42.87182116508484
1145,4.15,6,42.90088939666748
1146,4.75,2,42.934627056121826
1147,-1.75,15,42.97874355316162
1148,3.55,10,43.01576113700867
1149,3.6999999999999997,9,43.05197334289551
1150,3.25,12,43.0937077999115
1151,3.6999999999999997,9,43.131388902664185
1152,4.15,6,43.16616630554199
1153,4.449999999999999,4,43.200494050979614
1154,4.3,5,43.232292890548706
1155,3.55,10,43.41658902168274
1156,4.3,5,43.4508752822876
1157,4.15,6,43.48303532600403
1158,3.6999999999999997,9,43.521389961242676
1159,3.6999999999999997,9,43.562798738479614
1160,3.55,10,43.60017943382263
1161,-3.05,2,43.62594676017761
1162,-3.65,14,43.66766023635864
1163,-1.75,15,43.71508479118347
1164,-3.6,13,43.76661801338196
1165,3.55,10,43.80563831329346
1166,-3.25,6,43.83880591392517
1167,3.85,8,43.88569664955139
1168,4.15,6,43.922351598739624
1169,-3.35,8,43.96746110916138
1170,-1.75,15,44.03015613555908
1171,-3.45,10,44.07127261161804
1172,4.3,5,44.10289192199707
1173,-1.75,15,44.14904832839966
1174,3.55,10,44.19307899475098
1175,-3.1,3,44.22471380233765
1176,4.75,2,44.25024771690369
1177,4.15,6,44.28324294090271
1178,4.3,5,44.314385414123535
1179,-1.75,15,44.365060567855835
1180,4.3,5,44.39303278923035
1181,4.3,5,44.41874933242798
1182,4.449999999999999,4,44.44985818862915
1183,4.449999999999999,4,44.47935223579407
1184,4.15,6,44.507956981658936
1185,-1.75,15,44.550230503082275
1186,4.6000000000000005,3,44.57730507850647
1187,4.449999999999999,4,44.7616012096405
1188,4.75,2,44.79208540916443
1189,4.449999999999999,4,44.8202691078186
1190,3.55,10,44.85585880279541
1191,3.85,8,44.89177870750427
1192,4.9,1,44.91656160354614
1193,4.75,2,44.940080404281616
1194,3.85,8,44.97153401374817
1195,4.75,2,44.99503803253174
1196,4.15,6,45.024999380111694
1197,4.449999999999999,4,45.05504846572876
1198,4.449999999999999,4,45.08867335319519
1199,4.15,6,45.12113881111145
1200,4.449999999999999,4,45.15121150016785
1201,4.449999999999999,4,45.184640407562256
1202,4.75,2,45.21091389656067
1203,4.6000000000000005,3,45.24459767341614
1204,-1.75,15,45.290207386016846
1205,4.75,2,45.32258057594299
1206,3.85,8,45.362476110458374
1207,-1.75,15,45.40614700317383
1208,4.449999999999999,4,45.436479568481445
1209,4.6000000000000005,3,45.465739250183105
1210,4.449999999999999,4,45.49666905403137
1211,3.25,12,45.54480171203613
1212,-1.75,15,45.60315775871277
1213,2.9499999999999997,14,45.652320861816406
1214,3.1,13,45.696274280548096
1215,3.55,10,45.73558282852173
1216,3.4,11,45.779855251312256
1217,3.85,8,45.81796431541443
1218,4.0,7,45.85953164100647
1219,4.449999999999999,4,45.88701820373535
1220,3.55,10,45.923380851745605
1221,4.0,7,45.95306897163391
1222,4.6000000000000005,3,45.981689453125
1223,4.15,6,46.01102948188782
1224,4.449999999999999,4,46.04283094406128
1225,3.6999999999999997,9,46.23479771614075
1226,4.6000000000000005,3,46.26339864730835
1227,4.75,2,46.293617248535156
1228,4.3,5,46.32122802734375
1229,4.449999999999999,4,46.349637031555176
1230,4.3,5,46.38022065162659
1231,3.85,8,46.41525602340698
1232,4.449999999999999,4,46.44584274291992
1233,-3.15,4,46.470768213272095
1234,3.6999999999999997,9,46.50681948661804
1235,4.6000000000000005,3,46.54178977012634
1236,4.15,6,46.57815170288086
1237,3.55,10,46.6151647567749
1238,4.9,1,46.64164066314697
1239,4.9,1,46.66543912887573
1240,3.1,13,46.704148054122925
1241,-1.75,15,46.747822999954224
1242,4.6000000000000005,3,46.77768540382385
1243,3.25,12,46.81553244590759
1244,4.0,7,46.851139545440674
1245,4.0,7,46.88540744781494
1246,-3.3,7,46.91848087310791
1247,4.3,5,46.947571754455566
1248,-1.75,15,46.99230241775513
1249,-3.65,14,47.036213397979736
1250,3.85,8,47.07092761993408
1251,4.3,5,47.106396436691284
1252,4.75,2,47.13540482521057
1253,3.85,8,47.1754674911499
1254,4.0,7,47.20943331718445
1255,4.449999999999999,4,47.23828053474426
1256,-3.3,7,47.274845361709595
1257,4.6000000000000005,3,47.30264210700989
1258,3.85,8,47.335633754730225
1259,4.15,6,47.37639355659485
1260,4.449999999999999,4,47.401891469955444
1261,4.3,5,47.43294644355774
1262,4.75,2,47.45507550239563
1263,4.3,5,47.481709003448486
1264,3.6999999999999997,9,47.51414394378662
1265,4.0,7,47.54837489128113
1266,3.85,8,47.744405031204224
1267,3.55,10,47.79615497589111
1268,4.15,6,47.82805681228638
1269,3.85,8,47.860013246536255
1270,4.75,2,47.88694190979004
1271,3.85,8,47.92446780204773
1272,4.75,2,47.948949337005615
1273,4.449999999999999,4,47.98148059844971
1274,4.449999999999999,4,48.008729457855225
1275,4.15,6,48.03939914703369
1276,4.449999999999999,4,48.066123962402344
1277,4.3,5,48.09407925605774
1278,4.0,7,48.129799127578735
1279,3.4,11,48.16534900665283
1280,3.4,11,48.2036030292511
1281,4.15,6,48.231802463531494
1282,3.85,8,48.26206588745117
1283,3.55,10,48.29627871513367
1284,4.0,7,48.33755326271057
1285,4.6000000000000005,3,48.36557722091675
1286,4.3,5,48.40124988555908
1287,4.449999999999999,4,48.429203033447266
1288,4.0,7,48.46851634979248
1289,3.6999999999999997,9,48.5103805065155
1290,4.449999999999999,4,48.542739152908325
1291,-1.75,15,48.594080448150635
1292,4.449999999999999,4,48.626192569732666
1293,4.449999999999999,4,48.6578528881073
1294,4.0,7,48.69490146636963
1295,4.449999999999999,4,48.72517514228821
1296,4.3,5,48.7608163356781
1297,4.449999999999999,4,48.79487156867981
1298,4.9,1,48.82802200317383
1299,3.55,10,48.86819791793823
1300,4.75,2,48.89870262145996
1301,-3.4,9,48.94026017189026
1302,4.0,7,48.97493815422058
1303,-3.4,9,49.01181387901306
1304,3.85,8,49.049976110458374
1305,4.0,7,49.088844299316406
1306,4.3,5,49.27046275138855
1307,4.6000000000000005,3,49.30367469787598
1308,4.3,5,49.33553600311279
1309,4.75,2,49.36674404144287
1310,4.3,5,49.39426517486572
1311,-1.75,15,49.436729431152344
1312,3.85,8,49.47518348693848
1313,4.75,2,49.50462532043457
1314,3.6999999999999997,9,49.54033637046814
1315,3.85,8,49.571348905563354
1316,4.0,7,49.602609634399414
1317,4.6000000000000005,3,49.630062103271484
1318,4.15,6,49.66014361381531
1319,4.15,6,49.691375732421875
1320,4.3,5,49.71982002258301
1321,4.15,6,49.74934387207031
1322,3.25,12,49.79157495498657
1323,4.449999999999999,4,49.82889413833618
1324,4.15,6,49.858139514923096
1325,3.55,10,49.8961181640625
1326,4.0,7,49.929017066955566
1327,4.6000000000000005,3,49.955522537231445
1328,4.6000000000000005,3,49.980833292007446
1329,4.9,1,50.002434730529785
1330,3.55,10,50.045342206954956
1331,3.85,8,50.0811550617218
1332,4.449999999999999,4,50.10864496231079
1333,4.6000000000000005,3,50.13399791717529
1334,3.6999999999999997,9,50.17426824569702
1335,3.85,8,50.21471452713013
1336,4.449999999999999,4,50.244648694992065
1337,3.55,10,50.28372049331665
1338,4.449999999999999,4,50.31695532798767
1339,4.75,2,50.3448121547699
1340,3.1,13,50.38430953025818
1341,4.3,5,50.41529989242554
1342,3.85,8,50.45026659965515
1343,3.55,10,50.49160313606262
1344,4.3,5,50.52024722099304
1345,4.449999999999999,4,50.54942011833191
1346,4.449999999999999,4,50.587215185165405
1347,4.6000000000000005,3,50.61799597740173
1348,4.6000000000000005,3,50.6482355594635
1349,4.15,6,50.84600901603699
1350,3.25,12,50.88433504104614
1351,3.4,11,50.921385526657104
1352,4.6000000000000005,3,50.94956040382385
1353,4.6000000000000005,3,50.973427057266235
1354,4.449999999999999,4,51.001805782318115
1355,3.85,8,51.033544063568115
1356,4.3,5,51.06378984451294
1357,4.449999999999999,4,51.09136915206909
1358,3.6999999999999997,9,51.1326367855072
1359,4.0,7,51.16240072250366
1360,4.449999999999999,4,51.1900577545166
1361,4.6000000000000005,3,51.21577501296997
1362,3.85,8,51.25609993934631
1363,4.6000000000000005,3,51.284162282943726
1364,2.9499999999999997,14,51.3311243057251
1365,3.55,10,51.370593786239624
1366,3.4,11,51.408018350601196
1367,-3.05,2,51.431925535202026
1368,4.75,2,51.454800844192505
1369,4.15,6,51.48455214500427
1370,4.15,6,51.515188217163086
1371,-1.75,15,51.55626583099365
1372,4.449999999999999,4,51.58280062675476
1373,4.75,2,51.60694909095764
1374,-3.65,14,51.650211572647095
1375,4.75,2,51.677313804626465
1376,-1.75,15,51.72115087509155
1377,4.6000000000000005,3,51.75084114074707
1378,-1.75,15,51.81115412712097
1379,-3.7,15,51.86457538604736
1380,4.3,5,51.90203070640564
1381,4.6000000000000005,3,51.930084228515625
1382,3.85,8,51.96958661079407
1383,3.85,8,52.01197695732117
1384,4.3,5,52.0455219745636
1385,3.55,10,52.23211479187012
1386,4.75,2,52.26098585128784
1387,4.75,2,52.2871630191803
1388,3.85,8,52.32176923751831
1389,3.55,10,52.3610315322876
1390,4.15,6,52.39719295501709
1391,4.3,5,52.43447828292847
1392,3.85,8,52.46659874916077
1393,4.15,6,52.49732065200806
1394,-1.75,15,52.53905463218689
1395,4.6000000000000005,3,52.56534814834595
1396,4.75,2,52.587445974349976
1397,4.6000000000000005,3,52.6177499294281
1398,3.85,8,52.6596577167511
1399,4.9,1,52.68247961997986
1400,4.75,2,52.708492279052734
1401,4.15,6,52.73711371421814
1402,4.449999999999999,4,52.76612329483032
1403,4.0,7,52.798089265823364
1404,4.6000000000000005,3,52.82542371749878
1405,-3.5,11,52.86580753326416
1406,4.0,7,52.89925694465637
1407,3.1,13,52.94099688529968
1408,-3.15,4,52.97103023529053
1409,-1.75,15,53.01665735244751
1410,4.449999999999999,4,53.04620003700256
1411,4.75,2,53.0712833404541
1412,3.55,10,53.11077332496643
1413,3.6999999999999997,9,53.14496040344238
1414,4.75,2,53.168248653411865
1415,4.3,5,53.19430208206177
1416,4.3,5,53.22347378730774
1417,4.9,1,53.2482635974884
1418,3.6999999999999997,9,53.28976035118103
1419,4.15,6,53.321741819381714
1420,4.15,6,53.35278582572937
1421,-1.75,15,53.40052652359009
1422,-1.75,15,53.445751428604126
1423,4.75,2,53.470826387405396
1424,4.75,2,53.49793481826782
1425,4.75,2,53.52522683143616
1426,-1.75,15,53.76304531097412
1427,4.449999999999999,4,53.79130816459656
1428,4.3,5,53.82201647758484
1429,4.15,6,53.85262632369995
1430,4.6000000000000005,3,53.881025552749634
1431,4.15,6,53.914796590805054
1432,4.75,2,53.94426369667053
1433,4.0,7,53.9721302986145
1434,3.6999999999999997,9,54.00518202781677
1435,4.3,5,54.034900188446045
1436,4.0,7,54.06765055656433
1437,4.0,7,54.10275197029114
1438,4.0,7,54.136478900909424
1439,3.6999999999999997,9,54.16790294647217
1440,-1.75,15,54.20964050292969
1441,-3.65,14,54.253669023513794
1442,3.6999999999999997,9,54.28972578048706
1443,3.6999999999999997,9,54.32765603065491
1444,4.6000000000000005,3,54.35462284088135
1445,4.449999999999999,4,54.387431621551514
1446,4.6000000000000005,3,54.419337034225464
1447,4.3,5,54.447102546691895
1448,4.9,1,54.471736907958984
1449,4.449999999999999,4,54.50393223762512
1450,4.75,2,54.53640818595886
1451,4.15,6,54.56804060935974
1452,3.6999999999999997,9,54.609604358673096
1453,3.55,10,54.651036977767944
1454,4.0,7,54.68829560279846
1455,4.15,6,54.719874143600464
1456,3.4,11,54.76133346557617
1457,3.85,8,54.79896855354309
1458,4.6000000000000005,3,54.831915855407715
1459,3.6999999999999997,9,54.880165338516235
1460,-1.75,15,54.92713260650635
1461,4.75,2,54.956120014190674
1462,-1.75,15,55.187928915023804
1463,3.25,12,55.234490633010864
1464,3.85,8,55.27565312385559
1465,3.6999999999999997,9,55.31607460975647
1466,4.449999999999999,4,55.34829592704773
1467,-1.75,15,55.393216609954834
1468,-1.75,15,55.43287181854248
1469,3.25,12,55.47346496582031
1470,4.6000000000000005,3,55.501041889190674
1471,3.1,13,55.53942084312439
1472,4.0,7,55.57334780693054
1473,3.6999999999999997,9,55.608745098114014
1474,4.75,2,55.63179135322571
1475,3.55,10,55.66504621505737
1476,4.6000000000000005,3,55.69201135635376
1477,4.75,2,55.715569257736206
1478,4.449999999999999,4,55.744256258010864
1479,3.85,8,55.77430295944214
1480,4.6000000000000005,3,55.801896810531616
1481,3.6999999999999997,9,55.83725571632385
1482,3.25,12,55.87950944900513
1483,3.6999999999999997,9,55.91660690307617
1484,4.6000000000000005,3,55.94821572303772
1485,4.0,7,55.99169945716858
1486,4.6000000000000005,3,56.02817177772522
1487,4.75,2,56.054304361343384
1488,3.85,8,56.092066287994385
1489,4.3,5,56.11898446083069
1490,4.3,5,56.15622520446777
1491,3.6999999999999997,9,56.19270467758179
1492,4.6000000000000005,3,56.22028565406799
1493,4.3,5,56.249627113342285
1494,4.75,2,56.27645254135132
1495,4.6000000000000005,3,56.301477670669556
1496,4.449999999999999,4,56.332369327545166
1497,3.6999999999999997,9,56.37149667739868
1498,4.6000000000000005,3,56.39942407608032
1499,4.9,1,56.42363524436951
1500,3.6999999999999997,9,56.46047306060791
1501,4.75,2,56.6476833820343
1502,4.6000000000000005,3,56.677743434906006
1503,3.1,13,56.72132897377014
1504,3.85,8,56.755213022232056
1505,-1.75,15,56.798401832580566
1506,3.55,10,56.84174942970276
1507,-1.75,15,56.886507749557495
1508,-3.45,10,56.92893314361572
1509,-3.55,12,56.96887803077698
1510,4.9,1,56.99362921714783
1511,3.55,10,57.02872395515442
1512,3.85,8,57.06468415260315
1513,4.3,5,57.09131574630737
1514,4.449999999999999,4,57.11691188812256
1515,4.0,7,57.151207447052
1516,4.75,2,57.17688846588135
1517,4.75,2,57.200252294540405
1518,4.0,7,57.2363977432251
1519,4.6000000000000005,3,57.261712074279785
1520,-3.65,14,57.299471378326416
1521,3.85,8,57.33220362663269
1522,3.85,8,57.37026786804199
1523,4.6000000000000005,3,57.394299030303955
1524,4.75,2,57.41806936264038
1525,4.75,2,57.444610834121704
1526,4.75,2,57.46832847595215
1527,4.0,7,57.50001835823059
1528,4.75,2,57.529881715774536
1529,4.3,5,57.5602822303772
1530,-3.55,12,57.59916615486145
1531,4.449999999999999,4,57.629191875457764
1532,4.6000000000000005,3,57.65589737892151
1533,-3.2,5,57.68443536758423
1534,3.55,10,57.72012734413147
1535,3.85,8,57.75498819351196
1536,4.449999999999999,4,57.78571438789368
1537,4.449999999999999,4,57.81887483596802
1538,4.449999999999999,4,57.847508668899536
1539,4.0,7,57.878100872039795
1540,-1.75,15,58.09279203414917
1541,3.6999999999999997,9,58.136794328689575
1542,4.449999999999999,4,58.16387939453125
1543,-1.75,15,58.21160078048706
1544,4.0,7,58.24484968185425
1545,4.15,6,58.27925705909729
1546,4.0,7,58.3197386264801
1547,3.1,13,58.37715125083923
1548,4.6000000000000005,3,58.40727138519287
1549,3.4,11,58.45886588096619
1550,3.6999999999999997,9,58.49809551239014
1551,3.1,13,58.54295253753662
1552,3.85,8,58.57997274398804
1553,4.15,6,58.61277484893799
1554,3.85,8,58.64976119995117
1555,3.25,12,58.694756507873535
1556,-1.75,15,58.7405526638031
1557,4.9,1,58.76267743110657
1558,4.15,6,58.79474210739136
1559,3.85,8,58.82604789733887
1560,4.15,6,58.859724044799805
1561,3.85,8,58.8899188041687
1562,4.449999999999999,4,58.916680574417114
1563,4.449999999999999,4,58.95053768157959
1564,3.6999999999999997,9,58.98727345466614
1565,4.75,2,59.01393938064575
1566,4.0,7,59.05073642730713
1567,3.55,10,59.08583688735962
1568,4.0,7,59.12238836288452
1569,4.0,7,59.15516185760498
1570,4.0,7,59.18889570236206
1571,4.15,6,59.224222898483276
1572,3.85,8,59.258402824401855
1573,4.15,6,59.445417404174805
1574,4.6000000000000005,3,59.4722216129303
1575,4.449999999999999,4,59.49683856964111
1576,4.75,2,59.52447867393494
1577,4.449999999999999,4,59.553181409835815
1578,4.6000000000000005,3,59.58141016960144
1579,4.6000000000000005,3,59.605929374694824
1580,3.55,10,59.644490242004395
1581,3.6999999999999997,9,59.685757875442505
1582,4.449999999999999,4,59.71596050262451
1583,4.0,7,59.750696897506714
1584,4.75,2,59.78022766113281
1585,4.3,5,59.80785036087036
1586,4.3,5,59.83712458610535
1587,4.3,5,59.869908809661865
1588,4.3,5,59.90117526054382
1589,3.6999999999999997,9,59.93518018722534
1590,4.9,1,59.95921564102173
1591,4.3,5,59.99213361740112
1592,3.55,10,60.028908252716064
1593,4.9,1,60.05279016494751
1594,4.6000000000000005,3,60.07737112045288
1595,-1.75,15,60.119946241378784
1596,3.25,12,60.173192501068115
1597,4.6000000000000005,3,60.20275163650513
1598,4.3,5,60.23447799682617
1599,4.75,2,60.26118016242981
1600,4.6000000000000005,3,60.29226303100586
1601,3.25,12,60.331247329711914
1602,4.15,6,60.372559785842896
1603,3.55,10,60.41394090652466
1604,-1.75,15,60.464072942733765
1605,4.449999999999999,4,60.494978189468384
1606,4.15,6,60.534785747528076
1607,-1.75,15,60.582613945007324
1608,4.0,7,60.61624336242676
1609,3.4,11,60.65520453453064
1610,4.0,7,60.690895080566406
1611,4.15,6,60.72530722618103
1612,4.75,2,60.75109267234802
1613,4.449999999999999,4,60.78426742553711
1614,-3.6,13,60.975152015686035
1615,4.449999999999999,4,61.00278425216675
1616,4.3,5,61.03525972366333
1617,4.15,6,61.067989349365234
1618,-3.55,12,61.1103138923645
1619,4.6000000000000005,3,61.140562295913696
1620,4.3,5,61.170533895492554
1621,3.1,13,61.217222452163696
1622,4.6000000000000005,3,61.24444365501404
1623,-3.2,5,61.275190114974976
1624,4.449999999999999,4,61.304001331329346
1625,4.449999999999999,4,61.332624673843384
1626,4.6000000000000005,3,61.362414598464966
1627,3.25,12,61.40614676475525
1628,4.3,5,61.43490695953369
1629,4.15,6,61.46747708320618
1630,3.85,8,61.502142906188965
1631,-1.75,15,61.552032232284546
1632,4.3,5,61.58849835395813
1633,3.55,10,61.625592947006226
1634,3.6999999999999997,9,61.6611967086792
1635,4.0,7,61.692609548568726
1636,-1.75,15,61.740885496139526
1637,3.85,8,61.778584241867065
1638,4.6000000000000005,3,61.80526304244995
1639,3.6999999999999997,9,61.841286182403564
1640,4.449999999999999,4,61.86791253089905
1641,3.85,8,61.900657653808594
1642,4.9,1,61.925472259521484
1643,4.6000000000000005,3,61.95031690597534
1644,4.3,5,61.98450446128845
1645,3.85,8,62.026756048202515
1646,4.449999999999999,4,62.06209921836853
1647,4.75,2,62.08462452888489
1648,4.0,7,62.12597942352295
1649,3.85,8,62.171762228012085
1650,-3.45,10,62.21096849441528
1651,3.6999999999999997,9,62.246784687042236
1652,3.25,12,62.425737380981445
1653,3.85,8,62.45591688156128
1654,3.6999999999999997,9,62.49160432815552
1655,3.55,10,62.523051738739014
1656,3.4,11,62.55990147590637
1657,4.449999999999999,4,62.590559244155884
1658,4.75,2,62.616076707839966
1659,3.4,11,62.658695459365845
1660,-1.75,15,62.702064990997314
1661,4.6000000000000005,3,62.72994780540466
1662,4.449999999999999,4,62.76259636878967
1663,4.75,2,62.79031848907471
1664,4.3,5,62.82872939109802
1665,-1.75,15,62.87064075469971
1666,3.85,8,62.9066481590271
1667,4.6000000000000005,3,62.93184280395508
1668,4.0,7,62.96483087539673
1669,4.75,2,62.98945689201355
1670,-1.75,15,63.04106068611145
1671,3.85,8,63.07743453979492
1672,-1.75,15,63.13244819641113
1673,4.449999999999999,4,63.1673800945282
1674,4.6000000000000005,3,63.19653391838074
1675,3.6999999999999997,9,63.242069482803345
1676,4.6000000000000005,3,63.268335819244385
1677,4.449999999999999,4,63.29798126220703
1678,4.449999999999999,4,63.32495164871216
1679,4.9,1,63.34769153594971
1680,4.6000000000000005,3,63.374260902404785
1681,4.6000000000000005,3,63.400991916656494
1682,3.85,8,63.43282699584961
1683,4.6000000000000005,3,63.45529341697693
1684,3.55,10,63.489763021469116
1685,4.9,1,63.51185059547424
1686,4.449999999999999,4,63.5421199798584
1687,4.3,5,63.5722758769989
1688,4.449999999999999,4,63.6008837223053
1689,3.85,8,63.64062452316284
1690,4.0,7,63.682377338409424
1691,4.9,1,63.70699334144592
1692,4.75,2,63.7305691242218
1693,4.75,2,63.90405774116516
1694,3.55,10,63.94700050354004
1695,3.6999999999999997,9,63.986955642700195
1696,-1.75,15,64.03303003311157
1697,4.449999999999999,4,64.06614589691162
1698,3.55,10,64.10473823547363
1699,4.449999999999999,4,64.1327772140503
1700,3.6999999999999997,9,64.16689682006836
1701,3.85,8,64.202397108078
1702,4.449999999999999,4,64.23164105415344
1703,4.15,6,64.26302075386047
1704,4.0,7,64.30456185340881
1705,4.6000000000000005,3,64.34138131141663
1706,-1.75,15,64.3856463432312
1707,4.449999999999999,4,64.41438627243042
1708,4.449999999999999,4,64.44512486457825
1709,4.6000000000000005,3,64.47259092330933
1710,3.55,10,64.51041412353516
1711,4.449999999999999,4,64.54473185539246
1712,4.15,6,64.57682800292969
1713,4.15,6,64.60642528533936
1714,4.449999999999999,4,64.6379292011261
1715,-3.3,7,64.6708881855011
1716,4.3,5,64.70410394668579
1717,4.75,2,64.73265647888184
1718,4.0,7,64.76801037788391
1719,4.9,1,64.78911590576172
1720,4.0,7,64.81939697265625
1721,3.85,8,64.8633086681366
1722,4.449999999999999,4,64.8919632434845
1723,4.6000000000000005,3,64.9175431728363
1724,4.449999999999999,4,64.94773292541504
1725,4.75,2,64.97269368171692
1726,4.75,2,65.00513935089111
1727,4.449999999999999,4,65.03430891036987
1728,4.449999999999999,4,65.06397819519043
1729,3.55,10,65.10089135169983
1730,3.85,8,65.1339602470398
1731,4.449999999999999,4,65.16416335105896
1732,3.4,11,65.21218419075012
1733,4.449999999999999,4,65.24167108535767
1734,4.6000000000000005,3,65.26841306686401
1735,4.449999999999999,4,65.30133724212646
1736,4.3,5,65.33356380462646
1737,4.75,2,65.51189351081848
1738,4.449999999999999,4,65.54568815231323
1739,4.3,5,65.57739067077637
1740,4.449999999999999,4,65.60267376899719
1741,4.75,2,65.6267569065094
1742,-3.65,14,65.66870665550232
1743,4.449999999999999,4,65.69542121887207
1744,4.0,7,65.72819352149963
1745,4.6000000000000005,3,65.75359201431274
1746,4.6000000000000005,3,65.77764534950256
1747,4.15,6,65.80801606178284
1748,4.75,2,65.83642816543579
1749,4.6000000000000005,3,65.86677598953247
1750,4.75,2,65.89335441589355
1751,4.75,2,65.91727828979492
1752,3.55,10,65.9597852230072
1753,4.6000000000000005,3,65.98747158050537
1754,4.3,5,66.0176682472229
1755,4.15,6,66.05062055587769
1756,4.449999999999999,4,66.08040356636047
1757,4.6000000000000005,3,66.10886669158936
1758,-1.75,15,66.15314364433289
1759,3.4,11,66.19204378128052
1760,4.75,2,66.21583533287048
1761,3.85,8,66.25507760047913
1762,3.55,10,66.30007648468018
1763,4.6000000000000005,3,66.33138728141785
1764,4.449999999999999,4,66.36048293113708
1765,3.6999999999999997,9,66.40089988708496
1766,4.3,5,66.43033385276794
1767,4.3,5,66.46077847480774
1768,4.15,6,66.4912428855896
1769,4.0,7,66.52077221870422
1770,4.75,2,66.54332232475281
1771,4.449999999999999,4,66.56989359855652
1772,-3.35,8,66.60127305984497
1773,4.75,2,66.62682127952576
1774,3.55,10,66.66599678993225
1775,4.0,7,66.6967625617981
1776,3.85,8,66.73067879676819
1777,4.6000000000000005,3,66.7626085281372
1778,3.85,8,66.79475092887878
1779,4.6000000000000005,3,66.8176383972168
1780,4.0,7,66.84918975830078
1781,3.4,11,66.88673782348633
1782,3.4,11,67.07759499549866
1783,4.75,2,67.10083079338074
1784,-1.75,15,67.14335584640503
1785,4.3,5,67.1733181476593
1786,4.75,2,67.1978485584259
1787,4.3,5,67.22601652145386
1788,4.75,2,67.25051164627075
1789,4.9,1,67.2724826335907
1790,4.449999999999999,4,67.29801106452942
1791,4.0,7,67.32992434501648
1792,4.6000000000000005,3,67.36038756370544
1793,4.6000000000000005,3,67.39009547233582
1794,4.15,6,67.42090892791748
1795,4.15,6,67.45136666297913
1796,4.6000000000000005,3,67.47891736030579
1797,4.6000000000000005,3,67.50332689285278
1798,-1.75,15,67.55326890945435
1799,4.449999999999999,4,67.58328318595886
1800,4.449999999999999,4,67.61354994773865
1801,-1.75,15,67.66152000427246
1802,4.15,6,67.69129514694214
1803,3.6999999999999997,9,67.72872304916382
1804,-3.25,6,67.76135849952698
1805,4.449999999999999,4,67.79348611831665
1806,4.6000000000000005,3,67.81722354888916
1807,4.0,7,67.85353589057922
1808,4.6000000000000005,3,67.88873839378357
1809,4.449999999999999,4,67.91958904266357
1810,-3.3,7,67.95629811286926
1811,4.449999999999999,4,67.98507523536682
1812,4.75,2,68.01391196250916
1813,3.85,8,68.04717445373535
1814,4.75,2,68.07092261314392
1815,4.449999999999999,4,68.09904336929321
1816,4.6000000000000005,3,68.12939548492432
1817,4.449999999999999,4,68.15760517120361
1818,3.55,10,68.19445133209229
1819,3.25,12,68.23692798614502
1820,4.0,7,68.2747151851654
1821,4.449999999999999,4,68.30715727806091
1822,4.15,6,68.3478512763977
1823,4.15,6,68.37778306007385
1824,4.449999999999999,4,68.40630006790161
1825,4.449999999999999,4,68.43547224998474
1826,4.75,2,68.46834301948547
1827,4.449999999999999,4,68.49826264381409
1828,-1.75,15,68.73081684112549
1829,4.15,6,68.76160740852356
1830,4.3,5,68.78914093971252
1831,4.3,5,68.81896209716797
1832,3.6999999999999997,9,68.8682656288147
1833,4.6000000000000005,3,68.90846133232117
1834,4.3,5,68.94197368621826
1835,4.6000000000000005,3,68.96957349777222
1836,3.85,8,69.0071918964386
1837,3.4,11,69.05540490150452
1838,4.6000000000000005,3,69.08656573295593
1839,4.15,6,69.12239670753479
1840,4.0,7,69.16089725494385
1841,4.0,7,69.19207739830017
1842,4.15,6,69.2275881767273
1843,4.6000000000000005,3,69.25486469268799
1844,4.0,7,69.29428577423096
1845,-3.45,10,69.33911991119385
1846,4.6000000000000005,3,69.37141418457031
1847,3.25,12,69.41634368896484
1848,4.9,1,69.44279360771179
1849,4.3,5,69.47631931304932
1850,4.0,7,69.51275444030762
1851,4.449999999999999,4,69.54549813270569
1852,3.25,12,69.58857917785645
1853,4.3,5,69.61606478691101
1854,3.25,12,69.65427732467651
1855,4.75,2,69.67910027503967
1856,4.0,7,69.71240830421448
1857,4.75,2,69.74112319946289
1858,4.6000000000000005,3,69.77500104904175
1859,3.1,13,69.82438802719116
1860,4.3,5,69.8519356250763
1861,-1.75,15,69.89298272132874
1862,4.449999999999999,4,69.92205166816711
1863,4.75,2,69.9480390548706
1864,3.6999999999999997,9,69.9830334186554
1865,4.449999999999999,4,70.01104092597961
1866,3.6999999999999997,9,70.04426884651184
1867,4.15,6,70.07528042793274
1868,4.0,7,70.25174808502197
1869,4.0,7,70.29619073867798
1870,3.6999999999999997,9,70.33609795570374
1871,3.25,12,70.38140797615051
1872,4.75,2,70.40853118896484
1873,4.449999999999999,4,70.437673330307
1874,4.3,5,70.46952652931213
1875,4.0,7,70.51096272468567
1876,-1.75,15,70.56140279769897
1877,4.449999999999999,4,70.59050178527832
1878,3.1,13,70.63091969490051
1879,4.75,2,70.6574854850769
1880,3.6999999999999997,9,70.69605708122253
1881,4.3,5,70.72788977622986
1882,4.6000000000000005,3,70.75651383399963
1883,4.6000000000000005,3,70.78305411338806
1884,4.449999999999999,4,70.81857109069824
1885,4.6000000000000005,3,70.84613418579102
1886,4.9,1,70.87383079528809
1887,2.9499999999999997,14,70.92159843444824
1888,4.3,5,70.95976543426514
1889,4.0,7,70.99444603919983
1890,3.85,8,71.03885102272034
1891,4.6000000000000005,3,71.06802582740784
1892,-1.75,15,71.11715006828308
1893,4.449999999999999,4,71.14934778213501
1894,4.75,2,71.17711305618286
1895,4.3,5,71.20704555511475
1896,4.6000000000000005,3,71.23209381103516
1897,3.6999999999999997,9,71.27522253990173
1898,4.449999999999999,4,71.29952096939087
1899,4.15,6,71.3298397064209
1900,4.15,6,71.3590407371521
1901,4.449999999999999,4,71.38947987556458
1902,4.15,6,71.41975045204163
1903,3.1,13,71.45965766906738
1904,3.6999999999999997,9,71.49331521987915
1905,4.449999999999999,4,71.52137231826782
1906,3.6999999999999997,9,71.55786943435669
1907,3.6999999999999997,9,71.59296584129333
1908,3.6999999999999997,9,71.7806384563446
1909,4.0,7,71.81885099411011
1910,4.6000000000000005,3,71.84778141975403
1911,3.25,12,71.89637899398804
1912,4.75,2,71.92558813095093
1913,4.3,5,71.96189379692078
1914,4.3,5,71.99893474578857
1915,3.25,12,72.05268383026123
1916,3.85,8,72.09727835655212
1917,3.4,11,72.14574074745178
1918,4.6000000000000005,3,72.17757511138916
1919,3.6999999999999997,9,72.2154598236084
1920,4.6000000000000005,3,72.24710154533386
1921,4.0,7,72.28039741516113
1922,3.4,11,72.32466793060303
1923,4.449999999999999,4,72.35698962211609
1924,3.55,10,72.398930311203
1925,4.0,7,72.44000172615051
1926,3.6999999999999997,9,72.48062038421631
1927,4.15,6,72.51764988899231
1928,4.6000000000000005,3,72.54715156555176
1929,-3.45,10,72.60087752342224
1930,4.6000000000000005,3,72.63675045967102
1931,4.6000000000000005,3,72.67242193222046
1932,3.25,12,72.72248220443726
1933,4.3,5,72.75968527793884
1934,4.0,7,72.7986695766449
1935,4.0,7,72.83946990966797
1936,4.75,2,72.8694486618042
1937,4.75,2,72.89660334587097
1938,-1.75,15,72.94711065292358
1939,4.449999999999999,4,72.97734498977661
1940,4.3,5,73.01271843910217
1941,3.25,12,73.06578493118286
1942,4.3,5,73.10519194602966
1943,4.15,6,73.15024828910828
1944,3.1,13,73.20150256156921
1945,3.25,12,73.39928126335144
1946,3.4,11,73.44261121749878
1947,4.449999999999999,4,73.47397184371948
1948,3.4,11,73.51065325737
1949,4.75,2,73.53606390953064
1950,4.75,2,73.56120753288269
1951,4.9,1,73.59364318847656
1952,3.4,11,73.63690280914307
1953,3.1,13,73.68881034851074
1954,4.449999999999999,4,73.73009181022644
1955,4.3,5,73.76575875282288
1956,4.3,5,73.80430006980896
1957,4.9,1,73.8316740989685
1958,4.3,5,73.86600971221924
1959,4.449999999999999,4,73.90322637557983
1960,4.0,7,73.94709515571594
1961,4.0,7,73.99052023887634
1962,4.6000000000000005,3,74.02629113197327
1963,4.3,5,74.06302404403687
1964,4.449999999999999,4,74.09836649894714
1965,4.6000000000000005,3,74.13564777374268
1966,3.85,8,74.18356347084045
1967,4.449999999999999,4,74.22173547744751
1968,4.6000000000000005,3,74.25222826004028
1969,3.85,8,74.29517579078674
1970,3.55,10,74.33703136444092
1971,2.9499999999999997,14,74.38955092430115
1972,4.6000000000000005,3,74.4207923412323
1973,3.6999999999999997,9,74.45798134803772
1974,4.6000000000000005,3,74.48515200614929
1975,4.449999999999999,4,74.51418328285217
1976,-1.75,15,74.566650390625
1977,3.55,10,74.6179563999176
1978,4.449999999999999,4,74.64655756950378
1979,3.4,11,74.69102883338928
1980,4.3,5,74.72230935096741
1981,3.85,8,74.75962328910828
1982,4.449999999999999,4,74.7911787033081
1983,4.0,7,74.82449197769165
1984,4.0,7,75.03235054016113
1985,4.15,6,75.06700801849365
1986,4.15,6,75.09982872009277
1987,3.6999999999999997,9,75.14133858680725
1988,3.55,10,75.18411207199097
1989,3.4,11,75.22622776031494
1990,4.3,5,75.26007032394409
1991,4.3,5,75.29307842254639
1992,3.55,10,75.34305214881897
1993,3.6999999999999997,9,75.38820219039917
1994,4.449999999999999,4,75.42589950561523
1995,4.75,2,75.4564003944397
1996,4.6000000000000005,3,75.4869155883789
1997,4.3,5,75.52932286262512
1998,4.3,5,75.56285786628723
1999,3.25,12,75.6117262840271
2000,4.3,5,75.64790630340576
2001,3.55,10,75.69375252723694
2002,4.449999999999999,4,75.73648977279663
2003,3.6999999999999997,9,75.77928733825684
2004,4.6000000000000005,3,75.81163787841797
2005,4.9,1,75.8390576839447
2006,4.9,1,75.86217904090881
2007,-1.75,15,75.91277956962585
2008,4.0,7,75.94811868667603
2009,4.15,6,75.98304462432861
2010,4.6000000000000005,3,76.01394605636597
2011,4.75,2,76.04388523101807
2012,4.15,6,76.07712650299072
2013,4.3,5,76.11104154586792
2014,4.6000000000000005,3,76.14040660858154
2015,3.85,8,76.17419362068176
2016,3.55,10,76.21780061721802
2017,4.75,2,76.24632906913757
2018,4.15,6,76.28455400466919
2019,4.6000000000000005,3,76.31669688224792
2020,4.0,7,76.35130429267883
2021,-3.15,4,76.3813066482544
2022,3.6999999999999997,9,76.42055988311768
2023,3.55,10,76.47248101234436
2024,4.449999999999999,4,76.505699634552
2025,4.3,5,76.53435468673706
2026,3.25,12,76.7444863319397
2027,4.449999999999999,4,76.77915287017822
2028,4.449999999999999,4,76.81533074378967
2029,4.6000000000000005,3,76.8488564491272
2030,4.9,1,76.8793625831604
2031,4.3,5,76.91561722755432
2032,4.3,5,76.9562246799469
2033,3.85,8,76.99964237213135
2034,4.15,6,77.04194736480713
2035,4.449999999999999,4,77.07733035087585
2036,4.15,6,77.11492943763733
2037,4.75,2,77.14711928367615
2038,4.0,7,77.1809811592102
2039,4.6000000000000005,3,77.20860862731934
2040,3.85,8,77.24686336517334
2041,3.25,12,77.29823780059814
2042,-1.75,15,77.35270261764526
2043,4.75,2,77.3794949054718
2044,3.1,13,77.4284873008728
2045,4.15,6,77.46341490745544
2046,4.3,5,77.49491310119629
2047,-3.05,2,77.52459788322449
2048,4.15,6,77.55379581451416
2049,3.6999999999999997,9,77.58898210525513
2050,4.0,7,77.61931777000427
2051,4.3,5,77.64699625968933
2052,4.0,7,77.68402600288391
2053,4.15,6,77.71756196022034
2054,4.449999999999999,4,77.74868750572205
2055,4.449999999999999,4,77.77549529075623
2056,4.449999999999999,4,77.80743193626404
2057,4.3,5,77.83760738372803
2058,4.15,6,77.86757373809814
2059,4.6000000000000005,3,77.89490485191345
2060,4.6000000000000005,3,77.91917824745178
2061,-1.75,15,77.97138094902039
2062,3.55,10,78.01139307022095
2063,4.15,6,78.04260778427124
2064,4.3,5,78.07237648963928
2065,3.55,10,78.11092472076416
2066,3.85,8,78.14556765556335
2067,4.6000000000000005,3,78.16981267929077
2068,4.9,1,78.19466996192932
2069,4.0,7,78.37102055549622
2070,4.6000000000000005,3,78.3971152305603
2071,4.3,5,78.42579984664917
2072,4.3,5,78.45426297187805
2073,3.85,8,78.48932790756226
2074,4.449999999999999,4,78.52240896224976
2075,4.6000000000000005,3,78.5547137260437
2076,3.4,11,78.60740423202515
2077,4.0,7,78.65089678764343
2078,3.4,11,78.69668698310852
2079,4.3,5,78.7301676273346
2080,4.3,5,78.76474499702454
2081,4.15,6,78.80128121376038
2082,4.75,2,78.83104109764099
2083,4.449999999999999,4,78.86309170722961
2084,3.85,8,78.90356469154358
2085,3.25,12,78.94393968582153
2086,4.75,2,78.97314524650574
2087,4.6000000000000005,3,79.00677013397217
2088,4.6000000000000005,3,79.03719878196716
2089,4.6000000000000005,3,79.06581020355225
2090,3.85,8,79.10239243507385
2091,3.85,8,79.13869333267212
2092,4.15,6,79.16613054275513
2093,4.15,6,79.19679474830627
2094,4.75,2,79.2219398021698
2095,4.6000000000000005,3,79.2485134601593
2096,4.3,5,79.28145599365234
2097,-1.75,15,79.32866263389587
2098,3.25,12,79.36614322662354
2099,3.55,10,79.39974570274353
2100,4.0,7,79.4282922744751
2101,4.449999999999999,4,79.45718574523926
2102,3.55,10,79.48930716514587
2103,-1.75,15,79.53088092803955
2104,4.15,6,79.56625604629517
2105,4.0,7,79.60007500648499
2106,4.15,6,79.62977600097656
2107,4.449999999999999,4,79.65805745124817
2108,4.6000000000000005,3,79.68642044067383
2109,-3.5,11,79.88618397712708
2110,-3.1,3,79.91509127616882
2111,-3.45,10,79.95729327201843
2112,4.3,5,79.98595094680786
2113,4.75,2,80.01139736175537
2114,4.6000000000000005,3,80.03993201255798
2115,4.3,5,80.06976199150085
2116,4.0,7,80.10492062568665
2117,4.75,2,80.12692403793335
2118,4.0,7,80.1619725227356
2119,-3.1,3,80.19075632095337
2120,-3.7,15,80.245769739151
2121,3.85,8,80.28411960601807
2122,4.6000000000000005,3,80.31612229347229
2123,3.1,13,80.35872077941895
2124,3.6999999999999997,9,80.39801669120789
2125,3.6999999999999997,9,80.43316864967346
2126,4.9,1,80.45783138275146
2127,3.4,11,80.49671721458435
2128,4.9,1,80.52396726608276
2129,3.6999999999999997,9,80.56023836135864
2130,4.6000000000000005,3,80.5884759426117
2131,3.1,13,80.63212847709656
2132,-3.6,13,80.67813110351562
2133,4.449999999999999,4,80.71186375617981
2134,4.6000000000000005,3,80.74297404289246
2135,-3.45,10,80.7801284790039
2136,4.15,6,80.80868577957153
2137,3.85,8,80.84137511253357
2138,4.6000000000000005,3,80.86987853050232
2139,4.449999999999999,4,80.89560437202454
2140,4.75,2,80.92372369766235
2141,4.449999999999999,4,80.95269513130188
2142,4.3,5,80.98418188095093
2143,3.25,12,81.02856349945068
2144,4.15,6,81.06387090682983
2145,4.6000000000000005,3,81.0944333076477
2146,4.75,2,81.12233304977417
2147,4.15,6,81.1511561870575
2148,-3.2,5,81.18342280387878
2149,4.3,5,81.21549415588379
2150,4.449999999999999,4,81.24517869949341
2151,4.6000000000000005,3,81.42521071434021
2152,4.3,5,81.45221972465515
2153,4.15,6,81.48296976089478
2154,4.3,5,81.51295590400696
2155,4.0,7,81.5446457862854
2156,4.0,7,81.57653713226318
2157,4.449999999999999,4,81.60132265090942
2158,4.3,5,81.6304759979248
2159,4.6000000000000005,3,81.65986776351929
2160,4.0,7,81.69609761238098
2161,4.449999999999999,4,81.72366285324097
2162,4.75,2,81.74832677841187
2163,3.85,8,81.78293871879578
2164,4.449999999999999,4,81.81532764434814
2165,4.6000000000000005,3,81.84577059745789
2166,4.0,7,81.88926839828491
2167,4.0,7,81.92732048034668
2168,3.55,10,81.97303009033203
2169,4.0,7,82.00985193252563
2170,4.3,5,82.04259204864502
2171,4.0,7,82.08258938789368
2172,4.15,6,82.12899136543274
2173,3.85,8,82.17295145988464
2174,4.9,1,82.19934630393982
2175,4.15,6,82.2349181175232
2176,-3.65,14,82.27523016929626
2177,4.0,7,82.30861616134644
2178,4.0,7,82.33838820457458
2179,4.6000000000000005,3,82.36902523040771
2180,4.3,5,82.40000224113464
2181,3.85,8,82.43309235572815
2182,3.85,8,82.46492910385132
2183,4.3,5,82.49941968917847
2184,4.6000000000000005,3,82.52712106704712
2185,4.9,1,82.54772114753723
2186,4.75,2,82.5715868473053
2187,3.55,10,82.60491490364075
2188,4.0,7,82.63996434211731
2189,4.6000000000000005,3,82.66978025436401
2190,3.25,12,82.7128427028656
2191,4.0,7,82.74273467063904
2192,4.75,2,82.76738500595093
2193,4.9,1,82.79084897041321
2194,4.75,2,82.81344223022461
2195,4.15,6,82.84935283660889
2196,-1.75,15,83.04852771759033
2197,4.6000000000000005,3,83.07927799224854
2198,4.6000000000000005,3,83.10660576820374
2199,3.85,8,83.13924765586853
2200,4.75,2,83.17010068893433
2201,-3.4,9,83.20650053024292
2202,4.75,2,83.22905135154724
2203,4.9,1,83.26050090789795
2204,4.3,5,83.29572200775146
2205,4.449999999999999,4,83.3288848400116
2206,4.75,2,83.3564100265503
2207,4.75,2,83.38072085380554
2208,3.6999999999999997,9,83.41931176185608
2209,4.75,2,83.44289946556091
2210,4.6000000000000005,3,83.46776270866394
2211,4.75,2,83.49267911911011
2212,4.0,7,83.52867817878723
2213,3.25,12,83.57535767555237
2214,4.3,5,83.60887169837952
2215,4.0,7,83.64254307746887
2216,4.75,2,83.67127895355225
2217,4.75,2,83.69636130332947
2218,3.55,10,83.73800444602966
2219,4.449999999999999,4,83.76966452598572
2220,4.3,5,83.80250716209412
2221,3.6999999999999997,9,83.83988547325134
2222,4.449999999999999,4,83.8688850402832
2223,4.75,2,83.89525270462036
2224,3.6999999999999997,9,83.93412017822266
2225,3.85,8,83.96960139274597
2226,3.85,8,84.00324702262878
2227,3.6999999999999997,9,84.0399911403656
2228,4.6000000000000005,3,84.0639750957489
2229,4.0,7,84.09396266937256
2230,4.9,1,84.11664724349976
2231,4.449999999999999,4,84.14458513259888
2232,3.55,10,84.18031024932861
2233,3.6999999999999997,9,84.21786689758301
2234,3.4,11,84.25474262237549
2235,4.6000000000000005,3,84.28097009658813
2236,4.9,1,84.3045015335083
2237,3.6999999999999997,9,84.33925104141235
2238,3.6999999999999997,9,84.38129186630249
2239,4.6000000000000005,3,84.40807271003723
2240,4.0,7,84.44401431083679
2241,3.6999999999999997,9,84.48250603675842
2242,3.85,8,84.67134523391724
2243,4.449999999999999,4,84.7052104473114
2244,4.3,5,84.73404788970947
2245,4.0,7,84.76837849617004
2246,4.0,7,84.80006241798401
2247,-1.75,15,84.84573411941528
2248,3.6999999999999997,9,84.89579176902771
2249,3.85,8,84.93785333633423
2250,3.55,10,84.98017239570618
2251,4.449999999999999,4,85.01773309707642
2252,4.3,5,85.05229592323303
2253,3.25,12,85.09956955909729
2254,4.15,6,85.1404960155487
2255,4.449999999999999,4,85.17365908622742
2256,3.25,12,85.21964049339294
2257,4.0,7,85.2609851360321
2258,4.449999999999999,4,85.30182838439941
2259,4.6000000000000005,3,85.33667302131653
2260,4.3,5,85.37843084335327
2261,4.75,2,85.40465426445007
2262,4.75,2,85.43136405944824
2263,-3.5,11,85.47242999076843
2264,3.6999999999999997,9,85.51020193099976
2265,4.6000000000000005,3,85.54048228263855
2266,4.0,7,85.57296633720398
2267,4.6000000000000005,3,85.59972786903381
2268,3.6999999999999997,9,85.63527131080627
2269,-3.7,15,85.67715501785278
2270,3.85,8,85.71124029159546
2271,3.85,8,85.74200868606567
2272,4.75,2,85.76668977737427
2273,4.0,7,85.79667925834656
2274,4.15,6,85.82923483848572
2275,4.449999999999999,4,85.86066341400146
2276,-1.75,15,85.91306114196777
2277,4.3,5,85.94599652290344
2278,4.449999999999999,4,85.97493004798889
2279,3.1,13,86.15839862823486
2280,4.9,1,86.18294501304626
2281,4.15,6,86.21519875526428
2282,4.0,7,86.2467634677887
2283,4.15,6,86.27498388290405
2284,4.6000000000000005,3,86.30072236061096
2285,4.3,5,86.32773184776306
2286,-1.75,15,86.3703932762146
2287,4.3,5,86.39855337142944
2288,4.449999999999999,4,86.4260048866272
2289,4.0,7,86.45621800422668
2290,4.6000000000000005,3,86.48166465759277
2291,4.15,6,86.51444983482361
2292,4.75,2,86.53933954238892
2293,3.25,12,86.58070302009583
2294,4.75,2,86.61144948005676
2295,3.55,10,86.6510763168335
2296,4.9,1,86.67672395706177
2297,4.449999999999999,4,86.70987582206726
2298,4.3,5,86.73863172531128
2299,4.15,6,86.77241063117981
2300,-1.75,15,86.8216643333435
2301,4.3,5,86.86052227020264
2302,4.6000000000000005,3,86.89013934135437
2303,4.449999999999999,4,86.92137432098389
2304,3.4,11,86.96108102798462
2305,4.75,2,86.98355627059937
2306,4.449999999999999,4,87.01478576660156
2307,4.75,2,87.0462532043457
2308,4.3,5,87.07493424415588
2309,4.3,5,87.10733270645142
2310,-3.25,6,87.14438199996948
2311,3.85,8,87.17912983894348
2312,4.6000000000000005,3,87.21182799339294
2313,3.6999999999999997,9,87.25285935401917
2314,-1.75,15,87.30288696289062
2315,4.15,6,87.33538699150085
2316,4.449999999999999,4,87.3614010810852
2317,3.85,8,87.39572024345398
2318,4.3,5,87.42301106452942
2319,4.15,6,87.45446825027466
2320,4.6000000000000005,3,87.48161816596985
2321,-1.75,15,87.66885352134705
2322,3.4,11,87.70995593070984
2323,4.3,5,87.73995995521545
2324,3.85,8,87.77333474159241
2325,4.6000000000000005,3,87.79859328269958
2326,3.4,11,87.84260177612305
2327,4.15,6,87.8786997795105
2328,4.75,2,87.90652585029602
2329,3.4,11,87.94191527366638
2330,4.3,5,87.96933507919312
2331,4.6000000000000005,3,87.99720764160156
2332,3.25,12,88.04391884803772
2333,4.6000000000000005,3,88.0703854560852
2334,4.0,7,88.1052451133728
2335,-1.75,15,88.14709258079529
2336,3.6999999999999997,9,88.19012427330017
2337,4.449999999999999,4,88.21959447860718
2338,4.75,2,88.25052118301392
2339,4.9,1,88.27587270736694
2340,4.3,5,88.30732774734497
2341,4.15,6,88.34301614761353
2342,4.75,2,88.37268924713135
2343,4.6000000000000005,3,88.4007670879364
2344,4.9,1,88.42487454414368
2345,4.449999999999999,4,88.4563250541687
2346,4.15,6,88.48469758033752
2347,3.25,12,88.52611970901489
2348,3.85,8,88.56022620201111
2349,4.75,2,88.58186769485474
2350,3.55,10,88.62092757225037
2351,4.6000000000000005,3,88.64658856391907
2352,4.75,2,88.67654609680176
2353,4.75,2,88.70430898666382
2354,4.15,6,88.73643183708191
2355,3.1,13,88.78310680389404
2356,3.6999999999999997,9,88.82483434677124
2357,-1.75,15,88.8816750049591
2358,4.9,1,88.90815663337708
2359,3.1,13,88.9502820968628
2360,3.85,8,89.13306546211243
2361,4.6000000000000005,3,89.16214656829834
2362,4.449999999999999,4,89.19500350952148
2363,3.6999999999999997,9,89.23465204238892
2364,4.0,7,89.26820087432861
2365,4.6000000000000005,3,89.29602098464966
2366,4.449999999999999,4,89.3255066871643
2367,3.85,8,89.35670709609985
2368,4.3,5,89.38958621025085
2369,4.9,1,89.41308665275574
2370,4.15,6,89.44588685035706
2371,3.85,8,89.48036456108093
2372,4.6000000000000005,3,89.5071029663086
2373,3.4,11,89.54495286941528
2374,4.75,2,89.57050371170044
2375,4.15,6,89.60063481330872
2376,4.75,2,89.62765383720398
2377,3.6999999999999997,9,89.6717529296875
2378,4.3,5,89.70373797416687
2379,4.15,6,89.74543952941895
2380,3.25,12,89.79781293869019
2381,4.0,7,89.83525276184082
2382,4.75,2,89.86120963096619
2383,4.6000000000000005,3,89.8926272392273
2384,4.3,5,89.92640495300293
2385,4.75,2,89.9505627155304
2386,4.75,2,89.97799515724182
2387,4.6000000000000005,3,90.00804948806763
2388,4.449999999999999,4,90.03851747512817
2389,4.3,5,90.07234001159668
2390,4.6000000000000005,3,90.09527063369751
2391,3.55,10,90.13315510749817
2392,4.0,7,90.16983962059021
2393,4.75,2,90.19379711151123
2394,3.55,10,90.23537921905518
2395,4.0,7,90.26641750335693
2396,4.0,7,90.2964780330658
2397,4.75,2,90.32345533370972
2398,4.15,6,90.35465550422668
2399,4.75,2,90.37996673583984
2400,3.4,11,90.41717171669006
2401,4.0,7,90.45079898834229
2402,3.55,10,90.48645424842834
2403,4.6000000000000005,3,90.50979733467102
2404,4.6000000000000005,3,90.538094997406
2405,-1.75,15,90.58107137680054
2406,4.3,5,90.75551581382751
2407,4.15,6,90.78614091873169
2408,3.4,11,90.82375884056091
2409,4.3,5,90.85491466522217
2410,-1.75,15,90.90347099304199
2411,4.15,6,90.93687796592712
2412,4.449999999999999,4,90.96737027168274
2413,3.25,12,91.00682377815247
2414,3.4,11,91.04356503486633
2415,4.6000000000000005,3,91.06828355789185
2416,3.6999999999999997,9,91.1062068939209
2417,4.0,7,91.1448655128479
2418,4.75,2,91.17152309417725
2419,4.6000000000000005,3,91.20234990119934
2420,4.15,6,91.2344331741333
2421,3.85,8,91.27648329734802
2422,3.4,11,91.32014679908752
2423,3.6999999999999997,9,91.35795950889587
2424,3.6999999999999997,9,91.39545917510986
2425,3.85,8,91.43307948112488
2426,4.9,1,91.4581151008606
2427,4.449999999999999,4,91.49253988265991
2428,4.0,7,91.53562235832214
2429,4.3,5,91.5764389038086
2430,4.0,7,91.61424112319946
2431,4.449999999999999,4,91.651442527771
2432,4.6000000000000005,3,91.67947816848755
2433,4.0,7,91.71581959724426
2434,4.3,5,91.747722864151
2435,3.4,11,91.78353095054626
2436,3.85,8,91.81464457511902
2437,4.15,6,91.84558606147766
2438,3.4,11,91.88204669952393
2439,4.6000000000000005,3,91.91188287734985
2440,4.449999999999999,4,91.94502282142639
2441,3.6999999999999997,9,91.98848414421082
2442,4.3,5,92.0162124633789
2443,3.6999999999999997,9,92.05502724647522
2444,4.449999999999999,4,92.2637038230896
2445,4.0,7,92.29969525337219
2446,4.449999999999999,4,92.33020186424255
2447,4.15,6,92.3622989654541
2448,4.6000000000000005,3,92.3890016078949
2449,4.449999999999999,4,92.41334319114685
2450,3.85,8,92.4474368095398
2451,4.449999999999999,4,92.47382140159607
2452,4.449999999999999,4,92.49869227409363
2453,4.15,6,92.52849173545837
2454,4.15,6,92.557772397995
2455,4.3,5,92.58751249313354
2456,4.9,1,92.60827374458313
2457,3.6999999999999997,9,92.64533710479736
2458,4.75,2,92.67837500572205
2459,3.55,10,92.72000980377197
2460,4.6000000000000005,3,92.74576735496521
2461,4.75,2,92.7726719379425
2462,3.6999999999999997,9,92.82015132904053
2463,4.449999999999999,4,92.8471953868866
2464,4.0,7,92.88608002662659
2465,4.15,6,92.92617654800415
2466,3.25,12,92.9774284362793
2467,4.449999999999999,4,93.00718855857849
2468,4.0,7,93.0396876335144
2469,4.449999999999999,4,93.06796407699585
2470,3.55,10,93.1064121723175
2471,4.6000000000000005,3,93.1344256401062
2472,4.3,5,93.16607165336609
2473,3.4,11,93.20626044273376
2474,4.15,6,93.23970913887024
2475,4.75,2,93.2671308517456
2476,4.449999999999999,4,93.29683136940002
2477,4.6000000000000005,3,93.32584762573242
2478,4.75,2,93.35535049438477
2479,4.9,1,93.37537121772766
2480,4.3,5,93.40735459327698
2481,3.55,10,93.4416356086731
2482,-3.5,11,93.47895860671997
2483,4.15,6,93.50857424736023
2484,4.75,2,93.53472638130188
2485,4.75,2,93.55913710594177
2486,3.55,10,93.60320162773132
2487,3.55,10,93.6398675441742
2488,4.6000000000000005,3,93.66563487052917
2489,4.9,1,93.69505167007446
2490,4.449999999999999,4,93.72490978240967
2491,3.6999999999999997,9,93.90553617477417
2492,4.0,7,93.94268751144409
2493,4.3,5,93.97788572311401
2494,4.3,5,94.00597643852234
2495,4.75,2,94.03120446205139
2496,4.6000000000000005,3,94.06034779548645
2497,4.6000000000000005,3,94.08985567092896
2498,4.3,5,94.11855125427246
2499,4.6000000000000005,3,94.14649677276611
2500,4.3,5,94.17536282539368
2501,3.55,10,94.21693968772888
2502,-1.75,15,94.27271175384521
2503,3.25,12,94.31664609909058
2504,3.4,11,94.35567736625671
2505,4.15,6,94.38778162002563
2506,3.55,10,94.4301450252533
2507,4.0,7,94.46286582946777
2508,3.85,8,94.49630165100098
2509,4.15,6,94.52984094619751
2510,4.15,6,94.56080532073975
2511,3.55,10,94.59780669212341
2512,4.15,6,94.63378381729126
2513,-1.75,15,94.67629480361938
2514,4.75,2,94.70426344871521
2515,3.85,8,94.74621152877808
2516,4.0,7,94.77931499481201
2517,4.15,6,94.81009125709534
2518,4.9,1,94.83119106292725
2519,4.9,1,94.8616898059845
2520,4.6000000000000005,3,94.88782954216003
2521,4.6000000000000005,3,94.91530013084412
2522,4.3,5,94.94457507133484
2523,3.4,11,94.99355220794678
2524,3.4,11,95.03030967712402
2525,4.449999999999999,4,95.05793762207031
2526,4.449999999999999,4,95.08567333221436
2527,4.6000000000000005,3,95.11027407646179
2528,4.15,6,95.14674806594849
2529,4.15,6,95.17702984809875
2530,2.9499999999999997,14,95.4131932258606
2531,3.1,13,95.46624064445496
2532,4.15,6,95.5035605430603
2533,4.75,2,95.53568530082703
2534,4.6000000000000005,3,95.56631326675415
2535,3.4,11,95.60662817955017
2536,4.449999999999999,4,95.64818549156189
2537,4.449999999999999,4,95.70224690437317
2538,4.15,6,95.74338722229004
2539,3.6999999999999997,9,95.79551482200623
2540,3.55,10,95.8535304069519
2541,4.15,6,95.88962984085083
2542,3.6999999999999997,9,95.9307336807251
2543,4.75,2,95.95723247528076
2544,4.9,1,95.98605608940125
2545,4.9,1,96.01457333564758
2546,4.6000000000000005,3,96.04535269737244
2547,4.449999999999999,4,96.08138275146484
2548,4.6000000000000005,3,96.11833047866821
2549,3.4,11,96.15686750411987
2550,-1.75,15,96.20449042320251
2551,4.3,5,96.23705172538757
2552,4.75,2,96.26247501373291
2553,4.449999999999999,4,96.29483914375305
2554,4.75,2,96.32750916481018
2555,4.449999999999999,4,96.35633587837219
2556,4.449999999999999,4,96.38993954658508
2557,-1.75,15,96.4343330860138
2558,4.75,2,96.46028566360474
2559,4.15,6,96.4912326335907
2560,4.449999999999999,4,96.5169141292572
2561,4.449999999999999,4,96.54712319374084
2562,4.449999999999999,4,96.58707427978516
2563,4.3,5,96.61768245697021
2564,3.6999999999999997,9,96.65638852119446
2565,4.75,2,96.69037055969238
2566,-1.75,15,96.73781394958496
2567,4.449999999999999,4,96.76361441612244
2568,3.85,8,96.79788661003113
2569,4.3,5,96.82810354232788
2570,3.85,8,96.86125707626343
2571,4.9,1,96.88543820381165
2572,4.449999999999999,4,96.9134521484375
2573,4.3,5,96.94115138053894
2574,-1.75,15,97.12303757667542
2575,4.75,2,97.14589095115662
2576,3.55,10,97.18112802505493
2577,4.6000000000000005,3,97.2090117931366
2578,4.15,6,97.24431920051575
2579,4.449999999999999,4,97.2763888835907
2580,4.0,7,97.3093249797821
2581,4.449999999999999,4,97.3369243144989
2582,4.75,2,97.36276006698608
2583,4.75,2,97.38900446891785
2584,4.6000000000000005,3,97.41496133804321
2585,4.75,2,97.44513034820557
2586,4.0,7,97.48261594772339
2587,4.0,7,97.52130007743835
2588,4.0,7,97.55782842636108
2589,4.75,2,97.585697889328
2590,4.75,2,97.61002469062805
2591,4.3,5,97.64589238166809
2592,3.85,8,97.68877148628235
2593,4.75,2,97.71238446235657
2594,4.75,2,97.74060916900635
2595,4.0,7,97.77757000923157
2596,3.85,8,97.80976438522339
2597,3.85,8,97.85208797454834
2598,4.3,5,97.88343834877014
2599,3.1,13,97.93213319778442
2600,4.0,7,97.96433448791504
2601,4.0,7,97.99688386917114
2602,4.449999999999999,4,98.02597951889038
2603,3.85,8,98.06884574890137
2604,4.449999999999999,4,98.10305166244507
2605,3.6999999999999997,9,98.13979434967041
2606,4.3,5,98.17016553878784
2607,4.6000000000000005,3,98.19557619094849
2608,4.3,5,98.22516775131226
2609,4.6000000000000005,3,98.25767159461975
2610,4.75,2,98.28559970855713
2611,3.6999999999999997,9,98.32224035263062
2612,-3.15,4,98.34677910804749
2613,4.6000000000000005,3,98.37564849853516
2614,4.449999999999999,4,98.40493035316467
2615,4.3,5,98.43229174613953
2616,4.449999999999999,4,98.45834612846375
2617,3.55,10,98.49422693252563
2618,4.75,2,98.51854705810547
2619,4.0,7,98.54821372032166
2620,-3.65,14,98.59570956230164
2621,4.75,2,98.7952971458435
2622,-1.75,15,98.84445786476135
2623,4.6000000000000005,3,98.8785834312439
2624,4.0,7,98.91844010353088
2625,4.75,2,98.9438271522522
2626,4.0,7,98.98202013969421
2627,3.55,10,99.02099895477295
2628,4.6000000000000005,3,99.04511642456055
2629,-3.7,15,99.09262347221375
2630,-1.75,15,99.14152884483337
2631,4.9,1,99.1652295589447
2632,3.6999999999999997,9,99.20183300971985
2633,3.4,11,99.24332547187805
2634,4.6000000000000005,3,99.26847290992737
2635,4.6000000000000005,3,99.29615592956543
2636,4.3,5,99.32994198799133
2637,4.3,5,99.360915184021
2638,4.449999999999999,4,99.3892707824707
2639,4.6000000000000005,3,99.42213654518127
2640,4.449999999999999,4,99.45254921913147
2641,4.6000000000000005,3,99.47823643684387
2642,3.1,13,99.5309545993805
2643,4.0,7,99.56362104415894
2644,4.3,5,99.59671902656555
2645,4.0,7,99.63248348236084
2646,4.0,7,99.67007660865784
2647,4.75,2,99.69098401069641
2648,4.3,5,99.7200379371643
2649,4.6000000000000005,3,99.75119090080261
2650,4.6000000000000005,3,99.77870345115662
2651,4.0,7,99.8131275177002
2652,4.6000000000000005,3,99.84478545188904
2653,4.75,2,99.87018966674805
2654,4.15,6,99.90583920478821
2655,4.3,5,99.93745684623718
2656,-3.0,1,99.96226739883423
2657,4.15,6,99.99280524253845
2658,4.449999999999999,4,100.02469515800476
2659,3.6999999999999997,9,100.06460928916931
2660,4.9,1,100.08892107009888
2661,3.6999999999999997,9,100.12300634384155
2662,4.9,1,100.1452157497406
2663,4.0,7,100.17504358291626
2664,3.55,10,100.21043682098389
2665,4.3,5,100.38545370101929
2666,4.6000000000000005,3,100.41086101531982
2667,-1.75,15,100.45277404785156
2668,-3.1,3,100.47792768478394
2669,4.449999999999999,4,100.50755476951599
2670,3.6999999999999997,9,100.54514479637146
2671,4.449999999999999,4,100.57929468154907
2672,4.3,5,100.61093783378601
2673,3.85,8,100.65186142921448
2674,-1.75,15,100.70219302177429
2675,4.0,7,100.74417328834534
2676,-1.75,15,100.7952892780304
2677,3.4,11,100.83940124511719
2678,4.75,2,100.8669924736023
2679,4.15,6,100.90271759033203
2680,-3.2,5,100.93249535560608
2681,4.75,2,100.95958805084229
2682,4.3,5,101.00149488449097
2683,4.75,2,101.0348014831543
2684,4.6000000000000005,3,101.06732392311096
2685,3.85,8,101.10817790031433
2686,-3.15,4,101.14330649375916
2687,3.6999999999999997,9,101.18544244766235
2688,4.0,7,101.2192451953888
2689,-3.1,3,101.24747228622437
2690,4.9,1,101.27482843399048
2691,4.9,1,101.3018000125885
2692,-3.45,10,101.33832597732544
2693,3.85,8,101.38201761245728
2694,4.449999999999999,4,101.41162300109863
2695,4.3,5,101.44030666351318
2696,4.75,2,101.46455955505371
2697,4.3,5,101.4943356513977
2698,4.3,5,101.52674841880798
2699,-1.75,15,101.56986379623413
2700,4.0,7,101.60288286209106
2701,4.449999999999999,4,101.63220310211182
2702,3.6999999999999997,9,101.667307138443
2703,4.0,7,101.6971845626831
2704,4.0,7,101.7293131351471
2705,4.9,1,101.75504279136658
2706,-1.75,15,101.9343957901001
2707,3.4,11,101.97135066986084
2708,3.85,8,102.00846719741821
2709,3.55,10,102.04649949073792
2710,4.449999999999999,4,102.07432532310486
2711,4.15,6,102.10211515426636
2712,4.449999999999999,4,102.13159227371216
2713,4.15,6,102.17209553718567
2714,4.75,2,102.19492077827454
2715,4.9,1,102.22323656082153
2716,3.25,12,102.26268553733826
2717,3.55,10,102.30940079689026
2718,4.0,7,102.34851217269897
2719,4.3,5,102.38389229774475
2720,4.75,2,102.41175556182861
2721,4.15,6,102.44463777542114
2722,4.9,1,102.47010779380798
2723,4.6000000000000005,3,102.49537348747253
2724,4.15,6,102.52806568145752
2725,4.0,7,102.56251335144043
2726,4.0,7,102.60348200798035
2727,3.85,8,102.64972472190857
2728,4.6000000000000005,3,102.68093538284302
2729,4.0,7,102.71183061599731
2730,3.55,10,102.74740433692932
2731,4.15,6,102.77840542793274
2732,4.15,6,102.81159734725952
2733,3.25,12,102.85285019874573
2734,3.55,10,102.88610410690308
2735,4.3,5,102.91770029067993
2736,3.6999999999999997,9,102.95493960380554
2737,4.15,6,102.98496794700623
2738,4.6000000000000005,3,103.011301279068
2739,4.449999999999999,4,103.04134511947632
2740,4.6000000000000005,3,103.07001781463623
2741,4.449999999999999,4,103.09918355941772
2742,4.9,1,103.12389349937439
2743,4.3,5,103.1528582572937
2744,4.75,2,103.17698812484741
2745,4.0,7,103.20870566368103
2746,-1.75,15,103.25130915641785
2747,3.6999999999999997,9,103.44798040390015
2748,4.75,2,103.47128057479858
2749,4.6000000000000005,3,103.4989275932312
2750,3.85,8,103.53235864639282
2751,4.0,7,103.562744140625
2752,3.6999999999999997,9,103.59536457061768
2753,-1.75,15,103.63852214813232
2754,4.0,7,103.67212915420532
2755,4.0,7,103.70926904678345
2756,4.3,5,103.73754501342773
2757,3.4,11,103.77803492546082
2758,4.15,6,103.80806517601013
2759,4.15,6,103.84361147880554
2760,4.449999999999999,4,103.87043404579163
2761,3.6999999999999997,9,103.90988564491272
2762,-3.4,9,103.95006203651428
2763,3.85,8,103.98699975013733
2764,4.75,2,104.01075196266174
2765,4.6000000000000005,3,104.04204845428467
2766,4.15,6,104.08204293251038
2767,-3.3,7,104.1153130531311
2768,4.449999999999999,4,104.14423966407776
2769,4.3,5,104.17563676834106
2770,4.9,1,104.20024538040161
2771,3.1,13,104.24054098129272
2772,4.0,7,104.2742326259613
2773,4.3,5,104.30727338790894
2774,3.6999999999999997,9,104.34321689605713
2775,4.6000000000000005,3,104.36843037605286
2776,4.0,7,104.40045380592346
2777,3.4,11,104.44091963768005
2778,4.9,1,104.47060012817383
2779,4.75,2,104.50283408164978
2780,3.6999999999999997,9,104.53411197662354
2781,4.449999999999999,4,104.5592713356018
2782,4.15,6,104.59384655952454
2783,4.9,1,104.62171792984009
2784,4.6000000000000005,3,104.64997124671936
2785,4.0,7,104.68757390975952
2786,4.3,5,104.71936321258545
2787,4.75,2,104.7419216632843
2788,4.15,6,104.77258729934692
2789,4.449999999999999,4,104.8026533126831
2790,3.6999999999999997,9,104.98689460754395
2791,3.6999999999999997,9,105.02354049682617
2792,4.0,7,105.0541467666626
2793,4.6000000000000005,3,105.0774405002594
2794,4.449999999999999,4,105.10635471343994
2795,3.4,11,105.14343643188477
2796,4.449999999999999,4,105.17062497138977
2797,4.6000000000000005,3,105.19534945487976
2798,4.75,2,105.21896862983704
2799,4.449999999999999,4,105.24636030197144
2800,4.75,2,105.27256989479065
2801,3.85,8,105.30705857276917
2802,4.0,7,105.34675788879395
2803,-1.75,15,105.39733171463013
2804,4.3,5,105.43479299545288
2805,4.0,7,105.46737861633301
2806,3.4,11,105.51172399520874
2807,4.3,5,105.55113506317139
2808,-3.5,11,105.60320925712585
2809,4.3,5,105.63760757446289
2810,4.449999999999999,4,105.667156457901
2811,4.449999999999999,4,105.70443367958069
2812,3.55,10,105.75107765197754
2813,4.0,7,105.78678441047668
2814,4.15,6,105.8220648765564
2815,4.75,2,105.84463763237
2816,4.3,5,105.87702703475952
2817,4.449999999999999,4,105.90533351898193
2818,4.15,6,105.94091629981995
2819,3.55,10,105.97804880142212
2820,4.6000000000000005,3,106.00768494606018
2821,4.75,2,106.03884530067444
2822,4.0,7,106.07142519950867
2823,-3.1,3,106.09907102584839
2824,4.15,6,106.12762951850891
2825,4.3,5,106.15817451477051
2826,4.75,2,106.17963743209839
2827,4.6000000000000005,3,106.20839095115662
2828,4.6000000000000005,3,106.23489189147949
2829,4.15,6,106.2649872303009
2830,4.449999999999999,4,106.29714560508728
2831,4.0,7,106.32847499847412
2832,4.6000000000000005,3,106.3561658859253
2833,4.15,6,106.38757538795471
2834,4.75,2,106.41416883468628
2835,4.9,1,106.4384114742279
2836,4.0,7,106.46984386444092
2837,4.449999999999999,4,106.64407682418823
2838,-1.75,15,106.68677854537964
2839,4.9,1,106.70935153961182
2840,-1.75,15,106.75382781028748
2841,4.3,5,106.79161834716797
2842,-1.75,15,106.84182500839233
2843,4.3,5,106.87651300430298
2844,3.4,11,106.92013001441956
2845,4.3,5,106.95123171806335
2846,4.75,2,106.97734761238098
2847,4.449999999999999,4,107.00537776947021
2848,3.85,8,107.0453588962555
2849,3.55,10,107.0888180732727
2850,3.4,11,107.12818217277527
2851,4.75,2,107.16380500793457
2852,4.449999999999999,4,107.20297050476074
2853,4.449999999999999,4,107.2283718585968
2854,-1.75,15,107.27294254302979
2855,-1.75,15,107.31891441345215
2856,4.3,5,107.34636211395264
2857,4.449999999999999,4,107.37577891349792
2858,4.3,5,107.40310978889465
2859,4.449999999999999,4,107.43219327926636
2860,4.3,5,107.46060466766357
2861,4.75,2,107.48617243766785
2862,3.55,10,107.51820802688599
2863,4.6000000000000005,3,107.54183006286621
2864,-1.75,15,107.58621072769165
2865,4.0,7,107.62066721916199
2866,3.85,8,107.65746212005615
2867,4.3,5,107.6876950263977
2868,4.3,5,107.7165858745575
2869,4.9,1,107.74230217933655
2870,3.6999999999999997,9,107.77722191810608
2871,4.449999999999999,4,107.81041526794434
2872,4.6000000000000005,3,107.83603382110596
2873,3.6999999999999997,9,107.87216281890869
2874,3.85,8,108.05798673629761
2875,3.85,8,108.0932047367096
2876,4.6000000000000005,3,108.12169241905212
2877,4.0,7,108.15637969970703
2878,4.75,2,108.18284916877747
2879,4.6000000000000005,3,108.20862150192261
2880,4.0,7,108.23920488357544
2881,3.85,8,108.27265691757202
2882,4.75,2,108.29895520210266
2883,3.6999999999999997,9,108.33284139633179
2884,3.4,11,108.36776375770569
2885,-3.3,7,108.39789295196533
2886,4.75,2,108.42513275146484
2887,4.449999999999999,4,108.46301603317261
2888,4.15,6,108.49737405776978
2889,4.6000000000000005,3,108.53580570220947
2890,4.449999999999999,4,108.56223464012146
2891,4.449999999999999,4,108.59778594970703
2892,4.6000000000000005,3,108.62354731559753
2893,4.6000000000000005,3,108.65298008918762
2894,4.75,2,108.677729845047
2895,3.55,10,108.72225904464722
2896,4.3,5,108.75629544258118
2897,-1.75,15,108.81705641746521
2898,4.75,2,108.85125350952148
2899,4.449999999999999,4,108.88736343383789
2900,4.3,5,108.92727041244507
2901,4.3,5,108.96703219413757
2902,4.9,1,108.99052262306213
2903,4.6000000000000005,3,109.02610206604004
2904,3.85,8,109.06366753578186
2905,4.449999999999999,4,109.09304308891296
2906,4.75,2,109.12106800079346
2907,4.6000000000000005,3,109.14607858657837
2908,3.55,10,109.18385052680969
2909,3.85,8,109.21927309036255
2910,4.6000000000000005,3,109.24526977539062
2911,4.0,7,109.27834558486938
2912,4.0,7,109.30956768989563
2913,4.75,2,109.33102345466614
2914,4.3,5,109.36235857009888
2915,3.4,11,109.39989876747131
2916,4.75,2,109.42925333976746
2917,4.3,5,109.45673680305481
2918,4.449999999999999,4,109.48385620117188
2919,4.449999999999999,4,109.51046919822693
2920,4.9,1,109.5320725440979
2921,4.6000000000000005,3,109.55616450309753
2922,3.1,13,109.73958253860474
2923,4.449999999999999,4,109.77168393135071
2924,3.6999999999999997,9,109.80599808692932
2925,4.6000000000000005,3,109.83248996734619
2926,4.6000000000000005,3,109.86038899421692
2927,3.85,8,109.89259767532349
2928,-1.75,15,109.9337809085846
2929,3.55,10,109.968017578125
2930,4.75,2,109.99182748794556
2931,3.55,10,110.0326566696167
2932,4.3,5,110.06359767913818
2933,4.0,7,110.09624075889587
2934,4.15,6,110.12744998931885
2935,4.0,7,110.16000580787659
2936,3.4,11,110.20065307617188
2937,-1.75,15,110.24493312835693
2938,3.6999999999999997,9,110.27902507781982
2939,4.6000000000000005,3,110.30725336074829
2940,4.9,1,110.3351821899414
2941,-1.75,15,110.3781065940857
2942,3.85,8,110.41565370559692
2943,4.3,5,110.45103359222412
2944,4.449999999999999,4,110.49442219734192
2945,4.15,6,110.5297908782959
2946,4.449999999999999,4,110.56999921798706
2947,4.0,7,110.60589551925659
2948,4.15,6,110.64327669143677
2949,3.85,8,110.67443823814392
2950,4.6000000000000005,3,110.69723749160767
2951,4.0,7,110.72798371315002
2952,4.449999999999999,4,110.75698685646057
2953,3.85,8,110.79283332824707
2954,3.4,11,110.831387758255
2955,4.15,6,110.86967730522156
2956,4.75,2,110.89886093139648
2957,3.85,8,110.93193578720093
2958,4.3,5,110.9666976928711
2959,4.449999999999999,4,110.99460244178772
2960,3.85,8,111.1804187297821
2961,4.75,2,111.20434904098511
2962,4.0,7,111.23418188095093
2963,4.15,6,111.26329326629639
2964,4.15,6,111.29449319839478
2965,-3.45,10,111.32987189292908
2966,3.4,11,111.36914825439453
2967,4.0,7,111.39988017082214
2968,4.75,2,111.42529392242432
2969,4.15,6,111.4559714794159
2970,4.9,1,111.48070025444031
2971,4.3,5,111.50932574272156
2972,4.15,6,111.54122424125671
2973,4.449999999999999,4,111.56911325454712
2974,4.15,6,111.60069394111633
2975,4.6000000000000005,3,111.62926292419434
2976,4.75,2,111.6535873413086
2977,4.75,2,111.6900999546051
2978,4.9,1,111.71538138389587
2979,3.55,10,111.75742983818054
2980,4.6000000000000005,3,111.78778600692749
2981,4.449999999999999,4,111.81929087638855
2982,4.6000000000000005,3,111.84610557556152
2983,4.6000000000000005,3,111.87471127510071
2984,3.85,8,111.91122341156006
2985,4.75,2,111.93850302696228
2986,4.15,6,111.97236609458923
2987,4.75,2,112.00279426574707
2988,3.55,10,112.04116749763489
2989,4.15,6,112.07719945907593
2990,3.55,10,112.12573266029358
2991,4.449999999999999,4,112.15891098976135
2992,4.6000000000000005,3,112.18867182731628
2993,3.55,10,112.2330732345581
2994,4.6000000000000005,3,112.25830721855164
2995,4.15,6,112.29103016853333
2996,4.3,5,112.32477712631226
2997,2.9499999999999997,14,112.37518501281738
2998,3.4,11,112.41503643989563
2999,4.75,2,112.44010901451111
3000,4.75,2,112.46436762809753
3001,4.75,2,112.4867525100708
3002,-1.75,15,112.52703475952148
3003,4.6000000000000005,3,112.55660557746887
3004,4.15,6,112.59228229522705
3005,3.4,11,112.63187742233276
3006,3.6999999999999997,9,112.8164632320404
3007,4.15,6,112.85585570335388
3008,-3.3,7,112.89213442802429
3009,4.0,7,112.9238715171814
3010,4.0,7,112.956866979599
3011,4.449999999999999,4,112.9882869720459
3012,-1.75,15,113.0331916809082
3013,4.449999999999999,4,113.0667769908905
3014,3.4,11,113.10475134849548
3015,3.6999999999999997,9,113.14189052581787
3016,4.15,6,113.1769585609436
3017,3.85,8,113.21208071708679
3018,3.6999999999999997,9,113.25937676429749
3019,-1.75,15,113.3079481124878
3020,4.3,5,113.34020352363586
3021,4.6000000000000005,3,113.36752700805664
3022,4.6000000000000005,3,113.39043498039246
3023,-3.15,4,113.4211037158966
3024,4.75,2,113.44972085952759
3025,4.9,1,113.4706163406372
3026,3.6999999999999997,9,113.5114848613739
3027,4.3,5,113.54626631736755
3028,4.3,5,113.57754874229431
3029,4.449999999999999,4,113.60718369483948
3030,3.25,12,113.65064549446106
3031,4.9,1,113.68027758598328
3032,3.85,8,113.71786689758301
3033,4.449999999999999,4,113.74331831932068
3034,4.449999999999999,4,113.77217125892639
3035,4.15,6,113.80620503425598
3036,4.449999999999999,4,113.83289361000061
3037,4.0,7,113.86798477172852
3038,4.75,2,113.89583373069763
3039,4.9,1,113.92078685760498
3040,4.449999999999999,4,113.94966053962708
3041,4.6000000000000005,3,113.97617411613464
3042,4.15,6,114.00674676895142
3043,4.6000000000000005,3,114.03270888328552
3044,4.449999999999999,4,114.06092977523804
3045,4.9,1,114.08588528633118
3046,4.449999999999999,4,114.11168265342712
3047,4.75,2,114.13828420639038
3048,4.15,6,114.16801452636719
3049,4.449999999999999,4,114.19473147392273
3050,4.75,2,114.21936893463135
3051,4.3,5,114.24694204330444
3052,4.6000000000000005,3,114.2738618850708
3053,3.55,10,114.47382521629333
3054,3.4,11,114.51018166542053
3055,4.75,2,114.53491258621216
3056,4.9,1,114.55811381340027
3057,4.6000000000000005,3,114.58577609062195
3058,4.75,2,114.60978198051453
3059,4.0,7,114.64053606987
3060,3.6999999999999997,9,114.678053855896
3061,4.75,2,114.7122700214386
3062,4.0,7,114.75120234489441
3063,4.3,5,114.78740978240967
3064,4.3,5,114.81786942481995
3065,4.3,5,114.85380363464355
3066,4.6000000000000005,3,114.8790123462677
3067,4.15,6,114.91573405265808
3068,4.75,2,114.93991994857788
3069,-3.35,8,114.9804515838623
3070,3.25,12,115.02319526672363
3071,-3.3,7,115.05860352516174
3072,3.1,13,115.10164785385132
3073,4.449999999999999,4,115.13665556907654
3074,4.449999999999999,4,115.16865420341492
3075,4.0,7,115.20986127853394
3076,-3.35,8,115.25047612190247
3077,4.15,6,115.28241157531738
3078,4.449999999999999,4,115.31239938735962
3079,4.449999999999999,4,115.339998960495
3080,3.55,10,115.37668037414551
3081,4.3,5,115.4093427658081
3082,4.6000000000000005,3,115.43842220306396
3083,3.55,10,115.47950744628906
3084,4.449999999999999,4,115.51382398605347
3085,4.449999999999999,4,115.54292035102844
3086,4.6000000000000005,3,115.57402610778809
3087,4.6000000000000005,3,115.60135555267334
3088,3.85,8,115.63859057426453
3089,4.9,1,115.66166138648987
3090,4.6000000000000005,3,115.68994235992432
3091,4.6000000000000005,3,115.71809530258179
3092,4.75,2,115.74237060546875
3093,4.75,2,115.7681303024292
3094,4.449999999999999,4,115.79720497131348
3095,4.449999999999999,4,115.82325839996338
3096,4.3,5,115.85329461097717
3097,3.6999999999999997,9,115.89403486251831
3098,4.15,6,115.92682385444641
3099,4.449999999999999,4,115.95674705505371
3100,4.449999999999999,4,115.98552870750427
3101,4.6000000000000005,3,116.00989580154419
3102,4.0,7,116.19472098350525
3103,4.6000000000000005,3,116.22351884841919
3104,4.449999999999999,4,116.25013208389282
3105,4.9,1,116.27565908432007
3106,4.449999999999999,4,116.30766534805298
3107,4.3,5,116.33762860298157
3108,3.4,11,116.37404441833496
3109,3.6999999999999997,9,116.4077160358429
3110,4.6000000000000005,3,116.43477392196655
3111,4.9,1,116.45874428749084
3112,3.6999999999999997,9,116.49754309654236
3113,3.25,12,116.54472875595093
3114,4.15,6,116.57859826087952
3115,4.6000000000000005,3,116.60803008079529
3116,4.0,7,116.63949656486511
3117,4.9,1,116.66097640991211
3118,3.6999999999999997,9,116.70090985298157
3119,4.0,7,116.73281955718994
3120,4.75,2,116.75981211662292
3121,4.75,2,116.78648138046265
3122,4.6000000000000005,3,116.81546759605408
3123,-3.3,7,116.84566020965576
3124,4.6000000000000005,3,116.8731541633606
3125,4.15,6,116.90415859222412
3126,4.3,5,116.93115282058716
3127,4.6000000000000005,3,116.95811939239502
3128,4.75,2,116.9922239780426
3129,-1.75,15,117.0367500782013
3130,4.9,1,117.06173372268677
3131,4.6000000000000005,3,117.08731198310852
3132,3.85,8,117.12261700630188
3133,4.75,2,117.15094208717346
3134,3.85,8,117.18841576576233
3135,4.0,7,117.22339701652527
3136,3.85,8,117.26670932769775
3137,4.9,1,117.29015707969666
3138,4.449999999999999,4,117.31668591499329
3139,3.6999999999999997,9,117.35030460357666
3140,4.449999999999999,4,117.37542390823364
3141,4.449999999999999,4,117.39999556541443
3142,4.0,7,117.43384265899658
3143,4.9,1,117.45548367500305
3144,-3.3,7,117.48402190208435
3145,4.449999999999999,4,117.51089787483215
3146,3.6999999999999997,9,117.54817318916321
3147,4.6000000000000005,3,117.57902383804321
3148,3.6999999999999997,9,117.61865615844727
3149,4.0,7,117.6522479057312
3150,4.6000000000000005,3,117.68157148361206
3151,3.55,10,117.8723714351654
3152,3.25,12,117.91168475151062
3153,3.85,8,117.94934439659119
3154,4.3,5,117.9825713634491
3155,3.4,11,118.02448105812073
3156,4.3,5,118.05435061454773
3157,4.6000000000000005,3,118.08178186416626
3158,4.75,2,118.10826802253723
3159,4.75,2,118.13595366477966
3160,4.449999999999999,4,118.17298674583435
3161,3.6999999999999997,9,118.21110701560974
3162,4.449999999999999,4,118.24328541755676
3163,4.15,6,118.27699136734009
3164,4.6000000000000005,3,118.30771708488464
3165,4.3,5,118.3439302444458
3166,4.6000000000000005,3,118.37169075012207
3167,4.449999999999999,4,118.39778685569763
3168,4.449999999999999,4,118.42381525039673
3169,4.6000000000000005,3,118.44970321655273
3170,3.6999999999999997,9,118.4888174533844
3171,4.449999999999999,4,118.516765832901
3172,4.75,2,118.54561018943787
3173,4.6000000000000005,3,118.58055377006531
3174,4.75,2,118.60420846939087
3175,4.449999999999999,4,118.63347482681274
3176,4.3,5,118.66654443740845
3177,4.449999999999999,4,118.69317078590393
3178,3.85,8,118.72523212432861
3179,3.6999999999999997,9,118.7663505077362
3180,4.3,5,118.80180835723877
3181,4.3,5,118.8375244140625
3182,4.75,2,118.86334991455078
3183,3.55,10,118.90503740310669
3184,4.3,5,118.94027495384216
3185,4.6000000000000005,3,118.9697675704956
3186,4.3,5,119.00472688674927
3187,-1.75,15,119.05406093597412
3188,4.75,2,119.07788944244385
3189,3.4,11,119.11327815055847
3190,4.9,1,119.13650417327881
3191,4.3,5,119.16863226890564
3192,4.9,1,119.18885970115662
3193,4.449999999999999,4,119.21958041191101
3194,4.9,1,119.24002861976624
3195,4.15,6,119.27629828453064
3196,3.85,8,119.31229305267334
3197,-1.75,15,119.35624265670776
3198,4.75,2,119.54417872428894
3199,3.4,11,119.58654046058655
3200,4.449999999999999,4,119.61506390571594
3201,4.3,5,119.64556431770325
3202,4.6000000000000005,3,119.6760802268982
3203,4.9,1,119.7047472000122
3204,4.6000000000000005,3,119.73548913002014
3205,4.449999999999999,4,119.76363468170166
3206,4.449999999999999,4,119.79416227340698
3207,4.0,7,119.82816553115845
3208,4.75,2,119.85821509361267
3209,4.3,5,119.89300441741943
3210,4.449999999999999,4,119.9268479347229
3211,3.85,8,119.9676582813263
3212,-1.75,15,120.00946092605591
3213,3.85,8,120.0440616607666
3214,3.4,11,120.08336091041565
3215,4.6000000000000005,3,120.10669302940369
3216,4.6000000000000005,3,120.13079023361206
3217,4.75,2,120.15431809425354
3218,4.6000000000000005,3,120.18238377571106
3219,4.449999999999999,4,120.21045327186584
3220,4.15,6,120.2482590675354
3221,4.15,6,120.27682590484619
3222,4.6000000000000005,3,120.30469965934753
3223,3.55,10,120.34047365188599
3224,3.25,12,120.37689542770386
3225,4.75,2,120.40038537979126
3226,4.3,5,120.4267680644989
3227,4.449999999999999,4,120.45259737968445
3228,4.15,6,120.48124194145203
3229,4.9,1,120.50685858726501
3230,4.449999999999999,4,120.54141044616699
3231,4.6000000000000005,3,120.57585072517395
3232,4.0,7,120.61179614067078
3233,4.15,6,120.64662909507751
3234,3.6999999999999997,9,120.68340063095093
3235,3.55,10,120.71798849105835
3236,4.3,5,120.74402117729187
3237,4.449999999999999,4,120.77372360229492
3238,-1.75,15,120.81547737121582
3239,-1.75,15,120.85906267166138
3240,4.3,5,120.89133071899414
3241,3.55,10,121.08285617828369
3242,4.6000000000000005,3,121.10942029953003
3243,-1.75,15,121.16486692428589
3244,4.449999999999999,4,121.19344520568848
3245,3.6999999999999997,9,121.23424053192139
3246,4.6000000000000005,3,121.26040959358215
3247,4.449999999999999,4,121.29003143310547
3248,3.85,8,121.32403087615967
3249,4.0,7,121.35515999794006
3250,4.6000000000000005,3,121.38226842880249
3251,4.75,2,121.40843391418457
3252,4.449999999999999,4,121.4350643157959
3253,4.6000000000000005,3,121.46041202545166
3254,4.75,2,121.48592567443848
3255,3.1,13,121.53190064430237
3256,4.3,5,121.56037783622742
3257,4.3,5,121.59129762649536
3258,4.449999999999999,4,121.62006831169128
3259,4.75,2,121.64226961135864
3260,3.85,8,121.67452836036682
3261,4.75,2,121.69761919975281
3262,-1.75,15,121.74703598022461
3263,4.0,7,121.77974057197571
3264,4.449999999999999,4,121.80903434753418
3265,4.3,5,121.83784532546997
3266,4.449999999999999,4,121.86776375770569
3267,4.3,5,121.90026760101318
3268,4.3,5,121.92889523506165
3269,4.3,5,121.95898485183716
3270,4.449999999999999,4,121.98701453208923
3271,4.15,6,122.022705078125
3272,-1.75,15,122.07158374786377
3273,4.3,5,122.10394930839539
3274,4.6000000000000005,3,122.13505625724792
3275,4.3,5,122.16344237327576
3276,3.85,8,122.20804381370544
3277,-1.75,15,122.27048850059509
3278,4.75,2,122.29879260063171
3279,3.55,10,122.34515142440796
3280,4.75,2,122.37168002128601
3281,4.449999999999999,4,122.39798092842102
3282,3.85,8,122.43312335014343
3283,4.6000000000000005,3,122.46122336387634
3284,-1.75,15,122.66258764266968
3285,-3.35,8,122.695321559906
3286,3.6999999999999997,9,122.7364752292633
3287,-1.75,15,122.7853786945343
3288,3.4,11,122.83021521568298
3289,4.6000000000000005,3,122.85860347747803
3290,4.449999999999999,4,122.89035129547119
3291,-1.75,15,122.94055581092834
3292,4.0,7,122.97507357597351
3293,4.3,5,123.00446772575378
3294,4.449999999999999,4,123.03816938400269
3295,4.6000000000000005,3,123.06248545646667
3296,4.449999999999999,4,123.09163784980774
3297,4.75,2,123.1184151172638
3298,3.55,10,123.15374493598938
3299,3.25,12,123.19657182693481
3300,4.3,5,123.22341632843018
3301,4.449999999999999,4,123.25126504898071
3302,4.3,5,123.2792477607727
3303,-1.75,15,123.32407546043396
3304,4.449999999999999,4,123.35257840156555
3305,4.6000000000000005,3,123.37807440757751
3306,4.3,5,123.40502834320068
3307,4.6000000000000005,3,123.42982387542725
3308,4.0,7,123.45877504348755
3309,4.75,2,123.4832284450531
3310,4.449999999999999,4,123.50636553764343
3311,4.449999999999999,4,123.53577661514282
3312,-1.75,15,123.57510232925415
3313,4.75,2,123.60575795173645
3314,4.15,6,123.63853359222412
3315,3.55,10,123.6723575592041
3316,4.15,6,123.70183324813843
3317,4.0,7,123.7316665649414
3318,4.75,2,123.75421786308289
3319,4.75,2,123.78175640106201
3320,4.3,5,123.80909633636475
3321,4.3,5,123.83786845207214
3322,4.6000000000000005,3,123.86513781547546
3323,4.15,6,123.89584255218506
3324,3.55,10,124.0953369140625
3325,4.3,5,124.1275577545166
3326,3.4,11,124.1822919845581
3327,4.3,5,124.21622085571289
3328,4.75,2,124.23955416679382
3329,3.4,11,124.28493642807007
3330,4.449999999999999,4,124.32039308547974
3331,2.9499999999999997,14,124.37173914909363
3332,3.85,8,124.41578316688538
3333,4.449999999999999,4,124.4450945854187
3334,4.15,6,124.4748523235321
3335,4.6000000000000005,3,124.50074982643127
3336,4.6000000000000005,3,124.52519512176514
3337,-3.45,10,124.56025266647339
3338,4.6000000000000005,3,124.59000492095947
3339,4.449999999999999,4,124.62728357315063
3340,4.449999999999999,4,124.66319680213928
3341,4.3,5,124.690988779068
3342,4.0,7,124.72662854194641
3343,4.3,5,124.75683832168579
3344,4.6000000000000005,3,124.78773617744446
3345,4.9,1,124.80784893035889
3346,4.449999999999999,4,124.83540749549866
3347,3.55,10,124.88406562805176
3348,4.6000000000000005,3,124.91845679283142
3349,4.0,7,124.9553291797638
3350,4.75,2,124.97948479652405
3351,4.6000000000000005,3,125.00746512413025
3352,3.85,8,125.04451274871826
3353,4.9,1,125.06984567642212
3354,3.6999999999999997,9,125.10572099685669
3355,-1.75,15,125.15395832061768
3356,3.4,11,125.19530701637268
3357,4.9,1,125.22048258781433
3358,4.0,7,125.25133299827576
3359,4.75,2,125.27257418632507
3360,4.6000000000000005,3,125.29819965362549
3361,4.75,2,125.32173418998718
3362,4.449999999999999,4,125.34939241409302
3363,4.15,6,125.3797914981842
3364,3.6999999999999997,9,125.41787981987
3365,4.75,2,125.45406198501587
3366,4.9,1,125.48353147506714
3367,4.6000000000000005,3,125.50886726379395
3368,3.6999999999999997,9,125.54498481750488
3369,3.55,10,125.58851408958435
3370,3.55,10,125.7839708328247
3371,4.0,7,125.82136583328247
3372,4.449999999999999,4,125.85242247581482
3373,3.6999999999999997,9,125.88875579833984
3374,4.449999999999999,4,125.91430258750916
3375,4.449999999999999,4,125.94219708442688
3376,4.75,2,125.97212862968445
3377,4.75,2,125.9951684474945
3378,4.3,5,126.02621507644653
3379,4.75,2,126.05452823638916
3380,4.15,6,126.08721923828125
3381,4.3,5,126.1205620765686
3382,3.85,8,126.15836095809937
3383,4.9,1,126.18595170974731
3384,3.1,13,126.2330014705658
3385,3.25,12,126.27027940750122
3386,4.6000000000000005,3,126.29686498641968
3387,3.85,8,126.3295304775238
3388,4.3,5,126.35630369186401
3389,4.6000000000000005,3,126.38027095794678
3390,3.55,10,126.41847109794617
3391,4.75,2,126.44165110588074
3392,3.85,8,126.48274040222168
3393,3.6999999999999997,9,126.52072596549988
3394,4.449999999999999,4,126.55125117301941
3395,3.85,8,126.58317232131958
3396,4.3,5,126.60988426208496
3397,4.0,7,126.6414270401001
3398,4.0,7,126.67472863197327
3399,4.75,2,126.69906544685364
3400,4.15,6,126.73041558265686
3401,4.0,7,126.76378464698792
3402,3.85,8,126.79592943191528
3403,4.75,2,126.81804823875427
3404,4.75,2,126.84063839912415
3405,4.6000000000000005,3,126.86660313606262
3406,3.85,8,126.90070962905884
3407,-3.25,6,126.93016815185547
3408,4.6000000000000005,3,126.9564700126648
3409,-1.75,15,127.00640392303467
3410,3.6999999999999997,9,127.05072045326233
3411,-1.75,15,127.25544357299805
3412,4.6000000000000005,3,127.28160333633423
3413,-1.75,15,127.32626366615295
3414,4.449999999999999,4,127.36176252365112
3415,4.6000000000000005,3,127.39448523521423
3416,4.449999999999999,4,127.42648363113403
3417,4.15,6,127.46405982971191
3418,4.6000000000000005,3,127.49163699150085
3419,3.1,13,127.5353684425354
3420,4.6000000000000005,3,127.56739854812622
3421,3.55,10,127.60553932189941
3422,3.55,10,127.6481659412384
3423,4.15,6,127.6802122592926
3424,4.6000000000000005,3,127.70750689506531
3425,4.0,7,127.74204707145691
3426,4.6000000000000005,3,127.77045583724976
3427,4.3,5,127.80241990089417
3428,4.6000000000000005,3,127.83239579200745
3429,4.75,2,127.85370135307312
3430,4.6000000000000005,3,127.88580060005188
3431,-1.75,15,127.92858743667603
3432,4.449999999999999,4,127.95673656463623
3433,4.6000000000000005,3,127.98375749588013
3434,3.85,8,128.01429557800293
3435,4.6000000000000005,3,128.04116344451904
3436,4.75,2,128.0656497478485
3437,4.15,6,128.09641242027283
3438,4.449999999999999,4,128.13402342796326
3439,3.55,10,128.17238783836365
3440,3.6999999999999997,9,128.20599484443665
3441,4.449999999999999,4,128.23511672019958
3442,3.85,8,128.27148532867432
3443,4.15,6,128.30117297172546
3444,4.449999999999999,4,128.33088183403015
3445,4.449999999999999,4,128.36100316047668
3446,4.449999999999999,4,128.387592792511
3447,4.3,5,128.41634035110474
3448,3.6999999999999997,9,128.45288848876953
3449,4.3,5,128.48284697532654
3450,3.6999999999999997,9,128.51687574386597
3451,4.3,5,128.54458332061768
3452,4.6000000000000005,3,128.56994032859802
3453,4.449999999999999,4,128.59774661064148
3454,4.3,5,128.62423467636108
3455,4.6000000000000005,3,128.65219736099243
3456,3.85,8,128.85327863693237
3457,4.6000000000000005,3,128.88567447662354
3458,4.3,5,128.91807174682617
3459,4.6000000000000005,3,128.9569787979126
3460,4.6000000000000005,3,128.99050545692444
3461,3.6999999999999997,9,129.03430557250977
3462,3.85,8,129.07174396514893
3463,4.15,6,129.10911083221436
3464,4.6000000000000005,3,129.14304447174072
3465,3.85,8,129.1792483329773
3466,3.25,12,129.2186348438263
3467,4.6000000000000005,3,129.24975657463074
3468,4.3,5,129.27966713905334
3469,4.3,5,129.309504032135
3470,4.75,2,129.33689618110657
3471,4.449999999999999,4,129.37172269821167
3472,3.4,11,129.41965341567993
3473,4.15,6,129.45266151428223
3474,3.55,10,129.49330163002014
3475,4.6000000000000005,3,129.51941347122192
3476,4.0,7,129.54960584640503
3477,4.15,6,129.58408546447754
3478,4.75,2,129.60774946212769
3479,3.6999999999999997,9,129.6494882106781
3480,4.6000000000000005,3,129.68053936958313
3481,3.6999999999999997,9,129.72306275367737
3482,4.6000000000000005,3,129.75032138824463
3483,-1.75,15,129.8044364452362
3484,4.6000000000000005,3,129.83338832855225
3485,3.6999999999999997,9,129.8731701374054
3486,4.3,5,129.90951347351074
3487,4.449999999999999,4,129.9460780620575
3488,4.0,7,129.98737239837646
3489,4.75,2,130.01622676849365
3490,4.15,6,130.0509397983551
3491,4.6000000000000005,3,130.07825112342834
3492,4.449999999999999,4,130.11400771141052
3493,4.75,2,130.14064264297485
3494,3.85,8,130.1794409751892
3495,4.449999999999999,4,130.21164846420288
3496,4.9,1,130.23604941368103
3497,4.6000000000000005,3,130.27052092552185
3498,4.3,5,130.30115032196045
3499,4.75,2,130.32332253456116
3500,4.449999999999999,4,130.35126376152039
3501,4.6000000000000005,3,130.37803745269775
3502,3.4,11,130.41841435432434
3503,3.6999999999999997,9,130.6240873336792
3504,4.449999999999999,4,130.6522068977356
3505,4.449999999999999,4,130.6789791584015
3506,4.9,1,130.70440459251404
3507,4.75,2,130.73354077339172
3508,4.449999999999999,4,130.75990509986877
3509,3.85,8,130.79913449287415
3510,4.75,2,130.83051300048828
3511,-3.35,8,130.86983346939087
3512,4.449999999999999,4,130.89913845062256
3513,4.0,7,130.93381452560425
3514,4.3,5,130.96592688560486
3515,4.6000000000000005,3,130.99248886108398
3516,4.15,6,131.02202105522156
3517,-3.6,13,131.05826210975647
3518,4.449999999999999,4,131.0883014202118
3519,4.449999999999999,4,131.1132950782776
3520,4.75,2,131.1359314918518
3521,4.449999999999999,4,131.16423892974854
3522,3.25,12,131.20843410491943
3523,4.449999999999999,4,131.23546266555786
3524,4.15,6,131.26504063606262
3525,4.0,7,131.2974193096161
3526,-3.25,6,131.33258295059204
3527,3.25,12,131.3698718547821
3528,3.6999999999999997,9,131.40208053588867
3529,4.0,7,131.43648099899292
3530,4.6000000000000005,3,131.46271061897278
3531,3.6999999999999997,9,131.50054717063904
3532,3.85,8,131.53211522102356
3533,4.3,5,131.56729888916016
3534,4.449999999999999,4,131.60494446754456
3535,-3.15,4,131.63118743896484
3536,4.6000000000000005,3,131.6622724533081
3537,-1.75,15,131.70821285247803
3538,-3.35,8,131.74667716026306
3539,4.6000000000000005,3,131.77339458465576
3540,4.6000000000000005,3,131.80033588409424
3541,4.449999999999999,4,131.829833984375
3542,4.15,6,131.85955572128296
3543,3.6999999999999997,9,131.89565181732178
3544,-1.75,15,131.93738102912903
3545,4.3,5,131.96606969833374
3546,4.15,6,132.17324471473694
3547,4.0,7,132.21251845359802
3548,4.6000000000000005,3,132.24129176139832
3549,-1.75,15,132.29064798355103
3550,4.6000000000000005,3,132.32226395606995
3551,4.0,7,132.3620753288269
3552,-1.75,15,132.41667199134827
3553,3.85,8,132.45633459091187
3554,3.85,8,132.49337124824524
3555,4.75,2,132.51776146888733
3556,4.75,2,132.54442882537842
3557,3.6999999999999997,9,132.58549308776855
3558,-3.4,9,132.61979293823242
3559,4.6000000000000005,3,132.64893341064453
3560,4.6000000000000005,3,132.67461442947388
3561,3.85,8,132.70972728729248
3562,4.0,7,132.74638605117798
3563,4.75,2,132.77050709724426
3564,4.6000000000000005,3,132.79675793647766
3565,4.449999999999999,4,132.82521748542786
3566,3.55,10,132.86497950553894
3567,-1.75,15,132.9088203907013
3568,4.9,1,132.93120169639587
3569,4.9,1,132.96255803108215
3570,-1.75,15,133.00840830802917
3571,3.55,10,133.05539202690125
3572,3.4,11,133.09759759902954
3573,4.3,5,133.1371898651123
3574,4.15,6,133.1768925189972
3575,4.449999999999999,4,133.21010971069336
3576,4.6000000000000005,3,133.24086213111877
3577,4.75,2,133.27538776397705
3578,-3.3,7,133.3190212249756
3579,-1.75,15,133.37822651863098
3580,-1.75,15,133.43053460121155
3581,4.6000000000000005,3,133.45197248458862
3582,4.6000000000000005,3,133.4782612323761
3583,4.6000000000000005,3,133.50431442260742
3584,4.15,6,133.69392442703247
3585,4.6000000000000005,3,133.7230987548828
3586,4.3,5,133.7574450969696
3587,-3.4,9,133.79669570922852
3588,3.4,11,133.83773684501648
3589,4.15,6,133.87043476104736
3590,4.0,7,133.9110622406006
3591,4.6000000000000005,3,133.93778133392334
3592,4.449999999999999,4,133.97256112098694
3593,4.75,2,134.00251817703247
3594,3.4,11,134.0411024093628
3595,4.75,2,134.06994342803955
3596,-3.1,3,134.1027536392212
3597,4.3,5,134.13890051841736
3598,4.3,5,134.16993522644043
3599,4.6000000000000005,3,134.19891548156738
3600,3.6999999999999997,9,134.23726439476013
3601,4.449999999999999,4,134.26516270637512
3602,4.449999999999999,4,134.29333090782166
3603,4.75,2,134.31830430030823
3604,4.6000000000000005,3,134.33988881111145
3605,4.0,7,134.37102270126343
3606,4.75,2,134.39253425598145
3607,4.3,5,134.42094945907593
3608,4.6000000000000005,3,134.4422013759613
3609,4.75,2,134.46722507476807
3610,4.75,2,134.4900131225586
3611,4.6000000000000005,3,134.5141704082489
3612,3.85,8,134.5454785823822
3613,4.6000000000000005,3,134.5685739517212
3614,-3.4,9,134.60006833076477
3615,3.4,11,134.6466829776764
3616,4.75,2,134.67021226882935
3617,4.75,2,134.6962902545929
3618,4.75,2,134.72155666351318
3619,4.75,2,134.74352860450745
3620,-1.75,15,134.79491710662842
3621,4.15,6,134.8325526714325
3622,-3.35,8,134.86862993240356
3623,4.15,6,134.90064024925232
3624,4.449999999999999,4,134.933899641037
3625,4.6000000000000005,3,134.9560842514038
3626,3.55,10,134.99436044692993
3627,4.6000000000000005,3,135.0234100818634
3628,4.15,6,135.0559437274933
3629,3.6999999999999997,9,135.09036564826965
3630,4.15,6,135.1275155544281
3631,3.6999999999999997,9,135.1706383228302
3632,4.9,1,135.201886177063
3633,4.15,6,135.39090585708618
3634,4.449999999999999,4,135.4230718612671
3635,4.449999999999999,4,135.45093488693237
3636,3.85,8,135.4881489276886
3637,3.85,8,135.5245394706726
3638,3.6999999999999997,9,135.56350898742676
3639,3.85,8,135.605370759964
3640,4.449999999999999,4,135.64729857444763
3641,4.6000000000000005,3,135.68046808242798
3642,4.6000000000000005,3,135.7147581577301
3643,4.15,6,135.7530438899994
3644,-1.75,15,135.80064606666565
3645,3.6999999999999997,9,135.8338680267334
3646,4.6000000000000005,3,135.86083459854126
3647,3.1,13,135.90129852294922
3648,4.15,6,135.929771900177
3649,4.6000000000000005,3,135.95328426361084
3650,-3.3,7,135.98766136169434
3651,4.15,6,136.0274097919464
3652,4.449999999999999,4,136.06215977668762
3653,4.75,2,136.08763670921326
3654,3.85,8,136.1290328502655
3655,4.75,2,136.15407633781433
3656,4.9,1,136.18271446228027
3657,3.6999999999999997,9,136.21792340278625
3658,3.6999999999999997,9,136.2582380771637
3659,4.449999999999999,4,136.28933691978455
3660,4.3,5,136.32481622695923
3661,-1.75,15,136.37346148490906
3662,4.6000000000000005,3,136.40229296684265
3663,4.0,7,136.43913459777832
3664,4.75,2,136.46456623077393
3665,4.449999999999999,4,136.4964644908905
3666,3.25,12,136.5350992679596
3667,4.449999999999999,4,136.56468892097473
3668,4.0,7,136.5968737602234
3669,4.449999999999999,4,136.62342286109924
3670,4.3,5,136.6575689315796
3671,4.449999999999999,4,136.68722295761108
3672,-1.75,15,136.73853850364685
3673,4.9,1,136.7651607990265
3674,4.449999999999999,4,136.79850792884827
3675,4.6000000000000005,3,136.82649731636047
3676,3.85,8,137.032372713089
3677,3.85,8,137.07435488700867
3678,4.449999999999999,4,137.1114318370819
3679,4.75,2,137.13992524147034
3680,4.75,2,137.1765434741974
3681,4.6000000000000005,3,137.2065999507904
3682,4.15,6,137.24534225463867
3683,4.449999999999999,4,137.2722613811493
3684,4.6000000000000005,3,137.29751992225647
3685,4.0,7,137.32647466659546
3686,4.15,6,137.36197972297668
3687,4.449999999999999,4,137.39274072647095
3688,4.3,5,137.42415404319763
3689,4.3,5,137.4531216621399
3690,4.15,6,137.48041152954102
3691,4.6000000000000005,3,137.50326561927795
3692,4.449999999999999,4,137.52993321418762
3693,3.85,8,137.56320357322693
3694,3.25,12,137.59967803955078
3695,4.75,2,137.6220531463623
3696,4.0,7,137.654443025589
3697,4.449999999999999,4,137.68360471725464
3698,4.6000000000000005,3,137.70608639717102
3699,3.85,8,137.74423170089722
3700,4.0,7,137.78182339668274
3701,4.75,2,137.80837059020996
3702,3.6999999999999997,9,137.84156274795532
3703,3.4,11,137.87840151786804
3704,4.15,6,137.9078562259674
3705,4.3,5,137.94000267982483
3706,4.449999999999999,4,137.97188544273376
3707,4.6000000000000005,3,137.99786710739136
3708,4.0,7,138.0298900604248
3709,4.0,7,138.0598361492157
3710,4.9,1,138.08568906784058
3711,4.15,6,138.12071537971497
3712,4.449999999999999,4,138.1509108543396
3713,4.449999999999999,4,138.18261194229126
3714,4.9,1,138.21085286140442
3715,3.55,10,138.24877762794495
3716,4.75,2,138.27121496200562
3717,4.9,1,138.29581260681152
3718,-1.75,15,138.33871865272522
3719,3.85,8,138.3751060962677
3720,4.3,5,138.40245008468628
3721,4.75,2,138.43191933631897
3722,4.75,2,138.46176290512085
3723,4.15,6,138.49507212638855
3724,4.449999999999999,4,138.52567052841187
3725,4.0,7,138.7310221195221
3726,4.3,5,138.76483964920044
3727,3.1,13,138.8150429725647
3728,4.449999999999999,4,138.85704398155212
3729,4.6000000000000005,3,138.89120078086853
3730,4.449999999999999,4,138.92175698280334
3731,4.449999999999999,4,138.95061802864075
3732,4.449999999999999,4,138.9832479953766
3733,4.3,5,139.01813578605652
3734,-1.75,15,139.06973505020142
3735,4.3,5,139.10424423217773
3736,4.6000000000000005,3,139.138530254364
3737,3.55,10,139.17933177947998
3738,4.449999999999999,4,139.20672988891602
3739,4.15,6,139.23888659477234
3740,4.75,2,139.2643404006958
3741,4.6000000000000005,3,139.2932517528534
3742,4.0,7,139.33625602722168
3743,4.75,2,139.36683630943298
3744,4.3,5,139.39642119407654
3745,3.6999999999999997,9,139.43108820915222
3746,4.0,7,139.46235370635986
3747,3.85,8,139.49932312965393
3748,-1.75,15,139.54795837402344
3749,4.15,6,139.58071088790894
3750,3.85,8,139.61256504058838
3751,4.449999999999999,4,139.64684963226318
3752,4.0,7,139.68306255340576
3753,4.15,6,139.7212109565735
3754,4.9,1,139.7456259727478
3755,4.3,5,139.77333879470825
3756,4.6000000000000005,3,139.7994339466095
3757,4.9,1,139.8242175579071
3758,4.3,5,139.85285902023315
3759,3.6999999999999997,9,139.88863682746887
3760,4.6000000000000005,3,139.9159812927246
3761,4.6000000000000005,3,139.94538235664368
3762,4.75,2,139.9732780456543
3763,3.4,11,140.01289296150208
3764,4.6000000000000005,3,140.04106450080872
3765,4.6000000000000005,3,140.06867241859436
3766,4.6000000000000005,3,140.09829592704773
3767,4.15,6,140.1299409866333
3768,4.15,6,140.15814971923828
3769,-3.25,6,140.19329929351807
3770,3.6999999999999997,9,140.3910641670227
3771,4.15,6,140.42518496513367
3772,4.449999999999999,4,140.45274329185486
3773,4.449999999999999,4,140.48023343086243
3774,4.75,2,140.5072226524353
3775,4.0,7,140.5378293991089
3776,3.25,12,140.578839302063
3777,4.9,1,140.60036993026733
3778,4.9,1,140.62667059898376
3779,3.85,8,140.66202902793884
3780,4.6000000000000005,3,140.68577790260315
3781,4.75,2,140.71301245689392
3782,4.6000000000000005,3,140.73898196220398
3783,3.6999999999999997,9,140.78135585784912
3784,4.0,7,140.81892585754395
3785,4.6000000000000005,3,140.84597516059875
3786,4.0,7,140.8802261352539
3787,4.449999999999999,4,140.91278743743896
3788,-1.75,15,140.96720170974731
3789,3.55,10,141.0058491230011
3790,4.75,2,141.03794836997986
3791,4.6000000000000005,3,141.0680809020996
3792,4.3,5,141.09763860702515
3793,4.449999999999999,4,141.1235911846161
3794,4.6000000000000005,3,141.1598310470581
3795,4.3,5,141.1939401626587
3796,3.85,8,141.23438501358032
3797,4.75,2,141.26470828056335
3798,4.6000000000000005,3,141.29282903671265
3799,4.15,6,141.3220670223236
3800,-1.75,15,141.3641393184662
3801,4.449999999999999,4,141.3886079788208
3802,3.85,8,141.41752314567566
3803,4.15,6,141.44787430763245
3804,4.6000000000000005,3,141.47063183784485
3805,4.6000000000000005,3,141.49892568588257
3806,4.9,1,141.52604246139526
3807,4.3,5,141.55343580245972
3808,4.6000000000000005,3,141.5833296775818
3809,4.75,2,141.61803126335144
3810,-1.75,15,141.6669511795044
3811,4.449999999999999,4,141.69550132751465
3812,4.449999999999999,4,141.7275938987732
3813,4.0,7,141.7606291770935
3814,4.15,6,141.79653239250183
3815,4.15,6,141.82444763183594
3816,4.449999999999999,4,141.85512781143188
3817,4.3,5,141.88729596138
3818,3.55,10,142.07667469978333
3819,-1.75,15,142.1221661567688
3820,4.449999999999999,4,142.15227150917053
3821,4.75,2,142.17823600769043
3822,4.75,2,142.20298266410828
3823,4.6000000000000005,3,142.2372715473175
3824,4.75,2,142.26745200157166
3825,4.75,2,142.2931945323944
3826,3.55,10,142.33151364326477
3827,4.75,2,142.3533957004547
3828,4.3,5,142.3836748600006
3829,4.6000000000000005,3,142.41013503074646
3830,3.6999999999999997,9,142.44252133369446
3831,4.6000000000000005,3,142.47060680389404
3832,3.4,11,142.51964330673218
3833,4.6000000000000005,3,142.5449571609497
3834,4.75,2,142.56900072097778
3835,4.3,5,142.60003662109375
3836,4.449999999999999,4,142.63095331192017
3837,3.4,11,142.66705632209778
3838,4.449999999999999,4,142.6952702999115
3839,4.6000000000000005,3,142.72280764579773
3840,3.85,8,142.75527572631836
3841,4.0,7,142.7884705066681
3842,4.15,6,142.81864023208618
3843,4.6000000000000005,3,142.84891414642334
3844,3.85,8,142.88449883460999
3845,4.3,5,142.9148063659668
3846,4.449999999999999,4,142.94969487190247
3847,3.6999999999999997,9,142.98696732521057
3848,3.55,10,143.02456879615784
3849,3.25,12,143.07340288162231
3850,-1.75,15,143.1219391822815
3851,4.3,5,143.15294432640076
3852,4.9,1,143.1752645969391
3853,4.75,2,143.20507907867432
3854,4.6000000000000005,3,143.23198986053467
3855,4.449999999999999,4,143.26123571395874
3856,4.0,7,143.2986135482788
3857,4.6000000000000005,3,143.32763767242432
3858,4.3,5,143.35896492004395
3859,4.15,6,143.3942093849182
3860,4.6000000000000005,3,143.42594575881958
3861,4.449999999999999,4,143.45331263542175
3862,4.3,5,143.48215556144714
3863,4.3,5,143.51617527008057
3864,-3.4,9,143.73232340812683
3865,4.0,7,143.76573491096497
3866,3.85,8,143.80543398857117
3867,4.449999999999999,4,143.83172702789307
3868,3.85,8,143.86411476135254
3869,4.0,7,143.89852452278137
3870,-3.25,6,143.93070220947266
3871,4.75,2,143.95464825630188
3872,3.85,8,143.9959192276001
3873,4.0,7,144.0293834209442
3874,4.75,2,144.0535809993744
3875,4.449999999999999,4,144.08521604537964
3876,3.55,10,144.1204526424408
3877,4.75,2,144.14709520339966
3878,-3.45,10,144.18053460121155
3879,4.3,5,144.20819926261902
3880,4.3,5,144.23687267303467
3881,4.0,7,144.2669517993927
3882,4.6000000000000005,3,144.29143714904785
3883,3.4,11,144.32681107521057
3884,4.15,6,144.35539531707764
3885,4.15,6,144.39032077789307
3886,4.15,6,144.42051815986633
3887,4.3,5,144.44820189476013
3888,4.449999999999999,4,144.4738621711731
3889,3.6999999999999997,9,144.51154494285583
3890,3.85,8,144.54369378089905
3891,4.449999999999999,4,144.5727517604828
3892,4.9,1,144.5971496105194
3893,4.449999999999999,4,144.62234473228455
3894,4.6000000000000005,3,144.64923548698425
3895,4.75,2,144.67279767990112
3896,4.449999999999999,4,144.7004041671753
3897,4.75,2,144.72677278518677
3898,4.75,2,144.75343132019043
3899,4.3,5,144.7864179611206
3900,4.0,7,144.82711720466614
3901,4.6000000000000005,3,144.85539889335632
3902,4.75,2,144.8879873752594
3903,4.15,6,144.91815519332886
3904,-1.75,15,144.9667329788208
3905,4.3,5,144.99942803382874
3906,4.449999999999999,4,145.03500962257385
3907,3.6999999999999997,9,145.07247352600098
3908,4.6000000000000005,3,145.10175585746765
3909,4.0,7,145.13914513587952
3910,4.75,2,145.16348505020142
3911,4.75,2,145.3320951461792
3912,4.6000000000000005,3,145.36020708084106
3913,4.3,5,145.38962531089783
3914,4.449999999999999,4,145.41607332229614
3915,4.9,1,145.43654608726501
3916,4.0,7,145.46929359436035
3917,4.3,5,145.4989311695099
3918,4.3,5,145.53067231178284
3919,4.6000000000000005,3,145.55572700500488
3920,-3.4,9,145.5958969593048
3921,3.55,10,145.63228964805603
3922,4.0,7,145.66999673843384
3923,4.449999999999999,4,145.69802713394165
3924,4.15,6,145.73660039901733
3925,4.15,6,145.77309918403625
3926,4.0,7,145.81316089630127
3927,4.6000000000000005,3,145.8406171798706
3928,4.75,2,145.8625123500824
3929,4.9,1,145.88623595237732
3930,4.75,2,145.91555452346802
3931,4.75,2,145.94004249572754
3932,4.75,2,145.96860647201538
3933,4.75,2,145.99541568756104
3934,4.3,5,146.02385902404785
3935,3.55,10,146.06481456756592
3936,4.449999999999999,4,146.09423112869263
3937,4.0,7,146.13063502311707
3938,3.25,12,146.16840982437134
3939,4.3,5,146.2036054134369
3940,4.6000000000000005,3,146.23106026649475
3941,4.449999999999999,4,146.2626543045044
3942,4.6000000000000005,3,146.29291105270386
3943,3.6999999999999997,9,146.33102297782898
3944,4.449999999999999,4,146.36215329170227
3945,-1.75,15,146.4118320941925
3946,4.75,2,146.4337944984436
3947,4.6000000000000005,3,146.46283721923828
3948,4.6000000000000005,3,146.4945948123932
3949,4.449999999999999,4,146.52333188056946
3950,4.449999999999999,4,146.55212497711182
3951,4.75,2,146.5765950679779
3952,4.0,7,146.6133885383606
3953,4.75,2,146.637038230896
3954,4.6000000000000005,3,146.66818189620972
3955,4.75,2,146.69600534439087
3956,3.25,12,146.73742651939392
3957,4.15,6,146.7716681957245
3958,4.15,6,146.8039472103119
3959,3.55,10,146.83940982818604
3960,4.0,7,146.8730366230011
3961,4.75,2,146.89992022514343
3962,4.15,6,147.07676792144775
3963,4.449999999999999,4,147.10318994522095
3964,3.4,11,147.1482651233673
3965,4.75,2,147.16930484771729
3966,3.6999999999999997,9,147.20372605323792
3967,4.3,5,147.2336413860321
3968,3.25,12,147.2709789276123
3969,4.15,6,147.30315589904785
3970,4.3,5,147.33767986297607
3971,-1.75,15,147.3814013004303
3972,3.25,12,147.4170262813568
3973,4.75,2,147.44068503379822
3974,4.15,6,147.47026920318604
3975,3.4,11,147.50563526153564
3976,3.25,12,147.5469753742218
3977,4.3,5,147.5765562057495
3978,4.75,2,147.59916043281555
3979,4.3,5,147.63019394874573
3980,4.6000000000000005,3,147.65805554389954
3981,-1.75,15,147.69981503486633
3982,4.0,7,147.73351907730103
3983,-1.75,15,147.7854356765747
3984,-3.05,2,147.8164360523224
3985,4.6000000000000005,3,147.84601378440857
3986,4.449999999999999,4,147.87497973442078
3987,4.3,5,147.90551042556763
3988,3.4,11,147.94795656204224
3989,3.85,8,147.98364400863647
3990,3.4,11,148.02123713493347
3991,3.85,8,148.05491709709167
3992,4.15,6,148.08700251579285
3993,4.15,6,148.12903761863708
3994,4.3,5,148.1685185432434
3995,3.85,8,148.20590996742249
3996,3.6999999999999997,9,148.24883770942688
3997,4.75,2,148.27554607391357
3998,4.449999999999999,4,148.46121644973755
3999,3.55,10,148.4967589378357
4000,4.9,1,148.5220012664795
4001,4.0,7,148.5529181957245
4002,4.449999999999999,4,148.58059740066528
4003,3.85,8,148.61773562431335
4004,3.4,11,148.65572142601013
4005,4.3,5,148.68618249893188
4006,4.3,5,148.71950364112854
4007,4.9,1,148.74732112884521
4008,3.25,12,148.78705620765686
4009,4.0,7,148.81761693954468
4010,4.3,5,148.8472445011139
4011,4.6000000000000005,3,148.8805501461029
4012,4.0,7,148.9179060459137
4013,-1.75,15,148.96171689033508
4014,4.75,2,148.99658942222595
4015,4.15,6,149.03277039527893
4016,3.4,11,149.07569575309753
4017,3.85,8,149.11960744857788
4018,4.3,5,149.15037488937378
4019,4.9,1,149.17591786384583
4020,4.0,7,149.21000957489014
4021,4.15,6,149.24317955970764
4022,-3.35,8,149.28101754188538
4023,4.75,2,149.30814027786255
4024,3.4,11,149.34644317626953
4025,3.1,13,149.38625860214233
4026,4.15,6,149.42120170593262
4027,4.449999999999999,4,149.44802403450012
4028,3.85,8,149.4817032814026
4029,4.449999999999999,4,149.51479768753052
4030,4.6000000000000005,3,149.5489411354065
4031,3.25,12,149.5953884124756
4032,4.15,6,149.6303927898407
4033,4.75,2,149.653240442276
4034,4.3,5,149.6956913471222
4035,4.15,6,149.73251342773438
4036,3.6999999999999997,9,149.77193331718445
4037,3.55,10,149.96801233291626
4038,3.85,8,150.002512216568
4039,4.449999999999999,4,150.03702569007874
4040,3.55,10,150.0829474925995
4041,4.15,6,150.12203288078308
4042,4.449999999999999,4,150.15018606185913
4043,-1.75,15,150.19930911064148
4044,4.15,6,150.23125004768372
4045,4.6000000000000005,3,150.25424575805664
4046,4.449999999999999,4,150.28401517868042
4047,3.6999999999999997,9,150.32374262809753
4048,4.75,2,150.3483214378357
4049,4.3,5,150.38052439689636
4050,3.85,8,150.42135906219482
4051,3.25,12,150.45841693878174
4052,3.85,8,150.49047541618347
4053,4.75,2,150.51403641700745
4054,4.6000000000000005,3,150.53758478164673
4055,4.6000000000000005,3,150.56634712219238
4056,3.85,8,150.59892559051514
4057,4.15,6,150.62981414794922
4058,3.4,11,150.66880631446838
4059,3.4,11,150.70808339118958
4060,3.85,8,150.74925756454468
4061,4.449999999999999,4,150.77492237091064
4062,4.449999999999999,4,150.8017315864563
4063,4.75,2,150.82746863365173
4064,4.449999999999999,4,150.8526895046234
4065,4.75,2,150.87814116477966
4066,4.449999999999999,4,150.9092972278595
4067,4.15,6,150.9382553100586
4068,4.6000000000000005,3,150.96253442764282
4069,3.6999999999999997,9,150.9995129108429
4070,3.85,8,151.03603196144104
4071,-1.75,15,151.07986736297607
4072,4.6000000000000005,3,151.10885000228882
4073,3.6999999999999997,9,151.1446509361267
4074,4.3,5,151.1715166568756
4075,3.55,10,151.20792388916016
4076,4.75,2,151.2353105545044
4077,4.15,6,151.26856589317322
4078,3.85,8,151.4548830986023
4079,4.449999999999999,4,151.48365592956543
4080,4.3,5,151.5112659931183
4081,4.75,2,151.53761529922485
4082,4.3,5,151.56826043128967
4083,4.75,2,151.59441375732422
4084,4.75,2,151.6206772327423
4085,4.449999999999999,4,151.64827704429626
4086,4.6000000000000005,3,151.67199444770813
4087,-3.25,6,151.70083212852478
4088,4.75,2,151.72943305969238
4089,4.15,6,151.75920820236206
4090,4.0,7,151.79115962982178
4091,4.15,6,151.82214283943176
4092,4.15,6,151.8534598350525
4093,4.0,7,151.88926696777344
4094,3.85,8,151.92739248275757
4095,4.6000000000000005,3,151.95974469184875
4096,4.3,5,151.993102312088
4097,3.4,11,152.03331327438354
4098,3.85,8,152.06632947921753
4099,4.449999999999999,4,152.1023449897766
4100,4.449999999999999,4,152.13256883621216
4101,4.449999999999999,4,152.15823459625244
4102,4.449999999999999,4,152.18885326385498
4103,3.1,13,152.2375819683075
4104,-1.75,15,152.2879674434662
4105,4.449999999999999,4,152.32481861114502
4106,4.6000000000000005,3,152.3502378463745
4107,4.3,5,152.38039708137512
4108,4.449999999999999,4,152.41005039215088
4109,4.75,2,152.4366660118103
4110,4.15,6,152.4637050628662
4111,3.85,8,152.49851608276367
4112,4.449999999999999,4,152.52870678901672
4113,4.0,7,152.56400680541992
4114,4.0,7,152.60792469978333
4115,4.449999999999999,4,152.63598561286926
4116,3.55,10,152.67540764808655
4117,4.6000000000000005,3,152.7028820514679
4118,4.15,6,152.73373293876648
4119,4.9,1,152.76483297348022
4120,-3.65,14,152.81721663475037
4121,4.15,6,152.85105061531067
4122,4.9,1,152.88088202476501
4123,4.75,2,152.91270279884338
4124,4.6000000000000005,3,152.9384503364563
4125,3.4,11,153.14642119407654
4126,4.9,1,153.17106342315674
4127,-1.75,15,153.21812343597412
4128,3.6999999999999997,9,153.25851726531982
4129,4.0,7,153.29230213165283
4130,4.0,7,153.3275842666626
4131,4.449999999999999,4,153.35279822349548
4132,3.6999999999999997,9,153.38633370399475
4133,4.0,7,153.4181694984436
4134,4.75,2,153.44111371040344
4135,4.15,6,153.47129034996033
4136,4.3,5,153.4969801902771
4137,-1.75,15,153.53751134872437
4138,3.85,8,153.5743372440338
4139,3.55,10,153.61318397521973
4140,4.3,5,153.6451530456543
4141,4.75,2,153.67101669311523
4142,4.0,7,153.70334029197693
4143,4.449999999999999,4,153.73110008239746
4144,3.6999999999999997,9,153.76624417304993
4145,4.0,7,153.7986934185028
4146,4.75,2,153.82061648368835
4147,4.0,7,153.852388381958
4148,3.85,8,153.8867540359497
4149,-1.75,15,153.93008184432983
4150,4.15,6,153.9653515815735
4151,4.6000000000000005,3,153.99191880226135
4152,4.0,7,154.02857494354248
4153,4.15,6,154.05811858177185
4154,3.85,8,154.09426093101501
4155,4.6000000000000005,3,154.1193425655365
4156,3.6999999999999997,9,154.1544382572174
4157,4.9,1,154.18512558937073
4158,4.0,7,154.2186245918274
4159,4.6000000000000005,3,154.25003457069397
4160,-1.75,15,154.29665160179138
4161,4.3,5,154.3298089504242
4162,3.6999999999999997,9,154.5161623954773
4163,3.55,10,154.55518984794617
4164,4.75,2,154.5801408290863
4165,4.449999999999999,4,154.61231875419617
4166,4.15,6,154.6439607143402
4167,4.6000000000000005,3,154.66970419883728
4168,4.0,7,154.71238493919373
4169,4.6000000000000005,3,154.74745655059814
4170,4.0,7,154.78074407577515
4171,4.449999999999999,4,154.8167541027069
4172,3.55,10,154.85105729103088
4173,4.449999999999999,4,154.88040161132812
4174,4.6000000000000005,3,154.90465092658997
4175,4.15,6,154.93787932395935
4176,4.0,7,154.9711184501648
4177,4.449999999999999,4,155.0009126663208
4178,4.449999999999999,4,155.02907466888428
4179,4.0,7,155.06061387062073
4180,4.0,7,155.09073042869568
4181,3.4,11,155.1299386024475
4182,4.3,5,155.16067361831665
4183,3.55,10,155.1989917755127
4184,4.75,2,155.22468256950378
4185,3.6999999999999997,9,155.26022291183472
4186,4.6000000000000005,3,155.28453493118286
4187,3.85,8,155.32191014289856
4188,3.6999999999999997,9,155.36458921432495
4189,4.3,5,155.39580535888672
4190,4.15,6,155.42961859703064
4191,4.75,2,155.45811295509338
4192,4.75,2,155.48057794570923
4193,4.6000000000000005,3,155.5090024471283
4194,-1.75,15,155.55449199676514
4195,4.15,6,155.58779501914978
4196,3.55,10,155.63042831420898
4197,4.9,1,155.64946460723877
4198,4.6000000000000005,3,155.6784369945526
4199,3.25,12,155.72526812553406
4200,3.55,10,155.7701916694641
4201,4.0,7,155.80944275856018
4202,4.449999999999999,4,155.8421561717987
4203,4.75,2,155.8695707321167
4204,4.6000000000000005,3,155.8994903564453
4205,3.85,8,156.09638333320618
4206,4.6000000000000005,3,156.1222550868988
4207,-1.75,15,156.16990303993225
4208,4.3,5,156.20211029052734
4209,4.15,6,156.23221826553345
4210,4.75,2,156.25343704223633
4211,4.6000000000000005,3,156.28006863594055
4212,4.3,5,156.31129050254822
4213,4.3,5,156.33979392051697
4214,4.0,7,156.37360167503357
4215,4.449999999999999,4,156.40111231803894
4216,4.3,5,156.4334397315979
4217,4.6000000000000005,3,156.46107172966003
4218,3.55,10,156.49398708343506
4219,4.6000000000000005,3,156.52015233039856
4220,4.449999999999999,4,156.55503225326538
4221,3.55,10,156.59502959251404
4222,4.449999999999999,4,156.62428331375122
4223,3.6999999999999997,9,156.65858912467957
4224,4.449999999999999,4,156.68775701522827
4225,4.0,7,156.71930623054504
4226,4.449999999999999,4,156.75051593780518
4227,4.15,6,156.778817653656
4228,4.75,2,156.801913022995
4229,4.3,5,156.82967591285706
4230,4.449999999999999,4,156.85704445838928
4231,4.75,2,156.88337564468384
4232,4.15,6,156.91644597053528
4233,4.75,2,156.95050930976868
4234,4.15,6,156.9847252368927
4235,3.85,8,157.01918578147888
4236,3.4,11,157.05615305900574
4237,4.6000000000000005,3,157.08043479919434
4238,4.3,5,157.10776209831238
4239,4.15,6,157.13641023635864
4240,4.6000000000000005,3,157.16534614562988
4241,-1.75,15,157.20726561546326
4242,4.3,5,157.24007773399353
4243,4.3,5,157.2707884311676
4244,4.3,5,157.31094884872437
4245,4.15,6,157.34128642082214
4246,4.15,6,157.37702059745789
4247,4.6000000000000005,3,157.40873169898987
4248,3.55,10,157.4469654560089
4249,4.3,5,157.4770998954773
4250,4.6000000000000005,3,157.50319480895996
4251,4.15,6,157.70761632919312
4252,4.3,5,157.74235558509827
4253,4.75,2,157.7753472328186
4254,4.3,5,157.81157302856445
4255,4.3,5,157.8377468585968
4256,4.9,1,157.86240577697754
4257,3.85,8,157.89851570129395
4258,4.449999999999999,4,157.93378496170044
4259,4.3,5,157.96385216712952
4260,4.0,7,157.99485230445862
4261,4.0,7,158.02488255500793
4262,-3.45,10,158.06137466430664
4263,-3.4,9,158.09446573257446
4264,3.85,8,158.1284956932068
4265,4.0,7,158.1582534313202
4266,-3.15,4,158.1836450099945
4267,4.9,1,158.20658612251282
4268,4.9,1,158.23188042640686
4269,-1.75,15,158.27865147590637
4270,4.3,5,158.3044843673706
4271,4.449999999999999,4,158.3373851776123
4272,4.15,6,158.3686773777008
4273,4.449999999999999,4,158.3950433731079
4274,4.15,6,158.42779421806335
4275,4.449999999999999,4,158.45281863212585
4276,-3.0,1,158.4738838672638
4277,4.9,1,158.4957618713379
4278,4.6000000000000005,3,158.52186822891235
4279,4.3,5,158.54974174499512
4280,4.15,6,158.57970094680786
4281,4.75,2,158.6001648902893
4282,4.449999999999999,4,158.62584400177002
4283,3.25,12,158.66949343681335
4284,4.449999999999999,4,158.70325541496277
4285,4.449999999999999,4,158.73343467712402
4286,3.6999999999999997,9,158.7644293308258
4287,4.75,2,158.78895330429077
4288,4.449999999999999,4,158.81816124916077
4289,3.85,8,158.8552463054657
4290,4.75,2,158.8845579624176
4291,4.449999999999999,4,158.92245197296143
4292,3.6999999999999997,9,158.9648404121399
4293,3.55,10,159.00596022605896
4294,4.449999999999999,4,159.03634238243103
4295,4.0,7,159.07401418685913
4296,4.15,6,159.10972261428833
4297,4.15,6,159.14638257026672
4298,4.449999999999999,4,159.17500948905945
4299,4.449999999999999,4,159.3630826473236
4300,4.15,6,159.3945972919464
4301,4.449999999999999,4,159.42385005950928
4302,4.15,6,159.45469331741333
4303,3.85,8,159.48545598983765
4304,4.75,2,159.51938772201538
4305,4.75,2,159.5463285446167
4306,4.449999999999999,4,159.57243132591248
4307,4.75,2,159.59747529029846
4308,4.449999999999999,4,159.62307739257812
4309,4.0,7,159.659658908844
4310,4.3,5,159.68956565856934
4311,4.3,5,159.72118139266968
4312,4.3,5,159.75308752059937
4313,3.55,10,159.78747010231018
4314,4.0,7,159.82383680343628
4315,3.85,8,159.86422896385193
4316,4.3,5,159.8950982093811
4317,3.85,8,159.9299385547638
4318,4.449999999999999,4,159.95876336097717
4319,4.3,5,159.98613476753235
4320,4.0,7,160.0166609287262
4321,4.75,2,160.04251623153687
4322,4.449999999999999,4,160.0767695903778
4323,4.449999999999999,4,160.10434198379517
4324,4.15,6,160.1385850906372
4325,4.6000000000000005,3,160.16598653793335
4326,4.6000000000000005,3,160.19596552848816
4327,4.75,2,160.22207355499268
4328,4.15,6,160.25792932510376
4329,4.6000000000000005,3,160.28707766532898
4330,4.6000000000000005,3,160.31602430343628
4331,4.6000000000000005,3,160.34224343299866
4332,4.75,2,160.3706614971161
4333,3.85,8,160.40892839431763
4334,4.3,5,160.4433228969574
4335,4.75,2,160.476478099823
4336,-1.75,15,160.52205657958984
4337,4.75,2,160.55207324028015
4338,3.4,11,160.59641456604004
4339,4.6000000000000005,3,160.6274757385254
4340,4.6000000000000005,3,160.65593266487122
4341,4.9,1,160.68454384803772
4342,3.6999999999999997,9,160.71993136405945
4343,3.6999999999999997,9,160.7612054347992
4344,4.15,6,160.79155230522156
4345,4.3,5,160.8234760761261
4346,4.15,6,160.8616759777069
4347,4.449999999999999,4,160.89335751533508
4348,-1.75,15,161.08510613441467
4349,3.85,8,161.12690377235413
4350,4.75,2,161.1503462791443
4351,4.9,1,161.17460370063782
4352,4.6000000000000005,3,161.20258855819702
4353,3.4,11,161.23867464065552
4354,3.1,13,161.28083395957947
4355,3.85,8,161.3129813671112
4356,-1.75,15,161.35647439956665
4357,4.6000000000000005,3,161.38326001167297
4358,4.0,7,161.4173059463501
4359,4.6000000000000005,3,161.44460558891296
4360,4.9,1,161.4682216644287
4361,4.0,7,161.4989538192749
4362,4.6000000000000005,3,161.5264332294464
4363,4.6000000000000005,3,161.55044507980347
4364,4.75,2,161.58336353302002
4365,4.15,6,161.62107348442078
4366,4.9,1,161.64763402938843
4367,4.6000000000000005,3,161.67941808700562
4368,3.55,10,161.71865105628967
4369,4.15,6,161.75652980804443
4370,4.449999999999999,4,161.78450107574463
4371,4.0,7,161.82860684394836
4372,4.75,2,161.85687255859375
4373,4.3,5,161.88334965705872
4374,4.9,1,161.90978288650513
4375,4.75,2,161.9347379207611
4376,4.75,2,161.96130275726318
4377,4.449999999999999,4,161.9914481639862
4378,4.6000000000000005,3,162.0216076374054
4379,4.15,6,162.06062865257263
4380,4.3,5,162.09293246269226
4381,4.75,2,162.12027096748352
4382,4.75,2,162.14652919769287
4383,4.75,2,162.17693853378296
4384,4.6000000000000005,3,162.21290516853333
4385,4.449999999999999,4,162.25104141235352
4386,4.449999999999999,4,162.28627824783325
4387,4.449999999999999,4,162.32401418685913
4388,4.3,5,162.35850429534912
4389,4.75,2,162.38734984397888
4390,4.75,2,162.42036271095276
4391,4.9,1,162.45027112960815
4392,4.3,5,162.4934527873993
4393,4.6000000000000005,3,162.54870104789734
4394,4.75,2,162.61367559432983
4395,4.15,6,162.6591935157776
4396,3.4,11,162.70477199554443
4397,4.449999999999999,4,162.74398279190063
4398,3.25,12,162.7932939529419
4399,3.6999999999999997,9,162.82840752601624
4400,4.75,2,162.8537495136261
4401,4.449999999999999,4,162.88699769973755
4402,4.75,2,162.9140648841858
4403,4.75,2,162.9400453567505
4404,4.0,7,163.13958978652954
4405,4.6000000000000005,3,163.1674554347992
4406,4.9,1,163.19176626205444
4407,4.75,2,163.21641087532043
4408,4.449999999999999,4,163.24297523498535
4409,4.0,7,163.27956628799438
4410,-1.75,15,163.32921028137207
4411,3.4,11,163.3668918609619
4412,3.85,8,163.39832043647766
4413,3.6999999999999997,9,163.43038415908813
4414,4.75,2,163.45261335372925
4415,3.55,10,163.4884603023529
4416,-1.75,15,163.53027725219727
4417,4.0,7,163.56116104125977
4418,4.0,7,163.593896150589
4419,4.3,5,163.61861896514893
4420,4.449999999999999,4,163.64792013168335
4421,4.0,7,163.6926941871643
4422,-1.75,15,163.74218106269836
4423,4.6000000000000005,3,163.7754099369049
4424,4.6000000000000005,3,163.80188655853271
4425,4.75,2,163.8288254737854
4426,-1.75,15,163.87981939315796
4427,4.6000000000000005,3,163.90730500221252
4428,4.0,7,163.94956254959106
4429,4.9,1,163.9759659767151
4430,4.449999999999999,4,164.00672912597656
4431,4.449999999999999,4,164.03536868095398
4432,3.25,12,164.08246111869812
4433,4.15,6,164.11468148231506
4434,4.449999999999999,4,164.1513111591339
4435,4.6000000000000005,3,164.17975497245789
4436,3.6999999999999997,9,164.21291041374207
4437,4.6000000000000005,3,164.23573422431946
4438,-1.75,15,164.28517889976501
4439,-3.35,8,164.32342553138733
4440,4.75,2,164.35198974609375
4441,4.75,2,164.378422498703
4442,4.3,5,164.40926718711853
4443,3.25,12,164.5955786705017
4444,4.449999999999999,4,164.62003755569458
4445,4.15,6,164.64910435676575
4446,4.15,6,164.67698407173157
4447,4.6000000000000005,3,164.70173621177673
4448,4.15,6,164.73152589797974
4449,4.6000000000000005,3,164.7573323249817
4450,-1.75,15,164.79955625534058
4451,4.0,7,164.8314003944397
4452,4.0,7,164.86349439620972
4453,4.3,5,164.89879846572876
4454,4.449999999999999,4,164.93132734298706
4455,4.75,2,164.9630024433136
4456,4.75,2,164.9937961101532
4457,4.75,2,165.01601910591125
4458,-1.75,15,165.06636953353882
4459,4.0,7,165.1005721092224
4460,4.15,6,165.13618755340576
4461,4.9,1,165.1603672504425
4462,4.15,6,165.18953466415405
4463,4.0,7,165.2221896648407
4464,4.75,2,165.255934715271
4465,4.75,2,165.28543400764465
4466,4.15,6,165.327388048172
4467,4.6000000000000005,3,165.362811088562
4468,4.3,5,165.39126563072205
4469,3.55,10,165.42793774604797
4470,4.6000000000000005,3,165.45248889923096
4471,4.75,2,165.4771044254303
4472,4.449999999999999,4,165.51490545272827
4473,4.3,5,165.54935383796692
4474,4.15,6,165.58413362503052
4475,4.0,7,165.61665415763855
4476,4.6000000000000005,3,165.64443349838257
4477,4.75,2,165.67199897766113
4478,4.75,2,165.69752526283264
4479,3.55,10,165.73748755455017
4480,4.15,6,165.77680325508118
4481,4.6000000000000005,3,165.80967044830322
4482,3.25,12,165.8474781513214
4483,4.15,6,165.87707686424255
4484,4.449999999999999,4,165.90600180625916
4485,4.3,5,165.93760633468628
4486,4.449999999999999,4,165.9654984474182
4487,4.3,5,165.99738836288452
4488,4.449999999999999,4,166.02286505699158
4489,3.85,8,166.05965900421143
4490,4.3,5,166.08625531196594
4491,4.3,5,166.25791096687317
4492,4.3,5,166.28726053237915
4493,-1.75,15,166.32861852645874
4494,3.85,8,166.3629515171051
4495,4.6000000000000005,3,166.3908908367157
4496,4.449999999999999,4,166.41904163360596
4497,3.6999999999999997,9,166.45451426506042
4498,4.449999999999999,4,166.4814431667328
4499,4.3,5,166.50830841064453
4500,4.6000000000000005,3,166.533757686615
4501,4.9,1,166.5575168132782
4502,3.6999999999999997,9,166.59430646896362
4503,4.449999999999999,4,166.62115120887756
4504,4.449999999999999,4,166.64689207077026
4505,4.0,7,166.68238043785095
4506,4.75,2,166.70317268371582
4507,3.85,8,166.74457812309265
4508,3.1,13,166.78860020637512
4509,4.0,7,166.821430683136
4510,4.15,6,166.84996438026428
4511,4.15,6,166.88324880599976
4512,4.9,1,166.90818238258362
4513,4.3,5,166.934992313385
4514,4.449999999999999,4,166.96486020088196
4515,4.0,7,167.00290608406067
4516,3.25,12,167.05305910110474
4517,4.15,6,167.08637356758118
4518,4.75,2,167.11317992210388
4519,4.75,2,167.1369972229004
4520,3.85,8,167.1713728904724
4521,4.449999999999999,4,167.2012414932251
4522,4.6000000000000005,3,167.23434972763062
4523,4.6000000000000005,3,167.26879262924194
4524,3.85,8,167.31145024299622
4525,4.0,7,167.35190296173096
4526,4.75,2,167.37851691246033
4527,-1.75,15,167.42130374908447
4528,4.3,5,167.44837522506714
4529,4.449999999999999,4,167.47587370872498
4530,4.6000000000000005,3,167.50138187408447
4531,4.6000000000000005,3,167.53303718566895
4532,3.4,11,167.57731699943542
4533,4.0,7,167.61552834510803
4534,4.0,7,167.6504828929901
4535,4.15,6,167.8263554573059
4536,4.75,2,167.84914302825928
4537,4.6000000000000005,3,167.87796592712402
4538,4.6000000000000005,3,167.91005301475525
4539,4.449999999999999,4,167.93665862083435
4540,4.0,7,167.96874332427979
4541,4.449999999999999,4,167.99833869934082
4542,-1.75,15,168.04391837120056
4543,4.6000000000000005,3,168.06859588623047
4544,4.75,2,168.08984112739563
4545,4.75,2,168.11508345603943
4546,-1.75,15,168.16177892684937
4547,4.75,2,168.1901981830597
4548,4.449999999999999,4,168.21851110458374
4549,4.3,5,168.24933576583862
4550,3.85,8,168.2813014984131
4551,4.15,6,168.31129336357117
4552,4.449999999999999,4,168.33893609046936
4553,4.0,7,168.37077283859253
4554,3.85,8,168.40421962738037
4555,3.6999999999999997,9,168.44132590293884
4556,4.449999999999999,4,168.46863722801208
4557,4.3,5,168.50119972229004
4558,4.0,7,168.53342819213867
4559,4.449999999999999,4,168.56220698356628
4560,4.75,2,168.5934681892395
4561,3.85,8,168.63182997703552
4562,3.85,8,168.66837549209595
4563,4.6000000000000005,3,168.6978259086609
4564,4.9,1,168.72505521774292
4565,4.75,2,168.74982857704163
4566,4.6000000000000005,3,168.77822375297546
4567,4.6000000000000005,3,168.8045778274536
4568,4.0,7,168.8413016796112
4569,4.15,6,168.87609148025513
4570,4.449999999999999,4,168.90937185287476
4571,4.75,2,168.93193125724792
4572,4.449999999999999,4,168.96047067642212
4573,4.75,2,168.98359441757202
4574,3.85,8,169.02776408195496
4575,3.25,12,169.0729250907898
4576,4.449999999999999,4,169.1043620109558
4577,3.6999999999999997,9,169.14662647247314
4578,-3.45,10,169.18483424186707
4579,-3.25,6,169.2151906490326
4580,4.3,5,169.25194811820984
4581,4.15,6,169.2835190296173
4582,4.9,1,169.30392169952393
4583,4.6000000000000005,3,169.33192420005798
4584,-1.75,15,169.50410151481628
4585,3.55,10,169.54056310653687
4586,4.75,2,169.56487250328064
4587,4.75,2,169.5897455215454
4588,4.6000000000000005,3,169.62440729141235
4589,4.6000000000000005,3,169.65849494934082
4590,3.55,10,169.70192766189575
4591,3.85,8,169.73415207862854
4592,-3.4,9,169.76916670799255
4593,4.6000000000000005,3,169.7950403690338
4594,4.0,7,169.8286395072937
4595,4.3,5,169.86701560020447
4596,4.0,7,169.89716291427612
4597,4.0,7,169.93045020103455
4598,4.449999999999999,4,169.9596176147461
4599,4.449999999999999,4,169.994140625
4600,4.6000000000000005,3,170.03002285957336
4601,4.6000000000000005,3,170.05884528160095
4602,4.449999999999999,4,170.0856854915619
4603,4.449999999999999,4,170.11407899856567
4604,3.6999999999999997,9,170.15272617340088
4605,-3.25,6,170.18778777122498
4606,4.3,5,170.2180278301239
4607,4.0,7,170.25255131721497
4608,4.3,5,170.29072093963623
4609,4.75,2,170.31774020195007
4610,4.3,5,170.35549426078796
4611,3.4,11,170.39409255981445
4612,4.449999999999999,4,170.42394948005676
4613,3.55,10,170.46031761169434
4614,4.6000000000000005,3,170.48864579200745
4615,4.6000000000000005,3,170.51934170722961
4616,-3.4,9,170.55184817314148
4617,4.6000000000000005,3,170.57708859443665
4618,3.25,12,170.61389827728271
4619,4.75,2,170.63966703414917
4620,4.449999999999999,4,170.66495156288147
4621,4.0,7,170.69713592529297
4622,4.3,5,170.72806787490845
4623,3.4,11,170.7619161605835
4624,3.85,8,170.79468441009521
4625,3.6999999999999997,9,170.83043146133423
4626,4.15,6,171.01023840904236
4627,4.75,2,171.0364270210266
4628,4.0,7,171.0707447528839
4629,-1.75,15,171.1132206916809
4630,4.3,5,171.1493706703186
4631,4.3,5,171.17800664901733
4632,4.3,5,171.21046495437622
4633,4.9,1,171.23367953300476
4634,-1.75,15,171.27497720718384
4635,4.3,5,171.30822277069092
4636,4.3,5,171.33600449562073
4637,4.449999999999999,4,171.36714148521423
4638,3.55,10,171.41047930717468
4639,4.449999999999999,4,171.44041061401367
4640,3.85,8,171.47238111495972
4641,4.75,2,171.49680542945862
4642,4.6000000000000005,3,171.52281141281128
4643,3.4,11,171.56197476387024
4644,4.6000000000000005,3,171.5846357345581
4645,4.75,2,171.6100206375122
4646,4.15,6,171.64265370368958
4647,3.25,12,171.68328332901
4648,4.15,6,171.71530652046204
4649,4.6000000000000005,3,171.74606227874756
4650,3.4,11,171.79157280921936
4651,3.85,8,171.8253219127655
4652,4.75,2,171.85111927986145
4653,3.4,11,171.89685583114624
4654,4.6000000000000005,3,171.92110323905945
4655,4.0,7,171.96031141281128
4656,3.55,10,172.0050494670868
4657,4.75,2,172.03803896903992
4658,4.3,5,172.07514905929565
4659,4.9,1,172.09776520729065
4660,3.1,13,172.14020490646362
4661,4.9,1,172.163152217865
4662,3.6999999999999997,9,172.20130896568298
4663,-1.75,15,172.24588561058044
4664,4.6000000000000005,3,172.27127957344055
4665,3.6999999999999997,9,172.30968236923218
4666,3.85,8,172.49911332130432
4667,4.9,1,172.5229890346527
4668,4.75,2,172.55084609985352
4669,4.9,1,172.57858443260193
4670,3.85,8,172.61498737335205
4671,4.9,1,172.64262747764587
4672,4.449999999999999,4,172.66936039924622
4673,-1.75,15,172.71204042434692
4674,4.6000000000000005,3,172.73529720306396
4675,4.0,7,172.76551222801208
4676,3.4,11,172.80145978927612
4677,4.75,2,172.82842564582825
4678,4.6000000000000005,3,172.8613681793213
4679,3.55,10,172.8984935283661
4680,4.75,2,172.9218864440918
4681,4.0,7,172.95633149147034
4682,4.0,7,172.99223732948303
4683,4.15,6,173.02712321281433
4684,4.15,6,173.06534481048584
4685,4.6000000000000005,3,173.09946465492249
4686,4.15,6,173.13323616981506
4687,4.449999999999999,4,173.165189743042
4688,4.449999999999999,4,173.19759106636047
4689,4.9,1,173.22109198570251
4690,4.9,1,173.24750804901123
4691,4.3,5,173.2813835144043
4692,4.3,5,173.31546759605408
4693,4.6000000000000005,3,173.35110664367676
4694,4.6000000000000005,3,173.38396215438843
4695,4.75,2,173.41153025627136
4696,4.15,6,173.44481229782104
4697,4.3,5,173.47374725341797
4698,4.449999999999999,4,173.50517201423645
4699,4.3,5,173.54196095466614
4700,4.15,6,173.57425022125244
4701,4.15,6,173.60794949531555
4702,4.449999999999999,4,173.6380398273468
4703,3.25,12,173.68670296669006
4704,4.449999999999999,4,173.71853756904602
4705,-1.75,15,173.76346278190613
4706,4.75,2,173.79049468040466
4707,4.15,6,173.8178687095642
4708,4.75,2,173.84394025802612
4709,3.6999999999999997,9,173.87780594825745
4710,4.3,5,173.90578508377075
4711,4.449999999999999,4,173.9319064617157
4712,4.75,2,173.95776844024658
4713,3.6999999999999997,9,173.9935004711151
4714,4.449999999999999,4,174.02672266960144
4715,4.75,2,174.05754446983337
4716,4.15,6,174.09214615821838
4717,4.449999999999999,4,174.259046792984
4718,4.449999999999999,4,174.28897881507874
4719,4.6000000000000005,3,174.31561422348022
4720,4.6000000000000005,3,174.34611749649048
4721,4.75,2,174.3702335357666
4722,4.449999999999999,4,174.39645171165466
4723,4.449999999999999,4,174.42421746253967
4724,3.25,12,174.46030640602112
4725,3.85,8,174.49075174331665
4726,4.0,7,174.523010969162
4727,3.85,8,174.55547380447388
4728,4.6000000000000005,3,174.58234214782715
4729,4.6000000000000005,3,174.60937762260437
4730,4.75,2,174.6340353488922
4731,4.449999999999999,4,174.66787886619568
4732,4.3,5,174.69931197166443
4733,4.0,7,174.72933292388916
4734,4.0,7,174.7600657939911
4735,4.3,5,174.79045367240906
4736,3.6999999999999997,9,174.82951402664185
4737,4.75,2,174.8558554649353
4738,4.449999999999999,4,174.8828263282776
4739,3.55,10,174.92477416992188
4740,4.75,2,174.95259809494019
4741,4.6000000000000005,3,174.97907829284668
4742,4.75,2,175.006103515625
4743,4.6000000000000005,3,175.0338487625122
4744,4.6000000000000005,3,175.06091403961182
4745,4.75,2,175.089204788208
4746,4.6000000000000005,3,175.12063932418823
4747,3.25,12,175.16434383392334
4748,4.6000000000000005,3,175.19089245796204
4749,4.15,6,175.2265727519989
4750,4.449999999999999,4,175.25203943252563
4751,3.6999999999999997,9,175.28714561462402
4752,4.0,7,175.31849217414856
4753,4.449999999999999,4,175.34691500663757
4754,4.449999999999999,4,175.37186789512634
4755,4.3,5,175.40046072006226
4756,3.6999999999999997,9,175.43628430366516
4757,-1.75,15,175.47860527038574
4758,4.449999999999999,4,175.50383734703064
4759,4.15,6,175.53304028511047
4760,4.6000000000000005,3,175.5610101222992
4761,4.3,5,175.58897995948792
4762,3.85,8,175.62332201004028
4763,3.4,11,175.65978813171387
4764,4.75,2,175.69060802459717
4765,4.449999999999999,4,175.87544655799866
4766,4.3,5,175.9072995185852
4767,-3.25,6,175.94665598869324
4768,3.85,8,175.99584245681763
4769,4.6000000000000005,3,176.0248064994812
4770,4.75,2,176.05233120918274
4771,4.3,5,176.08398938179016
4772,4.6000000000000005,3,176.11455130577087
4773,4.3,5,176.14460015296936
4774,4.6000000000000005,3,176.17238450050354
4775,4.6000000000000005,3,176.19598984718323
4776,3.85,8,176.22739601135254
4777,4.0,7,176.26208400726318
4778,3.85,8,176.29506993293762
4779,4.15,6,176.32593727111816
4780,4.6000000000000005,3,176.35437417030334
4781,4.75,2,176.38208603858948
4782,4.6000000000000005,3,176.4116141796112
4783,4.449999999999999,4,176.4443862438202
4784,3.6999999999999997,9,176.4821207523346
4785,4.449999999999999,4,176.51587438583374
4786,4.6000000000000005,3,176.54712533950806
4787,4.6000000000000005,3,176.57634043693542
4788,4.6000000000000005,3,176.60381627082825
4789,3.6999999999999997,9,176.64329504966736
4790,4.15,6,176.67476558685303
4791,3.55,10,176.71637606620789
4792,4.15,6,176.75162601470947
4793,3.85,8,176.79224824905396
4794,4.449999999999999,4,176.8272774219513
4795,4.449999999999999,4,176.85298895835876
4796,4.449999999999999,4,176.88408041000366
4797,4.15,6,176.9175934791565
4798,4.0,7,176.95120930671692
4799,3.6999999999999997,9,176.9886498451233
4800,4.15,6,177.01944398880005
4801,3.25,12,177.0593180656433
4802,4.0,7,177.09579181671143
4803,3.4,11,177.13859176635742
4804,4.9,1,177.16103792190552
4805,4.449999999999999,4,177.185453414917
4806,4.15,6,177.21432614326477
4807,3.25,12,177.25743079185486
4808,4.75,2,177.28258895874023
4809,4.0,7,177.31374192237854
4810,3.85,8,177.49562573432922
4811,3.85,8,177.5286033153534
4812,4.6000000000000005,3,177.55600666999817
4813,4.6000000000000005,3,177.58326363563538
4814,4.0,7,177.62008953094482
4815,4.0,7,177.65475058555603
4816,4.3,5,177.6829319000244
4817,3.1,13,177.72306609153748
4818,4.15,6,177.75156497955322
4819,4.6000000000000005,3,177.77770113945007
4820,4.6000000000000005,3,177.80167484283447
4821,4.0,7,177.8382694721222
4822,4.15,6,177.8736674785614
4823,4.449999999999999,4,177.9038269519806
4824,4.6000000000000005,3,177.9281027317047
4825,4.3,5,177.9586820602417
4826,3.6999999999999997,9,177.99923419952393
4827,4.6000000000000005,3,178.03127598762512
4828,4.75,2,178.06062245368958
4829,4.6000000000000005,3,178.09721088409424
4830,4.9,1,178.1273877620697
4831,4.9,1,178.15110802650452
4832,3.55,10,178.19645404815674
4833,4.0,7,178.23147201538086
4834,4.75,2,178.26611042022705
4835,4.0,7,178.301372051239
4836,-1.75,15,178.3457624912262
4837,4.449999999999999,4,178.37575125694275
4838,3.85,8,178.41701745986938
4839,4.449999999999999,4,178.44240760803223
4840,4.6000000000000005,3,178.47506070137024
4841,4.9,1,178.49908590316772
4842,4.449999999999999,4,178.52800846099854
4843,3.55,10,178.56350255012512
4844,4.449999999999999,4,178.59270787239075
4845,3.4,11,178.62797355651855
4846,-1.75,15,178.66807317733765
4847,4.75,2,178.69627451896667
4848,-1.75,15,178.7422215938568
4849,4.3,5,178.7739701271057
4850,4.0,7,178.80649042129517
4851,4.6000000000000005,3,178.833505153656
4852,4.75,2,178.8632619380951
4853,4.75,2,178.8910617828369
4854,4.449999999999999,4,178.9164683818817
4855,3.6999999999999997,9,179.12190127372742
4856,4.6000000000000005,3,179.15737009048462
4857,4.15,6,179.1962447166443
4858,3.85,8,179.2320098876953
4859,3.85,8,179.26483345031738
4860,4.9,1,179.29418683052063
4861,4.3,5,179.32767343521118
4862,4.6000000000000005,3,179.35433149337769
4863,4.0,7,179.3878836631775
4864,4.0,7,179.42679834365845
4865,4.0,7,179.46220088005066
4866,4.3,5,179.49450993537903
4867,4.75,2,179.5215358734131
4868,4.6000000000000005,3,179.5463936328888
4869,4.75,2,179.5740921497345
4870,3.85,8,179.61347317695618
4871,4.6000000000000005,3,179.64416885375977
4872,4.449999999999999,4,179.67940378189087
4873,3.6999999999999997,9,179.71578073501587
4874,4.0,7,179.75122785568237
4875,-1.75,15,179.79862594604492
4876,4.75,2,179.83287835121155
4877,4.449999999999999,4,179.86615371704102
4878,4.449999999999999,4,179.9036259651184
4879,4.6000000000000005,3,179.93186593055725
4880,4.6000000000000005,3,179.96379971504211
4881,-1.75,15,180.0088505744934
4882,4.3,5,180.03913712501526
4883,4.6000000000000005,3,180.06789755821228
4884,3.25,12,180.10904359817505
4885,4.6000000000000005,3,180.13290977478027
4886,4.449999999999999,4,180.1582179069519
4887,4.3,5,180.18703198432922
4888,4.6000000000000005,3,180.21432042121887
4889,3.6999999999999997,9,180.25770020484924
4890,4.75,2,180.28679060935974
4891,4.15,6,180.32593989372253
4892,4.6000000000000005,3,180.35593461990356
4893,4.75,2,180.37956023216248
4894,4.3,5,180.4063844680786
4895,3.85,8,180.43510389328003
4896,4.6000000000000005,3,180.46143126487732
4897,3.6999999999999997,9,180.4920196533203
4898,4.3,5,180.51963877677917
4899,4.6000000000000005,3,180.54590249061584
4900,4.75,2,180.57162404060364
4901,3.55,10,180.6125409603119
4902,3.6999999999999997,9,180.64775395393372
4903,4.0,7,180.8249852657318
4904,4.449999999999999,4,180.8595163822174
4905,4.75,2,180.88435244560242
4906,4.449999999999999,4,180.91464591026306
4907,4.3,5,180.94606852531433
4908,4.75,2,180.97020816802979
4909,4.449999999999999,4,181.00156784057617
4910,4.9,1,181.03067255020142
4911,4.75,2,181.06303548812866
4912,3.6999999999999997,9,181.1039524078369
4913,-1.75,15,181.15165162086487
4914,4.15,6,181.188618183136
4915,3.85,8,181.22788381576538
4916,4.75,2,181.2564618587494
4917,4.449999999999999,4,181.2881157398224
4918,4.0,7,181.32558751106262
4919,4.9,1,181.35327458381653
4920,4.15,6,181.386057138443
4921,3.85,8,181.42670249938965
4922,4.15,6,181.4616997241974
4923,4.9,1,181.49161100387573
4924,4.75,2,181.5167133808136
4925,4.75,2,181.54326510429382
4926,3.6999999999999997,9,181.57583856582642
4927,4.6000000000000005,3,181.60050535202026
4928,4.9,1,181.62560987472534
4929,4.6000000000000005,3,181.65030932426453
4930,-1.75,15,181.6924650669098
4931,-1.75,15,181.73279356956482
4932,4.75,2,181.76464867591858
4933,3.85,8,181.8008632659912
4934,4.15,6,181.83488130569458
4935,3.6999999999999997,9,181.8726396560669
4936,4.6000000000000005,3,181.9101402759552
4937,4.75,2,181.9321630001068
4938,4.3,5,181.9615604877472
4939,4.449999999999999,4,181.98873662948608
4940,4.449999999999999,4,182.01889443397522
4941,4.0,7,182.05140089988708
4942,-1.75,15,182.09860801696777
4943,4.6000000000000005,3,182.12865281105042
4944,4.6000000000000005,3,182.16271448135376
4945,4.6000000000000005,3,182.18977189064026
4946,4.3,5,182.2208755016327
4947,4.9,1,182.24386525154114
4948,4.6000000000000005,3,182.26857662200928
4949,4.449999999999999,4,182.2980396747589
4950,4.6000000000000005,3,182.3238070011139
4951,3.85,8,182.35990977287292
4952,4.3,5,182.55300641059875
4953,3.4,11,182.5941390991211
4954,4.75,2,182.62122344970703
4955,3.85,8,182.65873050689697
4956,4.75,2,182.6917381286621
4957,4.6000000000000005,3,182.7201361656189
4958,4.6000000000000005,3,182.7483959197998
4959,4.9,1,182.77461338043213
4960,3.55,10,182.81142354011536
4961,4.449999999999999,4,182.8379030227661
4962,4.15,6,182.86969995498657
4963,4.6000000000000005,3,182.8966360092163
4964,3.85,8,182.93299674987793
4965,3.85,8,182.97324514389038
4966,3.55,10,183.01033115386963
4967,3.6999999999999997,9,183.0472810268402
4968,4.75,2,183.07122015953064
4969,4.449999999999999,4,183.10037636756897
4970,3.55,10,183.1416733264923
4971,4.9,1,183.16337323188782
4972,4.449999999999999,4,183.19142127037048
4973,4.75,2,183.21549534797668
4974,4.449999999999999,4,183.2411081790924
4975,4.6000000000000005,3,183.26790285110474
4976,-1.75,15,183.31316828727722
4977,4.9,1,183.33720541000366
4978,4.75,2,183.3616225719452
4979,4.449999999999999,4,183.39260530471802
4980,4.15,6,183.42869544029236
4981,4.15,6,183.45978713035583
4982,4.0,7,183.48856854438782
4983,4.15,6,183.51558756828308
4984,4.3,5,183.54347205162048
4985,3.55,10,183.582533121109
4986,4.0,7,183.62133765220642
4987,4.15,6,183.65161800384521
4988,3.55,10,183.68913006782532
4989,4.75,2,183.71415281295776
4990,-3.2,5,183.74708032608032
4991,4.3,5,183.78222489356995
4992,-3.25,6,183.8204369544983
4993,4.3,5,183.85537910461426
4994,-1.75,15,183.90347123146057
4995,4.75,2,183.9287838935852
4996,3.55,10,183.96373796463013
4997,4.3,5,184.14530158042908
4998,4.3,5,184.1755895614624
4999,4.75,2,184.19798040390015
5000,4.449999999999999,4,184.2279725074768
5001,4.15,6,184.26310992240906
5002,4.15,6,184.29579305648804
5003,3.85,8,184.32895708084106
5004,4.75,2,184.3569085597992
5005,-1.75,15,184.40346384048462
5006,4.75,2,184.42922830581665
5007,4.6000000000000005,3,184.4570665359497
5008,4.9,1,184.48296976089478
5009,4.3,5,184.51932644844055
5010,4.0,7,184.55792212486267
5011,4.6000000000000005,3,184.5834493637085
5012,4.0,7,184.61934185028076
5013,4.15,6,184.65136575698853
5014,4.15,6,184.68573904037476
5015,4.6000000000000005,3,184.71331548690796
5016,3.6999999999999997,9,184.7456338405609
5017,4.75,2,184.77481317520142
5018,3.85,8,184.8078591823578
5019,4.6000000000000005,3,184.83354306221008
5020,4.6000000000000005,3,184.85793471336365
5021,4.449999999999999,4,184.88513779640198
5022,4.3,5,184.91580057144165
5023,4.6000000000000005,3,184.94326496124268
5024,4.15,6,184.97252440452576
5025,4.0,7,185.0088336467743
5026,4.75,2,185.03265404701233
5027,4.75,2,185.0575931072235
5028,4.0,7,185.08859086036682
5029,4.15,6,185.1183319091797
5030,3.85,8,185.15483379364014
5031,4.75,2,185.18162727355957
5032,3.6999999999999997,9,185.2157998085022
5033,4.15,6,185.24658274650574
5034,4.449999999999999,4,185.2786636352539
5035,4.15,6,185.31007862091064
5036,4.75,2,185.33487963676453
5037,4.0,7,185.3694863319397
5038,3.6999999999999997,9,185.40763306617737
5039,3.85,8,185.43852519989014
5040,3.6999999999999997,9,185.47351598739624
5041,4.9,1,185.4970269203186
5042,4.9,1,185.5177903175354
5043,4.75,2,185.54239130020142
5044,4.75,2,185.5651478767395
5045,4.3,5,185.59793877601624
5046,3.4,11,185.6337752342224
5047,4.3,5,185.8266999721527
5048,4.6000000000000005,3,185.85555148124695
5049,4.75,2,185.8819465637207
5050,4.6000000000000005,3,185.9127745628357
5051,4.15,6,185.95459008216858
5052,3.85,8,185.99406790733337
5053,4.75,2,186.0208957195282
5054,4.6000000000000005,3,186.04680228233337
5055,4.3,5,186.07789397239685
5056,4.75,2,186.10212898254395
5057,-3.25,6,186.14025783538818
5058,4.75,2,186.16606211662292
5059,3.85,8,186.21051597595215
5060,4.9,1,186.2404706478119
5061,3.6999999999999997,9,186.27532625198364
5062,-1.75,15,186.3166344165802
5063,4.75,2,186.3408453464508
5064,4.449999999999999,4,186.36633014678955
5065,4.15,6,186.39945602416992
5066,4.75,2,186.4223117828369
5067,-3.0,1,186.44451785087585
5068,-3.25,6,186.4765601158142
5069,4.0,7,186.50649499893188
5070,3.85,8,186.5438506603241
5071,4.15,6,186.57888865470886
5072,4.75,2,186.60539746284485
5073,4.6000000000000005,3,186.62999725341797
5074,4.0,7,186.6624357700348
5075,4.75,2,186.68959736824036
5076,4.449999999999999,4,186.71754670143127
5077,4.3,5,186.7476670742035
5078,4.449999999999999,4,186.7809772491455
5079,-1.75,15,186.82622838020325
5080,4.9,1,186.85060024261475
5081,3.85,8,186.8877260684967
5082,4.75,2,186.9114911556244
5083,4.75,2,186.934983253479
5084,4.15,6,186.9626145362854
5085,4.0,7,186.99663639068604
5086,4.6000000000000005,3,187.0245599746704
5087,3.85,8,187.0576136112213
5088,4.15,6,187.0958549976349
5089,4.6000000000000005,3,187.12914657592773
5090,3.85,8,187.16210007667542
5091,4.75,2,187.18349719047546
5092,4.6000000000000005,3,187.2113802433014
5093,-3.2,5,187.23702454566956
5094,4.6000000000000005,3,187.2611048221588
5095,4.449999999999999,4,187.28974056243896
5096,3.85,8,187.32381534576416
5097,4.6000000000000005,3,187.3520040512085
5098,3.55,10,187.3922209739685
5099,4.449999999999999,4,187.56586742401123
5100,4.6000000000000005,3,187.59522128105164
5101,4.75,2,187.61717700958252
5102,3.55,10,187.6571123600006
5103,4.9,1,187.68294858932495
5104,4.75,2,187.707590341568
5105,4.0,7,187.7368528842926
5106,4.0,7,187.77350115776062
5107,4.75,2,187.79863166809082
5108,4.6000000000000005,3,187.82518577575684
5109,4.6000000000000005,3,187.84909009933472
5110,4.6000000000000005,3,187.87602639198303
5111,4.449999999999999,4,187.904723405838
5112,4.75,2,187.93654656410217
5113,4.3,5,187.9644684791565
5114,4.449999999999999,4,187.9984860420227
5115,3.25,12,188.0372438430786
5116,4.449999999999999,4,188.06233882904053
5117,4.75,2,188.08791828155518
5118,3.85,8,188.11756801605225
5119,4.6000000000000005,3,188.14570498466492
5120,3.85,8,188.18381571769714
5121,4.449999999999999,4,188.21338391304016
5122,4.9,1,188.24068522453308
5123,4.449999999999999,4,188.27126216888428
5124,4.75,2,188.29730868339539
5125,4.449999999999999,4,188.32558798789978
5126,3.4,11,188.36242365837097
5127,3.55,10,188.39665126800537
5128,4.6000000000000005,3,188.42433500289917
5129,4.449999999999999,4,188.45259547233582
5130,3.6999999999999997,9,188.48945498466492
5131,3.25,12,188.5388538837433
5132,4.15,6,188.57677841186523
5133,4.6000000000000005,3,188.60601210594177
5134,3.55,10,188.64144921302795
5135,3.4,11,188.67785549163818
5136,4.75,2,188.70241713523865
5137,4.3,5,188.73465085029602
5138,4.15,6,188.76845717430115
5139,4.6000000000000005,3,188.79827666282654
5140,3.55,10,188.8397397994995
5141,3.85,8,188.8803904056549
5142,4.75,2,188.90527772903442
5143,4.0,7,188.93911504745483
5144,4.449999999999999,4,188.9696741104126
5145,4.75,2,189.00144362449646
5146,4.3,5,189.03103232383728
5147,3.85,8,189.0731086730957
5148,-3.05,2,189.1020905971527
5149,3.25,12,189.3274130821228
5150,4.9,1,189.35192203521729
5151,4.15,6,189.38088631629944
5152,4.9,1,189.40219020843506
5153,3.55,10,189.43560528755188
5154,4.449999999999999,4,189.46180748939514
5155,3.55,10,189.50311851501465
5156,3.4,11,189.54325675964355
5157,4.0,7,189.57931637763977
5158,4.75,2,189.60712313652039
5159,4.6000000000000005,3,189.63228034973145
5160,3.85,8,189.6641013622284
5161,3.85,8,189.6991798877716
5162,4.0,7,189.73121285438538
5163,4.9,1,189.75886487960815
5164,-1.75,15,189.79974365234375
5165,4.3,5,189.82910323143005
5166,4.449999999999999,4,189.855797290802
5167,4.6000000000000005,3,189.8838405609131
5168,4.3,5,189.91287350654602
5169,4.75,2,189.93959832191467
5170,4.3,5,189.96578931808472
5171,3.85,8,189.99800491333008
5172,4.3,5,190.02996134757996
5173,-1.75,15,190.07286167144775
5174,4.15,6,190.10263848304749
5175,4.449999999999999,4,190.130291223526
5176,3.55,10,190.16875863075256
5177,4.449999999999999,4,190.19786047935486
5178,4.3,5,190.23642873764038
5179,4.3,5,190.2641246318817
5180,3.4,11,190.3005290031433
5181,4.15,6,190.3322627544403
5182,3.25,12,190.37703037261963
5183,4.9,1,190.40132927894592
5184,4.6000000000000005,3,190.42515063285828
5185,4.0,7,190.45868825912476
5186,4.0,7,190.4928047657013
5187,4.6000000000000005,3,190.51918172836304
5188,3.85,8,190.5561363697052
5189,3.25,12,190.76975011825562
5190,4.6000000000000005,3,190.79577207565308
5191,4.15,6,190.82839345932007
5192,3.85,8,190.86882424354553
5193,4.15,6,190.90646123886108
5194,4.75,2,190.92996525764465
5195,4.75,2,190.95596981048584
5196,3.4,11,190.99280405044556
5197,4.449999999999999,4,191.02141642570496
5198,3.6999999999999997,9,191.05691981315613
5199,4.6000000000000005,3,191.08747053146362
5200,4.6000000000000005,3,191.11208271980286
5201,3.85,8,191.1481478214264
5202,4.449999999999999,4,191.1758234500885
5203,4.6000000000000005,3,191.19995498657227
5204,4.75,2,191.22627449035645
5205,4.3,5,191.26024341583252
5206,4.75,2,191.28430151939392
5207,4.3,5,191.31510853767395
5208,4.3,5,191.34783172607422
5209,-3.25,6,191.38021969795227
5210,4.3,5,191.4096884727478
5211,4.3,5,191.44173884391785
5212,3.1,13,191.48087096214294
5213,4.6000000000000005,3,191.50712895393372
5214,4.3,5,191.53398275375366
5215,4.3,5,191.57175946235657
5216,4.0,7,191.61624717712402
5217,4.0,7,191.64984965324402
5218,4.449999999999999,4,191.67912340164185
5219,4.6000000000000005,3,191.70392680168152
5220,4.6000000000000005,3,191.73070359230042
5221,4.15,6,191.76465368270874
5222,4.6000000000000005,3,191.78868508338928
5223,4.15,6,191.82213926315308
5224,4.75,2,191.84997653961182
5225,4.449999999999999,4,191.87841391563416
5226,4.6000000000000005,3,191.90684747695923
5227,4.15,6,191.93425679206848
5228,3.1,13,191.97858595848083
5229,4.15,6,192.01276111602783
5230,4.75,2,192.04115557670593
5231,4.75,2,192.07437109947205
5232,3.85,8,192.1093077659607
5233,-1.75,15,192.15286540985107
5234,4.449999999999999,4,192.18461298942566
5235,4.6000000000000005,3,192.21248078346252
5236,4.449999999999999,4,192.24204802513123
5237,3.85,8,192.2788360118866
5238,4.6000000000000005,3,192.47158694267273
5239,4.3,5,192.50654339790344
5240,4.6000000000000005,3,192.54305219650269
5241,4.9,1,192.56990242004395
5242,4.449999999999999,4,192.5985815525055
5243,4.0,7,192.63194298744202
5244,-1.75,15,192.67830324172974
5245,4.3,5,192.71239256858826
5246,-1.75,15,192.76328539848328
5247,3.4,11,192.80209255218506
5248,4.75,2,192.8257737159729
5249,3.6999999999999997,9,192.86057543754578
5250,4.449999999999999,4,192.8882224559784
5251,3.55,10,192.92463850975037
5252,4.75,2,192.94910955429077
5253,-1.75,15,192.99661564826965
5254,4.449999999999999,4,193.02693343162537
5255,3.85,8,193.0582811832428
5256,3.6999999999999997,9,193.0930814743042
5257,3.55,10,193.12754845619202
5258,3.4,11,193.16905045509338
5259,3.55,10,193.20730876922607
5260,4.15,6,193.2455141544342
5261,4.15,6,193.27804040908813
5262,3.85,8,193.315434217453
5263,4.449999999999999,4,193.34656834602356
5264,4.15,6,193.37828063964844
5265,4.6000000000000005,3,193.40453243255615
5266,4.0,7,193.4341688156128
5267,4.0,7,193.46310114860535
5268,3.25,12,193.50463819503784
5269,4.75,2,193.5302541255951
5270,4.0,7,193.56113266944885
5271,3.85,8,193.59558367729187
5272,4.75,2,193.6217179298401
5273,4.0,7,193.65798711776733
5274,4.0,7,193.69350147247314
5275,4.0,7,193.89980244636536
5276,4.449999999999999,4,193.9280982017517
5277,4.15,6,193.9635889530182
5278,4.6000000000000005,3,193.9929404258728
5279,4.15,6,194.0292649269104
5280,4.0,7,194.0614414215088
5281,4.6000000000000005,3,194.09065651893616
5282,4.449999999999999,4,194.1169068813324
5283,4.9,1,194.14127850532532
5284,4.6000000000000005,3,194.1634166240692
5285,3.55,10,194.19796061515808
5286,4.6000000000000005,3,194.22577047348022
5287,3.85,8,194.2598831653595
5288,4.9,1,194.2850856781006
5289,-3.3,7,194.31522965431213
5290,3.55,10,194.3487093448639
5291,4.9,1,194.37297344207764
5292,4.15,6,194.40149545669556
5293,3.85,8,194.43544507026672
5294,-1.75,15,194.48246502876282
5295,-3.25,6,194.5148150920868
5296,3.55,10,194.55416774749756
5297,4.449999999999999,4,194.58206725120544
5298,4.6000000000000005,3,194.61359548568726
5299,4.449999999999999,4,194.6443862915039
5300,4.449999999999999,4,194.67252731323242
5301,4.75,2,194.6986231803894
5302,4.15,6,194.73230004310608
5303,4.75,2,194.75687170028687
5304,3.6999999999999997,9,194.7961127758026
5305,4.6000000000000005,3,194.82082152366638
5306,3.55,10,194.8579432964325
5307,4.3,5,194.8845932483673
5308,4.6000000000000005,3,194.9107265472412
5309,4.75,2,194.93918800354004
5310,4.75,2,194.96373534202576
5311,4.75,2,194.9863085746765
5312,4.75,2,195.0140199661255
5313,4.449999999999999,4,195.04397106170654
5314,3.25,12,195.09342122077942
5315,4.6000000000000005,3,195.1261944770813
5316,4.449999999999999,4,195.15575003623962
5317,4.3,5,195.18851280212402
5318,3.4,11,195.23097133636475
5319,4.15,6,195.2666289806366
5320,4.6000000000000005,3,195.294420003891
5321,4.449999999999999,4,195.32141637802124
5322,4.15,6,195.3572223186493
5323,4.6000000000000005,3,195.38694882392883
5324,4.75,2,195.41533064842224
5325,3.6999999999999997,9,195.6217577457428
5326,3.85,8,195.6581108570099
5327,4.15,6,195.68979573249817
5328,4.449999999999999,4,195.72587990760803
5329,4.6000000000000005,3,195.7584969997406
5330,4.0,7,195.79900932312012
5331,4.15,6,195.83764696121216
5332,-1.75,15,195.8860125541687
5333,4.3,5,195.91508531570435
5334,4.75,2,195.94189071655273
5335,4.6000000000000005,3,195.9696605205536
5336,4.449999999999999,4,195.99816036224365
5337,4.75,2,196.0282735824585
5338,3.85,8,196.07003474235535
5339,-1.75,15,196.11381936073303
5340,4.15,6,196.14835238456726
5341,4.449999999999999,4,196.1740436553955
5342,2.9499999999999997,14,196.21196842193604
5343,4.6000000000000005,3,196.23790311813354
5344,4.75,2,196.26094484329224
5345,3.6999999999999997,9,196.29388904571533
5346,-3.45,10,196.33871293067932
5347,-1.75,15,196.3837330341339
5348,4.15,6,196.41374135017395
5349,4.6000000000000005,3,196.44016528129578
5350,3.85,8,196.46981620788574
5351,4.3,5,196.49637579917908
5352,4.0,7,196.52880096435547
5353,4.449999999999999,4,196.56279802322388
5354,4.6000000000000005,3,196.59146976470947
5355,4.449999999999999,4,196.61948084831238
5356,3.85,8,196.65245962142944
5357,4.6000000000000005,3,196.679438829422
5358,4.15,6,196.71361303329468
5359,4.449999999999999,4,196.7442581653595
5360,4.6000000000000005,3,196.7728078365326
5361,4.6000000000000005,3,196.80032348632812
5362,4.449999999999999,4,196.83896827697754
5363,-1.75,15,196.88738775253296
5364,4.449999999999999,4,196.91374492645264
5365,-1.75,15,197.14308762550354
5366,4.75,2,197.1781871318817
5367,4.3,5,197.2121124267578
5368,4.449999999999999,4,197.2474012374878
5369,4.6000000000000005,3,197.28249311447144
5370,4.75,2,197.31010746955872
5371,4.9,1,197.3308973312378
5372,4.9,1,197.35649275779724
5373,4.9,1,197.37751722335815
5374,4.6000000000000005,3,197.40115070343018
5375,4.15,6,197.43148136138916
5376,4.6000000000000005,3,197.45685839653015
5377,3.55,10,197.49297213554382
5378,3.1,13,197.5300521850586
5379,4.3,5,197.55848145484924
5380,3.6999999999999997,9,197.59223771095276
5381,4.15,6,197.62138509750366
5382,4.9,1,197.64402985572815
5383,4.6000000000000005,3,197.6692078113556
5384,3.85,8,197.70832061767578
5385,4.449999999999999,4,197.7328941822052
5386,4.75,2,197.7585461139679
5387,4.449999999999999,4,197.78946542739868
5388,4.6000000000000005,3,197.81480264663696
5389,4.449999999999999,4,197.8428876399994
5390,4.0,7,197.88311576843262
5391,4.75,2,197.9186897277832
5392,4.75,2,197.95204067230225
5393,3.25,12,197.99610543251038
5394,3.6999999999999997,9,198.03256607055664
5395,4.3,5,198.0619044303894
5396,4.449999999999999,4,198.09467458724976
5397,4.75,2,198.1242983341217
5398,4.0,7,198.15411758422852
5399,4.449999999999999,4,198.18227624893188
5400,4.3,5,198.2104218006134
5401,-1.75,15,198.25631403923035
5402,4.449999999999999,4,198.28756260871887
5403,3.85,8,198.32216238975525
5404,-1.75,15,198.36666750907898
5405,4.75,2,198.3916211128235
5406,3.6999999999999997,9,198.4306938648224
5407,4.0,7,198.46273469924927
5408,4.6000000000000005,3,198.49850749969482
5409,4.9,1,198.5223228931427
5410,4.6000000000000005,3,198.5470142364502
5411,3.6999999999999997,9,198.58347845077515
5412,4.3,5,198.6171875
5413,4.3,5,198.65429210662842
5414,4.75,2,198.83929181098938
5415,4.9,1,198.87141060829163
5416,4.6000000000000005,3,198.90253591537476
5417,4.15,6,198.93284392356873
5418,4.15,6,198.9651107788086
5419,4.75,2,198.9916706085205
5420,4.6000000000000005,3,199.01954340934753
5421,3.85,8,199.05553936958313
5422,4.3,5,199.08358335494995
5423,4.3,5,199.11504578590393
5424,3.6999999999999997,9,199.15043663978577
5425,4.9,1,199.17360424995422
5426,-1.75,15,199.2156524658203
5427,4.75,2,199.24332666397095
5428,4.6000000000000005,3,199.27346849441528
5429,4.6000000000000005,3,199.30101537704468
5430,-1.75,15,199.3469114303589
5431,4.449999999999999,4,199.3756387233734
5432,4.75,2,199.40114974975586
5433,4.75,2,199.42479133605957
5434,-3.3,7,199.45774793624878
5435,4.6000000000000005,3,199.480938911438
5436,3.1,13,199.51964282989502
5437,4.6000000000000005,3,199.54616498947144
5438,4.6000000000000005,3,199.57496094703674
5439,4.15,6,199.60993552207947
5440,-1.75,15,199.65338969230652
5441,4.6000000000000005,3,199.6805567741394
5442,3.6999999999999997,9,199.71725463867188
5443,4.75,2,199.74453616142273
5444,4.3,5,199.77426433563232
5445,4.75,2,199.80561208724976
5446,4.15,6,199.83639001846313
5447,4.0,7,199.8690745830536
5448,4.449999999999999,4,199.9046504497528
5449,4.15,6,199.9400339126587
5450,4.75,2,199.965327501297
5451,4.3,5,200.0021915435791
5452,4.449999999999999,4,200.03442096710205
5453,4.449999999999999,4,200.06368732452393
5454,4.449999999999999,4,200.09708094596863
5455,3.85,8,200.1364049911499
5456,4.3,5,200.16833543777466
5457,4.449999999999999,4,200.1981999874115
5458,4.6000000000000005,3,200.22667789459229
5459,3.25,12,200.2771966457367
5460,4.449999999999999,4,200.314110994339
5461,4.6000000000000005,3,200.34474968910217
5462,4.3,5,200.38039207458496
5463,4.449999999999999,4,200.5454499721527
5464,4.449999999999999,4,200.57545638084412
5465,4.449999999999999,4,200.6013584136963
5466,4.0,7,200.63841819763184
5467,4.15,6,200.6716079711914
5468,4.3,5,200.7036304473877
5469,4.75,2,200.73107719421387
5470,4.449999999999999,4,200.76092147827148
5471,3.6999999999999997,9,200.80387544631958
5472,4.9,1,200.82608675956726
5473,4.6000000000000005,3,200.85275769233704
5474,4.449999999999999,4,200.88068985939026
5475,4.3,5,200.9104025363922
5476,4.449999999999999,4,200.94111800193787
5477,4.15,6,200.98113656044006
5478,4.0,7,201.0215926170349
5479,4.6000000000000005,3,201.05199074745178
5480,4.3,5,201.08982801437378
5481,3.4,11,201.12784576416016
5482,-1.75,15,201.17084288597107
5483,4.6000000000000005,3,201.19720482826233
5484,4.6000000000000005,3,201.22328734397888
5485,4.6000000000000005,3,201.2545120716095
5486,4.75,2,201.2806680202484
5487,4.449999999999999,4,201.31151175498962
5488,4.15,6,201.34367156028748
5489,4.449999999999999,4,201.3702952861786
5490,4.3,5,201.3971827030182
5491,4.75,2,201.42211842536926
5492,3.85,8,201.45457768440247
5493,4.3,5,201.4883575439453
5494,4.0,7,201.52927947044373
5495,4.75,2,201.56090760231018
5496,4.75,2,201.58936023712158
5497,3.25,12,201.6324622631073
5498,4.0,7,201.67200589179993
5499,-1.75,15,201.7172086238861
5500,4.15,6,201.75230622291565
5501,4.75,2,201.77992749214172
5502,4.6000000000000005,3,201.80755805969238
5503,4.6000000000000005,3,201.8368799686432
5504,4.6000000000000005,3,201.86168503761292
5505,4.75,2,201.88620162010193
5506,4.449999999999999,4,201.91652965545654
5507,3.6999999999999997,9,201.95341992378235
5508,4.9,1,201.98226952552795
5509,4.75,2,202.017569065094
5510,4.449999999999999,4,202.04890608787537
5511,3.6999999999999997,9,202.085595369339
5512,4.9,1,202.10847353935242
5513,-1.75,15,202.31375360488892
5514,3.85,8,202.34732794761658
5515,4.75,2,202.3700294494629
5516,4.449999999999999,4,202.3961522579193
5517,-1.75,15,202.44315433502197
5518,-1.75,15,202.49901223182678
5519,4.3,5,202.527822971344
5520,4.449999999999999,4,202.55758428573608
5521,4.0,7,202.59551334381104
5522,4.75,2,202.62614512443542
5523,3.85,8,202.66459226608276
5524,4.9,1,202.6969666481018
5525,3.1,13,202.73985505104065
5526,4.9,1,202.76344871520996
5527,4.75,2,202.79207682609558
5528,4.3,5,202.82763481140137
5529,4.3,5,202.8572700023651
5530,3.55,10,202.89349365234375
5531,4.6000000000000005,3,202.92035913467407
5532,4.9,1,202.9468219280243
5533,4.75,2,202.97791242599487
5534,4.6000000000000005,3,203.00989747047424
5535,-3.5,11,203.0606656074524
5536,-3.35,8,203.1018841266632
5537,4.6000000000000005,3,203.1394965648651
5538,3.55,10,203.17947006225586
5539,-3.25,6,203.21421360969543
5540,4.449999999999999,4,203.2434582710266
5541,4.15,6,203.27324080467224
5542,3.6999999999999997,9,203.31034755706787
5543,4.9,1,203.3380410671234
5544,4.3,5,203.36816596984863
5545,3.6999999999999997,9,203.40473675727844
5546,4.9,1,203.431960105896
5547,4.75,2,203.45499730110168
5548,4.75,2,203.480975151062
5549,4.6000000000000005,3,203.51196312904358
5550,4.0,7,203.54311680793762
5551,3.55,10,203.58229517936707
5552,4.75,2,203.60647797584534
5553,4.449999999999999,4,203.63024497032166
5554,3.55,10,203.6695122718811
5555,4.449999999999999,4,203.69749116897583
5556,4.6000000000000005,3,203.72500276565552
5557,4.449999999999999,4,203.75252056121826
5558,4.6000000000000005,3,203.78064823150635
5559,4.0,7,203.81623578071594
5560,4.75,2,203.84258842468262
5561,4.449999999999999,4,204.02003931999207
5562,-1.75,15,204.07630848884583
5563,4.6000000000000005,3,204.10735869407654
5564,4.15,6,204.14107966423035
5565,4.9,1,204.1628758907318
5566,4.6000000000000005,3,204.19266057014465
5567,4.449999999999999,4,204.21931624412537
5568,3.1,13,204.25959038734436
5569,4.6000000000000005,3,204.28598523139954
5570,4.6000000000000005,3,204.31132221221924
5571,4.449999999999999,4,204.34003925323486
5572,4.15,6,204.36876964569092
5573,4.75,2,204.39304161071777
5574,3.1,13,204.432550907135
5575,-3.3,7,204.46121096611023
5576,4.449999999999999,4,204.49022841453552
5577,4.6000000000000005,3,204.5191352367401
5578,4.449999999999999,4,204.5544490814209
5579,4.6000000000000005,3,204.5845296382904
5580,4.0,7,204.62210774421692
5581,4.3,5,204.65592646598816
5582,4.9,1,204.6799192428589
5583,4.6000000000000005,3,204.70746445655823
5584,4.6000000000000005,3,204.736469745636
5585,4.449999999999999,4,204.7709903717041
5586,4.6000000000000005,3,204.80365133285522
5587,4.6000000000000005,3,204.83281922340393
5588,3.6999999999999997,9,204.87395524978638
5589,4.3,5,204.90853810310364
5590,3.4,11,204.94876265525818
5591,4.6000000000000005,3,204.97787189483643
5592,3.25,12,205.02894759178162
5593,4.75,2,205.06295919418335
5594,-1.75,15,205.1162405014038
5595,4.3,5,205.15038990974426
5596,4.449999999999999,4,205.1819450855255
5597,-3.15,4,205.2103934288025
5598,4.0,7,205.24296617507935
5599,4.3,5,205.27518439292908
5600,4.75,2,205.29864406585693
5601,4.6000000000000005,3,205.33092522621155
5602,4.9,1,205.3544909954071
5603,4.449999999999999,4,205.38442468643188
5604,4.75,2,205.4111065864563
5605,4.15,6,205.44942903518677
5606,4.15,6,205.48615407943726
5607,4.3,5,205.521977186203
5608,4.449999999999999,4,205.54503345489502
5609,-1.75,15,205.74212837219238
5610,4.75,2,205.77345514297485
5611,4.6000000000000005,3,205.80032444000244
5612,4.6000000000000005,3,205.82739424705505
5613,4.15,6,205.86548948287964
5614,4.3,5,205.8959765434265
5615,4.75,2,205.9205937385559
5616,4.3,5,205.95165276527405
5617,-1.75,15,206.004132270813
5618,4.449999999999999,4,206.03328371047974
5619,4.449999999999999,4,206.0614047050476
5620,4.9,1,206.0913565158844
5621,3.85,8,206.13196563720703
5622,4.0,7,206.16707968711853
5623,3.55,10,206.20947456359863
5624,4.3,5,206.23694920539856
5625,4.0,7,206.27160668373108
5626,4.75,2,206.29422307014465
5627,4.0,7,206.33105969429016
5628,4.449999999999999,4,206.35962843894958
5629,4.6000000000000005,3,206.38908171653748
5630,4.0,7,206.42324590682983
5631,4.75,2,206.44878697395325
5632,4.9,1,206.47237849235535
5633,4.9,1,206.4934480190277
5634,-1.75,15,206.53951978683472
5635,3.6999999999999997,9,206.57989716529846
5636,4.75,2,206.60471320152283
5637,4.3,5,206.6409764289856
5638,4.449999999999999,4,206.66657829284668
5639,4.3,5,206.69733905792236
5640,3.55,10,206.73700523376465
5641,4.75,2,206.76193737983704
5642,4.6000000000000005,3,206.79041290283203
5643,4.15,6,206.81932377815247
5644,3.25,12,206.85709762573242
5645,-3.15,4,206.88611483573914
5646,3.55,10,206.9233682155609
5647,4.0,7,206.95961833000183
5648,4.0,7,206.99181723594666
5649,4.449999999999999,4,207.02332162857056
5650,3.85,8,207.0536081790924
5651,4.449999999999999,4,207.07967352867126
5652,4.0,7,207.11604642868042
5653,3.6999999999999997,9,207.1573350429535
5654,4.0,7,207.3368308544159
5655,4.9,1,207.3680284023285
5656,4.75,2,207.39317631721497
5657,4.6000000000000005,3,207.42092156410217
5658,4.3,5,207.4561996459961
5659,4.75,2,207.48646426200867
5660,4.3,5,207.51572060585022
5661,4.15,6,207.5460398197174
5662,3.4,11,207.59099698066711
5663,-1.75,15,207.63468194007874
5664,4.15,6,207.66620135307312
5665,4.15,6,207.70448303222656
5666,-1.75,15,207.75295543670654
5667,4.75,2,207.78236722946167
5668,3.4,11,207.82478070259094
5669,3.55,10,207.8695387840271
5670,4.6000000000000005,3,207.89491152763367
5671,4.3,5,207.92597007751465
5672,-1.75,15,207.97284770011902
5673,3.4,11,208.0199944972992
5674,4.3,5,208.05208539962769
5675,4.75,2,208.07563877105713
5676,4.0,7,208.1147322654724
5677,4.75,2,208.14537405967712
5678,4.3,5,208.17767906188965
5679,4.6000000000000005,3,208.20959210395813
5680,4.15,6,208.2420380115509
5681,4.15,6,208.26994132995605
5682,3.4,11,208.3068985939026
5683,4.6000000000000005,3,208.34003376960754
5684,4.75,2,208.36616969108582
5685,4.75,2,208.39123249053955
5686,4.15,6,208.42555809020996
5687,3.4,11,208.46704769134521
5688,3.85,8,208.50067591667175
5689,4.15,6,208.5282552242279
5690,-3.15,4,208.55600666999817
5691,3.85,8,208.596905708313
5692,4.449999999999999,4,208.62559032440186
5693,4.3,5,208.65556240081787
5694,4.0,7,208.69067692756653
5695,4.6000000000000005,3,208.71785473823547
5696,-1.75,15,208.90755486488342
5697,4.3,5,208.9387011528015
5698,4.6000000000000005,3,208.96161580085754
5699,3.25,12,209.00312638282776
5700,3.6999999999999997,9,209.04381608963013
5701,4.3,5,209.0768644809723
5702,3.1,13,209.1208815574646
5703,4.75,2,209.1472659111023
5704,4.6000000000000005,3,209.1741225719452
5705,4.75,2,209.20212292671204
5706,-1.75,15,209.25856375694275
5707,4.449999999999999,4,209.2899785041809
5708,3.4,11,209.33511567115784
5709,4.6000000000000005,3,209.37001752853394
5710,4.15,6,209.40071272850037
5711,3.85,8,209.4343945980072
5712,4.449999999999999,4,209.46103382110596
5713,4.75,2,209.4864466190338
5714,4.449999999999999,4,209.5103690624237
5715,4.3,5,209.54611492156982
5716,4.3,5,209.57839155197144
5717,-1.75,15,209.6317241191864
5718,4.6000000000000005,3,209.6623136997223
5719,4.449999999999999,4,209.69523549079895
5720,4.75,2,209.7219431400299
5721,4.3,5,209.757483959198
5722,3.85,8,209.8026909828186
5723,4.15,6,209.83709049224854
5724,-1.75,15,209.88086009025574
5725,4.75,2,209.90763878822327
5726,3.1,13,209.95240092277527
5727,4.15,6,209.98638319969177
5728,3.6999999999999997,9,210.01954460144043
5729,4.0,7,210.051411151886
5730,4.449999999999999,4,210.08649230003357
5731,4.15,6,210.11678862571716
5732,4.15,6,210.1493854522705
5733,4.15,6,210.17759370803833
5734,4.75,2,210.20415949821472
5735,4.15,6,210.39439988136292
5736,3.6999999999999997,9,210.43233585357666
5737,4.75,2,210.4563729763031
5738,4.3,5,210.48276090621948
5739,4.3,5,210.51138973236084
5740,3.6999999999999997,9,210.5470883846283
5741,3.85,8,210.57976031303406
5742,4.6000000000000005,3,210.6064953804016
5743,4.6000000000000005,3,210.63314294815063
5744,4.3,5,210.66223740577698
5745,4.449999999999999,4,210.6886224746704
5746,4.449999999999999,4,210.7126488685608
5747,4.15,6,210.74379086494446
5748,4.6000000000000005,3,210.77216267585754
5749,4.449999999999999,4,210.80052495002747
5750,4.15,6,210.83370685577393
5751,3.85,8,210.8707242012024
5752,4.449999999999999,4,210.89889979362488
5753,4.0,7,210.92970991134644
5754,4.3,5,210.95795607566833
5755,4.75,2,210.98535418510437
5756,4.0,7,211.0229618549347
5757,4.0,7,211.05737948417664
5758,3.4,11,211.0994713306427
5759,4.15,6,211.1381049156189
5760,4.6000000000000005,3,211.16216015815735
5761,4.0,7,211.19765830039978
5762,3.85,8,211.23530173301697
5763,4.449999999999999,4,211.26585626602173
5764,4.9,1,211.29291534423828
5765,-1.75,15,211.33858346939087
5766,3.6999999999999997,9,211.3729693889618
5767,4.75,2,211.3979833126068
5768,4.15,6,211.4354269504547
5769,4.9,1,211.4574773311615
5770,4.6000000000000005,3,211.4857804775238
5771,4.6000000000000005,3,211.51409435272217
5772,-1.75,15,211.5610635280609
5773,4.6000000000000005,3,211.59538078308105
5774,-1.75,15,211.6384768486023
5775,4.15,6,211.6684765815735
5776,4.3,5,211.70186948776245
5777,4.15,6,211.73453187942505
5778,4.6000000000000005,3,211.75835156440735
5779,4.15,6,211.7886302471161
5780,4.449999999999999,4,211.95920252799988
5781,4.6000000000000005,3,211.9897277355194
5782,4.15,6,212.02294158935547
5783,4.15,6,212.05667161941528
5784,4.0,7,212.09369373321533
5785,4.3,5,212.126966714859
5786,4.15,6,212.1647367477417
5787,4.0,7,212.20178866386414
5788,3.6999999999999997,9,212.23691177368164
5789,3.55,10,212.2742874622345
5790,4.75,2,212.29597878456116
5791,4.449999999999999,4,212.32321190834045
5792,4.15,6,212.3549702167511
5793,4.75,2,212.38212823867798
5794,4.449999999999999,4,212.4198281764984
5795,3.6999999999999997,9,212.45616126060486
5796,4.449999999999999,4,212.49261355400085
5797,4.75,2,212.52109813690186
5798,4.0,7,212.55812001228333
5799,4.75,2,212.5889413356781
5800,4.75,2,212.61547875404358
5801,4.0,7,212.65358567237854
5802,4.75,2,212.68486762046814
5803,4.3,5,212.7189781665802
5804,4.0,7,212.75269651412964
5805,4.15,6,212.78562450408936
5806,4.3,5,212.81261348724365
5807,4.75,2,212.84250807762146
5808,4.3,5,212.87901544570923
5809,4.6000000000000005,3,212.91171598434448
5810,4.6000000000000005,3,212.94502878189087
5811,4.0,7,212.97644662857056
5812,3.85,8,213.0148787498474
5813,4.15,6,213.04689478874207
5814,4.75,2,213.07497668266296
5815,4.75,2,213.10169672966003
5816,4.6000000000000005,3,213.13455438613892
5817,4.75,2,213.15996646881104
5818,4.3,5,213.1886646747589
5819,3.25,12,213.22646045684814
5820,4.3,5,213.25928568840027
5821,3.85,8,213.2920777797699
5822,4.0,7,213.3238456249237
5823,4.0,7,213.3644037246704
5824,4.9,1,213.39091324806213
5825,4.449999999999999,4,213.42516446113586
5826,-1.75,15,213.47028708457947
5827,4.449999999999999,4,213.49653959274292
5828,3.55,10,213.67725205421448
5829,-1.75,15,213.7219967842102
5830,4.3,5,213.75033617019653
5831,4.15,6,213.78364634513855
5832,4.0,7,213.81297826766968
5833,4.0,7,213.84443140029907
5834,4.75,2,213.87359809875488
5835,4.9,1,213.89637804031372
5836,3.6999999999999997,9,213.9330484867096
5837,4.0,7,213.96324157714844
5838,3.55,10,214.00601768493652
5839,4.15,6,214.04041528701782
5840,4.3,5,214.07198929786682
5841,4.3,5,214.10298442840576
5842,4.9,1,214.12628030776978
5843,4.6000000000000005,3,214.15218424797058
5844,4.449999999999999,4,214.18317198753357
5845,4.75,2,214.20824146270752
5846,4.75,2,214.2315833568573
5847,4.449999999999999,4,214.25753331184387
5848,-3.3,7,214.29130053520203
5849,4.15,6,214.32513165473938
5850,4.449999999999999,4,214.3540849685669
5851,4.449999999999999,4,214.3833487033844
5852,3.25,12,214.42732620239258
5853,4.449999999999999,4,214.46156573295593
5854,3.6999999999999997,9,214.5046033859253
5855,-1.75,15,214.56775426864624
5856,4.6000000000000005,3,214.5925943851471
5857,4.6000000000000005,3,214.61985087394714
5858,4.3,5,214.64847779273987
5859,4.3,5,214.67717695236206
5860,3.55,10,214.72465991973877
5861,4.6000000000000005,3,214.7492754459381
5862,4.449999999999999,4,214.7768156528473
5863,4.6000000000000005,3,214.80345177650452
5864,-1.75,15,214.8453221321106
5865,3.85,8,214.87775325775146
5866,3.85,8,214.91537737846375
5867,4.15,6,214.94714999198914
5868,-3.3,7,214.9801163673401
5869,4.9,1,215.00112581253052
5870,3.85,8,215.0320429801941
