episode,reward,length,elapsed_seconds
1,-3.15,4,0.037961721420288086
2,-3.0,1,0.062169551849365234
3,-3.0,1,0.08779597282409668
4,4.3,5,0.12398600578308105
5,3.85,8,0.1578199863433838
6,-3.0,1,0.1784226894378662
7,-3.05,2,0.20322036743164062
8,-3.25,6,0.2324986457824707
9,-3.05,2,0.2568638324737549
10,-3.0,1,0.27844667434692383
11,4.15,6,0.31156253814697266
12,-3.3,7,0.34446239471435547
13,-3.0,1,0.3654463291168213
14,-3.0,1,0.39330148696899414
15,-3.1,3,0.42303466796875
16,-3.0,1,0.4489758014678955
17,-3.1,3,0.47960948944091797
18,-3.05,2,0.5036423206329346
19,-3.3,7,0.5380775928497314
20,4.449999999999999,4,0.5664792060852051
21,-3.0,1,0.5873291492462158
22,-1.75,15,0.6357123851776123
23,-3.1,3,0.6637804508209229
24,-3.4,9,0.7002909183502197
25,3.85,8,0.7376511096954346
26,-3.1,3,0.7652738094329834
27,4.3,5,0.8016517162322998
28,-3.05,2,0.827643632888794
29,-3.1,3,0.8551297187805176
30,-3.0,1,0.886176586151123
31,4.75,2,0.9129781723022461
32,-3.5,11,0.9574310779571533
33,-3.2,5,0.9899139404296875
34,4.3,5,1.0221531391143799
35,4.15,6,1.0590412616729736
36,4.6000000000000005,3,1.088846206665039
37,-3.0,1,1.1122963428497314
38,-3.5,11,1.1553380489349365
39,4.0,7,1.188506841659546
40,-3.15,4,1.2198443412780762
41,4.15,6,1.2538068294525146
42,3.55,10,1.2914538383483887
43,-3.15,4,1.3215219974517822
44,-3.05,2,1.3454225063323975
45,-3.3,7,1.3782639503479004
46,-3.05,2,1.4038398265838623
47,-3.0,1,1.4287304878234863
48,-3.6,13,1.4730193614959717
49,-3.3,7,1.507314920425415
50,4.449999999999999,4,1.5326001644134521
51,-3.0,1,1.5554609298706055
52,4.6000000000000005,3,1.5816783905029297
53,-3.0,1,1.6101648807525635
54,-3.0,1,1.6360726356506348
55,-3.05,2,1.662778615951538
56,-3.25,6,1.6957824230194092
57,4.6000000000000005,3,1.7240087985992432
58,3.85,8,1.7605600357055664
59,-1.75,15,1.9760656356811523
60,-3.05,2,2.000920295715332
61,-3.05,2,2.02903151512146
62,4.0,7,2.068751335144043
63,4.449999999999999,4,2.0983002185821533
64,3.6999999999999997,9,2.1373114585876465
65,-3.1,3,2.1609930992126465
66,-3.65,14,2.203611135482788
67,4.449999999999999,4,2.227586269378662
68,4.15,6,2.2578883171081543
69,-3.0,1,2.277867317199707
70,-3.25,6,2.308312177658081
71,-3.45,10,2.3489952087402344
72,-3.2,5,2.3795926570892334
73,-3.0,1,2.402074098587036
74,-3.0,1,2.4281933307647705
75,-1.75,15,2.4793238639831543
76,4.449999999999999,4,2.512053966522217
77,-3.5,11,2.554382562637329
78,-3.15,4,2.584648370742798
79,4.3,5,2.616882562637329
80,4.0,7,2.656951665878296
81,-3.15,4,2.6851441860198975
82,-3.0,1,2.7132115364074707
83,-3.15,4,2.7510480880737305
84,-3.1,3,2.783444404602051
85,4.15,6,2.8189918994903564
86,-3.0,1,2.849318742752075
87,-3.0,1,2.8767025470733643
88,-3.0,1,2.904507875442505
89,-3.1,3,2.9313104152679443
90,-3.15,4,2.9579122066497803
91,-3.05,2,2.9819891452789307
92,-3.4,9,3.015245199203491
93,4.15,6,3.0490529537200928
94,-1.75,15,3.1026387214660645
95,4.75,2,3.131392478942871
96,-3.2,5,3.159151792526245
97,-3.1,3,3.1820549964904785
98,4.0,7,3.2167434692382812
99,-3.2,5,3.2423229217529297
100,-3.05,2,3.263833999633789
101,4.6000000000000005,3,3.2904253005981445
102,-3.25,6,3.3221278190612793
103,-3.15,4,3.3607139587402344
104,-3.2,5,3.389373779296875
105,-3.1,3,3.4220972061157227
106,-3.0,1,3.445962429046631
107,-3.0,1,3.465880870819092
108,-3.3,7,3.4994845390319824
109,-3.25,6,3.527569532394409
110,-1.75,15,3.733884572982788
111,-3.35,8,3.7767350673675537
112,-3.0,1,3.8005690574645996
113,-3.6,13,3.845142364501953
114,-3.05,2,3.8729982376098633
115,4.6000000000000005,3,3.898613691329956
116,-3.0,1,3.9224164485931396
117,-3.0,1,3.9442553520202637
118,4.6000000000000005,3,3.976253032684326
119,-3.05,2,4.008250951766968
120,4.3,5,4.044611930847168
121,-3.0,1,4.07318377494812
122,-3.1,3,4.1094019412994385
123,4.6000000000000005,3,4.143824815750122
124,-3.0,1,4.17802095413208
125,-3.0,1,4.20822548866272
126,-3.0,1,4.235228538513184
127,3.85,8,4.2725372314453125
128,3.85,8,4.310128688812256
129,4.3,5,4.343590021133423
130,-3.25,6,4.3834264278411865
131,-3.15,4,4.415816307067871
132,4.0,7,4.451803684234619
133,-3.1,3,4.4795215129852295
134,4.75,2,4.505518913269043
135,-3.2,5,4.533956050872803
136,-3.05,2,4.56226658821106
137,-3.1,3,4.585853099822998
138,4.6000000000000005,3,4.613794803619385
139,-3.0,1,4.6384642124176025
140,4.3,5,4.6697564125061035
141,4.449999999999999,4,4.698099136352539
142,3.25,12,4.748418807983398
143,-3.25,6,4.784257888793945
144,4.449999999999999,4,4.812800407409668
145,-3.1,3,4.843428611755371
146,-3.3,7,4.87870979309082
147,-3.2,5,4.9109320640563965
148,4.6000000000000005,3,4.939582586288452
149,4.0,7,4.9743812084198
150,-3.0,1,4.994223356246948
151,-3.1,3,5.020479440689087
152,-3.5,11,5.064172029495239
153,-3.15,4,5.095682621002197
154,4.75,2,5.128778457641602
155,-3.0,1,5.158161878585815
156,-3.0,1,5.181421279907227
157,4.15,6,5.210852861404419
158,-3.0,1,5.234408140182495
159,4.6000000000000005,3,5.267654895782471
160,-3.15,4,5.301201820373535
161,-3.05,2,5.331731557846069
162,4.449999999999999,4,5.365403652191162
163,4.0,7,5.397602081298828
164,-3.05,2,5.423008680343628
165,-3.1,3,5.45136833190918
166,-3.0,1,5.477439880371094
167,-3.6,13,5.517495632171631
168,4.15,6,5.548269987106323
169,-3.0,1,5.5740320682525635
170,-3.0,1,5.598110198974609
171,-3.35,8,5.7931764125823975
172,-3.15,4,5.821876287460327
173,-3.65,14,5.868714094161987
174,-3.3,7,5.903876543045044
175,-3.0,1,5.92925763130188
176,-3.1,3,5.954668760299683
177,-3.15,4,5.988858938217163
178,-3.05,2,6.011427402496338
179,-3.1,3,6.037972450256348
180,-3.05,2,6.063068389892578
181,-3.0,1,6.087363243103027
182,-3.15,4,6.1142258644104
183,-3.0,1,6.137396335601807
184,-3.3,7,6.1699302196502686
185,-3.0,1,6.192567586898804
186,-3.1,3,6.222346782684326
187,4.9,1,6.255251407623291
188,-3.05,2,6.282510042190552
189,-1.75,15,6.333362579345703
190,4.3,5,6.369012355804443
191,4.6000000000000005,3,6.397892713546753
192,-3.0,1,6.421056509017944
193,-3.25,6,6.450132369995117
194,-3.65,14,6.4904656410217285
195,-3.4,9,6.530615329742432
196,3.55,10,6.575814723968506
197,-3.1,3,6.607915639877319
198,-3.4,9,6.6412763595581055
199,4.9,1,6.6640708446502686
200,-3.15,4,6.695618629455566
201,3.55,10,6.732836484909058
202,-3.0,1,6.758620023727417
203,-3.4,9,6.793025016784668
204,-3.05,2,6.815577745437622
205,-3.2,5,6.845370292663574
206,-3.15,4,6.873135089874268
207,-3.25,6,6.902046203613281
208,-3.25,6,6.931829452514648
209,4.15,6,6.963693618774414
210,-3.4,9,7.000667095184326
211,-3.6,13,7.042238235473633
212,-1.75,15,7.092169523239136
213,-3.15,4,7.120930910110474
214,-3.05,2,7.14599084854126
215,4.15,6,7.182927846908569
216,-3.05,2,7.206183195114136
217,-3.05,2,7.231370449066162
218,-3.0,1,7.2571845054626465
219,-3.05,2,7.279881000518799
220,-3.15,4,7.309352874755859
221,-3.35,8,7.554700136184692
222,-3.0,1,7.580019235610962
223,-3.0,1,7.604461908340454
224,-3.0,1,7.6308629512786865
225,-3.1,3,7.656537055969238
226,4.0,7,7.68963360786438
227,-3.05,2,7.71276330947876
228,-3.25,6,7.7450783252716064
229,-3.0,1,7.770550489425659
230,-3.1,3,7.7982025146484375
231,4.75,2,7.822754144668579
232,-3.05,2,7.845667839050293
233,3.55,10,7.884506702423096
234,-3.0,1,7.908798456192017
235,-3.0,1,7.93454909324646
236,-1.75,15,7.994794130325317
237,-3.1,3,8.023950576782227
238,-3.2,5,8.061007976531982
239,4.9,1,8.089718580245972
240,-3.3,7,8.127576351165771
241,-3.05,2,8.149917840957642
242,4.3,5,8.177720785140991
243,-3.1,3,8.202037572860718
244,-3.1,3,8.22619104385376
245,3.85,8,8.258277416229248
246,-3.3,7,8.291739463806152
247,-3.5,11,8.334400415420532
248,-3.0,1,8.363266468048096
249,-3.2,5,8.400839805603027
250,4.6000000000000005,3,8.429720163345337
251,-3.15,4,8.45855450630188
252,-3.4,9,8.492103576660156
253,3.4,11,8.52838134765625
254,-3.1,3,8.556731462478638
255,-3.0,1,8.578341722488403
256,-3.0,1,8.60256290435791
257,3.85,8,8.640730619430542
258,-3.05,2,8.664287567138672
259,-3.05,2,8.6943678855896
260,-3.15,4,8.724852800369263
261,-3.0,1,8.745652675628662
262,4.75,2,8.771165609359741
263,4.6000000000000005,3,8.80683159828186
264,4.6000000000000005,3,8.83136248588562
265,-3.4,9,8.875486135482788
266,4.75,2,8.905840158462524
267,-3.35,8,8.951419830322266
268,-3.1,3,8.979248046875
269,4.449999999999999,4,9.009536504745483
270,-3.2,5,9.043887853622437
271,-3.05,2,9.076523780822754
272,-3.1,3,9.109163522720337
273,-3.05,2,9.136294841766357
274,-3.05,2,9.163331270217896
275,3.85,8,9.20157241821289
276,-3.05,2,9.224678754806519
277,-3.0,1,9.246698379516602
278,-3.3,7,9.284238576889038
279,4.449999999999999,4,9.319578647613525
280,4.3,5,9.35348105430603
281,-3.0,1,9.378528356552124
282,-3.2,5,9.406996011734009
283,-3.0,1,9.430338144302368
284,-3.45,10,9.629944324493408
285,-3.1,3,9.657222986221313
286,4.3,5,9.686263084411621
287,3.85,8,9.726552963256836
288,4.3,5,9.756159543991089
289,4.15,6,9.792759656906128
290,4.6000000000000005,3,9.82347297668457
291,-3.4,9,9.87496018409729
292,3.55,10,9.921968698501587
293,-3.1,3,9.948291540145874
294,-3.0,1,9.97227954864502
295,-3.45,10,10.016715288162231
296,-3.2,5,10.048983812332153
297,4.3,5,10.084821939468384
298,3.55,10,10.132527828216553
299,-3.7,15,10.18137812614441
300,-3.35,8,10.213413715362549
301,4.449999999999999,4,10.249070405960083
302,4.15,6,10.282119035720825
303,4.3,5,10.315519332885742
304,3.55,10,10.365520000457764
305,4.9,1,10.3951997756958
306,3.85,8,10.43778681755066
307,3.25,12,10.480678796768188
308,-3.7,15,10.527663946151733
309,-3.15,4,10.552661895751953
310,-3.15,4,10.579444408416748
311,4.3,5,10.612579107284546
312,4.3,5,10.643933057785034
313,-3.15,4,10.675969123840332
314,4.449999999999999,4,10.7100350856781
315,-3.05,2,10.744386196136475
316,4.3,5,10.777802228927612
317,-3.25,6,10.81425666809082
318,-3.0,1,10.84624433517456
319,-3.5,11,10.89203143119812
320,-3.05,2,10.915105819702148
321,4.6000000000000005,3,10.941206693649292
322,3.55,10,10.983197927474976
323,-3.15,4,11.011853694915771
324,-3.15,4,11.041852712631226
325,4.3,5,11.072818040847778
326,-3.7,15,11.286023378372192
327,-3.05,2,11.310509204864502
328,4.15,6,11.339404582977295
329,-3.15,4,11.368192195892334
330,4.449999999999999,4,11.396458387374878
331,4.0,7,11.426753759384155
332,4.0,7,11.461266040802002
333,4.3,5,11.490422248840332
334,-3.2,5,11.520986557006836
335,-3.05,2,11.54909062385559
336,3.1,13,11.593287229537964
337,-3.05,2,11.615567207336426
338,4.15,6,11.648709058761597
339,-3.05,2,11.671411037445068
340,-3.05,2,11.694828987121582
341,-3.2,5,11.725757360458374
342,-3.0,1,11.751181364059448
343,4.449999999999999,4,11.783316612243652
344,-3.1,3,11.812151193618774
345,-3.3,7,11.852922677993774
346,4.449999999999999,4,11.884961128234863
347,4.15,6,11.920892238616943
348,-3.5,11,11.963096141815186
349,-3.1,3,11.99610686302185
350,4.15,6,12.028383016586304
351,-3.45,10,12.06741976737976
352,-3.35,8,12.108466863632202
353,-3.05,2,12.136215209960938
354,-3.2,5,12.172875881195068
355,-3.0,1,12.200005769729614
356,-3.0,1,12.227834701538086
357,-3.35,8,12.26448678970337
358,3.4,11,12.301749467849731
359,4.3,5,12.330011367797852
360,4.75,2,12.358420133590698
361,-3.05,2,12.387815713882446
362,-3.0,1,12.409253358840942
363,3.1,13,12.450934171676636
364,4.3,5,12.482755899429321
365,-3.1,3,12.5067617893219
366,-3.05,2,12.535335063934326
367,-3.05,2,12.561744213104248
368,4.3,5,12.59464406967163
369,4.15,6,12.627803802490234
370,-3.05,2,12.656551122665405
371,-3.05,2,12.680444955825806
372,-3.2,5,12.711301803588867
373,4.3,5,12.740602970123291
374,3.85,8,12.779300451278687
375,-3.55,12,12.824403285980225
376,4.6000000000000005,3,12.85215139389038
377,4.0,7,13.031180143356323
378,-3.2,5,13.063174724578857
379,-3.25,6,13.095059156417847
380,4.3,5,13.125739097595215
381,4.6000000000000005,3,13.155823945999146
382,3.85,8,13.191685438156128
383,-3.25,6,13.223182916641235
384,4.15,6,13.250200510025024
385,4.75,2,13.273051261901855
386,4.0,7,13.306002855300903
387,-3.45,10,13.342106580734253
388,4.15,6,13.37268877029419
389,-3.1,3,13.397261381149292
390,4.15,6,13.42880630493164
391,4.6000000000000005,3,13.457353591918945
392,4.15,6,13.48798656463623
393,4.449999999999999,4,13.516858339309692
394,4.0,7,13.552655696868896
395,3.6999999999999997,9,13.595711708068848
396,4.449999999999999,4,13.624499559402466
397,4.15,6,13.663310527801514
398,4.0,7,13.696561336517334
399,-3.3,7,13.733344793319702
400,-1.75,15,13.781947612762451
401,-3.55,12,13.83180022239685
402,4.15,6,13.867497682571411
403,-3.3,7,13.915274143218994
404,3.6999999999999997,9,13.959925413131714
405,4.15,6,13.99459171295166
406,-3.25,6,14.037414073944092
407,-3.7,15,14.089776515960693
408,-3.05,2,14.117557287216187
409,4.449999999999999,4,14.146939992904663
410,-3.6,13,14.192768812179565
411,-3.4,9,14.230003833770752
412,3.25,12,14.271662712097168
413,4.75,2,14.294039249420166
414,-3.2,5,14.326253652572632
415,3.6999999999999997,9,14.520514249801636
416,3.85,8,14.56307601928711
417,-3.25,6,14.603271961212158
418,-3.25,6,14.637696504592896
419,3.85,8,14.668236255645752
420,3.25,12,14.711565971374512
421,4.15,6,14.744768381118774
422,-3.2,5,14.777075290679932
423,-3.3,7,14.813133239746094
424,4.6000000000000005,3,14.841484785079956
425,4.75,2,14.864502906799316
426,3.25,12,14.90127158164978
427,-3.0,1,14.926565408706665
428,4.3,5,14.957458972930908
429,3.55,10,14.994054079055786
430,4.15,6,15.030092239379883
431,-3.2,5,15.062085151672363
432,3.6999999999999997,9,15.099710941314697
433,-1.75,15,15.145877838134766
434,-3.3,7,15.177995920181274
435,4.6000000000000005,3,15.204785346984863
436,3.55,10,15.244406938552856
437,-3.1,3,15.271807432174683
438,4.3,5,15.310034036636353
439,-3.05,2,15.335112810134888
440,-3.2,5,15.37138557434082
441,4.3,5,15.405001640319824
442,4.3,5,15.440019130706787
443,4.449999999999999,4,15.466123819351196
444,-3.45,10,15.50515627861023
445,-3.65,14,15.555014848709106
446,4.75,2,15.57757043838501
447,3.1,13,15.620537042617798
448,4.75,2,15.642757177352905
449,4.6000000000000005,3,15.670439720153809
450,-3.2,5,15.696669816970825
451,3.4,11,15.735245943069458
452,-3.25,6,15.764423847198486
453,-3.25,6,15.796400308609009
454,-3.25,6,15.974583864212036
455,3.55,10,16.011579513549805
456,4.6000000000000005,3,16.04706907272339
457,-3.4,9,16.084388732910156
458,4.6000000000000005,3,16.109817028045654
459,-3.0,1,16.131044387817383
460,3.85,8,16.16712522506714
461,4.3,5,16.196151733398438
462,-3.55,12,16.235557079315186
463,3.4,11,16.27168369293213
464,-3.25,6,16.305004835128784
465,-3.0,1,16.325757265090942
466,4.3,5,16.36211109161377
467,3.4,11,16.39910912513733
468,-3.2,5,16.42723798751831
469,-3.6,13,16.468029499053955
470,4.3,5,16.49751853942871
471,-3.1,3,16.52568221092224
472,3.4,11,16.564823865890503
473,3.25,12,16.6088969707489
474,4.3,5,16.6395902633667
475,4.6000000000000005,3,16.66820478439331
476,4.6000000000000005,3,16.703984022140503
477,3.55,10,16.740891695022583
478,3.85,8,16.779642820358276
479,4.75,2,16.80757164955139
480,3.4,11,16.85072159767151
481,-3.15,4,16.88447594642639
482,3.85,8,16.92371654510498
483,4.3,5,16.957895278930664
484,4.75,2,16.987599849700928
485,-3.55,12,17.03195309638977
486,-1.75,15,17.080488920211792
487,-3.6,13,17.126935720443726
488,-3.2,5,17.15676712989807
489,-3.45,10,17.190011262893677
490,4.449999999999999,4,17.366461277008057
491,4.15,6,17.40455389022827
492,4.3,5,17.433425664901733
493,-3.45,10,17.474361658096313
494,3.4,11,17.5156192779541
495,-3.3,7,17.549997091293335
496,4.3,5,17.581005096435547
497,-3.45,10,17.617087364196777
498,3.25,12,17.659752130508423
499,-3.3,7,17.693479299545288
500,3.6999999999999997,9,17.726681232452393
501,4.15,6,17.76199984550476
502,4.15,6,17.79297971725464
503,4.449999999999999,4,17.82294487953186
504,-3.05,2,17.84807276725769
505,-1.75,15,17.897576808929443
506,4.75,2,17.92128586769104
507,4.0,7,17.9549400806427
508,4.3,5,17.980613231658936
509,3.85,8,18.01432514190674
510,-3.0,1,18.038156270980835
511,-3.65,14,18.079349994659424
512,-3.3,7,18.11141061782837
513,3.6999999999999997,9,18.149866342544556
514,3.55,10,18.195454835891724
515,4.6000000000000005,3,18.224661588668823
516,3.6999999999999997,9,18.26237654685974
517,-3.65,14,18.308899402618408
518,3.6999999999999997,9,18.34493637084961
519,4.449999999999999,4,18.37497591972351
520,3.85,8,18.409101486206055
521,3.85,8,18.44482660293579
522,4.15,6,18.476051330566406
523,-3.25,6,18.50799870491028
524,-3.1,3,18.531404495239258
525,-3.25,6,18.720917224884033
526,-1.75,15,18.76078176498413
527,4.449999999999999,4,18.78616213798523
528,2.9499999999999997,14,18.828418970108032
529,-1.75,15,18.87321162223816
530,3.85,8,18.905459880828857
531,-3.45,10,18.945106744766235
532,3.1,13,18.985724925994873
533,-3.1,3,19.011075496673584
534,-3.7,15,19.05804181098938
535,4.3,5,19.090223789215088
536,4.0,7,19.123632431030273
537,-3.05,2,19.154589414596558
538,-3.45,10,19.193371295928955
539,-3.7,15,19.238510847091675
540,3.85,8,19.27387261390686
541,3.85,8,19.314273357391357
542,4.3,5,19.35224151611328
543,4.15,6,19.384716272354126
544,3.25,12,19.425834894180298
545,4.75,2,19.449361085891724
546,4.75,2,19.47467565536499
547,-3.15,4,19.502232551574707
548,4.0,7,19.540088891983032
549,4.3,5,19.569701433181763
550,4.15,6,19.60179090499878
551,4.449999999999999,4,19.633822917938232
552,3.6999999999999997,9,19.671275854110718
553,4.6000000000000005,3,19.694981813430786
554,4.3,5,19.72568964958191
555,-1.75,15,19.778019428253174
556,-3.4,9,19.819753408432007
557,3.55,10,20.02838897705078
558,-3.45,10,20.06732702255249
559,4.6000000000000005,3,20.093889951705933
560,-3.2,5,20.12229895591736
561,4.15,6,20.153836250305176
562,4.15,6,20.182652473449707
563,3.6999999999999997,9,20.216572284698486
564,-3.45,10,20.258132934570312
565,4.0,7,20.295279026031494
566,-3.7,15,20.338953256607056
567,3.6999999999999997,9,20.3743417263031
568,3.85,8,20.40535616874695
569,4.6000000000000005,3,20.430051565170288
570,3.4,11,20.473848819732666
571,3.55,10,20.521326065063477
572,4.6000000000000005,3,20.546989679336548
573,-3.55,12,20.585152626037598
574,-3.45,10,20.622556447982788
575,4.6000000000000005,3,20.654356956481934
576,4.15,6,20.688645124435425
577,4.15,6,20.73065686225891
578,4.449999999999999,4,20.75972843170166
579,-3.25,6,20.794541120529175
580,-3.65,14,20.844955682754517
581,4.0,7,20.87854290008545
582,4.3,5,20.906566858291626
583,-1.75,15,20.95440149307251
584,-3.55,12,20.99622130393982
585,-3.3,7,21.030094146728516
586,-3.6,13,21.074341297149658
587,3.4,11,21.110390424728394
588,4.15,6,21.139748334884644
589,4.15,6,21.304466009140015
590,-3.4,9,21.346818447113037
591,4.6000000000000005,3,21.371830940246582
592,-1.75,15,21.422836780548096
593,3.4,11,21.465895414352417
594,4.449999999999999,4,21.500642776489258
595,4.15,6,21.53264617919922
596,-3.25,6,21.56588578224182
597,-3.15,4,21.596744060516357
598,-1.75,15,21.652538537979126
599,3.85,8,21.693228006362915
600,4.6000000000000005,3,21.719553470611572
601,-3.15,4,21.748677253723145
602,3.85,8,21.786579608917236
603,-3.35,8,21.8198881149292
604,4.449999999999999,4,21.84632444381714
605,-3.25,6,21.888761520385742
606,-3.5,11,21.925402879714966
607,4.3,5,21.956071138381958
608,4.449999999999999,4,21.98610019683838
609,-3.45,10,22.019477128982544
610,3.1,13,22.05961561203003
611,4.15,6,22.088536262512207
612,4.0,7,22.11917996406555
613,-1.75,15,22.16318130493164
614,4.449999999999999,4,22.192073583602905
615,4.15,6,22.223981380462646
616,4.75,2,22.24773406982422
617,-3.65,14,22.28775715827942
618,3.85,8,22.321316957473755
619,4.6000000000000005,3,22.349223375320435
620,3.25,12,22.391595602035522
621,-3.25,6,22.424186944961548
622,4.75,2,22.448736667633057
623,4.6000000000000005,3,22.47586178779602
624,4.0,7,22.5092830657959
625,-1.75,15,22.700119256973267
626,4.449999999999999,4,22.72991633415222
627,3.55,10,22.768924474716187
628,-3.3,7,22.80412983894348
629,4.15,6,22.83290934562683
630,4.6000000000000005,3,22.860960960388184
631,-1.75,15,22.905783891677856
632,-3.7,15,22.95695662498474
633,4.449999999999999,4,22.991533279418945
634,3.55,10,23.030588388442993
635,-1.75,15,23.082098484039307
636,4.3,5,23.113125801086426
637,3.6999999999999997,9,23.15949058532715
638,-1.75,15,23.20773935317993
639,3.85,8,23.24888277053833
640,-1.75,15,23.291970014572144
641,4.0,7,23.327001333236694
642,4.6000000000000005,3,23.35467028617859
643,3.4,11,23.403894901275635
644,4.3,5,23.43356990814209
645,4.449999999999999,4,23.46481418609619
646,-3.35,8,23.505683183670044
647,4.449999999999999,4,23.531925916671753
648,3.85,8,23.56824278831482
649,4.75,2,23.595512628555298
650,4.75,2,23.623531579971313
651,4.0,7,23.661815881729126
652,4.75,2,23.68722915649414
653,3.55,10,23.72542142868042
654,-3.35,8,23.7558491230011
655,4.449999999999999,4,23.781179904937744
656,4.0,7,23.818201065063477
657,-3.2,5,23.850106239318848
658,4.15,6,24.039256811141968
659,3.4,11,24.085156440734863
660,4.449999999999999,4,24.116921186447144
661,4.449999999999999,4,24.145004749298096
662,4.6000000000000005,3,24.176072120666504
663,4.6000000000000005,3,24.2087664604187
664,4.3,5,24.247695684432983
665,-3.3,7,24.280333518981934
666,4.3,5,24.31644892692566
667,3.85,8,24.350555181503296
668,3.25,12,24.390441179275513
669,4.449999999999999,4,24.41882085800171
670,4.9,1,24.445839643478394
671,-3.55,12,24.49274468421936
672,4.3,5,24.524571180343628
673,3.25,12,24.56514072418213
674,-3.65,14,24.620588779449463
675,4.3,5,24.653900146484375
676,4.15,6,24.68438172340393
677,4.6000000000000005,3,24.71041250228882
678,-3.35,8,24.75081706047058
679,-3.45,10,24.792717456817627
680,-3.35,8,24.82663321495056
681,4.15,6,24.85796594619751
682,-1.75,15,24.91153907775879
683,4.15,6,24.945727348327637
684,-3.45,10,24.990014791488647
685,-3.35,8,25.025017261505127
686,-1.75,15,25.073633193969727
687,-1.75,15,25.1195068359375
688,3.6999999999999997,9,25.15573740005493
689,4.0,7,25.185399532318115
690,4.15,6,25.216789484024048
691,4.449999999999999,4,25.24878191947937
692,-3.5,11,25.437326431274414
693,-3.7,15,25.47829842567444
694,-3.6,13,25.514718055725098
695,3.4,11,25.549477577209473
696,4.449999999999999,4,25.574240684509277
697,4.449999999999999,4,25.603089332580566
698,3.55,10,25.6405291557312
699,4.3,5,25.67040205001831
700,4.3,5,25.69719958305359
701,4.6000000000000005,3,25.72347092628479
702,4.449999999999999,4,25.752131938934326
703,4.3,5,25.78076934814453
704,3.55,10,25.817548513412476
705,-3.35,8,25.857051372528076
706,3.55,10,25.89126944541931
707,4.15,6,25.928345680236816
708,3.55,10,25.967760801315308
709,4.3,5,26.000065088272095
710,4.6000000000000005,3,26.02758479118347
711,-3.3,7,26.06220269203186
712,-3.25,6,26.094627380371094
713,4.6000000000000005,3,26.12186288833618
714,-3.5,11,26.168142557144165
715,-3.25,6,26.20147132873535
716,4.449999999999999,4,26.23108458518982
717,4.6000000000000005,3,26.26204538345337
718,-3.4,9,26.296157598495483
719,4.6000000000000005,3,26.322690725326538
720,3.6999999999999997,9,26.368624210357666
721,4.3,5,26.404297351837158
722,4.6000000000000005,3,26.435816764831543
723,-3.15,4,26.467886924743652
724,-1.75,15,26.514891624450684
725,-3.1,3,26.54671573638916
726,4.15,6,26.580413818359375
727,3.6999999999999997,9,26.627070426940918
728,4.15,6,26.664327144622803
729,4.449999999999999,4,26.69652509689331
730,4.3,5,26.86399483680725
731,4.15,6,26.899778604507446
732,4.15,6,26.930416584014893
733,-3.4,9,26.964845895767212
734,4.15,6,26.994418382644653
735,-3.3,7,27.02594017982483
736,4.449999999999999,4,27.052662134170532
737,4.6000000000000005,3,27.077109336853027
738,4.15,6,27.1094331741333
739,4.6000000000000005,3,27.13774561882019
740,4.6000000000000005,3,27.16391158103943
741,-3.4,9,27.1975839138031
742,-3.5,11,27.233052015304565
743,4.449999999999999,4,27.26075315475464
744,-1.75,15,27.303713083267212
745,4.449999999999999,4,27.33145236968994
746,4.449999999999999,4,27.35729455947876
747,-3.15,4,27.386395692825317
748,-3.25,6,27.424644708633423
749,3.25,12,27.468726634979248
750,-3.05,2,27.495262622833252
751,4.9,1,27.528485536575317
752,-3.4,9,27.571547269821167
753,-3.1,3,27.59699010848999
754,4.6000000000000005,3,27.6282000541687
755,4.9,1,27.65458369255066
756,3.6999999999999997,9,27.69778871536255
757,4.75,2,27.731132984161377
758,4.9,1,27.75462007522583
759,-3.65,14,27.801718950271606
760,4.15,6,27.836771488189697
761,4.449999999999999,4,27.86385440826416
762,3.25,12,27.905314922332764
763,-3.35,8,27.94373345375061
764,-3.1,3,27.973124980926514
765,3.6999999999999997,9,28.006388902664185
766,3.55,10,28.04236602783203
767,4.6000000000000005,3,28.072792768478394
768,4.6000000000000005,3,28.09949016571045
769,3.55,10,28.141238689422607
770,-3.5,11,28.17922019958496
771,3.6999999999999997,9,28.357884883880615
772,4.0,7,28.39276123046875
773,4.75,2,28.41792058944702
774,3.6999999999999997,9,28.453964948654175
775,4.75,2,28.48109221458435
776,4.15,6,28.511493682861328
777,-3.3,7,28.545314073562622
778,4.3,5,28.579233169555664
779,-3.45,10,28.622539043426514
780,4.9,1,28.648014545440674
781,-3.0,1,28.6773579120636
782,3.85,8,28.7125825881958
783,3.85,8,28.753015995025635
784,3.6999999999999997,9,28.793518543243408
785,3.85,8,28.830402851104736
786,4.3,5,28.86162543296814
787,4.3,5,28.890613317489624
788,-1.75,15,28.936280012130737
789,4.0,7,28.966429233551025
790,3.55,10,29.006943225860596
791,4.6000000000000005,3,29.0353045463562
792,4.0,7,29.069022178649902
793,-3.2,5,29.09732699394226
794,3.85,8,29.14095640182495
795,-3.65,14,29.188927173614502
796,-3.6,13,29.227460145950317
797,3.85,8,29.26227331161499
798,3.25,12,29.300695657730103
799,3.4,11,29.343897819519043
800,4.6000000000000005,3,29.377870559692383
801,-3.4,9,29.41502332687378
802,4.6000000000000005,3,29.44416618347168
803,4.6000000000000005,3,29.472931146621704
804,4.75,2,29.50321865081787
805,-3.45,10,29.541372537612915
806,4.6000000000000005,3,29.570958375930786
807,-3.6,13,29.615755319595337
808,4.449999999999999,4,29.794039249420166
809,4.0,7,29.826805353164673
810,-3.3,7,29.863060474395752
811,3.85,8,29.902040243148804
812,-3.45,10,29.940555810928345
813,3.85,8,29.975340843200684
814,-3.3,7,30.009743452072144
815,-1.75,15,30.053216457366943
816,-3.15,4,30.079283714294434
817,-1.75,15,30.125574111938477
818,4.0,7,30.16284203529358
819,3.4,11,30.20280647277832
820,-3.25,6,30.232439279556274
821,4.449999999999999,4,30.25935983657837
822,3.85,8,30.29116439819336
823,4.0,7,30.323177099227905
824,4.15,6,30.352423906326294
825,4.6000000000000005,3,30.385105848312378
826,3.85,8,30.427682161331177
827,-3.5,11,30.47033143043518
828,3.85,8,30.50774574279785
829,3.4,11,30.542115926742554
830,-3.65,14,30.587468147277832
831,4.0,7,30.616962432861328
832,4.3,5,30.649443864822388
833,-3.7,15,30.705687284469604
834,4.449999999999999,4,30.74043583869934
835,4.15,6,30.781020402908325
836,4.3,5,30.818841218948364
837,4.449999999999999,4,30.85087513923645
838,-1.75,15,30.905895709991455
839,3.25,12,31.13701844215393
840,3.6999999999999997,9,31.172428131103516
841,4.6000000000000005,3,31.205141305923462
842,4.6000000000000005,3,31.231529712677002
843,4.75,2,31.25924253463745
844,3.55,10,31.293778657913208
845,4.75,2,31.318531036376953
846,-1.75,15,31.363850831985474
847,3.85,8,31.39639377593994
848,4.75,2,31.42474102973938
849,3.85,8,31.460259914398193
850,3.6999999999999997,9,31.49646019935608
851,4.15,6,31.526967763900757
852,4.6000000000000005,3,31.558531522750854
853,-3.05,2,31.590728282928467
854,3.6999999999999997,9,31.63198685646057
855,4.75,2,31.659624576568604
856,-3.5,11,31.700814962387085
857,4.15,6,31.738372087478638
858,3.55,10,31.78531503677368
859,-3.2,5,31.81954598426819
860,4.15,6,31.853033542633057
861,4.75,2,31.877214670181274
862,4.0,7,31.917638063430786
863,3.55,10,31.955214977264404
864,-1.75,15,31.995396852493286
865,4.15,6,32.02758550643921
866,4.449999999999999,4,32.05923581123352
867,4.6000000000000005,3,32.08732008934021
868,4.15,6,32.1206169128418
869,4.6000000000000005,3,32.149351358413696
870,4.449999999999999,4,32.177884578704834
871,4.3,5,32.209890604019165
872,-3.5,11,32.25252962112427
873,3.4,11,32.29383039474487
874,3.4,11,32.34060502052307
875,4.0,7,32.372198820114136
876,4.75,2,32.40534234046936
877,3.55,10,32.44257116317749
878,4.0,7,32.637738943099976
879,4.75,2,32.668015003204346
880,4.0,7,32.702335834503174
881,-3.6,13,32.747982025146484
882,4.449999999999999,4,32.77855110168457
883,4.75,2,32.80583071708679
884,-3.35,8,32.847373247146606
885,3.55,10,32.89429068565369
886,-1.75,15,32.947110176086426
887,3.55,10,32.990731716156006
888,3.55,10,33.02867293357849
889,4.75,2,33.055245876312256
890,4.449999999999999,4,33.08363628387451
891,4.449999999999999,4,33.11349630355835
892,4.0,7,33.151442527770996
893,4.6000000000000005,3,33.180541038513184
894,3.85,8,33.2227418422699
895,-3.65,14,33.26896071434021
896,4.75,2,33.29455637931824
897,4.449999999999999,4,33.32985329627991
898,4.0,7,33.3660409450531
899,4.3,5,33.40157175064087
900,4.15,6,33.44413900375366
901,4.3,5,33.481884241104126
902,-1.75,15,33.53549337387085
903,4.3,5,33.565696716308594
904,4.6000000000000005,3,33.589011669158936
905,4.75,2,33.61578989028931
906,-3.2,5,33.645628213882446
907,4.449999999999999,4,33.67606520652771
908,3.55,10,33.718992710113525
909,-1.75,15,33.76308560371399
910,-1.75,15,33.812500953674316
911,-1.75,15,33.86643576622009
912,3.85,8,33.90251278877258
913,4.3,5,34.08733081817627
914,-3.5,11,34.1352219581604
915,4.6000000000000005,3,34.16866183280945
916,3.4,11,34.21791887283325
917,4.449999999999999,4,34.25132989883423
918,4.75,2,34.27839803695679
919,-3.1,3,34.30612897872925
920,-1.75,15,34.35461115837097
921,4.3,5,34.38757085800171
922,2.9499999999999997,14,34.43634796142578
923,-3.05,2,34.46301555633545
924,4.449999999999999,4,34.49255657196045
925,4.0,7,34.52720093727112
926,4.0,7,34.55956745147705
927,4.15,6,34.595353841781616
928,3.25,12,34.63671541213989
929,4.449999999999999,4,34.660361528396606
930,3.55,10,34.69546675682068
931,4.6000000000000005,3,34.72105121612549
932,-1.75,15,34.7624306678772
933,4.3,5,34.79754686355591
934,-3.25,6,34.83813810348511
935,4.449999999999999,4,34.87515425682068
936,4.0,7,34.90771675109863
937,3.4,11,34.95127081871033
938,4.75,2,34.97825241088867
939,4.15,6,35.01794123649597
940,4.0,7,35.0547571182251
941,3.1,13,35.097832918167114
942,4.3,5,35.127192735672
943,4.6000000000000005,3,35.15422511100769
944,4.449999999999999,4,35.1831750869751
945,3.85,8,35.215031147003174
946,4.3,5,35.241633892059326
947,3.6999999999999997,9,35.27714800834656
948,3.4,11,35.32419538497925
949,4.449999999999999,4,35.35300421714783
950,3.55,10,35.525912284851074
951,4.15,6,35.56483054161072
952,3.1,13,35.61349010467529
953,4.15,6,35.64544439315796
954,-3.15,4,35.67457437515259
955,3.6999999999999997,9,35.70888042449951
956,4.449999999999999,4,35.73722839355469
957,4.75,2,35.761393785476685
958,4.75,2,35.790735721588135
959,4.449999999999999,4,35.82440662384033
960,3.6999999999999997,9,35.873889207839966
961,4.0,7,35.91706848144531
962,4.449999999999999,4,35.94881463050842
963,4.6000000000000005,3,35.973410844802856
964,4.15,6,36.007320404052734
965,-1.75,15,36.05498790740967
966,3.85,8,36.0897490978241
967,-3.4,9,36.12700176239014
968,-3.4,9,36.15963339805603
969,4.75,2,36.18642735481262
970,3.85,8,36.216840744018555
971,4.449999999999999,4,36.24142289161682
972,3.85,8,36.28391909599304
973,3.25,12,36.326648473739624
974,4.6000000000000005,3,36.35444355010986
975,-3.7,15,36.41035509109497
976,3.55,10,36.447978019714355
977,3.85,8,36.48150587081909
978,3.85,8,36.51481866836548
979,4.449999999999999,4,36.54279899597168
980,-1.75,15,36.59187650680542
981,3.55,10,36.6334433555603
982,4.3,5,36.66206502914429
983,4.0,7,36.69544839859009
984,4.9,1,36.71887445449829
985,3.55,10,36.75608968734741
986,4.75,2,36.93111443519592
987,-1.75,15,36.974387407302856
988,3.6999999999999997,9,37.01469278335571
989,4.6000000000000005,3,37.04979109764099
990,4.15,6,37.08557462692261
991,-3.0,1,37.11415219306946
992,3.6999999999999997,9,37.1518120765686
993,4.15,6,37.183449268341064
994,3.4,11,37.22545385360718
995,4.3,5,37.26145529747009
996,-3.2,5,37.29002809524536
997,4.6000000000000005,3,37.31627607345581
998,4.449999999999999,4,37.34302806854248
999,4.6000000000000005,3,37.3736412525177
1000,4.6000000000000005,3,37.40511679649353
1001,3.1,13,37.44971227645874
1002,3.4,11,37.50039482116699
1003,3.6999999999999997,9,37.54423236846924
1004,-1.75,15,37.591421365737915
1005,4.3,5,37.625460147857666
1006,4.75,2,37.65490221977234
1007,-1.75,15,37.73057222366333
1008,4.15,6,37.77605843544006
1009,4.3,5,37.80893278121948
1010,3.55,10,37.866374254226685
1011,4.15,6,37.896199226379395
1012,4.3,5,37.926058292388916
1013,4.3,5,37.956790924072266
1014,3.4,11,37.9962203502655
1015,-3.7,15,38.04422569274902
1016,4.75,2,38.07035779953003
1017,4.6000000000000005,3,38.097622871398926
1018,3.1,13,38.13653373718262
1019,-3.05,2,38.16083216667175
1020,3.85,8,38.196314096450806
1021,4.6000000000000005,3,38.22565937042236
1022,4.0,7,38.26002526283264
1023,3.85,8,38.437140464782715
1024,4.0,7,38.470306396484375
1025,4.6000000000000005,3,38.501708984375
1026,4.449999999999999,4,38.53011512756348
1027,3.6999999999999997,9,38.56382179260254
1028,3.4,11,38.601662397384644
1029,3.85,8,38.63409781455994
1030,3.85,8,38.668365716934204
1031,4.0,7,38.69949960708618
1032,3.85,8,38.734922647476196
1033,-1.75,15,38.78763794898987
1034,4.449999999999999,4,38.82009768486023
1035,4.15,6,38.85960078239441
1036,3.55,10,38.90011167526245
1037,3.55,10,38.937307834625244
1038,4.6000000000000005,3,38.97067713737488
1039,-1.75,15,39.02198147773743
1040,-1.75,15,39.067078828811646
1041,4.3,5,39.09976625442505
1042,3.85,8,39.135276794433594
1043,-1.75,15,39.18788385391235
1044,-1.75,15,39.231605052948
1045,-3.35,8,39.26368761062622
1046,4.3,5,39.29572415351868
1047,4.6000000000000005,3,39.32449722290039
1048,3.4,11,39.362393856048584
1049,4.15,6,39.39208126068115
1050,-1.75,15,39.440646171569824
1051,4.449999999999999,4,39.47013068199158
1052,4.6000000000000005,3,39.49928069114685
1053,4.3,5,39.52468919754028
1054,3.55,10,39.703548192977905
1055,3.85,8,39.736531257629395
1056,4.3,5,39.766239166259766
1057,4.3,5,39.79501175880432
1058,3.85,8,39.82725286483765
1059,4.75,2,39.85577607154846
1060,4.9,1,39.88017773628235
1061,4.75,2,39.91070508956909
1062,4.449999999999999,4,39.940815925598145
1063,4.449999999999999,4,39.97028827667236
1064,4.15,6,40.002995014190674
1065,-1.75,15,40.05261993408203
1066,4.6000000000000005,3,40.08222699165344
1067,4.3,5,40.1160147190094
1068,4.75,2,40.14267158508301
1069,4.6000000000000005,3,40.16733765602112
1070,4.75,2,40.191256284713745
1071,3.4,11,40.2325599193573
1072,3.4,11,40.27107882499695
1073,4.15,6,40.305700063705444
1074,4.3,5,40.33662986755371
1075,4.6000000000000005,3,40.36593985557556
1076,4.15,6,40.397372245788574
1077,4.0,7,40.4287383556366
1078,4.3,5,40.45795965194702
1079,3.85,8,40.49332118034363
1080,-1.75,15,40.551334857940674
1081,3.4,11,40.5996675491333
1082,3.4,11,40.64214897155762
1083,4.15,6,40.67312932014465
1084,4.449999999999999,4,40.703009605407715
1085,4.449999999999999,4,40.73094630241394
1086,-1.75,15,40.7753324508667
1087,4.9,1,40.80479025840759
1088,-3.3,7,40.83808898925781
1089,3.25,12,40.88821983337402
1090,4.0,7,40.92739462852478
1091,4.6000000000000005,3,40.95684862136841
1092,3.85,8,40.99165749549866
1093,4.6000000000000005,3,41.023475885391235
1094,3.85,8,41.2198371887207
1095,3.55,10,41.25444841384888
1096,-3.35,8,41.2872052192688
1097,4.6000000000000005,3,41.31596112251282
1098,4.0,7,41.34762787818909
1099,3.55,10,41.38551115989685
1100,4.449999999999999,4,41.41102647781372
1101,4.6000000000000005,3,41.43879985809326
1102,4.3,5,41.470051288604736
1103,4.0,7,41.50743818283081
1104,4.6000000000000005,3,41.53766131401062
1105,-3.6,13,41.57934880256653
1106,4.3,5,41.608601093292236
1107,3.85,8,41.64370656013489
1108,-1.75,15,41.68792176246643
1109,-1.75,15,41.7344536781311
1110,3.4,11,41.770752906799316
1111,4.75,2,41.79622006416321
1112,4.449999999999999,4,41.824645042419434
1113,4.6000000000000005,3,41.8592324256897
1114,4.6000000000000005,3,41.88960289955139
1115,4.449999999999999,4,41.91921257972717
1116,4.3,5,41.95067858695984
1117,4.75,2,41.975470542907715
1118,4.0,7,42.01145100593567
1119,4.449999999999999,4,42.0447473526001
1120,4.449999999999999,4,42.076950788497925
1121,-3.2,5,42.10659599304199
1122,3.4,11,42.14691090583801
1123,-3.65,14,42.19673180580139
1124,4.75,2,42.23221397399902
1125,3.85,8,42.26812982559204
1126,4.6000000000000005,3,42.296408891677856
1127,4.449999999999999,4,42.324047327041626
1128,-3.7,15,42.36432886123657
1129,4.0,7,42.394798040390015
1130,4.75,2,42.422924757003784
1131,4.6000000000000005,3,42.45280456542969
1132,-1.75,15,42.64712834358215
1133,4.6000000000000005,3,42.67683386802673
1134,-3.25,6,42.70680069923401
1135,4.6000000000000005,3,42.73302459716797
1136,4.3,5,42.76024770736694
1137,4.3,5,42.78978943824768
1138,4.15,6,42.82251286506653
1139,4.6000000000000005,3,42.84753918647766
1140,-3.4,9,42.89051389694214
1141,3.6999999999999997,9,42.9383282661438
1142,4.449999999999999,4,42.96667742729187
1143,3.85,8,43.005059480667114
1144,4.15,6,43.041099548339844
1145,4.15,6,43.073176860809326
1146,4.75,2,43.09646272659302
1147,4.75,2,43.126320362091064
1148,4.0,7,43.159499406814575
1149,-3.5,11,43.20082759857178
1150,4.3,5,43.22745060920715
1151,4.9,1,43.24855875968933
1152,-1.75,15,43.29340052604675
1153,3.85,8,43.32507872581482
1154,3.85,8,43.36217188835144
1155,4.3,5,43.39726185798645
1156,-1.75,15,43.449042320251465
1157,4.449999999999999,4,43.47814702987671
1158,4.0,7,43.51794075965881
1159,4.6000000000000005,3,43.54221320152283
1160,4.449999999999999,4,43.573379039764404
1161,-1.75,15,43.616947889328
1162,4.3,5,43.64904260635376
1163,-1.75,15,43.69472861289978
1164,3.85,8,43.72805666923523
1165,4.3,5,43.76939821243286
1166,-3.65,14,43.814573764801025
1167,3.25,12,43.85582184791565
1168,4.0,7,43.88642644882202
1169,4.15,6,44.08680582046509
1170,4.15,6,44.119229793548584
1171,4.75,2,44.143856048583984
1172,4.3,5,44.17199158668518
1173,4.449999999999999,4,44.20482277870178
1174,4.0,7,44.24079418182373
1175,4.449999999999999,4,44.2706778049469
1176,4.3,5,44.30039191246033
1177,-1.75,15,44.353129148483276
1178,4.15,6,44.385571241378784
1179,4.3,5,44.41489362716675
1180,3.85,8,44.45502758026123
1181,4.75,2,44.48090863227844
1182,4.449999999999999,4,44.50921106338501
1183,4.449999999999999,4,44.53503751754761
1184,4.3,5,44.567034006118774
1185,4.449999999999999,4,44.59623336791992
1186,-3.3,7,44.62921214103699
1187,3.6999999999999997,9,44.67179560661316
1188,3.6999999999999997,9,44.705418825149536
1189,4.75,2,44.73071837425232
1190,4.449999999999999,4,44.75678777694702
1191,4.449999999999999,4,44.78438115119934
1192,4.75,2,44.80717468261719
1193,4.3,5,44.83609414100647
1194,4.15,6,44.87033677101135
1195,4.449999999999999,4,44.89924359321594
1196,4.6000000000000005,3,44.92680358886719
1197,3.6999999999999997,9,44.96314287185669
1198,-1.75,15,45.00713062286377
1199,4.75,2,45.03297734260559
1200,-3.5,11,45.07686805725098
1201,3.85,8,45.108375549316406
1202,3.4,11,45.150150537490845
1203,4.6000000000000005,3,45.18037152290344
1204,-1.75,15,45.23071837425232
1205,4.3,5,45.264686822891235
1206,4.75,2,45.295836448669434
1207,4.75,2,45.325565576553345
1208,4.449999999999999,4,45.359997272491455
1209,-1.75,15,45.4112913608551
1210,-3.6,13,45.6072313785553
1211,4.449999999999999,4,45.634716272354126
1212,3.6999999999999997,9,45.66849613189697
1213,4.6000000000000005,3,45.69365859031677
1214,4.75,2,45.71976113319397
1215,3.85,8,45.75113248825073
1216,-3.35,8,45.7866005897522
1217,4.75,2,45.8099844455719
1218,4.6000000000000005,3,45.837050437927246
1219,4.3,5,45.86736273765564
1220,-3.5,11,45.90206480026245
1221,3.55,10,45.934009075164795
1222,-3.55,12,45.97124409675598
1223,4.3,5,45.99983525276184
1224,3.6999999999999997,9,46.03813934326172
1225,4.449999999999999,4,46.068459033966064
1226,3.25,12,46.11003279685974
1227,4.75,2,46.13559889793396
1228,3.55,10,46.17249298095703
1229,4.6000000000000005,3,46.200705766677856
1230,4.15,6,46.2301971912384
1231,4.15,6,46.25972247123718
1232,3.85,8,46.29232478141785
1233,4.449999999999999,4,46.32052206993103
1234,4.3,5,46.35073161125183
1235,4.15,6,46.38215255737305
1236,4.6000000000000005,3,46.40488648414612
1237,3.25,12,46.44249081611633
1238,-3.4,9,46.47642397880554
1239,4.6000000000000005,3,46.50264286994934
1240,4.449999999999999,4,46.533703327178955
1241,4.0,7,46.571720361709595
1242,-3.65,14,46.61663579940796
1243,4.449999999999999,4,46.64199233055115
1244,-3.65,14,46.68448829650879
1245,4.449999999999999,4,46.71119523048401
1246,4.75,2,46.73797559738159
1247,4.449999999999999,4,46.77283310890198
1248,4.75,2,46.79877734184265
1249,3.85,8,46.83274555206299
1250,-3.7,15,47.03652358055115
1251,4.15,6,47.06632852554321
1252,3.55,10,47.1073157787323
1253,3.85,8,47.14203763008118
1254,3.6999999999999997,9,47.18288445472717
1255,3.55,10,47.21670317649841
1256,4.3,5,47.2461314201355
1257,4.0,7,47.2810480594635
1258,3.85,8,47.31560468673706
1259,-3.4,9,47.35132026672363
1260,4.3,5,47.38211274147034
1261,3.4,11,47.419753074645996
1262,4.75,2,47.44481158256531
1263,3.6999999999999997,9,47.48684477806091
1264,4.3,5,47.51783227920532
1265,4.449999999999999,4,47.55706024169922
1266,4.15,6,47.59338998794556
1267,4.3,5,47.62605309486389
1268,4.6000000000000005,3,47.658623456954956
1269,4.15,6,47.70035672187805
1270,4.449999999999999,4,47.73255491256714
1271,3.4,11,47.768683195114136
1272,4.449999999999999,4,47.79963779449463
1273,4.6000000000000005,3,47.824098348617554
1274,-1.75,15,47.86940598487854
1275,4.15,6,47.90154433250427
1276,4.75,2,47.92446279525757
1277,4.449999999999999,4,47.95581674575806
1278,4.0,7,47.99450182914734
1279,4.449999999999999,4,48.0235595703125
1280,3.85,8,48.06351637840271
1281,4.6000000000000005,3,48.091506481170654
1282,4.0,7,48.128878593444824
1283,-3.6,13,48.16999554634094
1284,4.75,2,48.19682335853577
1285,3.1,13,48.23870134353638
1286,4.6000000000000005,3,48.27191877365112
1287,4.6000000000000005,3,48.30276870727539
1288,4.3,5,48.33130741119385
1289,3.85,8,48.524532318115234
1290,4.6000000000000005,3,48.55393195152283
1291,3.4,11,48.59493970870972
1292,4.3,5,48.62457227706909
1293,3.6999999999999997,9,48.662487745285034
1294,4.449999999999999,4,48.69128775596619
1295,4.3,5,48.7213716506958
1296,4.0,7,48.76176857948303
1297,-1.75,15,48.804593563079834
1298,4.75,2,48.82778573036194
1299,4.75,2,48.85545301437378
1300,4.449999999999999,4,48.884557485580444
1301,3.1,13,48.923736810684204
1302,4.15,6,48.96359443664551
1303,4.75,2,48.98995923995972
1304,4.0,7,49.0255765914917
1305,4.15,6,49.05788969993591
1306,4.3,5,49.0890531539917
1307,4.449999999999999,4,49.11633634567261
1308,3.6999999999999997,9,49.15009093284607
1309,4.0,7,49.18292999267578
1310,4.75,2,49.20603346824646
1311,4.6000000000000005,3,49.238571643829346
1312,4.3,5,49.273367166519165
1313,4.0,7,49.304523944854736
1314,3.85,8,49.33671569824219
1315,4.15,6,49.36784601211548
1316,4.75,2,49.39673733711243
1317,4.6000000000000005,3,49.4264554977417
1318,3.85,8,49.46118092536926
1319,4.9,1,49.4849317073822
1320,4.6000000000000005,3,49.50881624221802
1321,4.449999999999999,4,49.53815531730652
1322,4.3,5,49.57124900817871
1323,4.3,5,49.59966564178467
1324,4.6000000000000005,3,49.62511730194092
1325,4.449999999999999,4,49.65928816795349
1326,3.55,10,49.70617890357971
1327,4.15,6,49.74183368682861
1328,4.3,5,49.78190994262695
1329,4.9,1,49.817659854888916
1330,4.6000000000000005,3,49.84794783592224
1331,4.9,1,49.87828731536865
1332,3.55,10,49.917858362197876
1333,4.15,6,49.95070791244507
1334,3.55,10,49.99029541015625
1335,-3.15,4,50.02185320854187
1336,4.15,6,50.22021460533142
1337,4.6000000000000005,3,50.242807149887085
1338,3.6999999999999997,9,50.27863526344299
1339,3.85,8,50.30976104736328
1340,4.15,6,50.33895492553711
1341,3.6999999999999997,9,50.37171673774719
1342,4.6000000000000005,3,50.39978742599487
1343,4.3,5,50.435808420181274
1344,4.0,7,50.472710371017456
1345,3.55,10,50.51392722129822
1346,4.75,2,50.538485527038574
1347,4.6000000000000005,3,50.56511330604553
1348,4.6000000000000005,3,50.5905282497406
1349,4.449999999999999,4,50.623244762420654
1350,4.449999999999999,4,50.6526825428009
1351,4.3,5,50.680827140808105
1352,4.6000000000000005,3,50.707643270492554
1353,3.4,11,50.74391961097717
1354,-3.45,10,50.7801296710968
1355,4.15,6,50.80902123451233
1356,4.0,7,50.844430685043335
1357,3.85,8,50.88396716117859
1358,4.6000000000000005,3,50.912715435028076
1359,4.449999999999999,4,50.943623542785645
1360,3.85,8,50.981014251708984
1361,3.6999999999999997,9,51.01852798461914
1362,3.55,10,51.05156970024109
1363,4.3,5,51.08613348007202
1364,4.6000000000000005,3,51.11168885231018
1365,4.0,7,51.152852058410645
1366,4.9,1,51.17315459251404
1367,3.85,8,51.21253490447998
1368,4.0,7,51.24485898017883
1369,4.0,7,51.275891065597534
1370,4.449999999999999,4,51.30435490608215
1371,4.6000000000000005,3,51.33338117599487
1372,4.75,2,51.36227798461914
1373,4.3,5,51.39129829406738
1374,4.15,6,51.42364001274109
1375,3.85,8,51.466238021850586
1376,3.55,10,51.505595445632935
1377,4.75,2,51.529791831970215
1378,4.75,2,51.563673973083496
1379,4.3,5,51.59699058532715
1380,4.75,2,51.62411975860596
1381,4.3,5,51.8208281993866
1382,4.15,6,51.85748362541199
1383,4.449999999999999,4,51.882081747055054
1384,3.1,13,51.92025828361511
1385,3.4,11,51.95675778388977
1386,3.6999999999999997,9,51.99748754501343
1387,4.9,1,52.024680614471436
1388,4.15,6,52.05527997016907
1389,4.9,1,52.08087944984436
1390,-3.65,14,52.12161922454834
1391,3.85,8,52.15814256668091
1392,3.85,8,52.19156289100647
1393,3.4,11,52.22857689857483
1394,3.55,10,52.26116323471069
1395,3.55,10,52.29739308357239
1396,4.75,2,52.321181535720825
1397,4.3,5,52.35554623603821
1398,4.75,2,52.38379764556885
1399,3.55,10,52.420525789260864
1400,-1.75,15,52.465431928634644
1401,4.449999999999999,4,52.49254560470581
1402,4.3,5,52.524630308151245
1403,3.85,8,52.56002354621887
1404,4.6000000000000005,3,52.588810205459595
1405,4.449999999999999,4,52.62528681755066
1406,4.75,2,52.65053343772888
1407,4.6000000000000005,3,52.67827868461609
1408,4.9,1,52.70588970184326
1409,-1.75,15,52.75040340423584
1410,3.85,8,52.79156017303467
1411,4.449999999999999,4,52.8221640586853
1412,3.85,8,52.8546404838562
1413,4.3,5,52.88936805725098
1414,4.6000000000000005,3,52.92177629470825
1415,4.6000000000000005,3,52.95280146598816
1416,3.55,10,52.99814748764038
1417,3.85,8,53.03976368904114
1418,4.449999999999999,4,53.074278354644775
1419,-1.75,15,53.2807400226593
1420,4.9,1,53.30219125747681
1421,3.4,11,53.33970093727112
1422,4.3,5,53.36675691604614
1423,-1.75,15,53.407920837402344
1424,-1.75,15,53.4504976272583
1425,4.75,2,53.47705578804016
1426,-1.75,15,53.52780508995056
1427,4.3,5,53.56054472923279
1428,4.75,2,53.592456579208374
1429,3.6999999999999997,9,53.6350998878479
1430,4.75,2,53.66125845909119
1431,4.449999999999999,4,53.6982102394104
1432,-3.4,9,53.73817157745361
1433,4.6000000000000005,3,53.766305685043335
1434,4.449999999999999,4,53.800962686538696
1435,3.55,10,53.8389105796814
1436,4.449999999999999,4,53.86791372299194
1437,4.449999999999999,4,53.89599347114563
1438,3.55,10,53.933566093444824
1439,3.6999999999999997,9,53.970038175582886
1440,4.15,6,53.99860668182373
1441,3.85,8,54.03265118598938
1442,4.3,5,54.06199264526367
1443,4.449999999999999,4,54.09013485908508
1444,4.75,2,54.11576008796692
1445,4.449999999999999,4,54.141621351242065
1446,-1.75,15,54.184932470321655
1447,4.75,2,54.214385747909546
1448,4.75,2,54.24331450462341
1449,3.6999999999999997,9,54.27721905708313
1450,3.6999999999999997,9,54.31851553916931
1451,4.449999999999999,4,54.351372480392456
1452,3.25,12,54.39486050605774
1453,4.3,5,54.428125858306885
1454,4.449999999999999,4,54.45615077018738
1455,4.75,2,54.48496079444885
1456,4.6000000000000005,3,54.51745414733887
1457,-3.3,7,54.55175709724426
1458,4.449999999999999,4,54.57930016517639
1459,4.75,2,54.61135911941528
1460,3.4,11,54.83333110809326
1461,4.0,7,54.870458364486694
1462,-1.75,15,54.92469882965088
1463,3.85,8,54.96004104614258
1464,4.75,2,54.99280095100403
1465,4.3,5,55.0248498916626
1466,-1.75,15,55.07373762130737
1467,4.15,6,55.10704302787781
1468,4.449999999999999,4,55.13531255722046
1469,-3.45,10,55.173577070236206
1470,-1.75,15,55.21786093711853
1471,4.449999999999999,4,55.24225211143494
1472,4.6000000000000005,3,55.2693886756897
1473,3.4,11,55.30769348144531
1474,4.449999999999999,4,55.33654046058655
1475,4.449999999999999,4,55.362359285354614
1476,4.75,2,55.38751840591431
1477,-1.75,15,55.43467926979065
1478,-1.75,15,55.476107120513916
1479,4.15,6,55.50490760803223
1480,4.15,6,55.5318124294281
1481,4.75,2,55.555102825164795
1482,3.55,10,55.59154963493347
1483,4.3,5,55.620261430740356
1484,4.0,7,55.65546917915344
1485,4.75,2,55.68743920326233
1486,-1.75,15,55.736685037612915
1487,3.6999999999999997,9,55.77289175987244
1488,3.25,12,55.80994391441345
1489,4.3,5,55.84162783622742
1490,4.75,2,55.8708221912384
1491,4.449999999999999,4,55.897098779678345
1492,4.15,6,55.93699026107788
1493,4.6000000000000005,3,55.96997380256653
1494,4.15,6,56.00619554519653
1495,4.3,5,56.19789719581604
1496,-3.4,9,56.231064796447754
1497,4.15,6,56.26550054550171
1498,4.449999999999999,4,56.29128623008728
1499,4.6000000000000005,3,56.317113161087036
1500,3.6999999999999997,9,56.355223655700684
1501,4.3,5,56.38824701309204
1502,4.0,7,56.431228160858154
1503,4.75,2,56.457831621170044
1504,3.6999999999999997,9,56.50124502182007
1505,3.55,10,56.53745365142822
1506,3.55,10,56.579463481903076
1507,4.6000000000000005,3,56.60431218147278
1508,3.6999999999999997,9,56.648032426834106
1509,4.449999999999999,4,56.68090200424194
1510,4.0,7,56.71442103385925
1511,3.85,8,56.74809193611145
1512,4.0,7,56.78120827674866
1513,3.6999999999999997,9,56.8134868144989
1514,-3.55,12,56.856080770492554
1515,4.75,2,56.88105773925781
1516,3.85,8,56.91447710990906
1517,4.6000000000000005,3,56.94311571121216
1518,4.3,5,56.97176742553711
1519,4.6000000000000005,3,56.99754095077515
1520,4.15,6,57.02485942840576
1521,3.85,8,57.06201887130737
1522,3.25,12,57.10615801811218
1523,4.0,7,57.13914132118225
1524,4.449999999999999,4,57.16690993309021
1525,4.15,6,57.19689726829529
1526,4.449999999999999,4,57.22387933731079
1527,3.85,8,57.26198101043701
1528,-1.75,15,57.30620002746582
1529,-1.75,15,57.348647594451904
1530,-1.75,15,57.389888763427734
1531,4.0,7,57.594916582107544
1532,4.3,5,57.634358406066895
1533,4.3,5,57.6684992313385
1534,4.3,5,57.7033896446228
1535,3.85,8,57.74806261062622
1536,4.449999999999999,4,57.77714681625366
1537,-1.75,15,57.82880163192749
1538,4.449999999999999,4,57.86280059814453
1539,4.6000000000000005,3,57.89527678489685
1540,4.0,7,57.92670559883118
1541,4.449999999999999,4,57.95650768280029
1542,-3.65,14,58.0001904964447
1543,4.3,5,58.02654409408569
1544,4.449999999999999,4,58.053627014160156
1545,-1.75,15,58.09799313545227
1546,4.449999999999999,4,58.12368655204773
1547,4.449999999999999,4,58.15289044380188
1548,4.75,2,58.17391347885132
1549,4.15,6,58.21127128601074
1550,4.0,7,58.2515664100647
1551,4.3,5,58.280479431152344
1552,3.6999999999999997,9,58.31319856643677
1553,4.0,7,58.34572196006775
1554,-1.75,15,58.38583040237427
1555,4.15,6,58.41422915458679
1556,4.449999999999999,4,58.442269802093506
1557,4.3,5,58.481162309646606
1558,4.3,5,58.51184105873108
1559,4.6000000000000005,3,58.53739523887634
1560,3.85,8,58.56802773475647
1561,4.6000000000000005,3,58.595272064208984
1562,4.3,5,58.6302170753479
1563,4.3,5,58.65999150276184
1564,3.85,8,58.69649910926819
1565,4.15,6,58.72770881652832
1566,4.6000000000000005,3,58.75533747673035
1567,4.6000000000000005,3,58.782910108566284
1568,4.15,6,58.81120467185974
1569,-3.6,13,58.852657079696655
1570,3.4,11,59.03719973564148
1571,4.449999999999999,4,59.068745851516724
1572,4.6000000000000005,3,59.09762644767761
1573,4.449999999999999,4,59.12444591522217
1574,4.6000000000000005,3,59.152867794036865
1575,4.75,2,59.17726969718933
1576,4.0,7,59.21378135681152
1577,4.0,7,59.24590086936951
1578,4.3,5,59.27552008628845
1579,4.6000000000000005,3,59.299882888793945
1580,4.449999999999999,4,59.328447341918945
1581,4.3,5,59.35827422142029
1582,-3.05,2,59.38512849807739
1583,-3.5,11,59.42797040939331
1584,3.55,10,59.47254681587219
1585,4.6000000000000005,3,59.5068895816803
1586,3.6999999999999997,9,59.54869985580444
1587,4.449999999999999,4,59.581525802612305
1588,4.449999999999999,4,59.60655760765076
1589,4.449999999999999,4,59.63676357269287
1590,4.6000000000000005,3,59.66586089134216
1591,4.6000000000000005,3,59.69171762466431
1592,4.6000000000000005,3,59.71972632408142
1593,4.3,5,59.749773263931274
1594,4.3,5,59.78481864929199
1595,4.75,2,59.80764985084534
1596,4.3,5,59.84096813201904
1597,4.6000000000000005,3,59.86640667915344
1598,4.75,2,59.88813281059265
1599,4.75,2,59.913373947143555
1600,4.6000000000000005,3,59.93548130989075
1601,4.0,7,59.96932101249695
1602,4.3,5,59.99636220932007
1603,3.25,12,60.03423571586609
1604,2.8,15,60.080403327941895
1605,3.55,10,60.117392778396606
1606,4.449999999999999,4,60.146124839782715
1607,4.3,5,60.183828592300415
1608,4.75,2,60.209019899368286
1609,-3.55,12,60.25474214553833
1610,3.55,10,60.28914833068848
1611,-3.25,6,60.32552933692932
1612,4.15,6,60.359962940216064
1613,4.15,6,60.394346714019775
1614,4.3,5,60.42543840408325
1615,3.4,11,60.466408491134644
1616,4.449999999999999,4,60.498350381851196
1617,3.85,8,60.70515275001526
1618,4.6000000000000005,3,60.73705720901489
1619,3.55,10,60.78512263298035
1620,4.449999999999999,4,60.817018032073975
1621,4.75,2,60.84167242050171
1622,3.55,10,60.88540291786194
1623,4.6000000000000005,3,60.91696906089783
1624,4.449999999999999,4,60.94611978530884
1625,3.85,8,60.986494064331055
1626,4.3,5,61.02071952819824
1627,4.0,7,61.06061625480652
1628,4.6000000000000005,3,61.09213638305664
1629,3.55,10,61.13758730888367
1630,4.75,2,61.16977834701538
1631,-3.7,15,61.21720314025879
1632,-1.75,15,61.259955644607544
1633,4.0,7,61.28843402862549
1634,4.6000000000000005,3,61.31351351737976
1635,4.9,1,61.33811664581299
1636,4.9,1,61.36501407623291
1637,3.85,8,61.399951696395874
1638,-3.25,6,61.43173336982727
1639,-1.75,15,61.47530913352966
1640,4.6000000000000005,3,61.50140380859375
1641,4.6000000000000005,3,61.526498794555664
1642,4.15,6,61.56273818016052
1643,4.3,5,61.59478521347046
1644,4.0,7,61.628891706466675
1645,3.6999999999999997,9,61.663325786590576
1646,4.75,2,61.69497323036194
1647,4.3,5,61.72447347640991
1648,-1.75,15,61.77320599555969
1649,4.75,2,61.8023407459259
1650,4.75,2,61.83236503601074
1651,4.449999999999999,4,61.87169528007507
1652,4.75,2,61.90293598175049
1653,3.85,8,61.94298195838928
1654,-3.7,15,61.990782022476196
1655,-1.75,15,62.03266787528992
1656,4.449999999999999,4,62.0638325214386
1657,3.55,10,62.26238989830017
1658,4.75,2,62.288734912872314
1659,3.85,8,62.33425188064575
1660,4.6000000000000005,3,62.36482286453247
1661,3.25,12,62.40802812576294
1662,3.4,11,62.449627161026
1663,4.6000000000000005,3,62.48537468910217
1664,-3.55,12,62.52808427810669
1665,4.0,7,62.56420087814331
1666,4.0,7,62.60174250602722
1667,3.85,8,62.63971304893494
1668,2.8,15,62.68746638298035
1669,4.449999999999999,4,62.717838525772095
1670,4.449999999999999,4,62.745880365371704
1671,4.449999999999999,4,62.77318024635315
1672,3.4,11,62.80781173706055
1673,3.4,11,62.84769320487976
1674,4.3,5,62.8775417804718
1675,4.0,7,62.91179800033569
1676,4.449999999999999,4,62.93840980529785
1677,4.75,2,62.96417236328125
1678,4.3,5,62.991779804229736
1679,-1.75,15,63.037378549575806
1680,3.6999999999999997,9,63.07176923751831
1681,4.3,5,63.10804843902588
1682,4.6000000000000005,3,63.137380838394165
1683,4.6000000000000005,3,63.165801763534546
1684,4.15,6,63.19175410270691
1685,-3.55,12,63.230000495910645
1686,3.6999999999999997,9,63.265093088150024
1687,4.75,2,63.29085373878479
1688,4.449999999999999,4,63.31824541091919
1689,3.4,11,63.35480713844299
1690,4.0,7,63.38552165031433
1691,4.75,2,63.40858435630798
1692,3.85,8,63.44258499145508
1693,4.449999999999999,4,63.46759223937988
1694,-3.3,7,63.64585041999817
1695,4.449999999999999,4,63.67387914657593
1696,4.449999999999999,4,63.70224094390869
1697,3.6999999999999997,9,63.74345946311951
1698,-3.6,13,63.788461685180664
1699,4.15,6,63.827073097229004
1700,4.449999999999999,4,63.859840869903564
1701,4.0,7,63.895902156829834
1702,4.6000000000000005,3,63.92836260795593
1703,4.3,5,63.96290135383606
1704,3.85,8,63.99666142463684
1705,4.449999999999999,4,64.02447247505188
1706,4.15,6,64.05621075630188
1707,4.3,5,64.0847852230072
1708,4.75,2,64.11110854148865
1709,4.6000000000000005,3,64.14804267883301
1710,3.6999999999999997,9,64.19661808013916
1711,-3.45,10,64.23950672149658
1712,4.449999999999999,4,64.27377009391785
1713,3.55,10,64.31657528877258
1714,4.15,6,64.35124588012695
1715,4.75,2,64.37799119949341
1716,3.55,10,64.41887402534485
1717,4.6000000000000005,3,64.44717192649841
1718,4.6000000000000005,3,64.47232675552368
1719,4.75,2,64.50058555603027
1720,4.449999999999999,4,64.53316044807434
1721,4.6000000000000005,3,64.56103491783142
1722,3.6999999999999997,9,64.59418559074402
1723,-3.6,13,64.63130831718445
1724,4.6000000000000005,3,64.65599250793457
1725,3.55,10,64.69036650657654
1726,4.6000000000000005,3,64.71667623519897
1727,4.75,2,64.7382493019104
1728,4.75,2,64.76440954208374
1729,4.6000000000000005,3,64.79269528388977
1730,4.6000000000000005,3,64.8179702758789
1731,4.75,2,64.84136652946472
1732,4.3,5,64.87224054336548
1733,-3.25,6,64.90015864372253
1734,4.0,7,64.93462920188904
1735,4.6000000000000005,3,64.96309781074524
1736,4.15,6,64.99318408966064
1737,4.6000000000000005,3,65.02173662185669
1738,4.6000000000000005,3,65.05175018310547
1739,4.75,2,65.07888507843018
1740,4.449999999999999,4,65.1058361530304
1741,4.449999999999999,4,65.13416647911072
1742,-1.75,15,65.32627558708191
1743,4.9,1,65.34823060035706
1744,4.0,7,65.3805365562439
1745,4.0,7,65.41267132759094
1746,4.6000000000000005,3,65.43982172012329
1747,4.449999999999999,4,65.47207856178284
1748,3.6999999999999997,9,65.50880694389343
1749,4.15,6,65.54209303855896
1750,4.449999999999999,4,65.57017970085144
1751,4.75,2,65.59919834136963
1752,4.15,6,65.62938046455383
1753,4.449999999999999,4,65.65864038467407
1754,4.75,2,65.68605637550354
1755,3.55,10,65.72266745567322
1756,4.75,2,65.74826765060425
1757,4.449999999999999,4,65.77969789505005
1758,3.6999999999999997,9,65.81944870948792
1759,4.75,2,65.84317255020142
1760,3.6999999999999997,9,65.8802843093872
1761,4.449999999999999,4,65.90709090232849
1762,4.6000000000000005,3,65.9382586479187
1763,3.85,8,65.97267580032349
1764,3.85,8,66.00354504585266
1765,4.0,7,66.0349485874176
1766,-1.75,15,66.08667182922363
1767,3.4,11,66.12844562530518
1768,4.449999999999999,4,66.15486931800842
1769,4.449999999999999,4,66.19204306602478
1770,4.75,2,66.21763014793396
1771,4.6000000000000005,3,66.24704813957214
1772,4.0,7,66.27934980392456
1773,4.449999999999999,4,66.30895113945007
1774,3.6999999999999997,9,66.34853315353394
1775,3.55,10,66.38663005828857
1776,4.0,7,66.41939377784729
1777,4.6000000000000005,3,66.44562554359436
1778,4.75,2,66.46951222419739
1779,3.6999999999999997,9,66.50261521339417
1780,4.0,7,66.54050302505493
1781,4.449999999999999,4,66.57325482368469
1782,4.75,2,66.5992214679718
1783,4.15,6,66.63543343544006
1784,4.9,1,66.66275215148926
1785,4.15,6,66.69372487068176
1786,4.15,6,66.7214195728302
1787,-1.75,15,66.9192442893982
1788,4.6000000000000005,3,66.95030212402344
1789,4.449999999999999,4,66.97922897338867
1790,4.75,2,67.00493264198303
1791,4.9,1,67.03570246696472
1792,3.1,13,67.08026456832886
1793,4.3,5,67.10961890220642
1794,3.4,11,67.1531069278717
1795,3.85,8,67.19143533706665
1796,3.85,8,67.22237873077393
1797,4.3,5,67.25429201126099
1798,3.55,10,67.29397058486938
1799,3.55,10,67.33318018913269
1800,4.75,2,67.36315560340881
1801,3.25,12,67.4039659500122
1802,3.6999999999999997,9,67.44359350204468
1803,3.4,11,67.48371386528015
1804,4.449999999999999,4,67.50952196121216
1805,4.9,1,67.53168654441833
1806,4.449999999999999,4,67.55916452407837
1807,4.6000000000000005,3,67.5908796787262
1808,3.85,8,67.63647866249084
1809,4.75,2,67.66376948356628
1810,4.6000000000000005,3,67.68939542770386
1811,4.6000000000000005,3,67.72011351585388
1812,4.15,6,67.75436973571777
1813,4.6000000000000005,3,67.7861487865448
1814,3.25,12,67.83930516242981
1815,4.6000000000000005,3,67.87464118003845
1816,4.3,5,67.9035997390747
1817,3.55,10,67.94898724555969
1818,4.3,5,67.98102927207947
1819,4.15,6,68.01784658432007
1820,-1.75,15,68.06832075119019
1821,4.15,6,68.10209703445435
1822,4.15,6,68.13826727867126
1823,4.3,5,68.17475271224976
1824,3.6999999999999997,9,68.20925307273865
1825,4.3,5,68.23655557632446
1826,4.6000000000000005,3,68.26011538505554
1827,4.6000000000000005,3,68.28626441955566
1828,3.55,10,68.46161913871765
1829,4.6000000000000005,3,68.49048495292664
1830,4.9,1,68.51721501350403
1831,4.0,7,68.55478429794312
1832,4.6000000000000005,3,68.58622884750366
1833,4.3,5,68.61849403381348
1834,4.0,7,68.6559522151947
1835,4.6000000000000005,3,68.68596887588501
1836,4.449999999999999,4,68.71905207633972
1837,4.449999999999999,4,68.75131011009216
1838,4.75,2,68.78125810623169
1839,3.55,10,68.82221102714539
1840,4.3,5,68.85521602630615
1841,4.3,5,68.88702487945557
1842,4.75,2,68.92097735404968
1843,4.6000000000000005,3,68.95188236236572
1844,3.6999999999999997,9,68.99515581130981
1845,4.449999999999999,4,69.02858328819275
1846,4.15,6,69.06555223464966
1847,4.15,6,69.10543298721313
1848,4.3,5,69.1338517665863
1849,3.6999999999999997,9,69.16817378997803
1850,4.6000000000000005,3,69.19374370574951
1851,-3.45,10,69.23319888114929
1852,4.0,7,69.26373243331909
1853,3.85,8,69.29768204689026
1854,-1.75,15,69.33785581588745
1855,4.9,1,69.36260223388672
1856,4.75,2,69.38772106170654
1857,4.3,5,69.41785001754761
1858,4.449999999999999,4,69.44783473014832
1859,-1.75,15,69.48728609085083
1860,4.449999999999999,4,69.51720023155212
1861,4.15,6,69.55105137825012
1862,4.449999999999999,4,69.58689713478088
1863,4.75,2,69.61276245117188
1864,3.25,12,69.65265607833862
1865,4.6000000000000005,3,69.67772507667542
1866,4.6000000000000005,3,69.70284152030945
1867,4.15,6,69.73352479934692
1868,3.55,10,69.77732801437378
1869,4.75,2,69.8001754283905
1870,4.6000000000000005,3,69.82723927497864
1871,3.55,10,69.86613440513611
1872,3.4,11,69.90250086784363
1873,4.6000000000000005,3,69.93199110031128
1874,4.449999999999999,4,70.13254022598267
1875,4.3,5,70.16873860359192
1876,4.6000000000000005,3,70.19637799263
1877,4.75,2,70.21968388557434
1878,4.15,6,70.2517659664154
1879,4.449999999999999,4,70.2826042175293
1880,-3.25,6,70.31554198265076
1881,4.75,2,70.3426342010498
1882,4.449999999999999,4,70.36875748634338
1883,4.449999999999999,4,70.39731025695801
1884,4.3,5,70.42569494247437
1885,3.85,8,70.46696305274963
1886,4.449999999999999,4,70.49914908409119
1887,4.449999999999999,4,70.52658987045288
1888,4.3,5,70.55713891983032
1889,-3.45,10,70.59805989265442
1890,-1.75,15,70.64087891578674
1891,4.3,5,70.67002272605896
1892,4.6000000000000005,3,70.69860506057739
1893,4.15,6,70.7281084060669
1894,4.0,7,70.76139640808105
1895,4.449999999999999,4,70.78898930549622
1896,4.6000000000000005,3,70.81178259849548
1897,4.15,6,70.84290814399719
1898,3.85,8,70.87564015388489
1899,3.6999999999999997,9,70.91417241096497
1900,4.6000000000000005,3,70.94596409797668
1901,4.15,6,70.97863864898682
1902,4.449999999999999,4,71.00627183914185
1903,-1.75,15,71.05195593833923
1904,-3.35,8,71.09040379524231
1905,4.449999999999999,4,71.12406396865845
1906,4.15,6,71.1633849143982
1907,4.15,6,71.19182300567627
1908,4.449999999999999,4,71.22033596038818
1909,4.449999999999999,4,71.2478461265564
1910,4.15,6,71.27978157997131
1911,3.6999999999999997,9,71.31721305847168
1912,4.449999999999999,4,71.35044312477112
1913,4.6000000000000005,3,71.38035488128662
1914,-1.75,15,71.42214679718018
1915,3.25,12,71.46236157417297
1916,3.55,10,71.6559009552002
1917,4.15,6,71.68828654289246
1918,4.449999999999999,4,71.71814107894897
1919,4.449999999999999,4,71.74889826774597
1920,4.449999999999999,4,71.78234887123108
1921,4.449999999999999,4,71.81376957893372
1922,-3.35,8,71.85151815414429
1923,4.449999999999999,4,71.88112115859985
1924,3.85,8,71.91656947135925
1925,4.3,5,71.95085096359253
1926,4.449999999999999,4,71.98043870925903
1927,3.55,10,72.02406001091003
1928,4.449999999999999,4,72.05351376533508
1929,3.55,10,72.1022264957428
1930,4.3,5,72.13873887062073
1931,4.15,6,72.1700918674469
1932,4.6000000000000005,3,72.20358228683472
1933,3.4,11,72.25186681747437
1934,-3.4,9,72.29237794876099
1935,4.15,6,72.320955991745
1936,4.0,7,72.35170006752014
1937,4.449999999999999,4,72.38153123855591
1938,-1.75,15,72.42533111572266
1939,4.3,5,72.45290493965149
1940,4.6000000000000005,3,72.47982358932495
1941,4.0,7,72.50953555107117
1942,4.0,7,72.54386758804321
1943,4.449999999999999,4,72.57236218452454
1944,4.75,2,72.60065484046936
1945,4.75,2,72.62462711334229
1946,4.0,7,72.65738868713379
1947,4.3,5,72.68693685531616
1948,4.0,7,72.7182719707489
1949,4.9,1,72.74044275283813
1950,4.75,2,72.76878476142883
1951,4.6000000000000005,3,72.79923915863037
1952,4.6000000000000005,3,72.82315373420715
1953,4.3,5,72.85767555236816
1954,4.6000000000000005,3,72.88441491127014
1955,4.15,6,72.91569328308105
1956,4.9,1,72.94301843643188
1957,4.6000000000000005,3,72.96790981292725
1958,4.75,2,72.99022912979126
1959,4.15,6,73.0283350944519
1960,4.6000000000000005,3,73.05715656280518
1961,-1.75,15,73.10075426101685
1962,4.449999999999999,4,73.12706351280212
1963,4.6000000000000005,3,73.15410470962524
1964,4.449999999999999,4,73.3395733833313
1965,4.75,2,73.37175107002258
1966,4.75,2,73.39976191520691
1967,3.85,8,73.44154644012451
1968,4.0,7,73.47600197792053
1969,-1.75,15,73.5263683795929
1970,4.75,2,73.55074310302734
1971,3.6999999999999997,9,73.58804631233215
1972,4.449999999999999,4,73.6189181804657
1973,4.15,6,73.6615104675293
1974,4.6000000000000005,3,73.69612836837769
1975,4.449999999999999,4,73.73120021820068
1976,4.0,7,73.7647385597229
1977,4.0,7,73.79769659042358
1978,-3.4,9,73.83339333534241
1979,3.55,10,73.86614394187927
1980,3.55,10,73.9012222290039
1981,4.75,2,73.92540001869202
1982,4.6000000000000005,3,73.94887256622314
1983,3.85,8,73.98270893096924
1984,4.0,7,74.0128104686737
1985,4.449999999999999,4,74.04566097259521
1986,-3.55,12,74.08999586105347
1987,3.1,13,74.13625502586365
1988,3.6999999999999997,9,74.17563271522522
1989,4.15,6,74.20445966720581
1990,-3.35,8,74.23934888839722
1991,4.449999999999999,4,74.26780676841736
1992,4.9,1,74.30032181739807
1993,4.9,1,74.3238639831543
1994,4.449999999999999,4,74.35596895217896
1995,4.75,2,74.38687419891357
1996,4.75,2,74.41657257080078
1997,-1.75,15,74.46810817718506
1998,4.75,2,74.49865007400513
1999,4.15,6,74.52653074264526
2000,4.3,5,74.5553035736084
2001,4.449999999999999,4,74.5841338634491
2002,4.75,2,74.61062622070312
2003,4.6000000000000005,3,74.63944435119629
2004,3.4,11,74.69652271270752
2005,4.75,2,74.72894358634949
2006,4.449999999999999,4,74.75925421714783
2007,4.15,6,74.79337406158447
2008,4.0,7,75.01255965232849
2009,4.0,7,75.04957365989685
2010,3.85,8,75.08676290512085
2011,-1.75,15,75.1355493068695
2012,3.25,12,75.18207621574402
2013,3.4,11,75.22915053367615
2014,3.85,8,75.27395009994507
2015,4.0,7,75.30562448501587
2016,-1.75,15,75.35041618347168
2017,3.55,10,75.39455056190491
2018,-1.75,15,75.43961000442505
2019,3.4,11,75.4787085056305
2020,-1.75,15,75.53185033798218
2021,4.75,2,75.5656418800354
2022,4.6000000000000005,3,75.59882307052612
2023,4.15,6,75.63002133369446
2024,4.3,5,75.6637978553772
2025,4.15,6,75.69590497016907
2026,4.6000000000000005,3,75.71961092948914
2027,4.449999999999999,4,75.74810099601746
2028,4.9,1,75.77518486976624
2029,4.449999999999999,4,75.80241703987122
2030,4.75,2,75.82893967628479
2031,4.15,6,75.86475110054016
2032,4.6000000000000005,3,75.89128565788269
2033,3.6999999999999997,9,75.92755889892578
2034,3.85,8,75.95835876464844
2035,4.75,2,75.98369908332825
2036,3.6999999999999997,9,76.02232480049133
2037,3.6999999999999997,9,76.06394100189209
2038,4.449999999999999,4,76.09934735298157
2039,-1.75,15,76.15141987800598
2040,4.9,1,76.17525482177734
2041,4.3,5,76.20942306518555
2042,4.15,6,76.24194502830505
2043,4.3,5,76.43520259857178
2044,4.15,6,76.4670569896698
2045,3.85,8,76.5025782585144
2046,4.3,5,76.5351619720459
2047,4.75,2,76.56112122535706
2048,4.75,2,76.58678078651428
2049,3.85,8,76.61912202835083
2050,3.55,10,76.6551923751831
2051,3.85,8,76.69177603721619
2052,4.75,2,76.71653270721436
2053,4.449999999999999,4,76.74433493614197
2054,4.449999999999999,4,76.7722954750061
2055,4.15,6,76.80667901039124
2056,3.6999999999999997,9,76.84806966781616
2057,4.3,5,76.87963843345642
2058,3.55,10,76.92356514930725
2059,4.449999999999999,4,76.9544906616211
2060,3.6999999999999997,9,76.99187874794006
2061,3.85,8,77.02382922172546
2062,3.85,8,77.05461621284485
2063,4.75,2,77.08520817756653
2064,4.6000000000000005,3,77.1150004863739
2065,4.3,5,77.13986682891846
2066,4.75,2,77.16965627670288
2067,3.85,8,77.19985771179199
2068,4.3,5,77.22835326194763
2069,4.3,5,77.25620603561401
2070,4.6000000000000005,3,77.28265953063965
2071,4.449999999999999,4,77.30755424499512
2072,3.85,8,77.34185457229614
2073,4.75,2,77.36784100532532
2074,4.75,2,77.3926260471344
2075,4.75,2,77.41844606399536
2076,4.3,5,77.44705319404602
2077,3.25,12,77.48342847824097
2078,4.449999999999999,4,77.50967025756836
2079,3.85,8,77.55021166801453
2080,3.85,8,77.58735799789429
2081,4.75,2,77.61689496040344
2082,4.449999999999999,4,77.64765930175781
2083,4.15,6,77.67991900444031
2084,-3.65,14,77.72483420372009
2085,4.449999999999999,4,77.7559757232666
2086,4.9,1,77.78562998771667
2087,3.4,11,77.83565878868103
2088,4.3,5,77.87559580802917
2089,3.25,12,78.09673404693604
2090,3.1,13,78.15047311782837
2091,2.8,15,78.20203113555908
2092,3.6999999999999997,9,78.24244427680969
2093,4.15,6,78.27747249603271
2094,-3.65,14,78.32742118835449
2095,3.55,10,78.37117767333984
2096,4.3,5,78.41330456733704
2097,3.4,11,78.47579622268677
2098,3.55,10,78.52880120277405
2099,4.75,2,78.55357575416565
2100,4.15,6,78.58806729316711
2101,4.0,7,78.6259081363678
2102,4.3,5,78.65538716316223
2103,4.6000000000000005,3,78.67938804626465
2104,4.6000000000000005,3,78.70508074760437
2105,4.3,5,78.73923659324646
2106,3.85,8,78.7763524055481
2107,4.449999999999999,4,78.81023573875427
2108,4.6000000000000005,3,78.84616804122925
2109,4.0,7,78.88826775550842
2110,-3.4,9,78.92867851257324
2111,4.3,5,78.96868252754211
2112,3.4,11,79.01523208618164
2113,3.85,8,79.06060266494751
2114,4.15,6,79.09335398674011
2115,4.6000000000000005,3,79.11772799491882
2116,4.0,7,79.15321040153503
2117,4.3,5,79.18332028388977
2118,3.55,10,79.21871423721313
2119,3.85,8,79.25909376144409
2120,4.75,2,79.28079462051392
2121,4.449999999999999,4,79.30853748321533
2122,4.15,6,79.34067606925964
2123,-3.3,7,79.36995196342468
2124,4.75,2,79.40148067474365
2125,3.6999999999999997,9,79.63626480102539
2126,4.6000000000000005,3,79.67048597335815
2127,3.85,8,79.71620154380798
2128,4.3,5,79.7489845752716
2129,4.15,6,79.78774070739746
2130,4.15,6,79.82853436470032
2131,4.75,2,79.86317420005798
2132,4.449999999999999,4,79.89613318443298
2133,4.449999999999999,4,79.93123531341553
2134,4.15,6,79.96372628211975
2135,4.0,7,80.00504732131958
2136,4.15,6,80.04778337478638
2137,4.449999999999999,4,80.08399200439453
2138,4.15,6,80.12132334709167
2139,4.0,7,80.16164016723633
2140,4.15,6,80.20348858833313
2141,-1.75,15,80.25178003311157
2142,3.85,8,80.2906482219696
2143,-1.75,15,80.33986806869507
2144,4.0,7,80.37814855575562
2145,4.6000000000000005,3,80.41066122055054
2146,-1.75,15,80.46433067321777
2147,4.0,7,80.50096797943115
2148,3.4,11,80.54483795166016
2149,4.75,2,80.56974768638611
2150,4.0,7,80.60265159606934
2151,3.85,8,80.63924026489258
2152,4.3,5,80.67105174064636
2153,-1.75,15,80.71731114387512
2154,4.0,7,80.75535082817078
2155,4.75,2,80.78664326667786
2156,4.75,2,80.81598138809204
2157,4.6000000000000005,3,80.85183262825012
2158,4.0,7,80.89675211906433
2159,3.4,11,80.94759321212769
2160,3.25,12,80.99766993522644
2161,4.449999999999999,4,81.03330683708191
2162,3.55,10,81.26825308799744
2163,4.15,6,81.3110077381134
2164,4.6000000000000005,3,81.34528422355652
2165,4.75,2,81.3745014667511
2166,4.6000000000000005,3,81.40765380859375
2167,4.449999999999999,4,81.44585824012756
2168,4.6000000000000005,3,81.47852945327759
2169,3.55,10,81.52080297470093
2170,-1.75,15,81.56896901130676
2171,4.15,6,81.61201977729797
2172,4.15,6,81.64676427841187
2173,4.15,6,81.68468761444092
2174,4.449999999999999,4,81.7212336063385
2175,4.0,7,81.75779724121094
2176,3.85,8,81.79792857170105
2177,4.449999999999999,4,81.83010411262512
2178,4.449999999999999,4,81.86539769172668
2179,4.9,1,81.89437246322632
2180,4.449999999999999,4,81.92635846138
2181,4.6000000000000005,3,81.95395946502686
2182,4.75,2,81.98234820365906
2183,4.449999999999999,4,82.01391267776489
2184,3.85,8,82.04979491233826
2185,4.6000000000000005,3,82.08157658576965
2186,3.25,12,82.1225745677948
2187,4.449999999999999,4,82.15322947502136
2188,4.75,2,82.18509721755981
2189,4.3,5,82.22758960723877
2190,4.6000000000000005,3,82.2624397277832
2191,4.3,5,82.29651260375977
2192,3.6999999999999997,9,82.33604192733765
2193,4.449999999999999,4,82.36989951133728
2194,3.6999999999999997,9,82.40696144104004
2195,3.1,13,82.45451211929321
2196,-1.75,15,82.50538039207458
2197,3.85,8,82.54761719703674
2198,3.4,11,82.58800005912781
2199,4.3,5,82.62193012237549
2200,3.55,10,82.66463041305542
2201,4.6000000000000005,3,82.70086002349854
2202,-3.55,12,82.752121925354
2203,4.449999999999999,4,82.78690242767334
2204,-1.75,15,83.03360366821289
2205,4.15,6,83.06988215446472
2206,4.6000000000000005,3,83.09730863571167
2207,4.449999999999999,4,83.13092255592346
2208,4.6000000000000005,3,83.15972399711609
2209,3.6999999999999997,9,83.19773125648499
2210,4.15,6,83.23707222938538
2211,4.449999999999999,4,83.2671115398407
2212,4.449999999999999,4,83.30048394203186
2213,3.55,10,83.33838510513306
2214,4.3,5,83.36970686912537
2215,4.449999999999999,4,83.39756083488464
2216,-1.75,15,83.44797444343567
2217,4.449999999999999,4,83.48038911819458
2218,4.75,2,83.50750994682312
2219,4.0,7,83.5400447845459
2220,3.6999999999999997,9,83.58222365379333
2221,4.449999999999999,4,83.61374068260193
2222,3.6999999999999997,9,83.64907908439636
2223,4.3,5,83.67850518226624
2224,4.449999999999999,4,83.70352983474731
2225,4.0,7,83.73553967475891
2226,4.3,5,83.77331805229187
2227,4.3,5,83.802654504776
2228,4.0,7,83.83699059486389
2229,4.75,2,83.86413741111755
2230,4.6000000000000005,3,83.89185833930969
2231,4.3,5,83.92154049873352
2232,4.449999999999999,4,83.94996094703674
2233,4.3,5,83.97586226463318
2234,4.0,7,84.00399160385132
2235,4.6000000000000005,3,84.03042554855347
2236,3.55,10,84.06826066970825
2237,4.9,1,84.09263610839844
2238,4.6000000000000005,3,84.11690378189087
2239,4.6000000000000005,3,84.14719152450562
2240,3.4,11,84.1930079460144
2241,3.85,8,84.22824263572693
2242,-1.75,15,84.26944541931152
2243,4.75,2,84.29665350914001
2244,4.3,5,84.32796835899353
2245,4.75,2,84.35674858093262
2246,4.449999999999999,4,84.39550948143005
2247,4.6000000000000005,3,84.4253716468811
2248,4.449999999999999,4,84.45801329612732
2249,-3.3,7,84.66998052597046
2250,4.15,6,84.70927858352661
2251,4.0,7,84.74311566352844
2252,3.6999999999999997,9,84.78200769424438
2253,-1.75,15,84.83993768692017
2254,4.3,5,84.87787747383118
2255,4.449999999999999,4,84.90436816215515
2256,4.6000000000000005,3,84.93633008003235
2257,4.0,7,84.96576452255249
2258,4.15,6,85.00231385231018
2259,3.4,11,85.04242205619812
2260,4.449999999999999,4,85.07050323486328
2261,3.55,10,85.11515092849731
2262,4.75,2,85.13907146453857
2263,4.0,7,85.1695249080658
2264,-3.55,12,85.204341173172
2265,4.449999999999999,4,85.2297568321228
2266,4.6000000000000005,3,85.25329661369324
2267,4.6000000000000005,3,85.27867126464844
2268,4.75,2,85.30277848243713
2269,4.9,1,85.32586288452148
2270,4.0,7,85.35589289665222
2271,4.449999999999999,4,85.38257002830505
2272,4.75,2,85.40599942207336
2273,3.4,11,85.44608521461487
2274,4.449999999999999,4,85.47542476654053
2275,4.6000000000000005,3,85.50194597244263
2276,4.0,7,85.54353451728821
2277,4.449999999999999,4,85.5752866268158
2278,4.3,5,85.60813546180725
2279,3.6999999999999997,9,85.6444923877716
2280,4.75,2,85.6686782836914
2281,4.3,5,85.69824147224426
2282,-1.75,15,85.7457823753357
2283,3.25,12,85.78459787368774
2284,3.6999999999999997,9,85.81625628471375
2285,4.449999999999999,4,85.84629845619202
2286,3.4,11,85.88324356079102
2287,-1.75,15,85.92642521858215
2288,4.0,7,86.13966608047485
2289,4.449999999999999,4,86.16760206222534
2290,4.75,2,86.19942569732666
2291,3.6999999999999997,9,86.23554134368896
2292,4.449999999999999,4,86.26619338989258
2293,3.6999999999999997,9,86.30140256881714
2294,4.75,2,86.32771444320679
2295,3.6999999999999997,9,86.3668577671051
2296,4.75,2,86.39202761650085
2297,3.6999999999999997,9,86.4309139251709
2298,4.75,2,86.45724415779114
2299,-1.75,15,86.4996509552002
2300,4.449999999999999,4,86.53650116920471
2301,4.15,6,86.56745648384094
2302,3.55,10,86.60843753814697
2303,-3.35,8,86.63975358009338
2304,4.3,5,86.67062664031982
2305,4.449999999999999,4,86.70090937614441
2306,4.0,7,86.73288583755493
2307,3.25,12,86.76964974403381
2308,4.15,6,86.80466413497925
2309,4.0,7,86.83852744102478
2310,4.75,2,86.86132025718689
2311,3.85,8,86.89649605751038
2312,3.25,12,86.94058513641357
2313,4.449999999999999,4,86.97513151168823
2314,4.3,5,87.0023603439331
2315,3.85,8,87.03487205505371
2316,4.15,6,87.06667900085449
2317,4.449999999999999,4,87.09451913833618
2318,4.6000000000000005,3,87.11968445777893
2319,4.449999999999999,4,87.14328813552856
2320,4.449999999999999,4,87.17365312576294
2321,4.75,2,87.20398473739624
2322,4.0,7,87.23310899734497
2323,3.55,10,87.26732444763184
2324,4.75,2,87.29454064369202
2325,4.0,7,87.32250547409058
2326,3.85,8,87.3563117980957
2327,4.75,2,87.38115453720093
2328,3.85,8,87.41662049293518
2329,4.6000000000000005,3,87.44350862503052
2330,-1.75,15,87.64437103271484
2331,3.55,10,87.68529438972473
2332,4.6000000000000005,3,87.71735906600952
2333,4.3,5,87.75586032867432
2334,3.85,8,87.79851174354553
2335,4.15,6,87.83737802505493
2336,4.6000000000000005,3,87.8730092048645
2337,4.0,7,87.91545033454895
2338,4.0,7,87.96430039405823
2339,3.85,8,88.00397038459778
2340,3.55,10,88.04944562911987
2341,3.25,12,88.09368252754211
2342,4.0,7,88.13982200622559
2343,-1.75,15,88.18620204925537
2344,4.75,2,88.21292209625244
2345,4.15,6,88.24284839630127
2346,4.449999999999999,4,88.27024412155151
2347,4.449999999999999,4,88.2977306842804
2348,4.6000000000000005,3,88.3223524093628
2349,4.75,2,88.34658002853394
2350,3.55,10,88.38072228431702
2351,4.15,6,88.41128706932068
2352,4.6000000000000005,3,88.4343056678772
2353,4.0,7,88.46810698509216
2354,4.6000000000000005,3,88.49600863456726
2355,3.85,8,88.53208708763123
2356,4.6000000000000005,3,88.55915141105652
2357,3.6999999999999997,9,88.5954339504242
2358,4.6000000000000005,3,88.6186032295227
2359,4.0,7,88.65073132514954
2360,4.449999999999999,4,88.68005681037903
2361,3.55,10,88.71761345863342
2362,3.85,8,88.74988865852356
2363,-3.35,8,88.78759407997131
2364,4.15,6,88.81791615486145
2365,4.6000000000000005,3,88.84363961219788
2366,4.449999999999999,4,88.87279534339905
2367,4.6000000000000005,3,88.89976024627686
2368,3.6999999999999997,9,88.93659400939941
2369,4.3,5,88.96944093704224
2370,3.6999999999999997,9,89.16790676116943
2371,4.6000000000000005,3,89.197016954422
2372,4.15,6,89.22971177101135
2373,4.3,5,89.26338171958923
2374,-3.55,12,89.30249500274658
2375,4.3,5,89.33122658729553
2376,3.85,8,89.36371183395386
2377,4.9,1,89.38773918151855
2378,4.6000000000000005,3,89.4169647693634
2379,4.6000000000000005,3,89.45135021209717
2380,4.3,5,89.4825873374939
2381,3.4,11,89.52626037597656
2382,3.85,8,89.56173205375671
2383,4.6000000000000005,3,89.58714699745178
2384,4.3,5,89.62087440490723
2385,3.6999999999999997,9,89.6571159362793
2386,4.75,2,89.6799738407135
2387,4.75,2,89.70343542098999
2388,4.3,5,89.73693585395813
2389,3.85,8,89.77442526817322
2390,4.3,5,89.80358791351318
2391,4.15,6,89.84049105644226
2392,4.0,7,89.87376236915588
2393,4.9,1,89.89786767959595
2394,-3.3,7,89.9303708076477
2395,4.449999999999999,4,89.9650673866272
2396,4.3,5,89.99774193763733
2397,4.3,5,90.02241802215576
2398,4.75,2,90.05136823654175
2399,3.85,8,90.08088088035583
2400,4.75,2,90.10697197914124
2401,4.3,5,90.13660669326782
2402,4.75,2,90.1637351512909
2403,-1.75,15,90.21048641204834
2404,4.15,6,90.24192214012146
2405,4.3,5,90.26849794387817
2406,3.85,8,90.30880689620972
2407,4.15,6,90.34774661064148
2408,-1.75,15,90.39180970191956
2409,4.6000000000000005,3,90.4187912940979
2410,3.4,11,90.45751285552979
2411,4.15,6,90.49072241783142
2412,4.6000000000000005,3,90.51832485198975
2413,4.6000000000000005,3,90.54632759094238
2414,4.3,5,90.57763028144836
2415,4.15,6,90.7881772518158
2416,3.85,8,90.83244609832764
2417,4.449999999999999,4,90.87023854255676
2418,4.3,5,90.91188311576843
2419,4.9,1,90.9427421092987
2420,4.6000000000000005,3,90.97718048095703
2421,4.75,2,91.00649666786194
2422,3.4,11,91.04864406585693
2423,3.85,8,91.09020113945007
2424,3.55,10,91.14362144470215
2425,4.449999999999999,4,91.17779421806335
2426,4.75,2,91.2092387676239
2427,4.0,7,91.24196410179138
2428,4.6000000000000005,3,91.26827073097229
2429,4.449999999999999,4,91.295166015625
2430,-1.75,15,91.33911967277527
2431,4.6000000000000005,3,91.36672711372375
2432,4.15,6,91.39545750617981
2433,-3.45,10,91.42971658706665
2434,3.85,8,91.46125793457031
2435,4.0,7,91.4945855140686
2436,4.6000000000000005,3,91.52561902999878
2437,3.4,11,91.56399774551392
2438,4.449999999999999,4,91.59330797195435
2439,4.3,5,91.61911273002625
2440,3.4,11,91.65816569328308
2441,4.15,6,91.68832278251648
2442,4.449999999999999,4,91.71597504615784
2443,4.6000000000000005,3,91.74260210990906
2444,4.75,2,91.76647877693176
2445,3.6999999999999997,9,91.80202341079712
2446,4.6000000000000005,3,91.83010005950928
2447,4.3,5,91.86035013198853
2448,4.15,6,91.89019536972046
2449,4.6000000000000005,3,91.91873812675476
2450,-1.75,15,91.96384978294373
2451,3.85,8,91.99689865112305
2452,4.6000000000000005,3,92.02716445922852
2453,3.55,10,92.06371307373047
2454,-1.75,15,92.10602569580078
2455,3.4,11,92.30838418006897
2456,3.85,8,92.34140682220459
2457,4.75,2,92.3694314956665
2458,-1.75,15,92.41828203201294
2459,4.75,2,92.44589567184448
2460,4.449999999999999,4,92.47680258750916
2461,4.449999999999999,4,92.50288033485413
2462,4.6000000000000005,3,92.53351283073425
2463,4.3,5,92.56801080703735
2464,4.6000000000000005,3,92.59725165367126
2465,3.6999999999999997,9,92.63856482505798
2466,4.3,5,92.67788410186768
2467,4.75,2,92.70494318008423
2468,4.9,1,92.72928929328918
2469,4.75,2,92.76170873641968
2470,-3.45,10,92.80085515975952
2471,4.3,5,92.83293461799622
2472,3.6999999999999997,9,92.87462258338928
2473,4.3,5,92.90319585800171
2474,4.75,2,92.9293212890625
2475,4.6000000000000005,3,92.95483446121216
2476,4.15,6,92.98253560066223
2477,4.75,2,93.0096504688263
2478,4.3,5,93.0442636013031
2479,4.9,1,93.06566166877747
2480,3.85,8,93.10470724105835
2481,4.449999999999999,4,93.13362383842468
2482,4.3,5,93.16436457633972
2483,3.55,10,93.20001578330994
2484,4.6000000000000005,3,93.23023819923401
2485,4.9,1,93.25465273857117
2486,4.3,5,93.28982973098755
2487,4.15,6,93.31564712524414
2488,3.85,8,93.34811758995056
2489,3.55,10,93.3852059841156
2490,4.75,2,93.40937733650208
2491,4.3,5,93.43797492980957
2492,4.15,6,93.47127485275269
2493,4.6000000000000005,3,93.497403383255
2494,3.4,11,93.53814029693604
2495,4.6000000000000005,3,93.57256770133972
2496,2.9499999999999997,14,93.61756658554077
2497,4.75,2,93.64411473274231
2498,4.15,6,93.67359972000122
2499,4.6000000000000005,3,93.7002284526825
2500,4.0,7,93.73266935348511
2501,4.449999999999999,4,93.75987935066223
2502,4.3,5,93.78877472877502
2503,4.449999999999999,4,93.81542491912842
2504,4.3,5,93.8493504524231
2505,4.0,7,94.06847882270813
2506,-3.5,11,94.1111216545105
2507,4.0,7,94.1450617313385
2508,3.85,8,94.18262696266174
2509,4.0,7,94.21656894683838
2510,4.449999999999999,4,94.24643659591675
2511,3.4,11,94.29255557060242
2512,4.6000000000000005,3,94.3191556930542
2513,4.15,6,94.35412621498108
2514,4.75,2,94.37616324424744
2515,4.75,2,94.39832377433777
2516,4.75,2,94.42719721794128
2517,4.449999999999999,4,94.45951867103577
2518,4.3,5,94.49345254898071
2519,4.449999999999999,4,94.52479124069214
2520,4.15,6,94.55964779853821
2521,4.449999999999999,4,94.59116101264954
2522,4.9,1,94.61770939826965
2523,4.0,7,94.66029834747314
2524,4.449999999999999,4,94.69412422180176
2525,4.6000000000000005,3,94.7212586402893
2526,-1.75,15,94.76771235466003
2527,3.4,11,94.80874800682068
2528,4.449999999999999,4,94.83420157432556
2529,4.0,7,94.87608814239502
2530,4.6000000000000005,3,94.90000295639038
2531,4.6000000000000005,3,94.9267008304596
2532,4.6000000000000005,3,94.95253157615662
2533,4.449999999999999,4,94.98913955688477
2534,4.75,2,95.01859283447266
2535,4.75,2,95.04763841629028
2536,3.6999999999999997,9,95.08868312835693
2537,3.55,10,95.12486791610718
2538,4.6000000000000005,3,95.15815567970276
2539,3.85,8,95.19265413284302
2540,4.75,2,95.21915459632874
2541,2.9499999999999997,14,95.25992965698242
2542,4.3,5,95.29721975326538
2543,4.3,5,95.32654571533203
2544,4.3,5,95.35491681098938
2545,4.0,7,95.39198350906372
2546,-1.75,15,95.43715572357178
2547,4.15,6,95.47224068641663
2548,4.75,2,95.49974155426025
2549,4.15,6,95.6919732093811
2550,4.6000000000000005,3,95.72691369056702
2551,3.6999999999999997,9,95.76252603530884
2552,4.449999999999999,4,95.79847741127014
2553,4.3,5,95.82853174209595
2554,4.9,1,95.8526701927185
2555,4.449999999999999,4,95.88127946853638
2556,4.3,5,95.91575288772583
2557,4.3,5,95.94747424125671
2558,-3.5,11,95.98538875579834
2559,3.4,11,96.0245406627655
2560,4.3,5,96.05435109138489
2561,4.449999999999999,4,96.08333897590637
2562,4.15,6,96.112961769104
2563,4.6000000000000005,3,96.14183473587036
2564,4.9,1,96.163259267807
2565,-1.75,15,96.2070734500885
2566,-3.35,8,96.23765397071838
2567,4.15,6,96.26617741584778
2568,4.75,2,96.29545426368713
2569,4.3,5,96.32527947425842
2570,-3.1,3,96.35457253456116
2571,4.449999999999999,4,96.38218235969543
2572,4.3,5,96.40975427627563
2573,4.449999999999999,4,96.43354225158691
2574,4.3,5,96.463054895401
2575,4.449999999999999,4,96.49151587486267
2576,4.449999999999999,4,96.51951384544373
2577,3.55,10,96.56104564666748
2578,4.0,7,96.59135913848877
2579,4.15,6,96.62076330184937
2580,4.0,7,96.65151762962341
2581,4.9,1,96.67539691925049
2582,4.3,5,96.7031581401825
2583,3.85,8,96.73791217803955
2584,4.0,7,96.77114081382751
2585,4.15,6,96.80470037460327
2586,4.449999999999999,4,96.8340265750885
2587,4.15,6,96.8625340461731
2588,4.3,5,96.89288258552551
2589,3.25,12,96.93181443214417
2590,4.6000000000000005,3,96.95671033859253
2591,3.85,8,96.99350690841675
2592,4.6000000000000005,3,97.02634882926941
2593,-1.75,15,97.23475408554077
2594,-1.75,15,97.28317046165466
2595,4.449999999999999,4,97.31835222244263
2596,4.3,5,97.36065173149109
2597,3.55,10,97.40923619270325
2598,4.6000000000000005,3,97.44700384140015
2599,4.0,7,97.48672699928284
2600,4.3,5,97.51402544975281
2601,3.6999999999999997,9,97.54756450653076
2602,4.449999999999999,4,97.57647204399109
2603,4.9,1,97.60299730300903
2604,4.449999999999999,4,97.63407731056213
2605,4.6000000000000005,3,97.66300368309021
2606,3.25,12,97.70252895355225
2607,-1.75,15,97.7505247592926
2608,4.15,6,97.78687763214111
2609,4.449999999999999,4,97.81756734848022
2610,4.9,1,97.84470343589783
2611,4.75,2,97.87550950050354
2612,4.6000000000000005,3,97.90647888183594
2613,4.0,7,97.94631767272949
2614,3.55,10,97.98974299430847
2615,4.3,5,98.02242922782898
2616,3.4,11,98.0682430267334
2617,4.6000000000000005,3,98.10116004943848
2618,4.3,5,98.13215255737305
2619,4.3,5,98.16238522529602
2620,3.85,8,98.19175171852112
2621,4.6000000000000005,3,98.21813631057739
2622,4.449999999999999,4,98.24641275405884
2623,3.4,11,98.28014302253723
2624,4.75,2,98.30777144432068
2625,4.75,2,98.33305072784424
2626,4.6000000000000005,3,98.35974073410034
2627,3.25,12,98.39785480499268
2628,3.85,8,98.43331694602966
2629,3.85,8,98.46882057189941
2630,4.6000000000000005,3,98.49678063392639
2631,3.85,8,98.53273129463196
2632,4.75,2,98.56084775924683
2633,3.55,10,98.60734438896179
2634,4.75,2,98.63279390335083
2635,4.449999999999999,4,98.66616439819336
2636,4.449999999999999,4,98.69573974609375
2637,4.6000000000000005,3,98.89717292785645
2638,4.9,1,98.92348051071167
2639,4.449999999999999,4,98.95590901374817
2640,4.75,2,98.98355531692505
2641,4.449999999999999,4,99.01252698898315
2642,4.15,6,99.04518413543701
2643,4.3,5,99.07171821594238
2644,3.25,12,99.1157910823822
2645,4.75,2,99.14120650291443
2646,3.85,8,99.17057466506958
2647,4.3,5,99.19688272476196
2648,4.0,7,99.22884702682495
2649,4.6000000000000005,3,99.25591492652893
2650,4.75,2,99.2781503200531
2651,4.15,6,99.30674171447754
2652,4.3,5,99.33310341835022
2653,4.75,2,99.35720610618591
2654,4.15,6,99.38880586624146
2655,4.6000000000000005,3,99.41645193099976
2656,4.15,6,99.45100855827332
2657,4.75,2,99.48507881164551
2658,4.9,1,99.5123450756073
2659,-1.75,15,99.55493569374084
2660,4.449999999999999,4,99.58354878425598
2661,4.9,1,99.60855340957642
2662,4.75,2,99.63162994384766
2663,-1.75,15,99.68251252174377
2664,4.6000000000000005,3,99.71065783500671
2665,3.25,12,99.75299096107483
2666,4.15,6,99.78824639320374
2667,4.0,7,99.8232114315033
2668,4.75,2,99.84750270843506
2669,4.0,7,99.88391923904419
2670,4.0,7,99.92228770256042
2671,4.0,7,99.95486521720886
2672,4.6000000000000005,3,99.98097515106201
2673,4.9,1,100.00554990768433
2674,4.449999999999999,4,100.03408575057983
2675,3.25,12,100.08201265335083
2676,4.15,6,100.11852502822876
2677,3.6999999999999997,9,100.16118502616882
2678,4.3,5,100.18967032432556
2679,4.6000000000000005,3,100.21871066093445
2680,4.6000000000000005,3,100.24546313285828
2681,3.6999999999999997,9,100.27978181838989
2682,4.0,7,100.31265687942505
2683,4.15,6,100.34824991226196
2684,3.25,12,100.54524207115173
2685,3.25,12,100.58443856239319
2686,4.15,6,100.62417340278625
2687,4.15,6,100.65412640571594
2688,4.15,6,100.68996834754944
2689,-3.65,14,100.74075078964233
2690,4.75,2,100.76607131958008
2691,4.6000000000000005,3,100.79514050483704
2692,3.55,10,100.8322503566742
2693,4.3,5,100.86286473274231
2694,4.75,2,100.89160490036011
2695,4.6000000000000005,3,100.91820931434631
2696,4.6000000000000005,3,100.94684052467346
2697,3.6999999999999997,9,100.98458075523376
2698,4.6000000000000005,3,101.01233839988708
2699,4.9,1,101.03980255126953
2700,4.449999999999999,4,101.0658974647522
2701,4.6000000000000005,3,101.09152388572693
2702,3.55,10,101.13674211502075
2703,-3.15,4,101.1713490486145
2704,4.449999999999999,4,101.20750665664673
2705,4.449999999999999,4,101.24449276924133
2706,4.6000000000000005,3,101.27927613258362
2707,4.15,6,101.31922364234924
2708,3.6999999999999997,9,101.35828948020935
2709,4.15,6,101.39635109901428
2710,4.0,7,101.42711043357849
2711,4.3,5,101.47670388221741
2712,4.15,6,101.52926421165466
2713,3.6999999999999997,9,101.571524143219
2714,4.9,1,101.6031346321106
2715,4.75,2,101.6297013759613
2716,4.6000000000000005,3,101.67017722129822
2717,4.15,6,101.71011209487915
2718,4.3,5,101.74748373031616
2719,3.25,12,101.79486799240112
2720,4.0,7,101.8355643749237
2721,4.6000000000000005,3,101.86784529685974
2722,4.3,5,101.90085935592651
2723,4.75,2,101.92887330055237
2724,3.6999999999999997,9,101.96929836273193
2725,4.0,7,102.00461721420288
2726,4.449999999999999,4,102.03056311607361
2727,4.0,7,102.06785082817078
2728,3.55,10,102.11318898200989
2729,4.6000000000000005,3,102.30287742614746
2730,4.75,2,102.32393002510071
2731,3.6999999999999997,9,102.36095213890076
2732,4.0,7,102.3923110961914
2733,4.449999999999999,4,102.42360234260559
2734,4.0,7,102.46014451980591
2735,4.449999999999999,4,102.49176073074341
2736,4.6000000000000005,3,102.51821303367615
2737,4.0,7,102.54950213432312
2738,3.85,8,102.58143162727356
2739,4.3,5,102.61034321784973
2740,4.75,2,102.63193964958191
2741,4.75,2,102.66116523742676
2742,4.15,6,102.6973659992218
2743,4.15,6,102.72754693031311
2744,4.75,2,102.75950455665588
2745,3.25,12,102.80300426483154
2746,4.3,5,102.83849096298218
2747,4.3,5,102.87250804901123
2748,4.75,2,102.89911222457886
2749,4.75,2,102.92993474006653
2750,4.3,5,102.95759010314941
2751,4.9,1,102.9802610874176
2752,-1.75,15,103.02843856811523
2753,4.449999999999999,4,103.06119751930237
2754,4.75,2,103.09224939346313
2755,4.6000000000000005,3,103.12267327308655
2756,-3.35,8,103.15638279914856
2757,-3.45,10,103.19074940681458
2758,-1.75,15,103.23289918899536
2759,4.3,5,103.26661562919617
2760,4.15,6,103.30537366867065
2761,4.6000000000000005,3,103.33137392997742
2762,4.3,5,103.36515641212463
2763,4.6000000000000005,3,103.39478731155396
2764,4.3,5,103.42624950408936
2765,4.15,6,103.46335363388062
2766,4.0,7,103.50265312194824
2767,4.15,6,103.53487372398376
2768,-1.75,15,103.58931350708008
2769,3.25,12,103.63024663925171
2770,4.6000000000000005,3,103.66110301017761
2771,4.6000000000000005,3,103.68731236457825
2772,4.449999999999999,4,103.7150604724884
2773,4.75,2,103.74186611175537
2774,4.449999999999999,4,103.77163434028625
2775,3.6999999999999997,9,103.95549201965332
2776,4.75,2,103.97873854637146
2777,4.15,6,104.0094256401062
2778,4.0,7,104.04346084594727
2779,4.449999999999999,4,104.06798100471497
2780,3.55,10,104.1040301322937
2781,4.0,7,104.13797211647034
2782,4.449999999999999,4,104.16267204284668
2783,4.3,5,104.19019794464111
2784,3.6999999999999997,9,104.22390866279602
2785,4.3,5,104.25177431106567
2786,4.449999999999999,4,104.2762701511383
2787,4.6000000000000005,3,104.3049373626709
2788,4.449999999999999,4,104.3349256515503
2789,4.6000000000000005,3,104.35865068435669
2790,4.75,2,104.38607811927795
2791,4.6000000000000005,3,104.41518998146057
2792,3.55,10,104.45713257789612
2793,4.3,5,104.4884467124939
2794,3.4,11,104.53451609611511
2795,4.0,7,104.57527375221252
2796,4.75,2,104.60287737846375
2797,3.85,8,104.64196157455444
2798,4.3,5,104.67489194869995
2799,4.0,7,104.7092912197113
2800,-3.25,6,104.74422597885132
2801,4.3,5,104.77488327026367
2802,-1.75,15,104.82595896720886
2803,4.75,2,104.85300326347351
2804,4.15,6,104.88521599769592
2805,4.3,5,104.91717529296875
2806,4.6000000000000005,3,104.94618654251099
2807,3.85,8,104.98571181297302
2808,4.6000000000000005,3,105.01551580429077
2809,3.55,10,105.05533933639526
2810,3.1,13,105.09751796722412
2811,4.449999999999999,4,105.12880182266235
2812,3.85,8,105.16601872444153
2813,3.55,10,105.20524024963379
2814,4.449999999999999,4,105.23848032951355
2815,4.6000000000000005,3,105.26415824890137
2816,4.75,2,105.29372239112854
2817,4.0,7,105.3398745059967
2818,4.6000000000000005,3,105.36658024787903
2819,4.75,2,105.54874444007874
2820,4.75,2,105.57476162910461
2821,4.75,2,105.5981798171997
2822,3.85,8,105.62903428077698
2823,3.85,8,105.66629791259766
2824,4.3,5,105.69748067855835
2825,4.0,7,105.72632145881653
2826,4.15,6,105.76000237464905
2827,4.15,6,105.79208993911743
2828,-1.75,15,105.83496332168579
2829,4.449999999999999,4,105.86898231506348
2830,3.85,8,105.91040277481079
2831,3.6999999999999997,9,105.94865226745605
2832,4.0,7,105.98762249946594
2833,3.4,11,106.02298784255981
2834,4.9,1,106.04519724845886
2835,3.85,8,106.07938146591187
2836,4.6000000000000005,3,106.10386061668396
2837,4.15,6,106.13450169563293
2838,4.449999999999999,4,106.16473817825317
2839,4.9,1,106.18987798690796
2840,4.3,5,106.21582531929016
2841,4.3,5,106.24251103401184
2842,3.55,10,106.27977871894836
2843,4.3,5,106.30698204040527
2844,4.6000000000000005,3,106.33304524421692
2845,4.6000000000000005,3,106.36024618148804
2846,4.6000000000000005,3,106.39308190345764
2847,4.449999999999999,4,106.41934061050415
2848,4.15,6,106.45198154449463
2849,3.55,10,106.48992013931274
2850,4.75,2,106.51362729072571
2851,4.449999999999999,4,106.54045605659485
2852,3.6999999999999997,9,106.57992696762085
2853,3.6999999999999997,9,106.61679649353027
2854,4.6000000000000005,3,106.64661407470703
2855,4.15,6,106.67970585823059
2856,4.3,5,106.70927667617798
2857,4.15,6,106.74095797538757
2858,4.449999999999999,4,106.77116966247559
2859,4.3,5,106.80857539176941
2860,4.9,1,106.8410575389862
2861,4.449999999999999,4,106.87874388694763
2862,4.6000000000000005,3,106.90806484222412
2863,4.6000000000000005,3,106.9352457523346
2864,4.15,6,106.96835565567017
2865,4.75,2,106.99280166625977
2866,4.6000000000000005,3,107.01834344863892
2867,4.9,1,107.04746723175049
2868,4.75,2,107.07504630088806
2869,4.15,6,107.25771760940552
2870,3.4,11,107.29359912872314
2871,4.3,5,107.32035541534424
2872,4.15,6,107.35059952735901
2873,4.15,6,107.38137769699097
2874,4.6000000000000005,3,107.41159749031067
2875,-3.25,6,107.44084930419922
2876,4.449999999999999,4,107.46985840797424
2877,4.0,7,107.5041515827179
2878,4.75,2,107.54127812385559
2879,4.3,5,107.57861423492432
2880,3.6999999999999997,9,107.6105968952179
2881,4.15,6,107.64204907417297
2882,4.3,5,107.67171430587769
2883,4.6000000000000005,3,107.69522738456726
2884,3.85,8,107.72788000106812
2885,4.6000000000000005,3,107.75587296485901
2886,4.15,6,107.78617691993713
2887,4.449999999999999,4,107.82082962989807
2888,4.0,7,107.85746717453003
2889,3.6999999999999997,9,107.89946556091309
2890,4.6000000000000005,3,107.928546667099
2891,4.449999999999999,4,107.96076083183289
2892,3.85,8,107.9998242855072
2893,4.449999999999999,4,108.03296756744385
2894,4.0,7,108.07265520095825
2895,4.6000000000000005,3,108.10498595237732
2896,4.6000000000000005,3,108.13840746879578
2897,4.0,7,108.18223428726196
2898,4.0,7,108.21541738510132
2899,4.449999999999999,4,108.24787306785583
2900,4.15,6,108.2792317867279
2901,4.75,2,108.30678820610046
2902,3.85,8,108.3454852104187
2903,4.75,2,108.37239670753479
2904,4.449999999999999,4,108.40090084075928
2905,4.449999999999999,4,108.42858862876892
2906,4.6000000000000005,3,108.45760750770569
2907,4.75,2,108.48483538627625
2908,3.85,8,108.52008557319641
2909,3.25,12,108.56426572799683
2910,3.85,8,108.59888768196106
2911,4.3,5,108.63207960128784
2912,4.3,5,108.66457867622375
2913,3.6999999999999997,9,108.70163154602051
2914,4.0,7,108.73818254470825
2915,4.449999999999999,4,108.91209363937378
2916,4.3,5,108.943350315094
2917,4.0,7,108.97745251655579
2918,4.0,7,109.00947880744934
2919,2.9499999999999997,14,109.04884696006775
2920,4.6000000000000005,3,109.07696580886841
2921,4.0,7,109.10798811912537
2922,4.6000000000000005,3,109.13416600227356
2923,4.15,6,109.16889452934265
2924,3.85,8,109.20676469802856
2925,4.6000000000000005,3,109.23405456542969
2926,-1.75,15,109.27772164344788
2927,4.15,6,109.30647897720337
2928,4.449999999999999,4,109.3311779499054
2929,4.6000000000000005,3,109.35846209526062
2930,4.75,2,109.38113975524902
2931,-3.3,7,109.41065454483032
2932,4.9,1,109.43152332305908
2933,3.1,13,109.47637033462524
2934,4.15,6,109.5147066116333
2935,3.85,8,109.55395364761353
2936,3.1,13,109.59544134140015
2937,4.0,7,109.62854743003845
2938,4.449999999999999,4,109.65878534317017
2939,3.6999999999999997,9,109.69843339920044
2940,4.449999999999999,4,109.72585558891296
2941,4.75,2,109.7538845539093
2942,4.75,2,109.77759838104248
2943,4.3,5,109.80748200416565
2944,4.75,2,109.83225631713867
2945,4.449999999999999,4,109.8646388053894
2946,4.15,6,109.90109634399414
2947,3.6999999999999997,9,109.93720436096191
2948,4.15,6,109.97074103355408
2949,3.6999999999999997,9,110.01036953926086
2950,4.75,2,110.04385042190552
2951,4.6000000000000005,3,110.07335543632507
2952,4.6000000000000005,3,110.09887051582336
2953,4.75,2,110.12469387054443
2954,4.0,7,110.15793442726135
2955,3.85,8,110.18891263008118
2956,4.449999999999999,4,110.21359014511108
2957,4.15,6,110.25088691711426
2958,4.0,7,110.28901529312134
2959,4.6000000000000005,3,110.47148895263672
2960,4.75,2,110.50155305862427
2961,3.25,12,110.55689525604248
2962,4.15,6,110.59306955337524
2963,3.6999999999999997,9,110.62931990623474
2964,4.0,7,110.65862202644348
2965,3.6999999999999997,9,110.6977686882019
2966,4.6000000000000005,3,110.7257719039917
2967,4.9,1,110.75561881065369
2968,4.6000000000000005,3,110.78073024749756
2969,4.15,6,110.8142511844635
2970,4.6000000000000005,3,110.84298086166382
2971,4.6000000000000005,3,110.87051677703857
2972,4.6000000000000005,3,110.89689707756042
2973,-1.75,15,110.94131064414978
2974,3.55,10,110.97860503196716
2975,4.3,5,111.00805926322937
2976,3.85,8,111.04306173324585
2977,3.4,11,111.0793707370758
2978,4.15,6,111.1126708984375
2979,4.75,2,111.13929224014282
2980,4.449999999999999,4,111.17276620864868
2981,4.6000000000000005,3,111.20627546310425
2982,4.449999999999999,4,111.23972296714783
2983,3.55,10,111.2793517112732
2984,4.75,2,111.30537247657776
2985,4.6000000000000005,3,111.34057211875916
2986,4.75,2,111.3701114654541
2987,4.0,7,111.41447615623474
2988,4.3,5,111.44752383232117
2989,4.9,1,111.47403979301453
2990,4.75,2,111.50600814819336
2991,4.0,7,111.55027198791504
2992,4.449999999999999,4,111.5883162021637
2993,4.15,6,111.6204879283905
2994,3.6999999999999997,9,111.66307520866394
2995,3.6999999999999997,9,111.7006824016571
2996,4.6000000000000005,3,111.73040270805359
2997,4.0,7,111.76341152191162
2998,3.85,8,111.79650115966797
2999,4.6000000000000005,3,111.82714819908142
3000,4.9,1,111.85828399658203
3001,4.75,2,111.88188362121582
3002,4.9,1,111.9034571647644
3003,3.85,8,111.93934655189514
3004,3.6999999999999997,9,111.97341966629028
3005,3.6999999999999997,9,112.00688862800598
3006,4.6000000000000005,3,112.17161774635315
3007,4.0,7,112.20601725578308
3008,4.449999999999999,4,112.2346510887146
3009,4.449999999999999,4,112.26197004318237
3010,4.6000000000000005,3,112.29032611846924
3011,4.75,2,112.31607699394226
3012,4.6000000000000005,3,112.34249782562256
3013,4.15,6,112.37081050872803
3014,4.449999999999999,4,112.39583230018616
3015,3.6999999999999997,9,112.4298689365387
3016,4.449999999999999,4,112.45675420761108
3017,4.449999999999999,4,112.48209476470947
3018,4.15,6,112.5132622718811
3019,4.0,7,112.54706168174744
3020,4.3,5,112.57896828651428
3021,3.6999999999999997,9,112.61320495605469
3022,4.3,5,112.64193367958069
3023,4.449999999999999,4,112.6687171459198
3024,4.3,5,112.70058512687683
3025,4.15,6,112.73316144943237
3026,-1.75,15,112.783944606781
3027,4.449999999999999,4,112.81364703178406
3028,4.15,6,112.85195636749268
3029,4.0,7,112.8851752281189
3030,4.75,2,112.91073441505432
3031,4.6000000000000005,3,112.94254302978516
3032,4.3,5,112.98680973052979
3033,4.15,6,113.03016948699951
3034,3.4,11,113.07637071609497
3035,4.75,2,113.1021409034729
3036,4.6000000000000005,3,113.1310772895813
3037,3.6999999999999997,9,113.17322444915771
3038,-1.75,15,113.22809338569641
3039,4.449999999999999,4,113.25836157798767
3040,3.25,12,113.29961705207825
3041,-1.75,15,113.34527111053467
3042,4.75,2,113.37661910057068
3043,4.6000000000000005,3,113.41035223007202
3044,4.6000000000000005,3,113.43423986434937
3045,3.6999999999999997,9,113.46910643577576
3046,3.4,11,113.50817728042603
3047,4.449999999999999,4,113.53386354446411
3048,3.85,8,113.71458029747009
3049,4.75,2,113.7418098449707
3050,4.75,2,113.76838254928589
3051,4.6000000000000005,3,113.79707407951355
3052,-1.75,15,113.8395516872406
3053,-1.75,15,113.88309359550476
3054,4.15,6,113.91897964477539
3055,4.75,2,113.94463634490967
3056,4.9,1,113.97227692604065
3057,4.75,2,113.99820327758789
3058,4.0,7,114.03120112419128
3059,3.85,8,114.06504201889038
3060,-3.45,10,114.10443639755249
3061,4.3,5,114.13025832176208
3062,4.449999999999999,4,114.15737342834473
3063,4.449999999999999,4,114.19168519973755
3064,-3.25,6,114.22144818305969
3065,4.15,6,114.2610809803009
3066,4.9,1,114.28832840919495
3067,4.3,5,114.31571006774902
3068,4.6000000000000005,3,114.34406065940857
3069,4.6000000000000005,3,114.37673807144165
3070,3.25,12,114.42480969429016
3071,4.6000000000000005,3,114.45541191101074
3072,4.449999999999999,4,114.48892617225647
3073,4.15,6,114.52656149864197
3074,3.4,11,114.5767776966095
3075,4.75,2,114.6025505065918
3076,4.3,5,114.63753867149353
3077,3.6999999999999997,9,114.67940139770508
3078,-3.2,5,114.71223974227905
3079,4.449999999999999,4,114.74366044998169
3080,4.0,7,114.78052830696106
3081,-3.6,13,114.82917928695679
3082,4.15,6,114.86112213134766
3083,3.55,10,114.90265369415283
3084,4.15,6,114.93246102333069
3085,3.6999999999999997,9,114.96989583969116
3086,4.449999999999999,4,114.99676847457886
3087,4.449999999999999,4,115.025954246521
3088,4.3,5,115.05400776863098
3089,4.449999999999999,4,115.08155512809753
3090,-3.1,3,115.10689854621887
3091,4.3,5,115.13772678375244
3092,4.6000000000000005,3,115.16333174705505
3093,4.0,7,115.33847641944885
3094,3.25,12,115.37764716148376
3095,4.0,7,115.41044592857361
3096,-3.2,5,115.43909001350403
3097,4.3,5,115.46773076057434
3098,4.0,7,115.50119543075562
3099,4.0,7,115.5320794582367
3100,4.6000000000000005,3,115.55904722213745
3101,4.75,2,115.58113861083984
3102,-3.3,7,115.61370897293091
3103,3.55,10,115.6481122970581
3104,-3.4,9,115.69072914123535
3105,4.449999999999999,4,115.722407579422
3106,4.9,1,115.74510407447815
3107,4.15,6,115.77613592147827
3108,4.6000000000000005,3,115.80122327804565
3109,4.9,1,115.82396841049194
3110,4.9,1,115.84765386581421
3111,4.75,2,115.8761579990387
3112,3.55,10,115.91991209983826
3113,3.55,10,115.95660972595215
3114,-1.75,15,116.0044093132019
3115,3.55,10,116.0408673286438
3116,4.15,6,116.07152986526489
3117,4.15,6,116.1005277633667
3118,4.75,2,116.12569093704224
3119,4.3,5,116.16228413581848
3120,3.6999999999999997,9,116.1965320110321
3121,4.3,5,116.22817492485046
3122,4.3,5,116.26051783561707
3123,3.55,10,116.31140303611755
3124,4.449999999999999,4,116.34320759773254
3125,4.6000000000000005,3,116.37335729598999
3126,4.9,1,116.40777945518494
3127,4.9,1,116.4320478439331
3128,-1.75,15,116.48259711265564
3129,4.6000000000000005,3,116.51080846786499
3130,4.6000000000000005,3,116.53455400466919
3131,4.15,6,116.56286573410034
3132,4.3,5,116.59819459915161
3133,3.55,10,116.6383171081543
3134,4.449999999999999,4,116.66324281692505
3135,4.75,2,116.69121932983398
3136,4.75,2,116.71804451942444
3137,4.15,6,116.75741577148438
3138,-3.3,7,116.92478108406067
3139,4.75,2,116.9480493068695
3140,3.25,12,116.98463273048401
3141,4.3,5,117.01765704154968
3142,3.4,11,117.05690288543701
3143,3.85,8,117.09174680709839
3144,4.3,5,117.11826086044312
3145,4.3,5,117.14935207366943
3146,4.15,6,117.18157029151917
3147,4.9,1,117.20465564727783
3148,4.15,6,117.23300576210022
3149,4.449999999999999,4,117.2623884677887
3150,-1.75,15,117.30870270729065
3151,4.75,2,117.33080840110779
3152,4.449999999999999,4,117.35862112045288
3153,4.6000000000000005,3,117.38707327842712
3154,4.9,1,117.41138362884521
3155,4.75,2,117.43806314468384
3156,4.6000000000000005,3,117.46377348899841
3157,4.3,5,117.49975776672363
3158,4.75,2,117.52965807914734
3159,4.6000000000000005,3,117.5625524520874
3160,4.75,2,117.59651398658752
3161,4.6000000000000005,3,117.6277871131897
3162,3.1,13,117.67610239982605
3163,3.85,8,117.71104383468628
3164,4.0,7,117.74491262435913
3165,-1.75,15,117.79110932350159
3166,4.75,2,117.8176782131195
3167,4.6000000000000005,3,117.84788227081299
3168,4.6000000000000005,3,117.87642002105713
3169,-1.75,15,117.93274092674255
3170,4.6000000000000005,3,117.96232032775879
3171,4.75,2,117.9918282032013
3172,4.449999999999999,4,118.02169346809387
3173,4.75,2,118.047034740448
3174,4.6000000000000005,3,118.0757884979248
3175,4.449999999999999,4,118.10751247406006
3176,4.15,6,118.14324522018433
3177,3.85,8,118.18258762359619
3178,3.4,11,118.22648811340332
3179,4.6000000000000005,3,118.25370597839355
3180,4.449999999999999,4,118.28378438949585
3181,4.449999999999999,4,118.31359004974365
3182,3.25,12,118.35136294364929
3183,4.3,5,118.3806414604187
3184,4.15,6,118.55045366287231
3185,4.449999999999999,4,118.57630705833435
3186,4.9,1,118.60118269920349
3187,3.85,8,118.63812375068665
3188,3.25,12,118.68164944648743
3189,3.6999999999999997,9,118.71871209144592
3190,3.85,8,118.75047874450684
3191,3.6999999999999997,9,118.78817248344421
3192,4.3,5,118.81806254386902
3193,4.449999999999999,4,118.84708642959595
3194,4.449999999999999,4,118.88099956512451
3195,4.3,5,118.909836769104
3196,4.6000000000000005,3,118.93688106536865
3197,4.75,2,118.96337032318115
3198,4.449999999999999,4,118.99232578277588
3199,4.6000000000000005,3,119.02031517028809
3200,4.6000000000000005,3,119.05015158653259
3201,4.9,1,119.07673120498657
3202,3.6999999999999997,9,119.11396169662476
3203,4.9,1,119.14267325401306
3204,4.3,5,119.1774537563324
3205,4.6000000000000005,3,119.20780611038208
3206,4.6000000000000005,3,119.23207545280457
3207,-3.3,7,119.26364755630493
3208,4.75,2,119.29109859466553
3209,4.6000000000000005,3,119.31862235069275
3210,4.6000000000000005,3,119.34466862678528
3211,4.449999999999999,4,119.37394785881042
3212,4.0,7,119.40582871437073
3213,4.0,7,119.44195461273193
3214,4.3,5,119.47112774848938
3215,4.0,7,119.5047652721405
3216,4.75,2,119.52681732177734
3217,3.55,10,119.56020855903625
3218,3.55,10,119.5946536064148
3219,4.75,2,119.62259316444397
3220,4.3,5,119.65337586402893
3221,4.449999999999999,4,119.68496751785278
3222,4.6000000000000005,3,119.70965766906738
3223,4.6000000000000005,3,119.74023532867432
3224,4.15,6,119.76786470413208
3225,4.6000000000000005,3,119.79450726509094
3226,4.0,7,119.83169364929199
3227,4.3,5,119.86222457885742
3228,4.75,2,119.88619303703308
3229,4.75,2,119.91033625602722
3230,4.75,2,119.93416786193848
3231,4.449999999999999,4,119.96277379989624
3232,4.75,2,119.9895007610321
3233,4.75,2,120.01197600364685
3234,4.15,6,120.05272722244263
3235,4.75,2,120.07917428016663
3236,4.3,5,120.10897850990295
3237,4.15,6,120.14119982719421
3238,-1.75,15,120.32964372634888
3239,4.6000000000000005,3,120.35817122459412
3240,4.3,5,120.38761639595032
3241,4.9,1,120.41089391708374
3242,4.449999999999999,4,120.43921756744385
3243,4.0,7,120.47803044319153
3244,4.75,2,120.50561714172363
3245,4.449999999999999,4,120.53275227546692
3246,4.449999999999999,4,120.56369638442993
3247,4.6000000000000005,3,120.59093809127808
3248,4.6000000000000005,3,120.6179130077362
3249,4.6000000000000005,3,120.64709854125977
3250,3.25,12,120.69534420967102
3251,4.0,7,120.73720693588257
3252,4.6000000000000005,3,120.76927852630615
3253,3.6999999999999997,9,120.80580878257751
3254,4.449999999999999,4,120.83324670791626
3255,4.3,5,120.86218070983887
3256,4.0,7,120.90383529663086
3257,4.75,2,120.92787408828735
3258,3.55,10,120.97069239616394
3259,-1.75,15,121.02350568771362
3260,4.449999999999999,4,121.06120324134827
3261,4.0,7,121.1039297580719
3262,4.449999999999999,4,121.13622045516968
3263,4.6000000000000005,3,121.16248202323914
3264,4.6000000000000005,3,121.1906476020813
3265,4.15,6,121.22526574134827
3266,4.3,5,121.26125311851501
3267,4.449999999999999,4,121.2927176952362
3268,4.449999999999999,4,121.32096719741821
3269,4.449999999999999,4,121.34757399559021
3270,-1.75,15,121.39859080314636
3271,4.75,2,121.43251466751099
3272,4.3,5,121.46289205551147
3273,4.15,6,121.49366474151611
3274,4.3,5,121.5262713432312
3275,4.3,5,121.55722713470459
3276,4.449999999999999,4,121.58226656913757
3277,-1.75,15,121.62475991249084
3278,3.85,8,121.65929174423218
3279,3.6999999999999997,9,121.69110083580017
3280,-1.75,15,121.7337384223938
3281,4.6000000000000005,3,121.75926470756531
3282,4.0,7,121.94552445411682
3283,-3.35,8,121.97914528846741
3284,4.15,6,122.00912165641785
3285,4.75,2,122.04291939735413
3286,4.75,2,122.07061433792114
3287,4.6000000000000005,3,122.09514284133911
3288,4.9,1,122.12048316001892
3289,4.6000000000000005,3,122.14603853225708
3290,4.15,6,122.18001008033752
3291,4.75,2,122.20706796646118
3292,4.15,6,122.23793506622314
3293,4.449999999999999,4,122.26397752761841
3294,4.449999999999999,4,122.29146981239319
3295,4.0,7,122.32653760910034
3296,-3.1,3,122.35634732246399
3297,4.3,5,122.38912749290466
3298,4.15,6,122.4233169555664
3299,3.25,12,122.46097755432129
3300,4.3,5,122.4935474395752
3301,4.449999999999999,4,122.5290629863739
3302,-3.15,4,122.5584225654602
3303,4.3,5,122.59156656265259
3304,4.9,1,122.61721134185791
3305,4.75,2,122.64650058746338
3306,4.449999999999999,4,122.67675185203552
3307,4.449999999999999,4,122.70730543136597
3308,4.9,1,122.73084282875061
3309,4.15,6,122.75994181632996
3310,4.449999999999999,4,122.78550052642822
3311,4.75,2,122.8116626739502
3312,4.449999999999999,4,122.8409378528595
3313,4.75,2,122.86643767356873
3314,4.75,2,122.89028549194336
3315,4.449999999999999,4,122.91899704933167
3316,4.6000000000000005,3,122.94510817527771
3317,3.6999999999999997,9,122.9822769165039
3318,4.3,5,123.01433372497559
3319,4.449999999999999,4,123.04287457466125
3320,4.75,2,123.07543087005615
3321,3.1,13,123.11490392684937
3322,4.15,6,123.15133333206177
3323,4.15,6,123.18305277824402
3324,3.6999999999999997,9,123.21835327148438
3325,4.6000000000000005,3,123.24609899520874
3326,-1.75,15,123.29149532318115
3327,4.15,6,123.32495021820068
3328,4.6000000000000005,3,123.35501432418823
3329,3.25,12,123.4045000076294
3330,4.3,5,123.43581247329712
3331,4.75,2,123.46859931945801
3332,4.449999999999999,4,123.4954047203064
3333,4.449999999999999,4,123.52449321746826
3334,4.9,1,123.54572343826294
3335,4.449999999999999,4,123.5745017528534
3336,3.6999999999999997,9,123.75331735610962
3337,4.75,2,123.78494882583618
3338,4.3,5,123.81592988967896
3339,4.9,1,123.84146642684937
3340,4.9,1,123.8680989742279
3341,4.449999999999999,4,123.89970135688782
3342,4.449999999999999,4,123.93911671638489
3343,4.75,2,123.96362590789795
3344,-1.75,15,124.01861238479614
3345,4.3,5,124.04965543746948
3346,4.449999999999999,4,124.07735180854797
3347,4.9,1,124.10307836532593
3348,4.6000000000000005,3,124.13028073310852
3349,4.6000000000000005,3,124.1594591140747
3350,4.75,2,124.18565702438354
3351,4.6000000000000005,3,124.21726965904236
3352,4.449999999999999,4,124.24780368804932
3353,-1.75,15,124.29177761077881
3354,4.0,7,124.32131862640381
3355,3.6999999999999997,9,124.35743117332458
3356,4.75,2,124.38085865974426
3357,4.9,1,124.40207839012146
3358,4.3,5,124.4302728176117
3359,4.0,7,124.46180367469788
3360,4.6000000000000005,3,124.49009037017822
3361,3.55,10,124.52516460418701
3362,4.3,5,124.55691647529602
3363,4.9,1,124.58139753341675
3364,4.6000000000000005,3,124.61606812477112
3365,4.3,5,124.65277647972107
3366,4.0,7,124.69298362731934
3367,-3.25,6,124.72331142425537
3368,4.6000000000000005,3,124.75120639801025
3369,-1.75,15,124.80624675750732
3370,3.4,11,124.85451531410217
3371,3.55,10,124.8962984085083
3372,3.4,11,124.93675971031189
3373,3.4,11,124.9771077632904
3374,4.3,5,125.00617527961731
3375,4.3,5,125.04006266593933
3376,4.75,2,125.06591248512268
3377,4.15,6,125.09678053855896
3378,4.75,2,125.1233332157135
3379,4.6000000000000005,3,125.14618682861328
3380,4.3,5,125.17570614814758
3381,3.6999999999999997,9,125.20996904373169
3382,4.3,5,125.23707747459412
3383,4.3,5,125.42231106758118
3384,4.449999999999999,4,125.45739960670471
3385,4.3,5,125.4839870929718
3386,4.75,2,125.51206398010254
3387,4.3,5,125.54341197013855
3388,4.75,2,125.56904625892639
3389,4.15,6,125.60410261154175
3390,4.3,5,125.63768434524536
3391,4.3,5,125.67068076133728
3392,4.75,2,125.70132517814636
3393,4.15,6,125.73969388008118
3394,3.85,8,125.77774786949158
3395,4.6000000000000005,3,125.80535316467285
3396,4.75,2,125.83095598220825
3397,4.449999999999999,4,125.86149477958679
3398,4.3,5,125.89613103866577
3399,4.9,1,125.92106509208679
3400,3.85,8,125.9532721042633
3401,4.449999999999999,4,125.97980666160583
3402,4.9,1,126.0075044631958
3403,4.9,1,126.03207921981812
3404,4.15,6,126.06360411643982
3405,3.25,12,126.10247540473938
3406,4.3,5,126.13133120536804
3407,3.6999999999999997,9,126.1640145778656
3408,4.6000000000000005,3,126.1897644996643
3409,-1.75,15,126.23059797286987
3410,-1.75,15,126.27307963371277
3411,4.6000000000000005,3,126.29548931121826
3412,4.75,2,126.32113671302795
3413,4.3,5,126.35327506065369
3414,4.75,2,126.37820553779602
3415,4.15,6,126.41575312614441
3416,-3.45,10,126.45637440681458
3417,-1.75,15,126.49751782417297
3418,4.15,6,126.5303955078125
3419,4.15,6,126.56345701217651
3420,4.449999999999999,4,126.59420585632324
3421,4.6000000000000005,3,126.62288904190063
3422,3.1,13,126.6690137386322
3423,3.25,12,126.70869946479797
3424,4.449999999999999,4,126.73690915107727
3425,3.4,11,126.77421307563782
3426,3.55,10,126.99106907844543
3427,4.6000000000000005,3,127.02620053291321
3428,4.75,2,127.0577232837677
3429,4.449999999999999,4,127.08835077285767
3430,3.85,8,127.12337350845337
3431,4.0,7,127.15727400779724
3432,4.3,5,127.19030046463013
3433,4.6000000000000005,3,127.21640515327454
3434,-1.75,15,127.26166224479675
3435,4.449999999999999,4,127.29072570800781
3436,4.3,5,127.31949090957642
3437,4.3,5,127.35018873214722
3438,3.55,10,127.39228701591492
3439,4.6000000000000005,3,127.41765880584717
3440,4.75,2,127.44186472892761
3441,4.449999999999999,4,127.46896314620972
3442,4.3,5,127.49605751037598
3443,3.55,10,127.52891564369202
3444,4.0,7,127.56193804740906
3445,3.85,8,127.59813666343689
3446,4.75,2,127.62489223480225
3447,4.6000000000000005,3,127.65260457992554
3448,4.0,7,127.68265342712402
3449,4.0,7,127.71542167663574
3450,3.6999999999999997,9,127.75044417381287
3451,4.75,2,127.77466464042664
3452,4.0,7,127.80900526046753
3453,3.4,11,127.85078310966492
3454,3.1,13,127.89676284790039
3455,4.75,2,127.9233865737915
3456,3.6999999999999997,9,127.96282982826233
3457,4.9,1,127.98792433738708
3458,3.6999999999999997,9,128.02750897407532
3459,4.3,5,128.0661005973816
3460,4.449999999999999,4,128.1033420562744
3461,4.75,2,128.13602757453918
3462,4.6000000000000005,3,128.16563367843628
3463,4.15,6,128.19919180870056
3464,-1.75,15,128.24102210998535
3465,4.449999999999999,4,128.26915550231934
3466,4.449999999999999,4,128.29823303222656
3467,4.449999999999999,4,128.32346630096436
3468,4.75,2,128.34756422042847
3469,4.3,5,128.3765151500702
3470,4.9,1,128.40170621871948
3471,4.6000000000000005,3,128.42676162719727
3472,3.4,11,128.61991047859192
3473,3.4,11,128.6614909172058
3474,3.25,12,128.7053153514862
3475,4.3,5,128.74095344543457
3476,4.449999999999999,4,128.78107237815857
3477,4.449999999999999,4,128.8239336013794
3478,4.3,5,128.858651638031
3479,4.0,7,128.89702987670898
3480,4.3,5,128.92647218704224
3481,3.25,12,128.96734809875488
3482,4.449999999999999,4,128.99436974525452
3483,4.75,2,129.0201461315155
3484,3.25,12,129.05790042877197
3485,4.75,2,129.0841348171234
3486,4.6000000000000005,3,129.11211729049683
3487,4.0,7,129.14557552337646
3488,4.75,2,129.16890001296997
3489,4.75,2,129.19085025787354
3490,4.6000000000000005,3,129.2204020023346
3491,4.15,6,129.24709272384644
3492,-1.75,15,129.2900629043579
3493,4.15,6,129.32985043525696
3494,4.449999999999999,4,129.35729026794434
3495,4.3,5,129.39008259773254
3496,4.6000000000000005,3,129.41972541809082
3497,4.6000000000000005,3,129.44565272331238
3498,3.4,11,129.48357009887695
3499,4.15,6,129.51386857032776
3500,-3.25,6,129.54340028762817
3501,4.9,1,129.56962323188782
3502,4.6000000000000005,3,129.5938639640808
3503,4.449999999999999,4,129.6254940032959
3504,4.449999999999999,4,129.65173077583313
3505,3.55,10,129.6866216659546
3506,4.3,5,129.71632480621338
3507,4.449999999999999,4,129.74458718299866
3508,4.449999999999999,4,129.77800011634827
3509,4.75,2,129.80822587013245
3510,4.6000000000000005,3,129.8349952697754
3511,-1.75,15,129.87657070159912
3512,4.6000000000000005,3,129.90289688110352
3513,4.449999999999999,4,129.93453788757324
3514,4.449999999999999,4,129.97051286697388
3515,4.15,6,130.00277423858643
3516,4.3,5,130.032705783844
3517,4.449999999999999,4,130.2217869758606
3518,4.9,1,130.24860835075378
3519,4.15,6,130.2881896495819
3520,4.449999999999999,4,130.326406955719
3521,4.3,5,130.35687613487244
3522,4.449999999999999,4,130.38545727729797
3523,4.15,6,130.42236423492432
3524,4.9,1,130.45287442207336
3525,4.449999999999999,4,130.4886772632599
3526,3.25,12,130.53471636772156
3527,-1.75,15,130.5773205757141
3528,4.6000000000000005,3,130.60420632362366
3529,4.15,6,130.6370553970337
3530,4.15,6,130.66946053504944
3531,-1.75,15,130.72384929656982
3532,-1.75,15,130.77028703689575
3533,4.15,6,130.80099391937256
3534,4.449999999999999,4,130.8293387889862
3535,3.6999999999999997,9,130.8685257434845
3536,4.0,7,130.90154218673706
3537,3.4,11,130.94096517562866
3538,-1.75,15,130.9855124950409
3539,4.6000000000000005,3,131.01358008384705
3540,4.75,2,131.04045224189758
3541,4.6000000000000005,3,131.06463384628296
3542,4.449999999999999,4,131.09205508232117
3543,3.6999999999999997,9,131.12568283081055
3544,4.449999999999999,4,131.15302538871765
3545,3.85,8,131.18559575080872
3546,4.6000000000000005,3,131.21160793304443
3547,4.3,5,131.24353313446045
3548,4.6000000000000005,3,131.26902723312378
3549,4.0,7,131.30401372909546
3550,4.449999999999999,4,131.33360648155212
3551,3.85,8,131.36861562728882
3552,3.85,8,131.4100661277771
3553,4.449999999999999,4,131.43823623657227
3554,4.3,5,131.4666428565979
3555,4.0,7,131.50117921829224
3556,-3.35,8,131.53528213500977
3557,4.449999999999999,4,131.57188868522644
3558,3.85,8,131.7626793384552
3559,4.449999999999999,4,131.79561042785645
3560,4.6000000000000005,3,131.8261604309082
3561,4.0,7,131.86269760131836
3562,4.75,2,131.89022994041443
3563,4.0,7,131.93350672721863
3564,4.75,2,131.9582154750824
3565,4.449999999999999,4,131.98702597618103
3566,4.9,1,132.01189422607422
3567,4.15,6,132.04515528678894
3568,4.3,5,132.07653617858887
3569,4.3,5,132.10897517204285
3570,3.55,10,132.14856815338135
3571,4.15,6,132.19000911712646
3572,4.3,5,132.21974062919617
3573,4.3,5,132.2495310306549
3574,3.4,11,132.28431677818298
3575,4.6000000000000005,3,132.31395602226257
3576,3.6999999999999997,9,132.34943175315857
3577,3.85,8,132.3827874660492
3578,4.75,2,132.40621399879456
3579,4.75,2,132.43087244033813
3580,4.75,2,132.45875716209412
3581,4.3,5,132.4871964454651
3582,4.3,5,132.51632523536682
3583,4.449999999999999,4,132.54389572143555
3584,4.9,1,132.56847143173218
3585,4.6000000000000005,3,132.59323477745056
3586,4.15,6,132.62242698669434
3587,4.9,1,132.6461992263794
3588,4.15,6,132.67621278762817
3589,4.75,2,132.701434135437
3590,-3.15,4,132.72778272628784
3591,4.15,6,132.75831484794617
3592,4.75,2,132.78486561775208
3593,4.15,6,132.81930828094482
3594,4.3,5,132.85363864898682
3595,4.0,7,132.88517570495605
3596,4.449999999999999,4,132.91489362716675
3597,3.85,8,132.94449543952942
3598,4.9,1,132.96723675727844
3599,4.6000000000000005,3,132.99655103683472
3600,4.75,2,133.0348563194275
3601,3.25,12,133.07076692581177
3602,4.75,2,133.09625005722046
3603,4.3,5,133.12664651870728
3604,4.9,1,133.1517457962036
3605,-3.3,7,133.18757796287537
3606,3.6999999999999997,9,133.22448134422302
3607,4.449999999999999,4,133.25658345222473
3608,3.25,12,133.30907082557678
3609,3.85,8,133.5136911869049
3610,3.55,10,133.55840349197388
3611,4.3,5,133.5894331932068
3612,3.55,10,133.62881731987
3613,4.15,6,133.65963196754456
3614,4.6000000000000005,3,133.68620824813843
3615,4.0,7,133.72287511825562
3616,3.85,8,133.75600457191467
3617,3.25,12,133.79458141326904
3618,4.0,7,133.82548117637634
3619,4.15,6,133.85295057296753
3620,4.15,6,133.88213467597961
3621,4.6000000000000005,3,133.9089686870575
3622,4.15,6,133.945383310318
3623,4.6000000000000005,3,133.97682642936707
3624,3.4,11,134.01944303512573
3625,4.75,2,134.04436326026917
3626,4.6000000000000005,3,134.0721173286438
3627,4.449999999999999,4,134.10252499580383
3628,4.0,7,134.13478088378906
3629,4.75,2,134.16159391403198
3630,4.449999999999999,4,134.18903017044067
3631,4.6000000000000005,3,134.21458840370178
3632,4.9,1,134.23783659934998
3633,4.3,5,134.26693439483643
3634,4.0,7,134.29946208000183
3635,4.15,6,134.33113431930542
3636,3.25,12,134.3716917037964
3637,4.449999999999999,4,134.39972758293152
3638,4.3,5,134.42912006378174
3639,3.55,10,134.4677333831787
3640,4.15,6,134.50244188308716
3641,4.3,5,134.5407440662384
3642,3.55,10,134.5839557647705
3643,4.449999999999999,4,134.61239337921143
3644,4.15,6,134.6475019454956
3645,4.75,2,134.6758759021759
3646,4.75,2,134.70513463020325
3647,4.3,5,134.74155235290527
3648,4.0,7,134.78195571899414
3649,4.15,6,134.81498908996582
3650,3.55,10,134.86008262634277
3651,3.6999999999999997,9,134.89833402633667
3652,3.85,8,135.111346244812
3653,4.75,2,135.1423180103302
3654,4.6000000000000005,3,135.17322945594788
3655,4.15,6,135.21001482009888
3656,3.55,10,135.25332975387573
3657,3.55,10,135.29228687286377
3658,4.75,2,135.316308259964
3659,4.15,6,135.3495752811432
3660,3.4,11,135.38823795318604
3661,4.15,6,135.41866397857666
3662,4.3,5,135.45058250427246
3663,4.6000000000000005,3,135.47585606575012
3664,4.6000000000000005,3,135.50726008415222
3665,4.6000000000000005,3,135.54224562644958
3666,4.449999999999999,4,135.56978273391724
3667,4.3,5,135.60543012619019
3668,4.449999999999999,4,135.63761019706726
3669,4.449999999999999,4,135.66946530342102
3670,4.15,6,135.70657753944397
3671,4.3,5,135.7428002357483
3672,4.6000000000000005,3,135.78184747695923
3673,4.449999999999999,4,135.81740379333496
3674,3.55,10,135.85823702812195
3675,4.0,7,135.89529085159302
3676,4.449999999999999,4,135.92725086212158
3677,4.0,7,135.96319389343262
3678,3.6999999999999997,9,136.0045087337494
3679,4.449999999999999,4,136.03786873817444
3680,3.55,10,136.08642292022705
3681,4.0,7,136.1170723438263
3682,4.6000000000000005,3,136.14176988601685
3683,-1.75,15,136.18484592437744
3684,3.4,11,136.2272343635559
3685,3.55,10,136.26593899726868
3686,3.25,12,136.31280088424683
3687,4.6000000000000005,3,136.33926916122437
3688,4.6000000000000005,3,136.36614108085632
3689,4.3,5,136.39599800109863
3690,4.3,5,136.43842720985413
3691,3.6999999999999997,9,136.48096108436584
3692,4.449999999999999,4,136.51043558120728
3693,4.15,6,136.54435777664185
3694,4.3,5,136.74617266654968
3695,4.75,2,136.77389073371887
3696,4.3,5,136.8054358959198
3697,4.75,2,136.83199071884155
3698,4.75,2,136.85672044754028
3699,3.25,12,136.90304851531982
3700,4.449999999999999,4,136.93240427970886
3701,4.6000000000000005,3,136.958557844162
3702,4.0,7,136.99096179008484
3703,-1.75,15,137.033549785614
3704,4.75,2,137.05988883972168
3705,3.55,10,137.09522247314453
3706,4.15,6,137.12640976905823
3707,4.3,5,137.15457129478455
3708,4.6000000000000005,3,137.17978382110596
3709,4.6000000000000005,3,137.2042624950409
3710,4.6000000000000005,3,137.22891569137573
3711,4.6000000000000005,3,137.2538869380951
3712,4.3,5,137.2810869216919
3713,4.15,6,137.3158130645752
3714,-1.75,15,137.36264181137085
3715,4.449999999999999,4,137.38884687423706
3716,4.9,1,137.4185130596161
3717,4.15,6,137.45166969299316
3718,4.6000000000000005,3,137.48275470733643
3719,3.1,13,137.5276792049408
3720,4.6000000000000005,3,137.55631399154663
3721,3.85,8,137.60100722312927
3722,2.9499999999999997,14,137.64511036872864
3723,4.0,7,137.67693400382996
3724,3.4,11,137.71193838119507
3725,4.3,5,137.74251246452332
3726,4.3,5,137.77082920074463
3727,4.15,6,137.80238008499146
3728,4.0,7,137.83971190452576
3729,4.0,7,137.87766242027283
3730,4.449999999999999,4,137.90670657157898
3731,4.3,5,137.93948936462402
3732,3.6999999999999997,9,137.98393559455872
3733,4.0,7,138.02542781829834
3734,4.449999999999999,4,138.0601556301117
3735,4.3,5,138.093079328537
3736,4.75,2,138.12265539169312
3737,4.3,5,138.16096663475037
3738,3.4,11,138.37041592597961
3739,3.55,10,138.40597534179688
3740,4.6000000000000005,3,138.4299557209015
3741,3.25,12,138.47341871261597
3742,4.6000000000000005,3,138.5080382823944
3743,4.6000000000000005,3,138.53577709197998
3744,3.4,11,138.5709662437439
3745,4.449999999999999,4,138.59557056427002
3746,4.0,7,138.62614226341248
3747,4.6000000000000005,3,138.6494915485382
3748,4.6000000000000005,3,138.67379474639893
3749,3.85,8,138.71173453330994
3750,4.6000000000000005,3,138.73927688598633
3751,4.6000000000000005,3,138.76612997055054
3752,3.55,10,138.80748510360718
3753,-1.75,15,138.87026143074036
3754,4.0,7,138.90952038764954
3755,4.75,2,138.9396300315857
3756,4.3,5,138.98367071151733
3757,4.449999999999999,4,139.01979279518127
3758,4.6000000000000005,3,139.05284786224365
3759,3.6999999999999997,9,139.092360496521
3760,4.15,6,139.13501119613647
3761,4.6000000000000005,3,139.17141032218933
3762,4.15,6,139.2052445411682
3763,4.6000000000000005,3,139.23892617225647
3764,4.449999999999999,4,139.2653453350067
3765,4.75,2,139.29028582572937
3766,4.449999999999999,4,139.31679844856262
3767,4.3,5,139.34863328933716
3768,4.449999999999999,4,139.37373781204224
3769,3.6999999999999997,9,139.41181182861328
3770,4.75,2,139.4403202533722
3771,4.449999999999999,4,139.4768500328064
3772,4.0,7,139.51201057434082
3773,-1.75,15,139.56277418136597
3774,4.0,7,139.5981137752533
3775,4.75,2,139.62572598457336
3776,-3.05,2,139.65140414237976
3777,4.449999999999999,4,139.68031454086304
3778,4.75,2,139.70939230918884
3779,4.0,7,139.747407913208
3780,3.6999999999999997,9,139.78203964233398
3781,4.15,6,139.8134684562683
3782,3.55,10,140.02792716026306
3783,4.449999999999999,4,140.05469012260437
3784,4.0,7,140.08564496040344
3785,3.6999999999999997,9,140.12169861793518
3786,-1.75,15,140.16476726531982
3787,4.9,1,140.18841409683228
3788,4.15,6,140.22077679634094
3789,4.15,6,140.248619556427
3790,4.6000000000000005,3,140.27266144752502
3791,4.15,6,140.30336451530457
3792,3.55,10,140.3407325744629
3793,4.449999999999999,4,140.37003445625305
3794,3.85,8,140.40503692626953
3795,4.75,2,140.43145322799683
3796,4.0,7,140.4671652317047
3797,4.3,5,140.4952621459961
3798,4.6000000000000005,3,140.52215099334717
3799,4.449999999999999,4,140.5519244670868
3800,4.6000000000000005,3,140.58232140541077
3801,4.449999999999999,4,140.61437487602234
3802,4.6000000000000005,3,140.6441514492035
3803,3.55,10,140.68494248390198
3804,4.3,5,140.71467804908752
3805,4.75,2,140.7412302494049
3806,3.55,10,140.78471994400024
3807,4.6000000000000005,3,140.810200214386
3808,4.3,5,140.83959698677063
3809,4.15,6,140.8707356452942
3810,4.449999999999999,4,140.8998007774353
3811,4.6000000000000005,3,140.92765307426453
3812,3.85,8,140.97650599479675
3813,4.75,2,141.0074062347412
3814,3.4,11,141.04865789413452
3815,4.75,2,141.08125472068787
3816,3.4,11,141.1197919845581
3817,3.85,8,141.1551923751831
3818,3.55,10,141.19236516952515
3819,4.6000000000000005,3,141.22217893600464
3820,4.3,5,141.25846242904663
3821,4.6000000000000005,3,141.29699778556824
3822,4.3,5,141.3315887451172
3823,4.449999999999999,4,141.37081813812256
3824,4.449999999999999,4,141.40605115890503
3825,4.449999999999999,4,141.44341897964478
3826,4.6000000000000005,3,141.47535705566406
3827,4.15,6,141.51853466033936
3828,4.75,2,141.54489588737488
3829,4.15,6,141.72178077697754
3830,4.449999999999999,4,141.75692176818848
3831,3.85,8,141.7912106513977
3832,3.85,8,141.82357692718506
3833,4.3,5,141.85110473632812
3834,4.75,2,141.87314772605896
3835,4.75,2,141.89707374572754
3836,-1.75,15,141.94146704673767
3837,4.6000000000000005,3,141.9720401763916
3838,4.75,2,142.0031967163086
3839,-3.45,10,142.04092454910278
3840,4.3,5,142.0725257396698
3841,4.449999999999999,4,142.10675716400146
3842,4.6000000000000005,3,142.13829851150513
3843,4.6000000000000005,3,142.16976022720337
3844,4.6000000000000005,3,142.1986107826233
3845,4.75,2,142.22506165504456
3846,4.9,1,142.24649262428284
3847,4.6000000000000005,3,142.2741494178772
3848,4.6000000000000005,3,142.30568194389343
3849,4.15,6,142.33942103385925
3850,4.15,6,142.3717713356018
3851,4.0,7,142.40642952919006
3852,4.6000000000000005,3,142.43186163902283
3853,4.3,5,142.46248054504395
3854,4.0,7,142.50065326690674
3855,4.15,6,142.53740525245667
3856,4.0,7,142.58107352256775
3857,4.6000000000000005,3,142.61173057556152
3858,4.3,5,142.64936208724976
3859,4.449999999999999,4,142.67631196975708
3860,4.449999999999999,4,142.70661425590515
3861,4.449999999999999,4,142.73722743988037
3862,4.6000000000000005,3,142.76409792900085
3863,3.25,12,142.80874872207642
3864,4.449999999999999,4,142.8405556678772
3865,4.3,5,142.8741898536682
3866,4.75,2,142.90623378753662
3867,4.75,2,142.9404740333557
3868,3.6999999999999997,9,142.98966670036316
3869,4.449999999999999,4,143.02298307418823
3870,-3.15,4,143.05687999725342
3871,4.15,6,143.08968901634216
3872,4.15,6,143.12119889259338
3873,4.449999999999999,4,143.15205597877502
3874,4.3,5,143.1811327934265
3875,4.75,2,143.20760536193848
3876,4.0,7,143.2406928539276
3877,3.4,11,143.28060960769653
3878,4.75,2,143.30396556854248
3879,3.4,11,143.3476278781891
3880,4.449999999999999,4,143.53368163108826
3881,4.15,6,143.56471395492554
3882,4.9,1,143.59476733207703
3883,4.75,2,143.61866402626038
3884,4.3,5,143.65163707733154
3885,3.55,10,143.68780970573425
3886,4.449999999999999,4,143.71878242492676
3887,4.9,1,143.74074411392212
3888,-1.75,15,143.78781986236572
3889,4.0,7,143.82190799713135
3890,4.0,7,143.85495781898499
3891,-1.75,15,143.90176796913147
3892,3.85,8,143.9478042125702
3893,4.0,7,143.9851794242859
3894,4.449999999999999,4,144.01289081573486
3895,4.6000000000000005,3,144.04231667518616
3896,-1.75,15,144.08654022216797
3897,-1.75,15,144.12783861160278
3898,4.9,1,144.15256762504578
3899,-3.15,4,144.17900323867798
3900,4.3,5,144.20998859405518
3901,4.9,1,144.23584246635437
3902,4.15,6,144.26804280281067
3903,4.15,6,144.29970908164978
3904,4.6000000000000005,3,144.33202600479126
3905,-1.75,15,144.37660551071167
3906,4.9,1,144.3999891281128
3907,4.75,2,144.42492270469666
3908,3.55,10,144.4720582962036
3909,4.3,5,144.50673532485962
3910,4.6000000000000005,3,144.53655099868774
3911,-1.75,15,144.58682584762573
3912,4.6000000000000005,3,144.61894726753235
3913,4.449999999999999,4,144.65753078460693
3914,4.75,2,144.69296836853027
3915,4.3,5,144.7306785583496
3916,4.0,7,144.766437292099
3917,4.3,5,144.79752016067505
3918,4.75,2,144.8228988647461
3919,3.4,11,144.86316323280334
3920,4.75,2,144.89221620559692
3921,4.449999999999999,4,144.92472648620605
3922,4.75,2,144.95383954048157
3923,4.75,2,144.98411798477173
3924,4.3,5,145.17125129699707
3925,3.55,10,145.2063307762146
3926,4.449999999999999,4,145.2345585823059
3927,4.449999999999999,4,145.2583692073822
3928,3.6999999999999997,9,145.29165029525757
3929,-1.75,15,145.33445262908936
3930,4.3,5,145.3627450466156
3931,3.85,8,145.4052894115448
3932,3.55,10,145.45043396949768
3933,4.6000000000000005,3,145.4804925918579
3934,4.3,5,145.51315903663635
3935,4.75,2,145.54062294960022
3936,3.6999999999999997,9,145.57405424118042
3937,4.449999999999999,4,145.60173678398132
3938,4.15,6,145.62975358963013
3939,4.3,5,145.659019947052
3940,4.75,2,145.68731713294983
3941,4.449999999999999,4,145.71494340896606
3942,4.75,2,145.73846530914307
3943,4.0,7,145.77105116844177
3944,4.449999999999999,4,145.8023715019226
3945,4.9,1,145.82537698745728
3946,4.3,5,145.85845637321472
3947,4.3,5,145.89274644851685
3948,4.75,2,145.92454552650452
3949,4.3,5,145.95498132705688
3950,4.15,6,145.99785828590393
3951,4.75,2,146.02434968948364
3952,-3.2,5,146.05822896957397
3953,4.9,1,146.08556056022644
3954,-1.75,15,146.13472723960876
3955,4.9,1,146.1689636707306
3956,3.6999999999999997,9,146.20403289794922
3957,4.3,5,146.2426598072052
3958,4.9,1,146.27322554588318
3959,4.0,7,146.3080244064331
3960,4.3,5,146.33708786964417
3961,3.85,8,146.36905932426453
3962,3.25,12,146.40794396400452
3963,4.15,6,146.4377338886261
3964,4.15,6,146.477436542511
3965,-1.75,15,146.52223348617554
3966,4.6000000000000005,3,146.5550501346588
3967,4.449999999999999,4,146.58477807044983
3968,3.6999999999999997,9,146.78424215316772
3969,4.3,5,146.8136248588562
3970,4.6000000000000005,3,146.8436861038208
3971,-1.75,15,146.89169549942017
3972,4.3,5,146.9221212863922
3973,4.9,1,146.94861388206482
3974,4.75,2,146.98031330108643
3975,4.0,7,147.02175331115723
3976,4.6000000000000005,3,147.0508360862732
3977,4.75,2,147.07677340507507
3978,4.6000000000000005,3,147.10697484016418
3979,4.449999999999999,4,147.13639974594116
3980,4.0,7,147.1680462360382
3981,4.3,5,147.19707584381104
3982,4.449999999999999,4,147.22506165504456
3983,4.3,5,147.2508065700531
3984,3.85,8,147.28676414489746
3985,4.6000000000000005,3,147.31586050987244
3986,4.75,2,147.34967184066772
3987,3.4,11,147.38849020004272
3988,4.449999999999999,4,147.4214482307434
3989,4.75,2,147.44266772270203
3990,4.0,7,147.48206663131714
3991,4.75,2,147.50731468200684
3992,4.75,2,147.535053730011
3993,3.55,10,147.57589864730835
3994,4.75,2,147.60887479782104
3995,4.6000000000000005,3,147.63711786270142
3996,3.6999999999999997,9,147.6756100654602
3997,4.3,5,147.70777821540833
3998,4.15,6,147.74356603622437
3999,4.449999999999999,4,147.77873349189758
4000,3.4,11,147.82488012313843
4001,4.15,6,147.85598754882812
4002,2.9499999999999997,14,147.89932918548584
4003,-3.3,7,147.9288718700409
4004,4.449999999999999,4,147.9545967578888
4005,4.6000000000000005,3,147.9824457168579
4006,4.3,5,148.01166415214539
4007,4.6000000000000005,3,148.04269528388977
4008,4.3,5,148.07285499572754
4009,3.85,8,148.11367678642273
4010,4.75,2,148.14272785186768
4011,4.9,1,148.17032527923584
4012,4.0,7,148.2026481628418
4013,4.449999999999999,4,148.23163676261902
4014,3.85,8,148.26802444458008
4015,3.6999999999999997,9,148.30289769172668
4016,4.6000000000000005,3,148.32660937309265
4017,3.6999999999999997,9,148.50233101844788
4018,4.15,6,148.54014492034912
4019,4.6000000000000005,3,148.56875729560852
4020,4.0,7,148.60011506080627
4021,4.15,6,148.6327474117279
4022,4.15,6,148.66621708869934
4023,3.85,8,148.70142078399658
4024,4.15,6,148.73273086547852
4025,4.75,2,148.75678277015686
4026,4.6000000000000005,3,148.7845377922058
4027,-1.75,15,148.83025550842285
4028,4.15,6,148.87096762657166
4029,4.3,5,148.90791273117065
4030,4.9,1,148.93490886688232
4031,4.449999999999999,4,148.96998572349548
4032,4.6000000000000005,3,149.00090503692627
4033,4.15,6,149.03463077545166
4034,4.6000000000000005,3,149.06385207176208
4035,4.75,2,149.09228897094727
4036,3.4,11,149.13506412506104
4037,4.449999999999999,4,149.17259168624878
4038,4.15,6,149.2122139930725
4039,4.3,5,149.2417733669281
4040,4.6000000000000005,3,149.26827716827393
4041,3.85,8,149.30579113960266
4042,4.3,5,149.34169173240662
4043,4.6000000000000005,3,149.37306308746338
4044,4.3,5,149.40522813796997
4045,3.6999999999999997,9,149.4398365020752
4046,4.75,2,149.46993446350098
4047,4.3,5,149.4996953010559
4048,4.449999999999999,4,149.52698397636414
4049,-1.75,15,149.5715000629425
4050,4.6000000000000005,3,149.59451270103455
4051,4.9,1,149.61684393882751
4052,3.85,8,149.6479208469391
4053,4.3,5,149.67419147491455
4054,4.75,2,149.70217084884644
4055,4.75,2,149.7265784740448
4056,4.3,5,149.75719022750854
4057,3.25,12,149.79519510269165
4058,4.0,7,149.82798981666565
4059,4.6000000000000005,3,149.85302019119263
4060,4.449999999999999,4,149.88451147079468
4061,4.3,5,149.91131448745728
4062,4.3,5,149.93993592262268
4063,4.0,7,149.97508883476257
4064,4.6000000000000005,3,150.1441628932953
4065,3.6999999999999997,9,150.1773819923401
4066,3.55,10,150.21404910087585
4067,4.15,6,150.24318408966064
4068,4.449999999999999,4,150.26974892616272
4069,4.6000000000000005,3,150.29283833503723
4070,4.15,6,150.32218050956726
4071,3.85,8,150.35947227478027
4072,4.75,2,150.38772058486938
4073,4.75,2,150.41346335411072
4074,4.0,7,150.45127058029175
4075,4.3,5,150.47860980033875
4076,4.0,7,150.51112723350525
4077,4.75,2,150.5408194065094
4078,3.4,11,150.58706736564636
4079,4.15,6,150.61953711509705
4080,4.0,7,150.65349459648132
4081,3.1,13,150.70232677459717
4082,3.55,10,150.7486174106598
4083,3.25,12,150.7905695438385
4084,3.6999999999999997,9,150.8318727016449
4085,4.6000000000000005,3,150.8585295677185
4086,3.6999999999999997,9,150.89499592781067
4087,4.3,5,150.9302957057953
4088,4.6000000000000005,3,150.96062707901
4089,4.75,2,150.98597288131714
4090,3.6999999999999997,9,151.01833152770996
4091,3.6999999999999997,9,151.05199432373047
4092,4.6000000000000005,3,151.08183789253235
4093,4.0,7,151.11349749565125
4094,4.3,5,151.14176440238953
4095,4.6000000000000005,3,151.167875289917
4096,4.3,5,151.19518971443176
4097,3.6999999999999997,9,151.2270007133484
4098,4.449999999999999,4,151.2534613609314
4099,4.6000000000000005,3,151.28058218955994
4100,4.449999999999999,4,151.3083701133728
4101,3.6999999999999997,9,151.34465098381042
4102,4.9,1,151.3695673942566
4103,4.6000000000000005,3,151.40144276618958
4104,4.9,1,151.42539763450623
4105,4.449999999999999,4,151.4579954147339
4106,4.449999999999999,4,151.48896861076355
4107,4.9,1,151.51314091682434
4108,-1.75,15,151.72220182418823
4109,4.15,6,151.76152420043945
4110,4.6000000000000005,3,151.7911262512207
4111,4.3,5,151.82240676879883
4112,4.15,6,151.85423064231873
4113,4.75,2,151.8820140361786
4114,4.0,7,151.91155338287354
4115,4.3,5,151.94109797477722
4116,4.75,2,151.96346068382263
4117,-1.75,15,152.01040148735046
4118,4.15,6,152.03966641426086
4119,3.85,8,152.07727932929993
4120,3.85,8,152.1199028491974
4121,4.449999999999999,4,152.1515052318573
4122,4.3,5,152.18373465538025
4123,4.0,7,152.21779417991638
4124,4.6000000000000005,3,152.24302434921265
4125,4.6000000000000005,3,152.27186369895935
4126,4.9,1,152.30088710784912
4127,3.85,8,152.3352108001709
4128,4.6000000000000005,3,152.36080598831177
4129,3.6999999999999997,9,152.40268898010254
4130,3.6999999999999997,9,152.44147419929504
4131,4.6000000000000005,3,152.47312784194946
4132,4.449999999999999,4,152.50862908363342
4133,4.9,1,152.53479504585266
4134,4.75,2,152.5600140094757
4135,4.449999999999999,4,152.5942816734314
4136,4.15,6,152.62549495697021
4137,4.0,7,152.66453456878662
4138,4.15,6,152.69604539871216
4139,3.55,10,152.73372840881348
4140,4.3,5,152.76345348358154
4141,4.15,6,152.79156589508057
4142,4.3,5,152.81864523887634
4143,4.0,7,152.85147714614868
4144,4.3,5,152.87947988510132
4145,4.15,6,152.91049075126648
4146,4.449999999999999,4,152.94077706336975
4147,4.6000000000000005,3,152.9697458744049
4148,4.3,5,153.00222206115723
4149,4.0,7,153.03418278694153
4150,4.75,2,153.05839657783508
4151,4.3,5,153.0867736339569
4152,4.75,2,153.1115584373474
4153,4.449999999999999,4,153.1436948776245
4154,4.6000000000000005,3,153.17507243156433
4155,4.9,1,153.19714832305908
4156,-1.75,15,153.38627576828003
4157,4.449999999999999,4,153.4165985584259
4158,4.15,6,153.44345211982727
4159,4.449999999999999,4,153.47534728050232
4160,4.449999999999999,4,153.50129652023315
4161,4.75,2,153.523375749588
4162,4.6000000000000005,3,153.55600237846375
4163,4.3,5,153.59180974960327
4164,4.75,2,153.62096977233887
4165,4.6000000000000005,3,153.6523494720459
4166,-1.75,15,153.70525431632996
4167,4.75,2,153.73250770568848
4168,4.6000000000000005,3,153.76543998718262
4169,4.6000000000000005,3,153.7930338382721
4170,4.0,7,153.82527875900269
4171,4.449999999999999,4,153.86046028137207
4172,4.6000000000000005,3,153.88945817947388
4173,4.449999999999999,4,153.918030500412
4174,4.6000000000000005,3,153.9516682624817
4175,3.85,8,153.99205541610718
4176,3.4,11,154.031081199646
4177,4.3,5,154.06575727462769
4178,4.6000000000000005,3,154.09702944755554
4179,4.6000000000000005,3,154.12841248512268
4180,3.25,12,154.17957210540771
4181,3.85,8,154.21150159835815
4182,4.449999999999999,4,154.23883152008057
4183,4.3,5,154.26764249801636
4184,4.75,2,154.29340529441833
4185,4.9,1,154.31622505187988
4186,4.449999999999999,4,154.34781670570374
4187,4.15,6,154.3776412010193
4188,4.3,5,154.4062385559082
4189,4.6000000000000005,3,154.43618321418762
4190,4.3,5,154.46382761001587
4191,3.4,11,154.50356197357178
4192,-1.75,15,154.54811549186707
4193,4.0,7,154.5833923816681
4194,4.75,2,154.6054768562317
4195,4.449999999999999,4,154.6345453262329
4196,4.449999999999999,4,154.66572642326355
4197,3.4,11,154.70765352249146
4198,4.449999999999999,4,154.74395990371704
4199,3.4,11,154.78928303718567
4200,3.85,8,154.82892394065857
4201,4.6000000000000005,3,154.86078000068665
4202,4.3,5,154.89040088653564
4203,3.6999999999999997,9,155.09328269958496
4204,3.4,11,155.13395142555237
4205,3.4,11,155.17082238197327
4206,-3.3,7,155.1999053955078
4207,4.15,6,155.23298859596252
4208,4.449999999999999,4,155.2575135231018
4209,4.75,2,155.28212118148804
4210,4.0,7,155.31594562530518
4211,4.449999999999999,4,155.3492293357849
4212,3.6999999999999997,9,155.38772463798523
4213,3.85,8,155.4270577430725
4214,4.3,5,155.45518565177917
4215,4.15,6,155.49056577682495
4216,4.75,2,155.52134156227112
4217,-3.2,5,155.5529956817627
4218,4.449999999999999,4,155.58640909194946
4219,4.6000000000000005,3,155.61274790763855
4220,4.6000000000000005,3,155.64046263694763
4221,4.0,7,155.67202806472778
4222,4.449999999999999,4,155.70002150535583
4223,4.6000000000000005,3,155.725891828537
4224,4.15,6,155.76635217666626
4225,4.6000000000000005,3,155.79050135612488
4226,4.449999999999999,4,155.81894946098328
4227,4.6000000000000005,3,155.84225964546204
4228,3.55,10,155.8812177181244
4229,4.6000000000000005,3,155.91578483581543
4230,4.9,1,155.94552206993103
4231,4.449999999999999,4,155.9756736755371
4232,4.6000000000000005,3,156.00421977043152
4233,4.3,5,156.03070306777954
4234,-3.25,6,156.0590717792511
4235,4.449999999999999,4,156.0897581577301
4236,4.6000000000000005,3,156.1226737499237
4237,4.3,5,156.15065026283264
4238,4.0,7,156.18360948562622
4239,4.449999999999999,4,156.20860815048218
4240,4.6000000000000005,3,156.23427844047546
4241,4.3,5,156.2608938217163
4242,4.6000000000000005,3,156.28391027450562
4243,4.75,2,156.3074517250061
4244,4.3,5,156.33551931381226
4245,4.3,5,156.36684203147888
4246,3.6999999999999997,9,156.40069580078125
4247,4.15,6,156.43379545211792
4248,3.4,11,156.48043203353882
4249,4.449999999999999,4,156.51234889030457
4250,3.4,11,156.5523111820221
4251,4.6000000000000005,3,156.58473587036133
4252,4.75,2,156.60945582389832
4253,4.0,7,156.79217100143433
4254,-3.05,2,156.8209946155548
4255,4.15,6,156.8529303073883
4256,4.15,6,156.8873152732849
4257,4.3,5,156.91980934143066
4258,4.6000000000000005,3,156.95140743255615
4259,4.0,7,156.98582291603088
4260,4.3,5,157.01857781410217
4261,3.25,12,157.06034660339355
4262,4.6000000000000005,3,157.09226608276367
4263,4.9,1,157.11819314956665
4264,4.75,2,157.14254188537598
4265,-1.75,15,157.18937158584595
4266,-1.75,15,157.23145270347595
4267,3.55,10,157.26546144485474
4268,3.55,10,157.30059790611267
4269,3.4,11,157.33851027488708
4270,3.6999999999999997,9,157.37264752388
4271,4.15,6,157.40437006950378
4272,3.85,8,157.44324707984924
4273,4.75,2,157.4707851409912
4274,-3.1,3,157.49602913856506
4275,4.449999999999999,4,157.5223364830017
4276,4.75,2,157.55042004585266
4277,4.15,6,157.58120369911194
4278,4.3,5,157.61013007164001
4279,3.55,10,157.6481442451477
4280,4.449999999999999,4,157.67598223686218
4281,3.4,11,157.71887612342834
4282,4.15,6,157.75140833854675
4283,3.6999999999999997,9,157.7889120578766
4284,3.25,12,157.83050060272217
4285,4.0,7,157.8630518913269
4286,4.6000000000000005,3,157.88786149024963
4287,4.6000000000000005,3,157.9182529449463
4288,3.55,10,157.95630764961243
4289,3.25,12,157.9970896244049
4290,-1.75,15,158.21832823753357
4291,4.3,5,158.25514459609985
4292,4.6000000000000005,3,158.27868103981018
4293,4.0,7,158.3084626197815
4294,4.449999999999999,4,158.3357961177826
4295,4.75,2,158.36518597602844
4296,4.3,5,158.40756607055664
4297,-1.75,15,158.4574887752533
4298,4.15,6,158.49740052223206
4299,4.9,1,158.52636432647705
4300,4.3,5,158.55934119224548
4301,3.4,11,158.60569763183594
4302,4.75,2,158.63565635681152
4303,4.15,6,158.67051219940186
4304,4.6000000000000005,3,158.7044780254364
4305,4.449999999999999,4,158.7331850528717
4306,3.85,8,158.76769089698792
4307,4.75,2,158.79910588264465
4308,4.6000000000000005,3,158.83141160011292
4309,3.1,13,158.88747811317444
4310,4.75,2,158.92049098014832
4311,4.9,1,158.94526982307434
4312,-1.75,15,158.99154567718506
4313,4.449999999999999,4,159.02108883857727
4314,4.0,7,159.06230974197388
4315,4.15,6,159.0956482887268
4316,3.25,12,159.1455569267273
4317,4.75,2,159.1722810268402
4318,-1.75,15,159.21545910835266
4319,3.6999999999999997,9,159.2483410835266
4320,3.55,10,159.28416657447815
4321,3.6999999999999997,9,159.31595635414124
4322,4.9,1,159.3387610912323
4323,4.449999999999999,4,159.37050867080688
4324,4.15,6,159.40279626846313
4325,4.75,2,159.43366622924805
4326,4.6000000000000005,3,159.46463537216187
4327,3.85,8,159.50120902061462
4328,4.75,2,159.52280259132385
4329,4.9,1,159.54837465286255
4330,4.6000000000000005,3,159.572895526886
4331,4.15,6,159.60515475273132
4332,4.449999999999999,4,159.63246965408325
4333,3.25,12,159.80305814743042
4334,3.4,11,159.84806060791016
4335,4.75,2,159.87108397483826
4336,4.9,1,159.89464688301086
4337,4.0,7,159.9277787208557
4338,3.4,11,159.97136163711548
4339,4.6000000000000005,3,160.0045988559723
4340,4.6000000000000005,3,160.03141856193542
4341,4.15,6,160.06280422210693
4342,4.3,5,160.09585738182068
4343,4.15,6,160.1271448135376
4344,4.75,2,160.1523244380951
4345,4.449999999999999,4,160.18094730377197
4346,4.9,1,160.20460104942322
4347,4.6000000000000005,3,160.23074460029602
4348,3.55,10,160.26591110229492
4349,3.4,11,160.30777263641357
4350,4.449999999999999,4,160.33996677398682
4351,4.3,5,160.37106680870056
4352,4.0,7,160.40673446655273
4353,4.75,2,160.4373815059662
4354,4.75,2,160.46164441108704
4355,4.3,5,160.4948799610138
4356,4.6000000000000005,3,160.52378511428833
4357,4.6000000000000005,3,160.55440998077393
4358,4.15,6,160.5891773700714
4359,4.3,5,160.6216266155243
4360,3.55,10,160.66323804855347
4361,3.85,8,160.698344707489
4362,4.0,7,160.73535323143005
4363,3.1,13,160.78002381324768
4364,4.15,6,160.8076651096344
4365,3.85,8,160.84109473228455
4366,4.75,2,160.86548018455505
4367,4.3,5,160.89205527305603
4368,4.6000000000000005,3,160.91849851608276
4369,4.6000000000000005,3,160.94351410865784
4370,4.6000000000000005,3,160.97285985946655
4371,-1.75,15,161.02508115768433
4372,3.4,11,161.0697410106659
4373,4.449999999999999,4,161.09511017799377
4374,4.6000000000000005,3,161.12035059928894
4375,4.6000000000000005,3,161.14580464363098
4376,3.4,11,161.18924140930176
4377,4.3,5,161.2218050956726
4378,4.15,6,161.25445246696472
4379,3.6999999999999997,9,161.4463496208191
4380,4.75,2,161.47194981575012
4381,4.449999999999999,4,161.50292134284973
4382,4.449999999999999,4,161.5326759815216
4383,4.6000000000000005,3,161.56557178497314
4384,4.449999999999999,4,161.597261428833
4385,3.4,11,161.64229440689087
4386,3.1,13,161.6863944530487
4387,4.75,2,161.7184488773346
4388,4.9,1,161.74087047576904
4389,4.6000000000000005,3,161.7677366733551
4390,4.449999999999999,4,161.7966504096985
4391,4.15,6,161.82942295074463
4392,4.75,2,161.8555145263672
4393,3.6999999999999997,9,161.890230178833
4394,-1.75,15,161.9341013431549
4395,4.449999999999999,4,161.96493077278137
4396,4.6000000000000005,3,161.988383769989
4397,4.449999999999999,4,162.0205273628235
4398,3.25,12,162.0583896636963
4399,4.3,5,162.08901572227478
4400,4.3,5,162.12762093544006
4401,3.85,8,162.16574239730835
4402,4.6000000000000005,3,162.1899573802948
4403,4.6000000000000005,3,162.21603322029114
4404,-1.75,15,162.25913429260254
4405,3.85,8,162.2948305606842
4406,4.15,6,162.3290479183197
4407,3.85,8,162.36761331558228
4408,4.9,1,162.39064812660217
4409,4.15,6,162.42162251472473
4410,3.85,8,162.45334768295288
4411,4.3,5,162.48331928253174
4412,4.75,2,162.50610327720642
4413,4.75,2,162.53416895866394
4414,-3.25,6,162.56672883033752
4415,4.9,1,162.59015798568726
4416,-1.75,15,162.6374273300171
4417,4.449999999999999,4,162.66761255264282
4418,4.75,2,162.69491934776306
4419,4.75,2,162.72160148620605
4420,2.9499999999999997,14,162.7669322490692
4421,3.6999999999999997,9,162.80164647102356
4422,3.25,12,162.9858283996582
4423,3.6999999999999997,9,163.01817226409912
4424,4.3,5,163.05073809623718
4425,4.75,2,163.08187627792358
4426,-1.75,15,163.13243317604065
4427,3.1,13,163.17372822761536
4428,4.6000000000000005,3,163.19852924346924
4429,4.3,5,163.2292139530182
4430,-1.75,15,163.27617621421814
4431,3.55,10,163.31332755088806
4432,3.55,10,163.3551766872406
4433,4.6000000000000005,3,163.38468623161316
4434,4.449999999999999,4,163.4137442111969
4435,4.6000000000000005,3,163.4361047744751
4436,4.6000000000000005,3,163.46917700767517
4437,3.4,11,163.5137174129486
4438,4.75,2,163.53954982757568
4439,-1.75,15,163.5978660583496
4440,3.25,12,163.64260530471802
4441,4.6000000000000005,3,163.669282913208
4442,3.4,11,163.7074315547943
4443,4.449999999999999,4,163.73657822608948
4444,3.85,8,163.77398347854614
4445,4.3,5,163.80452728271484
4446,4.3,5,163.83184909820557
4447,4.6000000000000005,3,163.8588252067566
4448,4.15,6,163.88944935798645
4449,4.3,5,163.92057180404663
4450,3.55,10,163.95764064788818
4451,3.85,8,163.98935437202454
4452,4.449999999999999,4,164.01823472976685
4453,4.6000000000000005,3,164.04216408729553
4454,3.55,10,164.08155846595764
4455,4.75,2,164.10880637168884
4456,4.75,2,164.13575530052185
4457,4.6000000000000005,3,164.16138195991516
4458,4.0,7,164.1957128047943
4459,4.6000000000000005,3,164.22818660736084
4460,4.449999999999999,4,164.25328278541565
4461,4.6000000000000005,3,164.43142342567444
4462,3.85,8,164.46323251724243
4463,4.15,6,164.49310493469238
4464,4.3,5,164.52579402923584
4465,3.4,11,164.56868386268616
4466,4.449999999999999,4,164.59727120399475
4467,4.75,2,164.626615524292
4468,4.449999999999999,4,164.65842032432556
4469,4.9,1,164.686936378479
4470,3.25,12,164.73737716674805
4471,4.9,1,164.7650637626648
4472,4.449999999999999,4,164.80140495300293
4473,4.449999999999999,4,164.8335943222046
4474,4.0,7,164.86736345291138
4475,3.55,10,164.91360807418823
4476,3.6999999999999997,9,164.9526686668396
4477,4.75,2,164.98707675933838
4478,4.75,2,165.0167543888092
4479,4.3,5,165.04846954345703
4480,4.3,5,165.07952761650085
4481,3.25,12,165.1286084651947
4482,3.6999999999999997,9,165.17013216018677
4483,3.85,8,165.2107675075531
4484,4.449999999999999,4,165.23993706703186
4485,4.449999999999999,4,165.26861476898193
4486,3.6999999999999997,9,165.30143094062805
4487,-1.75,15,165.3520050048828
4488,4.15,6,165.383371591568
4489,4.75,2,165.40644001960754
4490,3.6999999999999997,9,165.4415521621704
4491,4.15,6,165.47097897529602
4492,3.6999999999999997,9,165.50544357299805
4493,4.75,2,165.53914642333984
4494,4.75,2,165.56925296783447
4495,4.449999999999999,4,165.59631872177124
4496,4.15,6,165.62698316574097
4497,4.449999999999999,4,165.65176701545715
4498,4.15,6,165.6813759803772
4499,4.9,1,165.7059724330902
4500,4.6000000000000005,3,165.73269605636597
4501,4.3,5,165.76021003723145
4502,4.15,6,165.7984607219696
4503,4.0,7,165.83455562591553
4504,3.85,8,165.87107133865356
4505,4.6000000000000005,3,165.90084648132324
4506,4.6000000000000005,3,165.92689847946167
4507,4.449999999999999,4,166.09851169586182
4508,4.449999999999999,4,166.1259729862213
4509,4.75,2,166.1560423374176
4510,4.0,7,166.18796515464783
4511,4.75,2,166.21520566940308
4512,4.75,2,166.24320268630981
4513,4.3,5,166.2768578529358
4514,4.75,2,166.29942727088928
4515,4.449999999999999,4,166.32882809638977
4516,3.85,8,166.3679141998291
4517,4.6000000000000005,3,166.39693212509155
4518,4.15,6,166.42884159088135
4519,4.449999999999999,4,166.46408343315125
4520,4.3,5,166.50089836120605
4521,4.9,1,166.52793407440186
4522,4.449999999999999,4,166.5582504272461
4523,3.85,8,166.5935389995575
4524,4.15,6,166.62496876716614
4525,4.9,1,166.65201044082642
4526,4.6000000000000005,3,166.68215823173523
4527,3.85,8,166.71797609329224
4528,4.6000000000000005,3,166.74366164207458
4529,-1.75,15,166.78516745567322
4530,4.15,6,166.8163993358612
4531,4.449999999999999,4,166.84138417243958
4532,-1.75,15,166.88321661949158
4533,4.6000000000000005,3,166.9066162109375
4534,4.6000000000000005,3,166.9377179145813
4535,4.449999999999999,4,166.96980333328247
4536,4.6000000000000005,3,166.99969959259033
4537,-1.75,15,167.0453598499298
4538,4.75,2,167.06986808776855
4539,4.449999999999999,4,167.1013162136078
4540,4.449999999999999,4,167.1290214061737
4541,4.3,5,167.16219210624695
4542,4.3,5,167.19271063804626
4543,4.9,1,167.21827912330627
4544,4.15,6,167.25104594230652
4545,4.0,7,167.28292226791382
4546,4.449999999999999,4,167.3111503124237
4547,4.3,5,167.33869862556458
4548,3.4,11,167.37564253807068
4549,4.6000000000000005,3,167.40384578704834
4550,3.55,10,167.45059633255005
4551,-1.75,15,167.4955837726593
4552,4.3,5,167.5266010761261
4553,3.6999999999999997,9,167.56377029418945
4554,3.4,11,167.74266910552979
4555,4.6000000000000005,3,167.77182412147522
4556,4.6000000000000005,3,167.80516386032104
4557,4.6000000000000005,3,167.84052324295044
4558,4.75,2,167.8731472492218
4559,3.4,11,167.9179618358612
4560,4.15,6,167.95373797416687
4561,3.85,8,167.9954216480255
4562,4.75,2,168.02987933158875
4563,4.449999999999999,4,168.06651735305786
4564,4.449999999999999,4,168.10465550422668
4565,-1.75,15,168.16242051124573
4566,3.6999999999999997,9,168.20474767684937
4567,4.9,1,168.2369680404663
4568,4.6000000000000005,3,168.26770639419556
4569,4.3,5,168.33205151557922
4570,3.85,8,168.38611936569214
4571,4.6000000000000005,3,168.43415784835815
4572,4.75,2,168.47062635421753
4573,4.75,2,168.50321769714355
4574,3.85,8,168.55930972099304
4575,3.25,12,168.60371351242065
4576,4.75,2,168.6283278465271
4577,4.449999999999999,4,168.6590130329132
4578,3.25,12,168.7039179801941
4579,4.6000000000000005,3,168.73354697227478
4580,4.75,2,168.75734448432922
4581,3.4,11,168.80244278907776
4582,4.449999999999999,4,168.8319697380066
4583,4.449999999999999,4,168.85903239250183
4584,4.75,2,168.88687586784363
4585,4.75,2,168.91342854499817
4586,3.6999999999999997,9,168.94668769836426
4587,4.449999999999999,4,168.97374725341797
4588,-1.75,15,169.01881170272827
4589,4.75,2,169.04790329933167
4590,4.6000000000000005,3,169.07450985908508
4591,4.15,6,169.1070556640625
4592,-1.75,15,169.15326189994812
4593,3.85,8,169.18528294563293
4594,4.75,2,169.21013283729553
4595,4.3,5,169.23681378364563
4596,4.9,1,169.2621467113495
4597,4.3,5,169.2889153957367
4598,3.55,10,169.32531428337097
4599,4.3,5,169.49662160873413
4600,4.6000000000000005,3,169.52117204666138
4601,4.449999999999999,4,169.55174565315247
4602,4.6000000000000005,3,169.58398628234863
4603,4.3,5,169.62086033821106
4604,4.75,2,169.64930772781372
4605,4.15,6,169.68326449394226
4606,4.449999999999999,4,169.7099804878235
4607,4.6000000000000005,3,169.7373399734497
4608,4.0,7,169.77004480361938
4609,4.6000000000000005,3,169.79771375656128
4610,4.3,5,169.8251531124115
4611,4.6000000000000005,3,169.8558509349823
4612,4.3,5,169.88784098625183
4613,4.15,6,169.92106080055237
4614,3.4,11,169.96679186820984
4615,4.6000000000000005,3,169.99872708320618
4616,4.3,5,170.03134655952454
4617,4.449999999999999,4,170.05621647834778
4618,4.15,6,170.0901415348053
4619,4.75,2,170.11782240867615
4620,3.25,12,170.15690183639526
4621,4.449999999999999,4,170.1847665309906
4622,4.449999999999999,4,170.21422863006592
4623,4.9,1,170.2354884147644
4624,4.0,7,170.26480269432068
4625,4.0,7,170.29690957069397
4626,4.75,2,170.32258367538452
4627,4.449999999999999,4,170.35103058815002
4628,4.449999999999999,4,170.37700247764587
4629,4.6000000000000005,3,170.40330052375793
4630,4.449999999999999,4,170.42865371704102
4631,3.55,10,170.46741008758545
4632,4.75,2,170.4897804260254
4633,4.3,5,170.5155417919159
4634,4.3,5,170.54312419891357
4635,4.75,2,170.56966876983643
4636,4.449999999999999,4,170.59823894500732
4637,4.15,6,170.63487362861633
4638,3.4,11,170.67473554611206
4639,3.55,10,170.71928071975708
4640,3.4,11,170.76627111434937
4641,4.0,7,170.8031735420227
4642,4.449999999999999,4,170.83237051963806
4643,4.3,5,170.86562967300415
4644,4.75,2,170.88889837265015
4645,4.3,5,170.92105436325073
4646,4.6000000000000005,3,170.95110368728638
4647,4.15,6,170.98435997962952
4648,4.449999999999999,4,171.01724481582642
4649,4.449999999999999,4,171.04767632484436
4650,4.15,6,171.23938131332397
4651,4.3,5,171.26897144317627
4652,4.6000000000000005,3,171.3016917705536
4653,4.15,6,171.3446822166443
4654,4.15,6,171.37901616096497
4655,4.3,5,171.41087365150452
4656,4.6000000000000005,3,171.43713641166687
4657,3.25,12,171.4799292087555
4658,4.15,6,171.5150055885315
4659,4.6000000000000005,3,171.54476618766785
4660,4.15,6,171.5794219970703
4661,4.15,6,171.61814904212952
4662,4.15,6,171.6548616886139
4663,4.15,6,171.68804240226746
4664,4.75,2,171.71719121932983
4665,4.0,7,171.7591199874878
4666,4.75,2,171.78463578224182
4667,3.6999999999999997,9,171.81887984275818
4668,4.75,2,171.8433473110199
4669,4.3,5,171.872056722641
4670,3.6999999999999997,9,171.9057331085205
4671,4.0,7,171.93619537353516
4672,4.449999999999999,4,171.97055459022522
4673,4.0,7,172.0025191307068
4674,4.449999999999999,4,172.02854871749878
4675,3.25,12,172.0664894580841
4676,4.15,6,172.0943567752838
4677,-3.2,5,172.1260461807251
4678,4.449999999999999,4,172.1557297706604
4679,4.6000000000000005,3,172.18239760398865
4680,-1.75,15,172.2240710258484
4681,4.75,2,172.24825596809387
4682,4.449999999999999,4,172.27499651908875
4683,4.3,5,172.303959608078
4684,4.3,5,172.3339605331421
4685,3.6999999999999997,9,172.36987972259521
4686,4.449999999999999,4,172.40042448043823
4687,4.449999999999999,4,172.43227815628052
4688,4.449999999999999,4,172.45599269866943
4689,4.0,7,172.49305725097656
4690,4.449999999999999,4,172.5226547718048
4691,4.3,5,172.5564410686493
4692,4.449999999999999,4,172.5855269432068
4693,-3.3,7,172.61759901046753
4694,4.15,6,172.65219163894653
4695,3.4,11,172.8508584499359
4696,4.449999999999999,4,172.88073587417603
4697,3.85,8,172.9145314693451
4698,4.15,6,172.9451081752777
4699,-1.75,15,172.99185514450073
4700,4.6000000000000005,3,173.0237753391266
4701,4.75,2,173.05582809448242
4702,4.6000000000000005,3,173.09132719039917
4703,4.75,2,173.1210856437683
4704,-1.75,15,173.1782054901123
4705,4.3,5,173.21132683753967
4706,4.449999999999999,4,173.23878049850464
4707,4.3,5,173.26579213142395
4708,4.449999999999999,4,173.29533624649048
4709,4.6000000000000005,3,173.3218641281128
4710,3.85,8,173.36025953292847
4711,4.75,2,173.3882257938385
4712,3.4,11,173.43395686149597
4713,4.449999999999999,4,173.46379709243774
4714,4.15,6,173.49667382240295
4715,4.6000000000000005,3,173.52037715911865
4716,4.449999999999999,4,173.55002331733704
4717,-1.75,15,173.59499859809875
4718,4.449999999999999,4,173.6257779598236
4719,3.55,10,173.66386532783508
4720,4.6000000000000005,3,173.6904091835022
4721,3.6999999999999997,9,173.73053526878357
4722,3.6999999999999997,9,173.7666175365448
4723,-3.3,7,173.79960703849792
4724,4.15,6,173.8306064605713
4725,4.6000000000000005,3,173.85877442359924
4726,4.449999999999999,4,173.8890781402588
4727,4.3,5,173.91962504386902
4728,4.75,2,173.94560647010803
4729,4.75,2,173.96870756149292
4730,4.449999999999999,4,173.9976053237915
4731,4.15,6,174.0301833152771
4732,4.75,2,174.05460834503174
4733,4.15,6,174.0905191898346
4734,-1.75,15,174.13281559944153
4735,4.449999999999999,4,174.16049313545227
4736,-1.75,15,174.20325756072998
4737,4.15,6,174.3826892375946
4738,4.6000000000000005,3,174.40958428382874
4739,4.3,5,174.4396731853485
4740,4.3,5,174.4749391078949
4741,4.6000000000000005,3,174.5015435218811
4742,4.449999999999999,4,174.52988481521606
4743,4.3,5,174.56269001960754
4744,4.9,1,174.5871458053589
4745,4.15,6,174.62506008148193
4746,4.15,6,174.65801000595093
4747,3.55,10,174.6985731124878
4748,3.4,11,174.74036169052124
4749,4.449999999999999,4,174.7704291343689
4750,4.75,2,174.7959864139557
4751,3.85,8,174.83426213264465
4752,4.15,6,174.8653223514557
4753,4.3,5,174.89651107788086
4754,3.85,8,174.93052983283997
4755,4.3,5,174.9625072479248
4756,4.75,2,174.9893090724945
4757,4.6000000000000005,3,175.01566982269287
4758,4.3,5,175.04606294631958
4759,3.85,8,175.08260464668274
4760,4.75,2,175.10654425621033
4761,3.55,10,175.14839959144592
4762,3.4,11,175.18732500076294
4763,3.55,10,175.22260856628418
4764,3.85,8,175.2545714378357
4765,4.449999999999999,4,175.28363871574402
4766,4.449999999999999,4,175.31152534484863
4767,4.9,1,175.33427238464355
4768,3.25,12,175.37319469451904
4769,4.449999999999999,4,175.4028627872467
4770,4.75,2,175.43143701553345
4771,4.15,6,175.46357798576355
4772,4.9,1,175.49539589881897
4773,3.85,8,175.53281378746033
4774,4.449999999999999,4,175.560560464859
4775,4.449999999999999,4,175.58964896202087
4776,4.15,6,175.62261748313904
4777,4.6000000000000005,3,175.6532723903656
4778,4.75,2,175.68544220924377
4779,4.0,7,175.71764516830444
4780,-1.75,15,175.76895308494568
4781,4.75,2,175.8012716770172
4782,4.75,2,175.83048272132874
4783,3.25,12,176.0343313217163
4784,3.6999999999999997,9,176.0706169605255
4785,4.6000000000000005,3,176.10170888900757
4786,4.3,5,176.13973808288574
4787,4.449999999999999,4,176.16901469230652
4788,4.449999999999999,4,176.1966094970703
4789,3.4,11,176.23689222335815
4790,3.25,12,176.27732253074646
4791,4.75,2,176.3051245212555
4792,4.449999999999999,4,176.3302776813507
4793,4.3,5,176.364155292511
4794,4.6000000000000005,3,176.39258813858032
4795,3.25,12,176.43132996559143
4796,-1.75,15,176.47751927375793
4797,4.0,7,176.51181173324585
4798,4.75,2,176.53578972816467
4799,3.6999999999999997,9,176.57552886009216
4800,4.449999999999999,4,176.60436034202576
4801,3.55,10,176.64101099967957
4802,3.4,11,176.67961239814758
4803,3.55,10,176.7148072719574
4804,4.15,6,176.7454559803009
4805,4.9,1,176.7722885608673
4806,3.85,8,176.8038990497589
4807,4.3,5,176.8343620300293
4808,3.25,12,176.87303256988525
4809,-1.75,15,176.9191930294037
4810,-3.35,8,176.9548237323761
4811,3.55,10,176.9918863773346
4812,4.3,5,177.0207657814026
4813,4.449999999999999,4,177.04755973815918
4814,4.3,5,177.08002591133118
4815,4.3,5,177.10617184638977
4816,3.4,11,177.14472889900208
4817,-1.75,15,177.19452714920044
4818,4.9,1,177.22152090072632
4819,4.15,6,177.41139006614685
4820,4.6000000000000005,3,177.43918991088867
4821,4.15,6,177.4708399772644
4822,4.3,5,177.5027642250061
4823,4.0,7,177.5393831729889
4824,4.75,2,177.56755018234253
4825,4.6000000000000005,3,177.59734106063843
4826,4.75,2,177.62977623939514
4827,-3.15,4,177.66335248947144
4828,4.15,6,177.6958248615265
4829,3.4,11,177.738055229187
4830,4.75,2,177.76923155784607
4831,4.6000000000000005,3,177.80177474021912
4832,3.6999999999999997,9,177.8503029346466
4833,3.85,8,177.89350819587708
4834,4.6000000000000005,3,177.9234323501587
4835,4.75,2,177.9496648311615
4836,-1.75,15,177.99592876434326
4837,4.0,7,178.02838039398193
4838,4.449999999999999,4,178.05375266075134
4839,4.6000000000000005,3,178.07917761802673
4840,4.449999999999999,4,178.10939693450928
4841,3.25,12,178.1500117778778
4842,3.4,11,178.19150018692017
4843,4.6000000000000005,3,178.2162206172943
4844,3.6999999999999997,9,178.25020003318787
4845,3.4,11,178.28552532196045
4846,3.4,11,178.32560181617737
4847,4.6000000000000005,3,178.35423231124878
4848,4.75,2,178.3809425830841
4849,4.449999999999999,4,178.41169047355652
4850,4.75,2,178.43443202972412
4851,4.6000000000000005,3,178.46528720855713
4852,3.55,10,178.50694346427917
4853,4.6000000000000005,3,178.53689455986023
4854,3.25,12,178.5760498046875
4855,4.75,2,178.60011053085327
4856,4.449999999999999,4,178.62805151939392
4857,4.0,7,178.65536856651306
4858,4.6000000000000005,3,178.6818504333496
4859,-1.75,15,178.73221468925476
4860,4.449999999999999,4,178.75992941856384
4861,4.75,2,178.7863028049469
4862,3.85,8,178.82246851921082
4863,3.85,8,179.0326807498932
4864,4.6000000000000005,3,179.05851531028748
4865,4.0,7,179.0988655090332
4866,4.6000000000000005,3,179.13290143013
4867,4.449999999999999,4,179.16406226158142
4868,4.449999999999999,4,179.19375228881836
4869,4.0,7,179.23201251029968
4870,4.449999999999999,4,179.25940990447998
4871,-1.75,15,179.30427742004395
4872,-1.75,15,179.36344742774963
4873,4.449999999999999,4,179.39580011367798
4874,4.6000000000000005,3,179.42085576057434
4875,4.0,7,179.45268940925598
4876,4.3,5,179.4869134426117
4877,3.4,11,179.52116179466248
4878,2.8,15,179.56789422035217
4879,-1.75,15,179.6141176223755
4880,-1.75,15,179.65645360946655
4881,4.3,5,179.68648028373718
4882,4.75,2,179.7091257572174
4883,4.75,2,179.7329502105713
4884,-1.75,15,179.77558183670044
4885,4.449999999999999,4,179.80311369895935
4886,4.75,2,179.83064246177673
4887,-1.75,15,179.88005924224854
4888,4.449999999999999,4,179.90515112876892
4889,4.3,5,179.93334794044495
4890,3.6999999999999997,9,179.96579384803772
4891,3.85,8,179.99846410751343
4892,4.0,7,180.03181290626526
4893,3.85,8,180.06540155410767
4894,4.15,6,180.09455585479736
4895,-1.75,15,180.14461708068848
4896,4.15,6,180.179030418396
4897,4.15,6,180.37354946136475
4898,3.85,8,180.4159553050995
4899,-1.75,15,180.46002411842346
4900,-1.75,15,180.50647258758545
4901,4.75,2,180.5345687866211
4902,4.9,1,180.56020855903625
4903,4.3,5,180.5870566368103
4904,-1.75,15,180.63674640655518
4905,-1.75,15,180.68959140777588
4906,4.3,5,180.71849155426025
4907,4.9,1,180.74176788330078
4908,4.6000000000000005,3,180.76904726028442
4909,4.3,5,180.799560546875
4910,3.85,8,180.8316514492035
4911,3.85,8,180.86563181877136
4912,4.449999999999999,4,180.89391660690308
4913,4.3,5,180.9284484386444
4914,4.9,1,180.95523309707642
4915,4.3,5,180.98482608795166
4916,4.6000000000000005,3,181.01807165145874
4917,3.85,8,181.05032563209534
4918,4.0,7,181.0807008743286
4919,4.449999999999999,4,181.109721660614
4920,-1.75,15,181.15334510803223
4921,4.9,1,181.17838215827942
4922,4.6000000000000005,3,181.20204782485962
4923,4.3,5,181.23379254341125
4924,4.6000000000000005,3,181.2612829208374
4925,4.449999999999999,4,181.28833317756653
4926,4.6000000000000005,3,181.31560611724854
4927,3.25,12,181.35148096084595
4928,4.6000000000000005,3,181.38047623634338
4929,-1.75,15,181.4206473827362
4930,4.449999999999999,4,181.45080852508545
4931,4.9,1,181.4740698337555
4932,4.3,5,181.5029492378235
4933,4.3,5,181.53250980377197
4934,3.4,11,181.57059502601624
4935,4.6000000000000005,3,181.5997416973114
4936,4.75,2,181.63192009925842
4937,-1.75,15,181.8421151638031
4938,4.3,5,181.87701535224915
4939,4.6000000000000005,3,181.90553760528564
4940,-1.75,15,181.94946837425232
4941,4.15,6,181.98087763786316
4942,4.75,2,182.0077302455902
4943,4.75,2,182.03096556663513
4944,4.3,5,182.06239581108093
4945,3.55,10,182.0970458984375
4946,3.25,12,182.13297986984253
4947,4.6000000000000005,3,182.163250207901
4948,4.75,2,182.19296598434448
4949,4.6000000000000005,3,182.22010827064514
4950,4.0,7,182.25115180015564
4951,4.6000000000000005,3,182.28610062599182
4952,4.75,2,182.3149709701538
4953,-3.45,10,182.35759854316711
4954,4.3,5,182.38825941085815
4955,4.6000000000000005,3,182.41770434379578
4956,4.449999999999999,4,182.45192742347717
4957,3.25,12,182.4972951412201
4958,4.15,6,182.5321443080902
4959,4.449999999999999,4,182.56441164016724
4960,4.0,7,182.60258269309998
4961,4.75,2,182.63461756706238
4962,3.6999999999999997,9,182.67347121238708
4963,4.449999999999999,4,182.70209288597107
4964,4.15,6,182.7349271774292
4965,4.15,6,182.76745009422302
4966,3.4,11,182.81023597717285
4967,4.0,7,182.84219622612
4968,-1.75,15,182.8885374069214
4969,4.6000000000000005,3,182.92250776290894
4970,4.75,2,182.94892024993896
4971,3.25,12,182.99236464500427
4972,4.15,6,183.0283796787262
4973,4.6000000000000005,3,183.05594396591187
4974,4.6000000000000005,3,183.08310508728027
4975,3.4,11,183.11920189857483
4976,4.449999999999999,4,183.1493697166443
4977,4.75,2,183.1751527786255
4978,3.55,10,183.2141740322113
4979,4.3,5,183.24123620986938
4980,4.0,7,183.41350507736206
4981,4.0,7,183.4470727443695
4982,4.3,5,183.47726845741272
4983,4.449999999999999,4,183.50341415405273
4984,4.75,2,183.52751445770264
4985,4.75,2,183.55090308189392
4986,4.6000000000000005,3,183.57790350914001
4987,4.3,5,183.60454297065735
4988,3.6999999999999997,9,183.6395070552826
4989,4.75,2,183.6652693748474
4990,4.0,7,183.69715213775635
4991,4.6000000000000005,3,183.7243092060089
4992,3.85,8,183.76047086715698
4993,4.0,7,183.79551482200623
4994,4.75,2,183.82821893692017
4995,4.449999999999999,4,183.86249327659607
4996,4.75,2,183.8920075893402
4997,4.15,6,183.92380380630493
4998,3.55,10,183.96082496643066
4999,-1.75,15,184.00987839698792
5000,4.75,2,184.038090467453
5001,3.1,13,184.0839445590973
5002,4.6000000000000005,3,184.1128761768341
5003,4.449999999999999,4,184.13840866088867
5004,4.0,7,184.17519092559814
5005,4.75,2,184.20126271247864
5006,4.6000000000000005,3,184.23243236541748
5007,4.15,6,184.26288986206055
5008,4.6000000000000005,3,184.2892107963562
5009,4.15,6,184.3221001625061
5010,4.6000000000000005,3,184.35058784484863
5011,4.449999999999999,4,184.38398480415344
5012,4.3,5,184.4163646697998
5013,4.9,1,184.43968558311462
5014,-1.75,15,184.4864637851715
5015,3.25,12,184.53054213523865
5016,3.85,8,184.56165528297424
5017,4.449999999999999,4,184.58584237098694
5018,4.449999999999999,4,184.61567735671997
5019,4.15,6,184.64987564086914
5020,4.9,1,184.6730465888977
5021,3.85,8,184.71320724487305
5022,4.75,2,184.73745560646057
5023,4.0,7,184.76937556266785
5024,-1.75,15,184.81031131744385
5025,4.15,6,185.01462268829346
5026,-1.75,15,185.06129693984985
5027,3.55,10,185.09862565994263
5028,4.9,1,185.13115882873535
5029,3.6999999999999997,9,185.16653656959534
5030,4.15,6,185.19597363471985
5031,4.15,6,185.2256314754486
5032,4.3,5,185.25723218917847
5033,3.55,10,185.29101419448853
5034,4.6000000000000005,3,185.31601762771606
5035,-1.75,15,185.36204600334167
5036,4.449999999999999,4,185.39037680625916
5037,4.75,2,185.41471910476685
5038,4.6000000000000005,3,185.44571113586426
5039,4.6000000000000005,3,185.4736831188202
5040,4.449999999999999,4,185.50512075424194
5041,4.0,7,185.54204320907593
5042,4.9,1,185.5717101097107
5043,-1.75,15,185.624662399292
5044,4.6000000000000005,3,185.64935970306396
5045,3.55,10,185.6888451576233
5046,4.15,6,185.7251100540161
5047,4.75,2,185.74858403205872
5048,4.6000000000000005,3,185.77173566818237
5049,4.75,2,185.79679226875305
5050,4.449999999999999,4,185.82278680801392
5051,4.449999999999999,4,185.85108590126038
5052,4.75,2,185.87744855880737
5053,-1.75,15,185.92151498794556
5054,3.6999999999999997,9,185.96041750907898
5055,4.9,1,185.98533177375793
5056,4.15,6,186.01587557792664
5057,4.75,2,186.04743552207947
5058,-3.5,11,186.08621764183044
5059,4.6000000000000005,3,186.11477828025818
5060,3.55,10,186.16007447242737
5061,-3.4,9,186.19400811195374
5062,-1.75,15,186.23819613456726
5063,4.449999999999999,4,186.26752758026123
5064,4.75,2,186.291645526886
5065,3.85,8,186.32318711280823
5066,3.85,8,186.513445854187
5067,4.449999999999999,4,186.5399203300476
5068,4.449999999999999,4,186.56772017478943
5069,4.6000000000000005,3,186.59557127952576
5070,4.3,5,186.62546133995056
5071,4.449999999999999,4,186.65629744529724
5072,-1.75,15,186.70483469963074
5073,3.25,12,186.7480263710022
5074,3.55,10,186.7940628528595
5075,3.55,10,186.83419847488403
5076,4.75,2,186.86296820640564
5077,3.1,13,186.91094613075256
5078,4.9,1,186.93841814994812
5079,4.9,1,186.9631576538086
5080,4.3,5,186.99430751800537
5081,4.6000000000000005,3,187.0277886390686
5082,4.6000000000000005,3,187.05691051483154
5083,4.15,6,187.09294033050537
5084,3.55,10,187.13615894317627
5085,4.3,5,187.16923570632935
5086,4.75,2,187.19442462921143
5087,4.9,1,187.21906971931458
5088,4.6000000000000005,3,187.24973917007446
5089,4.75,2,187.2821819782257
5090,4.9,1,187.31009578704834
5091,4.449999999999999,4,187.34326434135437
5092,3.6999999999999997,9,187.379168510437
5093,4.75,2,187.4024109840393
5094,4.9,1,187.42838096618652
5095,4.449999999999999,4,187.4596037864685
5096,4.3,5,187.48809361457825
5097,4.0,7,187.51902770996094
5098,-1.75,15,187.56371426582336
5099,3.85,8,187.59584975242615
5100,4.6000000000000005,3,187.62134552001953
5101,4.6000000000000005,3,187.65016674995422
5102,4.75,2,187.67644882202148
5103,4.75,2,187.70583939552307
5104,3.85,8,187.74313688278198
5105,4.3,5,187.77221703529358
5106,4.75,2,187.79444289207458
5107,3.4,11,187.82942724227905
5108,4.3,5,187.86049270629883
5109,4.6000000000000005,3,187.8843104839325
5110,-3.35,8,187.91807055473328
5111,-3.35,8,187.95328307151794
5112,4.6000000000000005,3,187.98319673538208
5113,4.3,5,188.01485538482666
5114,4.6000000000000005,3,188.041357755661
5115,3.4,11,188.22444868087769
5116,4.9,1,188.24935722351074
5117,4.75,2,188.2791359424591
5118,4.6000000000000005,3,188.3084945678711
5119,4.6000000000000005,3,188.33832788467407
5120,4.75,2,188.37036061286926
5121,4.6000000000000005,3,188.40291786193848
5122,4.449999999999999,4,188.4356245994568
5123,4.449999999999999,4,188.4692723751068
5124,4.6000000000000005,3,188.4953956604004
5125,4.3,5,188.527845621109
5126,4.0,7,188.56156182289124
5127,4.3,5,188.596116065979
5128,4.0,7,188.63190579414368
5129,4.449999999999999,4,188.66261339187622
5130,3.1,13,188.70332860946655
5131,4.75,2,188.73109221458435
5132,3.6999999999999997,9,188.77049660682678
5133,4.15,6,188.80556225776672
5134,3.55,10,188.8442907333374
5135,4.6000000000000005,3,188.86776328086853
5136,4.75,2,188.89603757858276
5137,4.0,7,188.92839217185974
5138,4.9,1,188.95227670669556
5139,4.3,5,188.98592925071716
5140,3.4,11,189.026362657547
5141,4.6000000000000005,3,189.05182528495789
5142,4.6000000000000005,3,189.08290266990662
5143,4.3,5,189.11357307434082
5144,4.3,5,189.1406545639038
5145,4.3,5,189.16813445091248
5146,4.0,7,189.19713139533997
5147,4.0,7,189.23216795921326
5148,3.25,12,189.2728786468506
5149,4.75,2,189.29753708839417
5150,4.15,6,189.327734708786
5151,3.25,12,189.36697697639465
5152,3.25,12,189.40608167648315
5153,4.3,5,189.43413639068604
5154,4.3,5,189.46710062026978
5155,4.6000000000000005,3,189.49608492851257
5156,4.6000000000000005,3,189.52441668510437
5157,4.75,2,189.54847598075867
5158,4.75,2,189.57679057121277
5159,4.6000000000000005,3,189.60270714759827
5160,4.75,2,189.630108833313
5161,4.449999999999999,4,189.65880799293518
5162,4.6000000000000005,3,189.68408966064453
5163,3.55,10,189.72811222076416
5164,4.6000000000000005,3,189.90659499168396
5165,4.0,7,189.94093775749207
5166,4.3,5,189.97200226783752
5167,4.15,6,190.00328421592712
5168,4.0,7,190.03961181640625
5169,4.15,6,190.07403469085693
5170,4.15,6,190.10889506340027
5171,4.6000000000000005,3,190.13478326797485
5172,4.3,5,190.16654992103577
5173,4.0,7,190.20027685165405
5174,4.6000000000000005,3,190.22844624519348
5175,4.6000000000000005,3,190.25645685195923
5176,4.75,2,190.27962040901184
5177,4.6000000000000005,3,190.31239104270935
5178,4.0,7,190.3506202697754
5179,-1.75,15,190.39974331855774
5180,4.75,2,190.42428421974182
5181,4.449999999999999,4,190.45657229423523
5182,4.15,6,190.48884868621826
5183,4.15,6,190.52228260040283
5184,4.75,2,190.55082750320435
5185,4.9,1,190.57363367080688
5186,-1.75,15,190.61796045303345
5187,4.6000000000000005,3,190.64654088020325
5188,4.75,2,190.66909742355347
5189,4.9,1,190.69236707687378
5190,4.6000000000000005,3,190.71903824806213
5191,4.75,2,190.7436020374298
5192,4.15,6,190.77550292015076
5193,3.55,10,190.8121416568756
5194,4.3,5,190.84376788139343
5195,4.3,5,190.87703847885132
5196,4.449999999999999,4,190.90244317054749
5197,4.3,5,190.93299674987793
5198,4.75,2,190.96027445793152
5199,4.75,2,190.98326063156128
5200,4.6000000000000005,3,191.00927662849426
5201,4.6000000000000005,3,191.03517961502075
5202,3.85,8,191.06914973258972
5203,4.3,5,191.09914588928223
5204,4.75,2,191.12501430511475
5205,4.6000000000000005,3,191.14817357063293
5206,4.6000000000000005,3,191.1743278503418
5207,3.85,8,191.20530200004578
5208,3.55,10,191.23871564865112
5209,4.3,5,191.26698064804077
5210,4.15,6,191.29750561714172
5211,4.3,5,191.32625555992126
5212,3.6999999999999997,9,191.36044025421143
5213,4.6000000000000005,3,191.39087295532227
5214,-3.25,6,191.419442653656
5215,4.75,2,191.4476203918457
5216,4.75,2,191.47443675994873
5217,4.0,7,191.67915558815002
5218,3.85,8,191.71831154823303
5219,4.449999999999999,4,191.74987292289734
5220,3.6999999999999997,9,191.79254388809204
5221,4.75,2,191.81978940963745
5222,4.3,5,191.8587760925293
5223,4.15,6,191.8903203010559
5224,4.3,5,191.92261123657227
5225,3.6999999999999997,9,191.96697282791138
5226,4.75,2,191.9997537136078
5227,4.6000000000000005,3,192.03871989250183
5228,4.75,2,192.0639488697052
5229,3.55,10,192.10237860679626
5230,3.85,8,192.13813543319702
5231,4.6000000000000005,3,192.16660141944885
5232,4.75,2,192.18783855438232
5233,4.6000000000000005,3,192.21683812141418
5234,4.6000000000000005,3,192.24390363693237
5235,-1.75,15,192.2913534641266
5236,4.6000000000000005,3,192.315913438797
5237,3.55,10,192.35338282585144
5238,3.25,12,192.3963131904602
5239,4.6000000000000005,3,192.42035031318665
5240,4.75,2,192.45252776145935
5241,4.75,2,192.48050212860107
5242,4.449999999999999,4,192.51007962226868
5243,4.75,2,192.5380289554596
5244,4.0,7,192.5745620727539
5245,4.15,6,192.60845851898193
5246,4.6000000000000005,3,192.63477039337158
5247,4.6000000000000005,3,192.66264867782593
5248,4.3,5,192.6991002559662
5249,4.449999999999999,4,192.72889876365662
5250,4.3,5,192.76061844825745
5251,4.75,2,192.78514862060547
5252,4.6000000000000005,3,192.81403923034668
5253,4.3,5,192.84760332107544
5254,4.75,2,192.87021136283875
5255,3.1,13,192.9210488796234
5256,4.0,7,192.95592331886292
5257,4.0,7,192.9849133491516
5258,3.85,8,193.01701521873474
5259,4.449999999999999,4,193.04495239257812
5260,4.15,6,193.07677173614502
5261,4.449999999999999,4,193.1041030883789
5262,4.75,2,193.13228178024292
5263,3.55,10,193.1703577041626
5264,4.6000000000000005,3,193.19731855392456
5265,4.449999999999999,4,193.22598218917847
5266,4.9,1,193.39913487434387
5267,4.15,6,193.42985272407532
5268,4.15,6,193.46109771728516
5269,4.6000000000000005,3,193.49005389213562
5270,4.75,2,193.5136444568634
5271,3.25,12,193.55491375923157
5272,4.6000000000000005,3,193.5830521583557
5273,4.15,6,193.61397695541382
5274,4.3,5,193.64667320251465
5275,4.15,6,193.67747116088867
5276,4.9,1,193.7007212638855
5277,4.6000000000000005,3,193.72622227668762
5278,3.6999999999999997,9,193.75802326202393
5279,4.3,5,193.7869815826416
5280,4.75,2,193.81691694259644
5281,4.0,7,193.84996151924133
5282,4.75,2,193.8722574710846
5283,4.449999999999999,4,193.89888095855713
5284,4.449999999999999,4,193.92845582962036
5285,4.449999999999999,4,193.95611095428467
5286,4.0,7,193.98942112922668
5287,4.15,6,194.02025270462036
5288,4.6000000000000005,3,194.0477647781372
5289,4.15,6,194.07992601394653
5290,4.449999999999999,4,194.11131811141968
5291,4.6000000000000005,3,194.14129066467285
5292,4.15,6,194.1713855266571
5293,4.15,6,194.2029995918274
5294,3.55,10,194.23812985420227
5295,4.449999999999999,4,194.26453924179077
5296,4.6000000000000005,3,194.2925148010254
5297,4.75,2,194.32107758522034
5298,4.6000000000000005,3,194.34874534606934
5299,3.85,8,194.39162755012512
5300,4.0,7,194.428569316864
5301,4.3,5,194.45802330970764
5302,4.6000000000000005,3,194.48250699043274
5303,4.6000000000000005,3,194.50709056854248
5304,4.6000000000000005,3,194.53345799446106
5305,3.6999999999999997,9,194.568279504776
5306,4.75,2,194.5963089466095
5307,-1.75,15,194.6434018611908
5308,4.3,5,194.67333126068115
5309,4.9,1,194.69513940811157
5310,3.55,10,194.73434233665466
5311,4.6000000000000005,3,194.76059770584106
5312,4.6000000000000005,3,194.788729429245
5313,4.3,5,194.82954239845276
5314,4.6000000000000005,3,194.86008405685425
5315,4.75,2,194.88756561279297
5316,4.6000000000000005,3,194.92512607574463
5317,4.9,1,194.95797514915466
5318,3.6999999999999997,9,195.00577044487
5319,3.85,8,195.21062326431274
5320,3.55,10,195.2471203804016
5321,4.15,6,195.27601599693298
5322,4.3,5,195.3040862083435
5323,4.15,6,195.3336305618286
5324,4.15,6,195.37518882751465
5325,4.9,1,195.40079474449158
5326,4.449999999999999,4,195.43291330337524
5327,4.75,2,195.4625198841095
5328,4.15,6,195.4938588142395
5329,4.6000000000000005,3,195.51966214179993
5330,4.449999999999999,4,195.54964303970337
5331,3.85,8,195.58729100227356
5332,4.449999999999999,4,195.61299538612366
5333,3.6999999999999997,9,195.64607858657837
5334,4.9,1,195.66722059249878
5335,4.6000000000000005,3,195.69178891181946
5336,4.75,2,195.71583485603333
5337,4.3,5,195.74519228935242
5338,4.75,2,195.76780343055725
5339,4.15,6,195.7955927848816
5340,4.0,7,195.83140683174133
5341,4.3,5,195.86501955986023
5342,-3.05,2,195.8912410736084
5343,4.3,5,195.9231207370758
5344,4.75,2,195.94541192054749
5345,4.449999999999999,4,195.969153881073
5346,4.449999999999999,4,195.998952627182
5347,4.75,2,196.025146484375
5348,-1.75,15,196.0657353401184
5349,4.75,2,196.09188270568848
5350,-1.75,15,196.13493466377258
5351,4.75,2,196.16121792793274
5352,-3.25,6,196.18983364105225
5353,-1.75,15,196.2326579093933
5354,-1.75,15,196.2776598930359
5355,4.3,5,196.30872130393982
5356,4.15,6,196.33966398239136
5357,4.449999999999999,4,196.37007069587708
5358,-1.75,15,196.42418026924133
5359,3.85,8,196.4657018184662
5360,4.6000000000000005,3,196.4930727481842
5361,4.6000000000000005,3,196.5214912891388
5362,4.3,5,196.5525779724121
5363,4.6000000000000005,3,196.58402729034424
5364,4.75,2,196.6129550933838
5365,-1.75,15,196.826247215271
5366,4.75,2,196.85198187828064
5367,4.3,5,196.88654327392578
5368,4.15,6,196.9247589111328
5369,4.449999999999999,4,196.9514307975769
5370,-3.15,4,196.9827423095703
5371,4.449999999999999,4,197.01349449157715
5372,4.449999999999999,4,197.04814291000366
5373,4.6000000000000005,3,197.0740749835968
5374,4.449999999999999,4,197.10169863700867
5375,4.3,5,197.13457441329956
5376,4.6000000000000005,3,197.15963053703308
5377,4.75,2,197.1828169822693
5378,4.3,5,197.21371626853943
5379,4.449999999999999,4,197.24045491218567
5380,3.85,8,197.2726490497589
5381,4.449999999999999,4,197.29779624938965
5382,4.9,1,197.32293725013733
5383,-3.25,6,197.3524308204651
5384,4.15,6,197.38296794891357
5385,3.85,8,197.4137806892395
5386,4.75,2,197.43873190879822
5387,4.3,5,197.46724486351013
5388,4.15,6,197.49960565567017
5389,4.75,2,197.52888298034668
5390,4.3,5,197.5610592365265
5391,-3.25,6,197.5907642841339
5392,4.3,5,197.62046885490417
5393,4.3,5,197.65191555023193
5394,3.4,11,197.68941974639893
5395,3.85,8,197.72732973098755
5396,4.15,6,197.75908708572388
5397,4.9,1,197.78083062171936
5398,4.3,5,197.8129632472992
5399,3.25,12,197.85425114631653
5400,4.6000000000000005,3,197.87955331802368
5401,3.85,8,197.91176891326904
5402,4.75,2,197.9394133090973
5403,3.6999999999999997,9,197.9824731349945
5404,3.6999999999999997,9,198.02025389671326
5405,4.6000000000000005,3,198.04803562164307
5406,4.449999999999999,4,198.0788335800171
5407,4.75,2,198.10969495773315
5408,4.449999999999999,4,198.13610410690308
5409,4.6000000000000005,3,198.16249752044678
5410,4.6000000000000005,3,198.18912839889526
5411,4.75,2,198.21497654914856
5412,3.55,10,198.26109790802002
5413,4.75,2,198.29206919670105
5414,-3.2,5,198.3311107158661
5415,4.449999999999999,4,198.36571335792542
5416,3.55,10,198.5549612045288
5417,4.449999999999999,4,198.58480668067932
5418,4.75,2,198.61022090911865
5419,4.449999999999999,4,198.63596653938293
5420,-1.75,15,198.6772997379303
5421,4.0,7,198.70972967147827
5422,4.6000000000000005,3,198.73328113555908
5423,4.3,5,198.76287126541138
5424,4.75,2,198.78449034690857
5425,4.75,2,198.81049060821533
5426,4.3,5,198.83953857421875
5427,4.449999999999999,4,198.86591792106628
5428,4.3,5,198.89711546897888
5429,4.75,2,198.92299222946167
5430,4.15,6,198.95216059684753
5431,4.6000000000000005,3,198.9786787033081
5432,4.9,1,199.0051507949829
5433,4.6000000000000005,3,199.0353081226349
5434,4.9,1,199.0603175163269
5435,4.75,2,199.09083080291748
5436,-1.75,15,199.14350628852844
5437,4.3,5,199.17656588554382
5438,4.6000000000000005,3,199.19983863830566
5439,4.449999999999999,4,199.22710132598877
5440,3.85,8,199.26145100593567
5441,4.3,5,199.2867865562439
5442,4.3,5,199.313814163208
5443,4.6000000000000005,3,199.33811378479004
5444,4.6000000000000005,3,199.36547470092773
5445,4.75,2,199.39676880836487
5446,4.449999999999999,4,199.4279806613922
5447,4.449999999999999,4,199.4564528465271
5448,4.6000000000000005,3,199.4865643978119
5449,4.449999999999999,4,199.52495765686035
5450,4.449999999999999,4,199.55556297302246
5451,-1.75,15,199.60868287086487
5452,3.85,8,199.646897315979
5453,4.449999999999999,4,199.68230366706848
5454,4.6000000000000005,3,199.7067472934723
5455,4.75,2,199.73229932785034
5456,3.6999999999999997,9,199.77272272109985
5457,4.15,6,199.8112916946411
5458,4.3,5,199.84502840042114
5459,4.3,5,199.8732349872589
5460,4.3,5,199.90239834785461
5461,4.15,6,199.93181133270264
5462,4.6000000000000005,3,199.95601868629456
5463,-1.75,15,199.99988889694214
5464,4.15,6,200.03329849243164
5465,3.25,12,200.21997785568237
5466,4.15,6,200.2509036064148
5467,-3.15,4,200.28081464767456
5468,4.75,2,200.30943179130554
5469,4.9,1,200.3330156803131
5470,-3.05,2,200.36152243614197
5471,3.4,11,200.40052461624146
5472,3.6999999999999997,9,200.4436182975769
5473,3.55,10,200.4814329147339
5474,3.85,8,200.51604294776917
5475,4.9,1,200.54028248786926
5476,4.15,6,200.57084822654724
5477,4.449999999999999,4,200.59695625305176
5478,4.6000000000000005,3,200.62563276290894
5479,4.6000000000000005,3,200.6503348350525
5480,4.0,7,200.68042588233948
5481,4.75,2,200.7010772228241
5482,3.85,8,200.73588681221008
5483,3.25,12,200.77616596221924
5484,4.3,5,200.80883407592773
5485,-1.75,15,200.85794734954834
5486,4.449999999999999,4,200.8908383846283
5487,4.0,7,200.92461609840393
5488,4.3,5,200.954195022583
5489,4.449999999999999,4,200.9837625026703
5490,4.6000000000000005,3,201.0156581401825
5491,4.0,7,201.05145359039307
5492,3.85,8,201.09332919120789
5493,-3.3,7,201.12642693519592
5494,3.6999999999999997,9,201.1630563735962
5495,4.15,6,201.20162105560303
5496,3.85,8,201.23942160606384
5497,3.6999999999999997,9,201.27370762825012
5498,4.3,5,201.30414628982544
5499,-1.75,15,201.34909796714783
5500,4.9,1,201.37939977645874
5501,4.449999999999999,4,201.41678404808044
5502,3.85,8,201.45203638076782
5503,4.75,2,201.47959232330322
5504,4.3,5,201.50827741622925
5505,4.75,2,201.53608179092407
5506,4.449999999999999,4,201.56631231307983
5507,4.15,6,201.60221123695374
5508,4.0,7,201.81185865402222
5509,4.3,5,201.84975504875183
5510,4.6000000000000005,3,201.87970423698425
5511,3.6999999999999997,9,201.91840624809265
5512,3.55,10,201.95960021018982
5513,-1.75,15,202.0065004825592
5514,3.6999999999999997,9,202.0418040752411
5515,4.6000000000000005,3,202.06837153434753
5516,4.75,2,202.09334135055542
5517,4.0,7,202.12619948387146
5518,4.9,1,202.15501761436462
5519,4.6000000000000005,3,202.1829698085785
5520,4.3,5,202.2168469429016
5521,3.85,8,202.25186157226562
5522,4.75,2,202.27575826644897
5523,-1.75,15,202.31911849975586
5524,4.75,2,202.35339212417603
5525,4.449999999999999,4,202.38430905342102
5526,4.449999999999999,4,202.41521644592285
5527,4.3,5,202.4439766407013
5528,4.3,5,202.47399163246155
5529,4.15,6,202.50570583343506
5530,4.6000000000000005,3,202.54060292243958
5531,4.75,2,202.5657811164856
5532,4.15,6,202.6071252822876
5533,3.85,8,202.64800000190735
5534,4.3,5,202.68007731437683
5535,3.85,8,202.7175998687744
5536,4.6000000000000005,3,202.74502205848694
5537,3.6999999999999997,9,202.77976989746094
5538,4.6000000000000005,3,202.80895066261292
5539,4.449999999999999,4,202.83983993530273
5540,4.449999999999999,4,202.87071061134338
5541,4.15,6,202.9044361114502
5542,4.75,2,202.93548202514648
5543,4.75,2,202.96952438354492
5544,-1.75,15,203.0304250717163
5545,-1.75,15,203.07834935188293
5546,4.6000000000000005,3,203.10993242263794
5547,3.25,12,203.1513795852661
5548,4.6000000000000005,3,203.18048572540283
5549,-3.3,7,203.20911955833435
5550,3.55,10,203.2468616962433
5551,3.55,10,203.42689490318298
5552,3.4,11,203.46655535697937
5553,4.449999999999999,4,203.49608087539673
5554,4.3,5,203.52470588684082
5555,3.4,11,203.5609908103943
5556,4.6000000000000005,3,203.59193015098572
5557,3.55,10,203.6277666091919
5558,4.15,6,203.6600091457367
5559,4.75,2,203.6912441253662
5560,4.3,5,203.73204588890076
5561,3.85,8,203.7740330696106
5562,4.9,1,203.80302023887634
5563,4.75,2,203.83319878578186
5564,4.9,1,203.8612892627716
5565,3.55,10,203.89797711372375
5566,4.6000000000000005,3,203.93221974372864
5567,4.75,2,203.9586250782013
5568,4.15,6,203.99108505249023
5569,4.75,2,204.01430702209473
5570,4.75,2,204.0404052734375
5571,4.3,5,204.07098507881165
5572,4.6000000000000005,3,204.10172128677368
5573,4.6000000000000005,3,204.1251974105835
5574,4.3,5,204.1538143157959
5575,4.9,1,204.17643666267395
5576,4.6000000000000005,3,204.20161771774292
5577,4.3,5,204.23020792007446
5578,4.3,5,204.26195979118347
5579,3.85,8,204.3019278049469
5580,4.15,6,204.33509922027588
5581,4.6000000000000005,3,204.36291027069092
5582,4.449999999999999,4,204.39173078536987
5583,4.449999999999999,4,204.41810488700867
5584,4.449999999999999,4,204.44915533065796
5585,4.449999999999999,4,204.48573112487793
5586,4.0,7,204.52240991592407
5587,4.75,2,204.54666209220886
5588,3.25,12,204.58637237548828
5589,3.85,8,204.62616062164307
5590,4.6000000000000005,3,204.65593433380127
5591,4.75,2,204.68235325813293
5592,4.75,2,204.70902919769287
5593,3.6999999999999997,9,204.74787950515747
5594,3.6999999999999997,9,204.786616563797
5595,4.6000000000000005,3,204.81393957138062
5596,-1.75,15,204.8639678955078
5597,-3.35,8,204.90206003189087
5598,4.75,2,204.93145775794983
5599,3.4,11,205.13057279586792
5600,4.15,6,205.16387367248535
5601,3.6999999999999997,9,205.19862627983093
5602,4.75,2,205.2247977256775
5603,4.6000000000000005,3,205.25284719467163
5604,-1.75,15,205.29528617858887
5605,3.6999999999999997,9,205.32925271987915
5606,4.449999999999999,4,205.35847330093384
5607,3.85,8,205.39646291732788
5608,4.75,2,205.42341589927673
5609,4.3,5,205.4560763835907
5610,4.3,5,205.48719429969788
5611,4.0,7,205.51964402198792
5612,3.6999999999999997,9,205.55557703971863
5613,-1.75,15,205.60114192962646
5614,4.3,5,205.63236284255981
5615,3.6999999999999997,9,205.67394757270813
5616,4.9,1,205.69866943359375
5617,4.3,5,205.7284746170044
5618,3.6999999999999997,9,205.76476311683655
5619,4.449999999999999,4,205.79798460006714
5620,4.6000000000000005,3,205.8262174129486
5621,-1.75,15,205.88145446777344
5622,4.3,5,205.91442465782166
5623,4.15,6,205.9438328742981
5624,4.6000000000000005,3,205.97117018699646
5625,4.449999999999999,4,205.9999361038208
5626,4.75,2,206.0319468975067
5627,4.75,2,206.06601548194885
5628,4.0,7,206.10693311691284
5629,4.6000000000000005,3,206.14195680618286
5630,4.75,2,206.1746485233307
5631,3.85,8,206.2077660560608
5632,4.6000000000000005,3,206.23341178894043
5633,-1.75,15,206.27581524848938
5634,3.6999999999999997,9,206.30966711044312
5635,3.55,10,206.34532284736633
5636,4.3,5,206.3726830482483
5637,4.15,6,206.40169644355774
5638,4.449999999999999,4,206.4318859577179
5639,3.25,12,206.6440691947937
5640,4.3,5,206.67323994636536
5641,4.75,2,206.69860458374023
5642,4.3,5,206.7318880558014
5643,4.0,7,206.76653695106506
5644,-1.75,15,206.82130575180054
5645,4.449999999999999,4,206.85715293884277
5646,3.6999999999999997,9,206.90001440048218
5647,3.85,8,206.93563866615295
5648,4.15,6,206.9649727344513
5649,4.9,1,206.99235105514526
5650,4.0,7,207.0257818698883
5651,3.85,8,207.05962657928467
5652,3.6999999999999997,9,207.0948076248169
5653,4.15,6,207.12548208236694
5654,4.449999999999999,4,207.15111255645752
5655,4.15,6,207.18088364601135
5656,4.15,6,207.21210765838623
5657,4.15,6,207.24045634269714
5658,3.85,8,207.27403807640076
5659,4.3,5,207.30883979797363
5660,3.85,8,207.34976172447205
5661,4.0,7,207.3946771621704
5662,3.85,8,207.43057489395142
5663,4.15,6,207.46398258209229
5664,-1.75,15,207.51744723320007
5665,4.3,5,207.5499985218048
5666,4.449999999999999,4,207.58070516586304
5667,3.55,10,207.62230467796326
5668,3.85,8,207.65634655952454
5669,3.85,8,207.6940519809723
5670,4.449999999999999,4,207.72516894340515
5671,3.6999999999999997,9,207.76009964942932
5672,3.85,8,207.7967119216919
5673,-3.1,3,207.82400631904602
5674,4.6000000000000005,3,207.857492685318
5675,4.0,7,207.89187812805176
5676,3.55,10,207.92692375183105
5677,4.9,1,207.94973182678223
5678,-1.75,15,208.15385484695435
5679,4.9,1,208.17792773246765
5680,4.449999999999999,4,208.20695519447327
5681,4.6000000000000005,3,208.22990322113037
5682,-1.75,15,208.27526354789734
5683,4.6000000000000005,3,208.30909132957458
5684,3.6999999999999997,9,208.35882663726807
5685,4.75,2,208.3882691860199
5686,4.449999999999999,4,208.41599559783936
5687,4.0,7,208.45619535446167
5688,4.3,5,208.49124932289124
5689,3.4,11,208.5388903617859
5690,4.75,2,208.5678355693817
5691,4.449999999999999,4,208.59623432159424
5692,4.3,5,208.62987160682678
5693,4.75,2,208.6582429409027
5694,4.449999999999999,4,208.6909499168396
5695,4.0,7,208.72303009033203
5696,4.75,2,208.74620413780212
5697,4.75,2,208.7739336490631
5698,4.15,6,208.81025171279907
5699,3.55,10,208.8559012413025
5700,4.6000000000000005,3,208.88665533065796
5701,4.75,2,208.9141457080841
5702,4.75,2,208.94312953948975
5703,4.15,6,208.98024487495422
5704,3.25,12,209.02019953727722
5705,4.449999999999999,4,209.0528244972229
5706,4.75,2,209.07698798179626
5707,4.9,1,209.1048891544342
5708,4.75,2,209.13867568969727
5709,4.15,6,209.1705904006958
5710,4.449999999999999,4,209.19849133491516
5711,-3.05,2,209.22121810913086
5712,3.85,8,209.25880360603333
5713,4.6000000000000005,3,209.28798270225525
5714,4.6000000000000005,3,209.3142967224121
5715,4.0,7,209.3461630344391
5716,4.9,1,209.37359189987183
5717,3.25,12,209.4113781452179
5718,-1.75,15,209.45432925224304
5719,4.0,7,209.48793363571167
5720,4.449999999999999,4,209.52230405807495
5721,3.1,13,209.56736707687378
5722,3.6999999999999997,9,209.60061717033386
5723,4.75,2,209.62901854515076
5724,3.55,10,209.80760979652405
5725,-1.75,15,209.85652351379395
5726,4.3,5,209.89278984069824
5727,3.6999999999999997,9,209.933513879776
5728,4.449999999999999,4,209.96156191825867
5729,4.6000000000000005,3,209.9878213405609
5730,4.449999999999999,4,210.01526403427124
5731,4.6000000000000005,3,210.04287815093994
5732,4.15,6,210.07398915290833
5733,4.75,2,210.0986728668213
5734,4.0,7,210.1297733783722
5735,4.3,5,210.16271352767944
5736,4.0,7,210.19562411308289
5737,4.0,7,210.2286558151245
5738,4.6000000000000005,3,210.25188446044922
5739,4.0,7,210.28169322013855
5740,4.3,5,210.31174159049988
5741,4.15,6,210.346937417984
5742,4.3,5,210.3804337978363
5743,4.3,5,210.41205739974976
5744,3.55,10,210.44814014434814
5745,4.75,2,210.47846674919128
5746,4.449999999999999,4,210.51173210144043
5747,4.9,1,210.5330104827881
5748,4.6000000000000005,3,210.56350708007812
5749,3.85,8,210.60010433197021
5750,4.9,1,210.62564134597778
5751,4.3,5,210.65847945213318
5752,4.15,6,210.6944375038147
5753,3.85,8,210.73806262016296
5754,4.3,5,210.76482319831848
5755,4.3,5,210.80196237564087
5756,4.449999999999999,4,210.83735990524292
5757,4.75,2,210.86849546432495
5758,3.85,8,210.91545343399048
5759,4.3,5,210.9526743888855
5760,4.0,7,210.99053239822388
5761,4.75,2,211.0161211490631
5762,4.3,5,211.04643845558167
5763,4.6000000000000005,3,211.07457780838013
5764,4.6000000000000005,3,211.1022231578827
5765,3.85,8,211.13851594924927
5766,4.449999999999999,4,211.1679172515869
5767,3.6999999999999997,9,211.2049069404602
5768,4.75,2,211.23158884048462
5769,3.85,8,211.27291178703308
5770,4.3,5,211.3081431388855
5771,3.6999999999999997,9,211.35196375846863
5772,3.85,8,211.53787541389465
5773,3.55,10,211.57592940330505
5774,4.9,1,211.60527396202087
5775,4.3,5,211.64103507995605
5776,4.9,1,211.66734766960144
5777,4.0,7,211.69914841651917
5778,4.6000000000000005,3,211.72701239585876
5779,4.449999999999999,4,211.7567937374115
5780,4.6000000000000005,3,211.7807285785675
5781,4.3,5,211.8107659816742
5782,4.75,2,211.8383765220642
5783,4.75,2,211.86108708381653
5784,4.449999999999999,4,211.8887174129486
5785,4.15,6,211.91901111602783
5786,4.0,7,211.95692348480225
5787,4.6000000000000005,3,211.98540139198303
5788,4.75,2,212.01394033432007
5789,4.15,6,212.04839372634888
5790,4.15,6,212.07767057418823
5791,4.75,2,212.10447812080383
5792,4.0,7,212.14142060279846
5793,4.0,7,212.1734583377838
5794,4.449999999999999,4,212.20204615592957
5795,4.0,7,212.23392295837402
5796,3.85,8,212.2656557559967
5797,4.6000000000000005,3,212.29181265830994
5798,4.449999999999999,4,212.3192241191864
5799,4.449999999999999,4,212.3514425754547
5800,4.75,2,212.37462067604065
5801,4.15,6,212.40451955795288
5802,4.3,5,212.4378583431244
5803,4.15,6,212.4718005657196
5804,4.9,1,212.5007028579712
5805,4.6000000000000005,3,212.5325152873993
5806,4.3,5,212.56262493133545
5807,3.25,12,212.60532975196838
5808,3.85,8,212.6377613544464
5809,4.6000000000000005,3,212.6650366783142
5810,4.6000000000000005,3,212.69271993637085
5811,-1.75,15,212.73716640472412
5812,4.9,1,212.7610673904419
5813,4.15,6,212.78990483283997
5814,4.6000000000000005,3,212.81538581848145
5815,4.6000000000000005,3,212.84743762016296
5816,4.6000000000000005,3,212.87409043312073
5817,4.449999999999999,4,212.90555620193481
5818,4.9,1,212.92663192749023
5819,-1.75,15,212.96815633773804
5820,4.3,5,212.9974422454834
5821,4.75,2,213.0232744216919
5822,4.449999999999999,4,213.05320239067078
5823,4.6000000000000005,3,213.08924436569214
5824,4.6000000000000005,3,213.1185657978058
5825,4.3,5,213.30178380012512
5826,4.6000000000000005,3,213.3270652294159
5827,3.4,11,213.36208415031433
5828,4.75,2,213.39009857177734
5829,3.4,11,213.4272563457489
5830,4.6000000000000005,3,213.45032691955566
5831,4.449999999999999,4,213.48184418678284
5832,3.25,12,213.52755665779114
5833,4.449999999999999,4,213.56019282341003
5834,4.0,7,213.6040256023407
5835,3.55,10,213.64628219604492
5836,4.75,2,213.6743619441986
5837,4.0,7,213.70661973953247
5838,4.3,5,213.74044346809387
5839,4.449999999999999,4,213.77002620697021
5840,4.75,2,213.79541039466858
5841,4.75,2,213.82243537902832
5842,-3.2,5,213.8600423336029
5843,3.85,8,213.89612102508545
5844,3.6999999999999997,9,213.94021439552307
5845,4.0,7,213.97668075561523
5846,4.0,7,214.01098823547363
5847,-1.75,15,214.05499958992004
5848,4.6000000000000005,3,214.08115601539612
5849,4.449999999999999,4,214.10598969459534
5850,4.6000000000000005,3,214.13138008117676
5851,4.0,7,214.1671130657196
5852,4.75,2,214.18920850753784
5853,4.6000000000000005,3,214.21489644050598
5854,4.3,5,214.24604034423828
5855,4.6000000000000005,3,214.2736837863922
5856,4.3,5,214.30205655097961
5857,3.55,10,214.33770155906677
5858,4.15,6,214.36587405204773
5859,4.6000000000000005,3,214.39544081687927
5860,4.449999999999999,4,214.41939187049866
5861,4.3,5,214.45151209831238
5862,4.449999999999999,4,214.4832034111023
5863,3.85,8,214.51748394966125
5864,4.6000000000000005,3,214.5442192554474
5865,4.449999999999999,4,214.5700192451477
5866,4.6000000000000005,3,214.5958092212677
5867,3.85,8,214.62741374969482
5868,4.449999999999999,4,214.6562659740448
5869,4.6000000000000005,3,214.68291902542114
5870,3.85,8,214.71929931640625
5871,3.25,12,214.9148666858673
5872,4.75,2,214.94239711761475
5873,4.75,2,214.97875094413757
5874,4.15,6,215.02260518074036
5875,4.449999999999999,4,215.0504128932953
5876,4.0,7,215.09316229820251
5877,4.449999999999999,4,215.1279125213623
5878,4.15,6,215.16596102714539
5879,-1.75,15,215.2151906490326
5880,4.6000000000000005,3,215.24484515190125
5881,3.85,8,215.2784218788147
5882,4.75,2,215.30217051506042
5883,4.3,5,215.3319113254547
5884,4.6000000000000005,3,215.35798811912537
5885,4.6000000000000005,3,215.387305021286
5886,4.449999999999999,4,215.41974210739136
5887,4.449999999999999,4,215.44760513305664
5888,4.449999999999999,4,215.47874236106873
5889,4.75,2,215.50550031661987
5890,4.449999999999999,4,215.54091691970825
5891,4.0,7,215.58001279830933
5892,4.6000000000000005,3,215.6130886077881
5893,4.9,1,215.64039778709412
5894,4.15,6,215.6691279411316
5895,3.85,8,215.70642352104187
5896,4.3,5,215.73234581947327
5897,4.0,7,215.76799750328064
5898,4.6000000000000005,3,215.79981756210327
5899,4.6000000000000005,3,215.8277804851532
5900,4.15,6,215.85961055755615
5901,3.55,10,215.89664816856384
5902,3.6999999999999997,9,215.93126773834229
5903,4.75,2,215.96136164665222
5904,4.75,2,215.98380255699158
5905,3.85,8,216.02105331420898
5906,4.449999999999999,4,216.050847530365
5907,4.449999999999999,4,216.0803928375244
5908,4.449999999999999,4,216.10791325569153
5909,4.6000000000000005,3,216.13463830947876
5910,4.9,1,216.15973472595215
5911,3.6999999999999997,9,216.20608401298523
5912,4.6000000000000005,3,216.24045777320862
5913,4.449999999999999,4,216.26621556282043
5914,3.6999999999999997,9,216.29913878440857
5915,3.4,11,216.33810925483704
5916,3.55,10,216.37327909469604
5917,3.85,8,216.4072504043579
5918,3.25,12,216.4443483352661
5919,4.75,2,216.6169364452362
5920,4.15,6,216.65085315704346
5921,4.6000000000000005,3,216.67813158035278
5922,4.15,6,216.71290040016174
5923,3.6999999999999997,9,216.75019216537476
5924,4.449999999999999,4,216.77994775772095
5925,4.6000000000000005,3,216.8088538646698
5926,4.15,6,216.84021759033203
5927,4.0,7,216.8706419467926
5928,-3.25,6,216.89932012557983
5929,4.449999999999999,4,216.9306709766388
5930,4.449999999999999,4,216.9631917476654
5931,4.75,2,216.99150204658508
5932,4.449999999999999,4,217.02018928527832
5933,4.0,7,217.05731558799744
5934,4.6000000000000005,3,217.0828788280487
5935,4.9,1,217.10788464546204
5936,4.3,5,217.1384789943695
5937,4.6000000000000005,3,217.16387391090393
5938,4.6000000000000005,3,217.19446849822998
5939,4.75,2,217.22154927253723
5940,4.6000000000000005,3,217.25076365470886
5941,4.6000000000000005,3,217.27395820617676
5942,-1.75,15,217.31341528892517
5943,3.85,8,217.3490993976593
5944,4.0,7,217.38053560256958
5945,4.3,5,217.41694045066833
5946,4.3,5,217.4475724697113
5947,4.15,6,217.47813296318054
5948,4.75,2,217.50549411773682
5949,4.3,5,217.53307056427002
5950,-1.75,15,217.5836169719696
5951,4.6000000000000005,3,217.6091125011444
5952,4.15,6,217.64397478103638
5953,-3.2,5,217.67243814468384
5954,3.55,10,217.7097465991974
5955,4.3,5,217.73679184913635
5956,4.3,5,217.76711511611938
5957,4.6000000000000005,3,217.79363083839417
5958,4.6000000000000005,3,217.8187963962555
5959,3.55,10,217.85732674598694
5960,4.15,6,217.88986587524414
5961,4.9,1,217.91629266738892
5962,3.85,8,217.95517230033875
5963,4.75,2,217.9812150001526
5964,4.3,5,218.01362466812134
5965,4.6000000000000005,3,218.0436704158783
5966,4.15,6,218.07498383522034
5967,4.3,5,218.1054060459137
