episode,reward,length,elapsed_seconds
1,-3.0,1,0.03371238708496094
2,4.3,5,0.06729340553283691
3,-3.05,2,0.10170125961303711
4,-3.2,5,0.1366739273071289
5,-3.05,2,0.16180109977722168
6,-3.0,1,0.18811798095703125
7,-3.0,1,0.2131509780883789
8,4.75,2,0.24053287506103516
9,-3.05,2,0.26766347885131836
10,-3.15,4,0.2949187755584717
11,-3.1,3,0.3198690414428711
12,-3.3,7,0.35315871238708496
13,-3.15,4,0.3785889148712158
14,-3.0,1,0.4020848274230957
15,4.75,2,0.42966508865356445
16,4.6000000000000005,3,0.45359349250793457
17,-3.15,4,0.4834117889404297
18,3.85,8,0.5173413753509521
19,-3.05,2,0.5422794818878174
20,-3.05,2,0.5713131427764893
21,-3.0,1,0.5964365005493164
22,-3.0,1,0.619687557220459
23,-3.05,2,0.6451153755187988
24,-3.2,5,0.6738295555114746
25,-3.4,9,0.7060718536376953
26,-3.2,5,0.7341947555541992
27,4.9,1,0.7549519538879395
28,-3.05,2,0.7858219146728516
29,4.75,2,0.810361385345459
30,-3.0,1,0.831700325012207
31,-3.1,3,0.8577234745025635
32,-3.0,1,0.8849506378173828
33,4.6000000000000005,3,0.9170465469360352
34,-3.0,1,0.945960283279419
35,-3.05,2,0.9780986309051514
36,-3.05,2,1.0101146697998047
37,-3.0,1,1.0344741344451904
38,-3.05,2,1.0599877834320068
39,4.449999999999999,4,1.0899782180786133
40,4.15,6,1.1220226287841797
41,4.449999999999999,4,1.1558282375335693
42,-3.0,1,1.176363229751587
43,-3.0,1,1.2013366222381592
44,-3.0,1,1.2260634899139404
45,3.85,8,1.267737627029419
46,4.75,2,1.294886589050293
47,-3.25,6,1.3266286849975586
48,-3.55,12,1.3672704696655273
49,-3.1,3,1.3938376903533936
50,-3.0,1,1.418393611907959
51,-3.2,5,1.454585075378418
52,-3.1,3,1.4880943298339844
53,-3.15,4,1.5167884826660156
54,-3.05,2,1.5451042652130127
55,-3.0,1,1.5679354667663574
56,4.0,7,1.5984766483306885
57,-3.05,2,1.6231939792633057
58,-3.0,1,1.6460468769073486
59,-3.35,8,1.6836953163146973
60,-3.1,3,1.7085275650024414
61,-3.05,2,1.7417628765106201
62,-3.0,1,1.7702984809875488
63,-3.0,1,1.8001294136047363
64,4.6000000000000005,3,1.8335590362548828
65,-3.25,6,1.867344856262207
66,-3.0,1,1.8922441005706787
67,-3.15,4,1.9261524677276611
68,-3.05,2,1.954155445098877
69,-3.2,5,1.9897685050964355
70,4.15,6,2.0289926528930664
71,4.6000000000000005,3,2.0578320026397705
72,4.75,2,2.0845820903778076
73,-3.5,11,2.126832962036133
74,-3.1,3,2.1579480171203613
75,4.15,6,2.194181442260742
76,-3.0,1,2.2209341526031494
77,-3.0,1,2.2438619136810303
78,-3.0,1,2.2684309482574463
79,-3.1,3,2.2906494140625
80,4.449999999999999,4,2.3188564777374268
81,-3.05,2,2.488389253616333
82,-3.0,1,2.509714365005493
83,-3.05,2,2.5337116718292236
84,-3.1,3,2.558716058731079
85,4.0,7,2.5896902084350586
86,-3.2,5,2.619997978210449
87,-3.05,2,2.645495653152466
88,4.6000000000000005,3,2.671682834625244
89,-3.0,1,2.694796562194824
90,-3.2,5,2.7334342002868652
91,4.75,2,2.7623746395111084
92,2.9499999999999997,14,2.8058652877807617
93,-3.05,2,2.8295485973358154
94,4.6000000000000005,3,2.856180191040039
95,-3.6,13,2.8948545455932617
96,-1.75,15,2.94267201423645
97,-3.05,2,2.9705634117126465
98,-3.0,1,2.9993109703063965
99,-3.35,8,3.0330545902252197
100,4.9,1,3.055628538131714
101,-3.05,2,3.080357789993286
102,-3.15,4,3.1069648265838623
103,-3.2,5,3.137125015258789
104,-3.1,3,3.166109561920166
105,-3.2,5,3.202147960662842
106,-3.3,7,3.242771863937378
107,-3.1,3,3.2742061614990234
108,3.55,10,3.317254066467285
109,-3.05,2,3.3426597118377686
110,-3.0,1,3.365621566772461
111,-3.15,4,3.3922007083892822
112,-3.05,2,3.4180760383605957
113,-3.0,1,3.4448401927948
114,-3.05,2,3.476680040359497
115,-3.3,7,3.5110044479370117
116,-3.2,5,3.539527654647827
117,-3.0,1,3.5646097660064697
118,-3.35,8,3.6004483699798584
119,-3.0,1,3.623483419418335
120,-3.4,9,3.659125804901123
121,-3.15,4,3.6881906986236572
122,-3.1,3,3.717158079147339
123,-3.0,1,3.741144895553589
124,-3.0,1,3.768232583999634
125,-3.0,1,3.792057991027832
126,4.6000000000000005,3,3.819401264190674
127,4.3,5,3.8498291969299316
128,4.0,7,3.8823750019073486
129,-3.0,1,3.9032790660858154
130,3.55,10,3.9431707859039307
131,-3.1,3,3.9715769290924072
132,-3.0,1,3.9915990829467773
133,-3.0,1,4.011143922805786
134,4.15,6,4.051969051361084
135,-3.05,2,4.073388338088989
136,4.0,7,4.104942083358765
137,4.9,1,4.131801605224609
138,-3.2,5,4.169931650161743
139,-3.2,5,4.201450347900391
140,-3.05,2,4.225043773651123
141,3.55,10,4.263078451156616
142,-3.1,3,4.289848327636719
143,-3.15,4,4.461117744445801
144,4.75,2,4.488712787628174
145,-3.15,4,4.51909065246582
146,4.6000000000000005,3,4.546047210693359
147,-3.0,1,4.57551121711731
148,-3.0,1,4.6036536693573
149,-3.1,3,4.635408878326416
150,4.449999999999999,4,4.665500164031982
151,3.85,8,4.704713582992554
152,-3.35,8,4.739739179611206
153,-3.05,2,4.7650146484375
154,-3.0,1,4.796535491943359
155,-3.05,2,4.824455261230469
156,-3.0,1,4.853611707687378
157,-3.0,1,4.875384569168091
158,4.6000000000000005,3,4.90470814704895
159,-3.1,3,4.934782981872559
160,-3.0,1,4.955364227294922
161,-3.35,8,4.99277138710022
162,-3.7,15,5.049468755722046
163,-3.0,1,5.077761888504028
164,-3.0,1,5.100828170776367
165,4.15,6,5.13086462020874
166,-3.35,8,5.177351474761963
167,-3.25,6,5.2093048095703125
168,4.6000000000000005,3,5.241653680801392
169,-3.2,5,5.282749652862549
170,-3.65,14,5.3287858963012695
171,-3.3,7,5.364658355712891
172,-3.1,3,5.388831853866577
173,4.449999999999999,4,5.418257474899292
174,4.0,7,5.446561574935913
175,-3.2,5,5.473937749862671
176,-3.05,2,5.505082130432129
177,-3.4,9,5.5424582958221436
178,-3.05,2,5.565647125244141
179,-3.15,4,5.593538522720337
180,3.1,13,5.63472843170166
181,-3.0,1,5.660351276397705
182,-3.0,1,5.682776927947998
183,-3.0,1,5.707618951797485
184,4.75,2,5.732222080230713
185,-3.5,11,5.770180940628052
186,-3.0,1,5.792726278305054
187,-3.25,6,5.823961019515991
188,-1.75,15,5.867793083190918
189,-3.0,1,5.891037940979004
190,3.25,12,5.936319351196289
191,-3.05,2,5.963176012039185
192,-3.25,6,5.993736028671265
193,-3.05,2,6.020297050476074
194,-3.05,2,6.043596029281616
195,-3.4,9,6.07862401008606
196,4.6000000000000005,3,6.103038311004639
197,-3.2,5,6.131265640258789
198,-3.0,1,6.151610851287842
199,-3.05,2,6.323976516723633
200,-3.05,2,6.347110033035278
201,-3.25,6,6.38075590133667
202,-3.5,11,6.4213550090789795
203,4.15,6,6.455154657363892
204,-3.0,1,6.483513832092285
205,-3.0,1,6.5098302364349365
206,-3.0,1,6.536205053329468
207,-3.4,9,6.585027456283569
208,-3.05,2,6.609665632247925
209,-3.0,1,6.63360333442688
210,-3.05,2,6.658646106719971
211,4.3,5,6.696008682250977
212,-3.0,1,6.722134113311768
213,-3.0,1,6.743708372116089
214,3.85,8,6.782186269760132
215,-3.1,3,6.811615705490112
216,4.6000000000000005,3,6.841094493865967
217,4.6000000000000005,3,6.872515678405762
218,-3.3,7,6.908355712890625
219,4.15,6,6.9410858154296875
220,4.75,2,6.972361087799072
221,4.75,2,7.00448751449585
222,-3.0,1,7.029826402664185
223,-3.2,5,7.0575456619262695
224,-3.1,3,7.082409143447876
225,3.1,13,7.123491287231445
226,-3.0,1,7.150094985961914
227,4.15,6,7.183918714523315
228,3.6999999999999997,9,7.219645738601685
229,-3.15,4,7.251590251922607
230,3.25,12,7.296423435211182
231,-3.0,1,7.3205084800720215
232,-3.1,3,7.342615127563477
233,-3.0,1,7.365017414093018
234,-3.1,3,7.3939454555511475
235,-3.25,6,7.425699949264526
236,-3.4,9,7.463086843490601
237,-3.6,13,7.505275011062622
238,4.449999999999999,4,7.534630537033081
239,-3.0,1,7.555744886398315
240,4.449999999999999,4,7.5848069190979
241,-3.0,1,7.606303691864014
242,4.9,1,7.629593372344971
243,-3.0,1,7.652962684631348
244,-3.1,3,7.680697441101074
245,3.6999999999999997,9,7.715496778488159
246,-3.1,3,7.7416486740112305
247,-3.0,1,7.765652656555176
248,-3.05,2,7.789007902145386
249,-3.0,1,7.811756134033203
250,-3.4,9,7.846294403076172
251,-3.25,6,7.885649681091309
252,-3.0,1,7.912643194198608
253,-3.0,1,7.9353179931640625
254,-3.1,3,7.965442657470703
255,-3.0,1,7.992797374725342
256,-3.0,1,8.017845630645752
257,4.9,1,8.052819013595581
258,-1.75,15,8.09922194480896
259,-3.1,3,8.13266658782959
260,-3.35,8,8.180256843566895
261,-3.15,4,8.366929531097412
262,2.8,15,8.409226417541504
263,-3.05,2,8.434297561645508
264,-3.2,5,8.462559461593628
265,-3.05,2,8.487168073654175
266,-3.05,2,8.512253761291504
267,-3.0,1,8.533949851989746
268,-3.1,3,8.559267520904541
269,-3.1,3,8.587088346481323
270,4.15,6,8.617359399795532
271,-3.0,1,8.640681505203247
272,4.449999999999999,4,8.665782451629639
273,-3.05,2,8.688916444778442
274,-3.2,5,8.717009782791138
275,4.0,7,8.754784107208252
276,-3.15,4,8.78494143486023
277,-3.15,4,8.816032648086548
278,3.6999999999999997,9,8.855642557144165
279,-3.15,4,8.887549638748169
280,-3.2,5,8.921071290969849
281,-3.05,2,8.943902254104614
282,-3.05,2,8.975799798965454
283,-3.0,1,9.00167202949524
284,-3.05,2,9.024213552474976
285,3.85,8,9.062520027160645
286,-3.7,15,9.106214761734009
287,-3.45,10,9.14516305923462
288,-3.0,1,9.17123794555664
289,-3.35,8,9.21342158317566
290,-3.05,2,9.240776777267456
291,4.9,1,9.264061689376831
292,-3.05,2,9.285864114761353
293,-3.0,1,9.307778596878052
294,-1.75,15,9.360703229904175
295,-3.15,4,9.391143321990967
296,4.0,7,9.420869588851929
297,-1.75,15,9.467529296875
298,-3.1,3,9.493542671203613
299,3.55,10,9.536311149597168
300,-3.15,4,9.563460111618042
301,-3.1,3,9.588615894317627
302,-3.0,1,9.61424469947815
303,3.6999999999999997,9,9.65610122680664
304,-3.2,5,9.689342498779297
305,3.4,11,9.729776859283447
306,-3.1,3,9.756986856460571
307,-3.2,5,9.787696599960327
308,-3.2,5,9.81649374961853
309,3.1,13,9.86175799369812
310,-3.0,1,9.885754108428955
311,4.3,5,10.075663328170776
312,-3.45,10,10.119235277175903
313,-3.2,5,10.145962715148926
314,3.4,11,10.183585405349731
315,4.15,6,10.217323780059814
316,-3.1,3,10.243761539459229
317,-3.1,3,10.267627000808716
318,-3.05,2,10.288574695587158
319,-3.05,2,10.315807819366455
320,4.6000000000000005,3,10.338097333908081
321,-3.6,13,10.377127647399902
322,-1.75,15,10.416522741317749
323,-3.0,1,10.438535928726196
324,-3.05,2,10.464773654937744
325,3.6999999999999997,9,10.498721599578857
326,-3.3,7,10.528183698654175
327,-3.2,5,10.556890487670898
328,3.85,8,10.590779542922974
329,-3.1,3,10.615455389022827
330,-3.15,4,10.646100282669067
331,-3.0,1,10.669684410095215
332,-3.25,6,10.699539422988892
333,3.25,12,10.73717713356018
334,-3.3,7,10.77210521697998
335,-3.15,4,10.799842834472656
336,-3.3,7,10.829978704452515
337,-3.25,6,10.858047246932983
338,4.3,5,10.890552282333374
339,-3.7,15,10.935285568237305
340,-3.05,2,10.958547353744507
341,-3.1,3,10.98909592628479
342,-3.45,10,11.031306982040405
343,-3.35,8,11.074182033538818
344,-3.15,4,11.106327056884766
345,-3.0,1,11.133133888244629
346,4.6000000000000005,3,11.165587663650513
347,-3.35,8,11.202061891555786
348,-3.0,1,11.234242916107178
349,3.85,8,11.277634859085083
350,-3.3,7,11.318452596664429
351,-3.3,7,11.351852178573608
352,3.85,8,11.391086101531982
353,-3.5,11,11.59927225112915
354,-1.75,15,11.658081293106079
355,-3.1,3,11.684197425842285
356,-3.25,6,11.717296600341797
357,-3.25,6,11.749250411987305
358,-3.0,1,11.770302772521973
359,4.15,6,11.801442384719849
360,-3.25,6,11.835100650787354
361,-3.05,2,11.861521244049072
362,-3.15,4,11.887939691543579
363,-3.3,7,11.920311689376831
364,-3.15,4,11.947732210159302
365,-3.3,7,11.978219985961914
366,-3.4,9,12.011770486831665
367,-3.55,12,12.049692630767822
368,-3.1,3,12.072243690490723
369,4.0,7,12.105201005935669
370,4.75,2,12.129112005233765
371,-3.05,2,12.152373552322388
372,-3.0,1,12.17763066291809
373,-3.3,7,12.208230257034302
374,4.0,7,12.240552186965942
375,-3.15,4,12.274015426635742
376,4.15,6,12.307263374328613
377,3.55,10,12.347481489181519
378,4.449999999999999,4,12.37548303604126
379,-3.4,9,12.41487979888916
380,3.25,12,12.454548597335815
381,-3.15,4,12.485211849212646
382,3.4,11,12.521361351013184
383,3.6999999999999997,9,12.559647798538208
384,4.6000000000000005,3,12.587409257888794
385,-3.1,3,12.619834184646606
386,4.15,6,12.654832601547241
387,-3.05,2,12.686312437057495
388,-3.05,2,12.71435284614563
389,-3.15,4,12.741515398025513
390,-3.5,11,12.780464887619019
391,-3.45,10,12.823123455047607
392,-3.35,8,12.857845067977905
393,-3.2,5,12.889761924743652
394,-3.05,2,12.915894746780396
395,-3.2,5,12.945724725723267
396,3.55,10,13.142427444458008
397,3.6999999999999997,9,13.187090873718262
398,-3.45,10,13.240187406539917
399,-3.4,9,13.272902727127075
400,-3.65,14,13.318256616592407
401,-3.35,8,13.35104250907898
402,-3.4,9,13.38710331916809
403,4.0,7,13.417484760284424
404,-3.45,10,13.452779054641724
405,4.15,6,13.484640121459961
406,-3.4,9,13.521428346633911
407,-3.05,2,13.546794176101685
408,-3.1,3,13.571276187896729
409,-3.35,8,13.607574462890625
410,-3.15,4,13.641108989715576
411,-3.0,1,13.67136263847351
412,-3.05,2,13.695985555648804
413,4.6000000000000005,3,13.72287130355835
414,4.3,5,13.760536432266235
415,-3.7,15,13.807643413543701
416,3.4,11,13.848976135253906
417,-3.0,1,13.871672630310059
418,3.55,10,13.914595127105713
419,-3.15,4,13.941878080368042
420,4.75,2,13.972542524337769
421,-3.1,3,14.004335403442383
422,-3.65,14,14.055645942687988
423,-3.25,6,14.089665412902832
424,-3.0,1,14.109776496887207
425,-3.15,4,14.137140274047852
426,-3.1,3,14.162833213806152
427,-3.15,4,14.189541816711426
428,3.4,11,14.235891342163086
429,4.6000000000000005,3,14.264246940612793
430,4.6000000000000005,3,14.297627687454224
431,-3.1,3,14.32562780380249
432,3.1,13,14.366932153701782
433,-3.25,6,14.395654678344727
434,-3.35,8,14.43245244026184
435,-3.1,3,14.46436357498169
436,4.0,7,14.679192066192627
437,4.75,2,14.70749282836914
438,-3.5,11,14.756243467330933
439,-3.25,6,14.798076391220093
440,-3.25,6,14.831562995910645
441,4.0,7,14.869821786880493
442,3.55,10,14.907336711883545
443,3.4,11,14.95267939567566
444,-3.6,13,14.994724988937378
445,4.15,6,15.028186559677124
446,-3.1,3,15.056003093719482
447,4.6000000000000005,3,15.08462405204773
448,3.55,10,15.12053394317627
449,4.3,5,15.150967121124268
450,-3.15,4,15.177085876464844
451,-3.05,2,15.20175814628601
452,4.3,5,15.229925632476807
453,-3.15,4,15.25818920135498
454,3.55,10,15.296010732650757
455,-3.25,6,15.324619770050049
456,-3.4,9,15.357505798339844
457,4.3,5,15.387408971786499
458,-3.2,5,15.417721271514893
459,-3.2,5,15.450376510620117
460,3.6999999999999997,9,15.48365068435669
461,-3.5,11,15.518630504608154
462,-3.35,8,15.55612587928772
463,-3.0,1,15.578305006027222
464,-3.1,3,15.603684663772583
465,-3.4,9,15.645816802978516
466,-3.1,3,15.66979169845581
467,-3.0,1,15.695829391479492
468,3.25,12,15.734201431274414
469,4.75,2,15.757622003555298
470,4.75,2,15.782660484313965
471,-3.35,8,15.817372798919678
472,-3.35,8,15.852571725845337
473,-3.65,14,15.898410558700562
474,-3.4,9,15.9380362033844
475,-3.65,14,16.168090343475342
476,-3.5,11,16.20544123649597
477,3.85,8,16.24000883102417
478,4.3,5,16.272791862487793
479,-3.0,1,16.3042094707489
480,4.449999999999999,4,16.331302642822266
481,-3.1,3,16.35568404197693
482,4.0,7,16.38725447654724
483,-3.45,10,16.4215726852417
484,4.9,1,16.444539070129395
485,-3.3,7,16.48042893409729
486,-3.0,1,16.50416588783264
487,-3.0,1,16.528563261032104
488,3.25,12,16.568387031555176
489,-3.7,15,16.61111354827881
490,-3.4,9,16.64752960205078
491,-3.0,1,16.667503595352173
492,4.15,6,16.69594645500183
493,-3.25,6,16.728435754776
494,-3.35,8,16.75834894180298
495,3.55,10,16.803348541259766
496,-3.15,4,16.83142638206482
497,-3.25,6,16.85861873626709
498,-3.05,2,16.88485360145569
499,-3.3,7,16.913975954055786
500,-3.45,10,16.95149874687195
501,-1.75,15,16.992687225341797
502,-3.45,10,17.029131412506104
503,4.0,7,17.064223289489746
504,-1.75,15,17.113749027252197
505,3.85,8,17.151590585708618
506,-3.45,10,17.189809560775757
507,-3.25,6,17.221375465393066
508,3.4,11,17.2575945854187
509,-3.2,5,17.291204690933228
510,-3.05,2,17.320209503173828
511,-3.3,7,17.501953840255737
512,-3.05,2,17.52733850479126
513,-3.6,13,17.583144664764404
514,-3.05,2,17.617032051086426
515,-3.05,2,17.64678978919983
516,-3.1,3,17.67287826538086
517,-3.25,6,17.704179525375366
518,-3.0,1,17.726321935653687
519,4.75,2,17.754153728485107
520,4.449999999999999,4,17.784644603729248
521,-3.3,7,17.822705268859863
522,-3.25,6,17.85505437850952
523,-3.05,2,17.889788389205933
524,3.25,12,17.94209623336792
525,-3.15,4,17.972734689712524
526,4.3,5,18.00634217262268
527,-3.55,12,18.055434942245483
528,4.75,2,18.087653636932373
529,4.6000000000000005,3,18.116955995559692
530,4.0,7,18.151784658432007
531,4.9,1,18.180236101150513
532,-3.5,11,18.222137689590454
533,4.449999999999999,4,18.251718282699585
534,-3.1,3,18.276079654693604
535,3.25,12,18.31868577003479
536,3.6999999999999997,9,18.357030153274536
537,3.25,12,18.396641492843628
538,3.85,8,18.43120288848877
539,-3.35,8,18.462661743164062
540,-3.65,14,18.51596236228943
541,4.3,5,18.547551155090332
542,-3.0,1,18.5696017742157
543,-1.75,15,18.614094257354736
544,-3.35,8,18.647645711898804
545,4.15,6,18.682519912719727
546,3.6999999999999997,9,18.715608835220337
547,4.3,5,18.74557089805603
548,3.55,10,18.781662940979004
549,-3.0,1,18.806097745895386
550,-3.45,10,18.838488578796387
551,-3.25,6,19.046356201171875
552,3.55,10,19.093231439590454
553,-3.05,2,19.119019269943237
554,4.6000000000000005,3,19.150569438934326
555,4.15,6,19.187942028045654
556,-3.45,10,19.22938561439514
557,-3.25,6,19.26410412788391
558,-3.4,9,19.301896333694458
559,4.3,5,19.336968898773193
560,-3.25,6,19.37313461303711
561,4.6000000000000005,3,19.406723022460938
562,-3.15,4,19.435157775878906
563,4.15,6,19.468749284744263
564,-3.3,7,19.501770496368408
565,-3.0,1,19.52809476852417
566,-3.05,2,19.551672220230103
567,-3.25,6,19.584296464920044
568,-3.25,6,19.626254320144653
569,4.449999999999999,4,19.664883136749268
570,-3.5,11,19.703400373458862
571,4.449999999999999,4,19.735035181045532
572,3.6999999999999997,9,19.77046823501587
573,-1.75,15,19.822143077850342
574,-3.25,6,19.85896325111389
575,3.85,8,19.89361548423767
576,-3.2,5,19.92781352996826
577,-3.05,2,19.952762842178345
578,-3.55,12,19.99034023284912
579,4.449999999999999,4,20.02315926551819
580,-3.55,12,20.06184959411621
581,-3.1,3,20.088589429855347
582,-3.0,1,20.117602825164795
583,-3.2,5,20.15131711959839
584,3.85,8,20.18527364730835
585,-1.75,15,20.232410430908203
586,-3.05,2,20.260143756866455
587,-1.75,15,20.307215929031372
588,-3.4,9,20.3399817943573
589,-3.4,9,20.376492261886597
590,-3.4,9,20.582714080810547
591,3.25,12,20.635314464569092
592,4.0,7,20.67912793159485
593,4.0,7,20.749790906906128
594,-3.2,5,20.794548988342285
595,-3.1,3,20.833913326263428
596,-3.1,3,20.872501611709595
597,4.15,6,20.918079614639282
598,3.85,8,20.96090865135193
599,-3.7,15,21.013944387435913
600,-3.3,7,21.05139398574829
601,4.3,5,21.088562488555908
602,4.9,1,21.122750997543335
603,-3.2,5,21.15405821800232
604,-3.05,2,21.179187059402466
605,3.4,11,21.225999116897583
606,3.6999999999999997,9,21.266132354736328
607,-3.45,10,21.30707812309265
608,-3.15,4,21.33833646774292
609,-3.3,7,21.371958017349243
610,4.75,2,21.400187253952026
611,4.449999999999999,4,21.440061569213867
612,4.0,7,21.474050045013428
613,-3.3,7,21.507195472717285
614,4.75,2,21.535928964614868
615,3.6999999999999997,9,21.57639741897583
616,2.9499999999999997,14,21.621081829071045
617,4.0,7,21.656111001968384
618,-3.05,2,21.682377338409424
619,4.449999999999999,4,21.712955236434937
620,-3.05,2,21.740369081497192
621,3.4,11,21.781928062438965
622,-3.3,7,21.813451051712036
623,-3.2,5,21.838942766189575
624,-3.0,1,21.860804319381714
625,3.55,10,21.89738368988037
626,3.6999999999999997,9,21.933982610702515
627,-3.45,10,21.970855951309204
628,4.15,6,22.00307035446167
629,3.6999999999999997,9,22.18478488922119
630,-3.0,1,22.20625352859497
631,-1.75,15,22.25613307952881
632,4.0,7,22.29091739654541
633,-3.25,6,22.32091498374939
634,-3.1,3,22.346246004104614
635,2.9499999999999997,14,22.39317035675049
636,-3.45,10,22.43588423728943
637,-3.35,8,22.473384380340576
638,-3.55,12,22.515954971313477
639,-3.2,5,22.54570746421814
640,-3.55,12,22.586376667022705
641,4.3,5,22.620727062225342
642,-3.05,2,22.643935203552246
643,4.75,2,22.668758630752563
644,-3.1,3,22.69556999206543
645,-3.3,7,22.72857165336609
646,-3.05,2,22.754643201828003
647,3.85,8,22.79157829284668
648,-3.4,9,22.832695484161377
649,4.0,7,22.86544895172119
650,-3.05,2,22.892829418182373
651,-3.4,9,22.93363642692566
652,-3.4,9,22.97170639038086
653,-3.0,1,22.99528217315674
654,4.0,7,23.02942943572998
655,3.6999999999999997,9,23.064730882644653
656,-3.65,14,23.11447310447693
657,4.15,6,23.145350456237793
658,-3.35,8,23.188026428222656
659,4.449999999999999,4,23.219297885894775
660,3.4,11,23.255142211914062
661,3.55,10,23.293226957321167
662,-3.55,12,23.333388566970825
663,3.55,10,23.369234561920166
664,-1.75,15,23.560614109039307
665,-3.15,4,23.593313932418823
666,-3.4,9,23.639852046966553
667,3.6999999999999997,9,23.674394130706787
668,4.6000000000000005,3,23.703291654586792
669,-3.15,4,23.730663537979126
670,-3.05,2,23.75460171699524
671,-3.05,2,23.77795171737671
672,-3.1,3,23.804258108139038
673,-3.45,10,23.84212303161621
674,-3.1,3,23.867408514022827
675,4.6000000000000005,3,23.896846771240234
676,-3.15,4,23.927486181259155
677,-3.3,7,23.96824598312378
678,4.15,6,24.01262664794922
679,3.55,10,24.050129652023315
680,-3.25,6,24.082871675491333
681,4.15,6,24.11665678024292
682,-3.3,7,24.147135257720947
683,-3.3,7,24.183592796325684
684,3.4,11,24.22121286392212
685,4.75,2,24.24935269355774
686,-3.15,4,24.28467297554016
687,3.6999999999999997,9,24.32023596763611
688,-3.1,3,24.35408926010132
689,-3.3,7,24.39237928390503
690,-3.05,2,24.417721271514893
691,-3.45,10,24.457781076431274
692,-3.05,2,24.484730005264282
693,-3.6,13,24.523234367370605
694,-3.5,11,24.56410574913025
695,3.85,8,24.600956678390503
696,-3.3,7,24.636605978012085
697,-3.0,1,24.661900520324707
698,4.449999999999999,4,24.686645030975342
699,-3.0,1,24.70868992805481
700,-3.35,8,24.747600317001343
701,-3.2,5,24.776962280273438
702,4.15,6,24.80863046646118
703,4.449999999999999,4,24.840317010879517
704,-3.1,3,24.868531227111816
705,-3.55,12,24.909701347351074
706,-3.0,1,24.933002948760986
707,4.75,2,24.963091135025024
708,-3.45,10,25.14888072013855
709,3.6999999999999997,9,25.182689666748047
710,-3.4,9,25.216733932495117
711,-3.3,7,25.247421741485596
712,-3.0,1,25.268559455871582
713,4.15,6,25.29960012435913
714,4.449999999999999,4,25.32339310646057
715,4.15,6,25.356731414794922
716,-3.25,6,25.387555599212646
717,4.15,6,25.41932225227356
718,-3.1,3,25.451794624328613
719,4.0,7,25.488539695739746
720,-3.2,5,25.522845029830933
721,-3.15,4,25.55699634552002
722,-3.15,4,25.590665102005005
723,-3.6,13,25.646111965179443
724,-3.05,2,25.669652938842773
725,3.55,10,25.707053184509277
726,4.15,6,25.74207329750061
727,-3.1,3,25.76820158958435
728,4.15,6,25.799329042434692
729,-3.5,11,25.837608814239502
730,-3.35,8,25.87789249420166
731,-3.15,4,25.90682554244995
732,4.6000000000000005,3,25.937386512756348
733,-3.0,1,25.960182428359985
734,-3.05,2,25.991824865341187
735,3.25,12,26.03279161453247
736,-3.4,9,26.068785905838013
737,-3.55,12,26.109732627868652
738,4.15,6,26.139660596847534
739,-3.6,13,26.180111169815063
740,-3.05,2,26.203071355819702
741,-3.65,14,26.24807095527649
742,3.6999999999999997,9,26.279942512512207
743,-3.15,4,26.30597972869873
744,4.3,5,26.34001111984253
745,-3.45,10,26.377426385879517
746,3.55,10,26.572416067123413
747,-3.05,2,26.602123022079468
748,-3.2,5,26.633700370788574
749,4.6000000000000005,3,26.65936255455017
750,4.9,1,26.681371927261353
751,-3.2,5,26.71401834487915
752,-3.25,6,26.746622562408447
753,-3.15,4,26.770884037017822
754,-3.1,3,26.799953937530518
755,3.25,12,26.83958649635315
756,4.6000000000000005,3,26.86896848678589
757,-3.25,6,26.90389633178711
758,3.6999999999999997,9,26.93794274330139
759,-3.65,14,26.98464560508728
760,-3.05,2,27.008673429489136
761,4.449999999999999,4,27.036598920822144
762,-3.25,6,27.071895122528076
763,-3.2,5,27.105942964553833
764,-3.4,9,27.147852897644043
765,4.449999999999999,4,27.17690110206604
766,4.0,7,27.212517499923706
767,-3.0,1,27.236955881118774
768,-3.0,1,27.261170625686646
769,-3.05,2,27.285091400146484
770,-3.5,11,27.325332164764404
771,4.449999999999999,4,27.357946157455444
772,-3.2,5,27.3878116607666
773,-3.55,12,27.429431438446045
774,4.15,6,27.45933961868286
775,-3.2,5,27.49710726737976
776,3.55,10,27.535585641860962
777,3.85,8,27.57445192337036
778,-3.25,6,27.60288715362549
779,-3.15,4,27.628565073013306
780,4.0,7,27.659313440322876
781,-3.15,4,27.688201904296875
782,4.0,7,27.72176456451416
783,-3.05,2,27.748350858688354
784,-3.35,8,27.782115936279297
785,-3.4,9,27.820920705795288
786,-3.4,9,27.86004066467285
787,4.15,6,27.89154028892517
788,4.15,6,27.93151044845581
789,4.15,6,27.968657970428467
790,3.85,8,28.171491384506226
791,-3.05,2,28.20447826385498
792,4.6000000000000005,3,28.233996152877808
793,-3.0,1,28.262258052825928
794,4.0,7,28.295706748962402
795,3.4,11,28.333820104599
796,-3.1,3,28.359923601150513
797,3.6999999999999997,9,28.39369249343872
798,-3.25,6,28.42414140701294
799,4.0,7,28.456779718399048
800,4.15,6,28.48862361907959
801,-3.0,1,28.515904188156128
802,4.15,6,28.544646501541138
803,-3.4,9,28.58468461036682
804,-3.0,1,28.61078429222107
805,3.85,8,28.64829921722412
806,3.4,11,28.69749402999878
807,-3.45,10,28.73469090461731
808,4.449999999999999,4,28.762800931930542
809,-3.3,7,28.798405408859253
810,-3.1,3,28.8305561542511
811,-3.0,1,28.853030920028687
812,4.6000000000000005,3,28.884276628494263
813,-3.55,12,28.927369117736816
814,-3.1,3,28.953916549682617
815,-3.1,3,28.984221935272217
816,-3.15,4,29.01564311981201
817,4.3,5,29.053932666778564
818,4.15,6,29.088507652282715
819,4.15,6,29.118632078170776
820,-3.25,6,29.15258240699768
821,-3.05,2,29.17762780189514
822,-3.3,7,29.21638512611389
823,4.0,7,29.254122734069824
824,-3.2,5,29.2878634929657
825,-3.2,5,29.316081523895264
826,-3.0,1,29.3381609916687
827,-3.05,2,29.369593858718872
828,4.15,6,29.39702081680298
829,3.85,8,29.4310405254364
830,-3.05,2,29.45243740081787
831,4.3,5,29.4792902469635
832,-3.1,3,29.503915548324585
833,3.6999999999999997,9,29.54101586341858
834,3.55,10,29.581042528152466
835,-3.15,4,29.616596221923828
836,-3.3,7,29.648858547210693
837,4.449999999999999,4,29.83790898323059
838,-3.2,5,29.8685040473938
839,3.55,10,29.908846616744995
840,4.0,7,29.942139863967896
841,-3.25,6,29.972453832626343
842,-3.35,8,30.00551199913025
843,-3.2,5,30.033931016921997
844,3.4,11,30.06881284713745
845,-3.0,1,30.09477424621582
846,-3.35,8,30.130943059921265
847,4.15,6,30.16238784790039
848,4.449999999999999,4,30.192837476730347
849,-3.0,1,30.220662355422974
850,-3.2,5,30.262255430221558
851,4.75,2,30.293299913406372
852,-3.0,1,30.320967197418213
853,-3.2,5,30.352139234542847
854,-3.3,7,30.38694453239441
855,-3.05,2,30.415274620056152
856,-3.0,1,30.443202018737793
857,4.15,6,30.473907232284546
858,-3.25,6,30.50406789779663
859,-3.0,1,30.531853437423706
860,4.449999999999999,4,30.563206911087036
861,-1.75,15,30.609728813171387
862,3.4,11,30.650714874267578
863,-3.35,8,30.684088945388794
864,-3.35,8,30.718313217163086
865,4.0,7,30.759527444839478
866,-3.25,6,30.787962913513184
867,-3.1,3,30.81499457359314
868,-3.4,9,30.849888563156128
869,-3.15,4,30.87568974494934
870,-3.1,3,30.900975704193115
871,-3.25,6,30.930176973342896
872,-3.35,8,30.959139347076416
873,4.6000000000000005,3,30.98407244682312
874,4.6000000000000005,3,31.00751495361328
875,3.4,11,31.04679012298584
876,4.15,6,31.083310842514038
877,4.6000000000000005,3,31.107078790664673
878,4.6000000000000005,3,31.135818481445312
879,-3.35,8,31.17022204399109
880,2.9499999999999997,14,31.21476101875305
881,4.3,5,31.404741048812866
882,2.9499999999999997,14,31.45388960838318
883,4.75,2,31.479432582855225
884,3.85,8,31.51331090927124
885,-3.4,9,31.549658060073853
886,-3.2,5,31.579280853271484
887,3.4,11,31.61839723587036
888,3.55,10,31.65901827812195
889,4.449999999999999,4,31.69581389427185
890,-3.45,10,31.73708438873291
891,4.15,6,31.77449655532837
892,-3.25,6,31.813056230545044
893,4.449999999999999,4,31.842252731323242
894,-3.2,5,31.870964527130127
895,-3.55,12,31.915082931518555
896,3.6999999999999997,9,31.95666790008545
897,-3.2,5,31.986403942108154
898,-3.3,7,32.02715611457825
899,3.85,8,32.06685185432434
900,-3.3,7,32.100321769714355
901,-3.5,11,32.144248962402344
902,-3.4,9,32.18334221839905
903,-3.6,13,32.22921109199524
904,-3.2,5,32.261998414993286
905,4.75,2,32.28583788871765
906,-3.45,10,32.31899166107178
907,-3.0,1,32.34304141998291
908,-3.1,3,32.36860728263855
909,4.3,5,32.39794182777405
910,-3.35,8,32.42924165725708
911,3.6999999999999997,9,32.46310591697693
912,-3.3,7,32.496593952178955
913,3.4,11,32.53721237182617
914,4.3,5,32.56621313095093
915,4.3,5,32.599343061447144
916,3.85,8,32.63978838920593
917,4.6000000000000005,3,32.824121713638306
918,3.6999999999999997,9,32.860594034194946
919,4.449999999999999,4,32.884517192840576
920,3.55,10,32.92655897140503
921,-3.05,2,32.94871664047241
922,-3.35,8,32.981677293777466
923,4.15,6,33.012709856033325
924,3.6999999999999997,9,33.04972052574158
925,-3.25,6,33.08121633529663
926,-3.25,6,33.10947394371033
927,-3.35,8,33.14624285697937
928,-3.2,5,33.18168115615845
929,3.85,8,33.217114210128784
930,4.449999999999999,4,33.24512982368469
931,3.85,8,33.280263900756836
932,-3.3,7,33.31705164909363
933,-3.0,1,33.33881139755249
934,4.449999999999999,4,33.367478132247925
935,-3.0,1,33.39409804344177
936,4.3,5,33.42816162109375
937,-3.2,5,33.45698380470276
938,-3.25,6,33.487167835235596
939,4.3,5,33.518404722213745
940,3.55,10,33.55486488342285
941,4.15,6,33.5940215587616
942,4.3,5,33.62781262397766
943,-3.35,8,33.66266322135925
944,4.6000000000000005,3,33.68595886230469
945,-3.4,9,33.719233751297
946,3.25,12,33.76445031166077
947,4.3,5,33.789453744888306
948,4.449999999999999,4,33.819191217422485
949,-3.05,2,33.84534215927124
950,-3.5,11,33.88428473472595
951,-3.25,6,33.915186405181885
952,4.449999999999999,4,33.94510293006897
953,-3.15,4,33.96986627578735
954,-3.2,5,34.00049710273743
955,4.3,5,34.03179860115051
956,3.55,10,34.06809902191162
957,3.55,10,34.104872703552246
958,-3.2,5,34.137991428375244
959,4.3,5,34.32108926773071
960,3.85,8,34.35403752326965
961,-3.2,5,34.3825740814209
962,-3.25,6,34.41467499732971
963,-3.25,6,34.44399690628052
964,-3.6,13,34.484249114990234
965,-3.0,1,34.507397413253784
966,-3.2,5,34.53521466255188
967,4.0,7,34.567378759384155
968,4.15,6,34.60162615776062
969,4.3,5,34.634745359420776
970,4.449999999999999,4,34.664334774017334
971,-3.2,5,34.6931254863739
972,-3.5,11,34.73406410217285
973,4.449999999999999,4,34.76724410057068
974,4.9,1,34.79315185546875
975,3.85,8,34.830623626708984
976,-3.25,6,34.86525297164917
977,-3.6,13,34.916404008865356
978,-3.2,5,34.94926977157593
979,4.0,7,34.99067187309265
980,-3.15,4,35.02712440490723
981,-3.35,8,35.06236004829407
982,-3.2,5,35.09172797203064
983,-3.45,10,35.13838815689087
984,3.85,8,35.17486882209778
985,-3.15,4,35.203333616256714
986,-3.15,4,35.23302745819092
987,3.55,10,35.268535137176514
988,4.449999999999999,4,35.29440641403198
989,4.449999999999999,4,35.321110248565674
990,-3.2,5,35.35341787338257
991,3.6999999999999997,9,35.38971519470215
992,4.6000000000000005,3,35.418519258499146
993,-3.55,12,35.46048045158386
994,-3.1,3,35.48663926124573
995,-3.25,6,35.517646074295044
996,-3.35,8,35.552711963653564
997,4.3,5,35.58519625663757
998,4.15,6,35.61369252204895
999,4.449999999999999,4,35.642739057540894
1000,4.449999999999999,4,35.6687273979187
1001,4.449999999999999,4,35.84197950363159
1002,-3.25,6,35.87826895713806
1003,4.15,6,35.911498069763184
1004,4.449999999999999,4,35.93780279159546
1005,-3.35,8,35.97299885749817
1006,-3.4,9,36.00985550880432
1007,-3.25,6,36.03724217414856
1008,4.449999999999999,4,36.06830716133118
1009,-3.15,4,36.09651565551758
1010,-3.3,7,36.12654089927673
1011,4.0,7,36.157691955566406
1012,3.6999999999999997,9,36.1918044090271
1013,3.55,10,36.227251052856445
1014,-3.15,4,36.25237512588501
1015,4.0,7,36.2837290763855
1016,-3.25,6,36.312241077423096
1017,-3.35,8,36.34519624710083
1018,-3.4,9,36.37830400466919
1019,-3.35,8,36.41067624092102
1020,-3.15,4,36.43950963020325
1021,-3.2,5,36.467209339141846
1022,-3.15,4,36.49590277671814
1023,-3.2,5,36.531899213790894
1024,-3.25,6,36.56713533401489
1025,4.0,7,36.60159516334534
1026,-3.0,1,36.627163887023926
1027,-3.25,6,36.66205334663391
1028,4.3,5,36.699596881866455
1029,4.9,1,36.726255893707275
1030,3.85,8,36.76792788505554
1031,-3.05,2,36.79696083068848
1032,4.0,7,36.843690395355225
1033,4.3,5,36.87137222290039
1034,-3.2,5,36.90277814865112
1035,-3.2,5,36.93331861495972
1036,-3.55,12,36.976022720336914
1037,4.15,6,37.006800174713135
1038,-3.25,6,37.035115003585815
1039,3.85,8,37.07015895843506
1040,4.6000000000000005,3,37.09884285926819
1041,3.6999999999999997,9,37.13426876068115
1042,-3.35,8,37.1738543510437
1043,-3.1,3,37.20985531806946
1044,4.449999999999999,4,37.39380955696106
1045,4.6000000000000005,3,37.422940492630005
1046,-3.15,4,37.451255559921265
1047,4.3,5,37.485795974731445
1048,-3.0,1,37.51193714141846
1049,-3.05,2,37.53701448440552
1050,4.15,6,37.56918144226074
1051,-3.2,5,37.59842348098755
1052,-3.3,7,37.63148045539856
1053,4.15,6,37.66301894187927
1054,4.449999999999999,4,37.69667410850525
1055,4.449999999999999,4,37.73023843765259
1056,3.85,8,37.76490259170532
1057,4.75,2,37.78931403160095
1058,2.8,15,37.83433127403259
1059,4.3,5,37.865375995635986
1060,-3.25,6,37.89851093292236
1061,-3.45,10,37.93708634376526
1062,-3.15,4,37.970924377441406
1063,4.6000000000000005,3,38.00251317024231
1064,-3.65,14,38.05231308937073
1065,-3.15,4,38.0849826335907
1066,3.55,10,38.12874507904053
1067,3.4,11,38.17836403846741
1068,-3.2,5,38.20980501174927
1069,3.1,13,38.255462884902954
1070,-3.15,4,38.28451466560364
1071,-3.1,3,38.30940008163452
1072,4.15,6,38.34244465827942
1073,4.15,6,38.3721661567688
1074,-3.3,7,38.40624737739563
1075,-3.25,6,38.4385244846344
1076,-3.65,14,38.48710250854492
1077,-3.15,4,38.514434576034546
1078,-3.2,5,38.544076442718506
1079,4.0,7,38.58358931541443
1080,-3.3,7,38.61664867401123
1081,3.85,8,38.650684118270874
1082,-3.3,7,38.684391021728516
1083,-3.55,12,38.72597646713257
1084,-3.5,11,38.91512727737427
1085,3.6999999999999997,9,38.949803829193115
1086,-3.1,3,38.976887226104736
1087,-3.4,9,39.01535487174988
1088,4.15,6,39.04416036605835
1089,4.449999999999999,4,39.07382297515869
1090,4.3,5,39.1070990562439
1091,-1.75,15,39.148826599121094
1092,4.3,5,39.1789116859436
1093,-3.6,13,39.217050075531006
1094,4.0,7,39.2473247051239
1095,-3.25,6,39.278351068496704
1096,-3.25,6,39.30723333358765
1097,-3.4,9,39.3449501991272
1098,-3.6,13,39.3834490776062
1099,3.85,8,39.41621112823486
1100,-3.05,2,39.437575817108154
1101,-3.5,11,39.48006772994995
1102,4.0,7,39.5132691860199
1103,-3.45,10,39.554165840148926
1104,4.3,5,39.58267593383789
1105,-3.1,3,39.61112308502197
1106,4.15,6,39.64647555351257
1107,4.449999999999999,4,39.68265414237976
1108,-3.45,10,39.731372356414795
1109,-3.15,4,39.76101303100586
1110,-3.3,7,39.797784090042114
1111,3.85,8,39.83719539642334
1112,4.0,7,39.87266206741333
1113,3.55,10,39.91693997383118
1114,-3.1,3,39.94657635688782
1115,3.55,10,39.98958134651184
1116,4.3,5,40.0230758190155
1117,4.6000000000000005,3,40.051313161849976
1118,4.449999999999999,4,40.08312940597534
1119,4.15,6,40.115092039108276
1120,-3.5,11,40.30992388725281
1121,-3.0,1,40.3313262462616
1122,4.3,5,40.358521461486816
1123,4.3,5,40.390347719192505
1124,-3.05,2,40.41353416442871
1125,3.4,11,40.45050024986267
1126,4.15,6,40.48087120056152
1127,-3.2,5,40.510544776916504
1128,3.25,12,40.549559593200684
1129,-3.3,7,40.58275580406189
1130,-3.15,4,40.60632061958313
1131,4.449999999999999,4,40.63501715660095
1132,-3.1,3,40.659300565719604
1133,4.3,5,40.68589806556702
1134,-3.0,1,40.70839977264404
1135,-3.1,3,40.73566722869873
1136,-3.15,4,40.76538276672363
1137,-3.1,3,40.79291868209839
1138,3.85,8,40.827373027801514
1139,-3.25,6,40.856106996536255
1140,4.3,5,40.886027574539185
1141,-3.15,4,40.91641664505005
1142,3.25,12,40.959004402160645
1143,-3.15,4,40.98430013656616
1144,-3.2,5,41.015113830566406
1145,4.0,7,41.04575848579407
1146,-3.15,4,41.07221579551697
1147,-3.25,6,41.1045503616333
1148,3.55,10,41.146307706832886
1149,-3.4,9,41.18366599082947
1150,-3.1,3,41.211944580078125
1151,-3.3,7,41.24489665031433
1152,-3.35,8,41.286277055740356
1153,-3.35,8,41.335140228271484
1154,3.85,8,41.373809814453125
1155,4.449999999999999,4,41.40752935409546
1156,-3.25,6,41.43999218940735
1157,-3.0,1,41.46944975852966
1158,4.3,5,41.5152530670166
1159,3.6999999999999997,9,41.55773425102234
1160,4.6000000000000005,3,41.59117674827576
1161,-3.45,10,41.63116812705994
1162,-3.05,2,41.65945315361023
1163,-3.1,3,41.68509864807129
1164,3.6999999999999997,9,41.72719931602478
1165,3.6999999999999997,9,41.89764976501465
1166,4.75,2,41.92353105545044
1167,-3.25,6,41.95332193374634
1168,3.6999999999999997,9,41.993497371673584
1169,-3.2,5,42.02403450012207
1170,-3.4,9,42.06075859069824
1171,-3.1,3,42.09666991233826
1172,4.6000000000000005,3,42.12496852874756
1173,-3.35,8,42.16562223434448
1174,4.6000000000000005,3,42.19736075401306
1175,4.15,6,42.2284619808197
1176,4.75,2,42.252503871917725
1177,-3.35,8,42.289198875427246
1178,-3.1,3,42.322532415390015
1179,4.15,6,42.35181665420532
1180,-3.25,6,42.382747650146484
1181,-3.1,3,42.41177701950073
1182,4.15,6,42.44306540489197
1183,-3.45,10,42.47869896888733
1184,4.15,6,42.513200521469116
1185,4.3,5,42.54376244544983
1186,3.85,8,42.575568437576294
1187,3.85,8,42.609070777893066
1188,-3.3,7,42.64334297180176
1189,-3.35,8,42.67928957939148
1190,-3.25,6,42.72240328788757
1191,-3.0,1,42.75549268722534
1192,3.6999999999999997,9,42.79714846611023
1193,-3.05,2,42.8200957775116
1194,-3.45,10,42.85741066932678
1195,-3.55,12,42.90663528442383
1196,4.15,6,42.9428915977478
1197,-3.2,5,42.970008850097656
1198,-3.05,2,43.000494956970215
1199,-3.3,7,43.034937620162964
1200,-3.2,5,43.068122148513794
1201,-3.0,1,43.101547956466675
1202,4.15,6,43.145052671432495
1203,3.85,8,43.181846618652344
1204,-3.05,2,43.20546054840088
1205,4.449999999999999,4,43.23494267463684
1206,3.85,8,43.27286458015442
1207,-3.45,10,43.30532622337341
1208,-3.5,11,43.47408628463745
1209,-3.15,4,43.49864077568054
1210,4.0,7,43.531851291656494
1211,4.6000000000000005,3,43.55708289146423
1212,-3.4,9,43.587552070617676
1213,-3.1,3,43.61366105079651
1214,4.449999999999999,4,43.64047694206238
1215,-3.45,10,43.693530321121216
1216,4.15,6,43.728004455566406
1217,-3.15,4,43.76223039627075
1218,3.55,10,43.79930591583252
1219,-3.45,10,43.834826707839966
1220,-3.1,3,43.86019015312195
1221,-3.15,4,43.88335418701172
1222,4.449999999999999,4,43.914148569107056
1223,-3.45,10,43.94978046417236
1224,-3.1,3,43.97779417037964
1225,3.85,8,44.01250076293945
1226,-3.4,9,44.048879861831665
1227,4.0,7,44.080965995788574
1228,4.15,6,44.113024950027466
1229,-3.15,4,44.140687227249146
1230,-3.2,5,44.17099165916443
1231,4.449999999999999,4,44.203495025634766
1232,-3.3,7,44.2374632358551
1233,-3.2,5,44.27183198928833
1234,4.75,2,44.297683000564575
1235,-3.2,5,44.32633566856384
1236,-3.15,4,44.35408639907837
1237,3.4,11,44.39418363571167
1238,-3.05,2,44.41797375679016
1239,4.6000000000000005,3,44.448508739471436
1240,4.75,2,44.48182821273804
1241,-3.1,3,44.51393222808838
1242,4.15,6,44.54357600212097
1243,-3.25,6,44.58116054534912
1244,-3.05,2,44.60661816596985
1245,-3.2,5,44.64197015762329
1246,3.55,10,44.683818340301514
1247,3.85,8,44.73170495033264
1248,-3.25,6,44.7709755897522
1249,-3.2,5,44.801034450531006
1250,-3.05,2,44.827295780181885
1251,4.15,6,44.8596031665802
1252,-3.1,3,44.885854721069336
1253,4.75,2,44.91498684883118
1254,4.3,5,44.94980812072754
1255,3.85,8,45.154497146606445
1256,-3.3,7,45.19562244415283
1257,-3.1,3,45.22269868850708
1258,-3.05,2,45.24539923667908
1259,-3.25,6,45.2791109085083
1260,3.55,10,45.31493353843689
1261,-3.25,6,45.34292912483215
1262,3.4,11,45.38018083572388
1263,-3.15,4,45.408310651779175
1264,-3.15,4,45.43241834640503
1265,-3.2,5,45.466744899749756
1266,-3.1,3,45.4934196472168
1267,-3.3,7,45.52515721321106
1268,-3.35,8,45.55638813972473
1269,4.0,7,45.588948011398315
1270,-3.1,3,45.61375617980957
1271,4.3,5,45.643107652664185
1272,4.15,6,45.67496132850647
1273,4.3,5,45.70541739463806
1274,4.0,7,45.74541640281677
1275,-3.25,6,45.77518939971924
1276,4.15,6,45.8047513961792
1277,-3.05,2,45.82887649536133
1278,-3.15,4,45.853984117507935
1279,-3.05,2,45.879411458969116
1280,4.3,5,45.918500661849976
1281,-3.15,4,45.95042681694031
1282,4.0,7,45.98350143432617
1283,-3.1,3,46.012444257736206
1284,-3.05,2,46.03449368476868
1285,-3.3,7,46.069907665252686
1286,3.55,10,46.11033654212952
1287,4.15,6,46.14203667640686
1288,-3.15,4,46.17041897773743
1289,-3.4,9,46.20625829696655
1290,-3.05,2,46.23533248901367
1291,-3.15,4,46.2632257938385
1292,-3.4,9,46.3075475692749
1293,3.6999999999999997,9,46.34294605255127
1294,-3.5,11,46.38501167297363
1295,-3.3,7,46.416011095047
1296,-3.1,3,46.44223928451538
1297,-3.0,1,46.46718668937683
1298,-3.15,4,46.49535155296326
1299,3.6999999999999997,9,46.5317919254303
1300,4.75,2,46.56223511695862
1301,3.85,8,46.74343729019165
1302,4.449999999999999,4,46.77384972572327
1303,-3.05,2,46.80155944824219
1304,4.449999999999999,4,46.83563995361328
1305,3.85,8,46.873331785202026
1306,4.3,5,46.90329122543335
1307,4.3,5,46.931989431381226
1308,4.449999999999999,4,46.96415948867798
1309,4.3,5,46.995736598968506
1310,-3.1,3,47.02077341079712
1311,-3.0,1,47.04543447494507
1312,-3.1,3,47.07010054588318
1313,3.6999999999999997,9,47.10914134979248
1314,-3.35,8,47.144203662872314
1315,-3.0,1,47.16370439529419
1316,4.9,1,47.186925411224365
1317,3.85,8,47.21886706352234
1318,-3.3,7,47.24989295005798
1319,-3.15,4,47.27731132507324
1320,4.75,2,47.299171686172485
1321,4.0,7,47.329864263534546
1322,-3.3,7,47.3686203956604
1323,4.3,5,47.39704155921936
1324,-3.35,8,47.433939695358276
1325,-3.1,3,47.45927095413208
1326,-3.15,4,47.48845171928406
1327,-3.2,5,47.52731657028198
1328,4.3,5,47.560760259628296
1329,-3.2,5,47.593465089797974
1330,4.6000000000000005,3,47.62003493309021
1331,-3.25,6,47.65687084197998
1332,4.3,5,47.68726372718811
1333,-3.3,7,47.71903681755066
1334,-3.35,8,47.76082682609558
1335,4.75,2,47.78223276138306
1336,-3.1,3,47.81265735626221
1337,-3.05,2,47.835001945495605
1338,4.15,6,47.871673345565796
1339,4.15,6,47.90620183944702
1340,-3.4,9,47.94417405128479
1341,3.85,8,47.97980451583862
1342,4.449999999999999,4,48.010274171829224
1343,-3.45,10,48.05097818374634
1344,3.6999999999999997,9,48.093045711517334
1345,-3.3,7,48.12670373916626
1346,4.449999999999999,4,48.15596413612366
1347,-3.3,7,48.198774337768555
1348,3.6999999999999997,9,48.2402024269104
1349,-3.4,9,48.42435932159424
1350,4.9,1,48.45259642601013
1351,-3.1,3,48.481791734695435
1352,-3.1,3,48.51639914512634
1353,3.85,8,48.554039478302
1354,4.6000000000000005,3,48.580695390701294
1355,-3.3,7,48.61091160774231
1356,-3.05,2,48.63593149185181
1357,4.0,7,48.66931200027466
1358,4.449999999999999,4,48.70085835456848
1359,4.6000000000000005,3,48.725749254226685
1360,-3.25,6,48.75580906867981
1361,-3.0,1,48.77969002723694
1362,4.6000000000000005,3,48.81157398223877
1363,4.3,5,48.84999680519104
1364,3.85,8,48.88829326629639
1365,-3.35,8,48.93402862548828
1366,-3.3,7,48.96624135971069
1367,-3.1,3,48.99434232711792
1368,-3.3,7,49.027629375457764
1369,4.449999999999999,4,49.05570387840271
1370,4.3,5,49.08844971656799
1371,-3.1,3,49.12060046195984
1372,-3.3,7,49.15644574165344
1373,4.15,6,49.192999601364136
1374,3.85,8,49.2346248626709
1375,3.85,8,49.2743558883667
1376,4.3,5,49.307562589645386
1377,-3.55,12,49.3512122631073
1378,-3.4,9,49.39152550697327
1379,-3.15,4,49.41805553436279
1380,4.0,7,49.45139503479004
1381,-3.5,11,49.49941635131836
1382,-3.1,3,49.528300285339355
1383,-3.15,4,49.55583882331848
1384,4.0,7,49.588361740112305
1385,-3.3,7,49.62355971336365
1386,4.449999999999999,4,49.65034317970276
1387,-3.2,5,49.68122982978821
1388,-3.25,6,49.71473693847656
1389,3.55,10,49.75186061859131
1390,3.6999999999999997,9,49.785091400146484
1391,4.3,5,49.814101696014404
1392,-3.05,2,49.83531737327576
1393,3.55,10,50.02414298057556
1394,-3.15,4,50.04984140396118
1395,3.25,12,50.08963227272034
1396,-3.3,7,50.12074398994446
1397,-3.25,6,50.14962887763977
1398,-3.0,1,50.172215700149536
1399,-3.1,3,50.19546437263489
1400,-3.15,4,50.22577500343323
1401,4.75,2,50.24728751182556
1402,-3.0,1,50.270057916641235
1403,-3.2,5,50.29645800590515
1404,4.3,5,50.32710909843445
1405,-3.2,5,50.35598969459534
1406,4.3,5,50.38915777206421
1407,-3.3,7,50.419052600860596
1408,4.0,7,50.448813676834106
1409,-3.4,9,50.484182357788086
1410,4.3,5,50.51545190811157
1411,3.4,11,50.55755615234375
1412,-3.5,11,50.60358905792236
1413,4.449999999999999,4,50.64108967781067
1414,3.55,10,50.68110632896423
1415,4.449999999999999,4,50.71391296386719
1416,-3.1,3,50.741735219955444
1417,-3.4,9,50.78164315223694
1418,4.3,5,50.81345582008362
1419,4.3,5,50.84251523017883
1420,-3.2,5,50.87030553817749
1421,-3.3,7,50.908156871795654
1422,-3.2,5,50.935266971588135
1423,3.6999999999999997,9,50.97579073905945
1424,-3.2,5,51.00437092781067
1425,-3.2,5,51.038487672805786
1426,4.6000000000000005,3,51.06729197502136
1427,-3.25,6,51.105735301971436
1428,-3.15,4,51.13392734527588
1429,-3.15,4,51.16587519645691
1430,3.55,10,51.20631432533264
1431,-3.15,4,51.232057332992554
1432,-3.35,8,51.26742911338806
1433,-3.05,2,51.2908833026886
1434,-3.05,2,51.31645488739014
1435,-3.25,6,51.34958600997925
1436,-3.35,8,51.3882577419281
1437,4.15,6,51.41899108886719
1438,4.15,6,51.451791763305664
1439,-3.2,5,51.660699129104614
1440,-3.3,7,51.6928014755249
1441,-3.3,7,51.722501277923584
1442,-3.4,9,51.75901484489441
1443,-3.25,6,51.791337728500366
1444,3.6999999999999997,9,51.83011174201965
1445,4.15,6,51.85925769805908
1446,4.75,2,51.881293296813965
1447,-3.35,8,51.915921449661255
1448,-3.0,1,51.93915796279907
1449,-3.1,3,51.96502494812012
1450,-3.15,4,51.99761748313904
1451,4.449999999999999,4,52.03086495399475
1452,-3.05,2,52.05706024169922
1453,-3.25,6,52.08576679229736
1454,4.0,7,52.12662148475647
1455,4.15,6,52.16034507751465
1456,-3.45,10,52.20042681694031
1457,-3.15,4,52.2335090637207
1458,4.0,7,52.265350580215454
1459,-3.4,9,52.302043437957764
1460,-3.15,4,52.33048963546753
1461,4.449999999999999,4,52.3565731048584
1462,4.15,6,52.38623356819153
1463,-3.15,4,52.41439628601074
1464,4.449999999999999,4,52.44414758682251
1465,-3.15,4,52.477577686309814
1466,3.55,10,52.51714563369751
1467,3.6999999999999997,9,52.55974507331848
1468,3.6999999999999997,9,52.594109535217285
1469,-3.1,3,52.62169122695923
1470,-3.25,6,52.65793776512146
1471,4.75,2,52.68248271942139
1472,-3.3,7,52.718945264816284
1473,3.85,8,52.758177042007446
1474,-3.0,1,52.77945852279663
1475,4.15,6,52.808107137680054
1476,4.6000000000000005,3,52.83438730239868
1477,3.4,11,52.880695104599
1478,3.6999999999999997,9,52.915324687957764
1479,-3.15,4,52.948856353759766
1480,4.449999999999999,4,52.97949552536011
1481,3.55,10,53.02931809425354
1482,-3.35,8,53.220332860946655
1483,-3.1,3,53.25007605552673
1484,-3.25,6,53.2803909778595
1485,3.85,8,53.31444764137268
1486,-3.2,5,53.344236850738525
1487,-3.0,1,53.36526131629944
1488,4.0,7,53.39516496658325
1489,-3.1,3,53.41781282424927
1490,-3.3,7,53.448930740356445
1491,-3.05,2,53.477556228637695
1492,-3.35,8,53.511783838272095
1493,-3.15,4,53.53636288642883
1494,4.0,7,53.570109367370605
1495,4.6000000000000005,3,53.600438594818115
1496,4.3,5,53.63188862800598
1497,-3.05,2,53.65845775604248
1498,-3.05,2,53.68211531639099
1499,-3.2,5,53.711374282836914
1500,4.75,2,53.738152503967285
1501,-3.1,3,53.76407265663147
1502,-3.1,3,53.79258704185486
1503,4.3,5,53.82609939575195
1504,4.6000000000000005,3,53.85801839828491
1505,4.0,7,53.90540075302124
1506,4.3,5,53.94049406051636
1507,-3.1,3,53.97535181045532
1508,4.0,7,54.0107798576355
1509,4.15,6,54.05462336540222
1510,-3.4,9,54.091822385787964
1511,-3.45,10,54.131871461868286
1512,4.0,7,54.164912700653076
1513,-3.05,2,54.19265341758728
1514,-3.4,9,54.23771929740906
1515,-3.4,9,54.272162437438965
1516,-3.0,1,54.29623627662659
1517,-3.2,5,54.33041739463806
1518,-3.05,2,54.351024866104126
1519,3.85,8,54.382609844207764
1520,4.449999999999999,4,54.40858268737793
1521,-3.1,3,54.4323616027832
1522,4.0,7,54.465017557144165
1523,-3.2,5,54.49606394767761
1524,-3.2,5,54.523348331451416
1525,-3.05,2,54.54452919960022
1526,-3.35,8,54.5779755115509
1527,4.449999999999999,4,54.602407455444336
1528,-3.1,3,54.62646412849426
1529,4.3,5,54.654441833496094
1530,-3.05,2,54.68052673339844
1531,-3.05,2,54.71253752708435
1532,4.0,7,54.75239109992981
1533,3.6999999999999997,9,54.79142904281616
1534,4.6000000000000005,3,54.82018828392029
1535,-3.15,4,55.01325345039368
1536,4.15,6,55.04700064659119
1537,-3.25,6,55.08468508720398
1538,4.0,7,55.12188506126404
1539,-3.2,5,55.15779972076416
1540,4.449999999999999,4,55.18609118461609
1541,3.85,8,55.22172260284424
1542,4.15,6,55.2525680065155
1543,-3.1,3,55.28644275665283
1544,-3.25,6,55.318320989608765
1545,3.85,8,55.355684995651245
1546,-3.05,2,55.37916302680969
1547,3.6999999999999997,9,55.42251443862915
1548,-3.2,5,55.454094648361206
1549,-3.25,6,55.48382544517517
1550,4.449999999999999,4,55.517435789108276
1551,-3.1,3,55.545220613479614
1552,-3.3,7,55.57559514045715
1553,4.449999999999999,4,55.604560136795044
1554,3.85,8,55.64007043838501
1555,-3.2,5,55.667091846466064
1556,3.85,8,55.70836091041565
1557,-3.65,14,55.749645948410034
1558,-3.1,3,55.776654958724976
1559,4.15,6,55.80841875076294
1560,-3.2,5,55.83844304084778
1561,-3.3,7,55.87061333656311
1562,4.6000000000000005,3,55.89530110359192
1563,4.3,5,55.925896883010864
1564,-3.15,4,55.95305609703064
1565,-3.05,2,55.97865319252014
1566,-3.1,3,56.00405979156494
1567,-3.05,2,56.03176999092102
1568,4.3,5,56.06495976448059
1569,3.55,10,56.112712144851685
1570,-3.2,5,56.148240089416504
1571,-3.2,5,56.176968574523926
1572,3.6999999999999997,9,56.21993112564087
1573,-3.15,4,56.253682136535645
1574,4.9,1,56.281463623046875
1575,-1.75,15,56.335927963256836
1576,-3.15,4,56.36564373970032
1577,-3.1,3,56.39251399040222
1578,4.15,6,56.42524003982544
1579,-3.25,6,56.46451115608215
1580,-3.3,7,56.65706992149353
1581,-3.25,6,56.689358949661255
1582,3.6999999999999997,9,56.724655628204346
1583,4.15,6,56.765846967697144
1584,-3.25,6,56.79580354690552
1585,4.15,6,56.82959771156311
1586,-3.4,9,56.87027430534363
1587,3.6999999999999997,9,56.92027282714844
1588,3.55,10,56.96830487251282
1589,4.15,6,57.001038551330566
1590,4.3,5,57.031944036483765
1591,-3.0,1,57.05957078933716
1592,3.4,11,57.100810527801514
1593,3.55,10,57.14711904525757
1594,4.75,2,57.172176361083984
1595,-3.05,2,57.19573903083801
1596,-3.25,6,57.23096680641174
1597,-3.0,1,57.25400972366333
1598,3.6999999999999997,9,57.29961705207825
1599,-3.35,8,57.33379888534546
1600,-3.5,11,57.38014268875122
1601,-3.2,5,57.40996265411377
1602,-3.25,6,57.44041132926941
1603,-3.2,5,57.47107768058777
1604,3.85,8,57.50259327888489
1605,3.55,10,57.545889377593994
1606,-3.1,3,57.579081296920776
1607,4.15,6,57.620206117630005
1608,4.3,5,57.65544652938843
1609,3.6999999999999997,9,57.70136761665344
1610,-3.1,3,57.73188352584839
1611,-3.35,8,57.7643358707428
1612,-3.3,7,57.797356843948364
1613,4.3,5,57.83028864860535
1614,-3.3,7,57.866896629333496
1615,-3.35,8,57.898016691207886
1616,3.85,8,57.935259103775024
1617,-3.0,1,57.96507501602173
1618,4.15,6,57.99809455871582
1619,-3.15,4,58.02500653266907
1620,3.85,8,58.06267046928406
1621,4.3,5,58.26452302932739
1622,3.55,10,58.30406665802002
1623,3.85,8,58.346019983291626
1624,-1.75,15,58.38998508453369
1625,-3.25,6,58.42848038673401
1626,-3.05,2,58.45970034599304
1627,4.3,5,58.48758387565613
1628,-3.05,2,58.51447319984436
1629,-3.25,6,58.55272316932678
1630,-3.3,7,58.59399724006653
1631,3.6999999999999997,9,58.64147353172302
1632,4.3,5,58.68028807640076
1633,4.0,7,58.72199845314026
1634,4.15,6,58.756712913513184
1635,-3.3,7,58.79987168312073
1636,4.3,5,58.84174633026123
1637,3.6999999999999997,9,58.88336896896362
1638,-3.2,5,58.9196994304657
1639,4.6000000000000005,3,58.94754195213318
1640,-3.2,5,58.98118996620178
1641,4.0,7,59.014952659606934
1642,4.3,5,59.04703974723816
1643,4.3,5,59.076972007751465
1644,3.85,8,59.11158490180969
1645,3.85,8,59.14190125465393
1646,4.3,5,59.167837619781494
1647,-3.35,8,59.20221972465515
1648,-3.05,2,59.22593879699707
1649,-3.3,7,59.25822877883911
1650,-3.05,2,59.280885457992554
1651,4.449999999999999,4,59.31098961830139
1652,-3.45,10,59.35221004486084
1653,3.4,11,59.3912467956543
1654,-3.3,7,59.42526292800903
1655,4.3,5,59.45611333847046
1656,-3.1,3,59.481874227523804
1657,3.85,8,59.52420711517334
1658,-3.4,9,59.56473970413208
1659,-3.1,3,59.59169006347656
1660,3.55,10,59.630993366241455
1661,-3.0,1,59.64982748031616
1662,-3.1,3,59.83716082572937
1663,4.449999999999999,4,59.865294218063354
1664,4.15,6,59.90377473831177
1665,3.4,11,59.94862723350525
1666,3.4,11,59.99952960014343
1667,3.25,12,60.04803514480591
1668,4.3,5,60.08619713783264
1669,-3.25,6,60.12563943862915
1670,-3.05,2,60.14996886253357
1671,4.15,6,60.1804461479187
1672,-3.35,8,60.222935914993286
1673,-3.45,10,60.272350549697876
1674,4.15,6,60.30257487297058
1675,-3.45,10,60.34374165534973
1676,-3.5,11,60.382349491119385
1677,3.4,11,60.423924684524536
1678,-3.25,6,60.4554705619812
1679,3.55,10,60.495922327041626
1680,3.25,12,60.5439555644989
1681,4.75,2,60.56915354728699
1682,4.449999999999999,4,60.60037970542908
1683,4.75,2,60.62549686431885
1684,-3.55,12,60.66763877868652
1685,-3.3,7,60.706822872161865
1686,-3.3,7,60.73777151107788
1687,-3.45,10,60.775479316711426
1688,-3.55,12,60.81782531738281
1689,4.449999999999999,4,60.84975838661194
1690,-3.45,10,60.89521908760071
1691,4.449999999999999,4,60.92622756958008
1692,-3.35,8,60.968650341033936
1693,4.3,5,61.0011944770813
1694,-3.55,12,61.05177354812622
1695,-3.25,6,61.08427977561951
1696,4.0,7,61.2661657333374
1697,-3.25,6,61.295236349105835
1698,-3.2,5,61.3293833732605
1699,-3.5,11,61.368935346603394
1700,-3.65,14,61.41054630279541
1701,3.6999999999999997,9,61.45279026031494
1702,-3.1,3,61.48240804672241
1703,-3.55,12,61.52637720108032
1704,4.3,5,61.55395197868347
1705,3.25,12,61.596590995788574
1706,-3.25,6,61.629462003707886
1707,-3.45,10,61.67469143867493
1708,4.15,6,61.710455894470215
1709,3.85,8,61.74954080581665
1710,-3.25,6,61.78905963897705
1711,-3.2,5,61.819836139678955
1712,-3.35,8,61.85872149467468
1713,-3.3,7,61.89211368560791
1714,-3.2,5,61.92528223991394
1715,3.1,13,61.969066858291626
1716,4.449999999999999,4,61.99804139137268
1717,4.15,6,62.03105425834656
1718,3.4,11,62.073646545410156
1719,4.6000000000000005,3,62.10364079475403
1720,3.55,10,62.13947868347168
1721,3.85,8,62.16960787773132
1722,-3.0,1,62.192972898483276
1723,3.4,11,62.22972393035889
1724,-3.4,9,62.26806306838989
1725,4.15,6,62.29861044883728
1726,-3.4,9,62.33179020881653
1727,-3.0,1,62.35682535171509
1728,3.6999999999999997,9,62.39043998718262
1729,4.15,6,62.41947555541992
1730,4.0,7,62.613301515579224
1731,4.0,7,62.64746832847595
1732,3.25,12,62.687957763671875
1733,-3.5,11,62.72371244430542
1734,-3.3,7,62.75696849822998
1735,-3.3,7,62.78944373130798
1736,4.15,6,62.82231831550598
1737,4.6000000000000005,3,62.8439519405365
1738,-3.5,11,62.88252282142639
1739,-3.05,2,62.905638456344604
1740,-3.2,5,62.938634634017944
1741,-3.15,4,62.970537185668945
1742,-3.1,3,62.99615406990051
1743,-3.2,5,63.0297474861145
1744,-3.2,5,63.05864477157593
1745,4.0,7,63.09388732910156
1746,-3.5,11,63.12924337387085
1747,-3.05,2,63.153029680252075
1748,-3.15,4,63.18477129936218
1749,-3.4,9,63.22176265716553
1750,3.6999999999999997,9,63.260156869888306
1751,4.449999999999999,4,63.29014611244202
1752,3.85,8,63.33181118965149
1753,3.85,8,63.37159442901611
1754,4.449999999999999,4,63.40303659439087
1755,3.25,12,63.44455814361572
1756,-3.3,7,63.48159050941467
1757,3.55,10,63.5241961479187
1758,-3.35,8,63.562596559524536
1759,4.449999999999999,4,63.593242168426514
1760,4.0,7,63.62692952156067
1761,-3.4,9,63.66067337989807
1762,4.449999999999999,4,63.69518423080444
1763,-3.7,15,63.73910045623779
1764,3.4,11,63.77972149848938
1765,-3.1,3,63.80253887176514
1766,4.449999999999999,4,63.82788300514221
1767,4.0,7,63.86065888404846
1768,-3.65,14,64.0409140586853
1769,-3.3,7,64.07276272773743
1770,-3.4,9,64.10794496536255
1771,-3.35,8,64.14666247367859
1772,3.55,10,64.19321537017822
1773,-3.3,7,64.23117136955261
1774,-3.0,1,64.25957345962524
1775,3.85,8,64.29149580001831
1776,-3.45,10,64.32715201377869
1777,-3.4,9,64.36307120323181
1778,4.0,7,64.39725875854492
1779,4.0,7,64.43182468414307
1780,4.449999999999999,4,64.46069478988647
1781,-3.4,9,64.50129103660583
1782,-3.15,4,64.52964234352112
1783,4.3,5,64.55974054336548
1784,4.449999999999999,4,64.59015965461731
1785,-3.5,11,64.63020157814026
1786,3.55,10,64.66825842857361
1787,-3.4,9,64.70627212524414
1788,-3.15,4,64.74188685417175
1789,-3.1,3,64.78054857254028
1790,3.85,8,64.82184052467346
1791,4.0,7,64.86482548713684
1792,4.6000000000000005,3,64.89654183387756
1793,3.1,13,64.94596076011658
1794,-3.1,3,64.97451877593994
1795,-3.45,10,65.01909852027893
1796,-3.3,7,65.05230188369751
1797,4.6000000000000005,3,65.08044052124023
1798,3.55,10,65.12661862373352
1799,4.0,7,65.16236591339111
1800,-3.15,4,65.19179701805115
1801,-3.0,1,65.2202799320221
1802,4.3,5,65.25051498413086
1803,-3.45,10,65.28982949256897
1804,-3.55,12,65.46977186203003
1805,-3.5,11,65.51026225090027
1806,-3.15,4,65.54001331329346
1807,-3.1,3,65.56625843048096
1808,4.0,7,65.60468888282776
1809,4.3,5,65.63230872154236
1810,-3.6,13,65.67998027801514
1811,3.4,11,65.72883892059326
1812,-3.45,10,65.77392816543579
1813,4.0,7,65.81455421447754
1814,-3.45,10,65.85824799537659
1815,-3.65,14,65.90191102027893
1816,4.75,2,65.92664527893066
1817,-3.45,10,65.96279954910278
1818,4.0,7,65.99448418617249
1819,3.6999999999999997,9,66.03179860115051
1820,-3.45,10,66.07253003120422
1821,-3.25,6,66.11064314842224
1822,-3.35,8,66.14380264282227
1823,3.4,11,66.17810249328613
1824,4.15,6,66.20860838890076
1825,-3.45,10,66.2460527420044
1826,-3.4,9,66.27908515930176
1827,-3.3,7,66.30818390846252
1828,-3.35,8,66.34201574325562
1829,-3.55,12,66.38433146476746
1830,-3.4,9,66.41798138618469
1831,3.6999999999999997,9,66.45722508430481
1832,4.0,7,66.49135088920593
1833,4.3,5,66.52203226089478
1834,3.55,10,66.72909784317017
1835,-3.15,4,66.75918126106262
1836,-3.2,5,66.7920434474945
1837,-3.55,12,66.83645701408386
1838,-3.25,6,66.86910963058472
1839,-3.6,13,66.91390466690063
1840,-3.1,3,66.9395956993103
1841,-3.05,2,66.96472954750061
1842,3.85,8,67.00566816329956
1843,-3.15,4,67.03430247306824
1844,4.0,7,67.06627559661865
1845,-3.15,4,67.09608697891235
1846,4.15,6,67.12596487998962
1847,4.449999999999999,4,67.15480184555054
1848,4.0,7,67.18396377563477
1849,4.15,6,67.21436047554016
1850,-3.4,9,67.25228953361511
1851,-3.05,2,67.2758150100708
1852,4.0,7,67.3087568283081
1853,4.449999999999999,4,67.3324670791626
1854,4.15,6,67.36512970924377
1855,3.6999999999999997,9,67.40303587913513
1856,3.55,10,67.44071698188782
1857,-3.3,7,67.47165083885193
1858,3.55,10,67.51289415359497
1859,-3.5,11,67.54959654808044
1860,-3.3,7,67.58151149749756
1861,-3.25,6,67.61536431312561
1862,-3.25,6,67.64661407470703
1863,-3.3,7,67.67745923995972
1864,3.6999999999999997,9,67.71773147583008
1865,3.6999999999999997,9,67.75376844406128
1866,3.6999999999999997,9,67.79092001914978
1867,3.4,11,67.82972717285156
1868,-3.2,5,67.8573100566864
1869,-3.05,2,67.88213515281677
1870,-3.5,11,67.92486047744751
1871,-3.55,12,68.14987349510193
1872,3.85,8,68.19087052345276
1873,4.3,5,68.2229015827179
1874,-3.2,5,68.2537751197815
1875,3.25,12,68.29937434196472
1876,-3.25,6,68.33023357391357
1877,-3.05,2,68.35629796981812
1878,3.4,11,68.40217971801758
1879,4.0,7,68.43293499946594
1880,-3.15,4,68.4604594707489
1881,3.55,10,68.49598622322083
1882,-3.35,8,68.52815628051758
1883,-3.2,5,68.55926585197449
1884,3.85,8,68.59325742721558
1885,3.6999999999999997,9,68.63139653205872
1886,4.0,7,68.66354823112488
1887,-1.75,15,68.70931482315063
1888,3.6999999999999997,9,68.7433066368103
1889,4.449999999999999,4,68.7723548412323
1890,-3.0,1,68.799964427948
1891,-3.5,11,68.84746289253235
1892,-3.25,6,68.88216495513916
1893,-3.05,2,68.90866279602051
1894,3.55,10,68.94360756874084
1895,4.6000000000000005,3,68.96810531616211
1896,3.55,10,69.01355576515198
1897,-3.1,3,69.04575610160828
1898,-3.55,12,69.0884337425232
1899,-3.35,8,69.12097930908203
1900,4.6000000000000005,3,69.14797043800354
1901,-3.25,6,69.1819806098938
1902,3.85,8,69.21604013442993
1903,-3.0,1,69.24363040924072
1904,4.15,6,69.2766044139862
1905,4.0,7,69.30657291412354
1906,-3.6,13,69.34702706336975
1907,-3.35,8,69.53289103507996
1908,-3.1,3,69.55963039398193
1909,-3.25,6,69.58899235725403
1910,4.75,2,69.61166286468506
1911,-3.25,6,69.64572310447693
1912,4.449999999999999,4,69.67683672904968
1913,-3.25,6,69.71360969543457
1914,4.6000000000000005,3,69.74107098579407
1915,3.55,10,69.7786557674408
1916,4.15,6,69.81521129608154
1917,-3.6,13,69.86528539657593
1918,3.85,8,69.90787625312805
1919,4.15,6,69.93987345695496
1920,4.15,6,69.97431993484497
1921,4.0,7,70.00762748718262
1922,3.6999999999999997,9,70.04519820213318
1923,-3.45,10,70.0806086063385
1924,-3.5,11,70.11852097511292
1925,4.0,7,70.1516547203064
1926,-3.4,9,70.18903613090515
1927,3.55,10,70.22422099113464
1928,3.85,8,70.26106977462769
1929,4.0,7,70.29527139663696
1930,-3.3,7,70.32855820655823
1931,4.6000000000000005,3,70.35624432563782
1932,-3.45,10,70.3929271697998
1933,4.449999999999999,4,70.42746639251709
1934,-3.4,9,70.47110056877136
1935,-3.55,12,70.51847195625305
1936,4.449999999999999,4,70.55678462982178
1937,-3.25,6,70.5871696472168
1938,-3.1,3,70.61513710021973
1939,3.4,11,70.65521049499512
1940,-3.3,7,70.69358706474304
1941,4.0,7,70.72530889511108
1942,4.449999999999999,4,70.75274300575256
1943,-3.65,14,70.94397115707397
1944,-3.2,5,70.97355222702026
1945,3.85,8,71.00704455375671
1946,-3.3,7,71.03998494148254
1947,-3.4,9,71.07986617088318
1948,3.85,8,71.12601470947266
1949,3.55,10,71.16419577598572
1950,-3.15,4,71.20427751541138
1951,-3.3,7,71.23535132408142
1952,3.85,8,71.27232193946838
1953,-3.3,7,71.31435370445251
1954,-3.1,3,71.34381580352783
1955,4.0,7,71.38233160972595
1956,-3.2,5,71.41130805015564
1957,3.6999999999999997,9,71.45604681968689
1958,-3.2,5,71.51370978355408
1959,3.55,10,71.59431028366089
1960,-3.25,6,71.64176440238953
1961,4.15,6,71.6957368850708
1962,3.1,13,71.74928307533264
1963,4.15,6,71.78303933143616
1964,3.55,10,71.82516360282898
1965,-3.25,6,71.86002111434937
1966,3.55,10,71.90211963653564
1967,4.6000000000000005,3,71.9327962398529
1968,-3.1,3,71.95919108390808
1969,4.15,6,71.99220538139343
1970,3.85,8,72.0233359336853
1971,-3.25,6,72.06300163269043
1972,-3.2,5,72.09957885742188
1973,3.55,10,72.14103150367737
1974,-3.1,3,72.16753816604614
1975,-3.45,10,72.20794248580933
1976,4.0,7,72.23905968666077
1977,4.3,5,72.26926708221436
1978,-3.45,10,72.3068904876709
1979,-3.5,11,72.48524379730225
1980,4.449999999999999,4,72.51203513145447
1981,3.85,8,72.54770708084106
1982,-3.4,9,72.5871798992157
1983,-3.3,7,72.61821842193604
1984,4.3,5,72.65333676338196
1985,-3.0,1,72.67724657058716
1986,-3.15,4,72.705806016922
1987,4.0,7,72.74026274681091
1988,-3.35,8,72.78057193756104
1989,-3.2,5,72.81659317016602
1990,3.4,11,72.86245656013489
1991,-3.05,2,72.88992071151733
1992,4.449999999999999,4,72.9163408279419
1993,4.6000000000000005,3,72.94604706764221
1994,3.55,10,72.98576164245605
1995,3.55,10,73.02627825737
1996,-3.25,6,73.0613706111908
1997,-3.0,1,73.08590126037598
1998,3.4,11,73.1306357383728
1999,4.6000000000000005,3,73.1633870601654
2000,-3.25,6,73.19919466972351
2001,3.6999999999999997,9,73.23636436462402
2002,-3.05,2,73.25741147994995
2003,4.6000000000000005,3,73.28204727172852
2004,3.6999999999999997,9,73.31629371643066
2005,-3.65,14,73.36537003517151
2006,-3.2,5,73.39494299888611
2007,-3.0,1,73.41487336158752
2008,-3.4,9,73.45041489601135
2009,3.1,13,73.4986937046051
2010,-3.3,7,73.53453540802002
2011,-3.2,5,73.56288075447083
2012,-3.2,5,73.59152507781982
2013,3.6999999999999997,9,73.62618112564087
2014,-3.15,4,73.65397143363953
2015,-1.75,15,73.69817852973938
2016,4.0,7,73.73590278625488
2017,-3.1,3,73.763188123703
2018,3.4,11,73.94976687431335
2019,-3.7,15,73.99765944480896
2020,-3.4,9,74.03345584869385
2021,-3.0,1,74.05799627304077
2022,4.449999999999999,4,74.08447217941284
2023,3.55,10,74.11971998214722
2024,-3.5,11,74.15517210960388
2025,3.25,12,74.19726943969727
2026,4.15,6,74.2383816242218
2027,3.55,10,74.27942991256714
2028,3.4,11,74.31916546821594
2029,3.25,12,74.35951066017151
2030,3.6999999999999997,9,74.39950919151306
2031,-3.35,8,74.43918466567993
2032,4.0,7,74.4744701385498
2033,4.3,5,74.50448393821716
2034,-3.6,13,74.55010509490967
2035,-3.35,8,74.58349084854126
2036,-3.05,2,74.61013078689575
2037,-3.1,3,74.63319277763367
2038,4.0,7,74.66710448265076
2039,-3.0,1,74.6919481754303
2040,4.6000000000000005,3,74.72007584571838
2041,3.1,13,74.75935935974121
2042,4.3,5,74.78946614265442
2043,3.55,10,74.83065009117126
2044,-1.75,15,74.88704442977905
2045,3.85,8,74.92146015167236
2046,4.15,6,74.95244336128235
2047,4.3,5,74.98166799545288
2048,3.1,13,75.02280497550964
2049,4.15,6,75.05397963523865
2050,-3.25,6,75.25234770774841
2051,-3.1,3,75.27803158760071
2052,3.4,11,75.32409191131592
2053,4.0,7,75.35577082633972
2054,4.449999999999999,4,75.38148546218872
2055,-3.1,3,75.40516090393066
2056,3.4,11,75.44647145271301
2057,-3.25,6,75.47634696960449
2058,-3.05,2,75.50282526016235
2059,4.3,5,75.53072738647461
2060,-3.2,5,75.5672254562378
2061,3.6999999999999997,9,75.60445523262024
2062,3.6999999999999997,9,75.63763356208801
2063,3.55,10,75.67380356788635
2064,-3.2,5,75.69957637786865
2065,3.6999999999999997,9,75.73611116409302
2066,4.0,7,75.769850730896
2067,4.3,5,75.7964289188385
2068,-3.5,11,75.83549523353577
2069,-3.4,9,75.86932969093323
2070,3.85,8,75.90606379508972
2071,-3.35,8,75.93780493736267
2072,3.55,10,75.97786021232605
2073,3.85,8,76.01789283752441
2074,2.9499999999999997,14,76.07144117355347
2075,4.0,7,76.10548114776611
2076,-3.15,4,76.13335657119751
2077,3.55,10,76.17055296897888
2078,3.55,10,76.2130777835846
2079,4.449999999999999,4,76.24309277534485
2080,4.75,2,76.27214860916138
2081,4.6000000000000005,3,76.3047866821289
2082,-3.4,9,76.33899211883545
2083,-3.35,8,76.38142728805542
2084,3.85,8,76.42357635498047
2085,3.85,8,76.46979641914368
2086,-1.75,15,76.65607929229736
2087,-3.4,9,76.69221949577332
2088,3.25,12,76.73067855834961
2089,-3.1,3,76.75666308403015
2090,3.85,8,76.7929527759552
2091,3.25,12,76.8298180103302
2092,3.85,8,76.87528967857361
2093,-3.1,3,76.90342140197754
2094,-3.3,7,76.93457269668579
2095,-3.6,13,76.97274613380432
2096,3.4,11,77.00819540023804
2097,-3.35,8,77.04199075698853
2098,-3.5,11,77.07698607444763
2099,-3.3,7,77.10838222503662
2100,3.6999999999999997,9,77.1459412574768
2101,-3.1,3,77.17441201210022
2102,-3.45,10,77.21107149124146
2103,4.0,7,77.24585604667664
2104,-3.3,7,77.2881395816803
2105,3.85,8,77.32182908058167
2106,3.25,12,77.36173176765442
2107,4.3,5,77.39599132537842
2108,3.4,11,77.43592095375061
2109,4.15,6,77.47507071495056
2110,3.55,10,77.51774883270264
2111,3.4,11,77.56833148002625
2112,3.85,8,77.60372185707092
2113,4.15,6,77.63457155227661
2114,-3.5,11,77.67682266235352
2115,-3.25,6,77.70662045478821
2116,-3.55,12,77.90995383262634
2117,3.6999999999999997,9,77.95423364639282
2118,2.9499999999999997,14,77.99514842033386
2119,4.15,6,78.02594637870789
2120,4.0,7,78.0554735660553
2121,4.15,6,78.08697533607483
2122,4.15,6,78.11713910102844
2123,3.85,8,78.15666890144348
2124,-3.45,10,78.19794535636902
2125,4.3,5,78.23137140274048
2126,3.85,8,78.2694444656372
2127,-1.75,15,78.32413721084595
2128,-3.35,8,78.35958290100098
2129,3.85,8,78.3964729309082
2130,4.15,6,78.42360496520996
2131,-3.55,12,78.46307134628296
2132,3.85,8,78.4969551563263
2133,3.85,8,78.5335841178894
2134,-3.1,3,78.56001853942871
2135,-3.45,10,78.5949559211731
2136,3.4,11,78.63543725013733
2137,-3.5,11,78.67509627342224
2138,4.0,7,78.70469093322754
2139,-3.3,7,78.73603296279907
2140,-3.25,6,78.76523733139038
2141,-3.55,12,78.80728197097778
2142,3.4,11,78.84247207641602
2143,3.1,13,78.89007306098938
2144,4.3,5,78.92151021957397
2145,4.15,6,79.1155652999878
2146,4.75,2,79.141592502594
2147,3.6999999999999997,9,79.17905592918396
2148,-3.15,4,79.21454882621765
2149,4.3,5,79.24666142463684
2150,4.3,5,79.27691006660461
2151,-3.35,8,79.31175017356873
2152,-3.25,6,79.34310054779053
2153,3.55,10,79.38957214355469
2154,-3.15,4,79.418292760849
2155,-3.1,3,79.44412398338318
2156,-3.15,4,79.47439193725586
2157,-3.2,5,79.50201439857483
2158,4.3,5,79.5314073562622
2159,3.6999999999999997,9,79.5660150051117
2160,-3.5,11,79.60175228118896
2161,3.55,10,79.63610863685608
2162,4.15,6,79.66587114334106
2163,4.449999999999999,4,79.69475507736206
2164,-3.5,11,79.73571252822876
2165,-3.0,1,79.75917410850525
2166,4.15,6,79.79190325737
2167,4.449999999999999,4,79.8187346458435
2168,3.4,11,79.86124730110168
2169,4.6000000000000005,3,79.89034914970398
2170,4.0,7,79.92582297325134
2171,-3.3,7,79.96164464950562
2172,3.85,8,80.00597524642944
2173,-3.35,8,80.04566502571106
2174,3.85,8,80.08692288398743
2175,-3.35,8,80.12069153785706
2176,-3.2,5,80.15298247337341
2177,3.4,11,80.19554376602173
2178,3.85,8,80.22842478752136
2179,-3.1,3,80.25599026679993
2180,4.15,6,80.28242993354797
2181,3.85,8,80.3138780593872
2182,4.0,7,80.34458374977112
2183,4.3,5,80.37904262542725
2184,4.0,7,80.41098141670227
2185,3.85,8,80.60240340232849
2186,3.55,10,80.6409649848938
2187,3.6999999999999997,9,80.68034148216248
2188,-1.75,15,80.72743725776672
2189,-3.3,7,80.75973224639893
2190,3.85,8,80.79373168945312
2191,-3.25,6,80.82520318031311
2192,-3.25,6,80.85714077949524
2193,4.0,7,80.8929455280304
2194,-3.1,3,80.92357087135315
2195,3.6999999999999997,9,80.959299325943
2196,-3.7,15,81.00884795188904
2197,3.6999999999999997,9,81.05227327346802
2198,3.55,10,81.09471321105957
2199,-3.55,12,81.13499522209167
2200,4.449999999999999,4,81.16294169425964
2201,-3.35,8,81.20018982887268
2202,4.3,5,81.23006415367126
2203,4.15,6,81.26212430000305
2204,4.6000000000000005,3,81.2878565788269
2205,4.449999999999999,4,81.31857895851135
2206,3.6999999999999997,9,81.35479617118835
2207,4.6000000000000005,3,81.37814092636108
2208,3.4,11,81.4221043586731
2209,3.6999999999999997,9,81.45576763153076
2210,4.449999999999999,4,81.48265624046326
2211,3.85,8,81.52182793617249
2212,3.4,11,81.56517910957336
2213,-3.2,5,81.59484505653381
2214,3.6999999999999997,9,81.63840508460999
2215,3.85,8,81.67421913146973
2216,4.6000000000000005,3,81.69985818862915
2217,4.0,7,81.73590922355652
2218,3.4,11,81.92637372016907
2219,4.15,6,81.95832133293152
2220,3.4,11,81.9948308467865
2221,-3.3,7,82.02928519248962
2222,-3.3,7,82.06170535087585
2223,-3.7,15,82.1065628528595
2224,-3.15,4,82.13310289382935
2225,3.55,10,82.18257570266724
2226,3.25,12,82.23592114448547
2227,-3.35,8,82.27190089225769
2228,-3.35,8,82.30738830566406
2229,3.55,10,82.35187149047852
2230,3.6999999999999997,9,82.39170527458191
2231,-3.55,12,82.43607187271118
2232,-3.1,3,82.4661328792572
2233,-3.15,4,82.49613618850708
2234,-3.15,4,82.52648854255676
2235,-3.35,8,82.56314373016357
2236,4.3,5,82.59963154792786
2237,4.0,7,82.63215374946594
2238,-3.65,14,82.67507529258728
2239,4.15,6,82.70815253257751
2240,4.3,5,82.7389132976532
2241,-3.25,6,82.76910161972046
2242,3.85,8,82.81279063224792
2243,-3.25,6,82.84351921081543
2244,4.3,5,82.87263059616089
2245,4.3,5,82.90474677085876
2246,-3.05,2,82.92833256721497
2247,3.85,8,82.96431159973145
2248,-3.45,10,83.00098490715027
2249,4.75,2,83.03323221206665
2250,4.15,6,83.06810545921326
2251,-3.2,5,83.09789967536926
2252,-3.15,4,83.12550282478333
2253,-3.25,6,83.15718722343445
2254,-3.35,8,83.32990908622742
2255,-3.05,2,83.35269737243652
2256,4.449999999999999,4,83.3840868473053
2257,-3.2,5,83.41560006141663
2258,-3.1,3,83.44209098815918
2259,-3.15,4,83.46972608566284
2260,-3.3,7,83.50561666488647
2261,4.0,7,83.54027652740479
2262,-3.15,4,83.5710039138794
2263,4.3,5,83.59881019592285
2264,3.55,10,83.63998031616211
2265,-3.25,6,83.66944241523743
2266,4.0,7,83.7050986289978
2267,-3.2,5,83.743985414505
2268,-3.2,5,83.77539205551147
2269,4.6000000000000005,3,83.80469918251038
2270,-3.1,3,83.82841777801514
2271,4.75,2,83.85588216781616
2272,-3.15,4,83.88244986534119
2273,4.75,2,83.9094123840332
2274,-3.25,6,83.94336342811584
2275,-3.15,4,83.9715268611908
2276,-3.05,2,83.99536943435669
2277,4.449999999999999,4,84.03233861923218
2278,4.6000000000000005,3,84.06467175483704
2279,4.15,6,84.10137677192688
2280,-3.1,3,84.12783122062683
2281,-3.4,9,84.16203045845032
2282,4.15,6,84.19673585891724
2283,4.0,7,84.22905254364014
2284,4.6000000000000005,3,84.25968790054321
2285,-3.4,9,84.29213857650757
2286,4.0,7,84.32576394081116
2287,3.4,11,84.3618221282959
2288,-3.2,5,84.39304089546204
2289,4.449999999999999,4,84.42293119430542
2290,-3.65,14,84.4637815952301
2291,3.55,10,84.50443124771118
2292,-3.4,9,84.54420495033264
2293,-3.35,8,84.58508062362671
2294,4.449999999999999,4,84.61513710021973
2295,-3.25,6,84.65269613265991
2296,-3.55,12,84.6913423538208
2297,4.6000000000000005,3,84.71927428245544
2298,-3.2,5,84.74748086929321
2299,-3.35,8,84.94198894500732
2300,4.0,7,84.97915029525757
2301,-3.5,11,85.01817989349365
2302,3.85,8,85.06092572212219
2303,3.55,10,85.10533428192139
2304,-3.35,8,85.14591693878174
2305,3.55,10,85.1895101070404
2306,4.3,5,85.22200083732605
2307,-3.3,7,85.25358700752258
2308,3.55,10,85.28775811195374
2309,4.15,6,85.31907200813293
2310,4.15,6,85.34664726257324
2311,-3.4,9,85.38026070594788
2312,-3.55,12,85.42525887489319
2313,-3.2,5,85.4579451084137
2314,3.25,12,85.50187277793884
2315,-3.35,8,85.54154562950134
2316,4.3,5,85.58151888847351
2317,3.55,10,85.62423872947693
2318,3.6999999999999997,9,85.66351866722107
2319,4.449999999999999,4,85.6917712688446
2320,3.85,8,85.73320174217224
2321,4.0,7,85.76434087753296
2322,4.449999999999999,4,85.7926938533783
2323,-3.35,8,85.82685422897339
2324,4.449999999999999,4,85.86009812355042
2325,4.15,6,85.8973183631897
2326,-3.3,7,85.93066930770874
2327,4.449999999999999,4,85.96194267272949
2328,-3.05,2,85.98620009422302
2329,-3.6,13,86.02707552909851
2330,-3.4,9,86.06200504302979
2331,4.15,6,86.09480094909668
2332,3.25,12,86.13875126838684
2333,3.25,12,86.312185049057
2334,4.449999999999999,4,86.34425830841064
2335,4.449999999999999,4,86.37979531288147
2336,3.6999999999999997,9,86.41975522041321
2337,-3.15,4,86.4468309879303
2338,4.75,2,86.47503471374512
2339,-3.35,8,86.51198244094849
2340,-3.2,5,86.54063296318054
2341,-3.35,8,86.57816958427429
2342,4.3,5,86.61092066764832
2343,4.3,5,86.64515495300293
2344,-3.15,4,86.67520427703857
2345,-3.4,9,86.71339964866638
2346,-3.15,4,86.74541068077087
2347,-3.25,6,86.78613758087158
2348,3.55,10,86.82734942436218
2349,4.15,6,86.86222195625305
2350,4.449999999999999,4,86.89479088783264
2351,4.15,6,86.932293176651
2352,4.15,6,86.96736359596252
2353,4.3,5,87.00636196136475
2354,4.0,7,87.0461437702179
2355,4.0,7,87.0797348022461
2356,-3.15,4,87.11070346832275
2357,3.6999999999999997,9,87.15328407287598
2358,-3.45,10,87.19436001777649
2359,4.3,5,87.22526931762695
2360,4.449999999999999,4,87.25373196601868
2361,-1.75,15,87.30288624763489
2362,3.25,12,87.33848333358765
2363,3.6999999999999997,9,87.37160587310791
2364,-3.4,9,87.40353417396545
2365,-3.35,8,87.43504858016968
2366,-3.1,3,87.4594829082489
2367,4.0,7,87.49320960044861
2368,3.6999999999999997,9,87.53126502037048
2369,4.75,2,87.55644154548645
2370,-3.25,6,87.58651161193848
2371,-3.2,5,87.61656308174133
2372,4.0,7,87.78923559188843
2373,4.15,6,87.82269859313965
2374,-3.25,6,87.86100363731384
2375,-1.75,15,87.91378784179688
2376,4.15,6,87.9498200416565
2377,4.449999999999999,4,87.97638249397278
2378,4.0,7,88.0115270614624
2379,4.0,7,88.04180788993835
2380,4.75,2,88.06923794746399
2381,4.75,2,88.09188342094421
2382,4.3,5,88.12392783164978
2383,-3.3,7,88.15709114074707
2384,3.4,11,88.20248031616211
2385,-3.55,12,88.2505464553833
2386,3.4,11,88.29627466201782
2387,-3.7,15,88.34871435165405
2388,4.15,6,88.38492965698242
2389,4.15,6,88.42227077484131
2390,4.15,6,88.45565724372864
2391,4.449999999999999,4,88.49195885658264
2392,4.3,5,88.52717161178589
2393,-3.05,2,88.55446934700012
2394,4.3,5,88.59359622001648
2395,3.25,12,88.64403438568115
2396,-3.3,7,88.68461275100708
2397,-3.3,7,88.7199490070343
2398,-3.1,3,88.74857997894287
2399,4.0,7,88.78079533576965
2400,-3.6,13,88.82313418388367
2401,-3.4,9,88.85865211486816
2402,3.85,8,88.90131044387817
2403,4.6000000000000005,3,88.92915415763855
2404,4.0,7,88.96183705329895
2405,3.55,10,89.00059700012207
2406,4.0,7,89.04016661643982
2407,3.25,12,89.2323431968689
2408,4.449999999999999,4,89.26777815818787
2409,3.85,8,89.30837059020996
2410,4.6000000000000005,3,89.33731412887573
2411,3.25,12,89.3795816898346
2412,3.85,8,89.42480158805847
2413,4.15,6,89.45539450645447
2414,4.15,6,89.48689985275269
2415,4.6000000000000005,3,89.51243352890015
2416,4.3,5,89.54412341117859
2417,4.15,6,89.58081984519958
2418,-3.05,2,89.60977292060852
2419,-3.1,3,89.63550662994385
2420,4.3,5,89.66826105117798
2421,-3.2,5,89.6964168548584
2422,4.75,2,89.72625589370728
2423,4.0,7,89.75988125801086
2424,-3.45,10,89.80177211761475
2425,4.449999999999999,4,89.83017587661743
2426,-3.2,5,89.85798716545105
2427,-3.2,5,89.89088606834412
2428,-3.1,3,89.91652870178223
2429,4.15,6,89.95091271400452
2430,-3.35,8,89.99158120155334
2431,4.0,7,90.02776026725769
2432,4.0,7,90.07194113731384
2433,3.55,10,90.10923433303833
2434,4.0,7,90.14425778388977
2435,-3.4,9,90.179692029953
2436,-3.45,10,90.22410440444946
2437,3.6999999999999997,9,90.26494932174683
2438,3.55,10,90.30069518089294
2439,-3.45,10,90.34044098854065
2440,-3.15,4,90.37134218215942
2441,-3.65,14,90.41524410247803
2442,-3.45,10,90.45097208023071
2443,3.4,11,90.4905047416687
2444,4.3,5,90.51966619491577
2445,4.6000000000000005,3,90.6974720954895
2446,4.15,6,90.73047041893005
2447,4.449999999999999,4,90.76177763938904
2448,3.85,8,90.7967791557312
2449,4.449999999999999,4,90.82451343536377
2450,-3.15,4,90.85564947128296
2451,4.0,7,90.89040184020996
2452,4.6000000000000005,3,90.91377592086792
2453,4.6000000000000005,3,90.93994879722595
2454,3.6999999999999997,9,90.97558760643005
2455,4.15,6,91.00592613220215
2456,-3.1,3,91.02863836288452
2457,-3.1,3,91.05495071411133
2458,3.6999999999999997,9,91.09115219116211
2459,3.85,8,91.12459897994995
2460,-3.45,10,91.16228199005127
2461,3.55,10,91.19894003868103
2462,-3.45,10,91.23425531387329
2463,-3.2,5,91.26311326026917
2464,4.9,1,91.2859046459198
2465,4.6000000000000005,3,91.31009888648987
2466,4.6000000000000005,3,91.33662796020508
2467,4.6000000000000005,3,91.3609983921051
2468,4.0,7,91.39205932617188
2469,-3.25,6,91.41998314857483
2470,3.55,10,91.45405173301697
2471,-3.25,6,91.48545336723328
2472,3.55,10,91.52652621269226
2473,-3.5,11,91.57256937026978
2474,-3.15,4,91.60851192474365
2475,4.449999999999999,4,91.64513349533081
2476,4.6000000000000005,3,91.6864743232727
2477,3.6999999999999997,9,91.74209213256836
2478,3.6999999999999997,9,91.78316068649292
2479,-3.45,10,91.82604956626892
2480,4.15,6,91.8676655292511
2481,4.0,7,91.90409064292908
2482,4.15,6,91.93379712104797
2483,-3.3,7,91.9730932712555
2484,-3.2,5,92.00702738761902
2485,4.3,5,92.03634977340698
2486,3.85,8,92.21845245361328
2487,4.75,2,92.24107813835144
2488,3.85,8,92.2734477519989
2489,4.6000000000000005,3,92.2986090183258
2490,4.15,6,92.32629704475403
2491,4.15,6,92.35498094558716
2492,4.449999999999999,4,92.3840012550354
2493,4.75,2,92.40796542167664
2494,4.6000000000000005,3,92.4364743232727
2495,-3.15,4,92.46609354019165
2496,-3.2,5,92.49873375892639
2497,-3.3,7,92.53000998497009
2498,-3.6,13,92.57637596130371
2499,4.3,5,92.60552501678467
2500,-3.35,8,92.63665056228638
2501,-3.1,3,92.66148018836975
2502,-3.25,6,92.69341659545898
2503,-3.25,6,92.72628355026245
2504,-3.15,4,92.75241875648499
2505,4.3,5,92.77768087387085
2506,4.0,7,92.81268787384033
2507,4.449999999999999,4,92.84251618385315
2508,4.3,5,92.87223529815674
2509,-3.1,3,92.89992427825928
2510,4.3,5,92.92805933952332
2511,-3.15,4,92.95495438575745
2512,-3.1,3,92.97933506965637
2513,4.449999999999999,4,93.00960087776184
2514,-3.15,4,93.03530073165894
2515,4.0,7,93.07672429084778
2516,-3.05,2,93.103440284729
2517,4.75,2,93.13092923164368
2518,4.0,7,93.16612076759338
2519,-3.4,9,93.20526647567749
2520,3.55,10,93.2437915802002
2521,-3.0,1,93.27139687538147
2522,4.3,5,93.30224537849426
2523,4.0,7,93.34273195266724
2524,4.15,6,93.37417817115784
2525,4.449999999999999,4,93.40358018875122
2526,-3.2,5,93.43640041351318
2527,3.25,12,93.47763085365295
2528,4.15,6,93.51646304130554
2529,-3.05,2,93.54100465774536
2530,-3.5,11,93.58336591720581
2531,-3.4,9,93.62470436096191
2532,4.0,7,93.66032791137695
2533,3.85,8,93.86146450042725
2534,4.0,7,93.90511178970337
2535,-3.3,7,93.94051551818848
2536,4.3,5,93.97727298736572
2537,-3.35,8,94.01535296440125
2538,4.15,6,94.05448365211487
2539,3.4,11,94.10670971870422
2540,4.15,6,94.14482617378235
2541,4.449999999999999,4,94.17289400100708
2542,4.6000000000000005,3,94.20058107376099
2543,4.0,7,94.23053860664368
2544,4.449999999999999,4,94.26326274871826
2545,4.15,6,94.29547071456909
2546,-3.25,6,94.32804584503174
2547,-3.2,5,94.35773921012878
2548,-3.0,1,94.38500809669495
2549,3.4,11,94.42343378067017
2550,4.449999999999999,4,94.45187902450562
2551,4.449999999999999,4,94.48002457618713
2552,4.15,6,94.51085567474365
2553,3.85,8,94.54384160041809
2554,4.15,6,94.57461929321289
2555,3.85,8,94.60706377029419
2556,-3.05,2,94.63877844810486
2557,4.0,7,94.6758828163147
2558,4.15,6,94.70720863342285
2559,-3.05,2,94.73287510871887
2560,4.449999999999999,4,94.76171898841858
2561,4.449999999999999,4,94.79148769378662
2562,3.85,8,94.82855677604675
2563,-3.05,2,94.85683250427246
2564,3.55,10,94.90341758728027
2565,-3.1,3,94.93857049942017
2566,4.0,7,94.98282837867737
2567,4.3,5,95.01834964752197
2568,-3.15,4,95.04950833320618
2569,-3.35,8,95.08483529090881
2570,4.75,2,95.10937762260437
2571,4.0,7,95.15200901031494
2572,3.25,12,95.20706939697266
2573,4.15,6,95.24213242530823
2574,-3.2,5,95.27370977401733
2575,4.3,5,95.31323218345642
2576,3.6999999999999997,9,95.35352158546448
2577,-3.3,7,95.55731177330017
2578,3.85,8,95.59005069732666
2579,-3.0,1,95.61813139915466
2580,4.75,2,95.65086960792542
2581,-3.1,3,95.68068385124207
2582,-3.05,2,95.70777702331543
2583,-3.15,4,95.74094438552856
2584,4.3,5,95.77346014976501
2585,3.6999999999999997,9,95.80577206611633
2586,3.6999999999999997,9,95.83996367454529
2587,-3.4,9,95.87310266494751
2588,3.85,8,95.90887475013733
2589,4.6000000000000005,3,95.9382164478302
2590,4.15,6,95.96876835823059
2591,-3.35,8,96.00202107429504
2592,4.15,6,96.03312587738037
2593,-3.35,8,96.06591558456421
2594,4.3,5,96.09201049804688
2595,-3.25,6,96.11929941177368
2596,-3.15,4,96.14652943611145
2597,3.85,8,96.17956066131592
2598,3.6999999999999997,9,96.21880650520325
2599,4.3,5,96.25175499916077
2600,-3.2,5,96.27921319007874
2601,4.0,7,96.31468486785889
2602,-3.15,4,96.34319543838501
2603,4.6000000000000005,3,96.37526869773865
2604,4.15,6,96.41371941566467
2605,4.3,5,96.44681811332703
2606,-3.05,2,96.47335958480835
2607,4.75,2,96.50493597984314
2608,3.6999999999999997,9,96.54179310798645
2609,4.3,5,96.57401371002197
2610,3.6999999999999997,9,96.61140871047974
2611,-3.3,7,96.64481353759766
2612,4.3,5,96.67571234703064
2613,-3.1,3,96.70364165306091
2614,4.75,2,96.73633050918579
2615,4.449999999999999,4,96.76983880996704
2616,4.0,7,96.8024251461029
2617,4.3,5,96.83752751350403
2618,4.15,6,96.86930131912231
2619,4.0,7,96.90233159065247
2620,4.3,5,96.92770791053772
2621,4.75,2,96.95225620269775
2622,3.55,10,96.98863577842712
2623,4.3,5,97.16479229927063
2624,3.55,10,97.20411586761475
2625,-3.1,3,97.22751379013062
2626,4.449999999999999,4,97.25820875167847
2627,4.3,5,97.29112577438354
2628,3.4,11,97.3273184299469
2629,-3.65,14,97.3707230091095
2630,-3.45,10,97.40673613548279
2631,4.15,6,97.44250321388245
2632,4.3,5,97.47210812568665
2633,4.0,7,97.50264930725098
2634,4.75,2,97.52785801887512
2635,4.3,5,97.56362700462341
2636,4.3,5,97.59451413154602
2637,4.15,6,97.62420988082886
2638,3.25,12,97.6617157459259
2639,-3.45,10,97.69572043418884
2640,-3.65,14,97.74165844917297
2641,4.3,5,97.7760579586029
2642,4.0,7,97.8131992816925
2643,-1.75,15,97.8601405620575
2644,-3.05,2,97.89025950431824
2645,4.449999999999999,4,97.9206485748291
2646,-3.2,5,97.95538759231567
2647,-3.35,8,97.99448084831238
2648,-3.55,12,98.03928971290588
2649,4.6000000000000005,3,98.06907677650452
2650,-3.45,10,98.10735082626343
2651,-3.1,3,98.13685894012451
2652,-3.2,5,98.16795706748962
2653,4.75,2,98.19100594520569
2654,-3.4,9,98.22580242156982
2655,-1.75,15,98.27399682998657
2656,-3.0,1,98.29776048660278
2657,4.449999999999999,4,98.32936906814575
2658,4.0,7,98.36376428604126
2659,-3.2,5,98.40226912498474
2660,3.85,8,98.59972810745239
2661,3.6999999999999997,9,98.63504004478455
2662,-3.1,3,98.66115617752075
2663,4.3,5,98.68806266784668
2664,4.6000000000000005,3,98.71816611289978
2665,3.55,10,98.7562460899353
2666,-3.65,14,98.80763268470764
2667,3.6999999999999997,9,98.84536647796631
2668,3.85,8,98.87825989723206
2669,-3.15,4,98.9088225364685
2670,4.0,7,98.9445128440857
2671,3.4,11,98.99115514755249
2672,-3.05,2,99.01748180389404
2673,-3.1,3,99.04490852355957
2674,-1.75,15,99.09385657310486
2675,4.449999999999999,4,99.12182760238647
2676,-1.75,15,99.16521978378296
2677,4.6000000000000005,3,99.1876266002655
2678,4.449999999999999,4,99.21461629867554
2679,3.6999999999999997,9,99.2502543926239
2680,-3.05,2,99.273517370224
2681,4.449999999999999,4,99.29813480377197
2682,-3.1,3,99.3221185207367
2683,-3.3,7,99.35265755653381
2684,3.6999999999999997,9,99.3890027999878
2685,-3.3,7,99.42077088356018
2686,4.0,7,99.45484900474548
2687,-3.2,5,99.48540949821472
2688,-3.15,4,99.51115560531616
2689,4.449999999999999,4,99.54468894004822
2690,4.3,5,99.57429003715515
2691,4.0,7,99.61010885238647
2692,-3.0,1,99.63609457015991
2693,-3.1,3,99.65942931175232
2694,-3.2,5,99.68944811820984
2695,4.3,5,99.7190318107605
2696,-3.05,2,99.74626207351685
2697,-3.2,5,99.77932357788086
2698,4.3,5,99.8087682723999
2699,3.85,8,99.84588527679443
2700,3.85,8,99.88581991195679
2701,4.15,6,99.91801524162292
2702,-3.1,3,100.09204769134521
2703,4.3,5,100.13395118713379
2704,4.3,5,100.16480660438538
2705,-3.45,10,100.20583009719849
2706,-3.2,5,100.24153089523315
2707,4.3,5,100.27248167991638
2708,-3.05,2,100.29804277420044
2709,4.449999999999999,4,100.32937788963318
2710,4.449999999999999,4,100.36081075668335
2711,-3.35,8,100.39690160751343
2712,4.0,7,100.4316029548645
2713,3.4,11,100.47114777565002
2714,4.75,2,100.49789452552795
2715,-3.1,3,100.52570867538452
2716,-3.0,1,100.55299615859985
2717,4.0,7,100.58736228942871
2718,4.9,1,100.6077709197998
2719,-3.35,8,100.6412672996521
2720,-3.15,4,100.6693787574768
2721,3.85,8,100.70318245887756
2722,4.3,5,100.72947120666504
2723,4.6000000000000005,3,100.75336265563965
2724,3.85,8,100.78512120246887
2725,-3.2,5,100.81425189971924
2726,4.6000000000000005,3,100.84680509567261
2727,3.6999999999999997,9,100.88497805595398
2728,-3.05,2,100.91173505783081
2729,-3.45,10,100.95133781433105
2730,-3.25,6,100.98261666297913
2731,-1.75,15,101.02724123001099
2732,3.85,8,101.06137204170227
2733,4.449999999999999,4,101.09817242622375
2734,-3.0,1,101.13187026977539
2735,4.0,7,101.17195081710815
2736,4.15,6,101.20821070671082
2737,4.6000000000000005,3,101.23991918563843
2738,3.6999999999999997,9,101.2775206565857
2739,-3.45,10,101.313157081604
2740,-3.1,3,101.3375506401062
2741,4.0,7,101.37187623977661
2742,-3.3,7,101.40584135055542
2743,4.75,2,101.4327597618103
2744,4.3,5,101.46329021453857
2745,-3.05,2,101.49223256111145
2746,3.6999999999999997,9,101.52857947349548
2747,4.6000000000000005,3,101.55963277816772
2748,4.0,7,101.75815558433533
2749,4.6000000000000005,3,101.78842210769653
2750,-1.75,15,101.83420157432556
2751,4.3,5,101.8719425201416
2752,3.55,10,101.91265273094177
2753,4.3,5,101.94201612472534
2754,4.0,7,101.97662854194641
2755,4.3,5,102.00727725028992
2756,-3.7,15,102.05241632461548
2757,-3.4,9,102.08741593360901
2758,4.9,1,102.11308646202087
2759,4.15,6,102.15486526489258
2760,4.3,5,102.18711066246033
2761,4.15,6,102.21710181236267
2762,-3.35,8,102.25424218177795
2763,-3.4,9,102.28782033920288
2764,4.6000000000000005,3,102.3165979385376
2765,4.75,2,102.34065508842468
2766,4.0,7,102.37360548973083
2767,-3.25,6,102.4044930934906
2768,4.6000000000000005,3,102.42779612541199
2769,-3.4,9,102.46611666679382
2770,3.4,11,102.51794004440308
2771,-3.05,2,102.54170107841492
2772,-3.35,8,102.58256077766418
2773,-3.25,6,102.61434364318848
2774,4.449999999999999,4,102.64579939842224
2775,-3.4,9,102.69169235229492
2776,-3.3,7,102.72537636756897
2777,3.6999999999999997,9,102.7639651298523
2778,-3.45,10,102.80346989631653
2779,3.4,11,102.84380459785461
2780,4.15,6,102.87758493423462
2781,4.3,5,102.90636324882507
2782,4.15,6,102.93744134902954
2783,3.85,8,102.97423982620239
2784,4.0,7,103.00991654396057
2785,-3.4,9,103.19380140304565
2786,4.3,5,103.22333240509033
2787,3.85,8,103.25834608078003
2788,-3.0,1,103.28141498565674
2789,-3.2,5,103.30885314941406
2790,3.55,10,103.34275317192078
2791,3.6999999999999997,9,103.38036227226257
2792,4.449999999999999,4,103.41442775726318
2793,-3.3,7,103.44963264465332
2794,4.0,7,103.48378920555115
2795,-3.35,8,103.52197360992432
2796,3.6999999999999997,9,103.56327223777771
2797,4.6000000000000005,3,103.59342098236084
2798,4.75,2,103.62148642539978
2799,4.449999999999999,4,103.65495920181274
2800,4.15,6,103.68668127059937
2801,4.449999999999999,4,103.71419429779053
2802,4.15,6,103.74376225471497
2803,4.449999999999999,4,103.77273774147034
2804,3.4,11,103.81542038917542
2805,3.85,8,103.85078740119934
2806,4.449999999999999,4,103.87558603286743
2807,4.75,2,103.90193796157837
2808,4.75,2,103.9264726638794
2809,-3.35,8,103.95921564102173
2810,4.449999999999999,4,103.98999381065369
2811,-3.7,15,104.037344455719
2812,4.15,6,104.07709646224976
2813,3.6999999999999997,9,104.11188864707947
2814,4.15,6,104.1415467262268
2815,-3.1,3,104.16840600967407
2816,4.15,6,104.20750427246094
2817,3.6999999999999997,9,104.24215626716614
2818,4.6000000000000005,3,104.26895141601562
2819,4.449999999999999,4,104.29779314994812
2820,4.449999999999999,4,104.3293354511261
2821,-3.6,13,104.37244915962219
2822,3.55,10,104.40799164772034
2823,3.85,8,104.44056558609009
2824,4.449999999999999,4,104.46911191940308
2825,4.0,7,104.4997992515564
2826,4.3,5,104.6724214553833
2827,3.6999999999999997,9,104.70887541770935
2828,-3.15,4,104.73490309715271
2829,4.0,7,104.76984715461731
2830,4.0,7,104.80010867118835
2831,4.449999999999999,4,104.82587194442749
2832,-1.75,15,104.8679690361023
2833,-3.45,10,104.90636873245239
2834,-3.25,6,104.93838000297546
2835,4.449999999999999,4,104.96620011329651
2836,-3.55,12,105.01127910614014
2837,-3.4,9,105.04990792274475
2838,-3.25,6,105.0834379196167
2839,4.3,5,105.11742830276489
2840,4.6000000000000005,3,105.14583373069763
2841,-3.2,5,105.17642211914062
2842,-3.25,6,105.20942401885986
2843,-3.15,4,105.24160051345825
2844,2.9499999999999997,14,105.28963255882263
2845,-3.3,7,105.32106494903564
2846,4.3,5,105.35065388679504
2847,4.6000000000000005,3,105.3750376701355
2848,4.0,7,105.40701031684875
2849,3.85,8,105.44102239608765
2850,-3.5,11,105.47927069664001
2851,-3.55,12,105.51997876167297
2852,3.85,8,105.55723857879639
2853,-3.35,8,105.59200024604797
2854,-3.0,1,105.61294674873352
2855,-3.1,3,105.64331388473511
2856,-3.2,5,105.67224168777466
2857,4.0,7,105.70310878753662
2858,3.55,10,105.73699474334717
2859,4.15,6,105.76726841926575
2860,4.449999999999999,4,105.8062994480133
2861,4.6000000000000005,3,105.83702325820923
2862,4.0,7,105.87417125701904
2863,-3.65,14,106.08690643310547
2864,4.3,5,106.11791563034058
2865,3.85,8,106.152090549469
2866,3.55,10,106.18797659873962
2867,3.55,10,106.22446131706238
2868,-3.1,3,106.25464296340942
2869,3.85,8,106.2879273891449
2870,4.0,7,106.31886029243469
2871,4.75,2,106.34472370147705
2872,4.0,7,106.37556409835815
2873,4.0,7,106.40923070907593
2874,3.85,8,106.44962501525879
2875,3.4,11,106.48902702331543
2876,4.449999999999999,4,106.51623558998108
2877,4.449999999999999,4,106.54048418998718
2878,-1.75,15,106.5856261253357
2879,-3.35,8,106.62516665458679
2880,4.449999999999999,4,106.65587544441223
2881,3.25,12,106.69918537139893
2882,4.6000000000000005,3,106.72453379631042
2883,3.4,11,106.76581406593323
2884,3.85,8,106.80436491966248
2885,4.6000000000000005,3,106.83349704742432
2886,4.15,6,106.86931991577148
2887,-1.75,15,106.92708230018616
2888,4.3,5,106.9595901966095
2889,3.85,8,106.9934470653534
2890,-3.55,12,107.03158330917358
2891,4.15,6,107.05998229980469
2892,-3.45,10,107.09366488456726
2893,4.0,7,107.12629175186157
2894,4.0,7,107.16399574279785
2895,4.0,7,107.19966125488281
2896,3.85,8,107.23080825805664
2897,4.449999999999999,4,107.40488910675049
2898,4.0,7,107.44736814498901
2899,-1.75,15,107.4995334148407
2900,4.449999999999999,4,107.53886127471924
2901,4.3,5,107.57174682617188
2902,-3.0,1,107.5930016040802
2903,-3.6,13,107.63960981369019
2904,-3.0,1,107.6613392829895
2905,-3.35,8,107.69629216194153
2906,-3.1,3,107.72077012062073
2907,3.4,11,107.75651669502258
2908,-3.35,8,107.79370164871216
2909,3.25,12,107.8326804637909
2910,4.3,5,107.8600172996521
2911,4.75,2,107.88603520393372
2912,4.0,7,107.915283203125
2913,4.0,7,107.94964504241943
2914,-1.75,15,107.99451422691345
2915,4.6000000000000005,3,108.02192378044128
2916,4.0,7,108.0564637184143
2917,-3.45,10,108.09003376960754
2918,3.6999999999999997,9,108.12294840812683
2919,4.75,2,108.14859509468079
2920,4.3,5,108.17695808410645
2921,3.85,8,108.21543908119202
2922,4.0,7,108.25262689590454
2923,3.6999999999999997,9,108.29022669792175
2924,3.85,8,108.32994890213013
2925,3.55,10,108.36780905723572
2926,4.6000000000000005,3,108.39552927017212
2927,3.1,13,108.44273853302002
2928,4.449999999999999,4,108.47300219535828
2929,4.9,1,108.49798274040222
2930,-3.0,1,108.52012848854065
2931,-3.25,6,108.5539059638977
2932,4.449999999999999,4,108.58431911468506
2933,3.55,10,108.62298345565796
2934,-3.2,5,108.65387678146362
2935,3.55,10,108.84037637710571
2936,3.85,8,108.8756787776947
2937,4.6000000000000005,3,108.90496015548706
2938,3.55,10,108.95044755935669
2939,3.4,11,108.99295592308044
2940,-3.2,5,109.02748370170593
2941,-3.35,8,109.067049741745
2942,-1.75,15,109.11346364021301
2943,3.4,11,109.1579942703247
2944,4.0,7,109.19282722473145
2945,4.3,5,109.22524762153625
2946,-1.75,15,109.26959824562073
2947,3.6999999999999997,9,109.30169987678528
2948,4.15,6,109.33714056015015
2949,4.449999999999999,4,109.36728477478027
2950,3.85,8,109.39927887916565
2951,3.6999999999999997,9,109.43022418022156
2952,4.15,6,109.45944690704346
2953,-3.25,6,109.49112629890442
2954,3.55,10,109.53954100608826
2955,4.0,7,109.57149386405945
2956,3.55,10,109.60555934906006
2957,4.3,5,109.63903975486755
2958,-3.0,1,109.66200304031372
2959,3.4,11,109.70490527153015
2960,-3.1,3,109.72778654098511
2961,4.449999999999999,4,109.75766777992249
2962,4.3,5,109.78983974456787
2963,-3.45,10,109.8295271396637
2964,4.6000000000000005,3,109.85476088523865
2965,4.6000000000000005,3,109.88111662864685
2966,-3.25,6,109.90869688987732
2967,4.0,7,109.9408483505249
2968,4.0,7,109.97263884544373
2969,4.6000000000000005,3,110.00187087059021
2970,4.6000000000000005,3,110.02597165107727
2971,4.3,5,110.05553460121155
2972,-3.65,14,110.23844575881958
2973,4.0,7,110.27213525772095
2974,4.6000000000000005,3,110.30193495750427
2975,4.75,2,110.33253240585327
2976,4.75,2,110.35804533958435
2977,-3.45,10,110.39696049690247
2978,4.15,6,110.42890572547913
2979,-3.65,14,110.47107005119324
2980,4.15,6,110.50128054618835
2981,-3.6,13,110.53994560241699
2982,4.0,7,110.5763680934906
2983,-3.4,9,110.6182689666748
2984,-3.45,10,110.66093754768372
2985,4.449999999999999,4,110.69430708885193
2986,4.0,7,110.73117184638977
2987,4.0,7,110.76884269714355
2988,4.6000000000000005,3,110.79891300201416
2989,4.449999999999999,4,110.82562804222107
2990,-3.15,4,110.85597252845764
2991,-3.2,5,110.88354563713074
2992,4.3,5,110.90987181663513
2993,3.6999999999999997,9,110.94632244110107
2994,4.0,7,110.97788548469543
2995,4.449999999999999,4,111.00525188446045
2996,4.15,6,111.03547310829163
2997,-3.5,11,111.07804703712463
2998,-3.4,9,111.11362195014954
2999,3.1,13,111.15428423881531
3000,3.6999999999999997,9,111.19057536125183
3001,4.0,7,111.23389387130737
3002,3.4,11,111.2719178199768
3003,4.6000000000000005,3,111.30092906951904
3004,4.449999999999999,4,111.3299617767334
3005,-3.5,11,111.36675667762756
3006,4.449999999999999,4,111.39597773551941
3007,3.85,8,111.59448981285095
3008,4.6000000000000005,3,111.6221055984497
3009,4.3,5,111.6562397480011
3010,3.6999999999999997,9,111.69804072380066
3011,4.449999999999999,4,111.73436331748962
3012,4.3,5,111.76610994338989
3013,4.6000000000000005,3,111.7967836856842
3014,4.3,5,111.8273503780365
3015,3.6999999999999997,9,111.866779088974
3016,-3.05,2,111.89839816093445
3017,4.0,7,111.93622469902039
3018,4.75,2,111.96637439727783
3019,4.0,7,111.99896931648254
3020,3.6999999999999997,9,112.04155898094177
3021,3.6999999999999997,9,112.08378434181213
3022,4.15,6,112.1168885231018
3023,-1.75,15,112.16621398925781
3024,-3.0,1,112.19266605377197
3025,4.3,5,112.22650218009949
3026,3.55,10,112.26577544212341
3027,4.3,5,112.29772138595581
3028,4.3,5,112.32754611968994
3029,-1.75,15,112.37432074546814
3030,-3.7,15,112.41605830192566
3031,4.75,2,112.44159054756165
3032,3.85,8,112.47788071632385
3033,4.75,2,112.50336980819702
3034,4.9,1,112.52512431144714
3035,3.55,10,112.5592987537384
3036,4.15,6,112.59248232841492
3037,-3.05,2,112.6167140007019
3038,4.3,5,112.64251565933228
3039,4.3,5,112.67198395729065
3040,-3.1,3,112.70184087753296
3041,3.85,8,112.74976706504822
3042,-3.15,4,112.78157830238342
3043,-3.05,2,112.80546402931213
3044,4.449999999999999,4,112.83518981933594
3045,4.75,2,112.85835361480713
3046,4.3,5,112.88525605201721
3047,3.25,12,112.92295169830322
3048,-1.75,15,112.96772861480713
3049,3.4,11,113.1584882736206
3050,4.0,7,113.19152545928955
3051,4.15,6,113.22311973571777
3052,4.0,7,113.25426316261292
3053,4.15,6,113.28627324104309
3054,-3.35,8,113.31998419761658
3055,3.85,8,113.35895085334778
3056,4.6000000000000005,3,113.38482713699341
3057,4.6000000000000005,3,113.40737128257751
3058,4.3,5,113.43909502029419
3059,-3.2,5,113.4685525894165
3060,4.449999999999999,4,113.50410580635071
3061,4.75,2,113.53708267211914
3062,-3.4,9,113.58168601989746
3063,4.3,5,113.61247301101685
3064,-3.5,11,113.65276026725769
3065,4.449999999999999,4,113.68070960044861
3066,3.1,13,113.73653292655945
3067,4.15,6,113.77358198165894
3068,4.0,7,113.80841016769409
3069,4.449999999999999,4,113.837881565094
3070,4.449999999999999,4,113.86964201927185
3071,4.0,7,113.9043550491333
3072,3.25,12,113.94880676269531
3073,-3.4,9,113.98456192016602
3074,4.449999999999999,4,114.01556372642517
3075,-3.2,5,114.04208278656006
3076,4.449999999999999,4,114.06735587120056
3077,-3.35,8,114.10170269012451
3078,3.4,11,114.1422758102417
3079,3.25,12,114.18468475341797
3080,3.4,11,114.22879457473755
3081,4.6000000000000005,3,114.2529513835907
3082,3.55,10,114.28925776481628
3083,4.6000000000000005,3,114.31451964378357
3084,4.0,7,114.34743237495422
3085,4.15,6,114.37961959838867
3086,3.85,8,114.41053366661072
3087,4.15,6,114.58673572540283
3088,3.85,8,114.64096713066101
3089,3.85,8,114.6913070678711
3090,4.0,7,114.74022126197815
3091,3.4,11,114.78796648979187
3092,3.4,11,114.82973265647888
3093,4.6000000000000005,3,114.8581211566925
3094,3.6999999999999997,9,114.89504504203796
3095,4.6000000000000005,3,114.92926287651062
3096,3.6999999999999997,9,114.96723318099976
3097,4.15,6,115.00267362594604
3098,4.75,2,115.03044724464417
3099,3.6999999999999997,9,115.07273459434509
3100,4.6000000000000005,3,115.10507440567017
3101,-3.2,5,115.13826203346252
3102,4.3,5,115.17561984062195
3103,3.55,10,115.22072386741638
3104,3.85,8,115.25980043411255
3105,4.75,2,115.2876238822937
3106,4.449999999999999,4,115.3231680393219
3107,4.449999999999999,4,115.3664858341217
3108,4.3,5,115.40327525138855
3109,3.25,12,115.44924926757812
3110,4.449999999999999,4,115.47826886177063
3111,-3.0,1,115.50194358825684
3112,-3.2,5,115.53143906593323
3113,-3.0,1,115.5523145198822
3114,4.9,1,115.57866072654724
3115,-3.05,2,115.60537123680115
3116,4.3,5,115.63616251945496
3117,-1.75,15,115.68459868431091
3118,4.9,1,115.70679426193237
3119,4.75,2,115.73252129554749
3120,4.449999999999999,4,115.75683355331421
3121,3.6999999999999997,9,115.7931501865387
3122,-1.75,15,115.83437180519104
3123,4.0,7,115.86702871322632
3124,4.75,2,115.89033889770508
3125,3.6999999999999997,9,115.92444562911987
3126,4.15,6,115.95767521858215
3127,4.3,5,115.98751664161682
3128,4.15,6,116.01801562309265
3129,3.6999999999999997,9,116.2161226272583
3130,4.449999999999999,4,116.2452654838562
3131,3.25,12,116.2847740650177
3132,3.4,11,116.32205033302307
3133,4.6000000000000005,3,116.34889507293701
3134,-3.35,8,116.3801646232605
3135,4.6000000000000005,3,116.40503907203674
3136,4.6000000000000005,3,116.43352794647217
3137,3.1,13,116.4750771522522
3138,4.15,6,116.51290893554688
3139,4.6000000000000005,3,116.54197263717651
3140,4.3,5,116.57332253456116
3141,-1.75,15,116.61788582801819
3142,4.449999999999999,4,116.65084862709045
3143,4.6000000000000005,3,116.68687653541565
3144,4.75,2,116.7145848274231
3145,4.6000000000000005,3,116.74253678321838
3146,4.15,6,116.77309036254883
3147,4.75,2,116.80188727378845
3148,-1.75,15,116.85351204872131
3149,4.75,2,116.88295531272888
3150,3.55,10,116.92179751396179
3151,4.6000000000000005,3,116.94941091537476
3152,4.3,5,116.97627592086792
3153,3.85,8,117.0103371143341
3154,4.15,6,117.04542422294617
3155,4.75,2,117.07027649879456
3156,3.4,11,117.11027646064758
3157,4.449999999999999,4,117.14004063606262
3158,3.1,13,117.18405103683472
3159,3.55,10,117.22179937362671
3160,4.3,5,117.254634141922
3161,4.3,5,117.28482246398926
3162,4.6000000000000005,3,117.31066083908081
3163,4.3,5,117.34055638313293
3164,4.449999999999999,4,117.36841654777527
3165,4.6000000000000005,3,117.39670181274414
3166,3.85,8,117.42920660972595
3167,-1.75,15,117.47230195999146
3168,4.6000000000000005,3,117.49899339675903
3169,-1.75,15,117.70711970329285
3170,4.449999999999999,4,117.74078226089478
3171,4.15,6,117.77439475059509
3172,4.75,2,117.80601477622986
3173,4.449999999999999,4,117.83454656600952
3174,3.55,10,117.87403106689453
3175,3.4,11,117.91186451911926
3176,4.6000000000000005,3,117.94001340866089
3177,-3.6,13,117.982253074646
3178,3.85,8,118.0203652381897
3179,-1.75,15,118.0632836818695
3180,4.75,2,118.08827018737793
3181,3.85,8,118.12692332267761
3182,3.55,10,118.17241477966309
3183,4.449999999999999,4,118.201336145401
3184,4.6000000000000005,3,118.23129081726074
3185,4.6000000000000005,3,118.25900220870972
3186,4.15,6,118.29774236679077
3187,4.75,2,118.32397413253784
3188,4.0,7,118.36261105537415
3189,-3.6,13,118.41524291038513
3190,4.6000000000000005,3,118.44702672958374
3191,-3.2,5,118.4806616306305
3192,4.0,7,118.51426482200623
3193,4.449999999999999,4,118.54091477394104
3194,4.449999999999999,4,118.57523965835571
3195,4.0,7,118.61555409431458
3196,4.15,6,118.65130400657654
3197,4.0,7,118.68986058235168
3198,3.85,8,118.72919034957886
3199,4.449999999999999,4,118.75805521011353
3200,4.449999999999999,4,118.78937721252441
3201,4.449999999999999,4,118.81716060638428
3202,4.75,2,118.8392276763916
3203,4.3,5,118.86454725265503
3204,4.6000000000000005,3,118.88872599601746
3205,-1.75,15,118.93260359764099
3206,4.15,6,118.96401333808899
3207,4.449999999999999,4,118.99346208572388
3208,-1.75,15,119.04303240776062
3209,4.3,5,119.22225618362427
3210,4.75,2,119.2494728565216
3211,3.55,10,119.28566813468933
3212,-1.75,15,119.33365941047668
3213,4.449999999999999,4,119.36207103729248
3214,-3.15,4,119.38768696784973
3215,4.6000000000000005,3,119.41233086585999
3216,4.75,2,119.43844985961914
3217,3.25,12,119.48106837272644
3218,4.6000000000000005,3,119.50610184669495
3219,3.1,13,119.5485291481018
3220,4.449999999999999,4,119.57639122009277
3221,-3.5,11,119.61620378494263
3222,4.449999999999999,4,119.6419997215271
3223,4.15,6,119.67282891273499
3224,4.3,5,119.7067186832428
3225,4.6000000000000005,3,119.73338294029236
3226,-3.1,3,119.76286768913269
3227,-1.75,15,119.81138563156128
3228,4.75,2,119.8370566368103
3229,3.6999999999999997,9,119.87400794029236
3230,4.9,1,119.90110325813293
3231,4.9,1,119.92470788955688
3232,4.3,5,119.95618438720703
3233,4.6000000000000005,3,119.98646640777588
3234,4.75,2,120.02322363853455
3235,4.0,7,120.06392097473145
3236,-1.75,15,120.11676907539368
3237,4.0,7,120.15694284439087
3238,3.55,10,120.19690823554993
3239,4.75,2,120.2226824760437
3240,4.15,6,120.25829291343689
3241,3.85,8,120.300528049469
3242,4.3,5,120.33038306236267
3243,3.25,12,120.3738260269165
3244,4.75,2,120.39756488800049
3245,3.4,11,120.4341983795166
3246,3.6999999999999997,9,120.46936178207397
3247,4.15,6,120.49819827079773
3248,-1.75,15,120.69690346717834
3249,-1.75,15,120.74319100379944
3250,4.3,5,120.77474761009216
3251,4.449999999999999,4,120.80013847351074
3252,4.75,2,120.83426570892334
3253,2.8,15,120.88275361061096
3254,-3.05,2,120.9094979763031
3255,4.449999999999999,4,120.9393036365509
3256,4.6000000000000005,3,120.9690375328064
3257,-3.0,1,120.99433875083923
3258,4.15,6,121.02527403831482
3259,4.15,6,121.0560073852539
3260,4.6000000000000005,3,121.08169198036194
3261,4.0,7,121.11282563209534
3262,4.3,5,121.14123034477234
3263,4.75,2,121.1678946018219
3264,4.75,2,121.19283390045166
3265,4.15,6,121.23146653175354
3266,4.75,2,121.25677180290222
3267,4.6000000000000005,3,121.28473019599915
3268,4.15,6,121.31823635101318
3269,4.6000000000000005,3,121.34459257125854
3270,-1.75,15,121.38982033729553
3271,4.75,2,121.41341638565063
3272,4.3,5,121.44238305091858
3273,3.85,8,121.48269176483154
3274,4.3,5,121.50936722755432
3275,4.75,2,121.53554439544678
3276,4.6000000000000005,3,121.56302428245544
3277,4.449999999999999,4,121.59163928031921
3278,4.6000000000000005,3,121.62021946907043
3279,3.1,13,121.66760420799255
3280,4.75,2,121.69633221626282
3281,3.55,10,121.73878741264343
3282,3.4,11,121.78788137435913
3283,-1.75,15,121.8389184474945
3284,3.1,13,121.89510226249695
3285,-1.75,15,121.9522750377655
3286,4.3,5,121.9920449256897
3287,4.75,2,122.02354264259338
3288,4.449999999999999,4,122.05813813209534
3289,4.0,7,122.09296679496765
3290,4.449999999999999,4,122.12240099906921
3291,3.6999999999999997,9,122.3165180683136
3292,4.75,2,122.34123349189758
3293,4.75,2,122.36896276473999
3294,4.449999999999999,4,122.39968633651733
3295,4.449999999999999,4,122.434654712677
3296,-1.75,15,122.48724842071533
3297,3.85,8,122.52437710762024
3298,3.55,10,122.56184983253479
3299,4.6000000000000005,3,122.58909726142883
3300,4.449999999999999,4,122.62298893928528
3301,4.3,5,122.65409922599792
3302,4.0,7,122.69217371940613
3303,4.15,6,122.72636818885803
3304,4.449999999999999,4,122.75646305084229
3305,4.15,6,122.79156303405762
3306,3.6999999999999997,9,122.82728576660156
3307,4.0,7,122.8630940914154
3308,-1.75,15,122.90576601028442
3309,4.75,2,122.93446660041809
3310,4.75,2,122.96147990226746
3311,3.4,11,123.00197839736938
3312,-1.75,15,123.05556774139404
3313,-1.75,15,123.10644483566284
3314,-3.35,8,123.14735174179077
3315,4.6000000000000005,3,123.17756915092468
3316,4.75,2,123.20463228225708
3317,3.85,8,123.24228763580322
3318,4.449999999999999,4,123.27203249931335
3319,4.3,5,123.30151581764221
3320,4.6000000000000005,3,123.32919430732727
3321,3.85,8,123.36615037918091
3322,-3.05,2,123.39421343803406
3323,4.75,2,123.42334461212158
3324,-1.75,15,123.4722752571106
3325,4.449999999999999,4,123.5056848526001
3326,3.55,10,123.54956579208374
3327,4.15,6,123.5828070640564
3328,3.1,13,123.78209614753723
3329,4.449999999999999,4,123.80858778953552
3330,-3.3,7,123.85322451591492
3331,4.449999999999999,4,123.88221597671509
3332,3.6999999999999997,9,123.9166533946991
3333,4.3,5,123.94715428352356
3334,4.449999999999999,4,123.97393465042114
3335,4.6000000000000005,3,124.00053715705872
3336,-1.75,15,124.04680871963501
3337,4.6000000000000005,3,124.07039165496826
3338,3.85,8,124.1052234172821
3339,3.4,11,124.1444342136383
3340,4.0,7,124.17657995223999
3341,3.85,8,124.21089148521423
3342,-3.6,13,124.25593519210815
3343,-3.2,5,124.28738975524902
3344,4.15,6,124.32098197937012
3345,-1.75,15,124.36367464065552
3346,4.3,5,124.39187383651733
3347,4.15,6,124.42421841621399
3348,4.6000000000000005,3,124.45026588439941
3349,3.85,8,124.48635721206665
3350,4.15,6,124.51682186126709
3351,4.0,7,124.55362033843994
3352,4.0,7,124.5885841846466
3353,-1.75,15,124.63922023773193
3354,4.449999999999999,4,124.66880011558533
3355,4.9,1,124.69630599021912
3356,4.0,7,124.73470091819763
3357,-1.75,15,124.78705263137817
3358,4.3,5,124.8218982219696
3359,4.75,2,124.84972262382507
3360,4.6000000000000005,3,124.88016390800476
3361,4.3,5,124.91429686546326
3362,4.449999999999999,4,124.94744110107422
3363,4.15,6,124.97996282577515
3364,-3.25,6,125.01084613800049
3365,4.6000000000000005,3,125.03799033164978
3366,4.449999999999999,4,125.07413530349731
3367,-3.1,3,125.10686016082764
3368,3.25,12,125.32257437705994
3369,3.55,10,125.36347270011902
3370,3.85,8,125.40166568756104
3371,4.15,6,125.43127822875977
3372,4.15,6,125.46045064926147
3373,4.75,2,125.4874815940857
3374,-3.65,14,125.53905153274536
3375,-1.75,15,125.58878827095032
3376,4.0,7,125.6284544467926
3377,4.6000000000000005,3,125.6588683128357
3378,4.449999999999999,4,125.69075202941895
3379,4.6000000000000005,3,125.71694135665894
3380,4.449999999999999,4,125.74155282974243
3381,3.25,12,125.78128004074097
3382,4.6000000000000005,3,125.80703449249268
3383,4.449999999999999,4,125.833975315094
3384,4.75,2,125.85527610778809
3385,4.15,6,125.8847975730896
3386,4.449999999999999,4,125.91402673721313
3387,4.15,6,125.94545841217041
3388,4.0,7,125.98241710662842
3389,4.9,1,126.0077645778656
3390,4.449999999999999,4,126.04928350448608
3391,4.449999999999999,4,126.0857400894165
3392,3.55,10,126.12854385375977
3393,3.4,11,126.1696720123291
3394,3.25,12,126.21109056472778
3395,4.3,5,126.24800992012024
3396,4.449999999999999,4,126.27596759796143
3397,3.55,10,126.31361269950867
3398,4.6000000000000005,3,126.34747910499573
3399,4.3,5,126.37822818756104
3400,3.55,10,126.41802930831909
3401,4.15,6,126.45369076728821
3402,4.15,6,126.48345136642456
3403,3.85,8,126.52901768684387
3404,4.15,6,126.56040954589844
3405,4.449999999999999,4,126.58607053756714
3406,-3.05,2,126.61329674720764
3407,4.0,7,126.64096570014954
3408,3.6999999999999997,9,126.84874534606934
3409,4.449999999999999,4,126.87726831436157
3410,4.15,6,126.90866351127625
3411,3.25,12,126.954669713974
3412,3.85,8,126.98987102508545
3413,4.15,6,127.0223925113678
3414,3.4,11,127.06140112876892
3415,4.449999999999999,4,127.08648610115051
3416,4.449999999999999,4,127.11516809463501
3417,3.85,8,127.15546464920044
3418,4.3,5,127.18794703483582
3419,4.75,2,127.21905589103699
3420,3.4,11,127.26253604888916
3421,3.6999999999999997,9,127.29672813415527
3422,4.0,7,127.32920169830322
3423,-1.75,15,127.37067914009094
3424,-3.4,9,127.40388417243958
3425,-1.75,15,127.44736433029175
3426,4.449999999999999,4,127.48150277137756
3427,4.449999999999999,4,127.50757575035095
3428,3.6999999999999997,9,127.54868817329407
3429,4.75,2,127.57368016242981
3430,4.15,6,127.6115415096283
3431,4.6000000000000005,3,127.64072370529175
3432,4.75,2,127.67120385169983
3433,4.75,2,127.6981873512268
3434,4.9,1,127.7233235836029
3435,3.4,11,127.76072096824646
3436,3.85,8,127.79499220848083
3437,3.4,11,127.83779764175415
3438,4.0,7,127.87713813781738
3439,4.6000000000000005,3,127.90729522705078
3440,3.1,13,127.95169496536255
3441,3.55,10,127.99247121810913
3442,4.0,7,128.02932453155518
3443,4.75,2,128.0532352924347
3444,3.55,10,128.24930930137634
3445,4.449999999999999,4,128.27535438537598
3446,4.449999999999999,4,128.30394196510315
3447,4.0,7,128.3336443901062
3448,4.3,5,128.36220788955688
3449,4.3,5,128.39389181137085
3450,4.3,5,128.4250693321228
3451,4.75,2,128.45111536979675
3452,4.3,5,128.48592066764832
3453,4.6000000000000005,3,128.51949644088745
3454,4.3,5,128.55439591407776
3455,4.449999999999999,4,128.5832359790802
3456,-1.75,15,128.63051009178162
3457,4.9,1,128.65380358695984
3458,3.85,8,128.68877577781677
3459,4.3,5,128.7211947441101
3460,4.15,6,128.75376343727112
3461,3.1,13,128.79233574867249
3462,4.6000000000000005,3,128.81745719909668
3463,4.75,2,128.8440020084381
3464,3.85,8,128.88047003746033
3465,4.9,1,128.90133142471313
3466,4.75,2,128.92585587501526
3467,4.3,5,128.9556806087494
3468,3.55,10,128.98957443237305
3469,-1.75,15,129.03481578826904
3470,3.6999999999999997,9,129.0782175064087
3471,4.3,5,129.11467242240906
3472,4.6000000000000005,3,129.14352202415466
3473,4.6000000000000005,3,129.1779499053955
3474,3.55,10,129.2211685180664
3475,4.3,5,129.25680494308472
3476,4.6000000000000005,3,129.28317832946777
3477,3.6999999999999997,9,129.3176784515381
3478,4.3,5,129.3492693901062
3479,3.6999999999999997,9,129.3850598335266
3480,4.449999999999999,4,129.4132399559021
3481,4.6000000000000005,3,129.4404125213623
3482,3.6999999999999997,9,129.48264026641846
3483,4.6000000000000005,3,129.51788783073425
3484,4.3,5,129.55096793174744
3485,4.449999999999999,4,129.5861532688141
3486,4.15,6,129.61986184120178
3487,4.3,5,129.6525580883026
3488,4.449999999999999,4,129.68277430534363
3489,4.0,7,129.7231297492981
3490,4.75,2,129.89821696281433
3491,4.449999999999999,4,129.92785358428955
3492,4.449999999999999,4,129.9588029384613
3493,4.75,2,129.98382878303528
3494,4.449999999999999,4,130.01022267341614
3495,4.15,6,130.04220962524414
3496,4.6000000000000005,3,130.0698938369751
3497,4.6000000000000005,3,130.10040068626404
3498,4.15,6,130.12999987602234
3499,4.449999999999999,4,130.1589810848236
3500,4.75,2,130.18980383872986
3501,4.449999999999999,4,130.21845364570618
3502,4.15,6,130.25113248825073
3503,4.15,6,130.28072881698608
3504,4.3,5,130.31054306030273
3505,4.15,6,130.33659386634827
3506,4.75,2,130.36032629013062
3507,4.15,6,130.38738203048706
3508,4.449999999999999,4,130.4202525615692
3509,4.15,6,130.45660138130188
3510,3.6999999999999997,9,130.4885675907135
3511,4.3,5,130.5196180343628
3512,4.3,5,130.54972648620605
3513,4.0,7,130.57930946350098
3514,-1.75,15,130.62307238578796
3515,4.3,5,130.65461611747742
3516,4.3,5,130.68312120437622
3517,4.75,2,130.7049105167389
3518,4.449999999999999,4,130.73510193824768
3519,4.15,6,130.76576972007751
3520,4.9,1,130.78909182548523
3521,4.3,5,130.819744348526
3522,4.6000000000000005,3,130.84850311279297
3523,3.6999999999999997,9,130.88619804382324
3524,4.75,2,130.9144036769867
3525,4.15,6,130.94757771492004
3526,4.15,6,130.98418045043945
3527,4.6000000000000005,3,131.01737189292908
3528,4.449999999999999,4,131.05177354812622
3529,4.3,5,131.08626198768616
3530,4.6000000000000005,3,131.1254165172577
3531,3.4,11,131.17246437072754
3532,4.6000000000000005,3,131.2119598388672
3533,4.449999999999999,4,131.24630618095398
3534,4.75,2,131.2844684123993
3535,4.75,2,131.3181381225586
3536,3.25,12,131.36324310302734
3537,3.55,10,131.40914154052734
3538,4.0,7,131.44753289222717
3539,-1.75,15,131.64109086990356
3540,4.15,6,131.67453360557556
3541,-1.75,15,131.71756839752197
3542,4.449999999999999,4,131.7506663799286
3543,4.0,7,131.78931975364685
3544,4.75,2,131.81651329994202
3545,4.0,7,131.85757517814636
3546,4.449999999999999,4,131.88781452178955
3547,-3.05,2,131.91690826416016
3548,4.3,5,131.94706559181213
3549,4.6000000000000005,3,131.97916865348816
3550,4.0,7,132.00977540016174
3551,-1.75,15,132.0535705089569
3552,3.85,8,132.08818340301514
3553,4.449999999999999,4,132.11856126785278
3554,3.6999999999999997,9,132.1551752090454
3555,4.15,6,132.1865999698639
3556,4.449999999999999,4,132.21227931976318
3557,4.449999999999999,4,132.23794054985046
3558,4.75,2,132.2687590122223
3559,4.449999999999999,4,132.29562950134277
3560,-1.75,15,132.3384280204773
3561,4.449999999999999,4,132.3685963153839
3562,4.75,2,132.39583158493042
3563,3.85,8,132.43036341667175
3564,4.0,7,132.46154403686523
3565,4.6000000000000005,3,132.4862117767334
3566,4.6000000000000005,3,132.52515196800232
3567,4.0,7,132.5676610469818
3568,4.6000000000000005,3,132.5964331626892
3569,3.4,11,132.63469457626343
3570,4.449999999999999,4,132.66495561599731
3571,4.15,6,132.6960484981537
3572,4.6000000000000005,3,132.71922159194946
3573,-3.45,10,132.75853061676025
3574,3.1,13,132.80576157569885
3575,4.3,5,132.83810424804688
3576,4.3,5,132.8682417869568
3577,4.15,6,132.8961009979248
3578,4.3,5,132.92459678649902
3579,4.449999999999999,4,132.95295214653015
3580,4.75,2,132.98017287254333
3581,4.6000000000000005,3,133.00348806381226
3582,4.75,2,133.0293619632721
3583,4.6000000000000005,3,133.05243754386902
3584,4.75,2,133.2364981174469
3585,4.15,6,133.26813673973083
3586,-3.45,10,133.3040668964386
3587,4.449999999999999,4,133.3367190361023
3588,4.449999999999999,4,133.36382222175598
3589,4.449999999999999,4,133.39302253723145
3590,-3.25,6,133.4222674369812
3591,4.75,2,133.4487202167511
3592,3.1,13,133.48716402053833
3593,4.6000000000000005,3,133.51347994804382
3594,4.449999999999999,4,133.5397012233734
3595,4.9,1,133.5641312599182
3596,3.85,8,133.59338808059692
3597,4.3,5,133.62064790725708
3598,-3.25,6,133.65280604362488
3599,4.75,2,133.67964625358582
3600,4.449999999999999,4,133.70620346069336
3601,4.3,5,133.73559165000916
3602,-1.75,15,133.77721428871155
3603,4.3,5,133.80860590934753
3604,3.6999999999999997,9,133.84096789360046
3605,4.449999999999999,4,133.86916375160217
3606,4.449999999999999,4,133.8958387374878
3607,4.3,5,133.92743372917175
3608,4.75,2,133.9542601108551
3609,4.0,7,133.9945878982544
3610,4.75,2,134.01967024803162
3611,4.6000000000000005,3,134.04996514320374
3612,4.3,5,134.07970714569092
3613,3.85,8,134.11769127845764
3614,4.3,5,134.14654421806335
3615,4.0,7,134.18150639533997
3616,4.75,2,134.21173214912415
3617,4.75,2,134.24289441108704
3618,4.3,5,134.27968430519104
3619,4.3,5,134.31107425689697
3620,4.449999999999999,4,134.3405876159668
3621,3.25,12,134.3793785572052
3622,3.25,12,134.41958904266357
3623,4.0,7,134.45403861999512
3624,3.85,8,134.4860463142395
3625,4.75,2,134.51249766349792
3626,4.75,2,134.53969430923462
3627,3.85,8,134.57722353935242
3628,4.75,2,134.60037875175476
3629,4.3,5,134.6319181919098
3630,4.75,2,134.65844345092773
3631,4.15,6,134.694189786911
3632,4.449999999999999,4,134.8783197402954
3633,4.0,7,134.91150641441345
3634,4.75,2,134.93679213523865
3635,4.3,5,134.96847653388977
3636,4.9,1,134.99836587905884
3637,3.85,8,135.0317485332489
3638,4.75,2,135.05727910995483
3639,4.75,2,135.08365845680237
3640,3.4,11,135.12179732322693
3641,4.6000000000000005,3,135.15006566047668
3642,3.6999999999999997,9,135.18677020072937
3643,4.449999999999999,4,135.2217779159546
3644,4.9,1,135.25238680839539
3645,4.75,2,135.28050303459167
3646,4.15,6,135.31164503097534
3647,4.6000000000000005,3,135.33694076538086
3648,4.0,7,135.3694760799408
3649,4.6000000000000005,3,135.3944492340088
3650,4.449999999999999,4,135.42153215408325
3651,4.75,2,135.44986200332642
3652,4.3,5,135.48165845870972
3653,4.449999999999999,4,135.51049089431763
3654,4.15,6,135.54799246788025
3655,3.6999999999999997,9,135.58472275733948
3656,4.0,7,135.62045907974243
3657,3.6999999999999997,9,135.6617705821991
3658,4.0,7,135.69745802879333
3659,4.15,6,135.73674201965332
3660,4.3,5,135.76735877990723
3661,3.6999999999999997,9,135.80371260643005
3662,4.75,2,135.83127284049988
3663,4.75,2,135.864750623703
3664,4.15,6,135.89680075645447
3665,4.6000000000000005,3,135.92153644561768
3666,4.6000000000000005,3,135.95070242881775
3667,3.4,11,135.99227094650269
3668,4.3,5,136.02806973457336
3669,4.449999999999999,4,136.05389189720154
3670,4.0,7,136.0853226184845
3671,4.15,6,136.1166491508484
3672,3.85,8,136.14853835105896
3673,3.55,10,136.18888425827026
3674,4.3,5,136.2167947292328
3675,4.449999999999999,4,136.24373865127563
3676,3.85,8,136.277330160141
3677,4.449999999999999,4,136.30721473693848
3678,3.55,10,136.34367060661316
3679,-3.55,12,136.52710914611816
3680,3.85,8,136.56439781188965
3681,4.3,5,136.5990128517151
3682,3.4,11,136.64423823356628
3683,-3.05,2,136.66867995262146
3684,4.0,7,136.69892692565918
3685,4.6000000000000005,3,136.72757720947266
3686,4.6000000000000005,3,136.75141763687134
3687,-1.75,15,136.79537892341614
3688,4.449999999999999,4,136.82178711891174
3689,4.449999999999999,4,136.85236978530884
3690,4.0,7,136.88592171669006
3691,4.3,5,136.9150562286377
3692,-1.75,15,136.96321725845337
3693,-3.65,14,137.00476956367493
3694,4.3,5,137.036762714386
3695,4.75,2,137.06655168533325
3696,4.449999999999999,4,137.09419083595276
3697,4.15,6,137.13087224960327
3698,4.6000000000000005,3,137.1619837284088
3699,4.449999999999999,4,137.1947705745697
3700,4.449999999999999,4,137.2275447845459
3701,4.6000000000000005,3,137.25751733779907
3702,3.55,10,137.29683423042297
3703,4.449999999999999,4,137.33086562156677
3704,4.6000000000000005,3,137.36241698265076
3705,4.3,5,137.39010071754456
3706,4.6000000000000005,3,137.42067527770996
3707,4.449999999999999,4,137.45390009880066
3708,4.6000000000000005,3,137.48381066322327
3709,4.0,7,137.52764749526978
3710,4.0,7,137.56994128227234
3711,4.75,2,137.59644961357117
3712,4.75,2,137.6237711906433
3713,3.6999999999999997,9,137.65797877311707
3714,4.3,5,137.69392108917236
3715,3.85,8,137.7287757396698
3716,4.449999999999999,4,137.75549221038818
3717,3.85,8,137.79092693328857
3718,4.0,7,137.81981468200684
3719,4.0,7,137.85436606407166
3720,-1.75,15,137.89873576164246
3721,4.75,2,137.92361187934875
3722,-3.1,3,138.1047224998474
3723,3.6999999999999997,9,138.13738298416138
3724,4.3,5,138.1680428981781
3725,4.449999999999999,4,138.19767785072327
3726,3.6999999999999997,9,138.23356795310974
3727,4.449999999999999,4,138.26149129867554
3728,3.6999999999999997,9,138.29263186454773
3729,4.449999999999999,4,138.31777429580688
3730,4.75,2,138.34383130073547
3731,3.85,8,138.37610602378845
3732,-3.3,7,138.4090497493744
3733,4.3,5,138.4446725845337
3734,4.6000000000000005,3,138.47379803657532
3735,4.3,5,138.51294445991516
3736,3.85,8,138.54480242729187
3737,4.75,2,138.56968998908997
3738,4.6000000000000005,3,138.60201573371887
3739,4.449999999999999,4,138.633868932724
3740,4.449999999999999,4,138.66441464424133
3741,4.75,2,138.68831753730774
3742,4.6000000000000005,3,138.71495032310486
3743,4.449999999999999,4,138.74469566345215
3744,-3.1,3,138.77522325515747
3745,4.449999999999999,4,138.80425333976746
3746,4.6000000000000005,3,138.83014678955078
3747,4.0,7,138.86203813552856
3748,4.6000000000000005,3,138.89147543907166
3749,3.85,8,138.92908191680908
3750,4.449999999999999,4,138.96450686454773
3751,4.0,7,139.00586223602295
3752,4.6000000000000005,3,139.04082655906677
3753,4.449999999999999,4,139.071302652359
3754,4.75,2,139.10191202163696
3755,4.3,5,139.1363787651062
3756,4.449999999999999,4,139.16786074638367
3757,4.449999999999999,4,139.19722485542297
3758,3.6999999999999997,9,139.2328269481659
3759,4.3,5,139.2650384902954
3760,4.449999999999999,4,139.29267692565918
3761,4.6000000000000005,3,139.31782150268555
3762,4.3,5,139.34519386291504
3763,3.55,10,139.3865942955017
3764,-3.1,3,139.41707062721252
3765,4.6000000000000005,3,139.44942665100098
3766,4.15,6,139.48109459877014
3767,4.6000000000000005,3,139.5116093158722
3768,4.15,6,139.54638266563416
3769,3.25,12,139.5901701450348
3770,4.3,5,139.61860179901123
3771,3.85,8,139.65260338783264
3772,4.75,2,139.68137168884277
3773,4.6000000000000005,3,139.709636926651
3774,3.55,10,139.87248587608337
3775,4.449999999999999,4,139.90727138519287
3776,4.75,2,139.9314317703247
3777,4.75,2,139.95751404762268
3778,4.75,2,139.9829580783844
3779,3.4,11,140.0208284854889
3780,3.85,8,140.05532693862915
3781,4.3,5,140.0844316482544
3782,3.6999999999999997,9,140.1196403503418
3783,4.449999999999999,4,140.1454780101776
3784,4.449999999999999,4,140.17368960380554
3785,3.4,11,140.21287631988525
3786,4.3,5,140.24157452583313
3787,4.6000000000000005,3,140.2656626701355
3788,4.15,6,140.29602980613708
3789,4.449999999999999,4,140.32358169555664
3790,4.449999999999999,4,140.35019993782043
3791,4.6000000000000005,3,140.37780451774597
3792,-1.75,15,140.4329378604889
3793,-1.75,15,140.4809443950653
3794,3.4,11,140.52318263053894
3795,4.15,6,140.55432271957397
3796,3.55,10,140.59428596496582
3797,3.25,12,140.63584852218628
3798,3.55,10,140.6739571094513
3799,4.6000000000000005,3,140.71152353286743
3800,3.4,11,140.74974584579468
3801,4.449999999999999,4,140.77873492240906
3802,-1.75,15,140.8244423866272
3803,4.6000000000000005,3,140.85188484191895
3804,4.6000000000000005,3,140.87989592552185
3805,4.15,6,140.91546964645386
3806,4.6000000000000005,3,140.9410080909729
3807,4.3,5,140.9688868522644
3808,3.85,8,141.00680708885193
3809,4.449999999999999,4,141.03602027893066
3810,4.3,5,141.06409239768982
3811,-1.75,15,141.25059056282043
3812,3.6999999999999997,9,141.2870008945465
3813,4.9,1,141.30884861946106
3814,4.0,7,141.34147238731384
3815,3.6999999999999997,9,141.38052535057068
3816,3.6999999999999997,9,141.41635942459106
3817,4.449999999999999,4,141.44684171676636
3818,4.75,2,141.46861910820007
3819,3.6999999999999997,9,141.5045030117035
3820,4.75,2,141.53591656684875
3821,4.3,5,141.567241191864
3822,4.449999999999999,4,141.60043621063232
3823,3.55,10,141.6367268562317
3824,4.3,5,141.66952538490295
3825,3.85,8,141.70429921150208
3826,3.4,11,141.7472701072693
3827,4.75,2,141.7743079662323
3828,4.3,5,141.8107407093048
3829,4.3,5,141.84295845031738
3830,-1.75,15,141.89450764656067
3831,4.75,2,141.92780256271362
3832,3.6999999999999997,9,141.9666564464569
3833,4.75,2,141.99674677848816
3834,4.6000000000000005,3,142.03006100654602
3835,4.0,7,142.06839179992676
3836,3.85,8,142.11045384407043
3837,3.55,10,142.14952039718628
3838,3.6999999999999997,9,142.18953037261963
3839,4.0,7,142.22408843040466
3840,4.3,5,142.25654125213623
3841,4.3,5,142.2861967086792
3842,4.3,5,142.31559228897095
3843,4.75,2,142.3446328639984
3844,4.449999999999999,4,142.3722279071808
3845,-1.75,15,142.41381978988647
3846,4.6000000000000005,3,142.442809343338
3847,4.3,5,142.47386288642883
3848,4.0,7,142.50995874404907
3849,4.6000000000000005,3,142.54204058647156
3850,4.3,5,142.57276010513306
3851,-3.25,6,142.60191559791565
3852,4.75,2,142.62436962127686
3853,4.15,6,142.65635919570923
3854,4.0,7,142.8290822505951
3855,3.55,10,142.86307072639465
3856,3.55,10,142.8977644443512
3857,4.75,2,142.9195601940155
3858,3.85,8,142.95425009727478
3859,4.75,2,142.97969388961792
3860,4.0,7,143.0089099407196
3861,4.449999999999999,4,143.03468322753906
3862,4.449999999999999,4,143.0614094734192
3863,3.55,10,143.09906888008118
3864,3.85,8,143.13527154922485
3865,4.75,2,143.16196370124817
3866,4.75,2,143.19441175460815
3867,4.449999999999999,4,143.22042679786682
3868,4.75,2,143.24801206588745
3869,3.55,10,143.28002977371216
3870,4.15,6,143.3130874633789
3871,-1.75,15,143.3558051586151
3872,4.0,7,143.39406180381775
3873,4.15,6,143.42687511444092
3874,3.6999999999999997,9,143.46424889564514
3875,4.3,5,143.4944417476654
3876,-1.75,15,143.5483112335205
3877,4.6000000000000005,3,143.5767571926117
3878,4.0,7,143.61193585395813
3879,4.15,6,143.64828276634216
3880,3.6999999999999997,9,143.69634556770325
3881,4.6000000000000005,3,143.72994184494019
3882,4.6000000000000005,3,143.7605013847351
3883,4.449999999999999,4,143.79107928276062
3884,4.0,7,143.8248062133789
3885,3.55,10,143.8620753288269
3886,4.0,7,143.89650797843933
3887,-3.0,1,143.91691851615906
3888,4.0,7,143.95262789726257
3889,3.85,8,143.98496294021606
3890,4.3,5,144.0162365436554
3891,4.75,2,144.03930687904358
3892,4.75,2,144.06375527381897
3893,4.3,5,144.09297275543213
3894,4.6000000000000005,3,144.12038040161133
3895,4.449999999999999,4,144.14970111846924
3896,4.9,1,144.17587900161743
3897,3.55,10,144.35271763801575
3898,3.6999999999999997,9,144.38362407684326
3899,4.449999999999999,4,144.41175842285156
3900,3.85,8,144.4452166557312
3901,4.6000000000000005,3,144.46890568733215
3902,3.25,12,144.5086052417755
3903,4.75,2,144.53221368789673
3904,4.15,6,144.56973218917847
3905,4.75,2,144.59730672836304
3906,4.0,7,144.628888130188
3907,4.15,6,144.6625280380249
3908,4.6000000000000005,3,144.6943666934967
3909,4.449999999999999,4,144.72349643707275
3910,4.3,5,144.75290060043335
3911,4.449999999999999,4,144.7791965007782
3912,3.85,8,144.8163709640503
3913,4.15,6,144.84982252120972
3914,4.9,1,144.87398624420166
3915,4.3,5,144.90280485153198
3916,4.75,2,144.9282009601593
3917,4.15,6,144.96244192123413
3918,4.449999999999999,4,144.9988512992859
3919,4.449999999999999,4,145.03022146224976
3920,3.6999999999999997,9,145.0768358707428
3921,4.75,2,145.10553073883057
3922,4.0,7,145.14440274238586
3923,4.449999999999999,4,145.17861342430115
3924,4.0,7,145.22002482414246
3925,-3.65,14,145.27444911003113
3926,4.6000000000000005,3,145.30597615242004
3927,4.3,5,145.33950924873352
3928,4.6000000000000005,3,145.36884260177612
3929,4.0,7,145.41011357307434
3930,4.6000000000000005,3,145.44329380989075
3931,4.3,5,145.4723093509674
3932,4.449999999999999,4,145.499037027359
3933,4.0,7,145.52853560447693
3934,3.4,11,145.57922053337097
3935,4.75,2,145.6042070388794
3936,4.3,5,145.63524413108826
3937,4.75,2,145.66119050979614
3938,4.6000000000000005,3,145.68952417373657
3939,3.55,10,145.72710466384888
3940,4.449999999999999,4,145.75218725204468
3941,4.449999999999999,4,145.7801055908203
3942,4.3,5,145.80987882614136
3943,4.75,2,145.83169388771057
3944,4.15,6,145.86039686203003
3945,4.75,2,145.88537645339966
3946,4.6000000000000005,3,145.91017699241638
3947,-3.05,2,145.94548535346985
3948,3.85,8,146.14329409599304
3949,-3.65,14,146.18535375595093
3950,4.449999999999999,4,146.2165584564209
3951,4.449999999999999,4,146.24572682380676
3952,4.15,6,146.2755515575409
3953,4.75,2,146.30132913589478
3954,4.449999999999999,4,146.33243107795715
3955,-3.3,7,146.36225008964539
3956,4.15,6,146.393696308136
3957,4.0,7,146.42239928245544
3958,4.15,6,146.45118379592896
3959,3.6999999999999997,9,146.48860788345337
3960,4.15,6,146.52336168289185
3961,4.9,1,146.5496699810028
3962,3.85,8,146.58787178993225
3963,4.3,5,146.62174034118652
3964,4.449999999999999,4,146.65370869636536
3965,4.3,5,146.6893765926361
3966,4.15,6,146.72695064544678
3967,4.449999999999999,4,146.75258111953735
3968,3.6999999999999997,9,146.79203462600708
3969,-3.7,15,146.83844208717346
3970,4.6000000000000005,3,146.86900115013123
3971,4.0,7,146.91231155395508
3972,4.449999999999999,4,146.94435238838196
3973,4.449999999999999,4,146.97970271110535
3974,3.85,8,147.0194730758667
3975,3.55,10,147.05811071395874
3976,4.0,7,147.08898949623108
3977,4.3,5,147.11868715286255
3978,4.3,5,147.15707325935364
3979,4.449999999999999,4,147.1974561214447
3980,4.3,5,147.231205701828
3981,-3.65,14,147.27683806419373
3982,4.449999999999999,4,147.3028268814087
3983,3.55,10,147.33646869659424
3984,4.15,6,147.36878061294556
3985,4.75,2,147.39419722557068
3986,4.6000000000000005,3,147.41985392570496
3987,4.449999999999999,4,147.44858837127686
3988,4.15,6,147.48029112815857
3989,3.85,8,147.67291903495789
3990,4.6000000000000005,3,147.7034728527069
3991,4.449999999999999,4,147.73166012763977
3992,3.6999999999999997,9,147.76453733444214
3993,4.15,6,147.79510068893433
3994,4.0,7,147.82641339302063
3995,4.9,1,147.84900951385498
3996,3.6999999999999997,9,147.88228797912598
3997,4.15,6,147.90989756584167
3998,3.85,8,147.9422583580017
3999,3.25,12,147.97999954223633
4000,4.75,2,148.0022485256195
4001,4.0,7,148.03272891044617
4002,4.75,2,148.056458234787
4003,4.15,6,148.08566236495972
4004,4.3,5,148.11839652061462
4005,-3.65,14,148.1697416305542
4006,3.85,8,148.21037435531616
4007,3.55,10,148.24599170684814
4008,3.6999999999999997,9,148.29060196876526
4009,4.449999999999999,4,148.32320642471313
4010,3.6999999999999997,9,148.36574602127075
4011,3.4,11,148.41604924201965
4012,3.85,8,148.45833659172058
4013,4.3,5,148.49488043785095
4014,3.25,12,148.54922533035278
4015,4.6000000000000005,3,148.57950568199158
4016,4.449999999999999,4,148.6145100593567
4017,-3.55,12,148.6661820411682
4018,4.449999999999999,4,148.70009589195251
4019,4.449999999999999,4,148.730952501297
4020,4.3,5,148.7638876438141
4021,3.25,12,148.80251622200012
4022,4.6000000000000005,3,148.83429169654846
4023,4.449999999999999,4,148.86252975463867
4024,4.15,6,148.8929090499878
4025,3.85,8,148.92554306983948
4026,3.4,11,148.96226906776428
4027,4.3,5,149.13407516479492
4028,-3.55,12,149.17465162277222
4029,4.75,2,149.19700264930725
4030,4.15,6,149.2300820350647
4031,4.9,1,149.25391006469727
4032,4.449999999999999,4,149.2865743637085
4033,3.55,10,149.32017254829407
4034,4.449999999999999,4,149.34748220443726
4035,4.3,5,149.37590074539185
4036,4.3,5,149.4052324295044
4037,4.15,6,149.4328417778015
4038,-3.25,6,149.46414852142334
4039,4.15,6,149.4937686920166
4040,4.15,6,149.52426552772522
4041,4.6000000000000005,3,149.55209875106812
4042,4.0,7,149.5818634033203
4043,4.0,7,149.61328649520874
4044,4.75,2,149.63677644729614
4045,4.6000000000000005,3,149.66392302513123
4046,4.15,6,149.69803857803345
4047,-3.55,12,149.7446904182434
4048,3.85,8,149.78745889663696
4049,4.6000000000000005,3,149.8138928413391
4050,3.25,12,149.85576558113098
4051,3.1,13,149.90409111976624
4052,3.1,13,149.95168209075928
4053,4.15,6,149.98452305793762
4054,4.449999999999999,4,150.02241921424866
4055,4.3,5,150.0529429912567
4056,4.449999999999999,4,150.08050847053528
4057,4.449999999999999,4,150.10754442214966
4058,4.15,6,150.13991332054138
4059,4.75,2,150.1676037311554
4060,4.0,7,150.199547290802
4061,4.75,2,150.22775292396545
4062,-3.25,6,150.25934648513794
4063,4.6000000000000005,3,150.2815625667572
4064,4.449999999999999,4,150.31064009666443
4065,4.75,2,150.33224654197693
4066,4.6000000000000005,3,150.3594183921814
4067,4.75,2,150.38523197174072
4068,4.6000000000000005,3,150.4110813140869
4069,4.0,7,150.43969440460205
4070,4.75,2,150.46291303634644
4071,4.15,6,150.49435114860535
4072,3.25,12,150.69085359573364
4073,3.85,8,150.72620844841003
4074,4.0,7,150.7666311264038
4075,3.25,12,150.8144633769989
4076,4.9,1,150.83968424797058
4077,4.449999999999999,4,150.86573839187622
4078,4.15,6,150.90327143669128
4079,4.449999999999999,4,150.93196320533752
4080,4.0,7,150.96266746520996
4081,-1.75,15,151.00622415542603
4082,4.15,6,151.04418778419495
4083,4.0,7,151.07632970809937
4084,4.9,1,151.0978045463562
4085,4.15,6,151.1311891078949
4086,3.4,11,151.16991114616394
4087,-1.75,15,151.21295762062073
4088,3.85,8,151.2482419013977
4089,4.3,5,151.2779519557953
4090,4.75,2,151.30584692955017
4091,4.0,7,151.3389458656311
4092,4.3,5,151.36734461784363
4093,4.449999999999999,4,151.39766836166382
4094,4.449999999999999,4,151.42832326889038
4095,4.449999999999999,4,151.45829963684082
4096,4.0,7,151.4938886165619
4097,4.75,2,151.51769709587097
4098,4.6000000000000005,3,151.54674673080444
4099,4.449999999999999,4,151.58234167099
4100,3.85,8,151.618999004364
4101,4.0,7,151.65266609191895
4102,3.85,8,151.69130039215088
4103,4.3,5,151.72223091125488
4104,4.75,2,151.74938035011292
4105,4.75,2,151.78017473220825
4106,4.15,6,151.81222105026245
4107,3.85,8,151.84744572639465
4108,4.75,2,151.87149667739868
4109,4.9,1,151.8971827030182
4110,4.6000000000000005,3,151.92439365386963
4111,4.3,5,151.96633625030518
4112,3.25,12,152.02163243293762
4113,4.15,6,152.05647659301758
4114,4.9,1,152.0795178413391
4115,4.449999999999999,4,152.1074414253235
4116,-3.7,15,152.29660773277283
4117,4.15,6,152.3243088722229
4118,4.3,5,152.35177397727966
4119,4.6000000000000005,3,152.3789083957672
4120,4.449999999999999,4,152.40602731704712
4121,4.6000000000000005,3,152.4358615875244
4122,-3.1,3,152.46563076972961
4123,3.25,12,152.51097106933594
4124,-1.75,15,152.55074548721313
4125,4.9,1,152.57825469970703
4126,4.6000000000000005,3,152.60218119621277
4127,3.85,8,152.63584423065186
4128,4.449999999999999,4,152.66569209098816
4129,-3.2,5,152.69668292999268
4130,4.6000000000000005,3,152.72328114509583
4131,4.6000000000000005,3,152.74746537208557
4132,4.449999999999999,4,152.77385783195496
4133,4.449999999999999,4,152.80096125602722
4134,4.449999999999999,4,152.83282709121704
4135,3.55,10,152.86949634552002
4136,4.3,5,152.8983871936798
4137,4.449999999999999,4,152.92910265922546
4138,-3.25,6,152.9607253074646
4139,4.3,5,152.9914562702179
4140,4.6000000000000005,3,153.02618885040283
4141,4.6000000000000005,3,153.06088852882385
4142,4.3,5,153.0989933013916
4143,4.75,2,153.13295936584473
4144,4.6000000000000005,3,153.16784524917603
4145,4.449999999999999,4,153.20297288894653
4146,4.15,6,153.23647928237915
4147,4.3,5,153.2661120891571
4148,4.0,7,153.2996425628662
4149,-1.75,15,153.3452513217926
4150,3.25,12,153.38119888305664
4151,4.15,6,153.4100832939148
4152,4.15,6,153.43886184692383
4153,4.75,2,153.46331453323364
4154,3.85,8,153.4941017627716
4155,3.6999999999999997,9,153.53077578544617
4156,4.0,7,153.5616271495819
4157,4.3,5,153.5892641544342
4158,4.3,5,153.6185109615326
4159,4.15,6,153.6543674468994
4160,4.449999999999999,4,153.683660030365
4161,3.6999999999999997,9,153.87355995178223
4162,3.85,8,153.9131724834442
4163,4.6000000000000005,3,153.94433665275574
4164,4.6000000000000005,3,153.9693706035614
4165,4.15,6,154.0031816959381
4166,4.449999999999999,4,154.0301022529602
4167,4.449999999999999,4,154.06090807914734
4168,3.85,8,154.0935034751892
4169,4.449999999999999,4,154.12154960632324
4170,4.6000000000000005,3,154.1552665233612
4171,4.6000000000000005,3,154.1812183856964
4172,4.6000000000000005,3,154.2028112411499
4173,4.75,2,154.23031282424927
4174,4.449999999999999,4,154.26472973823547
4175,4.15,6,154.2947301864624
4176,4.6000000000000005,3,154.31917715072632
4177,4.6000000000000005,3,154.34222388267517
4178,4.9,1,154.36470341682434
4179,4.6000000000000005,3,154.39158535003662
4180,4.0,7,154.42488765716553
4181,4.15,6,154.46121907234192
4182,3.6999999999999997,9,154.50241374969482
4183,-1.75,15,154.55269861221313
4184,4.0,7,154.58472657203674
4185,4.6000000000000005,3,154.60990405082703
4186,3.85,8,154.6433186531067
4187,4.75,2,154.66873598098755
4188,4.449999999999999,4,154.70209121704102
4189,4.75,2,154.72889065742493
4190,4.449999999999999,4,154.75892543792725
4191,4.6000000000000005,3,154.78880429267883
4192,4.449999999999999,4,154.82871675491333
4193,4.3,5,154.85988569259644
4194,4.0,7,154.89056706428528
4195,4.3,5,154.92276263237
4196,4.3,5,154.95252633094788
4197,-3.65,14,155.00164461135864
4198,4.9,1,155.0257613658905
4199,4.0,7,155.05491757392883
4200,4.15,6,155.0842490196228
4201,4.75,2,155.1111536026001
4202,-3.4,9,155.1487636566162
4203,3.85,8,155.18491864204407
4204,4.6000000000000005,3,155.21706628799438
4205,4.449999999999999,4,155.24857020378113
4206,4.75,2,155.27281785011292
4207,3.55,10,155.3118646144867
4208,-3.25,6,155.3473813533783
4209,4.449999999999999,4,155.37641882896423
4210,4.75,2,155.40385794639587
4211,-3.0,1,155.42903685569763
4212,4.15,6,155.4622688293457
4213,4.449999999999999,4,155.64847016334534
4214,4.75,2,155.67549419403076
4215,4.15,6,155.71264791488647
4216,4.6000000000000005,3,155.73981308937073
4217,2.8,15,155.7825653553009
4218,-3.6,13,155.82430362701416
4219,4.3,5,155.85536456108093
4220,4.75,2,155.88404536247253
4221,4.449999999999999,4,155.91855549812317
4222,4.6000000000000005,3,155.9486701488495
4223,4.6000000000000005,3,155.98408913612366
4224,4.0,7,156.02340292930603
4225,-1.75,15,156.0781102180481
4226,4.75,2,156.1047739982605
4227,4.449999999999999,4,156.13762855529785
4228,4.15,6,156.18008470535278
4229,3.6999999999999997,9,156.22823023796082
4230,4.3,5,156.2632508277893
4231,3.85,8,156.30569577217102
4232,4.15,6,156.33759021759033
4233,4.6000000000000005,3,156.3681924343109
4234,4.3,5,156.40405106544495
4235,4.6000000000000005,3,156.43144345283508
4236,3.6999999999999997,9,156.4728832244873
4237,4.75,2,156.50156021118164
4238,4.449999999999999,4,156.53125858306885
4239,-3.55,12,156.57982635498047
4240,4.6000000000000005,3,156.60707783699036
4241,4.75,2,156.6337764263153
4242,4.9,1,156.66104006767273
4243,-3.6,13,156.70865750312805
4244,4.449999999999999,4,156.73693990707397
4245,4.15,6,156.77322793006897
4246,4.449999999999999,4,156.80659675598145
4247,3.4,11,156.8459153175354
4248,4.75,2,156.86926674842834
4249,3.6999999999999997,9,156.92051362991333
4250,4.15,6,156.96632480621338
4251,4.3,5,157.00874829292297
4252,4.15,6,157.04151797294617
4253,4.15,6,157.08214330673218
4254,4.6000000000000005,3,157.117840051651
4255,4.3,5,157.15850806236267
4256,4.3,5,157.18985223770142
4257,4.75,2,157.21302485466003
4258,4.15,6,157.24683284759521
4259,4.3,5,157.4197325706482
4260,4.75,2,157.44311356544495
4261,4.0,7,157.4750988483429
4262,4.3,5,157.50170159339905
4263,4.0,7,157.53728699684143
4264,4.75,2,157.56435537338257
4265,3.25,12,157.60516119003296
4266,4.9,1,157.62850427627563
4267,3.55,10,157.66396021842957
4268,3.55,10,157.7090163230896
4269,3.6999999999999997,9,157.753098487854
4270,4.15,6,157.78928875923157
4271,4.3,5,157.82260966300964
4272,4.75,2,157.85245037078857
4273,4.75,2,157.87964725494385
4274,3.4,11,157.92230772972107
4275,4.449999999999999,4,157.95067930221558
4276,3.85,8,157.98720169067383
4277,-1.75,15,158.04473209381104
4278,4.3,5,158.07612109184265
4279,4.0,7,158.11207151412964
4280,4.6000000000000005,3,158.13864517211914
4281,4.449999999999999,4,158.16733264923096
4282,4.75,2,158.2007553577423
4283,4.3,5,158.22899889945984
4284,4.449999999999999,4,158.25825190544128
4285,-1.75,15,158.30185389518738
4286,4.3,5,158.32994198799133
4287,4.3,5,158.3562741279602
4288,-3.5,11,158.3927047252655
4289,4.3,5,158.4241178035736
4290,4.6000000000000005,3,158.45013451576233
4291,-3.3,7,158.48319005966187
4292,4.9,1,158.50685501098633
4293,4.75,2,158.53632855415344
4294,4.449999999999999,4,158.57291269302368
4295,4.6000000000000005,3,158.61345314979553
4296,4.3,5,158.64999914169312
4297,-1.75,15,158.70362067222595
4298,4.6000000000000005,3,158.73487830162048
4299,3.85,8,158.77208805084229
4300,-3.3,7,158.81001615524292
4301,3.55,10,158.98631763458252
4302,3.6999999999999997,9,159.0243911743164
4303,4.6000000000000005,3,159.052011013031
4304,4.6000000000000005,3,159.07849049568176
4305,3.25,12,159.1158950328827
4306,4.449999999999999,4,159.14647507667542
4307,-3.35,8,159.1832137107849
4308,3.85,8,159.21838998794556
4309,-1.75,15,159.26195335388184
4310,3.85,8,159.29718351364136
4311,4.3,5,159.33284282684326
4312,3.85,8,159.36741757392883
4313,-1.75,15,159.41137433052063
4314,-1.75,15,159.4616596698761
4315,4.15,6,159.49231004714966
4316,4.9,1,159.52225804328918
4317,4.0,7,159.55527925491333
4318,4.449999999999999,4,159.58185720443726
4319,4.75,2,159.60436606407166
4320,-1.75,15,159.64917969703674
4321,4.75,2,159.67140364646912
4322,4.15,6,159.69971990585327
4323,4.3,5,159.73403882980347
4324,4.15,6,159.76324844360352
4325,-1.75,15,159.81145191192627
4326,-3.2,5,159.84340715408325
4327,4.3,5,159.86910367012024
4328,3.85,8,159.9007592201233
4329,4.15,6,159.92986917495728
4330,4.6000000000000005,3,159.95675563812256
4331,4.6000000000000005,3,159.98141407966614
4332,4.75,2,160.00783276557922
4333,4.15,6,160.03946924209595
4334,4.6000000000000005,3,160.06675720214844
4335,4.449999999999999,4,160.09916710853577
4336,4.3,5,160.1287670135498
4337,4.3,5,160.16582870483398
4338,4.449999999999999,4,160.19607830047607
4339,4.0,7,160.23487281799316
4340,4.3,5,160.4075894355774
4341,4.449999999999999,4,160.43869185447693
4342,4.15,6,160.4728078842163
4343,3.4,11,160.51199507713318
4344,4.6000000000000005,3,160.53905129432678
4345,4.449999999999999,4,160.5673668384552
4346,-1.75,15,160.61274099349976
4347,4.75,2,160.63953566551208
4348,4.75,2,160.66608929634094
4349,4.6000000000000005,3,160.69204545021057
4350,4.75,2,160.71748304367065
4351,4.6000000000000005,3,160.74554109573364
4352,3.6999999999999997,9,160.78397011756897
4353,4.449999999999999,4,160.81285214424133
4354,4.15,6,160.84627199172974
4355,-1.75,15,160.8884289264679
4356,4.3,5,160.9174792766571
4357,4.9,1,160.9439013004303
4358,4.75,2,160.9740207195282
4359,-1.75,15,161.0215618610382
4360,4.449999999999999,4,161.05019879341125
4361,4.9,1,161.0745599269867
4362,4.75,2,161.10209131240845
4363,-1.75,15,161.15602588653564
4364,4.75,2,161.18294668197632
4365,4.6000000000000005,3,161.21344685554504
4366,4.449999999999999,4,161.24323081970215
4367,4.6000000000000005,3,161.26739072799683
4368,4.449999999999999,4,161.29465460777283
4369,4.75,2,161.32264018058777
4370,4.3,5,161.35012292861938
4371,4.6000000000000005,3,161.37301015853882
4372,4.75,2,161.39804768562317
4373,3.4,11,161.43501901626587
4374,4.449999999999999,4,161.4636480808258
4375,4.3,5,161.49710035324097
4376,4.75,2,161.5246365070343
4377,4.15,6,161.5596718788147
4378,4.0,7,161.59877753257751
4379,4.75,2,161.62222385406494
4380,4.6000000000000005,3,161.64746975898743
4381,3.55,10,161.68952059745789
4382,4.0,7,161.72095704078674
4383,4.3,5,161.74950766563416
4384,4.3,5,161.77856040000916
4385,4.0,7,161.8132598400116
4386,3.6999999999999997,9,161.84702563285828
4387,4.3,5,161.87967681884766
4388,4.0,7,162.07778787612915
4389,4.3,5,162.11092805862427
4390,4.9,1,162.1386866569519
4391,4.0,7,162.17862820625305
4392,4.0,7,162.2128040790558
4393,4.449999999999999,4,162.2403163909912
4394,4.0,7,162.2752878665924
4395,4.6000000000000005,3,162.30124735832214
4396,4.449999999999999,4,162.3321168422699
4397,4.6000000000000005,3,162.35844254493713
4398,4.9,1,162.3825876712799
4399,3.55,10,162.42728662490845
4400,4.0,7,162.4629876613617
4401,4.15,6,162.49918818473816
4402,4.3,5,162.5409231185913
4403,3.85,8,162.58094716072083
4404,-1.75,15,162.6329689025879
4405,4.3,5,162.66376423835754
4406,4.0,7,162.69846105575562
4407,4.3,5,162.73455572128296
4408,4.15,6,162.76766562461853
4409,-3.35,8,162.80252623558044
4410,4.449999999999999,4,162.8334527015686
4411,4.75,2,162.86407661437988
4412,4.6000000000000005,3,162.89404034614563
4413,4.449999999999999,4,162.92670893669128
4414,4.449999999999999,4,162.9516203403473
4415,4.75,2,162.97644567489624
4416,4.75,2,163.00253582000732
4417,4.3,5,163.03295159339905
4418,4.15,6,163.06365203857422
4419,4.449999999999999,4,163.09667301177979
4420,-3.4,9,163.13064765930176
4421,-3.2,5,163.16525673866272
4422,4.449999999999999,4,163.1969015598297
4423,4.75,2,163.22446823120117
4424,4.75,2,163.24587845802307
4425,3.6999999999999997,9,163.28125143051147
4426,4.0,7,163.3138391971588
4427,4.75,2,163.33759188652039
4428,4.75,2,163.3635802268982
4429,4.9,1,163.3868865966797
4430,-3.6,13,163.43097567558289
4431,4.3,5,163.4662003517151
4432,-3.35,8,163.49981951713562
4433,-3.2,5,163.5276358127594
4434,3.6999999999999997,9,163.5612609386444
4435,3.25,12,163.75010657310486
4436,3.6999999999999997,9,163.78325772285461
4437,4.6000000000000005,3,163.81235122680664
4438,4.75,2,163.84242153167725
4439,4.15,6,163.87617874145508
4440,4.6000000000000005,3,163.90193104743958
4441,4.15,6,163.93685007095337
4442,3.4,11,163.97749829292297
4443,4.3,5,164.00775694847107
4444,4.75,2,164.03795528411865
4445,4.15,6,164.07420420646667
4446,4.6000000000000005,3,164.10031151771545
4447,3.55,10,164.1427822113037
4448,4.3,5,164.17263841629028
4449,4.75,2,164.20033740997314
4450,4.3,5,164.23054838180542
4451,4.449999999999999,4,164.26083159446716
4452,-3.5,11,164.29920840263367
4453,4.6000000000000005,3,164.33332204818726
4454,-3.0,1,164.3600811958313
4455,4.449999999999999,4,164.3894271850586
4456,4.3,5,164.41919898986816
4457,3.55,10,164.45267009735107
4458,3.6999999999999997,9,164.48777055740356
4459,3.55,10,164.52649927139282
4460,4.6000000000000005,3,164.55022644996643
4461,-3.1,3,164.57565903663635
4462,4.6000000000000005,3,164.6067349910736
4463,4.3,5,164.64489841461182
4464,4.449999999999999,4,164.6767454147339
4465,4.75,2,164.70142698287964
4466,4.75,2,164.72884511947632
4467,3.6999999999999997,9,164.76330065727234
4468,4.6000000000000005,3,164.79354405403137
4469,4.75,2,164.8193929195404
4470,4.449999999999999,4,164.8506326675415
4471,4.0,7,164.8889603614807
4472,3.85,8,164.92866706848145
4473,4.75,2,164.96229219436646
4474,4.3,5,164.99155950546265
4475,3.6999999999999997,9,165.02323365211487
4476,3.85,8,165.06232905387878
4477,4.449999999999999,4,165.09485411643982
4478,4.6000000000000005,3,165.12376475334167
4479,4.75,2,165.14941096305847
4480,4.0,7,165.18195033073425
4481,4.449999999999999,4,165.2182490825653
4482,4.449999999999999,4,165.25479888916016
4483,4.3,5,165.28889560699463
4484,4.75,2,165.3141098022461
4485,-3.55,12,165.52421808242798
4486,4.9,1,165.5504240989685
4487,4.6000000000000005,3,165.58062529563904
4488,4.0,7,165.61842560768127
4489,-3.5,11,165.65931463241577
4490,4.75,2,165.68298721313477
4491,3.55,10,165.7252712249756
4492,4.75,2,165.75498604774475
4493,3.85,8,165.79041028022766
4494,4.449999999999999,4,165.8225119113922
4495,4.6000000000000005,3,165.8516013622284
4496,4.6000000000000005,3,165.87874341011047
4497,3.85,8,165.9200987815857
4498,4.9,1,165.94648957252502
4499,4.0,7,165.97543835639954
4500,3.6999999999999997,9,166.0074119567871
4501,4.9,1,166.0280430316925
4502,4.6000000000000005,3,166.05503296852112
4503,4.449999999999999,4,166.08111357688904
4504,4.6000000000000005,3,166.10832595825195
4505,-3.2,5,166.1368715763092
4506,4.75,2,166.16642379760742
4507,4.15,6,166.20087599754333
4508,4.75,2,166.2359654903412
4509,4.449999999999999,4,166.26461577415466
4510,4.15,6,166.29338216781616
4511,4.15,6,166.329274892807
4512,4.9,1,166.35319232940674
4513,3.85,8,166.38776469230652
4514,4.75,2,166.41132044792175
4515,4.3,5,166.4413161277771
4516,4.6000000000000005,3,166.46430087089539
4517,4.449999999999999,4,166.4930500984192
4518,4.3,5,166.52106976509094
4519,4.15,6,166.55038714408875
4520,4.449999999999999,4,166.58017492294312
4521,4.9,1,166.60479259490967
4522,-3.25,6,166.63288736343384
4523,4.449999999999999,4,166.66689658164978
4524,4.15,6,166.7084562778473
4525,4.3,5,166.7372009754181
4526,4.15,6,166.76922750473022
4527,4.75,2,166.79380822181702
4528,4.6000000000000005,3,166.82110047340393
4529,3.4,11,166.8609652519226
4530,4.6000000000000005,3,166.88710165023804
4531,4.449999999999999,4,166.91462588310242
4532,4.6000000000000005,3,166.94025921821594
4533,4.0,7,166.97177648544312
4534,4.6000000000000005,3,167.0042209625244
4535,4.6000000000000005,3,167.0301854610443
4536,4.3,5,167.0599410533905
4537,4.6000000000000005,3,167.08612704277039
4538,3.85,8,167.12031865119934
4539,4.0,7,167.15424752235413
4540,4.0,7,167.35534119606018
4541,4.449999999999999,4,167.3901333808899
4542,4.75,2,167.41748976707458
4543,3.55,10,167.45895433425903
4544,4.15,6,167.49211740493774
4545,4.9,1,167.51389288902283
4546,3.4,11,167.5487985610962
4547,4.15,6,167.57453536987305
4548,4.75,2,167.59930038452148
4549,3.4,11,167.6379039287567
4550,4.75,2,167.66732215881348
4551,4.449999999999999,4,167.6988401412964
4552,4.3,5,167.7271056175232
4553,3.4,11,167.76239466667175
4554,4.6000000000000005,3,167.78893446922302
4555,4.3,5,167.8209729194641
4556,4.3,5,167.85111546516418
4557,3.1,13,167.89336776733398
4558,3.85,8,167.92748522758484
4559,4.6000000000000005,3,167.95345759391785
4560,4.6000000000000005,3,167.98022532463074
4561,4.15,6,168.01074719429016
4562,3.85,8,168.04975366592407
4563,4.449999999999999,4,168.08504223823547
4564,4.75,2,168.11094403266907
4565,4.9,1,168.14175033569336
4566,4.449999999999999,4,168.16966676712036
4567,4.449999999999999,4,168.19791650772095
4568,3.85,8,168.2326943874359
4569,4.15,6,168.26540446281433
4570,4.6000000000000005,3,168.29802346229553
4571,4.15,6,168.32921600341797
4572,4.6000000000000005,3,168.35510921478271
4573,4.75,2,168.3791434764862
4574,4.15,6,168.41163849830627
4575,4.15,6,168.44093656539917
4576,3.85,8,168.4726846218109
4577,-1.75,15,168.5130124092102
4578,-3.1,3,168.54383277893066
4579,-3.05,2,168.57606768608093
4580,4.449999999999999,4,168.6042835712433
4581,4.75,2,168.6336452960968
4582,4.6000000000000005,3,168.6646020412445
4583,3.85,8,168.70352053642273
4584,4.3,5,168.73714470863342
4585,4.75,2,168.76653003692627
4586,-3.25,6,168.8051941394806
4587,4.75,2,168.83182048797607
4588,4.75,2,168.8659737110138
4589,4.449999999999999,4,168.89549803733826
4590,4.9,1,168.92413568496704
4591,4.449999999999999,4,169.108078956604
4592,4.3,5,169.13404273986816
4593,4.0,7,169.1676299571991
4594,4.15,6,169.19680833816528
4595,4.6000000000000005,3,169.22337794303894
4596,4.15,6,169.2520842552185
4597,4.15,6,169.28111839294434
4598,4.15,6,169.3156406879425
4599,4.15,6,169.34422969818115
4600,3.55,10,169.38210535049438
4601,3.85,8,169.41659688949585
4602,4.75,2,169.44526076316833
4603,4.6000000000000005,3,169.4757399559021
4604,3.6999999999999997,9,169.50780057907104
4605,4.6000000000000005,3,169.53388214111328
4606,4.449999999999999,4,169.56200289726257
4607,4.3,5,169.59058952331543
4608,4.0,7,169.62665486335754
4609,4.449999999999999,4,169.6595959663391
4610,3.55,10,169.70607995986938
4611,3.6999999999999997,9,169.7436182498932
4612,4.6000000000000005,3,169.77290034294128
4613,4.15,6,169.80046772956848
4614,4.6000000000000005,3,169.83251094818115
4615,4.3,5,169.86448049545288
4616,4.75,2,169.8884677886963
4617,3.55,10,169.9278268814087
4618,4.15,6,169.95750284194946
4619,4.6000000000000005,3,169.98064279556274
4620,4.75,2,170.0060248374939
4621,3.4,11,170.04374074935913
4622,4.6000000000000005,3,170.07133769989014
4623,4.449999999999999,4,170.09841585159302
4624,3.55,10,170.1363296508789
4625,4.3,5,170.1685085296631
4626,3.55,10,170.2091727256775
4627,4.6000000000000005,3,170.23542094230652
4628,3.85,8,170.27038288116455
4629,3.6999999999999997,9,170.3127338886261
4630,4.75,2,170.33859419822693
4631,3.4,11,170.3795187473297
4632,4.3,5,170.42013692855835
4633,4.449999999999999,4,170.45531272888184
4634,4.75,2,170.4885437488556
4635,3.6999999999999997,9,170.68111181259155
4636,4.3,5,170.720552444458
4637,4.6000000000000005,3,170.74646520614624
4638,-1.75,15,170.790625333786
4639,-1.75,15,170.83292317390442
4640,4.6000000000000005,3,170.86097598075867
4641,3.4,11,170.89834785461426
4642,4.3,5,170.9321460723877
4643,4.0,7,170.9657974243164
4644,3.6999999999999997,9,170.99954438209534
4645,3.85,8,171.03161430358887
4646,4.3,5,171.0613832473755
4647,4.3,5,171.09403038024902
4648,-1.75,15,171.13572144508362
4649,4.3,5,171.16588377952576
4650,4.15,6,171.1999912261963
4651,4.0,7,171.23687839508057
4652,4.449999999999999,4,171.26846504211426
4653,4.75,2,171.29134368896484
4654,4.9,1,171.31430745124817
4655,4.0,7,171.35261344909668
4656,4.0,7,171.3860058784485
4657,3.85,8,171.41885495185852
4658,4.15,6,171.44866967201233
4659,4.449999999999999,4,171.47568774223328
4660,4.0,7,171.50665712356567
4661,3.55,10,171.54166650772095
4662,4.6000000000000005,3,171.57199430465698
4663,4.3,5,171.59948205947876
4664,4.6000000000000005,3,171.63084292411804
4665,4.0,7,171.66533255577087
4666,3.25,12,171.70855975151062
4667,4.449999999999999,4,171.73584723472595
4668,4.15,6,171.7665147781372
4669,3.85,8,171.79966187477112
4670,-1.75,15,171.84809708595276
4671,4.6000000000000005,3,171.8822181224823
4672,3.4,11,172.13352251052856
4673,3.25,12,172.17781591415405
4674,4.6000000000000005,3,172.20689129829407
4675,4.15,6,172.24191856384277
4676,3.55,10,172.27736401557922
4677,4.0,7,172.31601357460022
4678,4.75,2,172.34489369392395
4679,-1.75,15,172.39783120155334
4680,4.6000000000000005,3,172.42587304115295
4681,4.449999999999999,4,172.45284271240234
4682,4.15,6,172.48916339874268
4683,4.6000000000000005,3,172.5185399055481
4684,4.0,7,172.55058932304382
4685,4.9,1,172.57801413536072
4686,4.6000000000000005,3,172.59973812103271
4687,4.449999999999999,4,172.62943148612976
4688,4.6000000000000005,3,172.65836429595947
4689,4.6000000000000005,3,172.68558883666992
4690,4.6000000000000005,3,172.71328735351562
4691,4.15,6,172.74330234527588
4692,4.15,6,172.77358961105347
4693,4.75,2,172.7968270778656
4694,4.15,6,172.82913446426392
4695,4.15,6,172.86599397659302
4696,3.85,8,172.89948916435242
4697,-1.75,15,172.94885396957397
4698,4.449999999999999,4,172.97838187217712
4699,3.6999999999999997,9,173.01163339614868
4700,4.6000000000000005,3,173.0414478778839
4701,4.75,2,173.06657767295837
4702,4.9,1,173.0912733078003
4703,4.6000000000000005,3,173.1155502796173
4704,4.449999999999999,4,173.1424789428711
4705,4.6000000000000005,3,173.1662380695343
4706,-1.75,15,173.20997142791748
4707,4.3,5,173.23792052268982
4708,4.6000000000000005,3,173.2644546031952
4709,4.6000000000000005,3,173.2927668094635
4710,4.449999999999999,4,173.31856060028076
4711,4.9,1,173.34421110153198
4712,4.6000000000000005,3,173.3764247894287
4713,4.9,1,173.3993821144104
4714,4.6000000000000005,3,173.4271981716156
4715,4.0,7,173.46170020103455
4716,3.55,10,173.50407791137695
4717,4.6000000000000005,3,173.53191256523132
4718,3.55,10,173.57356882095337
4719,4.0,7,173.60645866394043
4720,4.6000000000000005,3,173.6331307888031
4721,4.9,1,173.65456008911133
4722,4.15,6,173.84424757957458
4723,3.1,13,173.8868327140808
4724,4.6000000000000005,3,173.9130403995514
4725,3.6999999999999997,9,173.94646549224854
4726,-3.45,10,173.98633575439453
4727,3.85,8,174.02034664154053
4728,4.449999999999999,4,174.04820704460144
4729,4.449999999999999,4,174.08097743988037
4730,3.55,10,174.12010860443115
4731,4.6000000000000005,3,174.14886450767517
4732,4.3,5,174.17804265022278
4733,-1.75,15,174.2213921546936
4734,4.449999999999999,4,174.24872732162476
4735,3.85,8,174.29032588005066
4736,4.0,7,174.31801390647888
4737,3.6999999999999997,9,174.3576295375824
4738,4.9,1,174.38465070724487
4739,-1.75,15,174.431223154068
4740,4.75,2,174.45640206336975
4741,4.15,6,174.48549222946167
4742,4.449999999999999,4,174.51192498207092
4743,3.6999999999999997,9,174.545814037323
4744,2.9499999999999997,14,174.59085083007812
4745,4.449999999999999,4,174.6197965145111
4746,4.0,7,174.6519889831543
4747,4.6000000000000005,3,174.67943477630615
4748,4.15,6,174.71399545669556
4749,4.9,1,174.73953700065613
4750,4.9,1,174.76258540153503
4751,4.449999999999999,4,174.7908763885498
4752,3.6999999999999997,9,174.82640504837036
4753,4.449999999999999,4,174.85630989074707
4754,4.3,5,174.8874580860138
4755,4.6000000000000005,3,174.92206239700317
4756,3.55,10,174.96309399604797
4757,4.9,1,174.98861694335938
4758,4.449999999999999,4,175.02539443969727
4759,3.55,10,175.06205534934998
4760,4.6000000000000005,3,175.0916051864624
4761,4.3,5,175.11925745010376
4762,3.4,11,175.3207721710205
4763,4.0,7,175.36096262931824
4764,4.75,2,175.39030933380127
4765,4.3,5,175.42199277877808
4766,4.3,5,175.45637106895447
4767,4.15,6,175.48902797698975
4768,4.449999999999999,4,175.52551651000977
4769,4.3,5,175.55849266052246
4770,4.3,5,175.58878421783447
4771,4.75,2,175.6149299144745
4772,3.4,11,175.65533781051636
4773,3.1,13,175.69752502441406
4774,3.25,12,175.74213790893555
4775,4.0,7,175.77042150497437
4776,4.3,5,175.7975525856018
4777,4.0,7,175.82821774482727
4778,4.449999999999999,4,175.8571412563324
4779,-1.75,15,175.89886260032654
4780,4.75,2,175.9258165359497
4781,4.3,5,175.9578492641449
4782,3.4,11,175.9944589138031
4783,3.6999999999999997,9,176.0322880744934
4784,4.0,7,176.0659327507019
4785,4.0,7,176.09801578521729
4786,4.449999999999999,4,176.12860083580017
4787,4.0,7,176.17386770248413
4788,4.75,2,176.20510268211365
4789,-3.25,6,176.24058151245117
4790,3.85,8,176.27304983139038
4791,4.0,7,176.30539417266846
4792,3.6999999999999997,9,176.33947682380676
4793,4.15,6,176.36610436439514
4794,4.0,7,176.39862322807312
4795,4.0,7,176.43510842323303
4796,3.25,12,176.47958207130432
4797,4.15,6,176.5159888267517
4798,4.75,2,176.54354882240295
4799,4.6000000000000005,3,176.5720522403717
4800,4.75,2,176.59675288200378
4801,4.75,2,176.62851905822754
4802,3.85,8,176.85008931159973
4803,4.6000000000000005,3,176.88373231887817
4804,4.0,7,176.9180519580841
4805,4.0,7,176.9567265510559
4806,4.0,7,176.99125051498413
4807,4.15,6,177.02174830436707
4808,4.3,5,177.0554904937744
4809,4.6000000000000005,3,177.08406805992126
4810,4.75,2,177.11994457244873
4811,4.15,6,177.15545010566711
4812,4.0,7,177.18955731391907
4813,3.85,8,177.22170639038086
4814,4.6000000000000005,3,177.24684929847717
4815,4.0,7,177.27788591384888
4816,-3.25,6,177.30597114562988
4817,-1.75,15,177.35382986068726
4818,3.85,8,177.3860523700714
4819,3.85,8,177.42211484909058
4820,4.75,2,177.4490144252777
4821,4.75,2,177.47634029388428
4822,4.449999999999999,4,177.5037043094635
4823,4.3,5,177.53287982940674
4824,4.449999999999999,4,177.56367945671082
4825,3.6999999999999997,9,177.59760236740112
4826,4.449999999999999,4,177.6297070980072
4827,3.55,10,177.66412806510925
4828,4.75,2,177.691561460495
4829,4.75,2,177.71750712394714
4830,4.449999999999999,4,177.74832129478455
4831,4.3,5,177.77843308448792
4832,4.0,7,177.81073212623596
4833,4.6000000000000005,3,177.8394799232483
4834,4.449999999999999,4,177.87187457084656
4835,4.6000000000000005,3,177.89863061904907
4836,4.75,2,177.92655968666077
4837,4.6000000000000005,3,177.95958995819092
4838,4.449999999999999,4,177.98754024505615
4839,-1.75,15,178.03073835372925
4840,4.75,2,178.0586130619049
4841,3.6999999999999997,9,178.09538745880127
4842,4.6000000000000005,3,178.12471556663513
4843,4.6000000000000005,3,178.1517608165741
4844,4.75,2,178.18455624580383
4845,4.6000000000000005,3,178.2141671180725
4846,3.55,10,178.26112341880798
4847,4.15,6,178.29658722877502
4848,3.4,11,178.3352072238922
4849,4.6000000000000005,3,178.36325931549072
4850,-1.75,15,178.5624861717224
4851,4.15,6,178.5914535522461
4852,-1.75,15,178.63874769210815
4853,4.6000000000000005,3,178.66776371002197
4854,4.3,5,178.70904445648193
4855,4.75,2,178.73507642745972
4856,4.3,5,178.7659468650818
4857,3.6999999999999997,9,178.80948662757874
4858,3.1,13,178.85624027252197
4859,4.449999999999999,4,178.89428305625916
4860,4.6000000000000005,3,178.92165756225586
4861,3.4,11,178.95809531211853
4862,4.449999999999999,4,178.98573422431946
4863,4.75,2,179.01004552841187
4864,4.3,5,179.04226326942444
4865,4.449999999999999,4,179.06940412521362
4866,4.0,7,179.10735321044922
4867,4.3,5,179.1380524635315
4868,3.55,10,179.1784336566925
4869,3.85,8,179.21203565597534
4870,4.449999999999999,4,179.2407259941101
4871,3.1,13,179.27777433395386
4872,4.75,2,179.3031554222107
4873,4.15,6,179.33337593078613
4874,4.75,2,179.35567140579224
4875,4.0,7,179.38618111610413
4876,4.6000000000000005,3,179.41236400604248
4877,4.9,1,179.43904495239258
4878,4.0,7,179.46767330169678
4879,-1.75,15,179.51243233680725
4880,3.4,11,179.55979180335999
4881,4.449999999999999,4,179.5901472568512
4882,4.15,6,179.6228928565979
4883,4.9,1,179.6472978591919
4884,4.15,6,179.68199110031128
4885,-3.65,14,179.7269093990326
4886,4.449999999999999,4,179.76191568374634
4887,4.9,1,179.7891960144043
4888,4.6000000000000005,3,179.816659450531
4889,4.0,7,179.84909749031067
4890,4.449999999999999,4,179.8792061805725
4891,4.75,2,180.06676316261292
4892,-1.75,15,180.11321353912354
4893,3.85,8,180.14529967308044
4894,4.3,5,180.17505192756653
4895,4.449999999999999,4,180.20198845863342
4896,4.75,2,180.23414087295532
4897,3.25,12,180.27326130867004
4898,4.3,5,180.30752825737
4899,4.0,7,180.33882856369019
4900,4.15,6,180.3692569732666
4901,4.9,1,180.39367628097534
4902,4.0,7,180.4339075088501
4903,4.3,5,180.46334028244019
4904,3.85,8,180.50401973724365
4905,4.6000000000000005,3,180.53422284126282
4906,3.85,8,180.56957292556763
4907,3.6999999999999997,9,180.6039526462555
4908,4.3,5,180.63018417358398
4909,4.3,5,180.66383266448975
4910,3.6999999999999997,9,180.6978063583374
4911,4.75,2,180.72226214408875
4912,4.3,5,180.74933314323425
4913,4.75,2,180.7764332294464
4914,3.6999999999999997,9,180.8173327445984
4915,3.6999999999999997,9,180.85844039916992
4916,3.85,8,180.8899688720703
4917,4.75,2,180.91765356063843
4918,3.85,8,180.95170640945435
4919,4.449999999999999,4,180.97910380363464
4920,4.6000000000000005,3,181.00635933876038
4921,-1.75,15,181.04645657539368
4922,4.6000000000000005,3,181.07180619239807
4923,4.6000000000000005,3,181.1016936302185
4924,3.85,8,181.1385703086853
4925,4.75,2,181.16318607330322
4926,4.15,6,181.19833159446716
4927,4.75,2,181.2215600013733
4928,4.6000000000000005,3,181.24714970588684
4929,4.0,7,181.27650022506714
4930,4.449999999999999,4,181.31044387817383
4931,3.85,8,181.3454351425171
4932,4.75,2,181.3736391067505
4933,4.3,5,181.40104126930237
4934,4.15,6,181.4395728111267
4935,4.75,2,181.47075653076172
4936,4.449999999999999,4,181.67221856117249
4937,4.15,6,181.705482006073
4938,3.6999999999999997,9,181.74173092842102
4939,4.449999999999999,4,181.7663164138794
4940,4.9,1,181.78976798057556
4941,4.75,2,181.81555914878845
4942,4.9,1,181.84121441841125
4943,4.75,2,181.86881065368652
4944,4.6000000000000005,3,181.90079426765442
4945,-3.6,13,181.94675493240356
4946,4.75,2,181.97215747833252
4947,4.9,1,181.99997067451477
4948,4.3,5,182.0354278087616
4949,4.449999999999999,4,182.07269740104675
4950,4.15,6,182.1093783378601
4951,4.3,5,182.14410042762756
4952,4.9,1,182.17409658432007
4953,4.6000000000000005,3,182.20416474342346
4954,3.85,8,182.2383999824524
4955,4.449999999999999,4,182.27121925354004
4956,4.9,1,182.29346299171448
4957,3.4,11,182.33221554756165
4958,4.6000000000000005,3,182.35819387435913
4959,4.0,7,182.3905258178711
4960,4.449999999999999,4,182.4163544178009
4961,3.4,11,182.4546558856964
4962,4.15,6,182.4837999343872
4963,3.6999999999999997,9,182.51979684829712
4964,4.3,5,182.54694485664368
4965,4.15,6,182.5781955718994
4966,4.75,2,182.6047706604004
4967,3.85,8,182.6403124332428
4968,4.3,5,182.67039012908936
4969,3.85,8,182.70713829994202
4970,4.15,6,182.74365496635437
4971,3.85,8,182.77961802482605
4972,-3.0,1,182.80739641189575
4973,3.55,10,182.8526623249054
4974,4.3,5,182.88765907287598
4975,-1.75,15,182.93708324432373
4976,4.9,1,182.96437406539917
4977,4.3,5,182.99450707435608
4978,4.75,2,183.0215380191803
4979,3.6999999999999997,9,183.0554301738739
4980,4.9,1,183.080176115036
4981,4.3,5,183.10827493667603
4982,4.75,2,183.1364324092865
4983,4.75,2,183.16716623306274
4984,4.3,5,183.197105884552
4985,4.15,6,183.23112678527832
4986,4.75,2,183.25668168067932
4987,4.15,6,183.4400532245636
4988,3.4,11,183.48185563087463
4989,3.85,8,183.51768231391907
4990,4.75,2,183.54505252838135
4991,4.3,5,183.5731406211853
4992,4.75,2,183.59536337852478
4993,4.9,1,183.62141728401184
4994,4.449999999999999,4,183.64856934547424
4995,4.15,6,183.67986631393433
4996,3.55,10,183.7214868068695
4997,3.6999999999999997,9,183.7547333240509
4998,4.75,2,183.77844977378845
4999,4.15,6,183.8127417564392
5000,4.3,5,183.84656763076782
5001,3.85,8,183.889954328537
5002,-1.75,15,183.938383102417
5003,4.15,6,183.97012448310852
5004,3.55,10,184.00564670562744
5005,4.6000000000000005,3,184.0343360900879
5006,4.3,5,184.06424140930176
5007,4.9,1,184.0894591808319
5008,4.449999999999999,4,184.1197793483734
5009,4.9,1,184.14836168289185
5010,4.75,2,184.17434525489807
5011,4.449999999999999,4,184.20206809043884
5012,4.449999999999999,4,184.22851848602295
5013,3.6999999999999997,9,184.26791429519653
5014,4.75,2,184.29279565811157
5015,4.0,7,184.32690262794495
5016,4.75,2,184.35138082504272
5017,4.15,6,184.38028025627136
5018,4.3,5,184.41017198562622
5019,4.449999999999999,4,184.44090795516968
5020,4.449999999999999,4,184.47128677368164
5021,4.75,2,184.49491357803345
5022,4.75,2,184.52130222320557
5023,4.449999999999999,4,184.55405592918396
5024,4.75,2,184.57840585708618
5025,4.75,2,184.60549473762512
5026,4.3,5,184.63915157318115
5027,3.55,10,184.67542552947998
5028,4.449999999999999,4,184.70429944992065
5029,4.15,6,184.73799800872803
5030,4.3,5,184.7657914161682
5031,4.0,7,184.79799675941467
5032,3.4,11,184.83683824539185
5033,3.85,8,184.86975932121277
5034,4.15,6,184.8993957042694
5035,4.0,7,185.08542680740356
5036,4.449999999999999,4,185.11267948150635
5037,4.0,7,185.1436641216278
5038,3.85,8,185.17959213256836
5039,4.15,6,185.20913672447205
5040,4.449999999999999,4,185.24069046974182
5041,4.3,5,185.27463936805725
5042,3.85,8,185.31540298461914
5043,4.3,5,185.34297251701355
5044,3.4,11,185.38014483451843
5045,-3.15,4,185.4126205444336
5046,4.3,5,185.44622540473938
5047,4.6000000000000005,3,185.47503781318665
5048,-1.75,15,185.52279496192932
5049,4.15,6,185.55469799041748
5050,4.15,6,185.58670926094055
5051,4.449999999999999,4,185.61401057243347
5052,4.449999999999999,4,185.64609360694885
5053,4.3,5,185.67474818229675
5054,4.6000000000000005,3,185.70753979682922
5055,4.3,5,185.74085092544556
5056,4.15,6,185.7729630470276
5057,3.55,10,185.81048917770386
5058,4.6000000000000005,3,185.83869075775146
5059,4.3,5,185.86699390411377
5060,4.6000000000000005,3,185.89209747314453
5061,3.55,10,185.92833828926086
5062,4.3,5,185.96389770507812
5063,-3.3,7,185.99666118621826
5064,4.6000000000000005,3,186.0265896320343
5065,3.55,10,186.063054561615
5066,4.15,6,186.0983850955963
5067,4.6000000000000005,3,186.12857818603516
5068,4.449999999999999,4,186.15932321548462
5069,-3.3,7,186.19709300994873
5070,3.85,8,186.2392761707306
5071,4.449999999999999,4,186.2761414051056
5072,4.15,6,186.3085207939148
5073,-3.55,12,186.34788298606873
5074,4.3,5,186.3795473575592
5075,3.85,8,186.41428661346436
5076,-1.75,15,186.59942173957825
5077,4.15,6,186.6315016746521
5078,4.449999999999999,4,186.6633267402649
5079,4.6000000000000005,3,186.69624090194702
5080,3.85,8,186.73047399520874
5081,4.6000000000000005,3,186.75537276268005
5082,4.6000000000000005,3,186.77996397018433
5083,4.9,1,186.80762767791748
5084,4.75,2,186.83081221580505
5085,4.3,5,186.86072373390198
5086,4.449999999999999,4,186.88903999328613
5087,4.75,2,186.9117510318756
5088,4.15,6,186.93952107429504
5089,-1.75,15,186.98154377937317
5090,4.6000000000000005,3,187.00746369361877
5091,3.55,10,187.0441997051239
5092,4.6000000000000005,3,187.07012677192688
5093,4.0,7,187.10484313964844
5094,4.0,7,187.13816237449646
5095,4.449999999999999,4,187.17195892333984
5096,4.75,2,187.20083332061768
5097,4.449999999999999,4,187.22981119155884
5098,4.449999999999999,4,187.25849294662476
5099,4.0,7,187.28801679611206
5100,4.15,6,187.3236789703369
5101,4.449999999999999,4,187.3560242652893
5102,4.3,5,187.3854742050171
5103,4.0,7,187.42085814476013
5104,-1.75,15,187.47619032859802
5105,3.85,8,187.51291155815125
5106,4.3,5,187.5420274734497
5107,3.85,8,187.58826208114624
5108,3.4,11,187.63197541236877
5109,4.9,1,187.65665769577026
5110,4.75,2,187.68334817886353
5111,4.75,2,187.71238684654236
5112,-3.2,5,187.74095058441162
5113,4.15,6,187.77462911605835
5114,-3.35,8,187.8092451095581
5115,-1.75,15,187.8529760837555
5116,3.85,8,187.89093947410583
5117,4.15,6,187.92190623283386
5118,4.0,7,187.95561480522156
5119,4.449999999999999,4,187.98085594177246
5120,4.0,7,188.0144829750061
5121,4.449999999999999,4,188.2175374031067
5122,4.6000000000000005,3,188.24330377578735
5123,-3.7,15,188.28891324996948
5124,4.15,6,188.31807112693787
5125,-1.75,15,188.36466121673584
5126,4.3,5,188.39889097213745
5127,3.6999999999999997,9,188.4411482810974
5128,4.449999999999999,4,188.47483730316162
5129,4.6000000000000005,3,188.50103974342346
5130,4.75,2,188.52914094924927
5131,4.449999999999999,4,188.56369876861572
5132,4.6000000000000005,3,188.59613466262817
5133,4.449999999999999,4,188.6372618675232
5134,4.75,2,188.6691529750824
5135,-1.75,15,188.7226619720459
5136,4.75,2,188.7548484802246
5137,3.1,13,188.80224704742432
5138,-1.75,15,188.853333234787
5139,-3.1,3,188.88361287117004
5140,4.6000000000000005,3,188.92078232765198
5141,3.6999999999999997,9,188.96792006492615
5142,4.9,1,188.99627542495728
5143,3.25,12,189.05312728881836
5144,4.9,1,189.08597326278687
5145,4.75,2,189.11055326461792
5146,4.3,5,189.142085313797
5147,4.75,2,189.16818714141846
5148,4.75,2,189.19049453735352
5149,4.75,2,189.2126636505127
5150,4.0,7,189.24726676940918
5151,4.449999999999999,4,189.27465844154358
5152,3.85,8,189.31602358818054
5153,4.75,2,189.3410861492157
5154,4.3,5,189.38038396835327
5155,4.3,5,189.4087634086609
5156,4.3,5,189.43920612335205
5157,4.6000000000000005,3,189.47054362297058
5158,-1.75,15,189.5265245437622
5159,4.449999999999999,4,189.55771327018738
5160,4.6000000000000005,3,189.58391666412354
5161,4.3,5,189.61751008033752
5162,4.6000000000000005,3,189.64843130111694
5163,4.6000000000000005,3,189.68084383010864
5164,3.6999999999999997,9,189.71774816513062
5165,3.6999999999999997,9,189.7545747756958
5166,4.449999999999999,4,189.93417882919312
5167,3.55,10,189.97054314613342
5168,4.15,6,189.99957919120789
5169,4.0,7,190.03114700317383
5170,3.55,10,190.06856966018677
5171,4.449999999999999,4,190.1034801006317
5172,4.6000000000000005,3,190.13070058822632
5173,4.6000000000000005,3,190.1561017036438
5174,4.0,7,190.19155526161194
5175,3.85,8,190.23384428024292
5176,4.6000000000000005,3,190.26162123680115
5177,4.3,5,190.28896570205688
5178,4.449999999999999,4,190.31455636024475
5179,4.15,6,190.34157371520996
5180,4.449999999999999,4,190.37122297286987
5181,4.3,5,190.4058346748352
5182,3.85,8,190.4489231109619
5183,4.449999999999999,4,190.47899389266968
5184,4.3,5,190.5118978023529
5185,4.449999999999999,4,190.5467710494995
5186,4.75,2,190.57488226890564
5187,3.6999999999999997,9,190.60982370376587
5188,4.0,7,190.64279794692993
5189,4.75,2,190.66550016403198
5190,3.6999999999999997,9,190.70427584648132
5191,4.75,2,190.73751163482666
5192,4.15,6,190.77557039260864
5193,4.449999999999999,4,190.80991005897522
5194,3.85,8,190.8490285873413
5195,4.3,5,190.88225722312927
5196,4.3,5,190.9197235107422
5197,3.25,12,190.96747636795044
5198,4.449999999999999,4,191.00094270706177
5199,3.85,8,191.03617906570435
5200,4.75,2,191.06679248809814
5201,4.6000000000000005,3,191.095388174057
5202,4.449999999999999,4,191.12760210037231
5203,4.75,2,191.15219974517822
5204,-3.7,15,191.1948437690735
5205,3.4,11,191.23555541038513
5206,3.4,11,191.27665853500366
5207,4.449999999999999,4,191.3069908618927
5208,4.449999999999999,4,191.336341381073
5209,4.75,2,191.3660433292389
5210,4.3,5,191.40118312835693
5211,3.85,8,191.59074187278748
5212,4.3,5,191.62413454055786
5213,3.1,13,191.6623568534851
5214,4.449999999999999,4,191.69124913215637
5215,4.3,5,191.72288346290588
5216,4.3,5,191.74846172332764
5217,4.3,5,191.77584791183472
5218,4.75,2,191.80113196372986
5219,3.4,11,191.83818340301514
5220,4.449999999999999,4,191.8691885471344
5221,4.449999999999999,4,191.91047048568726
5222,-3.7,15,191.9689061641693
5223,4.0,7,192.0088975429535
5224,4.75,2,192.03754544258118
5225,4.449999999999999,4,192.06450724601746
5226,3.85,8,192.10254740715027
5227,4.449999999999999,4,192.12995886802673
5228,-3.55,12,192.17576956748962
5229,4.449999999999999,4,192.2070710659027
5230,4.9,1,192.23207092285156
5231,4.6000000000000005,3,192.26611828804016
5232,4.3,5,192.29991054534912
5233,4.15,6,192.33658027648926
5234,4.9,1,192.36001801490784
5235,4.0,7,192.39970922470093
5236,4.75,2,192.42832326889038
5237,4.6000000000000005,3,192.45796465873718
5238,3.55,10,192.4961395263672
5239,-3.15,4,192.52502250671387
5240,4.0,7,192.55801558494568
5241,4.0,7,192.5915288925171
5242,-3.2,5,192.61902737617493
5243,4.449999999999999,4,192.6453676223755
5244,4.3,5,192.6776351928711
5245,3.55,10,192.71707439422607
5246,4.0,7,192.75088834762573
5247,4.9,1,192.77834630012512
5248,4.0,7,192.81812286376953
5249,3.55,10,192.85906195640564
5250,4.15,6,192.88777613639832
5251,4.0,7,192.9197859764099
5252,4.15,6,192.94873142242432
5253,4.6000000000000005,3,192.9728524684906
5254,4.75,2,192.99446821212769
5255,4.3,5,193.02814888954163
5256,4.3,5,193.22179579734802
5257,4.3,5,193.25772619247437
5258,4.449999999999999,4,193.28564977645874
5259,4.15,6,193.32013654708862
5260,4.6000000000000005,3,193.34715175628662
5261,4.6000000000000005,3,193.37432551383972
5262,4.6000000000000005,3,193.4056761264801
5263,4.75,2,193.43308806419373
5264,4.75,2,193.45734167099
5265,4.6000000000000005,3,193.48249530792236
5266,4.3,5,193.51162815093994
5267,4.449999999999999,4,193.54273796081543
5268,4.75,2,193.56730031967163
5269,4.449999999999999,4,193.59402585029602
5270,4.6000000000000005,3,193.62218809127808
5271,4.449999999999999,4,193.652498960495
5272,4.9,1,193.67708492279053
5273,3.25,12,193.71947622299194
5274,4.6000000000000005,3,193.74515891075134
5275,4.449999999999999,4,193.77619886398315
5276,4.15,6,193.8186309337616
5277,3.85,8,193.8564896583557
5278,4.75,2,193.8818941116333
5279,4.15,6,193.91530632972717
5280,-3.65,14,193.95940899848938
5281,4.75,2,193.98822355270386
5282,4.6000000000000005,3,194.01291632652283
5283,4.15,6,194.05147433280945
5284,3.4,11,194.09482884407043
5285,4.75,2,194.12246942520142
5286,4.449999999999999,4,194.15241694450378
5287,-3.3,7,194.1871485710144
5288,4.449999999999999,4,194.2140758037567
5289,4.449999999999999,4,194.24476218223572
5290,3.85,8,194.2798433303833
5291,4.3,5,194.3084785938263
5292,4.449999999999999,4,194.33544325828552
5293,4.449999999999999,4,194.36356329917908
5294,4.0,7,194.39580726623535
5295,-3.6,13,194.43673491477966
5296,4.3,5,194.46212649345398
5297,4.6000000000000005,3,194.4881935119629
5298,4.3,5,194.51627564430237
5299,4.3,5,194.54514718055725
5300,4.15,6,194.57562613487244
5301,4.6000000000000005,3,194.6028413772583
5302,4.6000000000000005,3,194.62628889083862
5303,4.3,5,194.65421509742737
5304,4.3,5,194.68402314186096
5305,4.6000000000000005,3,194.70843315124512
5306,3.55,10,194.74547457695007
5307,4.449999999999999,4,194.77531147003174
5308,4.6000000000000005,3,194.95361018180847
5309,4.6000000000000005,3,194.97633457183838
5310,4.3,5,195.01024651527405
5311,4.3,5,195.0446138381958
5312,4.9,1,195.07482862472534
5313,4.3,5,195.10437989234924
5314,4.15,6,195.1429717540741
5315,3.85,8,195.17452788352966
5316,4.15,6,195.20672845840454
5317,-1.75,15,195.25310063362122
5318,4.9,1,195.28200769424438
5319,4.15,6,195.31988334655762
5320,-3.4,9,195.35542035102844
5321,4.449999999999999,4,195.3843653202057
5322,4.0,7,195.4219560623169
5323,4.6000000000000005,3,195.45504307746887
5324,4.3,5,195.487154006958
5325,3.55,10,195.53305506706238
5326,4.75,2,195.56056141853333
5327,-1.75,15,195.60934853553772
5328,-3.55,12,195.6559271812439
5329,4.3,5,195.69096112251282
5330,4.15,6,195.7367706298828
5331,4.9,1,195.7690725326538
5332,4.6000000000000005,3,195.7950472831726
5333,4.75,2,195.82323789596558
5334,4.6000000000000005,3,195.8518512248993
5335,4.0,7,195.88679146766663
5336,4.3,5,195.91398191452026
5337,4.449999999999999,4,195.94268321990967
5338,4.449999999999999,4,195.96942138671875
5339,4.449999999999999,4,195.99839782714844
5340,3.4,11,196.03747606277466
5341,4.9,1,196.0624120235443
5342,4.15,6,196.09051394462585
5343,4.6000000000000005,3,196.11625266075134
5344,3.55,10,196.15564155578613
5345,-3.6,13,196.1960368156433
5346,4.3,5,196.23473691940308
5347,3.6999999999999997,9,196.26885628700256
5348,4.6000000000000005,3,196.2920548915863
5349,4.75,2,196.3206434249878
5350,4.0,7,196.3572211265564
5351,4.449999999999999,4,196.3849835395813
5352,4.0,7,196.41840505599976
5353,3.6999999999999997,9,196.59726810455322
5354,4.3,5,196.62835383415222
5355,4.449999999999999,4,196.6557433605194
5356,4.449999999999999,4,196.69313263893127
5357,4.3,5,196.72178983688354
5358,4.6000000000000005,3,196.74532341957092
5359,4.15,6,196.78438138961792
5360,3.4,11,196.822185754776
5361,4.0,7,196.85684943199158
5362,4.15,6,196.8897225856781
5363,-3.65,14,196.93547797203064
5364,3.55,10,196.97128200531006
5365,3.6999999999999997,9,197.00614953041077
5366,3.55,10,197.04283928871155
5367,4.3,5,197.07645058631897
5368,4.9,1,197.10632586479187
5369,4.9,1,197.13371992111206
5370,4.15,6,197.17270302772522
5371,4.6000000000000005,3,197.2038459777832
5372,4.3,5,197.23108577728271
5373,3.6999999999999997,9,197.27207207679749
5374,3.55,10,197.3062334060669
5375,4.9,1,197.3324637413025
5376,4.15,6,197.36355471611023
5377,3.85,8,197.39480352401733
5378,4.6000000000000005,3,197.42325830459595
5379,4.75,2,197.44939041137695
5380,4.75,2,197.47403120994568
5381,4.3,5,197.5043375492096
5382,4.75,2,197.52673292160034
5383,4.15,6,197.5611174106598
5384,4.449999999999999,4,197.5885238647461
5385,4.3,5,197.62029790878296
5386,4.15,6,197.6511480808258
5387,4.15,6,197.67833733558655
5388,4.15,6,197.70905303955078
5389,4.449999999999999,4,197.73469257354736
5390,4.449999999999999,4,197.76648473739624
5391,4.6000000000000005,3,197.79422545433044
5392,3.55,10,197.83437275886536
5393,4.6000000000000005,3,197.85920095443726
5394,4.6000000000000005,3,197.88720846176147
5395,-3.3,7,197.91896677017212
5396,4.75,2,197.94439506530762
5397,-3.35,8,197.98336815834045
5398,3.55,10,198.18567299842834
5399,4.6000000000000005,3,198.20871353149414
5400,4.3,5,198.24074602127075
5401,4.449999999999999,4,198.26879286766052
5402,4.3,5,198.302720785141
5403,4.0,7,198.33338284492493
5404,3.85,8,198.36743450164795
5405,4.6000000000000005,3,198.3948781490326
5406,4.15,6,198.42799019813538
5407,4.3,5,198.45813274383545
5408,4.449999999999999,4,198.4874963760376
5409,3.6999999999999997,9,198.5223753452301
5410,4.3,5,198.55728340148926
5411,4.6000000000000005,3,198.58894515037537
5412,4.0,7,198.62215065956116
5413,4.75,2,198.6464605331421
5414,-3.5,11,198.69001984596252
5415,3.4,11,198.732834815979
5416,4.15,6,198.7659695148468
5417,4.75,2,198.7938916683197
5418,4.0,7,198.83179545402527
5419,4.3,5,198.86534309387207
5420,3.4,11,198.90885949134827
5421,4.6000000000000005,3,198.9400656223297
5422,4.449999999999999,4,198.97392416000366
5423,-3.3,7,199.01303625106812
5424,4.75,2,199.04229402542114
5425,-1.75,15,199.08394622802734
5426,4.0,7,199.11605715751648
5427,4.15,6,199.1498739719391
5428,4.449999999999999,4,199.17660570144653
5429,4.6000000000000005,3,199.20332098007202
5430,4.449999999999999,4,199.23258805274963
5431,4.75,2,199.25606036186218
5432,4.3,5,199.2833228111267
5433,3.6999999999999997,9,199.32102155685425
5434,4.75,2,199.34506940841675
5435,4.15,6,199.37406134605408
5436,4.6000000000000005,3,199.4037058353424
5437,4.0,7,199.43785405158997
5438,4.0,7,199.4674048423767
5439,3.85,8,199.4994022846222
5440,4.3,5,199.52905344963074
5441,3.6999999999999997,9,199.56967091560364
5442,4.449999999999999,4,199.59531211853027
5443,4.0,7,199.78311800956726
5444,3.6999999999999997,9,199.81904125213623
5445,4.15,6,199.85091876983643
5446,4.6000000000000005,3,199.87665724754333
5447,4.6000000000000005,3,199.9045810699463
5448,4.0,7,199.93935871124268
5449,4.9,1,199.96293306350708
5450,4.0,7,199.99563336372375
5451,4.449999999999999,4,200.02759265899658
5452,-3.65,14,200.07186675071716
5453,4.449999999999999,4,200.10157537460327
5454,4.0,7,200.1352665424347
5455,4.3,5,200.17370319366455
5456,3.85,8,200.21100878715515
5457,-3.6,13,200.25465321540833
5458,3.6999999999999997,9,200.29058384895325
5459,3.85,8,200.32383918762207
5460,3.25,12,200.36081624031067
5461,4.3,5,200.3937373161316
5462,-3.7,15,200.45705604553223
5463,4.6000000000000005,3,200.48943066596985
5464,3.4,11,200.53602147102356
5465,4.3,5,200.5625958442688
5466,4.15,6,200.5919463634491
5467,4.3,5,200.62398648262024
5468,4.15,6,200.656414270401
5469,4.449999999999999,4,200.6848747730255
5470,4.6000000000000005,3,200.71051597595215
5471,3.25,12,200.74996066093445
5472,4.15,6,200.78195357322693
5473,4.6000000000000005,3,200.80710172653198
5474,-3.6,13,200.84718298912048
5475,4.6000000000000005,3,200.87204027175903
5476,4.449999999999999,4,200.8965208530426
5477,4.75,2,200.92268085479736
5478,4.449999999999999,4,200.95263409614563
5479,4.3,5,200.98536348342896
5480,4.15,6,201.01676964759827
5481,4.449999999999999,4,201.05141258239746
5482,4.15,6,201.0844829082489
5483,4.9,1,201.10957074165344
5484,4.6000000000000005,3,201.2870807647705
5485,3.55,10,201.32073664665222
5486,4.6000000000000005,3,201.3473756313324
5487,4.75,2,201.37537789344788
5488,4.6000000000000005,3,201.40275716781616
5489,4.3,5,201.43038320541382
5490,4.15,6,201.46183013916016
5491,4.15,6,201.4916181564331
5492,3.4,11,201.53683757781982
5493,4.3,5,201.57242441177368
5494,3.4,11,201.61298179626465
5495,-3.6,13,201.65767431259155
5496,4.75,2,201.68333339691162
5497,4.3,5,201.71317863464355
5498,4.449999999999999,4,201.74248552322388
5499,4.15,6,201.77412009239197
5500,4.9,1,201.79847240447998
5501,4.3,5,201.82814836502075
5502,4.15,6,201.85937595367432
5503,4.3,5,201.88941192626953
5504,3.85,8,201.92936062812805
5505,4.449999999999999,4,201.95831203460693
5506,4.449999999999999,4,201.98536491394043
5507,3.6999999999999997,9,202.02360272407532
5508,-3.7,15,202.0736038684845
5509,3.6999999999999997,9,202.1140468120575
5510,4.75,2,202.1424252986908
5511,4.0,7,202.18148636817932
5512,4.75,2,202.20664834976196
5513,4.6000000000000005,3,202.23608326911926
5514,4.449999999999999,4,202.26587986946106
5515,4.3,5,202.2958219051361
5516,4.3,5,202.3254246711731
5517,4.449999999999999,4,202.35503840446472
5518,4.449999999999999,4,202.3870358467102
5519,4.3,5,202.42115592956543
5520,4.75,2,202.44555735588074
5521,3.55,10,202.48328638076782
5522,4.75,2,202.51271557807922
5523,4.449999999999999,4,202.54825806617737
5524,4.75,2,202.57436442375183
5525,4.75,2,202.60069251060486
5526,3.25,12,202.63892269134521
5527,4.3,5,202.67107486724854
5528,-3.55,12,202.71447086334229
5529,4.449999999999999,4,202.90221500396729
5530,4.6000000000000005,3,202.92662286758423
5531,4.6000000000000005,3,202.95695233345032
5532,3.25,12,203.00178408622742
5533,4.15,6,203.02956008911133
5534,4.75,2,203.05593061447144
5535,3.4,11,203.09352779388428
5536,-1.75,15,203.14085459709167
5537,4.0,7,203.18139815330505
5538,4.3,5,203.20975923538208
5539,4.6000000000000005,3,203.23674392700195
5540,4.449999999999999,4,203.26477527618408
5541,4.449999999999999,4,203.29323196411133
5542,4.15,6,203.33525705337524
5543,4.6000000000000005,3,203.36363196372986
5544,3.85,8,203.40163803100586
5545,4.0,7,203.43317246437073
5546,4.6000000000000005,3,203.4613060951233
5547,4.6000000000000005,3,203.4903266429901
5548,3.6999999999999997,9,203.52539682388306
5549,3.85,8,203.56081461906433
5550,4.75,2,203.59003925323486
5551,-1.75,15,203.63617968559265
5552,4.449999999999999,4,203.66635012626648
5553,4.0,7,203.69809293746948
5554,4.15,6,203.73536467552185
5555,4.75,2,203.7601990699768
5556,4.6000000000000005,3,203.7902421951294
5557,4.3,5,203.81968665122986
5558,4.449999999999999,4,203.85020446777344
5559,-3.7,15,203.89164352416992
5560,4.9,1,203.9145815372467
5561,4.15,6,203.9435977935791
5562,3.85,8,203.97874307632446
5563,4.15,6,204.00965285301208
5564,4.3,5,204.04120540618896
5565,4.6000000000000005,3,204.0705635547638
5566,3.55,10,204.10905933380127
5567,-1.75,15,204.15650272369385
5568,4.6000000000000005,3,204.18273520469666
5569,4.15,6,204.21538496017456
5570,4.15,6,204.2447657585144
5571,4.15,6,204.41918969154358
5572,4.3,5,204.44735264778137
5573,-3.15,4,204.47739577293396
5574,4.15,6,204.50596261024475
5575,4.75,2,204.52809119224548
5576,-3.3,7,204.55980324745178
5577,-3.6,13,204.60203981399536
5578,4.6000000000000005,3,204.63050293922424
5579,4.449999999999999,4,204.65552735328674
5580,-3.45,10,204.69419980049133
5581,-3.35,8,204.72751593589783
5582,4.6000000000000005,3,204.7608437538147
5583,4.6000000000000005,3,204.78921127319336
5584,4.6000000000000005,3,204.81437134742737
5585,3.55,10,204.85463571548462
5586,4.9,1,204.87708616256714
5587,4.3,5,204.91459441184998
5588,4.15,6,204.9523937702179
5589,-3.5,11,204.99760627746582
5590,3.85,8,205.0357038974762
5591,4.3,5,205.06483554840088
5592,4.449999999999999,4,205.09558415412903
5593,4.3,5,205.13555669784546
5594,4.15,6,205.17249965667725
5595,3.55,10,205.220703125
5596,-3.4,9,205.26083707809448
5597,4.15,6,205.29750394821167
5598,4.15,6,205.3266110420227
5599,4.75,2,205.35597801208496
5600,4.449999999999999,4,205.39108848571777
5601,4.75,2,205.41920161247253
5602,4.6000000000000005,3,205.4507987499237
5603,4.6000000000000005,3,205.47660613059998
5604,4.75,2,205.5047435760498
5605,4.6000000000000005,3,205.53548097610474
5606,-3.35,8,205.57129383087158
5607,4.75,2,205.59924960136414
5608,3.85,8,205.6448266506195
5609,4.449999999999999,4,205.67550230026245
5610,4.75,2,205.705579996109
5611,4.6000000000000005,3,205.7346704006195
5612,4.6000000000000005,3,205.76093983650208
5613,4.15,6,205.79268527030945
5614,3.6999999999999997,9,205.83483719825745
5615,4.75,2,205.8585546016693
5616,4.75,2,205.88568377494812
5617,3.4,11,205.92736744880676
5618,4.6000000000000005,3,205.95512676239014
5619,4.449999999999999,4,205.98245477676392
5620,-3.5,11,206.18148016929626
5621,4.6000000000000005,3,206.21531629562378
5622,4.15,6,206.24968647956848
5623,3.6999999999999997,9,206.28591465950012
5624,4.449999999999999,4,206.31501126289368
5625,4.449999999999999,4,206.3447253704071
5626,4.9,1,206.36798453330994
5627,4.75,2,206.3958752155304
5628,4.449999999999999,4,206.42865204811096
5629,4.3,5,206.4630103111267
5630,4.6000000000000005,3,206.49715852737427
5631,4.6000000000000005,3,206.53400778770447
5632,4.0,7,206.56998348236084
5633,3.55,10,206.6203851699829
5634,4.0,7,206.66328239440918
5635,4.6000000000000005,3,206.69424080848694
5636,4.3,5,206.73152685165405
5637,3.6999999999999997,9,206.77248978614807
5638,4.9,1,206.79975509643555
5639,4.3,5,206.83579277992249
5640,4.449999999999999,4,206.8683159351349
5641,-3.35,8,206.90269327163696
5642,4.75,2,206.93269681930542
5643,4.75,2,206.96046137809753
5644,4.6000000000000005,3,206.99400115013123
5645,3.4,11,207.03847289085388
5646,4.3,5,207.07412219047546
5647,4.6000000000000005,3,207.10425090789795
5648,4.3,5,207.14592027664185
5649,-3.35,8,207.19687938690186
5650,4.0,7,207.24202585220337
5651,4.75,2,207.2738106250763
5652,3.85,8,207.31233716011047
5653,3.85,8,207.34994626045227
5654,4.75,2,207.38179564476013
5655,4.6000000000000005,3,207.41790676116943
5656,4.449999999999999,4,207.4536952972412
5657,4.15,6,207.49108242988586
5658,3.85,8,207.5368161201477
5659,4.15,6,207.58617091178894
5660,4.15,6,207.62874507904053
5661,3.25,12,207.67367839813232
5662,4.449999999999999,4,207.70656442642212
5663,4.449999999999999,4,207.73253870010376
5664,4.75,2,207.75923323631287
5665,4.449999999999999,4,207.78751730918884
5666,4.75,2,207.81541109085083
5667,4.449999999999999,4,207.8507685661316
5668,4.449999999999999,4,207.88598895072937
5669,4.6000000000000005,3,207.92310404777527
5670,4.6000000000000005,3,207.95547103881836
5671,4.15,6,208.16378617286682
5672,4.6000000000000005,3,208.1912567615509
5673,4.15,6,208.22440600395203
5674,4.6000000000000005,3,208.2541446685791
5675,4.15,6,208.28857922554016
5676,4.3,5,208.31856560707092
5677,4.15,6,208.35931634902954
5678,3.85,8,208.39513874053955
5679,3.6999999999999997,9,208.43601751327515
5680,4.449999999999999,4,208.46963381767273
5681,3.6999999999999997,9,208.51090478897095
5682,4.449999999999999,4,208.54614901542664
5683,4.9,1,208.5710597038269
5684,3.6999999999999997,9,208.60925722122192
5685,-1.75,15,208.65293955802917
5686,4.15,6,208.68881511688232
5687,4.449999999999999,4,208.71863985061646
5688,3.85,8,208.7576687335968
5689,2.9499999999999997,14,208.80867433547974
5690,4.0,7,208.8507137298584
5691,3.4,11,208.89643263816833
5692,4.75,2,208.92361879348755
5693,4.0,7,208.97150087356567
5694,4.449999999999999,4,209.00319838523865
5695,4.15,6,209.0358817577362
5696,4.0,7,209.07003498077393
5697,4.6000000000000005,3,209.09976267814636
5698,4.75,2,209.1253845691681
5699,3.85,8,209.16253232955933
5700,4.15,6,209.19525146484375
5701,4.6000000000000005,3,209.2249665260315
5702,4.6000000000000005,3,209.25274348258972
5703,4.0,7,209.2864019870758
5704,4.3,5,209.31542992591858
5705,4.15,6,209.34425234794617
5706,4.449999999999999,4,209.37283444404602
5707,3.6999999999999997,9,209.40877962112427
5708,4.3,5,209.4383316040039
5709,4.75,2,209.46737360954285
5710,4.449999999999999,4,209.49795269966125
5711,4.75,2,209.52209568023682
5712,4.449999999999999,4,209.55104398727417
5713,3.55,10,209.5965690612793
5714,4.15,6,209.629328250885
5715,4.3,5,209.85059666633606
5716,4.9,1,209.8782548904419
5717,4.15,6,209.91599297523499
5718,3.4,11,209.96389317512512
5719,3.4,11,210.0078947544098
5720,4.75,2,210.03405857086182
5721,-3.45,10,210.08225989341736
5722,3.85,8,210.1229588985443
5723,4.9,1,210.15155291557312
5724,4.75,2,210.17524361610413
5725,4.449999999999999,4,210.2062690258026
5726,-1.75,15,210.25831604003906
5727,4.6000000000000005,3,210.288024187088
5728,4.6000000000000005,3,210.3142168521881
5729,4.449999999999999,4,210.33944845199585
5730,3.6999999999999997,9,210.37539291381836
5731,4.75,2,210.39902091026306
5732,4.75,2,210.4236490726471
5733,4.6000000000000005,3,210.45251417160034
5734,-3.65,14,210.49476099014282
5735,4.0,7,210.52748656272888
5736,4.75,2,210.55318641662598
5737,4.449999999999999,4,210.58172416687012
5738,-3.25,6,210.61310482025146
5739,3.85,8,210.65241813659668
5740,4.0,7,210.6870584487915
5741,4.15,6,210.72974848747253
5742,3.55,10,210.7714924812317
5743,-3.6,13,210.8154296875
5744,4.449999999999999,4,210.85040664672852
5745,4.75,2,210.8729498386383
5746,4.3,5,210.9025912284851
5747,3.85,8,210.94413137435913
5748,4.75,2,210.9746823310852
5749,-3.55,12,211.02366542816162
5750,4.15,6,211.05340695381165
5751,3.6999999999999997,9,211.08980131149292
5752,4.449999999999999,4,211.11590433120728
5753,-3.65,14,211.15946507453918
5754,4.3,5,211.1927571296692
5755,4.75,2,211.2175178527832
5756,4.449999999999999,4,211.24799013137817
5757,4.449999999999999,4,211.43257093429565
5758,4.0,7,211.47004866600037
5759,-1.75,15,211.51977229118347
5760,3.55,10,211.55648612976074
5761,3.85,8,211.59307265281677
5762,4.3,5,211.62891364097595
5763,4.6000000000000005,3,211.65925979614258
5764,4.0,7,211.69303011894226
5765,4.9,1,211.7177939414978
5766,4.6000000000000005,3,211.74451208114624
5767,4.3,5,211.77639198303223
5768,4.6000000000000005,3,211.80435347557068
5769,3.6999999999999997,9,211.8395233154297
5770,4.15,6,211.86712765693665
5771,4.449999999999999,4,211.89079403877258
5772,4.15,6,211.9190068244934
5773,3.6999999999999997,9,211.9530417919159
5774,4.449999999999999,4,211.98090863227844
5775,4.6000000000000005,3,212.00879502296448
5776,4.3,5,212.04332828521729
5777,4.6000000000000005,3,212.0724024772644
5778,4.75,2,212.10500073432922
5779,3.55,10,212.14317750930786
5780,4.15,6,212.17630672454834
5781,3.4,11,212.21735191345215
5782,4.0,7,212.25376081466675
5783,4.75,2,212.27801275253296
5784,4.3,5,212.3125810623169
5785,4.75,2,212.34486484527588
5786,4.6000000000000005,3,212.37420129776
5787,4.6000000000000005,3,212.40250444412231
5788,4.6000000000000005,3,212.42806148529053
5789,4.75,2,212.4565989971161
5790,4.6000000000000005,3,212.48276662826538
5791,3.85,8,212.5144202709198
5792,4.75,2,212.53970313072205
5793,3.85,8,212.57212829589844
5794,3.85,8,212.60579109191895
5795,4.449999999999999,4,212.63295149803162
5796,4.0,7,212.66871976852417
5797,4.0,7,212.70226216316223
5798,4.75,2,212.72607827186584
5799,-1.75,15,212.78297519683838
5800,4.6000000000000005,3,212.81315326690674
5801,4.6000000000000005,3,212.8426902294159
5802,-3.5,11,213.04355144500732
5803,-3.55,12,213.08327460289001
5804,4.15,6,213.1148076057434
5805,4.75,2,213.141934633255
5806,4.449999999999999,4,213.17802548408508
5807,4.449999999999999,4,213.20877599716187
5808,4.75,2,213.2364444732666
5809,4.75,2,213.25877928733826
5810,3.55,10,213.29940128326416
5811,4.15,6,213.3284134864807
5812,4.75,2,213.35267782211304
5813,-3.45,10,213.3871169090271
5814,3.85,8,213.42345809936523
5815,4.0,7,213.4596176147461
5816,3.55,10,213.49766206741333
5817,-3.1,3,213.5331802368164
5818,4.75,2,213.55884504318237
5819,4.75,2,213.58850479125977
5820,4.0,7,213.623526096344
5821,3.85,8,213.65621757507324
5822,4.6000000000000005,3,213.68586468696594
5823,4.3,5,213.72114515304565
5824,4.6000000000000005,3,213.7524130344391
5825,4.3,5,213.78151559829712
5826,4.9,1,213.80686783790588
5827,4.6000000000000005,3,213.83788561820984
5828,4.15,6,213.87005972862244
5829,4.3,5,213.89947724342346
5830,4.6000000000000005,3,213.92641162872314
5831,4.75,2,213.95021963119507
5832,-3.45,10,213.99190521240234
5833,4.6000000000000005,3,214.01925420761108
5834,4.449999999999999,4,214.04693508148193
5835,3.25,12,214.08588123321533
5836,4.6000000000000005,3,214.10999393463135
5837,4.449999999999999,4,214.13765478134155
5838,4.449999999999999,4,214.16356539726257
5839,4.6000000000000005,3,214.1899676322937
5840,4.6000000000000005,3,214.21724247932434
5841,4.449999999999999,4,214.24459266662598
5842,4.6000000000000005,3,214.272803068161
5843,-3.45,10,214.3100414276123
5844,4.449999999999999,4,214.34049463272095
5845,3.6999999999999997,9,214.37606525421143
5846,4.3,5,214.40675616264343
5847,4.3,5,214.43506026268005
5848,4.6000000000000005,3,214.4596607685089
5849,4.15,6,214.49007534980774
5850,4.3,5,214.52080607414246
5851,4.15,6,214.5537464618683
5852,4.9,1,214.58468532562256
5853,4.6000000000000005,3,214.6144540309906
