#{"t_start": 1787939466.2566, "env_id": "None"}
r,l,t
-3.0,1,0.033095
-3.0,1,0.055214
-3.0,1,0.077441
-3.4,9,0.120011
-3.2,5,0.150522
2.95,14,0.195473
4.6,3,0.223863
-3.0,1,0.248154
-3.05,2,0.277363
4.45,4,0.305055
3.55,10,0.345661
-3.1,3,0.374557
-3.2,5,0.407352
-3.1,3,0.43514
-3.0,1,0.461093
-3.05,2,0.497455
-3.35,8,0.534364
-3.3,7,0.565382
-3.0,1,0.586842
-3.1,3,0.613653
-1.75,15,0.670427
4.75,2,0.696033
3.1,13,0.738789
-3.15,4,0.770006
4.3,5,0.797138
-3.4,9,0.833179
-3.0,1,0.859651
-3.15,4,0.897476
4.0,7,0.93729
-3.05,2,0.9668
4.6,3,0.993392
4.0,7,1.029298
-3.0,1,1.049871
-3.0,1,1.07517
-3.0,1,1.10023
-3.25,6,1.130538
-3.15,4,1.160672
-3.2,5,1.19551
-3.2,5,1.227703
-3.0,1,1.25334
-3.15,4,1.285107
4.15,6,1.316149
-3.05,2,1.344163
4.0,7,1.378241
2.95,14,1.424968
-3.4,9,1.459436
-3.2,5,1.488438
-3.05,2,1.513779
3.85,8,1.548631
-3.0,1,1.579417
-3.1,3,1.612771
-3.15,4,1.637853
-3.05,2,1.664246
-3.05,2,1.688297
-3.1,3,1.718776
4.15,6,1.91714
-3.0,1,1.942614
-3.2,5,1.97103
-3.15,4,1.997316
4.75,2,2.022642
-3.0,1,2.044927
3.25,12,2.085178
-3.35,8,2.12151
4.6,3,2.150412
4.75,2,2.174619
-3.3,7,2.205065
4.6,3,2.234723
-3.5,11,2.274985
4.9,1,2.300346
-3.4,9,2.341587
-3.05,2,2.364788
-3.1,3,2.390749
-3.15,4,2.418924
-3.0,1,2.447834
-3.45,10,2.486488
-3.0,1,2.515246
-3.0,1,2.541734
-3.05,2,2.567116
-3.05,2,2.595329
3.4,11,2.636788
4.6,3,2.665714
-3.1,3,2.694434
-3.35,8,2.732712
-3.4,9,2.775403
-3.1,3,2.801289
4.9,1,2.828258
-3.6,13,2.871515
4.45,4,2.901273
-3.25,6,2.939916
4.6,3,2.969814
-3.15,4,2.997055
-3.3,7,3.031893
-3.25,6,3.060677
4.75,2,3.083788
-3.05,2,3.110529
-1.75,15,3.165156
-3.15,4,3.195951
4.3,5,3.224264
-3.0,1,3.247389
4.0,7,3.278151
-3.15,4,3.304937
-3.05,2,3.329715
-3.35,8,3.364946
-3.45,10,3.410391
-3.0,1,3.444333
4.6,3,3.469879
-3.05,2,3.496701
-3.05,2,3.524249
-3.0,1,3.54799
-3.25,6,3.581156
-3.1,3,3.610383
-3.0,1,3.771278
4.6,3,3.797306
-3.35,8,3.831995
3.85,8,3.864956
-3.1,3,3.88831
-3.1,3,3.91457
-3.1,3,3.940534
-3.0,1,3.964846
4.6,3,3.99162
-3.15,4,4.01671
-3.1,3,4.042977
-1.75,15,4.088461
-3.05,2,4.115416
3.7,9,4.164263
-3.0,1,4.194472
-3.0,1,4.223391
-3.5,11,4.269349
-3.3,7,4.302972
-3.2,5,4.332123
-3.2,5,4.364617
-3.0,1,4.386748
-3.1,3,4.416353
4.6,3,4.447063
-3.35,8,4.486716
-3.3,7,4.520306
-3.25,6,4.552824
-3.05,2,4.580333
-3.0,1,4.60588
-3.05,2,4.63425
4.3,5,4.677563
-3.45,10,4.722373
-3.0,1,4.756974
-3.15,4,4.783167
-3.0,1,4.808549
-3.0,1,4.831908
3.7,9,4.868253
-3.05,2,4.894698
-3.1,3,4.917774
-3.05,2,4.942047
-3.0,1,4.972486
-3.25,6,5.002831
-3.0,1,5.025492
4.75,2,5.049908
-3.05,2,5.072215
-1.75,15,5.114401
-3.0,1,5.134963
-3.5,11,5.176667
-3.2,5,5.203199
-3.0,1,5.229335
-3.25,6,5.258937
-3.35,8,5.294922
-3.0,1,5.317889
-3.1,3,5.345474
-3.2,5,5.377281
4.75,2,5.404683
-3.4,9,5.441787
4.45,4,5.470295
-3.0,1,5.497582
-3.05,2,5.52194
-3.0,1,5.546619
-3.0,1,5.575773
4.6,3,5.775232
4.45,4,5.807589
4.45,4,5.836708
4.45,4,5.869782
4.9,1,5.898269
-3.05,2,5.926523
4.3,5,5.959711
-3.0,1,5.983726
4.6,3,6.011508
-3.05,2,6.035562
-3.0,1,6.05811
4.15,6,6.087379
-3.1,3,6.113953
4.45,4,6.143706
4.15,6,6.177197
4.45,4,6.213679
-3.0,1,6.238834
-3.4,9,6.276649
-3.05,2,6.302255
4.45,4,6.330103
-3.0,1,6.352549
-3.05,2,6.378474
-3.0,1,6.398346
-3.3,7,6.431937
-3.05,2,6.458878
-3.0,1,6.479912
-3.1,3,6.504788
-3.05,2,6.531288
-3.0,1,6.556062
-3.0,1,6.58013
4.6,3,6.616377
-3.1,3,6.646015
-3.0,1,6.672232
-3.05,2,6.70032
-3.05,2,6.727664
-3.0,1,6.750389
-3.3,7,6.781298
-3.0,1,6.804856
-3.15,4,6.835525
-3.05,2,6.862918
-3.15,4,6.887511
4.15,6,6.92294
-3.3,7,6.954165
-3.15,4,6.981682
-3.0,1,7.00254
-3.15,4,7.030706
4.75,2,7.062435
-3.0,1,7.082754
4.75,2,7.106485
-3.0,1,7.12986
4.45,4,7.15584
-3.05,2,7.177925
4.6,3,7.205454
-3.05,2,7.22904
-3.0,1,7.251165
4.45,4,7.285658
4.9,1,7.313346
3.4,11,7.353487
-3.0,1,7.37976
-3.15,4,7.406929
-3.05,2,7.434139
-3.0,1,7.461658
-3.05,2,7.485387
-3.0,1,7.508726
-1.75,15,7.554808
-3.0,1,7.580201
4.3,5,7.610805
3.7,9,7.646076
3.4,11,7.684228
-3.0,1,7.70579
-3.0,1,7.730466
-3.25,6,7.762421
4.45,4,7.789434
-3.05,2,7.815743
-3.1,3,7.844329
-3.05,2,7.868327
-1.75,15,8.065587
-3.2,5,8.091623
3.7,9,8.125973
-3.3,7,8.156775
4.15,6,8.184461
-3.15,4,8.209997
-3.05,2,8.232794
4.45,4,8.263647
-3.1,3,8.289261
-3.1,3,8.318251
-3.0,1,8.338318
4.45,4,8.367984
-3.15,4,8.396471
-3.0,1,8.420434
-3.1,3,8.450298
-3.0,1,8.472347
-3.05,2,8.494864
-3.25,6,8.521883
-3.65,14,8.564582
-3.3,7,8.596131
4.6,3,8.619693
4.75,2,8.64875
-3.15,4,8.679544
3.25,12,8.72465
-3.1,3,8.755343
-3.15,4,8.790489
-3.6,13,8.836099
-3.05,2,8.862952
3.55,10,8.911396
4.3,5,8.949354
-3.35,8,8.99226
-3.1,3,9.019148
-3.05,2,9.047745
4.45,4,9.081714
4.15,6,9.116359
-3.0,1,9.144434
-3.25,6,9.176558
-3.35,8,9.215016
4.45,4,9.243699
-3.05,2,9.272913
-3.05,2,9.303549
-3.1,3,9.332234
-3.05,2,9.357795
-3.05,2,9.380473
4.0,7,9.413548
4.45,4,9.439452
3.4,11,9.478595
-3.05,2,9.502193
-3.05,2,9.523939
-3.25,6,9.560526
-3.15,4,9.586668
-3.5,11,9.624885
-3.1,3,9.649914
-3.05,2,9.673833
-3.35,8,9.862217
-3.1,3,9.886398
4.75,2,9.912878
4.45,4,9.941251
-3.05,2,9.969876
-3.05,2,9.994439
4.15,6,10.024634
4.3,5,10.059985
-3.05,2,10.083274
3.1,13,10.122644
-3.05,2,10.148601
-3.1,3,10.173562
4.45,4,10.200532
4.45,4,10.227202
-3.0,1,10.249755
3.7,9,10.288365
4.9,1,10.322421
-3.35,8,10.36461
-3.2,5,10.397074
4.9,1,10.421673
-3.25,6,10.455809
-3.35,8,10.496027
-3.0,1,10.521107
-3.5,11,10.564245
-3.65,14,10.610954
3.4,11,10.649874
4.45,4,10.67842
3.25,12,10.720366
-3.4,9,10.754975
4.6,3,10.783322
4.0,7,10.821823
-3.15,4,10.852578
-3.0,1,10.876817
-3.05,2,10.902913
3.85,8,10.947534
-3.25,6,10.977475
-3.35,8,11.00949
-3.05,2,11.031335
3.85,8,11.064256
-3.1,3,11.091494
3.85,8,11.124817
-3.0,1,11.145563
-3.0,1,11.168096
3.55,10,11.204563
3.1,13,11.252529
4.3,5,11.283699
-3.15,4,11.314144
4.75,2,11.336869
-3.6,13,11.542063
4.75,2,11.564241
-3.25,6,11.593809
-3.05,2,11.618013
4.6,3,11.643557
4.75,2,11.670783
-3.0,1,11.693423
4.45,4,11.720373
-3.0,1,11.743684
3.7,9,11.777123
-1.75,15,11.81838
-3.2,5,11.847137
4.75,2,11.873884
4.0,7,11.907311
-3.45,10,11.944841
-3.25,6,11.97878
-3.0,1,12.001706
-3.05,2,12.029883
-3.2,5,12.058888
3.55,10,12.097065
-3.05,2,12.126114
-3.1,3,12.1522
-3.15,4,12.181355
4.45,4,12.211508
-3.2,5,12.245159
-3.2,5,12.275279
4.3,5,12.307973
-3.35,8,12.343534
3.4,11,12.390146
-3.05,2,12.419058
4.6,3,12.456027
-3.0,1,12.486787
-3.1,3,12.516765
-3.05,2,12.550671
-3.7,15,12.595545
4.45,4,12.622247
-3.25,6,12.651201
-3.1,3,12.682435
3.85,8,12.717583
-3.05,2,12.743863
3.4,11,12.78218
4.45,4,12.811467
-3.3,7,12.844484
-1.75,15,12.887897
-3.05,2,12.915772
-3.2,5,12.948096
-3.0,1,12.972141
-3.3,7,13.000752
-3.05,2,13.026035
-3.05,2,13.195783
-3.05,2,13.223792
4.3,5,13.253323
4.15,6,13.285452
-3.1,3,13.313471
4.45,4,13.346944
4.15,6,13.380142
4.3,5,13.40929
-3.7,15,13.454244
-3.0,1,13.478928
-3.7,15,13.523322
4.9,1,13.545922
4.3,5,13.57768
3.4,11,13.621294
4.0,7,13.659219
4.45,4,13.700334
-3.05,2,13.732321
-3.1,3,13.763338
4.6,3,13.791076
4.6,3,13.816139
-3.3,7,13.848826
-3.7,15,13.893111
-3.1,3,13.917161
-3.1,3,13.948945
4.15,6,13.984363
-1.75,15,14.026115
4.0,7,14.05881
-3.15,4,14.087895
3.55,10,14.124753
-1.75,15,14.16842
4.3,5,14.200092
-1.75,15,14.246594
2.95,14,14.29032
-3.0,1,14.312282
4.3,5,14.342628
-3.3,7,14.374116
-3.15,4,14.404552
4.15,6,14.441281
-1.75,15,14.635164
-1.75,15,14.685241
-3.0,1,14.712716
4.3,5,14.744518
4.3,5,14.776148
3.7,9,14.817215
4.3,5,14.848849
-3.35,8,14.884987
-1.75,15,14.927733
4.15,6,14.957196
4.75,2,14.986706
4.15,6,15.019798
3.55,10,15.053574
-1.75,15,15.102028
4.75,2,15.129778
4.0,7,15.165465
3.85,8,15.204491
-1.75,15,15.264298
4.45,4,15.296228
-1.75,15,15.35457
4.6,3,15.387354
4.9,1,15.410372
4.3,5,15.441238
4.3,5,15.468572
-3.3,7,15.506697
-1.75,15,15.561472
4.0,7,15.603503
-1.75,15,15.655587
3.55,10,15.699515
-3.3,7,15.734781
-3.4,9,15.780545
-3.45,10,15.821381
-3.5,11,16.025671
3.85,8,16.06094
4.0,7,16.093666
3.85,8,16.128852
-3.25,6,16.164385
-3.15,4,16.192091
4.15,6,16.226736
-3.55,12,16.265363
-3.3,7,16.297609
4.3,5,16.327885
-3.4,9,16.369454
-3.2,5,16.401321
4.0,7,16.436538
-3.4,9,16.47307
4.6,3,16.500588
-3.2,5,16.530189
-1.75,15,16.57899
-3.05,2,16.609942
4.45,4,16.643403
4.45,4,16.67476
-1.75,15,16.727505
4.3,5,16.760168
4.0,7,16.801451
-3.1,3,16.827722
4.6,3,16.863589
4.0,7,16.901466
3.4,11,16.94376
-1.75,15,16.998533
3.1,13,17.044782
-3.2,5,17.080348
4.3,5,17.116921
-3.3,7,17.14894
-3.45,10,17.18514
-3.25,6,17.218289
-3.0,1,17.240337
-3.1,3,17.273635
3.7,9,17.307042
-3.15,4,17.473558
4.6,3,17.503519
4.3,5,17.538463
-3.4,9,17.574732
3.85,8,17.61188
-3.15,4,17.640657
-3.2,5,17.667493
3.25,12,17.709824
-1.75,15,17.75612
4.6,3,17.783
-1.75,15,17.82847
3.85,8,17.862426
4.6,3,17.89304
4.75,2,17.918254
4.3,5,17.948646
3.7,9,17.981321
4.45,4,18.015092
4.6,3,18.042355
3.55,10,18.078277
4.0,7,18.111941
3.25,12,18.152908
4.9,1,18.178269
4.0,7,18.210865
-3.5,11,18.250264
-3.05,2,18.273831
4.6,3,18.299922
4.45,4,18.332637
3.7,9,18.423392
3.4,11,18.49507
4.15,6,18.543505
4.15,6,18.592231
-1.75,15,18.646816
4.45,4,18.678579
-3.3,7,18.718816
4.6,3,18.747181
-1.75,15,18.795368
-3.0,1,18.822694
3.4,11,19.025044
4.15,6,19.055625
3.85,8,19.092727
-1.75,15,19.142897
-3.4,9,19.180774
-1.75,15,19.230118
-3.15,4,19.263125
-3.3,7,19.293069
-1.75,15,19.346558
3.85,8,19.379081
3.55,10,19.417522
4.9,1,19.440551
4.45,4,19.467301
-3.15,4,19.498164
4.6,3,19.526865
-3.05,2,19.550138
-3.05,2,19.57558
-3.15,4,19.603279
4.15,6,19.634077
3.55,10,19.675219
-3.55,12,19.727486
3.55,10,19.765583
-3.3,7,19.802854
4.45,4,19.834077
4.15,6,19.864095
3.85,8,19.898763
-3.3,7,19.933286
-3.7,15,19.979129
-3.15,4,20.011599
4.45,4,20.0397
3.85,8,20.073528
-1.75,15,20.125964
4.0,7,20.162064
4.6,3,20.190029
4.3,5,20.221858
-3.2,5,20.414484
4.75,2,20.438043
-3.5,11,20.481499
4.15,6,20.522834
4.6,3,20.549485
3.1,13,20.592276
4.15,6,20.626551
4.45,4,20.658378
4.3,5,20.685958
-1.75,15,20.732981
4.15,6,20.765992
4.15,6,20.796146
-3.05,2,20.826555
4.0,7,20.862916
-3.55,12,20.905889
4.75,2,20.932295
3.85,8,20.966332
-3.4,9,21.00491
-3.4,9,21.03688
4.6,3,21.062034
4.3,5,21.093906
4.45,4,21.124992
4.15,6,21.158618
-3.0,1,21.18268
-3.35,8,21.217072
4.6,3,21.245504
4.15,6,21.28795
2.95,14,21.331997
4.45,4,21.363004
3.7,9,21.398872
4.0,7,21.431754
-3.3,7,21.46447
4.45,4,21.494603
4.15,6,21.536505
-3.05,2,21.570573
4.15,6,21.601973
3.55,10,21.642298
4.45,4,21.668758
4.3,5,21.705881
4.0,7,21.743927
4.45,4,21.772012
-3.55,12,21.973627
4.6,3,21.999928
4.45,4,22.027241
-3.25,6,22.066027
-3.5,11,22.109024
3.85,8,22.14183
-1.75,15,22.188542
3.85,8,22.232455
-3.45,10,22.270597
4.45,4,22.299721
3.55,10,22.346708
-1.75,15,22.399982
-3.4,9,22.436814
-3.1,3,22.467353
3.85,8,22.503114
-3.35,8,22.539122
4.45,4,22.569804
4.45,4,22.599732
3.1,13,22.650858
4.15,6,22.691267
3.85,8,22.725265
4.0,7,22.754221
4.45,4,22.783066
3.1,13,22.826033
4.15,6,22.856737
-3.45,10,22.892872
3.1,13,22.93554
-3.2,5,22.964514
4.0,7,23.000546
4.6,3,23.026886
3.7,9,23.060269
4.6,3,23.089108
4.0,7,23.126862
4.75,2,23.156938
3.25,12,23.381101
-1.75,15,23.429432
4.9,1,23.455405
-3.25,6,23.48739
-1.75,15,23.536882
-3.4,9,23.578825
3.55,10,23.622267
4.6,3,23.649159
4.6,3,23.676305
-3.25,6,23.704396
-3.45,10,23.743861
4.3,5,23.775838
4.6,3,23.79934
4.6,3,23.824522
-3.45,10,23.857264
4.0,7,23.889217
3.85,8,23.92222
-3.5,11,23.960246
4.6,3,23.985283
-1.75,15,24.029194
4.3,5,24.056817
-1.75,15,24.103429
3.4,11,24.140049
-1.75,15,24.181352
4.15,6,24.211373
4.75,2,24.237091
4.0,7,24.267164
4.75,2,24.293325
-3.35,8,24.329976
4.45,4,24.358525
4.45,4,24.384026
4.6,3,24.411896
4.0,7,24.444988
-1.75,15,24.629138
-1.75,15,24.676514
3.7,9,24.714752
3.55,10,24.758139
-1.75,15,24.806771
4.45,4,24.839058
-1.75,15,24.88816
4.0,7,24.923229
4.9,1,24.947627
4.15,6,24.980879
4.6,3,25.008036
4.3,5,25.039094
4.75,2,25.065983
4.15,6,25.096768
4.6,3,25.123581
-1.75,15,25.17426
-1.75,15,25.224316
3.55,10,25.268888
-3.1,3,25.295176
3.25,12,25.336466
4.3,5,25.365355
4.9,1,25.390921
4.3,5,25.41573
4.6,3,25.44791
4.45,4,25.475641
-3.7,15,25.523038
3.25,12,25.564137
3.4,11,25.610757
4.15,6,25.654565
4.3,5,25.68548
4.45,4,25.713858
-3.25,6,25.744167
2.95,14,25.795176
3.4,11,25.997109
-3.2,5,26.023367
4.0,7,26.053692
4.6,3,26.080135
4.45,4,26.106939
3.4,11,26.146983
3.7,9,26.186975
-1.75,15,26.232409
-3.65,14,26.288941
3.85,8,26.327513
4.3,5,26.366583
4.75,2,26.392698
4.15,6,26.425928
4.75,2,26.450474
4.45,4,26.481708
4.15,6,26.516279
3.25,12,26.56243
3.4,11,26.605547
4.75,2,26.63413
-1.75,15,26.684387
-1.75,15,26.734089
-1.75,15,26.77783
-1.75,15,26.826663
-3.0,1,26.852203
4.3,5,26.892539
4.6,3,26.919083
3.55,10,26.963015
4.6,3,26.99223
4.0,7,27.021165
3.85,8,27.05305
4.15,6,27.084467
3.4,11,27.122353
-3.6,13,27.312357
4.15,6,27.348739
3.4,11,27.392221
-1.75,15,27.432747
4.6,3,27.461695
4.45,4,27.485705
4.75,2,27.509995
4.0,7,27.544152
-3.15,4,27.576
4.15,6,27.610571
4.0,7,27.642821
3.25,12,27.684224
3.7,9,27.722686
-1.75,15,27.762645
4.3,5,27.793521
4.45,4,27.824707
3.4,11,27.867789
4.45,4,27.898322
-1.75,15,27.954479
-1.75,15,28.010564
4.45,4,28.044809
-3.15,4,28.074729
4.15,6,28.107292
-1.75,15,28.156922
-3.15,4,28.18224
3.55,10,28.221021
3.55,10,28.258764
3.4,11,28.297868
-3.15,4,28.33041
4.6,3,28.36018
4.45,4,28.388834
4.0,7,28.4267
4.75,2,28.454903
3.25,12,28.493171
-1.75,15,28.677436
4.75,2,28.706836
4.0,7,28.735725
4.15,6,28.765257
4.6,3,28.791919
-1.75,15,28.831704
4.6,3,28.863003
3.7,9,28.898916
4.3,5,28.931621
-3.6,13,28.980202
-1.75,15,29.024107
4.6,3,29.048193
-1.75,15,29.09893
4.6,3,29.122517
3.55,10,29.162142
4.6,3,29.189459
-3.5,11,29.237603
-3.7,15,29.285457
4.45,4,29.31222
-3.6,13,29.361476
4.6,3,29.392367
4.45,4,29.424356
-3.55,12,29.466291
3.4,11,29.506754
3.85,8,29.542924
4.75,2,29.567834
3.7,9,29.606538
4.75,2,29.629678
4.3,5,29.660553
3.85,8,29.698937
-1.75,15,29.755051
3.85,8,29.791042
-3.65,14,29.974783
4.6,3,30.00282
4.6,3,30.027752
4.3,5,30.054502
-1.75,15,30.102799
4.3,5,30.13042
4.6,3,30.15709
4.3,5,30.187144
4.6,3,30.214365
4.6,3,30.240129
4.3,5,30.271379
4.45,4,30.300158
3.7,9,30.346774
4.3,5,30.382248
-3.55,12,30.420349
4.6,3,30.454077
4.45,4,30.481492
4.6,3,30.509397
3.25,12,30.548148
3.85,8,30.582114
4.45,4,30.611423
4.0,7,30.644639
4.6,3,30.67181
3.85,8,30.704792
4.6,3,30.729966
-3.65,14,30.772774
4.0,7,30.811038
4.6,3,30.838468
4.15,6,30.866611
3.4,11,30.906789
-3.55,12,30.948212
4.15,6,30.986744
4.3,5,31.020046
4.45,4,31.047968
-1.75,15,31.094437
4.45,4,31.121263
-3.55,12,31.162291
-3.45,10,31.206868
-3.65,14,31.408266
-3.3,7,31.448724
4.15,6,31.480337
4.15,6,31.513999
4.15,6,31.545952
4.6,3,31.571261
3.7,9,31.605605
3.55,10,31.640403
4.0,7,31.670521
4.3,5,31.705929
4.6,3,31.72922
4.75,2,31.755783
3.85,8,31.790083
-3.7,15,31.832671
-3.2,5,31.861813
4.9,1,31.886982
-3.25,6,31.921376
4.6,3,31.949995
3.7,9,31.986275
-3.45,10,32.021295
-3.6,13,32.061816
4.45,4,32.087629
3.55,10,32.12898
4.6,3,32.155811
4.75,2,32.178943
4.3,5,32.214586
3.85,8,32.251395
4.75,2,32.277271
4.6,3,32.310654
-3.4,9,32.352295
4.75,2,32.376653
4.0,7,32.412251
3.4,11,32.451399
4.45,4,32.485527
3.4,11,32.527926
4.3,5,32.560061
4.15,6,32.596649
3.55,10,32.648932
4.3,5,32.696389
-3.7,15,32.900481
4.15,6,32.934597
4.3,5,32.968558
4.9,1,32.993705
4.0,7,33.028545
4.3,5,33.062021
4.0,7,33.09467
4.6,3,33.123075
3.85,8,33.158726
4.6,3,33.181701
-1.75,15,33.229865
-3.55,12,33.272275
4.45,4,33.298728
4.0,7,33.330871
3.55,10,33.367806
-1.75,15,33.411411
4.3,5,33.441348
-1.75,15,33.48245
4.75,2,33.50745
3.25,12,33.554322
-3.35,8,33.588651
3.7,9,33.630376
4.6,3,33.661949
4.15,6,33.692983
4.6,3,33.715396
-1.75,15,33.760103
3.85,8,33.79629
4.3,5,33.829527
4.3,5,33.858005
4.15,6,33.885188
4.6,3,33.91249
-1.75,15,33.954725
4.6,3,33.98359
4.3,5,34.01131
4.3,5,34.037466
3.85,8,34.22375
4.6,3,34.257539
-3.55,12,34.295795
3.4,11,34.34522
4.15,6,34.384726
4.45,4,34.412092
-3.65,14,34.461655
4.15,6,34.498439
3.85,8,34.537964
3.85,8,34.571554
4.3,5,34.603946
3.4,11,34.643774
3.85,8,34.676696
3.7,9,34.712268
-3.2,5,34.740664
3.1,13,34.785168
-1.75,15,34.828894
4.6,3,34.866767
4.6,3,34.896974
3.55,10,34.932012
-1.75,15,34.974658
4.75,2,34.998978
-1.75,15,35.054894
4.45,4,35.084257
4.6,3,35.111316
4.6,3,35.143593
-3.7,15,35.192092
3.4,11,35.232751
4.6,3,35.259921
3.1,13,35.297648
-3.65,14,35.494801
-1.75,15,35.544706
-1.75,15,35.593422
4.3,5,35.629508
4.0,7,35.672402
4.6,3,35.707017
4.15,6,35.740898
4.45,4,35.769842
4.45,4,35.80289
4.45,4,35.830155
4.3,5,35.869096
4.0,7,35.903484
4.45,4,35.936114
4.3,5,35.973453
-3.45,10,36.010831
4.6,3,36.041471
-3.15,4,36.06742
4.3,5,36.097915
3.4,11,36.137553
4.6,3,36.172815
4.75,2,36.199908
4.45,4,36.231977
3.25,12,36.273702
3.85,8,36.318014
-3.65,14,36.364597
4.3,5,36.394369
3.85,8,36.433177
-3.25,6,36.462901
-3.3,7,36.496002
4.45,4,36.529073
-1.75,15,36.572586
3.85,8,36.603217
-1.75,15,36.644817
-3.7,15,36.698124
4.45,4,36.726476
3.4,11,36.909192
4.6,3,36.935136
4.0,7,36.966456
4.45,4,36.993137
4.45,4,37.016476
-3.55,12,37.056516
4.15,6,37.085633
3.85,8,37.120996
3.7,9,37.152366
-3.5,11,37.191423
4.45,4,37.221807
3.25,12,37.269821
-3.2,5,37.298788
-3.7,15,37.351004
4.3,5,37.386298
4.6,3,37.423097
4.0,7,37.457778
4.6,3,37.488291
4.3,5,37.516356
4.15,6,37.548813
3.25,12,37.596098
3.85,8,37.637328
4.3,5,37.665663
4.0,7,37.702395
4.45,4,37.730856
4.3,5,37.763384
4.75,2,37.793244
3.55,10,37.832767
4.15,6,37.863075
-3.55,12,37.91059
4.45,4,37.939459
-3.5,11,37.974209
-3.7,15,38.017699
4.45,4,38.044517
4.15,6,38.075221
4.75,2,38.097327
4.15,6,38.127653
4.15,6,38.301834
3.85,8,38.335322
-1.75,15,38.384468
4.0,7,38.415555
3.7,9,38.449976
4.6,3,38.47585
4.3,5,38.504526
-3.45,10,38.542917
3.4,11,38.579557
-1.75,15,38.623263
4.0,7,38.655159
3.85,8,38.687675
-3.4,9,38.726513
3.55,10,38.764123
-3.25,6,38.799273
4.6,3,38.825543
4.6,3,38.84999
-3.4,9,38.889097
4.75,2,38.915445
4.75,2,38.941943
4.3,5,38.983895
-3.7,15,39.041586
-3.7,15,39.094512
4.15,6,39.133001
4.3,5,39.166131
-3.5,11,39.209639
4.15,6,39.251908
4.45,4,39.290644
-3.55,12,39.337605
3.7,9,39.37531
-3.5,11,39.410977
4.0,7,39.444622
-1.75,15,39.628964
-3.55,12,39.667587
-3.65,14,39.725294
3.85,8,39.764864
-1.75,15,39.818872
4.6,3,39.856457
4.75,2,39.887038
4.0,7,39.921278
4.75,2,39.951296
4.45,4,39.983107
4.45,4,40.010129
3.7,9,40.051516
3.85,8,40.081082
3.85,8,40.111218
4.15,6,40.141155
4.75,2,40.164866
4.3,5,40.194707
-3.5,11,40.230766
3.7,9,40.262219
4.6,3,40.288293
4.6,3,40.315114
4.15,6,40.3484
4.3,5,40.376098
4.75,2,40.401639
4.45,4,40.440193
4.3,5,40.472792
4.15,6,40.505744
-3.5,11,40.544016
4.75,2,40.574272
4.6,3,40.602963
4.3,5,40.631413
4.75,2,40.659612
3.55,10,40.696486
4.45,4,40.728338
4.6,3,40.761667
4.15,6,40.801135
-3.35,8,40.839595
3.7,9,40.876968
4.3,5,40.912095
4.75,2,40.93839
3.7,9,40.971955
4.6,3,40.997694
4.15,6,41.163363
3.85,8,41.195513
-3.3,7,41.228554
3.85,8,41.261188
4.0,7,41.293846
3.85,8,41.328472
-3.25,6,41.36141
4.3,5,41.390941
4.6,3,41.413961
4.15,6,41.445973
4.3,5,41.477991
-3.5,11,41.517275
-3.35,8,41.551406
4.75,2,41.574983
3.4,11,41.614276
-3.5,11,41.650547
4.45,4,41.677627
4.0,7,41.713516
4.15,6,41.746502
-3.2,5,41.772842
3.4,11,41.811041
4.45,4,41.843766
4.0,7,41.88291
4.6,3,41.909388
4.75,2,41.935304
-3.45,10,41.968326
4.3,5,41.99731
4.0,7,42.028206
-3.7,15,42.078143
-3.05,2,42.107157
4.3,5,42.143466
4.3,5,42.178539
3.85,8,42.217505
4.45,4,42.247866
-3.4,9,42.286901
4.75,2,42.312498
3.55,10,42.359465
3.7,9,42.404844
4.3,5,42.437557
4.6,3,42.640546
-3.4,9,42.678062
4.45,4,42.705432
4.45,4,42.736846
-3.4,9,42.777632
-3.55,12,42.82702
4.3,5,42.868775
4.6,3,42.89376
-3.35,8,42.928179
4.45,4,42.955218
4.6,3,42.979537
4.15,6,43.011045
4.15,6,43.043219
4.6,3,43.066905
4.75,2,43.097591
3.85,8,43.137323
4.6,3,43.162337
4.0,7,43.193843
3.7,9,43.227242
4.15,6,43.260729
3.7,9,43.295425
4.6,3,43.323841
4.45,4,43.355672
4.6,3,43.380486
4.75,2,43.408499
4.45,4,43.438299
-3.45,10,43.474395
4.3,5,43.500468
4.3,5,43.528051
4.45,4,43.555058
4.6,3,43.590419
4.45,4,43.620292
-3.5,11,43.659576
4.0,7,43.697359
3.7,9,43.738012
3.55,10,43.774934
4.6,3,43.801661
3.7,9,43.840375
3.4,11,43.882318
3.55,10,43.92756
-3.7,15,43.973999
3.4,11,44.165837
3.7,9,44.20322
4.75,2,44.236214
-3.6,13,44.274714
4.6,3,44.301445
4.0,7,44.337181
-3.5,11,44.383487
4.15,6,44.42314
4.45,4,44.456987
3.7,9,44.495999
-3.4,9,44.535613
4.15,6,44.568097
4.75,2,44.594534
-3.35,8,44.628382
4.0,7,44.664792
-3.45,10,44.702833
4.0,7,44.734108
3.25,12,44.772266
4.6,3,44.795559
4.15,6,44.824626
4.0,7,44.856108
4.15,6,44.884145
4.15,6,44.918945
3.55,10,44.958472
4.75,2,44.980478
4.45,4,45.008056
4.15,6,45.03719
4.0,7,45.068578
4.15,6,45.098954
4.15,6,45.129731
3.55,10,45.17016
4.15,6,45.204469
4.45,4,45.235676
4.6,3,45.262108
3.7,9,45.309966
4.6,3,45.338644
3.85,8,45.376538
4.15,6,45.410407
4.15,6,45.604482
4.45,4,45.63293
4.75,2,45.658468
4.45,4,45.688447
3.85,8,45.72507
4.0,7,45.765959
-3.55,12,45.808813
4.6,3,45.84455
4.3,5,45.875927
-1.75,15,45.929806
4.3,5,45.963811
4.6,3,45.999269
4.0,7,46.035757
3.85,8,46.067876
-3.3,7,46.096272
4.15,6,46.134992
4.45,4,46.161165
4.6,3,46.188419
4.15,6,46.219162
-3.25,6,46.246292
4.75,2,46.271223
4.6,3,46.295029
4.0,7,46.324844
3.85,8,46.356437
4.15,6,46.389144
-3.55,12,46.425552
3.7,9,46.457842
4.0,7,46.491871
4.3,5,46.523969
3.4,11,46.565446
4.45,4,46.596381
4.6,3,46.628311
4.45,4,46.656898
4.6,3,46.686608
4.6,3,46.714832
4.0,7,46.748329
4.15,6,46.783348
4.9,1,46.81002
4.75,2,46.84195
4.15,6,46.879123
4.45,4,46.910633
3.4,11,46.951509
4.3,5,46.983714
4.15,6,47.019983
-3.3,7,47.215284
4.9,1,47.242226
4.0,7,47.277432
3.85,8,47.315326
4.75,2,47.343517
3.85,8,47.37749
3.55,10,47.417995
3.4,11,47.456144
4.45,4,47.482148
4.75,2,47.510426
-3.5,11,47.547605
-3.5,11,47.588232
4.45,4,47.61818
4.6,3,47.642474
-3.4,9,47.679863
4.3,5,47.709286
4.3,5,47.741834
-3.65,14,47.780274
3.85,8,47.818911
-3.65,14,47.858756
4.75,2,47.880266
3.7,9,47.913923
4.75,2,47.939377
3.85,8,47.97476
4.15,6,48.005629
3.85,8,48.041738
3.7,9,48.086502
4.6,3,48.118217
4.75,2,48.14353
4.3,5,48.172227
4.45,4,48.198054
3.85,8,48.234709
4.3,5,48.265554
-1.75,15,48.312345
3.55,10,48.354712
4.45,4,48.384913
3.85,8,48.421421
3.7,9,48.621196
4.45,4,48.648762
-1.75,15,48.701433
4.6,3,48.729607
4.6,3,48.760204
4.75,2,48.788141
4.6,3,48.814159
-3.4,9,48.853186
4.75,2,48.876934
4.0,7,48.90921
4.45,4,48.939982
3.7,9,48.973033
4.45,4,49.000128
-3.2,5,49.030339
4.3,5,49.067541
4.75,2,49.098208
4.0,7,49.133085
3.25,12,49.177797
-1.75,15,49.235478
4.45,4,49.270277
4.15,6,49.303572
4.6,3,49.332206
4.9,1,49.357647
4.15,6,49.388608
4.75,2,49.415458
3.4,11,49.453423
4.45,4,49.483669
-3.4,9,49.517785
3.7,9,49.555445
4.3,5,49.586256
3.85,8,49.620815
4.3,5,49.650033
3.85,8,49.684213
4.3,5,49.713325
4.6,3,49.740585
4.0,7,49.77424
3.4,11,49.809575
4.15,6,49.847866
4.6,3,49.880812
3.1,13,49.932688
4.75,2,49.957522
3.25,12,49.99673
4.3,5,50.184697
4.6,3,50.211431
4.6,3,50.237953
4.6,3,50.262412
4.0,7,50.303847
4.15,6,50.33509
4.6,3,50.364791
4.0,7,50.399166
4.3,5,50.43533
4.45,4,50.46472
4.3,5,50.500576
4.75,2,50.525267
4.75,2,50.552302
4.45,4,50.577948
4.6,3,50.603994
4.0,7,50.63522
4.45,4,50.666151
4.45,4,50.697664
4.45,4,50.728504
4.75,2,50.751601
4.45,4,50.776787
-1.75,15,50.820575
3.25,12,50.859262
4.9,1,50.883202
4.45,4,50.910748
4.75,2,50.937784
4.0,7,50.970116
-1.75,15,51.012682
4.6,3,51.037975
4.15,6,51.068312
-1.75,15,51.108989
4.15,6,51.143198
4.6,3,51.167866
3.55,10,51.206913
3.85,8,51.242622
-3.7,15,51.289689
4.15,6,51.333037
4.6,3,51.359268
4.6,3,51.38505
3.55,10,51.42437
4.75,2,51.451099
3.7,9,51.486252
3.7,9,51.521738
4.15,6,51.746159
4.6,3,51.775614
4.6,3,51.804017
4.75,2,51.831227
4.6,3,51.85779
4.45,4,51.886928
4.6,3,51.915874
4.15,6,51.945313
3.85,8,51.976642
-3.7,15,52.015752
4.75,2,52.038352
4.45,4,52.061867
3.55,10,52.097442
4.45,4,52.127171
4.75,2,52.155852
4.9,1,52.184916
4.6,3,52.208117
3.55,10,52.244479
-3.7,15,52.29009
4.15,6,52.324353
4.6,3,52.353585
4.6,3,52.38969
3.85,8,52.436166
4.3,5,52.467583
3.7,9,52.508721
4.0,7,52.542109
4.3,5,52.573386
3.7,9,52.615937
4.45,4,52.643499
4.6,3,52.674636
3.85,8,52.71301
4.3,5,52.752759
4.75,2,52.779216
4.75,2,52.806764
4.45,4,52.832916
4.0,7,52.871682
4.15,6,52.903683
4.15,6,52.935548
3.85,8,52.973747
4.45,4,53.002605
4.6,3,53.031721
4.0,7,53.065379
3.25,12,53.10428
3.7,9,53.14491
3.85,8,53.180879
4.6,3,53.210671
4.3,5,53.419059
4.75,2,53.443188
3.7,9,53.484542
4.15,6,53.516723
4.6,3,53.543644
4.75,2,53.566094
4.3,5,53.593559
-3.55,12,53.636713
4.9,1,53.663093
-3.7,15,53.712075
4.9,1,53.738961
3.4,11,53.788863
4.6,3,53.82128
3.7,9,53.855222
4.15,6,53.887134
4.9,1,53.912948
4.3,5,53.947674
3.4,11,53.992483
4.45,4,54.024616
4.6,3,54.057625
4.15,6,54.095147
4.3,5,54.125918
4.9,1,54.15494
3.4,11,54.191217
4.3,5,54.222858
-3.4,9,54.259494
-3.65,14,54.304573
3.7,9,54.342987
4.3,5,54.371512
4.0,7,54.402884
4.45,4,54.431165
3.85,8,54.46522
4.45,4,54.494253
4.6,3,54.524129
4.6,3,54.556974
4.3,5,54.59273
3.85,8,54.639266
-3.35,8,54.676151
4.3,5,54.705019
4.45,4,54.735277
-3.35,8,54.773907
4.3,5,54.804641
4.75,2,54.835213
4.3,5,55.022901
4.45,4,55.051428
4.0,7,55.089058
4.45,4,55.115008
4.15,6,55.14395
4.45,4,55.174526
4.0,7,55.210875
4.15,6,55.244899
4.6,3,55.275548
-3.4,9,55.314299
4.45,4,55.344212
4.45,4,55.372944
3.7,9,55.40691
4.45,4,55.43132
4.3,5,55.461429
3.7,9,55.498275
4.45,4,55.535335
4.3,5,55.564129
4.45,4,55.590643
4.45,4,55.619697
4.6,3,55.645744
3.85,8,55.682849
3.4,11,55.724575
4.3,5,55.757785
3.55,10,55.806386
4.75,2,55.839818
-3.35,8,55.878511
4.3,5,55.908599
3.85,8,55.942682
4.0,7,55.985352
4.3,5,56.019485
3.25,12,56.059968
4.15,6,56.091854
4.0,7,56.128238
4.15,6,56.163229
4.0,7,56.198784
4.75,2,56.223121
3.55,10,56.267597
-3.45,10,56.317574
3.85,8,56.35845
-3.35,8,56.399151
4.75,2,56.423748
3.55,10,56.635062
4.6,3,56.664602
4.3,5,56.69313
4.6,3,56.721087
4.0,7,56.755144
-3.45,10,56.790913
3.4,11,56.831154
4.75,2,56.857048
3.7,9,56.892335
4.3,5,56.920506
4.45,4,56.946167
4.45,4,56.972985
4.6,3,57.002824
4.75,2,57.026686
4.15,6,57.056029
-3.1,3,57.084999
4.45,4,57.117934
3.85,8,57.153422
4.9,1,57.178032
3.85,8,57.219428
4.6,3,57.250721
4.75,2,57.27446
4.3,5,57.300475
4.15,6,57.330168
4.6,3,57.355042
3.4,11,57.395209
4.75,2,57.42361
4.75,2,57.458358
4.9,1,57.483724
3.7,9,57.516495
4.75,2,57.540307
3.85,8,57.576745
-3.4,9,57.615099
3.85,8,57.649482
3.7,9,57.685743
-3.25,6,57.722176
-1.75,15,57.776438
4.45,4,57.804836
4.75,2,57.834765
3.85,8,57.871683
4.6,3,57.901154
3.7,9,57.949503
4.9,1,57.972061
4.6,3,57.996831
-3.3,7,58.032109
-1.75,15,58.243252
4.6,3,58.2714
4.3,5,58.302649
4.45,4,58.328071
3.4,11,58.365882
4.3,5,58.394433
4.6,3,58.42007
-3.25,6,58.448265
-3.15,4,58.477092
4.3,5,58.510993
3.7,9,58.55555
4.15,6,58.588508
4.0,7,58.623849
4.45,4,58.6567
4.75,2,58.688397
3.25,12,58.736113
3.85,8,58.769047
4.3,5,58.797795
4.6,3,58.822847
3.4,11,58.860825
4.0,7,58.892736
3.7,9,58.927119
4.3,5,58.957016
3.55,10,58.992376
-3.7,15,59.043572
3.55,10,59.087699
3.7,9,59.1324
4.6,3,59.167177
4.75,2,59.196019
4.15,6,59.232173
4.75,2,59.259249
4.15,6,59.29828
4.45,4,59.334494
3.85,8,59.371448
4.15,6,59.407002
4.75,2,59.435874
-3.2,5,59.471776
4.45,4,59.504129
4.6,3,59.534377
3.25,12,59.579842
4.3,5,59.613257
-3.5,11,59.818703
4.45,4,59.849466
3.55,10,59.891552
4.0,7,59.922595
4.15,6,59.953719
3.85,8,59.985793
-3.6,13,60.024097
4.0,7,60.05618
4.0,7,60.088544
-3.05,2,60.11407
4.0,7,60.144825
4.75,2,60.170931
4.6,3,60.201398
4.15,6,60.244092
3.55,10,60.290454
3.25,12,60.330963
4.45,4,60.359394
4.15,6,60.392936
3.7,9,60.429255
4.9,1,60.454442
4.3,5,60.482288
4.15,6,60.519103
4.6,3,60.547126
4.3,5,60.577206
4.0,7,60.610477
4.45,4,60.640412
4.6,3,60.6672
4.0,7,60.700713
-1.75,15,60.742437
-3.7,15,60.784597
4.0,7,60.823485
4.15,6,60.858917
-3.65,14,60.905649
4.6,3,60.936266
4.75,2,60.961036
3.85,8,60.999313
-3.65,14,61.05196
3.85,8,61.249268
4.45,4,61.274471
4.75,2,61.301081
3.7,9,61.339013
4.6,3,61.370324
-3.5,11,61.406988
3.85,8,61.442811
-1.75,15,61.485307
4.45,4,61.513756
4.15,6,61.551314
4.45,4,61.580224
4.15,6,61.611213
4.3,5,61.642147
4.75,2,61.66582
4.15,6,61.695673
4.15,6,61.726663
3.55,10,61.76293
4.3,5,61.795169
4.75,2,61.823815
3.85,8,61.869314
4.45,4,61.911325
3.85,8,61.948305
4.3,5,61.980798
4.3,5,62.010076
4.75,2,62.032897
-1.75,15,62.075415
4.6,3,62.104344
4.0,7,62.144411
4.15,6,62.1762
4.75,2,62.204715
4.6,3,62.234746
4.6,3,62.263681
3.55,10,62.30103
4.3,5,62.327526
3.55,10,62.375777
3.7,9,62.425887
4.45,4,62.464344
4.45,4,62.50154
4.75,2,62.528421
3.7,9,62.568693
4.6,3,62.603808
3.55,10,62.648143
4.75,2,62.680391
4.6,3,62.708837
4.6,3,62.738062
3.4,11,62.956424
4.9,1,62.981
4.45,4,63.006666
3.4,11,63.041226
3.85,8,63.078787
4.75,2,63.106075
4.45,4,63.133228
4.3,5,63.165097
3.7,9,63.201459
3.85,8,63.236333
3.85,8,63.270716
3.4,11,63.312081
3.7,9,63.351513
-3.35,8,63.388804
3.1,13,63.439494
4.6,3,63.469601
4.6,3,63.498445
4.45,4,63.526464
4.75,2,63.553917
3.7,9,63.593087
4.3,5,63.624886
4.0,7,63.658818
4.3,5,63.687842
4.6,3,63.714175
3.4,11,63.752801
-1.75,15,63.802528
4.0,7,63.838479
4.15,6,63.869325
4.15,6,63.90527
4.15,6,63.936056
4.3,5,63.965954
4.15,6,63.997495
3.85,8,64.030161
-3.5,11,64.068412
4.15,6,64.098572
3.25,12,64.146576
4.3,5,64.337005
4.75,2,64.364753
3.7,9,64.402159
4.3,5,64.434332
4.0,7,64.466043
4.3,5,64.497145
4.15,6,64.528408
4.3,5,64.557429
4.6,3,64.583805
4.3,5,64.614566
3.7,9,64.650264
4.0,7,64.687331
4.3,5,64.716692
4.45,4,64.741375
4.15,6,64.77324
4.0,7,64.803118
4.0,7,64.836651
3.4,11,64.87639
4.45,4,64.905578
4.3,5,64.94109
4.3,5,64.966764
4.75,2,64.988839
4.6,3,65.013683
4.45,4,65.041205
4.6,3,65.06752
3.7,9,65.10114
4.6,3,65.124673
3.85,8,65.155604
4.75,2,65.182421
-3.6,13,65.225687
3.4,11,65.266713
4.15,6,65.29655
-3.65,14,65.336721
4.15,6,65.370646
4.3,5,65.401063
4.75,2,65.427332
3.55,10,65.463036
4.45,4,65.493307
3.7,9,65.530005
4.15,6,65.561883
3.7,9,65.611407
3.4,11,65.835987
4.15,6,65.874942
4.6,3,65.902132
4.75,2,65.927733
4.15,6,65.959813
4.45,4,65.991889
-3.45,10,66.034462
3.85,8,66.073858
4.3,5,66.104833
3.85,8,66.141846
4.45,4,66.173139
3.7,9,66.212443
3.4,11,66.251767
4.3,5,66.282539
3.7,9,66.317106
4.3,5,66.34369
4.75,2,66.369891
4.45,4,66.393618
3.85,8,66.429178
4.45,4,66.456267
4.15,6,66.494143
3.55,10,66.541664
4.3,5,66.57423
4.15,6,66.611662
4.6,3,66.637458
3.85,8,66.684399
3.4,11,66.72563
4.45,4,66.75303
4.6,3,66.782744
3.55,10,66.819463
3.7,9,66.858103
4.15,6,66.892164
3.85,8,66.926936
3.7,9,66.965839
4.15,6,67.002259
4.3,5,67.039323
-1.75,15,67.080956
3.4,11,67.118405
4.45,4,67.150254
4.0,7,67.346807
3.7,9,67.3828
3.4,11,67.423395
3.85,8,67.460375
4.75,2,67.485751
4.3,5,67.518556
4.75,2,67.542438
4.0,7,67.582897
-3.45,10,67.617026
4.75,2,67.643523
4.9,1,67.66967
3.7,9,67.704617
4.6,3,67.730161
4.3,5,67.756759
4.0,7,67.788977
4.75,2,67.815965
4.6,3,67.846613
3.85,8,67.884967
4.15,6,67.91548
4.6,3,67.943756
3.7,9,67.978983
4.15,6,68.006716
4.45,4,68.03548
4.0,7,68.071393
3.25,12,68.11607
4.0,7,68.155416
4.15,6,68.19362
-1.75,15,68.247281
3.85,8,68.282949
3.85,8,68.315275
3.85,8,68.350283
4.6,3,68.375312
4.6,3,68.399035
-3.45,10,68.437222
4.45,4,68.467408
4.15,6,68.495383
4.3,5,68.529311
4.6,3,68.563698
3.7,9,68.597334
4.0,7,68.629822
-1.75,15,68.834806
4.45,4,68.870872
4.3,5,68.902982
4.9,1,68.924708
4.45,4,68.954098
4.15,6,68.992516
4.15,6,69.028539
3.7,9,69.06862
3.85,8,69.10761
4.6,3,69.143773
4.15,6,69.185344
-3.7,15,69.258935
-1.75,15,69.321916
4.9,1,69.358104
4.45,4,69.393117
4.6,3,69.424322
-1.75,15,69.474194
-1.75,15,69.520053
4.45,4,69.550245
3.85,8,69.581383
3.85,8,69.613437
3.85,8,69.648115
3.4,11,69.683009
3.7,9,69.718184
-3.55,12,69.757004
3.55,10,69.802964
4.45,4,69.830164
3.7,9,69.869253
4.3,5,69.898399
3.7,9,69.933015
4.15,6,69.965904
4.6,3,69.99521
3.7,9,70.033132
4.75,2,70.059436
-3.35,8,70.091096
4.45,4,70.120075
3.85,8,70.304201
3.7,9,70.348766
4.75,2,70.37594
4.75,2,70.403091
4.75,2,70.43013
4.6,3,70.467681
3.85,8,70.506695
3.85,8,70.543329
4.45,4,70.572777
4.45,4,70.605461
3.4,11,70.646223
4.0,7,70.681944
3.85,8,70.71896
4.45,4,70.749917
-1.75,15,70.798277
4.75,2,70.82465
4.45,4,70.85915
-1.75,15,70.906504
4.6,3,70.934564
4.0,7,70.964556
4.6,3,70.989334
4.0,7,71.02001
4.75,2,71.041511
-1.75,15,71.082232
4.6,3,71.106887
4.75,2,71.138144
4.6,3,71.168327
4.9,1,71.196023
3.85,8,71.229119
3.55,10,71.266656
4.15,6,71.296593
4.45,4,71.324873
4.15,6,71.356882
4.3,5,71.38668
4.15,6,71.417055
4.6,3,71.445619
3.25,12,71.487415
4.9,1,71.511628
4.15,6,71.540632
4.9,1,71.560667
4.15,6,71.590308
4.3,5,71.620758
4.6,3,71.646414
4.9,1,71.669105
4.0,7,71.701774
3.85,8,71.8832
4.9,1,71.909547
4.75,2,71.936478
4.0,7,71.968843
4.6,3,71.99172
-1.75,15,72.038697
4.3,5,72.072579
4.6,3,72.096174
4.6,3,72.122898
4.75,2,72.150604
4.3,5,72.185004
4.6,3,72.209804
-1.75,15,72.254148
4.75,2,72.278321
4.0,7,72.312348
4.15,6,72.342215
3.55,10,72.384377
4.45,4,72.41703
4.3,5,72.447441
3.4,11,72.491478
-3.15,4,72.527203
4.3,5,72.558172
3.85,8,72.596572
4.0,7,72.628552
4.0,7,72.659822
4.3,5,72.687669
4.75,2,72.713904
4.9,1,72.739139
4.75,2,72.768322
4.75,2,72.796928
4.3,5,72.830005
3.4,11,72.873294
4.75,2,72.904148
4.9,1,72.92829
4.0,7,72.963015
4.0,7,72.999135
4.3,5,73.030835
-3.4,9,73.06391
3.85,8,73.105535
4.3,5,73.135525
3.55,10,73.173319
4.75,2,73.200572
4.0,7,73.240273
4.6,3,73.27084
4.75,2,73.292485
4.45,4,73.322583
-1.75,15,73.52497
4.45,4,73.561988
3.4,11,73.604426
3.85,8,73.646963
4.45,4,73.672853
4.3,5,73.706468
4.45,4,73.73323
4.75,2,73.757005
4.45,4,73.784711
3.25,12,73.824621
4.0,7,73.866095
4.45,4,73.895944
4.45,4,73.929819
4.6,3,73.958946
3.55,10,73.996104
3.85,8,74.030089
4.45,4,74.055396
4.15,6,74.086844
4.75,2,74.113828
4.45,4,74.141329
3.25,12,74.179536
4.15,6,74.212528
4.45,4,74.245778
4.45,4,74.274504
4.3,5,74.303575
3.85,8,74.340678
4.75,2,74.364187
4.6,3,74.386839
4.6,3,74.413298
4.15,6,74.443836
4.3,5,74.471117
4.6,3,74.496314
4.3,5,74.529121
4.3,5,74.568805
4.3,5,74.604462
4.45,4,74.633327
4.45,4,74.662835
4.9,1,74.688389
4.75,2,74.711807
4.75,2,74.738875
4.6,3,74.765066
4.15,6,74.794055
4.6,3,74.819702
4.0,7,74.852563
4.6,3,74.881191
-3.15,4,74.90825
4.45,4,74.939873
4.45,4,74.972023
3.55,10,75.007653
4.6,3,75.035752
4.45,4,75.063576
4.15,6,75.095429
4.9,1,75.12169
4.0,7,75.341578
4.6,3,75.371715
3.55,10,75.411047
3.25,12,75.454175
4.45,4,75.483409
4.3,5,75.516124
4.6,3,75.547415
3.25,12,75.592896
4.75,2,75.622814
3.1,13,75.675617
4.75,2,75.704187
-3.5,11,75.745645
4.6,3,75.774704
3.55,10,75.81117
3.7,9,75.850756
4.6,3,75.879952
4.45,4,75.907012
4.6,3,75.936867
4.6,3,75.961613
4.3,5,75.989189
4.6,3,76.014965
4.0,7,76.047325
4.0,7,76.080858
4.75,2,76.103853
3.25,12,76.14327
4.3,5,76.173046
4.0,7,76.20772
3.7,9,76.246856
4.0,7,76.277871
4.75,2,76.306583
4.45,4,76.331707
4.15,6,76.359781
4.6,3,76.385527
4.6,3,76.409632
4.75,2,76.444405
3.7,9,76.484435
3.85,8,76.524954
4.15,6,76.559581
3.55,10,76.600705
4.15,6,76.630764
4.45,4,76.657198
4.75,2,76.686296
4.45,4,76.714308
4.6,3,76.74358
4.6,3,76.930516
4.15,6,76.965101
3.55,10,77.004143
4.0,7,77.039634
3.7,9,77.086672
4.3,5,77.121277
4.75,2,77.152545
4.6,3,77.179167
3.1,13,77.217757
4.0,7,77.250652
4.15,6,77.278905
4.0,7,77.311928
4.0,7,77.345458
4.6,3,77.370892
4.15,6,77.404876
3.55,10,77.443671
4.3,5,77.472191
4.3,5,77.505557
4.6,3,77.534241
4.15,6,77.569504
3.7,9,77.60868
-1.75,15,77.656576
4.6,3,77.688187
-1.75,15,77.734681
4.9,1,77.759049
4.3,5,77.789228
4.0,7,77.826121
-1.75,15,77.874717
4.6,3,77.901158
4.6,3,77.926632
3.4,11,77.961591
4.15,6,77.988726
3.55,10,78.022762
4.15,6,78.054165
-1.75,15,78.098173
4.15,6,78.127248
4.6,3,78.154086
-1.75,15,78.352369
4.45,4,78.384245
4.45,4,78.410237
4.0,7,78.443123
4.0,7,78.475027
4.75,2,78.504911
4.6,3,78.534293
4.75,2,78.565587
4.75,2,78.58772
4.75,2,78.619952
3.4,11,78.660954
4.6,3,78.691
3.4,11,78.735634
4.6,3,78.76477
4.0,7,78.795387
4.75,2,78.820688
4.75,2,78.846755
4.45,4,78.877342
4.15,6,78.910314
3.85,8,78.942282
4.75,2,78.96752
4.45,4,78.993437
4.6,3,79.023176
4.45,4,79.050193
4.15,6,79.080769
3.85,8,79.11511
4.45,4,79.140537
4.45,4,79.17023
3.25,12,79.21254
2.95,14,79.25786
4.45,4,79.290316
4.3,5,79.321968
4.45,4,79.348371
4.75,2,79.374988
4.15,6,79.407042
3.55,10,79.448635
4.3,5,79.478433
4.3,5,79.506751
3.55,10,79.541135
4.3,5,79.568103
4.0,7,79.600287
4.45,4,79.62969
-1.75,15,79.675507
3.85,8,79.715036
4.45,4,79.91989
-1.75,15,79.973868
4.75,2,79.999162
3.7,9,80.036725
4.3,5,80.069863
4.45,4,80.097024
4.3,5,80.132634
4.0,7,80.166
4.9,1,80.192899
4.75,2,80.230649
3.55,10,80.267493
4.45,4,80.297945
4.45,4,80.324848
4.6,3,80.353241
4.6,3,80.380447
-1.75,15,80.428938
4.75,2,80.457965
4.75,2,80.490927
-3.35,8,80.523674
4.6,3,80.551791
4.75,2,80.579399
4.15,6,80.611004
4.45,4,80.638299
4.0,7,80.674294
4.45,4,80.704696
4.15,6,80.738151
4.45,4,80.765314
3.85,8,80.800656
4.75,2,80.821914
4.3,5,80.850411
4.6,3,80.876472
-1.75,15,80.917287
4.3,5,80.943341
4.6,3,80.968795
3.4,11,81.013603
4.6,3,81.038141
4.75,2,81.063284
4.15,6,81.095091
4.75,2,81.119244
4.3,5,81.148884
4.9,1,81.170676
4.3,5,81.197741
4.45,4,81.227088
4.6,3,81.253132
4.6,3,81.282259
4.75,2,81.307281
4.75,2,81.331726
4.75,2,81.360246
4.75,2,81.38329
4.15,6,81.413851
3.55,10,81.453545
3.85,8,81.646156
3.55,10,81.686862
3.7,9,81.734041
4.75,2,81.770015
4.15,6,81.801853
4.6,3,81.828609
4.0,7,81.858441
3.85,8,81.893408
3.7,9,81.930191
4.6,3,81.952598
3.7,9,81.9889
3.85,8,82.022684
3.4,11,82.057976
4.6,3,82.081965
3.25,12,82.126252
3.85,8,82.15794
4.6,3,82.182609
4.3,5,82.213761
4.45,4,82.244613
3.85,8,82.277812
4.3,5,82.319019
-1.75,15,82.366419
4.75,2,82.389241
4.15,6,82.423636
-3.7,15,82.466805
4.45,4,82.496416
3.55,10,82.53407
4.15,6,82.565104
4.6,3,82.600591
-3.4,9,82.649867
4.15,6,82.683737
3.7,9,82.716745
4.0,7,82.752903
3.85,8,82.787649
4.0,7,82.827169
-1.75,15,83.037046
4.15,6,83.067784
-1.75,15,83.122208
4.75,2,83.151339
3.25,12,83.198386
3.55,10,83.240665
4.6,3,83.269355
4.6,3,83.295758
4.15,6,83.32993
4.45,4,83.361721
4.75,2,83.391629
4.9,1,83.416351
4.45,4,83.441494
4.75,2,83.468816
-1.75,15,83.512225
4.6,3,83.537251
4.3,5,83.564898
4.75,2,83.587315
4.3,5,83.62091
4.6,3,83.648617
4.3,5,83.677861
4.6,3,83.706781
4.0,7,83.744254
4.6,3,83.77296
4.3,5,83.804806
4.6,3,83.831838
4.75,2,83.857647
4.45,4,83.885172
4.45,4,83.913366
4.75,2,83.935323
3.55,10,83.970192
3.25,12,84.010831
4.6,3,84.036539
4.3,5,84.067103
4.0,7,84.0991
4.0,7,84.132856
3.7,9,84.17439
4.45,4,84.20501
3.25,12,84.243212
4.75,2,84.267499
3.85,8,84.307431
4.6,3,84.33656
4.6,3,84.370334
3.55,10,84.416015
4.3,5,84.445642
-1.75,15,84.667411
4.45,4,84.69918
3.85,8,84.74492
4.3,5,84.775459
4.75,2,84.802956
4.45,4,84.834722
3.7,9,84.870382
4.3,5,84.902422
-1.75,15,84.947282
4.45,4,84.971742
4.75,2,84.998577
-1.75,15,85.044626
3.4,11,85.080687
3.25,12,85.118905
4.75,2,85.147907
3.7,9,85.182615
4.0,7,85.213417
3.55,10,85.248889
4.45,4,85.273679
3.85,8,85.307262
4.6,3,85.337903
4.6,3,85.364934
4.3,5,85.392618
4.75,2,85.416938
4.45,4,85.446531
3.7,9,85.487643
3.7,9,85.538156
4.6,3,85.572704
4.6,3,85.604382
4.3,5,85.638878
3.4,11,85.679405
4.45,4,85.706141
4.3,5,85.737738
4.75,2,85.772037
4.75,2,85.796625
4.75,2,85.829845
3.7,9,85.867963
4.45,4,85.897174
4.45,4,85.930699
4.6,3,85.964105
3.55,10,86.00663
4.15,6,86.048971
4.6,3,86.079114
4.0,7,86.117598
4.15,6,86.338248
4.75,2,86.364824
-3.5,11,86.404615
3.4,11,86.450435
3.4,11,86.489726
4.3,5,86.523053
3.4,11,86.564559
4.45,4,86.595182
4.0,7,86.626923
4.15,6,86.657146
3.85,8,86.69377
-3.25,6,86.723625
4.75,2,86.752366
4.15,6,86.786723
3.85,8,86.825982
3.25,12,86.870535
4.6,3,86.899681
3.4,11,86.94168
4.75,2,86.973392
4.0,7,87.012381
2.8,15,87.056734
4.45,4,87.09046
4.75,2,87.117486
4.6,3,87.143072
4.6,3,87.17157
4.6,3,87.198176
3.25,12,87.237922
-1.75,15,87.283275
4.9,1,87.30581
4.45,4,87.338725
3.55,10,87.377119
3.7,9,87.412228
4.15,6,87.444449
4.3,5,87.474266
4.45,4,87.503238
3.7,9,87.536658
4.6,3,87.564326
4.0,7,87.601221
3.1,13,87.815228
4.3,5,87.847124
4.45,4,87.87292
4.15,6,87.903256
4.45,4,87.933264
4.6,3,87.959818
4.15,6,87.992685
4.3,5,88.023592
4.15,6,88.056502
4.75,2,88.08397
3.25,12,88.127043
4.15,6,88.157105
-1.75,15,88.201825
4.75,2,88.226388
4.75,2,88.248474
-1.75,15,88.292761
-3.65,14,88.336962
4.0,7,88.370159
4.15,6,88.404372
4.15,6,88.443558
3.25,12,88.483409
4.6,3,88.514192
3.25,12,88.556862
3.55,10,88.594453
4.45,4,88.622437
4.15,6,88.653766
4.75,2,88.68099
4.15,6,88.709418
4.3,5,88.737826
-1.75,15,88.781053
4.75,2,88.802778
4.6,3,88.836371
3.7,9,88.871459
4.45,4,88.900461
4.6,3,88.930915
4.6,3,88.957496
3.7,9,88.992888
3.7,9,89.026303
3.4,11,89.215744
4.6,3,89.241765
4.6,3,89.270912
3.55,10,89.323285
-1.75,15,89.389114
3.4,11,89.438287
3.7,9,89.483337
4.15,6,89.521281
-1.75,15,89.571202
4.45,4,89.601365
3.85,8,89.640816
4.75,2,89.667388
3.55,10,89.711413
-1.75,15,89.755183
3.25,12,89.794849
3.85,8,89.832903
4.6,3,89.856878
4.0,7,89.888225
4.0,7,89.923375
3.4,11,89.961463
4.75,2,89.985095
-1.75,15,90.027486
4.75,2,90.051696
4.45,4,90.075479
4.9,1,90.098095
3.7,9,90.134728
4.6,3,90.165467
4.75,2,90.19442
4.6,3,90.22201
4.0,7,90.255034
4.15,6,90.285761
4.9,1,90.308586
4.75,2,90.336418
3.7,9,90.372076
4.15,6,90.401392
3.55,10,90.438911
4.6,3,90.466897
4.75,2,90.493853
4.75,2,90.519669
4.15,6,90.699838
4.9,1,90.725989
4.3,5,90.753877
4.45,4,90.791118
4.75,2,90.816391
4.6,3,90.841765
4.0,7,90.877419
4.75,2,90.905889
3.1,13,90.947046
4.75,2,90.97102
3.4,11,91.014545
4.3,5,91.04373
3.55,10,91.080733
4.6,3,91.106835
3.25,12,91.146161
4.0,7,91.183312
3.1,13,91.224685
3.85,8,91.262071
4.3,5,91.297349
-1.75,15,91.34148
4.45,4,91.370646
4.9,1,91.393443
3.7,9,91.428903
4.6,3,91.465306
4.45,4,91.493042
4.3,5,91.530704
3.1,13,91.57878
4.3,5,91.608335
4.15,6,91.640342
4.15,6,91.684629
3.85,8,91.731636
4.45,4,91.767929
4.15,6,91.805212
4.6,3,91.843061
4.6,3,91.871744
4.15,6,91.90978
3.85,8,91.943463
4.45,4,91.972623
4.15,6,92.005198
3.7,9,92.045027
4.6,3,92.072695
4.6,3,92.100586
4.15,6,92.284216
3.25,12,92.326879
4.3,5,92.362934
4.75,2,92.389998
4.6,3,92.420567
-1.75,15,92.471859
3.7,9,92.512026
-1.75,15,92.565042
4.15,6,92.609541
4.15,6,92.649702
3.55,10,92.69801
3.7,9,92.740832
4.15,6,92.775612
3.7,9,92.815016
4.75,2,92.843512
3.7,9,92.888222
4.75,2,92.919285
4.45,4,92.950862
4.6,3,92.980863
3.7,9,93.016681
4.6,3,93.046201
3.85,8,93.075481
3.55,10,93.114132
4.45,4,93.147134
4.3,5,93.182758
4.6,3,93.217819
4.15,6,93.252543
4.75,2,93.281826
3.55,10,93.321468
4.0,7,93.354625
4.6,3,93.38493
4.0,7,93.4221
4.9,1,93.445159
3.25,12,93.482925
4.6,3,93.511924
4.0,7,93.544049
4.0,7,93.576496
4.3,5,93.60322
4.75,2,93.629402
4.3,5,93.656995
4.6,3,93.684226
4.45,4,93.712791
4.3,5,93.889717
4.75,2,93.915193
3.85,8,93.951727
4.6,3,93.977067
4.3,5,94.005774
3.55,10,94.047173
4.15,6,94.083198
4.6,3,94.112355
4.75,2,94.144208
4.75,2,94.172202
4.15,6,94.205034
4.6,3,94.232541
4.3,5,94.271974
4.15,6,94.310071
4.3,5,94.342812
3.4,11,94.380794
3.7,9,94.418131
4.15,6,94.455244
4.75,2,94.484586
4.3,5,94.518764
4.75,2,94.547502
4.75,2,94.572493
4.45,4,94.603813
4.3,5,94.641899
4.3,5,94.675076
4.75,2,94.697989
4.15,6,94.728113
3.1,13,94.765693
3.85,8,94.800875
4.45,4,94.83175
3.7,9,94.866888
3.7,9,94.899823
4.45,4,94.935361
4.6,3,94.964724
4.45,4,94.992568
3.85,8,95.024378
4.0,7,95.056658
4.6,3,95.084905
4.45,4,95.114087
4.15,6,95.141876
4.15,6,95.170462
4.45,4,95.198341
4.9,1,95.22055
4.6,3,95.248512
3.55,10,95.287491
-1.75,15,95.333641
4.3,5,95.362085
4.75,2,95.548282
4.0,7,95.579397
4.3,5,95.608523
4.6,3,95.639545
3.7,9,95.679026
-1.75,15,95.721866
4.0,7,95.753428
3.85,8,95.788853
4.6,3,95.818017
3.85,8,95.852123
4.45,4,95.879103
4.3,5,95.908818
4.75,2,95.934238
4.6,3,95.961868
4.15,6,95.997443
4.6,3,96.026827
4.6,3,96.0534
4.3,5,96.082642
4.6,3,96.107995
4.45,4,96.133328
-1.75,15,96.187125
3.1,13,96.23745
4.3,5,96.266338
4.6,3,96.290204
4.0,7,96.324326
-1.75,15,96.371396
4.0,7,96.412455
4.75,2,96.435929
3.55,10,96.478135
4.15,6,96.507624
4.9,1,96.53258
4.3,5,96.564358
4.45,4,96.595815
4.15,6,96.630562
4.75,2,96.65537
4.6,3,96.682859
4.3,5,96.711082
-1.75,15,96.752913
4.15,6,96.783043
4.0,7,96.81444
4.6,3,96.84711
3.85,8,96.887938
4.45,4,97.063158
4.75,2,97.085008
4.75,2,97.114176
4.0,7,97.149123
4.6,3,97.18523
4.3,5,97.222865
4.3,5,97.256973
4.75,2,97.285768
4.3,5,97.319784
4.15,6,97.349926
4.15,6,97.381548
4.6,3,97.411258
4.45,4,97.445961
4.0,7,97.477672
4.15,6,97.513509
4.75,2,97.544608
3.55,10,97.580552
4.3,5,97.606626
4.0,7,97.638076
-1.75,15,97.679361
4.6,3,97.705398
4.15,6,97.736201
4.15,6,97.771198
4.9,1,97.801548
3.4,11,97.845953
-3.5,11,97.885241
4.3,5,97.911562
4.3,5,97.943564
4.6,3,97.968302
3.85,8,98.009747
4.6,3,98.035963
3.7,9,98.074054
4.75,2,98.098203
4.45,4,98.124164
4.75,2,98.149355
3.25,12,98.191422
4.75,2,98.213701
4.3,5,98.242775
4.45,4,98.269248
4.6,3,98.298546
3.85,8,98.34222
4.45,4,98.369716
4.45,4,98.396038
3.55,10,98.430515
4.3,5,98.456966
4.9,1,98.47938
4.6,3,98.512219
4.45,4,98.537893
-1.75,15,98.743771
4.3,5,98.779759
4.15,6,98.820791
4.3,5,98.858584
-1.75,15,98.907657
4.6,3,98.940018
4.75,2,98.970864
3.85,8,99.001036
4.6,3,99.027716
4.6,3,99.050119
-1.75,15,99.094981
4.9,1,99.119996
4.15,6,99.15365
4.6,3,99.180357
4.6,3,99.214285
4.75,2,99.241121
4.45,4,99.269083
4.0,7,99.302902
4.75,2,99.331077
4.6,3,99.363632
4.45,4,99.395243
4.3,5,99.425137
3.85,8,99.46456
3.7,9,99.503592
3.4,11,99.544973
4.0,7,99.57797
4.75,2,99.602736
4.45,4,99.63659
4.75,2,99.664491
4.15,6,99.699675
4.9,1,99.725937
4.0,7,99.756578
4.0,7,99.800302
4.15,6,99.841153
4.6,3,99.869057
4.6,3,99.89321
3.25,12,99.94123
4.6,3,99.974137
-1.75,15,100.016789
3.55,10,100.05282
4.75,2,100.078098
4.75,2,100.102898
4.15,6,100.136556
-3.35,8,100.174361
4.75,2,100.196604
4.6,3,100.224417
4.15,6,100.255296
4.6,3,100.429947
4.0,7,100.461767
4.15,6,100.494208
4.6,3,100.519917
4.6,3,100.55052
-1.75,15,100.599985
4.0,7,100.635158
4.75,2,100.66387
-1.75,15,100.706364
4.0,7,100.73684
4.3,5,100.765337
4.6,3,100.788759
3.7,9,100.823891
4.0,7,100.854658
4.15,6,100.883909
-1.75,15,100.926559
3.4,11,100.961818
4.75,2,100.985006
4.75,2,101.012213
4.45,4,101.042914
4.0,7,101.07154
4.3,5,101.100457
-1.75,15,101.143239
4.3,5,101.176748
4.75,2,101.201192
4.75,2,101.231047
4.6,3,101.25732
4.6,3,101.289679
4.45,4,101.319841
4.45,4,101.349595
4.75,2,101.376675
4.45,4,101.409386
4.15,6,101.445687
4.45,4,101.481988
4.3,5,101.508791
4.15,6,101.538455
3.85,8,101.569345
3.85,8,101.604632
4.15,6,101.636368
3.85,8,101.675516
-1.75,15,101.719714
4.0,7,101.925704
-3.3,7,101.958236
4.3,5,101.986221
4.15,6,102.024181
4.45,4,102.049602
4.45,4,102.080639
4.75,2,102.10366
4.6,3,102.131749
4.15,6,102.161404
4.6,3,102.186807
4.6,3,102.215876
4.9,1,102.237157
4.3,5,102.264838
4.6,3,102.2902
4.0,7,102.323973
-3.25,6,102.353199
4.9,1,102.376316
3.7,9,102.411056
3.85,8,102.443316
-1.75,15,102.487827
4.15,6,102.523072
4.6,3,102.559062
4.15,6,102.593253
3.85,8,102.628391
4.75,2,102.653914
3.7,9,102.692937
3.85,8,102.727061
3.55,10,102.764748
4.0,7,102.800209
4.6,3,102.828608
4.45,4,102.857672
4.6,3,102.887646
4.6,3,102.918753
4.75,2,102.946698
3.85,8,102.979454
4.45,4,103.006113
-1.75,15,103.047026
4.0,7,103.077973
4.0,7,103.111021
4.75,2,103.136296
3.25,12,103.174868
3.4,11,103.216164
4.75,2,103.243005
4.75,2,103.270157
-1.75,15,103.476415
-1.75,15,103.529778
4.75,2,103.560908
4.75,2,103.590602
4.6,3,103.622753
4.3,5,103.658009
4.3,5,103.691709
-1.75,15,103.736039
4.3,5,103.768203
-1.75,15,103.820785
4.0,7,103.856961
4.9,1,103.88121
4.3,5,103.90875
4.15,6,103.942777
4.45,4,103.969271
4.45,4,104.00565
3.7,9,104.04194
4.75,2,104.063136
3.85,8,104.0971
4.45,4,104.124778
4.45,4,104.151541
4.0,7,104.183677
4.6,3,104.207385
4.6,3,104.236193
3.7,9,104.268962
4.45,4,104.298084
4.6,3,104.325411
3.7,9,104.361162
-1.75,15,104.402711
4.6,3,104.429714
4.6,3,104.45596
4.45,4,104.48362
4.75,2,104.509628
4.45,4,104.5356
3.25,12,104.58301
4.3,5,104.621765
-3.15,4,104.653
4.3,5,104.685062
3.85,8,104.715094
4.6,3,104.741701
4.75,2,104.767815
4.45,4,104.798307
3.85,8,104.835636
4.0,7,104.8706
4.3,5,105.050151
4.6,3,105.075345
4.15,6,105.104355
3.7,9,105.140624
4.3,5,105.17255
4.15,6,105.213012
3.85,8,105.256606
4.45,4,105.290543
4.45,4,105.319278
4.3,5,105.351751
4.6,3,105.376874
3.85,8,105.408921
4.6,3,105.433669
4.75,2,105.455739
3.85,8,105.495924
4.45,4,105.522938
4.3,5,105.549711
4.0,7,105.588436
-1.75,15,105.633569
4.9,1,105.652853
4.6,3,105.677526
4.6,3,105.704768
4.15,6,105.736767
4.45,4,105.766126
3.4,11,105.803734
4.45,4,105.830756
4.45,4,105.859051
4.45,4,105.887558
4.15,6,105.920301
-1.75,15,105.968421
4.3,5,106.007102
3.25,12,106.050284
4.3,5,106.07941
4.6,3,106.10735
4.15,6,106.136306
4.6,3,106.162289
4.15,6,106.190119
3.55,10,106.230059
4.3,5,106.261472
3.4,11,106.299117
4.75,2,106.325974
4.15,6,106.353943
4.0,7,106.386603
-3.25,6,106.420408
4.9,1,106.608644
4.3,5,106.641042
4.45,4,106.676059
4.75,2,106.70231
4.15,6,106.735241
4.15,6,106.770662
4.75,2,106.799321
4.45,4,106.827017
4.15,6,106.864974
4.6,3,106.88957
3.55,10,106.939166
4.0,7,106.972618
4.15,6,107.005064
3.7,9,107.038275
4.45,4,107.068261
4.9,1,107.088259
3.7,9,107.125947
4.6,3,107.151281
4.6,3,107.186224
4.75,2,107.216694
4.45,4,107.244917
4.6,3,107.271402
3.85,8,107.303103
3.85,8,107.340205
4.6,3,107.371903
4.45,4,107.400605
3.7,9,107.439471
4.75,2,107.470163
4.75,2,107.496849
4.15,6,107.528766
4.45,4,107.562392
3.55,10,107.599615
3.25,12,107.636153
4.6,3,107.661941
4.9,1,107.691191
4.3,5,107.720886
4.15,6,107.75177
4.3,5,107.782061
-1.75,15,107.821493
4.45,4,107.851287
4.9,1,107.877846
3.85,8,107.908438
4.6,3,107.933253
4.45,4,107.958814
4.3,5,107.987482
4.75,2,108.011712
3.25,12,108.05164
-3.45,10,108.092206
4.15,6,108.297468
4.75,2,108.328281
4.6,3,108.354616
4.15,6,108.386016
4.15,6,108.419355
4.45,4,108.450091
4.75,2,108.478164
4.75,2,108.50492
4.75,2,108.533125
3.1,13,108.574535
4.0,7,108.606943
4.15,6,108.635305
4.3,5,108.667212
3.4,11,108.703311
4.0,7,108.739422
4.3,5,108.7704
4.45,4,108.798289
4.15,6,108.82818
4.45,4,108.857689
4.3,5,108.885259
4.9,1,108.909543
3.4,11,108.946068
3.85,8,108.976001
4.6,3,109.004035
4.45,4,109.029927
4.3,5,109.056692
4.45,4,109.083024
3.85,8,109.116432
4.3,5,109.145022
4.45,4,109.170903
4.75,2,109.193966
4.3,5,109.227707
4.6,3,109.255737
4.75,2,109.280904
4.3,5,109.312782
4.45,4,109.350056
4.6,3,109.38284
4.0,7,109.419708
4.3,5,109.451829
4.75,2,109.479618
3.7,9,109.515177
4.6,3,109.543932
4.6,3,109.576591
4.75,2,109.606858
4.3,5,109.636459
-3.45,10,109.679625
4.6,3,109.708574
4.15,6,109.746922
4.9,1,109.769472
4.9,1,109.794041
4.6,3,109.824764
4.15,6,109.856687
4.6,3,109.885978
4.3,5,109.918431
4.6,3,109.945946
-1.75,15,110.147109
4.0,7,110.181027
4.45,4,110.207335
4.45,4,110.235417
4.6,3,110.261074
4.3,5,110.288538
4.75,2,110.312406
4.45,4,110.340537
4.75,2,110.36446
4.15,6,110.393665
4.3,5,110.42236
4.6,3,110.44529
3.7,9,110.47849
4.15,6,110.507564
4.6,3,110.533449
4.75,2,110.560322
4.75,2,110.583086
4.75,2,110.607383
3.85,8,110.643735
3.85,8,110.679294
4.15,6,110.71115
4.75,2,110.739128
4.75,2,110.763362
4.9,1,110.786326
4.6,3,110.813503
3.85,8,110.846594
4.3,5,110.876403
4.15,6,110.908448
3.25,12,110.94638
4.45,4,110.973978
4.3,5,111.004644
4.75,2,111.029337
3.4,11,111.071616
4.45,4,111.100299
3.55,10,111.139986
4.0,7,111.178096
4.9,1,111.209657
4.3,5,111.238636
4.45,4,111.266105
4.45,4,111.296484
4.15,6,111.327915
3.7,9,111.368891
-1.75,15,111.422426
4.6,3,111.456136
4.9,1,111.482429
4.0,7,111.519038
4.15,6,111.550846
4.6,3,111.581508
4.15,6,111.768068
-1.75,15,111.813034
4.6,3,111.839162
3.4,11,111.879913
3.55,10,111.923595
4.45,4,111.957129
3.55,10,111.995179
4.0,7,112.027143
4.75,2,112.051421
-1.75,15,112.091016
4.6,3,112.118728
4.6,3,112.145103
4.75,2,112.173662
-1.75,15,112.217934
4.3,5,112.245319
4.3,5,112.273681
4.9,1,112.304534
3.4,11,112.361783
4.0,7,112.411348
4.15,6,112.443891
-1.75,15,112.502211
4.45,4,112.533236
-1.75,15,112.576631
3.7,9,112.612732
4.9,1,112.636154
-1.75,15,112.685359
3.7,9,112.727591
4.6,3,112.756587
4.75,2,112.782227
3.85,8,112.823361
4.15,6,112.862799
4.6,3,112.887245
4.45,4,112.920447
3.25,12,112.971659
4.45,4,113.013496
4.9,1,113.043638
4.3,5,113.080428
4.0,7,113.282524
4.6,3,113.306529
4.45,4,113.332004
4.15,6,113.360701
4.15,6,113.399896
3.7,9,113.436104
4.15,6,113.466201
3.55,10,113.501467
-3.05,2,113.52877
4.6,3,113.55772
4.6,3,113.581064
4.0,7,113.615309
-1.75,15,113.658799
-3.6,13,113.697261
4.6,3,113.724534
4.6,3,113.751086
4.0,7,113.793002
4.3,5,113.827555
4.15,6,113.856113
4.45,4,113.882228
4.45,4,113.909793
4.6,3,113.93393
4.15,6,113.967506
4.45,4,113.994446
3.55,10,114.030048
4.75,2,114.055266
3.55,10,114.09193
4.15,6,114.120746
3.55,10,114.159735
4.15,6,114.188673
4.6,3,114.217012
4.75,2,114.24256
4.6,3,114.275108
4.6,3,114.308805
4.45,4,114.338904
4.0,7,114.378441
4.3,5,114.409936
4.45,4,114.441332
4.45,4,114.472021
4.45,4,114.498781
4.0,7,114.530665
3.4,11,114.570909
4.75,2,114.597929
4.6,3,114.62232
4.3,5,114.651334
4.75,2,114.676187
4.15,6,114.707818
3.4,11,114.905703
4.75,2,114.928709
4.45,4,114.957841
4.6,3,114.984188
4.3,5,115.009929
4.75,2,115.032942
4.75,2,115.058887
4.6,3,115.083712
4.3,5,115.111439
4.45,4,115.13504
-3.35,8,115.179461
4.6,3,115.212578
4.75,2,115.234865
4.45,4,115.264775
4.45,4,115.288378
4.45,4,115.316778
3.85,8,115.354411
4.6,3,115.388826
4.3,5,115.423152
3.85,8,115.458568
4.45,4,115.48968
4.3,5,115.517743
4.3,5,115.546962
4.6,3,115.574752
4.45,4,115.600514
4.6,3,115.626669
4.0,7,115.654988
4.75,2,115.679248
4.0,7,115.718405
4.3,5,115.75089
3.85,8,115.783779
4.75,2,115.811398
4.6,3,115.839019
4.6,3,115.867396
3.85,8,115.906938
4.6,3,115.936155
4.6,3,115.969244
-3.6,13,116.015805
4.0,7,116.050692
4.9,1,116.078091
4.15,6,116.108613
-3.3,7,116.143055
3.7,9,116.182839
3.85,8,116.226816
4.45,4,116.258417
3.1,13,116.312311
4.75,2,116.342787
4.3,5,116.380983
3.85,8,116.416327
4.6,3,116.443151
4.75,2,116.465472
4.6,3,116.490925
4.75,2,116.661981
-1.75,15,116.713462
4.6,3,116.738441
4.75,2,116.765754
4.6,3,116.794542
4.3,5,116.825651
4.6,3,116.852643
4.3,5,116.883301
3.7,9,116.92422
4.75,2,116.95132
4.75,2,116.976521
4.75,2,117.008714
3.7,9,117.045945
4.0,7,117.076391
4.3,5,117.10155
4.15,6,117.129113
4.45,4,117.158221
4.75,2,117.184251
3.4,11,117.223494
4.3,5,117.254546
4.3,5,117.285664
4.0,7,117.320154
4.3,5,117.349982
4.0,7,117.383871
4.75,2,117.409521
4.6,3,117.43494
4.75,2,117.462838
4.3,5,117.493683
4.15,6,117.53203
3.85,8,117.572572
4.6,3,117.602859
4.15,6,117.636885
-3.2,5,117.671195
-1.75,15,117.729922
-1.75,15,117.782215
4.75,2,117.812363
4.15,6,117.848414
4.6,3,117.880063
4.15,6,117.916395
3.85,8,117.962527
4.6,3,117.994837
4.75,2,118.02053
4.6,3,118.044842
3.7,9,118.080723
-3.55,12,118.116891
4.3,5,118.146514
4.0,7,118.32539
4.75,2,118.349919
3.55,10,118.389438
4.45,4,118.416566
4.6,3,118.444
4.15,6,118.477291
-3.55,12,118.526954
4.6,3,118.551816
4.3,5,118.582027
4.45,4,118.612875
3.4,11,118.656152
4.75,2,118.680203
4.3,5,118.709779
3.85,8,118.741436
4.3,5,118.768903
4.3,5,118.799434
4.6,3,118.828224
4.45,4,118.857058
4.45,4,118.88443
4.75,2,118.910661
4.6,3,118.936006
4.3,5,118.965497
3.85,8,118.998468
4.45,4,119.027027
4.9,1,119.050804
4.45,4,119.076682
4.45,4,119.10502
4.75,2,119.129904
3.85,8,119.164537
4.45,4,119.201065
4.15,6,119.233553
4.9,1,119.260175
4.3,5,119.29423
3.4,11,119.3388
4.45,4,119.3692
4.75,2,119.402425
4.3,5,119.437545
3.4,11,119.484256
4.15,6,119.523313
4.45,4,119.555415
4.6,3,119.583194
4.45,4,119.6171
3.85,8,119.65795
-1.75,15,119.704819
4.3,5,119.733292
4.45,4,119.761331
4.45,4,119.789641
4.6,3,119.816658
3.85,8,119.85124
4.9,1,119.876781
4.3,5,120.069514
4.45,4,120.106301
4.15,6,120.141838
4.75,2,120.168425
4.15,6,120.202531
4.0,7,120.236041
4.3,5,120.268353
4.15,6,120.303724
3.85,8,120.336508
4.6,3,120.361981
3.85,8,120.397005
-1.75,15,120.445405
4.75,2,120.472812
3.4,11,120.512637
4.75,2,120.536616
3.7,9,120.572129
3.7,9,120.609532
4.6,3,120.637628
4.45,4,120.665909
4.15,6,120.698152
4.6,3,120.725311
3.7,9,120.763231
-3.3,7,120.797823
4.0,7,120.833433
4.45,4,120.864766
4.45,4,120.89333
4.45,4,120.920468
4.3,5,120.950228
4.3,5,120.984852
4.3,5,121.017026
4.75,2,121.049066
-3.35,8,121.084892
4.15,6,121.121316
4.15,6,121.157936
3.1,13,121.200516
4.0,7,121.229757
4.3,5,121.25996
3.4,11,121.298729
4.6,3,121.322394
4.75,2,121.346557
4.3,5,121.374464
4.0,7,121.405689
4.45,4,121.43477
-1.75,15,121.641255
4.45,4,121.667548
4.75,2,121.693438
4.15,6,121.721832
3.55,10,121.756247
4.15,6,121.784377
3.85,8,121.815706
3.4,11,121.8515
3.25,12,121.895987
4.45,4,121.927087
4.3,5,121.961012
4.15,6,121.997135
3.55,10,122.035211
-3.35,8,122.066972
4.6,3,122.093668
3.25,12,122.132665
4.6,3,122.157856
3.7,9,122.196977
4.9,1,122.22558
4.75,2,122.248091
4.9,1,122.275655
3.4,11,122.316373
3.55,10,122.360726
4.9,1,122.382001
4.0,7,122.421939
4.0,7,122.461659
-1.75,15,122.519316
4.15,6,122.556255
-3.2,5,122.591449
4.6,3,122.619173
4.9,1,122.645113
4.75,2,122.66832
4.75,2,122.696019
4.75,2,122.725492
4.75,2,122.75029
-1.75,15,122.80169
4.6,3,122.83145
4.9,1,122.85691
4.0,7,122.891426
4.15,6,122.928489
4.6,3,122.958442
4.75,2,122.982584
4.0,7,123.026538
4.75,2,123.053282
4.45,4,123.237393
3.85,8,123.275595
4.45,4,123.304609
4.3,5,123.333942
4.6,3,123.365852
4.3,5,123.397687
3.7,9,123.43175
4.3,5,123.462035
4.9,1,123.492357
4.9,1,123.518202
4.6,3,123.544969
-1.75,15,123.589868
4.45,4,123.620739
4.75,2,123.647613
4.6,3,123.673892
3.55,10,123.710721
3.7,9,123.753623
4.45,4,123.78781
4.75,2,123.815819
3.4,11,123.857561
4.45,4,123.887195
3.55,10,123.926182
4.3,5,123.956189
4.15,6,123.987593
-1.75,15,124.03665
4.3,5,124.071829
-1.75,15,124.123134
4.6,3,124.152229
3.7,9,124.193663
4.6,3,124.224998
4.75,2,124.250111
4.45,4,124.279931
-1.75,15,124.325589
4.75,2,124.35196
4.0,7,124.386967
4.9,1,124.411294
-1.75,15,124.459102
4.3,5,124.492741
4.6,3,124.517989
4.15,6,124.549226
4.3,5,124.580667
4.6,3,124.61089
4.75,2,124.634363
4.45,4,124.664984
3.7,9,124.84991
3.7,9,124.890825
-3.25,6,124.923156
4.6,3,124.949322
4.45,4,124.973881
4.15,6,125.005105
4.3,5,125.032906
3.7,9,125.064103
4.45,4,125.089731
4.75,2,125.111767
4.15,6,125.144093
4.9,1,125.174564
3.85,8,125.220479
3.55,10,125.25586
4.45,4,125.288694
4.45,4,125.325108
4.15,6,125.363554
4.45,4,125.392137
3.7,9,125.429153
3.7,9,125.468039
4.45,4,125.498343
4.6,3,125.526412
4.3,5,125.556747
4.9,1,125.584448
3.85,8,125.62302
4.0,7,125.661264
4.3,5,125.696449
4.75,2,125.724837
-1.75,15,125.773978
4.6,3,125.802639
4.3,5,125.831689
4.15,6,125.862541
4.75,2,125.88406
4.6,3,125.90922
4.6,3,125.94299
4.45,4,125.971535
4.15,6,126.00423
4.75,2,126.02931
4.15,6,126.061296
3.85,8,126.09863
3.55,10,126.140238
3.85,8,126.176787
4.9,1,126.211135
4.15,6,126.241682
4.75,2,126.269181
3.85,8,126.303533
4.6,3,126.330956
4.6,3,126.505942
4.15,6,126.533588
4.15,6,126.566071
4.75,2,126.593083
4.45,4,126.621968
4.15,6,126.650065
4.6,3,126.680093
4.15,6,126.711968
4.45,4,126.744397
4.15,6,126.776234
3.7,9,126.817582
4.0,7,126.862331
4.45,4,126.895153
4.9,1,126.924212
3.85,8,126.96133
4.75,2,126.988342
4.15,6,127.020413
4.75,2,127.045036
4.75,2,127.07332
4.45,4,127.099226
4.9,1,127.125183
4.0,7,127.159793
4.75,2,127.19145
4.45,4,127.225917
4.3,5,127.25901
4.45,4,127.291964
3.4,11,127.33171
4.15,6,127.365604
3.85,8,127.404416
4.75,2,127.428764
4.45,4,127.458416
4.0,7,127.487152
3.55,10,127.521615
3.25,12,127.559693
3.25,12,127.600624
4.75,2,127.627088
4.45,4,127.658932
4.3,5,127.687375
4.75,2,127.712749
3.55,10,127.753603
4.9,1,127.777553
3.55,10,127.8152
4.3,5,127.848244
4.15,6,127.885297
3.85,8,127.926108
4.45,4,127.960999
4.15,6,127.989719
-1.75,15,128.182276
4.3,5,128.212605
4.15,6,128.242706
4.3,5,128.269778
4.3,5,128.301224
4.75,2,128.327602
4.6,3,128.356785
3.85,8,128.391831
4.45,4,128.421134
3.55,10,128.461653
3.55,10,128.503146
4.6,3,128.530194
4.6,3,128.557809
4.6,3,128.590052
3.25,12,128.636246
4.9,1,128.664844
4.75,2,128.696523
3.4,11,128.741521
3.55,10,128.785429
4.45,4,128.821918
4.3,5,128.857061
4.0,7,128.89863
4.9,1,128.927052
4.6,3,128.954103
3.25,12,128.999829
-1.75,15,129.0454
4.45,4,129.077151
4.3,5,129.113816
3.7,9,129.154001
4.0,7,129.184846
4.45,4,129.212376
3.4,11,129.24735
3.7,9,129.280697
4.3,5,129.309386
4.15,6,129.339537
3.7,9,129.374382
4.3,5,129.404874
4.0,7,129.439695
4.3,5,129.469554
4.15,6,129.503762
4.6,3,129.538975
3.7,9,129.758355
4.75,2,129.781795
4.15,6,129.813362
4.0,7,129.849752
4.15,6,129.890439
-1.75,15,129.937325
4.15,6,129.969568
4.6,3,129.995101
3.85,8,130.028744
4.3,5,130.055054
-1.75,15,130.107516
3.55,10,130.14633
4.0,7,130.18066
4.6,3,130.210473
4.6,3,130.246845
4.75,2,130.279325
3.55,10,130.318027
3.4,11,130.363162
4.6,3,130.394362
3.7,9,130.430681
4.0,7,130.4734
4.3,5,130.507476
4.6,3,130.534129
3.85,8,130.567286
4.3,5,130.603751
4.45,4,130.631111
4.75,2,130.658342
4.6,3,130.682154
3.85,8,130.717811
4.15,6,130.749315
4.75,2,130.776701
4.3,5,130.805079
4.45,4,130.832343
4.6,3,130.864304
-1.75,15,130.914666
4.75,2,130.942109
3.85,8,130.975372
4.45,4,131.001109
4.3,5,131.02724
4.9,1,131.050905
4.0,7,131.091363
4.6,3,131.119303
4.0,7,131.1536
4.6,3,131.180672
4.15,6,131.352126
4.45,4,131.381307
3.85,8,131.41581
3.7,9,131.450228
4.6,3,131.477697
4.3,5,131.507866
4.0,7,131.544803
4.15,6,131.577081
4.6,3,131.607685
4.15,6,131.639706
4.45,4,131.669222
-1.75,15,131.7155
4.6,3,131.744962
4.6,3,131.773002
-1.75,15,131.817661
3.4,11,131.866019
3.7,9,131.909764
4.15,6,131.944971
4.6,3,131.972576
3.4,11,132.018775
3.25,12,132.061574
4.45,4,132.088867
4.6,3,132.12102
4.3,5,132.147209
4.6,3,132.175107
4.6,3,132.202643
4.3,5,132.233885
4.45,4,132.260521
-1.75,15,132.305875
4.3,5,132.333052
-3.1,3,132.359034
4.75,2,132.382206
4.45,4,132.41462
4.3,5,132.44481
4.0,7,132.486615
3.55,10,132.525016
3.7,9,132.559056
4.6,3,132.584111
4.3,5,132.617049
4.75,2,132.644591
4.15,6,132.681598
4.0,7,132.861926
3.7,9,132.913987
3.7,9,132.957656
3.55,10,133.000818
4.75,2,133.029681
-3.5,11,133.075743
4.6,3,133.103499
4.6,3,133.130105
4.9,1,133.156719
4.75,2,133.185509
4.45,4,133.216632
4.75,2,133.249837
4.6,3,133.27789
4.9,1,133.298644
4.3,5,133.331872
4.75,2,133.357247
4.9,1,133.388992
4.3,5,133.4254
-1.75,15,133.472913
4.75,2,133.499504
4.45,4,133.538226
4.45,4,133.567834
-1.75,15,133.612952
3.7,9,133.654628
4.0,7,133.688151
4.45,4,133.715626
3.85,8,133.748518
3.7,9,133.78173
3.55,10,133.818135
4.9,1,133.844611
3.4,11,133.890676
-1.75,15,133.933619
4.75,2,133.959773
4.3,5,133.988807
3.55,10,134.021876
4.6,3,134.046999
4.45,4,134.073975
4.15,6,134.104785
4.6,3,134.1294
-1.75,15,134.175464
4.15,6,134.207604
3.1,13,134.249407
4.0,7,134.431653
4.0,7,134.469202
4.0,7,134.500453
4.6,3,134.528487
4.6,3,134.556716
3.4,11,134.600912
4.75,2,134.628453
4.75,2,134.65211
3.7,9,134.684463
4.6,3,134.712912
4.6,3,134.742704
3.4,11,134.781389
4.3,5,134.814558
-1.75,15,134.870863
4.6,3,134.904697
-1.75,15,134.95949
4.75,2,134.986018
-1.75,15,135.032426
4.15,6,135.061822
4.0,7,135.100867
4.45,4,135.130036
3.7,9,135.165524
4.6,3,135.194108
4.75,2,135.225073
4.6,3,135.256347
-1.75,15,135.300924
4.0,7,135.334087
3.55,10,135.377455
4.6,3,135.404904
4.0,7,135.4417
4.15,6,135.478263
4.3,5,135.508692
4.6,3,135.530462
4.3,5,135.56225
4.15,6,135.591273
3.55,10,135.627166
4.75,2,135.658552
4.6,3,135.680533
4.3,5,135.713835
-1.75,15,135.89836
4.6,3,135.923716
4.6,3,135.950171
4.0,7,135.983354
-3.3,7,136.013236
3.7,9,136.050187
4.3,5,136.082038
4.75,2,136.104031
3.4,11,136.14455
4.6,3,136.178997
4.75,2,136.212215
4.75,2,136.241431
4.15,6,136.275636
4.15,6,136.309983
4.45,4,136.341567
4.0,7,136.376499
-1.75,15,136.429039
4.6,3,136.461414
3.55,10,136.497503
4.3,5,136.526299
4.45,4,136.555585
4.3,5,136.585145
4.3,5,136.626415
3.85,8,136.670272
4.45,4,136.708751
4.15,6,136.746411
4.15,6,136.786601
4.45,4,136.815037
-1.75,15,136.86245
4.0,7,136.895506
4.3,5,136.926991
4.45,4,136.964707
3.25,12,137.008531
4.6,3,137.039188
4.6,3,137.063747
4.6,3,137.091787
4.0,7,137.123371
4.6,3,137.149046
4.9,1,137.177214
3.85,8,137.214125
4.9,1,137.241693
4.0,7,137.274323
-1.75,15,137.322746
4.0,7,137.36612
4.6,3,137.527618
4.3,5,137.557977
4.3,5,137.589783
4.9,1,137.613146
3.55,10,137.652842
4.9,1,137.676205
4.9,1,137.70726
3.4,11,137.744341
4.45,4,137.771867
4.3,5,137.799776
4.45,4,137.826743
4.3,5,137.858091
4.0,7,137.888985
3.55,10,137.925389
4.9,1,137.947625
-1.75,15,137.988998
4.6,3,138.015183
3.25,12,138.064166
-3.1,3,138.090002
3.85,8,138.12605
4.45,4,138.159606
4.45,4,138.191472
3.7,9,138.227363
3.55,10,138.270401
4.15,6,138.304309
3.4,11,138.347469
4.15,6,138.380898
4.9,1,138.403116
4.0,7,138.435545
4.3,5,138.464291
4.3,5,138.494898
3.55,10,138.533658
3.85,8,138.569955
3.7,9,138.604817
4.15,6,138.639185
4.0,7,138.674202
4.3,5,138.707953
4.45,4,138.741245
4.6,3,138.76542
4.45,4,138.794067
4.6,3,138.821629
4.15,6,138.848419
4.75,2,138.87148
3.85,8,139.05299
4.75,2,139.083627
3.55,10,139.122896
4.0,7,139.153642
4.15,6,139.186228
4.75,2,139.221824
4.75,2,139.249968
4.45,4,139.280126
4.0,7,139.312845
-1.75,15,139.35963
4.3,5,139.389588
3.85,8,139.421192
4.3,5,139.451461
-3.15,4,139.483196
-3.35,8,139.527347
4.6,3,139.558933
4.15,6,139.59464
4.15,6,139.63037
3.4,11,139.677965
4.45,4,139.714418
4.6,3,139.742262
4.45,4,139.782492
4.6,3,139.813538
4.75,2,139.841352
4.6,3,139.874676
4.0,7,139.916923
4.45,4,139.948154
4.45,4,139.978156
4.0,7,140.015075
4.75,2,140.042683
4.6,3,140.068914
4.6,3,140.095174
4.0,7,140.128587
4.15,6,140.168985
-1.75,15,140.215608
4.6,3,140.241331
4.75,2,140.265902
4.45,4,140.296857
4.6,3,140.325103
-3.2,5,140.358858
-1.75,15,140.402737
4.45,4,140.429512
4.15,6,140.459537
4.6,3,140.48607
4.9,1,140.509311
4.6,3,140.534898
4.0,7,140.567516
4.0,7,140.60386
4.15,6,140.784868
-3.1,3,140.811418
4.6,3,140.84244
3.85,8,140.874175
4.6,3,140.89965
3.4,11,140.93717
4.3,5,140.969537
4.45,4,140.995673
4.0,7,141.027333
4.15,6,141.062058
4.6,3,141.088335
4.75,2,141.114767
3.55,10,141.153868
4.0,7,141.190225
-1.75,15,141.24304
4.3,5,141.276381
4.3,5,141.311366
4.75,2,141.342923
4.45,4,141.386421
4.15,6,141.420461
3.4,11,141.462683
4.6,3,141.492409
4.75,2,141.519084
3.85,8,141.554509
4.75,2,141.58063
4.3,5,141.60957
4.9,1,141.6352
4.15,6,141.664211
4.6,3,141.693389
4.15,6,141.730531
3.25,12,141.773234
4.3,5,141.804024
4.45,4,141.831715
4.45,4,141.859764
3.55,10,141.893522
4.6,3,141.918003
3.85,8,141.947212
4.0,7,141.975007
4.45,4,142.001738
4.15,6,142.038035
4.75,2,142.064621
4.75,2,142.088911
4.75,2,142.112694
4.75,2,142.139286
4.0,7,142.172247
3.85,8,142.211401
4.9,1,142.232607
4.6,3,142.259917
-3.35,8,142.292722
3.25,12,142.479336
4.45,4,142.51366
4.3,5,142.544858
4.75,2,142.57074
4.45,4,142.601354
4.6,3,142.628735
4.75,2,142.656003
3.85,8,142.696625
-1.75,15,142.74644
4.45,4,142.78474
4.75,2,142.812382
4.45,4,142.848703
3.55,10,142.890469
4.75,2,142.914498
3.4,11,142.955945
4.0,7,142.989923
3.1,13,143.032624
-1.75,15,143.081736
-1.75,15,143.133144
4.15,6,143.168019
4.75,2,143.193198
4.45,4,143.223375
3.4,11,143.266344
4.3,5,143.297612
4.9,1,143.3245
4.0,7,143.355091
4.6,3,143.379312
4.45,4,143.409772
4.75,2,143.437604
4.0,7,143.471531
-1.75,15,143.5141
4.6,3,143.540637
4.45,4,143.570449
4.75,2,143.604148
-1.75,15,143.65487
4.45,4,143.682466
4.15,6,143.721484
4.45,4,143.751683
4.3,5,143.781119
4.45,4,143.809519
3.85,8,143.997836
4.45,4,144.029229
4.45,4,144.054365
4.0,7,144.087807
4.6,3,144.120639
3.7,9,144.158006
4.6,3,144.186028
4.75,2,144.21206
-3.5,11,144.2567
4.3,5,144.287369
4.9,1,144.313071
3.55,10,144.356717
3.85,8,144.400098
3.4,11,144.443227
4.45,4,144.472732
4.3,5,144.500914
4.45,4,144.532503
3.55,10,144.570271
4.6,3,144.594916
4.75,2,144.621505
4.0,7,144.654399
-1.75,15,144.696626
4.6,3,144.722696
3.25,12,144.759977
4.9,1,144.784217
4.15,6,144.82171
3.55,10,144.874609
4.6,3,144.906291
4.75,2,144.931021
4.75,2,144.961699
3.85,8,144.993368
4.45,4,145.022463
4.75,2,145.04386
4.75,2,145.068846
4.9,1,145.095005
4.0,7,145.125741
4.45,4,145.154915
4.6,3,145.17989
4.45,4,145.208457
4.75,2,145.230256
4.15,6,145.260957
4.6,3,145.29112
4.45,4,145.323709
4.9,1,145.346555
4.75,2,145.375371
3.85,8,145.41547
4.75,2,145.439653
4.75,2,145.463872
4.6,3,145.493287
4.6,3,145.521943
4.6,3,145.545332
4.0,7,145.577391
-1.75,15,145.761813
4.75,2,145.790548
4.45,4,145.827768
4.45,4,145.858666
3.7,9,145.89804
3.85,8,145.935406
4.6,3,145.966231
4.75,2,145.996767
4.45,4,146.036049
4.75,2,146.06666
3.55,10,146.112983
-1.75,15,146.163574
4.6,3,146.201855
3.7,9,146.240433
4.6,3,146.272724
4.0,7,146.306648
4.3,5,146.340849
-1.75,15,146.389546
4.75,2,146.414291
4.75,2,146.44002
-1.75,15,146.482736
3.85,8,146.518997
4.45,4,146.54643
4.9,1,146.571128
4.3,5,146.600698
4.0,7,146.640448
3.55,10,146.67574
4.15,6,146.704647
3.4,11,146.739785
4.15,6,146.768298
4.45,4,146.799407
3.85,8,146.834523
3.55,10,146.869515
4.15,6,146.896928
4.9,1,146.9254
4.15,6,146.957022
4.6,3,146.982699
-1.75,15,147.025656
4.3,5,147.055579
4.15,6,147.231308
4.0,7,147.263091
3.7,9,147.302124
4.15,6,147.330508
-1.75,15,147.378789
4.3,5,147.419836
4.3,5,147.457831
4.6,3,147.484469
4.0,7,147.520028
4.45,4,147.554662
4.45,4,147.581244
4.9,1,147.606707
3.7,9,147.642019
4.15,6,147.679593
3.7,9,147.721557
-1.75,15,147.772039
3.7,9,147.815607
4.75,2,147.843234
3.4,11,147.882771
4.3,5,147.912666
3.7,9,147.945807
3.7,9,147.981105
-1.75,15,148.024628
3.85,8,148.060268
3.85,8,148.092971
4.6,3,148.119257
-3.3,7,148.150097
4.15,6,148.179449
4.6,3,148.204539
4.75,2,148.227718
4.3,5,148.257266
4.0,7,148.291051
4.45,4,148.317569
3.4,11,148.355202
-1.75,15,148.406526
4.75,2,148.438237
4.0,7,148.477063
3.25,12,148.681378
4.6,3,148.715597
4.45,4,148.749619
4.0,7,148.78045
4.3,5,148.815137
3.1,13,148.856357
4.9,1,148.883676
4.75,2,148.911446
4.3,5,148.941577
3.85,8,148.974301
4.6,3,149.003295
4.3,5,149.028726
4.0,7,149.06258
4.75,2,149.086394
3.85,8,149.125814
3.55,10,149.165775
4.6,3,149.192743
4.45,4,149.221895
4.45,4,149.257454
4.9,1,149.287991
4.45,4,149.320615
4.75,2,149.345662
3.85,8,149.378385
4.0,7,149.411302
4.3,5,149.444959
4.75,2,149.47762
3.85,8,149.515079
-3.5,11,149.558742
4.9,1,149.586375
4.0,7,149.621089
4.9,1,149.652508
4.15,6,149.680626
4.45,4,149.709599
4.75,2,149.745344
4.6,3,149.778028
3.7,9,149.819392
3.85,8,149.851783
4.45,4,149.877376
4.6,3,149.906877
4.0,7,149.942966
4.75,2,149.967355
4.75,2,149.98963
4.75,2,150.015072
4.75,2,150.037796
4.45,4,150.064629
3.85,8,150.09687
4.6,3,150.123986
4.6,3,150.155875
4.6,3,150.178895
4.15,6,150.211409
4.9,1,150.234754
4.3,5,150.261667
4.6,3,150.288705
-1.75,15,150.479625
3.7,9,150.520318
4.3,5,150.556383
3.1,13,150.600147
4.75,2,150.624841
4.75,2,150.649934
-1.75,15,150.703341
3.85,8,150.746744
4.15,6,150.785403
4.45,4,150.818887
4.9,1,150.842658
4.75,2,150.871157
4.3,5,150.896209
4.6,3,150.925893
4.3,5,150.954537
4.75,2,150.984309
-3.3,7,151.016257
4.75,2,151.045288
4.0,7,151.080979
4.0,7,151.119124
4.15,6,151.149446
4.6,3,151.17619
4.45,4,151.203548
4.45,4,151.22836
4.75,2,151.258264
4.75,2,151.292547
4.9,1,151.317165
3.85,8,151.359812
3.85,8,151.395323
4.15,6,151.424108
4.75,2,151.448216
4.6,3,151.475669
3.7,9,151.510963
4.3,5,151.5467
4.3,5,151.585812
4.15,6,151.615948
3.7,9,151.653554
3.4,11,151.697353
3.85,8,151.737061
4.75,2,151.761786
4.75,2,151.786815
4.45,4,151.813907
4.75,2,151.846043
4.15,6,151.880993
4.0,7,151.91198
4.9,1,151.938793
4.75,2,151.964604
-1.75,15,152.158298
4.6,3,152.188139
3.85,8,152.221382
4.15,6,152.256062
4.0,7,152.289269
3.85,8,152.323729
-1.75,15,152.369448
4.15,6,152.403987
4.15,6,152.435004
4.9,1,152.459495
3.85,8,152.503254
4.45,4,152.534921
3.55,10,152.573953
4.6,3,152.599915
4.45,4,152.630796
4.9,1,152.656747
4.45,4,152.689357
4.45,4,152.715958
4.3,5,152.748944
4.45,4,152.777362
4.3,5,152.806306
4.45,4,152.836479
4.45,4,152.862071
4.45,4,152.893065
4.45,4,152.923026
3.25,12,152.962241
4.6,3,152.993122
3.7,9,153.031554
4.6,3,153.056082
4.3,5,153.086936
4.75,2,153.111556
4.0,7,153.150442
4.0,7,153.187034
4.75,2,153.212606
4.3,5,153.24415
4.45,4,153.27141
4.3,5,153.299506
3.7,9,153.337952
3.85,8,153.371033
4.3,5,153.404324
4.75,2,153.428324
4.6,3,153.45507
4.3,5,153.485847
4.15,6,153.517776
4.75,2,153.542477
4.9,1,153.574013
4.3,5,153.606886
4.15,6,153.648354
4.6,3,153.681988
4.6,3,153.719724
4.9,1,153.749779
4.3,5,153.964094
4.75,2,153.994437
4.6,3,154.023997
3.4,11,154.069606
4.6,3,154.096054
4.75,2,154.123424
3.25,12,154.163642
-1.75,15,154.212474
4.15,6,154.250575
4.3,5,154.281987
4.75,2,154.307348
4.45,4,154.33924
4.15,6,154.37254
4.3,5,154.404519
4.6,3,154.434273
4.75,2,154.465899
4.3,5,154.498516
-1.75,15,154.545337
-1.75,15,154.605676
4.45,4,154.644478
-1.75,15,154.704404
3.7,9,154.752864
4.9,1,154.775914
3.55,10,154.828974
4.6,3,154.858973
4.45,4,154.887174
4.3,5,154.920987
4.6,3,154.944091
4.6,3,154.970174
4.15,6,154.999838
3.85,8,155.029255
3.55,10,155.061285
4.3,5,155.090716
4.0,7,155.123502
3.55,10,155.158859
4.6,3,155.188712
4.45,4,155.215945
4.15,6,155.249592
3.7,9,155.28645
4.75,2,155.318204
4.9,1,155.344229
4.3,5,155.379451
4.6,3,155.41063
-3.25,6,155.627832
4.9,1,155.655243
3.85,8,155.697793
4.6,3,155.7261
4.3,5,155.757954
4.75,2,155.781972
3.7,9,155.815798
3.85,8,155.848542
4.75,2,155.876784
4.45,4,155.90415
4.15,6,155.938399
4.45,4,155.96749
4.0,7,156.000571
4.75,2,156.02815
4.6,3,156.055321
4.3,5,156.082927
-3.55,12,156.120382
4.6,3,156.143294
4.0,7,156.178478
4.45,4,156.213481
4.75,2,156.243587
3.7,9,156.290606
4.15,6,156.328179
4.3,5,156.365582
4.6,3,156.393942
4.6,3,156.424218
4.3,5,156.457879
-3.65,14,156.508699
4.6,3,156.539145
3.85,8,156.571247
3.55,10,156.605364
4.6,3,156.634104
4.0,7,156.664496
4.3,5,156.692569
3.85,8,156.727163
4.45,4,156.756702
4.45,4,156.787631
3.7,9,156.823628
4.6,3,156.853054
4.3,5,156.883731
4.75,2,156.911085
4.15,6,156.951149
4.6,3,156.978854
-1.75,15,157.022512
4.15,6,157.05464
3.4,11,157.256375
4.15,6,157.286455
-1.75,15,157.33149
4.3,5,157.361284
4.6,3,157.387504
3.25,12,157.423833
4.0,7,157.456024
4.6,3,157.483063
4.6,3,157.507365
3.85,8,157.543196
3.55,10,157.582146
4.15,6,157.612263
4.3,5,157.640016
4.6,3,157.665801
3.4,11,157.703863
4.6,3,157.730889
-1.75,15,157.782582
3.25,12,157.833102
4.75,2,157.86151
3.85,8,157.902378
3.55,10,157.94305
4.15,6,157.97388
4.3,5,158.004676
3.4,11,158.043272
4.9,1,158.064631
4.15,6,158.093783
4.0,7,158.127256
4.45,4,158.159313
4.6,3,158.187049
3.7,9,158.22033
4.75,2,158.242993
4.75,2,158.268719
4.0,7,158.299316
3.55,10,158.335553
4.75,2,158.357689
4.45,4,158.391091
4.6,3,158.422694
3.55,10,158.471502
4.75,2,158.497967
4.75,2,158.526681
3.55,10,158.566585
-1.75,15,158.777178
4.6,3,158.806872
4.3,5,158.843489
4.3,5,158.878864
4.6,3,158.908987
4.9,1,158.936285
4.75,2,158.959225
-1.75,15,158.999793
3.25,12,159.038182
4.9,1,159.068361
4.75,2,159.098361
-3.15,4,159.128007
4.9,1,159.153689
4.45,4,159.184631
4.0,7,159.217028
4.0,7,159.244279
4.9,1,159.27071
-3.2,5,159.296225
4.6,3,159.324622
4.15,6,159.357947
4.15,6,159.3926
4.3,5,159.424661
4.3,5,159.460856
4.15,6,159.492922
4.6,3,159.520442
4.9,1,159.541953
4.9,1,159.569411
4.75,2,159.594037
4.3,5,159.625395
3.1,13,159.666689
4.15,6,159.70303
3.55,10,159.747409
4.75,2,159.773108
4.15,6,159.805504
4.45,4,159.837341
4.3,5,159.872886
3.4,11,159.913898
4.45,4,159.946875
4.45,4,159.977383
3.55,10,160.015917
4.6,3,160.045189
4.15,6,160.076302
4.6,3,160.105467
4.0,7,160.14117
4.6,3,160.17272
4.6,3,160.209387
-1.75,15,160.261172
4.9,1,160.288143
3.85,8,160.49554
4.0,7,160.528773
4.15,6,160.562507
4.75,2,160.593126
3.4,11,160.635482
-1.75,15,160.675102
-1.75,15,160.717794
4.75,2,160.746015
4.0,7,160.780832
4.45,4,160.809805
-1.75,15,160.857998
4.0,7,160.893598
4.3,5,160.924047
4.3,5,160.954388
4.75,2,160.9752
3.4,11,161.013703
4.0,7,161.047897
4.45,4,161.075433
4.15,6,161.106047
4.75,2,161.136123
4.3,5,161.166613
4.15,6,161.196949
-1.75,15,161.240476
4.75,2,161.264719
4.45,4,161.289773
4.75,2,161.315228
4.6,3,161.346145
4.75,2,161.36785
4.15,6,161.398591
3.85,8,161.432256
4.6,3,161.455804
4.6,3,161.4799
4.75,2,161.505027
4.3,5,161.5379
4.3,5,161.568348
4.6,3,161.598321
4.45,4,161.630512
4.3,5,161.667262
4.6,3,161.694717
-1.75,15,161.744351
4.75,2,161.772565
-1.75,15,161.821961
4.3,5,162.015485
4.75,2,162.040349
3.7,9,162.075326
-3.55,12,162.110309
4.75,2,162.135131
4.15,6,162.163902
3.7,9,162.19788
4.15,6,162.230509
3.85,8,162.263227
4.6,3,162.288489
3.7,9,162.323049
4.6,3,162.349334
4.6,3,162.375043
4.75,2,162.401489
4.6,3,162.429084
4.15,6,162.462828
4.15,6,162.499762
4.45,4,162.528785
4.75,2,162.556319
3.85,8,162.596498
4.45,4,162.629122
4.6,3,162.656763
4.0,7,162.695165
4.6,3,162.723748
4.0,7,162.756791
4.6,3,162.787346
4.0,7,162.816456
4.45,4,162.84359
4.45,4,162.870166
4.9,1,162.899969
4.15,6,162.935636
4.0,7,162.97246
4.45,4,162.997709
4.75,2,163.02015
3.85,8,163.055228
4.9,1,163.089878
4.15,6,163.131024
4.3,5,163.168483
-3.45,10,163.207828
4.75,2,163.233934
4.6,3,163.261406
4.75,2,163.289809
4.3,5,163.324236
4.0,7,163.357981
-3.4,9,163.394305
4.75,2,163.427324
4.9,1,163.455516
3.7,9,163.492625
4.75,2,163.514807
4.6,3,163.542812
4.0,7,163.584384
4.45,4,163.614118
4.6,3,163.786481
4.3,5,163.814024
4.45,4,163.849102
4.45,4,163.885536
4.75,2,163.917651
4.0,7,163.947994
-1.75,15,163.998641
4.45,4,164.031716
4.45,4,164.062916
4.0,7,164.096026
3.1,13,164.135339
4.75,2,164.163424
-1.75,15,164.207402
4.6,3,164.235277
4.0,7,164.267421
-3.15,4,164.290979
4.75,2,164.320966
3.7,9,164.368383
4.3,5,164.402292
3.85,8,164.437649
3.85,8,164.469935
4.15,6,164.499278
4.6,3,164.52566
3.85,8,164.557145
3.4,11,164.596882
-3.65,14,164.641343
-1.75,15,164.688987
3.7,9,164.730555
-3.3,7,164.765354
4.3,5,164.797471
3.4,11,164.840308
4.75,2,164.865499
4.6,3,164.89117
3.4,11,164.934808
3.85,8,164.975085
4.6,3,165.009606
4.3,5,165.042701
4.75,2,165.069359
-1.75,15,165.259321
3.85,8,165.30011
4.6,3,165.325715
4.15,6,165.363837
4.75,2,165.389678
4.6,3,165.415886
4.45,4,165.444511
4.0,7,165.478166
3.55,10,165.524245
4.3,5,165.554507
-1.75,15,165.598642
4.45,4,165.627442
4.3,5,165.65687
4.45,4,165.686792
4.75,2,165.715748
3.55,10,165.759591
4.45,4,165.790248
3.7,9,165.825977
4.6,3,165.851557
4.15,6,165.881072
3.85,8,165.912924
4.9,1,165.93833
3.4,11,165.975176
4.3,5,166.003014
3.85,8,166.041931
4.3,5,166.072561
4.15,6,166.102152
4.45,4,166.133785
4.75,2,166.158431
-1.75,15,166.205075
4.3,5,166.240366
4.45,4,166.275548
4.45,4,166.307235
4.9,1,166.336599
4.75,2,166.36907
4.45,4,166.406622
-1.75,15,166.456048
3.7,9,166.497977
3.4,11,166.547263
4.75,2,166.575185
4.9,1,166.60329
4.75,2,166.627648
4.6,3,166.65586
-3.05,2,166.68047
4.0,7,166.855936
4.0,7,166.888974
-1.75,15,166.930243
4.6,3,166.958271
4.3,5,166.990301
4.9,1,167.013576
-3.25,6,167.042476
4.3,5,167.072516
4.0,7,167.105452
4.6,3,167.135469
3.85,8,167.167279
4.45,4,167.195097
4.3,5,167.228653
4.9,1,167.253034
4.45,4,167.279796
4.75,2,167.303807
4.6,3,167.335729
4.9,1,167.36833
4.45,4,167.395657
4.75,2,167.421813
-3.5,11,167.459791
4.45,4,167.498903
4.45,4,167.526796
3.55,10,167.57229
4.15,6,167.60498
-3.2,5,167.637873
4.0,7,167.674861
4.3,5,167.707925
4.6,3,167.736058
4.45,4,167.763551
4.45,4,167.791142
4.45,4,167.82204
4.0,7,167.855552
4.9,1,167.881971
4.75,2,167.907523
3.7,9,167.949573
4.6,3,167.977159
4.9,1,168.000977
-3.6,13,168.042827
4.3,5,168.072155
4.9,1,168.092135
-1.75,15,168.141248
4.6,3,168.17193
4.45,4,168.199508
4.0,7,168.229314
4.9,1,168.256351
4.6,3,168.285133
4.0,7,168.326704
4.45,4,168.354725
-1.75,15,168.393651
4.75,2,168.563335
4.75,2,168.591179
-1.75,15,168.638953
4.75,2,168.664828
4.9,1,168.690247
4.75,2,168.718558
4.15,6,168.751104
4.3,5,168.778763
4.75,2,168.802859
4.9,1,168.824019
4.3,5,168.854592
4.15,6,168.884445
3.55,10,168.922056
4.0,7,168.956606
3.7,9,168.99146
4.75,2,169.019434
4.15,6,169.050426
4.0,7,169.079242
-3.45,10,169.112658
4.75,2,169.13946
4.15,6,169.173734
4.45,4,169.201427
4.6,3,169.227755
4.45,4,169.253894
4.6,3,169.275581
4.0,7,169.312335
4.45,4,169.339971
3.7,9,169.380667
4.45,4,169.412493
4.6,3,169.446178
3.55,10,169.488692
4.3,5,169.522252
4.45,4,169.558332
4.9,1,169.588596
4.75,2,169.617488
4.75,2,169.645123
4.45,4,169.679465
4.6,3,169.713167
4.45,4,169.75127
3.85,8,169.792187
4.45,4,169.824895
3.55,10,169.868565
3.7,9,169.911133
4.15,6,169.946097
4.3,5,169.982313
4.9,1,170.006978
3.55,10,170.047117
4.0,7,170.082438
4.0,7,170.112626
3.55,10,170.310002
4.0,7,170.343306
3.4,11,170.382498
3.55,10,170.418294
4.75,2,170.441342
4.3,5,170.469761
4.6,3,170.497791
4.6,3,170.528123
4.15,6,170.559485
4.45,4,170.590154
4.15,6,170.626007
4.6,3,170.655535
-1.75,15,170.700999
4.6,3,170.724678
4.3,5,170.756611
4.75,2,170.78017
4.6,3,170.80761
4.6,3,170.832662
4.9,1,170.852867
4.0,7,170.884734
-1.75,15,170.931553
4.75,2,170.953671
4.6,3,170.980883
4.3,5,171.011725
-1.75,15,171.064382
-1.75,15,171.110652
4.75,2,171.140574
4.6,3,171.166307
4.45,4,171.193909
4.45,4,171.224567
4.15,6,171.265823
3.7,9,171.309135
4.45,4,171.34041
4.0,7,171.374503
4.3,5,171.40852
4.9,1,171.4326
3.4,11,171.475908
4.6,3,171.503224
4.9,1,171.526799
4.6,3,171.553414
4.75,2,171.576738
4.15,6,171.607614
4.9,1,171.629838
4.45,4,171.657153
3.7,9,171.690795
4.6,3,171.715341
4.3,5,171.751956
4.15,6,171.922812
3.85,8,171.95504
4.9,1,171.975638
4.6,3,172.002074
4.3,5,172.033763
4.3,5,172.068632
-3.45,10,172.107378
4.15,6,172.136555
3.7,9,172.174483
4.3,5,172.203067
4.6,3,172.232523
4.45,4,172.264862
-1.75,15,172.311012
-1.75,15,172.358125
3.85,8,172.395392
3.55,10,172.435622
4.0,7,172.468029
4.3,5,172.495175
4.6,3,172.523571
3.7,9,172.558375
4.15,6,172.590455
4.6,3,172.61982
4.0,7,172.655302
3.85,8,172.693457
3.85,8,172.732206
4.75,2,172.75644
4.45,4,172.785559
4.75,2,172.809079
4.6,3,172.838296
3.85,8,172.871311
4.75,2,172.900678
4.45,4,172.929492
3.4,11,172.970533
4.6,3,173.004361
4.6,3,173.036074
3.55,10,173.085081
4.45,4,173.112674
3.4,11,173.150926
4.9,1,173.180825
3.55,10,173.223775
4.75,2,173.253895
4.45,4,173.285958
3.7,9,173.47039
3.85,8,173.502191
4.6,3,173.525354
4.3,5,173.555614
3.4,11,173.591165
3.4,11,173.627033
3.85,8,173.663538
4.15,6,173.691209
3.85,8,173.726833
4.75,2,173.755834
3.7,9,173.792429
4.45,4,173.824618
4.75,2,173.858454
4.75,2,173.895885
3.25,12,173.936804
3.7,9,173.969286
4.45,4,173.998045
3.85,8,174.028521
4.3,5,174.056445
4.45,4,174.081337
4.3,5,174.109116
4.9,1,174.137763
4.45,4,174.171604
4.6,3,174.197656
4.9,1,174.224455
4.0,7,174.259355
-1.75,15,174.310793
3.85,8,174.34903
4.45,4,174.379392
3.85,8,174.421805
4.75,2,174.450032
3.7,9,174.495384
4.75,2,174.526221
3.55,10,174.565548
4.6,3,174.595205
4.15,6,174.631834
4.6,3,174.662682
-1.75,15,174.706429
4.6,3,174.73515
4.3,5,174.773293
-1.75,15,174.823736
4.6,3,174.850375
4.45,4,175.020442
4.6,3,175.045089
4.15,6,175.074662
4.45,4,175.101322
3.85,8,175.135634
4.6,3,175.16217
3.4,11,175.202335
4.75,2,175.230134
4.75,2,175.258064
4.3,5,175.285586
3.7,9,175.321923
3.4,11,175.365713
4.45,4,175.39466
4.3,5,175.422362
4.9,1,175.44886
4.9,1,175.469221
4.9,1,175.489924
4.45,4,175.518928
-1.75,15,175.570596
4.3,5,175.607924
3.25,12,175.655955
4.9,1,175.679411
4.45,4,175.714119
4.15,6,175.749211
4.6,3,175.78276
-3.35,8,175.822093
4.6,3,175.849
3.55,10,175.892319
4.45,4,175.928407
4.15,6,175.965961
4.45,4,175.995435
4.3,5,176.027979
4.6,3,176.052769
4.0,7,176.082937
-3.4,9,176.116921
3.4,11,176.154638
4.75,2,176.186051
4.0,7,176.222862
-1.75,15,176.274724
4.15,6,176.312181
4.75,2,176.339635
4.6,3,176.368216
4.3,5,176.399597
3.55,10,176.440547
3.4,11,176.635248
3.85,8,176.670344
4.6,3,176.703827
4.45,4,176.731897
4.45,4,176.765335
4.75,2,176.79112
4.15,6,176.829257
4.3,5,176.860199
3.85,8,176.893362
4.6,3,176.919974
-1.75,15,176.962498
4.6,3,176.988499
4.3,5,177.016431
4.45,4,177.042987
4.45,4,177.071765
4.75,2,177.0984
4.45,4,177.12267
4.6,3,177.154948
-1.75,15,177.200128
4.75,2,177.225103
4.45,4,177.26933
4.15,6,177.304129
3.7,9,177.345546
4.15,6,177.377525
4.3,5,177.41309
4.3,5,177.443135
4.3,5,177.478117
3.85,8,177.514884
4.3,5,177.541136
3.25,12,177.584952
4.15,6,177.614039
4.6,3,177.637671
4.6,3,177.664563
4.45,4,177.689186
4.6,3,177.71335
3.4,11,177.749926
4.6,3,177.779385
3.7,9,177.819377
4.75,2,177.848658
-1.75,15,177.889133
4.3,5,177.918306
4.45,4,177.942634
4.75,2,177.968791
4.6,3,177.992082
3.85,8,178.021914
3.55,10,178.216119
4.45,4,178.24465
4.75,2,178.272727
4.3,5,178.305323
4.9,1,178.3354
4.3,5,178.365507
3.85,8,178.396327
4.45,4,178.422982
4.3,5,178.453586
4.0,7,178.487808
-3.1,3,178.51723
4.0,7,178.552026
4.15,6,178.58604
4.45,4,178.616969
4.3,5,178.646951
-1.75,15,178.687617
4.6,3,178.711181
4.15,6,178.741766
4.75,2,178.771705
4.6,3,178.797873
4.0,7,178.840339
4.45,4,178.869363
4.15,6,178.900891
3.7,9,178.935156
4.9,1,178.957828
3.7,9,178.995254
4.45,4,179.020368
3.55,10,179.059609
4.9,1,179.085647
4.3,5,179.119287
3.55,10,179.16472
4.9,1,179.191187
4.6,3,179.220669
4.15,6,179.253737
4.75,2,179.279469
4.3,5,179.31008
4.3,5,179.341985
4.45,4,179.370127
4.3,5,179.400938
3.7,9,179.439384
4.0,7,179.477397
3.55,10,179.516362
-3.15,4,179.548019
3.7,9,179.58866
4.9,1,179.618304
4.75,2,179.652824
3.25,12,179.691679
4.15,6,179.726091
4.6,3,179.907179
3.4,11,179.949379
3.85,8,179.984452
4.15,6,180.011941
4.9,1,180.037945
3.4,11,180.07661
4.0,7,180.106291
4.6,3,180.135329
4.75,2,180.158399
4.75,2,180.184911
4.9,1,180.208481
3.25,12,180.253288
4.45,4,180.28303
3.85,8,180.315425
4.45,4,180.341636
4.6,3,180.37002
4.6,3,180.400604
3.55,10,180.441852
3.7,9,180.486609
4.6,3,180.515753
4.45,4,180.556476
4.0,7,180.591943
4.0,7,180.632744
4.6,3,180.662502
3.85,8,180.700767
4.3,5,180.731557
4.15,6,180.766688
-1.75,15,180.813585
3.7,9,180.861356
4.6,3,180.887176
4.15,6,180.923306
4.15,6,180.951883
4.15,6,180.983045
4.3,5,181.012035
3.4,11,181.053928
4.0,7,181.090153
4.45,4,181.119241
4.15,6,181.155369
4.75,2,181.178307
3.7,9,181.214696
4.45,4,181.238731
3.7,9,181.272516
4.6,3,181.307188
4.6,3,181.476844
4.15,6,181.507416
3.25,12,181.555057
4.15,6,181.590866
4.45,4,181.619643
-3.2,5,181.649835
4.9,1,181.669851
4.3,5,181.698838
4.75,2,181.725402
4.6,3,181.752757
3.4,11,181.799988
4.75,2,181.827515
4.3,5,181.857728
4.9,1,181.883884
4.9,1,181.906716
3.55,10,181.941963
4.3,5,181.973103
-1.75,15,182.015682
4.9,1,182.046567
4.45,4,182.074149
4.75,2,182.103786
4.6,3,182.129875
-3.5,11,182.172066
4.75,2,182.206
4.15,6,182.246353
3.25,12,182.286162
4.0,7,182.322958
4.45,4,182.351541
4.0,7,182.385988
3.85,8,182.42141
4.6,3,182.44978
3.4,11,182.487887
4.15,6,182.522154
3.85,8,182.555853
4.75,2,182.581153
4.15,6,182.613592
4.6,3,182.641887
3.85,8,182.674688
4.6,3,182.706307
4.6,3,182.736701
4.0,7,182.768181
4.6,3,182.794801
3.85,8,182.82846
4.3,5,182.856745
4.0,7,182.888402
4.3,5,182.918936
3.7,9,183.116513
3.85,8,183.15116
-3.25,6,183.185588
4.75,2,183.212126
4.6,3,183.239645
4.75,2,183.263862
4.45,4,183.29417
-1.75,15,183.337636
3.25,12,183.376976
4.0,7,183.406547
4.75,2,183.432124
4.6,3,183.456986
4.75,2,183.483317
3.4,11,183.528981
-1.75,15,183.582474
4.15,6,183.617158
4.45,4,183.648009
4.45,4,183.680602
4.45,4,183.712413
3.85,8,183.747616
4.45,4,183.774539
-3.2,5,183.803471
4.6,3,183.834372
4.3,5,183.872176
4.0,7,183.915236
-1.75,15,183.96815
4.3,5,183.999341
4.0,7,184.032554
3.85,8,184.068897
4.15,6,184.100823
3.85,8,184.135983
4.15,6,184.163284
4.15,6,184.193711
4.3,5,184.222795
4.9,1,184.248054
4.15,6,184.274537
3.25,12,184.31417
4.0,7,184.344662
4.9,1,184.373394
4.75,2,184.397801
4.6,3,184.426757
3.55,10,184.461654
3.85,8,184.645795
-1.75,15,184.68913
4.6,3,184.715702
4.45,4,184.747279
4.6,3,184.775153
4.0,7,184.80711
4.45,4,184.846824
4.6,3,184.875861
4.75,2,184.903966
4.45,4,184.931097
3.4,11,184.969304
3.85,8,185.004031
4.45,4,185.032044
4.6,3,185.056421
4.15,6,185.087785
4.9,1,185.113255
4.75,2,185.13785
3.7,9,185.172214
4.75,2,185.198071
4.45,4,185.226235
4.15,6,185.265415
4.75,2,185.290687
4.75,2,185.320493
4.75,2,185.350935
4.3,5,185.380842
4.6,3,185.411577
4.75,2,185.440207
4.45,4,185.469997
3.85,8,185.506991
4.75,2,185.533608
4.6,3,185.563058
4.3,5,185.598036
4.45,4,185.626109
4.45,4,185.653925
3.55,10,185.696118
4.45,4,185.727104
3.55,10,185.771171
4.6,3,185.805274
4.15,6,185.837883
3.55,10,185.880588
4.6,3,185.905249
4.3,5,185.934468
3.55,10,185.966066
3.55,10,186.002726
4.9,1,186.023326
3.55,10,186.06679
4.6,3,186.091907
4.45,4,186.123305
4.9,1,186.14708
4.0,7,186.186921
4.0,7,186.411347
3.7,9,186.457062
4.6,3,186.488916
4.6,3,186.527906
4.45,4,186.564532
4.45,4,186.597935
4.6,3,186.627357
3.55,10,186.674427
4.0,7,186.718562
4.6,3,186.752558
4.6,3,186.782706
4.15,6,186.817919
4.15,6,186.847702
4.75,2,186.876449
3.55,10,186.915794
4.75,2,186.936923
4.6,3,186.965431
4.3,5,186.995725
4.9,1,187.019257
3.85,8,187.049673
3.7,9,187.085916
3.85,8,187.120654
4.75,2,187.147696
4.6,3,187.177323
3.7,9,187.213265
4.0,7,187.24749
4.6,3,187.281358
4.9,1,187.31021
4.15,6,187.347377
-1.75,15,187.388407
4.0,7,187.419081
4.3,5,187.446139
4.6,3,187.47047
4.15,6,187.498519
4.6,3,187.52578
4.15,6,187.555492
4.0,7,187.591154
4.15,6,187.62394
4.0,7,187.654237
4.3,5,187.68192
4.3,5,187.707294
4.45,4,187.739716
3.55,10,187.782638
4.6,3,187.812859
4.75,2,187.837826
4.15,6,187.872706
4.75,2,187.896407
4.0,7,187.927351
4.75,2,187.953654
4.3,5,188.14746
4.75,2,188.172693
4.6,3,188.204071
4.3,5,188.234031
4.6,3,188.265462
4.45,4,188.301775
4.3,5,188.335609
4.75,2,188.363795
3.85,8,188.402633
4.3,5,188.438918
4.15,6,188.478887
4.75,2,188.502405
4.45,4,188.533528
4.6,3,188.55941
3.85,8,188.603892
3.7,9,188.650033
3.25,12,188.695203
4.3,5,188.727803
4.9,1,188.756517
4.3,5,188.7879
4.6,3,188.817953
4.6,3,188.845445
3.25,12,188.887074
4.45,4,188.918316
4.45,4,188.948072
4.45,4,188.979545
3.1,13,189.028569
4.3,5,189.059514
4.45,4,189.091577
4.6,3,189.117452
-3.6,13,189.155225
4.45,4,189.187994
4.9,1,189.213708
4.6,3,189.242431
4.6,3,189.267895
3.85,8,189.302314
4.3,5,189.331746
4.3,5,189.361127
4.3,5,189.388654
4.15,6,189.423449
4.75,2,189.446873
3.85,8,189.481833
3.85,8,189.514312
3.85,8,189.555042
3.85,8,189.6006
4.6,3,189.637049
4.45,4,189.67113
4.15,6,189.710378
3.55,10,189.925874
3.4,11,189.96881
3.85,8,190.011592
4.6,3,190.040364
3.85,8,190.071826
4.45,4,190.099567
4.75,2,190.128951
4.0,7,190.164798
4.75,2,190.188929
4.45,4,190.215392
4.45,4,190.242872
-1.75,15,190.284948
4.75,2,190.314807
4.6,3,190.339655
4.75,2,190.365657
4.45,4,190.393228
4.75,2,190.420669
4.45,4,190.458009
4.15,6,190.492276
4.45,4,190.523919
3.7,9,190.557237
3.4,11,190.597972
4.45,4,190.629388
-1.75,15,190.67475
4.45,4,190.705302
4.15,6,190.737735
4.6,3,190.762301
4.75,2,190.784852
3.25,12,190.829437
4.0,7,190.859986
4.45,4,190.887436
4.45,4,190.915337
4.3,5,190.942508
4.75,2,190.965235
-3.4,9,191.005073
4.45,4,191.037656
3.85,8,191.071602
4.3,5,191.105376
4.15,6,191.146547
4.9,1,191.170693
2.95,14,191.213195
3.7,9,191.24902
4.6,3,191.274294
3.85,8,191.306901
3.85,8,191.497778
4.6,3,191.521647
4.6,3,191.55463
4.75,2,191.582361
3.25,12,191.624263
4.45,4,191.654478
4.6,3,191.684707
4.15,6,191.716637
3.85,8,191.751605
4.45,4,191.782129
4.45,4,191.811082
3.55,10,191.847272
4.45,4,191.878673
3.7,9,191.919532
-1.75,15,191.964756
4.3,5,191.996347
4.15,6,192.027207
4.75,2,192.05029
4.45,4,192.07696
4.15,6,192.106085
4.0,7,192.139279
4.9,1,192.16635
3.85,8,192.204859
-3.35,8,192.23697
4.3,5,192.268305
3.7,9,192.300833
4.6,3,192.328222
4.6,3,192.354872
4.15,6,192.384542
4.0,7,192.415797
4.75,2,192.441857
3.7,9,192.481612
4.9,1,192.501967
4.0,7,192.541628
4.45,4,192.571293
4.75,2,192.595896
4.6,3,192.622602
3.55,10,192.661128
4.15,6,192.693843
4.45,4,192.725276
3.7,9,192.761913
4.15,6,192.792964
4.0,7,192.82221
4.75,2,192.84958
4.45,4,192.874921
4.3,5,192.91021
4.6,3,192.938829
3.7,9,193.140618
4.0,7,193.179248
4.3,5,193.220635
4.75,2,193.248349
3.25,12,193.29516
4.3,5,193.332061
4.45,4,193.36452
4.15,6,193.40394
4.45,4,193.438421
4.75,2,193.466122
4.45,4,193.504416
4.0,7,193.538603
4.75,2,193.562426
4.15,6,193.589109
-1.75,15,193.634527
4.45,4,193.661521
4.15,6,193.696017
4.15,6,193.731599
-1.75,15,193.777633
4.75,2,193.803887
4.9,1,193.829611
4.3,5,193.862545
4.75,2,193.886749
4.9,1,193.915457
3.55,10,193.950182
4.75,2,193.97321
3.55,10,194.015939
4.3,5,194.04826
3.7,9,194.082257
4.15,6,194.11132
4.45,4,194.137976
4.6,3,194.164564
4.15,6,194.196912
4.3,5,194.225504
4.6,3,194.252138
4.45,4,194.279042
4.15,6,194.310286
-1.75,15,194.355664
3.7,9,194.392388
4.15,6,194.422476
4.75,2,194.455466
4.0,7,194.490203
4.45,4,194.517848
4.3,5,194.554089
3.7,9,194.749229
4.6,3,194.782478
4.9,1,194.810873
4.9,1,194.841813
-3.1,3,194.866822
4.45,4,194.896703
4.15,6,194.939668
4.45,4,194.968091
4.6,3,194.996205
4.15,6,195.029634
4.15,6,195.060357
4.15,6,195.091508
4.6,3,195.117962
4.9,1,195.142676
3.7,9,195.179457
4.6,3,195.206723
3.25,12,195.2507
4.15,6,195.280626
4.3,5,195.310869
4.15,6,195.33827
4.0,7,195.371606
3.85,8,195.407969
4.75,2,195.431434
3.85,8,195.464211
3.4,11,195.502099
3.4,11,195.541511
4.3,5,195.571376
4.75,2,195.594048
4.0,7,195.624559
4.6,3,195.66152
4.9,1,195.688134
-3.4,9,195.729326
4.6,3,195.758258
4.75,2,195.78619
4.45,4,195.819012
4.3,5,195.851249
4.3,5,195.875664
4.3,5,195.904114
4.15,6,195.938548
3.1,13,195.976451
4.6,3,196.001867
-1.75,15,196.042302
4.45,4,196.07721
3.55,10,196.114653
4.3,5,196.150488
4.3,5,196.179311
4.0,7,196.376467
3.4,11,196.422729
4.0,7,196.457876
3.85,8,196.49639
3.7,9,196.532771
-1.75,15,196.585012
4.6,3,196.617218
4.3,5,196.652197
4.45,4,196.684991
3.85,8,196.717942
4.0,7,196.751266
3.85,8,196.784676
3.85,8,196.821466
4.75,2,196.850697
4.3,5,196.880474
4.15,6,196.91553
4.45,4,196.944632
4.0,7,196.976399
4.45,4,197.001376
3.7,9,197.033835
4.15,6,197.063926
4.75,2,197.088942
4.6,3,197.116026
4.45,4,197.155418
4.0,7,197.199469
4.0,7,197.236465
-3.4,9,197.27138
4.6,3,197.30332
3.85,8,197.333071
4.6,3,197.359673
-1.75,15,197.400703
4.75,2,197.430496
4.6,3,197.454385
4.9,1,197.477664
3.55,10,197.513078
4.3,5,197.543338
4.6,3,197.569161
4.9,1,197.594331
3.55,10,197.630565
-1.75,15,197.676789
3.7,9,197.875858
4.15,6,197.90434
4.15,6,197.933854
4.3,5,197.966226
3.85,8,197.998588
4.3,5,198.027201
3.7,9,198.067734
4.15,6,198.1047
4.6,3,198.142095
4.75,2,198.171128
4.6,3,198.20048
3.85,8,198.233178
4.3,5,198.262306
4.15,6,198.292853
4.3,5,198.326939
3.4,11,198.365825
4.6,3,198.390214
3.85,8,198.425294
4.15,6,198.459106
4.3,5,198.493433
3.7,9,198.526736
3.1,13,198.568672
4.6,3,198.594281
3.7,9,198.628723
4.6,3,198.653257
4.6,3,198.678952
4.45,4,198.706814
3.4,11,198.741372
4.0,7,198.775688
4.0,7,198.809109
4.0,7,198.840027
3.85,8,198.871297
4.6,3,198.899909
4.0,7,198.930267
4.3,5,198.955412
4.15,6,198.983568
3.4,11,199.017882
4.15,6,199.050431
4.15,6,199.07991
-1.75,15,199.27009
4.75,2,199.29746
3.4,11,199.334827
4.6,3,199.367248
3.85,8,199.41712
-1.75,15,199.463054
4.6,3,199.487376
4.3,5,199.523367
-1.75,15,199.570444
4.9,1,199.59587
4.0,7,199.632288
3.85,8,199.667726
3.55,10,199.706532
4.15,6,199.742251
4.6,3,199.773404
4.9,1,199.7993
3.55,10,199.842927
4.45,4,199.872697
4.75,2,199.898713
4.15,6,199.930837
3.4,11,199.966465
4.3,5,199.996578
4.3,5,200.026999
3.85,8,200.057924
3.7,9,200.08891
4.0,7,200.125944
4.75,2,200.151061
4.3,5,200.177747
4.3,5,200.215478
4.15,6,200.247636
4.6,3,200.271552
4.75,2,200.298854
4.6,3,200.32611
-3.0,1,200.348228
4.3,5,200.3786
3.85,8,200.42077
4.15,6,200.453635
4.3,5,200.4892
3.7,9,200.530557
4.3,5,200.561851
3.7,9,200.595982
3.85,8,200.632047
-3.5,11,200.821175
4.9,1,200.849402
4.75,2,200.877957
4.3,5,200.916711
4.0,7,200.949574
3.55,10,200.996585
4.6,3,201.026937
4.6,3,201.057741
3.55,10,201.090669
3.4,11,201.128229
4.6,3,201.154171
4.75,2,201.179415
2.95,14,201.225371
4.6,3,201.251814
3.85,8,201.287652
3.85,8,201.322422
4.15,6,201.355061
4.3,5,201.387435
3.1,13,201.428015
4.75,2,201.451581
4.45,4,201.482128
4.6,3,201.508865
4.0,7,201.547364
4.45,4,201.577794
3.55,10,201.615602
3.85,8,201.648602
4.0,7,201.682803
4.3,5,201.714297
4.3,5,201.743304
4.3,5,201.770307
4.15,6,201.808827
4.0,7,201.841205
4.6,3,201.865019
3.1,13,201.90333
4.75,2,201.930439
4.6,3,201.955959
4.3,5,201.984237
4.75,2,202.007057
3.4,11,202.047657
4.0,7,202.076257
4.45,4,202.106869
4.0,7,202.138515
4.45,4,202.169088
4.3,5,202.198701
4.3,5,202.391114
4.3,5,202.425966
4.0,7,202.462092
4.0,7,202.495271
4.0,7,202.528672
4.15,6,202.564726
4.6,3,202.594772
4.3,5,202.629546
4.75,2,202.660938
4.45,4,202.687382
3.85,8,202.727034
4.6,3,202.754116
4.3,5,202.785142
-1.75,15,202.839403
4.3,5,202.879066
4.6,3,202.912401
4.9,1,202.942597
4.15,6,202.974657
3.7,9,203.012789
4.3,5,203.041649
-1.75,15,203.088785
4.6,3,203.115435
3.25,12,203.16445
4.6,3,203.196537
4.3,5,203.235134
4.75,2,203.261368
3.7,9,203.303167
4.3,5,203.340004
4.6,3,203.377017
4.15,6,203.418851
4.45,4,203.450755
4.15,6,203.486033
4.45,4,203.518502
4.15,6,203.558839
4.45,4,203.586931
4.75,2,203.616156
4.75,2,203.643794
4.15,6,203.676564
4.15,6,203.71075
3.85,8,203.744107
-1.75,15,203.787861
4.6,3,203.817146
4.6,3,203.848789
4.45,4,203.878688
4.45,4,203.908733
4.75,2,203.936648
4.45,4,204.15062
-1.75,15,204.209049
3.4,11,204.2556
4.75,2,204.287453
4.45,4,204.325868
3.4,11,204.374637
3.55,10,204.421847
3.7,9,204.463792
4.6,3,204.495424
4.9,1,204.522056
4.6,3,204.552058
4.3,5,204.589886
4.15,6,204.629847
4.6,3,204.659536
3.7,9,204.704351
4.0,7,204.744386
4.15,6,204.784837
4.45,4,204.823073
3.4,11,204.876395
4.0,7,204.917178
4.45,4,204.954044
4.0,7,204.991949
3.85,8,205.034019
4.45,4,205.069753
4.75,2,205.098305
4.15,6,205.137383
3.55,10,205.185206
4.9,1,205.215277
4.75,2,205.253688
4.15,6,205.295174
-3.5,11,205.340269
4.75,2,205.368717
4.15,6,205.405693
4.75,2,205.431787
4.6,3,205.461329
4.6,3,205.485439
3.85,8,205.527921
4.45,4,205.556977
4.0,7,205.590023
4.6,3,205.620387
3.55,10,205.666235
4.6,3,205.697069
4.45,4,205.729068
4.9,1,205.750506
4.15,6,205.7831
4.45,4,205.81463
4.0,7,206.020758
4.75,2,206.051039
4.6,3,206.08298
4.15,6,206.11317
4.3,5,206.144785
4.0,7,206.185009
4.3,5,206.214677
4.75,2,206.244696
4.45,4,206.275905
4.15,6,206.308817
4.6,3,206.337869
4.45,4,206.365968
-1.75,15,206.414445
4.9,1,206.445626
4.45,4,206.477046
4.15,6,206.51126
4.6,3,206.545613
-1.75,15,206.598746
4.0,7,206.633714
3.85,8,206.669698
4.15,6,206.705557
3.85,8,206.751844
-1.75,15,206.797896
3.4,11,206.840683
3.85,8,206.877038
4.6,3,206.905176
4.45,4,206.934895
4.0,7,206.970097
4.15,6,207.001037
3.7,9,207.035014
4.75,2,207.062571
4.3,5,207.098298
4.0,7,207.137455
3.55,10,207.182106
4.6,3,207.212839
-1.75,15,207.261353
4.75,2,207.297533
4.45,4,207.329027
4.3,5,207.36334
4.75,2,207.392343
4.6,3,207.418065
4.9,1,207.443198
4.75,2,207.469153
4.6,3,207.500484
4.6,3,207.533973
3.55,10,207.756873
4.3,5,207.787611
4.15,6,207.824451
3.85,8,207.860475
4.15,6,207.893999
3.25,12,207.941615
4.75,2,207.965177
4.75,2,207.991369
4.45,4,208.017671
4.45,4,208.045994
3.25,12,208.084944
3.55,10,208.125348
4.15,6,208.153272
4.3,5,208.184052
3.4,11,208.228829
4.15,6,208.257877
4.3,5,208.290257
4.6,3,208.316468
-1.75,15,208.363206
4.3,5,208.400892
3.7,9,208.439115
4.0,7,208.472366
4.9,1,208.498297
3.85,8,208.535597
3.4,11,208.579744
4.15,6,208.613914
3.55,10,208.661938
4.6,3,208.692307
4.45,4,208.731568
4.75,2,208.763881
3.4,11,208.802323
-1.75,15,208.849177
4.15,6,208.880392
4.9,1,208.901778
3.55,10,208.938514
4.75,2,208.970218
-1.75,15,209.186087
3.4,11,209.22726
-3.55,12,209.267158
4.0,7,209.30236
3.55,10,209.345042
4.0,7,209.375724
4.3,5,209.406681
-3.15,4,209.432554
4.45,4,209.459754
4.6,3,209.48571
4.6,3,209.513675
4.75,2,209.537756
3.4,11,209.583558
4.3,5,209.618609
4.0,7,209.649791
3.85,8,209.679774
4.75,2,209.709224
3.25,12,209.753931
4.6,3,209.785854
4.0,7,209.82133
4.45,4,209.857009
4.45,4,209.885787
4.45,4,209.917292
3.7,9,209.954144
3.85,8,209.990806
4.15,6,210.022017
4.15,6,210.056893
4.0,7,210.090169
4.15,6,210.121234
4.45,4,210.161943
3.7,9,210.197224
4.45,4,210.225449
3.85,8,210.257994
4.75,2,210.282944
3.7,9,210.31938
4.3,5,210.35
4.45,4,210.377301
4.0,7,210.41337
3.4,11,210.450909
3.55,10,210.485903
3.4,11,210.687405
4.6,3,210.713089
-1.75,15,210.764501
4.15,6,210.795022
4.15,6,210.828352
4.45,4,210.855178
-1.75,15,210.902609
4.45,4,210.938009
4.3,5,210.965525
4.45,4,210.991716
3.7,9,211.028813
4.45,4,211.055381
4.75,2,211.078928
4.0,7,211.107915
3.7,9,211.142185
4.45,4,211.170075
4.15,6,211.207155
3.85,8,211.246086
4.3,5,211.276556
4.6,3,211.30505
4.15,6,211.33741
4.45,4,211.363017
4.15,6,211.39578
4.75,2,211.417909
4.75,2,211.443266
3.55,10,211.478217
3.7,9,211.516116
4.0,7,211.550294
3.85,8,211.585516
4.45,4,211.620939
4.75,2,211.65143
-1.75,15,211.697481
4.75,2,211.724088
4.6,3,211.74956
4.45,4,211.778347
4.3,5,211.804698
4.15,6,211.836562
3.7,9,211.871676
3.1,13,211.913069
4.6,3,211.942797
4.0,7,211.977976
4.6,3,212.004545
4.45,4,212.186528
3.55,10,212.226919
4.0,7,212.262912
-3.6,13,212.30935
4.6,3,212.337274
4.3,5,212.369846
4.75,2,212.402647
4.15,6,212.444615
4.15,6,212.482466
2.95,14,212.524518
4.6,3,212.55203
4.9,1,212.577305
-1.75,15,212.624504
4.75,2,212.654355
4.9,1,212.678795
4.45,4,212.706738
4.0,7,212.738683
4.6,3,212.763629
4.6,3,212.792605
4.75,2,212.818037
4.3,5,212.849377
4.45,4,212.877394
-1.75,15,212.92227
-1.75,15,212.967225
4.75,2,212.991653
4.45,4,213.017956
3.4,11,213.057737
3.25,12,213.092709
4.6,3,213.11858
4.3,5,213.149585
-1.75,15,213.19601
4.6,3,213.221715
4.9,1,213.248249
4.15,6,213.280379
3.7,9,213.321882
3.55,10,213.365411
4.3,5,213.398775
-1.75,15,213.451301
3.7,9,213.648447
4.75,2,213.674704
4.45,4,213.701584
4.6,3,213.728502
4.3,5,213.761402
3.7,9,213.796842
4.45,4,213.82995
4.3,5,213.862147
4.6,3,213.891347
4.15,6,213.925626
4.45,4,213.952676
4.9,1,213.975866
4.3,5,214.006959
-1.75,15,214.049494
4.15,6,214.080447
4.15,6,214.110306
4.75,2,214.132665
4.9,1,214.153469
4.0,7,214.18546
4.0,7,214.222548
4.6,3,214.252589
3.7,9,214.285494
3.85,8,214.320965
4.6,3,214.348006
4.0,7,214.382608
-1.75,15,214.429229
4.75,2,214.462914
4.75,2,214.487305
4.6,3,214.51463
4.15,6,214.54132
3.85,8,214.573737
4.6,3,214.601086
4.45,4,214.630835
3.4,11,214.674989
3.7,9,214.714541
-1.75,15,214.768702
4.0,7,214.806534
-1.75,15,214.855156
3.55,10,214.893303
3.85,8,214.932785
3.85,8,214.96605
3.4,11,215.147016
4.45,4,215.176019
4.75,2,215.201905
4.0,7,215.245493
4.3,5,215.285766
4.3,5,215.320588
4.3,5,215.363219
4.0,7,215.406281
4.9,1,215.439611
4.0,7,215.475716
3.55,10,215.516412
4.3,5,215.549181
4.0,7,215.590153
4.6,3,215.621978
4.3,5,215.649997
3.7,9,215.687908
4.6,3,215.715031
4.3,5,215.744162
4.3,5,215.778409
4.6,3,215.804873
4.15,6,215.835989
4.6,3,215.86343
4.75,2,215.892828
3.85,8,215.926824
4.3,5,215.956916
3.85,8,215.991079
3.85,8,216.022925
4.9,1,216.047472
4.45,4,216.079814
4.15,6,216.1085
4.6,3,216.14078
3.1,13,216.182251
4.45,4,216.211313
3.25,12,216.249861
4.75,2,216.275995
4.45,4,216.302018
4.45,4,216.331133
4.3,5,216.35927
4.75,2,216.383937
3.85,8,216.423928
4.0,7,216.452774
4.6,3,216.480195
4.6,3,216.510246
4.6,3,216.537053
4.75,2,216.568728
4.6,3,216.598668
4.45,4,216.630502
4.75,2,216.658076
4.3,5,216.686541
4.45,4,216.719651
4.9,1,216.748672
