episode,reward,length,elapsed_seconds
1,-3.5,11,0.05232381820678711
2,4.449999999999999,4,0.08149170875549316
3,4.6000000000000005,3,0.1129305362701416
4,4.3,5,0.14314699172973633
5,-3.1,3,0.16634178161621094
6,-3.45,10,0.20589947700500488
7,-3.45,10,0.24471807479858398
8,-3.0,1,0.26689743995666504
9,-3.2,5,0.29782652854919434
10,-3.15,4,0.3309152126312256
11,4.6000000000000005,3,0.36207127571105957
12,-1.75,15,0.4067387580871582
13,-3.0,1,0.42896366119384766
14,-3.0,1,0.45122194290161133
15,-3.15,4,0.4788355827331543
16,-3.15,4,0.504478931427002
17,-3.0,1,0.5306491851806641
18,-3.0,1,0.5557217597961426
19,-3.0,1,0.5841422080993652
20,-3.0,1,0.6067748069763184
21,-3.05,2,0.6324646472930908
22,-3.0,1,0.6566698551177979
23,3.1,13,0.7061634063720703
24,-3.0,1,0.7294101715087891
25,-3.05,2,0.7540366649627686
26,-3.0,1,0.7760775089263916
27,-3.0,1,0.8059122562408447
28,3.4,11,0.8449153900146484
29,-3.15,4,0.8758535385131836
30,-3.15,4,0.9074521064758301
31,-3.0,1,0.9301807880401611
32,-3.15,4,0.9575140476226807
33,-3.05,2,0.9813034534454346
34,-3.0,1,1.0087358951568604
35,4.6000000000000005,3,1.0335681438446045
36,4.0,7,1.078279733657837
37,-3.0,1,1.110144853591919
38,-3.1,3,1.1424241065979004
39,-3.05,2,1.167029619216919
40,-3.05,2,1.1945421695709229
41,-3.0,1,1.224292278289795
42,-3.05,2,1.2511930465698242
43,-3.6,13,1.2950718402862549
44,4.6000000000000005,3,1.3282830715179443
45,4.3,5,1.365873098373413
46,-3.35,8,1.4024322032928467
47,4.6000000000000005,3,1.4332919120788574
48,-3.0,1,1.4530065059661865
49,-3.0,1,1.480445146560669
50,-3.0,1,1.5073626041412354
51,-3.05,2,1.5332939624786377
52,-3.0,1,1.5561141967773438
53,-3.0,1,1.5821175575256348
54,-3.0,1,1.6055471897125244
55,4.75,2,1.6310234069824219
56,-3.1,3,1.656421422958374
57,-3.1,3,1.6809828281402588
58,-3.15,4,1.7066740989685059
59,-3.15,4,1.7338926792144775
60,-3.0,1,1.7622134685516357
61,-3.25,6,1.7930638790130615
62,-3.05,2,1.813429832458496
63,4.75,2,1.8357903957366943
64,-3.0,1,1.8587522506713867
65,-3.0,1,1.8806953430175781
66,-3.05,2,1.9080908298492432
67,-3.0,1,1.9307825565338135
68,4.15,6,1.9617738723754883
69,-3.05,2,1.9852254390716553
70,-3.0,1,2.009772539138794
71,-3.05,2,2.032724142074585
72,-3.0,1,2.0541694164276123
73,3.85,8,2.0949935913085938
74,-3.0,1,2.1169304847717285
75,-3.4,9,2.31355357170105
76,-3.0,1,2.3363637924194336
77,-3.35,8,2.371628761291504
78,-3.15,4,2.397794723510742
79,-3.3,7,2.430957317352295
80,-1.75,15,2.4779891967773438
81,-3.1,3,2.5075392723083496
82,-3.0,1,2.534721851348877
83,-3.1,3,2.5654449462890625
84,-3.2,5,2.597170829772949
85,-3.25,6,2.6257786750793457
86,-3.1,3,2.650954246520996
87,-3.7,15,2.696241617202759
88,-3.0,1,2.722024440765381
89,-3.0,1,2.743116617202759
90,4.3,5,2.778425931930542
91,-3.1,3,2.8052890300750732
92,-3.6,13,2.8595643043518066
93,-3.1,3,2.8861405849456787
94,3.4,11,2.9294867515563965
95,-3.0,1,2.952521562576294
96,-3.45,10,2.9952547550201416
97,-3.0,1,3.017486095428467
98,-3.0,1,3.0411806106567383
99,-3.15,4,3.071852207183838
100,3.6999999999999997,9,3.1085734367370605
101,-3.0,1,3.131511926651001
102,3.85,8,3.1630501747131348
103,-3.05,2,3.186795711517334
104,-3.05,2,3.2155628204345703
105,-3.05,2,3.252643585205078
106,-3.25,6,3.2847366333007812
107,-3.35,8,3.320652484893799
108,-3.3,7,3.3506975173950195
109,-3.1,3,3.3790736198425293
110,-3.15,4,3.4082281589508057
111,4.6000000000000005,3,3.434617519378662
112,4.3,5,3.465467929840088
113,-3.0,1,3.490833044052124
114,-3.35,8,3.528494119644165
115,-3.0,1,3.552128791809082
116,-3.1,3,3.5790798664093018
117,-3.35,8,3.60837721824646
118,4.3,5,3.6388354301452637
119,-3.1,3,3.6657702922821045
120,-3.1,3,3.692814826965332
121,-3.0,1,3.712541341781616
122,-3.0,1,3.733065605163574
123,-3.0,1,3.7612321376800537
124,-3.0,1,3.781507730484009
125,-3.65,14,3.8269803524017334
126,-3.2,5,3.855623722076416
127,4.75,2,3.8826112747192383
128,3.55,10,3.9274399280548096
129,-3.35,8,4.129117250442505
130,-3.35,8,4.174558639526367
131,4.0,7,4.2112507820129395
132,-3.05,2,4.238948106765747
133,-3.4,9,4.275587558746338
134,-3.65,14,4.323319673538208
135,-3.0,1,4.347869396209717
136,-3.1,3,4.37245512008667
137,-3.05,2,4.395796060562134
138,3.55,10,4.437085151672363
139,-3.45,10,4.4843316078186035
140,4.3,5,4.521918535232544
141,-3.4,9,4.563120603561401
142,-3.15,4,4.588827133178711
143,-3.45,10,4.624152898788452
144,-3.2,5,4.653826475143433
145,-3.7,15,4.701586723327637
146,4.15,6,4.731675624847412
147,-1.75,15,4.782934188842773
148,-3.0,1,4.808429718017578
149,-3.25,6,4.839085102081299
150,3.25,12,4.877758026123047
151,-3.0,1,4.899512052536011
152,-3.25,6,4.929689407348633
153,-3.05,2,4.951797962188721
154,3.6999999999999997,9,4.9910337924957275
155,-1.75,15,5.036199569702148
156,-3.65,14,5.088212013244629
157,3.25,12,5.129536390304565
158,3.55,10,5.167987585067749
159,-3.0,1,5.192833662033081
160,4.75,2,5.217092752456665
161,4.6000000000000005,3,5.245556354522705
162,-3.3,7,5.278829097747803
163,3.6999999999999997,9,5.312993764877319
164,-3.2,5,5.492082834243774
165,4.15,6,5.526311635971069
166,3.25,12,5.57513427734375
167,4.15,6,5.6054418087005615
168,-3.1,3,5.6289894580841064
169,-3.0,1,5.649017095565796
170,-3.35,8,5.681713581085205
171,4.75,2,5.707062721252441
172,3.4,11,5.746395587921143
173,-3.05,2,5.77628755569458
174,-3.0,1,5.801371335983276
175,-3.2,5,5.8378753662109375
176,-3.25,6,5.880002021789551
177,4.449999999999999,4,5.910068035125732
178,4.15,6,5.947819948196411
179,4.15,6,5.983686685562134
180,-3.0,1,6.015013933181763
181,-3.3,7,6.051380395889282
182,-3.0,1,6.081584692001343
183,4.6000000000000005,3,6.108324766159058
184,-3.1,3,6.136656284332275
185,-3.0,1,6.161489248275757
186,-3.6,13,6.211240768432617
187,-3.1,3,6.238995552062988
188,-3.0,1,6.266126394271851
189,-3.05,2,6.294398546218872
190,-3.45,10,6.33608078956604
191,3.85,8,6.382586240768433
192,-3.0,1,6.407449722290039
193,-3.0,1,6.4310548305511475
194,-3.1,3,6.4594995975494385
195,3.85,8,6.494358777999878
196,-3.05,2,6.518934965133667
197,3.85,8,6.55353569984436
198,-3.05,2,6.583607196807861
199,3.4,11,6.620373487472534
200,4.75,2,6.644034385681152
201,4.15,6,6.675420045852661
202,-3.05,2,6.699844837188721
203,-3.25,6,6.728106260299683
204,4.15,6,6.757787466049194
205,4.449999999999999,4,6.784964323043823
206,-3.1,3,6.811169147491455
207,-3.1,3,6.838593244552612
208,4.3,5,6.866674423217773
209,-3.3,7,6.896296501159668
210,-3.0,1,6.917353630065918
211,-3.1,3,6.9459123611450195
212,-3.0,1,6.969708442687988
213,4.9,1,6.992336988449097
214,3.55,10,7.031302213668823
215,-3.0,1,7.055908441543579
216,-3.05,2,7.07986307144165
217,-3.0,1,7.102902173995972
218,3.4,11,7.14334774017334
219,-3.0,1,7.166750431060791
220,-3.0,1,7.193506240844727
221,-3.0,1,7.22468638420105
222,-3.0,1,7.24724555015564
223,-3.0,1,7.268750905990601
224,-1.75,15,7.500895977020264
225,-3.15,4,7.535187721252441
226,3.85,8,7.570790529251099
227,4.0,7,7.606089353561401
228,-3.3,7,7.642323017120361
229,-3.05,2,7.6709208488464355
230,-3.25,6,7.701994895935059
231,-1.75,15,7.746813535690308
232,-3.05,2,7.773472547531128
233,-3.15,4,7.800154447555542
234,-3.5,11,7.844105243682861
235,4.6000000000000005,3,7.873650312423706
236,4.15,6,7.9079999923706055
237,-3.0,1,7.930640697479248
238,-1.75,15,7.975480794906616
239,-3.1,3,8.004516363143921
240,-3.25,6,8.035510063171387
241,-3.3,7,8.073774814605713
242,4.6000000000000005,3,8.098549127578735
243,-3.35,8,8.133025169372559
244,-3.0,1,8.16098427772522
245,-3.15,4,8.191734790802002
246,4.15,6,8.228017807006836
247,-3.15,4,8.264265298843384
248,-3.0,1,8.291859865188599
249,-3.1,3,8.316973209381104
250,-3.1,3,8.3482084274292
251,-3.55,12,8.391732454299927
252,-3.05,2,8.414016008377075
253,-3.05,2,8.442781448364258
254,-3.45,10,8.487174987792969
255,-3.1,3,8.517473697662354
256,4.75,2,8.544129371643066
257,-3.45,10,8.578333377838135
258,4.15,6,8.609876155853271
259,-3.0,1,8.631795406341553
260,4.75,2,8.658860445022583
261,-3.05,2,8.687801122665405
262,-3.0,1,8.709229230880737
263,-3.35,8,8.742796421051025
264,3.6999999999999997,9,8.776227474212646
265,-3.5,11,8.811187028884888
266,-3.05,2,8.843776941299438
267,4.449999999999999,4,8.877948760986328
268,-3.0,1,8.900053262710571
269,-3.25,6,8.934557437896729
270,4.15,6,8.973214864730835
271,-3.0,1,8.99730396270752
272,-3.0,1,9.023424863815308
273,-3.35,8,9.215982913970947
274,-3.25,6,9.246086359024048
275,-3.15,4,9.274397850036621
276,-3.2,5,9.304911375045776
277,4.3,5,9.331115245819092
278,-3.05,2,9.355805397033691
279,-3.05,2,9.381489276885986
280,-3.1,3,9.409267902374268
281,-3.0,1,9.430876731872559
282,-3.15,4,9.456773042678833
283,-3.2,5,9.482948303222656
284,-3.0,1,9.50450587272644
285,3.85,8,9.540363311767578
286,3.55,10,9.578697919845581
287,-3.0,1,9.602322101593018
288,4.0,7,9.629682779312134
289,4.0,7,9.667696475982666
290,4.449999999999999,4,9.696925401687622
291,-3.15,4,9.72348690032959
292,-3.35,8,9.760515451431274
293,-1.75,15,9.809939622879028
294,4.6000000000000005,3,9.833858489990234
295,-3.4,9,9.872955083847046
296,-3.05,2,9.895960092544556
297,-3.15,4,9.922991037368774
298,3.55,10,9.962129592895508
299,-3.15,4,9.990209817886353
300,-3.0,1,10.012323379516602
301,-3.15,4,10.03927493095398
302,-1.75,15,10.083027362823486
303,3.1,13,10.127459049224854
304,-3.45,10,10.165556907653809
305,-3.05,2,10.188731670379639
306,-3.0,1,10.21041202545166
307,-3.45,10,10.24504566192627
308,-3.25,6,10.27686595916748
309,4.3,5,10.306944847106934
310,-3.05,2,10.33050274848938
311,-3.45,10,10.372537612915039
312,4.9,1,10.399222612380981
313,-1.75,15,10.449891090393066
314,-3.05,2,10.476214170455933
315,-3.5,11,10.520090103149414
316,4.75,2,10.546985626220703
317,3.4,11,10.782925605773926
318,4.449999999999999,4,10.816105604171753
319,-3.05,2,10.8419930934906
320,-3.35,8,10.882193088531494
321,-3.55,12,10.927340745925903
322,-3.35,8,10.968575716018677
323,-3.0,1,10.993345022201538
324,-3.05,2,11.017508029937744
325,3.1,13,11.058871269226074
326,-1.75,15,11.103059530258179
327,-3.05,2,11.127514839172363
328,-3.15,4,11.157830715179443
329,-3.0,1,11.177449703216553
330,4.3,5,11.20841360092163
331,3.85,8,11.242306470870972
332,-3.1,3,11.267569780349731
333,-3.25,6,11.298842906951904
334,3.6999999999999997,9,11.33268427848816
335,-3.55,12,11.370729446411133
336,-1.75,15,11.414920568466187
337,-3.35,8,11.458560228347778
338,4.449999999999999,4,11.485626697540283
339,3.85,8,11.521057844161987
340,-3.55,12,11.559738397598267
341,-3.0,1,11.582799673080444
342,4.9,1,11.603612184524536
343,3.25,12,11.643341064453125
344,-3.2,5,11.672522068023682
345,-3.15,4,11.70787262916565
346,-3.2,5,11.74201512336731
347,-3.4,9,11.777381658554077
348,-3.15,4,11.80282187461853
349,4.15,6,11.832539081573486
350,4.0,7,11.866048336029053
351,4.3,5,11.8966224193573
352,-3.55,12,11.945379734039307
353,-3.0,1,11.970309257507324
354,4.449999999999999,4,12.000333309173584
355,-3.35,8,12.043962001800537
356,-3.1,3,12.072563171386719
357,3.55,10,12.283381700515747
358,4.15,6,12.315238237380981
359,-3.2,5,12.34427261352539
360,-1.75,15,12.39686131477356
361,-3.2,5,12.431209802627563
362,4.449999999999999,4,12.461433172225952
363,4.75,2,12.486368179321289
364,4.449999999999999,4,12.52165675163269
365,-3.25,6,12.56522798538208
366,-3.65,14,12.60883378982544
367,-3.0,1,12.63321042060852
368,-1.75,15,12.678142070770264
369,4.449999999999999,4,12.706558227539062
370,-3.05,2,12.72769808769226
371,-3.0,1,12.749104022979736
372,-3.25,6,12.776819467544556
373,3.6999999999999997,9,12.812922239303589
374,-3.05,2,12.839523077011108
375,-3.45,10,12.882334232330322
376,-3.0,1,12.910861253738403
377,-3.25,6,12.943553924560547
378,-3.1,3,12.973467588424683
379,4.449999999999999,4,13.00498080253601
380,-3.0,1,13.031452178955078
381,4.0,7,13.066694021224976
382,-3.0,1,13.093163967132568
383,4.6000000000000005,3,13.120097160339355
384,4.449999999999999,4,13.152365446090698
385,4.3,5,13.181239604949951
386,4.15,6,13.211115598678589
387,-1.75,15,13.255706071853638
388,-3.3,7,13.289392948150635
389,-3.0,1,13.314093112945557
390,4.0,7,13.348515033721924
391,-3.0,1,13.376468658447266
392,-3.1,3,13.405549049377441
393,-3.05,2,13.429766654968262
394,4.0,7,13.463201999664307
395,-3.0,1,13.485773086547852
396,-3.25,6,13.518731355667114
397,-3.2,5,13.556197881698608
398,3.55,10,13.59497857093811
399,-3.3,7,13.626667737960815
400,4.3,5,13.65670371055603
401,4.75,2,13.68087911605835
402,-3.1,3,13.706775903701782
403,3.55,10,13.747012615203857
404,-3.2,5,13.780508041381836
405,-3.0,1,13.803841352462769
406,4.3,5,14.019508123397827
407,-3.05,2,14.047865152359009
408,-1.75,15,14.100401639938354
409,-3.0,1,14.127551794052124
410,-3.1,3,14.15556812286377
411,4.6000000000000005,3,14.181979179382324
412,-3.3,7,14.216573238372803
413,-3.1,3,14.246558427810669
414,-3.25,6,14.279749393463135
415,-3.3,7,14.312629222869873
416,-3.4,9,14.354509115219116
417,-3.15,4,14.382059812545776
418,4.15,6,14.412690162658691
419,-3.05,2,14.435779809951782
420,-3.4,9,14.4707350730896
421,3.85,8,14.503356695175171
422,-3.15,4,14.528876543045044
423,-3.2,5,14.55906057357788
424,-3.0,1,14.583229780197144
425,-3.15,4,14.612387657165527
426,-3.4,9,14.646604061126709
427,-3.6,13,14.684560298919678
428,-3.0,1,14.70889163017273
429,-3.05,2,14.72937798500061
430,-3.2,5,14.759900331497192
431,4.15,6,14.792800664901733
432,-3.3,7,14.823148965835571
433,-3.05,2,14.845866203308105
434,-1.75,15,14.891399383544922
435,4.449999999999999,4,14.916500568389893
436,-3.05,2,14.94340705871582
437,-3.0,1,14.964416742324829
438,-3.2,5,14.992752075195312
439,-3.15,4,15.024992227554321
440,-3.0,1,15.046406745910645
441,-3.4,9,15.080620765686035
442,-3.5,11,15.119079113006592
443,3.85,8,15.153527736663818
444,4.3,5,15.183290719985962
445,-3.05,2,15.211511611938477
446,4.6000000000000005,3,15.239499568939209
447,3.85,8,15.282113552093506
448,-3.25,6,15.327023267745972
449,-3.25,6,15.363359689712524
450,4.75,2,15.392255067825317
451,-3.1,3,15.42091679573059
452,4.0,7,15.456833839416504
453,-3.0,1,15.481832504272461
454,3.85,8,15.676088333129883
455,3.85,8,15.709766864776611
456,2.8,15,15.752721071243286
457,-3.1,3,15.779207468032837
458,-3.3,7,15.809727191925049
459,-3.0,1,15.833275556564331
460,-3.1,3,15.861693382263184
461,-3.0,1,15.884825944900513
462,4.75,2,15.911307096481323
463,4.0,7,15.94330906867981
464,4.0,7,15.972570180892944
465,-3.35,8,16.00763463973999
466,-3.3,7,16.04322600364685
467,3.85,8,16.08135747909546
468,3.6999999999999997,9,16.118220567703247
469,-3.1,3,16.143911123275757
470,-3.2,5,16.171754360198975
471,-3.05,2,16.194029092788696
472,-3.0,1,16.214990377426147
473,-3.05,2,16.24004316329956
474,-3.1,3,16.265496015548706
475,-3.0,1,16.285050868988037
476,4.15,6,16.32223892211914
477,4.0,7,16.354171991348267
478,-3.35,8,16.3913676738739
479,-3.35,8,16.42300295829773
480,-3.3,7,16.452594757080078
481,4.15,6,16.481263637542725
482,-3.35,8,16.51485013961792
483,3.55,10,16.553414583206177
484,4.15,6,16.584635972976685
485,-3.65,14,16.630711317062378
486,4.15,6,16.660451412200928
487,-3.05,2,16.681942462921143
488,-3.1,3,16.707200527191162
489,4.15,6,16.74084782600403
490,-3.35,8,16.775635480880737
491,-3.4,9,16.812312364578247
492,3.85,8,16.84826946258545
493,4.75,2,16.87356948852539
494,3.4,11,16.92149543762207
495,-3.4,9,16.971830368041992
496,3.55,10,17.17679214477539
497,-3.0,1,17.203262329101562
498,-3.05,2,17.23010492324829
499,4.0,7,17.272592067718506
500,4.0,7,17.306241273880005
501,-3.0,1,17.33238458633423
502,4.0,7,17.369186878204346
503,-3.0,1,17.396384239196777
504,-3.15,4,17.42492127418518
505,-3.1,3,17.45589780807495
506,-3.05,2,17.48829197883606
507,-3.0,1,17.513572216033936
508,-3.3,7,17.55129384994507
509,3.6999999999999997,9,17.587361574172974
510,-3.3,7,17.62561345100403
511,3.6999999999999997,9,17.66028881072998
512,4.15,6,17.702749252319336
513,-3.1,3,17.72947096824646
514,-3.15,4,17.758757829666138
515,-3.15,4,17.787702322006226
516,-3.35,8,17.82155704498291
517,-3.05,2,17.8487069606781
518,3.6999999999999997,9,17.882485151290894
519,-3.3,7,17.91325068473816
520,-3.25,6,17.946516275405884
521,-3.4,9,17.979877710342407
522,-3.6,13,18.02392053604126
523,4.449999999999999,4,18.0512797832489
524,4.0,7,18.084426164627075
525,-3.0,1,18.11010479927063
526,-3.1,3,18.13676881790161
527,-3.1,3,18.161124229431152
528,3.6999999999999997,9,18.198562145233154
529,-3.05,2,18.221877813339233
530,-3.2,5,18.253828048706055
531,-3.05,2,18.280171871185303
532,-3.05,2,18.307408571243286
533,-3.05,2,18.32943558692932
534,-3.25,6,18.366151094436646
535,4.3,5,18.407020092010498
536,-3.2,5,18.4440598487854
537,4.3,5,18.47561001777649
538,-3.4,9,18.51912808418274
539,-3.3,7,18.557426929473877
540,-3.45,10,18.59765648841858
541,-3.05,2,18.630013942718506
542,-3.05,2,18.658801078796387
543,4.3,5,18.691670656204224
544,-3.4,9,18.738306522369385
545,-3.15,4,18.770057439804077
546,3.85,8,18.95849919319153
547,-3.55,12,19.003563165664673
548,3.1,13,19.04668879508972
549,-3.25,6,19.076179265975952
550,-3.55,12,19.120266914367676
551,4.449999999999999,4,19.147183656692505
552,-3.15,4,19.17768669128418
553,4.9,1,19.19783115386963
554,-3.1,3,19.22261953353882
555,-3.05,2,19.244948148727417
556,-3.15,4,19.27673864364624
557,-3.35,8,19.310837507247925
558,3.6999999999999997,9,19.352713346481323
559,-3.0,1,19.37311577796936
560,4.0,7,19.408082723617554
561,-3.0,1,19.436551570892334
562,-3.3,7,19.472734212875366
563,-3.05,2,19.49626874923706
564,-3.0,1,19.526753187179565
565,-3.25,6,19.557451009750366
566,-3.05,2,19.581648588180542
567,4.3,5,19.61205244064331
568,4.15,6,19.64735436439514
569,3.55,10,19.685331106185913
570,4.449999999999999,4,19.713448524475098
571,-3.55,12,19.75644564628601
572,-3.25,6,19.78903579711914
573,4.3,5,19.817702054977417
574,-3.2,5,19.845154523849487
575,-3.25,6,19.875197172164917
576,3.85,8,19.910850048065186
577,3.85,8,19.954809427261353
578,4.449999999999999,4,19.9894700050354
579,4.6000000000000005,3,20.032098293304443
580,-3.2,5,20.097938776016235
581,4.449999999999999,4,20.145030736923218
582,4.15,6,20.197542190551758
583,3.4,11,20.256847858428955
584,3.6999999999999997,9,20.29934310913086
585,4.0,7,20.338984966278076
586,3.55,10,20.38143491744995
587,-3.15,4,20.41360306739807
588,3.6999999999999997,9,20.456334352493286
589,4.15,6,20.647430896759033
590,-3.0,1,20.67693829536438
591,-3.1,3,20.707560777664185
592,-3.2,5,20.74163317680359
593,3.6999999999999997,9,20.77852702140808
594,-3.15,4,20.809564113616943
595,-3.3,7,20.84222674369812
596,-3.3,7,20.878005743026733
597,-3.05,2,20.906423330307007
598,-3.4,9,20.940956592559814
599,-3.1,3,20.969414710998535
600,3.4,11,21.011436462402344
601,3.6999999999999997,9,21.052654027938843
602,4.75,2,21.07879614830017
603,-3.05,2,21.103421449661255
604,-3.15,4,21.12812089920044
605,-3.05,2,21.155099391937256
606,3.55,10,21.194538831710815
607,-3.15,4,21.22346830368042
608,-3.05,2,21.24808692932129
609,4.0,7,21.281964778900146
610,4.75,2,21.30743980407715
611,-3.05,2,21.336814880371094
612,-3.0,1,21.36603856086731
613,3.6999999999999997,9,21.398709058761597
614,-3.35,8,21.437219381332397
615,4.15,6,21.475232124328613
616,-3.2,5,21.50286078453064
617,-3.0,1,21.529189348220825
618,-3.1,3,21.559438467025757
619,3.85,8,21.594696521759033
620,-3.05,2,21.620436668395996
621,-3.2,5,21.652411460876465
622,-3.2,5,21.685569763183594
623,4.6000000000000005,3,21.711169719696045
624,-3.0,1,21.730189085006714
625,4.3,5,21.756810665130615
626,3.6999999999999997,9,21.795339345932007
627,-3.15,4,21.82505965232849
628,-3.1,3,21.853283643722534
629,-3.2,5,21.887068033218384
630,-3.1,3,21.914510011672974
631,-3.0,1,21.941596031188965
632,-3.05,2,21.96474528312683
633,-3.25,6,22.0012629032135
634,-3.4,9,22.034113883972168
635,-3.05,2,22.061240196228027
636,4.3,5,22.091032028198242
637,4.75,2,22.11405873298645
638,-3.1,3,22.14309000968933
639,-3.3,7,22.17646622657776
640,-3.55,12,22.217869997024536
641,4.15,6,22.254146575927734
642,4.449999999999999,4,22.44503355026245
643,-3.05,2,22.47342610359192
644,-3.25,6,22.510803699493408
645,3.4,11,22.552387475967407
646,-3.25,6,22.585264682769775
647,4.6000000000000005,3,22.610575914382935
648,3.6999999999999997,9,22.645231246948242
649,-3.55,12,22.684767723083496
650,-3.1,3,22.71092677116394
651,3.55,10,22.749310970306396
652,-3.2,5,22.776893138885498
653,-3.3,7,22.809963703155518
654,-3.2,5,22.839505910873413
655,-3.15,4,22.864959955215454
656,-3.05,2,22.890366792678833
657,4.15,6,22.92398238182068
658,-3.1,3,22.950512409210205
659,-3.25,6,22.9798846244812
660,3.6999999999999997,9,23.016496419906616
661,-3.35,8,23.052379369735718
662,4.0,7,23.086385011672974
663,4.3,5,23.114933490753174
664,-3.05,2,23.14149022102356
665,3.85,8,23.186827898025513
666,-3.2,5,23.221887350082397
667,4.3,5,23.255882024765015
668,-3.45,10,23.29791021347046
669,-3.1,3,23.331032276153564
670,4.3,5,23.36457085609436
671,3.55,10,23.40378761291504
672,-3.1,3,23.430769681930542
673,-3.4,9,23.470170974731445
674,-3.35,8,23.504958391189575
675,-3.45,10,23.54314684867859
676,-3.4,9,23.58409810066223
677,-3.55,12,23.62564969062805
678,4.3,5,23.65682363510132
679,-3.15,4,23.687650203704834
680,-3.3,7,23.72696018218994
681,-3.4,9,23.762483835220337
682,4.0,7,23.945552349090576
683,3.6999999999999997,9,23.98945641517639
684,4.15,6,24.026734352111816
685,3.6999999999999997,9,24.063119888305664
686,3.4,11,24.106616020202637
687,-3.1,3,24.1315701007843
688,-3.0,1,24.156346797943115
689,-3.35,8,24.19109344482422
690,-3.25,6,24.22291088104248
691,-3.05,2,24.247620344161987
692,-3.15,4,24.27858281135559
693,-3.4,9,24.32035756111145
694,-3.1,3,24.34454345703125
695,3.25,12,24.386144161224365
696,-3.25,6,24.4154052734375
697,-3.1,3,24.44714069366455
698,4.449999999999999,4,24.47494888305664
699,-3.1,3,24.498939037322998
700,4.0,7,24.53106927871704
701,-3.2,5,24.557230234146118
702,-3.05,2,24.58034610748291
703,4.3,5,24.60544466972351
704,4.0,7,24.63744068145752
705,4.3,5,24.667454957962036
706,3.4,11,24.70815682411194
707,-3.3,7,24.74126625061035
708,4.449999999999999,4,24.77268123626709
709,-3.3,7,24.810475826263428
710,-3.4,9,24.855896472930908
711,4.0,7,24.899277687072754
712,2.9499999999999997,14,24.956487894058228
713,-3.3,7,24.98717737197876
714,4.449999999999999,4,25.01690697669983
715,-3.1,3,25.043548822402954
716,4.3,5,25.074755907058716
717,4.0,7,25.108384132385254
718,4.15,6,25.14094114303589
719,-3.25,6,25.17344880104065
720,3.85,8,25.20647692680359
721,4.6000000000000005,3,25.233384609222412
722,4.15,6,25.266488790512085
723,-3.05,2,25.293996334075928
724,4.449999999999999,4,25.329280853271484
725,-3.2,5,25.504135131835938
726,-3.05,2,25.53019905090332
727,3.85,8,25.561870098114014
728,4.449999999999999,4,25.593190908432007
729,3.55,10,25.62794589996338
730,4.15,6,25.665051698684692
731,4.0,7,25.699390411376953
732,4.0,7,25.730467796325684
733,4.3,5,25.7594211101532
734,3.85,8,25.79401707649231
735,3.6999999999999997,9,25.832239151000977
736,4.15,6,25.86601996421814
737,-3.15,4,25.895951509475708
738,4.449999999999999,4,25.928163766860962
739,3.6999999999999997,9,25.96773648262024
740,3.4,11,26.006412506103516
741,4.15,6,26.039058923721313
742,-3.05,2,26.062955856323242
743,-3.05,2,26.085519313812256
744,-3.45,10,26.121942281723022
745,-3.15,4,26.147514820098877
746,-3.4,9,26.18428659439087
747,-3.15,4,26.20918345451355
748,4.3,5,26.236578464508057
749,4.3,5,26.26400089263916
750,3.4,11,26.303767442703247
751,4.75,2,26.3337140083313
752,3.6999999999999997,9,26.374303817749023
753,-3.25,6,26.40602684020996
754,4.449999999999999,4,26.43915820121765
755,4.75,2,26.465495109558105
756,-3.1,3,26.497920751571655
757,4.3,5,26.529781579971313
758,-3.45,10,26.570111513137817
759,4.6000000000000005,3,26.59551453590393
760,-3.05,2,26.621246099472046
761,3.55,10,26.65592384338379
762,-3.1,3,26.6809823513031
763,-3.3,7,26.712852239608765
764,-3.2,5,26.741597175598145
765,4.449999999999999,4,26.772473573684692
766,-3.4,9,26.810993194580078
767,-3.3,7,26.84805989265442
768,4.449999999999999,4,27.02823257446289
769,-3.25,6,27.06257724761963
770,-3.25,6,27.09838104248047
771,-3.2,5,27.12865138053894
772,3.85,8,27.16363501548767
773,3.25,12,27.208852767944336
774,4.6000000000000005,3,27.23837447166443
775,4.15,6,27.277342081069946
776,4.449999999999999,4,27.309126138687134
777,4.15,6,27.34904932975769
778,4.6000000000000005,3,27.38110375404358
779,-3.2,5,27.41237473487854
780,-3.15,4,27.44456934928894
781,-3.1,3,27.474229335784912
782,4.0,7,27.50540852546692
783,-3.35,8,27.545127630233765
784,4.0,7,27.58019208908081
785,4.6000000000000005,3,27.60830855369568
786,-3.1,3,27.636260509490967
787,-3.05,2,27.66090750694275
788,-3.0,1,27.684964179992676
789,3.55,10,27.722814798355103
790,-3.3,7,27.755838632583618
791,-3.6,13,27.80579710006714
792,4.15,6,27.83880639076233
793,-3.35,8,27.871192455291748
794,-3.0,1,27.899636030197144
795,-3.3,7,27.932966947555542
796,-3.4,9,27.973339796066284
797,4.0,7,28.014471292495728
798,-3.3,7,28.050344228744507
799,-3.45,10,28.08684206008911
800,4.0,7,28.117936372756958
801,-3.05,2,28.141942262649536
802,-3.4,9,28.17807149887085
803,4.3,5,28.210317850112915
804,3.25,12,28.25705909729004
805,-3.4,9,28.29502773284912
806,-3.35,8,28.32669711112976
807,-3.65,14,28.376970767974854
808,3.4,11,28.564460039138794
809,-3.35,8,28.59876775741577
810,-3.1,3,28.628538131713867
811,3.85,8,28.66470766067505
812,3.6999999999999997,9,28.707441806793213
813,-3.1,3,28.73235511779785
814,-3.0,1,28.75822925567627
815,3.25,12,28.79994797706604
816,3.55,10,28.83307909965515
817,-3.3,7,28.866056442260742
818,-3.15,4,28.892902612686157
819,4.15,6,28.929486513137817
820,-3.4,9,28.967024087905884
821,-3.3,7,29.000629425048828
822,-3.2,5,29.030826807022095
823,3.85,8,29.064709663391113
824,-3.45,10,29.099392414093018
825,-3.35,8,29.138927936553955
826,-3.05,2,29.162949562072754
827,-3.1,3,29.193544626235962
828,-3.2,5,29.22859239578247
829,4.15,6,29.261698007583618
830,4.6000000000000005,3,29.287989139556885
831,-3.05,2,29.3133544921875
832,-3.1,3,29.338509559631348
833,3.25,12,29.378371000289917
834,4.3,5,29.409485578536987
835,-3.2,5,29.44464659690857
836,4.15,6,29.47984766960144
837,-3.0,1,29.503198862075806
838,4.15,6,29.544700145721436
839,-3.25,6,29.579744815826416
840,4.3,5,29.618340492248535
841,3.85,8,29.660496711730957
842,-3.35,8,29.70325255393982
843,-3.25,6,29.73788046836853
844,4.0,7,29.769747257232666
845,4.449999999999999,4,29.80480980873108
846,-3.35,8,29.84151601791382
847,-3.15,4,29.873015880584717
848,-3.2,5,29.909720182418823
849,4.0,7,29.94250512123108
850,-3.1,3,30.119261503219604
851,-3.25,6,30.153876304626465
852,-3.3,7,30.1847403049469
853,4.15,6,30.218751907348633
854,-3.05,2,30.24435567855835
855,4.0,7,30.275564670562744
856,4.0,7,30.3121120929718
857,4.15,6,30.344300270080566
858,-3.0,1,30.36821961402893
859,-3.15,4,30.39901328086853
860,-3.1,3,30.428527355194092
861,3.6999999999999997,9,30.463393211364746
862,-3.25,6,30.49730134010315
863,3.4,11,30.53880286216736
864,3.85,8,30.571674346923828
865,3.55,10,30.61452007293701
866,4.449999999999999,4,30.641965866088867
867,4.15,6,30.682536602020264
868,-3.1,3,30.708129405975342
869,4.3,5,30.73430109024048
870,-3.6,13,30.775930881500244
871,4.6000000000000005,3,30.804473161697388
872,-3.25,6,30.840352296829224
873,4.3,5,30.872557878494263
874,-3.15,4,30.901172161102295
875,-3.5,11,30.93763566017151
876,-3.15,4,30.967729091644287
877,3.85,8,30.996458053588867
878,-3.65,14,31.04229712486267
879,-3.45,10,31.087191104888916
880,-3.0,1,31.11266016960144
881,-3.2,5,31.14209771156311
882,4.0,7,31.177817583084106
883,-3.45,10,31.22235655784607
884,4.15,6,31.254425525665283
885,-3.15,4,31.282742261886597
886,4.0,7,31.320953130722046
887,-3.45,10,31.373586177825928
888,-3.3,7,31.408016204833984
889,4.3,5,31.437929391860962
890,4.3,5,31.622671365737915
891,3.55,10,31.65785551071167
892,-3.25,6,31.684788465499878
893,4.3,5,31.713661193847656
894,4.0,7,31.742918491363525
895,4.3,5,31.77057409286499
896,4.3,5,31.795260429382324
897,3.25,12,31.837042808532715
898,-3.65,14,31.87815284729004
899,3.6999999999999997,9,31.920267581939697
900,-3.6,13,31.964828968048096
901,-3.0,1,31.991641521453857
902,4.449999999999999,4,32.018418073654175
903,-3.4,9,32.053688049316406
904,4.3,5,32.08234477043152
905,-3.3,7,32.11293315887451
906,3.6999999999999997,9,32.14916229248047
907,3.25,12,32.19185662269592
908,-3.15,4,32.221707820892334
909,-3.05,2,32.24410271644592
910,-3.15,4,32.273757219314575
911,3.6999999999999997,9,32.30671787261963
912,4.75,2,32.32949995994568
913,4.15,6,32.35810470581055
914,-3.3,7,32.387473583221436
915,-3.05,2,32.41250228881836
916,-3.3,7,32.44458270072937
917,4.75,2,32.472312450408936
918,4.0,7,32.51084637641907
919,-3.05,2,32.53509497642517
920,3.6999999999999997,9,32.57497024536133
921,-3.0,1,32.596604347229004
922,-3.0,1,32.62154030799866
923,-3.0,1,32.647481203079224
924,-3.2,5,32.67821025848389
925,-3.35,8,32.71092748641968
926,4.0,7,32.75115084648132
927,-3.3,7,32.786643743515015
928,-3.2,5,32.81933951377869
929,-3.25,6,32.86326599121094
930,-3.4,9,32.90037822723389
931,-3.4,9,32.93818759918213
932,3.6999999999999997,9,33.12972927093506
933,3.55,10,33.17391920089722
934,4.15,6,33.20477294921875
935,-3.65,14,33.24725580215454
936,3.85,8,33.28096604347229
937,4.0,7,33.31214714050293
938,-3.25,6,33.34430170059204
939,-3.35,8,33.38011407852173
940,-3.55,12,33.418742656707764
941,-3.25,6,33.447487115859985
942,-3.45,10,33.48907732963562
943,-3.15,4,33.51981449127197
944,-3.25,6,33.54873085021973
945,-3.15,4,33.5756311416626
946,-3.1,3,33.600406646728516
947,4.3,5,33.626689434051514
948,4.3,5,33.65485763549805
949,-3.0,1,33.67599558830261
950,-3.25,6,33.706597089767456
951,4.0,7,33.73866891860962
952,-3.3,7,33.77371668815613
953,-3.15,4,33.797226905822754
954,4.15,6,33.82937955856323
955,4.449999999999999,4,33.86025524139404
956,-3.1,3,33.88719320297241
957,-3.05,2,33.9107940196991
958,-3.2,5,33.94501709938049
959,-3.15,4,33.97689890861511
960,-3.4,9,34.016910791397095
961,4.449999999999999,4,34.043641567230225
962,-3.2,5,34.07521200180054
963,-3.25,6,34.11128306388855
964,-3.35,8,34.14635920524597
965,3.85,8,34.18043255805969
966,-3.3,7,34.22196555137634
967,4.449999999999999,4,34.25283479690552
968,3.4,11,34.30638647079468
969,-3.45,10,34.359760761260986
970,3.85,8,34.39525389671326
971,-3.2,5,34.58571004867554
972,-3.4,9,34.62399172782898
973,3.6999999999999997,9,34.659913539886475
974,-3.0,1,34.68345904350281
975,4.15,6,34.716936349868774
976,-3.3,7,34.745563983917236
977,-3.35,8,34.78095531463623
978,4.3,5,34.81268620491028
979,3.6999999999999997,9,34.848246335983276
980,4.3,5,34.87775254249573
981,-3.15,4,34.90607285499573
982,-3.3,7,34.937650203704834
983,3.25,12,34.97661018371582
984,4.3,5,35.00518774986267
985,-3.15,4,35.03159761428833
986,-3.15,4,35.058250427246094
987,-3.35,8,35.08817148208618
988,-3.2,5,35.11691689491272
989,3.85,8,35.14987254142761
990,-3.05,2,35.1725378036499
991,-3.1,3,35.19699764251709
992,3.4,11,35.2397096157074
993,3.6999999999999997,9,35.28441596031189
994,4.449999999999999,4,35.309836626052856
995,3.25,12,35.34812092781067
996,-3.35,8,35.382827043533325
997,-3.15,4,35.41249942779541
998,-3.25,6,35.44621181488037
999,4.9,1,35.469862937927246
1000,-3.35,8,35.502763986587524
1001,-3.3,7,35.53307604789734
1002,-3.25,6,35.56300330162048
1003,4.449999999999999,4,35.59064030647278
1004,-3.1,3,35.613929271698
1005,3.6999999999999997,9,35.65045142173767
1006,4.0,7,35.68224763870239
1007,-3.35,8,35.71333432197571
1008,-3.25,6,35.74293279647827
1009,4.0,7,35.7770209312439
1010,-3.2,5,35.80807375907898
1011,4.449999999999999,4,35.83566737174988
1012,-3.1,3,35.86051321029663
1013,-3.4,9,36.074875354766846
1014,4.3,5,36.10645413398743
1015,-3.2,5,36.13749980926514
1016,-3.45,10,36.17393374443054
1017,-3.15,4,36.202120542526245
1018,4.0,7,36.23586344718933
1019,-3.2,5,36.267284870147705
1020,-3.05,2,36.29480814933777
1021,3.85,8,36.32773971557617
1022,3.55,10,36.365715742111206
1023,-3.2,5,36.39378380775452
1024,4.15,6,36.42640709877014
1025,3.25,12,36.46647119522095
1026,3.55,10,36.5025200843811
1027,4.15,6,36.529804706573486
1028,-3.25,6,36.56076455116272
1029,-3.25,6,36.592422008514404
1030,-3.0,1,36.61600375175476
1031,-3.05,2,36.63806891441345
1032,-3.3,7,36.67397499084473
1033,4.0,7,36.710431814193726
1034,-3.25,6,36.74582767486572
1035,4.3,5,36.778831005096436
1036,3.85,8,36.81636333465576
1037,-3.3,7,36.84954619407654
1038,-3.15,4,36.87509226799011
1039,-3.4,9,36.907809257507324
1040,-3.4,9,36.942373752593994
1041,3.6999999999999997,9,36.97953987121582
1042,-3.2,5,37.006176710128784
1043,-3.45,10,37.04218602180481
1044,-3.3,7,37.07183885574341
1045,3.55,10,37.11019945144653
1046,-3.2,5,37.141642332077026
1047,-3.5,11,37.18283176422119
1048,3.85,8,37.21730947494507
1049,-3.05,2,37.24331283569336
1050,-3.3,7,37.282023191452026
1051,-3.25,6,37.50081515312195
1052,-3.15,4,37.53484559059143
1053,-3.25,6,37.574509620666504
1054,3.25,12,37.62773609161377
1055,4.15,6,37.66199564933777
1056,-3.05,2,37.6881468296051
1057,3.85,8,37.72546124458313
1058,-3.4,9,37.76122164726257
1059,3.6999999999999997,9,37.80614352226257
1060,-3.0,1,37.833853244781494
1061,3.85,8,37.870803356170654
1062,-3.2,5,37.90299892425537
1063,3.6999999999999997,9,37.943769693374634
1064,-3.0,1,37.97468423843384
1065,4.0,7,38.00943160057068
1066,4.0,7,38.04430794715881
1067,-3.15,4,38.070348501205444
1068,4.3,5,38.098755836486816
1069,-1.75,15,38.14491605758667
1070,-3.15,4,38.17483949661255
1071,-3.35,8,38.20828700065613
1072,4.0,7,38.24016785621643
1073,-3.2,5,38.27018713951111
1074,3.85,8,38.30343246459961
1075,3.55,10,38.34450364112854
1076,-3.35,8,38.38209843635559
1077,-3.25,6,38.41201972961426
1078,4.15,6,38.44072985649109
1079,4.6000000000000005,3,38.46303105354309
1080,4.0,7,38.49386501312256
1081,-3.3,7,38.5267698764801
1082,4.449999999999999,4,38.550734996795654
1083,4.0,7,38.58302402496338
1084,-3.05,2,38.60541796684265
1085,-3.6,13,38.644572019577026
1086,3.6999999999999997,9,38.67664170265198
1087,-3.45,10,38.710965633392334
1088,3.6999999999999997,9,38.74432635307312
1089,3.25,12,38.93716049194336
1090,4.0,7,38.97357249259949
1091,-3.2,5,39.007694721221924
1092,3.85,8,39.0543909072876
1093,-3.4,9,39.095773220062256
1094,4.0,7,39.127618074417114
1095,-3.35,8,39.1671359539032
1096,4.449999999999999,4,39.19770264625549
1097,3.1,13,39.24398636817932
1098,-3.05,2,39.27355098724365
1099,-3.35,8,39.3091881275177
1100,3.85,8,39.348116397857666
1101,-3.25,6,39.38551330566406
1102,4.3,5,39.41689109802246
1103,-3.4,9,39.45364451408386
1104,4.3,5,39.48676252365112
1105,4.0,7,39.51801681518555
1106,-3.25,6,39.54625344276428
1107,3.85,8,39.57962346076965
1108,-3.35,8,39.611268281936646
1109,-3.45,10,39.643876791000366
1110,4.6000000000000005,3,39.66812252998352
1111,-3.3,7,39.703683614730835
1112,-3.4,9,39.74316930770874
1113,-3.25,6,39.775540828704834
1114,-3.45,10,39.81259369850159
1115,-3.1,3,39.83912515640259
1116,-3.05,2,39.8633496761322
1117,4.0,7,39.89688062667847
1118,3.85,8,39.93136119842529
1119,-3.05,2,39.956679582595825
1120,-3.15,4,39.98541259765625
1121,-3.2,5,40.01744747161865
1122,4.0,7,40.05243945121765
1123,4.6000000000000005,3,40.07752537727356
1124,4.0,7,40.11244249343872
1125,-3.35,8,40.148247957229614
1126,-3.15,4,40.176538944244385
1127,4.15,6,40.21003532409668
1128,4.449999999999999,4,40.377525806427
1129,3.55,10,40.41303062438965
1130,-3.05,2,40.4426543712616
1131,4.15,6,40.4776132106781
1132,-3.2,5,40.50769543647766
1133,3.85,8,40.547409534454346
1134,4.15,6,40.57929587364197
1135,4.3,5,40.61131763458252
1136,-3.15,4,40.648107290267944
1137,-3.15,4,40.684709310531616
1138,4.15,6,40.72221875190735
1139,4.3,5,40.760730266571045
1140,3.55,10,40.8052282333374
1141,4.15,6,40.8438515663147
1142,-3.25,6,40.875863790512085
1143,-3.3,7,40.91248607635498
1144,3.6999999999999997,9,40.954182386398315
1145,-3.05,2,40.977916955947876
1146,-3.2,5,41.01013922691345
1147,4.449999999999999,4,41.040387868881226
1148,-3.55,12,41.08568024635315
1149,3.4,11,41.123637199401855
1150,4.0,7,41.15548133850098
1151,-3.7,15,41.20355725288391
1152,-3.25,6,41.23044228553772
1153,-3.15,4,41.25618648529053
1154,4.449999999999999,4,41.28418517112732
1155,-3.15,4,41.313475608825684
1156,4.449999999999999,4,41.352381467819214
1157,4.3,5,41.393216371536255
1158,-3.4,9,41.43698740005493
1159,-3.35,8,41.478532552719116
1160,4.75,2,41.504345417022705
1161,-3.2,5,41.53695034980774
1162,3.25,12,41.57891345024109
1163,-3.2,5,41.60703253746033
1164,-3.2,5,41.633654832839966
1165,4.6000000000000005,3,41.6580171585083
1166,4.15,6,41.69418406486511
1167,-3.15,4,41.72192621231079
1168,-3.25,6,41.75369715690613
1169,-3.2,5,41.782520055770874
1170,-3.35,8,41.96607995033264
1171,-3.1,3,41.99261426925659
1172,-3.05,2,42.02298617362976
1173,-3.45,10,42.0621235370636
1174,-3.2,5,42.09374809265137
1175,-3.45,10,42.130852937698364
1176,-3.2,5,42.160186767578125
1177,-3.25,6,42.19890761375427
1178,-3.5,11,42.23968172073364
1179,4.15,6,42.271525621414185
1180,-3.15,4,42.304293155670166
1181,-3.35,8,42.34335255622864
1182,-3.1,3,42.371946573257446
1183,3.6999999999999997,9,42.409555196762085
1184,3.6999999999999997,9,42.454575061798096
1185,3.85,8,42.495293855667114
1186,4.3,5,42.52588391304016
1187,4.75,2,42.55638790130615
1188,4.3,5,42.58627796173096
1189,-3.1,3,42.6133394241333
1190,-3.4,9,42.64435863494873
1191,3.6999999999999997,9,42.67765998840332
1192,4.0,7,42.705161333084106
1193,-3.45,10,42.73859429359436
1194,4.15,6,42.76915621757507
1195,-3.45,10,42.80539512634277
1196,4.449999999999999,4,42.828951835632324
1197,4.6000000000000005,3,42.854854583740234
1198,-3.45,10,42.894094944000244
1199,3.55,10,42.93565058708191
1200,3.6999999999999997,9,42.97178053855896
1201,4.0,7,43.01342439651489
1202,-3.4,9,43.05304503440857
1203,-3.15,4,43.08420276641846
1204,-3.2,5,43.111385345458984
1205,4.15,6,43.14091110229492
1206,4.0,7,43.17779326438904
1207,4.0,7,43.20989942550659
1208,4.15,6,43.38599109649658
1209,-3.2,5,43.4145085811615
1210,-3.15,4,43.44148564338684
1211,-3.15,4,43.46786189079285
1212,3.85,8,43.504002809524536
1213,-3.2,5,43.533116817474365
1214,-3.2,5,43.565346479415894
1215,4.75,2,43.588892221450806
1216,-3.15,4,43.61307239532471
1217,-3.25,6,43.639458656311035
1218,-3.05,2,43.66631269454956
1219,-3.15,4,43.69474172592163
1220,4.0,7,43.73255705833435
1221,-3.15,4,43.760451316833496
1222,-3.25,6,43.80382490158081
1223,3.6999999999999997,9,43.85010504722595
1224,4.3,5,43.87998867034912
1225,-3.25,6,43.91253066062927
1226,3.4,11,43.95368504524231
1227,-3.4,9,43.997663497924805
1228,4.449999999999999,4,44.03312659263611
1229,-3.25,6,44.07232618331909
1230,4.449999999999999,4,44.10654830932617
1231,-3.45,10,44.14740061759949
1232,4.449999999999999,4,44.18264389038086
1233,3.6999999999999997,9,44.22329568862915
1234,-3.3,7,44.25928211212158
1235,3.6999999999999997,9,44.29463315010071
1236,3.6999999999999997,9,44.33304142951965
1237,3.85,8,44.36423873901367
1238,-3.2,5,44.3921594619751
1239,-3.15,4,44.42101073265076
1240,3.85,8,44.463414669036865
1241,-3.0,1,44.48779034614563
1242,-3.35,8,44.52216649055481
1243,4.0,7,44.55489635467529
1244,-3.25,6,44.590800285339355
1245,-3.35,8,44.626423597335815
1246,-3.1,3,44.65584850311279
1247,3.25,12,44.69342613220215
1248,-3.15,4,44.72101140022278
1249,-3.2,5,44.75383019447327
1250,-3.1,3,44.781079053878784
1251,4.0,7,44.96086239814758
1252,3.85,8,45.00556468963623
1253,-3.2,5,45.033968925476074
1254,-3.05,2,45.06151008605957
1255,-3.3,7,45.09470844268799
1256,-3.2,5,45.12228274345398
1257,3.6999999999999997,9,45.159916639328
1258,4.3,5,45.18685793876648
1259,4.0,7,45.21909475326538
1260,-3.1,3,45.24354124069214
1261,-3.5,11,45.28979444503784
1262,-3.25,6,45.32590842247009
1263,4.3,5,45.35700535774231
1264,-3.2,5,45.38841772079468
1265,-3.15,4,45.41971445083618
1266,-3.15,4,45.44855093955994
1267,-3.4,9,45.485196113586426
1268,4.3,5,45.51383185386658
1269,-3.3,7,45.547579288482666
1270,-3.15,4,45.57544755935669
1271,-3.15,4,45.60756325721741
1272,-3.25,6,45.638301610946655
1273,-3.35,8,45.679007053375244
1274,-3.15,4,45.705585956573486
1275,3.85,8,45.74105167388916
1276,-3.25,6,45.77186107635498
1277,3.85,8,45.80638837814331
1278,-3.15,4,45.83219003677368
1279,4.15,6,45.85989713668823
1280,4.15,6,45.89338994026184
1281,4.449999999999999,4,45.91904640197754
1282,3.55,10,45.95401430130005
1283,4.0,7,45.98823380470276
1284,-3.2,5,46.02357721328735
1285,4.3,5,46.059731006622314
1286,-3.15,4,46.09580683708191
1287,-3.45,10,46.13818311691284
1288,-3.05,2,46.1616849899292
1289,3.55,10,46.20432901382446
1290,4.15,6,46.23789620399475
1291,-3.0,1,46.26159453392029
1292,-3.25,6,46.29689836502075
1293,4.15,6,46.32963800430298
1294,-3.15,4,46.35668635368347
1295,4.6000000000000005,3,46.527153730392456
1296,4.449999999999999,4,46.55867338180542
1297,3.4,11,46.59884762763977
1298,-3.15,4,46.62522768974304
1299,4.0,7,46.657954692840576
1300,-3.35,8,46.70053482055664
1301,4.15,6,46.7322473526001
1302,-3.4,9,46.76252889633179
1303,-3.0,1,46.788360834121704
1304,3.1,13,46.8306143283844
1305,-3.55,12,46.875032901763916
1306,2.9499999999999997,14,46.92979717254639
1307,-3.4,9,46.97668218612671
1308,3.6999999999999997,9,47.013309478759766
1309,4.15,6,47.04407739639282
1310,-3.05,2,47.0736985206604
1311,4.0,7,47.10834240913391
1312,-3.35,8,47.14298462867737
1313,3.85,8,47.18170142173767
1314,-3.05,2,47.20541954040527
1315,4.0,7,47.23961043357849
1316,-3.4,9,47.27464818954468
1317,4.0,7,47.307374238967896
1318,-3.4,9,47.348146200180054
1319,-3.1,3,47.38350701332092
1320,4.15,6,47.416025161743164
1321,3.6999999999999997,9,47.45994281768799
1322,-3.3,7,47.4989538192749
1323,-3.65,14,47.543377161026
1324,4.6000000000000005,3,47.57515287399292
1325,3.55,10,47.61372208595276
1326,-3.2,5,47.647156953811646
1327,3.25,12,47.69752645492554
1328,-3.0,1,47.720081090927124
1329,4.0,7,47.7493999004364
1330,4.75,2,47.77660894393921
1331,3.85,8,47.96658277511597
1332,3.55,10,48.00225806236267
1333,-3.3,7,48.03567719459534
1334,4.15,6,48.06381559371948
1335,3.85,8,48.10009980201721
1336,-3.35,8,48.13975930213928
1337,-3.05,2,48.17064642906189
1338,4.0,7,48.20977759361267
1339,4.449999999999999,4,48.25116014480591
1340,3.25,12,48.29431176185608
1341,-3.0,1,48.32038474082947
1342,-3.35,8,48.354676961898804
1343,-3.25,6,48.38740277290344
1344,-3.15,4,48.418710231781006
1345,-3.05,2,48.445641040802
1346,3.6999999999999997,9,48.4837691783905
1347,-3.3,7,48.52488613128662
1348,-3.25,6,48.562265396118164
1349,-3.4,9,48.60439991950989
1350,4.75,2,48.628562211990356
1351,-3.2,5,48.658963203430176
1352,4.449999999999999,4,48.68973183631897
1353,-3.25,6,48.719565629959106
1354,4.75,2,48.74409627914429
1355,3.55,10,48.78365230560303
1356,4.449999999999999,4,48.816306829452515
1357,-3.5,11,48.86521768569946
1358,4.0,7,48.897971391677856
1359,4.75,2,48.92532014846802
1360,-3.1,3,48.95315217971802
1361,-3.25,6,48.98489308357239
1362,3.85,8,49.020708322525024
1363,4.3,5,49.05263066291809
1364,-3.05,2,49.07690119743347
1365,-3.45,10,49.11527705192566
1366,3.6999999999999997,9,49.15211033821106
1367,3.6999999999999997,9,49.184678077697754
1368,-3.4,9,49.22060775756836
1369,3.85,8,49.255414962768555
1370,4.15,6,49.28683137893677
1371,-3.4,9,49.47003698348999
1372,3.6999999999999997,9,49.50767374038696
1373,-3.25,6,49.538827896118164
1374,-3.2,5,49.568321228027344
1375,4.6000000000000005,3,49.594080686569214
1376,-3.3,7,49.62369656562805
1377,-3.15,4,49.64803743362427
1378,3.4,11,49.68962574005127
1379,4.3,5,49.72556185722351
1380,4.75,2,49.75617742538452
1381,-3.45,10,49.79467296600342
1382,-3.25,6,49.823211908340454
1383,-3.15,4,49.84804034233093
1384,3.6999999999999997,9,49.88722252845764
1385,4.0,7,49.92448854446411
1386,-3.1,3,49.960233211517334
1387,4.15,6,49.99576425552368
1388,4.3,5,50.031749963760376
1389,-3.0,1,50.05665993690491
1390,3.85,8,50.09583806991577
1391,-3.4,9,50.13309097290039
1392,-3.2,5,50.159578800201416
1393,-3.25,6,50.19316649436951
1394,4.3,5,50.22359848022461
1395,-3.3,7,50.254451274871826
1396,-3.6,13,50.29664969444275
1397,-3.15,4,50.32425403594971
1398,-3.25,6,50.354897022247314
1399,-3.35,8,50.393332958221436
1400,4.6000000000000005,3,50.42341613769531
1401,4.15,6,50.45746064186096
1402,3.55,10,50.49757981300354
1403,4.0,7,50.531354904174805
1404,-3.35,8,50.56429147720337
1405,3.6999999999999997,9,50.59950137138367
1406,4.3,5,50.62543296813965
1407,-3.1,3,50.64801621437073
1408,-3.25,6,50.68347644805908
1409,3.85,8,50.7243754863739
1410,-3.2,5,50.7549467086792
1411,-3.5,11,50.79286289215088
1412,-3.25,6,50.99493145942688
1413,3.6999999999999997,9,51.03020215034485
1414,4.3,5,51.0601806640625
1415,-3.3,7,51.09050679206848
1416,3.55,10,51.128539085388184
1417,3.85,8,51.16267395019531
1418,4.75,2,51.18981313705444
1419,4.6000000000000005,3,51.216636657714844
1420,4.6000000000000005,3,51.24352025985718
1421,-3.2,5,51.27367186546326
1422,-3.05,2,51.29792070388794
1423,4.6000000000000005,3,51.325758934020996
1424,4.0,7,51.36683130264282
1425,-3.2,5,51.395312786102295
1426,-3.05,2,51.42310881614685
1427,-3.3,7,51.458553075790405
1428,-3.35,8,51.497782707214355
1429,-3.2,5,51.53121304512024
1430,3.6999999999999997,9,51.57715892791748
1431,-3.4,9,51.61286520957947
1432,3.6999999999999997,9,51.64832258224487
1433,4.3,5,51.677117109298706
1434,-3.15,4,51.70676398277283
1435,4.0,7,51.74148774147034
1436,-3.4,9,51.78023171424866
1437,3.55,10,51.817755699157715
1438,-3.7,15,51.87115025520325
1439,4.449999999999999,4,51.90216517448425
1440,4.0,7,51.941181898117065
1441,-3.25,6,51.9774603843689
1442,-3.7,15,52.024717807769775
1443,4.75,2,52.054022789001465
1444,-3.3,7,52.09359884262085
1445,3.55,10,52.138819456100464
1446,-3.45,10,52.177154302597046
1447,-3.15,4,52.20673632621765
1448,4.15,6,52.23786282539368
1449,-3.15,4,52.26216244697571
1450,-3.25,6,52.297759771347046
1451,4.3,5,52.47807836532593
1452,-3.15,4,52.508177042007446
1453,-3.45,10,52.54537343978882
1454,-3.4,9,52.58468174934387
1455,3.85,8,52.6164984703064
1456,-3.35,8,52.647987365722656
1457,-3.05,2,52.67079710960388
1458,4.3,5,52.702059268951416
1459,-3.55,12,52.74185037612915
1460,3.85,8,52.77597093582153
1461,-3.05,2,52.80259680747986
1462,4.3,5,52.83157563209534
1463,-3.35,8,52.863986015319824
1464,-3.0,1,52.8884379863739
1465,4.3,5,52.921348333358765
1466,3.4,11,52.969841718673706
1467,4.6000000000000005,3,52.996373414993286
1468,4.15,6,53.02714252471924
1469,-3.45,10,53.0692195892334
1470,3.55,10,53.108298540115356
1471,3.25,12,53.152430057525635
1472,3.6999999999999997,9,53.195175647735596
1473,4.0,7,53.23617482185364
1474,-3.3,7,53.273510217666626
1475,-3.45,10,53.315900564193726
1476,-3.15,4,53.341702699661255
1477,-3.35,8,53.3867449760437
1478,4.15,6,53.42144703865051
1479,3.85,8,53.46420097351074
1480,4.15,6,53.49668478965759
1481,4.449999999999999,4,53.52930307388306
1482,4.15,6,53.56838250160217
1483,4.15,6,53.5982027053833
1484,-3.25,6,53.63308668136597
1485,3.6999999999999997,9,53.66583752632141
1486,-3.2,5,53.6937301158905
1487,-3.4,9,53.72851800918579
1488,3.4,11,53.91630673408508
1489,3.55,10,53.95751595497131
1490,-3.25,6,53.9912531375885
1491,-3.6,13,54.03551697731018
1492,-3.1,3,54.06605291366577
1493,3.55,10,54.10294723510742
1494,4.3,5,54.1355299949646
1495,4.0,7,54.16651701927185
1496,-3.3,7,54.20997619628906
1497,3.6999999999999997,9,54.25186729431152
1498,-3.35,8,54.28538727760315
1499,3.6999999999999997,9,54.32557511329651
1500,-3.65,14,54.36999773979187
1501,-3.15,4,54.3966760635376
1502,4.6000000000000005,3,54.422958850860596
1503,4.3,5,54.46074390411377
1504,-3.4,9,54.50651216506958
1505,4.0,7,54.5398051738739
1506,4.0,7,54.573087215423584
1507,-3.3,7,54.60828447341919
1508,-3.3,7,54.64436173439026
1509,-3.15,4,54.675580978393555
1510,4.449999999999999,4,54.704203605651855
1511,4.15,6,54.74241590499878
1512,-3.15,4,54.77239012718201
1513,-3.4,9,54.811885833740234
1514,3.85,8,54.85004186630249
1515,4.15,6,54.88433766365051
1516,-3.05,2,54.9080650806427
1517,-3.0,1,54.92960071563721
1518,3.25,12,54.982383251190186
1519,-3.35,8,55.022918701171875
1520,4.0,7,55.053765535354614
1521,3.25,12,55.10069394111633
1522,4.0,7,55.1334593296051
1523,-3.5,11,55.318354845047
1524,4.15,6,55.350435733795166
1525,2.9499999999999997,14,55.40185785293579
1526,4.449999999999999,4,55.43575191497803
1527,3.85,8,55.47328066825867
1528,-3.3,7,55.50539708137512
1529,-3.5,11,55.54603028297424
1530,-3.3,7,55.584083795547485
1531,-3.1,3,55.61350464820862
1532,-3.45,10,55.65896153450012
1533,4.3,5,55.691699266433716
1534,-3.4,9,55.732105016708374
1535,-3.3,7,55.76736617088318
1536,-3.1,3,55.792662620544434
1537,-3.35,8,55.82675552368164
1538,3.6999999999999997,9,55.86056685447693
1539,4.449999999999999,4,55.88747692108154
1540,3.85,8,55.921902894973755
1541,-3.1,3,55.94432353973389
1542,3.6999999999999997,9,55.97995162010193
1543,-3.05,2,56.00434899330139
1544,-3.05,2,56.02593398094177
1545,4.75,2,56.050771951675415
1546,-3.45,10,56.10082936286926
1547,4.3,5,56.131914377212524
1548,4.449999999999999,4,56.16650938987732
1549,-3.2,5,56.20066952705383
1550,-3.15,4,56.23442625999451
1551,-3.4,9,56.27764272689819
1552,4.449999999999999,4,56.30980730056763
1553,4.0,7,56.347033977508545
1554,-3.35,8,56.38670086860657
1555,-3.25,6,56.417335510253906
1556,4.15,6,56.448378562927246
1557,-3.05,2,56.476179122924805
1558,-3.4,9,56.51656413078308
1559,-3.15,4,56.54602336883545
1560,-3.05,2,56.57125401496887
1561,4.449999999999999,4,56.59989929199219
1562,4.15,6,56.631836891174316
1563,4.15,6,56.66035509109497
1564,-3.2,5,56.69377660751343
1565,-3.0,1,56.71696901321411
1566,3.6999999999999997,9,56.91771626472473
1567,-3.5,11,56.956971406936646
1568,-3.45,10,56.99538588523865
1569,-3.15,4,57.02942943572998
1570,-3.25,6,57.06260561943054
1571,3.4,11,57.10269832611084
1572,-3.2,5,57.12981581687927
1573,4.9,1,57.154308795928955
1574,4.15,6,57.18322253227234
1575,-3.35,8,57.216391801834106
1576,-3.45,10,57.252681732177734
1577,-3.15,4,57.28160500526428
1578,4.0,7,57.317476749420166
1579,-3.45,10,57.356579542160034
1580,3.85,8,57.399624824523926
1581,-3.25,6,57.43902921676636
1582,3.85,8,57.473679304122925
1583,3.4,11,57.51765584945679
1584,4.3,5,57.54569721221924
1585,4.3,5,57.58402395248413
1586,-3.4,9,57.623939752578735
1587,3.6999999999999997,9,57.66316223144531
1588,3.4,11,57.70260810852051
1589,3.85,8,57.740798234939575
1590,-3.35,8,57.775100231170654
1591,-3.45,10,57.81734228134155
1592,4.15,6,57.84866952896118
1593,-3.6,13,57.9014573097229
1594,4.6000000000000005,3,57.93720531463623
1595,-3.3,7,57.98064184188843
1596,-3.0,1,58.00933527946472
1597,-3.1,3,58.03881788253784
1598,-3.45,10,58.08175349235535
1599,4.75,2,58.11426019668579
1600,-3.4,9,58.15174078941345
1601,3.85,8,58.33661961555481
1602,4.15,6,58.37000751495361
1603,4.15,6,58.40201258659363
1604,3.85,8,58.43560218811035
1605,-3.35,8,58.47359800338745
1606,3.55,10,58.51375484466553
1607,4.6000000000000005,3,58.53768229484558
1608,-3.2,5,58.5657012462616
1609,4.75,2,58.58945178985596
1610,4.15,6,58.62402367591858
1611,3.85,8,58.664360761642456
1612,4.0,7,58.70086932182312
1613,-3.2,5,58.730846643447876
1614,3.85,8,58.769922733306885
1615,4.449999999999999,4,58.79604434967041
1616,-3.25,6,58.83100652694702
1617,-3.25,6,58.865278005599976
1618,-3.35,8,58.90214824676514
1619,4.3,5,58.93091058731079
1620,3.55,10,58.972259521484375
1621,4.15,6,59.00744676589966
1622,4.6000000000000005,3,59.034483671188354
1623,-3.35,8,59.065425872802734
1624,-3.3,7,59.097357511520386
1625,4.449999999999999,4,59.12262773513794
1626,-3.35,8,59.15465474128723
1627,4.15,6,59.18924522399902
1628,4.15,6,59.22028207778931
1629,-3.1,3,59.244096517562866
1630,-3.2,5,59.28245830535889
1631,4.15,6,59.324570178985596
1632,4.6000000000000005,3,59.3591685295105
1633,4.15,6,59.39114260673523
1634,-3.2,5,59.42177057266235
1635,4.0,7,59.45529270172119
1636,4.0,7,59.49026918411255
1637,4.3,5,59.522579193115234
1638,-3.3,7,59.555792808532715
1639,4.449999999999999,4,59.58713126182556
1640,4.6000000000000005,3,59.61340546607971
1641,-3.15,4,59.64471888542175
1642,-3.0,1,59.67379546165466
1643,-3.2,5,59.70239067077637
1644,-3.2,5,59.73117804527283
1645,-3.25,6,59.76599073410034
1646,4.3,5,59.958226919174194
1647,4.6000000000000005,3,59.98465394973755
1648,4.6000000000000005,3,60.01377010345459
1649,4.15,6,60.04433727264404
1650,-3.3,7,60.07564377784729
1651,3.6999999999999997,9,60.11218190193176
1652,3.6999999999999997,9,60.15277624130249
1653,-3.05,2,60.176801443099976
1654,-3.2,5,60.21616268157959
1655,4.0,7,60.25126814842224
1656,4.3,5,60.28948473930359
1657,-3.6,13,60.338661909103394
1658,-3.05,2,60.366514682769775
1659,2.9499999999999997,14,60.40727663040161
1660,4.15,6,60.438724994659424
1661,-3.25,6,60.47179365158081
1662,4.3,5,60.50171089172363
1663,3.85,8,60.536622285842896
1664,-3.05,2,60.55827283859253
1665,-3.2,5,60.58917856216431
1666,3.6999999999999997,9,60.62635397911072
1667,-3.4,9,60.660454750061035
1668,4.3,5,60.69043493270874
1669,-3.25,6,60.726075172424316
1670,-3.2,5,60.7630934715271
1671,-3.25,6,60.79605197906494
1672,3.85,8,60.833876609802246
1673,4.0,7,60.87144470214844
1674,-3.2,5,60.90836048126221
1675,-3.1,3,60.942163944244385
1676,-3.3,7,60.976600646972656
1677,-3.1,3,61.00456428527832
1678,4.0,7,61.04456186294556
1679,3.85,8,61.08583617210388
1680,4.0,7,61.12299585342407
1681,-3.15,4,61.155022621154785
1682,4.0,7,61.194273948669434
1683,4.3,5,61.224618673324585
1684,4.0,7,61.26442885398865
1685,-3.0,1,61.28702688217163
1686,-3.25,6,61.315303564071655
1687,-3.25,6,61.35048747062683
1688,-3.1,3,61.375816822052
1689,4.449999999999999,4,61.40368413925171
1690,-3.0,1,61.589096784591675
1691,2.8,15,61.63267636299133
1692,4.15,6,61.661290645599365
1693,-3.0,1,61.68440222740173
1694,-3.0,1,61.710962772369385
1695,4.0,7,61.744516134262085
1696,4.449999999999999,4,61.77299618721008
1697,-3.05,2,61.797022104263306
1698,-3.1,3,61.822866439819336
1699,-3.45,10,61.856796741485596
1700,4.15,6,61.88747048377991
1701,-3.45,10,61.92773246765137
1702,4.15,6,61.95846891403198
1703,-3.1,3,61.98448324203491
1704,-3.3,7,62.01558470726013
1705,-3.35,8,62.04875302314758
1706,-3.2,5,62.07508420944214
1707,4.3,5,62.10653042793274
1708,-3.25,6,62.13969850540161
1709,-3.25,6,62.17399191856384
1710,-3.15,4,62.20105576515198
1711,3.85,8,62.23767828941345
1712,3.6999999999999997,9,62.28317093849182
1713,3.85,8,62.318156242370605
1714,-3.25,6,62.349629402160645
1715,-3.3,7,62.37915897369385
1716,-3.35,8,62.418927907943726
1717,4.0,7,62.45428395271301
1718,4.3,5,62.48265719413757
1719,-3.0,1,62.506805419921875
1720,-3.2,5,62.53514075279236
1721,4.9,1,62.55767774581909
1722,-3.25,6,62.58839726448059
1723,-3.25,6,62.62029528617859
1724,4.3,5,62.651198387145996
1725,-3.35,8,62.691163063049316
1726,-3.05,2,62.719032764434814
1727,-3.0,1,62.741724252700806
1728,-3.3,7,62.77422022819519
1729,-3.1,3,62.800939321517944
1730,-3.1,3,62.8352484703064
1731,-3.2,5,62.86503839492798
1732,4.0,7,62.904175758361816
1733,-3.05,2,62.92936849594116
1734,-3.35,8,62.96655201911926
1735,3.6999999999999997,9,63.00708484649658
1736,-3.5,11,63.192938804626465
1737,4.0,7,63.22311186790466
1738,-3.15,4,63.24925184249878
1739,3.55,10,63.28482794761658
1740,3.55,10,63.320605754852295
1741,-3.2,5,63.34820079803467
1742,4.0,7,63.38246250152588
1743,-3.1,3,63.40739035606384
1744,-3.25,6,63.448914766311646
1745,3.85,8,63.4910364151001
1746,4.15,6,63.53416633605957
1747,3.85,8,63.57473874092102
1748,4.0,7,63.60868453979492
1749,-3.4,9,63.64347004890442
1750,3.55,10,63.679258823394775
1751,4.0,7,63.70810127258301
1752,3.85,8,63.74138259887695
1753,3.6999999999999997,9,63.7842276096344
1754,3.55,10,63.826331615448
1755,4.0,7,63.861811876297
1756,-3.05,2,63.891183853149414
1757,-3.05,2,63.91623115539551
1758,4.449999999999999,4,63.94684910774231
1759,4.15,6,63.9815514087677
1760,4.15,6,64.02162766456604
1761,-3.35,8,64.06692743301392
1762,-3.05,2,64.1028528213501
1763,4.0,7,64.14587616920471
1764,3.85,8,64.19196963310242
1765,-3.3,7,64.23524379730225
1766,3.85,8,64.28293442726135
1767,4.15,6,64.31968426704407
1768,3.6999999999999997,9,64.35774374008179
1769,-3.2,5,64.39048194885254
1770,4.449999999999999,4,64.42346811294556
1771,-3.1,3,64.45465540885925
1772,-3.3,7,64.49396419525146
1773,4.0,7,64.5283350944519
1774,3.55,10,64.71020531654358
1775,-3.35,8,64.74875259399414
1776,4.3,5,64.78006339073181
1777,4.3,5,64.80835223197937
1778,-3.15,4,64.83830261230469
1779,-3.4,9,64.87365388870239
1780,-3.05,2,64.90280270576477
1781,-3.15,4,64.92837882041931
1782,-3.25,6,64.96097040176392
1783,-3.3,7,64.9958484172821
1784,-3.5,11,65.04087162017822
1785,4.449999999999999,4,65.0743408203125
1786,3.4,11,65.12204432487488
1787,3.55,10,65.1565887928009
1788,4.75,2,65.18954610824585
1789,3.6999999999999997,9,65.23324823379517
1790,-3.2,5,65.26378059387207
1791,3.6999999999999997,9,65.29864573478699
1792,-3.25,6,65.33062028884888
1793,-3.1,3,65.35683917999268
1794,-3.3,7,65.38984799385071
1795,-3.6,13,65.43041706085205
1796,-3.45,10,65.46664237976074
1797,-3.4,9,65.50061249732971
1798,4.449999999999999,4,65.53364896774292
1799,4.6000000000000005,3,65.56682896614075
1800,4.6000000000000005,3,65.59433436393738
1801,4.449999999999999,4,65.62193489074707
1802,-3.2,5,65.65153574943542
1803,4.449999999999999,4,65.68214559555054
1804,4.3,5,65.71040296554565
1805,4.15,6,65.73997521400452
1806,-3.0,1,65.76413822174072
1807,4.0,7,65.80428266525269
1808,-3.2,5,65.83499026298523
1809,4.3,5,65.86423945426941
1810,-3.6,13,65.90429043769836
1811,3.4,11,65.94528841972351
1812,3.25,12,65.98592257499695
1813,-3.1,3,66.01164245605469
1814,-3.25,6,66.19954252243042
1815,3.85,8,66.23488116264343
1816,4.3,5,66.26666712760925
1817,-3.45,10,66.30420112609863
1818,-3.3,7,66.33724999427795
1819,4.3,5,66.36560440063477
1820,-3.35,8,66.39755845069885
1821,3.6999999999999997,9,66.43300223350525
1822,-3.2,5,66.45974683761597
1823,4.3,5,66.48890972137451
1824,4.449999999999999,4,66.51904582977295
1825,4.449999999999999,4,66.54946374893188
1826,-3.1,3,66.57285523414612
1827,-3.3,7,66.6018557548523
1828,-3.15,4,66.62624502182007
1829,4.0,7,66.66048121452332
1830,4.0,7,66.69466495513916
1831,4.15,6,66.7280764579773
1832,-3.7,15,66.77463698387146
1833,-3.1,3,66.7998731136322
1834,-3.45,10,66.83793473243713
1835,3.85,8,66.86920499801636
1836,4.0,7,66.90550661087036
1837,-3.1,3,66.93254804611206
1838,4.15,6,66.96286511421204
1839,4.15,6,66.99225115776062
1840,4.0,7,67.02159667015076
1841,3.85,8,67.05350804328918
1842,4.6000000000000005,3,67.08417749404907
1843,-3.5,11,67.12181639671326
1844,-3.2,5,67.14939045906067
1845,3.6999999999999997,9,67.18341612815857
1846,-3.15,4,67.21081876754761
1847,-3.35,8,67.25352215766907
1848,4.6000000000000005,3,67.2812876701355
1849,-3.2,5,67.30711889266968
1850,-3.4,9,67.34691405296326
1851,-3.2,5,67.38395309448242
1852,-3.15,4,67.41769409179688
1853,4.15,6,67.4613847732544
1854,4.449999999999999,4,67.666818857193
1855,-3.15,4,67.69761061668396
1856,3.6999999999999997,9,67.73536825180054
1857,-3.15,4,67.76316285133362
1858,-3.35,8,67.79445600509644
1859,4.6000000000000005,3,67.82204985618591
1860,-3.4,9,67.86033082008362
1861,4.6000000000000005,3,67.88840436935425
1862,-3.3,7,67.91721439361572
1863,3.4,11,67.95493149757385
1864,-3.35,8,67.98858880996704
1865,3.85,8,68.02452278137207
1866,4.3,5,68.0541877746582
1867,-3.3,7,68.08664011955261
1868,4.3,5,68.11647367477417
1869,-3.25,6,68.15376949310303
1870,4.9,1,68.18202519416809
1871,3.6999999999999997,9,68.22003865242004
1872,3.55,10,68.26548051834106
1873,-3.0,1,68.29001331329346
1874,4.6000000000000005,3,68.31901001930237
1875,-3.45,10,68.35757803916931
1876,-3.1,3,68.38788914680481
1877,4.3,5,68.41920304298401
1878,-3.2,5,68.45003080368042
1879,4.6000000000000005,3,68.4730110168457
1880,4.449999999999999,4,68.50392699241638
1881,-3.35,8,68.54005193710327
1882,4.0,7,68.57382416725159
1883,-3.05,2,68.59964919090271
1884,3.85,8,68.63573503494263
1885,-3.1,3,68.6654748916626
1886,3.85,8,68.69847226142883
1887,-3.3,7,68.72884345054626
1888,4.0,7,68.77273321151733
1889,-3.15,4,68.80521655082703
1890,4.0,7,68.84069323539734
1891,4.3,5,68.87174010276794
1892,4.75,2,68.90053582191467
1893,4.75,2,68.92439675331116
1894,4.75,2,68.95091342926025
1895,4.449999999999999,4,68.98501706123352
1896,3.85,8,69.02353692054749
1897,-3.1,3,69.05401492118835
1898,-3.15,4,69.08571076393127
1899,3.6999999999999997,9,69.12719559669495
1900,4.449999999999999,4,69.16644406318665
1901,-3.05,2,69.35954737663269
1902,4.3,5,69.38898968696594
1903,3.6999999999999997,9,69.42812895774841
1904,-3.2,5,69.45883369445801
1905,-3.15,4,69.48896789550781
1906,-3.3,7,69.52300310134888
1907,-3.05,2,69.54722476005554
1908,-3.45,10,69.58109283447266
1909,-3.05,2,69.60524535179138
1910,3.1,13,69.64803957939148
1911,3.55,10,69.68236112594604
1912,-3.1,3,69.70994162559509
1913,-3.0,1,69.73101687431335
1914,-3.1,3,69.75924062728882
1915,-3.05,2,69.78761625289917
1916,-3.15,4,69.81844425201416
1917,-3.3,7,69.85037159919739
1918,-3.15,4,69.87747502326965
1919,-3.1,3,69.90310335159302
1920,4.3,5,69.93406057357788
1921,4.3,5,69.96527147293091
1922,4.15,6,69.99502563476562
1923,-3.5,11,70.03193402290344
1924,4.449999999999999,4,70.05783319473267
1925,4.6000000000000005,3,70.08611822128296
1926,-3.4,9,70.1219539642334
1927,4.9,1,70.14440488815308
1928,-3.4,9,70.181725025177
1929,4.6000000000000005,3,70.21393084526062
1930,-3.15,4,70.24213433265686
1931,-3.45,10,70.27667808532715
1932,4.3,5,70.30588984489441
1933,4.6000000000000005,3,70.33208513259888
1934,4.75,2,70.35421323776245
1935,-3.4,9,70.39458394050598
1936,3.6999999999999997,9,70.43674397468567
1937,4.75,2,70.47030711174011
1938,-3.2,5,70.50923347473145
1939,4.449999999999999,4,70.53883957862854
1940,-3.0,1,70.56139612197876
1941,-3.2,5,70.59112071990967
1942,4.449999999999999,4,70.62629008293152
1943,4.6000000000000005,3,70.65219163894653
1944,4.15,6,70.68736696243286
1945,4.0,7,70.71758031845093
1946,4.3,5,70.75449562072754
1947,-3.5,11,70.80050778388977
1948,4.449999999999999,4,70.88416361808777
1949,4.6000000000000005,3,70.92289113998413
1950,4.75,2,70.96112895011902
1951,4.75,2,71.17119479179382
1952,4.6000000000000005,3,71.1970705986023
1953,4.0,7,71.23547387123108
1954,4.0,7,71.27489376068115
1955,-3.3,7,71.30801820755005
1956,-3.15,4,71.33509922027588
1957,-3.1,3,71.36294770240784
1958,-3.5,11,71.40489196777344
1959,4.449999999999999,4,71.43910574913025
1960,-3.1,3,71.46928024291992
1961,-3.05,2,71.49716997146606
1962,4.0,7,71.53073072433472
1963,-3.7,15,71.57252883911133
1964,-3.25,6,71.60019087791443
1965,-3.2,5,71.6276626586914
1966,-3.1,3,71.65232276916504
1967,-3.45,10,71.68742489814758
1968,-3.25,6,71.7152099609375
1969,-3.0,1,71.73470187187195
1970,-3.5,11,71.76900172233582
1971,4.75,2,71.79424619674683
1972,-3.2,5,71.82197666168213
1973,-3.25,6,71.85089063644409
1974,4.449999999999999,4,71.88175964355469
1975,4.3,5,71.90705823898315
1976,4.0,7,71.93816232681274
1977,-3.6,13,71.98839855194092
1978,4.0,7,72.02683186531067
1979,4.0,7,72.06309819221497
1980,-3.45,10,72.10891819000244
1981,-3.05,2,72.1375904083252
1982,-3.6,13,72.18853306770325
1983,-3.25,6,72.22633743286133
1984,-3.4,9,72.26600050926208
1985,3.85,8,72.30174922943115
1986,4.3,5,72.32983160018921
1987,-3.05,2,72.35432982444763
1988,-3.2,5,72.3874261379242
1989,-3.3,7,72.42345690727234
1990,-3.2,5,72.45567631721497
1991,-3.35,8,72.49498105049133
1992,4.3,5,72.67620134353638
1993,-3.35,8,72.70989465713501
1994,-3.0,1,72.7332193851471
1995,4.3,5,72.76450324058533
1996,4.75,2,72.80155634880066
1997,4.449999999999999,4,72.8332986831665
1998,-3.05,2,72.85849070549011
1999,-3.15,4,72.88792133331299
2000,4.3,5,72.91656565666199
2001,4.449999999999999,4,72.94550108909607
2002,-3.25,6,72.97584652900696
2003,-3.35,8,73.01402735710144
2004,4.449999999999999,4,73.04273390769958
2005,4.3,5,73.08056998252869
2006,-3.1,3,73.11323189735413
2007,-3.5,11,73.14963412284851
2008,4.0,7,73.18160486221313
2009,3.6999999999999997,9,73.21740007400513
2010,-3.2,5,73.24547243118286
2011,-3.45,10,73.28242349624634
2012,-3.15,4,73.31133985519409
2013,4.15,6,73.3398973941803
2014,3.55,10,73.37739109992981
2015,-3.35,8,73.409512758255
2016,4.15,6,73.43804430961609
2017,-3.45,10,73.47254300117493
2018,-3.15,4,73.5028338432312
2019,-3.1,3,73.53794002532959
2020,4.15,6,73.57224154472351
2021,3.25,12,73.61261701583862
2022,4.3,5,73.63960838317871
2023,4.449999999999999,4,73.6700849533081
2024,-3.1,3,73.69753885269165
2025,4.15,6,73.72937083244324
2026,4.6000000000000005,3,73.76322555541992
2027,3.55,10,73.80732345581055
2028,-3.35,8,73.84220266342163
2029,-3.15,4,73.87766766548157
2030,4.15,6,73.91111087799072
2031,-3.35,8,73.9466803073883
2032,-3.05,2,73.97234296798706
2033,-3.05,2,74.00116920471191
2034,4.75,2,74.03015995025635
2035,-3.05,2,74.05601811408997
2036,-3.05,2,74.08128809928894
2037,-3.1,3,74.1074469089508
2038,-3.05,2,74.12943530082703
2039,4.9,1,74.1521065235138
2040,-3.15,4,74.18182921409607
2041,-3.3,7,74.36915826797485
2042,4.75,2,74.39458131790161
2043,3.6999999999999997,9,74.43223404884338
2044,4.6000000000000005,3,74.46012926101685
2045,-3.15,4,74.48666191101074
2046,-3.2,5,74.52427196502686
2047,3.4,11,74.56838464736938
2048,-3.0,1,74.59190344810486
2049,-3.0,1,74.61467957496643
2050,4.6000000000000005,3,74.63803362846375
2051,-3.6,13,74.68394756317139
2052,-3.15,4,74.70862150192261
2053,4.0,7,74.74873161315918
2054,-3.25,6,74.78744101524353
2055,-3.2,5,74.81616759300232
2056,-3.65,14,74.8606104850769
2057,4.3,5,74.89020776748657
2058,-3.2,5,74.92045044898987
2059,-3.35,8,74.95589852333069
2060,3.85,8,74.98582315444946
2061,-3.3,7,75.01535439491272
2062,-3.5,11,75.05177569389343
2063,4.3,5,75.08384132385254
2064,4.75,2,75.10995554924011
2065,-3.1,3,75.14157056808472
2066,-3.0,1,75.16713309288025
2067,3.85,8,75.2146508693695
2068,4.449999999999999,4,75.24596810340881
2069,4.6000000000000005,3,75.27929615974426
2070,4.9,1,75.30402398109436
2071,-3.05,2,75.3332896232605
2072,-3.05,2,75.3586962223053
2073,4.15,6,75.39957666397095
2074,4.449999999999999,4,75.42948007583618
2075,-3.4,9,75.46943020820618
2076,-3.2,5,75.50652241706848
2077,3.85,8,75.54613518714905
2078,4.3,5,75.57661390304565
2079,-3.05,2,75.60225009918213
2080,-3.25,6,75.63863730430603
2081,4.15,6,75.67148113250732
2082,-3.1,3,75.70646786689758
2083,-3.1,3,75.73680257797241
2084,-3.0,1,75.76282382011414
2085,3.85,8,75.79855489730835
2086,3.55,10,75.83214688301086
2087,4.75,2,75.85589790344238
2088,4.3,5,75.89214134216309
2089,3.6999999999999997,9,76.06758689880371
2090,-3.65,14,76.11486220359802
2091,4.15,6,76.14728879928589
2092,4.15,6,76.1782968044281
2093,-3.4,9,76.22069072723389
2094,-3.1,3,76.24919104576111
2095,4.3,5,76.28222894668579
2096,-3.05,2,76.30561256408691
2097,4.6000000000000005,3,76.3332359790802
2098,-3.35,8,76.36703133583069
2099,-3.55,12,76.40356230735779
2100,-3.45,10,76.44300484657288
2101,3.85,8,76.47762989997864
2102,-3.15,4,76.50404858589172
2103,-3.15,4,76.53007745742798
2104,-3.05,2,76.55262303352356
2105,4.449999999999999,4,76.58415818214417
2106,4.449999999999999,4,76.61874079704285
2107,-3.15,4,76.64791369438171
2108,4.15,6,76.67901182174683
2109,-3.0,1,76.70139932632446
2110,-3.15,4,76.73608493804932
2111,-3.4,9,76.77756524085999
2112,3.85,8,76.81548976898193
2113,-3.0,1,76.84174728393555
2114,4.449999999999999,4,76.87451124191284
2115,-3.3,7,76.91845321655273
2116,4.75,2,76.94567823410034
2117,3.55,10,76.98546576499939
2118,-3.1,3,77.0150191783905
2119,4.3,5,77.04639458656311
2120,-3.15,4,77.07488369941711
2121,-3.0,1,77.10206317901611
2122,-3.25,6,77.13554191589355
2123,4.15,6,77.16712093353271
2124,-3.2,5,77.195303440094
2125,-3.1,3,77.22013711929321
2126,4.449999999999999,4,77.24877119064331
2127,-3.15,4,77.27495956420898
2128,-3.6,13,77.31915354728699
2129,-3.45,10,77.35991144180298
2130,3.85,8,77.39803767204285
2131,-3.05,2,77.42465400695801
2132,-3.2,5,77.4539155960083
2133,-3.35,8,77.49363732337952
2134,3.6999999999999997,9,77.68568325042725
2135,4.6000000000000005,3,77.71258115768433
2136,4.3,5,77.74406027793884
2137,4.449999999999999,4,77.77740812301636
2138,-3.0,1,77.79998064041138
2139,-3.0,1,77.82199573516846
2140,4.3,5,77.85310077667236
2141,-3.25,6,77.8895993232727
2142,4.6000000000000005,3,77.91640710830688
2143,-3.0,1,77.93745112419128
2144,4.449999999999999,4,77.96502709388733
2145,-3.1,3,77.99062204360962
2146,3.6999999999999997,9,78.02722501754761
2147,-3.3,7,78.06007552146912
2148,4.449999999999999,4,78.09685277938843
2149,3.6999999999999997,9,78.13336277008057
2150,4.6000000000000005,3,78.16751265525818
2151,-3.15,4,78.20054888725281
2152,-3.1,3,78.22673296928406
2153,4.75,2,78.2524995803833
2154,-3.25,6,78.28734731674194
2155,4.75,2,78.31499648094177
2156,4.75,2,78.33669137954712
2157,-3.35,8,78.37071442604065
2158,-3.1,3,78.40067219734192
2159,-3.0,1,78.42053174972534
2160,-3.1,3,78.4490430355072
2161,4.449999999999999,4,78.4802041053772
2162,-3.0,1,78.50409650802612
2163,-3.0,1,78.53604245185852
2164,3.55,10,78.57940316200256
2165,-3.2,5,78.61799192428589
2166,4.3,5,78.6476080417633
2167,4.3,5,78.67663335800171
2168,-3.05,2,78.7029037475586
2169,3.6999999999999997,9,78.74333333969116
2170,-3.3,7,78.7806305885315
2171,4.15,6,78.81519198417664
2172,-3.3,7,78.85020685195923
2173,4.6000000000000005,3,78.87494850158691
2174,4.75,2,78.90127229690552
2175,3.55,10,78.93616986274719
2176,3.85,8,78.97136235237122
2177,-3.0,1,78.99561309814453
2178,4.449999999999999,4,79.0218288898468
2179,4.3,5,79.05276393890381
2180,-3.1,3,79.07756567001343
2181,-3.35,8,79.11132717132568
2182,-3.0,1,79.13198637962341
2183,-3.3,7,79.16447496414185
2184,4.6000000000000005,3,79.19938659667969
2185,-3.05,2,79.22791194915771
2186,-3.15,4,79.26097583770752
2187,4.6000000000000005,3,79.28868985176086
2188,4.0,7,79.32693409919739
2189,-3.25,6,79.3570647239685
2190,-3.0,1,79.38580322265625
2191,4.449999999999999,4,79.41607999801636
2192,4.449999999999999,4,79.44573211669922
2193,4.75,2,79.46886801719666
2194,-3.05,2,79.49303317070007
2195,-3.0,1,79.51807045936584
2196,-3.2,5,79.69434309005737
2197,-3.1,3,79.72157883644104
2198,4.6000000000000005,3,79.74911832809448
2199,4.449999999999999,4,79.77842020988464
2200,-3.1,3,79.80507063865662
2201,4.449999999999999,4,79.8414957523346
2202,-3.3,7,79.87174367904663
2203,4.75,2,79.8938639163971
2204,4.6000000000000005,3,79.92020320892334
2205,3.4,11,79.96496438980103
2206,-3.05,2,79.99166488647461
2207,4.3,5,80.02336120605469
2208,4.0,7,80.05918669700623
2209,-3.35,8,80.09556031227112
2210,4.449999999999999,4,80.1239402294159
2211,4.75,2,80.15024375915527
2212,-3.05,2,80.17596101760864
2213,3.6999999999999997,9,80.21900987625122
2214,4.15,6,80.25399446487427
2215,4.15,6,80.28905320167542
2216,-3.35,8,80.32301807403564
2217,4.75,2,80.34543824195862
2218,-3.4,9,80.37893033027649
2219,4.3,5,80.40776753425598
2220,4.0,7,80.44687366485596
2221,4.15,6,80.47658133506775
2222,-3.2,5,80.50272536277771
2223,-3.1,3,80.52660632133484
2224,4.15,6,80.56040334701538
2225,3.55,10,80.59667444229126
2226,4.6000000000000005,3,80.62197399139404
2227,4.6000000000000005,3,80.64779305458069
2228,4.3,5,80.67663407325745
2229,4.75,2,80.70218110084534
2230,-3.2,5,80.7352659702301
2231,4.3,5,80.76951956748962
2232,-3.15,4,80.79721808433533
2233,4.449999999999999,4,80.82272601127625
2234,-3.1,3,80.84986782073975
2235,3.6999999999999997,9,80.88596844673157
2236,3.6999999999999997,9,80.92580890655518
2237,4.0,7,80.95907759666443
2238,4.3,5,80.98969602584839
2239,4.15,6,81.02690172195435
2240,-3.15,4,81.05885791778564
2241,4.449999999999999,4,81.08686852455139
2242,4.3,5,81.11927723884583
2243,3.55,10,81.15463924407959
2244,4.449999999999999,4,81.18104004859924
2245,4.15,6,81.35177826881409
2246,3.4,11,81.39647150039673
2247,4.15,6,81.42503380775452
2248,-3.25,6,81.45965027809143
2249,3.6999999999999997,9,81.5008020401001
2250,-3.05,2,81.52995872497559
2251,4.75,2,81.55529475212097
2252,4.449999999999999,4,81.59097266197205
2253,-3.55,12,81.64059901237488
2254,4.0,7,81.67691206932068
2255,-3.05,2,81.70245313644409
2256,4.3,5,81.73915147781372
2257,4.449999999999999,4,81.76871538162231
2258,4.449999999999999,4,81.79761075973511
2259,-3.4,9,81.83198523521423
2260,-3.2,5,81.86759519577026
2261,3.6999999999999997,9,81.90187239646912
2262,-3.1,3,81.92569732666016
2263,-3.3,7,81.95980429649353
2264,-3.3,7,81.99026536941528
2265,-3.3,7,82.02218437194824
2266,4.3,5,82.05064034461975
2267,3.6999999999999997,9,82.08333158493042
2268,4.6000000000000005,3,82.1135516166687
2269,-3.2,5,82.14081335067749
2270,4.3,5,82.17156195640564
2271,4.3,5,82.20367550849915
2272,4.449999999999999,4,82.23379373550415
2273,4.0,7,82.26806211471558
2274,-3.15,4,82.29401326179504
2275,4.449999999999999,4,82.32012581825256
2276,-3.15,4,82.35158371925354
2277,-3.25,6,82.3829493522644
2278,4.15,6,82.4116837978363
2279,-3.1,3,82.43745875358582
2280,4.75,2,82.46105432510376
2281,3.85,8,82.4941668510437
2282,4.75,2,82.51855945587158
2283,3.6999999999999997,9,82.55276107788086
2284,3.4,11,82.58757305145264
2285,-3.05,2,82.6123309135437
2286,-3.4,9,82.6503803730011
2287,4.449999999999999,4,82.67559838294983
2288,-3.4,9,82.71892213821411
2289,4.6000000000000005,3,82.74404430389404
2290,4.75,2,82.76813316345215
2291,4.6000000000000005,3,82.94629406929016
2292,4.3,5,82.97750997543335
2293,3.6999999999999997,9,83.01581692695618
2294,4.75,2,83.04134345054626
2295,4.3,5,83.07498598098755
2296,-3.1,3,83.10143303871155
2297,-3.3,7,83.13619565963745
2298,-3.3,7,83.17111730575562
2299,4.449999999999999,4,83.19756698608398
2300,-3.1,3,83.22259998321533
2301,-3.0,1,83.24781918525696
2302,4.15,6,83.28135585784912
2303,4.449999999999999,4,83.30779457092285
2304,-3.3,7,83.34677934646606
2305,-3.45,10,83.39565968513489
2306,4.449999999999999,4,83.43445229530334
2307,-3.0,1,83.46152853965759
2308,-3.0,1,83.48239660263062
2309,3.6999999999999997,9,83.51924633979797
2310,-3.0,1,83.5475025177002
2311,-3.25,6,83.57807898521423
2312,4.449999999999999,4,83.60545229911804
2313,4.15,6,83.63206434249878
2314,-3.4,9,83.66575336456299
2315,-3.1,3,83.68791580200195
2316,4.0,7,83.71911263465881
2317,-3.15,4,83.74596881866455
2318,-3.15,4,83.77013874053955
2319,-3.2,5,83.80065631866455
2320,3.55,10,83.84140586853027
2321,-3.3,7,83.87792944908142
2322,3.4,11,83.921555519104
2323,4.3,5,83.95527338981628
2324,-3.15,4,83.98497557640076
2325,4.449999999999999,4,84.01279711723328
2326,4.9,1,84.03877449035645
2327,-3.1,3,84.06691288948059
2328,4.449999999999999,4,84.0976665019989
2329,4.6000000000000005,3,84.12627577781677
2330,4.6000000000000005,3,84.15533900260925
2331,4.3,5,84.18811798095703
2332,4.3,5,84.22310090065002
2333,-3.05,2,84.25156474113464
2334,-3.2,5,84.28550004959106
2335,4.6000000000000005,3,84.31293392181396
2336,-3.4,9,84.34535241127014
2337,4.449999999999999,4,84.3765721321106
2338,-3.2,5,84.41527223587036
2339,4.3,5,84.44706130027771
2340,3.85,8,84.4823591709137
2341,-3.25,6,84.51197528839111
2342,4.449999999999999,4,84.53547954559326
2343,4.15,6,84.72447156906128
2344,4.3,5,84.76219058036804
2345,-3.05,2,84.78647661209106
2346,4.0,7,84.82281255722046
2347,-3.2,5,84.8570785522461
2348,-3.3,7,84.89059519767761
2349,-3.15,4,84.92271542549133
2350,4.6000000000000005,3,84.95636987686157
2351,-3.55,12,85.00298547744751
2352,4.6000000000000005,3,85.02973771095276
2353,-3.05,2,85.05369186401367
2354,-3.15,4,85.08081340789795
2355,-3.3,7,85.11567068099976
2356,-3.1,3,85.14409446716309
2357,-3.15,4,85.17217230796814
2358,3.6999999999999997,9,85.21530032157898
2359,-3.0,1,85.23620390892029
2360,-3.2,5,85.27080750465393
2361,4.0,7,85.3030207157135
2362,3.6999999999999997,9,85.34196591377258
2363,4.3,5,85.37280297279358
2364,4.0,7,85.41165351867676
2365,4.75,2,85.43452215194702
2366,-1.75,15,85.48078775405884
2367,-3.35,8,85.51460647583008
2368,-3.3,7,85.5439350605011
2369,-3.05,2,85.56597352027893
2370,4.3,5,85.59564638137817
2371,-3.25,6,85.62271738052368
2372,-3.5,11,85.65971946716309
2373,4.75,2,85.68980717658997
2374,-3.1,3,85.7149908542633
2375,-3.35,8,85.75073647499084
2376,3.85,8,85.78972673416138
2377,4.449999999999999,4,85.82227802276611
2378,-3.0,1,85.84890031814575
2379,4.15,6,85.8786849975586
2380,4.0,7,85.9164080619812
2381,4.0,7,85.95303297042847
2382,4.15,6,85.98310112953186
2383,-3.05,2,86.0045416355133
2384,-3.3,7,86.04186248779297
2385,4.15,6,86.07745265960693
2386,-3.3,7,86.11269736289978
2387,4.6000000000000005,3,86.14159846305847
2388,-3.15,4,86.16894388198853
2389,-3.55,12,86.38195085525513
2390,-3.15,4,86.41093635559082
2391,4.9,1,86.43328166007996
2392,4.0,7,86.46601057052612
2393,-3.25,6,86.50179958343506
2394,4.6000000000000005,3,86.5332019329071
2395,-3.1,3,86.56349849700928
2396,-3.45,10,86.5992705821991
2397,4.3,5,86.6321029663086
2398,4.449999999999999,4,86.65943813323975
2399,4.0,7,86.69044947624207
2400,-3.05,2,86.71359157562256
2401,3.6999999999999997,9,86.74937224388123
2402,-3.05,2,86.77157592773438
2403,-3.1,3,86.79688167572021
2404,-3.3,7,86.8272533416748
2405,-3.05,2,86.85314679145813
2406,4.449999999999999,4,86.88148212432861
2407,-3.2,5,86.91004610061646
2408,4.6000000000000005,3,86.93744802474976
2409,-3.3,7,86.97124099731445
2410,-3.05,2,86.9972174167633
2411,4.6000000000000005,3,87.0278627872467
2412,-3.15,4,87.05276346206665
2413,-3.0,1,87.07759928703308
2414,-3.1,3,87.10176229476929
2415,4.6000000000000005,3,87.13194847106934
2416,-3.4,9,87.17653608322144
2417,3.55,10,87.21575784683228
2418,3.55,10,87.25332379341125
2419,-3.3,7,87.28573942184448
2420,-3.05,2,87.31431913375854
2421,4.6000000000000005,3,87.34113478660583
2422,4.6000000000000005,3,87.36684846878052
2423,4.15,6,87.40028095245361
2424,-3.35,8,87.44197630882263
2425,4.15,6,87.48521494865417
2426,-3.2,5,87.51890444755554
2427,4.15,6,87.5530481338501
2428,4.15,6,87.59175038337708
2429,4.15,6,87.626944065094
2430,3.55,10,87.67275500297546
2431,4.75,2,87.69897747039795
2432,4.449999999999999,4,87.72805857658386
2433,4.0,7,87.76689410209656
2434,4.449999999999999,4,87.80158519744873
2435,-3.0,1,87.82948589324951
2436,4.6000000000000005,3,87.85535335540771
2437,4.3,5,87.88703513145447
2438,4.15,6,87.92163729667664
2439,-3.3,7,87.960209608078
2440,4.0,7,88.16737604141235
2441,-3.3,7,88.20213389396667
2442,-3.2,5,88.23235702514648
2443,-3.45,10,88.26859998703003
2444,3.25,12,88.31060791015625
2445,-3.1,3,88.33600354194641
2446,4.15,6,88.36622333526611
2447,-3.2,5,88.39919090270996
2448,4.3,5,88.42635655403137
2449,-3.4,9,88.46218633651733
2450,4.0,7,88.50237917900085
2451,4.6000000000000005,3,88.52897000312805
2452,4.3,5,88.55947780609131
2453,-3.65,14,88.60720944404602
2454,-3.6,13,88.65000700950623
2455,-3.4,9,88.68814754486084
2456,3.6999999999999997,9,88.72546410560608
2457,-3.25,6,88.75484085083008
2458,4.6000000000000005,3,88.78243684768677
2459,3.85,8,88.8249683380127
2460,4.75,2,88.84906077384949
2461,4.449999999999999,4,88.88029980659485
2462,3.55,10,88.91701936721802
2463,-3.35,8,88.95064568519592
2464,3.6999999999999997,9,88.9866132736206
2465,4.3,5,89.01933741569519
2466,4.449999999999999,4,89.05129647254944
2467,-3.0,1,89.07346630096436
2468,4.75,2,89.09676742553711
2469,4.449999999999999,4,89.12315559387207
2470,-3.05,2,89.14858436584473
2471,4.0,7,89.18086004257202
2472,4.449999999999999,4,89.21016478538513
2473,4.0,7,89.25115180015564
2474,4.15,6,89.28710055351257
2475,-3.05,2,89.31812453269958
2476,3.85,8,89.35280084609985
2477,3.85,8,89.38896369934082
2478,-3.5,11,89.42724061012268
2479,-3.3,7,89.61074709892273
2480,-3.0,1,89.63547778129578
2481,-3.1,3,89.6589720249176
2482,-3.05,2,89.68455266952515
2483,4.0,7,89.72426176071167
2484,4.449999999999999,4,89.7507894039154
2485,4.15,6,89.78369688987732
2486,-3.4,9,89.81554532051086
2487,4.6000000000000005,3,89.84570956230164
2488,3.55,10,89.88479828834534
2489,3.55,10,89.92415976524353
2490,4.75,2,89.94826579093933
2491,-3.65,14,89.98985695838928
2492,-3.2,5,90.01654148101807
2493,4.3,5,90.04910850524902
2494,-3.15,4,90.0868182182312
2495,-3.4,9,90.12287497520447
2496,-3.0,1,90.14755320549011
2497,3.85,8,90.18069005012512
2498,-3.55,12,90.22053074836731
2499,-3.2,5,90.24820017814636
2500,4.15,6,90.2772970199585
2501,4.3,5,90.30642008781433
2502,-3.45,10,90.34473276138306
2503,-1.75,15,90.39349555969238
2504,-3.25,6,90.42775654792786
2505,4.75,2,90.4506664276123
2506,4.6000000000000005,3,90.48174285888672
2507,4.449999999999999,4,90.50982594490051
2508,3.85,8,90.54682850837708
2509,4.15,6,90.58135867118835
2510,-3.15,4,90.61094522476196
2511,-3.45,10,90.64653396606445
2512,4.15,6,90.67761254310608
2513,3.85,8,90.71175360679626
2514,4.3,5,90.74100923538208
2515,4.3,5,90.76805186271667
2516,4.6000000000000005,3,90.79794692993164
2517,4.75,2,90.82465720176697
2518,-3.15,4,90.85862493515015
2519,-3.05,2,90.88365602493286
2520,-3.15,4,90.91676640510559
2521,3.85,8,90.9630970954895
2522,3.25,12,91.21308779716492
2523,4.9,1,91.23720264434814
2524,3.85,8,91.27707362174988
2525,4.449999999999999,4,91.30889344215393
2526,4.75,2,91.33552360534668
2527,4.3,5,91.3720395565033
2528,-3.15,4,91.39871621131897
2529,-3.1,3,91.4268753528595
2530,4.15,6,91.46072196960449
2531,-3.05,2,91.48609066009521
2532,4.15,6,91.51563668251038
2533,4.0,7,91.5445077419281
2534,4.3,5,91.57483458518982
2535,-3.15,4,91.6015841960907
2536,-3.3,7,91.63400912284851
2537,-3.25,6,91.66429281234741
2538,4.6000000000000005,3,91.68835234642029
2539,-3.0,1,91.7126076221466
2540,4.75,2,91.73421430587769
2541,4.6000000000000005,3,91.76151490211487
2542,-3.05,2,91.78461503982544
2543,3.85,8,91.81953072547913
2544,-3.45,10,91.85815382003784
2545,-3.25,6,91.89237546920776
2546,-3.4,9,91.92644333839417
2547,4.0,7,91.96271562576294
2548,4.449999999999999,4,91.99173951148987
2549,-3.3,7,92.02486777305603
2550,4.0,7,92.05692553520203
2551,4.0,7,92.08780479431152
2552,4.449999999999999,4,92.11984705924988
2553,-3.0,1,92.147043466568
2554,3.55,10,92.18360257148743
2555,-3.35,8,92.21930432319641
2556,3.6999999999999997,9,92.25513935089111
2557,4.6000000000000005,3,92.28115463256836
2558,4.6000000000000005,3,92.30644679069519
2559,3.85,8,92.33871912956238
2560,4.0,7,92.38294219970703
2561,4.449999999999999,4,92.41188502311707
2562,-3.15,4,92.4442150592804
2563,4.3,5,92.47360682487488
2564,4.75,2,92.49916982650757
2565,4.3,5,92.52730917930603
2566,3.6999999999999997,9,92.56475591659546
2567,-3.1,3,92.58747386932373
2568,4.449999999999999,4,92.61633276939392
2569,4.0,7,92.65449285507202
2570,-3.3,7,92.69512939453125
2571,-3.4,9,92.89503812789917
2572,-3.0,1,92.91814017295837
2573,4.449999999999999,4,92.94323539733887
2574,-3.15,4,92.97182559967041
2575,4.3,5,93.00059199333191
2576,4.9,1,93.02919483184814
2577,-3.1,3,93.05141425132751
2578,3.6999999999999997,9,93.08522725105286
2579,-3.5,11,93.12451267242432
2580,4.449999999999999,4,93.1518976688385
2581,-3.0,1,93.17540168762207
2582,-3.15,4,93.2021062374115
2583,3.55,10,93.24448132514954
2584,-3.2,5,93.27061295509338
2585,-3.1,3,93.30131554603577
2586,-3.1,3,93.33391571044922
2587,4.9,1,93.35989785194397
2588,-3.4,9,93.4027853012085
2589,4.9,1,93.43278574943542
2590,4.3,5,93.46528124809265
2591,-3.3,7,93.50198674201965
2592,3.85,8,93.54489469528198
2593,4.15,6,93.57773494720459
2594,-3.15,4,93.60564661026001
2595,4.3,5,93.6346685886383
2596,4.15,6,93.66771960258484
2597,3.6999999999999997,9,93.70447444915771
2598,3.85,8,93.74147844314575
2599,4.3,5,93.77006554603577
2600,4.15,6,93.8018090724945
2601,4.6000000000000005,3,93.83220529556274
2602,-3.1,3,93.86117100715637
2603,4.75,2,93.8849241733551
2604,4.6000000000000005,3,93.9139633178711
2605,4.15,6,93.94893264770508
2606,-3.4,9,93.98846077919006
2607,-3.0,1,94.01843857765198
2608,4.449999999999999,4,94.05035138130188
2609,3.6999999999999997,9,94.08981347084045
2610,-3.3,7,94.13142466545105
2611,4.15,6,94.16673302650452
2612,3.85,8,94.20686364173889
2613,-3.25,6,94.24590682983398
2614,-3.25,6,94.29252076148987
2615,4.75,2,94.32313227653503
2616,-3.0,1,94.35406470298767
2617,-3.05,2,94.3820629119873
2618,4.449999999999999,4,94.4168529510498
2619,-3.2,5,94.45031976699829
2620,4.6000000000000005,3,94.4852089881897
2621,4.0,7,94.52553153038025
2622,4.15,6,94.56303668022156
2623,4.75,2,94.73829483985901
2624,4.15,6,94.76642394065857
2625,4.15,6,94.81503009796143
2626,-3.25,6,94.84813833236694
2627,3.4,11,94.88835501670837
2628,-3.3,7,94.92020606994629
2629,4.3,5,94.9492175579071
2630,3.6999999999999997,9,94.98592114448547
2631,-1.75,15,95.0376136302948
2632,4.3,5,95.06698536872864
2633,3.55,10,95.1015784740448
2634,3.85,8,95.13394069671631
2635,3.85,8,95.16603589057922
2636,-1.75,15,95.20999073982239
2637,3.55,10,95.25110745429993
2638,4.0,7,95.28680539131165
2639,4.15,6,95.31801438331604
2640,4.15,6,95.34915709495544
2641,3.85,8,95.38644623756409
2642,-3.3,7,95.41605281829834
2643,3.55,10,95.45185661315918
2644,4.15,6,95.48616147041321
2645,4.15,6,95.51791143417358
2646,4.15,6,95.5502758026123
2647,3.6999999999999997,9,95.58933067321777
2648,4.3,5,95.6204161643982
2649,-3.6,13,95.6634669303894
2650,-3.1,3,95.6909248828888
2651,4.449999999999999,4,95.72279453277588
2652,-1.75,15,95.7820200920105
2653,4.0,7,95.82008981704712
2654,4.6000000000000005,3,95.84727621078491
2655,4.15,6,95.88042855262756
2656,-3.4,9,96.07758927345276
2657,-3.2,5,96.10421442985535
2658,4.449999999999999,4,96.1364734172821
2659,4.449999999999999,4,96.16357564926147
2660,3.6999999999999997,9,96.20165991783142
2661,3.6999999999999997,9,96.23723793029785
2662,4.0,7,96.2783784866333
2663,-3.2,5,96.31036329269409
2664,3.6999999999999997,9,96.34484457969666
2665,-3.2,5,96.37399625778198
2666,-3.1,3,96.39903664588928
2667,3.85,8,96.43069815635681
2668,4.6000000000000005,3,96.45376801490784
2669,3.85,8,96.4898328781128
2670,-3.1,3,96.51789903640747
2671,3.85,8,96.55465269088745
2672,3.6999999999999997,9,96.59644174575806
2673,-3.3,7,96.62514352798462
2674,4.75,2,96.64888453483582
2675,4.9,1,96.67120361328125
2676,-3.25,6,96.69997358322144
2677,-1.75,15,96.74264073371887
2678,4.6000000000000005,3,96.76855254173279
2679,4.449999999999999,4,96.79816937446594
2680,-3.3,7,96.82870602607727
2681,4.449999999999999,4,96.85289859771729
2682,4.3,5,96.88764476776123
2683,4.3,5,96.91955471038818
2684,4.15,6,96.95342373847961
2685,3.55,10,96.9888379573822
2686,4.15,6,97.0187132358551
2687,3.85,8,97.05351877212524
2688,-3.15,4,97.08274412155151
2689,-3.15,4,97.11189317703247
2690,4.3,5,97.13723540306091
2691,-3.3,7,97.16824436187744
2692,4.449999999999999,4,97.19718813896179
2693,-3.35,8,97.23035025596619
2694,-3.3,7,97.26543998718262
2695,4.9,1,97.29638504981995
2696,4.9,1,97.32898736000061
2697,4.3,5,97.35977530479431
2698,-3.1,3,97.38428258895874
2699,3.4,11,97.42747902870178
2700,4.3,5,97.45639610290527
2701,3.6999999999999997,9,97.65086674690247
2702,4.3,5,97.6810736656189
2703,4.6000000000000005,3,97.71250677108765
2704,3.1,13,97.75788283348083
2705,3.4,11,97.79774022102356
2706,3.55,10,97.8350133895874
2707,4.15,6,97.8741729259491
2708,4.449999999999999,4,97.90021204948425
2709,3.6999999999999997,9,97.94391989707947
2710,-3.3,7,97.97817420959473
2711,-3.15,4,98.01208472251892
2712,4.3,5,98.04701113700867
2713,-3.5,11,98.09357643127441
2714,3.6999999999999997,9,98.13064742088318
2715,3.55,10,98.1673538684845
2716,4.0,7,98.20183038711548
2717,4.75,2,98.228520154953
2718,3.85,8,98.2628858089447
2719,4.0,7,98.30702495574951
2720,4.6000000000000005,3,98.3337996006012
2721,-3.2,5,98.36536455154419
2722,4.15,6,98.39829087257385
2723,3.85,8,98.4331521987915
2724,4.3,5,98.46232771873474
2725,-3.15,4,98.49346995353699
2726,-3.35,8,98.53464221954346
2727,4.0,7,98.56654906272888
2728,4.3,5,98.59522986412048
2729,4.15,6,98.62317538261414
2730,4.6000000000000005,3,98.64715909957886
2731,-3.25,6,98.6797924041748
2732,3.55,10,98.71404337882996
2733,4.0,7,98.74996399879456
2734,4.3,5,98.77988958358765
2735,3.4,11,98.83311772346497
2736,3.6999999999999997,9,98.87700057029724
2737,4.449999999999999,4,98.91091513633728
2738,4.449999999999999,4,98.94426560401917
2739,-3.05,2,99.1286940574646
2740,4.3,5,99.16139721870422
2741,4.6000000000000005,3,99.1849422454834
2742,-3.3,7,99.22318601608276
2743,4.0,7,99.25451397895813
2744,-3.5,11,99.29349112510681
2745,-3.25,6,99.32411670684814
2746,-3.2,5,99.35228490829468
2747,-3.05,2,99.37627291679382
2748,-3.5,11,99.41608881950378
2749,-3.25,6,99.45899176597595
2750,4.0,7,99.49384117126465
2751,3.55,10,99.53832149505615
2752,3.55,10,99.57907176017761
2753,-3.0,1,99.59855031967163
2754,4.15,6,99.62889242172241
2755,3.55,10,99.66956424713135
2756,-3.1,3,99.69436550140381
2757,4.3,5,99.72295212745667
2758,4.9,1,99.74709415435791
2759,4.75,2,99.77311515808105
2760,-3.0,1,99.79618835449219
2761,4.15,6,99.827232837677
2762,4.3,5,99.86055016517639
2763,-3.2,5,99.89066338539124
2764,4.0,7,99.92133855819702
2765,4.15,6,99.95760536193848
2766,4.449999999999999,4,99.98755764961243
2767,-3.25,6,100.01865077018738
2768,-3.3,7,100.05145955085754
2769,4.3,5,100.08263516426086
2770,3.85,8,100.11691236495972
2771,-3.25,6,100.14634323120117
2772,3.6999999999999997,9,100.18236112594604
2773,-3.25,6,100.2147889137268
2774,4.3,5,100.24248385429382
2775,4.3,5,100.27331280708313
2776,4.15,6,100.3042619228363
2777,-3.25,6,100.33361911773682
2778,-3.2,5,100.36185264587402
2779,4.449999999999999,4,100.38745212554932
2780,4.15,6,100.43083167076111
2781,4.3,5,100.46564292907715
2782,4.3,5,100.49801564216614
2783,4.449999999999999,4,100.5312111377716
2784,4.15,6,100.71844482421875
2785,-3.25,6,100.74839353561401
2786,-3.0,1,100.77601313591003
2787,-3.1,3,100.80253577232361
2788,4.6000000000000005,3,100.82929944992065
2789,4.3,5,100.86367726325989
2790,4.0,7,100.8952465057373
2791,3.55,10,100.92895412445068
2792,3.85,8,100.96658062934875
2793,-1.75,15,101.01711511611938
2794,-1.75,15,101.06941819190979
2795,4.6000000000000005,3,101.09890484809875
2796,4.15,6,101.12968277931213
2797,4.3,5,101.15924215316772
2798,4.0,7,101.19386529922485
2799,-3.2,5,101.2243492603302
2800,3.25,12,101.2670567035675
2801,4.0,7,101.30501675605774
2802,3.85,8,101.34206819534302
2803,4.15,6,101.37382531166077
2804,3.25,12,101.41142892837524
2805,-3.1,3,101.4425950050354
2806,-1.75,15,101.48344373703003
2807,-1.75,15,101.52642631530762
2808,4.6000000000000005,3,101.55464291572571
2809,-1.75,15,101.61286091804504
2810,4.75,2,101.6391282081604
2811,-3.3,7,101.67130947113037
2812,-3.0,1,101.69406747817993
2813,4.0,7,101.72598600387573
2814,-3.55,12,101.76663780212402
2815,4.15,6,101.80456519126892
2816,4.15,6,101.84553837776184
2817,4.0,7,101.8810441493988
2818,4.15,6,101.91680026054382
2819,4.0,7,102.11549544334412
2820,3.85,8,102.15050172805786
2821,4.6000000000000005,3,102.17578482627869
2822,4.15,6,102.21209502220154
2823,3.6999999999999997,9,102.25539588928223
2824,4.15,6,102.28418755531311
2825,4.0,7,102.32029628753662
2826,3.25,12,102.3640546798706
2827,4.0,7,102.39489412307739
2828,-3.45,10,102.4298152923584
2829,3.85,8,102.46738004684448
2830,4.449999999999999,4,102.49619770050049
2831,4.6000000000000005,3,102.5198917388916
2832,4.3,5,102.55248761177063
2833,4.75,2,102.57878017425537
2834,4.3,5,102.6064555644989
2835,4.449999999999999,4,102.63289427757263
2836,3.1,13,102.67371845245361
2837,4.6000000000000005,3,102.69985556602478
2838,-3.0,1,102.7256007194519
2839,4.15,6,102.75403690338135
2840,4.3,5,102.78196954727173
2841,3.1,13,102.82672786712646
2842,4.449999999999999,4,102.85950303077698
2843,-3.2,5,102.89198017120361
2844,4.449999999999999,4,102.91957974433899
2845,4.15,6,102.95214247703552
2846,4.15,6,102.98359060287476
2847,-3.05,2,103.00955271720886
2848,-3.1,3,103.04025554656982
2849,4.3,5,103.06680011749268
2850,3.85,8,103.10089015960693
2851,-3.4,9,103.13901901245117
2852,4.0,7,103.17031764984131
2853,3.6999999999999997,9,103.20398616790771
2854,-3.3,7,103.23802304267883
2855,4.9,1,103.26160430908203
2856,4.0,7,103.2912986278534
2857,4.15,6,103.32085537910461
2858,4.3,5,103.35593032836914
2859,3.6999999999999997,9,103.39333701133728
2860,4.75,2,103.42382860183716
2861,4.3,5,103.45146679878235
2862,4.0,7,103.64083552360535
2863,3.4,11,103.68308854103088
2864,4.3,5,103.71641206741333
2865,3.85,8,103.7535490989685
2866,-3.25,6,103.78614044189453
2867,4.6000000000000005,3,103.8132951259613
2868,4.3,5,103.84263110160828
2869,-3.3,7,103.87546968460083
2870,4.15,6,103.90644359588623
2871,4.0,7,103.94023823738098
2872,3.55,10,103.97801280021667
2873,-3.2,5,104.00511956214905
2874,3.85,8,104.04290914535522
2875,3.55,10,104.07847905158997
2876,4.449999999999999,4,104.11279559135437
2877,4.15,6,104.14331293106079
2878,4.75,2,104.17658829689026
2879,-3.2,5,104.20994830131531
2880,4.6000000000000005,3,104.2411413192749
2881,4.75,2,104.26443767547607
2882,3.6999999999999997,9,104.29980254173279
2883,4.449999999999999,4,104.32883143424988
2884,4.449999999999999,4,104.35943055152893
2885,-3.3,7,104.39397048950195
2886,4.449999999999999,4,104.4255964756012
2887,4.449999999999999,4,104.4533360004425
2888,3.85,8,104.49115109443665
2889,3.6999999999999997,9,104.53083181381226
2890,4.6000000000000005,3,104.56664109230042
2891,4.3,5,104.6010468006134
2892,4.15,6,104.632239818573
2893,3.6999999999999997,9,104.6679835319519
2894,4.0,7,104.70007824897766
2895,4.3,5,104.72892689704895
2896,4.449999999999999,4,104.7599368095398
2897,4.75,2,104.78418397903442
2898,4.0,7,104.81810069084167
2899,3.6999999999999997,9,104.85488438606262
2900,-3.7,15,104.90203738212585
2901,-1.75,15,104.95010995864868
2902,3.55,10,105.14257335662842
2903,3.6999999999999997,9,105.18921852111816
2904,3.25,12,105.24246788024902
2905,4.449999999999999,4,105.2717216014862
2906,4.449999999999999,4,105.30044484138489
2907,4.449999999999999,4,105.33077383041382
2908,3.85,8,105.3668601512909
2909,3.1,13,105.41194701194763
2910,-1.75,15,105.46467137336731
2911,-3.2,5,105.49925875663757
2912,-1.75,15,105.54287886619568
2913,-3.25,6,105.57146883010864
2914,3.6999999999999997,9,105.60827612876892
2915,4.0,7,105.64833331108093
2916,-3.4,9,105.68246555328369
2917,-3.6,13,105.71876263618469
2918,4.15,6,105.75053930282593
2919,4.0,7,105.79312348365784
2920,4.0,7,105.82571601867676
2921,4.15,6,105.85427379608154
2922,4.15,6,105.88514971733093
2923,3.6999999999999997,9,105.922536611557
2924,-1.75,15,105.97014379501343
2925,4.449999999999999,4,106.00436615943909
2926,4.3,5,106.03487586975098
2927,-3.3,7,106.06396961212158
2928,3.85,8,106.09505319595337
2929,-3.65,14,106.14063477516174
2930,3.6999999999999997,9,106.17378497123718
2931,4.6000000000000005,3,106.2092080116272
2932,3.6999999999999997,9,106.24703025817871
2933,4.449999999999999,4,106.43331861495972
2934,4.3,5,106.46523714065552
2935,4.3,5,106.49428009986877
2936,4.0,7,106.52777791023254
2937,3.4,11,106.56707048416138
2938,4.15,6,106.5989134311676
2939,4.6000000000000005,3,106.62729668617249
2940,-3.1,3,106.65720462799072
2941,4.449999999999999,4,106.68583631515503
2942,4.3,5,106.71426939964294
2943,-3.45,10,106.75327229499817
2944,-3.2,5,106.79189443588257
2945,3.85,8,106.8288733959198
2946,2.9499999999999997,14,106.87045216560364
2947,4.3,5,106.90449357032776
2948,4.75,2,106.92979621887207
2949,-3.35,8,106.96165227890015
2950,3.4,11,107.008784532547
2951,3.85,8,107.03901481628418
2952,3.55,10,107.07404732704163
2953,4.15,6,107.10492968559265
2954,4.6000000000000005,3,107.13706684112549
2955,3.25,12,107.1798198223114
2956,4.449999999999999,4,107.20641279220581
2957,4.15,6,107.23832488059998
2958,-3.25,6,107.27048826217651
2959,3.55,10,107.3078670501709
2960,4.0,7,107.34165859222412
2961,4.449999999999999,4,107.36615538597107
2962,3.85,8,107.40848016738892
2963,3.6999999999999997,9,107.44695544242859
2964,-3.55,12,107.48533153533936
2965,4.449999999999999,4,107.51403570175171
2966,4.75,2,107.54527282714844
2967,4.6000000000000005,3,107.57649302482605
2968,3.6999999999999997,9,107.61526727676392
2969,-3.1,3,107.64783692359924
2970,3.25,12,107.69710373878479
2971,4.6000000000000005,3,107.72520017623901
2972,4.3,5,107.91146802902222
2973,3.6999999999999997,9,107.94700527191162
2974,3.85,8,107.9819450378418
2975,-3.0,1,108.00811195373535
2976,4.449999999999999,4,108.0344910621643
2977,-3.6,13,108.07809066772461
2978,4.449999999999999,4,108.11181926727295
2979,4.15,6,108.14324808120728
2980,-3.45,10,108.18268752098083
2981,4.6000000000000005,3,108.21252489089966
2982,3.4,11,108.24871754646301
2983,4.6000000000000005,3,108.27649164199829
2984,-3.1,3,108.3039608001709
2985,3.85,8,108.34038376808167
2986,4.15,6,108.37734341621399
2987,3.4,11,108.42155599594116
2988,4.0,7,108.45445561408997
2989,-1.75,15,108.50782108306885
2990,4.15,6,108.53645920753479
2991,-3.35,8,108.58705401420593
2992,4.6000000000000005,3,108.61486506462097
2993,-3.2,5,108.64314103126526
2994,4.6000000000000005,3,108.66943359375
2995,3.85,8,108.70421957969666
2996,-3.65,14,108.74606943130493
2997,4.0,7,108.77383470535278
2998,4.6000000000000005,3,108.7991693019867
2999,4.15,6,108.82959818840027
3000,4.6000000000000005,3,108.85763669013977
3001,3.55,10,108.89166688919067
3002,4.75,2,108.91468238830566
3003,4.75,2,108.94110631942749
3004,-3.25,6,108.96988129615784
3005,4.0,7,109.01024293899536
3006,-1.75,15,109.05282711982727
3007,3.1,13,109.09365820884705
3008,-3.3,7,109.12474346160889
3009,4.0,7,109.31251335144043
3010,4.6000000000000005,3,109.33707571029663
3011,3.85,8,109.37487483024597
3012,-3.4,9,109.409672498703
3013,-3.6,13,109.4499363899231
3014,4.449999999999999,4,109.48043489456177
3015,-3.0,1,109.50117564201355
3016,4.6000000000000005,3,109.52923941612244
3017,3.1,13,109.57302856445312
3018,4.6000000000000005,3,109.60146069526672
3019,4.6000000000000005,3,109.63327431678772
3020,4.15,6,109.66967296600342
3021,3.6999999999999997,9,109.70774602890015
3022,3.55,10,109.74424982070923
3023,4.75,2,109.7710132598877
3024,4.0,7,109.80011129379272
3025,4.75,2,109.82632112503052
3026,4.449999999999999,4,109.85876607894897
3027,3.55,10,109.90140867233276
3028,4.6000000000000005,3,109.93322038650513
3029,4.15,6,109.97265267372131
3030,3.85,8,110.01464629173279
3031,3.55,10,110.05621242523193
3032,3.55,10,110.10050320625305
3033,3.85,8,110.13504099845886
3034,-3.1,3,110.16146326065063
3035,4.449999999999999,4,110.191002368927
3036,-3.55,12,110.23188734054565
3037,4.3,5,110.26235771179199
3038,4.75,2,110.28626322746277
3039,4.449999999999999,4,110.31614184379578
3040,4.3,5,110.34254693984985
3041,3.25,12,110.38523077964783
3042,3.55,10,110.42759346961975
3043,3.4,11,110.4629340171814
3044,4.449999999999999,4,110.49351811408997
3045,4.75,2,110.52012467384338
3046,-3.25,6,110.55541372299194
3047,4.6000000000000005,3,110.58840274810791
3048,3.6999999999999997,9,110.62388896942139
3049,-3.2,5,110.79291009902954
3050,3.85,8,110.82745504379272
3051,-3.2,5,110.85836553573608
3052,4.6000000000000005,3,110.8835813999176
3053,4.6000000000000005,3,110.91238832473755
3054,3.4,11,110.95023083686829
3055,3.55,10,110.9933717250824
3056,-3.1,3,111.02555751800537
3057,-3.3,7,111.06959915161133
3058,3.85,8,111.10827708244324
3059,4.3,5,111.13711309432983
3060,4.15,6,111.17307615280151
3061,3.85,8,111.21067833900452
3062,4.449999999999999,4,111.24161076545715
3063,-3.6,13,111.29341697692871
3064,-3.35,8,111.32601165771484
3065,4.0,7,111.36360120773315
3066,4.449999999999999,4,111.39681029319763
3067,4.15,6,111.43395733833313
3068,-3.05,2,111.46046900749207
3069,-3.2,5,111.49488353729248
3070,-1.75,15,111.54499936103821
3071,4.0,7,111.5815589427948
3072,3.55,10,111.61656260490417
3073,4.0,7,111.64950799942017
3074,4.6000000000000005,3,111.68202590942383
3075,4.15,6,111.71326661109924
3076,4.0,7,111.74568390846252
3077,4.0,7,111.77945637702942
3078,3.4,11,111.81515884399414
3079,4.3,5,111.84763360023499
3080,3.25,12,111.8908896446228
3081,4.3,5,111.91961669921875
3082,-3.25,6,111.95164942741394
3083,4.15,6,111.98278594017029
3084,4.3,5,112.0088210105896
3085,-3.05,2,112.03904604911804
3086,4.449999999999999,4,112.07700991630554
3087,4.75,2,112.10260248184204
3088,4.6000000000000005,3,112.1305046081543
3089,-3.15,4,112.15751624107361
3090,4.15,6,112.34647130966187
3091,4.75,2,112.37253379821777
3092,2.9499999999999997,14,112.41331672668457
3093,4.449999999999999,4,112.443350315094
3094,3.55,10,112.4779155254364
3095,4.0,7,112.5134801864624
3096,-1.75,15,112.5609040260315
3097,3.6999999999999997,9,112.59327149391174
3098,-1.75,15,112.63595747947693
3099,3.6999999999999997,9,112.67722535133362
3100,3.1,13,112.72053790092468
3101,-3.4,9,112.75784373283386
3102,3.85,8,112.79775500297546
3103,3.85,8,112.83855056762695
3104,3.85,8,112.87294960021973
3105,4.15,6,112.90984153747559
3106,4.3,5,112.94218611717224
3107,-3.25,6,112.97380495071411
3108,3.6999999999999997,9,113.01277017593384
3109,4.6000000000000005,3,113.04317736625671
3110,4.3,5,113.07449960708618
3111,4.15,6,113.10505151748657
3112,-1.75,15,113.1496365070343
3113,4.75,2,113.17848205566406
3114,-3.7,15,113.22738003730774
3115,-1.75,15,113.27283716201782
3116,4.449999999999999,4,113.29968428611755
3117,4.9,1,113.32485723495483
3118,4.449999999999999,4,113.36161231994629
3119,-1.75,15,113.40617990493774
3120,-3.1,3,113.43386197090149
3121,-1.75,15,113.62899041175842
3122,-3.15,4,113.65985107421875
3123,-3.7,15,113.70361542701721
3124,3.85,8,113.73557424545288
3125,4.75,2,113.7624659538269
3126,-3.3,7,113.79402828216553
3127,-3.05,2,113.81955027580261
3128,4.0,7,113.85358810424805
3129,4.15,6,113.88402533531189
3130,-1.75,15,113.92566514015198
3131,3.55,10,113.98062682151794
3132,3.25,12,114.04150056838989
3133,4.449999999999999,4,114.0741605758667
3134,4.75,2,114.10443902015686
3135,3.85,8,114.14907789230347
3136,4.6000000000000005,3,114.17505311965942
3137,-1.75,15,114.22864127159119
3138,3.6999999999999997,9,114.262770652771
3139,3.6999999999999997,9,114.29999279975891
3140,4.6000000000000005,3,114.33222460746765
3141,3.6999999999999997,9,114.37447905540466
3142,3.25,12,114.41788101196289
3143,3.4,11,114.46534442901611
3144,4.3,5,114.50617027282715
3145,-3.2,5,114.53769493103027
3146,4.449999999999999,4,114.5662579536438
3147,-1.75,15,114.61854791641235
3148,4.0,7,114.66438579559326
3149,4.0,7,114.71069192886353
3150,4.6000000000000005,3,114.74366736412048
3151,3.25,12,114.78940105438232
3152,4.6000000000000005,3,114.81543111801147
3153,4.75,2,114.84042954444885
3154,4.6000000000000005,3,114.87335991859436
3155,3.55,10,115.06170272827148
3156,3.6999999999999997,9,115.09785676002502
3157,3.85,8,115.13027453422546
3158,-1.75,15,115.17816972732544
3159,3.25,12,115.2198133468628
3160,3.85,8,115.25430631637573
3161,3.4,11,115.29073715209961
3162,4.449999999999999,4,115.31730532646179
3163,4.15,6,115.34883666038513
3164,-3.6,13,115.39041018486023
3165,3.25,12,115.43119096755981
3166,4.3,5,115.4609305858612
3167,4.6000000000000005,3,115.48695755004883
3168,4.0,7,115.51906776428223
3169,4.75,2,115.54417324066162
3170,3.85,8,115.57581973075867
3171,3.1,13,115.61848163604736
3172,4.449999999999999,4,115.64557075500488
3173,4.9,1,115.66993021965027
3174,4.6000000000000005,3,115.69547200202942
3175,4.3,5,115.72489881515503
3176,4.0,7,115.7564685344696
3177,4.6000000000000005,3,115.78163170814514
3178,-1.75,15,115.82635450363159
3179,4.3,5,115.85772061347961
3180,4.75,2,115.88199663162231
3181,4.15,6,115.92552518844604
3182,3.85,8,115.96426582336426
3183,4.15,6,115.99733209609985
3184,4.15,6,116.02783465385437
3185,4.6000000000000005,3,116.05545997619629
3186,4.3,5,116.08593559265137
3187,-1.75,15,116.14467096328735
3188,-1.75,15,116.18941020965576
3189,-1.75,15,116.40779566764832
3190,-1.75,15,116.45992159843445
3191,4.15,6,116.48969340324402
3192,4.15,6,116.51980018615723
3193,-3.15,4,116.54453134536743
3194,3.85,8,116.57865715026855
3195,3.4,11,116.61562824249268
3196,3.1,13,116.65471768379211
3197,4.449999999999999,4,116.68082976341248
3198,4.6000000000000005,3,116.71104860305786
3199,4.449999999999999,4,116.73728895187378
3200,4.6000000000000005,3,116.7624020576477
3201,4.6000000000000005,3,116.78974723815918
3202,4.75,2,116.82187128067017
3203,4.6000000000000005,3,116.85067653656006
3204,4.3,5,116.87948656082153
3205,4.3,5,116.91052556037903
3206,4.9,1,116.93522429466248
3207,-1.75,15,116.9834098815918
3208,4.6000000000000005,3,117.01236605644226
3209,4.449999999999999,4,117.04070734977722
3210,4.449999999999999,4,117.07206511497498
3211,4.15,6,117.10545659065247
3212,4.15,6,117.14056730270386
3213,3.6999999999999997,9,117.17813658714294
3214,4.0,7,117.2072765827179
3215,3.85,8,117.24147963523865
3216,4.449999999999999,4,117.27014756202698
3217,-3.15,4,117.29723715782166
3218,4.0,7,117.33157253265381
3219,4.15,6,117.36228013038635
3220,3.85,8,117.39656233787537
3221,-3.05,2,117.4190616607666
3222,-3.4,9,117.45928621292114
3223,-1.75,15,117.50908160209656
3224,4.3,5,117.54346776008606
3225,-3.25,6,117.57440280914307
3226,-3.05,2,117.60658359527588
3227,3.85,8,117.64385223388672
3228,4.15,6,117.67594933509827
3229,3.6999999999999997,9,117.71111702919006
3230,4.6000000000000005,3,117.9105658531189
3231,4.15,6,117.94520735740662
3232,4.449999999999999,4,117.97529006004333
3233,4.6000000000000005,3,118.01292109489441
3234,-1.75,15,118.05635404586792
3235,4.15,6,118.09103846549988
3236,3.55,10,118.12756872177124
3237,-3.1,3,118.15429091453552
3238,3.1,13,118.19507026672363
3239,3.6999999999999997,9,118.23107886314392
3240,4.75,2,118.25916481018066
3241,4.6000000000000005,3,118.28481411933899
3242,3.4,11,118.32261228561401
3243,4.449999999999999,4,118.34905934333801
3244,4.0,7,118.37796902656555
3245,-1.75,15,118.41733717918396
3246,3.6999999999999997,9,118.45073318481445
3247,4.0,7,118.48473167419434
3248,3.55,10,118.52136206626892
3249,4.75,2,118.54729676246643
3250,4.15,6,118.58066010475159
3251,4.0,7,118.60969257354736
3252,4.15,6,118.6404037475586
3253,-1.75,15,118.6820228099823
3254,-1.75,15,118.72727918624878
3255,4.3,5,118.75597667694092
3256,4.449999999999999,4,118.7915210723877
3257,4.6000000000000005,3,118.81961822509766
3258,4.3,5,118.84711694717407
3259,3.25,12,118.88830924034119
3260,4.449999999999999,4,118.91710162162781
3261,4.75,2,118.94325876235962
3262,4.449999999999999,4,118.96804213523865
3263,4.3,5,118.99660086631775
3264,4.0,7,119.03386545181274
3265,3.4,11,119.07416439056396
3266,4.449999999999999,4,119.10349559783936
3267,4.3,5,119.29758739471436
3268,4.449999999999999,4,119.33586502075195
3269,4.0,7,119.3768081665039
3270,4.6000000000000005,3,119.40744853019714
3271,4.6000000000000005,3,119.43942713737488
3272,4.3,5,119.47431755065918
3273,-1.75,15,119.51739883422852
3274,-3.2,5,119.54980659484863
3275,-3.15,4,119.58333349227905
3276,4.3,5,119.61350297927856
3277,4.75,2,119.63653635978699
3278,4.15,6,119.66317701339722
3279,4.449999999999999,4,119.69169020652771
3280,4.449999999999999,4,119.72005724906921
3281,4.0,7,119.74919772148132
3282,4.3,5,119.77586126327515
3283,-3.1,3,119.80141925811768
3284,4.3,5,119.82735419273376
3285,-1.75,15,119.87110662460327
3286,4.0,7,119.91023206710815
3287,4.3,5,119.9445743560791
3288,4.3,5,119.97225952148438
3289,4.3,5,120.0014135837555
3290,4.449999999999999,4,120.03307390213013
3291,3.6999999999999997,9,120.0682315826416
3292,-1.75,15,120.10985469818115
3293,3.4,11,120.14837527275085
3294,-1.75,15,120.19660544395447
3295,3.6999999999999997,9,120.23304390907288
3296,4.3,5,120.26434421539307
3297,4.3,5,120.29510188102722
3298,4.449999999999999,4,120.32605314254761
3299,3.25,12,120.3660056591034
3300,4.3,5,120.39597511291504
3301,4.0,7,120.42926335334778
3302,4.9,1,120.4497971534729
3303,4.449999999999999,4,120.47966504096985
3304,4.15,6,120.50802230834961
3305,-3.05,2,120.53815650939941
3306,4.449999999999999,4,120.56572771072388
3307,3.55,10,120.60307741165161
3308,4.3,5,120.78117966651917
3309,3.6999999999999997,9,120.82174634933472
3310,-3.1,3,120.85458064079285
3311,4.75,2,120.88041710853577
3312,4.15,6,120.91516995429993
3313,3.25,12,120.96344470977783
3314,-1.75,15,121.01059246063232
3315,-3.15,4,121.04630494117737
3316,3.85,8,121.08812475204468
3317,4.75,2,121.11691951751709
3318,4.6000000000000005,3,121.14649653434753
3319,-3.25,6,121.18423175811768
3320,4.3,5,121.22014284133911
3321,4.0,7,121.2611985206604
3322,-1.75,15,121.31508326530457
3323,3.4,11,121.36362409591675
3324,3.1,13,121.41128373146057
3325,4.15,6,121.4443850517273
3326,3.85,8,121.47946119308472
3327,3.25,12,121.52316164970398
3328,4.449999999999999,4,121.55165719985962
3329,-1.75,15,121.59682631492615
3330,4.9,1,121.62284207344055
3331,3.6999999999999997,9,121.66069746017456
3332,4.15,6,121.69016981124878
3333,-1.75,15,121.74088072776794
3334,4.6000000000000005,3,121.7710382938385
3335,4.6000000000000005,3,121.80074954032898
3336,4.0,7,121.83486914634705
3337,4.75,2,121.86245131492615
3338,-1.75,15,121.90846657752991
3339,4.3,5,121.93639636039734
3340,4.75,2,121.96156454086304
3341,4.15,6,121.99579167366028
3342,4.15,6,122.02676367759705
3343,4.449999999999999,4,122.05802655220032
3344,-1.75,15,122.26797151565552
3345,3.85,8,122.30056357383728
3346,4.0,7,122.33661389350891
3347,4.3,5,122.36759328842163
3348,4.75,2,122.39773058891296
3349,4.449999999999999,4,122.42997670173645
3350,3.85,8,122.47009062767029
3351,4.3,5,122.50260972976685
3352,-3.05,2,122.52866983413696
3353,4.75,2,122.55484557151794
3354,4.15,6,122.58585977554321
3355,4.0,7,122.62338328361511
3356,4.449999999999999,4,122.6566572189331
3357,4.75,2,122.68182945251465
3358,3.85,8,122.72339582443237
3359,4.3,5,122.75642848014832
3360,3.6999999999999997,9,122.79931640625
3361,-1.75,15,122.85370874404907
3362,4.449999999999999,4,122.88790988922119
3363,4.0,7,122.92024445533752
3364,4.75,2,122.94549369812012
3365,-3.3,7,122.974942445755
3366,3.4,11,123.02135157585144
3367,4.15,6,123.0535774230957
3368,4.75,2,123.07910060882568
3369,-1.75,15,123.13262820243835
3370,4.0,7,123.17676281929016
3371,3.55,10,123.21602725982666
3372,3.4,11,123.25252890586853
3373,4.6000000000000005,3,123.27853012084961
3374,4.3,5,123.31031394004822
3375,4.6000000000000005,3,123.3367006778717
3376,4.449999999999999,4,123.36256504058838
3377,4.6000000000000005,3,123.38719630241394
3378,4.15,6,123.41499400138855
3379,4.9,1,123.44007706642151
3380,4.449999999999999,4,123.46839427947998
3381,4.75,2,123.49377250671387
3382,3.85,8,123.52831411361694
3383,4.449999999999999,4,123.55905723571777
3384,-3.05,2,123.58462572097778
3385,3.85,8,123.62000012397766
3386,3.4,11,123.8036105632782
3387,4.449999999999999,4,123.83525013923645
3388,4.15,6,123.869877576828
3389,4.75,2,123.8959789276123
3390,4.449999999999999,4,123.92827677726746
3391,4.3,5,123.9599084854126
3392,4.3,5,123.9959454536438
3393,4.15,6,124.03640103340149
3394,4.0,7,124.07282757759094
3395,3.55,10,124.12067174911499
3396,-3.2,5,124.15656447410583
3397,4.9,1,124.18431258201599
3398,4.75,2,124.21556329727173
3399,4.15,6,124.24812126159668
3400,-1.75,15,124.29505896568298
3401,4.15,6,124.32994890213013
3402,4.15,6,124.36518454551697
3403,3.55,10,124.4096953868866
3404,4.449999999999999,4,124.4404513835907
3405,4.449999999999999,4,124.4719398021698
3406,4.6000000000000005,3,124.49821281433105
3407,4.6000000000000005,3,124.53068923950195
3408,-3.05,2,124.56189465522766
3409,4.6000000000000005,3,124.59398126602173
3410,4.449999999999999,4,124.62729382514954
3411,4.0,7,124.67442584037781
3412,3.4,11,124.71918201446533
3413,4.15,6,124.75081419944763
3414,3.6999999999999997,9,124.78549122810364
3415,4.75,2,124.81357073783875
3416,-1.75,15,124.85944056510925
3417,3.85,8,124.89980053901672
3418,4.75,2,124.92721676826477
3419,4.6000000000000005,3,124.95749402046204
3420,-3.55,12,125.00033712387085
3421,3.85,8,125.03876662254333
3422,4.9,1,125.06403088569641
3423,3.4,11,125.10740065574646
3424,4.15,6,125.13973093032837
3425,4.449999999999999,4,125.17008876800537
3426,4.0,7,125.2023651599884
3427,4.6000000000000005,3,125.22739863395691
3428,4.449999999999999,4,125.25580358505249
3429,4.15,6,125.28984761238098
3430,-3.6,13,125.51601243019104
3431,4.6000000000000005,3,125.54586863517761
3432,4.15,6,125.57913732528687
3433,4.15,6,125.61126780509949
3434,4.0,7,125.64424395561218
3435,4.6000000000000005,3,125.67031002044678
3436,4.6000000000000005,3,125.69755816459656
3437,4.449999999999999,4,125.73505020141602
3438,4.15,6,125.77460932731628
3439,3.85,8,125.81383347511292
3440,3.55,10,125.85182785987854
3441,3.25,12,125.89300084114075
3442,4.9,1,125.91363525390625
3443,3.85,8,125.94785952568054
3444,4.75,2,125.97452139854431
3445,4.15,6,126.00427341461182
3446,3.85,8,126.04540371894836
3447,4.0,7,126.08035612106323
3448,4.75,2,126.10899114608765
3449,4.75,2,126.13560628890991
3450,4.0,7,126.16791939735413
3451,3.6999999999999997,9,126.20690488815308
3452,4.449999999999999,4,126.23821234703064
3453,4.449999999999999,4,126.26672577857971
3454,3.25,12,126.30546307563782
3455,4.0,7,126.33969759941101
3456,3.4,11,126.37462544441223
3457,4.6000000000000005,3,126.4016273021698
3458,4.449999999999999,4,126.4280276298523
3459,4.3,5,126.46142745018005
3460,3.6999999999999997,9,126.49727201461792
3461,4.0,7,126.53767466545105
3462,-3.35,8,126.57904815673828
3463,3.4,11,126.61576437950134
3464,3.25,12,126.65524196624756
3465,4.3,5,126.68547630310059
3466,4.6000000000000005,3,126.71091866493225
3467,-1.75,15,126.75150799751282
3468,4.15,6,126.78349471092224
3469,4.449999999999999,4,126.97961902618408
3470,4.3,5,127.01345634460449
3471,4.6000000000000005,3,127.04002451896667
3472,4.449999999999999,4,127.07280659675598
3473,4.449999999999999,4,127.10189199447632
3474,4.6000000000000005,3,127.13020706176758
3475,4.75,2,127.15776133537292
3476,3.85,8,127.2011706829071
3477,4.449999999999999,4,127.22972655296326
3478,4.15,6,127.2654435634613
3479,3.6999999999999997,9,127.3080632686615
3480,-1.75,15,127.35836291313171
3481,4.0,7,127.39323711395264
3482,3.1,13,127.44443488121033
3483,3.4,11,127.4873366355896
3484,4.3,5,127.51364231109619
3485,4.449999999999999,4,127.54209017753601
3486,3.4,11,127.578364610672
3487,4.15,6,127.607905626297
3488,4.15,6,127.6364860534668
3489,4.3,5,127.66468787193298
3490,4.0,7,127.69278764724731
3491,4.6000000000000005,3,127.71995282173157
3492,4.449999999999999,4,127.7454035282135
3493,4.6000000000000005,3,127.77359580993652
3494,3.4,11,127.81775999069214
3495,3.25,12,127.85902285575867
3496,4.0,7,127.89263534545898
3497,4.449999999999999,4,127.92114496231079
3498,4.3,5,127.95245146751404
3499,-1.75,15,127.99711394309998
3500,4.0,7,128.03237295150757
3501,4.15,6,128.06336998939514
3502,3.4,11,128.10007071495056
3503,4.15,6,128.12914037704468
3504,3.85,8,128.16587591171265
3505,4.15,6,128.19713306427002
3506,4.3,5,128.22966504096985
3507,4.3,5,128.40932369232178
3508,4.0,7,128.44694209098816
3509,4.9,1,128.47524189949036
3510,4.3,5,128.51172876358032
3511,4.0,7,128.55025959014893
3512,4.75,2,128.57876014709473
3513,4.75,2,128.6007583141327
3514,4.449999999999999,4,128.63100218772888
3515,4.75,2,128.6532096862793
3516,3.85,8,128.68509125709534
3517,4.449999999999999,4,128.71010041236877
3518,4.449999999999999,4,128.73828053474426
3519,4.6000000000000005,3,128.77085876464844
3520,4.75,2,128.79871106147766
3521,4.449999999999999,4,128.833735704422
3522,4.6000000000000005,3,128.869482755661
3523,4.449999999999999,4,128.90479946136475
3524,3.85,8,128.94290232658386
3525,4.6000000000000005,3,128.97111129760742
3526,3.85,8,129.0078148841858
3527,4.0,7,129.0460171699524
3528,4.449999999999999,4,129.0766520500183
3529,3.85,8,129.11660242080688
3530,3.85,8,129.15205907821655
3531,3.85,8,129.18726015090942
3532,4.6000000000000005,3,129.21126627922058
3533,4.6000000000000005,3,129.23883962631226
3534,-3.5,11,129.2796061038971
3535,-3.65,14,129.32159876823425
3536,4.15,6,129.35163474082947
3537,4.6000000000000005,3,129.37825775146484
3538,4.6000000000000005,3,129.40810918807983
3539,4.15,6,129.43695497512817
3540,3.4,11,129.475341796875
3541,4.15,6,129.50391960144043
3542,3.85,8,129.54032468795776
3543,4.0,7,129.57810497283936
3544,3.25,12,129.6216766834259
3545,4.6000000000000005,3,129.64975833892822
3546,4.9,1,129.67209839820862
3547,3.6999999999999997,9,129.7058928012848
3548,3.55,10,129.74129176139832
3549,4.449999999999999,4,129.76837968826294
3550,-1.75,15,129.81254959106445
3551,3.85,8,129.9876847267151
3552,-3.7,15,130.03303337097168
3553,4.6000000000000005,3,130.05804657936096
3554,4.3,5,130.09608721733093
3555,4.75,2,130.12167525291443
3556,4.6000000000000005,3,130.14686799049377
3557,4.3,5,130.17707538604736
3558,3.85,8,130.21223855018616
3559,4.75,2,130.24044752120972
3560,3.6999999999999997,9,130.27762413024902
3561,3.55,10,130.32183694839478
3562,4.0,7,130.3575267791748
3563,4.0,7,130.39146614074707
3564,4.75,2,130.42480373382568
3565,4.3,5,130.46530842781067
3566,4.15,6,130.50389575958252
3567,4.3,5,130.54251527786255
3568,4.6000000000000005,3,130.58147501945496
3569,4.3,5,130.62056422233582
3570,-3.35,8,130.66328263282776
3571,4.6000000000000005,3,130.69528913497925
3572,4.75,2,130.7260491847992
3573,-3.15,4,130.7581503391266
3574,4.449999999999999,4,130.7920892238617
3575,4.0,7,130.82766842842102
3576,4.15,6,130.8602635860443
3577,-1.75,15,130.9017515182495
3578,3.85,8,130.93552017211914
3579,4.6000000000000005,3,130.96466636657715
3580,4.9,1,130.99275422096252
3581,4.15,6,131.0199363231659
3582,4.15,6,131.05041098594666
3583,4.0,7,131.0852358341217
3584,3.6999999999999997,9,131.1214394569397
3585,3.4,11,131.16472911834717
3586,4.3,5,131.2039132118225
3587,4.3,5,131.24304819107056
3588,4.3,5,131.28264904022217
3589,4.75,2,131.31424260139465
3590,3.85,8,131.353577375412
3591,4.449999999999999,4,131.38872814178467
3592,-1.75,15,131.4317021369934
3593,4.15,6,131.6159439086914
3594,3.55,10,131.65374732017517
3595,4.3,5,131.6842601299286
3596,4.3,5,131.71130919456482
3597,4.6000000000000005,3,131.73916935920715
3598,3.85,8,131.78134417533875
3599,4.0,7,131.81732988357544
3600,3.6999999999999997,9,131.86503505706787
3601,3.55,10,131.90206575393677
3602,3.6999999999999997,9,131.94392728805542
3603,4.0,7,131.9788691997528
3604,3.55,10,132.02611017227173
3605,4.3,5,132.05799269676208
3606,3.6999999999999997,9,132.0936484336853
3607,4.449999999999999,4,132.12028670310974
3608,4.15,6,132.15233993530273
3609,4.9,1,132.17437100410461
3610,4.9,1,132.19531869888306
3611,4.6000000000000005,3,132.22114157676697
3612,3.4,11,132.2636706829071
3613,4.15,6,132.29519963264465
3614,4.0,7,132.32852864265442
3615,4.3,5,132.35643458366394
3616,4.6000000000000005,3,132.38159608840942
3617,-3.45,10,132.42252659797668
3618,-1.75,15,132.46718978881836
3619,3.55,10,132.5060555934906
3620,3.85,8,132.53675723075867
3621,4.449999999999999,4,132.56357383728027
3622,-1.75,15,132.6058452129364
3623,4.15,6,132.63524198532104
3624,-1.75,15,132.67925548553467
3625,4.6000000000000005,3,132.7081925868988
3626,4.6000000000000005,3,132.73707747459412
3627,4.15,6,132.77376079559326
3628,4.3,5,132.8035547733307
3629,4.449999999999999,4,132.82963705062866
3630,4.9,1,132.85283255577087
3631,3.6999999999999997,9,133.02204585075378
3632,4.6000000000000005,3,133.05058121681213
3633,4.75,2,133.07638502120972
3634,4.3,5,133.1076455116272
3635,4.449999999999999,4,133.14065647125244
3636,3.55,10,133.18107748031616
3637,4.15,6,133.21070432662964
3638,3.85,8,133.2503764629364
3639,4.449999999999999,4,133.27778887748718
3640,3.6999999999999997,9,133.3161108493805
3641,4.15,6,133.34771943092346
3642,4.6000000000000005,3,133.37914323806763
3643,3.55,10,133.41877794265747
3644,3.4,11,133.4587254524231
3645,4.75,2,133.49081349372864
3646,4.15,6,133.52749156951904
3647,3.6999999999999997,9,133.56938457489014
3648,4.3,5,133.60074257850647
3649,3.55,10,133.64638113975525
3650,4.6000000000000005,3,133.67793893814087
3651,-1.75,15,133.72267174720764
3652,4.0,7,133.75719118118286
3653,4.449999999999999,4,133.7859184741974
3654,4.6000000000000005,3,133.81108689308167
3655,4.15,6,133.84433960914612
3656,-3.15,4,133.87226963043213
3657,-3.05,2,133.89552664756775
3658,3.55,10,133.92976832389832
3659,4.15,6,133.96290040016174
3660,4.449999999999999,4,133.99655556678772
3661,3.4,11,134.04071712493896
3662,3.55,10,134.0761260986328
3663,4.0,7,134.11175560951233
3664,4.6000000000000005,3,134.1400921344757
3665,4.0,7,134.17719507217407
3666,3.6999999999999997,9,134.2110674381256
3667,4.6000000000000005,3,134.23768258094788
3668,4.75,2,134.26287722587585
3669,4.15,6,134.29758548736572
3670,3.6999999999999997,9,134.34059405326843
3671,4.449999999999999,4,134.37033772468567
3672,4.3,5,134.39564538002014
3673,-3.6,13,134.61342215538025
3674,4.6000000000000005,3,134.63774251937866
3675,4.0,7,134.67048978805542
3676,4.6000000000000005,3,134.69451665878296
3677,3.55,10,134.7355899810791
3678,-3.55,12,134.77903580665588
3679,4.75,2,134.80778098106384
3680,4.449999999999999,4,134.83911514282227
3681,4.9,1,134.863520860672
3682,4.75,2,134.893723487854
3683,4.0,7,134.93077874183655
3684,3.6999999999999997,9,134.9692406654358
3685,4.3,5,135.00614428520203
3686,4.3,5,135.04421734809875
3687,4.449999999999999,4,135.074316740036
3688,4.75,2,135.10315608978271
3689,4.6000000000000005,3,135.13082599639893
3690,4.0,7,135.16602659225464
3691,4.0,7,135.19891905784607
3692,-1.75,15,135.2454125881195
3693,3.6999999999999997,9,135.282963514328
3694,4.3,5,135.31158757209778
3695,3.55,10,135.35938787460327
3696,4.15,6,135.3910939693451
3697,3.4,11,135.42539954185486
3698,4.449999999999999,4,135.4529926776886
3699,3.4,11,135.48830389976501
3700,4.15,6,135.51906895637512
3701,4.0,7,135.5530161857605
3702,4.75,2,135.57644820213318
3703,4.449999999999999,4,135.60565400123596
3704,3.55,10,135.643728017807
3705,-1.75,15,135.68598079681396
3706,4.3,5,135.7151277065277
3707,4.6000000000000005,3,135.74098753929138
3708,3.55,10,135.7845413684845
3709,4.3,5,135.81255722045898
3710,4.449999999999999,4,135.84137296676636
3711,4.6000000000000005,3,135.8680064678192
3712,-1.75,15,136.06651830673218
3713,-3.6,13,136.11257433891296
3714,3.6999999999999997,9,136.1468276977539
3715,4.75,2,136.17319321632385
3716,4.6000000000000005,3,136.20096921920776
3717,4.15,6,136.24244570732117
3718,4.6000000000000005,3,136.27737426757812
3719,4.449999999999999,4,136.30730032920837
3720,4.449999999999999,4,136.33776831626892
3721,-1.75,15,136.38081192970276
3722,3.85,8,136.4212372303009
3723,4.75,2,136.45384454727173
3724,3.85,8,136.48908352851868
3725,4.0,7,136.52788615226746
3726,4.15,6,136.56256246566772
3727,3.85,8,136.60587191581726
3728,3.55,10,136.64244556427002
3729,4.6000000000000005,3,136.66839385032654
3730,4.449999999999999,4,136.69460821151733
3731,4.6000000000000005,3,136.72222471237183
3732,4.15,6,136.7537546157837
3733,3.4,11,136.79383850097656
3734,4.75,2,136.82693886756897
3735,4.3,5,136.8591763973236
3736,3.55,10,136.90082573890686
3737,-3.05,2,136.92711305618286
3738,-1.75,15,136.96969985961914
3739,4.449999999999999,4,137.00431990623474
3740,4.449999999999999,4,137.03111863136292
3741,4.3,5,137.06059670448303
3742,3.85,8,137.09957337379456
3743,4.6000000000000005,3,137.1340262889862
3744,-1.75,15,137.17732071876526
3745,4.3,5,137.20480966567993
3746,3.4,11,137.24427938461304
3747,3.55,10,137.27924060821533
3748,4.449999999999999,4,137.3089714050293
3749,4.449999999999999,4,137.3367567062378
3750,4.449999999999999,4,137.36272358894348
3751,3.4,11,137.53323078155518
3752,4.15,6,137.563707113266
3753,3.6999999999999997,9,137.59805846214294
3754,4.75,2,137.62473487854004
3755,4.15,6,137.6559190750122
3756,4.0,7,137.6871795654297
3757,4.75,2,137.7089147567749
3758,4.15,6,137.73897051811218
3759,-3.65,14,137.78886365890503
3760,4.75,2,137.81727027893066
3761,3.6999999999999997,9,137.85504603385925
3762,4.15,6,137.88830661773682
3763,4.6000000000000005,3,137.9162459373474
3764,4.75,2,137.94684290885925
3765,4.75,2,137.97417092323303
3766,3.55,10,138.02030110359192
3767,4.449999999999999,4,138.05289340019226
3768,-1.75,15,138.1033012866974
3769,4.0,7,138.14068865776062
3770,4.15,6,138.17836928367615
3771,4.6000000000000005,3,138.20698070526123
3772,4.449999999999999,4,138.23563742637634
3773,3.6999999999999997,9,138.28400564193726
3774,4.15,6,138.32155466079712
3775,3.55,10,138.3628695011139
3776,4.449999999999999,4,138.39736342430115
3777,3.55,10,138.44204473495483
3778,-3.15,4,138.47800540924072
3779,4.6000000000000005,3,138.5093047618866
3780,4.449999999999999,4,138.53829503059387
3781,4.75,2,138.56708192825317
3782,4.3,5,138.59625387191772
3783,3.6999999999999997,9,138.63966917991638
3784,4.0,7,138.67292523384094
3785,4.15,6,138.70249795913696
3786,4.0,7,138.73652410507202
3787,4.6000000000000005,3,138.76916027069092
3788,3.6999999999999997,9,138.80259346961975
3789,-3.2,5,138.83664989471436
3790,4.75,2,138.87039875984192
3791,4.3,5,138.90503215789795
3792,4.449999999999999,4,138.934818983078
3793,3.55,10,139.1170048713684
3794,4.449999999999999,4,139.1441011428833
3795,3.55,10,139.1801028251648
3796,4.3,5,139.20792818069458
3797,3.85,8,139.2396945953369
3798,4.6000000000000005,3,139.2677972316742
3799,4.449999999999999,4,139.2935173511505
3800,4.0,7,139.33283495903015
3801,3.55,10,139.37228846549988
3802,3.85,8,139.40796947479248
3803,4.3,5,139.43738722801208
3804,3.55,10,139.47359609603882
3805,3.85,8,139.50849080085754
3806,4.75,2,139.5358476638794
3807,4.449999999999999,4,139.5666151046753
3808,4.449999999999999,4,139.59866738319397
3809,3.55,10,139.6353816986084
3810,3.85,8,139.6721715927124
3811,4.0,7,139.70697331428528
3812,4.75,2,139.73788952827454
3813,3.55,10,139.77897787094116
3814,4.15,6,139.81150674819946
3815,4.449999999999999,4,139.84044218063354
3816,3.6999999999999997,9,139.87831592559814
3817,3.4,11,139.92214107513428
3818,4.0,7,139.95782470703125
3819,-3.5,11,140.00126552581787
3820,4.449999999999999,4,140.0344271659851
3821,4.3,5,140.06697010993958
3822,-3.4,9,140.10054421424866
3823,-3.0,1,140.12625789642334
3824,4.3,5,140.15811157226562
3825,4.6000000000000005,3,140.17898869514465
3826,4.6000000000000005,3,140.207013130188
3827,4.6000000000000005,3,140.23123812675476
3828,4.0,7,140.26249361038208
3829,4.6000000000000005,3,140.2906289100647
3830,4.3,5,140.3231647014618
3831,4.449999999999999,4,140.35797142982483
3832,-3.15,4,140.3860113620758
3833,4.449999999999999,4,140.4133083820343
3834,-3.4,9,140.45261573791504
3835,3.6999999999999997,9,140.62924218177795
3836,4.15,6,140.66196846961975
3837,4.6000000000000005,3,140.6927490234375
3838,4.449999999999999,4,140.72439217567444
3839,4.0,7,140.75898265838623
3840,4.15,6,140.79472970962524
3841,4.449999999999999,4,140.82499432563782
3842,4.75,2,140.85027647018433
3843,4.3,5,140.88461327552795
3844,4.6000000000000005,3,140.91173911094666
3845,4.449999999999999,4,140.94198656082153
3846,4.6000000000000005,3,140.96905493736267
3847,-1.75,15,141.01417422294617
3848,3.25,12,141.0553102493286
3849,3.6999999999999997,9,141.0886435508728
3850,4.15,6,141.1227366924286
3851,4.0,7,141.16169333457947
3852,4.449999999999999,4,141.19779348373413
3853,4.6000000000000005,3,141.23019766807556
3854,4.75,2,141.25782680511475
3855,4.0,7,141.2947006225586
3856,4.15,6,141.32987141609192
3857,4.75,2,141.3597755432129
3858,4.0,7,141.40137219429016
3859,4.75,2,141.4303798675537
3860,4.3,5,141.46453404426575
3861,4.3,5,141.50178575515747
3862,4.6000000000000005,3,141.52899050712585
3863,4.449999999999999,4,141.56178784370422
3864,4.449999999999999,4,141.5938274860382
3865,-3.3,7,141.62394618988037
3866,4.75,2,141.653338432312
3867,3.4,11,141.68955373764038
3868,4.3,5,141.71426510810852
3869,3.6999999999999997,9,141.74724912643433
3870,4.15,6,141.77647471427917
3871,3.55,10,141.8109414577484
3872,3.6999999999999997,9,141.84699201583862
3873,4.3,5,141.8773214817047
3874,3.4,11,141.91933488845825
3875,4.0,7,141.9509255886078
3876,-3.3,7,141.98533010482788
3877,4.3,5,142.01708936691284
3878,3.55,10,142.19427275657654
3879,4.9,1,142.2154037952423
3880,4.449999999999999,4,142.24257922172546
3881,4.75,2,142.2698791027069
3882,3.6999999999999997,9,142.30781149864197
3883,4.6000000000000005,3,142.33647990226746
3884,3.4,11,142.372656583786
3885,4.449999999999999,4,142.40062165260315
3886,4.75,2,142.42410945892334
3887,4.6000000000000005,3,142.45258617401123
3888,3.6999999999999997,9,142.4962396621704
3889,-3.35,8,142.53357005119324
3890,4.6000000000000005,3,142.56131601333618
3891,4.0,7,142.5923855304718
3892,4.75,2,142.61489033699036
3893,4.449999999999999,4,142.64034509658813
3894,-3.65,14,142.68435549736023
3895,4.0,7,142.72266149520874
3896,-3.05,2,142.74838995933533
3897,4.449999999999999,4,142.7768201828003
3898,4.3,5,142.80968928337097
3899,4.449999999999999,4,142.84211611747742
3900,4.6000000000000005,3,142.8713128566742
3901,4.449999999999999,4,142.89911937713623
3902,3.55,10,142.94142508506775
3903,4.6000000000000005,3,142.97132420539856
3904,-3.2,5,143.00601625442505
3905,4.9,1,143.03430891036987
3906,-1.75,15,143.08554196357727
3907,3.85,8,143.12366247177124
3908,-3.0,1,143.14885067939758
3909,4.3,5,143.1813929080963
3910,4.449999999999999,4,143.21281337738037
3911,4.449999999999999,4,143.24195909500122
3912,3.4,11,143.28308749198914
3913,4.15,6,143.3131604194641
3914,-3.7,15,143.36129331588745
3915,3.55,10,143.40284204483032
3916,4.3,5,143.43133807182312
3917,4.6000000000000005,3,143.4591064453125
3918,4.3,5,143.48513412475586
3919,4.9,1,143.5091588497162
3920,4.0,7,143.53882694244385
3921,4.15,6,143.5701892375946
3922,4.6000000000000005,3,143.59510016441345
3923,4.449999999999999,4,143.62441229820251
3924,3.25,12,143.79647302627563
3925,4.15,6,143.82694339752197
3926,-1.75,15,143.87121558189392
3927,4.0,7,143.9057502746582
3928,3.25,12,143.94692468643188
3929,3.6999999999999997,9,143.98756861686707
3930,4.0,7,144.02464389801025
3931,4.449999999999999,4,144.04959392547607
3932,4.6000000000000005,3,144.07589316368103
3933,3.55,10,144.11245465278625
3934,3.4,11,144.1530385017395
3935,4.0,7,144.18724274635315
3936,4.449999999999999,4,144.21098566055298
3937,3.4,11,144.25516438484192
3938,4.449999999999999,4,144.28177523612976
3939,4.6000000000000005,3,144.3099775314331
3940,4.3,5,144.34027314186096
3941,4.75,2,144.372300863266
3942,4.75,2,144.39754676818848
3943,3.4,11,144.43993639945984
3944,3.55,10,144.47923469543457
3945,4.15,6,144.51549863815308
3946,-3.7,15,144.56238555908203
3947,3.85,8,144.6058964729309
3948,4.75,2,144.64142990112305
3949,4.0,7,144.67545104026794
3950,4.3,5,144.71021151542664
3951,4.0,7,144.74478220939636
3952,4.3,5,144.7830286026001
3953,3.6999999999999997,9,144.82558465003967
3954,-3.2,5,144.85758447647095
3955,4.75,2,144.88461565971375
3956,4.15,6,144.91643023490906
3957,4.3,5,144.94549989700317
3958,4.75,2,144.9713454246521
3959,3.85,8,145.00508880615234
3960,4.15,6,145.04196906089783
3961,4.449999999999999,4,145.0727243423462
3962,4.15,6,145.10209155082703
3963,4.449999999999999,4,145.27789044380188
3964,4.449999999999999,4,145.30709624290466
3965,4.0,7,145.33902192115784
3966,4.449999999999999,4,145.37145566940308
3967,3.25,12,145.41349482536316
3968,4.75,2,145.43892645835876
3969,4.0,7,145.47387862205505
3970,3.6999999999999997,9,145.50630068778992
3971,4.3,5,145.5383641719818
3972,4.75,2,145.56322026252747
3973,4.15,6,145.591876745224
3974,4.6000000000000005,3,145.61709451675415
3975,4.6000000000000005,3,145.6426968574524
3976,4.0,7,145.6771171092987
3977,4.6000000000000005,3,145.70438981056213
3978,4.15,6,145.7330460548401
3979,4.449999999999999,4,145.7614870071411
3980,-3.65,14,145.80889248847961
3981,4.75,2,145.83952140808105
3982,3.85,8,145.87927961349487
3983,4.0,7,145.9192111492157
3984,3.25,12,145.9650526046753
3985,4.3,5,145.99517560005188
3986,4.15,6,146.03190302848816
3987,4.6000000000000005,3,146.06051111221313
3988,-1.75,15,146.10724425315857
3989,4.3,5,146.14161491394043
3990,3.85,8,146.18238925933838
3991,3.55,10,146.22668075561523
3992,4.6000000000000005,3,146.2547206878662
3993,4.449999999999999,4,146.28734803199768
3994,4.449999999999999,4,146.31618857383728
3995,-3.3,7,146.34907817840576
3996,4.15,6,146.3809299468994
3997,3.4,11,146.41934776306152
3998,4.15,6,146.45494174957275
3999,3.85,8,146.49616861343384
4000,4.3,5,146.52854084968567
4001,3.6999999999999997,9,146.56402921676636
4002,4.6000000000000005,3,146.58883118629456
4003,3.85,8,146.6232030391693
4004,4.3,5,146.80280303955078
4005,4.449999999999999,4,146.828777551651
4006,3.6999999999999997,9,146.86428570747375
4007,4.75,2,146.88856148719788
4008,4.6000000000000005,3,146.91249871253967
4009,3.25,12,146.9603021144867
4010,4.75,2,146.98281812667847
4011,-1.75,15,147.0295386314392
4012,4.75,2,147.05773282051086
4013,4.6000000000000005,3,147.08652067184448
4014,4.6000000000000005,3,147.1137683391571
4015,4.449999999999999,4,147.1457393169403
4016,4.75,2,147.17405009269714
4017,4.449999999999999,4,147.20326042175293
4018,4.15,6,147.23493814468384
4019,3.6999999999999997,9,147.2715709209442
4020,-1.75,15,147.3135483264923
4021,4.3,5,147.33982610702515
4022,4.15,6,147.37176609039307
4023,4.449999999999999,4,147.39799976348877
4024,4.15,6,147.4279100894928
4025,3.4,11,147.47148203849792
4026,3.6999999999999997,9,147.51108384132385
4027,4.6000000000000005,3,147.54092025756836
4028,3.55,10,147.58092737197876
4029,3.6999999999999997,9,147.62463402748108
4030,4.75,2,147.65373420715332
4031,4.449999999999999,4,147.68625664710999
4032,4.3,5,147.72681188583374
4033,4.6000000000000005,3,147.75838994979858
4034,-1.75,15,147.80919098854065
4035,4.75,2,147.83709001541138
4036,4.6000000000000005,3,147.87426590919495
4037,4.3,5,147.9055483341217
4038,4.3,5,147.94307827949524
4039,-1.75,15,147.99675059318542
4040,4.0,7,148.03571724891663
4041,4.0,7,148.0724139213562
4042,4.75,2,148.09764170646667
4043,4.15,6,148.13262128829956
4044,4.3,5,148.1668848991394
4045,4.15,6,148.198410987854
4046,4.6000000000000005,3,148.36827445030212
4047,-3.6,13,148.4115743637085
4048,4.6000000000000005,3,148.4420747756958
4049,4.15,6,148.47421956062317
4050,3.55,10,148.50918650627136
4051,-3.3,7,148.54230546951294
4052,-3.65,14,148.5859773159027
4053,4.0,7,148.62139701843262
4054,4.3,5,148.64978623390198
4055,4.3,5,148.6767885684967
4056,4.449999999999999,4,148.70196199417114
4057,4.15,6,148.73336911201477
4058,4.449999999999999,4,148.75788235664368
4059,4.3,5,148.78868126869202
4060,3.6999999999999997,9,148.82590675354004
4061,4.0,7,148.8604292869568
4062,4.0,7,148.89628076553345
4063,3.85,8,148.93127512931824
4064,3.6999999999999997,9,148.9723401069641
4065,3.4,11,149.01079297065735
4066,-3.35,8,149.05178999900818
4067,4.75,2,149.0767297744751
4068,4.6000000000000005,3,149.10360836982727
4069,-3.65,14,149.14748334884644
4070,4.75,2,149.1745765209198
4071,4.449999999999999,4,149.20807147026062
4072,4.6000000000000005,3,149.23493003845215
4073,4.449999999999999,4,149.2661509513855
4074,3.6999999999999997,9,149.30398845672607
4075,4.0,7,149.33574771881104
4076,4.15,6,149.36944460868835
4077,4.449999999999999,4,149.40334963798523
4078,4.449999999999999,4,149.43678832054138
4079,3.85,8,149.4775607585907
4080,3.85,8,149.5151755809784
4081,4.3,5,149.54457426071167
4082,4.449999999999999,4,149.57633757591248
4083,4.15,6,149.60761785507202
4084,3.85,8,149.64090394973755
4085,3.6999999999999997,9,149.81837010383606
4086,4.3,5,149.85133385658264
4087,4.449999999999999,4,149.8781397342682
4088,3.6999999999999997,9,149.91585421562195
4089,4.0,7,149.94471979141235
4090,4.0,7,149.97763395309448
4091,-3.25,6,150.0116481781006
4092,-1.75,15,150.06037068367004
4093,4.3,5,150.09803318977356
4094,4.0,7,150.13846158981323
4095,-3.7,15,150.18771314620972
4096,-3.45,10,150.22831201553345
4097,3.85,8,150.26381921768188
4098,3.25,12,150.31217122077942
4099,3.25,12,150.3614046573639
4100,4.0,7,150.3933184146881
4101,4.0,7,150.42723178863525
4102,3.6999999999999997,9,150.46733927726746
4103,3.6999999999999997,9,150.5007894039154
4104,4.6000000000000005,3,150.52838850021362
4105,4.449999999999999,4,150.56041312217712
4106,3.85,8,150.59709644317627
4107,3.25,12,150.64014220237732
4108,3.55,10,150.67776799201965
4109,4.15,6,150.7094371318817
4110,4.15,6,150.7482786178589
4111,3.85,8,150.78334021568298
4112,4.0,7,150.81517267227173
4113,4.0,7,150.85291719436646
4114,4.15,6,150.8860011100769
4115,4.3,5,150.91534805297852
4116,-1.75,15,150.9674777984619
4117,4.75,2,151.1532871723175
4118,4.75,2,151.17648434638977
4119,4.3,5,151.20966911315918
4120,4.3,5,151.24214124679565
4121,4.75,2,151.2652587890625
4122,-3.55,12,151.3070249557495
4123,4.449999999999999,4,151.34786891937256
4124,4.6000000000000005,3,151.37566375732422
4125,3.4,11,151.4185025691986
4126,4.449999999999999,4,151.44762802124023
4127,4.15,6,151.4797101020813
4128,4.75,2,151.50518131256104
4129,4.0,7,151.53479886054993
4130,4.6000000000000005,3,151.5567855834961
4131,4.75,2,151.57756328582764
4132,4.6000000000000005,3,151.6036787033081
4133,4.6000000000000005,3,151.63025069236755
4134,4.449999999999999,4,151.65453457832336
4135,4.449999999999999,4,151.68252635002136
4136,4.0,7,151.71251678466797
4137,4.3,5,151.73923778533936
4138,4.75,2,151.7675998210907
4139,3.55,10,151.80013275146484
4140,4.449999999999999,4,151.8267834186554
4141,4.15,6,151.85929656028748
4142,3.85,8,151.8937554359436
4143,4.75,2,151.91952085494995
4144,4.9,1,151.94074392318726
4145,4.75,2,151.96508049964905
4146,4.3,5,151.99176263809204
4147,3.55,10,152.0258822441101
4148,4.6000000000000005,3,152.0514907836914
4149,4.15,6,152.08263063430786
4150,4.3,5,152.1099452972412
4151,4.15,6,152.1430823802948
4152,3.6999999999999997,9,152.1834671497345
4153,4.75,2,152.21103382110596
4154,4.6000000000000005,3,152.24156713485718
4155,4.0,7,152.2727289199829
4156,3.6999999999999997,9,152.31448936462402
4157,4.3,5,152.34272384643555
4158,3.4,11,152.38592910766602
4159,4.0,7,152.43329095840454
4160,4.3,5,152.46829414367676
4161,4.0,7,152.50432777404785
4162,4.75,2,152.53456568717957
4163,3.85,8,152.5707106590271
4164,4.75,2,152.5968053340912
4165,4.449999999999999,4,152.6266782283783
4166,4.449999999999999,4,152.65538477897644
4167,4.0,7,152.8452444076538
4168,3.85,8,152.8783404827118
4169,4.6000000000000005,3,152.91069221496582
4170,3.55,10,152.95820593833923
4171,4.15,6,152.99957013130188
4172,4.449999999999999,4,153.0325779914856
4173,4.6000000000000005,3,153.05916237831116
4174,2.8,15,153.10259985923767
4175,3.4,11,153.1396017074585
4176,4.15,6,153.1694941520691
4177,4.15,6,153.20436334609985
4178,4.3,5,153.23821306228638
4179,3.85,8,153.2713840007782
4180,4.449999999999999,4,153.29641318321228
4181,4.449999999999999,4,153.331640958786
4182,4.3,5,153.3596522808075
4183,4.3,5,153.3937315940857
4184,4.15,6,153.42361450195312
4185,4.0,7,153.45633268356323
4186,-3.5,11,153.4991102218628
4187,-3.7,15,153.5418906211853
4188,3.55,10,153.58566093444824
4189,4.449999999999999,4,153.61558938026428
4190,-3.7,15,153.65604877471924
4191,4.3,5,153.68512773513794
4192,4.15,6,153.71775722503662
4193,3.6999999999999997,9,153.7499282360077
4194,4.3,5,153.77763414382935
4195,3.55,10,153.82530736923218
4196,3.25,12,153.87134099006653
4197,4.15,6,153.90140318870544
4198,3.1,13,153.94687294960022
4199,4.3,5,153.97803354263306
4200,4.449999999999999,4,154.00547075271606
4201,4.6000000000000005,3,154.03753685951233
4202,4.15,6,154.0697410106659
4203,4.3,5,154.27868366241455
4204,4.449999999999999,4,154.3066394329071
4205,4.15,6,154.3372447490692
4206,4.449999999999999,4,154.3638458251953
4207,4.75,2,154.39052867889404
4208,4.3,5,154.4207193851471
4209,-3.35,8,154.45520162582397
4210,4.449999999999999,4,154.48236870765686
4211,4.75,2,154.50896096229553
4212,4.0,7,154.5473449230194
4213,4.15,6,154.57975602149963
4214,3.85,8,154.6111376285553
4215,4.6000000000000005,3,154.63998699188232
4216,4.3,5,154.67141962051392
4217,3.55,10,154.7070243358612
4218,-3.65,14,154.7594437599182
4219,4.9,1,154.78527092933655
4220,4.6000000000000005,3,154.8136670589447
4221,4.0,7,154.8503065109253
4222,4.3,5,154.88180875778198
4223,3.6999999999999997,9,154.91825032234192
4224,4.75,2,154.94739437103271
4225,4.75,2,154.9773519039154
4226,4.15,6,155.0096333026886
4227,-3.6,13,155.05221223831177
4228,-3.65,14,155.0931224822998
4229,4.6000000000000005,3,155.12188339233398
4230,3.4,11,155.15935587882996
4231,-3.1,3,155.18468594551086
4232,4.449999999999999,4,155.21117496490479
4233,3.4,11,155.25477385520935
4234,4.0,7,155.29369497299194
4235,4.449999999999999,4,155.32636141777039
4236,4.3,5,155.3582181930542
4237,4.449999999999999,4,155.38787865638733
4238,-3.6,13,155.43533754348755
4239,4.0,7,155.47347402572632
4240,3.4,11,155.5272240638733
4241,4.15,6,155.56713604927063
4242,3.55,10,155.60640263557434
4243,-3.7,15,155.82139539718628
4244,4.75,2,155.8471450805664
4245,4.75,2,155.8719208240509
4246,4.449999999999999,4,155.90308713912964
4247,4.6000000000000005,3,155.92684936523438
4248,4.15,6,155.95881700515747
4249,4.3,5,155.99204325675964
4250,4.449999999999999,4,156.02354383468628
4251,-3.7,15,156.07265067100525
4252,4.449999999999999,4,156.1125841140747
4253,3.85,8,156.1511106491089
4254,4.6000000000000005,3,156.18099451065063
4255,4.15,6,156.21771693229675
4256,4.6000000000000005,3,156.25156354904175
4257,-3.6,13,156.30891942977905
4258,4.15,6,156.35124683380127
4259,4.75,2,156.38398671150208
4260,4.6000000000000005,3,156.41779971122742
4261,-3.65,14,156.47686219215393
4262,4.449999999999999,4,156.5058605670929
4263,4.6000000000000005,3,156.53606247901917
4264,4.3,5,156.56987404823303
4265,4.0,7,156.60001945495605
4266,4.6000000000000005,3,156.62554121017456
4267,4.6000000000000005,3,156.65129804611206
4268,-1.75,15,156.6925609111786
4269,4.3,5,156.7212781906128
4270,-3.6,13,156.75910353660583
4271,4.6000000000000005,3,156.7852623462677
4272,4.75,2,156.81259417533875
4273,3.6999999999999997,9,156.84930634498596
4274,4.75,2,156.87819409370422
4275,4.0,7,156.91125082969666
4276,4.75,2,156.93637442588806
4277,4.449999999999999,4,156.97513699531555
4278,4.449999999999999,4,157.00548434257507
4279,3.25,12,157.05039811134338
4280,4.6000000000000005,3,157.08429789543152
4281,4.75,2,157.11333417892456
4282,4.0,7,157.15236139297485
4283,3.85,8,157.19152307510376
4284,3.55,10,157.23305702209473
4285,-3.7,15,157.4520173072815
4286,-3.55,12,157.4908640384674
4287,4.449999999999999,4,157.52788162231445
4288,3.55,10,157.56413650512695
4289,4.3,5,157.59079957008362
4290,4.15,6,157.6208839416504
4291,4.75,2,157.64294457435608
4292,3.55,10,157.6760377883911
4293,4.449999999999999,4,157.70423650741577
4294,4.3,5,157.73182606697083
4295,4.6000000000000005,3,157.758309841156
4296,4.15,6,157.78802180290222
4297,-3.6,13,157.82530450820923
4298,3.25,12,157.8736596107483
4299,4.449999999999999,4,157.9095687866211
4300,3.85,8,157.95550513267517
4301,3.85,8,157.9945867061615
4302,4.6000000000000005,3,158.02614092826843
4303,4.449999999999999,4,158.05991888046265
4304,4.6000000000000005,3,158.08861923217773
4305,4.449999999999999,4,158.12191653251648
4306,4.6000000000000005,3,158.1519365310669
4307,4.449999999999999,4,158.18445825576782
4308,4.15,6,158.21553659439087
4309,4.3,5,158.24348616600037
4310,3.85,8,158.27575778961182
4311,4.9,1,158.29884505271912
4312,4.6000000000000005,3,158.32299304008484
4313,3.4,11,158.36448884010315
4314,4.3,5,158.39188146591187
4315,4.15,6,158.42351126670837
4316,4.75,2,158.4471366405487
4317,4.6000000000000005,3,158.47514748573303
4318,4.6000000000000005,3,158.50297856330872
4319,4.0,7,158.53590965270996
4320,4.9,1,158.56518578529358
4321,-3.6,13,158.61822056770325
4322,3.6999999999999997,9,158.65888357162476
4323,3.6999999999999997,9,158.692458152771
4324,4.449999999999999,4,158.7221736907959
4325,3.6999999999999997,9,158.75991654396057
4326,4.6000000000000005,3,158.78886532783508
4327,4.75,2,158.816264629364
4328,4.449999999999999,4,158.8425588607788
4329,3.85,8,159.03119325637817
4330,4.6000000000000005,3,159.05602383613586
4331,3.55,10,159.0941686630249
4332,4.449999999999999,4,159.12254452705383
4333,4.449999999999999,4,159.14757704734802
4334,3.4,11,159.18345499038696
4335,4.15,6,159.2136571407318
4336,3.85,8,159.25287413597107
4337,4.15,6,159.28484296798706
4338,4.6000000000000005,3,159.31159043312073
4339,4.6000000000000005,3,159.33973479270935
4340,4.15,6,159.37176728248596
4341,4.9,1,159.40012431144714
4342,4.75,2,159.425274848938
4343,4.15,6,159.4669930934906
4344,4.15,6,159.5020842552185
4345,4.75,2,159.535640001297
4346,4.75,2,159.5667688846588
4347,3.55,10,159.6017439365387
4348,4.0,7,159.63319301605225
4349,3.85,8,159.66547513008118
4350,4.6000000000000005,3,159.69115948677063
4351,4.75,2,159.71761417388916
4352,4.0,7,159.74968814849854
4353,4.449999999999999,4,159.77870059013367
4354,4.3,5,159.80926060676575
4355,3.6999999999999997,9,159.84496116638184
4356,4.9,1,159.86719870567322
4357,4.449999999999999,4,159.89682054519653
4358,4.6000000000000005,3,159.92272782325745
4359,3.85,8,159.954332113266
4360,4.75,2,159.97795367240906
4361,3.55,10,160.0160472393036
4362,4.6000000000000005,3,160.0420160293579
4363,4.449999999999999,4,160.072674036026
4364,4.0,7,160.10901069641113
4365,4.15,6,160.1494743824005
4366,-3.7,15,160.19739055633545
4367,4.3,5,160.22700357437134
4368,4.0,7,160.2668957710266
4369,4.6000000000000005,3,160.29545140266418
4370,3.85,8,160.33505964279175
4371,4.449999999999999,4,160.36165404319763
4372,4.6000000000000005,3,160.38835215568542
4373,4.6000000000000005,3,160.41705012321472
4374,4.6000000000000005,3,160.45127606391907
4375,4.6000000000000005,3,160.47695875167847
4376,4.449999999999999,4,160.51262760162354
4377,4.449999999999999,4,160.54900002479553
4378,4.3,5,160.7327013015747
4379,4.15,6,160.76737809181213
4380,4.0,7,160.80265498161316
4381,4.449999999999999,4,160.83251857757568
4382,4.6000000000000005,3,160.85819602012634
4383,3.85,8,160.89216709136963
4384,4.449999999999999,4,160.92173767089844
4385,4.75,2,160.95085287094116
4386,4.6000000000000005,3,160.97935247421265
4387,4.15,6,161.01613640785217
4388,4.3,5,161.0459976196289
4389,4.6000000000000005,3,161.07354927062988
4390,4.15,6,161.11201190948486
4391,4.449999999999999,4,161.1418924331665
4392,4.15,6,161.1746644973755
4393,-3.45,10,161.21217489242554
4394,-3.6,13,161.2647635936737
4395,-3.4,9,161.30183815956116
4396,3.85,8,161.33775210380554
4397,4.3,5,161.36899495124817
4398,4.449999999999999,4,161.40582752227783
4399,-3.25,6,161.4369866847992
4400,4.6000000000000005,3,161.46720361709595
4401,4.0,7,161.5046727657318
4402,4.6000000000000005,3,161.5303316116333
4403,4.449999999999999,4,161.55772709846497
4404,4.449999999999999,4,161.59165740013123
4405,4.449999999999999,4,161.61848068237305
4406,3.6999999999999997,9,161.65343832969666
4407,4.6000000000000005,3,161.6834831237793
4408,4.0,7,161.71483898162842
4409,3.85,8,161.75539708137512
4410,4.3,5,161.78905773162842
4411,3.25,12,161.83184123039246
4412,4.6000000000000005,3,161.86286568641663
4413,4.6000000000000005,3,161.89799523353577
4414,4.3,5,161.93398141860962
4415,4.9,1,161.95901155471802
4416,4.449999999999999,4,161.9888048171997
4417,3.55,10,162.02809286117554
4418,4.0,7,162.06164693832397
4419,4.449999999999999,4,162.09570741653442
4420,-3.25,6,162.1308319568634
4421,4.449999999999999,4,162.15849328041077
4422,4.3,5,162.19532799720764
4423,3.4,11,162.3876883983612
4424,4.75,2,162.41617822647095
4425,4.15,6,162.44913911819458
4426,3.85,8,162.48277878761292
4427,4.15,6,162.51794028282166
4428,4.6000000000000005,3,162.54698085784912
4429,4.9,1,162.5719347000122
4430,4.3,5,162.6022756099701
4431,4.449999999999999,4,162.62635803222656
4432,4.15,6,162.65895318984985
4433,4.3,5,162.68963718414307
4434,4.75,2,162.71536111831665
4435,4.6000000000000005,3,162.7393193244934
4436,3.6999999999999997,9,162.7723789215088
4437,3.4,11,162.8102831840515
4438,4.15,6,162.84168434143066
4439,-3.25,6,162.8721523284912
4440,4.0,7,162.90449380874634
4441,4.15,6,162.9356062412262
4442,4.6000000000000005,3,162.9599769115448
4443,4.15,6,162.98895406723022
4444,-3.55,12,163.0262634754181
4445,4.15,6,163.05602860450745
4446,3.6999999999999997,9,163.0910234451294
4447,4.9,1,163.11596584320068
4448,4.449999999999999,4,163.14147877693176
4449,4.6000000000000005,3,163.17165327072144
4450,-3.65,14,163.21520113945007
4451,3.55,10,163.25945448875427
4452,4.449999999999999,4,163.28930354118347
4453,4.449999999999999,4,163.31872510910034
4454,-3.55,12,163.36197471618652
4455,3.85,8,163.39724254608154
4456,3.85,8,163.43290829658508
4457,4.15,6,163.46425318717957
4458,4.0,7,163.49978923797607
4459,4.15,6,163.52999591827393
4460,4.6000000000000005,3,163.556636095047
4461,4.6000000000000005,3,163.58386421203613
4462,4.6000000000000005,3,163.6076955795288
4463,-3.5,11,163.6508584022522
4464,3.55,10,163.68974471092224
4465,4.6000000000000005,3,163.71551871299744
4466,3.85,8,163.8842694759369
4467,3.85,8,163.91976976394653
4468,4.15,6,163.95841121673584
4469,4.0,7,163.9920301437378
4470,4.449999999999999,4,164.02293133735657
4471,3.55,10,164.0588881969452
4472,4.0,7,164.0915241241455
4473,4.3,5,164.12279605865479
4474,-3.65,14,164.1685357093811
4475,4.449999999999999,4,164.19469285011292
4476,4.75,2,164.22427678108215
4477,3.55,10,164.26593923568726
4478,4.15,6,164.29809665679932
4479,4.3,5,164.33330917358398
4480,3.6999999999999997,9,164.37418580055237
4481,4.3,5,164.41391944885254
4482,4.0,7,164.44529938697815
4483,3.85,8,164.47995853424072
4484,3.85,8,164.51304531097412
4485,4.449999999999999,4,164.55020833015442
4486,-3.65,14,164.59701085090637
4487,4.449999999999999,4,164.6284055709839
4488,3.55,10,164.66494941711426
4489,4.449999999999999,4,164.69160413742065
4490,4.75,2,164.71573281288147
4491,3.6999999999999997,9,164.75225520133972
4492,4.449999999999999,4,164.7789123058319
4493,4.449999999999999,4,164.81637120246887
4494,4.6000000000000005,3,164.84178042411804
4495,4.449999999999999,4,164.8719515800476
4496,4.449999999999999,4,164.9056658744812
4497,-3.35,8,164.94133496284485
4498,4.75,2,164.96841502189636
4499,-3.5,11,165.00802779197693
4500,4.449999999999999,4,165.0367147922516
4501,4.15,6,165.0708827972412
4502,4.0,7,165.10440516471863
4503,-3.65,14,165.15105962753296
4504,3.6999999999999997,9,165.35201454162598
4505,4.0,7,165.3821620941162
4506,4.449999999999999,4,165.40715408325195
4507,-3.65,14,165.44787526130676
4508,4.6000000000000005,3,165.47194075584412
4509,3.1,13,165.51540970802307
4510,4.6000000000000005,3,165.54093599319458
4511,4.449999999999999,4,165.5701093673706
4512,4.75,2,165.59284949302673
4513,4.449999999999999,4,165.6204686164856
4514,4.0,7,165.65758228302002
4515,4.75,2,165.68627047538757
4516,4.0,7,165.71730947494507
4517,4.6000000000000005,3,165.74091458320618
4518,4.0,7,165.7744653224945
4519,4.3,5,165.80464434623718
4520,-3.3,7,165.8374948501587
4521,4.6000000000000005,3,165.86592435836792
4522,4.75,2,165.89170813560486
4523,4.15,6,165.92081761360168
4524,4.75,2,165.94542598724365
4525,4.3,5,165.9744634628296
4526,-3.25,6,166.00645804405212
4527,4.9,1,166.0284924507141
4528,3.85,8,166.06224155426025
4529,-3.5,11,166.09946298599243
4530,4.0,7,166.1309425830841
4531,3.55,10,166.16715693473816
4532,4.15,6,166.19748854637146
4533,-3.45,10,166.23297095298767
4534,4.6000000000000005,3,166.26209020614624
4535,3.55,10,166.29781556129456
4536,4.6000000000000005,3,166.32699131965637
4537,4.75,2,166.35293436050415
4538,4.9,1,166.37692761421204
4539,4.6000000000000005,3,166.4049825668335
4540,4.0,7,166.43869423866272
4541,4.6000000000000005,3,166.46623253822327
4542,4.15,6,166.49833869934082
4543,-3.55,12,166.5400745868683
4544,4.449999999999999,4,166.57121300697327
4545,4.449999999999999,4,166.60098099708557
4546,3.25,12,166.65270972251892
4547,4.3,5,166.69058871269226
4548,4.3,5,166.72844862937927
4549,3.85,8,166.91361451148987
4550,4.6000000000000005,3,166.94189524650574
4551,4.449999999999999,4,166.9706027507782
4552,4.75,2,166.9990770816803
4553,-3.5,11,167.03588914871216
4554,3.55,10,167.07036519050598
4555,4.75,2,167.0967972278595
4556,4.75,2,167.12248301506042
4557,4.15,6,167.15243649482727
4558,-1.75,15,167.19674253463745
4559,4.3,5,167.22494339942932
4560,4.3,5,167.252525806427
4561,3.6999999999999997,9,167.28559017181396
4562,4.6000000000000005,3,167.31088519096375
4563,4.449999999999999,4,167.33932185173035
4564,4.449999999999999,4,167.37479424476624
4565,3.4,11,167.42232012748718
4566,4.3,5,167.45630359649658
4567,4.75,2,167.487211227417
4568,4.6000000000000005,3,167.5132393836975
4569,4.449999999999999,4,167.54196882247925
4570,4.6000000000000005,3,167.57135772705078
4571,4.6000000000000005,3,167.59515643119812
4572,4.0,7,167.6327624320984
4573,4.9,1,167.65637111663818
4574,4.15,6,167.6954107284546
4575,4.6000000000000005,3,167.72044849395752
4576,4.449999999999999,4,167.7500400543213
4577,4.449999999999999,4,167.77966976165771
4578,4.449999999999999,4,167.8094139099121
4579,4.3,5,167.83805298805237
4580,4.3,5,167.87264585494995
4581,4.3,5,167.90772914886475
4582,4.9,1,167.93640184402466
4583,3.55,10,167.980078458786
4584,4.0,7,168.01593708992004
4585,4.3,5,168.05241680145264
4586,4.6000000000000005,3,168.0827441215515
4587,3.55,10,168.1220188140869
4588,-3.6,13,168.17005920410156
4589,4.15,6,168.20505619049072
4590,4.75,2,168.23403906822205
4591,4.75,2,168.26379323005676
4592,4.3,5,168.29219341278076
4593,4.449999999999999,4,168.32035088539124
4594,4.15,6,168.3494598865509
4595,4.15,6,168.37879371643066
4596,3.6999999999999997,9,168.41405940055847
4597,3.85,8,168.5886480808258
4598,4.9,1,168.61319708824158
4599,4.3,5,168.6416974067688
4600,3.6999999999999997,9,168.67887926101685
4601,4.3,5,168.705060005188
4602,-3.35,8,168.7395703792572
4603,3.4,11,168.77884674072266
4604,4.15,6,168.8096363544464
4605,4.449999999999999,4,168.83838772773743
4606,3.4,11,168.88603281974792
4607,-3.6,13,168.92969751358032
4608,4.15,6,168.96600222587585
4609,4.3,5,169.00289177894592
4610,4.75,2,169.0384166240692
4611,4.3,5,169.07174968719482
4612,4.15,6,169.10043597221375
4613,-3.55,12,169.1467912197113
4614,4.3,5,169.17780780792236
4615,-3.45,10,169.2211949825287
4616,4.75,2,169.24785566329956
4617,-3.4,9,169.29141807556152
4618,4.3,5,169.32501816749573
4619,4.0,7,169.36450266838074
4620,3.85,8,169.40242528915405
4621,4.3,5,169.4353621006012
4622,4.3,5,169.46889114379883
4623,3.85,8,169.50085926055908
4624,4.0,7,169.5308759212494
4625,4.3,5,169.56046152114868
4626,4.15,6,169.593163728714
4627,4.3,5,169.6240177154541
4628,4.449999999999999,4,169.64990615844727
4629,4.6000000000000005,3,169.67885494232178
4630,4.6000000000000005,3,169.7148756980896
4631,4.6000000000000005,3,169.750834941864
4632,4.449999999999999,4,169.78088355064392
4633,4.6000000000000005,3,169.81459617614746
4634,4.6000000000000005,3,169.84535670280457
4635,-3.7,15,169.8897271156311
4636,4.3,5,169.9203827381134
4637,-3.35,8,169.95362091064453
4638,4.0,7,170.13587093353271
4639,4.9,1,170.15696549415588
4640,4.449999999999999,4,170.18704438209534
4641,4.0,7,170.22338843345642
4642,4.6000000000000005,3,170.25218677520752
4643,4.449999999999999,4,170.2828323841095
4644,4.75,2,170.3055968284607
4645,4.0,7,170.34128046035767
4646,4.3,5,170.36967992782593
4647,4.3,5,170.40202951431274
4648,4.449999999999999,4,170.4296464920044
4649,3.55,10,170.4679069519043
4650,4.75,2,170.49543523788452
4651,4.75,2,170.52003026008606
4652,4.75,2,170.55298280715942
4653,4.75,2,170.58036184310913
4654,4.75,2,170.60344123840332
4655,4.449999999999999,4,170.63083815574646
4656,4.15,6,170.65654039382935
4657,-3.6,13,170.69473791122437
4658,4.6000000000000005,3,170.72154784202576
4659,4.0,7,170.75137376785278
4660,3.6999999999999997,9,170.78633427619934
4661,3.25,12,170.83169770240784
4662,3.6999999999999997,9,170.86567759513855
4663,4.3,5,170.89703488349915
4664,-3.6,13,170.93709540367126
4665,4.3,5,170.9669225215912
4666,4.6000000000000005,3,170.98937249183655
4667,4.15,6,171.02651381492615
4668,4.15,6,171.06038093566895
4669,4.0,7,171.10006880760193
4670,4.15,6,171.13039112091064
4671,4.0,7,171.16153836250305
4672,4.75,2,171.1918215751648
4673,-3.6,13,171.2421052455902
4674,4.9,1,171.26937913894653
4675,3.85,8,171.31783938407898
4676,4.6000000000000005,3,171.34845995903015
4677,4.3,5,171.38447546958923
4678,4.3,5,171.4277982711792
4679,4.449999999999999,4,171.45751333236694
4680,-3.5,11,171.4998586177826
4681,4.449999999999999,4,171.5379331111908
4682,4.0,7,171.57728099822998
4683,3.6999999999999997,9,171.75197172164917
4684,4.3,5,171.78049182891846
4685,4.75,2,171.8051517009735
4686,4.449999999999999,4,171.83548617362976
4687,4.75,2,171.85881400108337
4688,4.6000000000000005,3,171.89127016067505
4689,4.6000000000000005,3,171.91841578483582
4690,4.3,5,171.94933414459229
4691,4.15,6,171.9791874885559
4692,4.75,2,172.00316834449768
4693,-1.75,15,172.04587411880493
4694,-3.6,13,172.08818864822388
4695,3.6999999999999997,9,172.12502551078796
4696,4.3,5,172.15417504310608
4697,4.6000000000000005,3,172.1781611442566
4698,4.449999999999999,4,172.20636701583862
4699,4.75,2,172.23480105400085
4700,4.15,6,172.26934838294983
4701,4.6000000000000005,3,172.294855594635
4702,3.25,12,172.3403778076172
4703,-3.6,13,172.38177299499512
4704,4.15,6,172.4096233844757
4705,4.0,7,172.44059085845947
4706,4.15,6,172.47002792358398
4707,4.0,7,172.5038139820099
4708,4.3,5,172.53395867347717
4709,4.15,6,172.56659269332886
4710,-3.2,5,172.59476041793823
4711,4.0,7,172.62986040115356
4712,3.6999999999999997,9,172.6682538986206
4713,4.3,5,172.69837427139282
4714,4.6000000000000005,3,172.7234218120575
4715,3.55,10,172.76254057884216
4716,4.3,5,172.79801082611084
4717,4.15,6,172.83265948295593
4718,3.85,8,172.87045407295227
4719,-3.5,11,172.9126694202423
4720,4.3,5,172.9431300163269
4721,3.4,11,172.9852421283722
4722,4.9,1,173.01118659973145
4723,4.449999999999999,4,173.0388240814209
4724,4.449999999999999,4,173.0692458152771
4725,4.75,2,173.09370279312134
4726,4.6000000000000005,3,173.1190104484558
4727,4.3,5,173.29914450645447
4728,4.449999999999999,4,173.3237373828888
4729,4.75,2,173.34869694709778
4730,4.449999999999999,4,173.37428212165833
4731,-3.4,9,173.40752482414246
4732,4.449999999999999,4,173.43409132957458
4733,4.449999999999999,4,173.46577143669128
4734,4.6000000000000005,3,173.49110293388367
4735,4.449999999999999,4,173.5211799144745
4736,3.55,10,173.55774688720703
4737,4.3,5,173.59107160568237
4738,4.3,5,173.61891555786133
4739,4.15,6,173.6489565372467
4740,4.449999999999999,4,173.6846888065338
4741,4.449999999999999,4,173.71652007102966
4742,4.3,5,173.74575209617615
4743,4.6000000000000005,3,173.7729103565216
4744,3.25,12,173.81522512435913
4745,4.3,5,173.84096813201904
4746,3.1,13,173.8804109096527
4747,4.75,2,173.9077169895172
4748,4.0,7,173.9389305114746
4749,4.449999999999999,4,173.96807885169983
4750,-3.65,14,174.00714373588562
4751,4.449999999999999,4,174.03903603553772
4752,4.15,6,174.07462215423584
4753,4.15,6,174.10703563690186
4754,3.6999999999999997,9,174.1415500640869
4755,4.75,2,174.16986846923828
4756,4.0,7,174.20054149627686
4757,3.85,8,174.24500679969788
4758,-3.45,10,174.29013085365295
4759,3.4,11,174.33654832839966
4760,4.6000000000000005,3,174.36706590652466
4761,4.6000000000000005,3,174.39842557907104
4762,3.85,8,174.43344736099243
4763,-3.45,10,174.4744222164154
4764,-3.65,14,174.52380537986755
4765,4.0,7,174.55556893348694
4766,4.0,7,174.58981370925903
4767,4.449999999999999,4,174.6230432987213
4768,-3.6,13,174.82871294021606
4769,4.6000000000000005,3,174.85482740402222
4770,4.6000000000000005,3,174.88457775115967
4771,4.75,2,174.9117729663849
4772,3.85,8,174.9469919204712
4773,4.15,6,174.9880337715149
4774,4.6000000000000005,3,175.0215675830841
4775,-1.75,15,175.06929349899292
4776,3.6999999999999997,9,175.10427951812744
4777,4.75,2,175.1299865245819
4778,-3.55,12,175.17223978042603
4779,3.85,8,175.20560026168823
4780,4.15,6,175.23685550689697
4781,3.6999999999999997,9,175.27727341651917
4782,3.4,11,175.31846642494202
4783,4.3,5,175.34431529045105
4784,4.15,6,175.37961888313293
4785,4.3,5,175.4107644557953
4786,4.449999999999999,4,175.43711733818054
4787,3.55,10,175.47370409965515
4788,-3.7,15,175.52486848831177
4789,4.3,5,175.55631256103516
4790,4.15,6,175.59002423286438
4791,3.6999999999999997,9,175.6248550415039
4792,-3.35,8,175.6568591594696
4793,-3.7,15,175.7007348537445
4794,4.449999999999999,4,175.7257182598114
4795,4.0,7,175.75911259651184
4796,4.75,2,175.79026341438293
4797,3.6999999999999997,9,175.82688689231873
4798,3.55,10,175.87445330619812
4799,4.15,6,175.90673875808716
4800,4.449999999999999,4,175.93748807907104
4801,4.3,5,175.9721643924713
4802,4.6000000000000005,3,176.0036051273346
4803,4.6000000000000005,3,176.03639125823975
4804,3.6999999999999997,9,176.23608827590942
4805,4.3,5,176.2702260017395
4806,4.6000000000000005,3,176.29784727096558
4807,4.15,6,176.3302435874939
4808,3.6999999999999997,9,176.36780166625977
4809,3.6999999999999997,9,176.40509414672852
4810,4.3,5,176.43424034118652
4811,4.449999999999999,4,176.46152067184448
4812,4.6000000000000005,3,176.4913194179535
4813,3.55,10,176.53236317634583
4814,4.15,6,176.5618679523468
4815,3.85,8,176.59385466575623
4816,4.449999999999999,4,176.62049651145935
4817,4.3,5,176.646870136261
4818,4.15,6,176.6714689731598
4819,4.6000000000000005,3,176.6983404159546
4820,3.55,10,176.73308753967285
4821,4.75,2,176.75704526901245
4822,4.449999999999999,4,176.78238892555237
4823,4.3,5,176.81005764007568
4824,4.75,2,176.83640909194946
4825,4.75,2,176.86097931861877
4826,4.0,7,176.8937361240387
4827,3.25,12,176.93347358703613
4828,4.75,2,176.95626187324524
4829,4.449999999999999,4,176.9838900566101
4830,3.4,11,177.02811789512634
4831,4.75,2,177.05443215370178
4832,-3.7,15,177.1013686656952
4833,-3.3,7,177.13166213035583
4834,4.0,7,177.1678192615509
4835,4.75,2,177.19069147109985
4836,4.15,6,177.22367119789124
4837,4.3,5,177.25160026550293
4838,4.3,5,177.28014469146729
4839,3.85,8,177.31582689285278
4840,-3.35,8,177.35224294662476
4841,4.75,2,177.38571190834045
4842,4.3,5,177.41732549667358
4843,4.6000000000000005,3,177.45321798324585
4844,3.4,11,177.50027108192444
4845,4.3,5,177.53516006469727
4846,4.75,2,177.5597014427185
4847,4.15,6,177.58975553512573
4848,3.85,8,177.77832984924316
4849,4.3,5,177.80553340911865
4850,-3.5,11,177.8488848209381
4851,4.6000000000000005,3,177.87432265281677
4852,4.6000000000000005,3,177.9021360874176
4853,3.6999999999999997,9,177.94167685508728
4854,4.0,7,177.98000144958496
4855,-3.15,4,178.01257371902466
4856,2.9499999999999997,14,178.06995153427124
4857,4.6000000000000005,3,178.10061597824097
4858,-3.7,15,178.14765119552612
4859,4.449999999999999,4,178.18128085136414
4860,3.6999999999999997,9,178.22838377952576
4861,4.449999999999999,4,178.25579237937927
4862,3.55,10,178.2923572063446
4863,3.55,10,178.3361315727234
4864,3.6999999999999997,9,178.37073159217834
4865,4.75,2,178.39766430854797
4866,4.449999999999999,4,178.4286687374115
4867,4.449999999999999,4,178.4548511505127
4868,3.6999999999999997,9,178.49055433273315
4869,3.25,12,178.5370762348175
4870,3.85,8,178.5737977027893
4871,4.6000000000000005,3,178.5991759300232
4872,4.0,7,178.63151812553406
4873,4.15,6,178.6584165096283
4874,4.0,7,178.6877360343933
4875,3.4,11,178.72527480125427
4876,4.6000000000000005,3,178.75179195404053
4877,4.449999999999999,4,178.78300261497498
4878,3.55,10,178.81879448890686
4879,4.6000000000000005,3,178.84547972679138
4880,4.3,5,178.88026785850525
4881,4.6000000000000005,3,178.91416668891907
4882,4.6000000000000005,3,178.94348907470703
4883,4.6000000000000005,3,178.97026777267456
4884,4.449999999999999,4,179.0039746761322
4885,4.6000000000000005,3,179.03475332260132
4886,3.6999999999999997,9,179.07475519180298
4887,4.449999999999999,4,179.10653257369995
4888,4.15,6,179.13821816444397
4889,4.0,7,179.33378505706787
4890,4.6000000000000005,3,179.35834431648254
4891,4.449999999999999,4,179.39129614830017
4892,3.55,10,179.4305281639099
4893,4.0,7,179.46726489067078
4894,4.0,7,179.50209379196167
4895,4.6000000000000005,3,179.52823042869568
4896,-3.6,13,179.57579493522644
4897,4.449999999999999,4,179.60158777236938
4898,4.0,7,179.63678812980652
4899,4.0,7,179.66873455047607
4900,-3.6,13,179.70987367630005
4901,4.3,5,179.74645948410034
4902,-1.75,15,179.78838086128235
4903,3.55,10,179.82653665542603
4904,4.0,7,179.8582410812378
4905,4.6000000000000005,3,179.88273072242737
4906,4.15,6,179.9155240058899
4907,4.6000000000000005,3,179.9396300315857
4908,4.3,5,179.97115302085876
4909,3.55,10,180.0052626132965
4910,3.85,8,180.03796648979187
4911,3.4,11,180.07638669013977
4912,4.75,2,180.10147380828857
4913,4.3,5,180.13363575935364
4914,4.6000000000000005,3,180.16511821746826
4915,3.4,11,180.2050859928131
4916,3.55,10,180.2471308708191
4917,-3.6,13,180.28519439697266
4918,3.6999999999999997,9,180.32344508171082
4919,4.449999999999999,4,180.35143876075745
4920,4.3,5,180.37754917144775
4921,4.6000000000000005,3,180.40450859069824
4922,4.6000000000000005,3,180.43128156661987
4923,4.6000000000000005,3,180.45793557167053
4924,4.6000000000000005,3,180.4828586578369
4925,4.3,5,180.5145936012268
4926,4.3,5,180.54186272621155
4927,4.449999999999999,4,180.572190284729
4928,3.6999999999999997,9,180.77151036262512
4929,3.85,8,180.8142454624176
4930,4.6000000000000005,3,180.84736800193787
4931,4.3,5,180.88309359550476
4932,3.25,12,180.92940998077393
4933,3.85,8,180.96573328971863
4934,4.3,5,181.00041365623474
4935,4.0,7,181.03052258491516
4936,4.75,2,181.05506896972656
4937,4.449999999999999,4,181.0819194316864
4938,4.0,7,181.11796045303345
4939,4.75,2,181.14365005493164
4940,4.75,2,181.16825580596924
4941,3.85,8,181.1999065876007
4942,4.9,1,181.22377228736877
4943,4.3,5,181.25642657279968
4944,4.15,6,181.29319977760315
4945,4.0,7,181.3325207233429
4946,4.75,2,181.3659746646881
4947,3.85,8,181.40617871284485
4948,4.0,7,181.43650770187378
4949,-3.5,11,181.47375965118408
4950,-3.15,4,181.50378370285034
4951,4.3,5,181.53125047683716
4952,4.0,7,181.565505027771
4953,4.6000000000000005,3,181.59102296829224
4954,4.75,2,181.61850357055664
4955,4.3,5,181.64714312553406
4956,3.85,8,181.67991590499878
4957,4.3,5,181.7071237564087
4958,-3.6,13,181.74864101409912
4959,3.55,10,181.7832169532776
4960,3.4,11,181.82177662849426
4961,4.449999999999999,4,181.850843667984
4962,4.449999999999999,4,181.87900376319885
4963,4.449999999999999,4,181.90427422523499
4964,4.0,7,181.937096118927
4965,4.75,2,181.95857501029968
4966,3.55,10,181.99644780158997
4967,4.3,5,182.0280499458313
4968,-1.75,15,182.07702469825745
4969,4.75,2,182.10677123069763
4970,4.449999999999999,4,182.3123917579651
4971,4.0,7,182.34657859802246
4972,4.3,5,182.3769190311432
4973,4.75,2,182.40730166435242
4974,4.75,2,182.43225502967834
4975,4.15,6,182.46760392189026
4976,4.6000000000000005,3,182.4978666305542
4977,3.55,10,182.5340461730957
4978,-1.75,15,182.5827271938324
4979,4.75,2,182.6062867641449
4980,4.0,7,182.6354959011078
4981,4.75,2,182.65992283821106
4982,4.449999999999999,4,182.6857042312622
4983,4.15,6,182.713365316391
4984,3.4,11,182.75137090682983
4985,4.15,6,182.7898190021515
4986,4.15,6,182.82312154769897
4987,4.75,2,182.84582376480103
4988,3.55,10,182.88261604309082
4989,4.449999999999999,4,182.9113826751709
4990,4.3,5,182.94178676605225
4991,4.6000000000000005,3,182.9736099243164
4992,4.449999999999999,4,183.00271558761597
4993,4.9,1,183.03379154205322
4994,-3.25,6,183.06177353858948
4995,4.9,1,183.08705687522888
4996,4.3,5,183.1153633594513
4997,4.449999999999999,4,183.14478516578674
4998,3.55,10,183.18656134605408
4999,4.0,7,183.22621417045593
5000,3.1,13,183.26979804039001
5001,3.85,8,183.30311751365662
5002,4.3,5,183.33187675476074
5003,4.449999999999999,4,183.3583779335022
5004,4.449999999999999,4,183.38670349121094
5005,4.6000000000000005,3,183.42070651054382
5006,-1.75,15,183.46389436721802
5007,4.449999999999999,4,183.49062204360962
5008,4.3,5,183.51800155639648
5009,-1.75,15,183.56366610527039
5010,4.0,7,183.59752440452576
5011,4.15,6,183.6284794807434
5012,3.6999999999999997,9,183.66254019737244
5013,4.3,5,183.86077666282654
5014,4.75,2,183.88707160949707
5015,-1.75,15,183.93612718582153
5016,4.3,5,183.96521139144897
5017,4.6000000000000005,3,183.9925720691681
5018,3.85,8,184.02722835540771
5019,4.6000000000000005,3,184.05378532409668
5020,-1.75,15,184.0997679233551
5021,4.75,2,184.12775897979736
5022,-3.5,11,184.1670036315918
5023,4.0,7,184.19990611076355
5024,4.449999999999999,4,184.22801446914673
5025,4.6000000000000005,3,184.25372862815857
5026,4.75,2,184.28226947784424
5027,3.85,8,184.32610321044922
5028,3.55,10,184.36777806282043
5029,3.85,8,184.40144896507263
5030,3.85,8,184.4333953857422
5031,4.15,6,184.4666497707367
5032,4.75,2,184.48901200294495
5033,4.15,6,184.52272486686707
5034,2.9499999999999997,14,184.57001757621765
5035,4.6000000000000005,3,184.59762859344482
5036,4.449999999999999,4,184.62439274787903
5037,4.3,5,184.6530270576477
5038,4.75,2,184.67667174339294
5039,4.6000000000000005,3,184.70227718353271
5040,3.6999999999999997,9,184.73766112327576
5041,4.3,5,184.76871275901794
5042,4.15,6,184.8031988143921
5043,-3.45,10,184.84028434753418
5044,4.15,6,184.87973856925964
5045,4.449999999999999,4,184.91174983978271
5046,4.15,6,184.94105887413025
5047,3.25,12,184.9844946861267
5048,4.9,1,185.01104068756104
5049,4.449999999999999,4,185.0469195842743
5050,3.85,8,185.0843915939331
5051,-1.75,15,185.12864089012146
5052,4.75,2,185.15904140472412
5053,4.15,6,185.37317299842834
5054,3.6999999999999997,9,185.40990471839905
5055,3.6999999999999997,9,185.44988465309143
5056,3.4,11,185.4971625804901
5057,3.85,8,185.53676509857178
5058,3.85,8,185.57518029212952
5059,3.25,12,185.61764645576477
5060,3.85,8,185.6553978919983
5061,4.9,1,185.67844128608704
5062,4.0,7,185.71053171157837
5063,3.85,8,185.74236345291138
5064,3.85,8,185.7782552242279
5065,-3.6,13,185.81680059432983
5066,4.6000000000000005,3,185.8415985107422
5067,4.3,5,185.8706831932068
5068,3.4,11,185.91075468063354
5069,4.449999999999999,4,185.9386966228485
5070,4.9,1,185.96205806732178
5071,4.3,5,185.99510502815247
5072,4.6000000000000005,3,186.02011585235596
5073,4.449999999999999,4,186.05031418800354
5074,3.85,8,186.08145809173584
5075,-3.6,13,186.12408018112183
5076,-1.75,15,186.170738697052
5077,4.0,7,186.2047061920166
5078,4.449999999999999,4,186.23368549346924
5079,4.6000000000000005,3,186.26150465011597
5080,4.75,2,186.28591299057007
5081,4.0,7,186.3174126148224
5082,4.3,5,186.34754347801208
5083,4.3,5,186.37682843208313
5084,4.449999999999999,4,186.4074366092682
5085,4.75,2,186.43354439735413
5086,4.6000000000000005,3,186.45814204216003
5087,4.449999999999999,4,186.494158744812
5088,4.75,2,186.52272367477417
5089,4.6000000000000005,3,186.550794839859
5090,4.449999999999999,4,186.57898473739624
5091,4.9,1,186.6038773059845
5092,3.6999999999999997,9,186.63480067253113
5093,-3.4,9,186.66966485977173
5094,4.6000000000000005,3,186.700199842453
5095,4.0,7,186.902734041214
5096,3.85,8,186.9370653629303
5097,4.449999999999999,4,186.96630430221558
5098,4.6000000000000005,3,186.9910168647766
5099,3.55,10,187.03377556800842
5100,4.75,2,187.0609745979309
5101,4.449999999999999,4,187.0880949497223
5102,3.85,8,187.12683534622192
5103,4.6000000000000005,3,187.15181612968445
5104,-3.45,10,187.19244480133057
5105,4.0,7,187.22796297073364
5106,3.6999999999999997,9,187.26340556144714
5107,4.449999999999999,4,187.2954273223877
5108,4.9,1,187.32285046577454
5109,4.15,6,187.3592677116394
5110,4.75,2,187.39394283294678
5111,4.449999999999999,4,187.43008255958557
5112,4.6000000000000005,3,187.4615445137024
5113,4.6000000000000005,3,187.4857714176178
5114,4.15,6,187.52535915374756
5115,3.85,8,187.56255769729614
5116,4.0,7,187.59306359291077
5117,4.3,5,187.62151336669922
5118,4.75,2,187.64610767364502
5119,4.6000000000000005,3,187.67020916938782
5120,4.3,5,187.70136737823486
5121,4.15,6,187.731125831604
5122,4.75,2,187.7580976486206
5123,3.4,11,187.8019950389862
5124,4.449999999999999,4,187.8348093032837
5125,-3.3,7,187.86961126327515
5126,4.6000000000000005,3,187.89872908592224
5127,4.0,7,187.9400532245636
5128,4.3,5,187.976482629776
5129,4.9,1,188.0090651512146
5130,4.449999999999999,4,188.03954362869263
5131,4.15,6,188.0778932571411
5132,4.15,6,188.1141335964203
5133,4.6000000000000005,3,188.14605975151062
5134,4.6000000000000005,3,188.17479372024536
5135,3.85,8,188.214510679245
5136,4.449999999999999,4,188.2493016719818
5137,4.3,5,188.2860405445099
5138,3.25,12,188.33596205711365
5139,4.3,5,188.36543440818787
5140,3.6999999999999997,9,188.4049985408783
5141,4.15,6,188.43811106681824
5142,3.55,10,188.642103433609
5143,4.449999999999999,4,188.67499232292175
5144,4.6000000000000005,3,188.70645093917847
5145,4.0,7,188.74360179901123
5146,3.85,8,188.77915954589844
5147,3.85,8,188.81703519821167
5148,4.449999999999999,4,188.85411047935486
5149,4.6000000000000005,3,188.88787269592285
5150,4.449999999999999,4,188.91667318344116
5151,-3.6,13,188.96023321151733
5152,4.75,2,188.98932671546936
5153,4.3,5,189.02090311050415
5154,4.449999999999999,4,189.05108642578125
5155,4.449999999999999,4,189.07755184173584
5156,4.0,7,189.1110954284668
5157,4.15,6,189.14076590538025
5158,4.6000000000000005,3,189.17105388641357
5159,3.85,8,189.206684589386
5160,4.449999999999999,4,189.23683643341064
5161,4.3,5,189.26668190956116
5162,-1.75,15,189.3095269203186
5163,4.449999999999999,4,189.33672785758972
5164,4.0,7,189.37111234664917
5165,4.15,6,189.40468907356262
5166,3.85,8,189.4400520324707
5167,4.3,5,189.47045612335205
5168,4.3,5,189.4994785785675
5169,4.6000000000000005,3,189.52909684181213
5170,4.3,5,189.56419348716736
5171,3.25,12,189.60154151916504
5172,4.75,2,189.62706637382507
5173,4.6000000000000005,3,189.65355849266052
5174,3.55,10,189.68691396713257
5175,4.3,5,189.71782302856445
5176,4.449999999999999,4,189.74563789367676
5177,3.4,11,189.78750276565552
5178,4.6000000000000005,3,189.81957340240479
5179,4.15,6,189.8529782295227
5180,4.75,2,189.88309168815613
5181,4.0,7,189.91658973693848
5182,4.3,5,189.95721220970154
5183,4.6000000000000005,3,189.98654675483704
5184,3.25,12,190.03034687042236
5185,4.6000000000000005,3,190.06255221366882
5186,-1.75,15,190.30135655403137
5187,3.55,10,190.34408569335938
5188,4.3,5,190.37569069862366
5189,4.75,2,190.40235233306885
5190,4.449999999999999,4,190.43475556373596
5191,4.3,5,190.46340537071228
5192,3.55,10,190.5010952949524
5193,-3.25,6,190.53036522865295
5194,4.15,6,190.56420302391052
5195,4.6000000000000005,3,190.59700202941895
5196,4.0,7,190.63203144073486
5197,4.6000000000000005,3,190.66138195991516
5198,3.6999999999999997,9,190.70236539840698
5199,4.6000000000000005,3,190.728351354599
5200,3.85,8,190.7605721950531
5201,4.15,6,190.78937911987305
5202,3.55,10,190.82803797721863
5203,4.449999999999999,4,190.8529658317566
5204,4.3,5,190.8831765651703
5205,4.75,2,190.90886998176575
5206,4.75,2,190.9397473335266
5207,4.75,2,190.9630081653595
5208,3.85,8,190.99872088432312
5209,3.55,10,191.03654170036316
5210,4.6000000000000005,3,191.06462121009827
5211,3.85,8,191.09986686706543
5212,4.449999999999999,4,191.12821316719055
5213,4.9,1,191.14972805976868
5214,4.6000000000000005,3,191.1777744293213
5215,3.85,8,191.2293484210968
5216,3.25,12,191.28135800361633
5217,4.15,6,191.31677675247192
5218,4.6000000000000005,3,191.35362434387207
5219,4.15,6,191.38637828826904
5220,4.9,1,191.41106343269348
5221,3.85,8,191.44456601142883
5222,3.55,10,191.48712801933289
5223,3.4,11,191.52968335151672
5224,4.3,5,191.5669915676117
5225,4.0,7,191.60260128974915
5226,4.449999999999999,4,191.6366686820984
5227,4.0,7,191.67195558547974
5228,4.75,2,191.6978325843811
5229,4.75,2,191.7301471233368
5230,4.3,5,191.7607011795044
5231,-3.45,10,191.95902681350708
5232,4.15,6,191.99215841293335
5233,3.25,12,192.0326635837555
5234,-3.45,10,192.07024359703064
5235,3.85,8,192.1149411201477
5236,4.6000000000000005,3,192.1471643447876
5237,4.449999999999999,4,192.1773567199707
5238,4.3,5,192.2071852684021
5239,4.15,6,192.24482655525208
5240,4.3,5,192.2812798023224
5241,4.6000000000000005,3,192.30950021743774
5242,3.55,10,192.34825253486633
5243,-3.35,8,192.38461875915527
5244,-3.6,13,192.4292290210724
5245,3.6999999999999997,9,192.4612946510315
5246,4.15,6,192.4923655986786
5247,3.55,10,192.5343234539032
5248,4.0,7,192.57555222511292
5249,3.55,10,192.61907124519348
5250,4.3,5,192.6519420146942
5251,4.6000000000000005,3,192.68346238136292
5252,4.75,2,192.70997595787048
5253,4.15,6,192.74228715896606
5254,4.449999999999999,4,192.7742567062378
5255,3.25,12,192.81858134269714
5256,-3.6,13,192.86215162277222
5257,4.6000000000000005,3,192.8902885913849
5258,4.6000000000000005,3,192.91700625419617
5259,4.3,5,192.94722867012024
5260,4.6000000000000005,3,192.97753953933716
5261,3.6999999999999997,9,193.01372528076172
5262,4.3,5,193.04005479812622
5263,-3.6,13,193.08476853370667
5264,4.6000000000000005,3,193.11882066726685
5265,3.85,8,193.1574740409851
5266,3.25,12,193.2004370689392
5267,-3.65,14,193.41883301734924
5268,4.6000000000000005,3,193.44855785369873
5269,4.449999999999999,4,193.47745752334595
5270,4.449999999999999,4,193.50717043876648
5271,3.4,11,193.54834604263306
5272,4.0,7,193.5853395462036
5273,4.6000000000000005,3,193.61161923408508
5274,4.0,7,193.6442346572876
5275,3.85,8,193.67816805839539
5276,4.3,5,193.70468187332153
5277,3.55,10,193.73892402648926
5278,3.85,8,193.77019596099854
5279,-3.45,10,193.8117413520813
5280,-3.6,13,193.86699032783508
5281,4.3,5,193.89805555343628
5282,4.449999999999999,4,193.9258008003235
5283,3.4,11,193.96098923683167
5284,4.3,5,193.99042868614197
5285,4.0,7,194.02212238311768
5286,4.6000000000000005,3,194.04741597175598
5287,4.0,7,194.07837796211243
5288,4.15,6,194.11046838760376
5289,4.75,2,194.13893342018127
5290,3.85,8,194.17355465888977
5291,3.85,8,194.2083330154419
5292,4.449999999999999,4,194.2405469417572
5293,3.55,10,194.2828335762024
5294,4.3,5,194.3118395805359
5295,4.449999999999999,4,194.3363389968872
5296,3.85,8,194.37165689468384
5297,3.4,11,194.41724705696106
5298,4.15,6,194.44758534431458
5299,4.0,7,194.48666167259216
5300,3.85,8,194.51739645004272
5301,4.0,7,194.54596328735352
5302,3.4,11,194.58371782302856
5303,4.0,7,194.79051613807678
5304,4.3,5,194.82815527915955
5305,4.3,5,194.86134004592896
5306,4.15,6,194.89623713493347
5307,4.449999999999999,4,194.9293761253357
5308,4.15,6,194.96548652648926
5309,4.3,5,195.00084924697876
5310,4.0,7,195.04764604568481
5311,3.25,12,195.09942150115967
5312,4.9,1,195.13206148147583
5313,4.3,5,195.16712093353271
5314,3.6999999999999997,9,195.20298528671265
5315,4.449999999999999,4,195.23140597343445
5316,4.0,7,195.2644374370575
5317,4.3,5,195.29239130020142
5318,4.75,2,195.3193130493164
5319,4.0,7,195.3527636528015
5320,-3.5,11,195.3942368030548
5321,4.15,6,195.4277548789978
5322,4.75,2,195.45071840286255
5323,4.75,2,195.47489142417908
5324,-3.25,6,195.51147842407227
5325,-1.75,15,195.55421018600464
5326,4.3,5,195.5839273929596
5327,4.9,1,195.60472416877747
5328,4.15,6,195.6357138156891
5329,3.6999999999999997,9,195.67466855049133
5330,4.449999999999999,4,195.6992039680481
5331,4.6000000000000005,3,195.72414374351501
5332,4.15,6,195.75920748710632
5333,4.3,5,195.7890031337738
5334,3.25,12,195.82761549949646
5335,4.6000000000000005,3,195.85206484794617
5336,4.0,7,195.88520193099976
5337,3.55,10,195.92230868339539
5338,3.4,11,195.96277523040771
5339,4.3,5,195.99050426483154
5340,4.3,5,196.01917338371277
5341,4.6000000000000005,3,196.04883098602295
5342,4.6000000000000005,3,196.07603693008423
5343,4.15,6,196.10435438156128
5344,4.6000000000000005,3,196.133535861969
5345,4.449999999999999,4,196.16473627090454
5346,4.449999999999999,4,196.19732975959778
5347,4.75,2,196.22476387023926
5348,4.6000000000000005,3,196.2502212524414
5349,4.9,1,196.2797634601593
5350,4.449999999999999,4,196.46098923683167
5351,4.75,2,196.49290418624878
5352,4.0,7,196.53343081474304
5353,4.6000000000000005,3,196.5646674633026
5354,4.0,7,196.60228323936462
5355,4.3,5,196.6348011493683
5356,4.15,6,196.67148637771606
5357,3.85,8,196.7052366733551
5358,4.75,2,196.73085856437683
5359,3.6999999999999997,9,196.76384902000427
5360,4.75,2,196.78955817222595
5361,4.15,6,196.8208634853363
5362,4.0,7,196.8517735004425
5363,4.449999999999999,4,196.88247966766357
5364,4.6000000000000005,3,196.90503096580505
5365,4.6000000000000005,3,196.93064284324646
5366,4.3,5,196.96038341522217
5367,4.6000000000000005,3,196.98615765571594
5368,4.15,6,197.01843857765198
5369,4.75,2,197.04462718963623
5370,4.3,5,197.07477951049805
5371,4.6000000000000005,3,197.10125279426575
5372,4.9,1,197.12674760818481
5373,4.449999999999999,4,197.14998650550842
5374,4.6000000000000005,3,197.1786015033722
5375,3.6999999999999997,9,197.21327877044678
5376,4.6000000000000005,3,197.23879194259644
5377,3.85,8,197.272447347641
5378,3.85,8,197.3050892353058
5379,3.1,13,197.3536877632141
5380,3.25,12,197.39453268051147
5381,4.75,2,197.42229771614075
5382,4.449999999999999,4,197.4522144794464
5383,4.0,7,197.4882025718689
5384,-3.6,13,197.53173327445984
5385,4.449999999999999,4,197.56578660011292
5386,4.6000000000000005,3,197.59256887435913
5387,4.449999999999999,4,197.6267068386078
5388,4.3,5,197.65491580963135
5389,3.85,8,197.68707871437073
5390,4.75,2,197.7188582420349
5391,4.3,5,197.75103044509888
5392,4.6000000000000005,3,197.7831733226776
5393,4.15,6,197.81711530685425
5394,4.15,6,197.85241389274597
5395,4.75,2,197.88232398033142
5396,4.449999999999999,4,197.91173481941223
5397,4.75,2,197.9349091053009
5398,4.449999999999999,4,197.96320223808289
5399,4.449999999999999,4,197.99173212051392
5400,4.3,5,198.0294041633606
5401,3.4,11,198.2480273246765
5402,4.9,1,198.27598094940186
5403,-3.65,14,198.3183479309082
5404,4.449999999999999,4,198.34725713729858
5405,4.0,7,198.3782093524933
5406,-3.7,15,198.41845178604126
5407,4.75,2,198.44761157035828
5408,4.75,2,198.4738688468933
5409,4.75,2,198.50063705444336
5410,4.75,2,198.52952599525452
5411,4.3,5,198.5655493736267
5412,3.85,8,198.5999402999878
5413,4.3,5,198.6253218650818
5414,-3.6,13,198.66471028327942
5415,3.6999999999999997,9,198.70116686820984
5416,4.75,2,198.7277295589447
5417,-3.45,10,198.76593661308289
5418,-3.55,12,198.81758666038513
5419,3.85,8,198.86160373687744
5420,3.55,10,198.90051198005676
5421,3.55,10,198.93621039390564
5422,-1.75,15,198.97988200187683
5423,4.3,5,199.01157236099243
5424,4.6000000000000005,3,199.03632378578186
5425,4.449999999999999,4,199.0639293193817
5426,4.0,7,199.09401988983154
5427,4.6000000000000005,3,199.11703085899353
5428,4.449999999999999,4,199.1420862674713
5429,4.0,7,199.17798328399658
5430,4.75,2,199.1994273662567
5431,3.4,11,199.24071621894836
5432,4.6000000000000005,3,199.26542162895203
5433,4.15,6,199.29755997657776
5434,4.0,7,199.3302948474884
5435,3.6999999999999997,9,199.36865782737732
5436,4.6000000000000005,3,199.39897537231445
5437,4.75,2,199.42764449119568
5438,3.85,8,199.46234345436096
5439,4.15,6,199.4987437725067
5440,4.449999999999999,4,199.68585681915283
5441,4.449999999999999,4,199.714608669281
5442,4.6000000000000005,3,199.7468683719635
5443,3.85,8,199.8038022518158
5444,4.0,7,199.84378695487976
5445,-3.7,15,199.88763642311096
5446,4.6000000000000005,3,199.91698694229126
5447,4.0,7,199.95339727401733
5448,4.3,5,199.98467254638672
5449,4.75,2,200.00991535186768
5450,4.15,6,200.03810167312622
5451,3.25,12,200.07645416259766
5452,4.6000000000000005,3,200.10025453567505
5453,4.449999999999999,4,200.13007855415344
5454,4.15,6,200.16019248962402
5455,4.75,2,200.18269157409668
5456,4.3,5,200.21079015731812
5457,4.6000000000000005,3,200.23663067817688
5458,3.85,8,200.27661108970642
5459,4.449999999999999,4,200.3055398464203
5460,4.6000000000000005,3,200.33395528793335
5461,-1.75,15,200.38515853881836
5462,4.449999999999999,4,200.41837215423584
5463,4.0,7,200.45026969909668
5464,-3.45,10,200.48459911346436
5465,4.6000000000000005,3,200.51161980628967
5466,4.75,2,200.53178477287292
5467,4.75,2,200.56058621406555
5468,4.449999999999999,4,200.58807396888733
5469,4.15,6,200.61717867851257
5470,4.0,7,200.64780592918396
5471,4.0,7,200.68323636054993
5472,3.55,10,200.7185251712799
5473,4.6000000000000005,3,200.74510216712952
5474,4.3,5,200.7694709300995
5475,-3.7,15,200.81345057487488
5476,3.25,12,200.86084842681885
5477,3.4,11,200.9068489074707
5478,3.4,11,200.94735193252563
5479,4.449999999999999,4,200.97707843780518
5480,4.6000000000000005,3,201.0021209716797
5481,4.15,6,201.20440673828125
5482,4.3,5,201.23456692695618
5483,4.449999999999999,4,201.26528930664062
5484,4.449999999999999,4,201.29530382156372
5485,4.75,2,201.31980991363525
5486,4.6000000000000005,3,201.34761810302734
5487,4.449999999999999,4,201.38008499145508
5488,4.3,5,201.41478776931763
5489,4.0,7,201.4508957862854
5490,4.3,5,201.4826443195343
5491,4.449999999999999,4,201.5138897895813
5492,4.75,2,201.5430932044983
5493,4.75,2,201.57464504241943
5494,4.449999999999999,4,201.6100034713745
5495,3.6999999999999997,9,201.6464648246765
5496,4.15,6,201.68007898330688
5497,4.6000000000000005,3,201.70526933670044
5498,4.0,7,201.7428846359253
5499,3.85,8,201.78087973594666
5500,-1.75,15,201.8266794681549
5501,4.449999999999999,4,201.86129093170166
5502,4.449999999999999,4,201.89036965370178
5503,4.15,6,201.91943979263306
5504,3.55,10,201.9604012966156
5505,4.75,2,201.98455786705017
5506,4.6000000000000005,3,202.010910987854
5507,4.449999999999999,4,202.04057717323303
5508,4.3,5,202.06865787506104
5509,3.6999999999999997,9,202.10358834266663
5510,3.55,10,202.14329171180725
5511,3.55,10,202.18062710762024
5512,4.75,2,202.20516204833984
5513,4.0,7,202.2363157272339
5514,4.15,6,202.2670440673828
5515,4.449999999999999,4,202.2947494983673
5516,4.6000000000000005,3,202.32477116584778
5517,4.0,7,202.35566401481628
5518,4.0,7,202.38885021209717
5519,-1.75,15,202.431866645813
5520,4.15,6,202.4638328552246
5521,4.449999999999999,4,202.49510884284973
5522,4.6000000000000005,3,202.52473640441895
5523,4.15,6,202.564599275589
5524,4.3,5,202.59435391426086
5525,4.15,6,202.6325879096985
5526,4.449999999999999,4,202.66444063186646
5527,4.75,2,202.85938811302185
5528,3.85,8,202.89558005332947
5529,4.6000000000000005,3,202.92381954193115
5530,4.0,7,202.95380210876465
5531,4.6000000000000005,3,202.9803969860077
5532,4.6000000000000005,3,203.00494861602783
5533,4.9,1,203.02813577651978
5534,4.449999999999999,4,203.06272220611572
5535,4.15,6,203.0943043231964
5536,4.0,7,203.127681016922
5537,4.75,2,203.15003275871277
5538,4.15,6,203.17890787124634
5539,4.15,6,203.21120166778564
5540,4.6000000000000005,3,203.2344298362732
5541,-3.4,9,203.2675974369049
5542,4.3,5,203.29648971557617
5543,4.449999999999999,4,203.32515692710876
5544,4.15,6,203.3547556400299
5545,4.15,6,203.39243078231812
5546,4.3,5,203.42046427726746
5547,4.75,2,203.44554495811462
5548,4.15,6,203.47853755950928
5549,4.449999999999999,4,203.50981783866882
5550,3.85,8,203.5420458316803
5551,4.75,2,203.5658049583435
5552,4.3,5,203.595463514328
5553,3.6999999999999997,9,203.63417410850525
5554,4.3,5,203.66346263885498
5555,4.6000000000000005,3,203.69254302978516
5556,4.15,6,203.72059655189514
5557,4.0,7,203.75123524665833
5558,4.449999999999999,4,203.77990174293518
5559,4.75,2,203.803453207016
5560,4.75,2,203.82999801635742
5561,4.15,6,203.86267256736755
5562,-3.65,14,203.90730786323547
5563,4.0,7,203.94100093841553
5564,-3.6,13,203.98267078399658
5565,4.6000000000000005,3,204.01191186904907
5566,3.55,10,204.0510437488556
5567,3.4,11,204.09089183807373
5568,4.9,1,204.11526656150818
5569,4.15,6,204.14723587036133
5570,4.3,5,204.17967629432678
5571,4.75,2,204.2116141319275
5572,4.3,5,204.24993634223938
5573,4.449999999999999,4,204.28755378723145
5574,4.15,6,204.32042241096497
5575,4.449999999999999,4,204.5487732887268
5576,4.3,5,204.581312417984
5577,4.3,5,204.61701774597168
5578,3.85,8,204.65616869926453
5579,4.0,7,204.69153833389282
5580,-3.3,7,204.73316192626953
5581,3.85,8,204.77183938026428
5582,4.449999999999999,4,204.8078191280365
5583,4.0,7,204.84770035743713
5584,4.6000000000000005,3,204.87882447242737
5585,4.75,2,204.90689539909363
5586,4.6000000000000005,3,204.93629384040833
5587,4.449999999999999,4,204.9668095111847
5588,4.15,6,205.00205540657043
5589,4.0,7,205.04585552215576
5590,4.75,2,205.0775842666626
5591,4.6000000000000005,3,205.10267066955566
5592,4.3,5,205.13392066955566
5593,4.6000000000000005,3,205.16438841819763
5594,4.0,7,205.20015788078308
5595,4.15,6,205.23281693458557
5596,-3.3,7,205.2660551071167
5597,4.6000000000000005,3,205.2956838607788
5598,4.3,5,205.3279571533203
5599,4.3,5,205.36004281044006
5600,4.6000000000000005,3,205.38667821884155
5601,3.55,10,205.42042207717896
5602,4.15,6,205.45252084732056
5603,3.55,10,205.49262118339539
5604,4.75,2,205.52544116973877
5605,-3.45,10,205.5643811225891
5606,3.85,8,205.6099123954773
5607,3.85,8,205.6534276008606
5608,-3.55,12,205.6975917816162
5609,-3.65,14,205.74363017082214
5610,4.15,6,205.7807002067566
5611,4.3,5,205.81670808792114
5612,4.15,6,205.85803842544556
5613,4.6000000000000005,3,205.8897204399109
5614,4.0,7,205.92869424819946
5615,-3.5,11,205.9780592918396
5616,-3.45,10,206.02135610580444
5617,4.449999999999999,4,206.24788331985474
5618,4.75,2,206.27465176582336
5619,4.449999999999999,4,206.30842185020447
5620,3.55,10,206.35223937034607
5621,4.6000000000000005,3,206.3867449760437
5622,3.4,11,206.4292914867401
5623,4.15,6,206.470960855484
5624,4.3,5,206.51316499710083
5625,4.75,2,206.5490026473999
5626,4.75,2,206.5785267353058
5627,4.3,5,206.62088704109192
5628,4.6000000000000005,3,206.65132975578308
5629,4.3,5,206.69094586372375
5630,-3.5,11,206.7328906059265
5631,4.6000000000000005,3,206.76644277572632
5632,4.15,6,206.8094928264618
5633,4.75,2,206.84616470336914
5634,3.6999999999999997,9,206.89393997192383
5635,-3.3,7,206.93275952339172
5636,4.15,6,206.97387886047363
5637,4.449999999999999,4,207.00171756744385
5638,3.55,10,207.04605984687805
5639,3.55,10,207.08427381515503
5640,4.75,2,207.11509203910828
5641,3.6999999999999997,9,207.15801906585693
5642,3.4,11,207.19953894615173
5643,4.3,5,207.23990941047668
5644,4.449999999999999,4,207.27607083320618
5645,3.55,10,207.31772637367249
5646,4.6000000000000005,3,207.34970211982727
5647,4.3,5,207.37895727157593
5648,3.85,8,207.42343401908875
5649,4.449999999999999,4,207.45277166366577
5650,4.449999999999999,4,207.48631072044373
5651,4.75,2,207.51839208602905
5652,4.75,2,207.5484263896942
5653,4.3,5,207.5801875591278
5654,4.449999999999999,4,207.6056113243103
5655,3.85,8,207.64717602729797
5656,4.449999999999999,4,207.67695331573486
5657,4.3,5,207.7110676765442
5658,4.75,2,207.73747086524963
5659,4.449999999999999,4,207.76661276817322
5660,4.3,5,207.79818534851074
5661,3.6999999999999997,9,207.8349301815033
5662,-3.25,6,207.8732283115387
5663,4.449999999999999,4,207.90921807289124
5664,4.449999999999999,4,208.10711646080017
5665,4.15,6,208.14029932022095
5666,4.0,7,208.17575430870056
5667,4.6000000000000005,3,208.20828866958618
5668,4.6000000000000005,3,208.2366542816162
5669,4.15,6,208.2729115486145
5670,-3.65,14,208.31909608840942
5671,4.15,6,208.3546018600464
5672,4.9,1,208.38193702697754
5673,4.75,2,208.41133332252502
5674,4.3,5,208.44025945663452
5675,-3.5,11,208.48456978797913
5676,3.25,12,208.53045272827148
5677,3.6999999999999997,9,208.5646209716797
5678,4.15,6,208.59832406044006
5679,4.75,2,208.62528276443481
5680,3.25,12,208.66712856292725
5681,4.3,5,208.69787502288818
5682,4.15,6,208.72982025146484
5683,4.15,6,208.76035737991333
5684,4.9,1,208.7841808795929
5685,4.3,5,208.8194706439972
5686,-3.5,11,208.86072707176208
5687,4.6000000000000005,3,208.88716006278992
5688,4.6000000000000005,3,208.91668128967285
5689,4.3,5,208.95095300674438
5690,4.0,7,208.9897265434265
5691,4.6000000000000005,3,209.02063298225403
5692,3.6999999999999997,9,209.06045007705688
5693,4.6000000000000005,3,209.09315848350525
5694,4.15,6,209.13276267051697
5695,4.0,7,209.17563724517822
5696,4.449999999999999,4,209.21121954917908
5697,3.6999999999999997,9,209.25155067443848
5698,4.449999999999999,4,209.28893375396729
5699,-3.35,8,209.3284261226654
5700,-3.25,6,209.36564564704895
5701,4.3,5,209.4026758670807
5702,4.15,6,209.441890001297
5703,4.75,2,209.4649896621704
5704,4.15,6,209.49728322029114
5705,4.75,2,209.52158498764038
5706,4.449999999999999,4,209.55064129829407
5707,4.75,2,209.57625031471252
5708,4.75,2,209.60198497772217
5709,4.6000000000000005,3,209.62818026542664
5710,4.6000000000000005,3,209.65426540374756
5711,3.4,11,209.83747816085815
5712,4.75,2,209.8647301197052
5713,3.85,8,209.89799284934998
5714,4.75,2,209.92061376571655
5715,4.449999999999999,4,209.95256352424622
5716,3.4,11,209.99179124832153
5717,4.3,5,210.0226092338562
5718,3.6999999999999997,9,210.0590627193451
5719,4.449999999999999,4,210.09001088142395
5720,3.25,12,210.1349139213562
5721,4.449999999999999,4,210.16608786582947
5722,3.6999999999999997,9,210.2118513584137
5723,4.449999999999999,4,210.24102568626404
5724,4.6000000000000005,3,210.27469182014465
5725,3.85,8,210.3138837814331
5726,4.15,6,210.34669828414917
5727,-3.45,10,210.39965772628784
5728,4.3,5,210.4313404560089
5729,4.449999999999999,4,210.46239948272705
5730,4.3,5,210.49252128601074
5731,4.0,7,210.53240156173706
5732,4.0,7,210.56989359855652
5733,4.75,2,210.59875869750977
5734,3.4,11,210.63653349876404
5735,4.15,6,210.66458988189697
5736,4.3,5,210.69495558738708
5737,4.449999999999999,4,210.72142457962036
5738,4.6000000000000005,3,210.75013947486877
5739,4.449999999999999,4,210.7814531326294
5740,4.9,1,210.80785608291626
5741,3.25,12,210.85273551940918
5742,4.9,1,210.8825626373291
5743,4.75,2,210.91147804260254
5744,-3.25,6,210.94414687156677
5745,4.6000000000000005,3,210.9708342552185
5746,4.3,5,211.01255989074707
5747,3.6999999999999997,9,211.0468361377716
5748,4.6000000000000005,3,211.07325434684753
5749,3.6999999999999997,9,211.10764169692993
5750,4.449999999999999,4,211.13741326332092
5751,4.3,5,211.16912198066711
5752,3.55,10,211.20822429656982
5753,4.6000000000000005,3,211.24604511260986
5754,4.449999999999999,4,211.28115963935852
5755,4.449999999999999,4,211.31298446655273
5756,4.449999999999999,4,211.34464025497437
5757,4.449999999999999,4,211.52902388572693
5758,4.6000000000000005,3,211.5578806400299
5759,4.6000000000000005,3,211.5899486541748
5760,3.55,10,211.62937951087952
5761,4.449999999999999,4,211.66538977622986
5762,4.15,6,211.69924187660217
5763,4.6000000000000005,3,211.7260341644287
5764,4.75,2,211.7521014213562
5765,3.55,10,211.7969126701355
5766,4.6000000000000005,3,211.8235900402069
5767,4.15,6,211.85281610488892
5768,4.6000000000000005,3,211.8807921409607
5769,3.6999999999999997,9,211.9168038368225
5770,4.15,6,211.94840288162231
5771,4.449999999999999,4,211.9792013168335
5772,4.3,5,212.00834679603577
5773,4.9,1,212.02981543540955
5774,4.75,2,212.0592086315155
5775,4.6000000000000005,3,212.09321212768555
5776,4.15,6,212.12507796287537
5777,4.6000000000000005,3,212.15463137626648
5778,-3.6,13,212.19853711128235
5779,4.3,5,212.23147010803223
5780,3.85,8,212.26981163024902
5781,4.0,7,212.2995834350586
5782,4.6000000000000005,3,212.32592058181763
5783,4.75,2,212.34923386573792
5784,3.4,11,212.39017152786255
5785,4.449999999999999,4,212.42323327064514
5786,4.75,2,212.45193219184875
5787,4.75,2,212.47726106643677
5788,4.6000000000000005,3,212.50410985946655
5789,3.4,11,212.54642915725708
5790,4.9,1,212.57852602005005
5791,4.3,5,212.605384349823
5792,4.0,7,212.63810205459595
5793,4.3,5,212.66808128356934
5794,4.9,1,212.69156861305237
5795,4.449999999999999,4,212.71708846092224
5796,4.9,1,212.74081707000732
5797,4.6000000000000005,3,212.76826167106628
5798,4.6000000000000005,3,212.797700881958
5799,-3.5,11,212.83423566818237
5800,4.3,5,212.8667664527893
5801,4.3,5,212.89970922470093
5802,3.6999999999999997,9,212.9364836215973
5803,3.85,8,212.97463703155518
5804,3.55,10,213.01460194587708
5805,4.3,5,213.0514314174652
5806,3.6999999999999997,9,213.23696541786194
5807,3.55,10,213.28179836273193
5808,4.0,7,213.3139452934265
5809,4.9,1,213.33721566200256
5810,4.3,5,213.3658468723297
5811,4.75,2,213.39176321029663
5812,4.0,7,213.42421317100525
5813,4.15,6,213.4525864124298
5814,4.75,2,213.47665095329285
5815,3.6999999999999997,9,213.51136875152588
5816,4.15,6,213.54438662528992
5817,3.85,8,213.57843708992004
5818,4.3,5,213.6087396144867
5819,4.449999999999999,4,213.6401538848877
5820,4.449999999999999,4,213.67058682441711
5821,4.449999999999999,4,213.7011058330536
5822,3.85,8,213.73623538017273
5823,4.9,1,213.76010084152222
5824,3.85,8,213.794682264328
5825,4.9,1,213.81828141212463
5826,3.55,10,213.85680890083313
5827,4.6000000000000005,3,213.88713598251343
5828,3.1,13,213.93330931663513
5829,3.6999999999999997,9,213.97352600097656
5830,3.85,8,214.01773381233215
5831,3.55,10,214.0611801147461
5832,3.85,8,214.1099774837494
5833,4.6000000000000005,3,214.1380774974823
5834,4.449999999999999,4,214.16983437538147
5835,4.6000000000000005,3,214.19876098632812
5836,3.4,11,214.24260687828064
5837,4.6000000000000005,3,214.27340507507324
5838,3.6999999999999997,9,214.31420135498047
5839,4.449999999999999,4,214.34096336364746
5840,4.449999999999999,4,214.36863708496094
5841,4.6000000000000005,3,214.39708542823792
5842,4.6000000000000005,3,214.4235463142395
5843,4.6000000000000005,3,214.4484634399414
5844,4.9,1,214.47359895706177
5845,4.15,6,214.50380969047546
5846,-3.7,15,214.54670524597168
5847,4.15,6,214.58159065246582
5848,4.3,5,214.60860681533813
5849,4.6000000000000005,3,214.63431334495544
