#{"t_start": 1787939038.7012007, "env_id": "None"}
r,l,t
-3.15,4,0.039738
-3.0,1,0.065049
-3.0,1,0.088597
4.3,5,0.118077
3.85,8,0.149672
-3.0,1,0.172162
-3.05,2,0.196251
-3.25,6,0.226635
-3.05,2,0.251096
-3.0,1,0.272266
4.15,6,0.302641
-3.3,7,0.338947
-3.0,1,0.361628
-3.0,1,0.387257
-3.1,3,0.41543
-3.0,1,0.442511
-3.1,3,0.474502
-3.05,2,0.498186
-3.3,7,0.530721
4.45,4,0.558917
-3.0,1,0.583273
-1.75,15,0.626132
-3.1,3,0.652622
-3.4,9,0.685987
3.85,8,0.721493
-3.1,3,0.749809
4.3,5,0.77993
-3.05,2,0.803687
-3.1,3,0.830015
-3.0,1,0.853066
4.75,2,0.879643
-3.5,11,0.924418
-3.2,5,0.958491
4.3,5,0.99058
4.15,6,1.025525
4.6,3,1.05859
-3.0,1,1.082667
-3.5,11,1.125637
-3.3,7,1.166913
-3.15,4,1.195238
4.15,6,1.230206
3.55,10,1.274732
-3.15,4,1.313561
-3.05,2,1.351249
-3.3,7,1.394536
-3.05,2,1.424042
-3.0,1,1.447998
-3.6,13,1.49826
-3.3,7,1.530983
4.45,4,1.555911
-3.0,1,1.580375
4.6,3,1.608069
-3.0,1,1.636267
-3.0,1,1.659131
-3.05,2,1.686868
-3.25,6,1.717961
4.6,3,1.747849
3.85,8,1.779353
-1.75,15,1.977048
-3.05,2,2.004375
-3.05,2,2.027863
4.0,7,2.060104
4.45,4,2.089946
3.7,9,2.128829
-3.1,3,2.156224
-3.65,14,2.200242
4.45,4,2.226542
4.15,6,2.257412
-3.0,1,2.279067
-3.25,6,2.309853
-3.45,10,2.347526
-3.2,5,2.377105
-3.0,1,2.403029
-3.0,1,2.428766
-1.75,15,2.480527
4.45,4,2.51807
-3.5,11,2.559143
-3.4,9,2.598674
4.0,7,2.634107
-3.15,4,2.666286
-3.0,1,2.688238
-3.15,4,2.715155
4.6,3,2.745473
-3.25,6,2.783823
-3.0,1,2.809151
-3.0,1,2.840919
-3.0,1,2.866565
4.6,3,2.899117
-3.15,4,2.928078
-3.05,2,2.953205
3.7,9,2.987472
-3.25,6,3.017001
-1.75,15,3.062797
-3.05,2,3.08758
-3.2,5,3.118406
-3.1,3,3.140955
-3.1,3,3.167858
-3.15,4,3.194968
-3.2,5,3.224269
-3.05,2,3.247844
4.6,3,3.276467
-3.25,6,3.308434
-3.15,4,3.339175
-3.2,5,3.365815
-3.1,3,3.393666
-3.0,1,3.418479
-3.0,1,3.438212
-3.3,7,3.470734
-3.25,6,3.503814
-1.75,15,3.708673
-3.35,8,3.74865
-3.0,1,3.773547
-3.6,13,3.81629
-3.05,2,3.841168
4.6,3,3.869154
-3.0,1,3.891333
-3.0,1,3.919953
4.6,3,3.948215
-3.05,2,3.976342
4.3,5,4.014895
-3.0,1,4.040628
-3.1,3,4.071212
4.6,3,4.102867
-3.0,1,4.133178
-3.0,1,4.15712
-3.0,1,4.179676
3.85,8,4.218197
3.1,13,4.266548
4.15,6,4.299143
-3.15,4,4.326781
4.0,7,4.368042
-3.1,3,4.399133
-3.05,2,4.427669
4.3,5,4.46025
-3.05,2,4.485891
-3.1,3,4.514662
-3.1,3,4.54583
-3.0,1,4.572312
4.3,5,4.602608
4.45,4,4.631123
-3.55,12,4.672619
4.15,6,4.715024
-3.15,4,4.750761
4.6,3,4.781344
4.0,7,4.822346
-3.2,5,4.851891
-3.1,3,4.880489
-3.3,7,4.917369
-3.0,1,4.941787
-3.1,3,4.969621
-3.4,9,5.009583
-3.25,6,5.043161
-3.05,2,5.071729
4.9,1,5.100518
-3.0,1,5.123117
-3.25,6,5.152637
-3.0,1,5.174202
-3.1,3,5.200027
4.45,4,5.230866
-3.05,2,5.256522
4.45,4,5.284885
4.0,7,5.316462
-3.05,2,5.340202
-3.1,3,5.366869
-3.0,1,5.389562
3.7,9,5.424235
3.55,10,5.462904
-3.0,1,5.490738
-3.0,1,5.512896
3.85,8,5.702881
4.45,4,5.736893
-3.65,14,5.793386
4.0,7,5.835598
-3.0,1,5.858636
-3.1,3,5.891109
-3.15,4,5.923374
-3.05,2,5.949366
-3.1,3,5.978546
-3.05,2,6.007055
-3.0,1,6.033796
-3.15,4,6.064783
-3.0,1,6.087156
-3.25,6,6.122256
-3.0,1,6.147706
-3.0,1,6.17507
-3.1,3,6.20055
4.9,1,6.226444
-3.05,2,6.249802
-1.75,15,6.297394
-3.0,1,6.320563
4.45,4,6.352243
-3.1,3,6.375857
-3.0,1,6.39943
-3.25,6,6.426674
2.95,14,6.472107
3.7,9,6.504137
3.55,10,6.541113
4.6,3,6.567159
-3.4,9,6.602754
-3.0,1,6.623726
-3.15,4,6.650115
-3.45,10,6.688271
4.9,1,6.710015
-3.4,9,6.744579
-3.05,2,6.768739
-3.2,5,6.79749
-3.15,4,6.822721
-3.0,1,6.84659
4.3,5,6.878169
-3.25,6,6.908996
-3.25,6,6.940884
-3.4,9,6.98136
-3.6,13,7.028409
-1.75,15,7.078236
-3.15,4,7.108962
-3.05,2,7.135436
4.15,6,7.172588
-3.0,1,7.197977
-3.0,1,7.222593
-3.05,2,7.25319
-3.0,1,7.282965
-3.05,2,7.31255
4.45,4,7.34148
3.85,8,7.56479
-3.0,1,7.591737
-3.0,1,7.616296
4.45,4,7.649042
-3.4,9,7.687954
-3.25,6,7.723247
-3.0,1,7.754908
4.6,3,7.78917
-3.05,2,7.816046
-3.05,2,7.840499
-3.45,10,7.877572
-3.0,1,7.900583
-3.0,1,7.923815
-3.0,1,7.942995
-3.7,15,7.989681
4.75,2,8.022545
4.3,5,8.058155
-3.0,1,8.0818
-3.3,7,8.114665
-3.45,10,8.15165
-3.1,3,8.176339
3.85,8,8.211898
-3.3,7,8.247672
-3.5,11,8.289093
-3.0,1,8.314846
-3.2,5,8.350314
4.6,3,8.37856
-3.15,4,8.414332
-3.4,9,8.45494
3.4,11,8.493587
-3.1,3,8.523216
-3.0,1,8.548198
-3.0,1,8.570951
3.85,8,8.606245
-3.05,2,8.634636
-3.05,2,8.658853
-3.15,4,8.692021
-3.0,1,8.715159
4.75,2,8.742776
-3.25,6,8.781463
4.3,5,8.811907
-3.15,4,8.839678
4.75,2,8.872626
-3.35,8,8.918756
-3.1,3,8.944097
4.45,4,8.976135
-3.1,3,9.007811
-3.05,2,9.039701
-3.05,2,9.072667
-3.05,2,9.104009
-3.1,3,9.141003
-3.05,2,9.168132
-3.35,8,9.202876
-3.05,2,9.226021
-3.0,1,9.245407
4.0,7,9.279708
4.45,4,9.307123
-3.2,5,9.341502
-3.0,1,9.365572
-3.1,3,9.392045
-3.0,1,9.415638
-3.05,2,9.439801
3.7,9,9.609891
-3.0,1,9.6348
4.6,3,9.662603
4.3,5,9.688597
-3.35,8,9.731683
-3.2,5,9.761831
3.7,9,9.801386
-3.4,9,9.840189
-3.6,13,9.889288
-3.0,1,9.91709
3.55,10,9.95291
4.3,5,9.983434
-3.2,5,10.010339
-3.45,10,10.049689
-3.7,15,10.092562
4.45,4,10.121535
-3.15,4,10.151369
4.15,6,10.181866
4.45,4,10.208531
4.9,1,10.233994
4.45,4,10.262024
-3.45,10,10.303511
-3.0,1,10.3253
-3.1,3,10.351879
-3.0,1,10.37356
-3.15,4,10.40921
-3.15,4,10.440331
-3.55,12,10.485838
-3.5,11,10.52745
-3.15,4,10.559689
-3.15,4,10.588093
3.55,10,10.630744
-3.15,4,10.657815
-3.15,4,10.688478
-3.05,2,10.716903
-3.4,9,10.758896
-3.1,3,10.792014
-3.0,1,10.819802
-3.1,3,10.851754
-3.3,7,10.887553
-3.2,5,10.919653
-3.1,3,10.946344
-3.3,7,10.977054
-3.15,4,11.005789
-3.15,4,11.034431
-3.05,2,11.057616
-3.1,3,11.087094
-3.7,15,11.280163
-3.0,1,11.304512
-3.0,1,11.327144
-3.45,10,11.375099
-3.05,2,11.402251
4.75,2,11.429777
-3.3,7,11.462916
-3.3,7,11.496324
3.55,10,11.534109
-3.05,2,11.565097
-3.15,4,11.599447
-3.4,9,11.634504
-3.05,2,11.661519
4.15,6,11.693478
-3.05,2,11.719466
-3.05,2,11.745983
4.3,5,11.785957
-3.0,1,11.817471
-3.15,4,11.848819
-3.1,3,11.884519
-3.2,5,11.923114
3.25,12,11.973008
3.7,9,12.019843
4.75,2,12.056703
-3.1,3,12.094987
4.15,6,12.132228
4.15,6,12.169962
4.45,4,12.203008
-3.0,1,12.227387
-3.0,1,12.252295
4.6,3,12.290661
4.75,2,12.320603
-3.0,1,12.342746
-3.05,2,12.372739
-3.05,2,12.403214
-3.1,3,12.437765
-3.0,1,12.467692
-3.0,1,12.492759
-3.25,6,12.521013
-3.05,2,12.548202
-3.1,3,12.573614
4.0,7,12.607791
3.55,10,12.647148
4.9,1,12.66804
4.0,7,12.701199
-3.1,3,12.725467
-3.1,3,12.757129
4.3,5,12.787767
4.6,3,12.820063
-3.0,1,12.845434
-3.0,1,12.869398
3.4,11,12.908139
4.45,4,12.938016
-3.05,2,12.967437
-3.2,5,12.997662
-3.3,7,13.030116
-3.35,8,13.064099
-3.25,6,13.097983
4.45,4,13.137803
-3.2,5,13.322817
4.3,5,13.354197
-3.2,5,13.380803
-3.25,6,13.412993
4.3,5,13.445481
-3.1,3,13.474407
-3.6,13,13.517496
-3.3,7,13.550647
-3.05,2,13.573787
4.0,7,13.605779
-3.45,10,13.643909
-3.25,6,13.679938
3.7,9,13.718994
-3.1,3,13.747213
-3.0,1,13.773832
-3.05,2,13.798923
-3.3,7,13.830872
3.85,8,13.865918
-3.55,12,13.912147
-3.25,6,13.941802
-3.3,7,13.982185
4.9,1,14.006961
-3.25,6,14.040074
3.85,8,14.073939
3.85,8,14.111826
-3.4,9,14.153782
-3.05,2,14.180908
-3.6,13,14.230874
-3.15,4,14.266525
4.3,5,14.293728
-3.05,2,14.320396
-3.0,1,14.345231
4.3,5,14.375931
-3.15,4,14.403572
-3.7,15,14.448288
-3.05,2,14.47351
4.45,4,14.499938
-3.1,3,14.527369
-3.2,5,14.555528
-3.15,4,14.582899
-3.0,1,14.605652
-3.4,9,14.638548
-3.0,1,14.661272
-3.5,11,14.704245
-3.05,2,14.733679
4.3,5,14.765452
4.45,4,14.956749
-3.4,9,15.000077
3.55,10,15.041316
4.15,6,15.077111
-3.35,8,15.115367
4.0,7,15.149716
-3.2,5,15.179867
-3.25,6,15.213784
4.3,5,15.247346
-3.3,7,15.282926
4.6,3,15.309704
3.1,13,15.360198
-3.0,1,15.387362
-3.0,1,15.412853
-3.3,7,15.45027
-3.35,8,15.493044
3.4,11,15.541917
-3.05,2,15.570996
-3.3,7,15.604625
-3.35,8,15.63664
-3.65,14,15.677657
-3.5,11,15.71722
-3.2,5,15.746205
4.3,5,15.773316
-3.05,2,15.799766
-3.2,5,15.825564
4.3,5,15.855438
-3.0,1,15.878006
-3.35,8,15.911622
-3.15,4,15.935367
4.15,6,15.964554
-3.15,4,15.988773
3.55,10,16.030826
-3.05,2,16.063461
-3.1,3,16.091303
-3.35,8,16.12438
4.75,2,16.14753
-3.05,2,16.171798
-3.3,7,16.204554
-3.0,1,16.223834
-3.5,11,16.261646
-3.05,2,16.284449
4.45,4,16.313582
-3.2,5,16.340037
-3.0,1,16.359957
4.15,6,16.540519
4.45,4,16.569789
-3.25,6,16.598521
-3.15,4,16.62754
3.85,8,16.662297
-3.1,3,16.688719
-3.0,1,16.7147
4.0,7,16.748522
-3.0,1,16.772522
4.45,4,16.801253
-3.0,1,16.826762
3.7,9,16.863781
-3.1,3,16.890474
-3.05,2,16.915134
-3.5,11,16.95429
4.6,3,16.979951
-3.0,1,17.005623
4.0,7,17.046014
4.0,7,17.086464
-3.3,7,17.121916
-3.0,1,17.146501
-3.3,7,17.183329
-3.5,11,17.220894
4.6,3,17.251358
-3.4,9,17.28536
3.85,8,17.317526
-3.1,3,17.343697
3.85,8,17.3775
-3.1,3,17.406022
-3.2,5,17.43459
-3.25,6,17.464928
4.45,4,17.500668
4.15,6,17.532222
-3.45,10,17.567722
-3.3,7,17.601063
-3.05,2,17.622363
-3.45,10,17.656651
-3.0,1,17.681742
-3.25,6,17.711067
3.85,8,17.74539
4.0,7,17.778925
-3.15,4,17.812959
-3.35,8,17.849658
-3.05,2,17.876567
-3.2,5,17.909591
-3.3,7,17.941383
-3.0,1,17.963876
-3.4,9,17.998166
-3.15,4,18.204273
-3.15,4,18.236674
3.85,8,18.276996
4.15,6,18.3124
-3.1,3,18.339282
-3.25,6,18.376673
4.3,5,18.409129
-3.15,4,18.44122
-3.1,3,18.470833
-3.25,6,18.501347
-3.0,1,18.523084
4.15,6,18.556287
-3.05,2,18.584887
-3.4,9,18.622676
3.7,9,18.657459
4.75,2,18.685738
4.0,7,18.718372
3.7,9,18.765537
4.45,4,18.791993
4.15,6,18.824145
-3.4,9,18.870481
-3.15,4,18.90289
-3.5,11,18.948386
4.0,7,18.984399
-3.25,6,19.017667
-3.0,1,19.048836
-3.3,7,19.100135
4.0,7,19.147267
4.3,5,19.18675
-3.05,2,19.211177
-3.05,2,19.248838
4.45,4,19.279831
3.55,10,19.317098
-3.25,6,19.35197
4.0,7,19.386512
-3.05,2,19.40846
-3.15,4,19.438312
4.0,7,19.473628
4.6,3,19.498477
-3.15,4,19.525625
-3.3,7,19.566908
-3.0,1,19.595291
-3.1,3,19.626024
-3.1,3,19.653892
-3.35,8,19.694324
-3.3,7,19.732909
-3.35,8,19.774239
4.6,3,19.800784
-3.1,3,19.828786
-3.1,3,20.033814
-3.25,6,20.065209
4.0,7,20.100135
-3.25,6,20.139041
-3.45,10,20.191422
-1.75,15,20.252061
-3.25,6,20.288579
-3.0,1,20.314153
-3.1,3,20.345856
-3.15,4,20.374161
-3.35,8,20.413464
4.75,2,20.437274
-3.5,11,20.47405
-3.1,3,20.501017
-3.4,9,20.542426
-3.25,6,20.573083
-3.1,3,20.599343
-3.05,2,20.62254
3.85,8,20.654393
3.7,9,20.688729
-3.35,8,20.720508
-3.0,1,20.742071
3.85,8,20.781557
-3.35,8,20.822671
4.3,5,20.85528
4.3,5,20.891548
-3.2,5,20.923015
3.85,8,20.962382
-3.1,3,20.995404
-3.1,3,21.019382
-3.05,2,21.048893
4.0,7,21.08428
-3.65,14,21.129266
-3.25,6,21.16054
-3.1,3,21.18863
-3.1,3,21.221733
4.15,6,21.257951
-3.45,10,21.299876
4.0,7,21.338581
-3.4,9,21.38986
-3.25,6,21.425633
-3.15,4,21.458168
-3.0,1,21.485804
-3.0,1,21.51754
4.0,7,21.767943
-3.2,5,21.80318
-3.05,2,21.833431
-3.35,8,21.876614
-3.15,4,21.912587
-3.1,3,21.938444
3.85,8,21.978885
-3.25,6,22.008618
-3.45,10,22.049022
4.45,4,22.080698
-3.25,6,22.108494
-3.45,10,22.146505
-3.05,2,22.176273
-3.35,8,22.211892
-3.4,9,22.252184
4.0,7,22.28522
-3.35,8,22.320426
3.7,9,22.361697
4.6,3,22.394503
-3.3,7,22.425933
4.3,5,22.454173
4.6,3,22.483799
-3.25,6,22.521278
-3.0,1,22.550863
-3.0,1,22.582613
4.75,2,22.617146
4.15,6,22.661515
-3.25,6,22.699764
4.6,3,22.724056
4.0,7,22.756231
-3.1,3,22.783172
3.4,11,22.82305
-3.1,3,22.848646
-3.1,3,22.874437
-3.3,7,22.90921
-3.3,7,22.946497
-3.35,8,22.981582
-3.5,11,23.023018
4.0,7,23.061178
3.1,13,23.109082
-3.05,2,23.141953
-3.05,2,23.171304
4.3,5,23.202485
3.55,10,23.244377
-3.3,7,23.434239
-3.3,7,23.468067
-3.2,5,23.502347
-3.2,5,23.53451
-3.35,8,23.568151
-3.45,10,23.607144
-3.15,4,23.639292
-3.25,6,23.67864
4.15,6,23.713673
4.45,4,23.739049
3.85,8,23.781602
-3.2,5,23.815445
-3.3,7,23.845994
-3.1,3,23.870344
-3.2,5,23.899066
-3.05,2,23.922844
3.85,8,23.961507
-3.35,8,23.993441
3.7,9,24.025418
-3.0,1,24.04944
4.0,7,24.079984
3.55,10,24.117031
4.15,6,24.154923
4.45,4,24.184438
-3.3,7,24.2152
-3.4,9,24.255683
-3.25,6,24.284372
-3.3,7,24.314916
-3.5,11,24.358799
-3.35,8,24.391854
-3.35,8,24.423834
-3.4,9,24.46143
4.3,5,24.489111
-3.0,1,24.511658
4.0,7,24.542668
4.15,6,24.573721
-3.55,12,24.611474
-3.1,3,24.637176
-3.05,2,24.661132
-3.5,11,24.88579
3.7,9,24.930018
4.0,7,24.977909
4.75,2,25.013461
-3.2,5,25.045063
-3.05,2,25.070464
3.55,10,25.115119
-3.35,8,25.152381
4.0,7,25.195382
-3.45,10,25.234994
4.3,5,25.266558
-3.1,3,25.297513
4.15,6,25.334281
2.95,14,25.383864
4.15,6,25.413604
-3.25,6,25.446083
4.3,5,25.471169
-3.25,6,25.502092
3.1,13,25.543
-3.15,4,25.567286
-3.25,6,25.599983
4.15,6,25.629764
3.7,9,25.666553
4.0,7,25.700557
4.0,7,25.737868
3.7,9,25.774096
-3.3,7,25.805479
-3.2,5,25.836237
-3.3,7,25.868523
-3.05,2,25.896024
-3.25,6,25.92507
4.15,6,25.953681
-3.4,9,25.986222
3.4,11,26.02278
-3.35,8,26.056238
-3.1,3,26.080795
4.45,4,26.10857
-3.2,5,26.135531
4.0,7,26.174279
-3.2,5,26.367141
-3.2,5,26.395467
3.4,11,26.442756
4.0,7,26.477577
3.25,12,26.519438
4.6,3,26.548759
4.0,7,26.581769
-3.1,3,26.608569
4.6,3,26.63424
-3.35,8,26.668946
4.45,4,26.7006
4.3,5,26.733107
4.6,3,26.755217
-3.35,8,26.787819
4.15,6,26.822129
4.6,3,26.851661
-3.15,4,26.876951
-3.2,5,26.905483
-3.2,5,26.939394
-3.3,7,26.970367
-3.05,2,26.992253
3.4,11,27.03495
3.85,8,27.069621
-3.2,5,27.103594
-3.2,5,27.132565
4.0,7,27.16672
-3.15,4,27.196205
-3.35,8,27.233771
3.7,9,27.271088
-3.45,10,27.320237
3.55,10,27.363593
-3.15,4,27.40097
4.45,4,27.428223
-3.25,6,27.458593
-3.2,5,27.486789
4.15,6,27.518284
-3.2,5,27.546207
-3.4,9,27.578903
-3.15,4,27.603844
-3.05,2,27.631198
-3.05,2,27.661067
4.45,4,27.688962
3.7,9,27.734617
3.85,8,27.937809
-3.3,7,27.975124
-3.4,9,28.017462
-3.25,6,28.052426
-3.2,5,28.081954
4.15,6,28.117142
-3.1,3,28.145017
-3.4,9,28.181006
-3.2,5,28.217177
3.7,9,28.253597
3.55,10,28.296338
-3.5,11,28.342282
4.75,2,28.369557
4.15,6,28.408161
-3.2,5,28.443179
4.6,3,28.468764
-3.25,6,28.498392
4.75,2,28.525436
-3.0,1,28.546514
3.7,9,28.57881
4.15,6,28.606417
3.55,10,28.64376
3.85,8,28.677968
-3.3,7,28.709377
-3.25,6,28.739442
-3.1,3,28.767316
4.6,3,28.793379
4.0,7,28.825909
-3.3,7,28.859478
-3.15,4,28.886521
-3.3,7,28.917318
4.3,5,28.945803
4.45,4,28.973183
-3.5,11,29.008435
4.15,6,29.039118
-3.1,3,29.065147
4.0,7,29.09786
-3.45,10,29.134336
-3.0,1,29.15727
3.55,10,29.196317
-3.05,2,29.218608
-3.45,10,29.252221
-3.25,6,29.457426
3.4,11,29.501799
-3.0,1,29.529384
4.0,7,29.57066
-3.15,4,29.601197
4.75,2,29.631293
4.3,5,29.666153
-3.25,6,29.6995
-3.3,7,29.745509
-3.15,4,29.773145
-3.1,3,29.80459
4.3,5,29.836525
4.6,3,29.869531
-3.15,4,29.897988
4.45,4,29.926943
-3.35,8,29.966232
4.0,7,30.000194
-3.15,4,30.028841
3.55,10,30.065523
3.4,11,30.102996
4.15,6,30.132241
-3.3,7,30.165822
-3.3,7,30.19921
-3.1,3,30.225635
4.0,7,30.262892
-3.1,3,30.297333
4.45,4,30.324632
-3.4,9,30.361526
-3.2,5,30.390134
-3.05,2,30.415451
3.55,10,30.451529
-3.2,5,30.478302
-3.25,6,30.505403
-3.1,3,30.533618
-3.4,9,30.570258
-3.15,4,30.597486
4.15,6,30.628674
-3.15,4,30.655413
4.0,7,30.687959
-3.05,2,30.715159
-3.35,8,30.750213
-3.0,1,30.771384
-3.15,4,30.80049
3.4,11,30.842818
3.7,9,30.88729
4.15,6,31.085789
-3.3,7,31.118806
3.85,8,31.162553
-3.45,10,31.203944
-3.2,5,31.242005
-3.25,6,31.276167
4.3,5,31.30653
4.3,5,31.339183
-3.05,2,31.367964
-3.1,3,31.398056
-3.05,2,31.421679
-3.15,4,31.448733
-3.1,3,31.473208
4.6,3,31.505462
4.45,4,31.534356
-3.3,7,31.569875
4.0,7,31.611352
4.15,6,31.648939
3.7,9,31.68558
-3.25,6,31.725486
4.15,6,31.759051
4.15,6,31.78963
-3.15,4,31.819542
3.85,8,31.854236
-3.05,2,31.881108
4.3,5,31.915787
3.85,8,31.954387
4.15,6,31.987213
4.15,6,32.019702
-3.35,8,32.064487
-3.15,4,32.104298
-3.0,1,32.132448
-3.45,10,32.171826
-3.4,9,32.208138
3.1,13,32.251283
-3.4,9,32.288304
-3.45,10,32.329285
-3.15,4,32.361423
3.25,12,32.404414
3.85,8,32.442581
3.4,11,32.480287
4.0,7,32.662928
-3.2,5,32.694522
-3.4,9,32.729364
-3.5,11,32.771325
4.0,7,32.809871
-3.15,4,32.839189
-3.1,3,32.868716
4.45,4,32.899889
-3.3,7,32.936191
-3.1,3,32.965413
-3.5,11,33.002623
-3.05,2,33.023643
-3.45,10,33.059054
-3.35,8,33.095051
4.3,5,33.128306
4.15,6,33.158835
-3.45,10,33.198654
-3.15,4,33.230525
-3.5,11,33.271653
-3.2,5,33.3035
-3.1,3,33.329776
3.7,9,33.368531
3.85,8,33.404637
-3.25,6,33.438242
3.7,9,33.474087
4.0,7,33.507055
4.45,4,33.535556
-3.35,8,33.579292
-3.15,4,33.607081
-3.05,2,33.634044
3.85,8,33.676105
-3.1,3,33.708578
4.15,6,33.744895
4.0,7,33.78407
-3.2,5,33.816595
-3.05,2,33.845898
4.15,6,33.878017
4.3,5,33.908695
-3.3,7,33.939261
4.15,6,33.970888
4.45,4,34.001608
4.0,7,34.041881
-3.2,5,34.26104
-3.45,10,34.303772
4.3,5,34.33999
-3.3,7,34.380079
4.3,5,34.416644
-3.4,9,34.465501
-3.35,8,34.501923
3.55,10,34.546741
3.25,12,34.586808
-3.5,11,34.623313
-3.3,7,34.655807
-3.25,6,34.684592
-3.35,8,34.719676
-3.25,6,34.755439
3.4,11,34.797016
-3.3,7,34.830737
-3.1,3,34.85757
-3.05,2,34.882905
3.85,8,34.919123
3.85,8,34.951375
4.0,7,34.984971
3.85,8,35.02548
-3.5,11,35.07201
4.15,6,35.109419
-3.05,2,35.136463
4.9,1,35.159181
-3.15,4,35.186813
4.15,6,35.215878
-3.25,6,35.245719
-3.0,1,35.266771
3.85,8,35.303832
-3.15,4,35.331584
-3.05,2,35.357545
3.7,9,35.39986
-3.45,10,35.434465
3.55,10,35.473846
-3.1,3,35.500699
-3.15,4,35.531479
-3.45,10,35.74025
-3.1,3,35.772277
4.3,5,35.801038
-3.05,2,35.827878
-3.5,11,35.868669
-3.1,3,35.901532
4.15,6,35.934669
-3.35,8,35.966493
-3.5,11,36.007195
3.85,8,36.042786
3.85,8,36.079744
3.85,8,36.115641
4.3,5,36.145894
-3.25,6,36.175596
-3.15,4,36.204313
3.85,8,36.24351
-3.15,4,36.280715
-3.2,5,36.308453
-3.15,4,36.342164
4.45,4,36.372824
3.85,8,36.414133
-3.15,4,36.437277
-3.15,4,36.466718
-3.05,2,36.492457
-3.5,11,36.5311
-3.0,1,36.550817
-3.2,5,36.577036
4.0,7,36.610179
4.3,5,36.637721
4.15,6,36.671554
-3.2,5,36.700367
-3.3,7,36.733439
-3.25,6,36.771195
-3.35,8,36.808929
4.15,6,36.846824
-1.75,15,36.894613
-3.05,2,36.917565
4.15,6,36.949821
3.7,9,36.989216
-3.3,7,37.026474
3.7,9,37.063142
4.0,7,37.098506
-3.4,9,37.293078
-3.5,11,37.330563
3.7,9,37.368721
-3.2,5,37.399532
-3.1,3,37.425899
4.15,6,37.454029
-3.15,4,37.484848
4.0,7,37.520253
4.15,6,37.556924
-3.45,10,37.59134
-3.45,10,37.63026
-3.3,7,37.661475
-3.5,11,37.70503
4.3,5,37.739033
4.15,6,37.772281
-3.2,5,37.804596
4.15,6,37.842625
4.0,7,37.875927
4.0,7,37.909581
-3.1,3,37.936053
-3.35,8,37.969607
4.75,2,37.997067
4.3,5,38.025361
3.7,9,38.061696
4.0,7,38.094112
-3.6,13,38.140871
4.0,7,38.178535
-3.05,2,38.201505
4.3,5,38.231866
4.45,4,38.265032
3.85,8,38.298986
-3.4,9,38.343285
-3.35,8,38.380649
-3.3,7,38.416255
-3.2,5,38.44522
4.15,6,38.476177
4.3,5,38.506723
4.15,6,38.537347
-3.3,7,38.700004
-3.5,11,38.738096
-3.1,3,38.768411
-3.35,8,38.807739
-3.3,7,38.847684
-3.0,1,38.875285
4.0,7,38.912005
-3.05,2,38.937346
-3.05,2,38.964014
-3.25,6,38.993883
3.4,11,39.035168
3.55,10,39.077579
-3.2,5,39.106699
4.0,7,39.145272
-3.2,5,39.176325
-3.1,3,39.204988
4.6,3,39.240031
-3.4,9,39.279828
-3.2,5,39.307574
-3.25,6,39.336215
4.15,6,39.367993
4.15,6,39.39783
-3.35,8,39.428972
4.45,4,39.453454
-3.25,6,39.487975
3.85,8,39.525865
3.7,9,39.559028
-3.5,11,39.591236
4.0,7,39.624543
-3.25,6,39.660458
3.85,8,39.694854
4.45,4,39.723724
-3.55,12,39.763063
3.4,11,39.812002
4.6,3,39.839921
4.15,6,39.871866
3.25,12,39.913218
4.6,3,39.939879
3.7,9,39.974984
-3.2,5,40.174163
4.45,4,40.201459
-3.45,10,40.234089
4.3,5,40.263075
4.3,5,40.294821
-3.0,1,40.319742
4.15,6,40.349627
-3.0,1,40.373224
-3.1,3,40.401904
-3.3,7,40.431997
3.85,8,40.467826
3.55,10,40.513241
-3.1,3,40.539235
-3.2,5,40.566979
4.45,4,40.597392
4.0,7,40.632605
-3.45,10,40.674439
-3.3,7,40.711113
-3.15,4,40.741428
-3.35,8,40.784056
3.85,8,40.818572
4.0,7,40.852528
4.3,5,40.884215
4.45,4,40.911758
-3.2,5,40.944111
3.85,8,40.977744
-3.05,2,41.001523
3.4,11,41.045776
-3.15,4,41.072392
-3.1,3,41.104647
-3.45,10,41.141836
-3.2,5,41.170879
4.0,7,41.204509
3.85,8,41.235887
4.3,5,41.26463
-3.25,6,41.292563
-3.3,7,41.326602
-3.2,5,41.353479
-3.15,4,41.383246
-3.45,10,41.421174
-3.45,10,41.464101
4.3,5,41.497121
3.55,10,41.712143
-3.15,4,41.739964
3.85,8,41.77568
-3.35,8,41.808895
4.45,4,41.843882
-3.25,6,41.873637
3.55,10,41.912757
-3.0,1,41.9404
-3.15,4,41.967923
-3.45,10,42.010147
-3.2,5,42.038528
-3.25,6,42.073729
-3.15,4,42.10544
4.3,5,42.138712
-3.15,4,42.167951
4.45,4,42.197691
-3.1,3,42.228136
4.45,4,42.258693
4.3,5,42.289567
-3.1,3,42.314591
-3.2,5,42.347137
4.45,4,42.374961
3.4,11,42.416208
4.15,6,42.447019
-3.15,4,42.472026
-3.2,5,42.502144
-3.15,4,42.531563
4.45,4,42.560369
-3.05,2,42.586932
3.7,9,42.625404
-3.2,5,42.653613
-3.55,12,42.695436
4.3,5,42.724673
3.7,9,42.761681
-3.35,8,42.794072
-3.05,2,42.817612
3.7,9,42.858885
-3.05,2,42.882242
-3.55,12,42.918081
-3.2,5,42.944481
-3.6,13,42.984272
4.3,5,43.016443
-3.2,5,43.04537
3.85,8,43.076919
-3.5,11,43.264912
4.0,7,43.296168
-3.4,9,43.330341
-3.3,7,43.36606
-3.2,5,43.39188
4.45,4,43.41923
4.3,5,43.452156
-3.3,7,43.485445
-3.6,13,43.527053
-3.45,10,43.565345
-3.35,8,43.600085
4.15,6,43.632079
-3.35,8,43.669172
-3.25,6,43.701744
-3.25,6,43.731242
-3.25,6,43.763852
-3.4,9,43.81236
4.15,6,43.85613
-3.2,5,43.89207
-3.35,8,43.931235
-3.0,1,43.956515
-3.1,3,43.983717
-3.3,7,44.015779
4.15,6,44.057128
3.4,11,44.10195
4.45,4,44.131125
-3.5,11,44.164476
4.3,5,44.19457
4.0,7,44.22637
3.85,8,44.260301
3.7,9,44.293868
-3.1,3,44.318511
-3.2,5,44.344546
-3.25,6,44.377023
-3.3,7,44.416595
-3.3,7,44.448904
-3.3,7,44.487845
-3.35,8,44.656939
4.45,4,44.685494
-3.25,6,44.720631
-3.25,6,44.753747
4.0,7,44.785707
-3.15,4,44.813741
4.6,3,44.844088
4.6,3,44.874707
4.3,5,44.908915
4.15,6,44.939244
-3.05,2,44.962465
-3.3,7,44.999413
-3.2,5,45.029401
-3.4,9,45.068107
-3.15,4,45.101657
-3.2,5,45.132453
3.85,8,45.167591
4.0,7,45.204022
3.7,9,45.241839
-3.25,6,45.276417
-3.2,5,45.305994
4.45,4,45.337274
-3.4,9,45.381239
3.85,8,45.41932
-3.1,3,45.44751
3.7,9,45.490128
-3.2,5,45.520709
-3.5,11,45.558729
4.3,5,45.585769
-3.1,3,45.609509
-3.25,6,45.637015
-3.4,9,45.67299
-3.25,6,45.700864
-3.15,4,45.729693
-3.3,7,45.761772
-3.45,10,45.796293
-3.2,5,45.823744
4.15,6,45.854374
4.45,4,45.882328
-3.2,5,45.919288
-3.3,7,45.959863
4.15,6,45.992985
-3.25,6,46.027963
4.3,5,46.200485
-3.05,2,46.224827
-3.2,5,46.256705
-3.3,7,46.291393
-3.4,9,46.330373
-3.35,8,46.363483
-3.55,12,46.40561
-3.3,7,46.439445
4.15,6,46.474611
-3.15,4,46.503295
4.3,5,46.532302
-3.25,6,46.563172
-3.25,6,46.594143
4.15,6,46.624933
4.0,7,46.658236
-3.1,3,46.685957
4.6,3,46.715333
-3.1,3,46.749055
4.15,6,46.781646
-3.2,5,46.810741
-3.2,5,46.843034
4.15,6,46.874595
-3.1,3,46.902835
4.3,5,46.932829
4.0,7,46.972543
-3.25,6,47.007324
3.85,8,47.04693
4.15,6,47.074634
4.75,2,47.101643
3.85,8,47.144053
-3.35,8,47.182478
-3.25,6,47.215347
3.55,10,47.24952
-3.4,9,47.28384
4.0,7,47.316656
4.45,4,47.346101
-3.05,2,47.369179
4.45,4,47.397154
4.15,6,47.426547
-3.3,7,47.457734
-3.25,6,47.488819
3.4,11,47.524661
-3.05,2,47.546853
-3.15,4,47.574218
-3.15,4,47.740556
-3.0,1,47.763056
4.3,5,47.795978
4.15,6,47.831199
-3.1,3,47.858881
-3.45,10,47.897205
3.55,10,47.932633
4.0,7,47.966984
-3.3,7,47.997728
-3.2,5,48.024441
-3.35,8,48.057138
4.75,2,48.082007
-3.55,12,48.12463
3.55,10,48.16821
4.15,6,48.211115
-3.2,5,48.248567
-3.25,6,48.281212
-3.55,12,48.328746
-3.3,7,48.369781
3.4,11,48.411018
-3.15,4,48.44006
4.0,7,48.482128
4.45,4,48.515276
4.3,5,48.541266
4.3,5,48.575604
4.45,4,48.605666
4.45,4,48.641324
-3.35,8,48.679926
-3.1,3,48.713309
-3.35,8,48.745782
3.7,9,48.783116
-3.25,6,48.818468
4.45,4,48.847054
4.3,5,48.877729
4.6,3,48.903099
4.0,7,48.942778
-3.15,4,48.966809
4.15,6,48.997896
4.45,4,49.022114
-3.25,6,49.053033
4.6,3,49.07974
3.85,8,49.112163
4.0,7,49.293425
3.85,8,49.32767
4.3,5,49.356086
4.45,4,49.384137
-3.45,10,49.428702
4.3,5,49.458995
3.4,11,49.495024
4.0,7,49.527798
3.85,8,49.561596
-3.4,9,49.594383
4.75,2,49.624328
-3.1,3,49.652017
4.15,6,49.690699
3.25,12,49.740427
3.55,10,49.782565
-3.15,4,49.809667
-3.35,8,49.841755
-3.3,7,49.872485
-3.1,3,49.903531
-3.45,10,49.942672
-3.05,2,49.967503
-3.4,9,50.013257
-3.25,6,50.04198
-3.35,8,50.080789
-3.25,6,50.112552
-3.2,5,50.148706
4.0,7,50.181998
-3.5,11,50.229727
4.45,4,50.260894
3.55,10,50.30759
4.6,3,50.333625
-3.15,4,50.362572
3.4,11,50.399501
4.45,4,50.428572
-3.15,4,50.45874
4.0,7,50.490955
4.75,2,50.518342
-3.45,10,50.555006
4.45,4,50.582816
3.55,10,50.760289
3.55,10,50.799395
3.85,8,50.836059
-3.3,7,50.871086
4.3,5,50.90741
-3.35,8,50.942744
-3.35,8,50.97929
4.6,3,51.011385
4.45,4,51.042174
4.0,7,51.081475
-3.25,6,51.116552
-3.3,7,51.150828
4.3,5,51.184629
-3.4,9,51.221848
3.25,12,51.265449
3.7,9,51.312609
-3.25,6,51.349073
-3.55,12,51.393495
-3.45,10,51.431206
-3.35,8,51.466166
-3.5,11,51.509388
4.6,3,51.537937
3.85,8,51.580212
4.45,4,51.615864
4.15,6,51.651014
-3.05,2,51.678599
4.15,6,51.715124
3.7,9,51.761801
-3.3,7,51.798051
3.85,8,51.834137
4.45,4,51.868263
4.45,4,51.901578
-3.3,7,51.932748
-3.15,4,51.961544
-3.25,6,51.991514
3.85,8,52.027401
-3.5,11,52.223758
-3.4,9,52.267131
-3.35,8,52.313907
4.15,6,52.347353
3.4,11,52.384042
-3.3,7,52.419028
-3.1,3,52.443471
3.4,11,52.485208
-3.4,9,52.520413
3.4,11,52.556414
3.25,12,52.593818
3.85,8,52.624676
-3.25,6,52.654264
4.6,3,52.682363
-3.15,4,52.708581
3.55,10,52.745069
-3.35,8,52.784637
3.25,12,52.823081
-3.35,8,52.855801
-3.3,7,52.890795
-3.1,3,52.919589
4.0,7,52.952688
4.0,7,52.985212
-3.3,7,53.021236
3.7,9,53.05896
4.3,5,53.093056
3.55,10,53.130579
-3.3,7,53.162555
-3.5,11,53.199837
-3.05,2,53.227139
4.15,6,53.263504
4.3,5,53.294719
4.0,7,53.331101
-3.6,13,53.383018
-3.0,1,53.412826
-3.45,10,53.593788
-3.35,8,53.629989
3.85,8,53.6674
4.75,2,53.70155
-3.15,4,53.729944
-3.6,13,53.772904
-3.05,2,53.801369
4.3,5,53.832954
-3.4,9,53.869644
-3.3,7,53.904869
3.7,9,53.945372
4.0,7,53.975538
3.4,11,54.0151
3.25,12,54.052407
3.55,10,54.093362
4.3,5,54.124902
4.0,7,54.156518
4.3,5,54.185333
-3.25,6,54.212455
-3.35,8,54.24602
4.3,5,54.277911
-3.25,6,54.306894
-3.6,13,54.34996
-3.1,3,54.386048
4.0,7,54.425442
-3.35,8,54.461132
4.3,5,54.490546
-3.1,3,54.517345
3.7,9,54.556383
-3.25,6,54.586703
-3.25,6,54.618376
-3.25,6,54.65003
4.15,6,54.684768
3.85,8,54.721785
4.3,5,54.751803
3.85,8,54.785603
-3.15,4,54.822903
4.0,7,55.03232
-3.35,8,55.068485
-3.65,14,55.117569
-3.2,5,55.147302
4.15,6,55.177138
-3.4,9,55.210235
3.7,9,55.246563
-3.3,7,55.280409
-3.4,9,55.318079
-3.35,8,55.352236
-3.2,5,55.381441
4.3,5,55.412437
-3.2,5,55.445733
-3.35,8,55.479253
-3.1,3,55.504799
3.7,9,55.53605
-3.3,7,55.568154
-3.15,4,55.596816
3.85,8,55.628487
-3.45,10,55.665993
3.55,10,55.707126
3.7,9,55.748497
4.45,4,55.778821
4.3,5,55.81027
4.3,5,55.841779
-3.2,5,55.868719
-3.25,6,55.898887
-3.4,9,55.937698
4.15,6,55.968612
-3.3,7,56.006279
4.45,4,56.032693
4.3,5,56.063576
-3.3,7,56.095963
-3.35,8,56.129267
3.85,8,56.168268
-3.05,2,56.19468
-3.1,3,56.223868
3.4,11,56.416539
-3.25,6,56.45263
-3.5,11,56.495162
4.15,6,56.523566
-3.35,8,56.554866
4.0,7,56.589656
-3.35,8,56.621739
-3.4,9,56.654832
3.85,8,56.691179
4.15,6,56.723017
3.55,10,56.761317
-3.35,8,56.797674
-3.25,6,56.835319
-3.15,4,56.862565
-3.25,6,56.904708
4.3,5,56.937777
-3.35,8,56.972731
3.55,10,57.01171
-3.35,8,57.043351
4.3,5,57.076145
4.3,5,57.105859
-3.6,13,57.145838
4.3,5,57.179052
-3.2,5,57.207517
-3.4,9,57.244406
-3.55,12,57.284148
4.0,7,57.315651
-3.2,5,57.342953
-3.05,2,57.367705
-3.3,7,57.398781
4.15,6,57.429298
3.85,8,57.46544
4.3,5,57.500495
-3.5,11,57.543919
-3.15,4,57.568962
-3.35,8,57.609138
-3.35,8,57.794203
4.3,5,57.826261
3.7,9,57.863395
-3.05,2,57.890795
4.3,5,57.91869
3.85,8,57.959669
3.55,10,57.995745
3.25,12,58.046833
-3.15,4,58.080547
4.45,4,58.111776
3.4,11,58.152093
3.55,10,58.200452
-3.55,12,58.242132
-3.1,3,58.272671
4.0,7,58.311033
-3.4,9,58.348598
-3.25,6,58.380982
3.55,10,58.425769
3.85,8,58.466001
-3.2,5,58.505205
-3.3,7,58.537424
-3.05,2,58.565887
4.0,7,58.597335
-3.45,10,58.635925
4.15,6,58.664189
3.55,10,58.702516
3.7,9,58.737761
4.6,3,58.765115
-3.0,1,58.789148
-3.25,6,58.821172
-3.05,2,58.866297
-3.15,4,58.911008
3.85,8,58.957345
-3.3,7,58.994585
-3.35,8,59.038942
4.3,5,59.073159
-3.2,5,59.1033
-3.15,4,59.133739
4.3,5,59.165986
3.85,8,59.356235
-3.1,3,59.385307
-3.15,4,59.41275
4.6,3,59.444689
-3.15,4,59.47568
-3.7,15,59.51973
3.85,8,59.551745
3.25,12,59.5976
-3.3,7,59.632684
-3.4,9,59.66684
-3.15,4,59.693175
-3.15,4,59.723081
-3.05,2,59.746721
-1.75,15,59.79122
-3.45,10,59.828569
4.0,7,59.863443
-3.15,4,59.89445
-3.25,6,59.926299
-3.25,6,59.957299
4.45,4,59.986158
-3.15,4,60.015607
-3.0,1,60.036712
-3.6,13,60.07923
-3.15,4,60.109381
-3.0,1,60.13254
3.4,11,60.176651
3.7,9,60.210882
-3.35,8,60.240813
3.85,8,60.272534
4.3,5,60.307155
3.55,10,60.347095
3.85,8,60.38246
3.55,10,60.428449
-1.75,15,60.483984
4.15,6,60.520295
-3.35,8,60.554493
3.85,8,60.754041
-3.3,7,60.789719
-3.05,2,60.823349
-3.2,5,60.858351
-3.4,9,60.899555
-3.15,4,60.932469
-3.6,13,60.976835
4.15,6,61.011504
-3.5,11,61.059825
-3.65,14,61.109303
-3.05,2,61.13648
4.15,6,61.173677
-3.2,5,61.199484
4.45,4,61.227376
4.6,3,61.25314
4.0,7,61.287016
-3.55,12,61.329746
-3.35,8,61.366464
-3.05,2,61.391537
3.25,12,61.433926
-3.5,11,61.473284
-3.25,6,61.502273
-3.65,14,61.548116
3.7,9,61.589209
-3.35,8,61.62509
-3.65,14,61.672045
-3.15,4,61.701838
-3.3,7,61.73486
-3.25,6,61.767232
3.7,9,61.805857
4.0,7,61.839872
4.45,4,61.865211
-3.0,1,61.889945
4.3,5,61.920745
-3.05,2,61.945307
3.25,12,62.147331
-3.2,5,62.177541
-3.3,7,62.212919
-3.35,8,62.246046
3.7,9,62.28384
4.0,7,62.318296
-3.2,5,62.350463
-3.05,2,62.381492
-3.2,5,62.414445
4.3,5,62.447063
-3.0,1,62.474143
-3.4,9,62.515175
-3.25,6,62.547897
4.45,4,62.577724
-3.25,6,62.608652
-3.25,6,62.637011
-3.1,3,62.670004
-3.6,13,62.721156
-3.2,5,62.758029
-3.25,6,62.789799
4.3,5,62.824037
4.15,6,62.860397
4.15,6,62.891387
3.4,11,62.928845
-3.3,7,62.958854
-3.05,2,62.98045
-3.4,9,63.014246
-3.2,5,63.047486
4.0,7,63.098393
-3.45,10,63.140787
4.45,4,63.166996
-3.4,9,63.205557
4.0,7,63.235635
-3.0,1,63.263979
4.3,5,63.295668
-3.3,7,63.326035
-3.15,4,63.355161
3.85,8,63.391304
3.55,10,63.42676
-3.45,10,63.468682
-3.2,5,63.502424
4.75,2,63.527047
4.0,7,63.703363
4.3,5,63.735116
-3.6,13,63.777809
4.45,4,63.804429
4.0,7,63.838419
4.15,6,63.872674
-3.35,8,63.911798
4.45,4,63.941098
-3.3,7,63.972656
-3.15,4,64.001812
3.55,10,64.043254
3.85,8,64.08317
3.85,8,64.11984
4.3,5,64.152064
4.0,7,64.188603
-3.35,8,64.221539
-3.3,7,64.253835
4.45,4,64.282531
-3.15,4,64.315262
4.3,5,64.344963
-3.3,7,64.376146
4.3,5,64.408233
4.15,6,64.448175
-3.4,9,64.486865
-3.3,7,64.522704
4.0,7,64.556608
-3.05,2,64.583285
-3.25,6,64.612742
-3.4,9,64.645768
3.85,8,64.688505
-3.4,9,64.723073
3.7,9,64.761004
4.0,7,64.792456
4.15,6,64.821069
4.0,7,64.853578
-3.15,4,64.881935
-3.05,2,64.908998
-3.3,7,64.942251
4.45,4,64.971552
-3.15,4,65.000542
4.0,7,65.228518
4.15,6,65.260804
4.6,3,65.283175
-3.25,6,65.325993
4.6,3,65.359599
3.85,8,65.399231
4.0,7,65.430845
-3.15,4,65.46463
-3.2,5,65.496716
4.0,7,65.530704
4.75,2,65.55721
4.75,2,65.589926
-3.05,2,65.611805
-3.0,1,65.635268
-3.0,1,65.658756
-3.2,5,65.690796
-3.0,1,65.714606
3.85,8,65.753148
3.55,10,65.799
-3.15,4,65.835938
4.15,6,65.870608
-3.2,5,65.898571
-3.3,7,65.931272
3.4,11,65.96804
-3.5,11,66.002876
-3.45,10,66.037023
-3.2,5,66.063949
-3.5,11,66.10698
-3.25,6,66.139049
-3.45,10,66.175374
4.15,6,66.201497
-3.3,7,66.232552
4.15,6,66.263475
-3.6,13,66.309581
-3.2,5,66.340046
4.0,7,66.374098
-3.45,10,66.407723
-3.35,8,66.440084
3.25,12,66.476364
4.15,6,66.513664
-3.25,6,66.695731
4.15,6,66.725781
-3.1,3,66.748267
4.0,7,66.779133
3.55,10,66.822223
-3.15,4,66.855621
4.15,6,66.884664
4.6,3,66.911536
3.85,8,66.953784
3.85,8,66.997727
3.55,10,67.041413
-3.3,7,67.081142
3.85,8,67.120061
-3.25,6,67.152965
-3.2,5,67.183717
4.45,4,67.2123
4.0,7,67.248475
-3.5,11,67.29574
4.15,6,67.329415
-3.2,5,67.365763
-3.65,14,67.422856
4.45,4,67.449482
4.45,4,67.478315
-3.45,10,67.519547
3.7,9,67.5541
3.7,9,67.596946
4.15,6,67.625598
-3.3,7,67.65729
-3.5,11,67.699661
3.85,8,67.731599
-3.6,13,67.776534
-3.15,4,67.805607
4.15,6,67.84053
3.7,9,67.877202
-3.2,5,67.909406
3.25,12,68.092908
4.0,7,68.130087
4.6,3,68.161937
4.45,4,68.190887
-3.5,11,68.234559
4.45,4,68.264307
3.85,8,68.305676
4.3,5,68.346754
-3.4,9,68.392274
-3.2,5,68.427633
3.25,12,68.474282
-3.3,7,68.506183
-3.3,7,68.539522
3.55,10,68.581884
4.6,3,68.607575
4.0,7,68.640088
-3.65,14,68.695895
-3.15,4,68.72798
4.45,4,68.759103
3.85,8,68.797479
3.85,8,68.83346
4.15,6,68.866929
-3.45,10,68.909372
4.0,7,68.955359
3.7,9,68.993818
3.85,8,69.025896
4.45,4,69.057753
-3.05,2,69.08202
-3.4,9,69.113671
3.7,9,69.147565
3.55,10,69.189544
3.4,11,69.229566
4.3,5,69.259321
4.3,5,69.286131
-3.55,12,69.33117
-3.35,8,69.512453
-3.25,6,69.539655
4.45,4,69.565469
-3.4,9,69.599814
4.0,7,69.630694
4.45,4,69.658534
4.45,4,69.681972
4.15,6,69.719872
-3.35,8,69.752959
4.0,7,69.79134
3.85,8,69.826477
4.0,7,69.866068
3.85,8,69.913535
-3.15,4,69.944378
3.7,9,69.981481
-3.05,2,70.00911
-3.1,3,70.040192
-3.2,5,70.07174
4.3,5,70.103714
-3.1,3,70.132251
-3.0,1,70.160043
-3.3,7,70.195692
-3.1,3,70.22588
3.25,12,70.274316
-3.1,3,70.296623
-3.1,3,70.326171
-3.5,11,70.365484
-3.1,3,70.391379
4.3,5,70.425696
3.7,9,70.46459
4.0,7,70.497629
-3.4,9,70.534921
-3.25,6,70.566893
4.0,7,70.597734
4.0,7,70.627009
-3.15,4,70.658174
4.3,5,70.689425
-3.35,8,70.721619
-3.15,4,70.753554
-3.3,7,70.78773
4.3,5,70.817384
-3.5,11,70.853371
-3.25,6,70.886121
3.7,9,71.081518
3.85,8,71.114771
3.85,8,71.14971
-3.25,6,71.184529
4.15,6,71.215576
-3.4,9,71.2496
-3.2,5,71.282213
4.3,5,71.314674
4.0,7,71.346219
-3.45,10,71.385301
4.3,5,71.415081
4.6,3,71.442742
4.3,5,71.475357
-3.3,7,71.512888
4.15,6,71.544966
-3.15,4,71.576848
-3.6,13,71.626782
4.45,4,71.660608
4.0,7,71.699989
4.45,4,71.736022
-3.35,8,71.775046
-3.65,14,71.82834
4.15,6,71.863596
3.55,10,71.908929
-3.55,12,71.95422
-3.35,8,71.98977
-3.2,5,72.027168
-3.05,2,72.057625
-3.35,8,72.08965
4.3,5,72.119453
-3.35,8,72.155519
3.85,8,72.196819
4.75,2,72.224724
4.6,3,72.254725
-3.35,8,72.298469
-3.6,13,72.351525
4.3,5,72.387957
4.3,5,72.561968
3.85,8,72.595812
-3.3,7,72.627068
4.15,6,72.659676
4.0,7,72.698605
-3.05,2,72.729629
3.85,8,72.764405
4.0,7,72.805387
3.85,8,72.83901
4.15,6,72.866518
-3.2,5,72.894736
4.6,3,72.923546
4.6,3,72.948766
3.55,10,72.986968
-3.35,8,73.021011
-3.3,7,73.054984
4.3,5,73.083429
-3.2,5,73.110568
-3.4,9,73.147037
-3.1,3,73.17406
-3.4,9,73.211199
4.3,5,73.24016
4.15,6,73.273782
4.0,7,73.312939
-3.25,6,73.346921
4.0,7,73.381434
4.15,6,73.416031
4.45,4,73.448067
4.15,6,73.482171
-3.1,3,73.50824
-3.45,10,73.546089
-3.4,9,73.581546
-3.2,5,73.616071
-3.35,8,73.651368
-3.2,5,73.681956
4.0,7,73.712255
-3.4,9,73.748004
-3.1,3,73.780277
4.15,6,73.816114
4.0,7,73.848584
3.7,9,73.887043
-3.2,5,74.07392
-3.45,10,74.115027
3.4,11,74.156121
-3.3,7,74.192295
-3.25,6,74.229918
-3.45,10,74.270885
3.55,10,74.306101
-3.0,1,74.328157
-3.55,12,74.365551
-3.45,10,74.403609
4.0,7,74.434412
4.3,5,74.463822
4.15,6,74.491163
3.55,10,74.528638
4.0,7,74.560032
-3.25,6,74.592026
-3.25,6,74.627172
4.0,7,74.661186
4.3,5,74.692287
4.45,4,74.722624
-3.2,5,74.756679
4.45,4,74.788066
-3.4,9,74.83047
-3.15,4,74.859629
4.0,7,74.902714
-3.3,7,74.944006
4.0,7,74.990694
4.15,6,75.032822
3.55,10,75.075826
4.6,3,75.106891
-3.15,4,75.151472
4.0,7,75.189647
-3.15,4,75.216442
3.85,8,75.258664
-3.4,9,75.293916
-3.3,7,75.326724
-3.4,9,75.361596
4.45,4,75.545371
-3.1,3,75.570681
-3.2,5,75.594719
4.0,7,75.630288
4.45,4,75.658401
-3.35,8,75.693528
4.3,5,75.722634
-3.15,4,75.751435
4.3,5,75.779731
-3.2,5,75.807622
-3.3,7,75.841622
-3.35,8,75.876393
3.7,9,75.909383
-3.25,6,75.940113
4.45,4,75.964649
-3.5,11,75.998908
-3.45,10,76.035406
4.15,6,76.061703
4.15,6,76.094948
4.3,5,76.122797
-3.05,2,76.147016
4.15,6,76.17771
4.6,3,76.205519
4.3,5,76.229833
-3.3,7,76.260272
-3.35,8,76.295015
-3.4,9,76.331838
4.75,2,76.359299
-3.2,5,76.390892
-3.15,4,76.41474
3.85,8,76.455794
3.7,9,76.493132
-3.2,5,76.524266
4.15,6,76.555655
4.15,6,76.586652
-3.2,5,76.615157
-3.3,7,76.645332
-3.25,6,76.678131
4.75,2,76.707385
-3.2,5,76.737258
4.3,5,76.770897
-3.35,8,76.807305
3.55,10,76.845359
-3.35,8,77.056035
-3.15,4,77.081189
4.15,6,77.115
-3.25,6,77.148382
-3.35,8,77.18117
4.15,6,77.216739
3.4,11,77.260941
3.55,10,77.299085
-3.3,7,77.332675
4.0,7,77.367263
3.7,9,77.4044
-3.15,4,77.432093
4.6,3,77.456957
4.45,4,77.483652
4.15,6,77.514489
-3.35,8,77.544469
4.3,5,77.573126
3.85,8,77.605356
-3.15,4,77.630857
-3.35,8,77.662865
4.3,5,77.691679
-3.05,2,77.716649
3.7,9,77.755082
4.15,6,77.788479
3.85,8,77.821215
4.0,7,77.855489
-3.25,6,77.885706
4.6,3,77.910625
-3.35,8,77.95174
4.9,1,77.973801
-3.5,11,78.014422
4.15,6,78.047705
-3.25,6,78.083855
-3.35,8,78.126637
-3.05,2,78.154473
-3.25,6,78.186554
-3.25,6,78.222727
4.15,6,78.258624
-3.25,6,78.290032
-3.15,4,78.321011
4.15,6,78.356093
3.7,9,78.55236
4.15,6,78.587634
4.15,6,78.617044
-3.2,5,78.642611
4.15,6,78.673633
-3.2,5,78.704169
3.85,8,78.736916
-3.1,3,78.761447
3.55,10,78.808042
-3.15,4,78.832526
3.7,9,78.874995
4.15,6,78.913645
4.15,6,78.94764
4.45,4,78.97886
-3.3,7,79.008892
4.0,7,79.039355
-3.25,6,79.070065
4.0,7,79.098419
-3.2,5,79.127644
-3.3,7,79.162772
4.3,5,79.196668
-3.15,4,79.225246
-3.25,6,79.258442
-3.45,10,79.297909
4.75,2,79.324479
-3.4,9,79.371475
4.15,6,79.410721
-3.4,9,79.448349
-3.45,10,79.488797
4.45,4,79.518567
3.85,8,79.555467
-3.1,3,79.582748
4.15,6,79.617836
3.85,8,79.653862
-3.5,11,79.69353
-3.45,10,79.729686
4.45,4,79.762227
3.7,9,79.800112
3.85,8,79.842721
3.85,8,80.039026
4.0,7,80.072204
-3.2,5,80.101766
4.3,5,80.131417
-3.1,3,80.159031
-3.3,7,80.19778
-3.45,10,80.236627
-3.15,4,80.266936
4.45,4,80.30116
4.45,4,80.332864
3.55,10,80.368182
4.6,3,80.397936
-3.25,6,80.431597
-3.2,5,80.460182
4.15,6,80.492162
-3.25,6,80.519562
4.45,4,80.553057
4.15,6,80.581422
4.3,5,80.612093
-3.2,5,80.639973
4.15,6,80.6664
-3.3,7,80.699225
-3.3,7,80.73792
3.7,9,80.773913
-3.4,9,80.807203
4.15,6,80.836746
4.0,7,80.867074
-3.4,9,80.905421
3.85,8,80.936614
4.0,7,80.973769
3.55,10,81.015216
-3.35,8,81.050751
-3.3,7,81.082366
-3.15,4,81.110528
4.15,6,81.147213
4.0,7,81.185994
-3.25,6,81.22196
4.45,4,81.250062
-3.35,8,81.283912
-3.15,4,81.315005
-3.15,4,81.344097
4.45,4,81.527767
4.3,5,81.558935
4.3,5,81.589087
-3.2,5,81.623723
-3.2,5,81.664945
4.15,6,81.707811
4.3,5,81.746025
-3.05,2,81.776429
3.85,8,81.810971
4.15,6,81.848942
3.55,10,81.887587
3.85,8,81.921346
-3.0,1,81.941967
-3.2,5,81.968313
4.3,5,81.99565
4.45,4,82.024985
-3.2,5,82.059168
4.45,4,82.0848
4.15,6,82.117318
4.15,6,82.148939
4.45,4,82.177437
-3.2,5,82.206448
3.85,8,82.244202
-3.45,10,82.281469
4.0,7,82.315346
4.6,3,82.345627
-3.45,10,82.387244
-3.3,7,82.422389
-3.5,11,82.462568
4.15,6,82.494156
-3.5,11,82.531417
4.75,2,82.557309
-3.05,2,82.584577
4.45,4,82.61322
4.3,5,82.643009
4.15,6,82.671192
-3.15,4,82.704546
4.3,5,82.744036
-3.35,8,82.784288
3.85,8,82.821843
3.55,10,82.862802
-1.75,15,82.908664
-3.5,11,83.119558
3.7,9,83.156052
4.0,7,83.189073
-3.2,5,83.218713
4.0,7,83.256689
3.4,11,83.292805
4.15,6,83.321525
-3.1,3,83.34445
4.6,3,83.369959
-3.25,6,83.403804
-3.4,9,83.43704
4.45,4,83.464447
-3.15,4,83.492769
4.6,3,83.51822
4.45,4,83.548915
3.85,8,83.581673
-3.35,8,83.612796
-3.25,6,83.64528
4.6,3,83.674863
-3.2,5,83.704406
4.3,5,83.731688
4.15,6,83.761685
4.0,7,83.795569
4.3,5,83.824015
4.0,7,83.854413
4.6,3,83.879346
4.3,5,83.909719
4.15,6,83.941895
-3.2,5,83.971275
-3.45,10,84.011729
3.7,9,84.045641
3.85,8,84.089255
-3.15,4,84.11409
-3.15,4,84.148038
4.0,7,84.184866
4.0,7,84.217455
4.6,3,84.248145
-3.35,8,84.283483
4.15,6,84.316681
4.0,7,84.352488
4.75,2,84.383873
3.55,10,84.431789
4.3,5,84.620339
3.85,8,84.660165
4.15,6,84.692214
4.0,7,84.722668
4.15,6,84.755191
4.0,7,84.788973
-3.15,4,84.813895
-3.3,7,84.843371
-3.15,4,84.873946
4.45,4,84.901713
-3.25,6,84.932475
3.85,8,84.966924
-3.5,11,85.012146
4.75,2,85.043407
4.6,3,85.075986
-3.2,5,85.107921
-3.2,5,85.138258
4.45,4,85.17444
-3.1,3,85.198033
3.7,9,85.23579
4.15,6,85.267737
4.6,3,85.296695
-3.25,6,85.329005
4.15,6,85.35825
3.85,8,85.394849
3.7,9,85.44187
3.85,8,85.481412
-3.35,8,85.520631
4.75,2,85.545692
4.0,7,85.575083
3.4,11,85.608315
4.0,7,85.641105
4.75,2,85.664593
3.55,10,85.710301
-3.1,3,85.741459
3.7,9,85.786308
4.15,6,85.828208
3.85,8,85.869301
-3.2,5,85.901827
4.45,4,85.92715
4.3,5,85.960401
4.15,6,85.994504
3.85,8,86.191937
-3.25,6,86.22873
3.55,10,86.275577
-3.35,8,86.312157
-3.3,7,86.353958
-3.35,8,86.397685
-3.35,8,86.436081
-3.2,5,86.466807
4.3,5,86.496915
-3.3,7,86.532669
4.45,4,86.559963
4.3,5,86.593935
3.85,8,86.628797
4.3,5,86.658272
3.85,8,86.69269
3.85,8,86.730047
4.15,6,86.762171
-3.35,8,86.797172
-3.45,10,86.834975
-3.3,7,86.869217
-3.5,11,86.909602
-3.2,5,86.942424
4.6,3,86.974109
3.55,10,87.011455
4.0,7,87.046143
-3.25,6,87.077825
3.85,8,87.112109
-3.35,8,87.146331
4.0,7,87.180095
4.45,4,87.206371
-3.25,6,87.241547
4.3,5,87.275657
3.7,9,87.315323
4.45,4,87.349912
3.55,10,87.39263
4.0,7,87.432019
-3.4,9,87.475934
-3.2,5,87.659099
3.55,10,87.702842
-3.2,5,87.736133
4.45,4,87.767232
4.45,4,87.803314
4.0,7,87.839385
4.3,5,87.87189
-3.4,9,87.906239
3.85,8,87.938137
4.0,7,87.967008
3.7,9,88.001311
4.3,5,88.03052
4.45,4,88.056979
-3.15,4,88.086852
-3.25,6,88.113797
4.0,7,88.14575
4.0,7,88.177685
4.0,7,88.209697
4.0,7,88.243315
-3.45,10,88.282682
4.15,6,88.317141
4.3,5,88.3498
4.3,5,88.377456
-3.2,5,88.410104
3.7,9,88.444561
-3.45,10,88.492436
3.7,9,88.537678
3.55,10,88.575183
4.15,6,88.606641
3.55,10,88.64375
4.15,6,88.672698
3.55,10,88.712382
4.0,7,88.755963
-3.3,7,88.793405
4.6,3,88.828997
-3.4,9,88.871367
-3.15,4,88.905167
4.45,4,88.939407
4.15,6,89.137778
4.15,6,89.171203
4.15,6,89.206456
4.0,7,89.243504
4.0,7,89.279001
3.85,8,89.316902
3.85,8,89.357358
-3.3,7,89.402132
3.7,9,89.450169
-3.1,3,89.475089
3.7,9,89.506867
-3.1,3,89.531045
4.15,6,89.560218
3.55,10,89.596769
3.85,8,89.630442
4.15,6,89.660669
4.45,4,89.688483
-3.45,10,89.721108
4.3,5,89.752819
3.85,8,89.783797
-3.0,1,89.806247
4.0,7,89.837874
3.1,13,89.888879
3.55,10,89.929358
-1.75,15,89.980295
4.45,4,90.016933
4.3,5,90.04339
-3.45,10,90.077553
4.15,6,90.109758
3.85,8,90.143637
4.6,3,90.170034
4.6,3,90.194861
3.4,11,90.238661
4.45,4,90.274587
4.15,6,90.314131
3.7,9,90.359378
4.15,6,90.392317
-3.25,6,90.581433
-3.3,7,90.615314
-3.4,9,90.651093
3.4,11,90.696084
-3.4,9,90.733074
-3.3,7,90.770924
3.7,9,90.806424
4.15,6,90.838487
-3.2,5,90.86784
4.45,4,90.895632
-1.75,15,90.94644
4.15,6,90.975172
3.55,10,91.011975
3.55,10,91.048619
-3.65,14,91.096043
-3.55,12,91.14297
4.3,5,91.177902
4.75,2,91.204796
4.9,1,91.228961
4.45,4,91.259366
-3.65,14,91.297842
3.4,11,91.34337
-3.35,8,91.37638
4.15,6,91.407903
-3.05,2,91.434066
-3.5,11,91.473845
-3.15,4,91.501306
4.6,3,91.528
3.85,8,91.56079
4.3,5,91.590163
3.55,10,91.632248
4.45,4,91.664908
4.45,4,91.697615
3.4,11,91.742894
-3.05,2,91.773859
3.4,11,91.978321
4.0,7,92.010683
4.15,6,92.041911
3.85,8,92.07446
-3.35,8,92.111863
3.85,8,92.149968
3.85,8,92.186321
-3.35,8,92.227611
3.55,10,92.269584
-3.15,4,92.300726
4.45,4,92.328463
-3.25,6,92.360343
4.45,4,92.392569
3.85,8,92.428095
-3.05,2,92.455477
-3.3,7,92.487998
3.85,8,92.522439
4.45,4,92.547854
4.15,6,92.576582
4.15,6,92.606854
4.0,7,92.640938
-3.5,11,92.683897
-3.3,7,92.716265
4.15,6,92.749881
-3.15,4,92.779905
-3.15,4,92.809427
-3.35,8,92.84268
-3.55,12,92.888125
-3.15,4,92.917349
4.6,3,92.940442
4.6,3,92.966425
4.75,2,92.991167
3.85,8,93.027176
-3.1,3,93.054379
4.6,3,93.080095
3.85,8,93.116724
-3.55,12,93.156931
-3.7,15,93.203969
3.7,9,93.385624
3.55,10,93.424726
3.7,9,93.460504
-3.45,10,93.502796
-3.1,3,93.534685
-3.2,5,93.567602
4.0,7,93.605589
-3.5,11,93.648351
3.85,8,93.684017
4.45,4,93.719784
4.45,4,93.754569
4.6,3,93.784546
4.45,4,93.812259
3.55,10,93.850996
4.6,3,93.883359
4.45,4,93.912494
-3.25,6,93.94844
3.55,10,93.989635
-3.45,10,94.027453
4.15,6,94.060788
-3.15,4,94.085994
3.55,10,94.121167
4.3,5,94.146784
-3.3,7,94.179033
4.0,7,94.210152
3.4,11,94.247649
4.15,6,94.279004
-3.55,12,94.318604
-3.3,7,94.349626
3.7,9,94.385887
-3.1,3,94.410185
3.85,8,94.444935
4.15,6,94.479906
4.3,5,94.509152
4.3,5,94.540017
-3.2,5,94.568324
-3.45,10,94.606954
4.15,6,94.788752
4.3,5,94.820617
-1.75,15,94.867859
4.45,4,94.895915
4.15,6,94.934531
-3.4,9,94.976326
-3.7,15,95.029008
4.0,7,95.061911
-1.75,15,95.1137
4.3,5,95.151304
4.15,6,95.191437
4.15,6,95.221931
4.15,6,95.257246
-3.7,15,95.308403
4.3,5,95.3417
4.0,7,95.375231
3.85,8,95.412088
-3.2,5,95.441792
-3.35,8,95.47479
4.3,5,95.50184
3.55,10,95.537601
3.55,10,95.576212
-3.65,14,95.625423
3.55,10,95.66352
3.7,9,95.698914
3.85,8,95.734229
4.15,6,95.766222
4.3,5,95.794945
-3.35,8,95.834832
-3.45,10,95.874084
-3.3,7,95.910237
3.85,8,96.097698
4.45,4,96.126888
4.3,5,96.158549
-3.7,15,96.206889
3.7,9,96.244525
3.7,9,96.280217
-3.2,5,96.310001
4.6,3,96.337923
4.0,7,96.374794
4.3,5,96.402031
3.4,11,96.439131
4.6,3,96.464208
-3.45,10,96.499414
4.45,4,96.527706
4.6,3,96.552553
-3.3,7,96.586019
-3.0,1,96.615371
-3.2,5,96.644174
4.45,4,96.674837
4.75,2,96.702389
4.75,2,96.732453
-3.1,3,96.758141
-3.25,6,96.797032
3.55,10,96.839364
3.85,8,96.873074
3.4,11,96.915099
4.6,3,96.944013
4.3,5,96.976092
-3.35,8,97.01186
3.7,9,97.047069
4.3,5,97.078218
4.45,4,97.1105
-3.3,7,97.145318
3.7,9,97.191105
3.85,8,97.227029
4.15,6,97.257774
3.55,10,97.293816
-3.05,2,97.318402
3.85,8,97.351148
-3.1,3,97.378276
3.85,8,97.41026
4.3,5,97.44393
3.55,10,97.62681
4.45,4,97.653373
4.45,4,97.681634
4.3,5,97.709917
4.3,5,97.740874
4.6,3,97.779338
4.0,7,97.812901
-3.55,12,97.854536
4.45,4,97.880155
4.15,6,97.910936
4.0,7,97.940524
-3.3,7,97.972342
3.25,12,98.010475
-3.3,7,98.040371
4.3,5,98.069689
4.0,7,98.101324
4.3,5,98.130873
3.55,10,98.170817
-3.25,6,98.203136
4.15,6,98.235127
3.4,11,98.28243
4.0,7,98.325809
4.45,4,98.358363
4.0,7,98.399506
3.7,9,98.441984
4.15,6,98.47728
-3.1,3,98.503413
3.85,8,98.544157
4.75,2,98.578223
4.6,3,98.60406
3.25,12,98.645252
4.15,6,98.677372
3.55,10,98.716548
4.0,7,98.752403
4.0,7,98.799068
4.0,7,98.838121
3.7,9,98.876407
4.0,7,98.915601
4.3,5,99.103118
4.45,4,99.128716
4.9,1,99.155151
-3.65,14,99.199879
-3.45,10,99.237619
3.85,8,99.274312
3.55,10,99.311922
4.45,4,99.339733
4.45,4,99.368885
4.6,3,99.393282
3.7,9,99.427274
-3.3,7,99.457056
4.15,6,99.492086
-3.65,14,99.532703
-3.65,14,99.573061
4.3,5,99.600436
-3.5,11,99.639033
3.85,8,99.677
-3.5,11,99.716352
3.85,8,99.750944
4.0,7,99.785726
3.7,9,99.821316
3.7,9,99.855742
4.6,3,99.894155
-3.15,4,99.926211
4.3,5,99.957414
3.55,10,99.998229
3.4,11,100.04453
3.7,9,100.085155
-3.35,8,100.120723
-1.75,15,100.168619
3.4,11,100.20863
4.0,7,100.397816
3.85,8,100.43118
-3.7,15,100.475056
4.15,6,100.503666
-3.35,8,100.54074
3.1,13,100.583685
-3.1,3,100.608057
3.55,10,100.645267
3.85,8,100.684713
4.0,7,100.722929
-3.2,5,100.749014
4.6,3,100.776471
4.6,3,100.807408
4.3,5,100.843415
4.0,7,100.880571
4.0,7,100.919206
3.25,12,100.962684
4.45,4,100.994812
4.6,3,101.02146
3.4,11,101.058922
4.75,2,101.084287
-3.7,15,101.127682
3.55,10,101.166371
4.45,4,101.194703
3.85,8,101.236266
4.15,6,101.270204
4.45,4,101.296066
4.6,3,101.327267
4.15,6,101.368415
4.3,5,101.400173
3.85,8,101.439088
4.0,7,101.479328
4.15,6,101.517029
3.4,11,101.557504
-3.2,5,101.591091
3.7,9,101.633096
-3.5,11,101.886696
4.75,2,101.915517
4.3,5,101.960085
4.0,7,102.013769
-1.75,15,102.085819
4.45,4,102.127489
4.15,6,102.158883
4.15,6,102.194233
4.0,7,102.228723
4.75,2,102.255732
4.15,6,102.288373
3.4,11,102.32371
4.6,3,102.350791
-1.75,15,102.392555
4.45,4,102.422297
4.45,4,102.452986
4.45,4,102.477885
-3.55,12,102.516098
-3.1,3,102.54159
-3.45,10,102.578049
3.85,8,102.614572
-3.25,6,102.643986
4.45,4,102.675795
4.15,6,102.708629
4.45,4,102.739374
-3.5,11,102.779262
4.0,7,102.819017
4.15,6,102.845618
-3.5,11,102.888438
3.55,10,102.932106
3.4,11,102.976057
4.45,4,103.004927
4.3,5,103.036316
3.7,9,103.06995
4.45,4,103.100476
4.45,4,103.134631
-3.6,13,103.341104
4.75,2,103.369383
4.15,6,103.401853
4.3,5,103.434474
4.3,5,103.463089
3.85,8,103.497867
3.4,11,103.538829
4.45,4,103.566104
4.15,6,103.59518
3.7,9,103.630919
3.55,10,103.671762
4.3,5,103.699126
4.6,3,103.725759
3.7,9,103.759893
3.7,9,103.792603
4.45,4,103.823229
3.1,13,103.860414
-3.25,6,103.888527
4.15,6,103.920106
3.55,10,103.956888
3.85,8,103.999254
4.45,4,104.027074
3.25,12,104.070117
4.3,5,104.101902
3.85,8,104.133866
-1.75,15,104.180212
-3.45,10,104.214195
3.4,11,104.250373
4.75,2,104.277273
4.15,6,104.306253
4.3,5,104.334594
4.6,3,104.359127
3.4,11,104.399714
4.45,4,104.428699
3.7,9,104.465775
-1.75,15,104.642895
4.45,4,104.672184
3.7,9,104.707568
3.85,8,104.741727
4.45,4,104.777341
4.6,3,104.803666
4.75,2,104.8317
4.15,6,104.86723
4.6,3,104.898058
3.85,8,104.940299
4.6,3,104.965252
4.75,2,104.989621
3.4,11,105.026938
3.55,10,105.072377
4.6,3,105.105083
4.0,7,105.145157
4.3,5,105.178902
3.4,11,105.222441
4.15,6,105.262528
4.3,5,105.306927
3.85,8,105.344398
3.7,9,105.387328
-1.75,15,105.428816
3.4,11,105.466637
4.3,5,105.495735
3.85,8,105.530111
4.3,5,105.565416
4.0,7,105.600936
4.15,6,105.63785
4.6,3,105.675367
4.3,5,105.710802
3.55,10,105.746796
4.3,5,105.777744
4.15,6,105.804992
4.6,3,105.835099
4.75,2,105.859361
4.45,4,105.888953
4.45,4,105.913455
3.55,10,105.949992
4.3,5,105.976545
4.6,3,106.003218
4.45,4,106.033651
3.55,10,106.226975
-3.15,4,106.261164
4.45,4,106.299651
-3.1,3,106.333253
4.0,7,106.366823
-3.15,4,106.393711
4.45,4,106.42131
3.4,11,106.461909
4.45,4,106.491595
4.45,4,106.52163
3.25,12,106.559958
4.6,3,106.583899
4.15,6,106.61381
4.45,4,106.638824
4.6,3,106.666744
4.9,1,106.692833
4.75,2,106.720548
3.85,8,106.754715
-3.1,3,106.779443
4.15,6,106.810607
4.15,6,106.845022
4.15,6,106.880844
4.6,3,106.908929
-3.65,14,106.951149
4.75,2,106.974787
4.15,6,107.003202
4.75,2,107.030447
4.3,5,107.057986
3.55,10,107.091738
4.15,6,107.125702
4.15,6,107.166221
4.3,5,107.202713
3.85,8,107.235618
3.4,11,107.275475
4.3,5,107.305583
4.45,4,107.33287
3.85,8,107.365601
3.25,12,107.404715
4.75,2,107.429604
4.45,4,107.456676
-3.05,2,107.480088
4.6,3,107.505958
4.0,7,107.538113
4.45,4,107.565253
4.45,4,107.592471
4.0,7,107.631762
-3.25,6,107.839708
3.7,9,107.873404
-1.75,15,107.925167
4.75,2,107.953728
3.55,10,107.993695
-3.2,5,108.029443
4.3,5,108.059744
4.3,5,108.088071
4.6,3,108.117518
4.75,2,108.144281
3.7,9,108.186638
4.0,7,108.220969
3.4,11,108.2657
4.15,6,108.299677
4.3,5,108.334202
4.0,7,108.366411
4.0,7,108.396965
4.6,3,108.421686
4.15,6,108.457662
-3.3,7,108.493145
4.45,4,108.527971
3.1,13,108.57491
4.6,3,108.603785
4.0,7,108.638836
4.6,3,108.671344
4.3,5,108.706388
4.0,7,108.744499
4.6,3,108.770309
-3.3,7,108.802424
4.15,6,108.833116
4.6,3,108.856977
4.75,2,108.887126
4.75,2,108.915214
3.7,9,108.946877
4.9,1,108.969457
3.7,9,109.003648
4.0,7,109.035652
3.55,10,109.074217
3.85,8,109.10744
4.15,6,109.139165
4.3,5,109.169101
3.7,9,109.205215
4.3,5,109.395218
-3.0,1,109.42405
4.3,5,109.460788
4.3,5,109.490668
4.75,2,109.516758
4.3,5,109.551863
-1.75,15,109.596589
-1.75,15,109.639854
4.15,6,109.675618
4.75,2,109.701904
4.75,2,109.73058
4.6,3,109.760503
4.75,2,109.790941
4.6,3,109.820619
3.55,10,109.860294
3.85,8,109.892346
4.15,6,109.922536
4.6,3,109.953393
3.7,9,109.993458
4.45,4,110.025607
4.45,4,110.058585
3.55,10,110.100881
4.0,7,110.13564
-3.2,5,110.164958
4.0,7,110.202341
3.7,9,110.238485
4.45,4,110.268648
4.9,1,110.297
4.45,4,110.325218
4.15,6,110.359395
3.7,9,110.399963
4.45,4,110.426323
4.6,3,110.45399
-3.4,9,110.48562
3.7,9,110.51953
4.15,6,110.546108
4.6,3,110.569803
-3.35,8,110.600324
4.3,5,110.628133
4.6,3,110.658634
4.3,5,110.693497
4.6,3,110.722578
3.85,8,110.758118
3.7,9,110.791953
4.6,3,110.821822
4.15,6,111.000014
-1.75,15,111.048527
4.0,7,111.084166
4.3,5,111.117558
4.75,2,111.146636
-1.75,15,111.199748
3.85,8,111.235532
4.15,6,111.275954
4.0,7,111.3121
4.0,7,111.348506
-1.75,15,111.402664
4.6,3,111.435089
3.7,9,111.467457
4.3,5,111.495851
3.4,11,111.538335
4.9,1,111.568227
4.45,4,111.597731
4.75,2,111.618617
3.85,8,111.651845
-1.75,15,111.695108
3.7,9,111.727437
4.6,3,111.758702
4.0,7,111.797483
4.15,6,111.834228
4.0,7,111.869617
4.6,3,111.897077
4.75,2,111.921733
4.15,6,111.952156
4.0,7,111.982959
4.45,4,112.014656
-3.65,14,112.063291
4.0,7,112.095819
4.45,4,112.125765
4.45,4,112.155389
4.0,7,112.186989
4.0,7,112.218065
-1.75,15,112.426437
4.0,7,112.466262
-3.05,2,112.490576
4.0,7,112.524043
4.45,4,112.552241
4.45,4,112.588363
4.0,7,112.620321
4.15,6,112.650611
4.45,4,112.678232
4.45,4,112.704636
4.6,3,112.733289
4.15,6,112.767372
4.15,6,112.805965
3.7,9,112.844659
4.75,2,112.871248
4.45,4,112.903457
4.3,5,112.939464
-3.35,8,112.971446
4.3,5,112.998258
3.4,11,113.035419
4.15,6,113.065838
4.45,4,113.092504
4.6,3,113.125664
4.3,5,113.15486
3.7,9,113.188309
-3.1,3,113.214478
4.45,4,113.240264
3.85,8,113.275221
4.75,2,113.299715
4.75,2,113.327887
4.6,3,113.356479
-1.75,15,113.402434
-1.75,15,113.447188
-3.2,5,113.475831
-3.65,14,113.515714
4.9,1,113.538206
4.45,4,113.562873
3.85,8,113.595153
3.7,9,113.629447
-1.75,15,113.675135
4.3,5,113.703019
-1.75,15,113.884366
4.45,4,113.91276
3.25,12,113.948421
4.45,4,113.977597
4.9,1,114.006037
-1.75,15,114.056113
4.6,3,114.085465
4.6,3,114.115451
3.4,11,114.153557
4.0,7,114.189457
-1.75,15,114.237191
4.0,7,114.270889
4.3,5,114.310042
4.75,2,114.338727
3.25,12,114.383706
3.55,10,114.420277
4.3,5,114.449967
4.45,4,114.479744
-1.75,15,114.524551
-1.75,15,114.570374
4.3,5,114.598488
3.55,10,114.636457
4.0,7,114.666565
3.55,10,114.706867
4.3,5,114.74006
4.0,7,114.773571
4.15,6,114.804129
4.45,4,114.837146
4.3,5,114.863943
-3.55,12,114.903119
4.6,3,114.930092
-3.35,8,114.972726
4.6,3,115.005232
4.0,7,115.043396
-3.4,9,115.242598
4.15,6,115.274755
4.15,6,115.303265
3.85,8,115.342924
4.6,3,115.375546
4.6,3,115.403142
4.3,5,115.437051
3.4,11,115.474492
4.0,7,115.506354
4.45,4,115.536535
4.9,1,115.559843
3.55,10,115.601049
4.75,2,115.62654
4.75,2,115.651677
4.9,1,115.677991
4.75,2,115.7043
3.55,10,115.74837
3.4,11,115.790579
-1.75,15,115.839435
3.55,10,115.88269
4.0,7,115.914715
4.0,7,115.945936
4.45,4,115.972276
4.0,7,116.01029
4.6,3,116.035858
4.3,5,116.068292
4.0,7,116.099726
-3.3,7,116.135689
4.3,5,116.165234
4.6,3,116.191678
4.9,1,116.218304
4.75,2,116.242145
-3.5,11,116.281256
4.6,3,116.307169
4.0,7,116.336442
4.15,6,116.36588
4.45,4,116.393164
4.3,5,116.425119
4.45,4,116.453587
4.75,2,116.482403
4.75,2,116.510798
4.3,5,116.543749
3.85,8,116.580524
-1.75,15,116.622567
3.1,13,116.7978
4.3,5,116.826246
3.4,11,116.863121
3.85,8,116.903441
4.45,4,116.928919
4.45,4,116.955166
-3.0,1,116.979953
4.9,1,117.00409
4.3,5,117.03696
4.15,6,117.072187
4.0,7,117.104453
4.75,2,117.134233
4.45,4,117.164117
4.45,4,117.195692
4.75,2,117.223422
4.75,2,117.249019
4.45,4,117.279962
4.15,6,117.308729
4.6,3,117.340508
4.0,7,117.380877
4.45,4,117.409106
4.45,4,117.441725
-3.35,8,117.47824
3.85,8,117.515607
-3.25,6,117.547771
3.55,10,117.582968
4.6,3,117.610111
4.75,2,117.636147
4.45,4,117.664205
-1.75,15,117.710617
4.45,4,117.73869
4.75,2,117.763103
4.45,4,117.789507
4.75,2,117.815982
-1.75,15,117.857203
4.45,4,117.885456
4.15,6,117.916729
-1.75,15,117.961783
3.25,12,118.004593
4.45,4,118.033803
4.15,6,118.064569
4.3,5,118.100874
-3.45,10,118.137275
-1.75,15,118.333417
4.45,4,118.361469
4.3,5,118.389565
4.75,2,118.412185
4.0,7,118.450048
-3.2,5,118.483188
3.85,8,118.522906
3.7,9,118.556345
3.55,10,118.593762
4.3,5,118.623534
3.7,9,118.66538
4.3,5,118.702941
4.3,5,118.736101
4.6,3,118.768576
4.75,2,118.794566
4.45,4,118.821875
4.6,3,118.856657
4.6,3,118.886561
4.9,1,118.912722
3.7,9,118.949389
4.9,1,118.976798
4.0,7,119.014399
4.45,4,119.041983
4.6,3,119.066691
-3.05,2,119.091626
4.75,2,119.124213
4.6,3,119.16095
4.6,3,119.192472
4.45,4,119.222511
3.85,8,119.257823
3.85,8,119.292423
-3.35,8,119.322122
4.15,6,119.357726
4.75,2,119.384446
4.0,7,119.417486
-3.55,12,119.466484
4.6,3,119.499223
4.3,5,119.533689
4.45,4,119.560276
4.6,3,119.588325
4.3,5,119.619624
4.0,7,119.653128
4.15,6,119.691159
4.0,7,119.723117
4.15,6,119.753688
4.75,2,119.777647
4.6,3,119.804684
4.75,2,119.828892
4.45,4,119.855895
4.6,3,119.883393
4.75,2,119.904587
4.15,6,119.93892
4.6,3,119.967498
-3.7,15,120.158038
4.0,7,120.190878
4.45,4,120.216718
4.15,6,120.249618
4.15,6,120.281781
4.75,2,120.307925
-1.75,15,120.356067
4.0,7,120.397994
4.75,2,120.423437
4.3,5,120.457314
4.15,6,120.495167
4.45,4,120.528545
4.6,3,120.555728
4.3,5,120.586665
3.4,11,120.630973
4.15,6,120.671473
4.45,4,120.702973
3.85,8,120.737946
4.3,5,120.772068
4.0,7,120.808183
4.6,3,120.835006
4.75,2,120.857807
3.25,12,120.901819
-1.75,15,120.943675
4.45,4,120.971678
3.85,8,121.006173
4.45,4,121.036253
4.6,3,121.059402
4.45,4,121.087669
3.85,8,121.123479
-1.75,15,121.167763
4.45,4,121.193145
3.7,9,121.228407
4.45,4,121.253667
-1.75,15,121.29224
4.3,5,121.324661
3.7,9,121.359887
3.85,8,121.53047
4.3,5,121.559154
4.0,7,121.589833
3.7,9,121.622477
4.15,6,121.653313
4.3,5,121.684377
3.7,9,121.715841
4.0,7,121.749259
4.6,3,121.779133
3.85,8,121.824272
-3.05,2,121.856126
3.7,9,121.90153
4.75,2,121.9319
4.6,3,121.957384
3.4,11,122.006371
4.9,1,122.040188
4.6,3,122.070114
4.15,6,122.113139
4.75,2,122.138589
4.0,7,122.17464
4.45,4,122.202401
-1.75,15,122.24201
4.0,7,122.274801
4.45,4,122.309428
4.3,5,122.349119
4.0,7,122.386859
-3.05,2,122.408894
3.4,11,122.448913
3.7,9,122.484835
4.6,3,122.509758
4.3,5,122.540542
4.9,1,122.563477
4.6,3,122.593761
4.45,4,122.62261
4.15,6,122.656872
4.9,1,122.682321
4.0,7,122.712387
4.3,5,122.740438
4.75,2,122.772015
4.45,4,122.798845
4.75,2,122.822159
4.75,2,122.845824
4.45,4,122.872752
4.6,3,122.900828
3.7,9,122.936013
4.3,5,122.966685
4.45,4,122.992673
4.75,2,123.020031
3.4,11,123.058945
4.15,6,123.251909
4.15,6,123.28853
3.4,11,123.328663
4.45,4,123.35559
4.3,5,123.38602
4.0,7,123.417517
4.6,3,123.444435
3.4,11,123.485336
4.3,5,123.517461
4.75,2,123.544638
4.0,7,123.58286
4.6,3,123.610458
4.75,2,123.634825
4.45,4,123.663898
3.85,8,123.696736
4.75,2,123.722318
4.3,5,123.754877
4.75,2,123.78157
4.45,4,123.815372
4.3,5,123.850259
3.85,8,123.888003
4.6,3,123.916564
-1.75,15,123.964488
4.3,5,123.990177
4.3,5,124.023511
4.6,3,124.050953
4.3,5,124.077335
-3.5,11,124.119922
4.3,5,124.148851
4.6,3,124.182065
-3.1,3,124.212194
-3.55,12,124.2542
3.85,8,124.285062
3.55,10,124.329222
4.75,2,124.355101
4.45,4,124.380466
4.3,5,124.407111
4.0,7,124.443412
4.45,4,124.472618
3.7,9,124.506212
4.45,4,124.535184
4.75,2,124.562113
4.3,5,124.596213
4.45,4,124.624947
4.15,6,124.656421
-1.75,15,124.848341
4.6,3,124.879051
-1.75,15,124.923558
3.25,12,124.96842
-3.2,5,125.001102
3.55,10,125.038232
3.7,9,125.078006
4.3,5,125.108101
4.3,5,125.14006
4.6,3,125.170025
4.15,6,125.205493
4.75,2,125.240505
4.6,3,125.27025
3.25,12,125.321407
3.55,10,125.36838
4.0,7,125.40443
4.0,7,125.44278
4.45,4,125.475868
-3.15,4,125.500561
4.75,2,125.534032
3.4,11,125.576694
4.75,2,125.601439
4.15,6,125.637315
4.3,5,125.665566
4.45,4,125.69352
4.3,5,125.720124
4.0,7,125.749839
4.3,5,125.77628
4.6,3,125.801863
4.75,2,125.828527
4.3,5,125.85881
4.6,3,125.885101
4.9,1,125.904915
4.15,6,125.934435
-3.6,13,125.972257
4.6,3,125.998913
4.9,1,126.022347
4.15,6,126.05249
4.3,5,126.078882
4.45,4,126.114073
3.7,9,126.147342
4.75,2,126.172545
3.4,11,126.210282
-3.3,7,126.405173
4.6,3,126.429657
4.45,4,126.458353
4.6,3,126.485992
-1.75,15,126.535654
3.85,8,126.576477
-1.75,15,126.632404
-1.75,15,126.677273
4.15,6,126.713292
4.15,6,126.746903
3.85,8,126.792082
4.6,3,126.832493
4.15,6,126.864185
3.4,11,126.905684
4.3,5,126.933249
-3.4,9,126.970399
3.4,11,127.010687
4.6,3,127.040224
4.75,2,127.069064
4.45,4,127.098963
4.0,7,127.128755
4.15,6,127.159011
4.45,4,127.18676
4.6,3,127.215334
-3.55,12,127.249958
4.3,5,127.282996
4.15,6,127.31156
3.85,8,127.346334
3.7,9,127.377702
4.6,3,127.408248
4.75,2,127.432621
4.45,4,127.459807
4.3,5,127.489289
3.4,11,127.524862
4.0,7,127.555084
4.3,5,127.582898
4.75,2,127.607105
4.75,2,127.634372
3.7,9,127.672451
4.0,7,127.705732
4.3,5,127.880738
-1.75,15,127.922005
4.0,7,127.95926
-1.75,15,128.004398
4.0,7,128.036299
3.85,8,128.072662
3.7,9,128.10715
4.9,1,128.132407
3.85,8,128.168606
4.3,5,128.197234
4.6,3,128.223607
4.75,2,128.251222
3.85,8,128.295709
4.15,6,128.331544
-3.5,11,128.375982
4.3,5,128.40951
4.45,4,128.44031
3.55,10,128.482354
4.75,2,128.509677
4.45,4,128.537344
4.9,1,128.563967
4.45,4,128.593833
3.7,9,128.632144
3.55,10,128.669008
-3.7,15,128.718189
4.3,5,128.755509
3.85,8,128.79217
4.45,4,128.827225
4.3,5,128.85951
4.0,7,128.894817
4.3,5,128.923557
2.95,14,128.970192
3.55,10,129.006542
4.45,4,129.033614
3.4,11,129.07093
4.6,3,129.100535
4.45,4,129.130917
4.0,7,129.313421
4.6,3,129.337633
4.75,2,129.36323
4.6,3,129.394782
4.15,6,129.43051
-1.75,15,129.472681
4.15,6,129.503054
4.45,4,129.529265
4.3,5,129.556877
4.6,3,129.581075
4.45,4,129.609359
3.55,10,129.64315
4.0,7,129.680127
3.4,11,129.717876
4.9,1,129.743654
4.6,3,129.772969
4.45,4,129.810374
4.45,4,129.846223
3.4,11,129.88854
4.6,3,129.918591
4.0,7,129.957561
3.4,11,130.002416
4.6,3,130.031266
4.75,2,130.053855
-1.75,15,130.100828
4.6,3,130.131653
4.45,4,130.163198
4.45,4,130.198252
4.0,7,130.235562
4.15,6,130.269696
4.45,4,130.300774
4.9,1,130.326368
4.15,6,130.36264
4.6,3,130.394742
-1.75,15,130.444044
4.45,4,130.471213
4.15,6,130.50062
4.9,1,130.52233
4.45,4,130.550332
3.25,12,130.585196
-1.75,15,130.624988
4.6,3,130.650212
4.15,6,130.681952
4.15,6,130.863131
-3.55,12,130.904467
-3.55,12,130.947334
3.25,12,130.986443
4.75,2,131.013565
4.45,4,131.049002
4.0,7,131.080677
3.4,11,131.117206
-3.35,8,131.146976
4.45,4,131.18054
4.75,2,131.211025
4.6,3,131.237571
4.45,4,131.273551
-3.55,12,131.318397
4.45,4,131.349024
3.85,8,131.385827
4.6,3,131.413119
4.3,5,131.450656
4.6,3,131.481772
4.0,7,131.517644
4.45,4,131.549722
3.85,8,131.586076
-3.35,8,131.62536
4.45,4,131.653848
4.15,6,131.691128
4.3,5,131.730933
-3.55,12,131.771232
4.3,5,131.805719
-3.45,10,131.844954
4.45,4,131.872631
4.45,4,131.902578
4.0,7,131.93564
4.75,2,131.968053
4.15,6,132.002941
4.75,2,132.027365
4.3,5,132.060996
4.9,1,132.086349
4.45,4,132.120965
4.15,6,132.160553
4.3,5,132.198414
4.0,7,132.233101
4.15,6,132.266846
4.15,6,132.29933
4.15,6,132.497127
3.55,10,132.53742
4.45,4,132.568538
4.0,7,132.600255
4.6,3,132.629347
4.75,2,132.654537
4.6,3,132.684697
4.75,2,132.713331
4.3,5,132.738895
4.3,5,132.769013
4.45,4,132.795027
4.9,1,132.816251
3.4,11,132.861336
4.3,5,132.894107
4.9,1,132.920881
4.15,6,132.960727
4.6,3,132.9878
4.45,4,133.015816
4.0,7,133.048615
4.75,2,133.077039
4.15,6,133.114141
4.6,3,133.147137
4.15,6,133.17761
4.6,3,133.204107
3.7,9,133.239663
4.9,1,133.264466
4.6,3,133.292686
4.75,2,133.320101
3.25,12,133.365814
4.75,2,133.391821
4.15,6,133.425169
4.75,2,133.459941
3.55,10,133.496095
3.7,9,133.533868
3.25,12,133.586089
3.85,8,133.631952
4.45,4,133.665547
4.0,7,133.692591
4.15,6,133.72459
4.3,5,133.750482
4.15,6,133.780266
4.6,3,133.803874
4.0,7,133.836005
-3.25,6,133.869904
3.7,9,133.905923
4.15,6,133.941815
4.3,5,133.96998
4.15,6,134.004285
3.85,8,134.201119
4.15,6,134.231541
4.45,4,134.256589
3.4,11,134.296634
4.45,4,134.324457
4.6,3,134.352031
4.45,4,134.382443
4.0,7,134.414946
4.75,2,134.440159
3.4,11,134.479085
4.45,4,134.50741
4.75,2,134.534345
4.3,5,134.565322
4.0,7,134.601754
-1.75,15,134.656101
-1.75,15,134.704909
4.45,4,134.738984
4.15,6,134.774077
3.55,10,134.81642
4.0,7,134.853622
4.3,5,134.887172
4.6,3,134.915518
4.3,5,134.943726
3.55,10,134.981075
4.6,3,135.004753
4.6,3,135.032522
4.15,6,135.066973
4.3,5,135.097313
4.0,7,135.128398
3.4,11,135.167929
3.4,11,135.213689
3.85,8,135.256653
4.6,3,135.285194
4.6,3,135.316151
3.7,9,135.362945
4.45,4,135.388816
4.15,6,135.422977
4.75,2,135.450019
4.0,7,135.487112
3.25,12,135.53249
4.3,5,135.706997
4.3,5,135.740789
4.6,3,135.771269
4.6,3,135.799145
4.3,5,135.829533
4.75,2,135.851213
4.0,7,135.887644
4.45,4,135.919662
4.45,4,135.951474
3.25,12,136.001157
4.3,5,136.035893
4.6,3,136.071351
3.85,8,136.110976
4.45,4,136.138227
4.3,5,136.170781
4.3,5,136.204921
4.3,5,136.239598
3.85,8,136.27837
4.45,4,136.306777
3.85,8,136.344523
4.0,7,136.376103
4.6,3,136.400877
3.25,12,136.441977
4.15,6,136.471846
3.55,10,136.507834
3.4,11,136.544883
4.3,5,136.572537
4.6,3,136.59638
4.15,6,136.623757
4.3,5,136.653864
3.7,9,136.689997
4.3,5,136.726583
4.15,6,136.76054
4.15,6,136.797545
4.6,3,136.823187
4.3,5,136.855187
4.6,3,136.883221
4.45,4,136.912938
3.55,10,136.948875
4.45,4,136.978194
4.6,3,137.003932
3.55,10,137.041992
4.3,5,137.068481
4.6,3,137.097971
3.4,11,137.280812
4.15,6,137.311951
3.85,8,137.349894
3.4,11,137.390702
4.15,6,137.425196
4.6,3,137.450788
4.6,3,137.47536
-1.75,15,137.516212
4.6,3,137.54318
-3.35,8,137.578034
4.15,6,137.612671
4.45,4,137.643141
4.3,5,137.672667
4.6,3,137.701953
4.45,4,137.727978
-1.75,15,137.770866
-3.5,11,137.813482
4.0,7,137.844954
4.0,7,137.886106
3.25,12,137.930591
4.0,7,137.963829
4.15,6,137.991585
4.15,6,138.028881
3.7,9,138.072301
4.0,7,138.106735
4.45,4,138.135758
4.45,4,138.163187
3.85,8,138.19604
4.0,7,138.229621
4.0,7,138.264066
4.15,6,138.298747
4.75,2,138.322161
4.3,5,138.359539
3.1,13,138.403261
3.55,10,138.439418
4.45,4,138.467197
-3.4,9,138.504895
3.85,8,138.711639
4.45,4,138.739068
4.45,4,138.766624
4.15,6,138.798223
4.0,7,138.827524
4.6,3,138.852112
4.45,4,138.884415
3.7,9,138.928739
4.6,3,138.953618
4.3,5,138.984346
3.7,9,139.016804
-1.75,15,139.061408
4.6,3,139.087261
4.75,2,139.116222
4.3,5,139.148467
4.45,4,139.178053
4.6,3,139.208638
3.4,11,139.248013
4.15,6,139.288675
4.45,4,139.320664
4.0,7,139.356799
4.45,4,139.388832
4.6,3,139.414439
4.45,4,139.444173
4.6,3,139.470032
3.4,11,139.511315
4.15,6,139.542662
3.7,9,139.576699
-3.5,11,139.612726
3.85,8,139.647828
4.45,4,139.679989
-3.35,8,139.716192
4.0,7,139.746051
4.6,3,139.778692
4.6,3,139.803766
4.45,4,139.83313
4.6,3,139.857033
4.3,5,139.885568
3.55,10,139.925546
4.0,7,139.956974
3.55,10,139.994769
4.15,6,140.024433
4.0,7,140.054877
3.85,8,140.23897
-1.75,15,140.289923
4.9,1,140.32247
3.85,8,140.359848
4.15,6,140.388274
4.45,4,140.415109
3.4,11,140.451684
3.7,9,140.486087
4.3,5,140.51656
4.0,7,140.550168
-1.75,15,140.593795
4.75,2,140.618428
4.3,5,140.649237
3.4,11,140.697519
4.3,5,140.735873
4.6,3,140.76981
4.45,4,140.803511
4.6,3,140.835001
3.85,8,140.876321
4.3,5,140.905665
4.75,2,140.93173
3.55,10,140.97869
4.6,3,141.007122
4.3,5,141.041754
4.3,5,141.071827
4.45,4,141.100348
4.45,4,141.131139
-1.75,15,141.180383
4.75,2,141.207077
3.4,11,141.243587
4.3,5,141.27322
3.85,8,141.303987
3.85,8,141.33863
3.55,10,141.375403
4.6,3,141.401634
4.3,5,141.436807
4.6,3,141.466579
4.3,5,141.493175
4.3,5,141.520298
4.0,7,141.551876
4.45,4,141.74944
4.6,3,141.775747
4.45,4,141.803818
4.45,4,141.835431
-1.75,15,141.887184
4.3,5,141.919024
4.6,3,141.948722
3.85,8,141.982675
4.3,5,142.018869
3.85,8,142.061597
4.75,2,142.088568
-3.7,15,142.140505
4.6,3,142.166818
4.75,2,142.193826
3.25,12,142.234682
4.45,4,142.266622
4.3,5,142.29792
4.6,3,142.326769
4.3,5,142.362224
4.45,4,142.392888
4.45,4,142.428623
4.6,3,142.458412
4.6,3,142.492766
4.75,2,142.519489
4.3,5,142.549552
4.0,7,142.583243
-3.2,5,142.615547
4.45,4,142.643958
4.3,5,142.674149
4.3,5,142.703325
4.15,6,142.739736
3.85,8,142.778147
4.6,3,142.802236
4.3,5,142.833198
4.45,4,142.860997
4.15,6,142.896184
4.45,4,142.924648
4.6,3,142.951212
3.25,12,142.992972
4.0,7,143.029444
4.15,6,143.063565
4.6,3,143.092595
4.75,2,143.119006
3.1,13,143.16271
4.3,5,143.189831
4.3,5,143.218917
4.15,6,143.252309
4.0,7,143.441084
4.45,4,143.467427
4.0,7,143.501545
4.6,3,143.52852
-1.75,15,143.570432
3.4,11,143.612878
4.45,4,143.643478
3.55,10,143.68745
4.45,4,143.717371
4.15,6,143.749298
4.9,1,143.774773
3.85,8,143.809092
4.45,4,143.839466
3.4,11,143.881655
4.15,6,143.916873
4.75,2,143.944261
4.15,6,143.979205
4.6,3,144.004424
4.15,6,144.037934
-1.75,15,144.089154
3.85,8,144.127995
4.0,7,144.163534
4.3,5,144.19426
4.6,3,144.220636
4.15,6,144.254967
-1.75,15,144.309242
4.9,1,144.333994
4.3,5,144.363346
4.15,6,144.391264
4.9,1,144.415415
4.0,7,144.447894
4.3,5,144.477746
4.6,3,144.504767
-1.75,15,144.549624
4.9,1,144.570882
4.75,2,144.599097
3.55,10,144.635744
4.3,5,144.665503
4.6,3,144.692333
-1.75,15,144.734198
4.6,3,144.758412
4.45,4,144.932904
3.7,9,144.967514
4.3,5,145.001355
4.0,7,145.037158
4.3,5,145.065569
4.75,2,145.089447
4.0,7,145.122453
4.3,5,145.153708
4.45,4,145.179005
4.45,4,145.21401
4.6,3,145.245947
4.15,6,145.275817
4.3,5,145.306938
4.6,3,145.336595
4.45,4,145.37066
3.7,9,145.416747
-3.65,14,145.473866
4.15,6,145.50999
4.0,7,145.54668
3.55,10,145.583658
4.6,3,145.612795
4.15,6,145.65228
4.75,2,145.678598
-3.2,5,145.708
4.45,4,145.736282
4.0,7,145.767552
4.45,4,145.794188
4.75,2,145.81858
4.15,6,145.848567
4.75,2,145.874139
4.0,7,145.905771
4.45,4,145.936603
4.75,2,145.964474
4.15,6,145.995579
4.3,5,146.026232
4.75,2,146.050811
4.3,5,146.084923
4.15,6,146.117271
4.3,5,146.148989
4.3,5,146.183095
4.9,1,146.206799
-1.75,15,146.251123
4.75,2,146.282312
3.7,9,146.322241
4.0,7,146.358489
4.9,1,146.385848
4.0,7,146.423569
4.6,3,146.451912
3.85,8,146.618923
3.25,12,146.659018
4.15,6,146.685772
4.15,6,146.716778
-3.55,12,146.753102
4.6,3,146.781732
4.45,4,146.809356
-3.4,9,146.844464
-3.55,12,146.882043
4.45,4,146.915627
3.25,12,146.950253
4.3,5,146.981622
4.9,1,147.007918
4.6,3,147.039738
4.0,7,147.075739
-3.5,11,147.113837
4.6,3,147.138166
4.15,6,147.1724
3.85,8,147.209768
4.0,7,147.246176
4.3,5,147.275858
4.45,4,147.307024
-3.2,5,147.335591
4.15,6,147.369187
3.4,11,147.411001
4.6,3,147.436657
4.3,5,147.465123
4.3,5,147.493686
4.6,3,147.517512
4.15,6,147.54659
4.75,2,147.570153
4.75,2,147.595643
3.4,11,147.634008
4.75,2,147.659284
4.6,3,147.682378
3.55,10,147.716566
4.3,5,147.747
4.3,5,147.779576
3.85,8,147.818412
3.4,11,147.860066
4.0,7,147.892849
3.4,11,148.080296
3.4,11,148.119409
-3.1,3,148.144284
4.6,3,148.170633
4.0,7,148.200428
4.6,3,148.229926
4.15,6,148.259995
4.45,4,148.287426
4.75,2,148.311269
4.75,2,148.335642
4.45,4,148.363344
4.3,5,148.394491
3.55,10,148.437127
4.3,5,148.467601
4.6,3,148.494123
3.55,10,148.528373
3.7,9,148.57109
4.15,6,148.612318
4.0,7,148.648476
4.15,6,148.686441
4.15,6,148.726866
3.85,8,148.766945
-3.2,5,148.802246
4.6,3,148.833164
4.6,3,148.862086
4.15,6,148.897774
4.0,7,148.934379
4.3,5,148.971742
4.75,2,148.996461
-3.45,10,149.036528
4.6,3,149.067804
-1.75,15,149.113309
4.6,3,149.137959
4.75,2,149.164146
-3.4,9,149.196704
4.45,4,149.228935
4.0,7,149.264015
4.15,6,149.293586
4.3,5,149.321244
4.45,4,149.351799
4.15,6,149.386001
4.6,3,149.413836
4.3,5,149.440103
3.85,8,149.470314
4.75,2,149.497349
3.85,8,149.667366
4.3,5,149.70204
-3.65,14,149.743957
4.3,5,149.769638
4.9,1,149.791815
3.85,8,149.827043
4.3,5,149.854218
4.75,2,149.881575
4.75,2,149.91549
4.3,5,149.945944
-3.7,15,149.985296
4.0,7,150.016235
4.45,4,150.043009
4.45,4,150.072134
3.7,9,150.116041
4.3,5,150.156365
4.15,6,150.196283
4.45,4,150.230079
-3.55,12,150.275917
3.7,9,150.31473
3.85,8,150.35099
4.3,5,150.38249
4.45,4,150.408654
2.95,14,150.453936
-3.3,7,150.498977
4.75,2,150.526237
4.75,2,150.555795
4.15,6,150.588519
4.15,6,150.618622
3.55,10,150.653523
4.6,3,150.682522
3.55,10,150.719323
3.7,9,150.75439
4.0,7,150.787935
3.7,9,150.822021
3.4,11,150.860073
4.6,3,150.884723
3.85,8,150.917706
4.45,4,150.948142
3.7,9,151.127007
4.3,5,151.157964
4.6,3,151.183717
4.75,2,151.207883
4.75,2,151.237034
3.7,9,151.279029
4.6,3,151.313875
4.3,5,151.343178
4.15,6,151.377823
4.6,3,151.404816
4.15,6,151.434897
-3.35,8,151.465709
4.45,4,151.489957
3.7,9,151.524252
4.3,5,151.552108
3.7,9,151.584616
4.9,1,151.608964
4.6,3,151.636343
4.6,3,151.669435
4.15,6,151.712206
4.45,4,151.748813
4.9,1,151.778332
-3.65,14,151.823792
4.0,7,151.860094
4.6,3,151.888883
-3.7,15,151.93943
4.15,6,151.974352
4.75,2,152.001677
3.85,8,152.037359
4.45,4,152.06782
4.75,2,152.098777
3.4,11,152.148778
4.15,6,152.187078
3.55,10,152.238238
4.0,7,152.276488
4.45,4,152.304418
4.6,3,152.33213
4.0,7,152.363241
4.6,3,152.389227
4.6,3,152.418325
4.9,1,152.44755
-3.2,5,152.478518
4.6,3,152.504012
4.3,5,152.535259
4.15,6,152.563842
4.45,4,152.592919
4.3,5,152.620853
4.75,2,152.646431
3.85,8,152.853227
4.45,4,152.89141
4.15,6,152.919722
3.7,9,152.95786
4.6,3,152.986676
3.7,9,153.028249
3.4,11,153.07025
4.15,6,153.099851
4.15,6,153.129613
4.0,7,153.162233
4.3,5,153.192691
4.0,7,153.22446
4.45,4,153.251534
4.6,3,153.287232
4.3,5,153.322844
3.7,9,153.357971
4.6,3,153.38664
4.3,5,153.421996
4.75,2,153.446461
4.15,6,153.476803
4.6,3,153.504974
4.9,1,153.525768
3.25,12,153.571917
4.6,3,153.602281
4.15,6,153.639516
4.45,4,153.667655
4.45,4,153.698201
4.75,2,153.726705
4.6,3,153.75693
4.15,6,153.789129
4.75,2,153.815198
4.45,4,153.846224
4.15,6,153.877989
4.6,3,153.908434
4.6,3,153.937992
4.75,2,153.962203
4.0,7,153.991336
4.45,4,154.019297
4.45,4,154.048062
4.45,4,154.07453
4.6,3,154.10222
-3.25,6,154.134594
3.4,11,154.174181
-3.6,13,154.21374
4.6,3,154.240119
-3.65,14,154.278582
3.4,11,154.31338
3.85,8,154.504435
4.45,4,154.532947
4.0,7,154.566351
4.75,2,154.594175
4.75,2,154.619769
4.45,4,154.652445
4.45,4,154.681548
4.15,6,154.718901
4.3,5,154.758064
4.3,5,154.795941
3.4,11,154.841822
-1.75,15,154.89707
4.0,7,154.934431
4.75,2,154.960719
4.3,5,155.001063
4.15,6,155.041001
3.7,9,155.082227
4.0,7,155.117174
-3.7,15,155.172394
-3.6,13,155.216902
4.45,4,155.249871
4.45,4,155.280682
-1.75,15,155.335813
3.55,10,155.383459
3.7,9,155.420753
3.25,12,155.468662
4.15,6,155.50511
4.6,3,155.533598
-1.75,15,155.581924
3.55,10,155.618283
4.45,4,155.644477
3.7,9,155.678318
4.0,7,155.71381
4.15,6,155.742927
4.0,7,155.925667
4.6,3,155.950373
4.75,2,155.978276
4.6,3,156.005149
4.15,6,156.033777
4.0,7,156.068826
4.0,7,156.107512
4.45,4,156.137595
4.6,3,156.166013
3.55,10,156.213169
4.3,5,156.244067
4.45,4,156.273205
4.15,6,156.300438
-3.4,9,156.335058
4.45,4,156.362723
4.75,2,156.386986
3.7,9,156.425185
4.45,4,156.457582
3.85,8,156.495269
4.0,7,156.526618
4.6,3,156.553682
4.3,5,156.584449
4.45,4,156.611511
4.0,7,156.644708
4.45,4,156.671827
4.6,3,156.699507
4.15,6,156.730412
4.6,3,156.761096
4.6,3,156.790817
4.3,5,156.823527
4.0,7,156.858353
4.75,2,156.882036
4.15,6,156.920123
3.55,10,156.959682
3.85,8,156.993202
3.25,12,157.032803
4.75,2,157.056863
4.6,3,157.082391
4.0,7,157.114544
4.45,4,157.144837
4.3,5,157.17391
4.15,6,157.213022
4.0,7,157.252991
4.6,3,157.285996
3.85,8,157.321822
4.3,5,157.35166
-3.45,10,157.386767
4.3,5,157.569109
4.75,2,157.597672
4.45,4,157.624401
4.0,7,157.653497
4.0,7,157.683922
-3.6,13,157.726707
-3.7,15,157.770476
4.6,3,157.797258
3.85,8,157.832196
4.15,6,157.86463
3.85,8,157.898544
4.45,4,157.928753
4.3,5,157.958361
4.45,4,157.990497
4.6,3,158.018743
4.15,6,158.050605
4.3,5,158.087329
3.55,10,158.127459
4.3,5,158.162245
3.55,10,158.199286
4.15,6,158.233053
3.7,9,158.269136
4.0,7,158.305673
4.0,7,158.341179
-3.15,4,158.368826
4.6,3,158.398703
3.7,9,158.444581
3.25,12,158.496699
-3.5,11,158.539349
4.45,4,158.568914
4.45,4,158.598306
3.7,9,158.635585
3.85,8,158.672475
4.75,2,158.70154
4.15,6,158.738199
-1.75,15,158.78493
4.3,5,158.820644
4.9,1,158.849405
4.75,2,158.880878
3.25,12,159.067486
4.6,3,159.096274
4.0,7,159.128563
4.6,3,159.155432
4.45,4,159.188893
3.1,13,159.231032
4.6,3,159.260547
4.45,4,159.289068
4.3,5,159.326587
4.6,3,159.35726
4.45,4,159.393717
3.55,10,159.427023
4.3,5,159.456649
4.0,7,159.488055
4.15,6,159.519924
4.45,4,159.548266
4.6,3,159.578586
-3.6,13,159.625906
3.25,12,159.670248
3.55,10,159.710746
3.85,8,159.752491
4.6,3,159.783374
4.45,4,159.816575
4.0,7,159.856203
4.75,2,159.890036
4.45,4,159.92028
4.0,7,159.960706
-3.7,15,160.007546
4.9,1,160.03181
4.3,5,160.062089
4.45,4,160.090294
3.85,8,160.12202
-3.7,15,160.167393
-3.55,12,160.20827
4.75,2,160.230352
4.6,3,160.258288
4.6,3,160.281391
4.3,5,160.312594
4.6,3,160.339784
4.45,4,160.367095
4.15,6,160.396216
4.3,5,160.423872
4.15,6,160.607939
4.75,2,160.628819
3.55,10,160.666595
4.9,1,160.691182
4.45,4,160.717316
3.55,10,160.750923
4.3,5,160.784867
4.45,4,160.814487
3.85,8,160.846862
4.15,6,160.878601
4.45,4,160.909624
4.6,3,160.937336
4.3,5,160.965713
4.6,3,160.994087
4.6,3,161.018529
4.15,6,161.051276
4.3,5,161.086001
3.55,10,161.127873
3.85,8,161.168298
3.4,11,161.21461
4.6,3,161.24345
3.7,9,161.275257
3.7,9,161.318097
4.75,2,161.343076
4.15,6,161.372443
4.6,3,161.401158
4.6,3,161.431371
4.6,3,161.458857
4.0,7,161.494121
-3.5,11,161.534974
4.45,4,161.566806
4.45,4,161.596656
4.6,3,161.621313
3.4,11,161.660452
4.3,5,161.68538
4.0,7,161.718864
-3.45,10,161.756468
4.75,2,161.783371
4.45,4,161.815485
4.0,7,161.848484
4.3,5,161.880414
4.45,4,161.909634
-3.5,11,161.951861
4.45,4,161.983002
4.75,2,162.010024
4.75,2,162.035068
4.6,3,162.064543
4.45,4,162.25776
4.15,6,162.294349
4.3,5,162.324821
3.7,9,162.362996
-3.65,14,162.40389
4.45,4,162.431205
4.45,4,162.454748
4.3,5,162.487111
3.4,11,162.524521
4.3,5,162.549974
4.15,6,162.582576
4.3,5,162.611283
4.3,5,162.640023
4.3,5,162.670909
-3.55,12,162.719329
3.85,8,162.756618
4.3,5,162.789067
3.85,8,162.832361
4.3,5,162.873774
4.15,6,162.90607
3.7,9,162.943974
3.7,9,162.984161
4.45,4,163.015806
4.75,2,163.04868
4.0,7,163.083016
4.9,1,163.104634
3.85,8,163.143449
4.3,5,163.175475
3.7,9,163.21513
4.75,2,163.247348
-3.6,13,163.286643
3.55,10,163.322735
3.4,11,163.359405
3.7,9,163.391334
4.3,5,163.418861
4.75,2,163.445581
-3.7,15,163.485011
4.6,3,163.50915
4.6,3,163.531683
3.85,8,163.694592
-3.65,14,163.731247
4.45,4,163.756777
3.4,11,163.798202
4.6,3,163.833564
3.55,10,163.873793
4.6,3,163.899207
4.6,3,163.927445
3.4,11,163.9649
4.75,2,163.990586
4.45,4,164.014793
4.6,3,164.04156
4.45,4,164.06727
-3.45,10,164.104728
4.45,4,164.132125
3.4,11,164.172707
4.3,5,164.200709
4.3,5,164.228393
4.6,3,164.257125
4.15,6,164.29378
4.45,4,164.332237
3.85,8,164.375594
3.4,11,164.415991
4.15,6,164.4496
4.6,3,164.47687
4.0,7,164.508876
4.6,3,164.534973
4.75,2,164.56221
4.6,3,164.5898
3.7,9,164.624914
-3.35,8,164.668812
4.3,5,164.698107
4.45,4,164.729796
3.7,9,164.764904
4.15,6,164.799818
4.6,3,164.830276
3.4,11,164.873024
4.45,4,164.903445
4.45,4,164.932145
4.3,5,164.95854
4.75,2,164.983532
3.25,12,165.031123
4.9,1,165.061112
4.6,3,165.239115
4.0,7,165.271751
4.0,7,165.306415
3.7,9,165.343956
4.15,6,165.377119
4.75,2,165.404735
4.6,3,165.435729
4.3,5,165.474058
4.45,4,165.504035
3.1,13,165.547405
3.55,10,165.592646
4.45,4,165.620272
4.45,4,165.64832
4.45,4,165.675795
4.0,7,165.703733
-3.7,15,165.746367
3.7,9,165.779851
4.75,2,165.806185
3.7,9,165.845844
4.0,7,165.879366
-3.7,15,165.929899
4.75,2,165.961216
4.6,3,165.98924
4.45,4,166.017693
3.85,8,166.053383
4.45,4,166.080817
4.15,6,166.112351
4.9,1,166.138983
3.4,11,166.180975
3.25,12,166.233667
4.0,7,166.283633
4.15,6,166.318092
4.15,6,166.349741
4.6,3,166.380926
-3.35,8,166.414624
4.45,4,166.440629
4.45,4,166.465686
4.6,3,166.494668
-3.3,7,166.52611
4.6,3,166.550413
4.75,2,166.575849
4.15,6,166.605189
4.75,2,166.630023
4.45,4,166.843044
4.3,5,166.872509
4.45,4,166.896075
4.15,6,166.926914
4.15,6,166.955522
4.15,6,166.987643
4.9,1,167.010763
4.45,4,167.037918
4.45,4,167.067715
4.15,6,167.100458
4.9,1,167.125097
4.45,4,167.15618
4.0,7,167.191383
4.6,3,167.216919
4.3,5,167.250403
4.15,6,167.291503
4.3,5,167.31915
4.0,7,167.35076
4.45,4,167.376658
4.6,3,167.401789
4.3,5,167.435419
4.45,4,167.46718
-3.5,11,167.503997
4.75,2,167.525511
4.45,4,167.552691
3.4,11,167.598765
4.3,5,167.630976
4.0,7,167.678583
4.75,2,167.70736
4.15,6,167.740648
4.6,3,167.769813
4.3,5,167.800673
4.15,6,167.835083
3.55,10,167.876423
4.45,4,167.903629
3.85,8,167.94192
-1.75,15,167.984134
4.0,7,168.018955
3.25,12,168.059072
-3.55,12,168.102037
4.45,4,168.131257
4.6,3,168.161976
4.45,4,168.193313
4.6,3,168.216673
3.7,9,168.255195
4.15,6,168.43385
3.7,9,168.467134
4.75,2,168.493527
4.45,4,168.52406
4.45,4,168.551614
3.85,8,168.583461
4.6,3,168.61255
4.75,2,168.640145
4.6,3,168.663729
3.7,9,168.703396
3.85,8,168.740924
4.6,3,168.771051
4.45,4,168.811033
4.75,2,168.844807
3.7,9,168.885582
3.25,12,168.931376
4.6,3,168.964624
4.15,6,169.002276
3.4,11,169.048419
4.45,4,169.086928
4.75,2,169.11652
4.15,6,169.151035
4.45,4,169.184033
3.85,8,169.222483
4.75,2,169.248915
4.6,3,169.283362
3.7,9,169.327936
-3.25,6,169.366073
-3.45,10,169.407606
4.45,4,169.446184
4.6,3,169.481179
3.7,9,169.519346
4.3,5,169.550929
4.15,6,169.592459
4.6,3,169.631059
4.3,5,169.675336
4.9,1,169.714
4.45,4,169.744795
3.55,10,169.799152
4.6,3,169.828167
4.6,3,169.854715
4.45,4,169.888699
4.45,4,169.926191
4.15,6,169.966325
4.75,2,169.991277
-1.75,15,170.032557
4.45,4,170.058822
4.6,3,170.081787
4.0,7,170.26475
4.6,3,170.294269
4.3,5,170.323469
4.45,4,170.352388
4.3,5,170.380074
3.85,8,170.415023
3.4,11,170.456037
4.6,3,170.481985
4.3,5,170.510384
4.3,5,170.538719
3.85,8,170.576962
4.75,2,170.601145
3.25,12,170.643261
4.0,7,170.675392
4.3,5,170.70734
4.6,3,170.732415
-3.6,13,170.781629
3.85,8,170.825621
4.6,3,170.85918
4.3,5,170.890457
4.45,4,170.92351
3.7,9,170.962239
4.45,4,170.992136
3.4,11,171.035161
4.75,2,171.060476
3.55,10,171.096834
4.15,6,171.12524
4.75,2,171.150822
4.45,4,171.179325
3.85,8,171.215772
-1.75,15,171.263843
-3.7,15,171.315315
3.85,8,171.355855
3.55,10,171.396662
4.6,3,171.422732
-3.45,10,171.462159
-1.75,15,171.508231
4.45,4,171.674045
4.45,4,171.700247
3.25,12,171.744066
3.85,8,171.784229
4.45,4,171.816424
4.15,6,171.848439
4.15,6,171.88148
4.6,3,171.906821
4.6,3,171.934296
4.15,6,171.965553
4.45,4,172.001305
4.6,3,172.026759
4.45,4,172.056327
4.3,5,172.087304
4.6,3,172.114957
3.85,8,172.14887
4.15,6,172.188955
4.15,6,172.225197
4.3,5,172.258514
4.75,2,172.290905
3.55,10,172.331564
4.75,2,172.359336
3.55,10,172.399238
4.75,2,172.427466
4.3,5,172.458628
4.0,7,172.492435
-3.3,7,172.522468
4.75,2,172.549513
4.3,5,172.583087
4.3,5,172.619191
4.0,7,172.649938
4.0,7,172.679372
4.6,3,172.707424
4.45,4,172.736494
4.3,5,172.770238
4.0,7,172.802186
4.75,2,172.828901
4.45,4,172.859705
4.15,6,172.891644
4.3,5,172.926541
4.0,7,172.960151
4.45,4,172.991061
4.0,7,173.020825
4.6,3,173.045304
4.0,7,173.081867
3.85,8,173.12082
4.15,6,173.149732
4.45,4,173.178138
3.85,8,173.347103
4.15,6,173.379767
4.3,5,173.409439
4.45,4,173.436559
4.15,6,173.466279
3.7,9,173.500877
3.25,12,173.544414
4.45,4,173.571949
4.75,2,173.596889
4.75,2,173.620416
4.6,3,173.6474
-3.45,10,173.683277
4.0,7,173.718421
4.45,4,173.750627
3.7,9,173.796831
4.45,4,173.829906
4.6,3,173.859168
3.85,8,173.898038
4.6,3,173.927817
-3.45,10,173.968285
4.45,4,174.003667
4.15,6,174.037381
4.6,3,174.064417
4.45,4,174.097847
-1.75,15,174.141842
4.45,4,174.168557
4.0,7,174.200502
-3.55,12,174.241351
-1.75,15,174.292218
4.45,4,174.320081
-3.65,14,174.365053
4.45,4,174.395807
4.45,4,174.428482
4.45,4,174.457741
4.45,4,174.491172
4.0,7,174.522877
4.75,2,174.546599
4.45,4,174.573441
4.15,6,174.60397
4.75,2,174.627718
4.15,6,174.65486
-3.7,15,174.856619
4.3,5,174.887449
4.3,5,174.91863
4.3,5,174.948549
4.45,4,174.978201
4.15,6,175.010141
4.3,5,175.041788
3.55,10,175.082451
4.15,6,175.114512
4.3,5,175.146935
4.9,1,175.169613
4.75,2,175.196779
4.15,6,175.228553
3.55,10,175.268083
3.4,11,175.313894
4.3,5,175.347842
4.75,2,175.378226
-3.45,10,175.42868
4.6,3,175.456077
4.45,4,175.485808
3.85,8,175.522197
4.3,5,175.550143
4.75,2,175.580805
4.15,6,175.619786
4.15,6,175.648823
3.55,10,175.689512
4.75,2,175.716972
3.85,8,175.758048
-3.7,15,175.807591
3.85,8,175.843318
3.7,9,175.879135
4.45,4,175.909992
4.45,4,175.945843
4.9,1,175.968133
2.95,14,176.008659
3.25,12,176.047268
4.75,2,176.072508
4.15,6,176.102582
4.9,1,176.126555
4.3,5,176.159008
4.6,3,176.18588
4.3,5,176.217457
4.15,6,176.247731
4.6,3,176.273996
4.75,2,176.298221
4.0,7,176.478908
4.15,6,176.507205
4.75,2,176.53047
4.75,2,176.555762
4.15,6,176.587024
3.7,9,176.61974
4.6,3,176.642795
3.85,8,176.67763
4.3,5,176.70539
4.45,4,176.731276
3.25,12,176.773078
3.1,13,176.815663
4.75,2,176.843631
-3.6,13,176.884426
4.15,6,176.920931
4.6,3,176.946738
3.4,11,176.984689
4.0,7,177.018629
3.55,10,177.055806
4.45,4,177.089247
-3.4,9,177.125425
4.45,4,177.159604
3.85,8,177.195731
4.15,6,177.236495
3.7,9,177.274242
4.15,6,177.3074
4.6,3,177.337591
3.85,8,177.373475
4.15,6,177.405633
3.25,12,177.441916
4.6,3,177.468567
3.4,11,177.509829
3.7,9,177.54252
4.15,6,177.572945
4.45,4,177.599335
3.55,10,177.641687
-3.7,15,177.828488
3.1,13,177.869029
-1.75,15,177.911138
4.9,1,177.937649
4.3,5,177.965497
4.6,3,177.99212
3.7,9,178.025117
3.4,11,178.066211
4.0,7,178.101855
4.75,2,178.129955
4.6,3,178.159277
4.75,2,178.189011
3.4,11,178.231582
4.0,7,178.26324
-1.75,15,178.308317
4.6,3,178.337014
4.45,4,178.365671
-3.15,4,178.395355
4.6,3,178.425417
4.6,3,178.456747
4.75,2,178.480456
3.1,13,178.532978
4.0,7,178.569565
4.45,4,178.597407
4.45,4,178.631354
4.15,6,178.677078
4.45,4,178.711414
4.3,5,178.746634
4.6,3,178.78173
4.15,6,178.819476
3.4,11,178.863422
3.55,10,178.907582
4.6,3,178.94861
4.75,2,178.979577
4.6,3,179.008823
4.75,2,179.030943
4.6,3,179.055654
3.4,11,179.095503
4.45,4,179.125736
3.1,13,179.171246
4.6,3,179.198668
4.45,4,179.226638
4.0,7,179.396431
4.6,3,179.421933
3.85,8,179.455962
4.3,5,179.483274
4.6,3,179.508996
3.25,12,179.54562
-3.25,6,179.578285
4.0,7,179.60678
4.0,7,179.638189
4.45,4,179.674104
4.3,5,179.700058
4.45,4,179.730211
4.6,3,179.760185
4.3,5,179.788763
4.45,4,179.813757
-1.75,15,179.861108
4.45,4,179.898544
4.6,3,179.92999
4.15,6,179.96152
4.45,4,179.992698
3.1,13,180.037531
4.15,6,180.065751
4.45,4,180.09279
4.15,6,180.122402
4.45,4,180.153602
4.75,2,180.179568
4.45,4,180.207773
3.4,11,180.252872
4.75,2,180.279095
4.75,2,180.307259
-1.75,15,180.351963
4.0,7,180.385297
4.3,5,180.414261
3.7,9,180.450193
-3.65,14,180.496767
4.0,7,180.53252
4.0,7,180.564182
3.25,12,180.602769
4.15,6,180.63328
4.15,6,180.666725
4.3,5,180.697551
3.85,8,180.882407
4.15,6,180.921346
-1.75,15,180.965698
4.45,4,181.003821
4.9,1,181.036556
3.85,8,181.072894
-3.7,15,181.121682
-3.45,10,181.163464
4.3,5,181.19246
4.9,1,181.215624
4.6,3,181.24481
3.85,8,181.279324
3.7,9,181.315808
3.7,9,181.354798
4.3,5,181.386935
4.0,7,181.420889
4.9,1,181.445891
-3.35,8,181.485748
4.3,5,181.518162
3.7,9,181.555349
4.0,7,181.587179
4.45,4,181.616715
3.85,8,181.652396
4.75,2,181.676528
4.6,3,181.707332
3.4,11,181.754812
4.45,4,181.787674
3.85,8,181.83348
4.6,3,181.862134
3.1,13,181.906501
4.6,3,181.939363
3.85,8,181.973739
3.55,10,182.018799
4.9,1,182.049221
3.55,10,182.091874
4.15,6,182.123578
4.15,6,182.160256
4.75,2,182.192145
4.75,2,182.222386
-3.65,14,182.417987
4.3,5,182.44565
4.6,3,182.474816
4.0,7,182.510319
4.0,7,182.550725
-3.6,13,182.597704
4.75,2,182.620584
4.15,6,182.651233
3.4,11,182.687608
3.4,11,182.723658
4.45,4,182.757693
4.75,2,182.782119
4.45,4,182.810584
3.55,10,182.846003
4.6,3,182.875386
4.75,2,182.902837
3.55,10,182.943175
3.4,11,182.979925
4.75,2,183.010999
3.7,9,183.051807
3.25,12,183.088772
4.0,7,183.120497
4.45,4,183.148757
-1.75,15,183.204188
4.3,5,183.24257
3.7,9,183.288854
4.3,5,183.321411
4.15,6,183.353785
3.7,9,183.391279
4.45,4,183.424461
3.85,8,183.456977
3.85,8,183.495213
4.3,5,183.531978
4.6,3,183.561482
4.0,7,183.594538
3.7,9,183.635272
4.6,3,183.660944
4.0,7,183.69358
3.55,10,183.869356
4.45,4,183.904023
4.75,2,183.931107
4.0,7,183.971391
3.1,13,184.011313
4.45,4,184.048005
3.55,10,184.087425
4.0,7,184.119606
4.45,4,184.144607
4.75,2,184.17114
4.75,2,184.19769
4.6,3,184.2261
4.0,7,184.254753
4.0,7,184.285961
4.6,3,184.310091
3.7,9,184.343358
3.55,10,184.379581
3.85,8,184.412942
4.0,7,184.44518
4.75,2,184.470916
4.45,4,184.496802
4.75,2,184.522688
4.15,6,184.552368
3.1,13,184.590251
4.6,3,184.617792
4.75,2,184.643073
-3.4,9,184.677037
4.75,2,184.704066
4.3,5,184.731221
4.15,6,184.764799
4.45,4,184.793938
4.6,3,184.822675
4.3,5,184.860465
4.6,3,184.887312
4.3,5,184.920731
4.45,4,184.951979
4.45,4,184.97931
4.15,6,185.013254
4.45,4,185.04399
-3.65,14,185.091009
4.6,3,185.119108
-1.75,15,185.16771
4.45,4,185.197205
4.45,4,185.227566
4.0,7,185.263052
4.9,1,185.430513
3.7,9,185.465303
4.75,2,185.492071
4.15,6,185.522903
-1.75,15,185.570664
4.15,6,185.60246
4.45,4,185.633093
3.4,11,185.676405
4.9,1,185.706516
3.1,13,185.748416
3.85,8,185.78495
-3.7,15,185.828055
4.3,5,185.859329
4.6,3,185.886127
4.6,3,185.911965
3.55,10,185.946487
4.15,6,185.980744
4.6,3,186.006479
4.6,3,186.031214
4.6,3,186.057341
4.3,5,186.088702
4.0,7,186.122674
4.45,4,186.157265
-1.75,15,186.201886
4.6,3,186.228479
3.55,10,186.269696
4.15,6,186.300885
4.6,3,186.328552
4.75,2,186.352248
4.6,3,186.381606
4.3,5,186.419715
3.4,11,186.462103
4.6,3,186.490353
3.85,8,186.522945
3.7,9,186.559647
4.9,1,186.585316
4.0,7,186.619588
4.75,2,186.647202
3.25,12,186.69352
4.6,3,186.72946
4.0,7,186.764696
3.7,9,186.948304
3.55,10,186.987635
4.15,6,187.023911
4.6,3,187.048638
4.0,7,187.082112
4.6,3,187.108305
4.3,5,187.13939
4.45,4,187.167345
4.6,3,187.19483
4.3,5,187.225734
4.45,4,187.25747
-1.75,15,187.303644
4.15,6,187.335193
3.4,11,187.385449
-1.75,15,187.429092
4.75,2,187.45575
3.4,11,187.495559
4.9,1,187.520445
4.9,1,187.541425
3.85,8,187.576031
4.45,4,187.602452
4.6,3,187.626239
4.0,7,187.657332
3.55,10,187.699401
4.3,5,187.730075
4.75,2,187.753895
4.75,2,187.779105
4.45,4,187.809861
4.3,5,187.853421
4.9,1,187.875467
4.15,6,187.910501
3.85,8,187.955766
4.75,2,187.988944
4.9,1,188.023956
4.3,5,188.063187
4.3,5,188.095102
3.55,10,188.139355
-1.75,15,188.18887
-1.75,15,188.237152
4.3,5,188.272123
4.0,7,188.30745
4.75,2,188.334935
4.75,2,188.361399
3.7,9,188.549979
4.3,5,188.579053
4.75,2,188.604998
3.85,8,188.641226
4.3,5,188.672323
4.45,4,188.700502
4.15,6,188.737306
3.85,8,188.77162
-3.6,13,188.814665
4.3,5,188.850063
4.3,5,188.882452
3.55,10,188.925183
4.75,2,188.957266
4.0,7,188.992886
4.6,3,189.018321
4.6,3,189.04524
4.75,2,189.077276
3.7,9,189.113615
4.6,3,189.144896
4.45,4,189.175556
4.6,3,189.200674
4.45,4,189.226924
3.7,9,189.259145
3.7,9,189.292602
4.3,5,189.321979
4.45,4,189.349444
3.85,8,189.387859
4.75,2,189.4122
4.45,4,189.442089
3.85,8,189.479369
4.0,7,189.511536
4.45,4,189.537417
4.75,2,189.566877
4.15,6,189.601892
4.9,1,189.627681
4.3,5,189.659562
3.1,13,189.702106
4.6,3,189.728346
4.3,5,189.759628
3.85,8,189.795991
4.3,5,189.824075
4.3,5,189.852539
3.55,10,189.889626
3.85,8,189.927166
4.6,3,189.952429
4.75,2,189.979377
3.85,8,190.162253
3.25,12,190.207681
4.45,4,190.243099
4.0,7,190.277111
4.3,5,190.313734
4.6,3,190.342311
4.6,3,190.377446
4.6,3,190.407427
4.45,4,190.440156
4.45,4,190.469995
4.75,2,190.494653
3.7,9,190.528779
3.25,12,190.568876
3.55,10,190.607988
4.45,4,190.637519
4.0,7,190.671086
4.3,5,190.703845
3.1,13,190.755891
4.0,7,190.789429
4.15,6,190.829762
4.3,5,190.863209
4.6,3,190.890318
-1.75,15,190.938404
3.4,11,190.977383
4.6,3,191.005679
4.6,3,191.035278
4.75,2,191.058728
4.45,4,191.092981
4.15,6,191.130507
3.85,8,191.164753
4.75,2,191.191892
4.45,4,191.224181
4.15,6,191.259692
4.45,4,191.289625
4.75,2,191.321708
4.75,2,191.353005
-1.75,15,191.399483
4.6,3,191.430413
-1.75,15,191.475411
4.9,1,191.498846
4.75,2,191.527423
4.6,3,191.553506
4.0,7,191.588905
3.25,12,191.772189
4.15,6,191.803163
4.45,4,191.828253
3.85,8,191.861196
4.3,5,191.893424
4.6,3,191.920735
4.75,2,191.944403
4.6,3,191.967345
4.6,3,191.993003
3.85,8,192.029974
4.0,7,192.063159
4.6,3,192.09501
4.6,3,192.119141
4.45,4,192.148537
-3.65,14,192.195332
3.4,11,192.233853
4.3,5,192.261854
-1.75,15,192.306295
3.55,10,192.346003
3.55,10,192.385312
4.45,4,192.412941
4.0,7,192.446112
4.75,2,192.473232
4.75,2,192.498119
4.0,7,192.534631
4.15,6,192.566978
4.45,4,192.592782
3.7,9,192.627366
4.75,2,192.653627
4.3,5,192.698724
4.0,7,192.739943
4.3,5,192.77333
3.55,10,192.816417
4.75,2,192.842727
4.45,4,192.875261
4.75,2,192.897997
4.75,2,192.923252
4.45,4,192.954166
3.25,12,192.998101
4.6,3,193.024517
4.6,3,193.053985
4.75,2,193.079591
4.75,2,193.10772
4.45,4,193.131769
-1.75,15,193.178405
4.45,4,193.35903
4.75,2,193.382515
4.75,2,193.407202
4.75,2,193.433482
3.85,8,193.468834
4.75,2,193.498544
4.0,7,193.532799
4.0,7,193.567986
4.6,3,193.598547
4.6,3,193.625106
4.45,4,193.653195
4.45,4,193.680559
4.15,6,193.712397
4.6,3,193.739814
4.6,3,193.763658
4.15,6,193.79636
4.75,2,193.823396
3.1,13,193.863489
3.85,8,193.894087
4.3,5,193.922531
3.85,8,193.956052
4.3,5,193.988011
4.15,6,194.024804
-3.1,3,194.050506
4.75,2,194.079466
3.25,12,194.123572
3.55,10,194.162215
4.45,4,194.191038
4.9,1,194.218331
3.7,9,194.25443
4.15,6,194.284992
-3.2,5,194.315834
4.75,2,194.339822
3.85,8,194.373968
4.45,4,194.403309
-1.75,15,194.449217
4.15,6,194.483389
4.3,5,194.520963
4.75,2,194.55255
4.3,5,194.590977
4.15,6,194.631578
4.3,5,194.660897
4.6,3,194.695312
4.0,7,194.727998
4.75,2,194.752221
-1.75,15,194.803345
4.45,4,194.831045
4.45,4,195.023064
4.0,7,195.062865
4.0,7,195.104918
4.6,3,195.136249
4.15,6,195.173712
4.45,4,195.206034
-3.05,2,195.229542
3.85,8,195.268246
4.0,7,195.308614
3.25,12,195.348267
4.45,4,195.383288
4.6,3,195.415637
4.75,2,195.444956
4.6,3,195.474585
-3.05,2,195.506466
4.45,4,195.535984
4.15,6,195.568063
4.6,3,195.595742
4.6,3,195.620934
4.6,3,195.65543
4.3,5,195.691601
4.75,2,195.720813
-1.75,15,195.766443
3.85,8,195.813674
4.9,1,195.838492
3.7,9,195.885947
4.0,7,195.921205
4.45,4,195.949351
4.45,4,195.980572
4.45,4,196.010757
4.6,3,196.047002
3.55,10,196.087711
4.75,2,196.120485
3.55,10,196.171346
3.7,9,196.210214
2.95,14,196.251738
4.45,4,196.278488
-3.15,4,196.303823
3.4,11,196.338928
3.85,8,196.375282
4.9,1,196.398145
3.55,10,196.435998
4.75,2,196.463196
4.15,6,196.494697
4.45,4,196.520712
4.3,5,196.551243
4.0,7,196.72975
4.15,6,196.758122
-1.75,15,196.803195
4.6,3,196.827168
4.6,3,196.852717
4.75,2,196.876568
-1.75,15,196.925682
4.75,2,196.950345
4.15,6,196.979374
3.85,8,197.021421
4.3,5,197.053063
4.6,3,197.078741
4.0,7,197.119476
4.75,2,197.144543
4.45,4,197.174109
4.45,4,197.204556
4.6,3,197.229659
-1.75,15,197.278455
4.75,2,197.305555
-1.75,15,197.353088
4.75,2,197.376878
4.0,7,197.423101
-1.75,15,197.475147
-1.75,15,197.525202
4.15,6,197.559137
4.15,6,197.592365
4.3,5,197.624418
-1.75,15,197.668931
3.55,10,197.710628
4.75,2,197.735137
4.45,4,197.764533
4.15,6,197.795708
4.6,3,197.822023
4.75,2,197.846409
4.45,4,197.871024
4.6,3,197.896774
3.4,11,197.936396
4.15,6,197.970834
4.45,4,197.998363
3.25,12,198.189513
4.15,6,198.222603
4.45,4,198.251061
4.6,3,198.27616
4.15,6,198.307381
4.3,5,198.341055
4.6,3,198.369393
4.6,3,198.402826
4.3,5,198.437025
4.45,4,198.462136
3.25,12,198.505296
4.3,5,198.531323
4.9,1,198.555869
4.0,7,198.588539
4.0,7,198.619933
3.85,8,198.650503
4.75,2,198.676879
4.15,6,198.70735
4.3,5,198.739435
4.75,2,198.766679
4.0,7,198.807744
-1.75,15,198.858469
4.3,5,198.895797
4.3,5,198.937563
3.55,10,198.979712
4.0,7,199.02204
4.15,6,199.056248
4.75,2,199.088258
4.3,5,199.12765
-1.75,15,199.174393
4.6,3,199.200328
3.85,8,199.233263
4.75,2,199.258091
3.55,10,199.29817
4.0,7,199.335308
4.45,4,199.363438
4.45,4,199.394366
4.6,3,199.423
4.45,4,199.449628
4.45,4,199.476391
4.3,5,199.511593
4.75,2,199.535742
4.0,7,199.567856
4.75,2,199.589922
-3.2,5,199.620522
4.45,4,199.646913
3.4,11,199.843349
3.25,12,199.884815
4.75,2,199.909554
4.3,5,199.940239
-1.75,15,199.988016
4.75,2,200.013834
4.45,4,200.040607
4.15,6,200.069898
4.75,2,200.093526
4.75,2,200.122455
4.15,6,200.152886
4.3,5,200.179999
3.7,9,200.213772
4.75,2,200.242839
3.85,8,200.282508
4.45,4,200.311103
4.9,1,200.335219
4.6,3,200.360322
4.75,2,200.385744
4.6,3,200.411596
4.0,7,200.445001
4.0,7,200.479987
4.45,4,200.506128
4.45,4,200.534904
4.3,5,200.569411
4.3,5,200.595979
4.0,7,200.629503
4.6,3,200.656869
4.6,3,200.688565
4.75,2,200.72189
4.45,4,200.748591
4.45,4,200.780433
4.0,7,200.823209
4.3,5,200.860717
4.45,4,200.903277
3.85,8,200.93301
3.55,10,200.968191
4.45,4,200.995697
4.6,3,201.019279
4.6,3,201.045372
4.75,2,201.070723
4.15,6,201.102036
4.15,6,201.132463
-1.75,15,201.175384
3.55,10,201.212859
4.3,5,201.240226
4.6,3,201.267137
-1.75,15,201.457887
4.3,5,201.487083
3.55,10,201.52449
3.7,9,201.559385
4.6,3,201.588898
4.75,2,201.618119
4.9,1,201.642446
4.75,2,201.668832
4.6,3,201.696
3.85,8,201.729145
4.0,7,201.758979
4.0,7,201.791783
4.75,2,201.815195
4.0,7,201.85258
4.3,5,201.883209
4.45,4,201.918017
4.6,3,201.949839
4.0,7,201.984227
4.75,2,202.010931
3.55,10,202.053434
4.6,3,202.079177
4.15,6,202.116405
-3.55,12,202.171738
4.45,4,202.209239
3.4,11,202.264178
4.3,5,202.304051
4.45,4,202.336818
4.6,3,202.367949
3.55,10,202.41296
4.0,7,202.452389
-3.7,15,202.500739
3.7,9,202.537872
4.15,6,202.569732
3.55,10,202.602993
3.7,9,202.63572
4.75,2,202.660014
3.55,10,202.69298
4.9,1,202.715292
4.3,5,202.744491
3.85,8,202.776463
4.75,2,202.805117
4.45,4,202.837687
4.75,2,202.862727
4.6,3,202.890898
4.3,5,202.922827
4.15,6,203.09099
4.45,4,203.117824
4.6,3,203.143253
3.7,9,203.181561
3.55,10,203.215712
-3.5,11,203.254381
3.55,10,203.291082
4.6,3,203.318654
4.75,2,203.344288
4.15,6,203.3771
4.9,1,203.402688
4.6,3,203.428465
4.3,5,203.461954
3.85,8,203.496564
-3.6,13,203.537301
3.55,10,203.572728
4.75,2,203.600305
4.6,3,203.625904
4.3,5,203.659551
4.3,5,203.69318
4.75,2,203.719549
3.1,13,203.766432
4.6,3,203.796311
4.6,3,203.825099
-3.25,6,203.856739
3.85,8,203.893106
4.3,5,203.924429
4.15,6,203.958687
4.45,4,203.987182
4.45,4,204.016077
4.6,3,204.043478
4.3,5,204.075401
4.0,7,204.112419
3.4,11,204.156921
4.75,2,204.181265
4.75,2,204.205709
4.3,5,204.233846
4.75,2,204.255335
4.6,3,204.284706
-3.4,9,204.318868
4.6,3,204.345871
3.85,8,204.377634
3.55,10,204.419436
4.6,3,204.447707
3.55,10,204.485256
-3.6,13,204.683947
4.3,5,204.711391
3.4,11,204.757226
3.55,10,204.796676
4.15,6,204.826035
4.3,5,204.857113
4.6,3,204.884958
4.3,5,204.914234
3.7,9,204.951057
4.75,2,204.979891
4.75,2,205.002482
4.9,1,205.028078
3.4,11,205.065456
4.0,7,205.09802
4.75,2,205.122634
3.7,9,205.164533
4.75,2,205.190432
4.75,2,205.217206
3.55,10,205.257702
4.45,4,205.290242
-3.6,13,205.339104
4.3,5,205.373985
4.9,1,205.395959
4.6,3,205.425208
4.15,6,205.459141
4.75,2,205.488278
4.45,4,205.525361
4.15,6,205.563283
4.45,4,205.597989
4.45,4,205.625401
4.3,5,205.657884
4.0,7,205.696115
4.45,4,205.729208
3.85,8,205.775731
4.75,2,205.803046
4.0,7,205.841292
4.0,7,205.873948
4.6,3,205.899161
4.75,2,205.924428
4.75,2,205.950607
3.4,11,205.990242
4.3,5,206.028917
4.6,3,206.056047
3.25,12,206.095003
3.7,9,206.137217
4.75,2,206.163505
3.4,11,206.366684
4.0,7,206.399744
4.75,2,206.423692
4.75,2,206.448259
4.45,4,206.480846
4.0,7,206.510924
4.0,7,206.543437
4.6,3,206.571379
4.6,3,206.594446
4.75,2,206.620913
4.15,6,206.65045
4.15,6,206.681645
-3.6,13,206.729929
3.7,9,206.77054
-3.6,13,206.815844
4.3,5,206.849834
3.7,9,206.899374
4.75,2,206.932735
3.85,8,206.973304
3.7,9,207.012006
4.75,2,207.038636
3.7,9,207.074501
4.3,5,207.102903
4.15,6,207.135507
-3.2,5,207.161113
4.45,4,207.191555
4.3,5,207.225446
4.75,2,207.253405
4.6,3,207.28409
4.0,7,207.313055
4.45,4,207.34146
4.75,2,207.367599
3.55,10,207.403682
4.6,3,207.433059
-1.75,15,207.475245
-3.5,11,207.515039
4.15,6,207.547061
4.3,5,207.573787
4.15,6,207.601818
4.6,3,207.627457
3.85,8,207.661144
4.0,7,207.691792
4.75,2,207.856431
3.25,12,207.894546
4.15,6,207.924621
-3.5,11,207.965934
4.45,4,207.994746
-3.55,12,208.034692
-1.75,15,208.078079
4.15,6,208.111702
4.75,2,208.139078
4.15,6,208.173505
4.0,7,208.206262
3.85,8,208.25087
4.15,6,208.289457
-1.75,15,208.338164
3.4,11,208.382066
4.45,4,208.410901
4.0,7,208.446744
3.85,8,208.485188
4.45,4,208.523873
-1.75,15,208.571186
-3.15,4,208.60488
-1.75,15,208.654997
4.15,6,208.686192
4.15,6,208.71628
4.3,5,208.745409
-3.5,11,208.790348
3.7,9,208.824468
4.0,7,208.855495
3.7,9,208.894447
4.45,4,208.9259
4.6,3,208.952082
4.0,7,208.984836
4.3,5,209.020889
4.45,4,209.048583
4.0,7,209.243575
3.4,11,209.292079
4.9,1,209.322647
4.3,5,209.356573
4.9,1,209.379377
4.45,4,209.406554
4.75,2,209.434858
-3.65,14,209.482589
4.45,4,209.516903
3.85,8,209.552552
4.6,3,209.577921
4.45,4,209.607461
3.7,9,209.642086
4.15,6,209.676286
4.3,5,209.710144
4.75,2,209.742735
4.6,3,209.776886
3.7,9,209.822122
4.75,2,209.849128
4.45,4,209.883528
3.4,11,209.923658
4.75,2,209.950423
4.6,3,209.982985
4.45,4,210.018998
3.55,10,210.056528
4.75,2,210.083031
4.6,3,210.111032
4.6,3,210.139028
3.85,8,210.177048
4.15,6,210.209549
4.15,6,210.242293
4.75,2,210.267076
4.9,1,210.293098
4.45,4,210.324934
4.15,6,210.360133
4.45,4,210.392401
4.6,3,210.418128
4.15,6,210.450041
4.6,3,210.474565
4.45,4,210.501079
4.15,6,210.529332
4.9,1,210.560258
3.25,12,210.597708
-1.75,15,210.645555
4.3,5,210.677358
4.45,4,210.709829
3.25,12,210.753861
3.4,11,210.942249
4.6,3,210.970035
-3.55,12,211.007861
3.4,11,211.042673
4.3,5,211.074314
3.85,8,211.107157
4.3,5,211.13732
4.6,3,211.168671
4.45,4,211.194486
4.45,4,211.225051
4.15,6,211.256649
4.75,2,211.284365
4.15,6,211.312285
4.3,5,211.342688
4.0,7,211.381597
4.3,5,211.412629
4.6,3,211.436796
4.0,7,211.471507
-3.5,11,211.517609
4.15,6,211.547347
4.3,5,211.583359
4.15,6,211.617448
3.4,11,211.669554
4.75,2,211.7034
4.3,5,211.745705
4.9,1,211.767958
4.6,3,211.797411
3.7,9,211.835732
4.9,1,211.856129
3.85,8,211.894268
4.45,4,211.929838
3.7,9,211.972265
4.3,5,211.999983
3.7,9,212.035594
4.45,4,212.064502
4.75,2,212.089052
3.85,8,212.124613
4.3,5,212.153976
4.3,5,212.190004
4.75,2,212.217577
4.0,7,212.25064
4.6,3,212.284856
4.45,4,212.319816
3.85,8,212.358028
4.45,4,212.394298
