#{"t_start": 1787938608.0808222, "env_id": "None"}
r,l,t
-3.0,1,0.035191
4.3,5,0.068325
-3.05,2,0.094522
-3.2,5,0.121463
-3.05,2,0.145192
-3.0,1,0.168018
-3.0,1,0.188038
4.75,2,0.213678
-3.05,2,0.239314
-3.15,4,0.265133
-3.1,3,0.291667
-3.3,7,0.325084
-3.15,4,0.354176
-3.0,1,0.378686
4.75,2,0.408691
4.6,3,0.431144
-3.15,4,0.464127
3.85,8,0.508645
-3.05,2,0.535448
-3.05,2,0.56246
-3.0,1,0.597713
-3.0,1,0.628426
-3.05,2,0.66071
-3.2,5,0.692066
-3.4,9,0.728736
-3.2,5,0.760739
4.9,1,0.785797
-3.05,2,0.81284
4.75,2,0.841896
-3.0,1,0.862997
-3.1,3,0.890801
-3.0,1,0.91153
4.6,3,0.939375
-3.0,1,0.962489
-3.05,2,0.990417
-3.05,2,1.01308
-3.0,1,1.035799
-3.05,2,1.06166
4.45,4,1.090226
4.15,6,1.119845
4.45,4,1.146091
-3.0,1,1.165954
-3.0,1,1.191808
-3.0,1,1.214466
3.85,8,1.249218
4.75,2,1.27611
-3.25,6,1.312871
-3.55,12,1.354769
-3.1,3,1.382343
-3.0,1,1.407387
-3.2,5,1.436499
-3.1,3,1.46246
-3.15,4,1.49174
-3.05,2,1.516633
-3.0,1,1.540066
4.0,7,1.573476
-3.05,2,1.598602
-3.0,1,1.62199
-3.35,8,1.658224
-3.1,3,1.692197
-3.05,2,1.717368
-3.0,1,1.742907
-3.0,1,1.764352
4.6,3,1.79421
-3.25,6,1.823868
-3.0,1,1.855517
-3.15,4,1.882139
-3.05,2,1.904821
-3.2,5,1.935264
4.15,6,1.966088
4.6,3,1.993156
4.75,2,2.023102
-3.5,11,2.060864
-3.1,3,2.094224
4.15,6,2.126266
-3.0,1,2.148004
-3.0,1,2.175911
-3.0,1,2.202654
-3.1,3,2.226677
4.45,4,2.255299
-3.05,2,2.449531
-3.0,1,2.471133
-3.05,2,2.492695
-3.1,3,2.518724
4.0,7,2.549011
-3.2,5,2.578053
-3.05,2,2.606251
4.6,3,2.630462
-3.0,1,2.652853
-3.2,5,2.680885
4.75,2,2.709201
2.95,14,2.75847
-3.05,2,2.782624
4.6,3,2.811902
-3.6,13,2.850523
-1.75,15,2.894999
-3.05,2,2.922225
-3.0,1,2.946546
-3.35,8,2.981547
4.9,1,3.003933
-3.05,2,3.035825
-3.15,4,3.068502
-3.2,5,3.100486
-3.1,3,3.128786
-3.2,5,3.161067
-3.3,7,3.193638
-3.1,3,3.218406
3.55,10,3.258789
-3.05,2,3.28025
-3.0,1,3.309991
-3.15,4,3.339558
-3.05,2,3.365273
-3.0,1,3.39463
-3.05,2,3.419552
-3.3,7,3.454748
-3.2,5,3.483653
-3.0,1,3.508052
-3.35,8,3.548817
-3.0,1,3.573836
-3.4,9,3.606432
-3.15,4,3.633549
-3.1,3,3.662784
-3.0,1,3.685151
-3.0,1,3.711645
-3.0,1,3.737007
4.6,3,3.770396
4.3,5,3.80356
4.0,7,3.83731
-3.0,1,3.861969
3.55,10,3.912235
-3.1,3,3.949001
-3.0,1,3.975285
-3.0,1,4.004133
4.15,6,4.04472
-3.05,2,4.073754
4.0,7,4.105332
4.9,1,4.132457
-3.2,5,4.163389
-3.2,5,4.199717
-3.05,2,4.224206
3.55,10,4.25975
-3.1,3,4.290083
-3.15,4,4.461145
4.75,2,4.486488
-3.15,4,4.519174
4.6,3,4.54505
-3.0,1,4.56997
-3.0,1,4.595145
-3.1,3,4.623129
4.45,4,4.648778
3.85,8,4.685958
-3.35,8,4.72419
-3.05,2,4.749938
-3.0,1,4.774692
-3.05,2,4.798808
-3.0,1,4.822539
-3.0,1,4.844609
4.6,3,4.878086
-3.1,3,4.902273
-3.0,1,4.923871
-3.35,8,4.958873
-3.7,15,5.005068
-3.0,1,5.028458
-3.0,1,5.05307
4.15,6,5.081151
-3.35,8,5.11578
4.15,6,5.14468
4.6,3,5.174203
-3.2,5,5.207368
-3.65,14,5.250228
-3.3,7,5.284479
-3.1,3,5.311807
4.45,4,5.346203
4.0,7,5.381632
-3.2,5,5.420735
-3.05,2,5.445808
-3.4,9,5.488423
-3.05,2,5.512607
-3.15,4,5.547091
3.1,13,5.589473
-3.0,1,5.614985
-3.0,1,5.635838
-3.0,1,5.658895
4.75,2,5.683395
-3.5,11,5.72404
-3.0,1,5.747537
-3.25,6,5.779832
-1.75,15,5.826075
-3.0,1,5.848639
3.25,12,5.894547
-3.05,2,5.922033
-3.25,6,5.957421
-3.05,2,5.98196
-3.05,2,6.011917
-3.4,9,6.04866
4.6,3,6.075543
-3.2,5,6.109768
-3.0,1,6.129237
-3.05,2,6.302508
-3.05,2,6.325113
-3.25,6,6.360465
-3.5,11,6.406536
4.15,6,6.440979
-3.0,1,6.465092
-3.0,1,6.489695
-3.0,1,6.510804
-3.5,11,6.55314
-3.0,1,6.576859
4.75,2,6.59849
-3.2,5,6.63006
-3.0,1,6.656754
-3.0,1,6.677881
3.85,8,6.711623
-3.1,3,6.741674
-3.25,6,6.775874
-3.3,7,6.815198
-3.25,6,6.855163
-3.15,4,6.894232
4.9,1,6.920368
4.3,5,6.956364
4.6,3,6.984747
-3.65,14,7.039148
-3.25,6,7.071669
-3.4,9,7.108169
-1.75,15,7.159528
-3.0,1,7.186031
-3.0,1,7.21051
4.6,3,7.238861
-3.0,1,7.259527
-3.1,3,7.286171
-3.25,6,7.318644
3.7,9,7.353323
-1.75,15,7.397725
-3.05,2,7.426548
-3.0,1,7.458164
4.45,4,7.48818
-3.0,1,7.511748
-3.0,1,7.538767
-3.0,1,7.567026
-3.1,3,7.596047
-3.4,9,7.632342
4.6,3,7.659117
-3.0,1,7.680125
-3.05,2,7.708143
3.55,10,7.748507
4.15,6,7.785616
-3.0,1,7.809157
-3.0,1,7.836723
-3.1,3,7.862595
-3.0,1,7.884964
-3.0,1,7.907501
4.45,4,7.93453
-3.7,15,7.984987
3.85,8,8.02513
4.45,4,8.203377
3.85,8,8.235286
-3.3,7,8.270082
-3.05,2,8.296064
-3.2,5,8.325083
-3.05,2,8.35245
-3.05,2,8.37602
-3.15,4,8.408987
-3.1,3,8.439553
-3.25,6,8.468585
-3.0,1,8.491327
-3.0,1,8.515271
-3.0,1,8.539133
-3.05,2,8.565598
-3.05,2,8.596793
4.3,5,8.632639
-3.3,7,8.67262
-3.15,4,8.701291
4.45,4,8.731944
-3.4,9,8.767887
4.45,4,8.804152
-3.3,7,8.838449
-3.05,2,8.867852
-3.0,1,8.893974
-3.05,2,8.915433
4.6,3,8.945671
4.45,4,8.973057
-1.75,15,9.023688
-3.0,1,9.046682
4.15,6,9.075567
-3.15,4,9.100744
4.9,1,9.122082
-3.35,8,9.155392
-3.1,3,9.17896
4.6,3,9.207832
4.45,4,9.23721
4.45,4,9.268028
-3.5,11,9.309921
4.0,7,9.341787
4.45,4,9.373378
-1.75,15,9.417056
4.15,6,9.445855
4.6,3,9.475618
-3.15,4,9.500357
-3.15,4,9.529155
3.7,9,9.561878
-3.2,5,9.590392
3.55,10,9.62826
-3.15,4,9.655494
-3.2,5,9.685086
-3.2,5,9.715066
3.1,13,9.761975
-3.25,6,9.950939
3.55,10,9.992038
-3.2,5,10.028974
4.15,6,10.063587
4.3,5,10.093046
-3.25,6,10.126307
-3.1,3,10.148815
-3.1,3,10.175176
-3.15,4,10.203907
-3.1,3,10.23496
-3.65,14,10.279596
-3.5,11,10.324475
-3.25,6,10.35384
4.15,6,10.381963
-3.1,3,10.407576
4.45,4,10.434812
-3.35,8,10.466067
-3.35,8,10.500545
4.0,7,10.534984
-3.0,1,10.559124
4.15,6,10.596339
4.15,6,10.632079
4.15,6,10.674637
4.0,7,10.718503
3.7,9,10.756394
-3.05,2,10.78086
-3.35,8,10.821793
4.6,3,10.849977
-3.2,5,10.880637
-3.05,2,10.905895
4.3,5,10.930951
4.6,3,10.956809
-3.2,5,10.985871
-3.05,2,11.009098
3.85,8,11.050553
3.85,8,11.09169
4.45,4,11.127744
-3.15,4,11.154523
4.3,5,11.180946
-3.1,3,11.208432
-3.0,1,11.228572
-3.35,8,11.261871
-3.3,7,11.293043
-3.3,7,11.332957
4.45,4,11.364184
4.45,4,11.39421
4.0,7,11.588677
4.45,4,11.620671
4.45,4,11.655585
-3.65,14,11.707355
4.45,4,11.743234
4.75,2,11.773973
-3.25,6,11.810218
-3.3,7,11.851195
3.85,8,11.893798
-3.15,4,11.921987
-3.3,7,11.959502
-3.15,4,11.994498
3.55,10,12.035433
4.15,6,12.071898
-3.55,12,12.120679
-3.55,12,12.158023
-3.05,2,12.182298
-3.35,8,12.217766
4.45,4,12.243099
4.6,3,12.269726
-3.15,4,12.295596
4.15,6,12.325097
-3.3,7,12.358582
-3.1,3,12.388984
4.45,4,12.417426
4.45,4,12.444978
4.3,5,12.47564
-1.75,15,12.521702
-3.55,12,12.5628
4.15,6,12.59276
-3.1,3,12.623032
4.6,3,12.649261
-3.1,3,12.677803
4.15,6,12.708051
-3.15,4,12.734446
-3.15,4,12.760927
4.0,7,12.791924
-3.15,4,12.822514
4.45,4,12.855594
4.6,3,12.880818
-3.7,15,12.92877
-3.0,1,12.951644
-3.05,2,12.977337
4.3,5,13.010822
3.55,10,13.220443
-3.4,9,13.264015
3.85,8,13.297197
4.75,2,13.323383
4.3,5,13.355136
4.6,3,13.387708
-3.0,1,13.414676
4.45,4,13.44773
4.0,7,13.488
4.75,2,13.513277
-3.0,1,13.536381
-3.1,3,13.560592
4.3,5,13.590001
-1.75,15,13.637671
-3.0,1,13.667749
-3.45,10,13.705672
4.3,5,13.737043
-3.0,1,13.761135
4.15,6,13.794123
-3.2,5,13.826302
-3.1,3,13.853909
-3.35,8,13.896378
-3.15,4,13.93003
4.9,1,13.95549
-3.05,2,13.987309
4.75,2,14.014718
-3.0,1,14.042639
-3.2,5,14.07548
3.55,10,14.112859
4.15,6,14.143149
4.15,6,14.1725
-3.2,5,14.201866
-3.45,10,14.23593
4.45,4,14.266702
-3.05,2,14.293559
-3.1,3,14.31692
-3.65,14,14.361313
-3.25,6,14.397956
-3.0,1,14.428152
-3.15,4,14.457923
4.6,3,14.483087
-3.15,4,14.513946
-3.5,11,14.55521
-3.1,3,14.58275
4.6,3,14.60931
4.6,3,14.637515
4.75,2,14.662679
-1.75,15,14.712535
-3.05,2,14.746362
-3.35,8,14.792389
-3.45,10,14.992887
-3.05,2,15.020038
4.45,4,15.048626
-3.3,7,15.085003
4.15,6,15.113783
4.45,4,15.142437
-3.4,9,15.181167
3.85,8,15.21437
4.45,4,15.241623
4.15,6,15.271368
4.6,3,15.296288
4.0,7,15.332493
-3.25,6,15.377598
3.85,8,15.428846
3.7,9,15.475921
-3.2,5,15.511466
-3.4,9,15.563651
-3.3,7,15.600375
4.6,3,15.634151
-3.0,1,15.657319
-3.45,10,15.694367
-3.25,6,15.725509
3.7,9,15.768809
4.3,5,15.804516
-1.75,15,15.860358
4.45,4,15.894027
4.3,5,15.926506
4.0,7,15.959657
-3.35,8,15.995142
-3.1,3,16.027253
4.45,4,16.06179
4.6,3,16.091311
-3.05,2,16.121332
-3.1,3,16.145794
-3.0,1,16.167458
4.0,7,16.206132
-3.3,7,16.235191
4.75,2,16.260419
4.6,3,16.289976
-3.2,5,16.317355
3.85,8,16.353982
4.0,7,16.388156
4.0,7,16.432391
4.6,3,16.46227
-3.25,6,16.491464
4.75,2,16.514089
4.3,5,16.706548
2.95,14,16.751359
3.25,12,16.790344
-3.2,5,16.823292
4.3,5,16.851453
4.6,3,16.878203
-1.75,15,16.925861
-3.5,11,16.965072
3.85,8,16.996141
-1.75,15,17.039532
4.45,4,17.069162
-3.5,11,17.104262
-3.25,6,17.137654
-3.25,6,17.166286
4.15,6,17.197186
3.55,10,17.236945
3.4,11,17.279457
-3.0,1,17.303526
-1.75,15,17.353973
-3.4,9,17.396422
4.15,6,17.428934
4.3,5,17.459596
3.85,8,17.507545
3.4,11,17.546838
4.3,5,17.575157
3.85,8,17.609138
4.9,1,17.634478
4.15,6,17.664641
4.45,4,17.695186
-1.75,15,17.741583
4.3,5,17.77617
-3.35,8,17.812736
-3.25,6,18.013942
4.3,5,18.047002
4.6,3,18.077962
4.75,2,18.110652
4.6,3,18.141572
4.15,6,18.178038
4.9,1,18.210021
-3.5,11,18.248352
4.6,3,18.275165
3.55,10,18.311173
4.15,6,18.342482
-3.0,1,18.362101
4.75,2,18.388207
4.0,7,18.418587
-3.6,13,18.460083
4.45,4,18.490792
4.6,3,18.514776
4.0,7,18.55384
4.75,2,18.577042
-3.05,2,18.600851
4.6,3,18.627703
-3.2,5,18.660572
4.6,3,18.691346
3.85,8,18.72485
-3.15,4,18.752564
-1.75,15,18.794466
-3.6,13,18.83697
4.15,6,18.86914
-1.75,15,18.911069
-3.1,3,18.938426
4.0,7,18.969641
3.25,12,19.006865
3.4,11,19.042431
-3.3,7,19.073272
4.15,6,19.102528
3.85,8,19.135335
4.6,3,19.163174
4.45,4,19.18815
4.3,5,19.220923
4.75,2,19.251291
4.75,2,19.284177
-3.3,7,19.316872
4.75,2,19.344799
3.25,12,19.392147
4.75,2,19.581527
4.15,6,19.612775
4.45,4,19.646062
4.9,1,19.672323
-3.0,1,19.69594
3.25,12,19.739419
4.15,6,19.768862
-1.75,15,19.812789
3.7,9,19.851801
4.6,3,19.876325
-3.1,3,19.906148
3.25,12,19.946747
-3.2,5,19.979903
4.3,5,20.010101
-3.15,4,20.041901
4.75,2,20.066561
-3.15,4,20.102486
4.15,6,20.14374
4.75,2,20.173192
4.6,3,20.195623
4.3,5,20.223428
3.25,12,20.262538
4.15,6,20.297957
3.55,10,20.335415
4.6,3,20.364637
3.85,8,20.412677
-3.4,9,20.456734
-3.55,12,20.502625
3.25,12,20.551302
4.45,4,20.587577
-3.1,3,20.617407
4.3,5,20.647218
4.9,1,20.674408
4.75,2,20.709861
4.75,2,20.742095
4.45,4,20.779891
4.45,4,20.815858
4.3,5,20.85671
-3.35,8,20.900857
-1.75,15,20.95672
-1.75,15,21.016555
-3.1,3,21.045478
4.45,4,21.234205
4.45,4,21.261261
4.45,4,21.287507
4.75,2,21.31319
-3.3,7,21.345315
4.0,7,21.380375
4.6,3,21.411493
4.45,4,21.442279
-3.2,5,21.474307
3.85,8,21.517915
4.6,3,21.547805
-1.75,15,21.59342
3.85,8,21.632359
4.6,3,21.660541
4.3,5,21.693259
-3.2,5,21.722569
-3.35,8,21.764445
4.0,7,21.79988
3.85,8,21.834224
4.6,3,21.861791
4.15,6,21.890224
4.6,3,21.914939
-3.3,7,21.94514
4.75,2,21.968687
-1.75,15,22.018709
4.45,4,22.057078
4.75,2,22.088781
4.45,4,22.113273
3.4,11,22.149343
3.85,8,22.179483
4.45,4,22.208494
-3.5,11,22.246829
4.75,2,22.271031
4.3,5,22.301357
4.45,4,22.333565
4.3,5,22.36396
4.3,5,22.398953
4.6,3,22.431758
-3.2,5,22.463597
-3.5,11,22.504414
3.4,11,22.545837
4.6,3,22.572655
4.6,3,22.596671
4.45,4,22.627296
4.75,2,22.656273
-3.55,12,22.863164
4.75,2,22.890229
4.75,2,22.923096
4.45,4,22.957112
3.25,12,23.005103
4.0,7,23.039498
4.75,2,23.062046
-1.75,15,23.107319
4.75,2,23.134005
3.7,9,23.173334
4.3,5,23.203273
4.75,2,23.226738
4.6,3,23.253427
-3.45,10,23.288784
4.3,5,23.318027
3.25,12,23.355756
-3.2,5,23.384737
-3.15,4,23.412238
3.55,10,23.447469
4.75,2,23.474293
4.15,6,23.504068
-3.5,11,23.543679
3.7,9,23.589656
4.15,6,23.618141
-3.6,13,23.658925
4.0,7,23.690019
3.85,8,23.722879
3.85,8,23.75695
3.4,11,23.793461
4.75,2,23.82189
4.45,4,23.850916
4.45,4,23.883326
4.45,4,23.913423
3.4,11,23.9608
-3.45,10,24.00143
4.0,7,24.039589
3.7,9,24.087248
-3.5,11,24.298005
-3.65,14,24.349673
4.6,3,24.378019
3.4,11,24.413555
4.0,7,24.443776
-3.25,6,24.473132
4.3,5,24.501908
3.55,10,24.539698
4.15,6,24.572136
4.0,7,24.603721
4.45,4,24.63224
3.55,10,24.674748
4.0,7,24.705026
4.6,3,24.727665
-3.05,2,24.755533
4.45,4,24.7801
3.7,9,24.819728
-1.75,15,24.863442
-3.2,5,24.892097
4.6,3,24.918393
4.6,3,24.944585
-3.45,10,24.979555
4.3,5,25.015948
3.55,10,25.054606
-3.15,4,25.081856
4.3,5,25.115172
-1.75,15,25.15931
3.85,8,25.190634
4.15,6,25.220959
-1.75,15,25.268448
4.6,3,25.302177
3.85,8,25.336415
3.85,8,25.376301
-3.2,5,25.408076
3.4,11,25.451394
4.3,5,25.487518
3.7,9,25.690725
4.3,5,25.722378
3.85,8,25.75589
4.75,2,25.783964
4.6,3,25.814133
4.6,3,25.84072
4.3,5,25.870916
-3.6,13,25.911906
4.45,4,25.942375
4.6,3,25.970024
4.6,3,25.995677
3.25,12,26.038472
3.85,8,26.070116
4.15,6,26.101578
-3.05,2,26.128619
4.6,3,26.158183
3.7,9,26.19079
4.3,5,26.220911
4.6,3,26.24806
4.45,4,26.275192
4.6,3,26.300819
4.6,3,26.326787
-3.45,10,26.367076
4.3,5,26.396802
4.3,5,26.42543
-1.75,15,26.472862
4.15,6,26.504223
4.45,4,26.531699
4.6,3,26.556402
4.45,4,26.58268
3.55,10,26.620139
-3.45,10,26.652729
4.45,4,26.677819
3.55,10,26.715473
4.0,7,26.746779
4.6,3,26.773529
4.45,4,26.801417
4.9,1,26.824245
4.0,7,26.856171
-1.75,15,26.900543
3.55,10,26.942935
4.6,3,26.969594
3.85,8,27.171694
-3.5,11,27.209523
4.6,3,27.237249
4.3,5,27.272322
4.6,3,27.304952
4.15,6,27.338804
4.3,5,27.375453
4.75,2,27.407335
-1.75,15,27.454204
4.9,1,27.475924
4.15,6,27.50888
4.0,7,27.546691
4.0,7,27.590372
4.45,4,27.622842
-3.5,11,27.672565
4.6,3,27.705389
-3.05,2,27.728199
-1.75,15,27.771996
4.6,3,27.79988
3.85,8,27.831546
3.7,9,27.86531
4.45,4,27.892534
4.6,3,27.92149
4.75,2,27.951965
4.0,7,27.986398
3.4,11,28.028765
-1.75,15,28.074883
4.6,3,28.102537
4.45,4,28.130097
4.45,4,28.157429
4.3,5,28.186552
4.15,6,28.216009
-1.75,15,28.259815
-3.4,9,28.298366
4.15,6,28.328947
4.6,3,28.355503
4.15,6,28.383384
4.75,2,28.40612
4.15,6,28.44096
4.15,6,28.472926
4.6,3,28.501653
4.6,3,28.526849
4.6,3,28.554404
-3.25,6,28.746395
-3.25,6,28.781826
-3.3,7,28.819492
4.45,4,28.852617
4.75,2,28.879251
4.15,6,28.916402
3.4,11,28.955944
4.45,4,28.983613
4.6,3,29.0101
4.45,4,29.039466
-1.75,15,29.086247
3.85,8,29.120737
4.0,7,29.152678
4.45,4,29.180702
4.3,5,29.208423
3.85,8,29.239526
-3.5,11,29.274132
4.6,3,29.298221
4.15,6,29.33318
3.7,9,29.368379
4.75,2,29.393898
4.15,6,29.426964
4.6,3,29.452681
4.45,4,29.484073
3.85,8,29.521588
4.0,7,29.55641
4.3,5,29.589673
-3.35,8,29.626891
4.75,2,29.651554
4.3,5,29.683903
3.7,9,29.721252
4.6,3,29.748759
4.3,5,29.779472
-1.75,15,29.828243
4.6,3,29.855261
4.15,6,29.886111
-3.1,3,29.916427
4.6,3,29.953243
4.45,4,29.986246
4.15,6,30.024499
4.6,3,30.060762
-3.65,14,30.106653
4.15,6,30.301347
4.3,5,30.331432
-1.75,15,30.384028
4.75,2,30.411638
4.15,6,30.444176
4.6,3,30.472955
4.3,5,30.50638
4.75,2,30.539874
3.55,10,30.578211
4.3,5,30.611377
-3.5,11,30.657203
4.15,6,30.695452
-3.6,13,30.750379
4.3,5,30.782648
4.3,5,30.811266
3.25,12,30.852784
-3.2,5,30.879731
4.9,1,30.902292
4.75,2,30.923966
4.45,4,30.949804
-1.75,15,30.99079
4.75,2,31.011565
4.75,2,31.038593
3.85,8,31.071985
-1.75,15,31.114504
3.7,9,31.147667
4.15,6,31.177617
4.75,2,31.200927
4.0,7,31.23107
4.15,6,31.26518
4.3,5,31.296714
4.0,7,31.327873
3.85,8,31.361453
4.6,3,31.393435
4.6,3,31.422432
4.6,3,31.449734
3.4,11,31.495944
4.75,2,31.520264
4.45,4,31.545747
4.75,2,31.571917
4.45,4,31.601129
3.7,9,31.632169
4.6,3,31.659126
3.7,9,31.872333
3.85,8,31.910155
3.1,13,31.955844
4.45,4,31.988162
3.85,8,32.024997
3.4,11,32.064068
4.75,2,32.092663
3.4,11,32.133613
4.45,4,32.167959
3.7,9,32.200906
4.9,1,32.224752
4.6,3,32.256564
-3.55,12,32.304699
4.6,3,32.34256
4.9,1,32.374642
4.3,5,32.405111
4.6,3,32.434958
4.0,7,32.468487
4.75,2,32.491079
4.75,2,32.517295
4.3,5,32.543683
3.25,12,32.587838
3.7,9,32.621245
4.15,6,32.6516
-3.55,12,32.692291
3.85,8,32.732018
-3.45,10,32.76925
-3.1,3,32.794354
-3.5,11,32.83007
-3.35,8,32.864059
4.45,4,32.893298
4.6,3,32.918389
3.7,9,32.952879
4.3,5,32.980748
3.4,11,33.019899
4.75,2,33.042295
4.15,6,33.072894
4.75,2,33.097609
3.7,9,33.131057
-3.7,15,33.322739
4.15,6,33.357371
4.0,7,33.391418
4.6,3,33.420931
4.15,6,33.457487
4.3,5,33.49147
-1.75,15,33.538686
4.75,2,33.561983
-1.75,15,33.608862
4.45,4,33.640396
4.9,1,33.667193
-1.75,15,33.711094
4.45,4,33.746866
3.85,8,33.782111
4.75,2,33.808854
4.45,4,33.836789
4.15,6,33.865231
4.6,3,33.893368
4.3,5,33.930136
4.3,5,33.960674
-1.75,15,34.016075
4.6,3,34.045977
4.15,6,34.079031
4.15,6,34.120698
3.55,10,34.159837
4.45,4,34.193981
4.6,3,34.223089
-1.75,15,34.278291
3.85,8,34.310007
4.6,3,34.338158
4.45,4,34.366071
4.3,5,34.393739
4.45,4,34.424449
4.0,7,34.461428
4.45,4,34.493595
4.3,5,34.528979
4.75,2,34.555242
4.3,5,34.586998
3.55,10,34.626489
4.45,4,34.655795
3.1,13,34.865282
4.3,5,34.896019
3.55,10,34.933502
-3.15,4,34.960731
4.6,3,34.992863
4.0,7,35.028218
4.15,6,35.068846
4.0,7,35.101002
4.3,5,35.136686
-3.65,14,35.185745
4.6,3,35.210266
4.45,4,35.237019
3.85,8,35.279438
-3.2,5,35.31024
4.75,2,35.338226
4.45,4,35.363326
4.15,6,35.396645
-1.75,15,35.453032
4.15,6,35.488462
4.3,5,35.52203
4.3,5,35.553143
4.45,4,35.587468
4.75,2,35.610641
4.45,4,35.635762
4.45,4,35.66414
4.15,6,35.693501
4.75,2,35.720136
3.7,9,35.754417
4.75,2,35.780492
3.55,10,35.815095
4.45,4,35.84317
3.7,9,35.878973
3.55,10,35.91837
4.0,7,35.948909
4.0,7,35.981969
-3.4,9,36.013234
4.15,6,36.0425
4.6,3,36.069588
3.85,8,36.100825
-3.35,8,36.133048
-3.6,13,36.30389
-3.55,12,36.350258
3.7,9,36.389483
3.4,11,36.435873
3.4,11,36.478194
3.85,8,36.516994
-1.75,15,36.56325
4.6,3,36.591339
4.45,4,36.625883
-3.45,10,36.665049
4.3,5,36.699492
4.75,2,36.727923
-3.5,11,36.77205
3.85,8,36.811308
3.85,8,36.849716
4.3,5,36.885492
4.15,6,36.916819
4.0,7,36.948725
4.6,3,36.971872
4.45,4,37.006211
4.6,3,37.038169
4.6,3,37.070835
4.75,2,37.100064
-3.65,14,37.146574
-1.75,15,37.192587
-3.6,13,37.234195
4.15,6,37.264254
4.6,3,37.292868
3.7,9,37.328518
3.55,10,37.373279
4.3,5,37.407628
-3.3,7,37.446535
4.75,2,37.472554
3.4,11,37.515254
3.55,10,37.699153
4.45,4,37.734194
4.45,4,37.763711
4.3,5,37.791085
4.3,5,37.818912
4.75,2,37.841996
4.6,3,37.871595
4.15,6,37.908371
4.75,2,37.935984
4.0,7,37.969103
4.6,3,38.005264
4.75,2,38.031503
4.45,4,38.061148
4.15,6,38.093724
4.45,4,38.123603
4.45,4,38.159164
3.4,11,38.19724
4.75,2,38.221043
3.4,11,38.263409
3.25,12,38.305199
3.85,8,38.341471
4.45,4,38.369026
3.55,10,38.409667
3.25,12,38.455716
4.45,4,38.485868
3.4,11,38.524773
4.6,3,38.557464
4.6,3,38.595578
4.45,4,38.634387
4.9,1,38.656628
4.75,2,38.683516
-3.55,12,38.720681
4.0,7,38.748835
4.6,3,38.780781
-3.35,8,38.81585
4.3,5,38.843112
4.15,6,38.872479
4.3,5,38.900993
4.45,4,38.924996
4.45,4,38.953875
4.75,2,38.980959
-3.7,15,39.02606
4.0,7,39.059082
3.85,8,39.092896
4.0,7,39.12684
4.6,3,39.308835
-1.75,15,39.36365
4.6,3,39.394912
-3.15,4,39.428133
4.15,6,39.469063
4.15,6,39.503174
4.75,2,39.532753
4.6,3,39.560544
3.7,9,39.604304
4.6,3,39.640314
4.45,4,39.67081
4.45,4,39.70929
3.1,13,39.756789
3.1,13,39.801304
3.85,8,39.837615
-1.75,15,39.885396
4.6,3,39.920055
-1.75,15,39.973386
4.75,2,40.004591
4.3,5,40.035097
4.75,2,40.059179
4.6,3,40.089135
4.0,7,40.118033
4.3,5,40.14887
-3.4,9,40.182516
4.3,5,40.208579
4.6,3,40.232996
4.0,7,40.262531
4.6,3,40.286877
3.25,12,40.324722
3.7,9,40.36001
4.15,6,40.391532
3.25,12,40.432508
4.15,6,40.460747
4.3,5,40.491917
-1.75,15,40.534086
-1.75,15,40.726191
-3.35,8,40.759731
3.85,8,40.797542
4.15,6,40.830201
4.15,6,40.86603
4.15,6,40.902226
4.0,7,40.942365
4.6,3,40.974474
3.85,8,41.00847
3.7,9,41.044148
-1.75,15,41.086063
3.85,8,41.123768
4.0,7,41.157715
4.3,5,41.190079
3.55,10,41.229381
3.85,8,41.263422
4.45,4,41.289502
-1.75,15,41.336616
3.4,11,41.380982
-1.75,15,41.437528
-1.75,15,41.485082
3.85,8,41.523245
4.45,4,41.555032
-1.75,15,41.605582
4.15,6,41.6419
4.9,1,41.671472
4.3,5,41.703454
4.9,1,41.736681
4.3,5,41.765538
3.85,8,41.808696
4.0,7,41.840295
4.75,2,41.870795
-3.25,6,41.900173
4.75,2,41.926887
3.4,11,42.110574
4.0,7,42.141395
3.7,9,42.175433
4.75,2,42.198592
3.85,8,42.232599
4.75,2,42.255157
3.7,9,42.293362
4.75,2,42.320198
4.45,4,42.354172
4.75,2,42.379105
3.25,12,42.417598
3.7,9,42.455367
4.15,6,42.487707
4.45,4,42.514235
4.15,6,42.547904
4.75,2,42.571903
4.15,6,42.604934
4.6,3,42.634799
4.75,2,42.660097
4.6,3,42.686765
4.3,5,42.723513
4.6,3,42.750427
4.6,3,42.778705
4.0,7,42.818032
3.85,8,42.854584
4.3,5,42.883847
-1.75,15,42.924749
4.6,3,42.950639
3.7,9,42.986953
4.15,6,43.025097
4.0,7,43.060334
3.25,12,43.102757
3.7,9,43.140332
-3.4,9,43.174213
4.0,7,43.209497
4.75,2,43.235894
4.0,7,43.27059
4.15,6,43.299905
4.15,6,43.331869
4.15,6,43.36593
-3.65,14,43.404822
3.7,9,43.581256
3.55,10,43.615661
4.0,7,43.645679
4.9,1,43.669633
3.55,10,43.70702
4.45,4,43.735447
-1.75,15,43.782299
4.15,6,43.817739
4.45,4,43.846413
4.3,5,43.876647
4.3,5,43.906053
4.3,5,43.939338
4.15,6,43.968558
4.0,7,44.000288
3.55,10,44.044943
4.6,3,44.076086
-1.75,15,44.134827
4.75,2,44.171423
4.6,3,44.207829
4.15,6,44.239964
4.15,6,44.274076
4.45,4,44.299694
-1.75,15,44.347618
4.6,3,44.377939
4.3,5,44.410748
3.85,8,44.454119
4.75,2,44.486742
4.6,3,44.517516
4.45,4,44.548813
4.6,3,44.580648
3.85,8,44.613719
4.75,2,44.638693
4.75,2,44.666826
3.55,10,44.702378
4.15,6,44.730576
4.0,7,44.767744
-1.75,15,44.812896
3.7,9,44.846965
4.75,2,44.871689
4.15,6,44.904099
-1.75,15,45.092233
-3.45,10,45.127182
4.15,6,45.155615
4.75,2,45.179177
4.3,5,45.20771
4.75,2,45.239975
4.45,4,45.266248
3.85,8,45.300839
4.6,3,45.330614
4.15,6,45.361762
-3.7,15,45.405205
3.25,12,45.445038
4.75,2,45.469154
4.45,4,45.496142
3.4,11,45.535331
4.6,3,45.560998
4.6,3,45.586457
3.85,8,45.62231
-3.65,14,45.666323
4.15,6,45.698284
4.75,2,45.720825
4.15,6,45.751565
3.7,9,45.787202
4.3,5,45.817339
4.45,4,45.846734
4.6,3,45.874583
4.0,7,45.908883
4.3,5,45.941429
3.4,11,45.984752
-3.6,13,46.028771
4.15,6,46.057996
3.55,10,46.09479
4.0,7,46.128052
-1.75,15,46.173845
4.45,4,46.205203
4.15,6,46.236753
-3.55,12,46.280634
3.7,9,46.469745
4.75,2,46.502865
4.45,4,46.534588
3.7,9,46.567571
4.75,2,46.590856
4.6,3,46.618431
3.1,13,46.659376
4.0,7,46.696782
4.0,7,46.732853
4.3,5,46.764159
-1.75,15,46.809441
3.7,9,46.851382
-3.45,10,46.887299
4.3,5,46.924992
4.3,5,46.95879
4.75,2,46.987405
4.45,4,47.018121
4.6,3,47.040546
-3.4,9,47.075353
-3.15,4,47.106254
4.15,6,47.136124
4.6,3,47.165137
4.3,5,47.192975
4.9,1,47.224742
-1.75,15,47.271896
4.3,5,47.303484
-1.75,15,47.350785
4.0,7,47.385508
4.0,7,47.421887
4.3,5,47.458354
4.3,5,47.488985
4.9,1,47.514013
4.15,6,47.553242
-1.75,15,47.607816
-3.1,3,47.640123
4.6,3,47.673588
-1.75,15,47.726265
4.75,2,47.75409
4.6,3,47.784333
4.45,4,47.815831
4.3,5,47.846813
3.85,8,48.037352
4.9,1,48.066034
4.45,4,48.092718
4.15,6,48.121483
3.85,8,48.153575
-3.35,8,48.18781
4.45,4,48.214553
3.55,10,48.248737
4.3,5,48.283291
4.9,1,48.306499
-1.75,15,48.354159
-1.75,15,48.398323
4.3,5,48.435816
4.45,4,48.466346
3.25,12,48.502253
4.3,5,48.534017
4.3,5,48.562435
4.15,6,48.592391
3.85,8,48.626165
4.75,2,48.650356
4.45,4,48.678799
4.45,4,48.707633
4.15,6,48.739011
4.3,5,48.768486
4.9,1,48.795937
3.85,8,48.833071
4.0,7,48.875804
-1.75,15,48.923329
4.6,3,48.956602
3.85,8,48.992744
4.0,7,49.027719
4.3,5,49.058537
4.3,5,49.090195
4.75,2,49.120792
3.25,12,49.165938
4.75,2,49.188207
4.0,7,49.223446
4.6,3,49.253533
4.15,6,49.289248
4.45,4,49.317505
2.95,14,49.513077
-1.75,15,49.555531
4.75,2,49.579974
4.6,3,49.60307
4.6,3,49.631668
3.7,9,49.67063
3.55,10,49.705431
4.45,4,49.734774
4.15,6,49.765531
4.45,4,49.793044
4.6,3,49.820878
4.3,5,49.852972
3.55,10,49.891274
4.3,5,49.923089
4.6,3,49.95068
4.0,7,49.984941
3.7,9,50.020006
4.15,6,50.050557
4.6,3,50.07402
4.75,2,50.100602
4.75,2,50.128845
4.6,3,50.16075
3.7,9,50.195467
3.85,8,50.230633
4.6,3,50.253415
4.9,1,50.276989
3.7,9,50.308493
3.55,10,50.352034
4.75,2,50.381192
3.85,8,50.42077
4.0,7,50.45985
3.85,8,50.492371
4.6,3,50.52073
4.3,5,50.549101
4.15,6,50.580659
4.75,2,50.602912
4.3,5,50.641257
4.3,5,50.674074
4.6,3,50.709602
-3.3,7,50.752778
4.3,5,50.785428
3.7,9,50.829131
4.15,6,50.866086
-3.25,6,50.900256
4.6,3,50.934341
4.6,3,50.966269
4.0,7,51.148853
4.45,4,51.179654
4.3,5,51.21272
4.15,6,51.251908
3.7,9,51.294034
4.15,6,51.330372
4.15,6,51.367663
4.15,6,51.398448
-1.75,15,51.443856
4.75,2,51.470079
4.0,7,51.502112
4.6,3,51.531437
-1.75,15,51.589098
4.45,4,51.625464
4.75,2,51.653641
3.55,10,51.6942
3.7,9,51.727925
3.55,10,51.764553
4.15,6,51.795902
3.85,8,51.824524
4.3,5,51.856885
4.0,7,51.89013
4.3,5,51.920212
3.7,9,51.957855
4.75,2,51.982979
4.75,2,52.006109
4.15,6,52.038623
3.7,9,52.075852
4.6,3,52.105607
3.85,8,52.143035
4.9,1,52.168424
4.3,5,52.201944
4.45,4,52.231971
4.75,2,52.26413
4.75,2,52.290403
4.45,4,52.319121
3.85,8,52.357708
4.0,7,52.395547
4.0,7,52.436545
3.55,10,52.478023
4.3,5,52.512054
4.3,5,52.550979
4.6,3,52.578205
4.6,3,52.610502
-3.5,11,52.802262
3.7,9,52.843827
4.0,7,52.876936
4.45,4,52.904083
3.55,10,52.93968
4.75,2,52.963899
4.3,5,52.994447
4.3,5,53.023398
3.25,12,53.062801
4.0,7,53.095558
3.85,8,53.126784
4.15,6,53.155258
-1.75,15,53.196129
4.6,3,53.221574
4.6,3,53.250287
4.75,2,53.271898
4.3,5,53.302179
4.3,5,53.332265
4.15,6,53.367719
-1.75,15,53.416084
4.6,3,53.44115
4.15,6,53.473185
3.7,9,53.514392
4.3,5,53.552271
-1.75,15,53.609388
4.75,2,53.64501
4.75,2,53.681238
3.7,9,53.723735
3.55,10,53.765454
3.7,9,53.81332
4.0,7,53.852156
4.3,5,53.883196
3.55,10,53.921039
4.6,3,53.954143
3.85,8,53.99441
4.3,5,54.029889
4.75,2,54.062232
4.3,5,54.098773
4.0,7,54.306427
4.6,3,54.33216
4.15,6,54.368524
4.15,6,54.400657
4.3,5,54.432821
3.4,11,54.467866
4.75,2,54.492752
4.6,3,54.524659
4.15,6,54.557094
4.6,3,54.58793
4.6,3,54.619693
4.45,4,54.652903
4.15,6,54.686267
3.7,9,54.722777
4.0,7,54.753232
3.85,8,54.786995
-1.75,15,54.827038
4.3,5,54.859504
4.0,7,54.893805
4.3,5,54.9249
4.75,2,54.954072
-3.7,15,55.000845
3.55,10,55.036779
3.55,10,55.080635
4.0,7,55.112033
3.85,8,55.146253
4.6,3,55.170245
4.0,7,55.198284
4.9,1,55.220548
4.3,5,55.251203
4.45,4,55.278245
3.55,10,55.31484
4.3,5,55.347541
-1.75,15,55.399283
4.45,4,55.436778
4.6,3,55.469452
3.7,9,55.507658
3.55,10,55.552004
4.6,3,55.580966
4.0,7,55.784561
4.6,3,55.80867
4.0,7,55.842439
4.45,4,55.869609
3.7,9,55.911574
4.45,4,55.940824
4.15,6,55.979125
4.45,4,56.017187
3.4,11,56.069312
4.75,2,56.095762
3.7,9,56.139801
4.15,6,56.175421
4.45,4,56.207231
4.3,5,56.238976
4.6,3,56.26463
3.55,10,56.299831
-3.45,10,56.33536
4.6,3,56.369222
4.0,7,56.401699
3.55,10,56.436159
4.45,4,56.467599
-3.65,14,56.509826
4.75,2,56.534284
4.0,7,56.570644
3.55,10,56.607548
4.45,4,56.63321
4.0,7,56.663757
-3.7,15,56.704537
4.6,3,56.729684
4.6,3,56.752397
4.0,7,56.785121
-3.3,7,56.818654
-3.35,8,56.857623
4.15,6,56.888998
-3.35,8,56.928852
4.15,6,56.972033
4.45,4,57.006845
3.85,8,57.04464
4.15,6,57.077574
3.85,8,57.113809
4.45,4,57.293113
4.9,1,57.321569
4.3,5,57.353145
3.85,8,57.393685
3.7,9,57.42875
3.25,12,57.474963
4.3,5,57.515445
4.15,6,57.547024
4.3,5,57.576201
3.85,8,57.614967
4.75,2,57.637394
4.15,6,57.670684
3.7,9,57.706615
-1.75,15,57.756701
3.85,8,57.791071
4.15,6,57.823023
4.3,5,57.851295
4.0,7,57.88487
4.3,5,57.913734
4.3,5,57.941569
4.15,6,57.972994
3.7,9,58.007534
-3.65,14,58.048043
3.85,8,58.082353
4.3,5,58.107929
-3.7,15,58.160501
4.45,4,58.187133
3.4,11,58.222114
-3.6,13,58.266935
3.85,8,58.311673
3.7,9,58.353381
4.6,3,58.383435
3.85,8,58.423766
4.3,5,58.457593
4.75,2,58.487416
4.6,3,58.51316
-1.75,15,58.727855
4.6,3,58.756163
4.6,3,58.784688
3.85,8,58.818317
3.85,8,58.867126
3.7,9,58.914107
-3.6,13,58.957794
4.15,6,58.990451
4.75,2,59.015982
4.3,5,59.043888
-1.75,15,59.085339
4.3,5,59.112439
4.6,3,59.136033
4.0,7,59.171505
4.75,2,59.195044
4.3,5,59.22268
4.0,7,59.264682
-3.65,14,59.30729
3.4,11,59.3445
4.75,2,59.378543
4.75,2,59.402434
4.45,4,59.430712
3.7,9,59.466621
4.15,6,59.502249
4.0,7,59.537379
4.45,4,59.569458
3.85,8,59.604078
4.45,4,59.634029
3.85,8,59.665342
-3.45,10,59.699466
4.9,1,59.722715
3.7,9,59.76357
3.55,10,59.800888
4.6,3,59.829624
4.0,7,59.859227
4.15,6,59.891536
-3.4,9,59.923878
3.7,9,60.126927
4.6,3,60.155476
4.3,5,60.185287
3.85,8,60.220028
3.85,8,60.252536
4.3,5,60.28248
3.55,10,60.317604
4.6,3,60.345796
-3.45,10,60.382228
4.75,2,60.406239
4.45,4,60.441212
4.6,3,60.477096
-3.35,8,60.51631
4.3,5,60.547436
-3.7,15,60.591279
-1.75,15,60.63908
3.55,10,60.685912
4.6,3,60.719543
4.3,5,60.755572
3.1,13,60.806581
4.0,7,60.843667
3.4,11,60.882926
4.9,1,60.905825
4.0,7,60.946837
4.45,4,60.985502
4.75,2,61.00976
4.3,5,61.038553
4.3,5,61.070318
4.3,5,61.097317
4.15,6,61.128605
3.1,13,61.165465
3.85,8,61.195524
4.45,4,61.219647
4.3,5,61.24475
4.0,7,61.285303
4.75,2,61.310222
4.6,3,61.337528
4.75,2,61.363045
-3.3,7,61.401618
4.9,1,61.428326
4.0,7,61.461325
3.4,11,61.664443
4.45,4,61.695944
4.3,5,61.727276
4.3,5,61.760052
4.6,3,61.787105
4.75,2,61.816966
-1.75,15,61.864133
4.6,3,61.89008
4.75,2,61.916293
4.15,6,61.950893
4.6,3,61.978081
4.15,6,62.012195
4.45,4,62.039405
4.45,4,62.073501
3.85,8,62.107795
3.7,9,62.1399
4.75,2,62.16398
4.6,3,62.187137
4.0,7,62.216033
4.15,6,62.243503
4.45,4,62.270058
4.45,4,62.297564
3.85,8,62.334592
4.0,7,62.366125
3.85,8,62.3982
4.0,7,62.430037
3.85,8,62.460822
4.0,7,62.49422
4.3,5,62.526156
2.95,14,62.581652
4.15,6,62.613912
4.75,2,62.643423
4.75,2,62.672576
4.0,7,62.707153
-1.75,15,62.754332
4.0,7,62.789347
4.6,3,62.816089
4.45,4,62.842802
4.0,7,62.875303
-1.75,15,62.921041
4.75,2,62.946755
3.85,8,62.979527
4.6,3,63.006278
4.15,6,63.209954
4.6,3,63.237741
4.6,3,63.266418
3.4,11,63.309928
3.85,8,63.35148
4.6,3,63.384252
4.3,5,63.417084
4.75,2,63.438654
4.15,6,63.471238
4.45,4,63.498159
-3.6,13,63.541059
3.85,8,63.580382
4.0,7,63.621334
4.3,5,63.651392
4.45,4,63.680039
4.0,7,63.715783
4.0,7,63.74468
4.45,4,63.769231
4.6,3,63.803051
4.3,5,63.830664
4.15,6,63.860676
4.6,3,63.885202
-3.4,9,63.923056
4.75,2,63.948172
4.6,3,63.974715
-1.75,15,64.025897
4.45,4,64.058069
4.0,7,64.094002
4.45,4,64.122581
4.45,4,64.150032
4.0,7,64.180743
-1.75,15,64.228029
4.45,4,64.26219
3.85,8,64.294707
4.75,2,64.319319
-1.75,15,64.36132
4.3,5,64.387629
4.6,3,64.417524
4.75,2,64.443361
4.3,5,64.471709
4.45,4,64.502611
3.55,10,64.546459
3.55,10,64.756031
4.3,5,64.792704
3.4,11,64.838744
4.15,6,64.877065
3.4,11,64.921635
4.75,2,64.950556
4.6,3,64.981951
3.25,12,65.026262
4.6,3,65.055876
4.45,4,65.089356
4.45,4,65.122479
4.6,3,65.148118
4.6,3,65.17827
4.6,3,65.204564
4.6,3,65.231951
3.55,10,65.269091
-3.65,14,65.312913
4.75,2,65.34471
4.15,6,65.376306
4.0,7,65.412909
4.75,2,65.443199
3.25,12,65.483354
-3.55,12,65.524207
3.4,11,65.563762
4.6,3,65.590965
4.15,6,65.618964
4.3,5,65.650128
4.75,2,65.683187
3.25,12,65.73015
4.3,5,65.758966
4.3,5,65.787468
4.6,3,65.814234
4.0,7,65.843528
4.0,7,65.882309
4.75,2,65.907749
4.6,3,65.936542
3.85,8,65.971056
2.95,14,66.012754
-3.7,15,66.056459
3.55,10,66.232641
4.75,2,66.255662
4.6,3,66.285101
4.45,4,66.312134
4.15,6,66.340798
4.75,2,66.370526
4.0,7,66.402127
3.7,9,66.43649
3.7,9,66.478897
4.6,3,66.51579
4.75,2,66.54579
3.1,13,66.589669
4.3,5,66.619873
4.3,5,66.65135
4.75,2,66.685475
4.0,7,66.720896
3.7,9,66.755256
-3.6,13,66.7944
4.45,4,66.821536
4.6,3,66.847092
4.75,2,66.86984
3.85,8,66.904461
3.55,10,66.941452
4.45,4,66.980049
4.15,6,67.008599
4.6,3,67.036239
4.3,5,67.065915
3.85,8,67.100077
4.3,5,67.131311
4.15,6,67.16101
4.6,3,67.186399
4.45,4,67.21491
4.75,2,67.238822
3.25,12,67.278813
4.15,6,67.320797
4.15,6,67.355081
4.15,6,67.389132
3.7,9,67.423544
4.45,4,67.451938
4.9,1,67.476467
4.3,5,67.510075
3.7,9,67.55172
4.0,7,67.585361
4.45,4,67.615001
4.15,6,67.649511
4.75,2,67.674914
3.85,8,67.888033
4.75,2,67.913697
4.9,1,67.936795
4.9,1,67.961313
4.0,7,67.997813
4.45,4,68.028017
-1.75,15,68.077595
-3.35,8,68.112363
4.15,6,68.145615
4.9,1,68.171159
4.75,2,68.198445
4.45,4,68.222615
4.45,4,68.251189
4.3,5,68.278652
4.45,4,68.306248
-1.75,15,68.350828
4.3,5,68.386435
4.0,7,68.420365
3.7,9,68.455883
3.4,11,68.492899
4.45,4,68.519762
-1.75,15,68.564551
3.85,8,68.603117
-3.5,11,68.644342
4.0,7,68.674183
3.25,12,68.712987
4.15,6,68.743575
-3.3,7,68.774548
4.9,1,68.800435
4.45,4,68.828469
4.3,5,68.86873
3.55,10,68.90624
4.6,3,68.934949
4.3,5,68.965928
4.3,5,68.992405
4.75,2,69.021687
-3.1,3,69.048944
3.4,11,69.088984
3.4,11,69.126628
3.25,12,69.30233
4.45,4,69.334223
4.6,3,69.362818
3.85,8,69.399464
4.45,4,69.42747
4.0,7,69.460983
4.0,7,69.496098
4.15,6,69.53556
4.75,2,69.566634
4.6,3,69.59231
4.15,6,69.62348
4.3,5,69.652728
4.45,4,69.682516
-1.75,15,69.726363
4.75,2,69.751529
4.6,3,69.78241
4.15,6,69.815468
4.15,6,69.850164
4.6,3,69.878751
3.55,10,69.913165
4.6,3,69.940411
4.45,4,69.968304
4.45,4,69.997983
4.75,2,70.022876
4.45,4,70.053296
4.75,2,70.080256
3.85,8,70.126611
4.3,5,70.161159
3.7,9,70.19701
4.45,4,70.226932
4.15,6,70.255622
3.7,9,70.28982
4.0,7,70.322283
4.45,4,70.35428
3.1,13,70.397221
4.75,2,70.428452
3.4,11,70.469575
4.15,6,70.501769
4.3,5,70.531139
4.75,2,70.555476
4.6,3,70.584096
3.4,11,70.619073
3.85,8,70.658742
-1.75,15,70.709921
4.3,5,70.917502
4.6,3,70.944759
4.6,3,70.976741
4.75,2,71.009393
-1.75,15,71.056807
3.7,9,71.099343
4.45,4,71.12604
3.55,10,71.165544
4.3,5,71.199004
3.4,11,71.24488
4.15,6,71.282648
-3.45,10,71.319516
4.75,2,71.345737
-1.75,15,71.397516
4.15,6,71.432699
4.75,2,71.461957
-1.75,15,71.503064
4.0,7,71.536453
3.4,11,71.579824
4.15,6,71.607517
4.0,7,71.638336
3.7,9,71.674658
4.6,3,71.704317
3.85,8,71.739331
-3.35,8,71.773626
4.15,6,71.807039
3.7,9,71.845422
4.6,3,71.869889
4.15,6,71.899774
4.9,1,71.927764
4.0,7,71.96124
4.15,6,71.995178
4.15,6,72.031204
4.75,2,72.054764
4.3,5,72.082776
4.0,7,72.115504
4.45,4,72.142863
4.6,3,72.17037
4.3,5,72.197622
4.3,5,72.222901
4.45,4,72.390459
4.6,3,72.426692
3.55,10,72.475072
3.1,13,72.522906
4.75,2,72.549841
4.3,5,72.585692
-1.75,15,72.631912
4.15,6,72.665982
3.7,9,72.709501
3.7,9,72.750413
3.55,10,72.792619
4.0,7,72.826431
4.45,4,72.85663
4.3,5,72.889041
4.75,2,72.916353
3.4,11,72.958909
4.3,5,72.992288
-1.75,15,73.037047
4.6,3,73.064888
4.75,2,73.090376
4.45,4,73.117093
3.85,8,73.149525
-1.75,15,73.195246
4.15,6,73.224327
3.7,9,73.259026
-1.75,15,73.306206
4.9,1,73.330732
4.75,2,73.352734
4.45,4,73.383314
-3.5,11,73.426452
4.75,2,73.449175
4.15,6,73.480183
4.15,6,73.508368
3.7,9,73.543873
4.45,4,73.570519
4.15,6,73.600814
4.0,7,73.634929
4.3,5,73.810845
3.7,9,73.843602
-3.6,13,73.884393
4.75,2,73.914957
4.3,5,73.948071
4.6,3,73.978201
4.3,5,74.005895
3.55,10,74.043909
3.25,12,74.085315
4.15,6,74.121075
4.6,3,74.15541
4.75,2,74.181799
3.85,8,74.219651
3.55,10,74.260514
-1.75,15,74.31164
4.15,6,74.34658
4.6,3,74.370385
4.0,7,74.413124
3.85,8,74.448148
4.3,5,74.484246
4.15,6,74.523601
4.0,7,74.570292
3.55,10,74.61332
4.6,3,74.639999
4.45,4,74.667284
4.45,4,74.697032
4.75,2,74.719159
3.85,8,74.752609
3.4,11,74.794341
4.45,4,74.826821
4.45,4,74.858222
3.7,9,74.900895
4.45,4,74.929762
-1.75,15,74.973991
4.0,7,75.012641
3.85,8,75.047768
-1.75,15,75.091235
4.9,1,75.114866
4.45,4,75.277173
3.4,11,75.314928
4.0,7,75.347441
4.15,6,75.377728
4.15,6,75.403687
3.7,9,75.441239
4.75,2,75.466804
4.45,4,75.494407
3.7,9,75.528179
4.45,4,75.554521
4.3,5,75.586987
3.85,8,75.619632
3.4,11,75.658658
3.55,10,75.695033
4.3,5,75.722208
4.15,6,75.75438
4.0,7,75.786304
-1.75,15,75.837929
4.0,7,75.875002
4.45,4,75.903392
4.45,4,75.938552
3.55,10,75.977401
3.85,8,76.011414
4.6,3,76.042734
4.45,4,76.068834
4.75,2,76.096683
3.25,12,76.137939
3.85,8,76.174742
4.6,3,76.198523
4.75,2,76.224003
3.55,10,76.260757
-3.6,13,76.303041
-3.5,11,76.341935
4.15,6,76.371262
-3.55,12,76.410823
4.3,5,76.442616
3.25,12,76.627499
3.4,11,76.670602
4.15,6,76.700593
-1.75,15,76.745009
4.75,2,76.766709
3.55,10,76.809228
4.45,4,76.840357
3.7,9,76.875593
4.0,7,76.907493
3.85,8,76.942121
4.3,5,76.973097
-3.1,3,77.003814
4.15,6,77.03732
4.45,4,77.066022
3.85,8,77.095673
4.75,2,77.117894
4.0,7,77.151346
3.7,9,77.188239
4.3,5,77.219009
4.0,7,77.260291
3.4,11,77.303625
-1.75,15,77.362624
4.15,6,77.402885
-1.75,15,77.460992
4.3,5,77.497696
4.45,4,77.528258
3.25,12,77.569408
4.3,5,77.601509
4.45,4,77.637099
4.15,6,77.669736
3.7,9,77.715177
4.45,4,77.743927
4.75,2,77.768632
4.75,2,77.796537
4.3,5,77.833026
4.0,7,77.881295
4.75,2,77.920202
3.85,8,78.211186
3.85,8,78.265061
3.85,8,78.30861
4.3,5,78.34228
4.75,2,78.37078
-3.35,8,78.410192
4.3,5,78.435291
4.75,2,78.461961
4.3,5,78.490088
4.6,3,78.517666
4.45,4,78.544873
4.15,6,78.580474
4.3,5,78.606427
4.75,2,78.636792
-3.5,11,78.677377
4.3,5,78.705682
-1.75,15,78.755434
4.0,7,78.785538
4.9,1,78.809788
-1.75,15,78.856797
4.45,4,78.885782
3.4,11,78.924267
4.6,3,78.950991
4.45,4,78.9806
3.55,10,79.021257
3.7,9,79.064242
-1.75,15,79.111153
4.45,4,79.141762
4.75,2,79.167258
4.6,3,79.192576
4.6,3,79.223254
4.45,4,79.249339
-3.6,13,79.295723
4.3,5,79.325598
-1.75,15,79.375356
-1.75,15,79.420082
4.6,3,79.450275
4.15,6,79.484856
4.45,4,79.517933
4.6,3,79.546066
4.9,1,79.725566
4.75,2,79.749176
3.7,9,79.784678
3.7,9,79.818756
4.45,4,79.849631
4.15,6,79.882577
3.85,8,79.916997
4.0,7,79.947623
4.6,3,79.97332
-3.35,8,80.016185
4.0,7,80.0505
4.6,3,80.081464
4.3,5,80.111266
4.45,4,80.137897
4.3,5,80.166822
4.15,6,80.203204
4.45,4,80.231694
4.45,4,80.25823
4.3,5,80.288372
4.45,4,80.317178
4.6,3,80.345825
4.6,3,80.368653
3.7,9,80.410729
4.3,5,80.439968
3.55,10,80.480527
-3.7,15,80.531258
4.3,5,80.565242
3.1,13,80.607852
4.6,3,80.634388
4.9,1,80.660273
4.15,6,80.698681
3.55,10,80.74517
4.75,2,80.770209
3.55,10,80.818547
3.55,10,80.8622
4.15,6,80.902597
4.75,2,80.935268
4.6,3,80.968561
3.7,9,81.003536
4.75,2,81.032463
4.9,1,81.062332
-1.75,15,81.105319
4.6,3,81.130273
4.9,1,81.154922
4.6,3,81.183231
-1.75,15,81.36272
4.15,6,81.391675
4.3,5,81.420049
4.6,3,81.446512
4.45,4,81.478222
4.6,3,81.50259
-1.75,15,81.544267
4.45,4,81.569421
3.25,12,81.606798
4.3,5,81.634392
-1.75,15,81.68324
4.6,3,81.710055
4.3,5,81.742925
4.0,7,81.781798
4.6,3,81.81065
4.45,4,81.842203
4.75,2,81.869967
4.3,5,81.901978
4.75,2,81.931666
4.3,5,81.968368
4.9,1,81.99465
4.6,3,82.02436
-3.65,14,82.072752
4.45,4,82.108036
4.3,5,82.143574
4.6,3,82.171495
4.6,3,82.20318
-1.75,15,82.252079
3.55,10,82.293255
4.0,7,82.332113
4.75,2,82.357499
-1.75,15,82.404721
4.75,2,82.432189
4.45,4,82.461773
4.15,6,82.495967
4.3,5,82.52321
4.9,1,82.552468
4.6,3,82.582419
4.45,4,82.616246
3.7,9,82.653089
4.3,5,82.682465
4.6,3,82.709465
-3.5,11,82.744913
4.45,4,82.924034
3.85,8,82.956081
4.45,4,82.982732
4.3,5,83.013828
3.7,9,83.057911
3.85,8,83.09294
4.3,5,83.123269
4.75,2,83.145029
4.0,7,83.179015
4.45,4,83.207353
4.75,2,83.233081
4.0,7,83.265589
4.45,4,83.29504
4.45,4,83.324081
4.6,3,83.350328
4.75,2,83.376382
3.85,8,83.408382
4.75,2,83.433707
4.15,6,83.468289
4.3,5,83.50012
4.75,2,83.525803
4.3,5,83.560857
4.75,2,83.590457
4.6,3,83.623219
4.3,5,83.653381
3.4,11,83.695374
4.6,3,83.725012
4.15,6,83.756888
4.9,1,83.783551
-3.15,4,83.813248
4.15,6,83.847881
3.55,10,83.885959
4.0,7,83.929311
3.85,8,83.962699
-1.75,15,84.006425
4.3,5,84.042514
4.3,5,84.080618
4.15,6,84.117172
4.6,3,84.149318
-3.15,4,84.178302
3.55,10,84.214357
4.9,1,84.237381
-3.4,9,84.285926
4.3,5,84.328442
4.45,4,84.366118
4.45,4,84.398302
4.3,5,84.433521
4.3,5,84.466346
4.45,4,84.643459
4.0,7,84.677416
4.45,4,84.706937
4.45,4,84.736047
3.85,8,84.778104
4.6,3,84.808987
4.3,5,84.846314
3.4,11,84.890358
4.45,4,84.923813
-3.6,13,84.969604
4.75,2,84.996646
-3.4,9,85.040033
4.3,5,85.075352
4.0,7,85.115638
4.45,4,85.144865
4.45,4,85.182466
4.6,3,85.213721
4.0,7,85.251925
4.6,3,85.287633
4.45,4,85.323133
4.45,4,85.352718
4.3,5,85.392363
4.75,2,85.419012
4.6,3,85.448419
4.3,5,85.483719
4.9,1,85.511842
3.55,10,85.550139
4.15,6,85.588348
4.6,3,85.629898
3.25,12,85.678465
4.6,3,85.707042
4.75,2,85.760328
4.45,4,85.809958
4.15,6,85.853548
4.75,2,85.888485
4.3,5,85.929759
4.0,7,85.9605
4.3,5,85.988619
4.6,3,86.015229
4.6,3,86.041721
4.9,1,86.062282
4.6,3,86.090977
4.75,2,86.116303
4.3,5,86.152728
4.15,6,86.185448
3.7,9,86.221259
3.4,11,86.260218
4.45,4,86.288625
4.15,6,86.318287
4.75,2,86.34469
4.3,5,86.37711
4.0,7,86.568618
3.85,8,86.605203
4.6,3,86.633412
4.3,5,86.671444
4.15,6,86.709656
4.45,4,86.746871
4.6,3,86.781011
3.1,13,86.831126
3.55,10,86.86727
4.3,5,86.901631
-3.45,10,86.942146
4.3,5,86.978195
4.3,5,87.010554
4.75,2,87.039652
4.75,2,87.065927
4.45,4,87.094078
3.7,9,87.140713
-1.75,15,87.184846
4.6,3,87.211102
4.6,3,87.241475
4.6,3,87.26661
4.3,5,87.300242
4.6,3,87.323994
4.0,7,87.357142
-1.75,15,87.400632
4.45,4,87.436879
4.9,1,87.462399
4.6,3,87.494146
3.7,9,87.531534
-3.4,9,87.568882
-3.7,15,87.619914
4.0,7,87.655318
4.6,3,87.685543
4.6,3,87.71286
4.45,4,87.741563
4.3,5,87.767549
4.6,3,87.79721
4.75,2,87.823103
3.85,8,87.86243
3.4,11,87.901398
4.0,7,87.935103
3.7,9,87.966008
4.15,6,88.136471
4.45,4,88.165572
4.15,6,88.192749
4.15,6,88.223099
3.55,10,88.256778
4.3,5,88.290417
4.75,2,88.323761
4.45,4,88.363715
3.7,9,88.408934
4.6,3,88.448711
4.3,5,88.499149
4.6,3,88.535898
3.7,9,88.583455
4.75,2,88.614749
3.4,11,88.660815
3.7,9,88.709842
4.15,6,88.744077
3.85,8,88.781836
-1.75,15,88.834176
4.3,5,88.869201
3.25,12,88.915232
4.0,7,88.949817
4.3,5,88.980473
4.3,5,89.011845
4.3,5,89.045725
4.75,2,89.078472
4.15,6,89.114757
4.45,4,89.147477
3.7,9,89.181361
3.7,9,89.214449
4.0,7,89.247214
3.85,8,89.280218
4.9,1,89.305512
3.4,11,89.34425
-3.4,9,89.378685
4.0,7,89.410722
3.7,9,89.448284
4.0,7,89.4798
3.55,10,89.66191
4.15,6,89.694193
4.75,2,89.719897
-1.75,15,89.765927
4.9,1,89.790281
3.85,8,89.824782
4.45,4,89.852819
3.1,13,89.897696
4.0,7,89.939993
3.7,9,89.980104
4.6,3,90.013288
4.6,3,90.047401
4.15,6,90.07977
4.0,7,90.113203
4.6,3,90.138253
-1.75,15,90.186295
4.15,6,90.219517
4.6,3,90.246176
4.15,6,90.278937
3.55,10,90.318533
4.3,5,90.349404
3.55,10,90.388457
4.15,6,90.419544
4.3,5,90.453496
3.85,8,90.485615
4.9,1,90.510401
4.3,5,90.542699
4.75,2,90.564591
4.0,7,90.6017
4.9,1,90.626458
4.75,2,90.649383
4.9,1,90.683248
4.75,2,90.709893
3.4,11,90.752722
3.7,9,90.790981
3.7,9,90.829294
3.85,8,90.865404
3.55,10,90.910809
3.85,8,90.94482
4.15,6,90.976275
4.75,2,90.99813
4.15,6,91.029311
-3.65,14,91.217719
4.3,5,91.243984
4.6,3,91.272193
4.15,6,91.30401
3.85,8,91.337325
4.6,3,91.365753
3.55,10,91.412792
4.6,3,91.446082
4.6,3,91.47272
4.45,4,91.506759
-3.5,11,91.548193
4.75,2,91.575642
4.3,5,91.61081
4.15,6,91.641392
4.15,6,91.673011
4.45,4,91.705306
4.75,2,91.733511
4.6,3,91.766107
4.45,4,91.797859
4.0,7,91.835189
4.9,1,91.860715
4.3,5,91.892011
4.15,6,91.925179
4.15,6,91.953444
3.85,8,91.992283
4.6,3,92.020899
4.45,4,92.05382
4.3,5,92.081312
4.3,5,92.107042
3.7,9,92.14256
4.15,6,92.17048
3.7,9,92.206549
3.85,8,92.239747
4.3,5,92.265771
3.85,8,92.298124
4.3,5,92.326184
4.15,6,92.356117
4.15,6,92.383506
4.0,7,92.418664
3.25,12,92.458723
4.6,3,92.488555
4.3,5,92.517686
4.15,6,92.547671
-3.6,13,92.7401
4.6,3,92.766386
4.6,3,92.792933
4.0,7,92.825473
4.45,4,92.851221
4.9,1,92.875281
4.0,7,92.905356
3.4,11,92.940721
4.0,7,92.974136
3.7,9,93.008913
-1.75,15,93.052263
4.45,4,93.083384
4.3,5,93.119158
4.15,6,93.153159
4.45,4,93.185497
-3.45,10,93.224166
4.75,2,93.25028
-1.75,15,93.302692
4.0,7,93.343049
4.9,1,93.37372
3.25,12,93.417636
4.9,1,93.442211
4.75,2,93.46786
4.0,7,93.503826
3.7,9,93.543552
-3.4,9,93.58448
-3.45,10,93.632375
4.0,7,93.664127
3.55,10,93.701819
4.45,4,93.729086
-1.75,15,93.778652
4.6,3,93.813632
4.3,5,93.846346
3.85,8,93.877564
-3.45,10,93.912757
4.15,6,93.942173
-1.75,15,94.150202
4.3,5,94.182742
4.6,3,94.20631
-1.75,15,94.2502
4.6,3,94.280121
4.6,3,94.314375
-1.75,15,94.362313
4.15,6,94.397047
4.6,3,94.427931
3.85,8,94.464833
4.3,5,94.496269
4.75,2,94.520308
3.85,8,94.555152
4.3,5,94.581776
4.6,3,94.605194
4.45,4,94.635621
3.4,11,94.678092
4.15,6,94.712321
4.75,2,94.739367
3.55,10,94.78213
4.0,7,94.817593
4.6,3,94.843865
3.55,10,94.88355
-3.5,11,94.928267
4.75,2,94.955779
4.3,5,94.987243
4.6,3,95.020844
4.15,6,95.05298
4.45,4,95.08642
-3.3,7,95.1214
-1.75,15,95.163497
-1.75,15,95.203354
4.0,7,95.233572
4.6,3,95.260242
4.6,3,95.288119
3.7,9,95.329002
4.3,5,95.362209
4.15,6,95.392653
4.45,4,95.418153
-3.5,11,95.45401
4.0,7,95.648717
4.0,7,95.683447
-1.75,15,95.732236
4.45,4,95.762339
3.7,9,95.797756
4.6,3,95.824389
4.0,7,95.857382
4.6,3,95.882856
4.15,6,95.914938
4.45,4,95.943104
4.0,7,95.973082
4.6,3,95.998044
4.45,4,96.02595
3.25,12,96.064674
4.75,2,96.092013
-1.75,15,96.139923
4.45,4,96.171382
4.45,4,96.200509
4.75,2,96.231869
4.6,3,96.258483
4.3,5,96.29075
4.45,4,96.322668
4.3,5,96.358877
4.0,7,96.398296
4.0,7,96.433132
4.75,2,96.460331
4.6,3,96.49404
-3.25,6,96.529422
3.55,10,96.56879
-3.45,10,96.61225
4.9,1,96.636823
3.55,10,96.679184
4.45,4,96.706318
4.45,4,96.733767
3.25,12,96.774018
4.15,6,96.80766
4.45,4,96.832843
4.45,4,96.859848
4.75,2,96.881974
4.3,5,96.91511
4.75,2,96.943155
4.15,6,96.970677
4.6,3,96.994979
3.25,12,97.031899
3.7,9,97.217093
4.3,5,97.246569
4.15,6,97.277603
4.3,5,97.308834
4.45,4,97.34236
4.75,2,97.36536
-1.75,15,97.412634
4.15,6,97.448467
3.7,9,97.48328
4.6,3,97.512426
4.3,5,97.543968
4.75,2,97.571812
3.85,8,97.606671
4.75,2,97.630696
4.75,2,97.657353
-3.7,15,97.703324
4.0,7,97.735764
4.45,4,97.76555
4.15,6,97.801932
4.0,7,97.837709
3.55,10,97.879596
4.6,3,97.911567
4.6,3,97.94293
4.45,4,97.97051
4.75,2,97.999502
4.3,5,98.029459
3.7,9,98.064325
-3.35,8,98.102095
4.15,6,98.129979
4.6,3,98.157436
3.85,8,98.192155
3.85,8,98.229773
4.15,6,98.261558
4.45,4,98.29206
4.3,5,98.323374
4.6,3,98.350266
4.3,5,98.400509
4.6,3,98.428697
4.6,3,98.459075
4.6,3,98.496787
4.3,5,98.529033
3.55,10,98.571104
4.15,6,98.600046
3.85,8,98.632076
2.95,14,98.825612
4.75,2,98.848248
-3.3,7,98.882545
4.15,6,98.913457
4.3,5,98.940516
4.75,2,98.962636
4.15,6,98.993354
4.3,5,99.0203
-1.75,15,99.061564
3.55,10,99.098051
3.55,10,99.13227
4.3,5,99.159801
4.0,7,99.195598
4.3,5,99.224252
4.6,3,99.24858
4.0,7,99.282685
-3.4,9,99.326167
4.45,4,99.3598
-1.75,15,99.410861
4.6,3,99.440159
4.45,4,99.473746
3.25,12,99.516049
3.85,8,99.552299
4.3,5,99.582795
4.15,6,99.621824
4.75,2,99.644935
3.55,10,99.683455
4.75,2,99.712185
4.6,3,99.742428
3.85,8,99.776944
4.75,2,99.806156
3.85,8,99.840161
4.15,6,99.872806
4.3,5,99.90105
4.9,1,99.926026
4.3,5,99.960736
4.45,4,99.98754
4.15,6,100.017653
4.6,3,100.042639
4.75,2,100.063992
4.6,3,100.090833
4.75,2,100.11824
4.15,6,100.149023
4.45,4,100.177034
4.15,6,100.206414
4.45,4,100.372609
4.15,6,100.40541
4.45,4,100.433098
3.25,12,100.470824
4.6,3,100.495352
4.0,7,100.529428
4.15,6,100.562657
4.45,4,100.595571
4.9,1,100.618286
3.85,8,100.651216
3.85,8,100.680146
4.45,4,100.706272
4.3,5,100.73867
4.15,6,100.773802
4.75,2,100.807192
4.45,4,100.837518
4.6,3,100.866251
3.55,10,100.915798
4.45,4,100.950817
4.3,5,100.987251
4.6,3,101.014375
4.15,6,101.051498
4.6,3,101.084118
4.3,5,101.114607
4.3,5,101.143919
-3.4,9,101.179781
4.15,6,101.212494
4.45,4,101.243678
-3.4,9,101.279319
4.75,2,101.305912
4.0,7,101.344
4.3,5,101.373074
4.15,6,101.409544
4.3,5,101.438456
3.4,11,101.474888
4.6,3,101.503095
4.75,2,101.528664
4.0,7,101.567871
4.45,4,101.596807
4.6,3,101.623768
3.55,10,101.665511
4.45,4,101.69515
3.85,8,101.725912
3.4,11,101.765752
4.45,4,101.794242
4.45,4,101.819351
-3.45,10,102.017451
4.45,4,102.04706
4.75,2,102.068687
4.45,4,102.096459
4.45,4,102.123395
3.4,11,102.162337
4.45,4,102.187055
-3.15,4,102.212707
3.85,8,102.246459
4.45,4,102.270892
4.3,5,102.300435
3.85,8,102.334583
3.85,8,102.371549
4.15,6,102.406805
4.3,5,102.433693
3.7,9,102.473875
4.3,5,102.509959
4.75,2,102.541241
4.45,4,102.571805
4.0,7,102.605254
4.3,5,102.637775
3.4,11,102.677641
4.6,3,102.708897
4.6,3,102.742908
3.85,8,102.787488
4.45,4,102.819752
4.45,4,102.85302
4.3,5,102.88094
4.75,2,102.910639
4.6,3,102.936696
4.0,7,102.970335
4.9,1,102.993403
4.75,2,103.022315
4.9,1,103.048578
3.7,9,103.08735
4.6,3,103.114572
-3.65,14,103.158215
4.3,5,103.190023
4.0,7,103.226753
4.6,3,103.249271
4.6,3,103.278481
4.6,3,103.31218
-1.75,15,103.358182
4.9,1,103.383934
4.75,2,103.416083
4.0,7,103.455369
4.75,2,103.479864
4.75,2,103.503255
4.15,6,103.534068
4.6,3,103.560768
3.85,8,103.748523
3.7,9,103.788252
-1.75,15,103.829439
4.15,6,103.863888
4.15,6,103.900872
4.3,5,103.929776
3.4,11,103.970255
-1.75,15,104.014647
4.45,4,104.047261
4.15,6,104.08065
4.45,4,104.112463
4.6,3,104.142504
3.4,11,104.185704
4.6,3,104.220625
3.85,8,104.256377
4.6,3,104.284978
4.15,6,104.323468
3.25,12,104.37098
4.15,6,104.403553
-1.75,15,104.45185
4.6,3,104.478603
4.15,6,104.514968
4.9,1,104.541194
4.6,3,104.576272
4.6,3,104.605927
-1.75,15,104.648031
4.45,4,104.678681
3.85,8,104.711813
4.0,7,104.743978
3.7,9,104.775657
4.45,4,104.803392
4.6,3,104.827743
4.15,6,104.85475
4.0,7,104.88566
4.15,6,104.91447
4.75,2,104.940842
4.75,2,104.963831
4.75,2,104.988053
4.6,3,105.017987
4.6,3,105.048133
3.7,9,105.23831
4.6,3,105.264258
4.15,6,105.293746
4.3,5,105.323021
3.85,8,105.355603
4.0,7,105.387581
4.75,2,105.413712
4.15,6,105.443612
-1.75,15,105.487488
4.3,5,105.519634
3.55,10,105.566104
4.45,4,105.606433
-3.35,8,105.649252
3.4,11,105.69257
4.45,4,105.724155
4.6,3,105.752647
-1.75,15,105.802751
4.45,4,105.832641
3.85,8,105.868951
4.0,7,105.905621
4.6,3,105.934667
4.45,4,105.966065
4.6,3,105.990261
4.15,6,106.023593
4.6,3,106.051851
4.3,5,106.086003
4.45,4,106.117799
3.7,9,106.159251
4.3,5,106.184027
4.0,7,106.215256
4.15,6,106.245505
4.75,2,106.266172
4.45,4,106.295821
4.0,7,106.329382
3.7,9,106.36273
4.3,5,106.391978
4.45,4,106.415919
3.4,11,106.458803
-1.75,15,106.510602
4.75,2,106.535934
-1.75,15,106.717209
3.85,8,106.749905
-3.4,9,106.784409
4.45,4,106.8134
3.85,8,106.846765
4.15,6,106.878977
4.75,2,106.904004
4.3,5,106.935566
-3.3,7,106.966208
4.3,5,107.000458
4.6,3,107.030231
4.6,3,107.056371
3.7,9,107.091741
4.3,5,107.122888
4.9,1,107.144204
4.45,4,107.175348
3.85,8,107.210147
4.3,5,107.241723
4.15,6,107.272405
4.0,7,107.304734
4.15,6,107.333352
4.6,3,107.36147
-3.45,10,107.398921
-3.25,6,107.430816
4.9,1,107.455285
-1.75,15,107.502959
4.45,4,107.538172
4.45,4,107.570819
4.3,5,107.609463
4.3,5,107.640326
3.7,9,107.678847
4.3,5,107.715076
4.75,2,107.743677
3.7,9,107.786881
4.3,5,107.815675
4.0,7,107.847966
4.15,6,107.876553
4.6,3,107.902186
3.55,10,107.944001
3.85,8,107.980854
4.45,4,108.016232
4.45,4,108.043145
3.85,8,108.076093
4.3,5,108.249671
4.45,4,108.277565
-1.75,15,108.3225
4.3,5,108.352794
4.0,7,108.386384
4.75,2,108.412967
4.6,3,108.43981
4.0,7,108.471802
3.85,8,108.503668
4.75,2,108.529362
4.45,4,108.55962
4.3,5,108.591528
3.85,8,108.622303
4.75,2,108.646893
4.3,5,108.675975
4.15,6,108.709003
4.6,3,108.73226
4.75,2,108.761699
3.55,10,108.798223
4.3,5,108.828135
4.45,4,108.858153
4.6,3,108.887247
4.6,3,108.913308
4.6,3,108.94276
4.3,5,108.970953
4.3,5,108.999993
4.6,3,109.028602
4.9,1,109.058274
4.9,1,109.080935
4.15,6,109.11871
4.3,5,109.147789
4.15,6,109.180453
3.4,11,109.219665
-1.75,15,109.268375
3.55,10,109.308445
4.45,4,109.334224
4.45,4,109.361691
4.45,4,109.389783
4.15,6,109.419866
3.85,8,109.453089
4.6,3,109.479337
4.45,4,109.506352
4.3,5,109.53333
4.9,1,109.555686
4.15,6,109.581822
4.0,7,109.616603
-1.75,15,109.66206
4.75,2,109.685976
4.15,6,109.870537
3.7,9,109.90673
-1.75,15,109.949033
4.15,6,109.982977
4.6,3,110.01117
4.45,4,110.042346
4.75,2,110.065085
4.45,4,110.09604
4.6,3,110.123864
4.3,5,110.152714
4.6,3,110.182718
4.0,7,110.215613
4.75,2,110.239741
4.3,5,110.270483
3.25,12,110.314459
-1.75,15,110.370287
4.45,4,110.404781
4.6,3,110.435636
4.75,2,110.461726
3.55,10,110.503891
4.6,3,110.533737
-1.75,15,110.579257
4.6,3,110.610631
4.75,2,110.636047
4.15,6,110.672027
3.7,9,110.708465
4.6,3,110.734371
-3.5,11,110.776143
4.15,6,110.80834
4.3,5,110.84743
3.55,10,110.892291
-1.75,15,110.943414
3.55,10,110.978228
3.7,9,111.016828
4.15,6,111.04756
4.75,2,111.073673
4.0,7,111.109395
4.75,2,111.143218
4.9,1,111.170588
3.85,8,111.200841
4.75,2,111.226178
4.3,5,111.406352
4.3,5,111.431905
4.45,4,111.460834
4.45,4,111.490252
4.6,3,111.516211
4.15,6,111.549211
4.6,3,111.575923
4.6,3,111.603592
4.9,1,111.627331
4.6,3,111.648971
3.25,12,111.686937
3.85,8,111.71916
4.45,4,111.746491
4.0,7,111.778573
4.15,6,111.808522
4.6,3,111.835684
4.15,6,111.866894
4.3,5,111.895551
3.7,9,111.931293
4.75,2,111.958839
3.85,8,111.993354
4.45,4,112.02666
4.6,3,112.051564
4.45,4,112.081911
4.75,2,112.110537
3.25,12,112.159724
4.3,5,112.193112
3.85,8,112.228019
4.45,4,112.256433
3.25,12,112.302445
4.3,5,112.334463
4.0,7,112.373647
4.6,3,112.39964
4.45,4,112.43203
3.85,8,112.467305
3.25,12,112.507176
4.75,2,112.530517
4.45,4,112.55799
4.45,4,112.582806
4.6,3,112.608052
4.6,3,112.637576
4.9,1,112.666141
3.1,13,112.719514
4.45,4,112.747774
4.75,2,112.773479
-1.75,15,112.819858
4.6,3,112.850268
4.15,6,113.040642
3.4,11,113.087221
3.85,8,113.118903
4.3,5,113.147507
4.0,7,113.180223
4.6,3,113.206998
4.3,5,113.238382
3.7,9,113.271857
3.7,9,113.304913
4.3,5,113.333575
3.85,8,113.370071
4.6,3,113.401316
4.0,7,113.433847
3.85,8,113.466975
4.9,1,113.492106
-3.25,6,113.525707
4.6,3,113.553542
3.85,8,113.589586
4.3,5,113.622966
4.75,2,113.646548
4.0,7,113.68214
-3.5,11,113.727164
4.6,3,113.754025
4.6,3,113.784255
4.45,4,113.815803
3.25,12,113.860026
4.6,3,113.892707
4.45,4,113.928807
-1.75,15,113.977098
4.0,7,114.007547
4.9,1,114.029672
3.85,8,114.06722
4.3,5,114.094799
4.6,3,114.123666
4.9,1,114.148764
4.9,1,114.17692
4.45,4,114.210647
3.7,9,114.247748
-1.75,15,114.30123
4.3,5,114.333316
4.75,2,114.362008
4.45,4,114.38978
4.3,5,114.420761
4.45,4,114.447294
4.15,6,114.47509
4.0,7,114.660369
4.45,4,114.690317
-3.35,8,114.725721
3.7,9,114.76049
4.75,2,114.786307
4.0,7,114.820614
4.6,3,114.846312
3.4,11,114.887396
3.7,9,114.925201
4.15,6,114.95689
4.6,3,114.984415
4.3,5,115.022949
-3.7,15,115.070875
4.45,4,115.103127
4.75,2,115.129809
4.9,1,115.151922
4.75,2,115.177969
-3.2,5,115.20989
4.6,3,115.239937
-1.75,15,115.283111
4.75,2,115.313662
3.7,9,115.354373
4.75,2,115.382566
4.6,3,115.411888
4.0,7,115.446135
4.15,6,115.482082
4.75,2,115.50956
4.6,3,115.535446
4.45,4,115.572775
4.6,3,115.60045
4.15,6,115.629765
4.6,3,115.657677
4.45,4,115.685502
4.75,2,115.71028
4.3,5,115.746897
4.45,4,115.775291
4.6,3,115.803821
4.75,2,115.835034
4.15,6,115.86271
4.9,1,115.886198
4.45,4,115.911554
4.45,4,115.939524
4.15,6,115.978905
4.75,2,116.006375
4.45,4,116.031075
3.55,10,116.070397
3.55,10,116.105474
4.6,3,116.129166
-1.75,15,116.171811
3.85,8,116.350938
4.45,4,116.375771
4.9,1,116.397874
3.4,11,116.435474
-3.5,11,116.473224
4.15,6,116.50179
-3.05,2,116.524894
4.75,2,116.547074
4.45,4,116.576297
4.75,2,116.600027
4.3,5,116.640388
4.0,7,116.673659
4.45,4,116.703846
4.45,4,116.731911
4.15,6,116.763222
4.45,4,116.792233
4.45,4,116.829236
3.85,8,116.864402
4.75,2,116.891826
4.3,5,116.920977
3.85,8,116.957797
4.6,3,116.98754
4.75,2,117.013604
4.45,4,117.044702
-1.75,15,117.095854
4.15,6,117.129014
4.6,3,117.159567
-1.75,15,117.206605
4.6,3,117.231293
4.6,3,117.258394
-1.75,15,117.299388
4.3,5,117.340489
4.75,2,117.375645
-3.45,10,117.418699
3.7,9,117.459136
4.6,3,117.489886
4.15,6,117.520211
4.45,4,117.546608
4.6,3,117.576908
-3.45,10,117.619759
4.6,3,117.647709
3.4,11,117.685777
4.45,4,117.717566
3.25,12,117.913704
4.45,4,117.939822
3.4,11,117.974038
4.45,4,118.003265
4.6,3,118.029113
4.45,4,118.059154
-1.75,15,118.105227
4.75,2,118.132567
3.7,9,118.169073
4.9,1,118.192643
4.9,1,118.213809
4.15,6,118.242402
4.6,3,118.268084
4.75,2,118.299169
4.15,6,118.335294
4.45,4,118.365035
4.3,5,118.397869
4.0,7,118.431024
4.9,1,118.455621
4.15,6,118.490188
4.6,3,118.525284
4.45,4,118.556117
4.15,6,118.593042
4.75,2,118.614617
4.75,2,118.643713
3.7,9,118.684518
4.15,6,118.713651
-1.75,15,118.763635
4.15,6,118.802023
4.6,3,118.827785
-1.75,15,118.875126
4.75,2,118.900785
3.4,11,118.940332
3.85,8,118.97441
4.45,4,119.002849
4.6,3,119.029768
4.15,6,119.065223
3.85,8,119.105032
4.15,6,119.13487
4.45,4,119.161232
3.25,12,119.195993
4.45,4,119.222713
4.75,2,119.25187
4.6,3,119.277465
4.45,4,119.30749
4.6,3,119.331631
4.9,1,119.35667
3.85,8,119.545026
4.75,2,119.572709
4.3,5,119.604022
4.75,2,119.62558
4.45,4,119.65483
3.85,8,119.693194
4.6,3,119.722896
4.6,3,119.751096
4.6,3,119.780609
4.3,5,119.81478
4.45,4,119.845102
-3.4,9,119.885138
4.75,2,119.920746
3.7,9,119.961943
4.0,7,119.995901
-1.75,15,120.046247
4.75,2,120.075385
-1.75,15,120.135201
4.15,6,120.172189
4.75,2,120.197606
4.3,5,120.226234
4.6,3,120.255834
4.6,3,120.283746
3.85,8,120.32121
4.75,2,120.344712
4.75,2,120.374562
4.45,4,120.409193
4.3,5,120.44489
-3.6,13,120.488218
4.45,4,120.514277
-3.45,10,120.555616
4.3,5,120.590084
4.45,4,120.618041
3.1,13,120.662488
4.0,7,120.699383
4.15,6,120.728344
3.85,8,120.760599
4.0,7,120.795799
4.15,6,120.828079
4.0,7,120.871015
-1.75,15,120.92636
4.75,2,120.959235
4.75,2,120.992781
4.9,1,121.016942
4.15,6,121.050805
4.15,6,121.23721
3.7,9,121.269334
4.6,3,121.306238
4.75,2,121.328213
4.45,4,121.359539
3.7,9,121.398054
4.0,7,121.434665
4.6,3,121.463122
4.0,7,121.504707
3.55,10,121.551289
4.75,2,121.580077
3.85,8,121.619821
4.3,5,121.654398
3.7,9,121.697706
4.3,5,121.730416
4.3,5,121.763628
4.45,4,121.790619
3.7,9,121.828955
4.45,4,121.859658
4.3,5,121.895776
3.85,8,121.94154
4.15,6,121.975878
4.75,2,122.008265
4.6,3,122.033828
-1.75,15,122.077922
4.6,3,122.106083
3.4,11,122.143621
4.15,6,122.178522
4.3,5,122.205883
-1.75,15,122.24821
4.0,7,122.279462
3.4,11,122.317338
3.85,8,122.357617
4.3,5,122.389518
4.15,6,122.427741
4.6,3,122.462528
3.85,8,122.502758
-3.5,11,122.541028
4.0,7,122.581001
4.45,4,122.762897
-1.75,15,122.812241
4.6,3,122.838957
4.9,1,122.860108
3.85,8,122.901668
3.4,11,122.939167
4.3,5,122.966347
4.75,2,122.991215
4.6,3,123.023126
4.15,6,123.057485
4.45,4,123.089854
4.15,6,123.129507
3.4,11,123.172758
4.75,2,123.199079
4.6,3,123.232967
4.15,6,123.267105
3.4,11,123.30725
3.7,9,123.345326
3.7,9,123.385352
4.0,7,123.426676
3.85,8,123.467265
4.9,1,123.493561
-3.45,10,123.530842
4.15,6,123.562088
4.0,7,123.596369
4.6,3,123.623893
4.75,2,123.650339
4.45,4,123.678283
4.45,4,123.703999
4.75,2,123.72706
4.6,3,123.753781
4.45,4,123.780783
4.75,2,123.803713
4.15,6,123.832011
4.45,4,123.866071
4.3,5,123.894464
4.6,3,123.920596
4.75,2,123.954462
4.3,5,123.983335
4.45,4,124.010395
4.0,7,124.041979
3.85,8,124.075149
3.25,12,124.112416
4.45,4,124.142251
4.45,4,124.176308
3.7,9,124.218749
4.75,2,124.248343
4.3,5,124.449665
-3.4,9,124.495787
4.3,5,124.534446
4.3,5,124.570178
-1.75,15,124.624024
4.3,5,124.658419
3.25,12,124.704048
4.15,6,124.737747
4.0,7,124.768946
3.7,9,124.804945
4.45,4,124.838381
4.45,4,124.874224
4.75,2,124.900961
3.85,8,124.939546
4.15,6,124.979379
4.6,3,125.014942
4.3,5,125.044767
-1.75,15,125.090503
3.7,9,125.126455
4.45,4,125.151374
4.75,2,125.173538
3.85,8,125.20387
-1.75,15,125.244797
4.15,6,125.275846
-3.25,6,125.308324
4.45,4,125.333106
3.7,9,125.366704
4.45,4,125.392821
4.6,3,125.41874
3.25,12,125.455842
4.75,2,125.482825
4.3,5,125.512887
4.75,2,125.542813
4.75,2,125.568141
4.75,2,125.593251
4.9,1,125.620823
3.1,13,125.662527
4.0,7,125.705665
3.55,10,125.745673
4.45,4,125.77381
4.6,3,125.948187
3.7,9,125.982853
3.25,12,126.027514
-1.75,15,126.075403
4.75,2,126.102335
3.25,12,126.139013
4.6,3,126.164663
4.75,2,126.192175
4.0,7,126.224772
4.3,5,126.256883
4.45,4,126.286247
4.45,4,126.319639
4.9,1,126.351368
4.6,3,126.379448
4.75,2,126.408052
4.3,5,126.441559
4.45,4,126.472808
4.6,3,126.497287
4.9,1,126.5214
4.15,6,126.55276
4.0,7,126.586667
4.15,6,126.627565
4.3,5,126.660136
4.6,3,126.684678
-1.75,15,126.729425
4.45,4,126.760125
4.9,1,126.78695
4.75,2,126.812199
4.6,3,126.841223
4.0,7,126.880547
4.6,3,126.911345
3.7,9,126.950139
4.3,5,126.978399
3.85,8,127.012797
4.6,3,127.041069
3.7,9,127.076684
4.3,5,127.1063
4.45,4,127.138748
3.7,9,127.175756
4.6,3,127.203765
3.7,9,127.238785
4.6,3,127.26763
4.6,3,127.292285
3.7,9,127.326331
4.6,3,127.35286
4.3,5,127.383869
4.3,5,127.414802
3.7,9,127.626081
3.7,9,127.665868
4.6,3,127.696587
3.1,13,127.746266
4.75,2,127.773746
4.45,4,127.806384
4.75,2,127.841714
4.6,3,127.877104
4.6,3,127.903758
4.3,5,127.941726
3.7,9,127.98962
4.6,3,128.020538
4.0,7,128.054414
4.45,4,128.088181
4.75,2,128.115531
3.4,11,128.15695
4.15,6,128.190533
3.25,12,128.22552
4.45,4,128.254068
4.3,5,128.280617
4.75,2,128.305883
3.7,9,128.347193
4.45,4,128.376976
4.45,4,128.406268
3.7,9,128.442759
4.3,5,128.474036
4.45,4,128.509762
4.15,6,128.540355
3.85,8,128.570559
3.85,8,128.608968
4.0,7,128.64265
4.6,3,128.667965
4.6,3,128.693032
4.6,3,128.718621
4.9,1,128.742039
4.3,5,128.76848
4.75,2,128.796473
3.7,9,128.832296
4.75,2,128.857097
3.85,8,128.891204
4.45,4,128.921961
4.75,2,128.94456
4.6,3,128.974096
4.3,5,129.002238
4.6,3,129.030781
4.15,6,129.063448
4.6,3,129.091929
4.75,2,129.118277
4.75,2,129.149159
4.75,2,129.17679
3.4,11,129.224038
4.45,4,129.428133
4.3,5,129.458835
-1.75,15,129.5125
4.15,6,129.55126
4.3,5,129.584455
4.6,3,129.611528
4.0,7,129.649469
4.9,1,129.675031
4.3,5,129.707998
4.45,4,129.733719
3.7,9,129.770519
4.3,5,129.799915
4.6,3,129.825556
4.15,6,129.853562
3.55,10,129.894185
3.7,9,129.927708
4.45,4,129.959802
3.85,8,129.995167
4.6,3,130.027283
4.45,4,130.055621
-1.75,15,130.097793
4.75,2,130.123822
4.45,4,130.152604
4.45,4,130.181726
4.45,4,130.210327
4.75,2,130.236434
3.85,8,130.272573
3.25,12,130.310682
4.15,6,130.342368
4.45,4,130.372037
3.85,8,130.403492
4.75,2,130.426868
3.25,12,130.466988
4.6,3,130.489915
4.3,5,130.517927
4.6,3,130.541196
-1.75,15,130.588467
3.25,12,130.626886
4.15,6,130.658581
4.45,4,130.683087
4.15,6,130.711658
4.15,6,130.914407
4.3,5,130.953424
4.6,3,130.984817
4.9,1,131.010457
4.75,2,131.042906
4.6,3,131.070033
4.75,2,131.095601
3.4,11,131.139125
3.4,11,131.176506
3.85,8,131.218066
4.75,2,131.246605
4.6,3,131.273154
-1.75,15,131.32137
4.75,2,131.348076
4.6,3,131.373147
4.45,4,131.395727
4.3,5,131.422294
4.9,1,131.444848
3.7,9,131.477678
-1.75,15,131.530764
4.3,5,131.567497
4.75,2,131.600205
4.45,4,131.632347
4.45,4,131.660956
-1.75,15,131.71076
4.3,5,131.74626
4.0,7,131.782862
4.6,3,131.814728
4.45,4,131.842653
4.3,5,131.876627
4.75,2,131.902306
4.6,3,131.927604
4.75,2,131.955395
4.75,2,131.980509
3.85,8,132.017236
4.6,3,132.041749
4.45,4,132.068397
4.6,3,132.094872
4.75,2,132.119807
4.75,2,132.145172
4.15,6,132.176032
4.3,5,132.203117
4.6,3,132.232157
3.4,11,132.269178
3.4,11,132.305444
4.15,6,132.34015
4.0,7,132.371235
4.75,2,132.393416
4.75,2,132.424606
3.7,9,132.465549
4.75,2,132.493069
4.0,7,132.700975
4.75,2,132.728778
4.15,6,132.759811
4.3,5,132.790982
4.15,6,132.822902
4.75,2,132.852043
4.3,5,132.884383
4.9,1,132.91129
3.85,8,132.94167
4.75,2,132.969523
4.75,2,132.995681
3.85,8,133.031976
4.45,4,133.060269
3.7,9,133.094087
-3.1,3,133.120658
4.9,1,133.149485
4.75,2,133.174651
4.15,6,133.205006
4.6,3,133.234396
3.85,8,133.267744
4.6,3,133.293372
4.6,3,133.320989
4.75,2,133.345319
3.85,8,133.385465
4.45,4,133.413558
4.45,4,133.442941
3.55,10,133.482308
4.0,7,133.514729
3.85,8,133.548277
4.45,4,133.577094
4.0,7,133.609074
4.3,5,133.64222
4.3,5,133.670768
4.75,2,133.694849
4.75,2,133.720688
4.15,6,133.756511
4.6,3,133.780809
4.6,3,133.810678
4.0,7,133.843424
3.25,12,133.8925
4.45,4,133.924993
4.3,5,133.960295
4.15,6,133.993826
4.0,7,134.035863
3.55,10,134.076387
4.0,7,134.114466
4.75,2,134.146956
4.15,6,134.17929
4.45,4,134.21989
3.55,10,134.269367
2.95,14,134.492744
4.15,6,134.525888
4.0,7,134.557348
3.4,11,134.602215
4.45,4,134.625395
3.55,10,134.659134
4.75,2,134.686737
4.6,3,134.710283
3.4,11,134.747949
4.75,2,134.774758
4.6,3,134.802342
4.0,7,134.833982
3.85,8,134.868683
-1.75,15,134.910416
-1.75,15,134.95572
3.7,9,134.991252
4.75,2,135.021152
4.3,5,135.047972
4.15,6,135.079751
4.6,3,135.10485
4.75,2,135.129046
4.45,4,135.159927
4.6,3,135.187868
-1.75,15,135.232987
4.45,4,135.261276
4.6,3,135.289198
4.3,5,135.317747
4.6,3,135.344046
4.45,4,135.374436
4.75,2,135.405037
4.0,7,135.44362
3.85,8,135.479671
4.75,2,135.505533
4.75,2,135.535385
3.7,9,135.572718
4.3,5,135.604625
3.55,10,135.651821
4.45,4,135.680268
3.7,9,135.718168
2.95,14,135.924119
4.0,7,135.960286
-1.75,15,136.01767
4.75,2,136.04317
4.3,5,136.071678
3.85,8,136.101592
4.15,6,136.133521
4.45,4,136.162408
3.55,10,136.205998
4.45,4,136.237385
3.7,9,136.276866
4.45,4,136.308055
4.75,2,136.338363
3.85,8,136.374969
4.0,7,136.411405
4.6,3,136.437049
4.6,3,136.469919
4.6,3,136.495162
3.85,8,136.526839
4.75,2,136.552152
4.75,2,136.5777
4.45,4,136.603694
4.45,4,136.628458
4.75,2,136.651412
4.6,3,136.675011
4.45,4,136.703511
3.7,9,136.739544
4.6,3,136.772368
4.3,5,136.801537
3.85,8,136.834336
4.6,3,136.862345
3.85,8,136.895204
4.6,3,136.925995
4.15,6,136.967105
4.6,3,136.998256
4.75,2,137.020235
4.75,2,137.045939
4.3,5,137.075493
4.6,3,137.103604
4.45,4,137.137314
3.7,9,137.180501
4.45,4,137.21321
4.45,4,137.24643
4.75,2,137.271708
4.3,5,137.301424
3.4,11,137.346605
4.45,4,137.377021
4.6,3,137.405419
4.15,6,137.439253
4.6,3,137.469936
4.15,6,137.50295
3.25,12,137.712801
4.45,4,137.741005
4.15,6,137.771076
4.75,2,137.79833
4.6,3,137.826478
3.85,8,137.857552
4.3,5,137.889139
4.75,2,137.922641
4.75,2,137.953389
3.85,8,137.98987
3.25,12,138.031708
4.0,7,138.064464
4.3,5,138.094075
4.0,7,138.134142
4.6,3,138.157995
4.45,4,138.186027
3.4,11,138.220944
4.3,5,138.251366
4.6,3,138.274893
4.45,4,138.302113
3.85,8,138.334762
4.3,5,138.361109
4.45,4,138.390772
4.0,7,138.423971
4.15,6,138.451711
4.75,2,138.473551
3.55,10,138.509714
3.85,8,138.544431
-1.75,15,138.595441
4.0,7,138.632946
4.6,3,138.671446
3.7,9,138.710846
4.45,4,138.740673
-1.75,15,138.785439
4.6,3,138.82186
4.6,3,138.853939
4.0,7,138.891551
4.6,3,138.92404
4.45,4,138.951806
3.85,8,138.993092
4.15,6,139.028455
3.85,8,139.065349
4.0,7,139.2577
3.85,8,139.293635
4.9,1,139.316247
4.0,7,139.346202
4.0,7,139.384851
3.55,10,139.425577
4.45,4,139.454651
4.75,2,139.477237
4.3,5,139.508394
4.75,2,139.531484
4.6,3,139.559506
4.6,3,139.591547
3.7,9,139.627475
4.45,4,139.656779
4.3,5,139.690823
4.45,4,139.720823
4.75,2,139.747465
3.4,11,139.787304
4.3,5,139.816262
3.55,10,139.849953
4.6,3,139.87473
4.0,7,139.90535
4.0,7,139.938375
4.45,4,139.967161
4.15,6,140.002623
3.7,9,140.037773
3.7,9,140.070813
3.7,9,140.106002
4.0,7,140.137189
4.15,6,140.167692
4.3,5,140.196326
4.3,5,140.222945
4.75,2,140.24806
4.3,5,140.279984
3.25,12,140.317901
4.75,2,140.342702
4.3,5,140.373327
-1.75,15,140.419993
4.6,3,140.451565
4.3,5,140.487223
4.15,6,140.51914
4.75,2,140.541191
4.15,6,140.573435
4.0,7,140.616482
3.55,10,140.807811
4.0,7,140.841459
4.75,2,140.871879
4.0,7,140.90516
4.75,2,140.937766
-1.75,15,140.993294
4.45,4,141.024143
4.45,4,141.058408
4.3,5,141.098753
3.85,8,141.134511
4.75,2,141.158606
4.75,2,141.185184
4.15,6,141.223355
4.75,2,141.252388
3.55,10,141.28566
4.15,6,141.319678
3.25,12,141.356371
3.85,8,141.398716
4.15,6,141.433041
3.85,8,141.467491
4.6,3,141.497704
4.3,5,141.529922
4.6,3,141.560993
4.0,7,141.592109
4.15,6,141.62268
4.0,7,141.653597
4.45,4,141.684519
4.3,5,141.719872
4.45,4,141.751739
4.15,6,141.789233
3.7,9,141.833216
4.0,7,141.871193
4.3,5,141.902605
3.7,9,141.94279
3.85,8,141.976307
4.3,5,142.007742
4.75,2,142.037754
4.75,2,142.068626
4.3,5,142.104317
4.6,3,142.133748
4.45,4,142.163434
4.9,1,142.187883
3.55,10,142.224444
4.0,7,142.254662
4.3,5,142.285079
4.15,6,142.457101
4.6,3,142.483832
3.25,12,142.523783
4.75,2,142.546772
4.0,7,142.589579
-1.75,15,142.644485
4.45,4,142.672199
-3.2,5,142.701335
4.6,3,142.733314
4.45,4,142.769284
3.55,10,142.808567
4.45,4,142.837692
3.7,9,142.875658
4.45,4,142.906719
4.9,1,142.93018
4.45,4,142.964437
4.45,4,142.993286
4.45,4,143.031781
4.45,4,143.063658
4.6,3,143.088521
4.15,6,143.120166
4.45,4,143.148129
2.95,14,143.188513
4.45,4,143.217973
4.0,7,143.248518
3.55,10,143.2842
4.6,3,143.308228
4.15,6,143.34271
4.6,3,143.383813
4.0,7,143.426468
4.45,4,143.457094
3.85,8,143.493965
4.45,4,143.51966
4.15,6,143.55099
3.7,9,143.586766
4.75,2,143.612992
4.3,5,143.651224
4.75,2,143.675826
4.45,4,143.708166
-1.75,15,143.758057
-1.75,15,143.816677
4.3,5,143.850087
4.45,4,143.876687
4.75,2,144.0332
4.0,7,144.063244
4.9,1,144.091361
4.6,3,144.117793
4.45,4,144.146471
3.7,9,144.1861
3.4,11,144.229714
4.45,4,144.260443
4.3,5,144.291588
4.15,6,144.322935
4.75,2,144.349516
4.6,3,144.375033
3.25,12,144.416044
4.15,6,144.453856
4.0,7,144.486784
4.15,6,144.515693
3.4,11,144.554415
4.15,6,144.584068
4.9,1,144.611051
3.85,8,144.646197
4.45,4,144.681895
4.3,5,144.713825
3.85,8,144.748196
4.0,7,144.782763
4.45,4,144.808136
3.85,8,144.841081
4.3,5,144.873681
4.6,3,144.901182
4.3,5,144.935053
4.3,5,144.964951
4.45,4,144.994351
3.7,9,145.034644
4.15,6,145.070326
4.3,5,145.097686
3.7,9,145.135853
4.3,5,145.1641
4.45,4,145.192925
4.3,5,145.222287
4.0,7,145.253917
4.6,3,145.282311
3.85,8,145.321742
4.15,6,145.362558
4.75,2,145.396432
4.75,2,145.424475
4.0,7,145.457142
4.15,6,145.492538
4.0,7,145.667256
4.6,3,145.700053
4.15,6,145.737446
-3.45,10,145.778111
4.0,7,145.80959
4.15,6,145.846352
4.9,1,145.869215
3.4,11,145.908974
4.15,6,145.938698
3.85,8,145.976243
3.1,13,146.018811
4.75,2,146.045189
4.15,6,146.078631
4.75,2,146.105809
4.45,4,146.134248
4.15,6,146.163975
4.3,5,146.191136
3.85,8,146.222313
3.85,8,146.254766
-3.3,7,146.286731
4.3,5,146.317931
3.25,12,146.379069
3.7,9,146.420465
4.0,7,146.456206
4.0,7,146.493056
4.15,6,146.530535
4.9,1,146.554627
4.45,4,146.587837
4.15,6,146.622485
4.3,5,146.653438
4.6,3,146.683277
3.4,11,146.724059
3.85,8,146.7586
4.75,2,146.787573
4.6,3,146.817359
4.15,6,146.851858
4.0,7,146.888785
3.4,11,146.928805
4.3,5,146.958117
-1.75,15,147.151944
4.75,2,147.172918
4.15,6,147.201034
4.9,1,147.224725
4.45,4,147.251703
4.0,7,147.281548
4.45,4,147.307098
3.4,11,147.344273
4.3,5,147.375033
4.3,5,147.402129
4.45,4,147.428909
4.45,4,147.457014
4.0,7,147.488705
4.6,3,147.519993
3.85,8,147.553386
3.7,9,147.587212
4.75,2,147.62211
4.6,3,147.652683
4.15,6,147.683596
3.1,13,147.723556
4.15,6,147.759842
4.6,3,147.789038
3.7,9,147.82579
3.4,11,147.864039
2.95,14,147.904468
4.0,7,147.934883
3.7,9,147.970653
3.85,8,148.005722
4.6,3,148.032609
4.45,4,148.066596
4.15,6,148.10297
4.6,3,148.13543
-1.75,15,148.181757
4.15,6,148.214214
3.55,10,148.253116
4.75,2,148.27518
3.7,9,148.312271
4.75,2,148.339488
4.45,4,148.374007
4.75,2,148.404372
4.6,3,148.431401
4.15,6,148.459051
4.75,2,148.487007
4.0,7,148.671895
4.75,2,148.696597
3.85,8,148.729556
3.7,9,148.766216
3.1,13,148.806233
4.9,1,148.831593
4.45,4,148.855886
4.6,3,148.884776
4.45,4,148.910067
3.85,8,148.940972
4.0,7,148.970338
4.3,5,148.996452
4.15,6,149.025527
4.9,1,149.055354
4.6,3,149.087013
3.55,10,149.123261
-1.75,15,149.162253
3.85,8,149.193753
4.45,4,149.220013
4.75,2,149.242531
4.0,7,149.275177
4.45,4,149.304834
4.45,4,149.333118
4.45,4,149.361653
4.45,4,149.390243
4.3,5,149.420987
4.75,2,149.449974
4.6,3,149.481659
4.6,3,149.507534
3.85,8,149.542151
-3.25,6,149.573877
4.45,4,149.609828
4.3,5,149.645132
4.75,2,149.677216
4.75,2,149.704828
4.15,6,149.742452
4.75,2,149.77082
4.75,2,149.797031
4.9,1,149.824042
4.6,3,149.85175
4.15,6,149.884312
3.25,12,149.927438
4.0,7,149.961893
4.9,1,149.99083
3.7,9,150.034424
4.45,4,150.069073
3.85,8,150.105176
4.3,5,150.136242
4.6,3,150.166819
4.6,3,150.197022
4.6,3,150.224555
4.6,3,150.250967
3.25,12,150.441808
-1.75,15,150.493354
4.9,1,150.517097
4.6,3,150.54132
3.85,8,150.578267
4.45,4,150.61063
4.45,4,150.639815
4.6,3,150.674164
4.6,3,150.704924
4.3,5,150.73403
4.75,2,150.760951
4.45,4,150.791759
3.4,11,150.827029
3.85,8,150.861499
-1.75,15,150.907346
3.55,10,150.954647
-1.75,15,151.003986
4.6,3,151.032902
4.6,3,151.058701
4.3,5,151.090928
4.75,2,151.124668
4.15,6,151.158592
4.45,4,151.190463
4.15,6,151.228669
4.45,4,151.25901
4.0,7,151.294479
-1.75,15,151.347514
4.45,4,151.374619
4.15,6,151.407068
4.15,6,151.445481
4.75,2,151.471431
3.7,9,151.508854
3.7,9,151.551063
4.15,6,151.58014
4.6,3,151.608092
-1.75,15,151.664482
-1.75,15,151.714343
4.45,4,151.746641
3.25,12,151.941856
-1.75,15,151.986876
4.6,3,152.011
4.6,3,152.03652
4.0,7,152.072037
4.45,4,152.099213
4.6,3,152.128275
3.85,8,152.158779
4.45,4,152.18743
4.45,4,152.221448
4.6,3,152.252522
4.6,3,152.276856
4.75,2,152.302421
4.45,4,152.336957
-3.35,8,152.380123
4.9,1,152.403282
4.6,3,152.428432
4.9,1,152.452969
4.6,3,152.478565
4.15,6,152.513435
4.15,6,152.545392
4.6,3,152.570143
-1.75,15,152.613577
4.3,5,152.641349
4.6,3,152.667279
4.0,7,152.696015
4.75,2,152.72529
4.6,3,152.755723
4.45,4,152.792764
4.15,6,152.830439
4.6,3,152.857714
4.45,4,152.897164
4.3,5,152.932532
4.0,7,152.968814
4.15,6,153.000764
4.3,5,153.031806
3.55,10,153.069022
4.9,1,153.094619
3.85,8,153.127461
4.15,6,153.161956
4.9,1,153.191783
2.95,14,153.242087
3.85,8,153.281018
4.6,3,153.307542
4.45,4,153.337958
4.75,2,153.361648
3.7,9,153.399865
4.0,7,153.431703
4.75,2,153.455117
4.75,2,153.640078
4.6,3,153.66632
4.15,6,153.702568
4.6,3,153.731694
4.75,2,153.755297
4.15,6,153.784994
4.75,2,153.810547
3.85,8,153.84385
-1.75,15,153.890342
3.85,8,153.926159
4.75,2,153.95693
4.6,3,153.989994
4.6,3,154.020199
4.75,2,154.047165
3.85,8,154.092011
3.55,10,154.131693
4.75,2,154.15581
4.45,4,154.186895
4.3,5,154.219178
4.45,4,154.253253
4.3,5,154.285116
3.85,8,154.328427
4.15,6,154.369146
4.6,3,154.406673
4.45,4,154.439276
4.6,3,154.472094
-1.75,15,154.53043
4.75,2,154.558524
4.6,3,154.599973
3.85,8,154.666968
4.6,3,154.710263
4.75,2,154.747226
4.9,1,154.78665
4.15,6,154.827972
4.3,5,154.857779
4.15,6,154.891526
4.45,4,154.924246
-1.75,15,154.97203
4.75,2,154.997432
3.55,10,155.037576
4.0,7,155.071499
4.6,3,155.098331
4.0,7,155.128011
4.3,5,155.159081
4.6,3,155.187757
4.6,3,155.217247
4.45,4,155.246569
4.75,2,155.275825
4.6,3,155.306771
3.25,12,155.512018
4.75,2,155.536579
4.0,7,155.572678
4.3,5,155.602601
4.0,7,155.635448
4.75,2,155.666042
-1.75,15,155.708315
4.9,1,155.732872
3.4,11,155.768435
4.0,7,155.800041
3.7,9,155.845706
4.15,6,155.875579
4.3,5,155.908272
4.75,2,155.934832
4.75,2,155.963652
3.7,9,156.00238
4.45,4,156.034506
3.55,10,156.081856
-1.75,15,156.131876
4.3,5,156.161202
3.55,10,156.203514
4.6,3,156.232119
4.6,3,156.257459
4.75,2,156.284408
3.4,11,156.323732
4.45,4,156.35359
4.45,4,156.388518
4.6,3,156.418746
4.15,6,156.452413
-1.75,15,156.500088
4.3,5,156.537871
4.0,7,156.574392
4.15,6,156.60451
4.9,1,156.629081
4.75,2,156.655426
-1.75,15,156.705669
4.6,3,156.737229
4.3,5,156.772122
3.7,9,156.809486
4.6,3,156.839529
4.45,4,156.869466
4.6,3,156.893081
4.3,5,156.921199
3.7,9,157.103985
4.6,3,157.130306
4.75,2,157.153174
3.25,12,157.193158
4.45,4,157.221509
4.45,4,157.248439
4.6,3,157.276361
3.7,9,157.31187
3.85,8,157.346326
4.3,5,157.376858
3.25,12,157.421412
-1.75,15,157.471506
4.3,5,157.506611
4.15,6,157.549186
4.9,1,157.582497
-3.45,10,157.632703
4.3,5,157.672833
4.75,2,157.703147
4.75,2,157.732527
4.75,2,157.764804
4.15,6,157.803352
4.3,5,157.8434
4.45,4,157.876803
4.75,2,157.90931
3.7,9,157.954805
4.45,4,157.988829
3.85,8,158.026463
4.15,6,158.062289
4.75,2,158.089519
4.6,3,158.119386
4.45,4,158.151781
4.15,6,158.187882
4.6,3,158.21715
3.7,9,158.252095
4.3,5,158.281674
4.75,2,158.305086
4.6,3,158.335134
-3.25,6,158.368046
4.45,4,158.397514
4.45,4,158.428536
4.15,6,158.462825
3.55,10,158.501822
4.6,3,158.534996
4.6,3,158.56356
3.25,12,158.61499
4.9,1,158.641038
4.6,3,158.670759
-1.75,15,158.885965
4.75,2,158.913398
4.6,3,158.941677
3.7,9,158.976786
4.15,6,159.008291
4.3,5,159.038548
2.95,14,159.079091
4.3,5,159.106575
4.9,1,159.131369
4.75,2,159.156971
-1.75,15,159.201496
4.75,2,159.227281
4.9,1,159.250543
4.75,2,159.280609
3.55,10,159.322147
4.6,3,159.357075
4.75,2,159.383954
4.45,4,159.417191
4.6,3,159.44785
3.4,11,159.492876
4.75,2,159.521801
4.3,5,159.553782
4.6,3,159.585016
4.75,2,159.614413
3.4,11,159.655218
4.45,4,159.685565
3.25,12,159.730546
4.75,2,159.760525
4.0,7,159.802791
4.15,6,159.837895
4.75,2,159.864005
3.25,12,159.907411
3.4,11,159.957098
-1.75,15,160.009362
-1.75,15,160.054452
4.3,5,160.086433
4.0,7,160.120705
3.85,8,160.152261
4.15,6,160.186039
3.85,8,160.221364
4.45,4,160.403468
4.9,1,160.431494
3.55,10,160.471757
4.45,4,160.502445
4.75,2,160.529891
4.0,7,160.564315
4.6,3,160.591599
4.45,4,160.622816
4.6,3,160.650384
4.75,2,160.674918
3.7,9,160.71607
4.15,6,160.752644
4.6,3,160.786193
4.3,5,160.819615
4.0,7,160.85824
-1.75,15,160.907905
3.4,11,160.958632
4.0,7,160.999308
4.45,4,161.037024
4.15,6,161.077394
3.7,9,161.127763
3.85,8,161.17266
4.75,2,161.210163
4.6,3,161.244873
4.6,3,161.281113
4.45,4,161.318748
4.45,4,161.355435
4.45,4,161.394319
4.3,5,161.438843
4.45,4,161.472301
4.6,3,161.5038
4.75,2,161.53203
4.15,6,161.564392
4.45,4,161.593479
4.75,2,161.61905
4.75,2,161.640846
4.15,6,161.673185
4.15,6,161.714006
4.75,2,161.739023
4.75,2,161.766079
4.9,1,161.788112
-1.75,15,161.839749
4.3,5,161.874569
3.1,13,161.919654
4.3,5,161.953234
3.85,8,161.991764
-1.75,15,162.036032
3.55,10,162.206414
4.0,7,162.239586
4.75,2,162.266161
4.0,7,162.299811
4.45,4,162.334633
4.15,6,162.368937
3.4,11,162.404578
4.3,5,162.431874
4.75,2,162.455848
4.15,6,162.487828
4.6,3,162.512472
3.55,10,162.550407
4.3,5,162.577523
4.3,5,162.613486
4.3,5,162.641088
4.3,5,162.67081
4.0,7,162.705065
4.6,3,162.738176
4.6,3,162.769212
4.45,4,162.798981
4.15,6,162.831584
4.3,5,162.859861
3.55,10,162.900913
3.85,8,162.940124
4.6,3,162.972215
4.45,4,163.002041
4.6,3,163.032366
4.3,5,163.064043
4.45,4,163.091827
4.75,2,163.117176
4.6,3,163.145128
3.7,9,163.177935
4.6,3,163.205266
4.75,2,163.229984
4.6,3,163.254559
4.0,7,163.288396
3.85,8,163.324231
4.75,2,163.351729
4.3,5,163.382127
-1.75,15,163.424373
3.85,8,163.463738
4.6,3,163.487441
4.6,3,163.518555
4.75,2,163.545139
4.0,7,163.575896
4.45,4,163.60697
4.75,2,163.637745
4.45,4,163.666734
3.7,9,163.702119
-1.75,15,163.887443
4.9,1,163.911629
4.75,2,163.936118
4.15,6,163.977204
-1.75,15,164.019497
4.75,2,164.042603
4.0,7,164.07964
4.75,2,164.10464
4.0,7,164.138069
4.45,4,164.167684
4.6,3,164.194466
4.45,4,164.221165
3.7,9,164.254619
4.9,1,164.278565
4.0,7,164.310567
3.7,9,164.351815
4.9,1,164.380773
4.45,4,164.414243
4.45,4,164.444024
4.6,3,164.479196
4.0,7,164.518975
4.75,2,164.545546
3.85,8,164.581273
4.75,2,164.612055
4.45,4,164.644713
4.45,4,164.678453
4.15,6,164.7184
4.9,1,164.742962
3.85,8,164.776558
4.75,2,164.80317
4.3,5,164.830462
4.6,3,164.859862
4.6,3,164.886491
4.6,3,164.913992
4.3,5,164.943485
4.45,4,164.978517
4.9,1,165.002958
4.3,5,165.02916
-1.75,15,165.072457
4.15,6,165.10249
4.0,7,165.133609
4.15,6,165.166466
4.75,2,165.195024
4.45,4,165.221691
3.4,11,165.258815
4.6,3,165.285542
4.45,4,165.313835
4.6,3,165.345064
4.0,7,165.37955
4.75,2,165.410535
4.3,5,165.438735
4.3,5,165.610581
4.75,2,165.638206
3.85,8,165.674379
4.0,7,165.706602
4.0,7,165.744581
4.3,5,165.774101
4.6,3,165.80525
3.55,10,165.847494
4.3,5,165.875005
4.9,1,165.905833
4.3,5,165.934952
4.15,6,165.968515
4.75,2,165.996399
4.15,6,166.030353
4.75,2,166.059281
4.45,4,166.088463
-3.65,14,166.131648
3.85,8,166.163943
4.75,2,166.185496
4.45,4,166.211022
-1.75,15,166.250882
4.0,7,166.285404
3.85,8,166.317528
4.6,3,166.344904
4.45,4,166.371459
3.55,10,166.407447
4.45,4,166.434665
4.45,4,166.464455
4.75,2,166.493477
4.9,1,166.515992
4.45,4,166.542568
4.3,5,166.571843
4.6,3,166.597802
4.15,6,166.630793
3.7,9,166.667027
4.15,6,166.698508
4.6,3,166.727473
4.75,2,166.752644
4.75,2,166.780689
4.75,2,166.801717
3.7,9,166.833917
-1.75,15,166.875102
3.1,13,166.917363
4.15,6,166.949077
4.45,4,166.976909
4.75,2,167.003981
4.45,4,167.183153
3.85,8,167.219329
4.3,5,167.253554
4.75,2,167.285761
-1.75,15,167.343941
4.75,2,167.371114
4.75,2,167.399665
4.45,4,167.425275
4.9,1,167.452241
4.6,3,167.480335
-1.75,15,167.529247
3.85,8,167.565151
3.85,8,167.595806
4.6,3,167.622229
4.15,6,167.653583
4.15,6,167.68602
4.3,5,167.722615
4.0,7,167.760169
3.55,10,167.80371
4.0,7,167.83766
4.75,2,167.867235
4.6,3,167.899947
-1.75,15,167.944105
4.6,3,167.970722
4.6,3,167.997669
4.45,4,168.031586
4.15,6,168.065763
4.45,4,168.09644
-1.75,15,168.139316
4.0,7,168.173305
4.6,3,168.201227
4.15,6,168.229962
4.0,7,168.261997
4.3,5,168.289262
4.75,2,168.319002
3.85,8,168.357111
-1.75,15,168.40485
4.6,3,168.433839
4.75,2,168.458149
3.4,11,168.49859
4.6,3,168.52645
3.1,13,168.713205
3.7,9,168.746686
4.45,4,168.774556
-3.1,3,168.804114
4.75,2,168.834705
4.0,7,168.867687
3.85,8,168.90566
4.9,1,168.93154
3.4,11,168.972099
4.3,5,169.00279
4.45,4,169.035082
4.75,2,169.066493
3.7,9,169.105075
4.3,5,169.136703
4.6,3,169.163542
4.6,3,169.189741
3.7,9,169.222897
4.9,1,169.245281
4.6,3,169.271049
4.3,5,169.307802
4.15,6,169.338551
-1.75,15,169.388183
3.7,9,169.429974
4.45,4,169.456499
4.45,4,169.487568
-3.45,10,169.525508
4.6,3,169.551422
4.6,3,169.579532
4.15,6,169.607203
4.45,4,169.641746
4.75,2,169.667148
4.9,1,169.688073
4.15,6,169.72122
4.0,7,169.754602
-1.75,15,169.797932
4.3,5,169.825224
-1.75,15,169.87161
4.0,7,169.903194
3.4,11,169.943895
4.6,3,169.972825
4.45,4,170.002378
4.45,4,170.036812
4.15,6,170.066169
3.25,12,170.250094
4.45,4,170.276953
3.25,12,170.314326
3.85,8,170.346052
-1.75,15,170.396645
4.6,3,170.429513
3.7,9,170.464493
3.25,12,170.509225
4.6,3,170.53494
4.3,5,170.569137
3.7,9,170.606065
4.6,3,170.635165
4.75,2,170.661123
3.55,10,170.704378
4.6,3,170.734667
4.45,4,170.761932
4.3,5,170.792342
4.6,3,170.820695
3.25,12,170.861817
4.9,1,170.888991
4.3,5,170.91583
4.6,3,170.943255
4.75,2,170.968536
4.45,4,170.996715
4.6,3,171.021616
4.0,7,171.056415
4.15,6,171.090882
4.75,2,171.117088
4.15,6,171.150527
4.3,5,171.190551
4.0,7,171.225499
-1.75,15,171.266613
4.45,4,171.299993
3.55,10,171.338817
4.75,2,171.368113
4.75,2,171.397733
4.9,1,171.421257
-1.75,15,171.469222
4.45,4,171.495494
4.6,3,171.520177
-1.75,15,171.565264
4.45,4,171.591134
4.75,2,171.619504
4.9,1,171.643659
-1.75,15,171.851589
4.9,1,171.877958
4.6,3,171.904677
4.9,1,171.93177
4.6,3,171.963278
4.0,7,171.99734
3.55,10,172.035832
4.75,2,172.065279
3.4,11,172.103586
-1.75,15,172.14792
4.9,1,172.171928
4.9,1,172.200698
4.3,5,172.233045
4.3,5,172.26563
4.6,3,172.297703
3.4,11,172.33958
4.6,3,172.365306
3.85,8,172.402176
4.45,4,172.432415
4.6,3,172.45674
-3.5,11,172.502377
4.6,3,172.530806
4.45,4,172.559492
-1.75,15,172.602381
4.45,4,172.6298
4.15,6,172.662171
4.15,6,172.689911
3.7,9,172.726287
4.9,1,172.750189
4.75,2,172.77494
4.75,2,172.800829
3.55,10,172.834648
4.45,4,172.859887
3.55,10,172.89582
3.55,10,172.931185
4.45,4,172.95981
3.7,9,172.996348
4.6,3,173.022373
4.3,5,173.051987
4.9,1,173.0756
4.9,1,173.099631
4.6,3,173.125345
4.6,3,173.149249
4.6,3,173.175783
4.3,5,173.202964
4.6,3,173.230145
3.7,9,173.267931
4.9,1,173.293711
4.45,4,173.474596
-3.4,9,173.514388
4.75,2,173.540184
3.85,8,173.572885
3.85,8,173.608581
4.0,7,173.646071
4.75,2,173.670888
3.55,10,173.709766
4.45,4,173.740309
4.15,6,173.782309
4.45,4,173.821563
4.3,5,173.855132
4.3,5,173.88451
4.75,2,173.913874
3.4,11,173.954676
2.95,14,174.00653
4.0,7,174.038025
4.0,7,174.074533
4.3,5,174.110482
4.3,5,174.146418
4.6,3,174.170958
3.85,8,174.203339
4.75,2,174.230509
4.3,5,174.263226
-3.45,10,174.305467
3.55,10,174.345194
4.15,6,174.379646
4.0,7,174.411142
4.15,6,174.448675
4.0,7,174.48168
4.75,2,174.507425
4.15,6,174.542505
4.0,7,174.57169
4.0,7,174.606269
4.45,4,174.637931
4.3,5,174.666257
4.0,7,174.698053
4.15,6,174.729778
3.1,13,174.76833
4.3,5,174.798541
4.75,2,174.822852
4.6,3,174.850671
4.75,2,175.027963
4.9,1,175.052002
4.15,6,175.086546
4.6,3,175.117236
4.45,4,175.1461
3.55,10,175.182943
3.85,8,175.217485
4.15,6,175.251036
4.3,5,175.284668
4.6,3,175.314241
4.75,2,175.341032
4.45,4,175.370823
4.0,7,175.405809
3.85,8,175.439136
4.6,3,175.466452
4.0,7,175.499636
3.25,12,175.536396
-1.75,15,175.579194
-1.75,15,175.622379
4.3,5,175.65621
4.75,2,175.687581
4.75,2,175.713646
4.6,3,175.738338
4.3,5,175.770125
4.45,4,175.800448
3.85,8,175.832104
4.45,4,175.860759
3.85,8,175.893396
4.75,2,175.918652
4.75,2,175.941957
4.45,4,175.968287
4.15,6,175.99756
4.0,7,176.028672
4.3,5,176.059016
4.45,4,176.091175
4.45,4,176.123314
4.75,2,176.145501
4.6,3,176.170901
4.15,6,176.202177
3.85,8,176.233886
4.75,2,176.258654
4.0,7,176.288223
4.6,3,176.318089
4.75,2,176.347094
4.45,4,176.37349
3.7,9,176.412022
-1.75,15,176.626286
4.15,6,176.658837
3.55,10,176.698492
4.6,3,176.728948
-1.75,15,176.776292
4.15,6,176.808021
4.45,4,176.832953
4.6,3,176.862864
4.6,3,176.890253
4.75,2,176.915624
-1.75,15,176.963519
3.85,8,176.99773
3.1,13,177.039663
3.55,10,177.080391
4.6,3,177.108717
3.4,11,177.147116
4.45,4,177.173759
4.75,2,177.198216
4.15,6,177.227206
4.45,4,177.250433
4.0,7,177.282849
4.15,6,177.310068
3.4,11,177.348978
4.45,4,177.376596
4.45,4,177.404924
3.7,9,177.442566
4.75,2,177.469086
4.15,6,177.500143
4.6,3,177.525062
4.0,7,177.555579
4.6,3,177.584369
4.9,1,177.610178
4.15,6,177.643889
4.3,5,177.670871
-1.75,15,177.725447
4.45,4,177.759142
4.15,6,177.790123
4.9,1,177.817194
4.3,5,177.849094
-1.75,15,177.896461
4.6,3,177.928547
4.9,1,177.953313
4.6,3,177.981934
4.0,7,178.166898
3.7,9,178.201191
4.75,2,178.224612
3.55,10,178.260776
3.85,8,178.29452
3.85,8,178.333506
4.6,3,178.366524
4.75,2,178.397309
-3.6,13,178.443135
4.45,4,178.477469
3.85,8,178.515939
4.0,7,178.550969
4.9,1,178.579236
4.0,7,178.617606
3.85,8,178.651614
3.85,8,178.691828
4.6,3,178.727566
3.85,8,178.772583
-1.75,15,178.820995
4.45,4,178.851511
3.4,11,178.898164
4.0,7,178.929334
4.75,2,178.952894
4.3,5,178.981329
4.9,1,179.007367
3.85,8,179.043227
3.85,8,179.077605
3.85,8,179.108376
4.75,2,179.133283
4.0,7,179.16391
4.45,4,179.189593
4.75,2,179.211973
-1.75,15,179.251832
4.6,3,179.275384
4.6,3,179.302891
-1.75,15,179.348349
4.75,2,179.372165
4.15,6,179.405431
4.75,2,179.428838
4.6,3,179.453233
4.45,4,179.481337
4.6,3,179.509522
4.0,7,179.680052
4.6,3,179.706249
4.45,4,179.737746
4.6,3,179.773333
4.75,2,179.801988
4.45,4,179.831916
4.15,6,179.865092
4.45,4,179.895845
4.45,4,179.922703
4.9,1,179.945806
4.75,2,179.970872
4.9,1,179.995163
4.75,2,180.01957
4.45,4,180.048902
-3.55,12,180.087946
4.75,2,180.110004
4.9,1,180.136298
4.3,5,180.163869
4.45,4,180.191084
4.45,4,180.221567
4.3,5,180.250987
4.9,1,180.277054
4.6,3,180.303325
3.85,8,180.336487
4.45,4,180.367699
4.9,1,180.391753
3.4,11,180.436798
4.6,3,180.463417
4.0,7,180.496559
3.25,12,180.545444
3.55,10,180.585818
4.3,5,180.614868
3.7,9,180.649873
4.45,4,180.678265
4.15,6,180.709977
4.75,2,180.734682
-3.55,12,180.775961
4.3,5,180.805921
3.85,8,180.8412
4.3,5,180.871009
3.85,8,180.904725
4.75,2,180.930523
4.0,7,180.963837
4.3,5,180.989647
3.4,11,181.034021
4.9,1,181.061937
3.25,12,181.099355
4.75,2,181.129329
3.7,9,181.168568
4.9,1,181.197056
4.3,5,181.386472
4.75,2,181.418032
4.75,2,181.445765
-3.15,4,181.470244
4.15,6,181.510161
4.75,2,181.53486
4.75,2,181.562366
3.4,11,181.605816
4.0,7,181.640525
4.75,2,181.667563
4.6,3,181.69969
4.75,2,181.724864
4.9,1,181.750503
4.0,7,181.788217
4.15,6,181.81826
-1.75,15,181.86556
3.85,8,181.897924
4.75,2,181.926358
4.15,6,181.958619
4.45,4,181.990268
4.0,7,182.024274
4.45,4,182.051878
4.15,6,182.084833
-3.25,6,182.112955
4.75,2,182.139427
4.3,5,182.166679
4.9,1,182.189384
4.45,4,182.215401
4.9,1,182.240722
4.9,1,182.263108
4.6,3,182.29038
4.45,4,182.317198
3.7,9,182.35298
4.75,2,182.380481
4.0,7,182.410051
4.75,2,182.434669
4.3,5,182.46401
4.3,5,182.494745
4.45,4,182.521067
4.45,4,182.54833
4.75,2,182.570311
4.75,2,182.596987
4.75,2,182.621012
4.75,2,182.645072
4.9,1,182.667641
4.15,6,182.707821
-3.4,9,182.741096
4.45,4,182.769867
4.3,5,182.801267
4.45,4,182.828343
4.0,7,182.857879
3.4,11,182.897694
3.85,8,182.932027
4.15,6,182.963424
-3.3,7,182.994681
4.45,4,183.181206
4.45,4,183.208298
3.7,9,183.251275
-1.75,15,183.297328
4.0,7,183.330825
4.3,5,183.362486
3.55,10,183.400056
4.3,5,183.429163
4.3,5,183.460642
3.7,9,183.499603
4.45,4,183.534785
4.6,3,183.565754
4.15,6,183.59904
4.15,6,183.630544
4.3,5,183.66218
4.45,4,183.691852
3.55,10,183.725636
4.3,5,183.754484
4.15,6,183.79035
4.3,5,183.819478
4.15,6,183.854676
4.0,7,183.889432
4.75,2,183.915745
4.3,5,183.948027
4.6,3,183.972075
3.7,9,184.004781
4.45,4,184.033118
-1.75,15,184.076474
4.6,3,184.102582
3.85,8,184.132381
4.15,6,184.162911
4.6,3,184.185126
3.4,11,184.22318
-1.75,15,184.264075
3.55,10,184.299531
4.45,4,184.332584
4.0,7,184.376918
3.25,12,184.421046
4.0,7,184.654565
3.85,8,184.696134
-1.75,15,184.741164
4.15,6,184.785997
4.45,4,184.81775
4.6,3,184.843046
3.85,8,184.879901
4.6,3,184.908027
4.6,3,184.933367
4.9,1,184.961697
4.75,2,184.98625
4.3,5,185.015914
4.45,4,185.04622
4.75,2,185.067854
4.15,6,185.097182
4.45,4,185.12161
4.45,4,185.150161
4.0,7,185.184994
4.6,3,185.210228
4.0,7,185.237947
4.15,6,185.267765
4.6,3,185.296688
4.75,2,185.320821
4.45,4,185.349175
4.45,4,185.378787
4.15,6,185.405231
4.15,6,185.439448
4.45,4,185.470453
4.45,4,185.50014
4.0,7,185.530964
-1.75,15,185.579652
3.85,8,185.611672
4.45,4,185.639417
3.4,11,185.677574
4.45,4,185.708443
4.9,1,185.729676
4.75,2,185.756766
4.9,1,185.783846
3.4,11,185.821475
-1.75,15,185.868193
4.75,2,185.898873
3.25,12,185.947269
3.55,10,185.996298
4.15,6,186.030246
4.15,6,186.067595
4.45,4,186.271126
4.0,7,186.308649
4.6,3,186.336919
4.75,2,186.366349
-3.35,8,186.40652
4.15,6,186.441031
4.45,4,186.477143
4.6,3,186.510218
4.0,7,186.550595
4.45,4,186.581749
4.6,3,186.607702
4.75,2,186.630785
4.45,4,186.661038
4.75,2,186.685783
4.45,4,186.7166
-3.0,1,186.747235
4.3,5,186.780314
4.75,2,186.814137
-1.75,15,186.874097
3.85,8,186.914571
4.3,5,186.942324
4.6,3,186.971013
3.55,10,187.01065
4.9,1,187.034426
4.3,5,187.062961
4.9,1,187.085462
4.75,2,187.109487
4.3,5,187.140927
4.75,2,187.170421
4.75,2,187.193192
4.75,2,187.215355
4.0,7,187.248441
4.15,6,187.275312
3.7,9,187.311384
4.75,2,187.331467
4.3,5,187.361348
4.6,3,187.39089
-1.75,15,187.439973
4.6,3,187.475305
-1.75,15,187.524705
4.6,3,187.553488
4.75,2,187.578699
4.15,6,187.607897
4.75,2,187.63444
4.6,3,187.66325
4.45,4,187.696507
3.85,8,187.740976
4.45,4,187.775754
3.4,11,187.82359
4.15,6,187.860925
4.3,5,187.892673
3.55,10,188.097845
4.3,5,188.133892
4.6,3,188.158302
4.6,3,188.180918
-3.25,6,188.210635
4.0,7,188.253841
4.75,2,188.284507
4.15,6,188.322737
4.45,4,188.352559
4.15,6,188.384647
4.6,3,188.410968
4.3,5,188.443086
3.7,9,188.47902
4.45,4,188.51123
4.45,4,188.539833
4.45,4,188.571625
4.75,2,188.596734
-1.75,15,188.642887
3.85,8,188.67642
4.75,2,188.700432
-1.75,15,188.747375
4.75,2,188.783615
4.15,6,188.815212
4.45,4,188.844478
4.75,2,188.869826
4.3,5,188.900831
4.3,5,188.932691
4.6,3,188.959482
4.45,4,188.985974
3.4,11,189.02064
4.75,2,189.048258
4.6,3,189.082953
4.45,4,189.117188
4.75,2,189.146438
-1.75,15,189.19279
3.4,11,189.237121
3.25,12,189.279878
-1.75,15,189.326126
3.85,8,189.361867
4.75,2,189.385932
4.15,6,189.423366
4.0,7,189.455106
4.3,5,189.483773
4.0,7,189.683787
4.6,3,189.713551
4.3,5,189.743274
4.15,6,189.772559
4.3,5,189.799954
4.75,2,189.82551
3.25,12,189.864004
3.4,11,189.908794
4.6,3,189.935733
3.4,11,189.972314
3.85,8,190.002889
4.75,2,190.02771
3.55,10,190.063351
3.7,9,190.105493
4.3,5,190.132256
-1.75,15,190.178668
4.3,5,190.21281
4.9,1,190.240371
4.6,3,190.26497
4.3,5,190.29696
4.15,6,190.33
4.9,1,190.355453
4.0,7,190.386462
4.75,2,190.412202
4.6,3,190.439146
3.55,10,190.479974
4.3,5,190.508265
4.15,6,190.540309
4.15,6,190.576667
4.6,3,190.607744
4.45,4,190.641182
3.55,10,190.689555
4.0,7,190.72135
4.3,5,190.751168
4.9,1,190.782579
4.0,7,190.817076
3.55,10,190.857921
4.0,7,190.894093
3.85,8,190.93448
4.15,6,190.965959
4.75,2,190.995046
4.75,2,191.021277
4.6,3,191.05124
4.3,5,191.086969
3.4,11,191.305403
4.45,4,191.336132
4.15,6,191.366766
4.75,2,191.399008
4.3,5,191.428024
4.9,1,191.449986
4.75,2,191.47363
4.75,2,191.498267
4.75,2,191.522898
4.45,4,191.551748
4.45,4,191.579767
4.75,2,191.607049
4.3,5,191.63847
4.6,3,191.673345
4.45,4,191.702317
4.9,1,191.730906
4.15,6,191.763017
3.25,12,191.803064
4.45,4,191.830568
4.15,6,191.863787
3.85,8,191.896235
4.75,2,191.917884
4.15,6,191.954252
4.3,5,191.983598
4.9,1,192.013351
4.45,4,192.042588
4.15,6,192.070153
3.25,12,192.109122
4.75,2,192.133689
3.85,8,192.166185
3.55,10,192.202023
4.6,3,192.227635
4.45,4,192.256943
3.85,8,192.290505
4.3,5,192.319214
4.6,3,192.347241
4.45,4,192.377146
4.0,7,192.411975
4.15,6,192.443689
4.15,6,192.472703
4.6,3,192.502938
4.3,5,192.532542
4.6,3,192.567129
4.15,6,192.601358
4.6,3,192.632526
4.6,3,192.659989
4.45,4,192.691641
4.45,4,192.72125
4.75,2,192.745385
3.55,10,192.785354
4.45,4,192.815788
4.45,4,192.846375
4.45,4,192.875688
3.55,10,192.913328
4.15,6,193.110197
4.9,1,193.132014
4.45,4,193.160305
4.15,6,193.191141
3.85,8,193.224743
4.45,4,193.249392
4.15,6,193.278762
4.75,2,193.303886
4.3,5,193.337449
3.85,8,193.375935
4.45,4,193.400195
3.85,8,193.432856
4.6,3,193.460521
3.4,11,193.498529
3.55,10,193.534532
4.75,2,193.561264
3.7,9,193.598475
3.85,8,193.630381
3.4,11,193.669832
4.3,5,193.709343
4.9,1,193.740348
3.85,8,193.779961
4.75,2,193.809036
4.45,4,193.838509
4.0,7,193.874476
4.3,5,193.903529
4.45,4,193.933242
3.4,11,193.979257
4.45,4,194.016805
3.55,10,194.064474
4.9,1,194.093163
4.0,7,194.126227
4.3,5,194.157338
3.55,10,194.199816
4.6,3,194.228998
4.45,4,194.260753
3.55,10,194.303115
3.55,10,194.345253
4.75,2,194.377395
4.0,7,194.413444
4.6,3,194.445382
4.6,3,194.476213
3.7,9,194.519019
4.15,6,194.562598
4.45,4,194.756059
4.75,2,194.784464
4.3,5,194.813306
4.45,4,194.842304
4.15,6,194.881116
3.4,11,194.91876
4.15,6,194.952613
-1.75,15,194.996741
-1.75,15,195.040107
3.55,10,195.076057
3.7,9,195.111742
3.7,9,195.145393
4.3,5,195.171583
4.9,1,195.195437
4.9,1,195.220653
3.85,8,195.255062
-1.75,15,195.297795
4.3,5,195.324531
4.3,5,195.358418
3.25,12,195.40394
4.9,1,195.431776
4.15,6,195.463057
3.85,8,195.500196
4.6,3,195.531802
4.75,2,195.56197
4.75,2,195.592419
3.7,9,195.629553
4.6,3,195.655117
4.0,7,195.691652
4.45,4,195.718305
4.15,6,195.759304
4.15,6,195.795364
4.6,3,195.822752
4.45,4,195.847246
3.7,9,195.882812
4.45,4,195.913337
4.6,3,195.946362
4.45,4,195.978562
4.6,3,196.007469
4.75,2,196.032884
3.55,10,196.068585
4.75,2,196.094527
-1.75,15,196.273006
3.4,11,196.31308
4.6,3,196.33876
4.45,4,196.369651
4.6,3,196.395827
3.85,8,196.428439
4.0,7,196.459173
3.85,8,196.495408
4.6,3,196.521324
3.1,13,196.563926
3.25,12,196.605141
4.6,3,196.629978
4.45,4,196.656726
4.45,4,196.683311
4.45,4,196.715943
3.85,8,196.747977
4.75,2,196.773836
-1.75,15,196.821815
-1.75,15,196.871274
4.0,7,196.905836
4.75,2,196.932558
4.3,5,196.961286
4.45,4,196.991105
3.1,13,197.030231
4.6,3,197.062109
4.9,1,197.090755
4.45,4,197.119295
4.75,2,197.149899
4.6,3,197.179008
4.3,5,197.208172
4.3,5,197.240949
4.6,3,197.262731
4.75,2,197.290932
4.45,4,197.322039
4.75,2,197.348587
4.15,6,197.379823
4.6,3,197.409328
4.75,2,197.43715
4.0,7,197.469916
4.0,7,197.502715
3.85,8,197.541315
3.85,8,197.57518
4.3,5,197.60447
4.45,4,197.632478
3.85,8,197.667836
4.45,4,197.882229
3.85,8,197.923825
3.85,8,197.961714
4.0,7,197.996128
3.85,8,198.032235
4.6,3,198.064695
4.15,6,198.10059
4.9,1,198.125142
4.0,7,198.154119
4.45,4,198.183288
-1.75,15,198.226469
4.45,4,198.254566
4.0,7,198.284435
4.45,4,198.315211
4.6,3,198.342557
-1.75,15,198.383673
3.85,8,198.419975
3.85,8,198.453405
3.4,11,198.489667
4.3,5,198.51855
-1.75,15,198.563564
4.6,3,198.588389
3.55,10,198.627878
4.3,5,198.657312
3.7,9,198.698824
4.45,4,198.731814
4.0,7,198.774793
4.45,4,198.806508
4.6,3,198.831719
3.25,12,198.872989
4.0,7,198.906198
4.6,3,198.930523
4.45,4,198.957139
4.6,3,198.980002
4.45,4,199.005605
4.75,2,199.033588
4.45,4,199.066533
4.45,4,199.095079
4.15,6,199.129155
4.6,3,199.160466
4.3,5,199.185592
4.9,1,199.211415
4.6,3,199.380137
4.3,5,199.416247
4.6,3,199.445072
4.75,2,199.467611
4.75,2,199.494634
4.3,5,199.528799
4.15,6,199.568379
4.15,6,199.600917
3.1,13,199.641379
4.45,4,199.672567
3.4,11,199.709762
-3.6,13,199.753711
4.75,2,199.775809
4.6,3,199.802479
4.45,4,199.836184
4.15,6,199.869429
4.9,1,199.894166
4.3,5,199.923442
4.0,7,199.957344
4.0,7,199.989857
3.85,8,200.027755
4.45,4,200.057747
3.7,9,200.095484
3.85,8,200.135455
-1.75,15,200.186056
3.7,9,200.223629
4.75,2,200.251557
4.45,4,200.288909
4.75,2,200.315789
4.75,2,200.34718
4.45,4,200.380372
4.3,5,200.41346
4.3,5,200.447424
4.6,3,200.475727
4.45,4,200.507707
4.3,5,200.539286
4.9,1,200.562369
3.55,10,200.601022
4.75,2,200.626976
4.6,3,200.653328
4.45,4,200.685418
4.75,2,200.713606
-3.65,14,200.758635
4.75,2,200.790605
3.55,10,200.829177
4.45,4,200.8593
4.45,4,200.882945
4.6,3,200.910215
3.55,10,201.08605
4.15,6,201.116251
4.75,2,201.143843
3.4,11,201.184142
3.55,10,201.22315
4.75,2,201.249611
3.85,8,201.288095
4.75,2,201.317105
4.45,4,201.346827
-3.2,5,201.387526
4.45,4,201.420275
4.45,4,201.448598
3.55,10,201.485955
4.3,5,201.515522
4.45,4,201.54467
4.6,3,201.570493
3.4,11,201.607201
3.25,12,201.645471
4.9,1,201.668385
4.0,7,201.697733
4.6,3,201.727321
4.0,7,201.759395
4.15,6,201.789949
4.75,2,201.815013
4.6,3,201.846545
4.3,5,201.875473
4.45,4,201.903743
-1.75,15,201.956718
4.9,1,201.981547
3.85,8,202.019058
4.6,3,202.052571
4.15,6,202.08271
4.15,6,202.11201
4.6,3,202.138851
3.55,10,202.174504
-1.75,15,202.226383
4.6,3,202.252558
4.15,6,202.289158
4.3,5,202.317271
3.85,8,202.354819
4.0,7,202.386982
4.6,3,202.414697
4.3,5,202.444244
4.75,2,202.473175
3.25,12,202.662239
4.6,3,202.68811
4.6,3,202.714034
4.6,3,202.739794
4.6,3,202.765814
4.45,4,202.793196
4.6,3,202.818678
4.6,3,202.845227
4.6,3,202.869214
3.4,11,202.908185
4.9,1,202.929541
4.3,5,202.965923
4.15,6,202.998999
-3.45,10,203.038322
3.7,9,203.073342
4.3,5,203.102821
4.6,3,203.128124
4.3,5,203.155748
3.25,12,203.192061
-3.55,12,203.228499
3.25,12,203.264331
4.3,5,203.298881
4.15,6,203.326847
4.75,2,203.354856
4.45,4,203.389664
4.6,3,203.41455
4.6,3,203.446089
4.6,3,203.471655
4.75,2,203.501138
4.6,3,203.53386
4.6,3,203.561176
4.75,2,203.584963
4.0,7,203.619647
4.0,7,203.656154
4.75,2,203.682668
4.6,3,203.713387
4.45,4,203.746925
-1.75,15,203.791172
3.4,11,203.828788
4.6,3,203.851894
4.9,1,203.874778
4.6,3,203.901139
4.6,3,203.933785
4.45,4,203.964833
3.25,12,204.004236
4.6,3,204.032914
4.15,6,204.063588
3.7,9,204.099474
4.75,2,204.270498
4.45,4,204.297306
4.9,1,204.320824
4.75,2,204.345906
4.3,5,204.374041
4.3,5,204.408975
4.6,3,204.436872
4.45,4,204.46754
-3.25,6,204.498806
3.55,10,204.538884
2.95,14,204.584402
4.3,5,204.616203
3.85,8,204.653657
4.3,5,204.688248
4.9,1,204.71618
3.55,10,204.752789
4.45,4,204.78724
3.4,11,204.832146
4.45,4,204.862117
4.9,1,204.887273
4.45,4,204.92044
3.25,12,204.961532
4.3,5,205.00011
4.75,2,205.028734
4.45,4,205.063016
3.7,9,205.099722
4.15,6,205.136726
4.75,2,205.160834
3.7,9,205.200792
4.3,5,205.228607
4.75,2,205.255056
4.45,4,205.283989
4.3,5,205.314813
4.45,4,205.346565
-3.3,7,205.377536
4.15,6,205.412681
4.3,5,205.443197
-3.55,12,205.489774
4.45,4,205.516457
4.45,4,205.544091
4.75,2,205.569506
4.3,5,205.595794
4.75,2,205.621036
3.1,13,205.663128
4.6,3,205.693626
4.6,3,205.724162
4.6,3,205.749619
-3.4,9,205.793251
4.6,3,205.968683
4.3,5,205.998644
4.6,3,206.025646
4.0,7,206.059706
3.85,8,206.095583
3.85,8,206.137203
4.15,6,206.168206
3.85,8,206.202741
4.6,3,206.227832
3.85,8,206.263991
4.6,3,206.292664
4.9,1,206.317261
3.4,11,206.35514
3.55,10,206.39042
3.85,8,206.423193
4.6,3,206.44817
4.3,5,206.48084
4.0,7,206.514328
4.0,7,206.550146
3.4,11,206.593136
4.75,2,206.61848
4.15,6,206.652374
4.45,4,206.68125
4.75,2,206.70611
4.0,7,206.736955
4.6,3,206.764119
4.6,3,206.793627
4.0,7,206.826491
4.3,5,206.856073
4.6,3,206.881887
4.6,3,206.910472
3.85,8,206.946881
4.45,4,206.974857
4.15,6,207.003403
4.3,5,207.034081
-1.75,15,207.085368
4.3,5,207.115314
4.75,2,207.142013
4.75,2,207.169424
4.75,2,207.195331
4.45,4,207.224972
4.6,3,207.252465
4.15,6,207.279955
4.3,5,207.309789
4.9,1,207.331938
4.15,6,207.3632
4.3,5,207.391388
3.25,12,207.592129
4.3,5,207.617548
3.55,10,207.659971
4.0,7,207.698359
4.9,1,207.724575
4.75,2,207.747919
-3.4,9,207.782267
-1.75,15,207.832992
4.6,3,207.866186
4.45,4,207.895064
4.15,6,207.936759
3.7,9,207.972939
4.75,2,207.999702
4.75,2,208.030356
4.6,3,208.0605
-1.75,15,208.110542
3.4,11,208.149268
4.9,1,208.173644
4.45,4,208.199821
4.0,7,208.233855
4.3,5,208.265007
-3.25,6,208.296852
4.15,6,208.330941
4.3,5,208.365314
4.75,2,208.389758
4.45,4,208.418883
4.75,2,208.445856
4.45,4,208.47991
4.0,7,208.51861
4.75,2,208.54932
4.0,7,208.587013
4.3,5,208.612635
3.4,11,208.648802
4.45,4,208.673445
3.4,11,208.710099
4.3,5,208.734843
4.75,2,208.760005
4.45,4,208.789199
4.15,6,208.824953
3.85,8,208.858072
3.85,8,208.891416
4.45,4,208.917762
4.15,6,208.951936
4.45,4,208.980006
4.6,3,209.007457
3.85,8,209.187633
4.9,1,209.214895
4.3,5,209.246686
4.3,5,209.276276
4.6,3,209.309474
3.7,9,209.351682
4.15,6,209.381019
4.75,2,209.403431
3.25,12,209.442102
3.85,8,209.473258
4.45,4,209.500659
4.6,3,209.528833
4.6,3,209.561331
4.75,2,209.597692
4.6,3,209.632273
3.55,10,209.671154
4.3,5,209.701924
3.55,10,209.741321
4.0,7,209.776407
4.75,2,209.801964
4.3,5,209.832385
4.75,2,209.857887
4.6,3,209.886221
-1.75,15,209.933423
4.6,3,209.963184
4.75,2,209.993525
4.6,3,210.02297
3.7,9,210.066838
4.6,3,210.095838
4.0,7,210.125158
3.25,12,210.161072
-1.75,15,210.199841
4.0,7,210.233072
-1.75,15,210.276563
4.75,2,210.306855
4.15,6,210.337668
4.6,3,210.364514
4.6,3,210.390547
3.55,10,210.425421
-1.75,15,210.470313
4.15,6,210.501083
4.75,2,210.527811
4.6,3,210.552407
4.45,4,210.72489
4.75,2,210.750933
4.75,2,210.775076
3.55,10,210.814324
4.15,6,210.844407
4.75,2,210.868911
-1.75,15,210.91276
4.0,7,210.949481
4.6,3,210.980105
-1.75,15,211.02552
3.7,9,211.061912
4.75,2,211.088664
4.75,2,211.11288
4.0,7,211.148157
4.0,7,211.184442
4.45,4,211.220408
4.3,5,211.255192
4.6,3,211.285992
4.3,5,211.318476
4.9,1,211.353217
4.45,4,211.38653
4.3,5,211.421782
4.3,5,211.459006
4.0,7,211.499429
4.75,2,211.524667
4.45,4,211.556737
4.0,7,211.594193
4.45,4,211.623796
-1.75,15,211.677595
4.6,3,211.709754
4.15,6,211.7452
4.45,4,211.772005
4.6,3,211.797901
4.6,3,211.825365
4.75,2,211.846727
3.4,11,211.889047
4.0,7,211.931881
4.45,4,211.96699
3.85,8,211.99996
4.3,5,212.031448
4.0,7,212.066692
4.6,3,212.092318
4.15,6,212.119945
-1.75,15,212.170929
4.0,7,212.350743
4.9,1,212.374357
4.6,3,212.403949
-1.75,15,212.445665
4.3,5,212.473422
4.3,5,212.498487
4.75,2,212.523706
-3.5,11,212.560791
4.75,2,212.589713
4.15,6,212.619131
4.15,6,212.652814
4.15,6,212.68946
4.6,3,212.722443
4.3,5,212.754525
-1.75,15,212.805137
4.6,3,212.841131
4.15,6,212.87344
3.7,9,212.9129
4.15,6,212.948377
3.7,9,212.983994
4.6,3,213.016499
3.7,9,213.053122
4.45,4,213.088106
4.3,5,213.128903
4.3,5,213.158319
4.45,4,213.18692
4.15,6,213.22418
4.75,2,213.248182
4.0,7,213.285503
3.85,8,213.321055
4.3,5,213.347722
4.15,6,213.377789
3.85,8,213.409961
-3.55,12,213.45046
4.15,6,213.481803
4.45,4,213.51175
4.15,6,213.541986
-3.35,8,213.576183
4.3,5,213.608968
4.3,5,213.635958
4.75,2,213.662731
4.9,1,213.688098
4.45,4,213.715976
4.75,2,213.745438
4.75,2,213.77343
4.75,2,213.800697
4.15,6,213.831328
4.3,5,213.998965
4.45,4,214.028614
4.45,4,214.055382
4.45,4,214.081046
4.75,2,214.105332
3.7,9,214.140856
4.3,5,214.170971
4.3,5,214.199199
4.75,2,214.225086
3.1,13,214.267268
4.6,3,214.297091
3.25,12,214.343261
4.6,3,214.374331
4.6,3,214.40557
4.3,5,214.435814
4.45,4,214.466943
4.15,6,214.507843
4.6,3,214.538137
4.9,1,214.563938
4.0,7,214.600125
4.6,3,214.628054
4.3,5,214.664079
4.15,6,214.699747
-1.75,15,214.753084
4.45,4,214.794255
4.45,4,214.829801
3.85,8,214.870759
-1.75,15,214.912853
4.15,6,214.946561
4.45,4,214.972459
4.6,3,214.997143
4.0,7,215.028514
3.4,11,215.065179
4.45,4,215.094466
4.75,2,215.12179
3.25,12,215.157832
4.3,5,215.185349
4.6,3,215.208613
4.15,6,215.238149
-1.75,15,215.283152
4.3,5,215.311506
3.4,11,215.348787
3.4,11,215.533595
3.85,8,215.564085
4.3,5,215.593233
3.85,8,215.624115
4.3,5,215.649322
4.75,2,215.672187
4.75,2,215.700993
3.7,9,215.74192
3.85,8,215.779042
4.15,6,215.812658
4.45,4,215.842993
4.3,5,215.876718
4.0,7,215.908206
4.45,4,215.935988
3.85,8,215.978682
4.3,5,216.009464
4.9,1,216.033301
4.6,3,216.062121
4.45,4,216.101494
4.9,1,216.121614
4.3,5,216.151223
4.75,2,216.174544
4.6,3,216.199029
4.3,5,216.234932
3.85,8,216.27181
4.75,2,216.302764
3.7,9,216.339549
4.45,4,216.37086
4.3,5,216.39936
4.6,3,216.427594
3.1,13,216.466675
4.3,5,216.498612
4.15,6,216.528872
4.15,6,216.56263
4.15,6,216.600464
4.75,2,216.629765
4.0,7,216.674058
4.75,2,216.699217
4.75,2,216.729298
4.6,3,216.76152
4.15,6,216.795321
4.6,3,216.826243
4.6,3,216.857222
3.25,12,216.905458
4.0,7,216.941966
4.45,4,216.968063
-1.75,15,217.009998
4.15,6,217.17584
4.45,4,217.201258
4.0,7,217.239024
4.75,2,217.263218
3.85,8,217.297306
4.6,3,217.323179
4.0,7,217.355367
4.6,3,217.38443
3.85,8,217.416918
4.15,6,217.446806
-3.5,11,217.486408
-3.05,2,217.515849
4.9,1,217.539723
4.45,4,217.564787
3.25,12,217.603202
-3.5,11,217.641477
4.45,4,217.670002
3.55,10,217.712227
4.15,6,217.746089
4.0,7,217.779502
3.85,8,217.817043
4.6,3,217.858647
4.0,7,217.898849
4.3,5,217.933426
4.15,6,217.972581
3.7,9,218.019777
3.85,8,218.055048
4.0,7,218.087791
4.15,6,218.116875
4.9,1,218.141491
3.7,9,218.17744
4.0,7,218.207623
4.6,3,218.230324
4.3,5,218.256807
4.45,4,218.289107
4.0,7,218.321211
4.45,4,218.347967
4.45,4,218.374709
4.6,3,218.400091
4.3,5,218.430423
4.9,1,218.457056
4.75,2,218.479783
4.9,1,218.506348
3.25,12,218.547496
4.45,4,218.576393
