episode,reward,length,elapsed_seconds
1,-3.15,4,0.04077911376953125
2,-3.05,2,0.0671849250793457
3,4.75,2,0.09691190719604492
4,-3.0,1,0.12170696258544922
5,-3.05,2,0.15239453315734863
6,-3.0,1,0.17945456504821777
7,-3.2,5,0.20881247520446777
8,-3.0,1,0.23554730415344238
9,-3.05,2,0.2630774974822998
10,4.449999999999999,4,0.29087305068969727
11,-3.4,9,0.3327651023864746
12,-3.15,4,0.36045098304748535
13,3.55,10,0.4016420841217041
14,4.9,1,0.43018245697021484
15,-3.0,1,0.45880818367004395
16,-3.0,1,0.48545217514038086
17,-3.0,1,0.510941743850708
18,-3.05,2,0.5378110408782959
19,-3.05,2,0.5675525665283203
20,-3.05,2,0.5921547412872314
21,-3.05,2,0.6174623966217041
22,-1.75,15,0.6607062816619873
23,3.6999999999999997,9,0.6997668743133545
24,-3.05,2,0.7232136726379395
25,-3.35,8,0.7630083560943604
26,-3.1,3,0.7904577255249023
27,-3.55,12,0.8359355926513672
28,4.449999999999999,4,0.8716294765472412
29,-3.1,3,0.8994994163513184
30,-3.25,6,0.9310576915740967
31,-3.0,1,0.9520988464355469
32,4.449999999999999,4,0.9794676303863525
33,-3.0,1,1.0026168823242188
34,4.6000000000000005,3,1.0286898612976074
35,-3.0,1,1.0518298149108887
36,-3.0,1,1.0746185779571533
37,-3.05,2,1.1031694412231445
38,-3.0,1,1.1238267421722412
39,-3.05,2,1.1550822257995605
40,-3.1,3,1.1817123889923096
41,-3.1,3,1.2057058811187744
42,-3.0,1,1.2327299118041992
43,-3.1,3,1.2565646171569824
44,-3.0,1,1.2830259799957275
45,4.3,5,1.3119409084320068
46,-3.1,3,1.339932918548584
47,-3.6,13,1.3834075927734375
48,4.9,1,1.4088194370269775
49,-3.05,2,1.4356780052185059
50,-3.05,2,1.461547613143921
51,4.6000000000000005,3,1.4875586032867432
52,-3.05,2,1.514611005783081
53,-3.1,3,1.5387811660766602
54,-3.05,2,1.5647873878479004
55,-3.15,4,1.5962886810302734
56,-3.0,1,1.6245393753051758
57,-3.05,2,1.6532387733459473
58,-3.2,5,1.682532548904419
59,3.6999999999999997,9,1.7183258533477783
60,-3.0,1,1.7483959197998047
61,-3.0,1,1.7764441967010498
62,-3.0,1,1.7993230819702148
63,-3.0,1,1.8250069618225098
64,-3.0,1,1.8486664295196533
65,-3.7,15,1.8995184898376465
66,-3.0,1,1.9211981296539307
67,-3.2,5,1.953308343887329
68,-3.0,1,1.985016107559204
69,-3.05,2,2.0164670944213867
70,4.75,2,2.046232223510742
71,-3.0,1,2.0693421363830566
72,-3.05,2,2.0952939987182617
73,-3.0,1,2.119049310684204
74,-3.0,1,2.144817352294922
75,-3.0,1,2.178466558456421
76,4.9,1,2.2015392780303955
77,4.0,7,2.2334492206573486
78,-3.1,3,2.2603790760040283
79,-3.0,1,2.2875828742980957
80,-3.0,1,2.3126235008239746
81,-3.1,3,2.4853515625
82,-3.0,1,2.5055227279663086
83,-3.0,1,2.530573606491089
84,-3.25,6,2.5569398403167725
85,4.9,1,2.583554744720459
86,-3.0,1,2.604550838470459
87,4.3,5,2.6338233947753906
88,4.449999999999999,4,2.663947582244873
89,4.6000000000000005,3,2.6880171298980713
90,-3.05,2,2.7127058506011963
91,4.15,6,2.7413339614868164
92,-3.1,3,2.768367052078247
93,4.3,5,2.8006927967071533
94,4.6000000000000005,3,2.828655481338501
95,-3.0,1,2.8482935428619385
96,-3.2,5,2.8783681392669678
97,3.85,8,2.9135310649871826
98,-3.65,14,2.9528346061706543
99,4.9,1,2.976966381072998
100,-3.0,1,3.000370979309082
101,4.3,5,3.0286622047424316
102,-3.35,8,3.0658273696899414
103,-3.15,4,3.093560218811035
104,-3.2,5,3.12113881111145
105,-3.0,1,3.145662307739258
106,-3.0,1,3.1692163944244385
107,-1.75,15,3.2235019207000732
108,-3.0,1,3.2491910457611084
109,-3.05,2,3.280900478363037
110,-3.05,2,3.311025857925415
111,-3.05,2,3.3345837593078613
112,-3.15,4,3.3716278076171875
113,4.449999999999999,4,3.407383680343628
114,-3.15,4,3.441934823989868
115,-3.05,2,3.4679317474365234
116,-3.05,2,3.49518084526062
117,4.6000000000000005,3,3.5255496501922607
118,-3.0,1,3.551161289215088
119,4.75,2,3.5804100036621094
120,-3.0,1,3.6093943119049072
121,4.0,7,3.651289939880371
122,-3.0,1,3.6768581867218018
123,-3.25,6,3.706796884536743
124,-3.0,1,3.7347350120544434
125,-3.1,3,3.7632839679718018
126,-3.15,4,3.7901368141174316
127,-3.35,8,3.820030450820923
128,-1.75,15,3.8596601486206055
129,-3.0,1,3.883612871170044
130,-3.0,1,3.905367136001587
131,-3.05,2,3.9318790435791016
132,-3.0,1,3.954332113265991
133,4.15,6,3.9913179874420166
134,-3.05,2,4.0190675258636475
135,-3.05,2,4.043140411376953
136,-3.2,5,4.072520017623901
137,-3.25,6,4.102887868881226
138,-3.0,1,4.125569105148315
139,-3.0,1,4.1512651443481445
140,-3.05,2,4.176273345947266
141,-3.0,1,4.200956344604492
142,-3.15,4,4.230705261230469
143,-3.05,2,4.254533529281616
144,4.3,5,4.291193962097168
145,-3.2,5,4.326092720031738
146,-3.6,13,4.370943307876587
147,-3.2,5,4.401778936386108
148,3.85,8,4.593863248825073
149,-3.0,1,4.618566989898682
150,-3.05,2,4.647171497344971
151,-3.0,1,4.670758247375488
152,-3.55,12,4.714809894561768
153,4.75,2,4.739188194274902
154,-3.35,8,4.772311687469482
155,-3.25,6,4.808025121688843
156,-3.1,3,4.836624383926392
157,-3.05,2,4.862815856933594
158,4.6000000000000005,3,4.8931884765625
159,-3.4,9,4.935163259506226
160,4.6000000000000005,3,4.962491035461426
161,-3.05,2,4.989226341247559
162,-3.1,3,5.018566370010376
163,3.85,8,5.051953554153442
164,-3.0,1,5.078871965408325
165,3.6999999999999997,9,5.121319055557251
166,-3.0,1,5.145482063293457
167,4.75,2,5.178325653076172
168,-3.15,4,5.214563369750977
169,-3.1,3,5.240978717803955
170,-3.1,3,5.268083333969116
171,3.85,8,5.302656412124634
172,-3.4,9,5.346558094024658
173,-3.0,1,5.371256351470947
174,-3.15,4,5.400567293167114
175,-3.0,1,5.424382209777832
176,-3.2,5,5.454144477844238
177,-3.0,1,5.481192111968994
178,-3.25,6,5.5145392417907715
179,-1.75,15,5.561986684799194
180,-3.2,5,5.5892274379730225
181,-3.0,1,5.612688779830933
182,-3.0,1,5.6379899978637695
183,-3.15,4,5.665475368499756
184,-3.3,7,5.698649883270264
185,-3.05,2,5.722920656204224
186,-3.15,4,5.754558563232422
187,4.15,6,5.7857396602630615
188,4.0,7,5.819614410400391
189,-3.0,1,5.843103408813477
190,-3.4,9,5.875688552856445
191,4.449999999999999,4,5.900830268859863
192,-3.25,6,5.929731130599976
193,4.6000000000000005,3,5.956395149230957
194,-3.1,3,5.9853575229644775
195,-1.75,15,6.032071352005005
196,-3.05,2,6.054768085479736
197,-1.75,15,6.096508741378784
198,3.25,12,6.134798765182495
199,-3.05,2,6.157938003540039
200,-3.35,8,6.354658603668213
201,4.3,5,6.385135173797607
202,-3.0,1,6.410790205001831
203,-3.15,4,6.438477516174316
204,-3.1,3,6.472963571548462
205,-3.0,1,6.499845266342163
206,4.3,5,6.532341480255127
207,-3.0,1,6.563370943069458
208,-3.05,2,6.589900255203247
209,4.15,6,6.628991365432739
210,-3.35,8,6.67521858215332
211,-3.0,1,6.704534530639648
212,-3.1,3,6.73945951461792
213,4.6000000000000005,3,6.771429061889648
214,-3.1,3,6.7989702224731445
215,-3.0,1,6.82365345954895
216,4.3,5,6.850311040878296
217,-3.25,6,6.8802170753479
218,-3.05,2,6.903362035751343
219,-3.1,3,6.933431625366211
220,-3.0,1,6.959207534790039
221,-3.05,2,6.982538938522339
222,3.4,11,7.025096416473389
223,4.75,2,7.05137300491333
224,4.6000000000000005,3,7.077216863632202
225,4.0,7,7.103780269622803
226,4.6000000000000005,3,7.1306328773498535
227,-3.1,3,7.154066562652588
228,3.85,8,7.186112880706787
229,-3.0,1,7.21445631980896
230,4.15,6,7.244069337844849
231,4.75,2,7.266850709915161
232,4.6000000000000005,3,7.294015884399414
233,4.15,6,7.3267152309417725
234,-3.2,5,7.355970144271851
235,4.0,7,7.389533758163452
236,4.449999999999999,4,7.4248857498168945
237,-3.1,3,7.451764345169067
238,-3.4,9,7.48813533782959
239,4.15,6,7.52082371711731
240,-3.0,1,7.545560359954834
241,4.449999999999999,4,7.572325229644775
242,4.9,1,7.597905874252319
243,-3.45,10,7.635312080383301
244,-3.25,6,7.6650309562683105
245,-3.0,1,7.686023235321045
246,-3.1,3,7.713579177856445
247,-3.05,2,7.735650300979614
248,3.55,10,7.773131370544434
249,-3.05,2,7.801853179931641
250,-3.0,1,7.826972484588623
251,-3.05,2,7.850821495056152
252,4.75,2,7.88139533996582
253,4.3,5,7.914560079574585
254,4.3,5,7.943619251251221
255,-3.6,13,7.988447189331055
256,4.449999999999999,4,8.021503686904907
257,-3.15,4,8.053395748138428
258,-3.35,8,8.089823722839355
259,4.0,7,8.130453824996948
260,4.449999999999999,4,8.159003734588623
261,-3.05,2,8.18657922744751
262,-3.35,8,8.380599975585938
263,-3.05,2,8.406199216842651
264,3.85,8,8.442162275314331
265,-3.4,9,8.482951402664185
266,4.6000000000000005,3,8.508148908615112
267,-3.25,6,8.542926549911499
268,-3.05,2,8.568609952926636
269,-3.05,2,8.597544431686401
270,-3.2,5,8.629225015640259
271,-3.0,1,8.653322458267212
272,4.75,2,8.680613040924072
273,3.85,8,8.722180843353271
274,4.0,7,8.75735878944397
275,-3.05,2,8.786739826202393
276,-3.0,1,8.809216737747192
277,3.4,11,8.846967220306396
278,4.3,5,8.872559547424316
279,-3.45,10,8.906661033630371
280,3.6999999999999997,9,8.93738579750061
281,-3.05,2,8.960052013397217
282,-3.05,2,8.98584532737732
283,-3.15,4,9.016423225402832
284,-3.1,3,9.048501968383789
285,-3.05,2,9.081763982772827
286,-3.2,5,9.112703084945679
287,4.3,5,9.144991636276245
288,4.3,5,9.17377758026123
289,3.6999999999999997,9,9.211613893508911
290,-3.3,7,9.245218992233276
291,-3.2,5,9.274499893188477
292,-3.0,1,9.29688549041748
293,-3.0,1,9.320136308670044
294,-3.05,2,9.351403713226318
295,-3.0,1,9.377066135406494
296,4.3,5,9.413066148757935
297,-3.5,11,9.449876308441162
298,-3.25,6,9.480511665344238
299,4.0,7,9.518237113952637
300,-3.55,12,9.564361333847046
301,-3.1,3,9.591912269592285
302,-3.3,7,9.630024671554565
303,-3.2,5,9.663556337356567
304,-3.1,3,9.688328504562378
305,4.3,5,9.722886800765991
306,-3.2,5,9.756049394607544
307,-3.05,2,9.789315938949585
308,3.85,8,9.823871850967407
309,4.449999999999999,4,9.852668762207031
310,-3.0,1,9.879280805587769
311,-3.05,2,9.903099060058594
312,-3.25,6,9.937315940856934
313,-3.05,2,9.964653015136719
314,-3.1,3,9.988255739212036
315,-3.6,13,10.203694820404053
316,4.3,5,10.23345160484314
317,-3.25,6,10.27217721939087
318,-3.15,4,10.30222225189209
319,4.449999999999999,4,10.335255861282349
320,4.9,1,10.36028242111206
321,4.75,2,10.38942551612854
322,4.6000000000000005,3,10.421185970306396
323,3.6999999999999997,9,10.462113618850708
324,-3.25,6,10.49480652809143
325,4.449999999999999,4,10.523864269256592
326,-3.15,4,10.552910566329956
327,-3.4,9,10.58862829208374
328,3.25,12,10.6295166015625
329,-3.0,1,10.65282940864563
330,4.3,5,10.687780380249023
331,3.25,12,10.738711595535278
332,4.449999999999999,4,10.77070927619934
333,-3.05,2,10.800134897232056
334,-3.6,13,10.839506149291992
335,-3.15,4,10.864279985427856
336,4.6000000000000005,3,10.888955354690552
337,-3.05,2,10.913137912750244
338,-3.05,2,10.936998844146729
339,3.55,10,10.977274179458618
340,3.6999999999999997,9,11.015142917633057
341,4.449999999999999,4,11.044764995574951
342,3.85,8,11.08621883392334
343,-3.25,6,11.121558666229248
344,-3.45,10,11.165953159332275
345,2.9499999999999997,14,11.217826843261719
346,-3.5,11,11.264246702194214
347,-3.1,3,11.294124126434326
348,-3.2,5,11.3251051902771
349,-3.1,3,11.35564661026001
350,4.0,7,11.391771793365479
351,-3.4,9,11.43323016166687
352,3.6999999999999997,9,11.471292495727539
353,-3.1,3,11.500977993011475
354,3.85,8,11.540114164352417
355,4.0,7,11.578101873397827
356,4.15,6,11.764077425003052
357,3.55,10,11.802720546722412
358,4.75,2,11.823416471481323
359,4.15,6,11.85592246055603
360,-3.0,1,11.87851858139038
361,-3.0,1,11.898375511169434
362,-3.15,4,11.92227053642273
363,-3.1,3,11.946958780288696
364,3.6999999999999997,9,11.980766534805298
365,-3.1,3,12.004239797592163
366,-3.1,3,12.028405666351318
367,-3.05,2,12.050036668777466
368,-3.05,2,12.077003240585327
369,4.0,7,12.113215684890747
370,-3.35,8,12.14980936050415
371,3.55,10,12.188240766525269
372,3.25,12,12.230556964874268
373,-3.35,8,12.264523267745972
374,4.6000000000000005,3,12.289021492004395
375,3.4,11,12.330930948257446
376,4.15,6,12.366838455200195
377,3.4,11,12.404157161712646
378,-1.75,15,12.452823162078857
379,4.3,5,12.487547636032104
380,-3.0,1,12.511704444885254
381,4.449999999999999,4,12.542872667312622
382,4.0,7,12.578599214553833
383,3.85,8,12.612537384033203
384,-3.3,7,12.645309925079346
385,4.449999999999999,4,12.67258334159851
386,3.25,12,12.721290826797485
387,-3.1,3,12.752027988433838
388,3.25,12,12.807523250579834
389,3.55,10,12.853439569473267
390,-3.05,2,12.877134561538696
391,3.85,8,12.912108898162842
392,4.9,1,12.938552379608154
393,-3.05,2,12.96473240852356
394,4.75,2,12.989856243133545
395,4.449999999999999,4,13.019948482513428
396,3.55,10,13.05241060256958
397,-3.3,7,13.088114261627197
398,-3.15,4,13.115824937820435
399,-3.4,9,13.301501035690308
400,3.4,11,13.3476722240448
401,-3.45,10,13.395874500274658
402,-1.75,15,13.443144083023071
403,-1.75,15,13.492051839828491
404,4.449999999999999,4,13.52070164680481
405,4.0,7,13.559495449066162
406,3.4,11,13.603673219680786
407,-3.6,13,13.645988464355469
408,4.449999999999999,4,13.672646284103394
409,-3.1,3,13.705736875534058
410,-3.55,12,13.753091812133789
411,-3.15,4,13.784843921661377
412,3.1,13,13.831384897232056
413,-3.25,6,13.863787412643433
414,-3.25,6,13.892366647720337
415,-3.4,9,13.926808834075928
416,-3.2,5,13.954612731933594
417,-3.05,2,13.981927394866943
418,-3.1,3,14.00865364074707
419,-3.45,10,14.04991102218628
420,-3.05,2,14.084409713745117
421,-3.1,3,14.114177703857422
422,4.15,6,14.14641261100769
423,3.6999999999999997,9,14.183495283126831
424,-3.1,3,14.21155309677124
425,4.3,5,14.245468378067017
426,3.4,11,14.285653591156006
427,-3.4,9,14.332864046096802
428,4.449999999999999,4,14.370201349258423
429,4.75,2,14.397294044494629
430,4.75,2,14.429636478424072
431,3.4,11,14.482240200042725
432,3.85,8,14.531664848327637
433,-3.25,6,14.563935279846191
434,4.15,6,14.596904039382935
435,4.3,5,14.78763198852539
436,4.449999999999999,4,14.820253610610962
437,-3.1,3,14.848101615905762
438,-1.75,15,14.890997648239136
439,4.6000000000000005,3,14.918572664260864
440,4.75,2,14.942565202713013
441,-3.05,2,14.965197086334229
442,4.3,5,14.998554706573486
443,3.4,11,15.03548550605774
444,-1.75,15,15.07766842842102
445,3.85,8,15.113819360733032
446,4.75,2,15.144601821899414
447,4.0,7,15.176955461502075
448,-1.75,15,15.218315124511719
449,3.4,11,15.256511449813843
450,-3.05,2,15.280724287033081
451,-1.75,15,15.321609497070312
452,-1.75,15,15.369758605957031
453,-3.45,10,15.408134937286377
454,3.25,12,15.459395408630371
455,4.6000000000000005,3,15.489919662475586
456,-3.0,1,15.524244546890259
457,4.449999999999999,4,15.562786340713501
458,-3.7,15,15.614594221115112
459,4.3,5,15.64502763748169
460,4.6000000000000005,3,15.671684980392456
461,3.6999999999999997,9,15.715012788772583
462,-1.75,15,15.764147281646729
463,3.6999999999999997,9,15.809047937393188
464,-3.2,5,15.844614744186401
465,-3.1,3,15.867355823516846
466,-1.75,15,15.917085409164429
467,-3.15,4,15.946724891662598
468,3.55,10,16.157944917678833
469,4.449999999999999,4,16.184849739074707
470,-3.0,1,16.210763692855835
471,4.3,5,16.24147629737854
472,4.3,5,16.271482229232788
473,4.449999999999999,4,16.299766778945923
474,3.6999999999999997,9,16.33809757232666
475,-3.65,14,16.389567136764526
476,-1.75,15,16.437364101409912
477,-1.75,15,16.484986305236816
478,-1.75,15,16.541087865829468
479,4.75,2,16.563169240951538
480,4.449999999999999,4,16.594132661819458
481,-1.75,15,16.639225482940674
482,3.55,10,16.683112144470215
483,3.25,12,16.731829404830933
484,-3.15,4,16.757205963134766
485,4.6000000000000005,3,16.7856707572937
486,4.15,6,16.81591773033142
487,-3.1,3,16.8438618183136
488,4.15,6,16.874550342559814
489,4.6000000000000005,3,16.909058332443237
490,3.6999999999999997,9,16.94462752342224
491,-3.2,5,16.978894472122192
492,-1.75,15,17.02205228805542
493,-3.35,8,17.057650804519653
494,-3.2,5,17.0870258808136
495,3.55,10,17.127601146697998
496,-1.75,15,17.17673087120056
497,4.3,5,17.206655025482178
498,-3.15,4,17.235145807266235
499,-3.3,7,17.274360179901123
500,4.75,2,17.3014554977417
501,4.449999999999999,4,17.331862211227417
502,-1.75,15,17.551033973693848
503,4.449999999999999,4,17.585753917694092
504,4.449999999999999,4,17.616076707839966
505,-3.15,4,17.641605615615845
506,4.75,2,17.668949365615845
507,4.449999999999999,4,17.70110011100769
508,3.6999999999999997,9,17.737520217895508
509,3.4,11,17.77803874015808
510,-3.6,13,17.818875551223755
511,4.6000000000000005,3,17.847561359405518
512,3.55,10,17.887853622436523
513,-1.75,15,17.935633897781372
514,4.449999999999999,4,17.962828159332275
515,4.75,2,17.989490509033203
516,-3.35,8,18.02152109146118
517,-3.15,4,18.070266008377075
518,4.15,6,18.12652349472046
519,-1.75,15,18.18916130065918
520,-3.35,8,18.237293243408203
521,4.15,6,18.27581024169922
522,4.15,6,18.312724828720093
523,-1.75,15,18.357539653778076
524,2.9499999999999997,14,18.407565355300903
525,4.6000000000000005,3,18.43270182609558
526,4.0,7,18.47338056564331
527,4.6000000000000005,3,18.50270652770996
528,-3.55,12,18.553470849990845
529,4.449999999999999,4,18.58573889732361
530,-3.35,8,18.62074565887451
531,4.449999999999999,4,18.650876760482788
532,-3.15,4,18.68174648284912
533,-3.0,1,18.705955743789673
534,4.75,2,18.734445810317993
535,4.449999999999999,4,18.768982410430908
536,4.15,6,18.803784370422363
537,-3.25,6,18.835163116455078
538,-1.75,15,18.883583068847656
539,-1.75,15,19.097395658493042
540,4.15,6,19.139583110809326
541,-1.75,15,19.191656589508057
542,-1.75,15,19.236311435699463
543,4.3,5,19.2681245803833
544,4.449999999999999,4,19.297555685043335
545,-3.05,2,19.32191824913025
546,4.15,6,19.36001229286194
547,4.15,6,19.387680292129517
548,3.6999999999999997,9,19.42365074157715
549,-3.7,15,19.466856956481934
550,-3.45,10,19.50212597846985
551,3.85,8,19.53964066505432
552,4.15,6,19.56748938560486
553,4.6000000000000005,3,19.599923133850098
554,4.75,2,19.625272750854492
555,4.0,7,19.661315441131592
556,-1.75,15,19.706903219223022
557,-1.75,15,19.74981117248535
558,4.449999999999999,4,19.779366970062256
559,-1.75,15,19.82554340362549
560,-1.75,15,19.867223978042603
561,4.15,6,19.899489879608154
562,3.85,8,19.934298276901245
563,-3.3,7,19.964771509170532
564,4.15,6,19.99566340446472
565,4.0,7,20.033344984054565
566,4.3,5,20.06877565383911
567,-3.4,9,20.111380100250244
568,4.3,5,20.146286964416504
569,4.449999999999999,4,20.183316469192505
570,-1.75,15,20.399381399154663
571,3.55,10,20.441136360168457
572,4.6000000000000005,3,20.471885681152344
573,-3.2,5,20.503514766693115
574,3.85,8,20.539427280426025
575,-1.75,15,20.585624933242798
576,4.15,6,20.61906337738037
577,-3.05,2,20.64890217781067
578,4.3,5,20.67790985107422
579,-3.3,7,20.708083629608154
580,4.6000000000000005,3,20.733131647109985
581,4.9,1,20.755228519439697
582,4.0,7,20.789662837982178
583,-3.45,10,20.835301876068115
584,4.6000000000000005,3,20.864207983016968
585,4.449999999999999,4,20.894545078277588
586,3.25,12,20.933516025543213
587,3.85,8,20.967983961105347
588,-3.3,7,20.998116731643677
589,4.0,7,21.032276153564453
590,-3.55,12,21.07592749595642
591,-3.55,12,21.116934061050415
592,-1.75,15,21.165172815322876
593,3.6999999999999997,9,21.20207452774048
594,3.25,12,21.246365070343018
595,-1.75,15,21.28640651702881
596,4.3,5,21.315907955169678
597,-3.2,5,21.34800910949707
598,-3.5,11,21.383713722229004
599,4.3,5,21.412789344787598
600,-3.05,2,21.435324907302856
601,4.6000000000000005,3,21.463290691375732
602,-1.75,15,21.510233163833618
603,-3.5,11,21.693426847457886
604,4.6000000000000005,3,21.716103076934814
605,4.3,5,21.74606990814209
606,-3.45,10,21.78197455406189
607,4.3,5,21.813823461532593
608,4.449999999999999,4,21.84146523475647
609,-3.55,12,21.882720470428467
610,-3.25,6,21.91732621192932
611,-3.35,8,21.962485313415527
612,-1.75,15,22.00993037223816
613,4.6000000000000005,3,22.037595748901367
614,3.85,8,22.069737195968628
615,-3.55,12,22.11306595802307
616,4.75,2,22.138542413711548
617,-3.55,12,22.179102897644043
618,4.6000000000000005,3,22.210201025009155
619,-3.5,11,22.24784779548645
620,4.15,6,22.279012203216553
621,3.85,8,22.316722631454468
622,4.0,7,22.353254795074463
623,4.3,5,22.386209964752197
624,-3.0,1,22.409537315368652
625,-3.15,4,22.435325384140015
626,-3.1,3,22.459407806396484
627,4.9,1,22.48138689994812
628,3.4,11,22.519981622695923
629,-1.75,15,22.562379598617554
630,-3.6,13,22.60075616836548
631,4.449999999999999,4,22.633418321609497
632,4.6000000000000005,3,22.663329601287842
633,-3.35,8,22.696977615356445
634,4.3,5,22.73094344139099
635,4.3,5,22.767094612121582
636,4.449999999999999,4,22.805306673049927
637,-3.45,10,22.847853183746338
638,4.3,5,22.88648009300232
639,3.4,11,23.074862003326416
640,3.4,11,23.125890016555786
641,4.3,5,23.161420583724976
642,4.3,5,23.19314956665039
643,-3.05,2,23.222460985183716
644,-3.4,9,23.264206886291504
645,4.449999999999999,4,23.301661729812622
646,4.449999999999999,4,23.334888219833374
647,4.75,2,23.366488456726074
648,3.6999999999999997,9,23.413339138031006
649,4.75,2,23.4502911567688
650,4.0,7,23.49682593345642
651,4.449999999999999,4,23.531579732894897
652,-3.1,3,23.56492829322815
653,4.449999999999999,4,23.603468656539917
654,4.6000000000000005,3,23.642135620117188
655,-3.05,2,23.67546057701111
656,4.0,7,23.71031618118286
657,-3.3,7,23.74617862701416
658,4.449999999999999,4,23.77817463874817
659,4.15,6,23.81028175354004
660,3.55,10,23.845531225204468
661,-3.3,7,23.8752543926239
662,4.75,2,23.901991367340088
663,4.15,6,23.93230104446411
664,3.4,11,23.975959539413452
665,3.85,8,24.015875101089478
666,4.6000000000000005,3,24.041951179504395
667,3.85,8,24.07980513572693
668,-3.4,9,24.126501321792603
669,4.449999999999999,4,24.152910470962524
670,4.15,6,24.1858811378479
671,4.6000000000000005,3,24.2134690284729
672,-3.7,15,24.2603976726532
673,4.75,2,24.286691904067993
674,4.6000000000000005,3,24.318378925323486
675,-3.0,1,24.341606855392456
676,4.3,5,24.370816230773926
677,-3.6,13,24.414390563964844
678,4.15,6,24.44933819770813
679,4.9,1,24.470590829849243
680,4.3,5,24.499268531799316
681,-1.75,15,24.54400110244751
682,4.75,2,24.56898307800293
683,4.75,2,24.59220790863037
684,4.449999999999999,4,24.621129035949707
685,4.6000000000000005,3,24.809208154678345
686,4.9,1,24.8333477973938
687,-3.3,7,24.863426208496094
688,4.6000000000000005,3,24.889816522598267
689,-3.25,6,24.9172146320343
690,4.15,6,24.945215463638306
691,-3.25,6,24.975112438201904
692,4.0,7,25.003822803497314
693,3.4,11,25.043940544128418
694,3.6999999999999997,9,25.08301329612732
695,4.9,1,25.111422061920166
696,4.6000000000000005,3,25.142499685287476
697,-3.45,10,25.184136152267456
698,4.3,5,25.21260714530945
699,4.6000000000000005,3,25.243834495544434
700,-3.4,9,25.282026052474976
701,-3.2,5,25.31408977508545
702,4.449999999999999,4,25.340730667114258
703,4.3,5,25.369982719421387
704,4.15,6,25.399040460586548
705,3.6999999999999997,9,25.442817211151123
706,3.6999999999999997,9,25.47743511199951
707,-3.4,9,25.51459527015686
708,-3.0,1,25.541300773620605
709,4.15,6,25.57252073287964
710,4.449999999999999,4,25.602014541625977
711,4.3,5,25.636767625808716
712,4.3,5,25.669819831848145
713,4.15,6,25.705790758132935
714,4.75,2,25.735938549041748
715,4.3,5,25.771913051605225
716,-1.75,15,25.82310199737549
717,3.4,11,25.858963012695312
718,-3.35,8,25.893378734588623
719,4.6000000000000005,3,25.919228553771973
720,3.1,13,25.95852255821228
721,4.3,5,25.994829654693604
722,4.75,2,26.027775287628174
723,4.75,2,26.051347255706787
724,4.15,6,26.084940195083618
725,4.6000000000000005,3,26.11531114578247
726,-3.45,10,26.15257692337036
727,-3.6,13,26.343733549118042
728,4.449999999999999,4,26.37285590171814
729,-3.35,8,26.40831470489502
730,4.0,7,26.439109086990356
731,4.3,5,26.469021558761597
732,-3.55,12,26.50649881362915
733,4.3,5,26.534085512161255
734,4.3,5,26.56388211250305
735,-3.55,12,26.605485200881958
736,-3.0,1,26.63165020942688
737,4.6000000000000005,3,26.66799235343933
738,-3.7,15,26.72361183166504
739,3.6999999999999997,9,26.76805353164673
740,4.0,7,26.80721688270569
741,3.25,12,26.850656509399414
742,4.0,7,26.88313102722168
743,4.6000000000000005,3,26.91122078895569
744,4.3,5,26.94136381149292
745,4.3,5,26.974278211593628
746,4.15,6,27.004196643829346
747,-3.4,9,27.046143054962158
748,4.6000000000000005,3,27.076427221298218
749,3.55,10,27.11974787712097
750,4.6000000000000005,3,27.149969816207886
751,4.449999999999999,4,27.17886185646057
752,4.75,2,27.206705570220947
753,4.6000000000000005,3,27.23329782485962
754,-3.3,7,27.267213821411133
755,3.55,10,27.30575680732727
756,-3.1,3,27.333922386169434
757,3.6999999999999997,9,27.372807502746582
758,-1.75,15,27.41680645942688
759,4.0,7,27.451088428497314
760,3.6999999999999997,9,27.49220061302185
761,3.85,8,27.524837017059326
762,3.6999999999999997,9,27.557415008544922
763,3.6999999999999997,9,27.593568325042725
764,3.1,13,27.794811248779297
765,-3.4,9,27.830974578857422
766,4.6000000000000005,3,27.85864233970642
767,-3.05,2,27.88136887550354
768,4.449999999999999,4,27.91158127784729
769,4.6000000000000005,3,27.93766975402832
770,-1.75,15,27.98632001876831
771,4.0,7,28.01804232597351
772,3.55,10,28.05345058441162
773,-1.75,15,28.094685077667236
774,4.0,7,28.130162239074707
775,4.449999999999999,4,28.165941953659058
776,3.25,12,28.21576738357544
777,4.449999999999999,4,28.250381469726562
778,3.55,10,28.2894070148468
779,4.0,7,28.32981848716736
780,4.0,7,28.371040105819702
781,-3.05,2,28.39591121673584
782,4.75,2,28.423619985580444
783,3.6999999999999997,9,28.462039470672607
784,3.25,12,28.512052297592163
785,4.15,6,28.54582977294922
786,3.4,11,28.589809894561768
787,4.0,7,28.623313188552856
788,-1.75,15,28.669637203216553
789,4.0,7,28.707860946655273
790,3.85,8,28.740453004837036
791,3.4,11,28.781904220581055
792,3.55,10,28.822258472442627
793,4.3,5,28.85546064376831
794,4.3,5,28.881492137908936
795,-3.15,4,28.910028219223022
796,3.85,8,28.940682411193848
797,4.3,5,29.109740257263184
798,4.15,6,29.138835191726685
799,3.6999999999999997,9,29.171834230422974
800,-3.45,10,29.206839084625244
801,-1.75,15,29.248618364334106
802,3.1,13,29.285748720169067
803,4.6000000000000005,3,29.31214213371277
804,4.0,7,29.34895634651184
805,3.55,10,29.386523008346558
806,-3.15,4,29.412909984588623
807,4.449999999999999,4,29.436741828918457
808,4.449999999999999,4,29.462656259536743
809,-3.3,7,29.49696373939514
810,4.0,7,29.53042244911194
811,4.6000000000000005,3,29.556630611419678
812,4.3,5,29.584028244018555
813,4.75,2,29.608773231506348
814,4.6000000000000005,3,29.63447880744934
815,4.449999999999999,4,29.663896322250366
816,3.4,11,29.706653356552124
817,-3.45,10,29.745452165603638
818,4.6000000000000005,3,29.768367290496826
819,4.75,2,29.79396367073059
820,4.3,5,29.825311183929443
821,3.55,10,29.86522126197815
822,4.3,5,29.89644455909729
823,4.6000000000000005,3,29.924798488616943
824,4.449999999999999,4,29.949620008468628
825,4.15,6,29.994496822357178
826,-3.2,5,30.03926706314087
827,-3.35,8,30.080370664596558
828,3.55,10,30.128595113754272
829,-3.35,8,30.166900634765625
830,-1.75,15,30.21860361099243
831,-3.2,5,30.254944324493408
832,3.85,8,30.296544551849365
833,-3.4,9,30.339869022369385
834,3.4,11,30.381964445114136
835,4.75,2,30.563833951950073
836,-3.45,10,30.603269577026367
837,4.449999999999999,4,30.633683919906616
838,4.75,2,30.661159992218018
839,-3.45,10,30.700501203536987
840,4.6000000000000005,3,30.729127645492554
841,-3.55,12,30.771007537841797
842,-3.45,10,30.80972933769226
843,-1.75,15,30.852179527282715
844,4.0,7,30.893743991851807
845,4.6000000000000005,3,30.918376684188843
846,4.75,2,30.941376209259033
847,-1.75,15,30.984527587890625
848,3.4,11,31.02010750770569
849,4.449999999999999,4,31.04912495613098
850,4.75,2,31.07535481452942
851,4.6000000000000005,3,31.098655223846436
852,4.3,5,31.12646460533142
853,4.6000000000000005,3,31.151743412017822
854,4.3,5,31.181129932403564
855,4.6000000000000005,3,31.208845376968384
856,4.15,6,31.236168146133423
857,-3.55,12,31.273252248764038
858,4.0,7,31.307621955871582
859,4.3,5,31.33545970916748
860,4.6000000000000005,3,31.364325761795044
861,4.6000000000000005,3,31.39404320716858
862,3.4,11,31.432595014572144
863,-1.75,15,31.482309341430664
864,4.75,2,31.50578498840332
865,3.85,8,31.54478669166565
866,4.449999999999999,4,31.569503784179688
867,4.75,2,31.596510887145996
868,-1.75,15,31.64327359199524
869,4.3,5,31.67368173599243
870,4.6000000000000005,3,31.702850818634033
871,3.1,13,31.751740217208862
872,4.15,6,31.790868282318115
873,-1.75,15,31.980319023132324
874,4.15,6,32.00984287261963
875,3.4,11,32.04598546028137
876,3.25,12,32.08358192443848
877,3.25,12,32.12454605102539
878,3.85,8,32.15822434425354
879,-3.1,3,32.19126558303833
880,4.6000000000000005,3,32.218729734420776
881,4.0,7,32.25063753128052
882,4.6000000000000005,3,32.27523732185364
883,4.3,5,32.30498743057251
884,3.55,10,32.344300746917725
885,4.3,5,32.383081674575806
886,4.75,2,32.413784980773926
887,4.3,5,32.44615864753723
888,3.85,8,32.48003888130188
889,3.55,10,32.52471876144409
890,4.9,1,32.54530358314514
891,4.449999999999999,4,32.57504343986511
892,3.25,12,32.623619556427
893,4.6000000000000005,3,32.65254497528076
894,-1.75,15,32.71076560020447
895,4.75,2,32.740408182144165
896,4.15,6,32.77511692047119
897,4.0,7,32.80721831321716
898,4.449999999999999,4,32.83349394798279
899,4.75,2,32.85931634902954
900,4.15,6,32.89136838912964
901,4.3,5,32.92470669746399
902,4.0,7,32.95685648918152
903,4.449999999999999,4,32.98581600189209
904,4.6000000000000005,3,33.01901078224182
905,-1.75,15,33.0682590007782
906,4.15,6,33.10485577583313
907,-3.5,11,33.14487099647522
908,4.449999999999999,4,33.17808270454407
909,4.0,7,33.21607851982117
910,4.15,6,33.25057315826416
911,4.449999999999999,4,33.27831792831421
912,3.85,8,33.47793507575989
913,-3.45,10,33.52388954162598
914,4.449999999999999,4,33.55023670196533
915,-3.4,9,33.58492469787598
916,4.3,5,33.61704707145691
917,4.15,6,33.64926052093506
918,3.55,10,33.68652963638306
919,4.0,7,33.720914363861084
920,3.85,8,33.75472569465637
921,-3.3,7,33.78479242324829
922,4.0,7,33.816565990448
923,3.55,10,33.85180473327637
924,3.1,13,33.89106225967407
925,4.0,7,33.923426151275635
926,3.55,10,33.960007429122925
927,4.6000000000000005,3,33.99260973930359
928,3.85,8,34.03198432922363
929,3.4,11,34.07073211669922
930,4.3,5,34.10311031341553
931,4.15,6,34.13635778427124
932,3.6999999999999997,9,34.168978691101074
933,3.55,10,34.21094274520874
934,3.55,10,34.24703764915466
935,4.6000000000000005,3,34.274107694625854
936,3.6999999999999997,9,34.309321880340576
937,3.6999999999999997,9,34.345444679260254
938,4.449999999999999,4,34.37567400932312
939,4.6000000000000005,3,34.40129518508911
940,4.9,1,34.42654252052307
941,-1.75,15,34.47277760505676
942,3.85,8,34.515888690948486
943,4.3,5,34.55544829368591
944,4.75,2,34.58154511451721
945,3.4,11,34.62386345863342
946,4.15,6,34.820446252822876
947,-1.75,15,34.8695011138916
948,3.25,12,34.91015028953552
949,4.0,7,34.94836235046387
950,-3.55,12,34.99596619606018
951,4.0,7,35.02822422981262
952,3.25,12,35.07258224487305
953,4.15,6,35.110268354415894
954,4.449999999999999,4,35.13901615142822
955,-3.05,2,35.16590189933777
956,3.6999999999999997,9,35.19977641105652
957,-3.4,9,35.237107038497925
958,3.6999999999999997,9,35.27044105529785
959,4.449999999999999,4,35.30008864402771
960,4.3,5,35.32793354988098
961,4.0,7,35.36029529571533
962,4.449999999999999,4,35.38542556762695
963,-1.75,15,35.429277181625366
964,4.449999999999999,4,35.45472717285156
965,3.6999999999999997,9,35.49015998840332
966,3.85,8,35.52366042137146
967,3.25,12,35.56510353088379
968,3.4,11,35.60463261604309
969,4.6000000000000005,3,35.63791537284851
970,4.3,5,35.66758942604065
971,4.6000000000000005,3,35.69680047035217
972,-3.45,10,35.73554515838623
973,4.0,7,35.7689425945282
974,3.6999999999999997,9,35.803768157958984
975,4.6000000000000005,3,35.83165955543518
976,-3.55,12,35.867319107055664
977,4.449999999999999,4,35.8933470249176
978,4.75,2,35.91332244873047
979,4.6000000000000005,3,35.94034504890442
980,4.3,5,35.97014260292053
981,4.449999999999999,4,35.99974966049194
982,-1.75,15,36.20776677131653
983,4.9,1,36.2330687046051
984,-3.15,4,36.26150417327881
985,4.0,7,36.29421782493591
986,4.75,2,36.3191123008728
987,4.6000000000000005,3,36.347588539123535
988,4.3,5,36.37854194641113
989,3.25,12,36.418286085128784
990,-1.75,15,36.46396040916443
991,4.6000000000000005,3,36.49186635017395
992,-1.75,15,36.539835691452026
993,3.6999999999999997,9,36.572423458099365
994,3.4,11,36.61219668388367
995,4.6000000000000005,3,36.63732838630676
996,4.6000000000000005,3,36.66586780548096
997,4.449999999999999,4,36.698113679885864
998,4.6000000000000005,3,36.7222683429718
999,3.55,10,36.76628136634827
1000,-3.45,10,36.80869221687317
1001,4.0,7,36.84411597251892
1002,-1.75,15,36.88714861869812
1003,-3.1,3,36.91423058509827
1004,4.6000000000000005,3,36.941094398498535
1005,4.15,6,36.97323131561279
1006,4.449999999999999,4,37.001489877700806
1007,4.6000000000000005,3,37.03031516075134
1008,4.75,2,37.05852293968201
1009,-1.75,15,37.10598611831665
1010,-1.75,15,37.15308403968811
1011,-3.5,11,37.193323850631714
1012,4.15,6,37.223679542541504
1013,-1.75,15,37.26771140098572
1014,4.449999999999999,4,37.29864740371704
1015,3.6999999999999997,9,37.33692765235901
1016,3.85,8,37.523937463760376
1017,-1.75,15,37.56729435920715
1018,3.4,11,37.60844349861145
1019,3.85,8,37.64722180366516
1020,-3.0,1,37.67588424682617
1021,4.6000000000000005,3,37.702619314193726
1022,4.449999999999999,4,37.734352350234985
1023,4.75,2,37.76799559593201
1024,3.6999999999999997,9,37.80519390106201
1025,4.449999999999999,4,37.834537982940674
1026,4.449999999999999,4,37.86161541938782
1027,3.55,10,37.89658236503601
1028,-1.75,15,37.94421124458313
1029,3.6999999999999997,9,37.97987914085388
1030,4.3,5,38.00967574119568
1031,4.0,7,38.04234457015991
1032,3.6999999999999997,9,38.0800359249115
1033,4.0,7,38.11227464675903
1034,4.6000000000000005,3,38.137160539627075
1035,4.15,6,38.16909861564636
1036,3.85,8,38.215569496154785
1037,4.0,7,38.25285577774048
1038,3.4,11,38.29100322723389
1039,-3.4,9,38.326563358306885
1040,4.449999999999999,4,38.3548903465271
1041,4.3,5,38.38516926765442
1042,4.3,5,38.4172477722168
1043,-1.75,15,38.46518421173096
1044,-3.2,5,38.49367952346802
1045,-1.75,15,38.54009461402893
1046,3.4,11,38.57810735702515
1047,-1.75,15,38.61691498756409
1048,-1.75,15,38.799989223480225
1049,4.75,2,38.82506585121155
1050,3.55,10,38.85675048828125
1051,4.75,2,38.8793044090271
1052,-1.75,15,38.918978691101074
1053,4.9,1,38.93774104118347
1054,-1.75,15,38.97712969779968
1055,3.4,11,39.01217222213745
1056,4.6000000000000005,3,39.03908824920654
1057,-1.75,15,39.08115267753601
1058,4.9,1,39.11128234863281
1059,4.449999999999999,4,39.14511466026306
1060,4.449999999999999,4,39.17935276031494
1061,3.55,10,39.21733379364014
1062,4.449999999999999,4,39.2489013671875
1063,3.55,10,39.29299211502075
1064,3.6999999999999997,9,39.33002042770386
1065,3.6999999999999997,9,39.36767792701721
1066,4.0,7,39.40218806266785
1067,4.0,7,39.44034028053284
1068,-3.2,5,39.46839666366577
1069,4.6000000000000005,3,39.495508909225464
1070,4.75,2,39.52484464645386
1071,3.85,8,39.56341290473938
1072,-1.75,15,39.613709688186646
1073,4.0,7,39.64578056335449
1074,3.4,11,39.68651461601257
1075,4.6000000000000005,3,39.71548557281494
1076,4.15,6,39.7494535446167
1077,-1.75,15,39.79572606086731
1078,-1.75,15,39.84200882911682
1079,4.449999999999999,4,39.87673354148865
1080,-1.75,15,39.91935086250305
1081,4.6000000000000005,3,39.946900367736816
1082,3.55,10,40.153727531433105
1083,3.6999999999999997,9,40.19309759140015
1084,4.15,6,40.22826361656189
1085,4.449999999999999,4,40.256837606430054
1086,4.15,6,40.292048931121826
1087,3.55,10,40.32842826843262
1088,3.85,8,40.35997915267944
1089,4.3,5,40.388858795166016
1090,4.3,5,40.41462421417236
1091,4.75,2,40.43885588645935
1092,3.55,10,40.474003076553345
1093,-1.75,15,40.51692271232605
1094,4.449999999999999,4,40.54818820953369
1095,4.6000000000000005,3,40.58078908920288
1096,-1.75,15,40.629581689834595
1097,4.9,1,40.655224323272705
1098,3.85,8,40.694735050201416
1099,3.6999999999999997,9,40.730547189712524
1100,-1.75,15,40.779189348220825
1101,3.6999999999999997,9,40.8143527507782
1102,4.6000000000000005,3,40.84302830696106
1103,4.15,6,40.87740182876587
1104,3.55,10,40.9153938293457
1105,4.0,7,40.946831703186035
1106,4.0,7,40.9837212562561
1107,4.6000000000000005,3,41.00839138031006
1108,-1.75,15,41.058537006378174
1109,4.75,2,41.089293003082275
1110,4.6000000000000005,3,41.11796593666077
1111,4.3,5,41.14883375167847
1112,4.449999999999999,4,41.176509618759155
1113,-1.75,15,41.22476577758789
1114,4.3,5,41.26165151596069
1115,3.4,11,41.30541777610779
1116,3.55,10,41.49503707885742
1117,-1.75,15,41.539485692977905
1118,4.3,5,41.56985640525818
1119,3.4,11,41.60715842247009
1120,4.449999999999999,4,41.63473868370056
1121,4.75,2,41.65906858444214
1122,3.25,12,41.69910025596619
1123,4.449999999999999,4,41.73425316810608
1124,-1.75,15,41.780292987823486
1125,3.55,10,41.82252311706543
1126,3.6999999999999997,9,41.859129667282104
1127,3.55,10,41.89333152770996
1128,4.0,7,41.924811124801636
1129,3.55,10,41.96045780181885
1130,4.3,5,41.9904100894928
1131,-1.75,15,42.03861904144287
1132,3.85,8,42.081990003585815
1133,4.75,2,42.11022400856018
1134,-1.75,15,42.16155195236206
1135,4.3,5,42.194722414016724
1136,4.3,5,42.2246778011322
1137,3.85,8,42.25815439224243
1138,-1.75,15,42.309473752975464
1139,4.449999999999999,4,42.34599995613098
1140,4.0,7,42.381580114364624
1141,4.0,7,42.41548180580139
1142,4.6000000000000005,3,42.446394205093384
1143,-3.5,11,42.494709730148315
1144,-3.2,5,42.52802324295044
1145,-1.75,15,42.57846713066101
1146,4.449999999999999,4,42.61213755607605
1147,3.85,8,42.8107647895813
1148,4.3,5,42.83959770202637
1149,4.6000000000000005,3,42.86526393890381
1150,4.0,7,42.90060830116272
1151,-1.75,15,42.94323778152466
1152,-3.1,3,42.968682289123535
1153,4.75,2,42.9950897693634
1154,-1.75,15,43.03769588470459
1155,4.75,2,43.063117265701294
1156,3.25,12,43.10185527801514
1157,4.6000000000000005,3,43.127609968185425
1158,3.6999999999999997,9,43.165260791778564
1159,4.449999999999999,4,43.19300842285156
1160,4.0,7,43.22372651100159
1161,4.3,5,43.25335454940796
1162,4.6000000000000005,3,43.277671575546265
1163,3.6999999999999997,9,43.31587839126587
1164,4.449999999999999,4,43.3479437828064
1165,4.449999999999999,4,43.3751175403595
1166,4.75,2,43.39795112609863
1167,4.449999999999999,4,43.42909502983093
1168,4.449999999999999,4,43.4653959274292
1169,3.1,13,43.513349533081055
1170,4.6000000000000005,3,43.538392543792725
1171,4.449999999999999,4,43.56671595573425
1172,4.3,5,43.59815430641174
1173,4.3,5,43.6331946849823
1174,4.15,6,43.67234659194946
1175,4.75,2,43.70232677459717
1176,3.85,8,43.74130916595459
1177,4.0,7,43.78151774406433
1178,4.3,5,43.814223766326904
1179,4.3,5,43.8439724445343
1180,-1.75,15,43.89231753349304
1181,4.3,5,43.921387672424316
1182,-1.75,15,43.97461247444153
1183,4.15,6,44.014026403427124
1184,4.6000000000000005,3,44.04124569892883
1185,3.85,8,44.08263039588928
1186,4.0,7,44.11501932144165
1187,4.3,5,44.14801502227783
1188,-3.4,9,44.35800242424011
1189,4.449999999999999,4,44.387203216552734
1190,4.0,7,44.417510986328125
1191,4.15,6,44.45025038719177
1192,4.15,6,44.482948303222656
1193,4.15,6,44.52445578575134
1194,-3.4,9,44.559396266937256
1195,4.6000000000000005,3,44.584991693496704
1196,4.6000000000000005,3,44.61618375778198
1197,3.4,11,44.65521216392517
1198,4.449999999999999,4,44.682713985443115
1199,4.3,5,44.71704435348511
1200,4.0,7,44.74729299545288
1201,3.85,8,44.78213930130005
1202,4.449999999999999,4,44.81269884109497
1203,-1.75,15,44.8608512878418
1204,3.4,11,44.89903545379639
1205,3.55,10,44.935351610183716
1206,4.449999999999999,4,44.9633994102478
1207,4.6000000000000005,3,44.99045276641846
1208,4.3,5,45.0241641998291
1209,4.449999999999999,4,45.062424659729004
1210,-1.75,15,45.11145758628845
1211,4.3,5,45.13986325263977
1212,4.6000000000000005,3,45.16581892967224
1213,4.6000000000000005,3,45.19389581680298
1214,4.449999999999999,4,45.22042632102966
1215,3.6999999999999997,9,45.256163120269775
1216,3.85,8,45.29206848144531
1217,-3.35,8,45.32526421546936
1218,3.55,10,45.359455585479736
1219,3.6999999999999997,9,45.39395761489868
1220,4.6000000000000005,3,45.42399263381958
1221,4.15,6,45.45961952209473
1222,4.449999999999999,4,45.496458292007446
1223,3.85,8,45.536192893981934
1224,4.3,5,45.56892013549805
1225,-1.75,15,45.6185941696167
1226,4.0,7,45.80778121948242
1227,4.0,7,45.84334635734558
1228,-3.5,11,45.88039708137512
1229,4.9,1,45.903425216674805
1230,4.6000000000000005,3,45.92865753173828
1231,3.4,11,45.963337898254395
1232,3.85,8,45.9940083026886
1233,3.55,10,46.03002619743347
1234,-3.35,8,46.06308126449585
1235,4.75,2,46.08527851104736
1236,4.3,5,46.114093542099
1237,4.15,6,46.14612531661987
1238,4.9,1,46.17018103599548
1239,4.0,7,46.20367908477783
1240,-3.2,5,46.23422718048096
1241,4.15,6,46.26467251777649
1242,4.75,2,46.28844881057739
1243,4.3,5,46.31856346130371
1244,4.75,2,46.3426079750061
1245,-3.2,5,46.36848044395447
1246,4.3,5,46.39851212501526
1247,4.3,5,46.428855895996094
1248,-3.25,6,46.46183705329895
1249,4.75,2,46.48629307746887
1250,-3.5,11,46.52493095397949
1251,4.449999999999999,4,46.55360531806946
1252,-3.5,11,46.591909408569336
1253,4.3,5,46.625041484832764
1254,4.449999999999999,4,46.6515371799469
1255,4.0,7,46.68827247619629
1256,4.0,7,46.724289894104004
1257,3.55,10,46.77024221420288
1258,4.15,6,46.80338215827942
1259,4.15,6,46.83492112159729
1260,-3.45,10,46.88116192817688
1261,-3.65,14,46.92853856086731
1262,-3.3,7,46.961188077926636
1263,-3.65,14,47.00537943840027
1264,4.75,2,47.031402349472046
1265,3.85,8,47.063518047332764
1266,-3.55,12,47.2796573638916
1267,-1.75,15,47.32691025733948
1268,4.6000000000000005,3,47.357842683792114
1269,4.15,6,47.38962244987488
1270,-1.75,15,47.44527316093445
1271,4.9,1,47.47493624687195
1272,-3.3,7,47.50790619850159
1273,4.449999999999999,4,47.53638219833374
1274,4.75,2,47.56138205528259
1275,-3.2,5,47.588752031326294
1276,4.6000000000000005,3,47.614835023880005
1277,4.6000000000000005,3,47.639585733413696
1278,4.0,7,47.669506788253784
1279,4.449999999999999,4,47.701581716537476
1280,4.6000000000000005,3,47.72940921783447
1281,-1.75,15,47.777283906936646
1282,4.6000000000000005,3,47.80209827423096
1283,4.6000000000000005,3,47.82737421989441
1284,4.6000000000000005,3,47.852155685424805
1285,4.0,7,47.8813259601593
1286,-3.6,13,47.92221546173096
1287,-3.3,7,47.95341730117798
1288,4.75,2,47.98024773597717
1289,4.449999999999999,4,48.010629415512085
1290,-3.5,11,48.044772148132324
1291,3.55,10,48.08235764503479
1292,-3.7,15,48.12307167053223
1293,4.6000000000000005,3,48.148579835891724
1294,3.85,8,48.181443214416504
1295,-3.7,15,48.225767850875854
1296,4.449999999999999,4,48.25386047363281
1297,4.3,5,48.28063225746155
1298,4.449999999999999,4,48.30767107009888
1299,4.449999999999999,4,48.333110332489014
1300,3.85,8,48.36548948287964
1301,3.85,8,48.39685654640198
1302,4.449999999999999,4,48.423309564590454
1303,-3.55,12,48.617135524749756
1304,4.15,6,48.649643659591675
1305,3.85,8,48.68743586540222
1306,-3.4,9,48.72874569892883
1307,4.15,6,48.7717969417572
1308,4.75,2,48.795799255371094
1309,4.6000000000000005,3,48.824984550476074
1310,4.75,2,48.84763741493225
1311,4.6000000000000005,3,48.87694597244263
1312,4.0,7,48.91442084312439
1313,4.15,6,48.94694900512695
1314,4.6000000000000005,3,48.97258162498474
1315,4.449999999999999,4,49.00417184829712
1316,4.449999999999999,4,49.032044887542725
1317,4.6000000000000005,3,49.058640480041504
1318,3.4,11,49.094502449035645
1319,4.15,6,49.12249732017517
1320,4.449999999999999,4,49.150375843048096
1321,4.0,7,49.19147300720215
1322,4.449999999999999,4,49.22659778594971
1323,4.0,7,49.26299500465393
1324,3.25,12,49.29906916618347
1325,4.0,7,49.32972574234009
1326,4.3,5,49.357269287109375
1327,3.25,12,49.39879250526428
1328,3.85,8,49.433504581451416
1329,3.25,12,49.480411529541016
1330,3.55,10,49.52098035812378
1331,4.6000000000000005,3,49.550689697265625
1332,4.0,7,49.58375597000122
1333,4.6000000000000005,3,49.60926175117493
1334,3.55,10,49.64643168449402
1335,-3.5,11,49.68832778930664
1336,4.15,6,49.71847653388977
1337,-1.75,15,49.76539850234985
1338,4.449999999999999,4,49.79376459121704
1339,4.0,7,49.822861194610596
1340,-3.1,3,49.846874475479126
1341,4.3,5,49.875388622283936
1342,4.0,7,49.91330575942993
1343,4.75,2,49.9417028427124
1344,4.3,5,50.1429877281189
1345,4.3,5,50.17701983451843
1346,3.6999999999999997,9,50.226558685302734
1347,4.15,6,50.26143836975098
1348,4.6000000000000005,3,50.29344177246094
1349,4.75,2,50.323012590408325
1350,4.3,5,50.35885691642761
1351,4.3,5,50.39141893386841
1352,-3.0,1,50.41760015487671
1353,3.85,8,50.45794439315796
1354,4.15,6,50.492586612701416
1355,4.6000000000000005,3,50.52506399154663
1356,4.6000000000000005,3,50.55260968208313
1357,3.85,8,50.595062017440796
1358,-3.2,5,50.62708926200867
1359,4.449999999999999,4,50.65849566459656
1360,4.15,6,50.687132596969604
1361,-3.25,6,50.71572518348694
1362,4.6000000000000005,3,50.74343299865723
1363,4.449999999999999,4,50.773226499557495
1364,4.6000000000000005,3,50.79672861099243
1365,3.85,8,50.83073091506958
1366,4.449999999999999,4,50.85604786872864
1367,4.449999999999999,4,50.88013768196106
1368,3.6999999999999997,9,50.91641545295715
1369,3.85,8,50.948365688323975
1370,4.449999999999999,4,50.98124027252197
1371,4.449999999999999,4,51.01483368873596
1372,4.15,6,51.04691696166992
1373,3.6999999999999997,9,51.08264946937561
1374,3.25,12,51.13091588020325
1375,4.75,2,51.160106897354126
1376,4.0,7,51.19368815422058
1377,4.6000000000000005,3,51.2216911315918
1378,4.6000000000000005,3,51.24873995780945
1379,4.15,6,51.28161311149597
1380,4.75,2,51.30953645706177
1381,4.15,6,51.34424376487732
1382,4.9,1,51.36844992637634
1383,4.75,2,51.394416093826294
1384,4.15,6,51.42609524726868
1385,-3.6,13,51.4669988155365
1386,3.85,8,51.50422525405884
1387,3.85,8,51.540262937545776
1388,4.6000000000000005,3,51.57579731941223
1389,4.449999999999999,4,51.6041841506958
1390,4.75,2,51.630521059036255
1391,3.4,11,51.67787218093872
1392,3.55,10,51.87416124343872
1393,4.75,2,51.90240454673767
1394,4.15,6,51.93373775482178
1395,4.6000000000000005,3,51.96072506904602
1396,4.449999999999999,4,51.991541624069214
1397,4.3,5,52.019927978515625
1398,4.6000000000000005,3,52.049458026885986
1399,4.15,6,52.08202624320984
1400,4.449999999999999,4,52.11154580116272
1401,4.6000000000000005,3,52.13997268676758
1402,4.0,7,52.17421293258667
1403,2.8,15,52.21921396255493
1404,4.449999999999999,4,52.245694398880005
1405,4.0,7,52.27970337867737
1406,4.75,2,52.30616784095764
1407,4.75,2,52.32935333251953
1408,3.6999999999999997,9,52.370359659194946
1409,4.0,7,52.40172719955444
1410,3.55,10,52.44196653366089
1411,4.449999999999999,4,52.46873688697815
1412,4.75,2,52.49603986740112
1413,4.15,6,52.52908492088318
1414,4.6000000000000005,3,52.5561580657959
1415,4.0,7,52.587512254714966
1416,3.85,8,52.62425184249878
1417,-3.65,14,52.672813177108765
1418,4.9,1,52.69675135612488
1419,-1.75,15,52.740405797958374
1420,4.75,2,52.76492738723755
1421,4.449999999999999,4,52.791202545166016
1422,4.75,2,52.81396293640137
1423,4.449999999999999,4,52.841312885284424
1424,4.75,2,52.86491656303406
1425,4.15,6,52.891485929489136
1426,4.75,2,52.91568326950073
1427,-3.1,3,52.94034743309021
1428,4.75,2,52.962648153305054
1429,3.4,11,53.00089120864868
1430,4.449999999999999,4,53.029998540878296
1431,-1.75,15,53.07965326309204
1432,3.55,10,53.12087845802307
1433,4.3,5,53.15260100364685
1434,-3.3,7,53.1862678527832
1435,3.55,10,53.22537040710449
1436,3.85,8,53.4402391910553
1437,4.15,6,53.48135018348694
1438,-3.2,5,53.51545071601868
1439,3.6999999999999997,9,53.5580198764801
1440,3.85,8,53.595168590545654
1441,3.6999999999999997,9,53.63326549530029
1442,4.0,7,53.671459913253784
1443,3.85,8,53.70410704612732
1444,4.75,2,53.73125410079956
1445,4.15,6,53.76365256309509
1446,4.3,5,53.79432821273804
1447,4.75,2,53.81857466697693
1448,3.85,8,53.852757930755615
1449,4.449999999999999,4,53.87979173660278
1450,4.449999999999999,4,53.91460824012756
1451,3.6999999999999997,9,53.95810079574585
1452,3.25,12,54.007445335388184
1453,3.4,11,54.04721975326538
1454,4.15,6,54.07885384559631
1455,3.85,8,54.111177921295166
1456,4.3,5,54.14664888381958
1457,4.3,5,54.18078017234802
1458,3.25,12,54.22055649757385
1459,3.6999999999999997,9,54.260313987731934
1460,4.15,6,54.2973530292511
1461,3.85,8,54.33741068840027
1462,4.6000000000000005,3,54.369948863983154
1463,3.85,8,54.4057183265686
1464,3.6999999999999997,9,54.43929696083069
1465,4.15,6,54.470704793930054
1466,4.0,7,54.50660300254822
1467,4.6000000000000005,3,54.53071713447571
1468,4.6000000000000005,3,54.56203603744507
1469,4.0,7,54.59837055206299
1470,4.449999999999999,4,54.62866711616516
1471,4.0,7,54.66196823120117
1472,4.15,6,54.691174030303955
1473,3.6999999999999997,9,54.72759556770325
1474,3.55,10,54.93916344642639
1475,-1.75,15,54.987781286239624
1476,4.449999999999999,4,55.020307540893555
1477,4.449999999999999,4,55.049384117126465
1478,4.6000000000000005,3,55.075103998184204
1479,4.75,2,55.09785223007202
1480,-1.75,15,55.15730881690979
1481,4.449999999999999,4,55.19459652900696
1482,4.15,6,55.22838091850281
1483,4.9,1,55.25616979598999
1484,-3.3,7,55.29005432128906
1485,3.6999999999999997,9,55.332672119140625
1486,-1.75,15,55.378363609313965
1487,4.0,7,55.41237926483154
1488,4.15,6,55.4437472820282
1489,-1.75,15,55.489192485809326
1490,4.15,6,55.52627444267273
1491,3.4,11,55.568100690841675
1492,4.3,5,55.5978901386261
1493,4.449999999999999,4,55.62433457374573
1494,4.15,6,55.65255546569824
1495,4.15,6,55.68178415298462
1496,3.6999999999999997,9,55.725282192230225
1497,4.449999999999999,4,55.761014223098755
1498,3.4,11,55.798748254776
1499,4.75,2,55.82236194610596
1500,4.3,5,55.84886813163757
1501,4.449999999999999,4,55.87780213356018
1502,3.85,8,55.90809631347656
1503,4.6000000000000005,3,55.93634366989136
1504,4.6000000000000005,3,55.96064519882202
1505,3.4,11,56.00014090538025
1506,4.449999999999999,4,56.03003454208374
1507,4.449999999999999,4,56.06409525871277
1508,4.75,2,56.09015226364136
1509,4.3,5,56.11857986450195
1510,4.9,1,56.14572763442993
1511,4.449999999999999,4,56.18138337135315
1512,-1.75,15,56.233251333236694
1513,4.75,2,56.265291690826416
1514,4.9,1,56.460402727127075
1515,4.75,2,56.490562200546265
1516,3.6999999999999997,9,56.53511905670166
1517,4.3,5,56.56585764884949
1518,3.4,11,56.61122465133667
1519,4.0,7,56.642738819122314
1520,4.3,5,56.67817544937134
1521,4.6000000000000005,3,56.711142778396606
1522,4.3,5,56.745877504348755
1523,4.6000000000000005,3,56.77925777435303
1524,3.6999999999999997,9,56.81942892074585
1525,4.449999999999999,4,56.84579825401306
1526,4.15,6,56.88148641586304
1527,4.6000000000000005,3,56.91102933883667
1528,4.6000000000000005,3,56.94482183456421
1529,4.6000000000000005,3,56.975128173828125
1530,4.3,5,57.00831627845764
1531,4.3,5,57.036256074905396
1532,4.449999999999999,4,57.06923985481262
1533,4.449999999999999,4,57.0980281829834
1534,-1.75,15,57.14152669906616
1535,3.6999999999999997,9,57.17912030220032
1536,4.75,2,57.20535206794739
1537,3.85,8,57.243531942367554
1538,4.3,5,57.276840925216675
1539,4.9,1,57.30185556411743
1540,4.15,6,57.333901166915894
1541,4.449999999999999,4,57.361096143722534
1542,4.6000000000000005,3,57.390411615371704
1543,-1.75,15,57.43302035331726
1544,4.15,6,57.4644660949707
1545,4.449999999999999,4,57.495201110839844
1546,4.6000000000000005,3,57.52280402183533
1547,4.6000000000000005,3,57.548696994781494
1548,4.6000000000000005,3,57.579734325408936
1549,3.55,10,57.62170481681824
1550,4.0,7,57.65899300575256
1551,4.0,7,57.69808888435364
1552,3.85,8,57.73285913467407
1553,-1.75,15,57.77551627159119
1554,4.15,6,57.809767723083496
1555,4.449999999999999,4,57.8427848815918
1556,4.6000000000000005,3,57.8667049407959
1557,-1.75,15,58.0557336807251
1558,4.75,2,58.08639931678772
1559,-3.5,11,58.13051080703735
1560,3.6999999999999997,9,58.16887927055359
1561,3.55,10,58.21022582054138
1562,4.6000000000000005,3,58.23923850059509
1563,3.55,10,58.274739265441895
1564,4.3,5,58.30568981170654
1565,4.15,6,58.337085485458374
1566,4.0,7,58.36900043487549
1567,4.15,6,58.40225386619568
1568,3.6999999999999997,9,58.44200539588928
1569,3.85,8,58.483330726623535
1570,4.75,2,58.50678730010986
1571,-1.75,15,58.55293273925781
1572,4.449999999999999,4,58.580432415008545
1573,4.449999999999999,4,58.61211013793945
1574,4.0,7,58.65241837501526
1575,3.4,11,58.69528794288635
1576,4.6000000000000005,3,58.7233624458313
1577,4.3,5,58.76282978057861
1578,4.0,7,58.80295467376709
1579,4.3,5,58.83583641052246
1580,4.449999999999999,4,58.86369705200195
1581,4.3,5,58.894298791885376
1582,4.75,2,58.92797803878784
1583,3.4,11,58.96351480484009
1584,3.4,11,59.003692626953125
1585,4.75,2,59.02791500091553
1586,-1.75,15,59.070626974105835
1587,4.15,6,59.0994131565094
1588,3.4,11,59.140244007110596
1589,4.449999999999999,4,59.17274475097656
1590,4.75,2,59.19873309135437
1591,3.4,11,59.23807716369629
1592,4.449999999999999,4,59.26337766647339
1593,4.15,6,59.29533648490906
1594,3.6999999999999997,9,59.33129644393921
1595,4.3,5,59.5037944316864
1596,4.3,5,59.53690147399902
1597,3.25,12,59.581836223602295
1598,3.25,12,59.62591528892517
1599,-3.15,4,59.65573334693909
1600,4.449999999999999,4,59.68279027938843
1601,4.75,2,59.718215227127075
1602,3.85,8,59.75389289855957
1603,4.15,6,59.78476667404175
1604,3.25,12,59.82636475563049
1605,4.15,6,59.85572671890259
1606,3.6999999999999997,9,59.89217662811279
1607,3.25,12,59.93395280838013
1608,3.4,11,59.97330927848816
1609,3.6999999999999997,9,60.01175284385681
1610,4.75,2,60.04364252090454
1611,4.0,7,60.09003472328186
1612,3.25,12,60.135942220687866
1613,4.15,6,60.17464733123779
1614,3.4,11,60.214885234832764
1615,4.75,2,60.24173712730408
1616,3.25,12,60.282392740249634
1617,-1.75,15,60.33396601676941
1618,3.4,11,60.37117910385132
1619,4.6000000000000005,3,60.394660234451294
1620,4.15,6,60.431159257888794
1621,4.15,6,60.465895652770996
1622,-1.75,15,60.51484513282776
1623,4.6000000000000005,3,60.54291319847107
1624,4.449999999999999,4,60.57200574874878
1625,3.1,13,60.60920786857605
1626,4.75,2,60.640352964401245
1627,-1.75,15,60.825108766555786
1628,4.6000000000000005,3,60.85141730308533
1629,4.6000000000000005,3,60.88373017311096
1630,4.449999999999999,4,60.90892815589905
1631,3.55,10,60.954179525375366
1632,3.6999999999999997,9,60.99139928817749
1633,4.3,5,61.02443766593933
1634,4.15,6,61.059547424316406
1635,4.15,6,61.10094404220581
1636,3.55,10,61.13823056221008
1637,4.449999999999999,4,61.16910099983215
1638,4.449999999999999,4,61.20231866836548
1639,-1.75,15,61.251866579055786
1640,4.449999999999999,4,61.28370118141174
1641,4.449999999999999,4,61.309409379959106
1642,4.9,1,61.333300828933716
1643,3.1,13,61.37707161903381
1644,4.3,5,61.41474223136902
1645,4.449999999999999,4,61.45150947570801
1646,4.6000000000000005,3,61.48139405250549
1647,4.15,6,61.51909589767456
1648,4.0,7,61.55205297470093
1649,3.4,11,61.61141562461853
1650,4.75,2,61.63474917411804
1651,4.75,2,61.662402391433716
1652,4.6000000000000005,3,61.68870759010315
1653,4.449999999999999,4,61.71732044219971
1654,4.6000000000000005,3,61.74555778503418
1655,3.6999999999999997,9,61.78027153015137
1656,4.3,5,61.81220817565918
1657,3.25,12,61.85089993476868
1658,-1.75,15,61.893232107162476
1659,4.75,2,61.91876173019409
1660,4.15,6,61.9525830745697
1661,4.6000000000000005,3,61.98591756820679
1662,3.55,10,62.02345299720764
1663,4.75,2,62.045509815216064
1664,4.3,5,62.07861638069153
1665,3.85,8,62.11065363883972
1666,4.75,2,62.13477110862732
1667,4.9,1,62.15876770019531
1668,4.6000000000000005,3,62.18462324142456
1669,-3.55,12,62.228315591812134
1670,4.6000000000000005,3,62.256287574768066
1671,3.55,10,62.43791151046753
1672,3.55,10,62.47395896911621
1673,4.15,6,62.510464668273926
1674,4.6000000000000005,3,62.53785061836243
1675,4.15,6,62.56641960144043
1676,4.449999999999999,4,62.59360313415527
1677,4.0,7,62.625924825668335
1678,4.449999999999999,4,62.657368898391724
1679,3.6999999999999997,9,62.692322969436646
1680,4.6000000000000005,3,62.71686339378357
1681,4.6000000000000005,3,62.743741035461426
1682,-1.75,15,62.788835763931274
1683,4.15,6,62.81972575187683
1684,4.9,1,62.84547233581543
1685,4.9,1,62.87116098403931
1686,4.449999999999999,4,62.90246510505676
1687,-1.75,15,62.94744420051575
1688,4.3,5,62.98162794113159
1689,4.6000000000000005,3,63.010706663131714
1690,3.4,11,63.048799991607666
1691,3.6999999999999997,9,63.086357831954956
1692,4.449999999999999,4,63.115522623062134
1693,4.3,5,63.15295648574829
1694,4.3,5,63.183287143707275
1695,4.449999999999999,4,63.214476346969604
1696,3.55,10,63.25360131263733
1697,4.75,2,63.27356553077698
1698,4.75,2,63.29489064216614
1699,4.6000000000000005,3,63.32464051246643
1700,4.6000000000000005,3,63.34988617897034
1701,4.75,2,63.379597663879395
1702,4.15,6,63.4177360534668
1703,4.9,1,63.447423458099365
1704,3.1,13,63.494675159454346
1705,3.85,8,63.52880668640137
1706,4.15,6,63.56292390823364
1707,3.25,12,63.610838890075684
1708,4.75,2,63.63667869567871
1709,4.449999999999999,4,63.667553663253784
1710,-1.75,15,63.713385820388794
1711,4.0,7,63.748859167099
1712,4.15,6,63.78174352645874
1713,4.75,2,63.80920171737671
1714,4.6000000000000005,3,63.97195386886597
1715,3.85,8,64.00897455215454
1716,4.6000000000000005,3,64.03707456588745
1717,-1.75,15,64.08112263679504
1718,4.3,5,64.1129801273346
1719,3.25,12,64.15342092514038
1720,4.0,7,64.18389534950256
1721,4.449999999999999,4,64.21360731124878
1722,4.15,6,64.25036764144897
1723,4.15,6,64.28033661842346
1724,4.15,6,64.31243562698364
1725,4.449999999999999,4,64.34351134300232
1726,3.25,12,64.38879704475403
1727,4.3,5,64.42146372795105
1728,-1.75,15,64.47094821929932
1729,4.6000000000000005,3,64.49740958213806
1730,4.75,2,64.52616429328918
1731,-3.1,3,64.552170753479
1732,4.6000000000000005,3,64.57954573631287
1733,4.75,2,64.6104052066803
1734,4.15,6,64.6538097858429
1735,4.449999999999999,4,64.67860841751099
1736,4.15,6,64.70827651023865
1737,3.6999999999999997,9,64.75547170639038
1738,-1.75,15,64.80334043502808
1739,4.3,5,64.83455348014832
1740,4.3,5,64.86063480377197
1741,4.449999999999999,4,64.88574051856995
1742,3.6999999999999997,9,64.91804885864258
1743,4.449999999999999,4,64.94559288024902
1744,4.449999999999999,4,64.9741837978363
1745,4.3,5,65.00266432762146
1746,4.6000000000000005,3,65.03177332878113
1747,4.0,7,65.06456732749939
1748,4.6000000000000005,3,65.09106540679932
1749,4.449999999999999,4,65.11610794067383
1750,4.3,5,65.15044522285461
1751,3.85,8,65.18197393417358
1752,3.6999999999999997,9,65.21904921531677
1753,3.6999999999999997,9,65.26179075241089
1754,4.449999999999999,4,65.29625010490417
1755,3.4,11,65.48755097389221
1756,3.6999999999999997,9,65.52799534797668
1757,4.75,2,65.55145740509033
1758,3.6999999999999997,9,65.58819246292114
1759,-3.25,6,65.62176012992859
1760,4.449999999999999,4,65.65182876586914
1761,4.449999999999999,4,65.67702269554138
1762,4.6000000000000005,3,65.70768547058105
1763,4.75,2,65.73216962814331
1764,4.15,6,65.77061343193054
1765,4.15,6,65.80707263946533
1766,4.75,2,65.83372759819031
1767,4.9,1,65.85383319854736
1768,3.85,8,65.88551306724548
1769,3.85,8,65.9201922416687
1770,-3.55,12,65.96034598350525
1771,4.449999999999999,4,65.98899960517883
1772,4.75,2,66.01458263397217
1773,4.6000000000000005,3,66.04730033874512
1774,4.0,7,66.08534383773804
1775,4.449999999999999,4,66.11720633506775
1776,4.6000000000000005,3,66.15385317802429
1777,3.85,8,66.18897032737732
1778,4.3,5,66.22497129440308
1779,4.9,1,66.2493155002594
1780,4.6000000000000005,3,66.27755928039551
1781,3.55,10,66.32749629020691
1782,4.15,6,66.3575291633606
1783,4.6000000000000005,3,66.38513469696045
1784,4.449999999999999,4,66.41165566444397
1785,4.3,5,66.4430046081543
1786,3.25,12,66.48894476890564
1787,3.1,13,66.53037643432617
1788,3.55,10,66.5636785030365
1789,3.85,8,66.59649801254272
1790,4.6000000000000005,3,66.62259888648987
1791,3.55,10,66.65887093544006
1792,4.15,6,66.68954467773438
1793,3.6999999999999997,9,66.7330892086029
1794,4.0,7,66.76733493804932
1795,-1.75,15,66.81306052207947
1796,4.15,6,66.84331893920898
1797,3.4,11,67.0327742099762
1798,4.15,6,67.06540393829346
1799,4.6000000000000005,3,67.09374332427979
1800,-1.75,15,67.14190936088562
1801,3.25,12,67.17948365211487
1802,4.6000000000000005,3,67.2077488899231
1803,4.449999999999999,4,67.23520803451538
1804,4.0,7,67.26540732383728
1805,4.6000000000000005,3,67.28995537757874
1806,4.6000000000000005,3,67.31504702568054
1807,4.0,7,67.3481113910675
1808,4.75,2,67.3754358291626
1809,4.449999999999999,4,67.40290784835815
1810,-3.5,11,67.44038105010986
1811,3.85,8,67.47402334213257
1812,4.6000000000000005,3,67.49989652633667
1813,4.449999999999999,4,67.52972030639648
1814,4.75,2,67.5559630393982
1815,4.6000000000000005,3,67.58171057701111
1816,4.449999999999999,4,67.61052203178406
1817,4.3,5,67.6455066204071
1818,-1.75,15,67.69198513031006
1819,4.449999999999999,4,67.71990942955017
1820,3.85,8,67.76205682754517
1821,4.449999999999999,4,67.79151010513306
1822,4.0,7,67.8350760936737
1823,4.6000000000000005,3,67.8598701953888
1824,3.6999999999999997,9,67.90224623680115
1825,4.75,2,67.92573523521423
1826,3.4,11,67.96620440483093
1827,4.3,5,67.99386692047119
1828,4.6000000000000005,3,68.02271461486816
1829,4.15,6,68.05780076980591
1830,4.15,6,68.09277510643005
1831,3.55,10,68.13992881774902
1832,4.15,6,68.17668914794922
1833,4.75,2,68.20658826828003
1834,4.0,7,68.24242544174194
1835,4.75,2,68.26670527458191
1836,4.75,2,68.29334878921509
1837,-1.75,15,68.34220767021179
1838,4.75,2,68.36716103553772
1839,3.25,12,68.55723690986633
1840,4.75,2,68.58950114250183
1841,3.6999999999999997,9,68.62474489212036
1842,4.75,2,68.6489589214325
1843,3.6999999999999997,9,68.68681931495667
1844,4.449999999999999,4,68.71740889549255
1845,3.6999999999999997,9,68.75432419776917
1846,4.0,7,68.78450179100037
1847,4.3,5,68.81287479400635
1848,4.449999999999999,4,68.83716893196106
1849,4.9,1,68.85911965370178
1850,4.6000000000000005,3,68.88453245162964
1851,4.15,6,68.92009973526001
1852,4.0,7,68.95524334907532
1853,4.6000000000000005,3,68.98808979988098
1854,4.0,7,69.02559423446655
1855,3.6999999999999997,9,69.06907296180725
1856,3.85,8,69.10679388046265
1857,4.449999999999999,4,69.13514304161072
1858,4.449999999999999,4,69.16691470146179
1859,4.15,6,69.20322632789612
1860,4.0,7,69.2396776676178
1861,4.15,6,69.27163577079773
1862,3.4,11,69.31090593338013
1863,4.75,2,69.33900451660156
1864,4.449999999999999,4,69.36353898048401
1865,4.449999999999999,4,69.39368152618408
1866,4.15,6,69.42381358146667
1867,3.4,11,69.46244812011719
1868,4.0,7,69.49559211730957
1869,4.15,6,69.52217531204224
1870,4.6000000000000005,3,69.54527306556702
1871,3.4,11,69.58154487609863
1872,4.75,2,69.60457420349121
1873,3.4,11,69.64101457595825
1874,4.15,6,69.67211747169495
1875,4.9,1,69.69982671737671
1876,4.449999999999999,4,69.72928380966187
1877,4.15,6,69.7590503692627
1878,4.15,6,69.78964281082153
1879,4.6000000000000005,3,69.81577658653259
1880,4.15,6,69.8467903137207
1881,4.6000000000000005,3,69.87736248970032
1882,4.449999999999999,4,69.90634083747864
1883,4.75,2,69.92955875396729
1884,3.1,13,70.13710355758667
1885,4.449999999999999,4,70.17305254936218
1886,3.4,11,70.21491956710815
1887,4.6000000000000005,3,70.24385738372803
1888,-1.75,15,70.29356241226196
1889,4.449999999999999,4,70.32427382469177
1890,4.75,2,70.35260581970215
1891,3.6999999999999997,9,70.38778018951416
1892,4.75,2,70.41944074630737
1893,4.449999999999999,4,70.4486174583435
1894,4.75,2,70.4793598651886
1895,4.0,7,70.51636958122253
1896,3.4,11,70.55758118629456
1897,4.6000000000000005,3,70.58908319473267
1898,3.4,11,70.62852382659912
1899,4.6000000000000005,3,70.65960168838501
1900,4.3,5,70.690349817276
1901,4.3,5,70.72213625907898
1902,3.85,8,70.76004648208618
1903,4.0,7,70.79156184196472
1904,4.3,5,70.8210654258728
1905,3.55,10,70.85631680488586
1906,3.6999999999999997,9,70.89250087738037
1907,4.3,5,70.92880749702454
1908,4.0,7,70.9625723361969
1909,4.449999999999999,4,70.99069786071777
1910,4.15,6,71.023686170578
1911,4.6000000000000005,3,71.0528314113617
1912,4.3,5,71.08699226379395
1913,4.0,7,71.11727714538574
1914,-1.75,15,71.15798091888428
1915,4.15,6,71.1897485256195
1916,3.4,11,71.22489404678345
1917,4.449999999999999,4,71.25696969032288
1918,3.4,11,71.29760456085205
1919,3.55,10,71.33759188652039
1920,3.55,10,71.37403440475464
1921,3.4,11,71.55872583389282
1922,4.75,2,71.5874228477478
1923,4.6000000000000005,3,71.61707043647766
1924,4.15,6,71.6451907157898
1925,-1.75,15,71.68930840492249
1926,3.4,11,71.7258780002594
1927,4.6000000000000005,3,71.75509810447693
1928,3.4,11,71.79185676574707
1929,4.6000000000000005,3,71.82036876678467
1930,-1.75,15,71.86268448829651
1931,4.449999999999999,4,71.8904345035553
1932,4.449999999999999,4,71.9154999256134
1933,4.3,5,71.94143772125244
1934,4.0,7,71.97335910797119
1935,3.55,10,72.00847673416138
1936,4.9,1,72.03513073921204
1937,4.449999999999999,4,72.06456255912781
1938,4.75,2,72.08845067024231
1939,3.4,11,72.13363814353943
1940,4.449999999999999,4,72.16369557380676
1941,4.449999999999999,4,72.19368529319763
1942,4.449999999999999,4,72.22839570045471
1943,4.15,6,72.26483368873596
1944,3.85,8,72.30448532104492
1945,4.75,2,72.32916569709778
1946,4.15,6,72.3677270412445
1947,-1.75,15,72.41453528404236
1948,4.449999999999999,4,72.44602060317993
1949,4.6000000000000005,3,72.47620844841003
1950,4.15,6,72.50989961624146
1951,4.0,7,72.54274773597717
1952,4.449999999999999,4,72.57331371307373
1953,3.4,11,72.61022329330444
1954,4.3,5,72.63788604736328
1955,4.6000000000000005,3,72.66375136375427
1956,3.85,8,72.70259165763855
1957,4.15,6,72.73437547683716
1958,3.25,12,72.78483963012695
1959,4.15,6,72.82646441459656
1960,4.75,2,72.86099982261658
1961,3.4,11,72.90023446083069
1962,3.6999999999999997,9,73.08008861541748
1963,4.75,2,73.10740756988525
1964,4.75,2,73.13564467430115
1965,-3.0,1,73.15969848632812
1966,-1.75,15,73.20135879516602
1967,4.6000000000000005,3,73.22614526748657
1968,3.85,8,73.25904273986816
1969,4.9,1,73.28232836723328
1970,3.55,10,73.31946682929993
1971,4.6000000000000005,3,73.34402012825012
1972,4.15,6,73.3837149143219
1973,3.85,8,73.42065834999084
1974,4.6000000000000005,3,73.44935894012451
1975,4.3,5,73.48361015319824
1976,-1.75,15,73.53273129463196
1977,4.449999999999999,4,73.56045079231262
1978,4.15,6,73.58974981307983
1979,3.55,10,73.62885046005249
1980,4.75,2,73.6630527973175
1981,4.6000000000000005,3,73.69150471687317
1982,4.0,7,73.7335159778595
1983,4.75,2,73.75941753387451
1984,4.6000000000000005,3,73.79227018356323
1985,4.6000000000000005,3,73.82038712501526
1986,4.449999999999999,4,73.84835433959961
1987,4.6000000000000005,3,73.8774631023407
1988,4.3,5,73.90973138809204
1989,3.6999999999999997,9,73.95257759094238
1990,-3.35,8,73.9898407459259
1991,4.449999999999999,4,74.0207154750824
1992,4.449999999999999,4,74.05192923545837
1993,4.6000000000000005,3,74.07746911048889
1994,3.55,10,74.11525702476501
1995,3.6999999999999997,9,74.15809059143066
1996,4.3,5,74.18670392036438
1997,4.15,6,74.21745324134827
1998,4.15,6,74.24779653549194
1999,4.75,2,74.27319312095642
2000,3.85,8,74.31042003631592
2001,3.6999999999999997,9,74.34552812576294
2002,-1.75,15,74.39157629013062
2003,4.75,2,74.41601157188416
2004,4.15,6,74.44652390480042
2005,4.3,5,74.47617292404175
2006,4.15,6,74.65659165382385
2007,4.0,7,74.69349074363708
2008,3.6999999999999997,9,74.72683787345886
2009,3.85,8,74.76195621490479
2010,4.75,2,74.78489589691162
2011,-1.75,15,74.82594394683838
2012,4.449999999999999,4,74.85417604446411
2013,4.15,6,74.88226199150085
2014,3.6999999999999997,9,74.91666603088379
2015,4.449999999999999,4,74.94324398040771
2016,4.9,1,74.96888971328735
2017,4.6000000000000005,3,74.99605870246887
2018,4.6000000000000005,3,75.0235321521759
2019,4.3,5,75.05236411094666
2020,4.449999999999999,4,75.08274531364441
2021,4.3,5,75.114999294281
2022,3.55,10,75.15867781639099
2023,4.3,5,75.19250631332397
2024,4.6000000000000005,3,75.22241926193237
2025,4.449999999999999,4,75.25910377502441
2026,4.75,2,75.28685760498047
2027,3.85,8,75.32324361801147
2028,4.6000000000000005,3,75.35376143455505
2029,-3.2,5,75.39172983169556
2030,4.15,6,75.42567253112793
2031,3.55,10,75.46581625938416
2032,4.3,5,75.49726724624634
2033,4.75,2,75.52324986457825
2034,4.3,5,75.55524802207947
2035,4.75,2,75.58294415473938
2036,4.0,7,75.61963558197021
2037,4.449999999999999,4,75.65184211730957
2038,4.0,7,75.68529272079468
2039,3.6999999999999997,9,75.72661137580872
2040,4.75,2,75.75368118286133
2041,4.0,7,75.78544569015503
2042,4.75,2,75.8098566532135
2043,3.55,10,75.84159398078918
2044,4.3,5,75.87229537963867
2045,4.75,2,75.89543223381042
2046,-1.75,15,75.93451857566833
2047,4.75,2,75.95909786224365
2048,4.75,2,75.98739743232727
2049,3.1,13,76.02641296386719
2050,4.0,7,76.05506134033203
2051,4.449999999999999,4,76.0826768875122
2052,4.15,6,76.26801109313965
2053,3.6999999999999997,9,76.30172848701477
2054,4.449999999999999,4,76.32640242576599
2055,3.6999999999999997,9,76.36006879806519
2056,4.6000000000000005,3,76.38546180725098
2057,4.0,7,76.41484928131104
2058,4.15,6,76.44355726242065
2059,4.15,6,76.4780011177063
2060,4.3,5,76.5062050819397
2061,4.6000000000000005,3,76.53858828544617
2062,4.75,2,76.56260204315186
2063,4.6000000000000005,3,76.59264349937439
2064,4.449999999999999,4,76.62790560722351
2065,4.3,5,76.65854620933533
2066,-1.75,15,76.7064642906189
2067,3.85,8,76.74322867393494
2068,-1.75,15,76.79450798034668
2069,4.6000000000000005,3,76.83074760437012
2070,4.449999999999999,4,76.86622166633606
2071,3.85,8,76.9039249420166
2072,3.85,8,76.9401524066925
2073,4.6000000000000005,3,76.96870684623718
2074,4.0,7,77.00495076179504
2075,3.25,12,77.04752111434937
2076,4.75,2,77.07348418235779
2077,4.9,1,77.10329008102417
2078,4.449999999999999,4,77.13523459434509
2079,-1.75,15,77.18336844444275
2080,4.449999999999999,4,77.21503043174744
2081,4.3,5,77.25320982933044
2082,4.449999999999999,4,77.28762555122375
2083,3.55,10,77.32756066322327
2084,4.6000000000000005,3,77.35218811035156
2085,4.449999999999999,4,77.37801694869995
2086,3.55,10,77.41772437095642
2087,3.85,8,77.45103907585144
2088,-1.75,15,77.49665951728821
2089,4.449999999999999,4,77.52639532089233
2090,4.15,6,77.55961036682129
2091,4.6000000000000005,3,77.59379434585571
2092,4.449999999999999,4,77.76820755004883
2093,4.15,6,77.79842710494995
2094,4.15,6,77.82708287239075
2095,4.449999999999999,4,77.85260605812073
2096,4.449999999999999,4,77.87920498847961
2097,4.3,5,77.90789365768433
2098,3.55,10,77.94128060340881
2099,3.4,11,77.9756019115448
2100,3.55,10,78.01109457015991
2101,4.15,6,78.04257249832153
2102,4.75,2,78.06976222991943
2103,4.75,2,78.09445309638977
2104,4.6000000000000005,3,78.12081933021545
2105,3.4,11,78.16048312187195
2106,4.449999999999999,4,78.18904900550842
2107,4.3,5,78.21716833114624
2108,3.85,8,78.25142312049866
2109,4.449999999999999,4,78.27659773826599
2110,-1.75,15,78.3186628818512
2111,4.9,1,78.33969449996948
2112,3.25,12,78.38247156143188
2113,3.6999999999999997,9,78.4166214466095
2114,4.449999999999999,4,78.44403886795044
2115,4.6000000000000005,3,78.47717452049255
2116,4.75,2,78.50453996658325
2117,4.75,2,78.53372573852539
2118,3.6999999999999997,9,78.57004880905151
2119,4.3,5,78.59873652458191
2120,4.6000000000000005,3,78.62724280357361
2121,4.449999999999999,4,78.65854167938232
2122,4.15,6,78.69023895263672
2123,4.449999999999999,4,78.7186062335968
2124,3.55,10,78.75779557228088
2125,3.85,8,78.79357147216797
2126,4.449999999999999,4,78.82752776145935
2127,4.15,6,78.85749387741089
2128,4.449999999999999,4,78.88655757904053
2129,4.9,1,78.90999817848206
2130,3.55,10,78.94749808311462
2131,4.15,6,78.9764575958252
2132,4.15,6,79.0057144165039
2133,4.6000000000000005,3,79.03334856033325
2134,4.449999999999999,4,79.06242418289185
2135,4.0,7,79.10191178321838
2136,4.6000000000000005,3,79.12401580810547
2137,4.449999999999999,4,79.29151487350464
2138,4.9,1,79.31412744522095
2139,4.15,6,79.35023379325867
2140,3.6999999999999997,9,79.38550186157227
2141,4.6000000000000005,3,79.40778493881226
2142,4.449999999999999,4,79.43511366844177
2143,-1.75,15,79.47744417190552
2144,4.75,2,79.50240230560303
2145,4.75,2,79.52428817749023
2146,4.449999999999999,4,79.55219411849976
2147,4.6000000000000005,3,79.57470440864563
2148,3.85,8,79.60953545570374
2149,3.4,11,79.64824438095093
2150,-1.75,15,79.69213962554932
2151,3.6999999999999997,9,79.72853302955627
2152,4.6000000000000005,3,79.75340533256531
2153,4.75,2,79.77982258796692
2154,4.6000000000000005,3,79.81368041038513
2155,4.15,6,79.84694266319275
2156,4.3,5,79.8789131641388
2157,4.75,2,79.90589785575867
2158,4.75,2,79.93652319908142
2159,4.75,2,79.96115970611572
2160,4.75,2,79.98876404762268
2161,3.4,11,80.04160737991333
2162,3.6999999999999997,9,80.08751201629639
2163,4.15,6,80.126793384552
2164,4.15,6,80.16038918495178
2165,3.55,10,80.2080762386322
2166,4.6000000000000005,3,80.24046301841736
2167,4.15,6,80.27660012245178
2168,4.9,1,80.30765795707703
2169,4.75,2,80.34076809883118
2170,4.449999999999999,4,80.37491416931152
2171,4.6000000000000005,3,80.40790677070618
2172,4.0,7,80.4442036151886
2173,4.75,2,80.47276663780212
2174,3.85,8,80.50773024559021
2175,3.4,11,80.55617046356201
2176,4.3,5,80.59579849243164
2177,4.75,2,80.63848876953125
2178,4.75,2,80.68513131141663
2179,4.3,5,80.74185538291931
2180,4.9,1,80.77760076522827
2181,3.4,11,80.82471370697021
2182,-3.55,12,80.8654682636261
2183,4.75,2,80.89858055114746
2184,4.6000000000000005,3,80.93789887428284
2185,4.6000000000000005,3,80.97356057167053
2186,4.15,6,81.18571972846985
2187,4.6000000000000005,3,81.21634674072266
2188,4.75,2,81.23849368095398
2189,4.6000000000000005,3,81.26566052436829
2190,3.6999999999999997,9,81.29850220680237
2191,3.85,8,81.32984256744385
2192,4.15,6,81.36052393913269
2193,-1.75,15,81.40334963798523
2194,-1.75,15,81.44963717460632
2195,3.85,8,81.48517155647278
2196,4.449999999999999,4,81.51237750053406
2197,4.75,2,81.54177927970886
2198,4.75,2,81.57140803337097
2199,4.9,1,81.59505319595337
2200,3.6999999999999997,9,81.63593530654907
2201,4.3,5,81.66867446899414
2202,4.0,7,81.71042466163635
2203,4.75,2,81.73700976371765
2204,-1.75,15,81.78163409233093
2205,4.449999999999999,4,81.81730699539185
2206,4.75,2,81.84575581550598
2207,4.0,7,81.88536190986633
2208,3.4,11,81.92470741271973
2209,4.0,7,81.95959210395813
2210,4.449999999999999,4,81.9887342453003
2211,4.15,6,82.02411603927612
2212,4.0,7,82.05940055847168
2213,4.75,2,82.08254861831665
2214,3.4,11,82.11929774284363
2215,4.75,2,82.14285945892334
2216,4.449999999999999,4,82.1738543510437
2217,4.75,2,82.2066023349762
2218,4.3,5,82.24204277992249
2219,3.4,11,82.28727340698242
2220,4.449999999999999,4,82.32039642333984
2221,4.449999999999999,4,82.35290479660034
2222,4.449999999999999,4,82.38518142700195
2223,4.3,5,82.41547846794128
2224,-1.75,15,82.45737385749817
2225,4.6000000000000005,3,82.48573589324951
2226,4.75,2,82.51092195510864
2227,4.0,7,82.54730772972107
2228,3.6999999999999997,9,82.72644329071045
2229,3.4,11,82.7667019367218
2230,3.85,8,82.79994797706604
2231,4.75,2,82.82400345802307
2232,3.6999999999999997,9,82.8609266281128
2233,4.15,6,82.88833236694336
2234,4.75,2,82.90934371948242
2235,4.3,5,82.93675589561462
2236,4.15,6,82.96751260757446
2237,4.15,6,82.99456095695496
2238,4.15,6,83.0243706703186
2239,4.6000000000000005,3,83.04993033409119
2240,4.3,5,83.07791948318481
2241,4.3,5,83.10783553123474
2242,3.55,10,83.15002584457397
2243,-1.75,15,83.19621849060059
2244,4.75,2,83.22540259361267
2245,4.449999999999999,4,83.2558810710907
2246,3.85,8,83.29062557220459
2247,3.85,8,83.32947206497192
2248,3.85,8,83.36953711509705
2249,4.449999999999999,4,83.40587377548218
2250,4.75,2,83.44046020507812
2251,3.25,12,83.49050760269165
2252,4.15,6,83.52573919296265
2253,4.9,1,83.55687665939331
2254,4.6000000000000005,3,83.59149265289307
2255,4.3,5,83.6276798248291
2256,3.85,8,83.66757655143738
2257,3.25,12,83.71529078483582
2258,3.85,8,83.75504899024963
2259,4.0,7,83.7951819896698
2260,4.15,6,83.82654190063477
2261,4.6000000000000005,3,83.85752606391907
2262,4.449999999999999,4,83.885324716568
2263,4.449999999999999,4,83.91644167900085
2264,4.3,5,83.94677567481995
2265,4.75,2,83.9715735912323
2266,4.6000000000000005,3,83.99917340278625
2267,4.0,7,84.03399014472961
2268,4.0,7,84.06304907798767
2269,4.3,5,84.09235787391663
2270,4.75,2,84.11758255958557
2271,4.3,5,84.14881730079651
2272,4.75,2,84.17987132072449
2273,4.0,7,84.3532063961029
2274,4.15,6,84.39305353164673
2275,3.55,10,84.43237662315369
2276,4.449999999999999,4,84.46511125564575
2277,-1.75,15,84.51784229278564
2278,4.449999999999999,4,84.54517483711243
2279,3.4,11,84.58028244972229
2280,4.449999999999999,4,84.61156105995178
2281,-1.75,15,84.66617274284363
2282,3.55,10,84.71061515808105
2283,4.0,7,84.75362133979797
2284,3.85,8,84.79062485694885
2285,-1.75,15,84.84643507003784
2286,4.75,2,84.88423585891724
2287,4.3,5,84.91458010673523
2288,3.55,10,84.9549720287323
2289,4.0,7,84.99330687522888
2290,4.0,7,85.03529787063599
2291,4.15,6,85.07019996643066
2292,4.6000000000000005,3,85.09363985061646
2293,-1.75,15,85.14191675186157
2294,4.449999999999999,4,85.17096662521362
2295,4.449999999999999,4,85.19915914535522
2296,4.0,7,85.23040246963501
2297,3.85,8,85.26883339881897
2298,4.75,2,85.29833984375
2299,4.0,7,85.33578729629517
2300,4.0,7,85.36686420440674
2301,3.85,8,85.40061402320862
2302,-1.75,15,85.44370031356812
2303,4.6000000000000005,3,85.47006058692932
2304,4.6000000000000005,3,85.49679183959961
2305,4.15,6,85.52891325950623
2306,3.85,8,85.56568598747253
2307,4.3,5,85.74208760261536
2308,3.55,10,85.77911567687988
2309,3.6999999999999997,9,85.81875205039978
2310,-1.75,15,85.85795021057129
2311,4.15,6,85.88620734214783
2312,4.6000000000000005,3,85.90836000442505
2313,4.6000000000000005,3,85.93099904060364
2314,3.85,8,85.9631245136261
2315,-1.75,15,86.00325465202332
2316,4.0,7,86.0364716053009
2317,4.449999999999999,4,86.0682635307312
2318,4.9,1,86.09113311767578
2319,4.9,1,86.11240315437317
2320,3.55,10,86.15010213851929
2321,4.0,7,86.18307328224182
2322,4.15,6,86.21881222724915
2323,-1.75,15,86.26904797554016
2324,3.55,10,86.31871008872986
2325,-1.75,15,86.36930799484253
2326,3.85,8,86.40956854820251
2327,4.449999999999999,4,86.43883657455444
2328,4.3,5,86.47509527206421
2329,3.55,10,86.51542067527771
2330,4.75,2,86.54156470298767
2331,3.25,12,86.58643198013306
2332,4.6000000000000005,3,86.61477446556091
2333,3.55,10,86.65174770355225
2334,3.4,11,86.69049215316772
2335,3.55,10,86.72825503349304
2336,3.6999999999999997,9,86.77177596092224
2337,3.85,8,86.80906820297241
2338,4.75,2,86.84394645690918
2339,4.0,7,86.88653254508972
2340,4.449999999999999,4,86.91371178627014
2341,4.9,1,86.93630290031433
2342,4.6000000000000005,3,86.96879076957703
2343,-3.15,4,87.18855881690979
2344,4.3,5,87.22137713432312
2345,4.0,7,87.26039791107178
2346,-1.75,15,87.30751657485962
2347,4.15,6,87.3434329032898
2348,3.6999999999999997,9,87.38353419303894
2349,3.4,11,87.42634057998657
2350,-1.75,15,87.48428225517273
2351,4.6000000000000005,3,87.51291275024414
2352,4.15,6,87.54998755455017
2353,4.449999999999999,4,87.57848525047302
2354,4.3,5,87.6120593547821
2355,3.25,12,87.65284419059753
2356,-1.75,15,87.69547986984253
2357,4.15,6,87.72847843170166
2358,4.6000000000000005,3,87.75499606132507
2359,4.6000000000000005,3,87.78154563903809
2360,4.3,5,87.81176996231079
2361,4.449999999999999,4,87.84274935722351
2362,-1.75,15,87.89817953109741
2363,4.449999999999999,4,87.92596912384033
2364,4.75,2,87.95561289787292
2365,4.9,1,87.9807198047638
2366,3.85,8,88.01821970939636
2367,4.6000000000000005,3,88.04939937591553
2368,3.6999999999999997,9,88.0917317867279
2369,4.75,2,88.12205719947815
2370,3.4,11,88.16019320487976
2371,4.75,2,88.19091176986694
2372,4.0,7,88.23013401031494
2373,4.449999999999999,4,88.26191449165344
2374,4.6000000000000005,3,88.29653978347778
2375,4.449999999999999,4,88.33596992492676
2376,4.449999999999999,4,88.37147378921509
2377,4.6000000000000005,3,88.4011824131012
2378,4.75,2,88.43736481666565
2379,3.6999999999999997,9,88.48712873458862
2380,4.9,1,88.51914811134338
2381,4.75,2,88.55961871147156
2382,4.449999999999999,4,88.59930968284607
2383,4.449999999999999,4,88.6369514465332
2384,4.3,5,88.66868877410889
2385,4.9,1,88.6934142112732
2386,4.449999999999999,4,88.72349977493286
2387,4.75,2,88.75098586082458
2388,4.15,6,88.92694664001465
2389,3.55,10,88.96036553382874
2390,-1.75,15,89.00444436073303
2391,4.15,6,89.03588819503784
2392,4.449999999999999,4,89.06343412399292
2393,4.9,1,89.08982110023499
2394,4.75,2,89.12393593788147
2395,3.6999999999999997,9,89.15985822677612
2396,3.4,11,89.19738936424255
2397,4.3,5,89.22591042518616
2398,4.3,5,89.25879549980164
2399,4.6000000000000005,3,89.28887414932251
2400,4.0,7,89.32093548774719
2401,3.6999999999999997,9,89.3549370765686
2402,4.75,2,89.38469624519348
2403,4.75,2,89.4168484210968
2404,4.9,1,89.44620203971863
2405,4.6000000000000005,3,89.47424030303955
2406,4.6000000000000005,3,89.51028847694397
2407,4.0,7,89.55086374282837
2408,4.15,6,89.58557486534119
2409,3.25,12,89.628573179245
2410,4.449999999999999,4,89.66024160385132
2411,4.3,5,89.69656348228455
2412,4.3,5,89.73384213447571
2413,4.3,5,89.7684395313263
2414,4.15,6,89.79855346679688
2415,-1.75,15,89.84012651443481
2416,4.6000000000000005,3,89.87005066871643
2417,4.15,6,89.90434837341309
2418,4.3,5,89.93408012390137
2419,3.1,13,89.974858045578
2420,4.75,2,89.99975657463074
2421,-1.75,15,90.03976130485535
2422,-1.75,15,90.08157205581665
2423,4.75,2,90.10782408714294
2424,4.449999999999999,4,90.14045548439026
2425,-1.75,15,90.19624471664429
2426,4.75,2,90.22754526138306
2427,3.6999999999999997,9,90.42005205154419
2428,4.449999999999999,4,90.44754266738892
2429,3.85,8,90.48342275619507
2430,4.0,7,90.5142924785614
2431,4.75,2,90.53748631477356
2432,3.4,11,90.5834047794342
2433,3.85,8,90.61905407905579
2434,4.3,5,90.65116333961487
2435,3.6999999999999997,9,90.68807744979858
2436,-1.75,15,90.72995734214783
2437,3.85,8,90.76081657409668
2438,4.6000000000000005,3,90.78441834449768
2439,4.15,6,90.81437659263611
2440,3.55,10,90.8484115600586
2441,4.15,6,90.88027119636536
2442,4.449999999999999,4,90.90651059150696
2443,4.3,5,90.9358561038971
2444,4.75,2,90.9619688987732
2445,4.75,2,90.98852825164795
2446,4.6000000000000005,3,91.03217387199402
2447,4.75,2,91.06987953186035
2448,4.3,5,91.11092805862427
2449,4.15,6,91.15590310096741
2450,4.9,1,91.19263577461243
2451,4.449999999999999,4,91.23139905929565
2452,-1.75,15,91.28478813171387
2453,3.25,12,91.33276700973511
2454,4.3,5,91.37224197387695
2455,4.6000000000000005,3,91.40524339675903
2456,4.9,1,91.43298578262329
2457,3.25,12,91.4781482219696
2458,3.85,8,91.52049136161804
2459,3.6999999999999997,9,91.56292366981506
2460,4.15,6,91.59615063667297
2461,4.0,7,91.63146805763245
2462,4.449999999999999,4,91.65801000595093
2463,4.3,5,91.68869614601135
2464,4.6000000000000005,3,91.72108459472656
2465,4.6000000000000005,3,91.75393199920654
2466,4.15,6,91.79169368743896
2467,3.6999999999999997,9,91.82850742340088
2468,4.3,5,91.85772967338562
2469,4.15,6,91.89058685302734
2470,3.4,11,92.07319259643555
2471,3.4,11,92.11106324195862
2472,4.6000000000000005,3,92.13789439201355
2473,4.0,7,92.17447638511658
2474,4.9,1,92.20512771606445
2475,4.15,6,92.23612260818481
2476,3.55,10,92.27243208885193
2477,-1.75,15,92.31294298171997
2478,-1.75,15,92.3551812171936
2479,4.6000000000000005,3,92.38412261009216
2480,4.15,6,92.4132399559021
2481,3.4,11,92.45158982276917
2482,3.85,8,92.4907557964325
2483,3.1,13,92.5334837436676
2484,4.75,2,92.55535459518433
2485,4.449999999999999,4,92.5867350101471
2486,4.6000000000000005,3,92.61546397209167
2487,-1.75,15,92.65958404541016
2488,4.449999999999999,4,92.6965663433075
2489,4.3,5,92.73008418083191
2490,3.85,8,92.76685237884521
2491,3.6999999999999997,9,92.80198979377747
2492,3.4,11,92.8418116569519
2493,4.75,2,92.86994361877441
2494,3.4,11,92.9173686504364
2495,4.75,2,92.94435000419617
2496,3.4,11,92.98512506484985
2497,4.3,5,93.01519536972046
2498,4.3,5,93.04581904411316
2499,4.6000000000000005,3,93.07558107376099
2500,4.15,6,93.10720586776733
2501,4.75,2,93.13403558731079
2502,3.85,8,93.17005157470703
2503,3.85,8,93.20548248291016
2504,-1.75,15,93.41408705711365
2505,3.85,8,93.45764780044556
2506,4.0,7,93.49817299842834
2507,4.75,2,93.52472734451294
2508,4.449999999999999,4,93.55618834495544
2509,4.15,6,93.58957147598267
2510,4.449999999999999,4,93.61800169944763
2511,4.9,1,93.64169120788574
2512,4.449999999999999,4,93.67186427116394
2513,4.6000000000000005,3,93.70117235183716
2514,3.6999999999999997,9,93.73548650741577
2515,3.25,12,93.77912044525146
2516,4.0,7,93.81162858009338
2517,4.9,1,93.83500266075134
2518,3.55,10,93.87010455131531
2519,4.0,7,93.9004168510437
2520,-1.75,15,93.93902111053467
2521,4.6000000000000005,3,93.96724605560303
2522,4.75,2,94.00017356872559
2523,4.75,2,94.02233338356018
2524,4.75,2,94.04803228378296
2525,3.4,11,94.08766078948975
2526,3.85,8,94.12507104873657
2527,4.0,7,94.16688299179077
2528,4.3,5,94.19872903823853
2529,4.0,7,94.23461103439331
2530,3.4,11,94.27554202079773
2531,4.0,7,94.3159658908844
2532,3.55,10,94.35773706436157
2533,3.85,8,94.39459657669067
2534,3.25,12,94.44070315361023
2535,4.0,7,94.47707772254944
2536,3.55,10,94.51753234863281
2537,4.3,5,94.54825401306152
2538,4.75,2,94.57312870025635
2539,4.6000000000000005,3,94.59920310974121
2540,4.75,2,94.6244490146637
2541,3.1,13,94.67342495918274
2542,4.449999999999999,4,94.70458316802979
2543,4.15,6,94.73680520057678
2544,4.6000000000000005,3,94.76307940483093
2545,3.6999999999999997,9,94.93174076080322
2546,4.449999999999999,4,94.95644664764404
2547,4.0,7,94.99327564239502
2548,4.75,2,95.01787805557251
2549,3.85,8,95.05236792564392
2550,3.85,8,95.08643698692322
2551,4.449999999999999,4,95.11639142036438
2552,4.6000000000000005,3,95.13918495178223
2553,4.9,1,95.16391682624817
2554,4.75,2,95.18645739555359
2555,4.449999999999999,4,95.21644401550293
2556,4.0,7,95.24923968315125
2557,4.3,5,95.28031277656555
2558,4.15,6,95.31118488311768
2559,4.6000000000000005,3,95.33657264709473
2560,4.15,6,95.36711645126343
2561,4.75,2,95.39451551437378
2562,4.75,2,95.42049980163574
2563,-1.75,15,95.46582198143005
2564,4.449999999999999,4,95.49649047851562
2565,4.0,7,95.53125238418579
2566,3.85,8,95.56698489189148
2567,4.15,6,95.59699869155884
2568,4.75,2,95.62043952941895
2569,3.55,10,95.65375852584839
2570,3.85,8,95.6869900226593
2571,4.0,7,95.7173273563385
2572,3.25,12,95.75945520401001
2573,-3.4,9,95.80062508583069
2574,3.85,8,95.83790278434753
2575,3.85,8,95.87370228767395
2576,3.6999999999999997,9,95.91309213638306
2577,-1.75,15,95.95852017402649
2578,2.8,15,96.00488185882568
2579,4.449999999999999,4,96.03857135772705
2580,4.6000000000000005,3,96.0673508644104
2581,4.6000000000000005,3,96.09440112113953
2582,-3.25,6,96.12633919715881
2583,4.15,6,96.16149282455444
2584,4.75,2,96.18923354148865
2585,4.449999999999999,4,96.2227737903595
2586,4.6000000000000005,3,96.25281143188477
2587,4.9,1,96.27562141418457
2588,3.4,11,96.47265458106995
2589,3.55,10,96.50935888290405
2590,4.0,7,96.54229760169983
2591,3.6999999999999997,9,96.57859873771667
2592,3.6999999999999997,9,96.61222338676453
2593,3.4,11,96.65491652488708
2594,4.75,2,96.68158674240112
2595,-1.75,15,96.73096919059753
2596,3.4,11,96.77328038215637
2597,3.6999999999999997,9,96.80932211875916
2598,3.25,12,96.8472192287445
2599,4.0,7,96.87741708755493
2600,4.449999999999999,4,96.90849590301514
2601,4.0,7,96.9478006362915
2602,4.449999999999999,4,96.97498798370361
2603,4.6000000000000005,3,97.0081238746643
2604,4.15,6,97.04105615615845
2605,4.9,1,97.06510996818542
2606,4.3,5,97.09337496757507
2607,4.75,2,97.11929321289062
2608,4.75,2,97.15689063072205
2609,4.6000000000000005,3,97.18258309364319
2610,4.15,6,97.21342587471008
2611,4.449999999999999,4,97.23923683166504
2612,4.3,5,97.2715482711792
2613,4.449999999999999,4,97.29742765426636
2614,4.6000000000000005,3,97.32469820976257
2615,4.449999999999999,4,97.35285329818726
2616,4.449999999999999,4,97.3809826374054
2617,3.55,10,97.42051982879639
2618,4.6000000000000005,3,97.45106768608093
2619,4.449999999999999,4,97.48415994644165
2620,3.4,11,97.52703166007996
2621,4.6000000000000005,3,97.55539965629578
2622,4.3,5,97.59074234962463
2623,4.449999999999999,4,97.6217029094696
2624,4.15,6,97.6604859828949
2625,4.3,5,97.69704461097717
2626,4.449999999999999,4,97.72549962997437
2627,3.6999999999999997,9,97.76337027549744
2628,3.55,10,97.80083012580872
2629,4.6000000000000005,3,97.83059787750244
2630,3.6999999999999997,9,98.0075032711029
2631,4.6000000000000005,3,98.03988838195801
2632,4.3,5,98.06940150260925
2633,4.0,7,98.09984540939331
2634,4.3,5,98.12979316711426
2635,3.85,8,98.16468548774719
2636,-1.75,15,98.2102861404419
2637,4.6000000000000005,3,98.23639464378357
2638,4.3,5,98.26853227615356
2639,3.55,10,98.30279994010925
2640,4.75,2,98.32446765899658
2641,3.6999999999999997,9,98.35742902755737
2642,4.6000000000000005,3,98.3861072063446
2643,4.0,7,98.42167949676514
2644,4.75,2,98.44832944869995
2645,-1.75,15,98.49481391906738
2646,4.9,1,98.52098679542542
2647,4.15,6,98.5546395778656
2648,4.15,6,98.58704900741577
2649,4.15,6,98.62112998962402
2650,4.15,6,98.65629363059998
2651,3.6999999999999997,9,98.69717860221863
2652,4.449999999999999,4,98.72593450546265
2653,4.449999999999999,4,98.75581526756287
2654,4.3,5,98.78269934654236
2655,-3.4,9,98.82156085968018
2656,4.449999999999999,4,98.85019779205322
2657,4.3,5,98.88887786865234
2658,-1.75,15,98.93495345115662
2659,-1.75,15,98.98173999786377
2660,4.0,7,99.01521253585815
2661,4.6000000000000005,3,99.04244923591614
2662,4.3,5,99.07641530036926
2663,4.3,5,99.11629319190979
2664,-1.75,15,99.1690661907196
2665,4.449999999999999,4,99.20246911048889
2666,4.449999999999999,4,99.23454689979553
2667,3.85,8,99.27699208259583
2668,4.3,5,99.46174716949463
2669,4.6000000000000005,3,99.48993015289307
2670,4.6000000000000005,3,99.51814270019531
2671,4.9,1,99.54003572463989
2672,4.75,2,99.56703996658325
2673,4.3,5,99.60021162033081
2674,4.9,1,99.62130522727966
2675,4.75,2,99.64676690101624
2676,4.449999999999999,4,99.67473936080933
2677,-3.05,2,99.70638537406921
2678,3.85,8,99.73707747459412
2679,4.449999999999999,4,99.76548600196838
2680,4.6000000000000005,3,99.79325914382935
2681,4.0,7,99.83104109764099
2682,3.4,11,99.87288856506348
2683,4.6000000000000005,3,99.90055060386658
2684,-1.75,15,99.94465756416321
2685,4.0,7,99.98253130912781
2686,4.3,5,100.01155066490173
2687,4.3,5,100.041184425354
2688,3.55,10,100.0818133354187
2689,4.75,2,100.11023712158203
2690,4.6000000000000005,3,100.13773274421692
2691,4.75,2,100.16491723060608
2692,4.6000000000000005,3,100.18947553634644
2693,4.449999999999999,4,100.22422051429749
2694,4.0,7,100.25746440887451
2695,4.15,6,100.29362463951111
2696,4.6000000000000005,3,100.31946015357971
2697,3.4,11,100.36314916610718
2698,4.3,5,100.39509224891663
2699,4.3,5,100.42348027229309
2700,4.15,6,100.45732951164246
2701,4.449999999999999,4,100.49537539482117
2702,4.15,6,100.53270721435547
2703,3.6999999999999997,9,100.57548999786377
2704,-1.75,15,100.63337278366089
2705,4.6000000000000005,3,100.66250872612
2706,4.15,6,100.69170188903809
2707,3.85,8,100.72696828842163
2708,4.75,2,100.75378370285034
2709,4.3,5,100.78374099731445
2710,3.6999999999999997,9,100.81803107261658
2711,3.6999999999999997,9,100.85491561889648
2712,4.3,5,100.88575649261475
2713,4.3,5,100.91769409179688
2714,3.85,8,100.95377373695374
2715,-1.75,15,101.17492580413818
2716,3.6999999999999997,9,101.21613955497742
2717,4.6000000000000005,3,101.24136686325073
2718,3.25,12,101.28698992729187
2719,4.75,2,101.31033825874329
2720,4.3,5,101.33825516700745
2721,-1.75,15,101.38403105735779
2722,4.15,6,101.42217540740967
2723,4.6000000000000005,3,101.44874811172485
2724,4.75,2,101.47369408607483
2725,4.6000000000000005,3,101.50129008293152
2726,4.75,2,101.5302848815918
2727,4.6000000000000005,3,101.5534303188324
2728,4.6000000000000005,3,101.58206820487976
2729,4.75,2,101.60706782341003
2730,-1.75,15,101.65526056289673
2731,4.0,7,101.68818783760071
2732,4.75,2,101.71544575691223
2733,4.3,5,101.74648594856262
2734,4.449999999999999,4,101.77230620384216
2735,4.449999999999999,4,101.80100893974304
2736,4.3,5,101.83194255828857
2737,4.0,7,101.86699390411377
2738,4.15,6,101.89813446998596
2739,4.15,6,101.92993402481079
2740,3.6999999999999997,9,101.96288585662842
2741,3.55,10,102.00231122970581
2742,4.75,2,102.02883982658386
2743,4.9,1,102.05645847320557
2744,4.9,1,102.08151316642761
2745,4.0,7,102.12033295631409
2746,4.15,6,102.15380692481995
2747,4.75,2,102.18195247650146
2748,3.4,11,102.22221946716309
2749,4.75,2,102.24935793876648
2750,3.85,8,102.28445434570312
2751,3.6999999999999997,9,102.31892275810242
2752,4.6000000000000005,3,102.34610891342163
2753,3.4,11,102.3868145942688
2754,3.1,13,102.4362678527832
2755,4.449999999999999,4,102.46710968017578
2756,-1.75,15,102.67532777786255
2757,4.449999999999999,4,102.70424365997314
2758,4.15,6,102.73622131347656
2759,4.6000000000000005,3,102.76405143737793
2760,4.449999999999999,4,102.79187870025635
2761,4.449999999999999,4,102.82799124717712
2762,4.0,7,102.85982918739319
2763,4.15,6,102.88942074775696
2764,3.6999999999999997,9,102.92344379425049
2765,3.1,13,102.96289324760437
2766,4.3,5,102.99280047416687
2767,4.0,7,103.02707076072693
2768,4.15,6,103.0552282333374
2769,4.15,6,103.08603405952454
2770,3.55,10,103.12115669250488
2771,3.85,8,103.15193605422974
2772,3.85,8,103.18352222442627
2773,3.55,10,103.22209644317627
2774,4.449999999999999,4,103.24946641921997
2775,4.6000000000000005,3,103.27195310592651
2776,3.4,11,103.3190426826477
2777,4.6000000000000005,3,103.34658288955688
2778,3.4,11,103.38279151916504
2779,4.6000000000000005,3,103.40837907791138
2780,4.6000000000000005,3,103.43657970428467
2781,4.3,5,103.47240400314331
2782,4.15,6,103.50758934020996
2783,3.85,8,103.5520989894867
2784,4.75,2,103.58424305915833
2785,4.75,2,103.61878800392151
2786,4.449999999999999,4,103.65800952911377
2787,4.0,7,103.69760870933533
2788,4.75,2,103.72512483596802
2789,-1.75,15,103.78050875663757
2790,4.15,6,103.81497597694397
2791,4.6000000000000005,3,103.84019923210144
2792,4.0,7,103.87421226501465
2793,3.55,10,103.91316103935242
2794,4.75,2,103.93628883361816
2795,4.6000000000000005,3,103.9625916481018
2796,4.449999999999999,4,103.99126243591309
2797,3.6999999999999997,9,104.03046035766602
2798,4.15,6,104.21235632896423
2799,4.15,6,104.24087619781494
2800,-1.75,15,104.2856216430664
2801,4.6000000000000005,3,104.31648397445679
2802,4.75,2,104.3463225364685
2803,3.25,12,104.39007067680359
2804,4.0,7,104.42260837554932
2805,4.449999999999999,4,104.45116114616394
2806,3.6999999999999997,9,104.48971104621887
2807,3.6999999999999997,9,104.52965331077576
2808,4.449999999999999,4,104.56277465820312
2809,3.85,8,104.59754991531372
2810,4.449999999999999,4,104.62613224983215
2811,-3.35,8,104.66161513328552
2812,4.449999999999999,4,104.69185543060303
2813,-3.5,11,104.72985768318176
2814,4.3,5,104.75630807876587
2815,4.0,7,104.79000616073608
2816,4.75,2,104.81551718711853
2817,3.85,8,104.84759736061096
2818,4.449999999999999,4,104.87375712394714
2819,4.75,2,104.89779424667358
2820,3.55,10,104.93160963058472
2821,4.0,7,104.96129393577576
2822,3.4,11,104.99887037277222
2823,3.85,8,105.03149890899658
2824,4.75,2,105.0546600818634
2825,3.6999999999999997,9,105.092111825943
2826,4.6000000000000005,3,105.11917352676392
2827,4.0,7,105.15605068206787
2828,4.0,7,105.1885781288147
2829,4.0,7,105.22234296798706
2830,4.449999999999999,4,105.25468635559082
2831,3.6999999999999997,9,105.29809260368347
2832,3.4,11,105.34098887443542
2833,4.0,7,105.37458157539368
2834,-1.75,15,105.43176341056824
2835,4.6000000000000005,3,105.46679949760437
2836,4.449999999999999,4,105.68309760093689
2837,3.85,8,105.72201633453369
2838,4.6000000000000005,3,105.75269913673401
2839,4.75,2,105.78317713737488
2840,4.0,7,105.81454586982727
2841,4.6000000000000005,3,105.84020924568176
2842,3.85,8,105.87295889854431
2843,4.75,2,105.900808095932
2844,4.9,1,105.92588543891907
2845,4.15,6,105.9574646949768
2846,4.3,5,105.99219250679016
2847,4.6000000000000005,3,106.02243614196777
2848,3.4,11,106.0653748512268
2849,4.0,7,106.106210231781
2850,4.0,7,106.13966035842896
2851,4.75,2,106.16559076309204
2852,4.6000000000000005,3,106.19396185874939
2853,3.4,11,106.23274326324463
2854,4.9,1,106.25404763221741
2855,4.0,7,106.28759431838989
2856,4.75,2,106.3194899559021
2857,4.449999999999999,4,106.34610915184021
2858,4.15,6,106.37468075752258
2859,4.449999999999999,4,106.4013180732727
2860,4.3,5,106.43332934379578
2861,4.6000000000000005,3,106.45875191688538
2862,4.6000000000000005,3,106.48668169975281
2863,3.55,10,106.52408003807068
2864,4.6000000000000005,3,106.55156183242798
2865,4.449999999999999,4,106.58526754379272
2866,4.9,1,106.61267805099487
2867,4.15,6,106.64446711540222
2868,4.9,1,106.66690135002136
2869,3.6999999999999997,9,106.70526766777039
2870,4.75,2,106.73135423660278
2871,4.75,2,106.75751090049744
2872,4.449999999999999,4,106.7857768535614
2873,4.75,2,106.81281900405884
2874,4.3,5,106.84618592262268
2875,3.4,11,106.89289689064026
2876,4.6000000000000005,3,106.92440533638
2877,3.25,12,106.97207951545715
2878,4.75,2,107.00271964073181
2879,4.6000000000000005,3,107.03930902481079
2880,3.25,12,107.08884954452515
2881,3.6999999999999997,9,107.12557816505432
2882,3.4,11,107.16696214675903
2883,4.75,2,107.1894178390503
2884,4.6000000000000005,3,107.21963763237
2885,4.9,1,107.24382734298706
2886,3.55,10,107.29347586631775
2887,4.15,6,107.47156000137329
2888,4.3,5,107.50038409233093
2889,4.15,6,107.53186774253845
2890,3.6999999999999997,9,107.56549763679504
2891,4.449999999999999,4,107.59285259246826
2892,3.85,8,107.63563394546509
2893,4.75,2,107.66334199905396
2894,4.75,2,107.68746733665466
2895,3.6999999999999997,9,107.73416781425476
2896,4.449999999999999,4,107.76377725601196
2897,4.75,2,107.78725624084473
2898,3.4,11,107.82541728019714
2899,4.0,7,107.8604953289032
2900,4.3,5,107.88983726501465
2901,4.6000000000000005,3,107.91718626022339
2902,4.6000000000000005,3,107.94082021713257
2903,4.75,2,107.9668321609497
2904,4.75,2,107.99107265472412
2905,3.6999999999999997,9,108.02821350097656
2906,4.15,6,108.05679249763489
2907,4.3,5,108.09048414230347
2908,4.6000000000000005,3,108.11632132530212
2909,4.449999999999999,4,108.14077377319336
2910,4.6000000000000005,3,108.16959714889526
2911,4.75,2,108.19615459442139
2912,4.9,1,108.21802234649658
2913,4.6000000000000005,3,108.24661135673523
2914,4.75,2,108.27769017219543
2915,4.6000000000000005,3,108.31362533569336
2916,4.6000000000000005,3,108.3450403213501
2917,4.75,2,108.37205958366394
2918,-1.75,15,108.43134713172913
2919,-1.75,15,108.485595703125
2920,4.15,6,108.51924800872803
2921,4.3,5,108.55101227760315
2922,4.449999999999999,4,108.58685421943665
2923,4.0,7,108.62839961051941
2924,-1.75,15,108.68292117118835
2925,4.15,6,108.71420431137085
2926,-1.75,15,108.7645194530487
2927,4.449999999999999,4,108.79207587242126
2928,4.449999999999999,4,108.82735276222229
2929,4.15,6,108.85857033729553
2930,4.0,7,108.88695192337036
2931,4.75,2,108.91243815422058
2932,3.85,8,108.94518566131592
2933,4.449999999999999,4,109.12513732910156
2934,4.75,2,109.14977502822876
2935,3.55,10,109.1823480129242
2936,4.15,6,109.21164584159851
2937,4.449999999999999,4,109.23853468894958
2938,4.75,2,109.2662353515625
2939,3.55,10,109.30194354057312
2940,4.3,5,109.33493185043335
2941,4.6000000000000005,3,109.36266231536865
2942,3.25,12,109.40228962898254
2943,3.85,8,109.4332492351532
2944,4.0,7,109.46493124961853
2945,4.75,2,109.48952794075012
2946,4.6000000000000005,3,109.52059268951416
2947,3.55,10,109.55497813224792
2948,4.3,5,109.58718967437744
2949,4.449999999999999,4,109.61592483520508
2950,3.55,10,109.6555802822113
2951,4.15,6,109.68654084205627
2952,3.6999999999999997,9,109.72537279129028
2953,4.75,2,109.74991178512573
2954,4.75,2,109.77340650558472
2955,4.449999999999999,4,109.80406522750854
2956,4.3,5,109.83595204353333
2957,3.55,10,109.87190890312195
2958,4.449999999999999,4,109.90170335769653
2959,-3.4,9,109.9393265247345
2960,4.75,2,109.96306252479553
2961,4.15,6,109.99376559257507
2962,4.75,2,110.02300119400024
2963,4.6000000000000005,3,110.05333971977234
2964,4.3,5,110.08536696434021
2965,4.75,2,110.11265516281128
2966,4.449999999999999,4,110.14008140563965
2967,3.25,12,110.18829727172852
2968,4.15,6,110.22149968147278
2969,4.15,6,110.25419068336487
2970,2.9499999999999997,14,110.30758857727051
2971,4.75,2,110.33765649795532
2972,4.75,2,110.36295294761658
2973,4.15,6,110.39868879318237
2974,4.75,2,110.43028163909912
2975,4.15,6,110.46589350700378
2976,3.25,12,110.5058844089508
2977,4.6000000000000005,3,110.53060293197632
2978,-1.75,15,110.73318409919739
2979,3.6999999999999997,9,110.77105212211609
2980,4.6000000000000005,3,110.79829931259155
2981,4.75,2,110.82452011108398
2982,4.449999999999999,4,110.85065817832947
2983,4.75,2,110.88017272949219
2984,4.9,1,110.89935421943665
2985,4.0,7,110.9322361946106
2986,3.4,11,110.97020626068115
2987,4.0,7,111.00304126739502
2988,4.3,5,111.03272867202759
2989,3.4,11,111.08281111717224
2990,4.75,2,111.10623526573181
2991,3.85,8,111.14547801017761
2992,4.15,6,111.18053460121155
2993,3.85,8,111.21188497543335
2994,3.85,8,111.24616289138794
2995,4.449999999999999,4,111.27309226989746
2996,4.75,2,111.29770565032959
2997,3.6999999999999997,9,111.33149814605713
2998,4.75,2,111.35408568382263
2999,4.6000000000000005,3,111.3841941356659
3000,-1.75,15,111.42859935760498
3001,4.0,7,111.46032094955444
3002,4.15,6,111.49533033370972
3003,3.85,8,111.53532695770264
3004,4.9,1,111.56182765960693
3005,3.6999999999999997,9,111.59900379180908
3006,3.25,12,111.64143657684326
3007,4.75,2,111.66730332374573
3008,4.6000000000000005,3,111.70169496536255
3009,4.0,7,111.73779392242432
3010,4.75,2,111.76546621322632
3011,4.449999999999999,4,111.79457592964172
3012,4.449999999999999,4,111.82798194885254
3013,4.9,1,111.85132598876953
3014,4.0,7,111.88867974281311
3015,4.75,2,111.91478776931763
3016,4.3,5,111.94572305679321
3017,4.3,5,111.97656488418579
3018,-3.5,11,112.02854800224304
3019,4.15,6,112.06124019622803
3020,4.9,1,112.08229637145996
3021,4.75,2,112.10431265830994
3022,4.449999999999999,4,112.13474869728088
3023,4.75,2,112.16162133216858
3024,4.9,1,112.1845064163208
3025,3.85,8,112.36276817321777
3026,3.85,8,112.39799571037292
3027,4.75,2,112.42087149620056
3028,3.85,8,112.45912647247314
3029,3.85,8,112.48942065238953
3030,3.6999999999999997,9,112.52285504341125
3031,4.75,2,112.54766035079956
3032,4.75,2,112.57303524017334
3033,3.55,10,112.61182045936584
3034,3.85,8,112.64226150512695
3035,4.15,6,112.67356896400452
3036,4.449999999999999,4,112.7017650604248
3037,3.6999999999999997,9,112.73729133605957
3038,4.75,2,112.76474952697754
3039,4.0,7,112.79615807533264
3040,-1.75,15,112.83668375015259
3041,4.6000000000000005,3,112.85990595817566
3042,4.0,7,112.89142370223999
3043,4.9,1,112.91460585594177
3044,4.6000000000000005,3,112.93813681602478
3045,3.6999999999999997,9,112.97217011451721
3046,4.75,2,113.00306367874146
3047,4.0,7,113.040354013443
3048,4.449999999999999,4,113.07747960090637
3049,4.449999999999999,4,113.10730767250061
3050,3.6999999999999997,9,113.14783525466919
3051,4.6000000000000005,3,113.16991806030273
3052,3.55,10,113.21108388900757
3053,3.55,10,113.25192713737488
3054,4.6000000000000005,3,113.28431844711304
3055,3.85,8,113.32784867286682
3056,3.85,8,113.36223340034485
3057,3.25,12,113.40598177909851
3058,4.3,5,113.44156336784363
3059,4.75,2,113.46974396705627
3060,4.0,7,113.50655674934387
3061,4.75,2,113.53854584693909
3062,3.6999999999999997,9,113.5811562538147
3063,4.6000000000000005,3,113.61450910568237
3064,4.15,6,113.64618492126465
3065,4.6000000000000005,3,113.67581582069397
3066,-1.75,15,113.87626194953918
3067,-1.75,15,113.91540932655334
3068,4.449999999999999,4,113.94144010543823
3069,4.75,2,113.96510338783264
3070,4.15,6,113.99809098243713
3071,3.6999999999999997,9,114.0334084033966
3072,4.75,2,114.05473327636719
3073,4.449999999999999,4,114.08543181419373
3074,3.55,10,114.12500882148743
3075,4.15,6,114.1532940864563
3076,-1.75,15,114.20282864570618
3077,4.449999999999999,4,114.23436617851257
3078,4.449999999999999,4,114.26176953315735
3079,3.55,10,114.2977569103241
3080,4.6000000000000005,3,114.32451581954956
3081,4.75,2,114.34719657897949
3082,3.6999999999999997,9,114.38278198242188
3083,4.6000000000000005,3,114.40926265716553
3084,3.55,10,114.44720649719238
3085,-1.75,15,114.49306559562683
3086,4.15,6,114.52423739433289
3087,-1.75,15,114.56906461715698
3088,3.6999999999999997,9,114.6048436164856
3089,4.9,1,114.63697266578674
3090,4.6000000000000005,3,114.66393303871155
3091,4.75,2,114.69328689575195
3092,4.449999999999999,4,114.71938133239746
3093,4.6000000000000005,3,114.74572587013245
3094,4.3,5,114.77471113204956
3095,4.15,6,114.80584716796875
3096,4.449999999999999,4,114.83749747276306
3097,4.449999999999999,4,114.87146329879761
3098,4.449999999999999,4,114.90988636016846
3099,4.3,5,114.95133566856384
3100,4.449999999999999,4,114.97954368591309
3101,4.75,2,115.00535082817078
3102,3.55,10,115.04586744308472
3103,4.3,5,115.0758421421051
3104,4.449999999999999,4,115.10475897789001
3105,4.6000000000000005,3,115.13462519645691
3106,4.3,5,115.1637065410614
3107,4.3,5,115.1936137676239
3108,3.55,10,115.22948575019836
3109,4.75,2,115.40300822257996
3110,4.75,2,115.4352159500122
3111,4.3,5,115.47144865989685
3112,3.1,13,115.51362371444702
3113,4.0,7,115.55494952201843
3114,4.0,7,115.58875608444214
3115,4.75,2,115.61134624481201
3116,4.6000000000000005,3,115.63624143600464
3117,4.15,6,115.66564440727234
3118,3.85,8,115.70261788368225
3119,4.9,1,115.72540402412415
3120,4.6000000000000005,3,115.74987149238586
3121,3.6999999999999997,9,115.78589367866516
3122,4.449999999999999,4,115.81244707107544
3123,-1.75,15,115.85570359230042
3124,4.75,2,115.88132643699646
3125,4.449999999999999,4,115.91214966773987
3126,4.449999999999999,4,115.94251847267151
3127,4.15,6,115.97100496292114
3128,4.449999999999999,4,115.99865579605103
3129,4.75,2,116.02376818656921
3130,-1.75,15,116.06865239143372
3131,4.15,6,116.09900188446045
3132,4.6000000000000005,3,116.12332272529602
3133,-1.75,15,116.16460537910461
3134,4.75,2,116.18872380256653
3135,4.15,6,116.22084522247314
3136,-1.75,15,116.26677560806274
3137,4.3,5,116.2947428226471
3138,4.449999999999999,4,116.32192993164062
3139,4.449999999999999,4,116.35122108459473
3140,-1.75,15,116.40324759483337
3141,4.75,2,116.42916870117188
3142,-1.75,15,116.47605204582214
3143,3.85,8,116.51940369606018
3144,4.6000000000000005,3,116.54659247398376
3145,4.75,2,116.5822262763977
3146,3.4,11,116.62014365196228
3147,4.75,2,116.64809846878052
3148,4.3,5,116.67462587356567
3149,3.85,8,116.72048735618591
3150,4.449999999999999,4,116.91370463371277
3151,4.75,2,116.93560838699341
3152,4.75,2,116.96051168441772
3153,4.449999999999999,4,116.99337458610535
3154,3.85,8,117.04250979423523
3155,4.15,6,117.0812463760376
3156,4.0,7,117.11468243598938
3157,4.3,5,117.14472365379333
3158,4.15,6,117.17715167999268
3159,-1.75,15,117.21995329856873
3160,4.6000000000000005,3,117.24312591552734
3161,4.0,7,117.27068328857422
3162,4.6000000000000005,3,117.29515337944031
3163,4.449999999999999,4,117.32056212425232
3164,4.9,1,117.34289789199829
3165,4.6000000000000005,3,117.36864566802979
3166,3.25,12,117.40814518928528
3167,-1.75,15,117.45807480812073
3168,3.4,11,117.49690103530884
3169,4.449999999999999,4,117.52303957939148
3170,4.75,2,117.54699230194092
3171,4.9,1,117.56846570968628
3172,4.6000000000000005,3,117.59611582756042
3173,4.3,5,117.62935304641724
3174,4.0,7,117.66002559661865
3175,4.15,6,117.69406175613403
3176,4.15,6,117.7240252494812
3177,4.0,7,117.75854134559631
3178,4.75,2,117.78611302375793
3179,4.75,2,117.81920838356018
3180,3.6999999999999997,9,117.85760450363159
3181,4.449999999999999,4,117.88516139984131
3182,4.75,2,117.91169428825378
3183,4.3,5,117.94171857833862
3184,4.6000000000000005,3,117.97176861763
3185,-3.25,6,118.00432324409485
3186,4.449999999999999,4,118.03299283981323
3187,4.75,2,118.05821490287781
3188,-1.75,15,118.11340665817261
3189,-1.75,15,118.16195678710938
3190,4.15,6,118.19228029251099
3191,4.449999999999999,4,118.22131752967834
3192,4.3,5,118.2532844543457
3193,4.3,5,118.28447675704956
3194,4.0,7,118.31616735458374
3195,4.3,5,118.50137495994568
3196,4.6000000000000005,3,118.53085350990295
3197,4.75,2,118.55303812026978
3198,4.3,5,118.58164811134338
3199,4.449999999999999,4,118.60782814025879
3200,4.15,6,118.63622260093689
3201,3.25,12,118.67980456352234
3202,4.3,5,118.71031332015991
3203,3.6999999999999997,9,118.74331212043762
3204,4.15,6,118.77173566818237
3205,4.75,2,118.79788732528687
3206,4.6000000000000005,3,118.82472634315491
3207,3.85,8,118.8569598197937
3208,3.55,10,118.89258098602295
3209,3.55,10,118.92510294914246
3210,4.15,6,118.95816111564636
3211,4.15,6,118.98719620704651
3212,3.55,10,119.02266359329224
3213,4.6000000000000005,3,119.04942011833191
3214,4.3,5,119.07844710350037
3215,4.3,5,119.11383318901062
3216,4.15,6,119.14466738700867
3217,4.6000000000000005,3,119.17136526107788
3218,4.449999999999999,4,119.2009744644165
3219,4.449999999999999,4,119.22557616233826
3220,4.75,2,119.24972367286682
3221,4.9,1,119.27167057991028
3222,4.3,5,119.30007910728455
3223,4.0,7,119.33383107185364
3224,4.0,7,119.36859798431396
3225,4.75,2,119.39605236053467
3226,4.75,2,119.4270875453949
3227,4.75,2,119.45307564735413
3228,4.449999999999999,4,119.47982883453369
3229,4.15,6,119.51525807380676
3230,3.55,10,119.55151081085205
3231,4.449999999999999,4,119.58039712905884
3232,4.75,2,119.6077287197113
3233,4.3,5,119.64183044433594
3234,-3.15,4,119.67183041572571
3235,4.3,5,119.70278930664062
3236,3.55,10,119.74449419975281
3237,3.85,8,119.78319525718689
3238,4.3,5,119.8168203830719
3239,4.15,6,119.85459589958191
3240,4.6000000000000005,3,119.88163328170776
3241,4.0,7,119.91479682922363
3242,4.6000000000000005,3,119.94203424453735
3243,4.15,6,119.97124457359314
3244,4.6000000000000005,3,120.17352151870728
3245,3.85,8,120.21121263504028
3246,-1.75,15,120.26081252098083
3247,4.6000000000000005,3,120.29563927650452
3248,4.75,2,120.32345914840698
3249,4.6000000000000005,3,120.35338592529297
3250,4.3,5,120.38837718963623
3251,4.6000000000000005,3,120.41948509216309
3252,-1.75,15,120.46380066871643
3253,4.3,5,120.49286198616028
3254,4.449999999999999,4,120.52112817764282
3255,3.4,11,120.55683779716492
3256,4.3,5,120.59275913238525
3257,4.3,5,120.62191557884216
3258,3.6999999999999997,9,120.65819501876831
3259,3.25,12,120.70640397071838
3260,3.4,11,120.74511075019836
3261,4.15,6,120.77591967582703
3262,3.55,10,120.81345796585083
3263,4.15,6,120.84682822227478
3264,3.6999999999999997,9,120.8808388710022
3265,4.449999999999999,4,120.90934896469116
3266,4.6000000000000005,3,120.93376779556274
3267,4.9,1,120.96019554138184
3268,4.3,5,120.98904585838318
3269,3.4,11,121.0296459197998
3270,3.4,11,121.07445025444031
3271,4.6000000000000005,3,121.10406279563904
3272,-1.75,15,121.15128493309021
3273,4.15,6,121.18274092674255
3274,4.15,6,121.22078394889832
3275,3.1,13,121.26943159103394
3276,3.6999999999999997,9,121.30929660797119
3277,-3.15,4,121.33772397041321
3278,4.449999999999999,4,121.36800813674927
3279,4.449999999999999,4,121.39680528640747
3280,4.449999999999999,4,121.42967104911804
3281,4.0,7,121.63259768486023
3282,4.15,6,121.66453695297241
3283,4.0,7,121.70020794868469
3284,3.6999999999999997,9,121.7382881641388
3285,4.0,7,121.77111577987671
3286,4.75,2,121.80092787742615
3287,-3.6,13,121.84662795066833
3288,4.449999999999999,4,121.87196016311646
3289,4.9,1,121.89407444000244
3290,4.3,5,121.92161393165588
3291,4.6000000000000005,3,121.94654726982117
3292,4.449999999999999,4,121.98110795021057
3293,4.6000000000000005,3,122.00768113136292
3294,3.6999999999999997,9,122.04332756996155
3295,4.6000000000000005,3,122.0673668384552
3296,4.3,5,122.09907793998718
3297,4.9,1,122.1188292503357
3298,3.85,8,122.150723695755
3299,4.449999999999999,4,122.17798256874084
3300,4.9,1,122.20091223716736
3301,4.6000000000000005,3,122.22770833969116
3302,4.6000000000000005,3,122.25107336044312
3303,4.75,2,122.27888607978821
3304,4.6000000000000005,3,122.30354309082031
3305,4.3,5,122.33740067481995
3306,4.0,7,122.36971592903137
3307,4.6000000000000005,3,122.39887928962708
3308,4.3,5,122.43265867233276
3309,3.85,8,122.47248220443726
3310,4.75,2,122.50298738479614
3311,4.75,2,122.53256821632385
3312,3.6999999999999997,9,122.57249474525452
3313,4.6000000000000005,3,122.60821294784546
3314,4.6000000000000005,3,122.64767575263977
3315,3.85,8,122.68301820755005
3316,4.449999999999999,4,122.71889758110046
3317,3.6999999999999997,9,122.76286840438843
3318,-1.75,15,122.81844902038574
3319,4.6000000000000005,3,122.85332107543945
3320,4.449999999999999,4,122.88037943840027
3321,3.85,8,122.92136311531067
3322,3.4,11,122.95944428443909
3323,4.0,7,122.99662208557129
3324,4.3,5,123.02990794181824
3325,4.3,5,123.05759739875793
3326,4.15,6,123.0943956375122
3327,3.25,12,123.14341330528259
3328,4.9,1,123.16602277755737
3329,-1.75,15,123.36967992782593
3330,4.3,5,123.40049004554749
3331,4.0,7,123.43193316459656
3332,4.3,5,123.45943284034729
3333,4.449999999999999,4,123.48622179031372
3334,4.6000000000000005,3,123.51292371749878
3335,4.9,1,123.53857779502869
3336,3.6999999999999997,9,123.58137273788452
3337,4.0,7,123.61744260787964
3338,4.3,5,123.65027332305908
3339,4.15,6,123.68735384941101
3340,-3.45,10,123.73045182228088
3341,4.3,5,123.76009130477905
3342,4.9,1,123.78234314918518
3343,4.449999999999999,4,123.81377720832825
3344,4.15,6,123.84297633171082
3345,3.85,8,123.87764954566956
3346,4.449999999999999,4,123.90345048904419
3347,4.3,5,123.93457770347595
3348,4.449999999999999,4,123.96005630493164
3349,4.15,6,123.99314475059509
3350,4.6000000000000005,3,124.020747423172
3351,4.6000000000000005,3,124.05230689048767
3352,4.6000000000000005,3,124.08829355239868
3353,4.3,5,124.12030386924744
3354,3.6999999999999997,9,124.1603479385376
3355,4.449999999999999,4,124.19127082824707
3356,-1.75,15,124.24339985847473
3357,3.85,8,124.28726959228516
3358,3.55,10,124.3335816860199
3359,4.75,2,124.36159014701843
3360,4.75,2,124.39515328407288
3361,3.25,12,124.43760848045349
3362,4.75,2,124.46227931976318
3363,4.75,2,124.48676562309265
3364,4.3,5,124.51903486251831
3365,3.55,10,124.55681443214417
3366,4.9,1,124.58152222633362
3367,3.6999999999999997,9,124.62951970100403
3368,4.0,7,124.66691756248474
3369,4.9,1,124.69566822052002
3370,4.3,5,124.72817611694336
3371,3.1,13,124.76847696304321
3372,4.15,6,124.80141377449036
3373,4.9,1,124.8246202468872
3374,4.449999999999999,4,124.99697637557983
3375,4.15,6,125.03228306770325
3376,3.85,8,125.07656240463257
3377,4.0,7,125.11269927024841
3378,4.15,6,125.15216135978699
3379,3.6999999999999997,9,125.19733238220215
3380,4.75,2,125.22586703300476
3381,4.449999999999999,4,125.25373244285583
3382,4.6000000000000005,3,125.28146004676819
3383,4.3,5,125.3113923072815
3384,4.449999999999999,4,125.33887934684753
3385,4.75,2,125.36410450935364
3386,4.6000000000000005,3,125.38927507400513
3387,4.15,6,125.41833329200745
3388,4.6000000000000005,3,125.4448595046997
3389,4.449999999999999,4,125.47213292121887
3390,3.55,10,125.50884866714478
3391,4.3,5,125.53951621055603
3392,3.4,11,125.57533955574036
3393,4.75,2,125.60163378715515
3394,4.9,1,125.62517857551575
3395,4.3,5,125.65789866447449
3396,4.449999999999999,4,125.68824243545532
3397,4.75,2,125.71504163742065
3398,4.9,1,125.742112159729
3399,4.449999999999999,4,125.77198052406311
3400,4.449999999999999,4,125.80317664146423
3401,4.3,5,125.83529281616211
3402,4.9,1,125.86008143424988
3403,4.0,7,125.89733004570007
3404,4.6000000000000005,3,125.93110156059265
3405,3.85,8,125.97429752349854
3406,4.3,5,126.00281310081482
3407,3.6999999999999997,9,126.04097604751587
3408,4.6000000000000005,3,126.07420182228088
3409,3.55,10,126.11986541748047
3410,3.25,12,126.16648387908936
3411,4.6000000000000005,3,126.19768452644348
3412,4.449999999999999,4,126.22751235961914
3413,4.75,2,126.25122022628784
3414,4.449999999999999,4,126.28125381469727
3415,3.6999999999999997,9,126.31622838973999
3416,4.0,7,126.34685349464417
3417,4.449999999999999,4,126.37236952781677
3418,4.75,2,126.39821934700012
3419,4.9,1,126.42208552360535
3420,4.75,2,126.44745135307312
3421,4.449999999999999,4,126.47585487365723
3422,4.3,5,126.50467228889465
3423,-1.75,15,126.54814028739929
3424,4.449999999999999,4,126.57770252227783
3425,-1.75,15,126.77228593826294
3426,3.55,10,126.8086302280426
3427,4.449999999999999,4,126.83645486831665
3428,4.449999999999999,4,126.86694550514221
3429,4.15,6,126.90012693405151
3430,4.0,7,126.93472647666931
3431,4.6000000000000005,3,126.96401381492615
3432,3.25,12,127.00935530662537
3433,3.6999999999999997,9,127.04346060752869
3434,4.3,5,127.07136750221252
3435,4.6000000000000005,3,127.09982299804688
3436,4.9,1,127.1289336681366
3437,4.15,6,127.16258668899536
3438,4.15,6,127.19820046424866
3439,4.15,6,127.23657059669495
3440,3.55,10,127.2843759059906
3441,4.449999999999999,4,127.31995272636414
3442,4.6000000000000005,3,127.3479814529419
3443,3.6999999999999997,9,127.38999366760254
3444,4.15,6,127.41984224319458
3445,4.449999999999999,4,127.44859194755554
3446,4.3,5,127.48383593559265
3447,-3.05,2,127.51213693618774
3448,4.449999999999999,4,127.54660177230835
3449,4.15,6,127.58629751205444
3450,-1.75,15,127.6434895992279
3451,4.3,5,127.67821073532104
3452,-1.75,15,127.72791314125061
3453,4.3,5,127.76095652580261
3454,4.0,7,127.79314255714417
3455,4.449999999999999,4,127.81881952285767
3456,4.15,6,127.8473699092865
3457,4.0,7,127.8787305355072
3458,4.3,5,127.91004490852356
3459,4.6000000000000005,3,127.93384599685669
3460,4.449999999999999,4,127.96287035942078
3461,4.449999999999999,4,127.99418354034424
3462,4.449999999999999,4,128.0189287662506
3463,3.4,11,128.05381751060486
3464,4.0,7,128.08542370796204
3465,4.15,6,128.1150722503662
3466,4.75,2,128.29424738883972
3467,3.85,8,128.3260154724121
3468,4.449999999999999,4,128.35473942756653
3469,3.6999999999999997,9,128.4056429862976
3470,4.449999999999999,4,128.44195199012756
3471,4.449999999999999,4,128.47184705734253
3472,4.6000000000000005,3,128.50393629074097
3473,4.449999999999999,4,128.53062438964844
3474,3.85,8,128.56568312644958
3475,4.0,7,128.6002812385559
3476,4.449999999999999,4,128.63440227508545
3477,3.55,10,128.66920351982117
3478,3.85,8,128.7027564048767
3479,2.9499999999999997,14,128.74534726142883
3480,4.6000000000000005,3,128.77717399597168
3481,4.0,7,128.8120596408844
3482,3.55,10,128.84620547294617
3483,4.449999999999999,4,128.87484693527222
3484,4.3,5,128.90376329421997
3485,4.6000000000000005,3,128.92835974693298
3486,4.6000000000000005,3,128.95798230171204
3487,4.75,2,128.98479533195496
3488,4.6000000000000005,3,129.0135338306427
3489,4.449999999999999,4,129.04585313796997
3490,4.449999999999999,4,129.07963728904724
3491,4.75,2,129.10245490074158
3492,3.55,10,129.14007568359375
3493,4.75,2,129.16398310661316
3494,3.25,12,129.20811462402344
3495,4.9,1,129.23400354385376
3496,3.4,11,129.27199602127075
3497,4.449999999999999,4,129.30191254615784
3498,4.15,6,129.33776330947876
3499,4.75,2,129.36282300949097
3500,4.6000000000000005,3,129.39036202430725
3501,3.55,10,129.42607164382935
3502,3.4,11,129.4630925655365
3503,4.15,6,129.49614763259888
3504,-1.75,15,129.55292177200317
3505,4.6000000000000005,3,129.58225297927856
3506,4.6000000000000005,3,129.61315536499023
3507,-1.75,15,129.65836715698242
3508,4.9,1,129.6830611228943
3509,4.0,7,129.8705039024353
3510,3.85,8,129.90218234062195
3511,4.449999999999999,4,129.9294788837433
3512,4.3,5,129.95951223373413
3513,4.0,7,129.99372506141663
3514,4.6000000000000005,3,130.01839542388916
3515,4.449999999999999,4,130.04693222045898
3516,4.449999999999999,4,130.0735261440277
3517,4.6000000000000005,3,130.10000228881836
3518,4.6000000000000005,3,130.1255440711975
3519,4.15,6,130.15507006645203
3520,4.75,2,130.18090987205505
3521,-3.15,4,130.21060800552368
3522,4.449999999999999,4,130.23849940299988
3523,4.75,2,130.2650499343872
3524,4.9,1,130.2875452041626
3525,4.0,7,130.3237624168396
3526,4.6000000000000005,3,130.3479654788971
3527,3.6999999999999997,9,130.39825439453125
3528,-1.75,15,130.45396399497986
3529,3.4,11,130.49884295463562
3530,3.85,8,130.53568720817566
3531,3.25,12,130.5816752910614
3532,4.449999999999999,4,130.61465072631836
3533,4.75,2,130.644225358963
3534,4.3,5,130.68599653244019
3535,4.6000000000000005,3,130.7135365009308
3536,4.6000000000000005,3,130.73709297180176
3537,4.75,2,130.76160597801208
3538,4.0,7,130.7978801727295
3539,4.15,6,130.8303039073944
3540,4.6000000000000005,3,130.8555188179016
3541,4.3,5,130.88471007347107
3542,3.55,10,130.92155528068542
3543,4.6000000000000005,3,130.9484212398529
3544,4.6000000000000005,3,130.97526669502258
3545,4.0,7,131.00621891021729
3546,3.4,11,131.0449960231781
3547,4.3,5,131.08044385910034
3548,3.85,8,131.11346077919006
3549,4.0,7,131.1453287601471
3550,-3.1,3,131.17059302330017
3551,4.449999999999999,4,131.1961612701416
3552,4.6000000000000005,3,131.22251963615417
3553,4.0,7,131.25405526161194
3554,4.75,2,131.2797555923462
3555,4.15,6,131.30887484550476
3556,4.6000000000000005,3,131.3362593650818
3557,4.449999999999999,4,131.36609148979187
3558,-1.75,15,131.55462193489075
3559,4.3,5,131.58333802223206
3560,-1.75,15,131.62707448005676
3561,4.449999999999999,4,131.66112637519836
3562,4.9,1,131.69321846961975
3563,4.75,2,131.7193694114685
3564,4.75,2,131.74650740623474
3565,4.6000000000000005,3,131.7737753391266
3566,4.75,2,131.80012369155884
3567,3.85,8,131.83722233772278
3568,4.3,5,131.8745937347412
3569,4.75,2,131.90238237380981
3570,4.6000000000000005,3,131.9333176612854
3571,4.6000000000000005,3,131.96536493301392
3572,4.15,6,132.0014524459839
3573,4.75,2,132.03127264976501
3574,4.0,7,132.06336498260498
3575,4.6000000000000005,3,132.09471774101257
3576,3.6999999999999997,9,132.13108682632446
3577,3.6999999999999997,9,132.1680645942688
3578,4.6000000000000005,3,132.20098662376404
3579,4.3,5,132.23936319351196
3580,4.0,7,132.277446269989
3581,4.6000000000000005,3,132.310711145401
3582,4.75,2,132.33440494537354
3583,3.85,8,132.3707320690155
3584,4.0,7,132.4022364616394
3585,4.15,6,132.43787384033203
3586,4.6000000000000005,3,132.47459077835083
3587,4.449999999999999,4,132.4994924068451
3588,4.449999999999999,4,132.53425288200378
3589,3.6999999999999997,9,132.56957244873047
3590,4.15,6,132.59778809547424
3591,4.3,5,132.62632727622986
3592,3.6999999999999997,9,132.66048097610474
3593,4.6000000000000005,3,132.68624067306519
3594,3.55,10,132.72997999191284
3595,4.449999999999999,4,132.7598114013672
3596,4.6000000000000005,3,132.78721165657043
3597,4.0,7,132.8163402080536
3598,4.449999999999999,4,132.84423780441284
3599,3.4,11,132.88317823410034
3600,4.449999999999999,4,132.9114284515381
3601,3.85,8,132.94253253936768
3602,4.75,2,132.97108054161072
3603,-1.75,15,133.16054797172546
3604,3.6999999999999997,9,133.19478249549866
3605,4.9,1,133.21967220306396
3606,4.3,5,133.2483880519867
3607,4.6000000000000005,3,133.278071641922
3608,3.6999999999999997,9,133.31919980049133
3609,4.449999999999999,4,133.35267972946167
3610,3.25,12,133.3913059234619
3611,4.6000000000000005,3,133.41677951812744
3612,4.449999999999999,4,133.44603610038757
3613,4.3,5,133.47852206230164
3614,4.449999999999999,4,133.51147508621216
3615,4.449999999999999,4,133.53875946998596
3616,4.75,2,133.56756567955017
3617,4.9,1,133.59801173210144
3618,4.449999999999999,4,133.6379632949829
3619,4.15,6,133.6805078983307
3620,4.9,1,133.70557832717896
3621,3.55,10,133.75425744056702
3622,4.449999999999999,4,133.78685998916626
3623,3.55,10,133.82743859291077
3624,4.6000000000000005,3,133.85895085334778
3625,4.3,5,133.88674592971802
3626,4.6000000000000005,3,133.9131326675415
3627,4.3,5,133.94228100776672
3628,3.4,11,133.98234748840332
3629,4.15,6,134.0170395374298
3630,3.6999999999999997,9,134.0552682876587
3631,4.15,6,134.08584904670715
3632,4.3,5,134.1164515018463
3633,3.55,10,134.15204000473022
3634,4.449999999999999,4,134.18087005615234
3635,4.15,6,134.21509766578674
3636,4.449999999999999,4,134.25237584114075
3637,4.75,2,134.28622937202454
3638,3.85,8,134.3258879184723
3639,4.75,2,134.35106921195984
3640,4.3,5,134.38290667533875
3641,4.0,7,134.4221909046173
3642,3.6999999999999997,9,134.46356844902039
3643,4.9,1,134.48805952072144
3644,4.6000000000000005,3,134.515718460083
3645,4.75,2,134.5488510131836
3646,4.449999999999999,4,134.58041286468506
3647,3.25,12,134.6261384487152
3648,4.9,1,134.65113139152527
3649,4.3,5,134.68331384658813
3650,4.15,6,134.714417219162
3651,4.0,7,134.74254822731018
3652,4.9,1,134.7672884464264
3653,4.75,2,134.9428734779358
3654,4.9,1,134.96448421478271
3655,4.15,6,134.99535870552063
3656,4.15,6,135.02440881729126
3657,4.15,6,135.05823230743408
3658,4.75,2,135.08568787574768
3659,4.75,2,135.11041116714478
3660,4.6000000000000005,3,135.14036107063293
3661,4.15,6,135.17173981666565
3662,4.15,6,135.20146441459656
3663,3.85,8,135.24002647399902
3664,4.0,7,135.27585458755493
3665,3.6999999999999997,9,135.31969046592712
3666,4.9,1,135.3446102142334
3667,4.3,5,135.37539529800415
3668,4.15,6,135.40616941452026
3669,4.0,7,135.44474458694458
3670,4.0,7,135.48240160942078
3671,3.4,11,135.528094291687
3672,4.75,2,135.55923533439636
3673,3.85,8,135.5961513519287
3674,4.75,2,135.6195948123932
3675,4.75,2,135.64633417129517
3676,4.3,5,135.67570185661316
3677,4.6000000000000005,3,135.7049379348755
3678,4.449999999999999,4,135.7326898574829
3679,4.3,5,135.75840401649475
3680,4.0,7,135.79055523872375
3681,4.75,2,135.8202965259552
3682,4.6000000000000005,3,135.84812593460083
3683,4.449999999999999,4,135.88284373283386
3684,4.6000000000000005,3,135.90811681747437
3685,4.3,5,135.93488454818726
3686,4.3,5,135.96728944778442
3687,4.75,2,135.99586844444275
3688,4.75,2,136.02717566490173
3689,4.15,6,136.0672469139099
3690,4.9,1,136.09265780448914
3691,4.6000000000000005,3,136.12074995040894
3692,3.55,10,136.15727639198303
3693,3.4,11,136.19450974464417
3694,4.75,2,136.21777629852295
3695,4.15,6,136.25026512145996
3696,4.449999999999999,4,136.28010416030884
3697,4.449999999999999,4,136.31101298332214
3698,4.449999999999999,4,136.34159922599792
3699,4.6000000000000005,3,136.36993169784546
3700,4.449999999999999,4,136.39888453483582
3701,4.75,2,136.42329049110413
3702,3.25,12,136.46812057495117
3703,4.75,2,136.49345922470093
3704,4.6000000000000005,3,136.51988744735718
3705,4.6000000000000005,3,136.54653024673462
3706,4.6000000000000005,3,136.5818145275116
3707,4.6000000000000005,3,136.61696577072144
3708,4.0,7,136.83017206192017
3709,3.85,8,136.87145280838013
3710,4.15,6,136.9054684638977
3711,4.6000000000000005,3,136.93368124961853
3712,4.3,5,136.96535730361938
3713,3.85,8,137.01139044761658
3714,3.55,10,137.0547697544098
3715,4.449999999999999,4,137.08749413490295
3716,4.3,5,137.121595621109
3717,4.0,7,137.1625382900238
3718,4.75,2,137.19164204597473
3719,4.15,6,137.22435784339905
3720,4.3,5,137.2554943561554
3721,4.0,7,137.28612685203552
3722,4.15,6,137.31586599349976
3723,4.0,7,137.34979510307312
3724,4.75,2,137.3743441104889
3725,3.4,11,137.41004157066345
3726,4.15,6,137.44196391105652
3727,3.25,12,137.4788727760315
3728,3.85,8,137.50953459739685
3729,4.3,5,137.53810000419617
3730,4.3,5,137.56714725494385
3731,4.6000000000000005,3,137.5950734615326
3732,4.9,1,137.61961245536804
3733,4.75,2,137.6491630077362
3734,3.6999999999999997,9,137.68404340744019
3735,4.3,5,137.71604108810425
3736,4.6000000000000005,3,137.74900078773499
3737,3.55,10,137.79447650909424
3738,4.449999999999999,4,137.82495188713074
3739,-1.75,15,137.86711978912354
3740,4.6000000000000005,3,137.89506030082703
3741,4.9,1,137.9150390625
3742,4.6000000000000005,3,137.94169926643372
3743,4.449999999999999,4,137.96846890449524
3744,3.55,10,138.01112818717957
3745,4.75,2,138.0362663269043
3746,3.6999999999999997,9,138.07590007781982
3747,3.6999999999999997,9,138.11337804794312
3748,4.75,2,138.13940000534058
3749,4.15,6,138.16755056381226
3750,4.75,2,138.1937096118927
3751,4.75,2,138.22453355789185
3752,3.55,10,138.26182079315186
3753,4.0,7,138.4732322692871
3754,4.6000000000000005,3,138.5004596710205
3755,4.6000000000000005,3,138.52847862243652
3756,4.3,5,138.557457447052
3757,4.9,1,138.582998752594
3758,4.0,7,138.61504673957825
3759,4.6000000000000005,3,138.64568567276
3760,3.6999999999999997,9,138.6837055683136
3761,4.6000000000000005,3,138.71319103240967
3762,4.449999999999999,4,138.74804544448853
3763,-1.75,15,138.79861617088318
3764,4.6000000000000005,3,138.8226981163025
3765,4.75,2,138.84702134132385
3766,4.449999999999999,4,138.87668418884277
3767,4.15,6,138.9141902923584
3768,4.6000000000000005,3,138.94662261009216
3769,3.85,8,138.98205471038818
3770,3.85,8,139.017249584198
3771,4.0,7,139.05428409576416
3772,4.15,6,139.0821611881256
3773,4.0,7,139.11414194107056
3774,3.85,8,139.14888715744019
3775,4.0,7,139.18575882911682
3776,4.9,1,139.2088234424591
3777,4.6000000000000005,3,139.2325987815857
3778,3.55,10,139.2691843509674
3779,4.75,2,139.29385471343994
3780,4.15,6,139.33049774169922
3781,4.3,5,139.36013865470886
3782,4.6000000000000005,3,139.38729047775269
3783,4.3,5,139.4189636707306
3784,4.0,7,139.44890546798706
3785,4.449999999999999,4,139.4806523323059
3786,4.3,5,139.51222276687622
3787,4.3,5,139.54152870178223
3788,4.0,7,139.5734784603119
3789,3.6999999999999997,9,139.60702848434448
3790,4.15,6,139.63529229164124
3791,4.15,6,139.67729687690735
3792,4.6000000000000005,3,139.70644688606262
3793,3.25,12,139.75212693214417
3794,4.15,6,139.78468370437622
3795,3.85,8,139.82205510139465
3796,4.0,7,139.86156940460205
3797,4.75,2,139.88969349861145
3798,4.6000000000000005,3,139.9150207042694
3799,4.15,6,140.1167311668396
3800,3.85,8,140.15102624893188
3801,4.75,2,140.18016624450684
3802,4.449999999999999,4,140.2111427783966
3803,4.0,7,140.2535891532898
3804,4.0,7,140.2934284210205
3805,4.449999999999999,4,140.32508158683777
3806,4.6000000000000005,3,140.34994864463806
3807,4.75,2,140.37790608406067
3808,4.6000000000000005,3,140.40691542625427
3809,4.449999999999999,4,140.4341175556183
3810,4.15,6,140.46699857711792
3811,3.6999999999999997,9,140.5035138130188
3812,4.0,7,140.53682231903076
3813,4.75,2,140.56169271469116
3814,4.75,2,140.58620405197144
3815,4.9,1,140.61155891418457
3816,3.85,8,140.649555683136
3817,3.1,13,140.69706201553345
3818,4.75,2,140.72971439361572
3819,4.15,6,140.7630922794342
3820,3.55,10,140.7987310886383
3821,3.55,10,140.8413348197937
3822,4.6000000000000005,3,140.86518788337708
3823,4.15,6,140.89672422409058
3824,4.449999999999999,4,140.92205429077148
3825,4.449999999999999,4,140.94950318336487
3826,4.6000000000000005,3,140.98158049583435
3827,4.6000000000000005,3,141.01030373573303
3828,4.75,2,141.03491115570068
3829,4.0,7,141.07032918930054
3830,3.85,8,141.1031186580658
3831,3.85,8,141.13494610786438
3832,4.0,7,141.16766333580017
3833,4.449999999999999,4,141.19766283035278
3834,4.6000000000000005,3,141.22414565086365
3835,4.449999999999999,4,141.25061225891113
3836,4.0,7,141.28676438331604
3837,4.6000000000000005,3,141.3158824443817
3838,4.3,5,141.35956501960754
3839,4.6000000000000005,3,141.39375162124634
3840,3.4,11,141.43440079689026
3841,4.6000000000000005,3,141.46608304977417
3842,-3.2,5,141.49714589118958
3843,4.0,7,141.54003620147705
3844,4.449999999999999,4,141.5683615207672
3845,4.9,1,141.59613227844238
3846,4.6000000000000005,3,141.6272315979004
3847,3.4,11,141.66689324378967
3848,4.15,6,141.87525987625122
3849,4.75,2,141.9013590812683
3850,4.9,1,141.92287635803223
3851,4.75,2,141.95104312896729
3852,4.9,1,141.97815346717834
3853,4.75,2,142.00082755088806
3854,4.6000000000000005,3,142.02814197540283
3855,4.9,1,142.05136156082153
3856,4.15,6,142.0853123664856
3857,3.4,11,142.12632989883423
3858,4.449999999999999,4,142.15642094612122
3859,3.85,8,142.19202876091003
3860,4.0,7,142.2221462726593
3861,3.85,8,142.25533294677734
3862,4.0,7,142.29094576835632
3863,-3.3,7,142.32482481002808
3864,4.15,6,142.35383462905884
3865,4.75,2,142.37852668762207
3866,4.3,5,142.4055621623993
3867,4.6000000000000005,3,142.43127036094666
3868,3.6999999999999997,9,142.4645676612854
3869,4.6000000000000005,3,142.48788785934448
3870,4.9,1,142.51221704483032
3871,4.6000000000000005,3,142.54316568374634
3872,4.449999999999999,4,142.5766909122467
3873,4.9,1,142.5973618030548
3874,4.3,5,142.62685418128967
3875,4.0,7,142.6593210697174
3876,4.3,5,142.68716192245483
3877,4.0,7,142.71922063827515
3878,4.9,1,142.74906730651855
3879,4.3,5,142.78004240989685
3880,4.15,6,142.81319427490234
3881,4.15,6,142.84336042404175
3882,-3.1,3,142.86702489852905
3883,3.6999999999999997,9,142.89984226226807
3884,3.85,8,142.9386818408966
3885,4.75,2,142.96356058120728
3886,4.6000000000000005,3,142.99053072929382
3887,3.55,10,143.03383088111877
3888,-1.75,15,143.09010338783264
3889,4.449999999999999,4,143.11737442016602
3890,4.75,2,143.1431610584259
3891,4.15,6,143.1747887134552
3892,4.15,6,143.2070016860962
3893,-1.75,15,143.2550494670868
3894,3.4,11,143.29642748832703
3895,4.3,5,143.3272671699524
3896,4.3,5,143.3630747795105
3897,3.55,10,143.5506727695465
3898,4.6000000000000005,3,143.57802367210388
3899,-1.75,15,143.62586951255798
3900,4.449999999999999,4,143.66390109062195
3901,4.6000000000000005,3,143.69997906684875
3902,4.75,2,143.72596049308777
3903,4.449999999999999,4,143.76060485839844
3904,4.0,7,143.7978789806366
3905,4.6000000000000005,3,143.82768964767456
3906,4.15,6,143.8647975921631
3907,3.6999999999999997,9,143.900545835495
3908,4.3,5,143.9305477142334
3909,4.75,2,143.9585680961609
3910,4.449999999999999,4,143.98444485664368
3911,3.6999999999999997,9,144.01878881454468
3912,4.6000000000000005,3,144.04700469970703
3913,4.449999999999999,4,144.07335543632507
3914,4.0,7,144.10373997688293
3915,4.75,2,144.13166975975037
3916,4.6000000000000005,3,144.16497802734375
3917,4.15,6,144.19378519058228
3918,4.75,2,144.21540689468384
3919,4.9,1,144.23912286758423
3920,3.6999999999999997,9,144.27386689186096
3921,3.6999999999999997,9,144.3048655986786
3922,-1.75,15,144.34922218322754
3923,4.15,6,144.37875962257385
3924,4.449999999999999,4,144.41099739074707
3925,3.6999999999999997,9,144.463702917099
3926,4.3,5,144.49540734291077
3927,4.15,6,144.5278193950653
3928,4.75,2,144.55036449432373
3929,4.3,5,144.585786819458
3930,4.449999999999999,4,144.61635375022888
3931,4.0,7,144.6569275856018
3932,4.15,6,144.68650817871094
3933,4.75,2,144.7134256362915
3934,4.3,5,144.75245785713196
3935,4.6000000000000005,3,144.78033208847046
3936,3.6999999999999997,9,144.82184028625488
3937,3.4,11,144.85906672477722
3938,4.15,6,144.8940761089325
3939,4.15,6,144.92598676681519
3940,4.9,1,144.95184922218323
3941,-1.75,15,145.13551139831543
3942,3.6999999999999997,9,145.1693959236145
3943,4.449999999999999,4,145.1987965106964
3944,3.55,10,145.23786330223083
3945,4.6000000000000005,3,145.2659125328064
3946,4.75,2,145.29200959205627
3947,4.75,2,145.31323337554932
3948,4.6000000000000005,3,145.33879590034485
3949,4.449999999999999,4,145.36558771133423
3950,4.449999999999999,4,145.39356803894043
3951,4.3,5,145.42548775672913
3952,4.449999999999999,4,145.46020936965942
3953,4.0,7,145.49201369285583
3954,4.3,5,145.52176690101624
3955,4.0,7,145.56239104270935
3956,4.0,7,145.59873867034912
3957,4.15,6,145.63218998908997
3958,4.0,7,145.67274141311646
3959,4.449999999999999,4,145.69944310188293
3960,4.449999999999999,4,145.73230242729187
3961,4.449999999999999,4,145.76511216163635
3962,4.449999999999999,4,145.7957136631012
3963,3.6999999999999997,9,145.83346438407898
3964,4.449999999999999,4,145.85998010635376
3965,4.6000000000000005,3,145.88238716125488
3966,4.3,5,145.9119143486023
3967,4.15,6,145.9416801929474
3968,4.6000000000000005,3,145.9672667980194
3969,4.3,5,145.99721002578735
3970,4.3,5,146.03054904937744
3971,4.15,6,146.06802797317505
3972,3.6999999999999997,9,146.11151242256165
3973,3.4,11,146.1562807559967
3974,4.9,1,146.1814296245575
3975,3.55,10,146.22585105895996
3976,4.15,6,146.2591836452484
3977,4.3,5,146.28895688056946
3978,3.85,8,146.32477521896362
3979,-3.1,3,146.35491275787354
3980,4.449999999999999,4,146.38202238082886
3981,3.55,10,146.42382192611694
3982,-3.2,5,146.45667839050293
3983,4.15,6,146.49449920654297
3984,4.6000000000000005,3,146.51964807510376
3985,4.75,2,146.54446578025818
3986,4.6000000000000005,3,146.5773389339447
3987,3.1,13,146.6247432231903
3988,4.6000000000000005,3,146.64926671981812
3989,4.3,5,146.83040356636047
3990,4.6000000000000005,3,146.85608530044556
3991,3.4,11,146.89529418945312
3992,4.449999999999999,4,146.92429995536804
3993,4.9,1,146.94714093208313
3994,4.3,5,146.98050117492676
3995,4.6000000000000005,3,147.01339054107666
3996,3.85,8,147.0485062599182
3997,4.15,6,147.08112573623657
3998,3.25,12,147.12007856369019
3999,4.15,6,147.16004729270935
4000,3.85,8,147.20081162452698
4001,4.15,6,147.23458123207092
4002,4.6000000000000005,3,147.26364946365356
4003,4.3,5,147.29126024246216
4004,4.449999999999999,4,147.31824326515198
4005,3.55,10,147.35893964767456
4006,4.6000000000000005,3,147.391619682312
4007,3.4,11,147.43117141723633
4008,4.15,6,147.46333742141724
4009,4.449999999999999,4,147.49312353134155
4010,4.6000000000000005,3,147.51744985580444
4011,4.6000000000000005,3,147.54727363586426
4012,4.449999999999999,4,147.57577109336853
4013,-3.45,10,147.6147186756134
4014,4.3,5,147.64760494232178
4015,3.6999999999999997,9,147.68472123146057
4016,4.75,2,147.71238613128662
4017,4.0,7,147.7444932460785
4018,3.55,10,147.7905342578888
4019,3.85,8,147.8255090713501
4020,3.4,11,147.86410903930664
4021,4.6000000000000005,3,147.89147400856018
4022,4.6000000000000005,3,147.9192817211151
4023,4.6000000000000005,3,147.9469919204712
4024,3.6999999999999997,9,147.98400402069092
4025,3.85,8,148.02478909492493
4026,4.449999999999999,4,148.0631456375122
4027,4.3,5,148.10003519058228
4028,4.3,5,148.13166785240173
4029,3.85,8,148.16534543037415
4030,4.75,2,148.19360256195068
4031,4.15,6,148.22874426841736
4032,4.6000000000000005,3,148.25419878959656
4033,4.15,6,148.4570174217224
4034,4.3,5,148.49281072616577
4035,3.4,11,148.5392713546753
4036,4.15,6,148.57022356987
4037,4.75,2,148.59956192970276
4038,4.449999999999999,4,148.62754607200623
4039,4.75,2,148.65167093276978
4040,4.9,1,148.67439007759094
4041,4.449999999999999,4,148.6988594532013
4042,4.75,2,148.7213945388794
4043,4.3,5,148.7513780593872
4044,4.449999999999999,4,148.7818202972412
4045,4.75,2,148.80841994285583
4046,4.6000000000000005,3,148.83715105056763
4047,3.55,10,148.8732614517212
4048,4.75,2,148.89832878112793
4049,4.3,5,148.92846131324768
4050,3.4,11,148.96643710136414
4051,4.75,2,148.99038863182068
4052,4.449999999999999,4,149.01953625679016
4053,4.6000000000000005,3,149.05634427070618
4054,4.3,5,149.09496903419495
4055,4.6000000000000005,3,149.12365889549255
4056,4.449999999999999,4,149.15556359291077
4057,3.55,10,149.19548106193542
4058,4.75,2,149.22094249725342
4059,4.9,1,149.24974846839905
4060,3.85,8,149.28890347480774
4061,4.15,6,149.3175709247589
4062,4.75,2,149.3481867313385
4063,4.449999999999999,4,149.37730956077576
4064,4.15,6,149.40714979171753
4065,4.0,7,149.44208192825317
4066,4.6000000000000005,3,149.4694263935089
4067,4.449999999999999,4,149.4999761581421
4068,4.6000000000000005,3,149.53079676628113
4069,4.6000000000000005,3,149.558039188385
4070,4.15,6,149.5979769229889
4071,4.9,1,149.62506127357483
4072,3.4,11,149.66278791427612
4073,4.15,6,149.69624853134155
4074,3.85,8,149.72988605499268
4075,4.6000000000000005,3,149.75201630592346
4076,3.6999999999999997,9,149.78598952293396
4077,4.75,2,149.80989527702332
4078,3.6999999999999997,9,149.84594678878784
4079,3.85,8,149.87909603118896
4080,-1.75,15,149.9201419353485
4081,4.449999999999999,4,149.94547414779663
4082,4.9,1,149.9685504436493
4083,-1.75,15,150.15778946876526
4084,4.75,2,150.18278789520264
4085,4.3,5,150.21481227874756
4086,4.6000000000000005,3,150.2454822063446
4087,4.3,5,150.27660155296326
4088,4.75,2,150.30641984939575
4089,4.3,5,150.33804082870483
4090,3.55,10,150.37688636779785
4091,4.0,7,150.4130654335022
4092,4.0,7,150.44980597496033
4093,4.3,5,150.4820954799652
4094,4.3,5,150.5113124847412
4095,3.25,12,150.55486917495728
4096,-1.75,15,150.6036615371704
4097,4.6000000000000005,3,150.62911820411682
4098,4.449999999999999,4,150.6563811302185
4099,4.3,5,150.68407320976257
4100,3.85,8,150.72056198120117
4101,4.3,5,150.75679421424866
4102,3.25,12,150.80666828155518
4103,-1.75,15,150.85561180114746
4104,4.15,6,150.88585305213928
4105,3.85,8,150.92513728141785
4106,3.55,10,150.96336269378662
4107,4.3,5,150.9969654083252
4108,4.449999999999999,4,151.03051328659058
4109,4.449999999999999,4,151.06280159950256
4110,3.85,8,151.09996557235718
4111,4.6000000000000005,3,151.12882542610168
4112,-1.75,15,151.17611074447632
4113,4.75,2,151.20487713813782
4114,4.75,2,151.2347972393036
4115,4.3,5,151.26501035690308
4116,4.3,5,151.2963411808014
4117,3.25,12,151.33621382713318
4118,4.75,2,151.3602592945099
4119,3.6999999999999997,9,151.39495420455933
4120,4.6000000000000005,3,151.42593002319336
4121,-3.05,2,151.44970226287842
4122,4.0,7,151.48514676094055
4123,3.85,8,151.67205905914307
4124,4.3,5,151.70264649391174
4125,3.6999999999999997,9,151.73855876922607
4126,4.6000000000000005,3,151.76254606246948
4127,4.3,5,151.79420590400696
4128,4.6000000000000005,3,151.8216745853424
4129,3.4,11,151.85761308670044
4130,-1.75,15,151.90094590187073
4131,4.75,2,151.9272050857544
4132,3.6999999999999997,9,151.95859026908875
4133,3.85,8,151.98890447616577
4134,4.6000000000000005,3,152.01419973373413
4135,4.15,6,152.04439091682434
4136,4.0,7,152.0734417438507
4137,4.6000000000000005,3,152.0994746685028
4138,4.0,7,152.13332295417786
4139,4.449999999999999,4,152.16171002388
4140,4.0,7,152.19256234169006
4141,3.4,11,152.22955799102783
4142,4.75,2,152.25248670578003
4143,-1.75,15,152.29989767074585
4144,4.449999999999999,4,152.33256888389587
4145,4.3,5,152.36636471748352
4146,3.85,8,152.40896105766296
4147,3.6999999999999997,9,152.45265984535217
4148,4.449999999999999,4,152.48434686660767
4149,4.75,2,152.51087355613708
4150,4.449999999999999,4,152.5408570766449
4151,4.449999999999999,4,152.57646131515503
4152,4.15,6,152.61706566810608
4153,4.0,7,152.6550395488739
4154,3.25,12,152.70125079154968
4155,4.3,5,152.7396149635315
4156,4.9,1,152.76216578483582
4157,4.6000000000000005,3,152.7906002998352
4158,4.6000000000000005,3,152.8282449245453
4159,4.0,7,152.86076521873474
4160,3.6999999999999997,9,152.89877247810364
4161,4.3,5,152.92614841461182
4162,4.75,2,152.9519488811493
4163,4.75,2,152.97656226158142
4164,4.449999999999999,4,153.00666117668152
4165,4.3,5,153.04229640960693
4166,4.75,2,153.06511521339417
4167,4.75,2,153.08924055099487
4168,4.15,6,153.29699778556824
4169,4.75,2,153.32626175880432
4170,4.75,2,153.35333514213562
4171,3.25,12,153.40382885932922
4172,4.15,6,153.43445897102356
4173,4.9,1,153.45932054519653
4174,3.85,8,153.49589347839355
4175,4.449999999999999,4,153.5233814716339
4176,-1.75,15,153.56616353988647
4177,4.449999999999999,4,153.59508156776428
4178,4.449999999999999,4,153.62561225891113
4179,3.6999999999999997,9,153.66666626930237
4180,4.6000000000000005,3,153.6962239742279
4181,4.9,1,153.72374200820923
4182,4.75,2,153.75301051139832
4183,4.15,6,153.7829463481903
4184,3.85,8,153.8210289478302
4185,4.0,7,153.85376954078674
4186,4.15,6,153.88486552238464
4187,4.3,5,153.9143192768097
4188,4.3,5,153.9447820186615
4189,3.25,12,153.98351120948792
4190,4.3,5,154.01569771766663
4191,4.6000000000000005,3,154.04613757133484
4192,4.0,7,154.08687329292297
4193,4.449999999999999,4,154.1162657737732
4194,4.6000000000000005,3,154.15164065361023
4195,4.9,1,154.1786229610443
4196,4.3,5,154.21604681015015
4197,4.3,5,154.24756574630737
4198,4.0,7,154.27959990501404
4199,4.9,1,154.3013608455658
4200,4.0,7,154.33791661262512
4201,3.4,11,154.37918400764465
4202,-1.75,15,154.42362093925476
4203,4.6000000000000005,3,154.44901037216187
4204,4.15,6,154.47957015037537
4205,-1.75,15,154.51787638664246
4206,4.3,5,154.54691553115845
4207,4.75,2,154.57465171813965
4208,4.15,6,154.6033320426941
4209,4.75,2,154.62844705581665
4210,4.9,1,154.6510910987854
4211,4.6000000000000005,3,154.67892789840698
4212,4.3,5,154.70839262008667
4213,4.3,5,154.7361764907837
4214,4.75,2,154.7703721523285
4215,4.449999999999999,4,154.94660639762878
4216,4.449999999999999,4,154.97352695465088
4217,4.9,1,154.99756050109863
4218,-1.75,15,155.04881405830383
4219,3.85,8,155.08508396148682
4220,4.0,7,155.11850714683533
4221,4.0,7,155.15165090560913
4222,-1.75,15,155.19447231292725
4223,4.6000000000000005,3,155.21937131881714
4224,2.9499999999999997,14,155.2612087726593
4225,4.9,1,155.28655886650085
4226,4.15,6,155.31869053840637
4227,-3.05,2,155.34445142745972
4228,3.85,8,155.38208150863647
4229,3.1,13,155.4304428100586
4230,4.15,6,155.46291589736938
4231,4.3,5,155.50429558753967
4232,4.0,7,155.54275751113892
4233,4.75,2,155.57592844963074
4234,3.6999999999999997,9,155.6148018836975
4235,-3.2,5,155.6485104560852
4236,4.0,7,155.68062257766724
4237,4.0,7,155.71613144874573
4238,4.0,7,155.75659465789795
4239,4.0,7,155.79459285736084
4240,4.75,2,155.8188407421112
4241,4.6000000000000005,3,155.84818696975708
4242,4.3,5,155.8872685432434
4243,4.0,7,155.92805790901184
4244,4.9,1,155.95030856132507
4245,4.75,2,155.97883439064026
4246,4.0,7,156.0157835483551
4247,-3.35,8,156.04823279380798
4248,3.85,8,156.07980155944824
4249,4.3,5,156.1070578098297
4250,4.15,6,156.1360583305359
4251,4.6000000000000005,3,156.16750288009644
4252,4.0,7,156.20047211647034
4253,4.449999999999999,4,156.22689509391785
4254,4.0,7,156.26617741584778
4255,3.6999999999999997,9,156.3097996711731
4256,4.3,5,156.48855447769165
4257,4.75,2,156.5135636329651
4258,4.6000000000000005,3,156.54161477088928
4259,4.449999999999999,4,156.56582927703857
4260,-1.75,15,156.61266374588013
4261,3.85,8,156.650075674057
4262,3.25,12,156.70662331581116
4263,4.15,6,156.742342710495
4264,4.15,6,156.77392435073853
4265,-1.75,15,156.81529593467712
4266,4.449999999999999,4,156.84291076660156
4267,4.6000000000000005,3,156.86902046203613
4268,3.6999999999999997,9,156.9052872657776
4269,3.6999999999999997,9,156.94166254997253
4270,4.6000000000000005,3,156.97302436828613
4271,3.6999999999999997,9,157.01406002044678
4272,3.4,11,157.07033920288086
4273,4.6000000000000005,3,157.1048002243042
4274,4.3,5,157.14188361167908
4275,4.75,2,157.1717791557312
4276,4.6000000000000005,3,157.20418548583984
4277,4.449999999999999,4,157.2361135482788
4278,-1.75,15,157.29464530944824
4279,4.3,5,157.3430531024933
4280,4.15,6,157.39591598510742
4281,4.449999999999999,4,157.44060373306274
4282,4.449999999999999,4,157.48997950553894
4283,4.3,5,157.53209924697876
4284,3.85,8,157.56705045700073
4285,4.75,2,157.59394145011902
4286,4.6000000000000005,3,157.6272692680359
4287,-1.75,15,157.6758372783661
4288,4.75,2,157.70143151283264
4289,4.9,1,157.72644972801208
4290,3.6999999999999997,9,157.76132559776306
4291,3.85,8,157.79760813713074
4292,4.449999999999999,4,157.82830429077148
4293,4.75,2,157.85234570503235
4294,4.75,2,157.87579655647278
4295,4.0,7,157.9123249053955
4296,4.449999999999999,4,157.94344115257263
4297,4.449999999999999,4,157.97191262245178
4298,4.3,5,158.01196312904358
4299,4.3,5,158.19933700561523
4300,4.75,2,158.23065042495728
4301,4.75,2,158.25457048416138
4302,4.75,2,158.27883625030518
4303,4.9,1,158.3022871017456
4304,4.449999999999999,4,158.3298556804657
4305,3.55,10,158.37220978736877
4306,-1.75,15,158.41447257995605
4307,-3.15,4,158.44504237174988
4308,3.4,11,158.4802861213684
4309,4.15,6,158.51115727424622
4310,4.75,2,158.54396677017212
4311,4.15,6,158.57522821426392
4312,4.75,2,158.6023247241974
4313,3.85,8,158.6420247554779
4314,4.6000000000000005,3,158.67428135871887
4315,4.3,5,158.70957255363464
4316,3.6999999999999997,9,158.74611115455627
4317,4.6000000000000005,3,158.77238249778748
4318,-1.75,15,158.81996941566467
4319,4.9,1,158.84007239341736
4320,3.85,8,158.8777356147766
4321,4.449999999999999,4,158.9086880683899
4322,4.75,2,158.9382860660553
4323,4.15,6,158.9689450263977
4324,4.6000000000000005,3,158.9965968132019
4325,3.85,8,159.03299736976624
4326,4.449999999999999,4,159.06542015075684
4327,4.75,2,159.09675192832947
4328,4.6000000000000005,3,159.1259388923645
4329,4.9,1,159.15347361564636
4330,4.449999999999999,4,159.1869330406189
4331,4.6000000000000005,3,159.2151744365692
4332,4.9,1,159.24404311180115
4333,-1.75,15,159.2921085357666
4334,4.15,6,159.32623100280762
4335,-1.75,15,159.37132048606873
4336,4.449999999999999,4,159.40114974975586
4337,-1.75,15,159.45222783088684
4338,3.85,8,159.49154543876648
4339,4.9,1,159.51667833328247
4340,4.6000000000000005,3,159.55393505096436
4341,3.55,10,159.59827494621277
4342,4.6000000000000005,3,159.6304383277893
4343,4.449999999999999,4,159.65998673439026
4344,4.0,7,159.6934654712677
4345,4.9,1,159.7170844078064
4346,3.4,11,159.90419244766235
4347,-1.75,15,159.9556314945221
4348,4.75,2,159.98148894309998
4349,4.75,2,160.0080907344818
4350,4.75,2,160.03027963638306
4351,4.6000000000000005,3,160.0590009689331
4352,4.6000000000000005,3,160.09188842773438
4353,4.75,2,160.11321210861206
4354,4.15,6,160.14723467826843
4355,-3.45,10,160.19264721870422
4356,4.449999999999999,4,160.22571182250977
4357,4.449999999999999,4,160.2658941745758
4358,3.85,8,160.317937374115
4359,4.449999999999999,4,160.35579681396484
4360,4.449999999999999,4,160.38743710517883
4361,4.6000000000000005,3,160.4212691783905
4362,4.6000000000000005,3,160.4592957496643
4363,-3.4,9,160.50620913505554
4364,4.9,1,160.53943538665771
4365,4.3,5,160.57882285118103
4366,4.3,5,160.6191463470459
4367,4.75,2,160.65360856056213
4368,4.3,5,160.68647360801697
4369,4.6000000000000005,3,160.71853733062744
4370,4.75,2,160.7446370124817
4371,4.6000000000000005,3,160.7716453075409
4372,-3.2,5,160.80385208129883
4373,4.75,2,160.8297107219696
4374,-3.3,7,160.8621072769165
4375,4.3,5,160.89658069610596
4376,3.4,11,160.9378592967987
4377,4.3,5,160.96928310394287
4378,4.15,6,160.99883651733398
4379,4.3,5,161.02991604804993
4380,4.6000000000000005,3,161.05728459358215
4381,4.449999999999999,4,161.08711457252502
4382,-3.0,1,161.11541295051575
4383,4.449999999999999,4,161.14552855491638
4384,3.55,10,161.18419885635376
4385,4.75,2,161.21107864379883
4386,4.3,5,161.24324893951416
4387,-3.1,3,161.27392315864563
4388,4.6000000000000005,3,161.30903339385986
4389,3.4,11,161.3552496433258
4390,4.15,6,161.3868498802185
4391,4.75,2,161.41413021087646
4392,3.6999999999999997,9,161.45513105392456
4393,3.85,8,161.4909327030182
4394,4.75,2,161.51959657669067
4395,4.3,5,161.54960131645203
4396,3.6999999999999997,9,161.5864827632904
4397,4.15,6,161.7734076976776
4398,4.3,5,161.80409836769104
4399,4.3,5,161.8375322818756
4400,4.449999999999999,4,161.86796164512634
4401,4.75,2,161.89047765731812
4402,4.6000000000000005,3,161.92232990264893
4403,4.75,2,161.94895339012146
4404,3.4,11,161.99442505836487
4405,3.4,11,162.04086780548096
4406,4.75,2,162.06891632080078
4407,4.75,2,162.09922218322754
4408,4.9,1,162.12538743019104
4409,-1.75,15,162.1763255596161
4410,4.6000000000000005,3,162.20331621170044
4411,3.25,12,162.2480390071869
4412,4.75,2,162.27679824829102
4413,4.449999999999999,4,162.3104109764099
4414,-1.75,15,162.35930109024048
4415,4.6000000000000005,3,162.38875484466553
4416,3.1,13,162.43672251701355
4417,3.85,8,162.47483921051025
4418,3.6999999999999997,9,162.52034997940063
4419,4.9,1,162.5471796989441
4420,-1.75,15,162.60357236862183
4421,4.0,7,162.6409249305725
4422,4.449999999999999,4,162.67522835731506
4423,4.449999999999999,4,162.70747876167297
4424,4.6000000000000005,3,162.73358488082886
4425,4.3,5,162.7652027606964
4426,4.6000000000000005,3,162.79362559318542
4427,3.85,8,162.8312177658081
4428,4.3,5,162.8589460849762
4429,3.55,10,162.8973560333252
4430,3.55,10,162.93431329727173
4431,4.15,6,162.9634222984314
4432,4.3,5,162.9943392276764
4433,4.449999999999999,4,163.02802515029907
4434,4.3,5,163.05847907066345
4435,4.449999999999999,4,163.08311653137207
4436,4.3,5,163.11667466163635
4437,4.75,2,163.1439504623413
4438,3.4,11,163.18346738815308
4439,4.6000000000000005,3,163.21114349365234
4440,4.9,1,163.23913669586182
4441,4.3,5,163.42577528953552
4442,4.6000000000000005,3,163.45626854896545
4443,-1.75,15,163.51015043258667
4444,4.6000000000000005,3,163.539368391037
4445,3.6999999999999997,9,163.57729506492615
4446,3.85,8,163.61509728431702
4447,4.449999999999999,4,163.65264797210693
4448,4.449999999999999,4,163.69400095939636
4449,4.6000000000000005,3,163.72812604904175
4450,4.9,1,163.75340342521667
4451,4.75,2,163.79171466827393
4452,-1.75,15,163.8552484512329
4453,4.3,5,163.898033618927
4454,4.75,2,163.9291136264801
4455,3.85,8,163.9705924987793
4456,4.3,5,164.00944137573242
4457,4.75,2,164.04238367080688
4458,3.55,10,164.09296774864197
4459,4.6000000000000005,3,164.12405848503113
4460,3.6999999999999997,9,164.1688792705536
4461,3.85,8,164.2021746635437
4462,4.6000000000000005,3,164.23100113868713
4463,-1.75,15,164.2787570953369
4464,-3.35,8,164.31418108940125
4465,4.0,7,164.34907150268555
4466,3.6999999999999997,9,164.39393305778503
4467,4.449999999999999,4,164.4231972694397
4468,4.449999999999999,4,164.45273518562317
4469,4.75,2,164.48027396202087
4470,4.449999999999999,4,164.5173535346985
4471,4.0,7,164.55777215957642
4472,4.3,5,164.59463787078857
4473,-3.0,1,164.6214280128479
4474,3.4,11,164.66528153419495
4475,-3.2,5,164.6989562511444
4476,3.6999999999999997,9,164.73455500602722
4477,4.75,2,164.75988793373108
4478,4.75,2,164.78462862968445
4479,4.449999999999999,4,164.81201028823853
4480,4.449999999999999,4,164.84097123146057
4481,4.3,5,164.8679814338684
4482,3.4,11,164.90394735336304
4483,4.449999999999999,4,164.929696559906
4484,4.75,2,164.95880770683289
4485,4.0,7,165.167977809906
4486,4.3,5,165.2020628452301
4487,4.75,2,165.2271707057953
4488,4.0,7,165.26693892478943
4489,4.6000000000000005,3,165.29917693138123
4490,3.55,10,165.34272050857544
4491,4.6000000000000005,3,165.37124872207642
4492,4.3,5,165.40570449829102
4493,4.15,6,165.44033288955688
4494,-1.75,15,165.48926997184753
4495,4.6000000000000005,3,165.5136160850525
4496,4.15,6,165.54436945915222
4497,3.55,10,165.58125042915344
4498,3.55,10,165.62772798538208
4499,4.6000000000000005,3,165.65547108650208
4500,4.75,2,165.6804301738739
4501,4.6000000000000005,3,165.70715832710266
4502,3.85,8,165.74056911468506
4503,3.85,8,165.77445769309998
4504,4.15,6,165.80684876441956
4505,4.15,6,165.8374834060669
4506,3.4,11,165.87261247634888
4507,4.6000000000000005,3,165.90040373802185
4508,4.6000000000000005,3,165.93216919898987
4509,3.25,12,165.97151398658752
4510,4.15,6,166.00075387954712
4511,3.6999999999999997,9,166.03567743301392
4512,4.6000000000000005,3,166.0609905719757
4513,4.3,5,166.09314250946045
4514,4.3,5,166.1275610923767
4515,3.85,8,166.16631174087524
4516,4.449999999999999,4,166.1956343650818
4517,3.85,8,166.23487830162048
4518,4.449999999999999,4,166.26244258880615
4519,4.15,6,166.29618453979492
4520,4.9,1,166.31988978385925
4521,3.85,8,166.3530170917511
4522,4.3,5,166.37951016426086
4523,4.9,1,166.40065002441406
4524,3.85,8,166.4309332370758
4525,4.9,1,166.45411109924316
4526,3.4,11,166.49291038513184
4527,3.85,8,166.5334119796753
4528,-3.3,7,166.7256898880005
4529,4.75,2,166.75230646133423
4530,4.449999999999999,4,166.78424787521362
4531,4.6000000000000005,3,166.81183242797852
4532,3.25,12,166.85579299926758
4533,4.3,5,166.89286947250366
4534,4.15,6,166.92735600471497
4535,4.75,2,166.95742225646973
4536,3.55,10,166.99453854560852
4537,4.15,6,167.02977323532104
4538,4.3,5,167.06598591804504
4539,4.449999999999999,4,167.09819531440735
4540,4.15,6,167.13134264945984
4541,4.75,2,167.16118097305298
4542,4.449999999999999,4,167.19144821166992
4543,4.449999999999999,4,167.22214818000793
4544,4.0,7,167.2674424648285
4545,4.6000000000000005,3,167.30026841163635
4546,4.6000000000000005,3,167.33008003234863
4547,4.75,2,167.35866379737854
4548,4.0,7,167.40028309822083
4549,3.85,8,167.4352788925171
4550,4.449999999999999,4,167.46417999267578
4551,4.0,7,167.50049662590027
4552,4.3,5,167.53014373779297
4553,4.3,5,167.56906270980835
4554,-3.05,2,167.59626173973083
4555,4.75,2,167.6222062110901
4556,4.3,5,167.64963626861572
4557,-3.25,6,167.68151831626892
4558,4.9,1,167.70490837097168
4559,-3.4,9,167.74035239219666
4560,4.3,5,167.76914191246033
4561,4.6000000000000005,3,167.79405045509338
4562,4.449999999999999,4,167.8235569000244
4563,4.6000000000000005,3,167.84834790229797
4564,4.75,2,167.87262058258057
4565,4.0,7,167.9097409248352
4566,4.9,1,167.9375867843628
4567,4.9,1,167.95978450775146
4568,4.15,6,167.99064683914185
4569,4.15,6,168.02102732658386
4570,4.15,6,168.05904173851013
4571,4.449999999999999,4,168.09842777252197
4572,4.6000000000000005,3,168.1300332546234
4573,4.75,2,168.15599513053894
4574,4.15,6,168.1868326663971
4575,4.449999999999999,4,168.21278047561646
4576,4.75,2,168.23900246620178
4577,4.6000000000000005,3,168.26324462890625
4578,4.15,6,168.2922978401184
4579,4.9,1,168.31877756118774
4580,4.3,5,168.34750866889954
4581,4.75,2,168.37535166740417
4582,3.55,10,168.41832304000854
4583,-3.4,9,168.45382571220398
4584,4.449999999999999,4,168.64314913749695
4585,4.6000000000000005,3,168.67464447021484
4586,4.75,2,168.6994366645813
4587,4.449999999999999,4,168.73149061203003
4588,4.6000000000000005,3,168.76647305488586
4589,4.449999999999999,4,168.79417443275452
4590,3.25,12,168.8368411064148
4591,3.6999999999999997,9,168.872136592865
4592,4.75,2,168.89722800254822
4593,3.85,8,168.93138003349304
4594,4.449999999999999,4,168.95807480812073
4595,4.75,2,168.98496961593628
4596,4.15,6,169.0127456188202
4597,4.75,2,169.0354745388031
4598,4.6000000000000005,3,169.05995798110962
4599,4.449999999999999,4,169.09008741378784
4600,4.6000000000000005,3,169.11260533332825
4601,4.6000000000000005,3,169.1403455734253
4602,4.15,6,169.17369961738586
4603,3.25,12,169.21097040176392
4604,3.1,13,169.25076508522034
4605,3.55,10,169.28836226463318
4606,4.3,5,169.31963539123535
4607,4.9,1,169.3448600769043
4608,4.6000000000000005,3,169.3720235824585
4609,3.85,8,169.40349674224854
4610,4.75,2,169.42710494995117
4611,4.449999999999999,4,169.46086931228638
4612,4.3,5,169.49187898635864
4613,4.6000000000000005,3,169.52130317687988
4614,4.15,6,169.54923248291016
4615,4.15,6,169.58022451400757
4616,4.6000000000000005,3,169.606591463089
4617,3.6999999999999997,9,169.63961362838745
4618,4.449999999999999,4,169.67488265037537
4619,-3.55,12,169.7244176864624
4620,4.9,1,169.74741220474243
4621,3.6999999999999997,9,169.79015731811523
4622,4.3,5,169.81893110275269
4623,4.6000000000000005,3,169.8427119255066
4624,4.75,2,169.8658275604248
4625,-3.05,2,169.88931012153625
4626,4.6000000000000005,3,169.91878652572632
4627,4.9,1,169.9419972896576
4628,4.0,7,169.9824287891388
4629,4.6000000000000005,3,170.01654076576233
4630,4.6000000000000005,3,170.0522003173828
4631,4.75,2,170.08181858062744
4632,4.449999999999999,4,170.11299324035645
4633,4.6000000000000005,3,170.1400911808014
4634,4.449999999999999,4,170.16799116134644
4635,4.15,6,170.20037746429443
4636,3.55,10,170.40992736816406
4637,4.75,2,170.4380350112915
4638,-1.75,15,170.4933636188507
4639,4.75,2,170.52014780044556
4640,3.4,11,170.56032156944275
4641,4.15,6,170.59559750556946
4642,3.4,11,170.64096212387085
4643,4.9,1,170.6644434928894
4644,4.75,2,170.68980979919434
4645,4.3,5,170.7225227355957
4646,4.9,1,170.74565291404724
4647,4.75,2,170.7709183692932
4648,4.6000000000000005,3,170.79897737503052
4649,4.3,5,170.82733154296875
4650,4.15,6,170.85617423057556
4651,4.6000000000000005,3,170.8789782524109
4652,-1.75,15,170.9210765361786
4653,3.25,12,170.95887112617493
4654,3.4,11,170.99245309829712
4655,4.3,5,171.02819323539734
4656,4.3,5,171.06430339813232
4657,4.9,1,171.09246802330017
4658,4.6000000000000005,3,171.12469792366028
4659,3.85,8,171.15857219696045
4660,4.6000000000000005,3,171.182870388031
4661,4.449999999999999,4,171.2098970413208
4662,4.3,5,171.2393364906311
4663,-1.75,15,171.27991485595703
4664,4.0,7,171.31102633476257
4665,3.25,12,171.34824991226196
4666,4.6000000000000005,3,171.37539839744568
4667,3.85,8,171.41132020950317
4668,4.6000000000000005,3,171.4385015964508
4669,4.75,2,171.46282076835632
4670,4.6000000000000005,3,171.49255657196045
4671,4.3,5,171.52472352981567
4672,4.6000000000000005,3,171.55701088905334
4673,4.3,5,171.5846676826477
4674,4.15,6,171.6224136352539
4675,3.25,12,171.6632115840912
4676,4.449999999999999,4,171.69269728660583
4677,4.75,2,171.71972608566284
4678,3.4,11,171.75799989700317
4679,4.3,5,171.79165244102478
4680,4.449999999999999,4,171.98844957351685
4681,4.15,6,172.02050828933716
4682,4.9,1,172.045743227005
4683,3.4,11,172.0943660736084
4684,4.15,6,172.13141083717346
4685,4.15,6,172.17138719558716
4686,4.6000000000000005,3,172.1993064880371
4687,4.75,2,172.22549390792847
4688,3.85,8,172.2606155872345
4689,4.6000000000000005,3,172.28930044174194
4690,4.6000000000000005,3,172.31439590454102
4691,4.15,6,172.35104036331177
4692,-1.75,15,172.39797234535217
4693,4.6000000000000005,3,172.4273645877838
4694,4.15,6,172.46485924720764
4695,-1.75,15,172.5093891620636
4696,4.6000000000000005,3,172.53807067871094
4697,4.15,6,172.56705784797668
4698,4.6000000000000005,3,172.59487128257751
4699,4.3,5,172.62815117835999
4700,4.6000000000000005,3,172.66156721115112
4701,4.9,1,172.6951105594635
4702,4.9,1,172.72165036201477
4703,4.449999999999999,4,172.74979448318481
4704,4.6000000000000005,3,172.7764184474945
4705,4.15,6,172.80731439590454
4706,4.6000000000000005,3,172.83076810836792
4707,4.75,2,172.85396766662598
4708,4.6000000000000005,3,172.88105726242065
4709,3.85,8,172.9139347076416
4710,4.9,1,172.9333369731903
4711,-1.75,15,172.97778248786926
4712,4.449999999999999,4,173.00615453720093
4713,4.75,2,173.03101325035095
4714,-3.15,4,173.06420636177063
4715,4.75,2,173.09007167816162
4716,-1.75,15,173.13773703575134
4717,4.3,5,173.17064881324768
4718,4.15,6,173.20208716392517
4719,4.3,5,173.23285341262817
4720,4.6000000000000005,3,173.26190519332886
4721,4.6000000000000005,3,173.29132652282715
4722,4.3,5,173.3242151737213
4723,4.3,5,173.35818099975586
4724,4.75,2,173.3853669166565
4725,4.0,7,173.42617321014404
4726,4.6000000000000005,3,173.45505475997925
4727,4.3,5,173.4853377342224
4728,3.85,8,173.51854252815247
4729,3.6999999999999997,9,173.55912399291992
4730,4.15,6,173.74063539505005
4731,4.6000000000000005,3,173.77239751815796
4732,3.1,13,173.82478785514832
4733,2.9499999999999997,14,173.86828565597534
4734,4.15,6,173.89774322509766
4735,4.6000000000000005,3,173.92910432815552
4736,3.4,11,173.9728066921234
4737,3.55,10,174.0163140296936
4738,4.6000000000000005,3,174.04700875282288
4739,3.25,12,174.08925461769104
4740,4.15,6,174.12297916412354
4741,4.449999999999999,4,174.1553773880005
4742,4.6000000000000005,3,174.17992210388184
4743,3.4,11,174.21719813346863
4744,4.6000000000000005,3,174.24297714233398
4745,4.6000000000000005,3,174.26786136627197
4746,-3.0,1,174.29149222373962
4747,4.449999999999999,4,174.32211017608643
4748,4.6000000000000005,3,174.3540141582489
4749,3.55,10,174.38868975639343
4750,4.3,5,174.41977500915527
4751,4.449999999999999,4,174.44823741912842
4752,3.55,10,174.4898648262024
4753,3.4,11,174.53301334381104
4754,-1.75,15,174.57705283164978
4755,3.55,10,174.61289477348328
4756,4.6000000000000005,3,174.64207911491394
4757,3.6999999999999997,9,174.6801552772522
4758,4.15,6,174.72034573554993
4759,4.75,2,174.7452335357666
4760,3.55,10,174.78633403778076
4761,4.3,5,174.81832218170166
4762,4.75,2,174.84671878814697
4763,3.85,8,174.88169384002686
4764,3.85,8,174.92416524887085
4765,3.25,12,174.96746563911438
4766,3.25,12,175.16843628883362
4767,4.15,6,175.20128321647644
4768,4.6000000000000005,3,175.22629380226135
4769,3.85,8,175.2585964202881
4770,4.75,2,175.27981281280518
4771,4.15,6,175.31157183647156
4772,-1.75,15,175.3550910949707
4773,4.449999999999999,4,175.38173508644104
4774,4.3,5,175.41070294380188
4775,4.0,7,175.44059109687805
4776,3.85,8,175.47589206695557
4777,4.9,1,175.50493788719177
4778,3.1,13,175.54335927963257
4779,4.6000000000000005,3,175.56963729858398
4780,4.9,1,175.5932583808899
4781,-3.3,7,175.6255497932434
4782,4.0,7,175.65795516967773
4783,3.25,12,175.70000553131104
4784,4.3,5,175.7305839061737
4785,4.75,2,175.76601600646973
4786,3.85,8,175.7991738319397
4787,3.6999999999999997,9,175.83462834358215
4788,4.3,5,175.8710527420044
4789,4.75,2,175.89519476890564
4790,4.449999999999999,4,175.9227750301361
4791,4.75,2,175.9472575187683
4792,4.15,6,175.9781231880188
4793,4.75,2,176.0089135169983
4794,4.6000000000000005,3,176.0360085964203
4795,4.6000000000000005,3,176.0615372657776
4796,-1.75,15,176.10297083854675
4797,4.449999999999999,4,176.1282615661621
4798,3.6999999999999997,9,176.1627082824707
4799,3.85,8,176.19470191001892
4800,4.0,7,176.23335099220276
4801,4.15,6,176.2623908519745
4802,4.3,5,176.29511308670044
4803,4.449999999999999,4,176.32909417152405
4804,4.449999999999999,4,176.35886883735657
4805,4.75,2,176.38916873931885
4806,4.449999999999999,4,176.4212908744812
4807,4.75,2,176.45002126693726
4808,4.6000000000000005,3,176.48038339614868
4809,4.6000000000000005,3,176.51162385940552
4810,4.6000000000000005,3,176.54722094535828
4811,4.15,6,176.58308005332947
4812,4.6000000000000005,3,176.61093544960022
4813,3.85,8,176.81335973739624
4814,-1.75,15,176.8689775466919
4815,4.6000000000000005,3,176.8966875076294
4816,4.449999999999999,4,176.9240550994873
4817,3.4,11,176.95857405662537
4818,4.3,5,176.98699069023132
4819,3.1,13,177.0336697101593
4820,4.75,2,177.05983662605286
4821,3.85,8,177.09420704841614
4822,4.3,5,177.12973833084106
4823,3.25,12,177.17373085021973
4824,4.9,1,177.19717836380005
4825,4.449999999999999,4,177.2275893688202
4826,4.15,6,177.2609519958496
4827,4.6000000000000005,3,177.2903528213501
4828,4.9,1,177.31240844726562
4829,3.6999999999999997,9,177.3461298942566
4830,4.75,2,177.37444925308228
4831,4.0,7,177.40941762924194
4832,4.3,5,177.43929529190063
4833,4.449999999999999,4,177.46859884262085
4834,3.55,10,177.50892043113708
4835,4.3,5,177.5402901172638
4836,4.449999999999999,4,177.57167172431946
4837,4.15,6,177.60567021369934
4838,3.25,12,177.6473731994629
4839,4.449999999999999,4,177.67615747451782
4840,3.55,10,177.7092444896698
4841,4.449999999999999,4,177.7341549396515
4842,4.3,5,177.76487827301025
4843,4.0,7,177.79687786102295
4844,4.449999999999999,4,177.82959175109863
4845,3.85,8,177.86189675331116
4846,4.15,6,177.89118266105652
4847,3.85,8,177.92704677581787
4848,4.449999999999999,4,177.9561128616333
4849,4.6000000000000005,3,177.98534750938416
4850,-1.75,15,178.0329306125641
4851,-1.75,15,178.08156633377075
4852,4.3,5,178.27041006088257
4853,3.1,13,178.313303232193
4854,4.9,1,178.33763647079468
4855,4.75,2,178.3613407611847
4856,4.9,1,178.38272714614868
4857,4.75,2,178.40832924842834
4858,4.75,2,178.4308683872223
4859,4.6000000000000005,3,178.45613980293274
4860,-1.75,15,178.50613570213318
4861,4.3,5,178.53606367111206
4862,4.6000000000000005,3,178.56058979034424
4863,4.6000000000000005,3,178.59052968025208
4864,4.75,2,178.61840558052063
4865,4.6000000000000005,3,178.64253735542297
4866,4.75,2,178.66514897346497
4867,3.85,8,178.7047519683838
4868,3.55,10,178.74107933044434
4869,4.6000000000000005,3,178.76850819587708
4870,4.15,6,178.80041480064392
4871,4.75,2,178.8234007358551
4872,4.6000000000000005,3,178.85164308547974
4873,3.85,8,178.88494515419006
4874,4.449999999999999,4,178.9114408493042
4875,4.75,2,178.937912940979
4876,3.4,11,178.97516560554504
4877,4.3,5,179.00645923614502
4878,4.6000000000000005,3,179.03858184814453
4879,3.6999999999999997,9,179.07652854919434
4880,4.75,2,179.1026096343994
4881,4.6000000000000005,3,179.13004159927368
4882,4.449999999999999,4,179.1610186100006
4883,4.449999999999999,4,179.19962334632874
4884,3.85,8,179.23801183700562
4885,4.3,5,179.26465368270874
4886,4.15,6,179.3017725944519
4887,4.15,6,179.33673286437988
4888,4.6000000000000005,3,179.36503076553345
4889,4.0,7,179.4032371044159
4890,4.75,2,179.431480884552
4891,3.55,10,179.4723346233368
4892,4.449999999999999,4,179.50585460662842
4893,4.75,2,179.53171825408936
4894,4.6000000000000005,3,179.55838346481323
4895,4.6000000000000005,3,179.5879156589508
4896,3.4,11,179.6273238658905
4897,4.6000000000000005,3,179.65399146080017
4898,3.55,10,179.69369888305664
4899,-1.75,15,179.73793506622314
4900,4.75,2,179.7608757019043
4901,4.449999999999999,4,179.78986120224
4902,4.75,2,179.81902718544006
4903,4.0,7,179.98354649543762
4904,4.449999999999999,4,180.00951957702637
4905,4.9,1,180.03001832962036
4906,4.75,2,180.056170463562
4907,4.0,7,180.08891940116882
4908,4.449999999999999,4,180.11784648895264
4909,4.75,2,180.14303159713745
4910,4.3,5,180.17306852340698
4911,4.449999999999999,4,180.20297288894653
4912,4.6000000000000005,3,180.22857451438904
4913,3.6999999999999997,9,180.26065158843994
4914,4.3,5,180.2905592918396
4915,4.6000000000000005,3,180.31536865234375
4916,4.449999999999999,4,180.34435629844666
4917,4.449999999999999,4,180.37130427360535
4918,4.6000000000000005,3,180.4029667377472
4919,4.6000000000000005,3,180.42653942108154
4920,3.6999999999999997,9,180.4683382511139
4921,3.1,13,180.51236009597778
4922,4.3,5,180.54840230941772
4923,4.0,7,180.58448886871338
4924,4.15,6,180.61817026138306
4925,4.6000000000000005,3,180.6426646709442
4926,4.9,1,180.66975235939026
4927,4.6000000000000005,3,180.69431519508362
4928,4.449999999999999,4,180.72317600250244
4929,4.449999999999999,4,180.7496337890625
4930,3.85,8,180.78628039360046
4931,4.449999999999999,4,180.8127121925354
4932,4.6000000000000005,3,180.83753204345703
4933,4.75,2,180.8597810268402
4934,3.6999999999999997,9,180.89441847801208
4935,4.449999999999999,4,180.92021417617798
4936,4.9,1,180.94270730018616
4937,4.6000000000000005,3,180.9712266921997
4938,-1.75,15,181.01698780059814
4939,4.15,6,181.05073499679565
4940,3.4,11,181.09369444847107
4941,4.15,6,181.13209414482117
4942,4.0,7,181.1721053123474
4943,4.75,2,181.20123147964478
4944,-1.75,15,181.24307417869568
4945,3.55,10,181.28048372268677
4946,3.85,8,181.3182771205902
4947,4.6000000000000005,3,181.34430146217346
4948,4.6000000000000005,3,181.37192702293396
4949,4.6000000000000005,3,181.40125346183777
4950,4.449999999999999,4,181.4259967803955
4951,4.15,6,181.45606470108032
4952,4.15,6,181.6441457271576
4953,4.449999999999999,4,181.67444825172424
4954,4.0,7,181.7075424194336
4955,4.3,5,181.7402219772339
4956,4.75,2,181.7661416530609
4957,3.85,8,181.79870438575745
4958,4.3,5,181.82787704467773
4959,4.75,2,181.85302758216858
4960,4.449999999999999,4,181.88128805160522
4961,3.6999999999999997,9,181.9181468486786
4962,4.449999999999999,4,181.9458875656128
4963,4.75,2,181.97176837921143
4964,4.0,7,182.0060169696808
4965,4.9,1,182.02567267417908
4966,4.6000000000000005,3,182.05385613441467
4967,4.449999999999999,4,182.08315229415894
4968,4.75,2,182.10735273361206
4969,4.75,2,182.13603043556213
4970,4.3,5,182.16834378242493
4971,4.0,7,182.20297122001648
4972,4.6000000000000005,3,182.22902750968933
4973,4.0,7,182.26773619651794
4974,4.6000000000000005,3,182.29238438606262
4975,3.6999999999999997,9,182.3293969631195
4976,4.75,2,182.35330295562744
4977,4.0,7,182.38424587249756
4978,4.15,6,182.41344094276428
4979,4.3,5,182.44693756103516
4980,4.449999999999999,4,182.47638154029846
4981,4.3,5,182.5101978778839
4982,4.449999999999999,4,182.54247522354126
4983,-3.5,11,182.58274245262146
4984,4.6000000000000005,3,182.6092712879181
4985,3.85,8,182.64638090133667
4986,3.85,8,182.68541765213013
4987,4.15,6,182.71453619003296
4988,4.75,2,182.736576795578
4989,4.449999999999999,4,182.7657036781311
4990,3.4,11,182.80165219306946
4991,-3.4,9,182.8394832611084
4992,3.55,10,182.87825632095337
4993,4.15,6,182.92332553863525
4994,3.6999999999999997,9,182.96118092536926
4995,4.449999999999999,4,182.98876452445984
4996,3.85,8,183.024254322052
4997,4.449999999999999,4,183.05293130874634
4998,4.449999999999999,4,183.07925748825073
4999,4.75,2,183.1048867702484
5000,4.75,2,183.12956619262695
5001,4.6000000000000005,3,183.32522439956665
5002,3.55,10,183.36244010925293
5003,4.6000000000000005,3,183.39194226264954
5004,4.6000000000000005,3,183.41821193695068
5005,4.3,5,183.44396924972534
5006,4.15,6,183.47638487815857
5007,4.9,1,183.50143480300903
5008,4.15,6,183.52866506576538
5009,3.25,12,183.57041954994202
5010,4.3,5,183.59919047355652
5011,3.85,8,183.63213562965393
5012,4.9,1,183.65837836265564
5013,4.15,6,183.69683933258057
5014,4.9,1,183.7240288257599
5015,4.75,2,183.75757670402527
5016,4.0,7,183.8002691268921
5017,3.6999999999999997,9,183.8355212211609
5018,4.449999999999999,4,183.8670949935913
5019,4.6000000000000005,3,183.89605569839478
5020,3.55,10,183.93921637535095
5021,4.3,5,183.97138857841492
5022,4.449999999999999,4,184.00809955596924
5023,-1.75,15,184.05381202697754
5024,4.75,2,184.08111596107483
5025,4.3,5,184.11570644378662
5026,4.15,6,184.148779630661
5027,4.75,2,184.17743611335754
5028,4.15,6,184.2123396396637
5029,4.75,2,184.2399935722351
5030,3.25,12,184.28498768806458
5031,4.449999999999999,4,184.31195998191833
5032,3.25,12,184.35886526107788
5033,4.75,2,184.3892331123352
5034,3.85,8,184.4370400905609
5035,4.75,2,184.46259689331055
5036,-1.75,15,184.5112180709839
5037,4.6000000000000005,3,184.53869724273682
5038,4.75,2,184.56281638145447
5039,4.3,5,184.59071731567383
5040,4.449999999999999,4,184.61505556106567
5041,4.75,2,184.63954782485962
5042,4.75,2,184.66178178787231
5043,4.75,2,184.68765425682068
5044,-1.75,15,184.73146629333496
5045,4.0,7,184.76323890686035
5046,4.449999999999999,4,184.79533576965332
5047,4.6000000000000005,3,184.82014727592468
5048,4.0,7,185.0044732093811
5049,4.15,6,185.03663849830627
5050,4.6000000000000005,3,185.0611913204193
5051,3.6999999999999997,9,185.0969319343567
5052,4.6000000000000005,3,185.12596106529236
5053,-1.75,15,185.17120242118835
5054,4.3,5,185.20502710342407
5055,4.9,1,185.23790621757507
5056,4.449999999999999,4,185.26583099365234
5057,3.85,8,185.2975459098816
5058,4.6000000000000005,3,185.32402420043945
5059,4.75,2,185.34648966789246
5060,4.15,6,185.38343381881714
5061,3.85,8,185.41649532318115
5062,4.15,6,185.4461944103241
5063,4.6000000000000005,3,185.47245240211487
5064,4.6000000000000005,3,185.49758744239807
5065,4.3,5,185.52622532844543
5066,-3.35,8,185.55776000022888
5067,4.3,5,185.5932812690735
5068,4.9,1,185.61779522895813
5069,-1.75,15,185.66433906555176
5070,3.6999999999999997,9,185.6987988948822
5071,3.4,11,185.74030780792236
5072,-1.75,15,185.78614258766174
5073,3.6999999999999997,9,185.82151126861572
5074,4.15,6,185.8580207824707
5075,4.6000000000000005,3,185.8848934173584
5076,4.3,5,185.91549038887024
5077,4.75,2,185.93981742858887
5078,4.3,5,185.97141575813293
5079,4.3,5,186.00246787071228
5080,4.3,5,186.03596949577332
5081,4.3,5,186.0676429271698
5082,3.6999999999999997,9,186.10624885559082
5083,4.9,1,186.129328250885
5084,4.0,7,186.1608443260193
5085,4.15,6,186.18969464302063
5086,4.6000000000000005,3,186.22004199028015
5087,4.15,6,186.25956845283508
5088,4.75,2,186.29047679901123
5089,4.449999999999999,4,186.32153820991516
5090,4.6000000000000005,3,186.35098338127136
5091,3.25,12,186.54600286483765
5092,4.75,2,186.5732684135437
5093,3.4,11,186.61072993278503
5094,4.449999999999999,4,186.64293956756592
5095,4.3,5,186.67380785942078
5096,4.0,7,186.70742464065552
5097,4.3,5,186.73912072181702
5098,4.15,6,186.76739645004272
5099,3.4,11,186.80157208442688
5100,4.3,5,186.83399987220764
5101,4.15,6,186.8624575138092
5102,4.3,5,186.89439153671265
5103,4.75,2,186.92182397842407
5104,4.449999999999999,4,186.94950151443481
5105,4.6000000000000005,3,186.9789047241211
5106,-3.05,2,187.0046513080597
5107,3.85,8,187.0407691001892
5108,4.3,5,187.080317735672
5109,3.4,11,187.12823820114136
5110,4.6000000000000005,3,187.15898942947388
5111,-3.3,7,187.19780230522156
5112,4.6000000000000005,3,187.23113489151
5113,4.6000000000000005,3,187.26512217521667
5114,4.6000000000000005,3,187.2945396900177
5115,4.3,5,187.32866597175598
5116,3.6999999999999997,9,187.3677635192871
5117,4.449999999999999,4,187.40745186805725
5118,4.15,6,187.44401669502258
5119,4.15,6,187.480140209198
5120,-3.4,9,187.518048286438
5121,4.15,6,187.5492386817932
5122,4.6000000000000005,3,187.5823793411255
5123,4.6000000000000005,3,187.60905623435974
5124,3.55,10,187.64838027954102
5125,-1.75,15,187.6978223323822
5126,4.15,6,187.73032021522522
5127,4.6000000000000005,3,187.75828099250793
5128,-3.2,5,187.78726863861084
5129,4.75,2,187.8110954761505
5130,4.449999999999999,4,187.83726382255554
5131,4.3,5,187.86647033691406
5132,4.75,2,187.89218592643738
5133,4.6000000000000005,3,187.929208278656
5134,4.75,2,187.95777225494385
5135,3.25,12,187.99935817718506
5136,4.75,2,188.02501153945923
5137,4.449999999999999,4,188.05234742164612
5138,4.75,2,188.076740026474
5139,3.25,12,188.27004170417786
5140,3.85,8,188.30651092529297
5141,4.3,5,188.33376622200012
5142,4.0,7,188.3677339553833
5143,4.15,6,188.40370082855225
5144,4.75,2,188.43371677398682
5145,4.3,5,188.46754503250122
5146,4.75,2,188.49319076538086
5147,4.9,1,188.51715874671936
5148,-1.75,15,188.55886960029602
5149,3.6999999999999997,9,188.60606575012207
5150,4.15,6,188.6426842212677
5151,3.25,12,188.6918158531189
5152,4.75,2,188.7198793888092
5153,4.75,2,188.7526397705078
5154,3.85,8,188.79517149925232
5155,4.15,6,188.8261992931366
5156,4.75,2,188.8562216758728
5157,4.449999999999999,4,188.88936042785645
5158,4.75,2,188.91986274719238
5159,4.75,2,188.94812631607056
5160,4.3,5,188.983895778656
5161,2.8,15,189.0333433151245
5162,4.3,5,189.0683081150055
5163,4.9,1,189.09582829475403
5164,4.449999999999999,4,189.13117480278015
5165,3.6999999999999997,9,189.17853713035583
5166,4.9,1,189.20949459075928
5167,4.0,7,189.25778770446777
5168,3.55,10,189.29553699493408
5169,4.0,7,189.32660365104675
5170,4.15,6,189.35545206069946
5171,4.449999999999999,4,189.38273978233337
5172,4.449999999999999,4,189.41144442558289
5173,4.6000000000000005,3,189.44029331207275
5174,-1.75,15,189.4915065765381
5175,4.449999999999999,4,189.5244128704071
5176,4.75,2,189.56033658981323
5177,4.75,2,189.59014678001404
5178,4.3,5,189.61896920204163
5179,4.3,5,189.647385597229
5180,3.6999999999999997,9,189.68723392486572
5181,4.0,7,189.7193672657013
5182,4.9,1,189.74679112434387
5183,3.85,8,189.78477025032043
5184,4.449999999999999,4,189.81444311141968
5185,4.9,1,189.83605909347534
5186,4.75,2,190.0091733932495
5187,4.449999999999999,4,190.03610229492188
5188,4.75,2,190.05778670310974
5189,4.3,5,190.08555436134338
5190,4.3,5,190.1136829853058
5191,3.6999999999999997,9,190.15180563926697
5192,4.6000000000000005,3,190.1824972629547
5193,4.75,2,190.209566116333
5194,3.55,10,190.2509548664093
5195,4.6000000000000005,3,190.2792785167694
5196,-1.75,15,190.33153557777405
5197,4.75,2,190.3580927848816
5198,-1.75,15,190.40264320373535
5199,4.75,2,190.42744088172913
5200,4.449999999999999,4,190.45934343338013
5201,4.6000000000000005,3,190.49125456809998
5202,4.449999999999999,4,190.5272617340088
5203,4.75,2,190.55948877334595
5204,4.449999999999999,4,190.59333610534668
5205,3.85,8,190.63307929039001
5206,4.449999999999999,4,190.6671085357666
5207,4.6000000000000005,3,190.69672441482544
5208,4.15,6,190.73478388786316
5209,4.75,2,190.7605471611023
5210,4.3,5,190.79118299484253
5211,3.55,10,190.83185529708862
5212,-1.75,15,190.87440586090088
5213,3.85,8,190.90403127670288
5214,4.75,2,190.93369340896606
5215,4.449999999999999,4,190.96704530715942
5216,3.25,12,191.0190896987915
5217,4.9,1,191.04409050941467
5218,4.6000000000000005,3,191.07126545906067
5219,-3.1,3,191.09970998764038
5220,4.6000000000000005,3,191.12728095054626
5221,4.449999999999999,4,191.15722155570984
5222,3.85,8,191.19174575805664
5223,4.9,1,191.2154257297516
5224,4.449999999999999,4,191.24142813682556
5225,4.75,2,191.26956963539124
5226,4.75,2,191.29383087158203
5227,3.25,12,191.3375964164734
5228,4.75,2,191.3617968559265
5229,-1.75,15,191.4061200618744
5230,4.6000000000000005,3,191.43394684791565
5231,4.75,2,191.4577076435089
5232,4.0,7,191.49820065498352
5233,4.449999999999999,4,191.52554965019226
5234,4.6000000000000005,3,191.5526728630066
5235,-1.75,15,191.74178791046143
5236,4.6000000000000005,3,191.77648067474365
5237,4.0,7,191.81023168563843
5238,4.449999999999999,4,191.84712600708008
5239,4.0,7,191.88332176208496
5240,4.75,2,191.91053247451782
5241,4.0,7,191.94939041137695
5242,3.4,11,191.9905731678009
5243,3.6999999999999997,9,192.02675414085388
5244,4.15,6,192.06350922584534
5245,4.9,1,192.09110116958618
5246,4.15,6,192.1254801750183
5247,3.4,11,192.16707921028137
5248,4.75,2,192.1975543498993
5249,3.4,11,192.24170207977295
5250,3.85,8,192.28385043144226
5251,3.55,10,192.31886458396912
5252,4.75,2,192.34685468673706
5253,4.3,5,192.3794641494751
5254,4.75,2,192.40367460250854
5255,4.75,2,192.43422412872314
5256,3.55,10,192.47246885299683
5257,3.6999999999999997,9,192.50816702842712
5258,4.75,2,192.53270268440247
5259,4.75,2,192.5574870109558
5260,4.3,5,192.59150505065918
5261,3.55,10,192.63448929786682
5262,4.3,5,192.67081546783447
5263,3.6999999999999997,9,192.70695424079895
5264,4.3,5,192.73955965042114
5265,4.449999999999999,4,192.76634645462036
5266,4.15,6,192.79424810409546
5267,4.449999999999999,4,192.820166349411
5268,4.15,6,192.84832882881165
5269,3.6999999999999997,9,192.881187915802
5270,4.6000000000000005,3,192.9073202610016
5271,4.449999999999999,4,192.93805694580078
5272,4.0,7,192.9721622467041
5273,4.75,2,193.00161147117615
5274,4.6000000000000005,3,193.02549028396606
5275,4.9,1,193.0533173084259
5276,4.449999999999999,4,193.0801396369934
5277,4.6000000000000005,3,193.10807967185974
5278,4.75,2,193.1402838230133
5279,-1.75,15,193.35284447669983
5280,4.3,5,193.38940262794495
5281,3.1,13,193.43108940124512
5282,4.449999999999999,4,193.4664580821991
5283,4.449999999999999,4,193.5018584728241
5284,-3.15,4,193.5328414440155
5285,-3.0,1,193.55808901786804
5286,4.3,5,193.59094953536987
5287,4.9,1,193.61376523971558
5288,4.449999999999999,4,193.6536865234375
5289,4.6000000000000005,3,193.68578600883484
5290,4.15,6,193.7284698486328
5291,4.15,6,193.759516954422
5292,4.75,2,193.78952026367188
5293,4.9,1,193.82001423835754
5294,4.3,5,193.86118531227112
5295,4.3,5,193.89420676231384
5296,4.449999999999999,4,193.92942070960999
5297,4.15,6,193.96346187591553
5298,4.6000000000000005,3,193.98994541168213
5299,4.6000000000000005,3,194.02423572540283
5300,4.3,5,194.05468344688416
5301,4.9,1,194.08197140693665
5302,4.15,6,194.1125466823578
5303,4.6000000000000005,3,194.14088082313538
5304,-3.25,6,194.17140531539917
5305,4.6000000000000005,3,194.197838306427
5306,4.6000000000000005,3,194.22122859954834
5307,4.3,5,194.2526149749756
5308,4.0,7,194.28371691703796
5309,3.6999999999999997,9,194.3221549987793
5310,4.0,7,194.3580892086029
5311,-3.1,3,194.38517427444458
5312,4.75,2,194.41800785064697
5313,4.15,6,194.45184755325317
5314,-3.15,4,194.4791762828827
5315,4.75,2,194.50502347946167
5316,4.15,6,194.5377607345581
5317,3.85,8,194.5731062889099
5318,4.3,5,194.60191869735718
5319,4.75,2,194.62355971336365
5320,3.4,11,194.66897892951965
5321,4.3,5,194.7035117149353
5322,4.3,5,194.73217868804932
5323,2.9499999999999997,14,194.77373385429382
5324,4.75,2,194.80068039894104
5325,3.85,8,194.83779215812683
5326,4.6000000000000005,3,194.86473417282104
5327,4.15,6,194.8931109905243
5328,4.75,2,194.9177713394165
5329,4.0,7,194.9505250453949
5330,4.3,5,194.9771807193756
5331,-1.75,15,195.18190383911133
5332,3.6999999999999997,9,195.22214794158936
5333,3.85,8,195.26219201087952
5334,4.6000000000000005,3,195.29084134101868
5335,4.3,5,195.33301091194153
5336,4.449999999999999,4,195.35881638526917
5337,4.75,2,195.3988332748413
5338,-3.5,11,195.43893957138062
5339,4.6000000000000005,3,195.46435928344727
5340,-1.75,15,195.50974702835083
5341,4.3,5,195.53868103027344
5342,4.3,5,195.57067227363586
5343,4.6000000000000005,3,195.5963933467865
5344,-1.75,15,195.638676404953
5345,4.6000000000000005,3,195.66538763046265
5346,4.75,2,195.69164204597473
5347,4.3,5,195.72170329093933
5348,4.6000000000000005,3,195.7531406879425
5349,3.6999999999999997,9,195.78727388381958
5350,4.449999999999999,4,195.8142488002777
5351,4.75,2,195.8381905555725
5352,4.449999999999999,4,195.86749720573425
5353,4.449999999999999,4,195.89432621002197
5354,4.0,7,195.9258997440338
5355,4.15,6,195.95452547073364
5356,-1.75,15,195.99850058555603
5357,3.6999999999999997,9,196.03190231323242
5358,4.15,6,196.06315898895264
5359,4.3,5,196.0952501296997
5360,-3.45,10,196.13750004768372
5361,4.75,2,196.1633424758911
5362,4.6000000000000005,3,196.19254732131958
5363,4.15,6,196.22619581222534
5364,4.0,7,196.25838327407837
5365,4.75,2,196.28366136550903
5366,4.9,1,196.30566692352295
5367,4.15,6,196.33657121658325
5368,3.55,10,196.37367367744446
5369,4.449999999999999,4,196.4091112613678
5370,4.15,6,196.44005727767944
5371,3.4,11,196.4807620048523
5372,4.6000000000000005,3,196.5124282836914
5373,4.0,7,196.71795916557312
5374,4.15,6,196.75236344337463
5375,4.6000000000000005,3,196.78183150291443
5376,4.449999999999999,4,196.81292343139648
5377,4.6000000000000005,3,196.84463596343994
5378,4.6000000000000005,3,196.87265253067017
5379,-3.2,5,196.90444040298462
5380,4.6000000000000005,3,196.93619084358215
5381,3.85,8,196.9730830192566
5382,4.6000000000000005,3,197.00176668167114
5383,4.449999999999999,4,197.03043127059937
5384,4.6000000000000005,3,197.059645652771
5385,4.3,5,197.0947642326355
5386,4.15,6,197.13188767433167
5387,4.449999999999999,4,197.1662414073944
5388,4.6000000000000005,3,197.19647097587585
5389,3.85,8,197.2389039993286
5390,4.3,5,197.28155279159546
5391,-3.25,6,197.31652998924255
5392,4.449999999999999,4,197.35265684127808
5393,4.3,5,197.3845796585083
5394,4.6000000000000005,3,197.41277956962585
5395,4.449999999999999,4,197.44795203208923
5396,-1.75,15,197.50160813331604
5397,4.449999999999999,4,197.5349473953247
5398,4.6000000000000005,3,197.5623345375061
5399,3.85,8,197.5969557762146
5400,3.55,10,197.63360118865967
5401,4.6000000000000005,3,197.6643226146698
5402,3.55,10,197.70073914527893
5403,4.15,6,197.73398351669312
5404,3.55,10,197.77129006385803
5405,3.85,8,197.80615162849426
5406,3.85,8,197.8407130241394
5407,4.9,1,197.86133098602295
5408,4.6000000000000005,3,197.88850903511047
5409,4.15,6,197.91884398460388
5410,3.6999999999999997,9,197.95602869987488
5411,4.75,2,197.98322558403015
5412,4.15,6,198.01576781272888
5413,4.0,7,198.0495729446411
5414,4.6000000000000005,3,198.08169436454773
5415,4.449999999999999,4,198.11480402946472
5416,3.85,8,198.15501642227173
5417,4.9,1,198.1773087978363
5418,4.75,2,198.206387758255
5419,4.3,5,198.2389943599701
5420,4.3,5,198.27379703521729
5421,4.6000000000000005,3,198.30361151695251
5422,3.85,8,198.5123302936554
5423,3.55,10,198.55443811416626
5424,-1.75,15,198.6005654335022
5425,-3.1,3,198.6270673274994
5426,4.15,6,198.66218948364258
5427,4.449999999999999,4,198.69185137748718
5428,3.85,8,198.72908854484558
5429,4.3,5,198.75967121124268
5430,4.75,2,198.7867467403412
5431,-1.75,15,198.83007907867432
5432,4.75,2,198.8536093235016
5433,3.6999999999999997,9,198.88703274726868
5434,4.449999999999999,4,198.91370844841003
5435,4.3,5,198.94196486473083
5436,4.9,1,198.96545910835266
5437,4.75,2,198.99503993988037
5438,4.3,5,199.02265453338623
5439,3.85,8,199.05572295188904
5440,4.449999999999999,4,199.08697128295898
5441,-1.75,15,199.12820100784302
5442,4.449999999999999,4,199.15612483024597
5443,-3.1,3,199.18070483207703
5444,4.449999999999999,4,199.20572018623352
5445,4.6000000000000005,3,199.23501992225647
5446,4.6000000000000005,3,199.2622606754303
5447,4.15,6,199.2907326221466
5448,4.449999999999999,4,199.31795954704285
5449,3.25,12,199.36391878128052
5450,4.6000000000000005,3,199.39252877235413
5451,-1.75,15,199.4356369972229
5452,-1.75,15,199.4748067855835
5453,4.75,2,199.50604271888733
5454,4.75,2,199.5290071964264
5455,4.3,5,199.5615074634552
5456,4.0,7,199.59614992141724
5457,4.15,6,199.6284294128418
5458,4.6000000000000005,3,199.65387797355652
5459,4.15,6,199.68426990509033
5460,-1.75,15,199.7273108959198
5461,3.85,8,199.76455736160278
5462,4.6000000000000005,3,199.79794788360596
5463,4.15,6,199.9820990562439
5464,4.6000000000000005,3,200.0073583126068
5465,3.85,8,200.04168057441711
5466,4.3,5,200.0698573589325
5467,4.3,5,200.10293555259705
5468,3.85,8,200.136892080307
5469,4.3,5,200.1662724018097
5470,4.75,2,200.1902220249176
5471,4.449999999999999,4,200.22092485427856
5472,3.85,8,200.25491786003113
5473,4.75,2,200.27798438072205
5474,4.3,5,200.30962109565735
5475,4.75,2,200.33640313148499
5476,4.6000000000000005,3,200.3644688129425
5477,4.75,2,200.39210653305054
5478,4.75,2,200.42204523086548
5479,4.3,5,200.45053625106812
5480,4.0,7,200.4878067970276
5481,4.3,5,200.5224153995514
5482,4.0,7,200.56067419052124
5483,3.25,12,200.6131293773651
5484,4.3,5,200.64723300933838
5485,4.75,2,200.67777132987976
5486,-1.75,15,200.72756671905518
5487,-3.1,3,200.755220413208
5488,4.6000000000000005,3,200.78010511398315
5489,3.55,10,200.81988096237183
5490,4.6000000000000005,3,200.8490161895752
5491,4.0,7,200.88115572929382
5492,3.85,8,200.9161434173584
5493,-3.4,9,200.9485137462616
5494,4.0,7,200.98295736312866
5495,4.75,2,201.0073585510254
5496,4.3,5,201.04055285453796
5497,4.3,5,201.0699679851532
5498,4.6000000000000005,3,201.09590482711792
5499,4.6000000000000005,3,201.12202429771423
5500,4.3,5,201.15072894096375
5501,4.449999999999999,4,201.18026423454285
5502,4.75,2,201.2056586742401
5503,3.25,12,201.24210619926453
5504,4.0,7,201.27285027503967
5505,3.85,8,201.30578923225403
5506,4.75,2,201.33764266967773
5507,4.75,2,201.36925292015076
5508,4.75,2,201.39711713790894
5509,4.75,2,201.42157411575317
5510,4.15,6,201.45686030387878
5511,4.0,7,201.5000925064087
5512,3.4,11,201.69279766082764
5513,4.449999999999999,4,201.7238175868988
5514,4.75,2,201.74898266792297
5515,3.25,12,201.79375076293945
5516,4.75,2,201.8202884197235
5517,4.0,7,201.85392379760742
5518,4.6000000000000005,3,201.87772369384766
5519,4.449999999999999,4,201.90709853172302
5520,4.15,6,201.9439296722412
5521,4.6000000000000005,3,201.9703586101532
5522,4.0,7,202.00780749320984
5523,4.6000000000000005,3,202.0415015220642
5524,-1.75,15,202.08390974998474
5525,4.75,2,202.11322736740112
5526,4.15,6,202.1420419216156
5527,4.6000000000000005,3,202.16936588287354
5528,4.75,2,202.1976842880249
5529,4.15,6,202.2305612564087
5530,-1.75,15,202.28438448905945
5531,4.0,7,202.32065606117249
5532,4.6000000000000005,3,202.34357929229736
5533,4.0,7,202.38556575775146
5534,3.4,11,202.4238886833191
5535,4.449999999999999,4,202.4526402950287
5536,4.6000000000000005,3,202.4797010421753
5537,4.15,6,202.5161747932434
5538,-1.75,15,202.56090235710144
5539,3.85,8,202.59454488754272
5540,4.449999999999999,4,202.6230492591858
5541,3.85,8,202.65561938285828
5542,4.449999999999999,4,202.68098998069763
5543,3.6999999999999997,9,202.71610069274902
5544,4.75,2,202.73998427391052
5545,3.25,12,202.7819631099701
5546,3.85,8,202.82557344436646
5547,3.6999999999999997,9,202.8701343536377
5548,4.6000000000000005,3,202.89850687980652
5549,4.6000000000000005,3,202.92481565475464
5550,4.0,7,202.95977568626404
5551,4.0,7,202.99210238456726
5552,4.0,7,203.17728805541992
5553,4.3,5,203.20768332481384
5554,4.3,5,203.2364239692688
5555,4.449999999999999,4,203.2674753665924
5556,4.449999999999999,4,203.30024814605713
5557,4.75,2,203.3264124393463
5558,4.0,7,203.3633804321289
5559,-1.75,15,203.41411209106445
5560,4.6000000000000005,3,203.4395787715912
5561,4.6000000000000005,3,203.47261142730713
5562,3.85,8,203.51091599464417
5563,4.449999999999999,4,203.53860640525818
5564,4.75,2,203.57081937789917
5565,4.75,2,203.59962248802185
5566,3.6999999999999997,9,203.63769507408142
5567,4.0,7,203.6708881855011
5568,4.75,2,203.70190525054932
5569,3.6999999999999997,9,203.73708486557007
5570,4.3,5,203.7667679786682
5571,-1.75,15,203.8071026802063
5572,4.449999999999999,4,203.8381109237671
5573,4.449999999999999,4,203.8669946193695
5574,4.75,2,203.89384412765503
5575,4.449999999999999,4,203.9229438304901
5576,4.3,5,203.95456504821777
5577,4.75,2,203.98347330093384
5578,4.449999999999999,4,204.01448583602905
5579,3.4,11,204.0585162639618
5580,4.6000000000000005,3,204.08667707443237
5581,4.75,2,204.11251068115234
5582,4.449999999999999,4,204.13955235481262
5583,4.15,6,204.17311549186707
5584,3.55,10,204.20866441726685
5585,4.3,5,204.23672914505005
5586,4.9,1,204.26355361938477
5587,4.449999999999999,4,204.2903470993042
5588,4.15,6,204.32089471817017
5589,3.55,10,204.3540496826172
5590,-1.75,15,204.40075039863586
5591,4.449999999999999,4,204.43251371383667
5592,4.3,5,204.46554040908813
5593,4.15,6,204.50164604187012
5594,4.6000000000000005,3,204.53371834754944
5595,4.15,6,204.5650954246521
5596,4.75,2,204.5915026664734
5597,4.15,6,204.6312165260315
5598,4.449999999999999,4,204.66908812522888
5599,4.9,1,204.69404482841492
5600,4.3,5,204.72473669052124
5601,4.75,2,204.91251921653748
5602,4.0,7,204.94720196723938
5603,4.6000000000000005,3,204.9747667312622
5604,4.3,5,205.00234723091125
5605,4.75,2,205.02446293830872
5606,4.6000000000000005,3,205.0533425807953
5607,4.3,5,205.0833249092102
5608,4.6000000000000005,3,205.10991644859314
5609,4.75,2,205.13981318473816
5610,4.15,6,205.17899656295776
5611,4.6000000000000005,3,205.20887899398804
5612,3.85,8,205.24879431724548
5613,4.75,2,205.28174376487732
5614,3.55,10,205.31951522827148
5615,4.75,2,205.3445177078247
5616,4.6000000000000005,3,205.3737518787384
5617,4.6000000000000005,3,205.40188145637512
5618,4.3,5,205.42851066589355
5619,3.85,8,205.46044516563416
5620,3.85,8,205.49833869934082
5621,3.25,12,205.53649020195007
5622,4.75,2,205.5645787715912
5623,4.75,2,205.58766841888428
5624,4.15,6,205.6184537410736
5625,4.75,2,205.64836239814758
5626,4.6000000000000005,3,205.67511749267578
5627,4.75,2,205.7051773071289
5628,4.75,2,205.73737168312073
5629,4.449999999999999,4,205.7634732723236
5630,3.55,10,205.79868173599243
5631,3.85,8,205.83006477355957
5632,4.6000000000000005,3,205.85701370239258
5633,4.15,6,205.88609790802002
5634,4.75,2,205.91204738616943
5635,4.6000000000000005,3,205.9367127418518
5636,4.6000000000000005,3,205.96443796157837
5637,4.15,6,206.00086283683777
5638,-1.75,15,206.05048537254333
5639,4.0,7,206.08553552627563
5640,4.75,2,206.10882186889648
5641,4.15,6,206.1414759159088
5642,4.3,5,206.1748230457306
5643,4.3,5,206.20936489105225
5644,-1.75,15,206.25873732566833
5645,3.6999999999999997,9,206.30362176895142
5646,3.25,12,206.3492569923401
5647,4.449999999999999,4,206.37643694877625
5648,4.6000000000000005,3,206.40459632873535
5649,4.3,5,206.43796515464783
5650,4.0,7,206.61413025856018
5651,4.15,6,206.6447970867157
5652,-1.75,15,206.69061040878296
5653,4.6000000000000005,3,206.7176160812378
5654,4.449999999999999,4,206.74730563163757
5655,3.55,10,206.7918107509613
5656,4.75,2,206.82060956954956
5657,3.85,8,206.8526966571808
5658,4.6000000000000005,3,206.88505673408508
5659,4.6000000000000005,3,206.91370582580566
5660,3.55,10,206.9458429813385
5661,4.6000000000000005,3,206.97138237953186
5662,4.6000000000000005,3,206.9963276386261
5663,4.6000000000000005,3,207.0259404182434
5664,4.0,7,207.06193661689758
5665,3.55,10,207.10062789916992
5666,3.6999999999999997,9,207.13803267478943
5667,4.449999999999999,4,207.1683509349823
5668,3.25,12,207.21551871299744
5669,-3.15,4,207.24203729629517
5670,4.75,2,207.26953196525574
5671,3.25,12,207.31556963920593
5672,4.449999999999999,4,207.35097289085388
5673,4.75,2,207.38115763664246
5674,4.6000000000000005,3,207.41120505332947
5675,3.55,10,207.45529341697693
5676,4.0,7,207.49443244934082
5677,3.85,8,207.53383994102478
5678,4.449999999999999,4,207.56618690490723
5679,3.85,8,207.60300374031067
5680,4.0,7,207.63679575920105
5681,-1.75,15,207.6901478767395
5682,4.0,7,207.72915363311768
5683,4.3,5,207.7584137916565
5684,4.449999999999999,4,207.7929654121399
5685,-3.1,3,207.8203248977661
5686,4.0,7,207.85369992256165
5687,4.75,2,207.87831211090088
5688,3.85,8,207.91331005096436
5689,4.6000000000000005,3,207.9373848438263
5690,4.15,6,207.9688651561737
5691,4.3,5,207.99796986579895
5692,3.55,10,208.19070029258728
5693,4.9,1,208.21637797355652
5694,4.0,7,208.2439341545105
5695,4.75,2,208.2683846950531
5696,4.3,5,208.2963125705719
5697,4.75,2,208.32074809074402
5698,4.15,6,208.3527135848999
5699,4.6000000000000005,3,208.38137817382812
5700,4.75,2,208.4050133228302
5701,4.3,5,208.43335223197937
5702,4.3,5,208.4668664932251
5703,4.15,6,208.4983992576599
5704,4.9,1,208.52621483802795
5705,4.6000000000000005,3,208.5539174079895
5706,4.3,5,208.58358526229858
5707,4.6000000000000005,3,208.60728764533997
5708,4.6000000000000005,3,208.63180923461914
5709,4.449999999999999,4,208.65840697288513
5710,4.0,7,208.68880152702332
5711,4.3,5,208.7172954082489
5712,4.15,6,208.74874329566956
5713,4.3,5,208.7758526802063
5714,4.6000000000000005,3,208.7991759777069
5715,4.6000000000000005,3,208.8253800868988
5716,4.449999999999999,4,208.85372710227966
5717,4.449999999999999,4,208.87851285934448
5718,3.85,8,208.91200494766235
5719,4.9,1,208.93603491783142
5720,4.3,5,208.9660680294037
5721,4.6000000000000005,3,208.98928475379944
5722,4.3,5,209.0169448852539
5723,4.6000000000000005,3,209.04033780097961
5724,4.9,1,209.06644105911255
5725,4.6000000000000005,3,209.09125113487244
5726,4.75,2,209.11827540397644
5727,4.449999999999999,4,209.15687036514282
5728,4.15,6,209.1991949081421
5729,3.85,8,209.23252654075623
5730,4.15,6,209.26446151733398
5731,4.9,1,209.28837394714355
5732,4.75,2,209.31702756881714
5733,3.4,11,209.35639262199402
5734,4.6000000000000005,3,209.3848955631256
5735,4.15,6,209.41787123680115
5736,4.6000000000000005,3,209.44309067726135
5737,4.3,5,209.47387742996216
5738,4.6000000000000005,3,209.5043966770172
5739,4.75,2,209.5326795578003
5740,3.55,10,209.57508754730225
5741,3.55,10,209.61464524269104
5742,4.6000000000000005,3,209.63972401618958
5743,4.449999999999999,4,209.66873240470886
5744,4.449999999999999,4,209.7020766735077
5745,4.6000000000000005,3,209.7271604537964
5746,4.6000000000000005,3,209.7563099861145
5747,4.449999999999999,4,209.78596329689026
5748,4.15,6,209.8192846775055
5749,4.0,7,209.8591878414154
5750,4.3,5,210.03912997245789
5751,4.6000000000000005,3,210.06888484954834
5752,3.4,11,210.11120128631592
5753,3.4,11,210.15204501152039
5754,4.449999999999999,4,210.1826000213623
5755,4.15,6,210.21489548683167
5756,4.449999999999999,4,210.23944687843323
5757,-1.75,15,210.288391828537
5758,3.55,10,210.32624650001526
5759,-3.3,7,210.36165571212769
5760,4.75,2,210.38675093650818
5761,4.15,6,210.41787600517273
5762,-1.75,15,210.4673366546631
5763,4.6000000000000005,3,210.4963662624359
5764,3.85,8,210.53335213661194
5765,4.9,1,210.5572316646576
5766,3.85,8,210.60125637054443
5767,4.0,7,210.64651775360107
5768,3.6999999999999997,9,210.6843934059143
5769,3.6999999999999997,9,210.72095036506653
5770,3.6999999999999997,9,210.76561832427979
5771,4.3,5,210.80193710327148
5772,3.4,11,210.84403896331787
5773,4.75,2,210.86906576156616
5774,4.449999999999999,4,210.90183305740356
5775,4.15,6,210.936927318573
5776,4.449999999999999,4,210.96567964553833
5777,4.0,7,211.00198674201965
5778,4.6000000000000005,3,211.03213453292847
5779,4.75,2,211.05688309669495
5780,4.6000000000000005,3,211.08343887329102
5781,4.449999999999999,4,211.10785150527954
5782,4.75,2,211.13473439216614
5783,4.9,1,211.16184759140015
5784,4.449999999999999,4,211.19910764694214
5785,4.3,5,211.23742938041687
5786,4.3,5,211.27261233329773
5787,4.6000000000000005,3,211.3029055595398
5788,4.6000000000000005,3,211.33748936653137
5789,4.0,7,211.3726360797882
5790,-3.15,4,211.4037730693817
5791,4.0,7,211.4374647140503
5792,4.3,5,211.46719789505005
5793,3.85,8,211.64408826828003
5794,4.449999999999999,4,211.67216849327087
5795,4.75,2,211.6966416835785
5796,4.6000000000000005,3,211.72634387016296
5797,3.85,8,211.76317596435547
5798,4.449999999999999,4,211.79169130325317
5799,4.449999999999999,4,211.81945300102234
5800,4.75,2,211.84848713874817
5801,4.9,1,211.86975026130676
5802,4.3,5,211.9001588821411
5803,4.449999999999999,4,211.92571759223938
5804,4.3,5,211.95591735839844
5805,4.449999999999999,4,211.98450231552124
5806,4.9,1,212.0070481300354
5807,4.449999999999999,4,212.04650282859802
5808,3.1,13,212.0882110595703
5809,4.0,7,212.1242859363556
5810,3.85,8,212.1590645313263
5811,4.9,1,212.18406224250793
5812,3.85,8,212.221204996109
5813,3.4,11,212.26239776611328
5814,4.9,1,212.28841185569763
5815,4.6000000000000005,3,212.3278524875641
5816,4.0,7,212.3663146495819
5817,4.449999999999999,4,212.39512729644775
5818,-1.75,15,212.44501113891602
5819,4.3,5,212.4756863117218
5820,4.75,2,212.5010757446289
5821,4.449999999999999,4,212.5375370979309
5822,4.75,2,212.56507921218872
5823,-1.75,15,212.60868906974792
5824,4.3,5,212.63910841941833
5825,4.9,1,212.66395831108093
5826,4.15,6,212.70662379264832
5827,4.15,6,212.73783206939697
5828,4.15,6,212.76751947402954
5829,4.3,5,212.80821919441223
5830,3.4,11,212.84900784492493
5831,4.449999999999999,4,212.87359189987183
5832,3.6999999999999997,9,212.90823435783386
5833,3.6999999999999997,9,212.94623184204102
5834,4.75,2,212.96936917304993
5835,3.6999999999999997,9,213.00945162773132
5836,4.6000000000000005,3,213.03313899040222
5837,4.449999999999999,4,213.0587124824524
5838,4.0,7,213.09394192695618
5839,4.6000000000000005,3,213.11954927444458
5840,4.15,6,213.15366458892822
5841,3.4,11,213.3384666442871
5842,4.6000000000000005,3,213.3674235343933
5843,4.3,5,213.3938229084015
5844,4.75,2,213.42045736312866
5845,4.449999999999999,4,213.45594096183777
5846,4.6000000000000005,3,213.48448824882507
5847,4.75,2,213.51138520240784
5848,4.6000000000000005,3,213.5386836528778
5849,3.55,10,213.58075428009033
5850,4.3,5,213.60786962509155
5851,3.1,13,213.65006494522095
5852,3.6999999999999997,9,213.68832182884216
5853,3.1,13,213.72957348823547
5854,4.75,2,213.75418090820312
5855,4.3,5,213.78509378433228
5856,4.15,6,213.81227779388428
5857,4.449999999999999,4,213.84062886238098
5858,4.9,1,213.86730217933655
5859,4.3,5,213.9016125202179
5860,4.0,7,213.93629789352417
5861,4.15,6,213.96781730651855
5862,3.85,8,214.00451827049255
5863,-3.45,10,214.04834604263306
5864,3.25,12,214.09872341156006
5865,4.3,5,214.12997341156006
5866,-1.75,15,214.18291926383972
5867,4.9,1,214.2120213508606
5868,3.85,8,214.24978232383728
5869,4.449999999999999,4,214.2861258983612
5870,4.0,7,214.32142996788025
5871,4.75,2,214.35207056999207
5872,4.6000000000000005,3,214.38478779792786
5873,4.6000000000000005,3,214.4169464111328
5874,4.75,2,214.44785737991333
5875,4.6000000000000005,3,214.47334551811218
5876,4.75,2,214.50183582305908
5877,4.15,6,214.53757119178772
5878,3.1,13,214.57952404022217
5879,4.3,5,214.6143078804016
5880,4.75,2,214.64613270759583
5881,4.3,5,214.67521286010742
5882,-1.75,15,214.72287726402283
5883,4.75,2,214.75159072875977
5884,3.85,8,214.92932868003845
5885,3.85,8,214.96189165115356
5886,4.75,2,214.98452877998352
5887,4.75,2,215.0085690021515
5888,4.6000000000000005,3,215.03668212890625
5889,-1.75,15,215.08154964447021
5890,-3.15,4,215.1121642589569
5891,4.6000000000000005,3,215.13868474960327
5892,4.75,2,215.16324639320374
5893,4.75,2,215.18713855743408
5894,4.449999999999999,4,215.21565961837769
5895,-3.2,5,215.24427199363708
5896,4.6000000000000005,3,215.27107644081116
5897,4.6000000000000005,3,215.29690551757812
5898,4.3,5,215.32632327079773
5899,4.15,6,215.35770797729492
5900,4.9,1,215.3828248977661
5901,4.15,6,215.41785049438477
5902,3.6999999999999997,9,215.45167684555054
5903,4.0,7,215.49220991134644
5904,-3.2,5,215.5231420993805
5905,4.3,5,215.55565237998962
5906,-1.75,15,215.6026828289032
5907,4.3,5,215.63494515419006
5908,4.75,2,215.6613531112671
5909,3.55,10,215.69907140731812
5910,4.75,2,215.72706031799316
5911,4.15,6,215.7593138217926
5912,4.3,5,215.79629826545715
5913,-1.75,15,215.8532955646515
5914,4.6000000000000005,3,215.88017773628235
5915,3.25,12,215.92451000213623
5916,4.75,2,215.9512438774109
5917,4.449999999999999,4,215.98837780952454
5918,4.75,2,216.01672673225403
5919,4.15,6,216.0453417301178
5920,4.0,7,216.07445693016052
5921,4.75,2,216.09968543052673
5922,4.15,6,216.13092470169067
5923,3.55,10,216.16675424575806
5924,4.449999999999999,4,216.19360899925232
5925,4.15,6,216.2264847755432
5926,4.3,5,216.25494837760925
5927,3.85,8,216.2911503314972
5928,4.75,2,216.31505846977234
5929,4.6000000000000005,3,216.34210848808289
5930,4.75,2,216.3699231147766
5931,4.449999999999999,4,216.39747834205627
5932,4.75,2,216.42419934272766
5933,4.9,1,216.45053553581238
5934,-1.75,15,216.64830255508423
5935,3.55,10,216.6823284626007
5936,4.0,7,216.71669387817383
5937,4.6000000000000005,3,216.74450373649597
5938,-3.0,1,216.77155756950378
5939,3.4,11,216.8125240802765
5940,4.0,7,216.84804797172546
5941,4.75,2,216.87392354011536
5942,4.0,7,216.9053258895874
5943,4.6000000000000005,3,216.93128061294556
5944,4.15,6,216.96518564224243
5945,3.85,8,217.0073480606079
5946,4.6000000000000005,3,217.0386188030243
5947,4.449999999999999,4,217.076486825943
5948,3.25,12,217.12036180496216
5949,4.449999999999999,4,217.1515622138977
5950,4.75,2,217.17899203300476
5951,4.449999999999999,4,217.21654057502747
5952,4.449999999999999,4,217.24532961845398
5953,4.75,2,217.2711308002472
5954,-3.2,5,217.31170558929443
5955,4.449999999999999,4,217.34611010551453
5956,4.6000000000000005,3,217.37331318855286
5957,3.85,8,217.40693926811218
5958,4.3,5,217.44209361076355
5959,4.75,2,217.47113728523254
5960,4.15,6,217.51328587532043
5961,3.4,11,217.55556797981262
5962,3.6999999999999997,9,217.59199500083923
5963,3.55,10,217.62946128845215
5964,4.0,7,217.66439580917358
5965,4.449999999999999,4,217.6945095062256
5966,4.6000000000000005,3,217.7187418937683
5967,4.449999999999999,4,217.74501609802246
5968,4.6000000000000005,3,217.76982235908508
5969,4.6000000000000005,3,217.7975525856018
5970,4.6000000000000005,3,217.82062315940857
5971,4.6000000000000005,3,217.84901022911072
5972,3.85,8,217.88200640678406
5973,-3.5,11,217.91980457305908
5974,4.6000000000000005,3,217.94534158706665
5975,4.449999999999999,4,217.97370529174805
5976,4.449999999999999,4,218.00177121162415
5977,4.449999999999999,4,218.03632473945618
5978,4.75,2,218.06511116027832
5979,4.15,6,218.10250234603882
5980,4.3,5,218.12959504127502
5981,4.75,2,218.15151262283325
