episode,reward,length,elapsed_seconds
1,4.3,5,0.048836469650268555
2,-3.1,3,0.07669806480407715
3,4.3,5,0.11235189437866211
4,-3.25,6,0.14409756660461426
5,-3.0,1,0.1658787727355957
6,-3.1,3,0.19561004638671875
7,-3.1,3,0.2245628833770752
8,-3.0,1,0.24867749214172363
9,4.6000000000000005,3,0.27489280700683594
10,-3.15,4,0.3081991672515869
11,3.4,11,0.3477437496185303
12,-3.05,2,0.36940550804138184
13,-3.05,2,0.39745283126831055
14,-3.1,3,0.4226698875427246
15,-3.0,1,0.4472169876098633
16,-3.0,1,0.47342824935913086
17,4.0,7,0.5075857639312744
18,4.15,6,0.5361340045928955
19,-3.05,2,0.5601694583892822
20,-3.2,5,0.5957005023956299
21,-3.15,4,0.6261498928070068
22,3.4,11,0.678537130355835
23,-3.05,2,0.7071056365966797
24,-3.15,4,0.733393669128418
25,-3.15,4,0.7643129825592041
26,-3.0,1,0.7924559116363525
27,-3.0,1,0.8233160972595215
28,-3.0,1,0.8467316627502441
29,-3.05,2,0.8754003047943115
30,-3.0,1,0.9021260738372803
31,-3.0,1,0.9251763820648193
32,3.6999999999999997,9,0.967693567276001
33,4.449999999999999,4,0.9987185001373291
34,-3.0,1,1.0212152004241943
35,-3.15,4,1.0542469024658203
36,3.55,10,1.1015987396240234
37,4.0,7,1.136049509048462
38,-3.15,4,1.166961669921875
39,-3.35,8,1.2030589580535889
40,-3.1,3,1.2294909954071045
41,3.85,8,1.267124891281128
42,-3.0,1,1.2961504459381104
43,-3.1,3,1.3267841339111328
44,-3.0,1,1.3478143215179443
45,-3.2,5,1.3742470741271973
46,-3.1,3,1.4001972675323486
47,-3.1,3,1.4306154251098633
48,-3.1,3,1.4570038318634033
49,-3.1,3,1.4923932552337646
50,-1.75,15,1.5356991291046143
51,-3.2,5,1.5684030055999756
52,-3.0,1,1.599736213684082
53,-3.0,1,1.6312170028686523
54,-3.05,2,1.6590995788574219
55,-3.25,6,1.6895012855529785
56,-3.05,2,1.7121198177337646
57,-3.25,6,1.7465074062347412
58,-3.3,7,1.778247594833374
59,-3.1,3,1.8070988655090332
60,-3.05,2,1.8281900882720947
61,-3.6,13,1.8738622665405273
62,-3.45,10,2.051393747329712
63,-3.15,4,2.0795109272003174
64,-3.1,3,2.106835126876831
65,-3.35,8,2.1392247676849365
66,-3.1,3,2.165036916732788
67,4.15,6,2.1966958045959473
68,-3.05,2,2.224210739135742
69,-3.3,7,2.256983995437622
70,4.9,1,2.279956340789795
71,3.85,8,2.3137784004211426
72,-3.25,6,2.345792531967163
73,-3.2,5,2.3779709339141846
74,-3.05,2,2.403679847717285
75,-3.0,1,2.4274473190307617
76,3.6999999999999997,9,2.465954303741455
77,-3.0,1,2.4942502975463867
78,-1.75,15,2.54947829246521
79,4.75,2,2.5797271728515625
80,-3.0,1,2.612826108932495
81,4.75,2,2.640859365463257
82,4.75,2,2.6738455295562744
83,3.85,8,2.710149049758911
84,-3.0,1,2.740601062774658
85,-3.55,12,2.7825851440429688
86,4.3,5,2.8145086765289307
87,4.449999999999999,4,2.847501277923584
88,-3.35,8,2.886765956878662
89,4.75,2,2.9144556522369385
90,4.449999999999999,4,2.945484161376953
91,-3.0,1,2.969703435897827
92,-3.0,1,2.997018814086914
93,-3.1,3,3.023425579071045
94,4.449999999999999,4,3.057464122772217
95,-3.0,1,3.0824692249298096
96,-3.2,5,3.11514949798584
97,-3.0,1,3.1419191360473633
98,-3.35,8,3.176701545715332
99,-3.05,2,3.2004427909851074
100,-3.0,1,3.2275524139404297
101,-3.05,2,3.2609848976135254
102,4.15,6,3.2972207069396973
103,-3.2,5,3.3279337882995605
104,-3.1,3,3.3564035892486572
105,-3.0,1,3.384413719177246
106,-3.05,2,3.409313201904297
107,-3.1,3,3.434842348098755
108,3.55,10,3.473560333251953
109,-3.15,4,3.4996259212493896
110,-3.3,7,3.5291061401367188
111,-1.75,15,3.5744738578796387
112,-1.75,15,3.617680072784424
113,-3.0,1,3.6427128314971924
114,-3.55,12,3.6833183765411377
115,-3.05,2,3.713099479675293
116,-3.0,1,3.736253499984741
117,-3.1,3,3.763066053390503
118,4.9,1,3.7841944694519043
119,-3.05,2,3.9461469650268555
120,-3.15,4,3.979717493057251
121,-3.1,3,4.010596752166748
122,-3.25,6,4.042683362960815
123,-3.05,2,4.069746732711792
124,-3.45,10,4.113314867019653
125,-3.1,3,4.139868259429932
126,-3.6,13,4.1815736293792725
127,-3.2,5,4.212364673614502
128,-3.0,1,4.236965656280518
129,3.6999999999999997,9,4.274242401123047
130,-3.0,1,4.298979997634888
131,-3.0,1,4.32335901260376
132,-3.25,6,4.358078241348267
133,-3.05,2,4.384895086288452
134,-3.2,5,4.41298508644104
135,3.4,11,4.457495212554932
136,3.85,8,4.4925901889801025
137,4.3,5,4.523606538772583
138,-3.45,10,4.558513641357422
139,-3.15,4,4.587289333343506
140,-3.05,2,4.609428882598877
141,-3.4,9,4.643290996551514
142,-3.25,6,4.672926664352417
143,-3.1,3,4.703473329544067
144,-3.0,1,4.72792387008667
145,-3.4,9,4.7635040283203125
146,-3.05,2,4.785726308822632
147,-3.1,3,4.812257289886475
148,-3.0,1,4.832916736602783
149,-3.0,1,4.862255573272705
150,-3.1,3,4.889208078384399
151,-3.35,8,4.929977893829346
152,4.75,2,4.956342935562134
153,-3.0,1,4.9813666343688965
154,-3.65,14,5.03688907623291
155,4.15,6,5.072147607803345
156,-3.0,1,5.095261096954346
157,4.75,2,5.120039939880371
158,4.15,6,5.15196418762207
159,4.449999999999999,4,5.1829705238342285
160,4.15,6,5.2159857749938965
161,-3.15,4,5.2475152015686035
162,4.449999999999999,4,5.275266408920288
163,4.449999999999999,4,5.301201105117798
164,-3.0,1,5.325954914093018
165,3.85,8,5.36047101020813
166,-3.15,4,5.389675140380859
167,-3.0,1,5.421338319778442
168,-3.5,11,5.462143421173096
169,-3.0,1,5.4868004322052
170,-3.15,4,5.517271041870117
171,-3.05,2,5.546005964279175
172,3.85,8,5.585864067077637
173,-3.0,1,5.6108198165893555
174,-3.05,2,5.637449502944946
175,3.6999999999999997,9,5.845333099365234
176,-3.1,3,5.868703842163086
177,-3.1,3,5.895982980728149
178,-3.4,9,5.93647313117981
179,-3.4,9,5.977778434753418
180,-3.0,1,6.001101970672607
181,4.449999999999999,4,6.03213095664978
182,4.449999999999999,4,6.064236164093018
183,-3.2,5,6.092490196228027
184,-3.05,2,6.114393949508667
185,-3.0,1,6.143056869506836
186,4.9,1,6.1644675731658936
187,3.6999999999999997,9,6.199864625930786
188,-3.15,4,6.231112957000732
189,-3.1,3,6.259362697601318
190,-3.3,7,6.296109437942505
191,3.6999999999999997,9,6.330936431884766
192,4.449999999999999,4,6.359536409378052
193,-3.0,1,6.385940074920654
194,-3.1,3,6.414196729660034
195,-3.0,1,6.438776731491089
196,4.3,5,6.471127271652222
197,-3.15,4,6.499414682388306
198,-3.2,5,6.535064458847046
199,-3.1,3,6.562079429626465
200,-3.35,8,6.597779989242554
201,-3.1,3,6.621597051620483
202,-3.5,11,6.664011240005493
203,-3.0,1,6.690623760223389
204,-1.75,15,6.745034217834473
205,-3.65,14,6.794872760772705
206,-3.0,1,6.816967725753784
207,-3.0,1,6.841902494430542
208,-3.0,1,6.862630367279053
209,3.4,11,6.902267694473267
210,-3.25,6,6.932207822799683
211,-3.1,3,6.957840442657471
212,-3.0,1,6.980085611343384
213,-3.05,2,7.010848045349121
214,-3.0,1,7.031879186630249
215,-3.1,3,7.063432216644287
216,4.3,5,7.100178241729736
217,-3.0,1,7.126000881195068
218,4.9,1,7.160968065261841
219,-3.0,1,7.192363500595093
220,4.3,5,7.222447156906128
221,-3.05,2,7.249202013015747
222,-3.35,8,7.294347047805786
223,3.85,8,7.338419437408447
224,-3.2,5,7.371746301651001
225,-3.05,2,7.398586273193359
226,-3.0,1,7.4260125160217285
227,4.75,2,7.4559807777404785
228,-3.2,5,7.48396897315979
229,-3.0,1,7.509455919265747
230,-3.0,1,7.532196521759033
231,-3.2,5,7.570196151733398
232,-3.25,6,7.599131107330322
233,-3.05,2,7.6225361824035645
234,-1.75,15,7.816777467727661
235,-1.75,15,7.862804412841797
236,4.3,5,7.896627426147461
237,-3.65,14,7.952180862426758
238,-3.0,1,7.977353572845459
239,-3.05,2,8.00003457069397
240,-3.0,1,8.02163290977478
241,-3.0,1,8.0448477268219
242,4.15,6,8.077626943588257
243,-3.05,2,8.100563049316406
244,-3.0,1,8.12993597984314
245,-3.05,2,8.155509233474731
246,-3.4,9,8.191696882247925
247,-3.45,10,8.235477209091187
248,-3.45,10,8.2773756980896
249,3.1,13,8.316243410110474
250,4.6000000000000005,3,8.343850374221802
251,3.55,10,8.382322788238525
252,-3.15,4,8.413137674331665
253,-3.2,5,8.444188356399536
254,-3.25,6,8.474897146224976
255,-3.35,8,8.510258913040161
256,-3.0,1,8.53562331199646
257,-3.2,5,8.569177865982056
258,-3.35,8,8.608649969100952
259,-3.1,3,8.638411045074463
260,-3.05,2,8.664470911026001
261,-3.3,7,8.697169542312622
262,3.4,11,8.742536067962646
263,-3.2,5,8.774467468261719
264,-3.55,12,8.829074144363403
265,4.15,6,8.867983102798462
266,4.3,5,8.89937138557434
267,3.85,8,8.940171480178833
268,4.3,5,8.979463815689087
269,-3.45,10,9.020102262496948
270,3.55,10,9.061669111251831
271,3.85,8,9.094481468200684
272,-3.4,9,9.131004095077515
273,4.3,5,9.328033924102783
274,-3.4,9,9.37882661819458
275,-1.75,15,9.424434185028076
276,-3.05,2,9.449908256530762
277,3.85,8,9.49026370048523
278,-3.0,1,9.515838623046875
279,4.6000000000000005,3,9.539736270904541
280,-3.0,1,9.560322761535645
281,4.449999999999999,4,9.598105669021606
282,-3.05,2,9.622811317443848
283,-3.65,14,9.668124437332153
284,-3.0,1,9.699259757995605
285,-3.7,15,9.756978750228882
286,-3.0,1,9.782611608505249
287,-3.05,2,9.81496548652649
288,-3.15,4,9.849144697189331
289,4.449999999999999,4,9.883387804031372
290,-3.05,2,9.913276195526123
291,4.0,7,9.95371413230896
292,4.15,6,9.99107837677002
293,4.15,6,10.032209396362305
294,3.6999999999999997,9,10.080247163772583
295,4.75,2,10.106822967529297
296,-3.35,8,10.144100904464722
297,3.55,10,10.190921545028687
298,-3.05,2,10.219639778137207
299,-3.0,1,10.247931003570557
300,3.85,8,10.286255121231079
301,-3.05,2,10.312764644622803
302,-3.0,1,10.335180282592773
303,-3.15,4,10.367907762527466
304,-1.75,15,10.41541600227356
305,3.25,12,10.454610586166382
306,-3.0,1,10.47853398323059
307,-3.05,2,10.50247311592102
308,-3.4,9,10.537997722625732
309,4.15,6,10.570666074752808
310,-3.2,5,10.598856449127197
311,4.449999999999999,4,10.62842869758606
312,4.6000000000000005,3,10.655725717544556
313,-3.1,3,10.684659957885742
314,4.0,7,10.720622062683105
315,-3.25,6,10.749829769134521
316,-3.0,1,10.776845932006836
317,4.0,7,10.816130876541138
318,-3.0,1,10.843099117279053
319,-3.0,1,10.871508598327637
320,-3.2,5,10.905425071716309
321,-3.2,5,10.933736085891724
322,-3.0,1,10.956596851348877
323,4.3,5,10.986027717590332
324,-3.25,6,11.167125463485718
325,-3.05,2,11.196494579315186
326,4.0,7,11.23440432548523
327,-3.4,9,11.269935607910156
328,-3.0,1,11.296504259109497
329,4.0,7,11.336220979690552
330,-3.4,9,11.375120639801025
331,4.75,2,11.400368690490723
332,-3.1,3,11.429537296295166
333,-3.65,14,11.473196983337402
334,-3.1,3,11.499947786331177
335,-3.05,2,11.523646831512451
336,-3.6,13,11.562861204147339
337,4.3,5,11.594794988632202
338,3.55,10,11.634328842163086
339,4.6000000000000005,3,11.662226676940918
340,-3.0,1,11.685981750488281
341,-3.0,1,11.715049982070923
342,-3.0,1,11.741379261016846
343,-3.15,4,11.76627492904663
344,3.4,11,11.805255651473999
345,4.75,2,11.832564115524292
346,-3.0,1,11.854665517807007
347,-3.05,2,11.880827188491821
348,-3.05,2,11.907972574234009
349,-3.35,8,11.94291615486145
350,3.4,11,11.983444929122925
351,-3.15,4,12.01491904258728
352,3.6999999999999997,9,12.058810472488403
353,-3.2,5,12.09650731086731
354,-3.0,1,12.124033451080322
355,3.6999999999999997,9,12.174400091171265
356,-3.0,1,12.200343132019043
357,3.85,8,12.242441892623901
358,-3.2,5,12.27286171913147
359,-3.6,13,12.32260012626648
360,-3.05,2,12.349231719970703
361,-3.65,14,12.401276588439941
362,-3.05,2,12.425390005111694
363,4.15,6,12.456939220428467
364,-3.15,4,12.482148885726929
365,-1.75,15,12.525416135787964
366,-3.15,4,12.549804210662842
367,-3.15,4,12.578548908233643
368,3.4,11,12.617812395095825
369,4.6000000000000005,3,12.791429042816162
370,-3.05,2,12.814317226409912
371,-3.2,5,12.842905759811401
372,3.85,8,12.873774766921997
373,-3.55,12,12.912235498428345
374,-3.45,10,12.951349020004272
375,-3.0,1,12.977641344070435
376,-3.35,8,13.012732982635498
377,-3.05,2,13.04018759727478
378,-3.1,3,13.064933776855469
379,-3.05,2,13.088584184646606
380,-3.6,13,13.140448570251465
381,-3.2,5,13.173625230789185
382,2.9499999999999997,14,13.226657152175903
383,-3.15,4,13.256574630737305
384,-3.25,6,13.292074918746948
385,-3.0,1,13.31664514541626
386,-3.0,1,13.344165802001953
387,-3.45,10,13.385992050170898
388,-3.05,2,13.411222696304321
389,-3.05,2,13.437988042831421
390,4.3,5,13.470501184463501
391,-3.5,11,13.51418423652649
392,-3.0,1,13.536298036575317
393,-3.7,15,13.582017660140991
394,-3.45,10,13.618463516235352
395,-3.0,1,13.64301085472107
396,4.449999999999999,4,13.670612096786499
397,3.55,10,13.707351684570312
398,-3.3,7,13.742841958999634
399,-3.35,8,13.776067733764648
400,-3.6,13,13.822240829467773
401,-3.4,9,13.86671757698059
402,4.15,6,13.897988557815552
403,-3.65,14,13.939591407775879
404,-3.3,7,13.972176313400269
405,-3.1,3,13.997060537338257
406,-1.75,15,14.042896270751953
407,-1.75,15,14.2459876537323
408,-3.15,4,14.277407169342041
409,-3.05,2,14.299284219741821
410,-3.15,4,14.332277536392212
411,-3.1,3,14.362175464630127
412,-3.0,1,14.386534690856934
413,-3.05,2,14.413073301315308
414,-3.35,8,14.45013427734375
415,-3.0,1,14.476158618927002
416,-3.3,7,14.509174585342407
417,4.449999999999999,4,14.537827491760254
418,3.25,12,14.576074600219727
419,3.4,11,14.61601972579956
420,-3.0,1,14.640523910522461
421,-3.25,6,14.67006230354309
422,-3.05,2,14.698164939880371
423,-3.6,13,14.744787693023682
424,-3.15,4,14.772271871566772
425,-3.0,1,14.79252290725708
426,-3.0,1,14.817627906799316
427,4.6000000000000005,3,14.841531753540039
428,-3.25,6,14.873655319213867
429,-3.0,1,14.896482706069946
430,-3.6,13,14.942632675170898
431,-3.45,10,14.983742713928223
432,-3.1,3,15.01351284980774
433,3.55,10,15.056993961334229
434,-3.05,2,15.081433057785034
435,4.0,7,15.116617202758789
436,-3.05,2,15.146442651748657
437,-3.35,8,15.181790113449097
438,4.3,5,15.215495586395264
439,3.4,11,15.256678342819214
440,-3.45,10,15.296170234680176
441,4.15,6,15.325533151626587
442,-3.0,1,15.347773313522339
443,-3.25,6,15.383731603622437
444,-3.15,4,15.41202163696289
445,-3.15,4,15.440278053283691
446,-3.0,1,15.464080810546875
447,-3.15,4,15.489373207092285
448,-3.15,4,15.51308012008667
449,-3.05,2,15.538870334625244
450,-3.1,3,15.56334638595581
451,-3.5,11,15.60051417350769
452,3.6999999999999997,9,15.637527704238892
453,-3.35,8,15.669436931610107
454,-3.55,12,15.849529504776001
455,-3.25,6,15.878350257873535
456,-3.65,14,15.91866660118103
457,-3.05,2,15.943853855133057
458,-3.05,2,15.969180345535278
459,-3.0,1,15.995003938674927
460,4.449999999999999,4,16.02417540550232
461,-3.2,5,16.053062915802002
462,-3.3,7,16.083542108535767
463,4.0,7,16.116474866867065
464,-3.2,5,16.142241716384888
465,-3.35,8,16.1752769947052
466,-3.05,2,16.199479341506958
467,-3.25,6,16.230104446411133
468,-3.45,10,16.26420569419861
469,-3.2,5,16.29357147216797
470,3.6999999999999997,9,16.3268940448761
471,-3.05,2,16.349486589431763
472,-3.3,7,16.38016676902771
473,-3.15,4,16.40530014038086
474,4.3,5,16.433450937271118
475,3.85,8,16.46844720840454
476,3.85,8,16.505918979644775
477,4.15,6,16.54211115837097
478,-3.2,5,16.57316279411316
479,-3.4,9,16.613664865493774
480,-3.4,9,16.655307054519653
481,4.75,2,16.684120893478394
482,-3.15,4,16.721317291259766
483,-3.2,5,16.761301040649414
484,-3.05,2,16.795144081115723
485,-3.25,6,16.8456928730011
486,4.0,7,16.891002893447876
487,-3.2,5,16.924933910369873
488,-3.4,9,16.967350482940674
489,-3.3,7,17.00817847251892
490,4.0,7,17.041484594345093
491,-3.55,12,17.082820415496826
492,-3.35,8,17.120264053344727
493,3.6999999999999997,9,17.162482738494873
494,-3.05,2,17.18795371055603
495,-3.6,13,17.370748043060303
496,-3.05,2,17.393547534942627
497,-3.05,2,17.41591501235962
498,-3.7,15,17.462394952774048
499,3.85,8,17.497668743133545
500,4.449999999999999,4,17.52626347541809
501,-3.3,7,17.55878710746765
502,-3.35,8,17.598904609680176
503,-3.5,11,17.63605570793152
504,-3.15,4,17.66517210006714
505,3.85,8,17.701680898666382
506,-3.45,10,17.73695969581604
507,-3.0,1,17.7607638835907
508,-3.25,6,17.79132318496704
509,3.25,12,17.82767343521118
510,4.3,5,17.860141038894653
511,-1.75,15,17.90447211265564
512,-3.4,9,17.939539909362793
513,-3.5,11,17.97738289833069
514,-3.2,5,18.003506660461426
515,-3.6,13,18.04796814918518
516,-3.1,3,18.080724477767944
517,-3.0,1,18.10467004776001
518,3.55,10,18.147907972335815
519,-3.2,5,18.182862997055054
520,-3.0,1,18.20729947090149
521,3.85,8,18.244232416152954
522,3.6999999999999997,9,18.284159898757935
523,4.0,7,18.320263385772705
524,4.15,6,18.353381872177124
525,-3.4,9,18.39025855064392
526,3.85,8,18.42215061187744
527,-3.55,12,18.465576648712158
528,-3.65,14,18.510449647903442
529,-3.25,6,18.676719427108765
530,-3.2,5,18.707242012023926
531,3.6999999999999997,9,18.74276113510132
532,-3.05,2,18.765963792800903
533,-3.05,2,18.78999423980713
534,4.75,2,18.814534902572632
535,-3.25,6,18.847012996673584
536,-3.25,6,18.88024592399597
537,-3.2,5,18.912444591522217
538,4.449999999999999,4,18.942176580429077
539,-3.1,3,18.97121572494507
540,-3.1,3,18.995723009109497
541,4.0,7,19.027404308319092
542,-3.2,5,19.056132793426514
543,3.6999999999999997,9,19.093215227127075
544,3.6999999999999997,9,19.13458275794983
545,-3.1,3,19.17143940925598
546,4.3,5,19.2066810131073
547,-3.25,6,19.24022626876831
548,4.0,7,19.280059099197388
549,4.0,7,19.30976414680481
550,4.15,6,19.33926486968994
551,-3.35,8,19.376461267471313
552,-3.2,5,19.406118869781494
553,-3.35,8,19.438287496566772
554,-3.25,6,19.465351343154907
555,3.6999999999999997,9,19.50256586074829
556,-3.0,1,19.528223514556885
557,-3.3,7,19.56298828125
558,-3.15,4,19.587566137313843
559,-3.3,7,19.61821722984314
560,-3.3,7,19.655495405197144
561,3.55,10,19.694233655929565
562,4.15,6,19.728691816329956
563,4.3,5,19.76303458213806
564,-3.3,7,19.798296213150024
565,4.15,6,19.83475637435913
566,-3.15,4,19.864362478256226
567,4.0,7,19.905511379241943
568,-3.3,7,19.94756507873535
569,4.6000000000000005,3,19.98192262649536
570,-3.3,7,20.018408060073853
571,4.3,5,20.05147385597229
572,-3.05,2,20.07587456703186
573,-3.15,4,20.106131553649902
574,-3.6,13,20.31282329559326
575,4.6000000000000005,3,20.34213352203369
576,-3.35,8,20.377365350723267
577,3.6999999999999997,9,20.41592001914978
578,-3.25,6,20.448627471923828
579,-3.25,6,20.482176542282104
580,4.3,5,20.518709897994995
581,-3.6,13,20.556501150131226
582,4.0,7,20.585681676864624
583,-3.25,6,20.617595911026
584,-3.1,3,20.653028964996338
585,-3.25,6,20.68381643295288
586,3.6999999999999997,9,20.717056274414062
587,4.449999999999999,4,20.7522075176239
588,-3.35,8,20.788504362106323
589,4.0,7,20.824734687805176
590,-3.15,4,20.849952459335327
591,-3.1,3,20.87886667251587
592,-3.3,7,20.915390253067017
593,4.0,7,20.946611642837524
594,-3.25,6,20.983022212982178
595,4.449999999999999,4,21.01029348373413
596,3.55,10,21.046729564666748
597,-3.2,5,21.07574486732483
598,-3.35,8,21.110841512680054
599,4.6000000000000005,3,21.13630485534668
600,-3.55,12,21.17487645149231
601,-3.05,2,21.19621968269348
602,4.449999999999999,4,21.224901914596558
603,-3.2,5,21.258987426757812
604,-3.2,5,21.28718662261963
605,-3.1,3,21.312922477722168
606,-3.5,11,21.35926079750061
607,3.85,8,21.406383514404297
608,-3.35,8,21.443976163864136
609,-3.25,6,21.48005747795105
610,-3.15,4,21.50955080986023
611,-3.0,1,21.537611961364746
612,-3.2,5,21.57459044456482
613,3.6999999999999997,9,21.618800163269043
614,-3.0,1,21.645163536071777
615,3.85,8,21.835273504257202
616,-3.3,7,21.8734872341156
617,4.449999999999999,4,21.89928960800171
618,4.6000000000000005,3,21.926034450531006
619,-3.45,10,21.96369218826294
620,3.6999999999999997,9,22.006643056869507
621,4.15,6,22.036407470703125
622,-3.1,3,22.062515258789062
623,-3.35,8,22.094884395599365
624,-3.5,11,22.135544300079346
625,3.6999999999999997,9,22.17225193977356
626,-3.45,10,22.208817720413208
627,-3.35,8,22.247349977493286
628,-3.45,10,22.282933473587036
629,-3.1,3,22.31516933441162
630,3.25,12,22.36318302154541
631,4.449999999999999,4,22.395263195037842
632,-3.35,8,22.427093982696533
633,-3.35,8,22.46435236930847
634,-3.3,7,22.49612522125244
635,-3.4,9,22.52838444709778
636,-3.25,6,22.558559894561768
637,-3.0,1,22.577857971191406
638,-3.4,9,22.620076417922974
639,4.3,5,22.651102304458618
640,3.85,8,22.68511128425598
641,4.3,5,22.7151882648468
642,-3.1,3,22.740294933319092
643,-3.3,7,22.771658182144165
644,-3.4,9,22.809330701828003
645,-3.35,8,22.841373443603516
646,-3.15,4,22.868913412094116
647,4.0,7,22.90326452255249
648,-3.6,13,22.948883056640625
649,4.3,5,22.98535132408142
650,3.6999999999999997,9,23.021121978759766
651,-3.3,7,23.218332767486572
652,-3.0,1,23.248563528060913
653,-3.2,5,23.283292770385742
654,-3.35,8,23.323625564575195
655,4.0,7,23.356327056884766
656,-3.25,6,23.3914315700531
657,-3.6,13,23.44546604156494
658,-3.05,2,23.47691559791565
659,-3.0,1,23.501001119613647
660,-3.4,9,23.538307428359985
661,-3.2,5,23.566730976104736
662,4.3,5,23.596498727798462
663,-3.35,8,23.629151344299316
664,-3.0,1,23.649635076522827
665,-3.2,5,23.679163455963135
666,-3.0,1,23.70176124572754
667,4.449999999999999,4,23.726683855056763
668,-3.25,6,23.754778623580933
669,3.55,10,23.79098629951477
670,3.85,8,23.82521629333496
671,-3.5,11,23.863734006881714
672,-3.15,4,23.898757696151733
673,-3.35,8,23.938874006271362
674,-3.4,9,23.98180842399597
675,3.55,10,24.022217512130737
676,-3.2,5,24.050710916519165
677,-3.45,10,24.08700203895569
678,-3.2,5,24.11537790298462
679,-3.25,6,24.152976751327515
680,3.6999999999999997,9,24.19061303138733
681,-3.05,2,24.213865280151367
682,-3.15,4,24.24674105644226
683,-3.05,2,24.27225661277771
684,-3.4,9,24.309325695037842
685,-3.0,1,24.331966161727905
686,4.6000000000000005,3,24.364794731140137
687,4.15,6,24.40038228034973
688,4.75,2,24.433012008666992
689,4.0,7,24.478477716445923
690,4.449999999999999,4,24.50899839401245
691,3.85,8,24.551787614822388
692,-3.1,3,24.580198049545288
693,-3.25,6,24.61176300048828
694,-3.1,3,24.64024543762207
695,3.6999999999999997,9,24.68359613418579
696,-3.35,8,24.880188941955566
697,-3.35,8,24.916078329086304
698,-3.2,5,24.94452691078186
699,4.0,7,24.97969126701355
700,-3.3,7,25.010717630386353
701,-3.25,6,25.038921117782593
702,4.0,7,25.073405027389526
703,-3.15,4,25.10409927368164
704,-3.4,9,25.13873314857483
705,3.85,8,25.171048641204834
706,-3.1,3,25.196019411087036
707,-3.15,4,25.222501754760742
708,-3.4,9,25.25889277458191
709,3.55,10,25.297482013702393
710,-3.3,7,25.32995629310608
711,-3.25,6,25.361499786376953
712,-3.3,7,25.39617419242859
713,4.449999999999999,4,25.4265718460083
714,4.0,7,25.458449363708496
715,-3.05,2,25.480156660079956
716,-3.05,2,25.50435447692871
717,3.85,8,25.53541374206543
718,-3.2,5,25.5643572807312
719,4.15,6,25.59489607810974
720,4.0,7,25.625633239746094
721,-3.25,6,25.656688690185547
722,-3.15,4,25.680914878845215
723,3.55,10,25.7189359664917
724,-3.0,1,25.742743253707886
725,-3.05,2,25.772839784622192
726,3.6999999999999997,9,25.806637048721313
727,4.15,6,25.835336208343506
728,4.449999999999999,4,25.860529899597168
729,-3.15,4,25.887168645858765
730,-3.25,6,25.922876119613647
731,4.3,5,25.95827555656433
732,4.3,5,25.992615699768066
733,4.3,5,26.022329568862915
734,3.55,10,26.060400009155273
735,-3.3,7,26.0950927734375
736,3.85,8,26.134912490844727
737,-3.5,11,26.178779125213623
738,3.55,10,26.410860300064087
739,4.75,2,26.439149379730225
740,-3.1,3,26.462249755859375
741,-3.2,5,26.492477893829346
742,-3.3,7,26.52311134338379
743,3.6999999999999997,9,26.555997133255005
744,4.15,6,26.58949112892151
745,4.6000000000000005,3,26.622368097305298
746,-3.2,5,26.653474807739258
747,4.449999999999999,4,26.693561553955078
748,-3.15,4,26.72239875793457
749,3.6999999999999997,9,26.757407426834106
750,-3.05,2,26.781188488006592
751,-3.4,9,26.822166442871094
752,-3.35,8,26.85838007926941
753,-3.35,8,26.89350724220276
754,-3.3,7,26.925498008728027
755,-3.35,8,26.96355128288269
756,4.3,5,26.996927499771118
757,3.4,11,27.03360915184021
758,4.0,7,27.068960428237915
759,-3.2,5,27.1025447845459
760,4.449999999999999,4,27.12962055206299
761,-3.2,5,27.158979177474976
762,-3.45,10,27.195244312286377
763,-3.2,5,27.22951602935791
764,-3.1,3,27.257387399673462
765,-3.25,6,27.288432359695435
766,-3.3,7,27.31750750541687
767,-3.1,3,27.344958782196045
768,3.55,10,27.377120971679688
769,-3.6,13,27.41638445854187
770,4.6000000000000005,3,27.447530508041382
771,-3.3,7,27.488288164138794
772,-3.25,6,27.523069381713867
773,4.3,5,27.555676460266113
774,-3.3,7,27.58669400215149
775,3.4,11,27.624351024627686
776,-3.5,11,27.666770696640015
777,-3.1,3,27.695708990097046
778,-3.15,4,27.8884859085083
779,-3.45,10,27.930997610092163
780,4.3,5,27.967095851898193
781,-3.2,5,27.9987051486969
782,-3.45,10,28.03766965866089
783,-3.4,9,28.07415223121643
784,-3.25,6,28.102959871292114
785,4.0,7,28.13358187675476
786,-3.1,3,28.162809133529663
787,4.3,5,28.19253420829773
788,-3.15,4,28.222209453582764
789,3.55,10,28.25931167602539
790,4.3,5,28.293494939804077
791,-3.5,11,28.330970287322998
792,-3.05,2,28.357409238815308
793,4.15,6,28.390163898468018
794,3.55,10,28.428923845291138
795,3.6999999999999997,9,28.47987151145935
796,-3.2,5,28.51248335838318
797,-3.3,7,28.545437812805176
798,4.15,6,28.580693006515503
799,-3.0,1,28.605987787246704
800,-3.0,1,28.630879878997803
801,-3.3,7,28.666198015213013
802,-3.1,3,28.698817014694214
803,4.6000000000000005,3,28.72754955291748
804,3.4,11,28.765177488327026
805,-3.55,12,28.800986766815186
806,-3.25,6,28.83220887184143
807,-3.1,3,28.860458612442017
808,-3.3,7,28.89301633834839
809,3.6999999999999997,9,28.928607940673828
810,3.85,8,28.96355652809143
811,-3.45,10,29.002081632614136
812,-3.0,1,29.026352167129517
813,4.75,2,29.058907508850098
814,-3.15,4,29.09212613105774
815,-3.25,6,29.130106925964355
816,4.0,7,29.16435956954956
817,-3.65,14,29.211779356002808
818,-3.25,6,29.404261589050293
819,3.55,10,29.445888996124268
820,-3.2,5,29.47767400741577
821,-3.35,8,29.513318300247192
822,-3.4,9,29.546881675720215
823,4.3,5,29.57922053337097
824,-3.15,4,29.61005663871765
825,-3.25,6,29.64282774925232
826,-3.5,11,29.683245182037354
827,-3.2,5,29.712971448898315
828,4.0,7,29.748329162597656
829,4.15,6,29.782447338104248
830,4.15,6,29.819785356521606
831,-3.45,10,29.862929344177246
832,3.6999999999999997,9,29.90441656112671
833,-3.05,2,29.933264017105103
834,-3.4,9,29.9720356464386
835,-3.45,10,30.010091304779053
836,-3.05,2,30.04051113128662
837,-3.1,3,30.071019411087036
838,-3.2,5,30.099921703338623
839,3.85,8,30.135514497756958
840,-3.35,8,30.170999765396118
841,4.75,2,30.19710111618042
842,-3.3,7,30.232706308364868
843,3.85,8,30.265650749206543
844,-3.1,3,30.292097568511963
845,3.55,10,30.329293489456177
846,4.75,2,30.353559255599976
847,4.3,5,30.381016731262207
848,4.449999999999999,4,30.409534215927124
849,4.3,5,30.44086480140686
850,-3.25,6,30.469410181045532
851,-3.35,8,30.500453233718872
852,-3.0,1,30.523213863372803
853,-3.25,6,30.55514097213745
854,-3.05,2,30.576273202896118
855,4.449999999999999,4,30.606958627700806
856,-3.25,6,30.64664316177368
857,-3.15,4,30.679601907730103
858,4.449999999999999,4,30.70970892906189
859,-3.2,5,30.74239683151245
860,3.25,12,30.790739059448242
861,-3.15,4,30.986510515213013
862,4.15,6,31.026447534561157
863,-3.35,8,31.072790384292603
864,-3.1,3,31.10485601425171
865,-3.1,3,31.131398916244507
866,-3.1,3,31.16167974472046
867,-3.35,8,31.202735662460327
868,4.3,5,31.23274803161621
869,4.3,5,31.262372493743896
870,2.9499999999999997,14,31.303877592086792
871,-3.3,7,31.340426206588745
872,3.55,10,31.377171754837036
873,-3.2,5,31.405004024505615
874,3.25,12,31.45099687576294
875,-3.1,3,31.474082946777344
876,-3.35,8,31.5109224319458
877,4.15,6,31.544310331344604
878,-3.2,5,31.57379174232483
879,3.55,10,31.610776901245117
880,3.55,10,31.644994735717773
881,-3.1,3,31.671704292297363
882,3.55,10,31.716490030288696
883,-3.4,9,31.753808736801147
884,-3.15,4,31.782118320465088
885,4.6000000000000005,3,31.808166980743408
886,-3.1,3,31.83915615081787
887,4.0,7,31.873978853225708
888,-3.2,5,31.909531593322754
889,-3.4,9,31.95257878303528
890,-3.25,6,31.986599445343018
891,-3.4,9,32.04171967506409
892,-3.2,5,32.087401151657104
893,-3.3,7,32.12625050544739
894,4.0,7,32.166555643081665
895,3.55,10,32.22775459289551
896,-3.1,3,32.260661363601685
897,4.449999999999999,4,32.29677128791809
898,-3.15,4,32.33082461357117
899,-3.3,7,32.37583684921265
900,-3.35,8,32.591121196746826
901,3.6999999999999997,9,32.632362365722656
902,-3.35,8,32.67159605026245
903,-3.45,10,32.709665298461914
904,-3.35,8,32.74612259864807
905,-3.0,1,32.77193474769592
906,4.3,5,32.80352449417114
907,-3.3,7,32.834046602249146
908,4.15,6,32.86596608161926
909,3.6999999999999997,9,32.90295910835266
910,-3.65,14,32.94447183609009
911,-3.6,13,32.98512601852417
912,-3.05,2,33.01079726219177
913,-3.45,10,33.04709482192993
914,-3.4,9,33.088051319122314
915,4.15,6,33.1153826713562
916,-3.2,5,33.14556312561035
917,-3.1,3,33.175676584243774
918,-3.1,3,33.19950079917908
919,-3.0,1,33.22165846824646
920,-3.15,4,33.25185942649841
921,-3.15,4,33.283684730529785
922,-3.1,3,33.31209468841553
923,3.55,10,33.35871601104736
924,-3.3,7,33.405351400375366
925,3.6999999999999997,9,33.44561266899109
926,-3.1,3,33.47765517234802
927,4.3,5,33.51230788230896
928,-3.25,6,33.54799938201904
929,-3.05,2,33.572121143341064
930,-3.15,4,33.59819293022156
931,4.15,6,33.62767195701599
932,-3.2,5,33.65914702415466
933,-1.75,15,33.70358157157898
934,4.15,6,33.736921310424805
935,-3.2,5,33.76686406135559
936,3.4,11,33.80718231201172
937,4.3,5,33.84050893783569
938,-3.5,11,33.88154101371765
939,-3.1,3,33.908347368240356
940,4.0,7,34.108043909072876
941,-3.7,15,34.15882992744446
942,3.55,10,34.19448399543762
943,4.0,7,34.22700214385986
944,-3.3,7,34.264936685562134
945,-3.6,13,34.310417890548706
946,-3.5,11,34.350698471069336
947,-3.35,8,34.385456562042236
948,-3.3,7,34.419512033462524
949,-3.25,6,34.45394682884216
950,4.15,6,34.48489236831665
951,-3.3,7,34.51872158050537
952,-3.25,6,34.54866433143616
953,-3.2,5,34.57831025123596
954,3.85,8,34.62113976478577
955,-3.35,8,34.66532874107361
956,-3.05,2,34.689738512039185
957,-3.3,7,34.72403430938721
958,4.0,7,34.75741362571716
959,-3.4,9,34.7969708442688
960,-3.7,15,34.841145277023315
961,-3.25,6,34.87369513511658
962,-3.05,2,34.89748406410217
963,-3.45,10,34.934730768203735
964,-3.35,8,34.966551065444946
965,-3.3,7,35.00116467475891
966,4.449999999999999,4,35.0370192527771
967,4.0,7,35.07953119277954
968,4.15,6,35.11152696609497
969,-3.45,10,35.14907431602478
970,3.55,10,35.18950295448303
971,3.25,12,35.23028349876404
972,-3.25,6,35.42190480232239
973,-3.25,6,35.45708656311035
974,4.15,6,35.487284660339355
975,-3.0,1,35.51287865638733
976,-3.15,4,35.545987606048584
977,-3.3,7,35.576900243759155
978,-3.2,5,35.608989000320435
979,-3.15,4,35.64711308479309
980,4.15,6,35.68680787086487
981,-3.15,4,35.715532302856445
982,4.0,7,35.753209590911865
983,3.55,10,35.79586124420166
984,-3.3,7,35.832664012908936
985,-3.2,5,35.86150074005127
986,-3.4,9,35.89775204658508
987,-3.3,7,35.926292419433594
988,3.6999999999999997,9,35.96386241912842
989,-3.1,3,35.99026560783386
990,-3.15,4,36.018136978149414
991,-3.2,5,36.04962134361267
992,-3.3,7,36.08140254020691
993,-3.4,9,36.11692762374878
994,-3.45,10,36.15796637535095
995,-3.15,4,36.19477343559265
996,-3.2,5,36.223408222198486
997,4.0,7,36.25952506065369
998,-3.15,4,36.28944492340088
999,-3.4,9,36.3215434551239
1000,4.15,6,36.35110306739807
1001,4.0,7,36.387298345565796
1002,4.3,5,36.41673231124878
1003,-3.3,7,36.45193004608154
1004,3.85,8,36.489909172058105
1005,-3.25,6,36.520689964294434
1006,-3.4,9,36.558666467666626
1007,4.75,2,36.58325219154358
1008,4.3,5,36.61881947517395
1009,4.0,7,36.65445423126221
1010,-3.35,8,36.691468954086304
1011,-3.15,4,36.72225046157837
1012,-3.1,3,36.75025200843811
1013,4.3,5,36.78677439689636
1014,3.6999999999999997,9,36.82573437690735
1015,-3.15,4,37.0072021484375
1016,4.3,5,37.03755211830139
1017,-3.2,5,37.068238258361816
1018,-3.4,9,37.10903358459473
1019,-3.35,8,37.143816232681274
1020,-3.15,4,37.17496132850647
1021,-3.4,9,37.214515924453735
1022,4.6000000000000005,3,37.242830991744995
1023,-3.2,5,37.275561571121216
1024,-3.4,9,37.30862593650818
1025,4.15,6,37.3398711681366
1026,-3.3,7,37.36975169181824
1027,4.0,7,37.404650926589966
1028,-3.1,3,37.432748317718506
1029,4.15,6,37.47457504272461
1030,-3.3,7,37.50889182090759
1031,-3.6,13,37.55034375190735
1032,-3.3,7,37.58526682853699
1033,4.3,5,37.61185383796692
1034,-3.35,8,37.643409967422485
1035,-3.45,10,37.68048906326294
1036,4.3,5,37.713117361068726
1037,4.3,5,37.74233150482178
1038,-3.25,6,37.773205518722534
1039,-3.45,10,37.80857706069946
1040,-3.4,9,37.845062255859375
1041,4.3,5,37.874770402908325
1042,-3.35,8,37.90954065322876
1043,-3.3,7,37.943498373031616
1044,4.75,2,37.97116732597351
1045,-3.1,3,37.99945425987244
1046,-3.6,13,38.04154562950134
1047,4.15,6,38.077178716659546
1048,-3.2,5,38.11441779136658
1049,-3.3,7,38.15857172012329
1050,-3.3,7,38.19893431663513
1051,-3.3,7,38.23416185379028
1052,-3.2,5,38.26380491256714
1053,4.0,7,38.4806547164917
1054,4.9,1,38.51874756813049
1055,-3.45,10,38.57035946846008
1056,-3.35,8,38.62888979911804
1057,4.75,2,38.673195123672485
1058,-3.35,8,38.72554850578308
1059,3.6999999999999997,9,38.78596496582031
1060,-3.05,2,38.81213068962097
1061,-3.2,5,38.84207272529602
1062,4.0,7,38.87598156929016
1063,-3.2,5,38.916714668273926
1064,-3.15,4,38.94361162185669
1065,-3.4,9,38.98698902130127
1066,-3.1,3,39.01615071296692
1067,-3.05,2,39.0414342880249
1068,-3.3,7,39.07348585128784
1069,-3.05,2,39.09798216819763
1070,3.85,8,39.13756823539734
1071,4.3,5,39.16450524330139
1072,-3.1,3,39.19183850288391
1073,-3.55,12,39.2365608215332
1074,4.449999999999999,4,39.26616549491882
1075,4.0,7,39.302648305892944
1076,4.3,5,39.3348274230957
1077,-3.1,3,39.36061477661133
1078,-3.15,4,39.3871214389801
1079,4.0,7,39.41983199119568
1080,-3.1,3,39.44233560562134
1081,4.3,5,39.47568726539612
1082,-3.35,8,39.507843017578125
1083,-3.15,4,39.53802680969238
1084,-3.3,7,39.573747634887695
1085,3.6999999999999997,9,39.608710050582886
1086,-3.35,8,39.64217185974121
1087,-3.15,4,39.6729633808136
1088,-3.5,11,39.71687078475952
1089,4.0,7,39.749549865722656
1090,-3.2,5,39.7852840423584
1091,4.0,7,39.8163800239563
1092,4.6000000000000005,3,39.844353675842285
1093,4.0,7,39.87708616256714
1094,4.449999999999999,4,39.90328502655029
1095,-3.2,5,39.93428349494934
1096,-3.05,2,39.960017919540405
1097,-3.4,9,39.997382402420044
1098,4.0,7,40.19331884384155
1099,4.6000000000000005,3,40.2222683429718
1100,-3.4,9,40.26823925971985
1101,-3.1,3,40.29487180709839
1102,-3.05,2,40.321269035339355
1103,-3.2,5,40.35491418838501
1104,-3.3,7,40.38946986198425
1105,-3.2,5,40.42277550697327
1106,-3.1,3,40.44837808609009
1107,4.75,2,40.47976088523865
1108,4.0,7,40.52210068702698
1109,-3.05,2,40.55305576324463
1110,-3.25,6,40.59266471862793
1111,-3.2,5,40.62688088417053
1112,4.3,5,40.65499663352966
1113,-3.1,3,40.67971134185791
1114,-3.4,9,40.714046239852905
1115,4.0,7,40.749253034591675
1116,-3.6,13,40.79120635986328
1117,4.6000000000000005,3,40.82156801223755
1118,4.0,7,40.86042237281799
1119,-3.2,5,40.88979434967041
1120,-3.15,4,40.917978286743164
1121,4.3,5,40.95334005355835
1122,-3.15,4,40.984084129333496
1123,-3.1,3,41.021318435668945
1124,4.0,7,41.05333638191223
1125,-3.4,9,41.09289050102234
1126,-3.5,11,41.12983727455139
1127,-3.1,3,41.15844511985779
1128,4.3,5,41.19285869598389
1129,3.55,10,41.230159282684326
1130,-3.2,5,41.261391401290894
1131,4.449999999999999,4,41.28765249252319
1132,4.3,5,41.317073583602905
1133,-3.2,5,41.34850239753723
1134,3.4,11,41.38706946372986
1135,4.15,6,41.416017293930054
1136,-3.2,5,41.44447946548462
1137,-3.2,5,41.4710476398468
1138,4.15,6,41.49684715270996
1139,-3.05,2,41.52183222770691
1140,4.3,5,41.554070472717285
1141,4.15,6,41.58359622955322
1142,-3.25,6,41.60885286331177
1143,-3.4,9,41.642433404922485
1144,4.0,7,41.82015562057495
1145,-3.1,3,41.845813035964966
1146,4.6000000000000005,3,41.87865138053894
1147,-3.1,3,41.913222312927246
1148,3.85,8,41.945199489593506
1149,-3.1,3,41.9751341342926
1150,-3.25,6,42.007110834121704
1151,-3.1,3,42.03708362579346
1152,-3.05,2,42.06359624862671
1153,4.449999999999999,4,42.09445118904114
1154,4.15,6,42.13326144218445
1155,-3.35,8,42.1746289730072
1156,-3.15,4,42.202818155288696
1157,-3.15,4,42.230043172836304
1158,4.0,7,42.262070417404175
1159,-3.3,7,42.296361207962036
1160,-3.2,5,42.324655294418335
1161,4.0,7,42.366443157196045
1162,-3.25,6,42.39566254615784
1163,3.85,8,42.43041157722473
1164,-3.25,6,42.461769580841064
1165,-3.25,6,42.49118185043335
1166,-3.15,4,42.51746654510498
1167,4.0,7,42.55014204978943
1168,-3.15,4,42.57724642753601
1169,-3.2,5,42.606101989746094
1170,-3.25,6,42.6360387802124
1171,-3.25,6,42.66485238075256
1172,-3.05,2,42.691627740859985
1173,-3.35,8,42.728718280792236
1174,-3.15,4,42.75812554359436
1175,4.15,6,42.788095235824585
1176,4.449999999999999,4,42.81407284736633
1177,-3.1,3,42.84119391441345
1178,-3.25,6,42.878005504608154
1179,4.0,7,42.91536068916321
1180,-3.6,13,42.96183681488037
1181,-3.05,2,42.985432386398315
1182,-3.4,9,43.023207664489746
1183,4.15,6,43.05854415893555
1184,-3.35,8,43.091399908065796
1185,3.6999999999999997,9,43.12817454338074
1186,4.3,5,43.15528869628906
1187,-3.1,3,43.17935538291931
1188,-3.25,6,43.208242893218994
1189,4.3,5,43.23389983177185
1190,4.449999999999999,4,43.26464104652405
1191,-3.25,6,43.4706871509552
1192,-3.35,8,43.506486892700195
1193,4.0,7,43.54117941856384
1194,-3.35,8,43.57640266418457
1195,4.3,5,43.60915517807007
1196,-3.15,4,43.637723207473755
1197,3.85,8,43.672422885894775
1198,-3.5,11,43.71459674835205
1199,4.15,6,43.74578666687012
1200,3.85,8,43.77950119972229
1201,4.3,5,43.81118869781494
1202,-3.3,7,43.84445667266846
1203,4.449999999999999,4,43.877644777297974
1204,4.3,5,43.908289194107056
1205,-3.3,7,43.950350522994995
1206,-3.05,2,43.97593593597412
1207,4.6000000000000005,3,44.00004291534424
1208,-3.1,3,44.02486610412598
1209,4.0,7,44.05816578865051
1210,4.449999999999999,4,44.08945822715759
1211,4.449999999999999,4,44.121933937072754
1212,-3.3,7,44.1551787853241
1213,-3.25,6,44.18949866294861
1214,-3.25,6,44.21915674209595
1215,-3.25,6,44.25112056732178
1216,-3.0,1,44.27579951286316
1217,4.0,7,44.30674505233765
1218,-3.15,4,44.336193799972534
1219,-3.2,5,44.3681116104126
1220,-3.25,6,44.40215015411377
1221,-3.2,5,44.430493116378784
1222,4.6000000000000005,3,44.4581573009491
1223,4.15,6,44.48643374443054
1224,4.0,7,44.517451763153076
1225,4.449999999999999,4,44.545135498046875
1226,-3.35,8,44.581515312194824
1227,4.449999999999999,4,44.612035036087036
1228,4.15,6,44.644453287124634
1229,4.15,6,44.674745321273804
1230,4.3,5,44.7051568031311
1231,-3.25,6,44.73672151565552
1232,3.6999999999999997,9,44.77662658691406
1233,-3.1,3,44.801533460617065
1234,3.6999999999999997,9,44.840845823287964
1235,4.449999999999999,4,44.872050523757935
1236,3.85,8,45.06816744804382
1237,-3.2,5,45.09491777420044
1238,4.3,5,45.13378381729126
1239,4.75,2,45.16054844856262
1240,-3.25,6,45.19175958633423
1241,-3.45,10,45.232372760772705
1242,-3.05,2,45.264447927474976
1243,-3.2,5,45.295377254486084
1244,-3.2,5,45.334471702575684
1245,-3.35,8,45.369221687316895
1246,-3.15,4,45.39564895629883
1247,-3.35,8,45.436997413635254
1248,-3.3,7,45.46702742576599
1249,-3.0,1,45.486907720565796
1250,-3.1,3,45.51094722747803
1251,4.15,6,45.54517579078674
1252,3.6999999999999997,9,45.58320713043213
1253,-3.05,2,45.60605263710022
1254,-3.15,4,45.63504600524902
1255,-3.15,4,45.66274881362915
1256,-3.2,5,45.6897988319397
1257,4.3,5,45.72301650047302
1258,-3.15,4,45.75332856178284
1259,-3.3,7,45.79078674316406
1260,-3.1,3,45.818899154663086
1261,-3.05,2,45.84543776512146
1262,4.3,5,45.87343788146973
1263,4.3,5,45.89825916290283
1264,-3.0,1,45.92156529426575
1265,4.0,7,45.954752683639526
1266,4.3,5,45.98605537414551
1267,4.449999999999999,4,46.013622999191284
1268,-3.25,6,46.04533004760742
1269,4.449999999999999,4,46.07319211959839
1270,4.449999999999999,4,46.10373568534851
1271,3.85,8,46.14039707183838
1272,4.75,2,46.163512229919434
1273,4.3,5,46.19274950027466
1274,-3.1,3,46.21999382972717
1275,3.85,8,46.260688066482544
1276,4.3,5,46.290889739990234
1277,-3.0,1,46.315284967422485
1278,4.15,6,46.3544545173645
1279,-3.2,5,46.387845516204834
1280,-3.2,5,46.42194366455078
1281,-3.55,12,46.46084427833557
1282,-3.0,1,46.48975992202759
1283,-3.35,8,46.52809691429138
1284,4.0,7,46.57282781600952
1285,4.75,2,46.60593509674072
1286,4.0,7,46.648983001708984
1287,-3.05,2,46.85175919532776
1288,4.15,6,46.89182138442993
1289,4.6000000000000005,3,46.92665648460388
1290,4.15,6,46.96950173377991
1291,-3.3,7,47.00445365905762
1292,3.85,8,47.04211115837097
1293,4.449999999999999,4,47.071382999420166
1294,3.85,8,47.10287857055664
1295,4.3,5,47.13643527030945
1296,4.0,7,47.17319130897522
1297,-3.0,1,47.1964545249939
1298,4.9,1,47.22283697128296
1299,-3.15,4,47.25327754020691
1300,4.6000000000000005,3,47.27951169013977
1301,-3.1,3,47.30510759353638
1302,3.85,8,47.33866500854492
1303,-3.35,8,47.371180057525635
1304,-3.1,3,47.39607787132263
1305,3.55,10,47.43334197998047
1306,4.3,5,47.45963478088379
1307,4.6000000000000005,3,47.48779225349426
1308,-3.05,2,47.510419845581055
1309,4.449999999999999,4,47.541654109954834
1310,4.15,6,47.57281827926636
1311,-3.15,4,47.60527968406677
1312,4.0,7,47.64304041862488
1313,4.9,1,47.67524576187134
1314,-3.15,4,47.703181743621826
1315,3.85,8,47.734731912612915
1316,-3.25,6,47.76077151298523
1317,-3.15,4,47.79232621192932
1318,-3.1,3,47.81991147994995
1319,4.15,6,47.852986335754395
1320,-3.3,7,47.88699197769165
1321,-3.05,2,47.909838914871216
1322,3.85,8,47.94499158859253
1323,-3.15,4,47.979735136032104
1324,4.449999999999999,4,48.0058810710907
1325,-3.05,2,48.0291314125061
1326,4.3,5,48.05770134925842
1327,4.0,7,48.092607259750366
1328,-3.15,4,48.122793197631836
1329,4.449999999999999,4,48.15089392662048
1330,-3.05,2,48.178627490997314
1331,3.85,8,48.221362352371216
1332,-3.05,2,48.245370626449585
1333,4.75,2,48.27543926239014
1334,-3.0,1,48.3090181350708
1335,-3.15,4,48.33736205101013
1336,-3.3,7,48.37165427207947
1337,-3.25,6,48.40352416038513
1338,-3.1,3,48.434062480926514
1339,-3.35,8,48.47431039810181
1340,-3.45,10,48.674875259399414
1341,4.0,7,48.717315912246704
1342,-3.15,4,48.756428956985474
1343,-3.35,8,48.806541204452515
1344,4.449999999999999,4,48.83423733711243
1345,-3.05,2,48.85889720916748
1346,-3.4,9,48.89790415763855
1347,4.3,5,48.93788480758667
1348,4.6000000000000005,3,48.97231602668762
1349,-3.15,4,48.99869751930237
1350,-3.15,4,49.0246422290802
1351,-3.15,4,49.05129933357239
1352,4.449999999999999,4,49.07857871055603
1353,-3.15,4,49.104798555374146
1354,4.3,5,49.136474609375
1355,4.15,6,49.16638493537903
1356,3.85,8,49.203289270401
1357,4.449999999999999,4,49.23644304275513
1358,4.75,2,49.26094150543213
1359,-3.15,4,49.28806495666504
1360,4.6000000000000005,3,49.31198835372925
1361,4.15,6,49.34333825111389
1362,-3.15,4,49.3729362487793
1363,4.6000000000000005,3,49.39907932281494
1364,-3.2,5,49.427016258239746
1365,4.15,6,49.45749807357788
1366,-3.15,4,49.482611656188965
1367,-3.15,4,49.508201599121094
1368,4.6000000000000005,3,49.53164982795715
1369,4.15,6,49.563509941101074
1370,4.3,5,49.592705726623535
1371,3.6999999999999997,9,49.63618493080139
1372,-3.2,5,49.673436880111694
1373,4.6000000000000005,3,49.707963943481445
1374,-3.05,2,49.73377227783203
1375,3.6999999999999997,9,49.77142262458801
1376,-3.2,5,49.79849696159363
1377,4.449999999999999,4,49.827266216278076
1378,-3.0,1,49.85300040245056
1379,-3.15,4,49.8779878616333
1380,-3.35,8,49.919538736343384
1381,-3.5,11,49.96465802192688
1382,-3.3,7,50.01092767715454
1383,-3.0,1,50.038342237472534
1384,4.3,5,50.07367396354675
1385,-3.3,7,50.10998272895813
1386,4.6000000000000005,3,50.13953161239624
1387,-3.1,3,50.169607162475586
1388,-3.25,6,50.20544743537903
1389,-3.25,6,50.23930525779724
1390,4.3,5,50.26897406578064
1391,-3.0,1,50.292567014694214
1392,-3.4,9,50.48177719116211
1393,-3.25,6,50.51078796386719
1394,-3.2,5,50.53780174255371
1395,4.6000000000000005,3,50.56554293632507
1396,-3.25,6,50.595096826553345
1397,-3.3,7,50.63025879859924
1398,4.0,7,50.66487193107605
1399,4.75,2,50.6902551651001
1400,3.85,8,50.72843289375305
1401,-3.4,9,50.76811242103577
1402,-3.0,1,50.800591468811035
1403,-3.25,6,50.83212995529175
1404,-3.2,5,50.86304473876953
1405,-3.05,2,50.8883273601532
1406,-3.1,3,50.91364049911499
1407,-3.15,4,50.943026304244995
1408,-3.25,6,50.97239065170288
1409,-3.15,4,51.003881216049194
1410,4.15,6,51.03332543373108
1411,-3.25,6,51.068875789642334
1412,-3.45,10,51.10705924034119
1413,-3.2,5,51.135700941085815
1414,3.55,10,51.17356491088867
1415,-3.05,2,51.197869300842285
1416,-3.15,4,51.227057218551636
1417,4.6000000000000005,3,51.25509238243103
1418,4.449999999999999,4,51.28367257118225
1419,-3.3,7,51.321752309799194
1420,-3.15,4,51.35118007659912
1421,-3.15,4,51.379913568496704
1422,-3.15,4,51.40698051452637
1423,-3.35,8,51.447659492492676
1424,4.6000000000000005,3,51.485435247421265
1425,4.75,2,51.51178336143494
1426,-3.3,7,51.54606914520264
1427,-3.3,7,51.581371545791626
1428,-3.1,3,51.60726499557495
1429,-3.1,3,51.63499355316162
1430,-3.2,5,51.666956186294556
1431,-3.4,9,51.70261859893799
1432,4.3,5,51.73464918136597
1433,4.15,6,51.7637984752655
1434,-3.1,3,51.788689374923706
1435,-3.1,3,51.8223614692688
1436,-3.15,4,51.85485792160034
1437,4.15,6,51.88882851600647
1438,-3.0,1,51.9156539440155
1439,-3.4,9,51.951329946517944
1440,-3.2,5,51.980502128601074
1441,-3.3,7,52.01225304603577
1442,-3.2,5,52.040913581848145
1443,3.6999999999999997,9,52.22229838371277
1444,-3.4,9,52.25849461555481
1445,4.3,5,52.289645195007324
1446,4.15,6,52.32319140434265
1447,4.0,7,52.36659836769104
1448,3.85,8,52.40359163284302
1449,-3.35,8,52.43922543525696
1450,-3.2,5,52.473331689834595
1451,4.15,6,52.50048804283142
1452,-3.35,8,52.534653425216675
1453,-3.15,4,52.56050682067871
1454,4.0,7,52.59600234031677
1455,4.0,7,52.629802227020264
1456,-3.15,4,52.65730595588684
1457,-3.2,5,52.68885898590088
1458,-3.35,8,52.72668719291687
1459,-3.15,4,52.76148986816406
1460,-3.45,10,52.807116985321045
1461,3.85,8,52.851224184036255
1462,-3.3,7,52.886242628097534
1463,-3.2,5,52.91716265678406
1464,4.15,6,52.9507896900177
1465,-3.35,8,52.9898681640625
1466,4.3,5,53.02421283721924
1467,-3.35,8,53.06005311012268
1468,-3.25,6,53.08969283103943
1469,-3.3,7,53.12449622154236
1470,-3.3,7,53.161367654800415
1471,-3.3,7,53.19425940513611
1472,3.85,8,53.231141567230225
1473,-3.05,2,53.25622773170471
1474,4.449999999999999,4,53.284165143966675
1475,-3.3,7,53.315683364868164
1476,-3.1,3,53.344011545181274
1477,4.449999999999999,4,53.37329125404358
1478,-3.05,2,53.40561556816101
1479,-3.3,7,53.43922543525696
1480,-3.2,5,53.47156476974487
1481,-3.15,4,53.50274729728699
1482,4.449999999999999,4,53.52893424034119
1483,-3.2,5,53.55661082267761
1484,-3.3,7,53.59190797805786
1485,4.449999999999999,4,53.772156953811646
1486,4.449999999999999,4,53.80196571350098
1487,4.6000000000000005,3,53.82702994346619
1488,-3.3,7,53.862815856933594
1489,4.3,5,53.892565965652466
1490,4.15,6,53.92570090293884
1491,3.85,8,53.96265411376953
1492,4.449999999999999,4,53.99085521697998
1493,4.3,5,54.02050018310547
1494,-3.25,6,54.050907611846924
1495,4.449999999999999,4,54.0821692943573
1496,4.0,7,54.11571192741394
1497,-3.3,7,54.148422718048096
1498,4.6000000000000005,3,54.174426794052124
1499,4.449999999999999,4,54.20611119270325
1500,3.6999999999999997,9,54.242226123809814
1501,-3.25,6,54.275914907455444
1502,4.449999999999999,4,54.30851125717163
1503,-3.45,10,54.35525393486023
1504,-3.15,4,54.38192105293274
1505,-3.05,2,54.407634973526
1506,-3.25,6,54.44581151008606
1507,-3.2,5,54.47279381752014
1508,-3.2,5,54.50492310523987
1509,-3.2,5,54.538357973098755
1510,4.6000000000000005,3,54.57365155220032
1511,-3.35,8,54.60962200164795
1512,3.85,8,54.64831233024597
1513,-3.2,5,54.687105655670166
1514,4.3,5,54.723825454711914
1515,-3.4,9,54.768442153930664
1516,4.15,6,54.805814027786255
1517,4.15,6,54.83771228790283
1518,4.0,7,54.87507390975952
1519,3.55,10,54.91932129859924
1520,-3.2,5,54.94469380378723
1521,4.449999999999999,4,54.97242093086243
1522,3.85,8,55.00392484664917
1523,4.0,7,55.034188985824585
1524,4.75,2,55.057941913604736
1525,4.3,5,55.091747760772705
1526,4.6000000000000005,3,55.115978479385376
1527,-3.1,3,55.14067769050598
1528,4.6000000000000005,3,55.17082405090332
1529,4.3,5,55.2008273601532
1530,4.3,5,55.22927784919739
1531,4.3,5,55.25982975959778
1532,4.15,6,55.43928503990173
1533,-3.2,5,55.46836876869202
1534,-3.25,6,55.50021195411682
1535,-3.25,6,55.53210783004761
1536,4.3,5,55.56026911735535
1537,4.15,6,55.59139919281006
1538,4.3,5,55.6196494102478
1539,-3.2,5,55.64662170410156
1540,-3.05,2,55.677505016326904
1541,4.449999999999999,4,55.70679426193237
1542,-3.45,10,55.742557764053345
1543,-3.1,3,55.76817846298218
1544,4.15,6,55.79594898223877
1545,-3.2,5,55.82793641090393
1546,-3.3,7,55.86561846733093
1547,-3.25,6,55.90159010887146
1548,4.15,6,55.93979811668396
1549,-3.25,6,55.97491526603699
1550,-3.4,9,56.01140522956848
1551,-3.35,8,56.05274844169617
1552,4.0,7,56.0848548412323
1553,-3.2,5,56.1163649559021
1554,-3.0,1,56.13935923576355
1555,-3.2,5,56.168944358825684
1556,-3.15,4,56.1964225769043
1557,4.6000000000000005,3,56.223591566085815
1558,4.15,6,56.25939226150513
1559,-3.15,4,56.29065537452698
1560,-3.1,3,56.31875491142273
1561,-3.1,3,56.34223699569702
1562,-3.35,8,56.37516450881958
1563,4.3,5,56.40803861618042
1564,-3.35,8,56.447240352630615
1565,4.6000000000000005,3,56.4725775718689
1566,4.0,7,56.505768060684204
1567,-3.3,7,56.533517837524414
1568,-3.15,4,56.559523582458496
1569,4.0,7,56.592671394348145
1570,3.85,8,56.62610411643982
1571,4.0,7,56.65976595878601
1572,-3.15,4,56.68548607826233
1573,4.0,7,56.721445083618164
1574,4.449999999999999,4,56.75073456764221
1575,-3.1,3,56.776835680007935
1576,4.6000000000000005,3,56.81378436088562
1577,-3.45,10,56.86105132102966
1578,4.6000000000000005,3,56.88884353637695
1579,4.75,2,56.91273283958435
1580,-3.15,4,57.11524939537048
1581,-3.15,4,57.14569878578186
1582,4.3,5,57.17660975456238
1583,-3.35,8,57.21409893035889
1584,4.6000000000000005,3,57.243003368377686
1585,3.85,8,57.27518177032471
1586,-3.4,9,57.3099946975708
1587,4.15,6,57.344401597976685
1588,4.3,5,57.38191533088684
1589,4.3,5,57.410083293914795
1590,4.449999999999999,4,57.44278073310852
1591,4.3,5,57.48081994056702
1592,-3.3,7,57.51654076576233
1593,-3.25,6,57.5512261390686
1594,4.449999999999999,4,57.581279277801514
1595,-3.2,5,57.61768579483032
1596,-3.4,9,57.65877294540405
1597,-3.05,2,57.685837268829346
1598,4.449999999999999,4,57.71793556213379
1599,4.449999999999999,4,57.74693536758423
1600,-3.2,5,57.77866005897522
1601,-3.3,7,57.816619873046875
1602,3.85,8,57.855303049087524
1603,-3.3,7,57.89063906669617
1604,-3.35,8,57.92395234107971
1605,4.449999999999999,4,57.95906114578247
1606,-3.2,5,57.99310517311096
1607,-3.15,4,58.0247266292572
1608,-3.3,7,58.06147837638855
1609,-3.35,8,58.09654521942139
1610,4.3,5,58.137473821640015
1611,-3.15,4,58.165688037872314
1612,4.449999999999999,4,58.19262337684631
1613,4.449999999999999,4,58.219842195510864
1614,-3.3,7,58.25111436843872
1615,4.449999999999999,4,58.28138256072998
1616,4.0,7,58.31001663208008
1617,4.15,6,58.34774565696716
1618,-3.1,3,58.376869916915894
1619,3.85,8,58.41336274147034
1620,-3.1,3,58.44084715843201
1621,-3.05,2,58.46365427970886
1622,4.449999999999999,4,58.48775315284729
1623,3.6999999999999997,9,58.52550530433655
1624,-3.45,10,58.562328815460205
1625,-3.35,8,58.742114305496216
1626,4.3,5,58.76977229118347
1627,-3.05,2,58.79331970214844
1628,4.3,5,58.82387065887451
1629,-3.1,3,58.84827518463135
1630,-3.35,8,58.880863189697266
1631,4.15,6,58.909451723098755
1632,4.0,7,58.94309949874878
1633,4.15,6,58.9793176651001
1634,-3.25,6,59.023274183273315
1635,-3.2,5,59.05022883415222
1636,-3.2,5,59.08181381225586
1637,-3.1,3,59.10564708709717
1638,4.3,5,59.136841773986816
1639,-3.35,8,59.17206525802612
1640,-3.05,2,59.193745851516724
1641,-3.1,3,59.22186827659607
1642,4.9,1,59.2484610080719
1643,4.6000000000000005,3,59.2747278213501
1644,4.0,7,59.30898690223694
1645,4.15,6,59.342973709106445
1646,3.85,8,59.38613843917847
1647,4.75,2,59.41360020637512
1648,-3.25,6,59.45224905014038
1649,4.0,7,59.494930028915405
1650,-3.25,6,59.525535106658936
1651,4.449999999999999,4,59.55343508720398
1652,-3.1,3,59.57880902290344
1653,4.15,6,59.61229491233826
1654,-3.35,8,59.64519906044006
1655,4.449999999999999,4,59.671138763427734
1656,-3.1,3,59.69562649726868
1657,4.6000000000000005,3,59.721423864364624
1658,4.3,5,59.7562518119812
1659,-3.25,6,59.78903245925903
1660,-3.4,9,59.822916746139526
1661,-3.4,9,59.86015963554382
1662,4.15,6,59.891605854034424
1663,-3.3,7,59.92306137084961
1664,4.3,5,59.9540433883667
1665,-3.2,5,59.985631227493286
1666,-3.3,7,60.018335580825806
1667,-3.05,2,60.041383266448975
1668,-3.1,3,60.07221341133118
1669,-3.2,5,60.10313558578491
1670,-3.45,10,60.14203977584839
1671,-3.15,4,60.17617154121399
1672,-3.25,6,60.21381163597107
1673,-3.15,4,60.24038648605347
1674,4.3,5,60.27677035331726
1675,3.6999999999999997,9,60.45995259284973
1676,-3.35,8,60.492605209350586
1677,4.449999999999999,4,60.52068877220154
1678,4.15,6,60.54975938796997
1679,4.75,2,60.57395339012146
1680,4.15,6,60.60965824127197
1681,4.449999999999999,4,60.64261531829834
1682,-3.15,4,60.67341589927673
1683,-3.45,10,60.713640451431274
1684,-3.4,9,60.75073051452637
1685,4.449999999999999,4,60.78195524215698
1686,4.6000000000000005,3,60.813108682632446
1687,4.0,7,60.85086727142334
1688,3.85,8,60.88965392112732
1689,-3.3,7,60.924580574035645
1690,4.0,7,60.963937520980835
1691,4.6000000000000005,3,60.99779653549194
1692,-3.3,7,61.034154653549194
1693,4.3,5,61.06658697128296
1694,-3.1,3,61.09499931335449
1695,-3.0,1,61.118868827819824
1696,-3.15,4,61.14310836791992
1697,4.449999999999999,4,61.17171025276184
1698,4.0,7,61.204275131225586
1699,4.15,6,61.23740530014038
1700,-3.3,7,61.26884746551514
1701,-3.25,6,61.300021171569824
1702,4.0,7,61.33168888092041
1703,-3.3,7,61.36130213737488
1704,4.15,6,61.396610498428345
1705,4.0,7,61.43099641799927
1706,-3.2,5,61.45937156677246
1707,4.0,7,61.49478793144226
1708,-3.4,9,61.53204655647278
1709,-3.55,12,61.57090425491333
1710,-3.2,5,61.59823179244995
1711,4.15,6,61.62913632392883
1712,4.3,5,61.65705394744873
1713,-3.25,6,61.68708109855652
1714,4.449999999999999,4,61.71441388130188
1715,4.15,6,61.748287200927734
1716,-3.1,3,61.77997303009033
1717,4.6000000000000005,3,61.81207728385925
1718,-3.15,4,61.84974956512451
1719,4.6000000000000005,3,61.87466311454773
1720,-3.25,6,62.04326295852661
1721,-3.15,4,62.073882818222046
1722,4.15,6,62.10721564292908
1723,4.6000000000000005,3,62.13698649406433
1724,3.55,10,62.19048261642456
1725,4.6000000000000005,3,62.22443151473999
1726,-3.35,8,62.264769077301025
1727,4.6000000000000005,3,62.29813623428345
1728,-3.05,2,62.32361626625061
1729,-3.05,2,62.348763942718506
1730,-3.2,5,62.38084530830383
1731,-3.45,10,62.419837474823
1732,-3.1,3,62.44621992111206
1733,4.449999999999999,4,62.47262167930603
1734,-3.0,1,62.49559807777405
1735,4.15,6,62.531099796295166
1736,-3.3,7,62.56388449668884
1737,4.449999999999999,4,62.59493827819824
1738,4.449999999999999,4,62.62685441970825
1739,4.3,5,62.65682506561279
1740,-3.1,3,62.68452453613281
1741,4.449999999999999,4,62.71097183227539
1742,-3.15,4,62.73877549171448
1743,4.449999999999999,4,62.77167105674744
1744,4.15,6,62.80126118659973
1745,-3.15,4,62.82935905456543
1746,-3.1,3,62.859352111816406
1747,4.15,6,62.89134430885315
1748,4.449999999999999,4,62.9209520816803
1749,-3.0,1,62.95165777206421
1750,4.6000000000000005,3,62.97959804534912
1751,-3.3,7,63.017351388931274
1752,-3.45,10,63.05320715904236
1753,3.6999999999999997,9,63.08681678771973
1754,4.6000000000000005,3,63.11130118370056
1755,4.0,7,63.14958834648132
1756,4.3,5,63.17732834815979
1757,4.449999999999999,4,63.222008228302
1758,-3.1,3,63.25134229660034
1759,-3.3,7,63.2838294506073
1760,4.449999999999999,4,63.30946612358093
1761,-3.2,5,63.34614849090576
1762,-3.1,3,63.374176025390625
1763,-3.35,8,63.410640001297
1764,-3.0,1,63.43850088119507
1765,-3.05,2,63.46669912338257
1766,-3.05,2,63.495038747787476
1767,-3.05,2,63.52014923095703
1768,-3.15,4,63.548123836517334
1769,-3.15,4,63.57301926612854
1770,4.6000000000000005,3,63.5990674495697
1771,-3.25,6,63.63218712806702
1772,-3.2,5,63.66037130355835
1773,4.75,2,63.68892312049866
1774,4.3,5,63.719146728515625
1775,4.0,7,63.75062012672424
1776,-3.25,6,63.961283683776855
1777,-3.1,3,63.99608039855957
1778,-3.2,5,64.02409029006958
1779,4.3,5,64.05517911911011
1780,4.0,7,64.09013199806213
1781,-3.25,6,64.12712478637695
1782,-3.35,8,64.1740210056305
1783,4.3,5,64.20855784416199
1784,-3.1,3,64.23454236984253
1785,4.15,6,64.27551794052124
1786,4.75,2,64.3042540550232
1787,-3.35,8,64.3422520160675
1788,-3.15,4,64.37682557106018
1789,4.75,2,64.40045142173767
1790,4.6000000000000005,3,64.4252417087555
1791,4.0,7,64.45494079589844
1792,-3.2,5,64.48493671417236
1793,4.15,6,64.51466822624207
1794,-3.2,5,64.54236721992493
1795,4.15,6,64.57273888587952
1796,4.15,6,64.60750842094421
1797,4.3,5,64.63809370994568
1798,-3.25,6,64.67006134986877
1799,-3.25,6,64.70290756225586
1800,-3.25,6,64.73518514633179
1801,-3.2,5,64.75973391532898
1802,3.85,8,64.80082321166992
1803,-3.45,10,64.83773398399353
1804,-3.2,5,64.87004351615906
1805,4.449999999999999,4,64.90653491020203
1806,-3.25,6,64.93558621406555
1807,4.0,7,64.96685552597046
1808,-3.35,8,64.99915671348572
1809,-3.3,7,65.02724123001099
1810,-3.25,6,65.05817675590515
1811,3.85,8,65.09205555915833
1812,4.6000000000000005,3,65.12338423728943
1813,-3.15,4,65.15140438079834
1814,3.85,8,65.18517780303955
1815,4.3,5,65.21199774742126
1816,4.449999999999999,4,65.23921775817871
1817,4.15,6,65.2708432674408
1818,-3.3,7,65.30376076698303
1819,-3.3,7,65.33883094787598
1820,-3.1,3,65.37527275085449
1821,4.449999999999999,4,65.40808629989624
1822,3.6999999999999997,9,65.60144114494324
1823,-3.0,1,65.62366080284119
1824,4.449999999999999,4,65.65402412414551
1825,4.449999999999999,4,65.68453574180603
1826,4.0,7,65.72178888320923
1827,4.3,5,65.75117802619934
1828,-3.2,5,65.78037786483765
1829,-3.1,3,65.8070912361145
1830,-3.3,7,65.83898425102234
1831,3.85,8,65.87243962287903
1832,-3.15,4,65.90299439430237
1833,4.449999999999999,4,65.93360590934753
1834,-3.0,1,65.95463156700134
1835,-3.4,9,65.98906445503235
1836,-3.15,4,66.01736783981323
1837,-3.1,3,66.04302597045898
1838,4.449999999999999,4,66.07207822799683
1839,4.449999999999999,4,66.1008927822113
1840,4.0,7,66.13516998291016
1841,-3.1,3,66.159592628479
1842,-3.0,1,66.18618726730347
1843,4.3,5,66.21491432189941
1844,-3.1,3,66.2438611984253
1845,-3.2,5,66.27410578727722
1846,-3.35,8,66.31487345695496
1847,-3.05,2,66.34026408195496
1848,4.6000000000000005,3,66.36962246894836
1849,3.6999999999999997,9,66.41863965988159
1850,-3.25,6,66.45477533340454
1851,4.3,5,66.49188661575317
1852,-3.1,3,66.51894354820251
1853,4.3,5,66.55060315132141
1854,-3.2,5,66.58043074607849
1855,4.449999999999999,4,66.60809016227722
1856,4.449999999999999,4,66.63563966751099
1857,4.6000000000000005,3,66.66325092315674
1858,4.449999999999999,4,66.6969826221466
1859,-3.35,8,66.7364809513092
1860,4.449999999999999,4,66.76845860481262
1861,-3.3,7,66.80221152305603
1862,-3.15,4,66.84390807151794
1863,4.449999999999999,4,66.88013982772827
1864,-3.2,5,66.91106748580933
1865,3.85,8,66.95197892189026
1866,-3.2,5,66.98424124717712
1867,-3.0,1,67.01033806800842
1868,4.15,6,67.0465521812439
1869,4.15,6,67.08326601982117
1870,4.15,6,67.11626982688904
1871,-3.05,2,67.14600825309753
1872,4.15,6,67.18412446975708
1873,3.85,8,67.22207689285278
1874,-3.0,1,67.24929809570312
1875,-3.1,3,67.28342986106873
1876,-3.25,6,67.46727681159973
1877,-3.45,10,67.50183200836182
1878,4.0,7,67.53078055381775
1879,4.449999999999999,4,67.5574586391449
1880,-3.15,4,67.58253288269043
1881,-3.15,4,67.60993695259094
1882,-3.0,1,67.63576245307922
1883,-3.1,3,67.66055154800415
1884,4.3,5,67.69101643562317
1885,4.6000000000000005,3,67.71779108047485
1886,4.449999999999999,4,67.74763417243958
1887,-3.15,4,67.77660584449768
1888,4.15,6,67.81662917137146
1889,-3.15,4,67.8567214012146
1890,-3.15,4,67.88435888290405
1891,4.449999999999999,4,67.91197085380554
1892,-3.05,2,67.93558073043823
1893,4.3,5,67.96430444717407
1894,-3.3,7,68.00053334236145
1895,4.0,7,68.03229308128357
1896,4.449999999999999,4,68.05739140510559
1897,-3.05,2,68.08187508583069
1898,-3.1,3,68.10638952255249
1899,-3.05,2,68.13249850273132
1900,-3.2,5,68.16199541091919
1901,4.6000000000000005,3,68.1905288696289
1902,4.15,6,68.22272157669067
1903,3.85,8,68.25519847869873
1904,3.6999999999999997,9,68.29142498970032
1905,-3.05,2,68.3270628452301
1906,-3.35,8,68.36318111419678
1907,-3.25,6,68.39407682418823
1908,-3.4,9,68.43067383766174
1909,-3.15,4,68.46114134788513
1910,3.85,8,68.49562358856201
1911,4.15,6,68.52424478530884
1912,4.449999999999999,4,68.55288624763489
1913,3.55,10,68.59432005882263
1914,-3.15,4,68.62234425544739
1915,-3.1,3,68.64696288108826
1916,4.3,5,68.68025875091553
1917,-3.0,1,68.70422029495239
1918,4.3,5,68.73749160766602
1919,-3.0,1,68.76509928703308
1920,4.3,5,68.80757451057434
1921,-3.4,9,68.84739255905151
1922,-3.2,5,68.885258436203
1923,-3.3,7,68.93162822723389
1924,-3.25,6,68.96650457382202
1925,4.0,7,69.00522589683533
1926,4.0,7,69.03533387184143
1927,4.6000000000000005,3,69.203054189682
1928,4.3,5,69.23771929740906
1929,4.0,7,69.26899790763855
1930,4.3,5,69.29853010177612
1931,4.449999999999999,4,69.32162642478943
1932,4.0,7,69.35337138175964
1933,4.3,5,69.3847336769104
1934,-3.15,4,69.4098711013794
1935,4.449999999999999,4,69.43938636779785
1936,-3.25,6,69.47103500366211
1937,4.449999999999999,4,69.50346970558167
1938,-3.3,7,69.5374128818512
1939,-3.45,10,69.58044981956482
1940,-3.05,2,69.60434603691101
1941,-3.0,1,69.62588930130005
1942,-3.4,9,69.66383862495422
1943,4.3,5,69.69255948066711
1944,-3.1,3,69.71981930732727
1945,3.85,8,69.7503170967102
1946,-3.4,9,69.78748512268066
1947,4.3,5,69.82372260093689
1948,-3.1,3,69.84804677963257
1949,4.3,5,69.87765765190125
1950,4.75,2,69.90341830253601
1951,4.9,1,69.92741775512695
1952,-3.4,9,69.96145606040955
1953,-3.4,9,69.997474193573
1954,4.449999999999999,4,70.02625560760498
1955,4.15,6,70.06881499290466
1956,4.3,5,70.11142635345459
1957,-3.2,5,70.14265203475952
1958,4.3,5,70.17367029190063
1959,4.6000000000000005,3,70.20796322822571
1960,-3.4,9,70.24924278259277
1961,3.85,8,70.28857398033142
1962,-3.2,5,70.32397818565369
1963,-3.15,4,70.35936617851257
1964,4.3,5,70.39336562156677
1965,-3.2,5,70.42713332176208
1966,-3.15,4,70.4565224647522
1967,4.15,6,70.49212384223938
1968,-3.25,6,70.5202157497406
1969,-3.25,6,70.55216598510742
1970,-3.25,6,70.58230137825012
1971,-3.3,7,70.61420154571533
1972,-3.45,10,70.65434718132019
1973,-3.25,6,70.83767819404602
1974,-3.2,5,70.86892008781433
1975,-3.1,3,70.90073823928833
1976,-3.2,5,70.92878437042236
1977,-3.1,3,70.95613312721252
1978,4.449999999999999,4,70.9815936088562
1979,-3.25,6,71.01183199882507
1980,4.3,5,71.03945088386536
1981,-3.3,7,71.07165241241455
1982,4.449999999999999,4,71.10257744789124
1983,-3.25,6,71.13247346878052
1984,4.0,7,71.16133737564087
1985,4.15,6,71.19823789596558
1986,4.0,7,71.23489618301392
1987,-3.15,4,71.26473426818848
1988,-3.25,6,71.30288767814636
1989,-3.0,1,71.32428503036499
1990,4.449999999999999,4,71.35116863250732
1991,-3.05,2,71.3803870677948
1992,-3.4,9,71.42214560508728
1993,-3.2,5,71.44900012016296
1994,4.15,6,71.48142194747925
1995,4.6000000000000005,3,71.50546789169312
1996,-3.1,3,71.53044414520264
1997,4.449999999999999,4,71.56124496459961
1998,4.0,7,71.59279489517212
1999,-3.35,8,71.62820100784302
2000,4.0,7,71.66262936592102
2001,-3.1,3,71.6867287158966
2002,4.449999999999999,4,71.71896243095398
2003,-3.1,3,71.7436900138855
2004,4.449999999999999,4,71.77530026435852
2005,4.75,2,71.80164575576782
2006,3.85,8,71.83826661109924
2007,-3.25,6,71.87432646751404
2008,-3.2,5,71.90756392478943
2009,4.0,7,71.94283819198608
2010,4.6000000000000005,3,71.97050285339355
2011,4.3,5,72.00217247009277
2012,-3.3,7,72.03767776489258
2013,4.3,5,72.07388925552368
2014,4.0,7,72.10820865631104
2015,-3.15,4,72.13648271560669
2016,-3.0,1,72.15812659263611
2017,4.6000000000000005,3,72.18712592124939
2018,-3.15,4,72.21812868118286
2019,4.15,6,72.25108075141907
2020,3.85,8,72.28332376480103
2021,-3.15,4,72.30813121795654
2022,-3.2,5,72.33767223358154
2023,-3.4,9,72.3761739730835
2024,4.15,6,72.54722118377686
2025,-3.2,5,72.57349252700806
2026,-3.15,4,72.59871053695679
2027,-3.15,4,72.6261043548584
2028,4.449999999999999,4,72.65524768829346
2029,-3.05,2,72.68297815322876
2030,3.6999999999999997,9,72.7208993434906
2031,4.3,5,72.75348663330078
2032,4.3,5,72.78168845176697
2033,4.0,7,72.81469225883484
2034,4.15,6,72.84542608261108
2035,4.15,6,72.87621927261353
2036,-3.25,6,72.91080713272095
2037,4.449999999999999,4,72.94542646408081
2038,4.0,7,72.97614622116089
2039,4.449999999999999,4,73.00614500045776
2040,3.85,8,73.03840637207031
2041,-3.15,4,73.06534314155579
2042,-3.25,6,73.09593176841736
2043,4.449999999999999,4,73.12184929847717
2044,-3.3,7,73.15461206436157
2045,3.85,8,73.18862414360046
2046,4.15,6,73.22483777999878
2047,4.6000000000000005,3,73.25795197486877
2048,4.15,6,73.28720736503601
2049,4.15,6,73.31991028785706
2050,-3.15,4,73.35165429115295
2051,4.449999999999999,4,73.3785469532013
2052,-3.25,6,73.41597700119019
2053,4.449999999999999,4,73.4441785812378
2054,4.3,5,73.48087120056152
2055,4.3,5,73.5151937007904
2056,4.3,5,73.558833360672
2057,4.0,7,73.60960268974304
2058,4.0,7,73.65156602859497
2059,-3.25,6,73.68571734428406
2060,4.449999999999999,4,73.71585392951965
2061,-3.15,4,73.7478129863739
2062,-3.1,3,73.77499794960022
2063,-3.2,5,73.80806350708008
2064,4.3,5,73.83918285369873
2065,-3.35,8,73.88329100608826
2066,4.0,7,73.91938781738281
2067,3.6999999999999997,9,73.95455622673035
2068,4.0,7,73.98571848869324
2069,-3.15,4,74.0149621963501
2070,4.3,5,74.03974866867065
2071,4.3,5,74.07163786888123
2072,4.3,5,74.26394701004028
2073,-3.25,6,74.29355001449585
2074,4.3,5,74.324294090271
2075,4.15,6,74.35798192024231
2076,-3.25,6,74.39412593841553
2077,-3.2,5,74.4248673915863
2078,3.6999999999999997,9,74.45913553237915
2079,4.449999999999999,4,74.48595094680786
2080,-3.55,12,74.52402400970459
2081,4.0,7,74.56307005882263
2082,-3.1,3,74.58988761901855
2083,4.449999999999999,4,74.61956262588501
2084,4.0,7,74.65789461135864
2085,-3.5,11,74.69859623908997
2086,4.3,5,74.7289457321167
2087,4.6000000000000005,3,74.76539039611816
2088,4.6000000000000005,3,74.79876518249512
2089,-3.45,10,74.84021472930908
2090,-3.35,8,74.87879395484924
2091,-3.2,5,74.91187834739685
2092,4.0,7,74.94359755516052
2093,-3.3,7,74.97952246665955
2094,-3.4,9,75.02043271064758
2095,4.3,5,75.05510091781616
2096,-3.15,4,75.0862467288971
2097,-3.1,3,75.11909174919128
2098,-3.25,6,75.1539089679718
2099,-3.25,6,75.18815445899963
2100,4.0,7,75.21885585784912
2101,-3.15,4,75.25556349754333
2102,-3.15,4,75.28634572029114
2103,-3.2,5,75.31546592712402
2104,-3.15,4,75.34253716468811
2105,-3.25,6,75.38225507736206
2106,-3.25,6,75.40995144844055
2107,-3.2,5,75.43810892105103
2108,4.3,5,75.46446537971497
2109,-3.15,4,75.48927068710327
2110,4.449999999999999,4,75.52217960357666
2111,-3.25,6,75.55967140197754
2112,3.85,8,75.59676909446716
2113,4.6000000000000005,3,75.62259149551392
2114,3.55,10,75.66156268119812
2115,4.3,5,75.86255621910095
2116,-3.25,6,75.89685940742493
2117,-3.3,7,75.9341549873352
2118,-3.25,6,75.9697687625885
2119,4.15,6,76.00915431976318
2120,-3.25,6,76.04581475257874
2121,-3.35,8,76.08038258552551
2122,4.3,5,76.11381649971008
2123,-3.4,9,76.14645075798035
2124,4.0,7,76.17719721794128
2125,-3.35,8,76.2144193649292
2126,4.449999999999999,4,76.24488997459412
2127,4.6000000000000005,3,76.27384185791016
2128,4.449999999999999,4,76.30536556243896
2129,-3.25,6,76.33837032318115
2130,4.6000000000000005,3,76.37162756919861
2131,-3.6,13,76.41956830024719
2132,-3.05,2,76.44776177406311
2133,4.0,7,76.48181986808777
2134,3.55,10,76.52141308784485
2135,-3.15,4,76.5502495765686
2136,-3.15,4,76.57554602622986
2137,3.85,8,76.61113858222961
2138,4.3,5,76.64197111129761
2139,4.449999999999999,4,76.67095875740051
2140,3.6999999999999997,9,76.71087551116943
2141,-3.25,6,76.74698662757874
2142,-3.15,4,76.77719163894653
2143,-3.3,7,76.81646919250488
2144,4.0,7,76.86332726478577
2145,-3.2,5,76.8962779045105
2146,-3.25,6,76.94008111953735
2147,4.0,7,76.98077034950256
2148,-3.15,4,77.01649379730225
2149,4.15,6,77.05293893814087
2150,-3.5,11,77.0921802520752
2151,4.3,5,77.12391185760498
2152,3.85,8,77.16093158721924
2153,-3.05,2,77.18660926818848
2154,4.15,6,77.21817016601562
2155,-3.15,4,77.243243932724
2156,4.15,6,77.27132058143616
2157,-3.1,3,77.29655861854553
2158,4.0,7,77.47258687019348
2159,4.6000000000000005,3,77.49726128578186
2160,4.15,6,77.53044152259827
2161,-3.25,6,77.56055998802185
2162,4.15,6,77.59265375137329
2163,-3.3,7,77.63063621520996
2164,4.449999999999999,4,77.66703724861145
2165,4.15,6,77.70038390159607
2166,-3.15,4,77.7370376586914
2167,-3.45,10,77.77245759963989
2168,-3.0,1,77.80175709724426
2169,4.0,7,77.83419680595398
2170,4.15,6,77.86683058738708
2171,-3.0,1,77.8906843662262
2172,-3.25,6,77.92809128761292
2173,-3.15,4,77.95752596855164
2174,3.85,8,77.99876570701599
2175,4.3,5,78.03366088867188
2176,-3.0,1,78.06269121170044
2177,-3.2,5,78.09733247756958
2178,4.0,7,78.13346433639526
2179,4.449999999999999,4,78.16933989524841
2180,-3.15,4,78.20031499862671
2181,-3.15,4,78.23254585266113
2182,-3.2,5,78.26435947418213
2183,-3.25,6,78.3005702495575
2184,-3.45,10,78.3548641204834
2185,4.75,2,78.38488364219666
2186,-3.35,8,78.42928957939148
2187,-3.3,7,78.46107196807861
2188,3.85,8,78.49567317962646
2189,4.449999999999999,4,78.52918410301208
2190,-3.25,6,78.56387257575989
2191,-3.1,3,78.58921217918396
2192,-3.4,9,78.62868213653564
2193,-3.3,7,78.66313290596008
2194,3.6999999999999997,9,78.69711542129517
2195,3.85,8,78.73001909255981
2196,-3.2,5,78.76251101493835
2197,-3.45,10,78.79847240447998
2198,4.3,5,78.8269567489624
2199,3.85,8,78.86214399337769
2200,-3.3,7,78.89396381378174
2201,-3.35,8,78.93663597106934
2202,4.15,6,79.12483930587769
2203,4.15,6,79.15772080421448
2204,3.6999999999999997,9,79.19288802146912
2205,-3.25,6,79.22433757781982
2206,-3.45,10,79.26259875297546
2207,4.449999999999999,4,79.28923797607422
2208,-3.15,4,79.31951928138733
2209,4.3,5,79.34776639938354
2210,4.3,5,79.37440419197083
2211,4.3,5,79.40511274337769
2212,4.0,7,79.43779015541077
2213,-3.35,8,79.47103643417358
2214,-3.15,4,79.50221061706543
2215,3.85,8,79.5374481678009
2216,4.0,7,79.57343864440918
2217,4.449999999999999,4,79.60203814506531
2218,-3.35,8,79.64023923873901
2219,-3.2,5,79.6718647480011
2220,4.3,5,79.70145726203918
2221,4.0,7,79.73921012878418
2222,3.6999999999999997,9,79.78080463409424
2223,4.15,6,79.81474137306213
2224,3.4,11,79.85619807243347
2225,3.85,8,79.89212417602539
2226,-3.0,1,79.91725015640259
2227,-3.15,4,79.9504656791687
2228,4.3,5,79.98167729377747
2229,4.15,6,80.01224899291992
2230,4.449999999999999,4,80.04406523704529
2231,4.0,7,80.0815978050232
2232,3.6999999999999997,9,80.1206214427948
2233,3.6999999999999997,9,80.1594226360321
2234,-3.5,11,80.20312595367432
2235,-3.2,5,80.24371242523193
2236,4.3,5,80.27249097824097
2237,-3.2,5,80.30256915092468
2238,-3.3,7,80.34571409225464
2239,3.85,8,80.38345527648926
2240,4.0,7,80.42064905166626
2241,-3.2,5,80.45281457901001
2242,-3.25,6,80.63118076324463
2243,4.449999999999999,4,80.66528606414795
2244,4.15,6,80.70647096633911
2245,4.0,7,80.74423265457153
2246,4.0,7,80.7847592830658
2247,-3.45,10,80.82218289375305
2248,-3.35,8,80.85695886611938
2249,4.0,7,80.89272141456604
2250,3.4,11,80.93910670280457
2251,4.449999999999999,4,80.97035264968872
2252,-3.15,4,81.00002408027649
2253,-3.15,4,81.02786827087402
2254,-3.1,3,81.06204915046692
2255,-3.5,11,81.10290336608887
2256,-3.2,5,81.13146591186523
2257,-3.2,5,81.16677832603455
2258,4.15,6,81.20578098297119
2259,-3.2,5,81.23663806915283
2260,3.85,8,81.27512645721436
2261,-3.3,7,81.30974841117859
2262,4.3,5,81.33885312080383
2263,-3.45,10,81.37773132324219
2264,-3.2,5,81.41246151924133
2265,3.85,8,81.45367336273193
2266,-3.25,6,81.48480987548828
2267,4.449999999999999,4,81.5139696598053
2268,-3.2,5,81.54676508903503
2269,-3.45,10,81.58432841300964
2270,-3.35,8,81.61769485473633
2271,-3.35,8,81.65250205993652
2272,4.449999999999999,4,81.68442010879517
2273,-3.3,7,81.72210097312927
2274,4.3,5,81.75636863708496
2275,-3.2,5,81.7852418422699
2276,-3.1,3,81.81294250488281
2277,3.85,8,81.84669971466064
2278,-3.1,3,81.87291955947876
2279,-3.25,6,81.90154314041138
2280,4.449999999999999,4,81.93095993995667
2281,-3.25,6,81.96619057655334
2282,-3.3,7,81.99916338920593
2283,4.15,6,82.17788672447205
2284,4.3,5,82.20527720451355
2285,4.3,5,82.23739337921143
2286,4.3,5,82.26508474349976
2287,4.0,7,82.30536985397339
2288,-3.6,13,82.34961652755737
2289,-3.25,6,82.3798508644104
2290,-3.15,4,82.40802550315857
2291,-3.2,5,82.43663740158081
2292,-3.05,2,82.4652316570282
2293,4.15,6,82.49829006195068
2294,4.449999999999999,4,82.5300624370575
2295,-3.35,8,82.56161451339722
2296,4.6000000000000005,3,82.58726406097412
2297,-3.15,4,82.6164915561676
2298,3.55,10,82.65508580207825
2299,4.449999999999999,4,82.68311023712158
2300,4.0,7,82.71431922912598
2301,3.85,8,82.75578236579895
2302,-3.4,9,82.79811954498291
2303,3.55,10,82.83690929412842
2304,-3.35,8,82.87185215950012
2305,-3.45,10,82.91495776176453
2306,4.15,6,82.9508945941925
2307,4.0,7,82.986163854599
2308,-3.5,11,83.02835273742676
2309,4.6000000000000005,3,83.06134462356567
2310,-3.15,4,83.09162783622742
2311,-3.05,2,83.12294673919678
2312,4.0,7,83.15849208831787
2313,3.6999999999999997,9,83.19839763641357
2314,-3.35,8,83.23758864402771
2315,-3.2,5,83.27728056907654
2316,-3.45,10,83.3182418346405
2317,-3.2,5,83.3490526676178
2318,-3.05,2,83.37719583511353
2319,4.3,5,83.40808701515198
2320,4.449999999999999,4,83.44574117660522
2321,3.55,10,83.4798481464386
2322,-3.2,5,83.50982475280762
2323,3.6999999999999997,9,83.54598999023438
2324,-3.3,7,83.73787140846252
2325,4.3,5,83.76882767677307
2326,4.0,7,83.80182886123657
2327,-3.1,3,83.83547973632812
2328,4.0,7,83.87127447128296
2329,-3.45,10,83.9086401462555
2330,-3.4,9,83.94536566734314
2331,-3.05,2,83.9700014591217
2332,4.15,6,84.00473880767822
2333,4.449999999999999,4,84.03457045555115
2334,-3.05,2,84.05911803245544
2335,-3.4,9,84.09268450737
2336,-3.35,8,84.13128900527954
2337,-3.45,10,84.16820096969604
2338,4.449999999999999,4,84.2007999420166
2339,-3.2,5,84.23313784599304
2340,4.15,6,84.26789879798889
2341,4.3,5,84.30814695358276
2342,-3.5,11,84.35168814659119
2343,-3.35,8,84.38537693023682
2344,4.449999999999999,4,84.41153073310852
2345,-3.25,6,84.44545650482178
2346,-3.05,2,84.4682412147522
2347,-3.3,7,84.4991888999939
2348,-3.35,8,84.53400778770447
2349,-3.3,7,84.56592106819153
2350,-3.25,6,84.5968325138092
2351,-3.3,7,84.63345503807068
2352,3.4,11,84.67774486541748
2353,-3.35,8,84.71171283721924
2354,4.0,7,84.74573993682861
2355,-3.35,8,84.77695894241333
2356,-3.3,7,84.80790114402771
2357,-3.4,9,84.84628343582153
2358,4.3,5,84.88151001930237
2359,-3.2,5,84.91508603096008
2360,-3.35,8,84.95043349266052
2361,4.449999999999999,4,84.97823095321655
2362,4.15,6,85.00708532333374
2363,4.0,7,85.1882746219635
2364,-3.05,2,85.21351933479309
2365,4.449999999999999,4,85.23981547355652
2366,4.449999999999999,4,85.27011823654175
2367,3.6999999999999997,9,85.30843830108643
2368,4.15,6,85.34590172767639
2369,4.6000000000000005,3,85.37392067909241
2370,-3.2,5,85.41167402267456
2371,-3.15,4,85.44063973426819
2372,-3.25,6,85.47166132926941
2373,-3.45,10,85.5081729888916
2374,4.6000000000000005,3,85.53406000137329
2375,3.85,8,85.56636357307434
2376,4.15,6,85.59633994102478
2377,-3.3,7,85.63157653808594
2378,4.0,7,85.66589069366455
2379,4.15,6,85.70038747787476
2380,-3.25,6,85.73480796813965
2381,3.6999999999999997,9,85.77923560142517
2382,-3.4,9,85.81661796569824
2383,4.449999999999999,4,85.84750199317932
2384,4.3,5,85.87731456756592
2385,-3.25,6,85.90909099578857
2386,-3.3,7,85.94221496582031
2387,-3.05,2,85.96931648254395
2388,-3.45,10,86.00734210014343
2389,-3.05,2,86.0330023765564
2390,4.449999999999999,4,86.06523537635803
2391,-3.25,6,86.10416412353516
2392,4.0,7,86.1374020576477
2393,-3.55,12,86.17759013175964
2394,3.85,8,86.21751308441162
2395,-3.2,5,86.25448274612427
2396,4.0,7,86.28614616394043
2397,4.3,5,86.32773637771606
2398,4.0,7,86.36591362953186
2399,4.3,5,86.39643430709839
2400,4.0,7,86.42802309989929
2401,3.6999999999999997,9,86.4639105796814
2402,-3.05,2,86.48836421966553
2403,-3.35,8,86.52020955085754
2404,4.449999999999999,4,86.54830622673035
2405,3.55,10,86.73640441894531
2406,-3.3,7,86.7698814868927
2407,4.0,7,86.80068016052246
2408,-3.45,10,86.83852982521057
2409,-3.15,4,86.86799430847168
2410,-3.4,9,86.9138777256012
2411,4.15,6,86.94966125488281
2412,4.449999999999999,4,86.98081660270691
2413,-3.15,4,87.00597047805786
2414,-3.25,6,87.03652930259705
2415,-3.2,5,87.07054686546326
2416,-3.15,4,87.10076904296875
2417,3.85,8,87.13326692581177
2418,-3.4,9,87.16634464263916
2419,4.15,6,87.19869899749756
2420,4.15,6,87.22824549674988
2421,3.6999999999999997,9,87.26248240470886
2422,-3.2,5,87.29270911216736
2423,-3.25,6,87.32551550865173
2424,3.55,10,87.3649046421051
2425,-3.0,1,87.38838148117065
2426,3.85,8,87.42736649513245
2427,3.85,8,87.46259927749634
2428,-3.25,6,87.49288582801819
2429,4.3,5,87.52147364616394
2430,-3.25,6,87.54915022850037
2431,-3.2,5,87.58158826828003
2432,-3.3,7,87.62090563774109
2433,-3.2,5,87.65234041213989
2434,-3.45,10,87.69027829170227
2435,-3.3,7,87.726389169693
2436,-3.2,5,87.76045155525208
2437,-3.4,9,87.80295848846436
2438,-3.25,6,87.83650398254395
2439,4.3,5,87.87137389183044
2440,3.6999999999999997,9,87.9096941947937
2441,-3.3,7,87.9453661441803
2442,-3.25,6,87.9722318649292
2443,-3.3,7,88.00481677055359
2444,-3.2,5,88.03320407867432
2445,3.85,8,88.21128177642822
2446,-3.25,6,88.24185705184937
2447,4.3,5,88.27043867111206
2448,4.3,5,88.30178642272949
2449,-3.3,7,88.3379693031311
2450,3.85,8,88.37270259857178
2451,4.0,7,88.40668892860413
2452,-3.25,6,88.43985199928284
2453,3.85,8,88.48247694969177
2454,4.15,6,88.51340627670288
2455,4.15,6,88.54457950592041
2456,3.6999999999999997,9,88.57756447792053
2457,-3.4,9,88.61522555351257
2458,4.449999999999999,4,88.64491295814514
2459,-3.2,5,88.67415404319763
2460,4.449999999999999,4,88.70384526252747
2461,4.6000000000000005,3,88.72824358940125
2462,-3.25,6,88.76181840896606
2463,4.3,5,88.78892970085144
2464,-3.25,6,88.82045578956604
2465,4.15,6,88.85387229919434
2466,4.449999999999999,4,88.8848967552185
2467,4.15,6,88.91855978965759
2468,3.85,8,88.95259165763855
2469,-3.25,6,88.98377227783203
2470,-3.1,3,89.0082094669342
2471,4.6000000000000005,3,89.03551959991455
2472,-3.1,3,89.06372022628784
2473,-3.05,2,89.09131073951721
2474,-3.3,7,89.13435745239258
2475,4.15,6,89.17253708839417
2476,3.55,10,89.21532392501831
2477,4.449999999999999,4,89.25075936317444
2478,-3.25,6,89.28336524963379
2479,4.0,7,89.3192720413208
2480,4.3,5,89.35396885871887
2481,-3.35,8,89.38510632514954
2482,-3.2,5,89.41396903991699
2483,-3.1,3,89.43884086608887
2484,4.6000000000000005,3,89.46891117095947
2485,-3.5,11,89.50992250442505
2486,4.0,7,89.54174256324768
2487,4.449999999999999,4,89.56480765342712
2488,4.3,5,89.59331440925598
2489,4.3,5,89.77540230751038
2490,-3.2,5,89.80303406715393
2491,3.85,8,89.83796811103821
2492,3.85,8,89.87484002113342
2493,4.15,6,89.90425491333008
2494,4.15,6,89.93618130683899
2495,-3.35,8,89.970041513443
2496,4.0,7,90.00415635108948
2497,4.3,5,90.03795099258423
2498,4.15,6,90.07382321357727
2499,4.0,7,90.1129937171936
2500,-3.1,3,90.13792872428894
2501,-3.35,8,90.17888689041138
2502,-3.35,8,90.21840023994446
2503,-3.15,4,90.24814510345459
2504,-3.15,4,90.27487421035767
2505,-3.1,3,90.3099844455719
2506,-3.3,7,90.34183526039124
2507,3.85,8,90.37652397155762
2508,-3.15,4,90.4137544631958
2509,3.6999999999999997,9,90.45195603370667
2510,-3.15,4,90.48019170761108
2511,-3.4,9,90.5148754119873
2512,4.0,7,90.55320906639099
2513,-3.15,4,90.5837824344635
2514,4.75,2,90.61487340927124
2515,3.4,11,90.66303563117981
2516,-3.25,6,90.69259238243103
2517,4.0,7,90.72974824905396
2518,3.85,8,90.76555371284485
2519,4.3,5,90.80210828781128
2520,4.15,6,90.83956003189087
2521,3.85,8,90.88309788703918
2522,-3.05,2,90.91333270072937
2523,-3.35,8,90.95157313346863
2524,-3.3,7,91.01698112487793
2525,-3.25,6,91.05825090408325
2526,4.3,5,91.09684014320374
2527,4.6000000000000005,3,91.12672114372253
2528,4.3,5,91.16706681251526
2529,-3.3,7,91.20297765731812
2530,-3.3,7,91.24344778060913
2531,4.6000000000000005,3,91.45160269737244
2532,-3.15,4,91.48477435112
2533,4.3,5,91.52200675010681
2534,4.6000000000000005,3,91.5539038181305
2535,-3.4,9,91.59712553024292
2536,3.6999999999999997,9,91.63885068893433
2537,-3.25,6,91.67825555801392
2538,-3.15,4,91.71097564697266
2539,-3.45,10,91.75316095352173
2540,4.3,5,91.79157185554504
2541,4.15,6,91.82567191123962
2542,-3.3,7,91.86566805839539
2543,4.75,2,91.89206099510193
2544,4.0,7,91.93004393577576
2545,4.449999999999999,4,91.96393013000488
2546,-3.0,1,91.99273109436035
2547,4.0,7,92.03503942489624
2548,4.449999999999999,4,92.06999397277832
2549,-3.05,2,92.09856271743774
2550,-3.55,12,92.14821934700012
2551,4.3,5,92.18606162071228
2552,4.75,2,92.21806693077087
2553,4.0,7,92.26665616035461
2554,4.15,6,92.30878233909607
2555,4.449999999999999,4,92.33507990837097
2556,-3.15,4,92.37168788909912
2557,-3.4,9,92.41207027435303
2558,-3.25,6,92.45098686218262
2559,4.0,7,92.49389457702637
2560,4.15,6,92.53390645980835
2561,4.15,6,92.5753059387207
2562,-3.3,7,92.61793875694275
2563,3.4,11,92.66322040557861
2564,-3.2,5,92.69256711006165
2565,4.0,7,92.72838234901428
2566,-3.15,4,92.75395226478577
2567,4.6000000000000005,3,92.78683972358704
2568,-3.3,7,92.82708501815796
2569,4.0,7,92.8622498512268
2570,3.85,8,92.89720058441162
2571,4.15,6,92.92945122718811
2572,3.6999999999999997,9,92.96778559684753
2573,3.85,8,93.0042815208435
2574,-3.3,7,93.20555901527405
2575,-3.45,10,93.24979138374329
2576,-3.0,1,93.27236127853394
2577,4.6000000000000005,3,93.30006217956543
2578,4.3,5,93.33944392204285
2579,-3.45,10,93.37798810005188
2580,4.0,7,93.41042399406433
2581,-3.3,7,93.44233345985413
2582,-3.5,11,93.48393869400024
2583,4.15,6,93.52137422561646
2584,4.3,5,93.5528621673584
2585,4.75,2,93.58660936355591
2586,-3.1,3,93.62131357192993
2587,3.85,8,93.67183876037598
2588,4.449999999999999,4,93.70783305168152
2589,4.15,6,93.75363254547119
2590,3.6999999999999997,9,93.80011367797852
2591,4.3,5,93.83786249160767
2592,3.85,8,93.87477684020996
2593,4.3,5,93.9100170135498
2594,4.75,2,93.93457198143005
2595,-3.35,8,93.97065353393555
2596,4.15,6,94.00196814537048
2597,4.15,6,94.03765368461609
2598,-3.2,5,94.076092004776
2599,-3.05,2,94.1018283367157
2600,-3.2,5,94.129634141922
2601,-3.2,5,94.16266179084778
2602,4.15,6,94.19671130180359
2603,3.85,8,94.23270606994629
2604,4.3,5,94.26480269432068
2605,3.6999999999999997,9,94.30395007133484
2606,4.3,5,94.33551168441772
2607,4.3,5,94.3640205860138
2608,4.15,6,94.40409302711487
2609,4.6000000000000005,3,94.43508768081665
2610,4.6000000000000005,3,94.46664500236511
2611,-3.2,5,94.50062704086304
2612,-3.05,2,94.5300304889679
2613,-3.5,11,94.5751268863678
2614,-3.15,4,94.60224676132202
2615,-3.2,5,94.63156175613403
2616,3.4,11,94.67039108276367
2617,3.4,11,94.8518271446228
2618,3.85,8,94.88970232009888
2619,-3.15,4,94.92044186592102
2620,-3.05,2,94.94794988632202
2621,4.75,2,94.96946382522583
2622,3.85,8,95.00149488449097
2623,-3.05,2,95.0264458656311
2624,-3.25,6,95.0582754611969
2625,-3.4,9,95.09585094451904
2626,-3.5,11,95.13203501701355
2627,3.55,10,95.16757798194885
2628,4.3,5,95.19817686080933
2629,3.85,8,95.23298931121826
2630,3.85,8,95.27014327049255
2631,4.0,7,95.30677890777588
2632,3.85,8,95.35286498069763
2633,-3.25,6,95.38799118995667
2634,4.3,5,95.42301511764526
2635,4.3,5,95.4542784690857
2636,4.3,5,95.48131608963013
2637,4.15,6,95.51635026931763
2638,4.449999999999999,4,95.54605197906494
2639,4.15,6,95.58025455474854
2640,4.3,5,95.61292958259583
2641,3.4,11,95.65989851951599
2642,-3.2,5,95.6917793750763
2643,3.85,8,95.7325484752655
2644,3.4,11,95.76968598365784
2645,-3.3,7,95.79848265647888
2646,4.3,5,95.82881999015808
2647,-3.35,8,95.85954809188843
2648,4.15,6,95.89061284065247
2649,4.3,5,95.92065930366516
2650,3.55,10,95.96357893943787
2651,4.0,7,95.99897861480713
2652,-3.55,12,96.03924512863159
2653,4.6000000000000005,3,96.0643470287323
2654,-3.25,6,96.09581065177917
2655,-3.45,10,96.1324155330658
2656,4.75,2,96.30518293380737
2657,3.6999999999999997,9,96.33779501914978
2658,4.3,5,96.36986041069031
2659,-3.2,5,96.4019546508789
2660,4.9,1,96.424968957901
2661,3.6999999999999997,9,96.4570415019989
2662,4.9,1,96.47897744178772
2663,3.85,8,96.5089921951294
2664,-3.35,8,96.5428638458252
2665,4.15,6,96.57120370864868
2666,4.15,6,96.6010377407074
2667,-3.6,13,96.64302802085876
2668,-3.45,10,96.67880868911743
2669,4.3,5,96.71072387695312
2670,-3.25,6,96.74469351768494
2671,4.15,6,96.77767062187195
2672,4.3,5,96.81622982025146
2673,4.0,7,96.85071182250977
2674,-3.55,12,96.90014410018921
2675,4.15,6,96.935617685318
2676,3.6999999999999997,9,96.97803688049316
2677,-3.5,11,97.02669310569763
2678,4.15,6,97.06178689002991
2679,-3.3,7,97.1062421798706
2680,4.15,6,97.14192032814026
2681,4.75,2,97.17351460456848
2682,4.3,5,97.20973992347717
2683,4.449999999999999,4,97.24752616882324
2684,4.3,5,97.28602957725525
2685,3.6999999999999997,9,97.32651615142822
2686,-3.5,11,97.36701583862305
2687,3.6999999999999997,9,97.40997576713562
2688,4.0,7,97.44554114341736
2689,4.449999999999999,4,97.47432231903076
2690,4.0,7,97.50734448432922
2691,4.6000000000000005,3,97.53570318222046
2692,3.6999999999999997,9,97.57498002052307
2693,3.4,11,97.61776280403137
2694,4.15,6,97.80229711532593
2695,4.15,6,97.83596968650818
2696,4.75,2,97.86370730400085
2697,4.3,5,97.89909052848816
2698,4.15,6,97.93508124351501
2699,-3.35,8,97.97147870063782
2700,-3.2,5,97.999032497406
2701,4.449999999999999,4,98.02906084060669
2702,4.6000000000000005,3,98.05973029136658
2703,-3.35,8,98.09428310394287
2704,-3.45,10,98.1324634552002
2705,4.0,7,98.16592979431152
2706,-3.25,6,98.19507932662964
2707,3.4,11,98.23085165023804
2708,-3.35,8,98.26105690002441
2709,3.85,8,98.2923047542572
2710,-3.55,12,98.33143186569214
2711,-3.6,13,98.36928105354309
2712,4.3,5,98.39838433265686
2713,-3.35,8,98.431560754776
2714,-3.2,5,98.45894718170166
2715,3.4,11,98.50065898895264
2716,-3.5,11,98.53902220726013
2717,-3.25,6,98.5696189403534
2718,3.85,8,98.6028299331665
2719,4.15,6,98.63634634017944
2720,4.15,6,98.67619633674622
2721,-3.05,2,98.7023458480835
2722,4.9,1,98.72900819778442
2723,3.85,8,98.76222538948059
2724,-3.4,9,98.8039755821228
2725,3.85,8,98.84122347831726
2726,4.15,6,98.87417101860046
2727,3.6999999999999997,9,98.91121983528137
2728,4.3,5,98.94262409210205
2729,3.85,8,98.9744644165039
2730,3.55,10,99.16773581504822
2731,3.6999999999999997,9,99.21135878562927
2732,3.6999999999999997,9,99.24936699867249
2733,3.85,8,99.28334021568298
2734,3.4,11,99.32032585144043
2735,4.0,7,99.35688781738281
2736,-3.25,6,99.39169263839722
2737,-3.25,6,99.42471075057983
2738,-3.2,5,99.45902752876282
2739,4.15,6,99.49274563789368
2740,4.3,5,99.53169393539429
2741,4.15,6,99.57176375389099
2742,4.75,2,99.60141444206238
2743,4.3,5,99.63245820999146
2744,4.3,5,99.66881680488586
2745,-3.25,6,99.70248365402222
2746,-3.55,12,99.74516701698303
2747,-3.5,11,99.7842390537262
2748,4.449999999999999,4,99.81282234191895
2749,4.0,7,99.8511610031128
2750,-3.0,1,99.8743109703064
2751,3.85,8,99.90995597839355
2752,-3.2,5,99.93959736824036
2753,-3.3,7,99.97390937805176
2754,3.85,8,100.01174712181091
2755,3.6999999999999997,9,100.05156803131104
2756,-3.5,11,100.09748005867004
2757,3.4,11,100.14316940307617
2758,3.6999999999999997,9,100.18484354019165
2759,4.15,6,100.22109246253967
2760,-3.5,11,100.26411032676697
2761,3.6999999999999997,9,100.30643844604492
2762,-3.35,8,100.34941792488098
2763,-3.2,5,100.38268613815308
2764,-3.5,11,100.42882490158081
2765,4.15,6,100.62174320220947
2766,3.6999999999999997,9,100.65835976600647
2767,-3.55,12,100.69924426078796
2768,4.449999999999999,4,100.73019456863403
2769,4.3,5,100.76354694366455
2770,-3.45,10,100.80028939247131
2771,-3.4,9,100.83492994308472
2772,3.55,10,100.87445044517517
2773,-3.25,6,100.90583872795105
2774,3.85,8,100.94156789779663
2775,4.3,5,100.97653818130493
2776,3.4,11,101.01639342308044
2777,3.85,8,101.0500602722168
2778,4.9,1,101.07930493354797
2779,4.6000000000000005,3,101.11028838157654
2780,-3.55,12,101.15160512924194
2781,-3.45,10,101.19480729103088
2782,4.15,6,101.23398470878601
2783,4.6000000000000005,3,101.26359224319458
2784,4.75,2,101.28881454467773
2785,-3.5,11,101.32455682754517
2786,4.0,7,101.3571445941925
2787,4.3,5,101.38593554496765
2788,-3.45,10,101.42220997810364
2789,4.6000000000000005,3,101.45018768310547
2790,-3.45,10,101.48629903793335
2791,-3.15,4,101.5149302482605
2792,-3.25,6,101.54561042785645
2793,-3.5,11,101.5834379196167
2794,3.85,8,101.62761878967285
2795,-3.55,12,101.67901277542114
2796,-3.45,10,101.71987009048462
2797,4.3,5,101.74972105026245
2798,4.75,2,101.77523994445801
2799,-3.4,9,101.81427073478699
2800,3.55,10,102.04307651519775
2801,-3.3,7,102.07673192024231
2802,3.85,8,102.11333775520325
2803,-3.5,11,102.15411615371704
2804,-3.35,8,102.18621349334717
2805,4.0,7,102.21679043769836
2806,-3.2,5,102.24558067321777
2807,4.3,5,102.27663969993591
2808,3.25,12,102.31655144691467
2809,-3.35,8,102.35142803192139
2810,4.0,7,102.38237357139587
2811,-3.15,4,102.41106176376343
2812,-3.25,6,102.44310545921326
2813,4.15,6,102.47173976898193
2814,4.0,7,102.50234055519104
2815,4.6000000000000005,3,102.5277967453003
2816,-3.35,8,102.56094527244568
2817,-3.45,10,102.5950140953064
2818,3.6999999999999997,9,102.62671303749084
2819,-3.05,2,102.64934849739075
2820,4.6000000000000005,3,102.67652797698975
2821,4.75,2,102.70246315002441
2822,4.15,6,102.73360919952393
2823,4.15,6,102.76472640037537
2824,-3.2,5,102.79241490364075
2825,-3.6,13,102.84740614891052
2826,-3.6,13,102.89560914039612
2827,4.75,2,102.92350816726685
2828,4.15,6,102.95389533042908
2829,3.55,10,102.99607706069946
2830,4.3,5,103.03163003921509
2831,4.0,7,103.06508111953735
2832,4.6000000000000005,3,103.09583234786987
2833,-3.1,3,103.12326502799988
2834,4.3,5,103.16182208061218
2835,4.9,1,103.18544030189514
2836,3.85,8,103.22153997421265
2837,3.4,11,103.27193307876587
2838,-3.2,5,103.30250954627991
2839,4.6000000000000005,3,103.33110928535461
2840,4.0,7,103.52352023124695
2841,4.6000000000000005,3,103.55096912384033
2842,-3.35,8,103.58429408073425
2843,4.3,5,103.62521076202393
2844,-3.3,7,103.65864157676697
2845,3.6999999999999997,9,103.69320726394653
2846,4.449999999999999,4,103.72172522544861
2847,4.3,5,103.74978423118591
2848,3.85,8,103.78337097167969
2849,3.55,10,103.82609510421753
2850,-3.45,10,103.86341786384583
2851,-3.55,12,103.90886902809143
2852,4.0,7,103.94046711921692
2853,3.6999999999999997,9,103.97962236404419
2854,4.15,6,104.00925040245056
2855,3.6999999999999997,9,104.04571318626404
2856,-3.05,2,104.07191228866577
2857,4.3,5,104.10339069366455
2858,-3.1,3,104.12895250320435
2859,4.449999999999999,4,104.15383505821228
2860,-3.7,15,104.19671177864075
2861,3.6999999999999997,9,104.23203706741333
2862,4.15,6,104.26188349723816
2863,4.449999999999999,4,104.2905604839325
2864,4.449999999999999,4,104.31919646263123
2865,-3.15,4,104.3515932559967
2866,-3.05,2,104.37951350212097
2867,4.15,6,104.41440224647522
2868,-3.25,6,104.44932007789612
2869,4.0,7,104.4837110042572
2870,3.6999999999999997,9,104.52007484436035
2871,-3.15,4,104.5482439994812
2872,4.449999999999999,4,104.57310485839844
2873,-3.6,13,104.61232376098633
2874,-3.45,10,104.64899492263794
2875,3.55,10,104.68811702728271
2876,3.85,8,104.72482395172119
2877,-3.25,6,104.75884079933167
2878,4.75,2,104.9574453830719
2879,4.3,5,104.99789571762085
2880,-3.2,5,105.03329563140869
2881,3.55,10,105.07364010810852
2882,-3.4,9,105.11275267601013
2883,-3.2,5,105.14385294914246
2884,-3.35,8,105.20255899429321
2885,-3.4,9,105.26221537590027
2886,4.75,2,105.2905969619751
2887,4.6000000000000005,3,105.33152365684509
2888,-3.2,5,105.36745262145996
2889,-3.2,5,105.40019583702087
2890,3.85,8,105.43385577201843
2891,4.449999999999999,4,105.46332669258118
2892,4.449999999999999,4,105.4897210597992
2893,4.6000000000000005,3,105.51750636100769
2894,4.449999999999999,4,105.54579091072083
2895,-3.2,5,105.57663154602051
2896,4.0,7,105.60799741744995
2897,4.449999999999999,4,105.63494682312012
2898,4.3,5,105.66565322875977
2899,4.3,5,105.69497537612915
2900,3.85,8,105.73049926757812
2901,4.3,5,105.7606942653656
2902,4.6000000000000005,3,105.78374791145325
2903,4.0,7,105.82028150558472
2904,4.0,7,105.85746216773987
2905,-3.35,8,105.89126682281494
2906,-3.25,6,105.9238543510437
2907,4.6000000000000005,3,105.95112562179565
2908,-3.35,8,105.99044251441956
2909,-3.2,5,106.0222852230072
2910,3.55,10,106.06763911247253
2911,3.55,10,106.11511039733887
2912,4.0,7,106.14859795570374
2913,-3.0,1,106.17458581924438
2914,3.85,8,106.20873165130615
2915,-3.15,4,106.23748278617859
2916,4.6000000000000005,3,106.26627659797668
2917,4.3,5,106.29489040374756
2918,4.3,5,106.32502269744873
2919,-3.6,13,106.36812043190002
2920,4.75,2,106.39344501495361
2921,4.6000000000000005,3,106.41695523262024
2922,-3.4,9,106.6072108745575
2923,4.449999999999999,4,106.64405107498169
2924,3.6999999999999997,9,106.69639706611633
2925,4.3,5,106.74103856086731
2926,4.3,5,106.77808785438538
2927,-3.15,4,106.80834317207336
2928,-3.3,7,106.84506392478943
2929,3.55,10,106.88156533241272
2930,4.6000000000000005,3,106.91133379936218
2931,3.55,10,106.95182585716248
2932,4.449999999999999,4,106.98528957366943
2933,4.0,7,107.02762174606323
2934,4.15,6,107.0690598487854
2935,-3.35,8,107.11389136314392
2936,4.449999999999999,4,107.14701628684998
2937,-3.45,10,107.19566631317139
2938,-3.35,8,107.23237943649292
2939,-3.35,8,107.27341723442078
2940,4.3,5,107.30398106575012
2941,3.85,8,107.3351891040802
2942,3.55,10,107.37670087814331
2943,3.25,12,107.41491675376892
2944,4.3,5,107.44859051704407
2945,-3.6,13,107.49226379394531
2946,4.6000000000000005,3,107.5196042060852
2947,-3.35,8,107.55443906784058
2948,3.85,8,107.58793354034424
2949,3.6999999999999997,9,107.61932945251465
2950,4.449999999999999,4,107.64444375038147
2951,-3.25,6,107.67539477348328
2952,4.449999999999999,4,107.70365786552429
2953,-3.35,8,107.7396399974823
2954,4.15,6,107.7667646408081
2955,4.0,7,107.7988851070404
2956,4.75,2,107.82999300956726
2957,-3.25,6,107.86693954467773
2958,3.6999999999999997,9,107.90879988670349
2959,-3.3,7,107.94196248054504
2960,3.85,8,108.14030623435974
2961,4.449999999999999,4,108.17567205429077
2962,4.0,7,108.20855283737183
2963,4.15,6,108.23834156990051
2964,4.3,5,108.27258014678955
2965,-3.35,8,108.30590486526489
2966,-3.3,7,108.33919835090637
2967,4.0,7,108.3704948425293
2968,-3.5,11,108.40871810913086
2969,4.15,6,108.43507385253906
2970,4.75,2,108.45825052261353
2971,3.55,10,108.49434924125671
2972,4.0,7,108.5254852771759
2973,4.3,5,108.55166816711426
2974,4.15,6,108.58009362220764
2975,4.6000000000000005,3,108.60331344604492
2976,4.449999999999999,4,108.63274812698364
2977,4.449999999999999,4,108.66166162490845
2978,4.3,5,108.69088363647461
2979,-3.3,7,108.72362327575684
2980,4.0,7,108.75629305839539
2981,-3.5,11,108.79830527305603
2982,-3.25,6,108.83158898353577
2983,4.3,5,108.8623034954071
2984,3.6999999999999997,9,108.89733576774597
2985,4.3,5,108.92428278923035
2986,3.85,8,108.95776391029358
2987,4.75,2,108.98851776123047
2988,-3.3,7,109.0277304649353
2989,3.85,8,109.06535339355469
2990,3.55,10,109.10900664329529
2991,4.3,5,109.14337611198425
2992,4.15,6,109.17763614654541
2993,4.15,6,109.21127152442932
2994,4.6000000000000005,3,109.23389387130737
2995,3.6999999999999997,9,109.2706458568573
2996,3.25,12,109.31303906440735
2997,-3.45,10,109.35016798973083
2998,3.6999999999999997,9,109.55222415924072
2999,4.6000000000000005,3,109.58154249191284
3000,4.449999999999999,4,109.60809278488159
3001,4.75,2,109.633962392807
3002,3.25,12,109.6749165058136
3003,4.6000000000000005,3,109.70372653007507
3004,4.0,7,109.74008774757385
3005,-3.1,3,109.7684497833252
3006,3.1,13,109.81661701202393
3007,3.85,8,109.85367035865784
3008,4.15,6,109.88792634010315
3009,-3.45,10,109.9266471862793
3010,3.85,8,109.95835328102112
3011,4.3,5,109.98632383346558
3012,-3.4,9,110.01949882507324
3013,4.3,5,110.04930281639099
3014,4.3,5,110.07812404632568
3015,-3.3,7,110.10871577262878
3016,3.85,8,110.1445095539093
3017,3.85,8,110.17894744873047
3018,3.55,10,110.22181391716003
3019,-3.4,9,110.26001381874084
3020,4.3,5,110.29373264312744
3021,4.0,7,110.32886719703674
3022,4.449999999999999,4,110.35479807853699
3023,4.3,5,110.38459897041321
3024,4.449999999999999,4,110.41446566581726
3025,4.9,1,110.43602991104126
3026,-3.0,1,110.46480298042297
3027,3.55,10,110.51095080375671
3028,4.15,6,110.54590082168579
3029,4.0,7,110.58351755142212
3030,4.0,7,110.61578249931335
3031,4.9,1,110.63943028450012
3032,4.15,6,110.66808080673218
3033,4.3,5,110.69871354103088
3034,4.3,5,110.72832012176514
3035,4.15,6,110.75680804252625
3036,4.3,5,110.78401041030884
3037,3.85,8,110.81909275054932
3038,4.6000000000000005,3,110.85679769515991
3039,4.449999999999999,4,110.8947377204895
3040,4.15,6,110.9264645576477
3041,-3.45,10,111.1234450340271
3042,-1.75,15,111.17190551757812
3043,4.449999999999999,4,111.19934892654419
3044,4.15,6,111.23969745635986
3045,4.75,2,111.26786804199219
3046,-3.15,4,111.29787969589233
3047,4.0,7,111.33273601531982
3048,4.0,7,111.3643798828125
3049,-1.75,15,111.41548013687134
3050,3.55,10,111.45531964302063
3051,-3.25,6,111.49208164215088
3052,4.6000000000000005,3,111.52108430862427
3053,3.85,8,111.55361342430115
3054,-3.55,12,111.59610176086426
3055,4.6000000000000005,3,111.62201952934265
3056,4.449999999999999,4,111.65252208709717
3057,4.449999999999999,4,111.68319940567017
3058,4.15,6,111.71465015411377
3059,4.449999999999999,4,111.74275946617126
3060,3.55,10,111.77784037590027
3061,4.449999999999999,4,111.8063383102417
3062,3.85,8,111.83790230751038
3063,4.3,5,111.86526584625244
3064,4.3,5,111.89341688156128
3065,3.4,11,111.93115091323853
3066,4.6000000000000005,3,111.95676803588867
3067,4.15,6,111.9871973991394
3068,-1.75,15,112.03118634223938
3069,-3.35,8,112.07031345367432
3070,4.0,7,112.10963344573975
3071,4.6000000000000005,3,112.13204789161682
3072,3.85,8,112.1666488647461
3073,4.15,6,112.19973254203796
3074,3.85,8,112.23445868492126
3075,3.85,8,112.26910161972046
3076,3.6999999999999997,9,112.31202387809753
3077,4.15,6,112.35108089447021
3078,4.3,5,112.53093719482422
3079,4.3,5,112.55945229530334
3080,3.6999999999999997,9,112.60067558288574
3081,3.55,10,112.64585375785828
3082,4.0,7,112.68306469917297
3083,-3.6,13,112.73014521598816
3084,4.449999999999999,4,112.7666404247284
3085,3.55,10,112.80850863456726
3086,-3.65,14,112.85279369354248
3087,4.6000000000000005,3,112.88365459442139
3088,3.85,8,112.92439293861389
3089,4.75,2,112.94754385948181
3090,-1.75,15,112.99891686439514
3091,-3.4,9,113.04844045639038
3092,4.75,2,113.0758740901947
3093,-3.0,1,113.09839606285095
3094,4.6000000000000005,3,113.12423539161682
3095,-3.55,12,113.16199374198914
3096,4.6000000000000005,3,113.18760204315186
3097,3.6999999999999997,9,113.22412896156311
3098,4.449999999999999,4,113.26161623001099
3099,3.4,11,113.30542373657227
3100,-1.75,15,113.35046195983887
3101,3.85,8,113.38502907752991
3102,3.4,11,113.42563319206238
3103,4.449999999999999,4,113.45663928985596
3104,-1.75,15,113.49584579467773
3105,4.6000000000000005,3,113.52025866508484
3106,4.6000000000000005,3,113.54692673683167
3107,4.3,5,113.57611060142517
3108,3.55,10,113.61321496963501
3109,3.6999999999999997,9,113.6566846370697
3110,4.3,5,113.6870653629303
3111,4.9,1,113.71266436576843
3112,-3.4,9,113.91868710517883
3113,3.55,10,113.95645189285278
3114,4.449999999999999,4,113.99209928512573
3115,4.3,5,114.02412605285645
3116,4.0,7,114.05821490287781
3117,4.75,2,114.08108186721802
3118,3.6999999999999997,9,114.12452054023743
3119,4.15,6,114.15659308433533
3120,4.75,2,114.18378829956055
3121,4.6000000000000005,3,114.21799325942993
3122,4.3,5,114.24831819534302
3123,3.85,8,114.28282022476196
3124,4.3,5,114.31553149223328
3125,4.0,7,114.35160326957703
3126,4.15,6,114.38963341712952
3127,4.6000000000000005,3,114.42110896110535
3128,4.75,2,114.45044732093811
3129,-3.25,6,114.48025417327881
3130,4.75,2,114.51160192489624
3131,4.449999999999999,4,114.53680276870728
3132,-3.4,9,114.57221984863281
3133,4.75,2,114.59777331352234
3134,-3.65,14,114.64314651489258
3135,3.85,8,114.6783516407013
3136,3.85,8,114.71570634841919
3137,4.6000000000000005,3,114.74699687957764
3138,4.15,6,114.78055238723755
3139,4.6000000000000005,3,114.8051528930664
3140,4.3,5,114.83362746238708
3141,4.449999999999999,4,114.85978627204895
3142,3.85,8,114.89122700691223
3143,4.9,1,114.91203236579895
3144,4.0,7,114.94040775299072
3145,-3.3,7,114.97196984291077
3146,3.85,8,115.00548982620239
3147,4.449999999999999,4,115.03266096115112
3148,4.0,7,115.07214069366455
3149,4.0,7,115.1043770313263
3150,4.75,2,115.1278247833252
3151,-3.3,7,115.16184782981873
3152,3.25,12,115.19981670379639
3153,4.449999999999999,4,115.22856783866882
3154,4.15,6,115.26265549659729
3155,4.0,7,115.29579138755798
3156,4.3,5,115.32768821716309
3157,-3.6,13,115.52060556411743
3158,4.75,2,115.54473447799683
3159,4.75,2,115.57047390937805
3160,4.6000000000000005,3,115.59640669822693
3161,-3.0,1,115.62176513671875
3162,-1.75,15,115.66955828666687
3163,4.3,5,115.70582699775696
3164,-3.4,9,115.74127054214478
3165,4.15,6,115.77293562889099
3166,4.15,6,115.80689716339111
3167,4.3,5,115.8339626789093
3168,3.85,8,115.86938190460205
3169,4.3,5,115.90110564231873
3170,3.85,8,115.94174289703369
3171,4.3,5,115.97506666183472
3172,4.75,2,116.00765419006348
3173,4.449999999999999,4,116.03895449638367
3174,4.75,2,116.06388187408447
3175,4.449999999999999,4,116.09635472297668
3176,4.3,5,116.12916779518127
3177,4.449999999999999,4,116.16368794441223
3178,3.6999999999999997,9,116.20741176605225
3179,-3.35,8,116.24373722076416
3180,4.3,5,116.27574157714844
3181,4.449999999999999,4,116.30228567123413
3182,4.449999999999999,4,116.32889986038208
3183,-3.45,10,116.36525750160217
3184,4.15,6,116.39926362037659
3185,4.6000000000000005,3,116.42714285850525
3186,3.25,12,116.47265386581421
3187,3.85,8,116.50101351737976
3188,4.6000000000000005,3,116.52523136138916
3189,-3.35,8,116.55452513694763
3190,4.9,1,116.57526683807373
3191,4.6000000000000005,3,116.60300016403198
3192,4.9,1,116.62422728538513
3193,4.0,7,116.65566086769104
3194,4.75,2,116.67695498466492
3195,4.0,7,116.70800590515137
3196,-3.55,12,116.74415302276611
3197,3.1,13,116.78245663642883
3198,4.449999999999999,4,116.81149363517761
3199,3.25,12,116.85131216049194
3200,4.3,5,116.88430428504944
3201,4.0,7,117.08151006698608
3202,4.0,7,117.12170243263245
3203,4.9,1,117.1447389125824
3204,4.449999999999999,4,117.17470145225525
3205,4.449999999999999,4,117.20426821708679
3206,-1.75,15,117.2524642944336
3207,3.85,8,117.28645038604736
3208,4.449999999999999,4,117.31647205352783
3209,4.0,7,117.36162996292114
3210,-1.75,15,117.41078567504883
3211,4.0,7,117.4441909790039
3212,-1.75,15,117.49593186378479
3213,3.25,12,117.53574538230896
3214,3.4,11,117.5716073513031
3215,4.449999999999999,4,117.59791135787964
3216,3.4,11,117.63837170600891
3217,4.6000000000000005,3,117.66378736495972
3218,4.3,5,117.69431209564209
3219,4.15,6,117.72452926635742
3220,3.85,8,117.76073288917542
3221,4.15,6,117.7888035774231
3222,4.15,6,117.81934547424316
3223,3.55,10,117.85641527175903
3224,-1.75,15,117.89770770072937
3225,4.3,5,117.9276192188263
3226,4.3,5,117.95801448822021
3227,-3.4,9,117.99309015274048
3228,-3.3,7,118.02420830726624
3229,4.75,2,118.04903554916382
3230,4.449999999999999,4,118.07907843589783
3231,4.3,5,118.11246490478516
3232,4.3,5,118.14317584037781
3233,4.15,6,118.17533779144287
3234,3.6999999999999997,9,118.21128535270691
3235,3.55,10,118.38372802734375
3236,3.4,11,118.42118310928345
3237,4.449999999999999,4,118.44974040985107
3238,-3.05,2,118.47073888778687
3239,-3.65,14,118.52084469795227
3240,3.55,10,118.5634183883667
3241,4.0,7,118.60041737556458
3242,-3.3,7,118.63491296768188
3243,-3.55,12,118.680832862854
3244,4.449999999999999,4,118.71124839782715
3245,4.15,6,118.74087357521057
3246,4.6000000000000005,3,118.76538562774658
3247,3.4,11,118.80355882644653
3248,4.0,7,118.83650541305542
3249,3.85,8,118.87652015686035
3250,4.6000000000000005,3,118.9036180973053
3251,4.15,6,118.93717575073242
3252,-3.4,9,118.97672009468079
3253,3.6999999999999997,9,119.01135540008545
3254,-3.35,8,119.05189514160156
3255,3.55,10,119.0905978679657
3256,4.15,6,119.12191081047058
3257,4.3,5,119.15584564208984
3258,4.449999999999999,4,119.18776249885559
3259,4.6000000000000005,3,119.21356630325317
3260,-3.3,7,119.2476704120636
3261,4.75,2,119.26961183547974
3262,-3.2,5,119.29899978637695
3263,4.0,7,119.3306930065155
3264,4.3,5,119.36333155632019
3265,4.449999999999999,4,119.39482545852661
3266,4.3,5,119.42719578742981
3267,4.75,2,119.46036291122437
3268,-3.3,7,119.49925637245178
3269,-3.45,10,119.53423023223877
3270,4.449999999999999,4,119.56401872634888
3271,4.15,6,119.5946352481842
3272,4.6000000000000005,3,119.61899900436401
3273,4.3,5,119.64643883705139
3274,-1.75,15,119.84251618385315
3275,4.0,7,119.87337923049927
3276,-3.7,15,119.9190514087677
3277,-3.6,13,119.9601640701294
3278,-3.65,14,120.00688076019287
3279,3.55,10,120.0468099117279
3280,4.449999999999999,4,120.07743334770203
3281,4.6000000000000005,3,120.10241198539734
3282,3.6999999999999997,9,120.14034271240234
3283,4.6000000000000005,3,120.1664936542511
3284,4.15,6,120.20347619056702
3285,4.75,2,120.22850918769836
3286,-3.15,4,120.2580816745758
3287,-3.5,11,120.30249524116516
3288,3.85,8,120.34374475479126
3289,4.449999999999999,4,120.37737846374512
3290,4.449999999999999,4,120.40835189819336
3291,-3.7,15,120.452392578125
3292,4.15,6,120.48974132537842
3293,4.0,7,120.524587392807
3294,4.3,5,120.56112337112427
3295,-1.75,15,120.61481881141663
3296,4.449999999999999,4,120.64222741127014
3297,4.75,2,120.6656584739685
3298,3.55,10,120.70581293106079
3299,3.4,11,120.74677443504333
3300,4.3,5,120.7758002281189
3301,4.3,5,120.80963778495789
3302,3.1,13,120.85693836212158
3303,-1.75,15,120.90947961807251
3304,4.3,5,120.94697690010071
3305,4.15,6,120.98060631752014
3306,3.1,13,121.02888298034668
3307,4.449999999999999,4,121.29963660240173
3308,4.0,7,121.34108233451843
3309,4.75,2,121.37666010856628
3310,4.3,5,121.41249012947083
3311,4.3,5,121.45778203010559
3312,-3.5,11,121.50798511505127
3313,4.0,7,121.54534316062927
3314,4.3,5,121.57922506332397
3315,3.55,10,121.62328505516052
3316,4.449999999999999,4,121.66021084785461
3317,4.0,7,121.69638085365295
3318,4.449999999999999,4,121.72629737854004
3319,4.449999999999999,4,121.76420259475708
3320,4.449999999999999,4,121.7960877418518
3321,3.85,8,121.83663654327393
3322,4.449999999999999,4,121.87727093696594
3323,4.3,5,121.91499662399292
3324,-3.55,12,121.96844244003296
3325,4.3,5,122.00111842155457
3326,4.6000000000000005,3,122.03672742843628
3327,-3.3,7,122.08059978485107
3328,4.6000000000000005,3,122.11195230484009
3329,3.6999999999999997,9,122.15385127067566
3330,4.15,6,122.19675183296204
3331,3.55,10,122.23853540420532
3332,4.6000000000000005,3,122.27494502067566
3333,4.15,6,122.31192946434021
3334,4.3,5,122.34604620933533
3335,4.3,5,122.37637710571289
3336,4.449999999999999,4,122.40666484832764
3337,-3.5,11,122.44853401184082
3338,4.6000000000000005,3,122.47628021240234
3339,4.449999999999999,4,122.50495886802673
3340,4.3,5,122.53622770309448
3341,4.3,5,122.56324934959412
3342,4.0,7,122.59343528747559
3343,4.3,5,122.62161254882812
3344,4.3,5,122.65093851089478
3345,4.9,1,122.67297792434692
3346,4.449999999999999,4,122.70306968688965
3347,-3.4,9,122.74108099937439
3348,4.449999999999999,4,122.77708745002747
3349,4.15,6,122.80605006217957
3350,4.6000000000000005,3,122.83244562149048
3351,4.6000000000000005,3,122.86002898216248
3352,3.6999999999999997,9,123.04242825508118
3353,4.9,1,123.06716060638428
3354,3.55,10,123.10469770431519
3355,4.3,5,123.14579200744629
3356,3.85,8,123.17619347572327
3357,4.9,1,123.20114612579346
3358,-3.2,5,123.23036670684814
3359,4.75,2,123.25391936302185
3360,4.75,2,123.28025460243225
3361,4.75,2,123.31227040290833
3362,3.6999999999999997,9,123.34910869598389
3363,3.85,8,123.38520050048828
3364,3.85,8,123.42047643661499
3365,4.449999999999999,4,123.44897985458374
3366,4.9,1,123.4716100692749
3367,4.6000000000000005,3,123.49621987342834
3368,4.15,6,123.52802014350891
3369,3.55,10,123.57295322418213
3370,3.55,10,123.61557507514954
3371,3.85,8,123.66561269760132
3372,4.449999999999999,4,123.69975066184998
3373,-3.35,8,123.74125075340271
3374,4.15,6,123.77716445922852
3375,4.0,7,123.81514382362366
3376,4.75,2,123.84698510169983
3377,4.75,2,123.87569379806519
3378,3.85,8,123.91561126708984
3379,4.75,2,123.94459533691406
3380,4.6000000000000005,3,123.97112607955933
3381,4.3,5,124.01328039169312
3382,3.85,8,124.05405449867249
3383,4.75,2,124.08825254440308
3384,3.25,12,124.13938093185425
3385,-3.55,12,124.17753410339355
3386,4.6000000000000005,3,124.20467495918274
3387,3.85,8,124.23636293411255
3388,4.3,5,124.26433038711548
3389,4.6000000000000005,3,124.28931879997253
3390,3.6999999999999997,9,124.32715845108032
3391,4.6000000000000005,3,124.35306739807129
3392,-3.5,11,124.39145827293396
3393,4.0,7,124.42516493797302
3394,4.3,5,124.45872569084167
3395,-3.3,7,124.48924279212952
3396,-3.7,15,124.67154169082642
3397,4.449999999999999,4,124.69911456108093
3398,3.85,8,124.73319721221924
3399,3.85,8,124.76634073257446
3400,4.449999999999999,4,124.79811358451843
3401,-3.15,4,124.82974624633789
3402,-3.25,6,124.85998225212097
3403,4.75,2,124.88374710083008
3404,-3.65,14,124.92647767066956
3405,4.0,7,124.9598958492279
3406,3.85,8,124.99496984481812
3407,4.0,7,125.02696919441223
3408,4.6000000000000005,3,125.05042052268982
3409,3.6999999999999997,9,125.08565425872803
3410,4.15,6,125.1219699382782
3411,-1.75,15,125.17192912101746
3412,4.15,6,125.20765972137451
3413,4.6000000000000005,3,125.23562622070312
3414,4.3,5,125.26516151428223
3415,4.6000000000000005,3,125.29471945762634
3416,4.3,5,125.32768988609314
3417,4.15,6,125.35970854759216
3418,4.449999999999999,4,125.38956069946289
3419,4.449999999999999,4,125.42110681533813
3420,4.449999999999999,4,125.45918297767639
3421,4.15,6,125.48961567878723
3422,3.1,13,125.53153491020203
3423,4.15,6,125.57078814506531
3424,4.75,2,125.59975147247314
3425,3.55,10,125.64410591125488
3426,4.6000000000000005,3,125.6711163520813
3427,4.0,7,125.7072901725769
3428,4.3,5,125.73832082748413
3429,4.0,7,125.77410387992859
3430,4.0,7,125.80594277381897
3431,-3.5,11,125.84147381782532
3432,3.4,11,125.87746405601501
3433,4.6000000000000005,3,125.90355229377747
3434,3.1,13,125.94300246238708
3435,-3.15,4,126.12324213981628
3436,4.75,2,126.1488196849823
3437,4.449999999999999,4,126.18199133872986
3438,4.449999999999999,4,126.21461606025696
3439,3.25,12,126.25503492355347
3440,4.3,5,126.28368139266968
3441,4.3,5,126.31465649604797
3442,3.85,8,126.35051107406616
3443,4.15,6,126.37997007369995
3444,4.3,5,126.41208243370056
3445,4.449999999999999,4,126.44297361373901
3446,4.449999999999999,4,126.47303676605225
3447,4.15,6,126.50088334083557
3448,3.6999999999999997,9,126.53473448753357
3449,4.15,6,126.5643413066864
3450,-3.2,5,126.59193325042725
3451,4.0,7,126.63227915763855
3452,-3.3,7,126.66628313064575
3453,-3.4,9,126.70617437362671
3454,4.3,5,126.73371911048889
3455,4.6000000000000005,3,126.76260733604431
3456,-3.55,12,126.80615258216858
3457,4.6000000000000005,3,126.8443820476532
3458,4.3,5,126.87739729881287
3459,4.6000000000000005,3,126.9154360294342
3460,3.25,12,126.96297597885132
3461,-1.75,15,127.01844573020935
3462,3.55,10,127.06470704078674
3463,4.0,7,127.1050193309784
3464,4.6000000000000005,3,127.1344895362854
3465,3.85,8,127.172208070755
3466,3.6999999999999997,9,127.21088719367981
3467,-3.05,2,127.23878026008606
3468,4.3,5,127.2675850391388
3469,3.4,11,127.3059651851654
3470,4.6000000000000005,3,127.33711314201355
3471,4.3,5,127.36811900138855
3472,-1.75,15,127.41274523735046
3473,4.0,7,127.44539904594421
3474,-1.75,15,127.62988042831421
3475,3.6999999999999997,9,127.66908645629883
3476,3.85,8,127.70172619819641
3477,3.1,13,127.74455952644348
3478,4.75,2,127.77109885215759
3479,3.55,10,127.80818104743958
3480,4.449999999999999,4,127.84024333953857
3481,3.6999999999999997,9,127.87343406677246
3482,4.3,5,127.90009713172913
3483,-1.75,15,127.95453023910522
3484,4.449999999999999,4,127.98344016075134
3485,3.4,11,128.02956867218018
3486,4.0,7,128.06825160980225
3487,4.449999999999999,4,128.0964870452881
3488,3.85,8,128.13405990600586
3489,4.6000000000000005,3,128.1643304824829
3490,3.6999999999999997,9,128.2001600265503
3491,4.6000000000000005,3,128.22703170776367
3492,4.449999999999999,4,128.25740694999695
3493,4.75,2,128.28526329994202
3494,4.15,6,128.31861996650696
3495,3.85,8,128.35641312599182
3496,4.6000000000000005,3,128.3824417591095
3497,4.449999999999999,4,128.4145519733429
3498,-3.2,5,128.44416642189026
3499,4.6000000000000005,3,128.46956157684326
3500,3.1,13,128.51799750328064
3501,4.449999999999999,4,128.55050897598267
3502,4.0,7,128.58101987838745
3503,3.85,8,128.61927819252014
3504,-3.45,10,128.65958547592163
3505,4.449999999999999,4,128.69018077850342
3506,4.6000000000000005,3,128.71602368354797
3507,4.449999999999999,4,128.74898743629456
3508,4.449999999999999,4,128.77608728408813
3509,3.85,8,128.8084123134613
3510,4.75,2,128.83630084991455
3511,4.0,7,128.86749458312988
3512,4.15,6,128.89878630638123
3513,4.15,6,129.07662963867188
3514,4.15,6,129.10949158668518
3515,4.3,5,129.1406581401825
3516,3.85,8,129.17545700073242
3517,-1.75,15,129.22645902633667
3518,4.15,6,129.26070618629456
3519,-3.65,14,129.30032181739807
3520,4.75,2,129.32358574867249
3521,4.0,7,129.35511660575867
3522,4.6000000000000005,3,129.37991905212402
3523,3.85,8,129.41066217422485
3524,4.15,6,129.44037294387817
3525,3.6999999999999997,9,129.4726276397705
3526,4.3,5,129.50165390968323
3527,-3.65,14,129.5444474220276
3528,3.85,8,129.57540369033813
3529,4.15,6,129.60705423355103
3530,4.6000000000000005,3,129.633394241333
3531,3.6999999999999997,9,129.67019510269165
3532,4.0,7,129.70032405853271
3533,4.3,5,129.73100399971008
3534,4.449999999999999,4,129.76407551765442
3535,4.3,5,129.7938666343689
3536,4.6000000000000005,3,129.8234360218048
3537,-3.6,13,129.86573719978333
3538,4.6000000000000005,3,129.89369869232178
3539,4.3,5,129.92472577095032
3540,4.6000000000000005,3,129.95601725578308
3541,4.3,5,129.99552726745605
3542,4.0,7,130.0312466621399
3543,4.0,7,130.0707929134369
3544,-1.75,15,130.12031602859497
3545,-3.65,14,130.16408848762512
3546,4.0,7,130.19916558265686
3547,3.25,12,130.24624729156494
3548,4.6000000000000005,3,130.27893209457397
3549,4.449999999999999,4,130.48859763145447
3550,4.6000000000000005,3,130.52140378952026
3551,-3.55,12,130.56088662147522
3552,-3.25,6,130.59223437309265
3553,3.85,8,130.62592697143555
3554,4.0,7,130.66393160820007
3555,4.75,2,130.6897189617157
3556,4.75,2,130.71725463867188
3557,-3.35,8,130.75162053108215
3558,3.6999999999999997,9,130.78681707382202
3559,4.6000000000000005,3,130.81395316123962
3560,4.75,2,130.84003901481628
3561,3.85,8,130.87845635414124
3562,4.15,6,130.91565561294556
3563,4.75,2,130.94587779045105
3564,3.6999999999999997,9,130.98441576957703
3565,4.75,2,131.01181149482727
3566,-1.75,15,131.05863165855408
3567,-3.6,13,131.1030614376068
3568,4.75,2,131.12666296958923
3569,4.9,1,131.1544063091278
3570,-3.55,12,131.1949827671051
3571,3.85,8,131.23227953910828
3572,-3.5,11,131.2684178352356
3573,4.3,5,131.2985441684723
3574,-3.1,3,131.32585954666138
3575,4.449999999999999,4,131.35629272460938
3576,4.3,5,131.38389825820923
3577,4.6000000000000005,3,131.41749572753906
3578,3.85,8,131.4522624015808
3579,3.55,10,131.49076056480408
3580,4.6000000000000005,3,131.5200698375702
3581,-3.35,8,131.55661940574646
3582,4.6000000000000005,3,131.58282685279846
3583,4.3,5,131.6134433746338
3584,4.0,7,131.65281653404236
3585,4.6000000000000005,3,131.68463683128357
3586,4.3,5,131.71525692939758
3587,4.449999999999999,4,131.7460904121399
3588,3.6999999999999997,9,131.79012799263
3589,3.85,8,131.82813835144043
3590,3.6999999999999997,9,131.86739540100098
3591,-1.75,15,132.05604577064514
3592,4.6000000000000005,3,132.08574962615967
3593,4.75,2,132.10991668701172
3594,3.25,12,132.14784502983093
3595,4.6000000000000005,3,132.17395401000977
3596,4.3,5,132.20243859291077
3597,-3.7,15,132.2484838962555
3598,3.1,13,132.29138326644897
3599,3.6999999999999997,9,132.33423280715942
3600,3.6999999999999997,9,132.37222981452942
3601,4.15,6,132.39989233016968
3602,4.449999999999999,4,132.42748522758484
3603,4.6000000000000005,3,132.4537708759308
3604,-3.35,8,132.4859812259674
3605,4.15,6,132.51478695869446
3606,4.15,6,132.54547142982483
3607,4.15,6,132.58320498466492
3608,4.449999999999999,4,132.612366437912
3609,4.75,2,132.64325523376465
3610,3.25,12,132.68688368797302
3611,4.6000000000000005,3,132.71514678001404
3612,4.0,7,132.7538559436798
3613,3.55,10,132.7938425540924
3614,4.0,7,132.82518339157104
3615,-3.35,8,132.85933184623718
3616,4.6000000000000005,3,132.8829128742218
3617,4.6000000000000005,3,132.9107460975647
3618,4.75,2,132.93983364105225
3619,-3.1,3,132.9629304409027
3620,4.449999999999999,4,133.00169897079468
3621,4.15,6,133.0372760295868
3622,4.3,5,133.06870007514954
3623,4.0,7,133.10768270492554
3624,4.6000000000000005,3,133.1375012397766
3625,4.6000000000000005,3,133.164222240448
3626,4.3,5,133.19871401786804
3627,4.449999999999999,4,133.23702883720398
3628,3.1,13,133.2889358997345
3629,4.3,5,133.3186776638031
3630,4.449999999999999,4,133.35535717010498
3631,-3.35,8,133.38858771324158
3632,4.75,2,133.55294132232666
3633,4.0,7,133.58153653144836
3634,4.449999999999999,4,133.60968017578125
3635,4.0,7,133.64194750785828
3636,4.449999999999999,4,133.66837620735168
3637,-3.2,5,133.6989884376526
3638,3.85,8,133.73724794387817
3639,3.85,8,133.77502512931824
3640,4.15,6,133.8137402534485
3641,4.6000000000000005,3,133.84189820289612
3642,4.75,2,133.87251448631287
3643,4.0,7,133.9057161808014
3644,4.0,7,133.93654680252075
3645,3.25,12,133.97381353378296
3646,4.0,7,134.00684356689453
3647,-3.35,8,134.04129767417908
3648,4.15,6,134.07497644424438
3649,4.449999999999999,4,134.1030614376068
3650,3.6999999999999997,9,134.14050912857056
3651,4.0,7,134.1748080253601
3652,4.3,5,134.20641374588013
3653,4.6000000000000005,3,134.22973203659058
3654,-3.35,8,134.27060294151306
3655,4.6000000000000005,3,134.29732871055603
3656,4.9,1,134.32194709777832
3657,3.6999999999999997,9,134.3554971218109
3658,3.1,13,134.39566159248352
3659,3.55,10,134.43052673339844
3660,3.6999999999999997,9,134.46725416183472
3661,4.3,5,134.49510502815247
3662,4.75,2,134.52067136764526
3663,3.6999999999999997,9,134.56122517585754
3664,-3.4,9,134.59624028205872
3665,4.449999999999999,4,134.62371349334717
3666,4.3,5,134.6544806957245
3667,4.449999999999999,4,134.6808841228485
3668,4.0,7,134.71575832366943
3669,4.449999999999999,4,134.74611496925354
3670,4.3,5,134.78247094154358
3671,4.449999999999999,4,134.81212520599365
3672,-3.6,13,134.8592529296875
3673,4.75,2,134.88101887702942
3674,4.15,6,135.09082698822021
3675,4.6000000000000005,3,135.12724208831787
3676,-3.65,14,135.1790156364441
3677,3.6999999999999997,9,135.21433925628662
3678,4.15,6,135.2435405254364
3679,3.55,10,135.280690908432
3680,4.75,2,135.30641388893127
3681,4.449999999999999,4,135.335289478302
3682,4.15,6,135.36711597442627
3683,4.3,5,135.39359140396118
3684,4.6000000000000005,3,135.4159553050995
3685,4.0,7,135.44610047340393
3686,4.15,6,135.47870326042175
3687,-3.5,11,135.5208237171173
3688,-3.55,12,135.56333327293396
3689,-3.4,9,135.5964858531952
3690,3.85,8,135.62778306007385
3691,4.15,6,135.65797424316406
3692,4.449999999999999,4,135.6834237575531
3693,-3.2,5,135.7158637046814
3694,4.15,6,135.74797797203064
3695,4.75,2,135.77205109596252
3696,4.0,7,135.80848813056946
3697,4.0,7,135.8438663482666
3698,4.15,6,135.87082076072693
3699,4.6000000000000005,3,135.8990774154663
3700,3.85,8,135.9384822845459
3701,4.6000000000000005,3,135.97420239448547
3702,3.1,13,136.01444959640503
3703,3.6999999999999997,9,136.04885864257812
3704,4.0,7,136.0845775604248
3705,4.449999999999999,4,136.11696529388428
3706,4.3,5,136.14723253250122
3707,4.75,2,136.17418932914734
3708,4.0,7,136.21234965324402
3709,3.85,8,136.2481713294983
3710,4.9,1,136.27493238449097
3711,3.55,10,136.31506252288818
3712,3.6999999999999997,9,136.3553102016449
3713,4.449999999999999,4,136.53934526443481
3714,4.9,1,136.56511902809143
3715,3.55,10,136.60538721084595
3716,4.449999999999999,4,136.63129425048828
3717,4.9,1,136.65656733512878
3718,-3.65,14,136.69433283805847
3719,4.3,5,136.72382473945618
3720,4.3,5,136.7530176639557
3721,4.75,2,136.7835373878479
3722,4.75,2,136.81020379066467
3723,3.85,8,136.84253811836243
3724,4.3,5,136.8748631477356
3725,-1.75,15,136.91341638565063
3726,4.3,5,136.94738292694092
3727,-3.45,10,136.9802007675171
3728,4.449999999999999,4,137.0103075504303
3729,4.6000000000000005,3,137.04067277908325
3730,4.0,7,137.072509765625
3731,2.9499999999999997,14,137.11614537239075
3732,4.449999999999999,4,137.14780855178833
3733,3.55,10,137.18646621704102
3734,-3.55,12,137.2404866218567
3735,4.3,5,137.27377080917358
3736,4.449999999999999,4,137.30454778671265
3737,-3.55,12,137.34614276885986
3738,3.6999999999999997,9,137.38403153419495
3739,4.3,5,137.41939759254456
3740,4.449999999999999,4,137.44710421562195
3741,3.1,13,137.48991203308105
3742,3.85,8,137.52720737457275
3743,4.6000000000000005,3,137.55702185630798
3744,4.3,5,137.59369468688965
3745,3.6999999999999997,9,137.63077688217163
3746,3.6999999999999997,9,137.6683976650238
3747,4.0,7,137.70559549331665
3748,4.3,5,137.7336699962616
3749,4.15,6,137.76797437667847
3750,-3.6,13,137.97909832000732
3751,3.55,10,138.0250051021576
3752,4.0,7,138.05823683738708
3753,4.0,7,138.09351563453674
3754,4.9,1,138.12197875976562
3755,4.6000000000000005,3,138.14692163467407
3756,4.15,6,138.17726612091064
3757,4.75,2,138.20603251457214
3758,4.15,6,138.2351541519165
3759,-1.75,15,138.27610898017883
3760,4.6000000000000005,3,138.30243039131165
3761,3.55,10,138.34014511108398
3762,4.75,2,138.36565041542053
3763,3.4,11,138.40847539901733
3764,4.6000000000000005,3,138.43423295021057
3765,4.6000000000000005,3,138.45806455612183
3766,4.75,2,138.48143815994263
3767,4.15,6,138.51242923736572
3768,4.15,6,138.53920459747314
3769,-3.6,13,138.57740473747253
3770,3.55,10,138.61455988883972
3771,4.449999999999999,4,138.64742493629456
3772,3.6999999999999997,9,138.68576383590698
3773,4.449999999999999,4,138.7134072780609
3774,4.449999999999999,4,138.74086666107178
3775,4.0,7,138.7758982181549
3776,3.25,12,138.82191634178162
3777,4.75,2,138.8495066165924
3778,4.9,1,138.87411737442017
3779,3.85,8,138.90713143348694
3780,4.6000000000000005,3,138.93005228042603
3781,3.4,11,138.96957635879517
3782,-1.75,15,139.01577806472778
3783,3.85,8,139.05661249160767
3784,3.4,11,139.0932424068451
3785,-3.35,8,139.13121271133423
3786,3.6999999999999997,9,139.17187023162842
3787,4.6000000000000005,3,139.1996693611145
3788,-3.6,13,139.40946292877197
3789,4.6000000000000005,3,139.43639516830444
3790,4.6000000000000005,3,139.46398401260376
3791,4.3,5,139.49306797981262
3792,4.3,5,139.5220501422882
3793,-3.6,13,139.56561613082886
3794,4.449999999999999,4,139.5966465473175
3795,3.85,8,139.63420414924622
3796,-3.25,6,139.66707801818848
3797,4.6000000000000005,3,139.6947865486145
3798,4.6000000000000005,3,139.72188258171082
3799,4.15,6,139.75474429130554
3800,4.449999999999999,4,139.78181791305542
3801,-1.75,15,139.83387899398804
3802,-1.75,15,139.87570810317993
3803,4.15,6,139.90765738487244
3804,3.25,12,139.94445300102234
3805,4.75,2,139.9720675945282
3806,4.9,1,139.99539184570312
3807,4.0,7,140.02695989608765
3808,4.6000000000000005,3,140.0534884929657
3809,4.75,2,140.07944464683533
3810,-1.75,15,140.12438941001892
3811,4.3,5,140.15144038200378
3812,4.449999999999999,4,140.17948150634766
3813,-1.75,15,140.2309968471527
3814,4.449999999999999,4,140.2707817554474
3815,4.0,7,140.30751276016235
3816,4.6000000000000005,3,140.33982300758362
3817,-1.75,15,140.39038181304932
3818,3.6999999999999997,9,140.4272654056549
3819,3.4,11,140.47771096229553
3820,4.449999999999999,4,140.5062620639801
3821,4.6000000000000005,3,140.5354723930359
3822,4.75,2,140.56027460098267
3823,4.449999999999999,4,140.59995484352112
3824,4.75,2,140.62942552566528
3825,4.75,2,140.66163778305054
3826,4.75,2,140.69001293182373
3827,4.75,2,140.71453022956848
3828,4.15,6,140.74714875221252
3829,4.3,5,140.77811431884766
3830,3.55,10,140.99958610534668
3831,4.6000000000000005,3,141.0299472808838
3832,4.449999999999999,4,141.06377792358398
3833,4.6000000000000005,3,141.09466195106506
3834,3.85,8,141.13967657089233
3835,4.3,5,141.17664337158203
3836,4.3,5,141.21465063095093
3837,3.25,12,141.25871181488037
3838,-1.75,15,141.3118441104889
3839,4.75,2,141.33925580978394
3840,3.85,8,141.37349724769592
3841,4.0,7,141.403911113739
3842,4.15,6,141.431791305542
3843,4.6000000000000005,3,141.45809841156006
3844,3.85,8,141.4905240535736
3845,3.85,8,141.52281045913696
3846,4.0,7,141.55476236343384
3847,4.6000000000000005,3,141.5783953666687
3848,-3.4,9,141.60931253433228
3849,-3.45,10,141.6432328224182
3850,3.55,10,141.6770429611206
3851,4.15,6,141.71054244041443
3852,4.75,2,141.73255562782288
3853,4.15,6,141.77004384994507
3854,4.6000000000000005,3,141.79760122299194
3855,4.449999999999999,4,141.82965564727783
3856,4.0,7,141.86681962013245
3857,4.449999999999999,4,141.89596605300903
3858,4.3,5,141.9263939857483
3859,4.15,6,141.9545555114746
3860,4.6000000000000005,3,141.98221254348755
3861,4.449999999999999,4,142.01101279258728
3862,-3.4,9,142.05507040023804
3863,4.449999999999999,4,142.08701825141907
3864,4.449999999999999,4,142.11625957489014
3865,-3.2,5,142.15327501296997
3866,-3.35,8,142.19117665290833
3867,4.3,5,142.22276067733765
3868,-3.5,11,142.26280450820923
3869,3.25,12,142.3069806098938
3870,4.6000000000000005,3,142.34054255485535
3871,4.6000000000000005,3,142.3688416481018
3872,-3.55,12,142.5804259777069
3873,4.0,7,142.62011885643005
3874,4.6000000000000005,3,142.6527738571167
3875,4.6000000000000005,3,142.68761920928955
3876,4.15,6,142.72022008895874
3877,4.75,2,142.74808311462402
3878,3.6999999999999997,9,142.78429865837097
3879,4.15,6,142.8158848285675
3880,4.3,5,142.84553694725037
3881,3.85,8,142.8785753250122
3882,4.6000000000000005,3,142.904367685318
3883,3.4,11,142.93926334381104
3884,4.15,6,142.96939611434937
3885,4.15,6,143.000994682312
3886,4.3,5,143.03049612045288
3887,4.15,6,143.06415629386902
3888,4.449999999999999,4,143.09550642967224
3889,4.0,7,143.1336281299591
3890,-3.25,6,143.16864252090454
3891,4.449999999999999,4,143.19384360313416
3892,4.449999999999999,4,143.22210884094238
3893,4.0,7,143.25071716308594
3894,4.6000000000000005,3,143.27532625198364
3895,4.6000000000000005,3,143.3063201904297
3896,3.6999999999999997,9,143.34013414382935
3897,4.6000000000000005,3,143.3721079826355
3898,4.6000000000000005,3,143.40055084228516
3899,3.85,8,143.44145512580872
3900,4.3,5,143.4802370071411
3901,4.6000000000000005,3,143.51042246818542
3902,-3.1,3,143.54166984558105
3903,-3.3,7,143.57730793952942
3904,-3.6,13,143.62343192100525
3905,4.15,6,143.65705060958862
3906,4.449999999999999,4,143.68564367294312
3907,3.85,8,143.72516679763794
3908,4.3,5,143.75821805000305
3909,3.55,10,143.7957203388214
3910,4.449999999999999,4,143.82298707962036
3911,4.75,2,143.85360479354858
3912,4.6000000000000005,3,143.88260126113892
3913,4.3,5,143.9131577014923
3914,4.449999999999999,4,143.94367837905884
3915,4.75,2,143.9729573726654
3916,4.15,6,144.00731205940247
3917,3.6999999999999997,9,144.21371173858643
3918,4.449999999999999,4,144.24381494522095
3919,4.6000000000000005,3,144.2699329853058
3920,3.55,10,144.3086016178131
3921,3.6999999999999997,9,144.34710240364075
3922,-3.4,9,144.38326168060303
3923,4.449999999999999,4,144.4111876487732
3924,3.6999999999999997,9,144.4489507675171
3925,4.15,6,144.4878306388855
3926,4.15,6,144.5224792957306
3927,4.6000000000000005,3,144.55421590805054
3928,4.75,2,144.58234238624573
3929,4.9,1,144.60975074768066
3930,4.75,2,144.63672184944153
3931,4.75,2,144.66196084022522
3932,4.75,2,144.68861484527588
3933,4.75,2,144.71441650390625
3934,4.3,5,144.74204421043396
3935,3.55,10,144.77428007125854
3936,4.15,6,144.80309224128723
3937,3.85,8,144.8349003791809
3938,3.4,11,144.87746906280518
3939,4.3,5,144.91123914718628
3940,4.6000000000000005,3,144.93925166130066
3941,3.85,8,144.97565340995789
3942,4.6000000000000005,3,144.99927163124084
3943,3.6999999999999997,9,145.03771877288818
3944,4.15,6,145.06935667991638
3945,-1.75,15,145.11318612098694
3946,4.449999999999999,4,145.14091658592224
3947,4.6000000000000005,3,145.16839623451233
3948,4.449999999999999,4,145.1969428062439
3949,4.15,6,145.23244071006775
3950,-3.4,9,145.2657458782196
3951,4.6000000000000005,3,145.29224371910095
3952,4.15,6,145.3244972229004
3953,4.3,5,145.34995198249817
3954,4.6000000000000005,3,145.37779569625854
3955,4.449999999999999,4,145.4054572582245
3956,-3.45,10,145.4450385570526
3957,3.85,8,145.4789743423462
3958,4.3,5,145.50838351249695
3959,-3.3,7,145.54363226890564
3960,-1.75,15,145.59007096290588
3961,4.75,2,145.78089570999146
3962,4.3,5,145.81120133399963
3963,3.6999999999999997,9,145.85031008720398
3964,3.55,10,145.89481735229492
3965,4.75,2,145.92174530029297
3966,-3.55,12,145.96198201179504
3967,4.449999999999999,4,145.9916889667511
3968,3.25,12,146.03050684928894
3969,4.15,6,146.06301307678223
3970,4.6000000000000005,3,146.09149861335754
3971,-1.75,15,146.1401195526123
3972,3.6999999999999997,9,146.17566657066345
3973,4.6000000000000005,3,146.20565629005432
3974,4.449999999999999,4,146.23395943641663
3975,3.85,8,146.26508927345276
3976,3.25,12,146.30782532691956
3977,3.6999999999999997,9,146.34635829925537
3978,4.15,6,146.37593507766724
3979,4.3,5,146.41107654571533
3980,4.6000000000000005,3,146.43674969673157
3981,4.449999999999999,4,146.46237993240356
3982,4.0,7,146.49236702919006
3983,3.85,8,146.5255036354065
3984,4.6000000000000005,3,146.54758858680725
3985,4.6000000000000005,3,146.574702501297
3986,4.449999999999999,4,146.5977280139923
3987,3.55,10,146.6356086730957
3988,-3.25,6,146.66716122627258
3989,4.15,6,146.69951486587524
3990,4.449999999999999,4,146.72712206840515
3991,4.449999999999999,4,146.75586247444153
3992,3.85,8,146.79539799690247
3993,4.15,6,146.82960867881775
3994,4.449999999999999,4,146.86275839805603
3995,3.55,10,146.90880370140076
3996,4.15,6,146.94178199768066
3997,4.75,2,146.96478986740112
3998,4.449999999999999,4,146.993004322052
3999,4.6000000000000005,3,147.01619172096252
4000,4.75,2,147.04685425758362
4001,-3.4,9,147.09133625030518
4002,4.449999999999999,4,147.12262678146362
4003,3.6999999999999997,9,147.35187339782715
4004,4.15,6,147.3837502002716
4005,4.15,6,147.41905117034912
4006,4.3,5,147.44849920272827
4007,4.75,2,147.47542309761047
4008,4.3,5,147.5097541809082
4009,4.449999999999999,4,147.53765392303467
4010,4.6000000000000005,3,147.561949968338
4011,4.449999999999999,4,147.58850026130676
4012,3.6999999999999997,9,147.63750553131104
4013,-3.55,12,147.67438435554504
4014,4.75,2,147.701504945755
4015,4.0,7,147.73640036582947
4016,3.6999999999999997,9,147.7712061405182
4017,4.15,6,147.80451798439026
4018,4.15,6,147.835054397583
4019,4.9,1,147.85788583755493
4020,4.0,7,147.89003467559814
4021,4.3,5,147.91764855384827
4022,-3.6,13,147.9568247795105
4023,4.3,5,147.99289274215698
4024,3.4,11,148.03492259979248
4025,3.25,12,148.073965549469
4026,4.3,5,148.11173915863037
4027,4.3,5,148.13930559158325
4028,3.55,10,148.17470479011536
4029,4.449999999999999,4,148.20602107048035
4030,4.6000000000000005,3,148.23335194587708
4031,3.4,11,148.27656412124634
4032,-3.15,4,148.304838180542
4033,4.75,2,148.33298587799072
4034,3.85,8,148.36836051940918
4035,3.25,12,148.4118549823761
4036,3.4,11,148.44949674606323
4037,3.55,10,148.4889063835144
4038,3.6999999999999997,9,148.5252764225006
4039,4.3,5,148.56224584579468
4040,-3.0,1,148.5876898765564
4041,4.0,7,148.62073683738708
4042,3.4,11,148.8336853981018
4043,3.55,10,148.87721014022827
4044,-3.6,13,148.9220519065857
4045,4.449999999999999,4,148.95529866218567
4046,4.449999999999999,4,148.99120473861694
4047,4.0,7,149.0383903980255
4048,4.3,5,149.07259559631348
4049,-1.75,15,149.11541414260864
4050,3.85,8,149.14872074127197
4051,3.4,11,149.19002985954285
4052,3.85,8,149.2301001548767
4053,4.3,5,149.26431679725647
4054,4.75,2,149.29214119911194
4055,4.3,5,149.32304787635803
4056,4.0,7,149.35296535491943
4057,4.15,6,149.38098430633545
4058,3.55,10,149.41832828521729
4059,-3.3,7,149.44712376594543
4060,3.55,10,149.48385405540466
4061,4.449999999999999,4,149.5089328289032
4062,4.3,5,149.53881001472473
4063,4.75,2,149.56622004508972
4064,4.449999999999999,4,149.59296298027039
4065,4.75,2,149.61444425582886
4066,4.15,6,149.6469132900238
4067,4.449999999999999,4,149.6750693321228
4068,4.6000000000000005,3,149.70197939872742
4069,3.6999999999999997,9,149.74217796325684
4070,3.6999999999999997,9,149.77864575386047
4071,-1.75,15,149.822904586792
4072,3.4,11,149.86407494544983
4073,3.6999999999999997,9,149.9037573337555
4074,4.15,6,149.93318915367126
4075,3.6999999999999997,9,149.96584486961365
4076,4.75,2,149.99041152000427
4077,4.15,6,150.02168130874634
4078,3.85,8,150.2365493774414
4079,4.6000000000000005,3,150.2671091556549
4080,4.6000000000000005,3,150.29662132263184
4081,4.75,2,150.32671070098877
4082,3.55,10,150.36908268928528
4083,4.75,2,150.3945436477661
4084,4.6000000000000005,3,150.4234652519226
4085,4.449999999999999,4,150.45548510551453
4086,4.6000000000000005,3,150.48599863052368
4087,4.0,7,150.51933789253235
4088,4.6000000000000005,3,150.5487940311432
4089,4.15,6,150.57965803146362
4090,3.85,8,150.6200475692749
4091,4.0,7,150.6560652256012
4092,4.0,7,150.6930809020996
4093,4.449999999999999,4,150.72396278381348
4094,4.0,7,150.75479006767273
4095,4.3,5,150.78562998771667
4096,-3.45,10,150.82370448112488
4097,3.25,12,150.868084192276
4098,4.0,7,150.9029450416565
4099,4.449999999999999,4,150.9290268421173
4100,4.449999999999999,4,150.96115064620972
4101,4.3,5,150.99369740486145
4102,4.449999999999999,4,151.03194093704224
4103,3.4,11,151.07038354873657
4104,-3.5,11,151.10621428489685
4105,4.449999999999999,4,151.13308262825012
4106,4.6000000000000005,3,151.1570062637329
4107,4.3,5,151.1888997554779
4108,4.15,6,151.22523260116577
4109,4.449999999999999,4,151.25690245628357
4110,4.0,7,151.28576636314392
4111,3.85,8,151.31883335113525
4112,4.6000000000000005,3,151.3497383594513
4113,-3.7,15,151.39049124717712
4114,4.0,7,151.42857766151428
4115,4.3,5,151.4589524269104
4116,-3.65,14,151.4995436668396
4117,4.449999999999999,4,151.52651500701904
4118,4.15,6,151.55876302719116
4119,4.449999999999999,4,151.59005999565125
4120,-3.5,11,151.8044412136078
4121,4.15,6,151.8405213356018
4122,4.75,2,151.86842441558838
4123,4.75,2,151.89510917663574
4124,4.449999999999999,4,151.92553973197937
4125,-3.3,7,151.95679187774658
4126,4.9,1,151.98470973968506
4127,-3.6,13,152.0305516719818
4128,3.85,8,152.0677707195282
4129,3.4,11,152.10610127449036
4130,4.15,6,152.1385796070099
4131,4.0,7,152.17069149017334
4132,3.55,10,152.20701456069946
4133,-3.5,11,152.2462203502655
4134,4.75,2,152.27237749099731
4135,4.15,6,152.30348348617554
4136,4.3,5,152.33375763893127
4137,-3.7,15,152.38246631622314
4138,3.85,8,152.42296028137207
4139,3.85,8,152.45802450180054
4140,4.3,5,152.48422646522522
4141,4.75,2,152.5061912536621
4142,4.0,7,152.53712797164917
4143,4.449999999999999,4,152.56144380569458
4144,3.55,10,152.59570908546448
4145,4.0,7,152.62532329559326
4146,4.75,2,152.65101790428162
4147,3.55,10,152.69429349899292
4148,3.85,8,152.73253393173218
4149,-3.65,14,152.7729902267456
4150,4.15,6,152.80289220809937
4151,4.6000000000000005,3,152.82700300216675
4152,4.0,7,152.8596580028534
4153,4.15,6,152.88915348052979
4154,3.85,8,152.92310309410095
4155,-3.4,9,152.95542860031128
4156,4.0,7,152.9862093925476
4157,4.9,1,153.0143370628357
4158,-3.6,13,153.22081661224365
4159,3.85,8,153.26118755340576
4160,-1.75,15,153.31427478790283
4161,4.3,5,153.35654497146606
4162,3.55,10,153.39696502685547
4163,3.55,10,153.442227602005
4164,4.75,2,153.4725968837738
4165,4.449999999999999,4,153.5036952495575
4166,-3.45,10,153.54260754585266
4167,4.6000000000000005,3,153.56968212127686
4168,4.449999999999999,4,153.6005048751831
4169,4.449999999999999,4,153.62925124168396
4170,-3.1,3,153.65664267539978
4171,3.4,11,153.69999814033508
4172,3.6999999999999997,9,153.7411801815033
4173,4.449999999999999,4,153.7763431072235
4174,4.449999999999999,4,153.81043124198914
4175,3.85,8,153.85094809532166
4176,-3.5,11,153.90704226493835
4177,4.449999999999999,4,153.94372010231018
4178,4.3,5,153.98032307624817
4179,4.0,7,154.02016353607178
4180,4.0,7,154.05398845672607
4181,4.6000000000000005,3,154.07935070991516
4182,4.449999999999999,4,154.10973024368286
4183,3.4,11,154.15762543678284
4184,4.449999999999999,4,154.18724608421326
4185,3.6999999999999997,9,154.21956586837769
4186,4.3,5,154.25012803077698
4187,3.85,8,154.28313779830933
4188,3.6999999999999997,9,154.32114100456238
4189,3.4,11,154.3562717437744
4190,-1.75,15,154.4085283279419
4191,4.6000000000000005,3,154.4389054775238
4192,4.6000000000000005,3,154.46249985694885
4193,4.6000000000000005,3,154.48835682868958
4194,-3.45,10,154.66931653022766
4195,4.15,6,154.6997528076172
4196,3.6999999999999997,9,154.73515605926514
4197,4.75,2,154.76019883155823
4198,3.4,11,154.80279898643494
4199,-3.45,10,154.84074640274048
4200,3.4,11,154.87740993499756
4201,3.55,10,154.92072796821594
4202,4.449999999999999,4,154.9532754421234
4203,3.4,11,154.99798798561096
4204,4.449999999999999,4,155.0247344970703
4205,3.85,8,155.060613155365
4206,4.6000000000000005,3,155.08960485458374
4207,-1.75,15,155.13705396652222
4208,-3.45,10,155.188658952713
4209,4.0,7,155.2307150363922
4210,4.6000000000000005,3,155.25673246383667
4211,4.6000000000000005,3,155.2855417728424
4212,3.6999999999999997,9,155.3269169330597
4213,4.3,5,155.36195063591003
4214,-3.7,15,155.4114146232605
4215,3.55,10,155.44643425941467
4216,4.3,5,155.47532749176025
4217,3.55,10,155.51639199256897
4218,-1.75,15,155.55684065818787
4219,4.6000000000000005,3,155.58288836479187
4220,4.449999999999999,4,155.60905408859253
4221,4.3,5,155.63786911964417
4222,4.6000000000000005,3,155.67351865768433
4223,3.6999999999999997,9,155.70916724205017
4224,4.3,5,155.7404487133026
4225,3.85,8,155.7777600288391
4226,4.75,2,155.80574798583984
4227,4.3,5,155.8359694480896
4228,4.6000000000000005,3,155.86322140693665
4229,-3.6,13,156.05106329917908
4230,4.449999999999999,4,156.08063340187073
4231,4.75,2,156.10827589035034
4232,3.85,8,156.1433973312378
4233,4.75,2,156.17071723937988
4234,4.15,6,156.20141196250916
4235,-3.25,6,156.23743414878845
4236,3.25,12,156.27804827690125
4237,4.449999999999999,4,156.30863785743713
4238,4.15,6,156.3446342945099
4239,4.15,6,156.38540530204773
4240,4.3,5,156.4182505607605
4241,3.25,12,156.45637130737305
4242,4.3,5,156.48715543746948
4243,4.3,5,156.52135586738586
4244,4.0,7,156.5539469718933
4245,-3.5,11,156.59290051460266
4246,4.15,6,156.6291630268097
4247,4.6000000000000005,3,156.65704035758972
4248,3.55,10,156.6957323551178
4249,4.15,6,156.73182201385498
4250,4.6000000000000005,3,156.75898575782776
4251,3.6999999999999997,9,156.80353093147278
4252,4.0,7,156.83895111083984
4253,4.449999999999999,4,156.87243676185608
4254,4.3,5,156.9039282798767
4255,4.3,5,156.92942333221436
4256,4.3,5,156.95891427993774
4257,3.85,8,156.99263763427734
4258,4.15,6,157.0220205783844
4259,4.3,5,157.05111002922058
4260,4.6000000000000005,3,157.07483530044556
4261,3.55,10,157.1161470413208
4262,4.449999999999999,4,157.1491904258728
4263,3.55,10,157.19054412841797
4264,4.0,7,157.22607421875
4265,4.0,7,157.25956010818481
4266,4.3,5,157.288072347641
4267,4.9,1,157.31530690193176
4268,4.9,1,157.33907794952393
4269,-3.7,15,157.38436651229858
4270,4.15,6,157.41192722320557
4271,4.3,5,157.58209776878357
4272,4.3,5,157.6083788871765
4273,4.3,5,157.64549088478088
4274,4.0,7,157.68664479255676
4275,4.3,5,157.71596455574036
4276,4.75,2,157.7410078048706
4277,4.6000000000000005,3,157.76888394355774
4278,4.6000000000000005,3,157.79493618011475
4279,4.3,5,157.83221220970154
4280,4.3,5,157.86644864082336
4281,4.75,2,157.89093446731567
4282,4.449999999999999,4,157.92105984687805
4283,-3.55,12,157.96299242973328
4284,4.449999999999999,4,157.9957718849182
4285,4.3,5,158.03056073188782
4286,4.3,5,158.05918622016907
4287,4.6000000000000005,3,158.08999514579773
4288,4.449999999999999,4,158.1244375705719
4289,4.15,6,158.15846276283264
4290,4.75,2,158.18599700927734
4291,4.0,7,158.22090697288513
4292,3.6999999999999997,9,158.25817918777466
4293,3.55,10,158.30246019363403
4294,4.6000000000000005,3,158.32790112495422
4295,4.0,7,158.36040210723877
4296,4.15,6,158.39497327804565
4297,4.15,6,158.43328046798706
4298,4.3,5,158.4620189666748
4299,4.449999999999999,4,158.48663234710693
4300,4.3,5,158.51391077041626
4301,4.6000000000000005,3,158.539541721344
4302,3.85,8,158.5744435787201
4303,-3.25,6,158.60400128364563
4304,4.6000000000000005,3,158.63418769836426
4305,4.75,2,158.65880370140076
4306,3.6999999999999997,9,158.695561170578
4307,4.6000000000000005,3,158.7231810092926
4308,4.449999999999999,4,158.750262260437
4309,4.0,7,158.78189969062805
4310,4.3,5,158.80946803092957
4311,4.15,6,158.83889746665955
4312,4.6000000000000005,3,158.86561632156372
4313,-3.4,9,158.89848494529724
4314,4.15,6,158.9287130832672
4315,3.6999999999999997,9,158.96574306488037
4316,4.3,5,158.994934797287
4317,4.0,7,159.0278718471527
4318,3.85,8,159.06830620765686
4319,4.0,7,159.24071741104126
4320,4.0,7,159.27398943901062
4321,4.75,2,159.29983830451965
4322,4.15,6,159.3330898284912
4323,-3.5,11,159.37026834487915
4324,4.15,6,159.40261483192444
4325,4.449999999999999,4,159.43204069137573
4326,4.6000000000000005,3,159.45920872688293
4327,4.75,2,159.4903700351715
4328,4.15,6,159.52401494979858
4329,4.6000000000000005,3,159.55243134498596
4330,3.6999999999999997,9,159.58801531791687
4331,4.3,5,159.61563444137573
4332,4.75,2,159.64050006866455
4333,3.85,8,159.67629981040955
4334,-3.15,4,159.70642638206482
4335,4.6000000000000005,3,159.7403745651245
4336,-3.65,14,159.78551268577576
4337,4.75,2,159.81037640571594
4338,3.55,10,159.85208702087402
4339,4.15,6,159.8939971923828
4340,4.6000000000000005,3,159.92345786094666
4341,4.9,1,159.95004081726074
4342,3.6999999999999997,9,159.98654127120972
4343,-3.4,9,160.02308225631714
4344,4.6000000000000005,3,160.05065631866455
4345,4.3,5,160.07931447029114
4346,4.15,6,160.11081385612488
4347,4.15,6,160.1424696445465
4348,-3.65,14,160.1840841770172
4349,4.0,7,160.21560096740723
4350,4.75,2,160.2374575138092
4351,4.9,1,160.26093745231628
4352,4.15,6,160.29064083099365
4353,3.4,11,160.32426404953003
4354,3.4,11,160.35840773582458
4355,3.6999999999999997,9,160.38999390602112
4356,-3.65,14,160.43447875976562
4357,4.449999999999999,4,160.46251130104065
4358,3.85,8,160.5020411014557
4359,4.75,2,160.52679181098938
4360,4.75,2,160.55635833740234
4361,3.55,10,160.7692699432373
4362,4.449999999999999,4,160.79756546020508
4363,-3.45,10,160.83287715911865
4364,4.6000000000000005,3,160.8638870716095
4365,4.3,5,160.8978977203369
4366,4.75,2,160.927428483963
4367,4.449999999999999,4,160.95913553237915
4368,4.449999999999999,4,160.99343919754028
4369,3.6999999999999997,9,161.03776097297668
4370,4.449999999999999,4,161.0745017528534
4371,4.15,6,161.11232709884644
4372,4.3,5,161.14362692832947
4373,4.3,5,161.1763401031494
4374,4.75,2,161.20636200904846
4375,4.6000000000000005,3,161.2397584915161
4376,4.6000000000000005,3,161.27136945724487
4377,-3.5,11,161.3145592212677
4378,4.6000000000000005,3,161.34459805488586
4379,4.15,6,161.3766860961914
4380,4.0,7,161.41806364059448
4381,4.449999999999999,4,161.4502410888672
4382,4.75,2,161.4789640903473
4383,4.75,2,161.50794053077698
4384,4.6000000000000005,3,161.5387990474701
4385,4.15,6,161.57614517211914
4386,4.6000000000000005,3,161.60248017311096
4387,-3.5,11,161.64361763000488
4388,3.85,8,161.67841172218323
4389,4.0,7,161.70957469940186
4390,4.449999999999999,4,161.73938965797424
4391,4.9,1,161.76883125305176
4392,4.75,2,161.79371857643127
4393,4.449999999999999,4,161.82533764839172
4394,4.6000000000000005,3,161.85470461845398
4395,4.15,6,161.8857343196869
4396,3.25,12,161.92136240005493
4397,4.449999999999999,4,161.95032811164856
4398,3.4,11,161.9889006614685
4399,3.6999999999999997,9,162.0264925956726
4400,4.6000000000000005,3,162.0591049194336
4401,4.0,7,162.093670129776
4402,4.75,2,162.12216019630432
4403,4.6000000000000005,3,162.1509530544281
4404,4.0,7,162.18207335472107
4405,4.6000000000000005,3,162.20838165283203
4406,4.75,2,162.2360954284668
4407,4.75,2,162.2599790096283
4408,4.449999999999999,4,162.2887237071991
4409,3.6999999999999997,9,162.32630372047424
4410,-3.6,13,162.50842237472534
4411,3.6999999999999997,9,162.54302620887756
4412,3.85,8,162.57552909851074
4413,3.6999999999999997,9,162.60939049720764
4414,4.75,2,162.63377356529236
4415,3.85,8,162.6716344356537
4416,4.3,5,162.70087361335754
4417,4.3,5,162.73157048225403
4418,3.55,10,162.77417731285095
4419,4.3,5,162.80966687202454
4420,4.6000000000000005,3,162.83682560920715
4421,3.85,8,162.874449968338
4422,4.6000000000000005,3,162.90964698791504
4423,4.449999999999999,4,162.94640517234802
4424,4.449999999999999,4,162.981707572937
4425,4.6000000000000005,3,163.01632809638977
4426,3.4,11,163.05911493301392
4427,4.6000000000000005,3,163.0919544696808
4428,4.0,7,163.12479424476624
4429,4.9,1,163.14978528022766
4430,4.0,7,163.18169689178467
4431,4.449999999999999,4,163.20933651924133
4432,3.4,11,163.2471218109131
4433,4.15,6,163.27719855308533
4434,4.449999999999999,4,163.30718541145325
4435,4.449999999999999,4,163.33493900299072
4436,3.4,11,163.37507820129395
4437,4.6000000000000005,3,163.40255069732666
4438,-3.35,8,163.44451880455017
4439,3.85,8,163.49208235740662
4440,4.449999999999999,4,163.534264087677
4441,4.75,2,163.56388926506042
4442,4.3,5,163.59959864616394
4443,3.25,12,163.6383352279663
4444,4.449999999999999,4,163.66390824317932
4445,4.15,6,163.69388103485107
4446,4.15,6,163.72628808021545
4447,4.449999999999999,4,163.75405836105347
4448,4.15,6,163.79042720794678
4449,4.75,2,163.82027435302734
4450,-3.5,11,163.86596989631653
4451,4.0,7,163.89937567710876
4452,-3.55,12,164.0899543762207
4453,4.3,5,164.1203899383545
4454,4.3,5,164.1500759124756
4455,4.75,2,164.1750774383545
4456,4.6000000000000005,3,164.20945000648499
4457,4.6000000000000005,3,164.2381181716919
4458,-3.4,9,164.28066754341125
4459,4.0,7,164.3128411769867
4460,4.449999999999999,4,164.34267044067383
4461,4.75,2,164.37063837051392
4462,3.55,10,164.40944910049438
4463,3.85,8,164.44198393821716
4464,4.75,2,164.4713740348816
4465,4.6000000000000005,3,164.50242280960083
4466,3.85,8,164.54434609413147
4467,4.449999999999999,4,164.57150769233704
4468,4.15,6,164.60351252555847
4469,-1.75,15,164.6479320526123
4470,4.6000000000000005,3,164.67493987083435
4471,4.75,2,164.69828844070435
4472,4.449999999999999,4,164.73251342773438
4473,4.3,5,164.77471113204956
4474,4.449999999999999,4,164.80570316314697
4475,4.449999999999999,4,164.83547234535217
4476,-3.65,14,164.87892985343933
4477,4.75,2,164.9051957130432
4478,4.75,2,164.92822647094727
4479,3.55,10,164.96806120872498
4480,4.15,6,165.00012135505676
4481,4.6000000000000005,3,165.03428530693054
4482,4.449999999999999,4,165.06036400794983
4483,4.0,7,165.08987474441528
4484,4.3,5,165.11863088607788
4485,-3.65,14,165.15918469429016
4486,4.15,6,165.19321942329407
4487,4.3,5,165.22325444221497
4488,4.449999999999999,4,165.25151944160461
4489,4.0,7,165.28576254844666
4490,4.0,7,165.31967997550964
4491,3.25,12,165.358238697052
4492,4.0,7,165.39614081382751
4493,4.15,6,165.42489314079285
4494,4.15,6,165.45506381988525
4495,4.6000000000000005,3,165.4779372215271
4496,4.6000000000000005,3,165.50616645812988
4497,3.6999999999999997,9,165.67361044883728
4498,4.3,5,165.70215392112732
4499,4.449999999999999,4,165.7296268939972
4500,4.0,7,165.76225972175598
4501,4.9,1,165.79278874397278
4502,3.85,8,165.8391411304474
4503,4.0,7,165.8758418560028
4504,4.6000000000000005,3,165.90963435173035
4505,4.0,7,165.9502820968628
4506,3.6999999999999997,9,165.9880850315094
4507,3.85,8,166.0279881954193
4508,3.4,11,166.07349824905396
4509,3.6999999999999997,9,166.1114821434021
4510,4.0,7,166.15003991127014
4511,3.4,11,166.19530415534973
4512,4.9,1,166.22059106826782
4513,4.3,5,166.2519130706787
4514,4.3,5,166.28694438934326
4515,4.0,7,166.31940054893494
4516,3.55,10,166.3545422554016
4517,3.85,8,166.3908679485321
4518,4.75,2,166.4141013622284
4519,4.6000000000000005,3,166.43941712379456
4520,3.85,8,166.4682297706604
4521,3.25,12,166.50414967536926
4522,4.6000000000000005,3,166.5318353176117
4523,4.6000000000000005,3,166.55589866638184
4524,-3.7,15,166.59796118736267
4525,4.6000000000000005,3,166.62273335456848
4526,4.6000000000000005,3,166.65216040611267
4527,4.449999999999999,4,166.67680501937866
4528,4.3,5,166.7045979499817
4529,4.449999999999999,4,166.7321834564209
4530,3.6999999999999997,9,166.76832842826843
4531,4.6000000000000005,3,166.79439759254456
4532,3.4,11,166.8363242149353
4533,3.85,8,166.86838626861572
4534,4.15,6,166.89633560180664
4535,4.0,7,166.9264271259308
4536,4.75,2,166.95238161087036
4537,4.3,5,166.98224234580994
4538,4.6000000000000005,3,167.18313002586365
4539,4.3,5,167.2174243927002
4540,4.0,7,167.24945330619812
4541,4.449999999999999,4,167.2817268371582
4542,3.85,8,167.32011532783508
4543,3.6999999999999997,9,167.3596475124359
4544,4.75,2,167.3884584903717
4545,4.449999999999999,4,167.42140197753906
4546,4.449999999999999,4,167.44991970062256
4547,4.75,2,167.47794032096863
4548,4.449999999999999,4,167.5098385810852
4549,4.3,5,167.53995561599731
4550,4.15,6,167.56992840766907
4551,3.85,8,167.6049144268036
4552,4.3,5,167.6367425918579
4553,-1.75,15,167.69242644309998
4554,3.6999999999999997,9,167.7306387424469
4555,3.85,8,167.76385188102722
4556,3.55,10,167.8076171875
4557,4.3,5,167.83739638328552
4558,4.0,7,167.86827158927917
4559,3.25,12,167.90644717216492
4560,4.75,2,167.93330454826355
4561,-3.7,15,167.97751808166504
4562,4.0,7,168.00960993766785
4563,-3.35,8,168.0415506362915
4564,4.75,2,168.06696105003357
4565,4.449999999999999,4,168.09133386611938
4566,4.449999999999999,4,168.12151193618774
4567,4.6000000000000005,3,168.14865684509277
4568,3.55,10,168.19533228874207
4569,4.0,7,168.24121689796448
4570,4.449999999999999,4,168.28341937065125
4571,4.6000000000000005,3,168.31439542770386
4572,4.449999999999999,4,168.34829092025757
4573,4.449999999999999,4,168.3766679763794
4574,3.25,12,168.4171965122223
4575,4.0,7,168.44914078712463
4576,4.3,5,168.4764711856842
4577,3.6999999999999997,9,168.51501274108887
4578,4.15,6,168.70994877815247
4579,4.15,6,168.74315309524536
4580,4.449999999999999,4,168.77648663520813
4581,4.15,6,168.807452917099
4582,4.9,1,168.83024764060974
4583,4.449999999999999,4,168.85958099365234
4584,3.55,10,168.9246346950531
4585,4.449999999999999,4,168.98394227027893
4586,4.6000000000000005,3,169.0205466747284
4587,4.6000000000000005,3,169.05361104011536
4588,4.75,2,169.0859408378601
4589,4.449999999999999,4,169.13539838790894
4590,4.3,5,169.16468739509583
4591,3.85,8,169.2043867111206
4592,3.85,8,169.2423713207245
4593,4.6000000000000005,3,169.27009868621826
4594,4.0,7,169.3078534603119
4595,4.15,6,169.34739542007446
4596,4.0,7,169.38094973564148
4597,4.0,7,169.41386079788208
4598,4.3,5,169.44117856025696
4599,4.449999999999999,4,169.47128319740295
4600,3.55,10,169.5095694065094
4601,4.75,2,169.53623843193054
4602,4.449999999999999,4,169.5652666091919
4603,4.15,6,169.59283232688904
4604,4.3,5,169.62295722961426
4605,4.3,5,169.65208292007446
4606,4.3,5,169.68355107307434
4607,4.0,7,169.7175590991974
4608,4.15,6,169.74731159210205
4609,4.75,2,169.7712013721466
4610,4.15,6,169.8036653995514
4611,3.4,11,169.84050941467285
4612,4.449999999999999,4,169.86657452583313
4613,4.3,5,169.89372944831848
4614,4.449999999999999,4,169.92225122451782
4615,4.6000000000000005,3,169.95055484771729
4616,4.15,6,169.97932052612305
4617,3.4,11,170.01739048957825
4618,4.3,5,170.04327654838562
4619,4.449999999999999,4,170.07315492630005
4620,4.449999999999999,4,170.09864783287048
4621,-1.75,15,170.13939952850342
4622,4.449999999999999,4,170.1713366508484
4623,3.6999999999999997,9,170.2049376964569
4624,4.0,7,170.38639378547668
4625,4.0,7,170.4188687801361
4626,-3.6,13,170.46675419807434
4627,4.6000000000000005,3,170.4956169128418
4628,4.0,7,170.52855587005615
4629,3.85,8,170.57058906555176
4630,4.3,5,170.61627078056335
4631,3.55,10,170.66330814361572
4632,4.15,6,170.70703125
4633,4.75,2,170.73813009262085
4634,4.6000000000000005,3,170.7649004459381
4635,4.0,7,170.80698704719543
4636,-3.4,9,170.8474760055542
4637,4.449999999999999,4,170.87414455413818
4638,3.55,10,170.91957759857178
4639,4.15,6,170.95446634292603
4640,3.85,8,170.99446749687195
4641,4.449999999999999,4,171.02742409706116
4642,3.85,8,171.06340765953064
4643,3.85,8,171.10059022903442
4644,4.449999999999999,4,171.12670588493347
4645,4.3,5,171.15751433372498
4646,4.15,6,171.1888086795807
4647,2.8,15,171.23103499412537
4648,4.0,7,171.2656397819519
4649,4.449999999999999,4,171.29221534729004
4650,3.55,10,171.3310124874115
4651,3.85,8,171.3668806552887
4652,4.3,5,171.39991760253906
4653,-3.6,13,171.44175910949707
4654,4.3,5,171.47024869918823
4655,4.0,7,171.50460815429688
4656,3.85,8,171.53788328170776
4657,4.75,2,171.56749868392944
4658,4.3,5,171.59772634506226
4659,3.6999999999999997,9,171.62990927696228
4660,-1.75,15,171.813458442688
4661,4.9,1,171.83749413490295
4662,3.6999999999999997,9,171.8763256072998
4663,4.3,5,171.90815329551697
4664,4.6000000000000005,3,171.94030213356018
4665,3.25,12,171.9848964214325
4666,-3.5,11,172.0221028327942
4667,4.75,2,172.0530560016632
4668,4.75,2,172.084942817688
4669,4.6000000000000005,3,172.10960507392883
4670,3.6999999999999997,9,172.1522512435913
4671,4.75,2,172.1847517490387
4672,4.15,6,172.21639776229858
4673,4.6000000000000005,3,172.24161982536316
4674,4.3,5,172.26935267448425
4675,4.0,7,172.30561327934265
4676,4.449999999999999,4,172.33874821662903
4677,4.449999999999999,4,172.3685462474823
4678,4.6000000000000005,3,172.3996980190277
4679,3.4,11,172.44240736961365
4680,4.75,2,172.47250771522522
4681,3.6999999999999997,9,172.51307559013367
4682,4.0,7,172.54734325408936
4683,4.15,6,172.58099460601807
4684,3.6999999999999997,9,172.61979818344116
4685,4.3,5,172.65269827842712
4686,3.85,8,172.686514377594
4687,4.449999999999999,4,172.71454167366028
4688,4.0,7,172.7463550567627
4689,4.9,1,172.76985621452332
4690,4.9,1,172.79013872146606
4691,4.15,6,172.82580304145813
4692,4.0,7,172.86897993087769
4693,4.449999999999999,4,172.89818596839905
4694,4.6000000000000005,3,172.92518830299377
4695,4.75,2,172.95519018173218
4696,4.15,6,172.9884901046753
4697,4.3,5,173.0201563835144
4698,4.15,6,173.05382752418518
4699,4.3,5,173.07944774627686
4700,3.4,11,173.12092876434326
4701,3.1,13,173.17551136016846
4702,4.449999999999999,4,173.2110664844513
4703,4.449999999999999,4,173.24634456634521
4704,4.449999999999999,4,173.27388334274292
4705,-1.75,15,173.46566009521484
4706,4.75,2,173.4899091720581
4707,4.449999999999999,4,173.5147740840912
4708,4.75,2,173.53756761550903
4709,3.4,11,173.5750858783722
4710,4.3,5,173.6062684059143
4711,4.449999999999999,4,173.63405776023865
4712,4.449999999999999,4,173.66554307937622
4713,3.55,10,173.71415281295776
4714,4.449999999999999,4,173.74842286109924
4715,4.6000000000000005,3,173.77886867523193
4716,4.3,5,173.80646514892578
4717,4.449999999999999,4,173.84153962135315
4718,4.15,6,173.8830864429474
4719,4.6000000000000005,3,173.90969729423523
4720,4.449999999999999,4,173.94223809242249
4721,4.449999999999999,4,173.97412610054016
4722,-3.65,14,174.02115869522095
4723,3.4,11,174.0677933692932
4724,3.25,12,174.11286163330078
4725,3.85,8,174.1520700454712
4726,4.15,6,174.18834590911865
4727,3.85,8,174.22481656074524
4728,4.6000000000000005,3,174.25783777236938
4729,3.4,11,174.30256128311157
4730,4.6000000000000005,3,174.33019256591797
4731,4.3,5,174.35981583595276
4732,4.15,6,174.3981738090515
4733,3.4,11,174.43551564216614
4734,4.0,7,174.4710397720337
4735,4.3,5,174.50047278404236
4736,3.6999999999999997,9,174.53274941444397
4737,4.6000000000000005,3,174.55792593955994
4738,4.15,6,174.58388233184814
4739,-3.65,14,174.62855887413025
4740,4.0,7,174.6621561050415
4741,4.0,7,174.6926658153534
4742,4.6000000000000005,3,174.7228021621704
4743,4.3,5,174.75470280647278
4744,4.449999999999999,4,174.79017329216003
4745,4.75,2,174.81937623023987
4746,4.6000000000000005,3,174.84350275993347
4747,3.55,10,175.05000352859497
4748,4.6000000000000005,3,175.07811522483826
4749,4.15,6,175.11275148391724
4750,4.3,5,175.14431166648865
4751,3.6999999999999997,9,175.18591403961182
4752,4.0,7,175.2233395576477
4753,-1.75,15,175.27464318275452
4754,-1.75,15,175.32968616485596
4755,3.85,8,175.37368178367615
4756,3.55,10,175.41749906539917
4757,-1.75,15,175.46611499786377
4758,-3.7,15,175.5168433189392
4759,4.0,7,175.55410861968994
4760,-3.65,14,175.60285925865173
4761,4.0,7,175.63754320144653
4762,3.85,8,175.67504119873047
4763,3.6999999999999997,9,175.71067094802856
4764,4.15,6,175.7457253932953
4765,4.449999999999999,4,175.7747778892517
4766,3.4,11,175.81812715530396
4767,4.0,7,175.85528564453125
4768,3.6999999999999997,9,175.89138674736023
4769,4.449999999999999,4,175.91910338401794
4770,4.15,6,175.95258021354675
4771,4.3,5,175.98365664482117
4772,4.449999999999999,4,176.01330018043518
4773,4.3,5,176.04431557655334
4774,4.449999999999999,4,176.07464146614075
4775,4.6000000000000005,3,176.09960770606995
4776,-1.75,15,176.14039778709412
4777,4.0,7,176.17328906059265
4778,3.4,11,176.36638522148132
4779,4.449999999999999,4,176.39346194267273
4780,4.6000000000000005,3,176.42102003097534
4781,4.6000000000000005,3,176.4505274295807
4782,4.449999999999999,4,176.47805786132812
4783,4.449999999999999,4,176.50721549987793
4784,3.85,8,176.5392825603485
4785,4.75,2,176.56376004219055
4786,4.6000000000000005,3,176.592524766922
4787,4.449999999999999,4,176.61938452720642
4788,4.6000000000000005,3,176.64695024490356
4789,3.1,13,176.68625354766846
4790,3.6999999999999997,9,176.72301149368286
4791,3.55,10,176.7634882926941
4792,4.0,7,176.79237699508667
4793,3.6999999999999997,9,176.82933378219604
4794,4.449999999999999,4,176.8597173690796
4795,4.15,6,176.89334845542908
4796,4.449999999999999,4,176.92562985420227
4797,4.15,6,176.96236395835876
4798,4.3,5,177.002934217453
4799,3.6999999999999997,9,177.04770350456238
4800,4.6000000000000005,3,177.0780370235443
4801,3.25,12,177.12569975852966
4802,-3.65,14,177.1696674823761
4803,-3.3,7,177.20561742782593
4804,4.75,2,177.23398113250732
4805,4.3,5,177.26597261428833
4806,4.15,6,177.29868817329407
4807,3.55,10,177.3438901901245
4808,4.6000000000000005,3,177.3713662624359
4809,3.4,11,177.4138376712799
4810,3.85,8,177.44849586486816
4811,4.3,5,177.47674441337585
4812,4.6000000000000005,3,177.50992131233215
4813,4.6000000000000005,3,177.53530073165894
4814,4.449999999999999,4,177.56022572517395
4815,4.15,6,177.5932960510254
4816,4.3,5,177.62211060523987
4817,-3.65,14,177.67207956314087
4818,4.3,5,177.7045292854309
4819,4.6000000000000005,3,177.73449683189392
4820,4.3,5,177.91354036331177
4821,4.0,7,177.94368600845337
4822,3.4,11,177.98033785820007
4823,4.3,5,178.0094757080078
4824,4.6000000000000005,3,178.03367590904236
4825,4.3,5,178.06478786468506
4826,3.6999999999999997,9,178.10713720321655
4827,3.6999999999999997,9,178.15112805366516
4828,4.6000000000000005,3,178.18395233154297
4829,4.6000000000000005,3,178.21716117858887
4830,4.9,1,178.25264978408813
4831,4.449999999999999,4,178.2887966632843
4832,-3.35,8,178.3249590396881
4833,4.0,7,178.36136722564697
4834,4.6000000000000005,3,178.3941342830658
4835,3.55,10,178.43636751174927
4836,-3.65,14,178.47853708267212
4837,3.6999999999999997,9,178.51381301879883
4838,3.85,8,178.55565285682678
4839,4.15,6,178.58961606025696
4840,4.449999999999999,4,178.6271562576294
4841,4.9,1,178.662588596344
4842,-3.7,15,178.71158862113953
4843,3.55,10,178.7514464855194
4844,4.449999999999999,4,178.780944108963
4845,3.25,12,178.82383036613464
4846,-3.2,5,178.85517120361328
4847,4.3,5,178.88908529281616
4848,3.25,12,178.9344654083252
4849,4.3,5,178.96989059448242
4850,4.0,7,179.0076448917389
4851,3.85,8,179.04421377182007
4852,4.75,2,179.06963348388672
4853,4.449999999999999,4,179.09727263450623
4854,-1.75,15,179.13791728019714
4855,4.3,5,179.16949796676636
4856,4.6000000000000005,3,179.1955428123474
4857,4.15,6,179.22375965118408
4858,4.3,5,179.25385975837708
4859,-3.7,15,179.43388652801514
4860,4.9,1,179.45668125152588
4861,4.3,5,179.49038648605347
4862,4.6000000000000005,3,179.51946234703064
4863,-3.5,11,179.55421018600464
4864,3.55,10,179.59113597869873
4865,3.6999999999999997,9,179.62452936172485
4866,4.75,2,179.64676594734192
4867,4.75,2,179.67128491401672
4868,4.6000000000000005,3,179.69999027252197
4869,4.75,2,179.72714805603027
4870,4.449999999999999,4,179.75463819503784
4871,4.6000000000000005,3,179.78201246261597
4872,4.3,5,179.80945372581482
4873,3.6999999999999997,9,179.8440341949463
4874,3.6999999999999997,9,179.88160681724548
4875,3.85,8,179.91423058509827
4876,4.6000000000000005,3,179.9417188167572
4877,4.6000000000000005,3,179.97409176826477
4878,4.3,5,180.01022839546204
4879,4.3,5,180.0438072681427
4880,4.15,6,180.08289337158203
4881,-3.6,13,180.13465976715088
4882,4.75,2,180.1635684967041
4883,4.6000000000000005,3,180.19631099700928
4884,-3.7,15,180.24355792999268
4885,4.6000000000000005,3,180.27269625663757
4886,4.15,6,180.3064181804657
4887,4.3,5,180.33692359924316
4888,4.6000000000000005,3,180.365736246109
4889,4.0,7,180.39742159843445
4890,4.75,2,180.42309021949768
4891,3.85,8,180.46156978607178
4892,4.449999999999999,4,180.48963689804077
4893,-3.55,12,180.53534269332886
4894,4.3,5,180.57191038131714
4895,3.6999999999999997,9,180.61502861976624
4896,4.3,5,180.64641165733337
4897,3.25,12,180.69935274124146
4898,3.55,10,180.7506148815155
4899,4.6000000000000005,3,180.78653216362
4900,4.75,2,180.81982803344727
4901,3.55,10,181.01238226890564
4902,3.85,8,181.04597902297974
4903,4.3,5,181.07555603981018
4904,4.449999999999999,4,181.1037938594818
4905,4.75,2,181.1298313140869
4906,3.25,12,181.1672008037567
4907,4.3,5,181.20370149612427
4908,4.75,2,181.2283959388733
4909,3.6999999999999997,9,181.26918578147888
4910,4.9,1,181.29763507843018
4911,4.75,2,181.32336688041687
4912,3.55,10,181.364666223526
4913,3.25,12,181.4001476764679
4914,4.449999999999999,4,181.43163013458252
4915,3.6999999999999997,9,181.46700429916382
4916,4.75,2,181.49215006828308
4917,4.449999999999999,4,181.51741361618042
4918,4.0,7,181.5473289489746
4919,4.75,2,181.570951461792
4920,4.15,6,181.60260033607483
4921,3.6999999999999997,9,181.64420819282532
4922,4.15,6,181.67717719078064
4923,4.75,2,181.70214557647705
4924,4.75,2,181.72793865203857
4925,4.6000000000000005,3,181.7628891468048
4926,4.6000000000000005,3,181.78852558135986
4927,4.6000000000000005,3,181.8211007118225
4928,4.9,1,181.84843158721924
4929,4.6000000000000005,3,181.87827610969543
4930,4.449999999999999,4,181.90746879577637
4931,3.25,12,181.95925450325012
4932,4.449999999999999,4,181.9995973110199
4933,3.85,8,182.03555607795715
4934,4.3,5,182.07187342643738
4935,3.6999999999999997,9,182.10932755470276
4936,4.6000000000000005,3,182.1413276195526
4937,4.75,2,182.16484236717224
4938,4.0,7,182.198166847229
4939,4.6000000000000005,3,182.2232162952423
4940,4.3,5,182.25640487670898
4941,4.0,7,182.28878235816956
4942,4.0,7,182.32706212997437
4943,4.6000000000000005,3,182.3576786518097
4944,4.449999999999999,4,182.3865203857422
4945,4.6000000000000005,3,182.4140603542328
4946,4.0,7,182.44582557678223
4947,4.9,1,182.47338914871216
4948,4.75,2,182.4988396167755
4949,4.6000000000000005,3,182.5267517566681
4950,4.449999999999999,4,182.55310940742493
4951,4.0,7,182.587060213089
4952,4.15,6,182.78278422355652
4953,-3.45,10,182.8217625617981
4954,4.75,2,182.84153127670288
4955,-1.75,15,182.88599634170532
4956,4.75,2,182.9136447906494
4957,4.6000000000000005,3,182.93912172317505
4958,4.6000000000000005,3,182.96703267097473
4959,4.75,2,182.99486637115479
4960,3.55,10,183.0305027961731
4961,4.6000000000000005,3,183.05425643920898
4962,4.15,6,183.084246635437
4963,4.3,5,183.11490535736084
4964,4.0,7,183.14364433288574
4965,3.25,12,183.18868947029114
4966,3.55,10,183.23052763938904
4967,3.6999999999999997,9,183.27072644233704
4968,4.75,2,183.29569292068481
4969,4.3,5,183.3337345123291
4970,3.6999999999999997,9,183.3814537525177
4971,4.75,2,183.41150832176208
4972,4.0,7,183.44660353660583
4973,4.6000000000000005,3,183.47966194152832
4974,4.15,6,183.50958895683289
4975,4.6000000000000005,3,183.5365149974823
4976,4.6000000000000005,3,183.56536221504211
4977,4.9,1,183.59871816635132
4978,3.85,8,183.6394908428192
4979,4.449999999999999,4,183.67290902137756
4980,4.15,6,183.70641994476318
4981,4.75,2,183.73330664634705
4982,4.0,7,183.76394271850586
4983,4.3,5,183.79237604141235
4984,3.6999999999999997,9,183.83202719688416
4985,3.55,10,183.87150239944458
4986,3.6999999999999997,9,183.91192841529846
4987,3.85,8,183.94774389266968
4988,3.25,12,183.99284267425537
4989,4.75,2,184.02008175849915
4990,3.55,10,184.06389808654785
4991,4.15,6,184.10184979438782
4992,4.0,7,184.1361358165741
4993,4.3,5,184.16706442832947
4994,3.4,11,184.35240197181702
4995,4.449999999999999,4,184.38770294189453
4996,-1.75,15,184.43307161331177
4997,4.3,5,184.4661681652069
4998,4.3,5,184.49336624145508
4999,4.75,2,184.51693987846375
5000,4.449999999999999,4,184.54509091377258
5001,4.15,6,184.57465744018555
5002,3.6999999999999997,9,184.61252665519714
5003,3.6999999999999997,9,184.6479218006134
5004,4.15,6,184.67511105537415
5005,4.3,5,184.70179295539856
5006,4.449999999999999,4,184.72923588752747
5007,4.6000000000000005,3,184.76102757453918
5008,4.9,1,184.78345799446106
5009,3.85,8,184.8325972557068
5010,4.0,7,184.8733332157135
5011,4.449999999999999,4,184.9042067527771
5012,3.85,8,184.9421989917755
5013,4.15,6,184.98267030715942
5014,4.15,6,185.01792454719543
5015,4.0,7,185.05668425559998
5016,3.4,11,185.0986316204071
5017,4.75,2,185.12679433822632
5018,3.85,8,185.16545009613037
5019,4.0,7,185.2013876438141
5020,4.6000000000000005,3,185.22921752929688
5021,4.3,5,185.26479387283325
5022,4.3,5,185.30032539367676
5023,4.15,6,185.33285856246948
5024,4.15,6,185.36048126220703
5025,4.0,7,185.3952157497406
5026,4.6000000000000005,3,185.42117524147034
5027,4.449999999999999,4,185.44994735717773
5028,3.85,8,185.48295974731445
5029,3.55,10,185.52698016166687
5030,4.0,7,185.56127834320068
5031,4.6000000000000005,3,185.58875060081482
5032,-1.75,15,185.635427236557
5033,4.15,6,185.6711130142212
5034,4.449999999999999,4,185.70168256759644
5035,4.15,6,185.88677334785461
5036,4.6000000000000005,3,185.92026615142822
5037,-3.25,6,185.95289826393127
5038,-3.65,14,185.9977924823761
5039,3.85,8,186.0342559814453
5040,3.6999999999999997,9,186.07059741020203
5041,4.75,2,186.0949718952179
5042,4.9,1,186.11653971672058
5043,4.75,2,186.14282751083374
5044,4.75,2,186.16789197921753
5045,3.4,11,186.21017932891846
5046,3.4,11,186.24424505233765
5047,4.15,6,186.27300643920898
5048,4.449999999999999,4,186.30030846595764
5049,4.6000000000000005,3,186.32596802711487
5050,4.449999999999999,4,186.35926795005798
5051,4.449999999999999,4,186.39537000656128
5052,3.55,10,186.43422079086304
5053,4.75,2,186.46234440803528
5054,-3.65,14,186.50927591323853
5055,4.0,7,186.5379867553711
5056,4.75,2,186.56423830986023
5057,4.15,6,186.59860610961914
5058,4.75,2,186.6262001991272
5059,4.0,7,186.6619348526001
5060,4.75,2,186.6984350681305
5061,-3.5,11,186.739271402359
5062,3.25,12,186.7832396030426
5063,4.75,2,186.8115737438202
5064,4.449999999999999,4,186.83921146392822
5065,3.85,8,186.8754756450653
5066,4.75,2,186.90073204040527
5067,4.75,2,186.92343306541443
5068,4.0,7,186.95830941200256
5069,-3.45,10,186.99490094184875
5070,-3.6,13,187.0362048149109
5071,4.0,7,187.073823928833
5072,4.6000000000000005,3,187.10397505760193
5073,4.6000000000000005,3,187.13394331932068
5074,4.75,2,187.16354608535767
5075,4.75,2,187.19151997566223
5076,3.85,8,187.23112797737122
5077,4.0,7,187.26739978790283
5078,4.3,5,187.30046129226685
5079,-3.6,13,187.49842596054077
5080,4.9,1,187.52239775657654
5081,3.85,8,187.5536253452301
5082,4.75,2,187.57794737815857
5083,4.75,2,187.60051274299622
5084,-3.35,8,187.6308581829071
5085,4.0,7,187.6614019870758
5086,4.6000000000000005,3,187.6877520084381
5087,-3.6,13,187.7273552417755
5088,4.0,7,187.75744152069092
5089,4.6000000000000005,3,187.78448629379272
5090,4.0,7,187.81203651428223
5091,4.6000000000000005,3,187.8379590511322
5092,4.6000000000000005,3,187.86943817138672
5093,4.3,5,187.9018850326538
5094,4.6000000000000005,3,187.92754220962524
5095,4.449999999999999,4,187.95522785186768
5096,3.55,10,187.99558758735657
5097,4.449999999999999,4,188.02646207809448
5098,3.1,13,188.0810227394104
5099,4.449999999999999,4,188.11156296730042
5100,4.6000000000000005,3,188.14446115493774
5101,4.75,2,188.1690652370453
5102,-3.65,14,188.21668934822083
5103,4.75,2,188.24529266357422
5104,4.75,2,188.2690453529358
5105,3.85,8,188.3037211894989
5106,3.85,8,188.3505883216858
5107,4.75,2,188.37701225280762
5108,4.6000000000000005,3,188.41330194473267
5109,4.6000000000000005,3,188.44649410247803
5110,4.3,5,188.47834634780884
5111,4.449999999999999,4,188.50510668754578
5112,4.75,2,188.53213357925415
5113,4.449999999999999,4,188.56403422355652
5114,4.3,5,188.5925636291504
5115,4.3,5,188.61945128440857
5116,4.449999999999999,4,188.6472909450531
5117,4.75,2,188.67020893096924
5118,3.6999999999999997,9,188.70849514007568
5119,4.6000000000000005,3,188.73717761039734
5120,4.6000000000000005,3,188.76330184936523
5121,4.15,6,188.7935769557953
5122,4.9,1,188.81892442703247
5123,4.6000000000000005,3,188.8460032939911
5124,4.6000000000000005,3,188.87667560577393
5125,4.3,5,188.90439820289612
5126,3.4,11,188.94693303108215
5127,2.9499999999999997,14,188.988623380661
5128,4.6000000000000005,3,189.1648073196411
5129,4.449999999999999,4,189.19566440582275
5130,3.85,8,189.22876071929932
5131,4.0,7,189.25794291496277
5132,3.4,11,189.29773807525635
5133,4.6000000000000005,3,189.32335686683655
5134,4.449999999999999,4,189.35230994224548
5135,3.4,11,189.38835978507996
5136,4.6000000000000005,3,189.4139256477356
5137,4.3,5,189.43901705741882
5138,4.449999999999999,4,189.46459484100342
5139,4.6000000000000005,3,189.49419903755188
5140,3.55,10,189.54015493392944
5141,4.449999999999999,4,189.5722107887268
5142,4.9,1,189.5980887413025
5143,3.25,12,189.64517760276794
5144,4.6000000000000005,3,189.67339515686035
5145,4.75,2,189.70333886146545
5146,4.15,6,189.7378966808319
5147,3.55,10,189.77677035331726
5148,4.6000000000000005,3,189.80365657806396
5149,4.3,5,189.8323633670807
5150,4.75,2,189.8619945049286
5151,4.0,7,189.89697217941284
5152,4.75,2,189.92433047294617
5153,3.6999999999999997,9,189.96213912963867
5154,4.0,7,189.99723982810974
5155,3.85,8,190.03698897361755
5156,3.4,11,190.07631468772888
5157,3.85,8,190.1095106601715
5158,3.6999999999999997,9,190.14526629447937
5159,4.449999999999999,4,190.17135047912598
5160,3.85,8,190.20136952400208
5161,3.85,8,190.23513960838318
5162,4.0,7,190.26635026931763
5163,4.9,1,190.29003500938416
5164,-3.6,13,190.3377251625061
5165,3.85,8,190.37957167625427
5166,4.3,5,190.40676999092102
5167,4.6000000000000005,3,190.43567895889282
5168,4.449999999999999,4,190.46232962608337
5169,4.75,2,190.48623824119568
5170,4.3,5,190.5157709121704
5171,4.0,7,190.71074771881104
5172,4.3,5,190.75234293937683
5173,3.55,10,190.79713678359985
5174,4.15,6,190.82742428779602
5175,4.449999999999999,4,190.85787892341614
5176,4.3,5,190.8870723247528
5177,3.85,8,190.92049193382263
5178,4.3,5,190.9500379562378
5179,4.15,6,190.97949028015137
5180,3.4,11,191.01529836654663
5181,4.0,7,191.05470061302185
5182,-3.55,12,191.0977759361267
5183,4.9,1,191.12404131889343
5184,4.6000000000000005,3,191.15430116653442
5185,3.6999999999999997,9,191.19426488876343
5186,3.85,8,191.23567819595337
5187,4.6000000000000005,3,191.27005004882812
5188,-3.7,15,191.31752800941467
5189,-3.2,5,191.35132098197937
5190,4.6000000000000005,3,191.37896299362183
5191,4.15,6,191.40819597244263
5192,4.3,5,191.4371087551117
5193,4.0,7,191.47246766090393
5194,4.75,2,191.49710988998413
5195,4.6000000000000005,3,191.52288269996643
5196,4.449999999999999,4,191.55128240585327
5197,4.3,5,191.58480024337769
5198,4.15,6,191.61521983146667
5199,4.449999999999999,4,191.64142060279846
5200,4.6000000000000005,3,191.6707260608673
5201,3.85,8,191.71161603927612
5202,4.449999999999999,4,191.73908233642578
5203,4.6000000000000005,3,191.76528549194336
5204,4.3,5,191.79594254493713
5205,4.3,5,191.8269863128662
5206,4.75,2,191.8519630432129
5207,4.449999999999999,4,191.8836476802826
5208,3.6999999999999997,9,191.92795705795288
5209,3.6999999999999997,9,191.9710454940796
5210,4.3,5,192.00348258018494
5211,4.6000000000000005,3,192.0286135673523
5212,4.449999999999999,4,192.0620720386505
5213,4.6000000000000005,3,192.08641624450684
5214,4.3,5,192.1176700592041
5215,4.15,6,192.15116715431213
5216,4.0,7,192.183345079422
5217,4.6000000000000005,3,192.36840724945068
5218,4.6000000000000005,3,192.40216398239136
5219,4.6000000000000005,3,192.42848253250122
5220,4.6000000000000005,3,192.45846033096313
5221,4.449999999999999,4,192.4868564605713
5222,4.6000000000000005,3,192.5107011795044
5223,4.15,6,192.54047632217407
5224,4.6000000000000005,3,192.56691718101501
5225,4.3,5,192.59362506866455
5226,4.6000000000000005,3,192.62191224098206
5227,4.0,7,192.6531593799591
5228,2.9499999999999997,14,192.70780611038208
5229,3.85,8,192.74807405471802
5230,4.75,2,192.77586483955383
5231,4.75,2,192.8029112815857
5232,4.0,7,192.83376240730286
5233,3.6999999999999997,9,192.8712193965912
5234,4.449999999999999,4,192.9049243927002
5235,4.449999999999999,4,192.9341390132904
5236,4.15,6,192.9674756526947
5237,-3.25,6,193.00623989105225
5238,4.449999999999999,4,193.0379514694214
5239,4.3,5,193.06985306739807
5240,4.449999999999999,4,193.10187411308289
5241,4.9,1,193.12822222709656
5242,4.3,5,193.16156435012817
5243,4.0,7,193.1955063343048
5244,4.0,7,193.22386121749878
5245,4.3,5,193.25434470176697
5246,-3.65,14,193.2950508594513
5247,-3.45,10,193.33075833320618
5248,4.75,2,193.35204887390137
5249,4.3,5,193.3862669467926
5250,4.3,5,193.41948175430298
5251,3.55,10,193.46014213562012
5252,4.6000000000000005,3,193.48488354682922
5253,-1.75,15,193.53115153312683
5254,4.449999999999999,4,193.5647349357605
5255,3.6999999999999997,9,193.59888172149658
5256,4.15,6,193.63034582138062
5257,3.55,10,193.6661171913147
5258,3.4,11,193.7027931213379
5259,3.55,10,193.73739171028137
5260,4.449999999999999,4,193.91383838653564
5261,4.0,7,193.94835376739502
5262,3.55,10,193.98771786689758
5263,4.449999999999999,4,194.01937437057495
5264,4.449999999999999,4,194.05205392837524
5265,4.6000000000000005,3,194.07770133018494
5266,4.0,7,194.10867857933044
5267,4.0,7,194.14169216156006
5268,3.25,12,194.19090366363525
5269,4.75,2,194.21829295158386
5270,3.85,8,194.26208186149597
5271,3.85,8,194.30348086357117
5272,4.75,2,194.33194160461426
5273,3.55,10,194.3717703819275
5274,4.0,7,194.40913772583008
5275,4.0,7,194.44641947746277
5276,4.3,5,194.4791762828827
5277,4.0,7,194.5124430656433
5278,4.6000000000000005,3,194.53737950325012
5279,4.449999999999999,4,194.5643346309662
5280,3.85,8,194.5969250202179
5281,4.449999999999999,4,194.6281716823578
5282,3.25,12,194.66772294044495
5283,4.9,1,194.69615244865417
5284,4.6000000000000005,3,194.7245225906372
5285,3.4,11,194.76346802711487
5286,4.449999999999999,4,194.79627561569214
5287,3.85,8,194.83552408218384
5288,4.9,1,194.87113094329834
5289,4.0,7,194.9037640094757
5290,3.55,10,194.93934059143066
5291,4.9,1,194.97171449661255
5292,4.15,6,195.00246286392212
5293,4.0,7,195.03548383712769
5294,4.449999999999999,4,195.06450629234314
5295,3.85,8,195.09832286834717
5296,3.4,11,195.13605761528015
5297,4.449999999999999,4,195.16168665885925
5298,4.449999999999999,4,195.18692541122437
5299,4.0,7,195.22475671768188
5300,4.3,5,195.2548475265503
5301,4.75,2,195.28246235847473
5302,4.15,6,195.31596517562866
5303,4.449999999999999,4,195.5038104057312
5304,4.15,6,195.53520727157593
5305,4.6000000000000005,3,195.561176776886
5306,3.4,11,195.60272526741028
5307,-3.7,15,195.6466236114502
5308,4.449999999999999,4,195.67389750480652
5309,4.6000000000000005,3,195.70299434661865
5310,4.6000000000000005,3,195.73121070861816
5311,4.75,2,195.75440740585327
5312,4.75,2,195.78668022155762
5313,-3.4,9,195.82455682754517
5314,-3.45,10,195.86224818229675
5315,4.449999999999999,4,195.88894176483154
5316,4.449999999999999,4,195.9180977344513
5317,4.6000000000000005,3,195.95050239562988
5318,4.15,6,195.98096466064453
5319,3.85,8,196.01469898223877
5320,4.75,2,196.03842067718506
5321,4.449999999999999,4,196.07006168365479
5322,4.15,6,196.1037769317627
5323,4.3,5,196.13781309127808
5324,4.75,2,196.1636483669281
5325,3.6999999999999997,9,196.20212483406067
5326,3.55,10,196.2441611289978
5327,4.3,5,196.27381587028503
5328,3.85,8,196.31391525268555
5329,4.6000000000000005,3,196.3474771976471
5330,4.6000000000000005,3,196.3726363182068
5331,4.3,5,196.4007613658905
5332,-3.6,13,196.44326257705688
5333,4.3,5,196.47032761573792
5334,4.75,2,196.4974329471588
5335,4.449999999999999,4,196.53111720085144
5336,4.449999999999999,4,196.5579798221588
5337,4.6000000000000005,3,196.5837550163269
5338,3.85,8,196.6186146736145
5339,-1.75,15,196.66719722747803
5340,4.15,6,196.6992220878601
5341,4.15,6,196.7311086654663
5342,-3.55,12,196.76718878746033
5343,3.1,13,196.81333231925964
5344,4.75,2,196.84034752845764
5345,3.85,8,197.01415848731995
5346,3.6999999999999997,9,197.0514678955078
5347,-1.75,15,197.09411787986755
5348,4.15,6,197.1278417110443
5349,4.6000000000000005,3,197.15772819519043
5350,4.15,6,197.18565583229065
5351,4.3,5,197.2145278453827
5352,4.0,7,197.24984669685364
5353,4.449999999999999,4,197.28492045402527
5354,4.6000000000000005,3,197.31598711013794
5355,4.3,5,197.34816360473633
5356,3.85,8,197.39067339897156
5357,4.6000000000000005,3,197.41809844970703
5358,4.15,6,197.45717692375183
5359,3.6999999999999997,9,197.49944853782654
5360,4.75,2,197.52756261825562
5361,4.75,2,197.55510830879211
5362,4.449999999999999,4,197.58787751197815
5363,4.0,7,197.61875414848328
5364,-1.75,15,197.66736364364624
5365,4.0,7,197.7041563987732
5366,4.6000000000000005,3,197.7337772846222
5367,3.55,10,197.77696299552917
5368,4.15,6,197.80901074409485
5369,4.3,5,197.84155464172363
5370,4.75,2,197.86612582206726
5371,4.9,1,197.88678097724915
5372,4.9,1,197.91086077690125
5373,4.9,1,197.93458724021912
5374,4.3,5,197.96229028701782
5375,4.0,7,197.9941108226776
5376,4.6000000000000005,3,198.0231728553772
5377,4.6000000000000005,3,198.05641770362854
5378,-1.75,15,198.1018636226654
5379,4.3,5,198.13145971298218
5380,3.6999999999999997,9,198.1667034626007
5381,4.15,6,198.19832181930542
5382,4.9,1,198.21995949745178
5383,4.449999999999999,4,198.24802923202515
5384,3.6999999999999997,9,198.2859263420105
5385,4.3,5,198.31704831123352
5386,4.75,2,198.34618139266968
5387,4.0,7,198.3791151046753
5388,3.55,10,198.41374945640564
5389,4.3,5,198.4418797492981
5390,4.3,5,198.60258269309998
5391,4.75,2,198.62858605384827
5392,4.75,2,198.65833163261414
5393,4.15,6,198.68677854537964
5394,-3.65,14,198.72692942619324
5395,4.3,5,198.7564582824707
5396,4.449999999999999,4,198.78715062141418
5397,4.75,2,198.81432676315308
5398,4.449999999999999,4,198.84000325202942
5399,-3.65,14,198.8893220424652
5400,-3.6,13,198.93603610992432
5401,4.6000000000000005,3,198.96502566337585
5402,4.449999999999999,4,198.99492359161377
5403,3.85,8,199.03504824638367
5404,3.25,12,199.08566880226135
5405,4.75,2,199.11436676979065
5406,3.6999999999999997,9,199.15543961524963
5407,4.15,6,199.18831300735474
5408,4.6000000000000005,3,199.22136092185974
5409,4.9,1,199.2457935810089
5410,4.3,5,199.27854657173157
5411,3.55,10,199.32368922233582
5412,4.3,5,199.36438941955566
5413,4.3,5,199.3991677761078
5414,4.75,2,199.43364429473877
5415,4.9,1,199.45781755447388
5416,4.449999999999999,4,199.48611450195312
5417,4.15,6,199.5180959701538
5418,4.3,5,199.55273127555847
5419,4.75,2,199.57836866378784
5420,4.449999999999999,4,199.60545563697815
5421,3.85,8,199.64200043678284
5422,4.15,6,199.66971826553345
5423,4.3,5,199.69648432731628
5424,3.6999999999999997,9,199.7291874885559
5425,4.75,2,199.75315642356873
5426,-3.45,10,199.78620839118958
5427,4.75,2,199.8136968612671
5428,4.6000000000000005,3,199.83998012542725
5429,4.449999999999999,4,199.86860036849976
5430,-3.4,9,199.90859293937683
5431,4.449999999999999,4,199.93545722961426
5432,4.75,2,199.95864534378052
5433,4.6000000000000005,3,199.9869475364685
5434,-3.3,7,200.01844549179077
5435,4.15,6,200.04722332954407
5436,-3.55,12,200.23925280570984
5437,4.6000000000000005,3,200.26788187026978
5438,4.6000000000000005,3,200.29755520820618
5439,4.15,6,200.33158564567566
5440,-3.7,15,200.37665224075317
5441,3.85,8,200.41234612464905
5442,4.0,7,200.44175386428833
5443,4.75,2,200.4675648212433
5444,4.15,6,200.49724197387695
5445,4.75,2,200.52198338508606
5446,4.0,7,200.55255913734436
5447,4.0,7,200.5828561782837
5448,3.55,10,200.62733626365662
5449,4.15,6,200.66410207748413
5450,4.6000000000000005,3,200.6928050518036
5451,3.6999999999999997,9,200.74695110321045
5452,4.3,5,200.78740072250366
5453,4.6000000000000005,3,200.82066297531128
5454,4.449999999999999,4,200.8528654575348
5455,4.0,7,200.89774632453918
5456,4.0,7,200.93497228622437
5457,4.6000000000000005,3,200.9657905101776
5458,4.6000000000000005,3,200.996417760849
5459,3.4,11,201.0375463962555
5460,4.15,6,201.07029151916504
5461,4.6000000000000005,3,201.09681868553162
5462,4.3,5,201.1271526813507
5463,4.449999999999999,4,201.1547384262085
5464,4.449999999999999,4,201.186461687088
5465,4.75,2,201.21486616134644
5466,4.0,7,201.24576616287231
5467,4.15,6,201.28020787239075
5468,4.6000000000000005,3,201.30648350715637
5469,4.6000000000000005,3,201.33775234222412
5470,4.75,2,201.36844539642334
5471,-3.7,15,201.4243791103363
5472,4.9,1,201.4474630355835
5473,4.6000000000000005,3,201.47537088394165
5474,4.449999999999999,4,201.50117945671082
5475,4.3,5,201.52889823913574
5476,4.449999999999999,4,201.55610489845276
5477,4.449999999999999,4,201.58471703529358
5478,3.6999999999999997,9,201.61832189559937
5479,4.6000000000000005,3,201.64280080795288
5480,4.3,5,201.66979384422302
5481,-3.4,9,201.70400595664978
5482,-3.7,15,201.90767407417297
5483,4.6000000000000005,3,201.93467569351196
5484,4.6000000000000005,3,201.96303915977478
5485,4.449999999999999,4,201.98970413208008
5486,4.75,2,202.01428723335266
5487,4.3,5,202.04743838310242
5488,4.75,2,202.07353043556213
5489,4.449999999999999,4,202.1011152267456
5490,4.3,5,202.13070678710938
5491,4.75,2,202.1573224067688
5492,3.85,8,202.19142413139343
5493,4.15,6,202.22154879570007
5494,4.15,6,202.25413632392883
5495,4.449999999999999,4,202.29360723495483
5496,4.75,2,202.3188018798828
5497,-3.05,2,202.34438633918762
5498,3.6999999999999997,9,202.3845407962799
5499,-3.65,14,202.43980240821838
5500,-3.2,5,202.47221159934998
5501,4.449999999999999,4,202.5009617805481
5502,4.6000000000000005,3,202.5284607410431
5503,4.6000000000000005,3,202.55634021759033
5504,4.449999999999999,4,202.5828685760498
5505,4.6000000000000005,3,202.6066460609436
5506,4.3,5,202.63746404647827
5507,3.55,10,202.67287254333496
5508,4.9,1,202.6982855796814
5509,4.6000000000000005,3,202.72617650032043
5510,4.449999999999999,4,202.7507553100586
5511,-3.3,7,202.78047943115234
5512,4.9,1,202.80852556228638
5513,3.6999999999999997,9,202.84561157226562
5514,3.85,8,202.8776080608368
5515,4.6000000000000005,3,202.90015959739685
5516,4.449999999999999,4,202.9264578819275
5517,4.15,6,202.95366835594177
5518,4.15,6,202.98338532447815
5519,4.15,6,203.0124316215515
5520,4.6000000000000005,3,203.0433316230774
5521,4.0,7,203.07659435272217
5522,4.75,2,203.10725593566895
5523,-3.6,13,203.15099930763245
5524,4.9,1,203.17943334579468
5525,3.25,12,203.22317695617676
5526,4.9,1,203.24573969841003
5527,4.6000000000000005,3,203.27537965774536
5528,4.3,5,203.30304384231567
5529,4.3,5,203.33186268806458
5530,3.55,10,203.37358832359314
5531,4.6000000000000005,3,203.39938187599182
5532,4.9,1,203.42608451843262
5533,4.75,2,203.45161819458008
5534,4.6000000000000005,3,203.4766342639923
5535,4.15,6,203.6622714996338
5536,-3.65,14,203.70598721504211
5537,4.6000000000000005,3,203.7413558959961
5538,-3.15,4,203.77259063720703
5539,4.3,5,203.80982422828674
5540,4.3,5,203.84328198432922
5541,4.0,7,203.87895894050598
5542,3.6999999999999997,9,203.92099261283875
5543,4.75,2,203.95026326179504
5544,4.0,7,203.99508261680603
5545,-3.35,8,204.03682470321655
5546,4.9,1,204.06566500663757
5547,4.75,2,204.08966851234436
5548,4.75,2,204.12493085861206
5549,4.3,5,204.16468715667725
5550,-3.6,13,204.21199369430542
5551,4.3,5,204.24916315078735
5552,4.75,2,204.27426719665527
5553,4.3,5,204.30230164527893
5554,4.0,7,204.34019255638123
5555,4.449999999999999,4,204.36885523796082
5556,4.6000000000000005,3,204.3969988822937
5557,4.449999999999999,4,204.42588877677917
5558,4.6000000000000005,3,204.4552755355835
5559,4.0,7,204.48637533187866
5560,4.75,2,204.51530623435974
5561,4.3,5,204.54656291007996
5562,-3.5,11,204.58478116989136
5563,4.6000000000000005,3,204.61074352264404
5564,4.15,6,204.64312076568604
5565,4.75,2,204.66593956947327
5566,4.449999999999999,4,204.69578909873962
5567,4.6000000000000005,3,204.72493433952332
5568,-3.7,15,204.76634883880615
5569,4.75,2,204.78857946395874
5570,4.6000000000000005,3,204.8171739578247
5571,4.449999999999999,4,204.84647965431213
5572,-3.45,10,204.88186812400818
5573,4.75,2,204.9085087776184
5574,3.85,8,204.9486222267151
5575,-3.3,7,204.98133993148804
5576,4.449999999999999,4,205.01307702064514
5577,4.6000000000000005,3,205.04840779304504
5578,4.449999999999999,4,205.07843446731567
5579,4.6000000000000005,3,205.1053717136383
5580,4.0,7,205.15086770057678
5581,3.85,8,205.18825125694275
5582,4.9,1,205.21473741531372
5583,-3.5,11,205.42098832130432
5584,4.6000000000000005,3,205.4478566646576
5585,4.6000000000000005,3,205.48028421401978
5586,4.3,5,205.5132553577423
5587,4.6000000000000005,3,205.54503846168518
5588,3.6999999999999997,9,205.58107352256775
5589,4.449999999999999,4,205.60631108283997
5590,3.6999999999999997,9,205.64518094062805
5591,4.449999999999999,4,205.67803645133972
5592,4.6000000000000005,3,205.70987153053284
5593,4.6000000000000005,3,205.7417013645172
5594,4.3,5,205.77781438827515
5595,4.3,5,205.8053960800171
5596,4.449999999999999,4,205.84332728385925
5597,4.449999999999999,4,205.87031722068787
5598,4.0,7,205.90775442123413
5599,4.3,5,205.938618183136
5600,4.75,2,205.96167922019958
5601,4.3,5,205.9908058643341
5602,4.9,1,206.01461672782898
5603,4.449999999999999,4,206.0447177886963
5604,4.75,2,206.0692126750946
5605,4.15,6,206.1014530658722
5606,4.0,7,206.1405849456787
5607,4.3,5,206.16989040374756
5608,-3.6,13,206.2179639339447
5609,-3.45,10,206.25264525413513
5610,4.75,2,206.27845907211304
5611,-3.35,8,206.31502532958984
5612,4.15,6,206.34519958496094
5613,4.15,6,206.37614822387695
5614,4.15,6,206.41066884994507
5615,4.9,1,206.43301701545715
5616,4.3,5,206.4620270729065
5617,3.6999999999999997,9,206.49830150604248
5618,4.449999999999999,4,206.52558302879333
5619,4.6000000000000005,3,206.54876160621643
5620,4.9,1,206.57249546051025
5621,3.6999999999999997,9,206.61268854141235
5622,3.6999999999999997,9,206.65782737731934
5623,3.55,10,206.70652770996094
5624,4.3,5,206.736576795578
5625,4.3,5,206.76839447021484
5626,4.6000000000000005,3,206.79620909690857
5627,3.85,8,206.8326756954193
5628,4.449999999999999,4,206.8629994392395
5629,4.75,2,206.89068174362183
5630,4.15,6,206.92361879348755
5631,4.75,2,206.95491814613342
5632,4.9,1,206.98091292381287
5633,4.9,1,207.00235652923584
5634,-3.65,14,207.2235107421875
5635,3.85,8,207.26749777793884
5636,4.75,2,207.29566478729248
5637,4.15,6,207.33072805404663
5638,4.3,5,207.36260151863098
5639,4.3,5,207.39283347129822
5640,3.6999999999999997,9,207.4371316432953
5641,4.449999999999999,4,207.47528219223022
5642,4.6000000000000005,3,207.5070927143097
5643,4.3,5,207.53905940055847
5644,-3.6,13,207.57942128181458
5645,4.3,5,207.6110942363739
5646,-3.3,7,207.64515137672424
5647,3.85,8,207.68047666549683
5648,4.3,5,207.7111566066742
5649,4.0,7,207.75132203102112
5650,3.4,11,207.795743227005
5651,4.449999999999999,4,207.83069443702698
5652,-3.55,12,207.87995147705078
5653,3.6999999999999997,9,207.9217574596405
5654,4.0,7,207.95255708694458
5655,4.9,1,207.97825407981873
5656,4.75,2,208.0032479763031
5657,4.6000000000000005,3,208.02951383590698
5658,4.3,5,208.0622091293335
5659,4.6000000000000005,3,208.09107089042664
5660,4.6000000000000005,3,208.11825966835022
5661,4.3,5,208.1480770111084
5662,4.449999999999999,4,208.17859315872192
5663,-3.5,11,208.22107076644897
5664,4.3,5,208.24968957901
5665,4.3,5,208.2818250656128
5666,-3.65,14,208.32275700569153
5667,4.75,2,208.3457052707672
5668,-3.35,8,208.3773500919342
5669,3.55,10,208.41940712928772
5670,4.6000000000000005,3,208.44838190078735
5671,4.3,5,208.48587918281555
5672,4.0,7,208.52722811698914
5673,-3.2,5,208.56270623207092
5674,4.0,7,208.59660601615906
5675,4.75,2,208.62253594398499
5676,4.3,5,208.66245484352112
5677,4.75,2,208.86263179779053
5678,4.15,6,208.8936767578125
5679,4.6000000000000005,3,208.92175912857056
5680,4.15,6,208.95935702323914
5681,4.15,6,208.99074459075928
5682,3.4,11,209.02839517593384
5683,4.6000000000000005,3,209.05537867546082
5684,4.75,2,209.08219385147095
5685,4.6000000000000005,3,209.11091113090515
5686,4.15,6,209.14002799987793
5687,4.6000000000000005,3,209.16529870033264
5688,3.85,8,209.2008638381958
5689,4.0,7,209.2318947315216
5690,4.3,5,209.2595157623291
5691,3.85,8,209.2945773601532
5692,4.449999999999999,4,209.32353520393372
5693,4.3,5,209.35466289520264
5694,4.0,7,209.3880467414856
5695,4.6000000000000005,3,209.41510915756226
5696,-3.7,15,209.45982599258423
5697,4.15,6,209.49777746200562
5698,4.6000000000000005,3,209.52265048027039
5699,-3.45,10,209.55961799621582
5700,3.85,8,209.5898458957672
5701,4.0,7,209.6295952796936
5702,4.0,7,209.6627209186554
5703,4.75,2,209.69560074806213
5704,4.3,5,209.72674560546875
5705,4.75,2,209.75617218017578
5706,-1.75,15,209.80140471458435
5707,4.449999999999999,4,209.82919311523438
5708,3.55,10,209.86649203300476
5709,4.6000000000000005,3,209.89386415481567
5710,3.85,8,209.92504692077637
5711,3.85,8,209.9605369567871
5712,4.449999999999999,4,209.98997926712036
5713,4.75,2,210.01700139045715
5714,4.449999999999999,4,210.04453206062317
5715,4.3,5,210.07632637023926
5716,4.6000000000000005,3,210.10381078720093
5717,-3.55,12,210.14737629890442
5718,4.6000000000000005,3,210.17907190322876
5719,4.449999999999999,4,210.2094120979309
5720,4.75,2,210.23313665390015
5721,4.3,5,210.26417565345764
5722,3.85,8,210.4499065876007
5723,4.15,6,210.48392963409424
5724,-3.65,14,210.5256507396698
5725,4.75,2,210.54879069328308
5726,3.1,13,210.58856844902039
5727,4.15,6,210.62235641479492
5728,3.6999999999999997,9,210.65713691711426
5729,4.0,7,210.69093656539917
5730,4.449999999999999,4,210.72774958610535
5731,4.3,5,210.7563054561615
5732,4.15,6,210.7940902709961
5733,4.449999999999999,4,210.8300175666809
5734,4.75,2,210.8611617088318
5735,3.85,8,210.90505743026733
5736,4.449999999999999,4,210.93451285362244
5737,4.75,2,210.96211910247803
5738,4.3,5,210.99045276641846
5739,4.15,6,211.01820254325867
5740,3.55,10,211.06062269210815
5741,3.6999999999999997,9,211.0946729183197
5742,4.3,5,211.12527298927307
5743,3.4,11,211.17622685432434
5744,4.15,6,211.2124400138855
5745,4.449999999999999,4,211.24319505691528
5746,4.3,5,211.2723548412323
5747,4.15,6,211.30695486068726
5748,4.449999999999999,4,211.33552598953247
5749,4.449999999999999,4,211.3659689426422
5750,4.15,6,211.39648461341858
5751,3.85,8,211.4332413673401
5752,4.3,5,211.46196389198303
5753,4.0,7,211.48980832099915
5754,3.6999999999999997,9,211.5243787765503
5755,4.75,2,211.55062556266785
5756,4.15,6,211.58816719055176
5757,4.449999999999999,4,211.61852860450745
5758,3.6999999999999997,9,211.65498805046082
5759,3.85,8,211.6967544555664
5760,3.85,8,211.73632526397705
5761,4.15,6,211.77499103546143
5762,4.3,5,211.9791476726532
5763,4.449999999999999,4,212.01392793655396
5764,4.9,1,212.03907680511475
5765,-3.6,13,212.07846784591675
5766,3.6999999999999997,9,212.1110622882843
5767,4.75,2,212.1324667930603
5768,4.3,5,212.1648018360138
5769,4.9,1,212.18859004974365
5770,4.6000000000000005,3,212.22249817848206
5771,4.6000000000000005,3,212.24942684173584
5772,-1.75,15,212.29922127723694
5773,4.6000000000000005,3,212.330313205719
5774,4.6000000000000005,3,212.35689091682434
5775,4.0,7,212.39132499694824
5776,4.6000000000000005,3,212.41908812522888
5777,4.15,6,212.45063161849976
5778,4.6000000000000005,3,212.47749948501587
5779,-3.4,9,212.51672220230103
5780,4.449999999999999,4,212.54391145706177
5781,4.6000000000000005,3,212.574533700943
5782,4.15,6,212.60460686683655
5783,4.3,5,212.6356315612793
5784,4.0,7,212.6682572364807
5785,4.449999999999999,4,212.6994137763977
5786,4.3,5,212.73249745368958
5787,3.85,8,212.77446341514587
5788,3.6999999999999997,9,212.8082537651062
5789,3.55,10,212.84460020065308
5790,4.75,2,212.86647152900696
5791,4.449999999999999,4,212.89200949668884
5792,4.449999999999999,4,212.91926288604736
5793,4.75,2,212.94472670555115
5794,-3.4,9,212.98032188415527
5795,4.0,7,213.01048398017883
5796,4.449999999999999,4,213.04058933258057
5797,4.75,2,213.0674057006836
5798,3.6999999999999997,9,213.10717606544495
5799,4.75,2,213.13483715057373
5800,4.6000000000000005,3,213.16694974899292
5801,-3.45,10,213.2113106250763
5802,4.449999999999999,4,213.24641466140747
5803,4.449999999999999,4,213.28271985054016
5804,4.0,7,213.31694388389587
5805,4.15,6,213.35219383239746
5806,3.4,11,213.39366936683655
5807,4.75,2,213.4218668937683
5808,4.3,5,213.45341539382935
5809,4.6000000000000005,3,213.4840714931488
5810,4.6000000000000005,3,213.51276087760925
5811,4.0,7,213.687433719635
5812,4.3,5,213.71676516532898
5813,4.0,7,213.7484085559845
5814,4.75,2,213.77208709716797
5815,4.6000000000000005,3,213.79820275306702
5816,4.449999999999999,4,213.82289624214172
5817,4.75,2,213.8472912311554
5818,4.3,5,213.8758237361908
5819,-3.5,11,213.91226148605347
5820,4.3,5,213.94398546218872
5821,3.85,8,213.98329520225525
5822,4.0,7,214.01721000671387
5823,4.15,6,214.0503489971161
5824,4.9,1,214.0737943649292
5825,4.449999999999999,4,214.10355305671692
5826,3.55,10,214.14981889724731
5827,4.3,5,214.1861550807953
5828,4.3,5,214.22026205062866
5829,4.15,6,214.2514295578003
5830,4.3,5,214.2845618724823
5831,4.0,7,214.31859421730042
5832,3.85,8,214.34861660003662
5833,4.0,7,214.38442087173462
5834,4.75,2,214.41563653945923
5835,4.75,2,214.44220638275146
5836,-3.45,10,214.4788146018982
5837,4.0,7,214.50902104377747
5838,3.55,10,214.54466915130615
5839,4.15,6,214.57514142990112
5840,4.3,5,214.6040825843811
5841,2.9499999999999997,14,214.6481969356537
5842,4.6000000000000005,3,214.67852306365967
5843,4.3,5,214.7107434272766
5844,4.449999999999999,4,214.73833537101746
5845,4.15,6,214.77750325202942
5846,4.6000000000000005,3,214.80066394805908
5847,4.449999999999999,4,214.82968282699585
5848,4.0,7,214.8651156425476
5849,4.0,7,214.91172242164612
5850,4.449999999999999,4,214.9449462890625
5851,4.3,5,214.97829723358154
5852,3.4,11,215.0190451145172
5853,4.449999999999999,4,215.05021619796753
5854,3.6999999999999997,9,215.2411072254181
5855,4.449999999999999,4,215.27117705345154
5856,4.6000000000000005,3,215.29875016212463
5857,4.15,6,215.32882404327393
5858,4.3,5,215.36740016937256
5859,-3.55,12,215.4044852256775
5860,4.3,5,215.44087266921997
5861,-3.35,8,215.46964573860168
5862,4.449999999999999,4,215.49794673919678
5863,4.15,6,215.52904224395752
5864,-3.5,11,215.57522249221802
5865,-3.7,15,215.62707901000977
5866,4.3,5,215.65589499473572
5867,4.15,6,215.68583488464355
5868,-3.3,7,215.71960997581482
5869,4.75,2,215.74429774284363
5870,4.3,5,215.77047610282898
5871,4.15,6,215.80058574676514
5872,4.449999999999999,4,215.8282265663147
5873,4.9,1,215.85222554206848
5874,4.75,2,215.88556671142578
5875,4.6000000000000005,3,215.91692972183228
5876,4.9,1,215.94215369224548
5877,3.25,12,215.98311018943787
5878,4.6000000000000005,3,216.0107626914978
5879,4.0,7,216.04533314704895
5880,4.6000000000000005,3,216.07322883605957
5881,-3.65,14,216.11174821853638
5882,4.6000000000000005,3,216.1339454650879
5883,3.85,8,216.16414427757263
5884,4.75,2,216.1861367225647
5885,-3.5,11,216.22626972198486
5886,4.0,7,216.26218795776367
5887,-3.55,12,216.30576300621033
5888,4.6000000000000005,3,216.33503460884094
5889,4.75,2,216.36486220359802
5890,3.85,8,216.40066146850586
5891,-3.5,11,216.44388961791992
5892,4.449999999999999,4,216.47193717956543
5893,4.9,1,216.4946117401123
5894,3.4,11,216.53477597236633
5895,4.75,2,216.56161904335022
5896,4.6000000000000005,3,216.58937883377075
5897,4.15,6,216.61959385871887
