#{"t_start": 1787939247.7590098, "env_id": "None"}
r,l,t
4.3,5,0.048836
-3.1,3,0.076698
4.3,5,0.112352
-3.25,6,0.144098
-3.0,1,0.165879
-3.1,3,0.19561
-3.1,3,0.224563
-3.0,1,0.248677
4.6,3,0.274893
-3.15,4,0.308199
3.4,11,0.347744
-3.05,2,0.369406
-3.05,2,0.397453
-3.1,3,0.42267
-3.0,1,0.447217
-3.0,1,0.473428
4.0,7,0.507586
4.15,6,0.536134
-3.05,2,0.560169
-3.2,5,0.595701
-3.15,4,0.62615
3.4,11,0.678537
-3.05,2,0.707106
-3.15,4,0.733394
-3.15,4,0.764313
-3.0,1,0.792456
-3.0,1,0.823316
-3.0,1,0.846732
-3.05,2,0.8754
-3.0,1,0.902126
-3.0,1,0.925176
3.7,9,0.967694
4.45,4,0.998719
-3.0,1,1.021215
-3.15,4,1.054247
3.55,10,1.101599
4.0,7,1.13605
-3.15,4,1.166962
-3.35,8,1.203059
-3.1,3,1.229491
3.85,8,1.267125
-3.0,1,1.29615
-3.1,3,1.326784
-3.0,1,1.347814
-3.2,5,1.374247
-3.1,3,1.400197
-3.1,3,1.430615
-3.1,3,1.457004
-3.1,3,1.492393
-1.75,15,1.535699
-3.2,5,1.568403
-3.0,1,1.599736
-3.0,1,1.631217
-3.05,2,1.6591
-3.25,6,1.689501
-3.05,2,1.71212
-3.25,6,1.746507
-3.3,7,1.778248
-3.1,3,1.807099
-3.05,2,1.82819
-3.6,13,1.873862
-3.45,10,2.051394
-3.15,4,2.079511
-3.1,3,2.106835
-3.35,8,2.139225
-3.1,3,2.165037
4.15,6,2.196696
-3.05,2,2.224211
-3.3,7,2.256984
4.9,1,2.279956
3.85,8,2.313778
-3.25,6,2.345793
-3.2,5,2.377971
-3.05,2,2.40368
-3.0,1,2.427447
3.7,9,2.465954
-3.0,1,2.49425
-1.75,15,2.549478
4.75,2,2.579727
-3.0,1,2.612826
4.75,2,2.640859
4.75,2,2.673846
3.85,8,2.710149
-3.0,1,2.740601
-3.55,12,2.782585
4.3,5,2.814509
4.45,4,2.847501
-3.35,8,2.886766
4.75,2,2.914456
4.45,4,2.945484
-3.0,1,2.969703
-3.0,1,2.997019
-3.1,3,3.023426
4.45,4,3.057464
-3.0,1,3.082469
-3.2,5,3.115149
-3.0,1,3.141919
-3.35,8,3.176702
-3.05,2,3.200443
-3.0,1,3.227552
-3.05,2,3.260985
4.15,6,3.297221
-3.2,5,3.327934
-3.1,3,3.356404
-3.0,1,3.384414
-3.05,2,3.409313
-3.1,3,3.434842
3.55,10,3.47356
-3.15,4,3.499626
-3.3,7,3.529106
-1.75,15,3.574474
-1.75,15,3.61768
-3.0,1,3.642713
-3.55,12,3.683318
-3.05,2,3.713099
-3.0,1,3.736253
-3.1,3,3.763066
4.9,1,3.784194
-3.05,2,3.946147
-3.15,4,3.979717
-3.1,3,4.010597
-3.25,6,4.042683
-3.05,2,4.069747
-3.45,10,4.113315
-3.1,3,4.139868
-3.6,13,4.181574
-3.2,5,4.212365
-3.0,1,4.236966
3.7,9,4.274242
-3.0,1,4.29898
-3.0,1,4.323359
-3.25,6,4.358078
-3.05,2,4.384895
-3.2,5,4.412985
3.4,11,4.457495
3.85,8,4.49259
4.3,5,4.523607
-3.45,10,4.558514
-3.15,4,4.587289
-3.05,2,4.609429
-3.4,9,4.643291
-3.25,6,4.672927
-3.1,3,4.703473
-3.0,1,4.727924
-3.4,9,4.763504
-3.05,2,4.785726
-3.1,3,4.812257
-3.0,1,4.832917
-3.0,1,4.862256
-3.1,3,4.889208
-3.35,8,4.929978
4.75,2,4.956343
-3.0,1,4.981367
-3.65,14,5.036889
4.15,6,5.072148
-3.0,1,5.095261
4.75,2,5.12004
4.15,6,5.151964
4.45,4,5.182971
4.15,6,5.215986
-3.15,4,5.247515
4.45,4,5.275266
4.45,4,5.301201
-3.0,1,5.325955
3.85,8,5.360471
-3.15,4,5.389675
-3.0,1,5.421338
-3.5,11,5.462143
-3.0,1,5.4868
-3.15,4,5.517271
-3.05,2,5.546006
3.85,8,5.585864
-3.0,1,5.61082
-3.05,2,5.63745
3.7,9,5.845333
-3.1,3,5.868704
-3.1,3,5.895983
-3.4,9,5.936473
-3.4,9,5.977778
-3.0,1,6.001102
4.45,4,6.032131
4.45,4,6.064236
-3.2,5,6.09249
-3.05,2,6.114394
-3.0,1,6.143057
4.9,1,6.164468
3.7,9,6.199865
-3.15,4,6.231113
-3.1,3,6.259363
-3.3,7,6.296109
3.7,9,6.330936
4.45,4,6.359536
-3.0,1,6.38594
-3.1,3,6.414197
-3.0,1,6.438777
4.3,5,6.471127
-3.15,4,6.499415
-3.2,5,6.535064
-3.1,3,6.562079
-3.35,8,6.59778
-3.1,3,6.621597
-3.5,11,6.664011
-3.0,1,6.690624
-1.75,15,6.745034
-3.65,14,6.794873
-3.0,1,6.816968
-3.0,1,6.841902
-3.0,1,6.86263
3.4,11,6.902268
-3.25,6,6.932208
-3.1,3,6.95784
-3.0,1,6.980086
-3.05,2,7.010848
-3.0,1,7.031879
-3.1,3,7.063432
4.3,5,7.100178
-3.0,1,7.126001
4.9,1,7.160968
-3.0,1,7.192364
4.3,5,7.222447
-3.05,2,7.249202
-3.35,8,7.294347
3.85,8,7.338419
-3.2,5,7.371746
-3.05,2,7.398586
-3.0,1,7.426013
4.75,2,7.455981
-3.2,5,7.483969
-3.0,1,7.509456
-3.0,1,7.532197
-3.2,5,7.570196
-3.25,6,7.599131
-3.05,2,7.622536
-1.75,15,7.816777
-1.75,15,7.862804
4.3,5,7.896627
-3.65,14,7.952181
-3.0,1,7.977354
-3.05,2,8.000035
-3.0,1,8.021633
-3.0,1,8.044848
4.15,6,8.077627
-3.05,2,8.100563
-3.0,1,8.129936
-3.05,2,8.155509
-3.4,9,8.191697
-3.45,10,8.235477
-3.45,10,8.277376
3.1,13,8.316243
4.6,3,8.34385
3.55,10,8.382323
-3.15,4,8.413138
-3.2,5,8.444188
-3.25,6,8.474897
-3.35,8,8.510259
-3.0,1,8.535623
-3.2,5,8.569178
-3.35,8,8.60865
-3.1,3,8.638411
-3.05,2,8.664471
-3.3,7,8.69717
3.4,11,8.742536
-3.2,5,8.774467
-3.55,12,8.829074
4.15,6,8.867983
4.3,5,8.899371
3.85,8,8.940171
4.3,5,8.979464
-3.45,10,9.020102
3.55,10,9.061669
3.85,8,9.094481
-3.4,9,9.131004
4.3,5,9.328034
-3.4,9,9.378827
-1.75,15,9.424434
-3.05,2,9.449908
3.85,8,9.490264
-3.0,1,9.515839
4.6,3,9.539736
-3.0,1,9.560323
4.45,4,9.598106
-3.05,2,9.622811
-3.65,14,9.668124
-3.0,1,9.69926
-3.7,15,9.756979
-3.0,1,9.782612
-3.05,2,9.814965
-3.15,4,9.849145
4.45,4,9.883388
-3.05,2,9.913276
4.0,7,9.953714
4.15,6,9.991078
4.15,6,10.032209
3.7,9,10.080247
4.75,2,10.106823
-3.35,8,10.144101
3.55,10,10.190922
-3.05,2,10.21964
-3.0,1,10.247931
3.85,8,10.286255
-3.05,2,10.312765
-3.0,1,10.33518
-3.15,4,10.367908
-1.75,15,10.415416
3.25,12,10.454611
-3.0,1,10.478534
-3.05,2,10.502473
-3.4,9,10.537998
4.15,6,10.570666
-3.2,5,10.598856
4.45,4,10.628429
4.6,3,10.655726
-3.1,3,10.68466
4.0,7,10.720622
-3.25,6,10.74983
-3.0,1,10.776846
4.0,7,10.816131
-3.0,1,10.843099
-3.0,1,10.871509
-3.2,5,10.905425
-3.2,5,10.933736
-3.0,1,10.956597
4.3,5,10.986028
-3.25,6,11.167125
-3.05,2,11.196495
4.0,7,11.234404
-3.4,9,11.269936
-3.0,1,11.296504
4.0,7,11.336221
-3.4,9,11.375121
4.75,2,11.400369
-3.1,3,11.429537
-3.65,14,11.473197
-3.1,3,11.499948
-3.05,2,11.523647
-3.6,13,11.562861
4.3,5,11.594795
3.55,10,11.634329
4.6,3,11.662227
-3.0,1,11.685982
-3.0,1,11.71505
-3.0,1,11.741379
-3.15,4,11.766275
3.4,11,11.805256
4.75,2,11.832564
-3.0,1,11.854666
-3.05,2,11.880827
-3.05,2,11.907973
-3.35,8,11.942916
3.4,11,11.983445
-3.15,4,12.014919
3.7,9,12.05881
-3.2,5,12.096507
-3.0,1,12.124033
3.7,9,12.1744
-3.0,1,12.200343
3.85,8,12.242442
-3.2,5,12.272862
-3.6,13,12.3226
-3.05,2,12.349232
-3.65,14,12.401277
-3.05,2,12.42539
4.15,6,12.456939
-3.15,4,12.482149
-1.75,15,12.525416
-3.15,4,12.549804
-3.15,4,12.578549
3.4,11,12.617812
4.6,3,12.791429
-3.05,2,12.814317
-3.2,5,12.842906
3.85,8,12.873775
-3.55,12,12.912235
-3.45,10,12.951349
-3.0,1,12.977641
-3.35,8,13.012733
-3.05,2,13.040188
-3.1,3,13.064934
-3.05,2,13.088584
-3.6,13,13.140449
-3.2,5,13.173625
2.95,14,13.226657
-3.15,4,13.256575
-3.25,6,13.292075
-3.0,1,13.316645
-3.0,1,13.344166
-3.45,10,13.385992
-3.05,2,13.411223
-3.05,2,13.437988
4.3,5,13.470501
-3.5,11,13.514184
-3.0,1,13.536298
-3.7,15,13.582018
-3.45,10,13.618464
-3.0,1,13.643011
4.45,4,13.670612
3.55,10,13.707352
-3.3,7,13.742842
-3.35,8,13.776068
-3.6,13,13.822241
-3.4,9,13.866718
4.15,6,13.897989
-3.65,14,13.939591
-3.3,7,13.972176
-3.1,3,13.997061
-1.75,15,14.042896
-1.75,15,14.245988
-3.15,4,14.277407
-3.05,2,14.299284
-3.15,4,14.332278
-3.1,3,14.362175
-3.0,1,14.386535
-3.05,2,14.413073
-3.35,8,14.450134
-3.0,1,14.476159
-3.3,7,14.509175
4.45,4,14.537827
3.25,12,14.576075
3.4,11,14.61602
-3.0,1,14.640524
-3.25,6,14.670062
-3.05,2,14.698165
-3.6,13,14.744788
-3.15,4,14.772272
-3.0,1,14.792523
-3.0,1,14.817628
4.6,3,14.841532
-3.25,6,14.873655
-3.0,1,14.896483
-3.6,13,14.942633
-3.45,10,14.983743
-3.1,3,15.013513
3.55,10,15.056994
-3.05,2,15.081433
4.0,7,15.116617
-3.05,2,15.146443
-3.35,8,15.18179
4.3,5,15.215496
3.4,11,15.256678
-3.45,10,15.29617
4.15,6,15.325533
-3.0,1,15.347773
-3.25,6,15.383732
-3.15,4,15.412022
-3.15,4,15.440278
-3.0,1,15.464081
-3.15,4,15.489373
-3.15,4,15.51308
-3.05,2,15.53887
-3.1,3,15.563346
-3.5,11,15.600514
3.7,9,15.637528
-3.35,8,15.669437
-3.55,12,15.84953
-3.25,6,15.87835
-3.65,14,15.918667
-3.05,2,15.943854
-3.05,2,15.96918
-3.0,1,15.995004
4.45,4,16.024175
-3.2,5,16.053063
-3.3,7,16.083542
4.0,7,16.116475
-3.2,5,16.142242
-3.35,8,16.175277
-3.05,2,16.199479
-3.25,6,16.230104
-3.45,10,16.264206
-3.2,5,16.293571
3.7,9,16.326894
-3.05,2,16.349487
-3.3,7,16.380167
-3.15,4,16.4053
4.3,5,16.433451
3.85,8,16.468447
3.85,8,16.505919
4.15,6,16.542111
-3.2,5,16.573163
-3.4,9,16.613665
-3.4,9,16.655307
4.75,2,16.684121
-3.15,4,16.721317
-3.2,5,16.761301
-3.05,2,16.795144
-3.25,6,16.845693
4.0,7,16.891003
-3.2,5,16.924934
-3.4,9,16.96735
-3.3,7,17.008178
4.0,7,17.041485
-3.55,12,17.08282
-3.35,8,17.120264
3.7,9,17.162483
-3.05,2,17.187954
-3.6,13,17.370748
-3.05,2,17.393548
-3.05,2,17.415915
-3.7,15,17.462395
3.85,8,17.497669
4.45,4,17.526263
-3.3,7,17.558787
-3.35,8,17.598905
-3.5,11,17.636056
-3.15,4,17.665172
3.85,8,17.701681
-3.45,10,17.73696
-3.0,1,17.760764
-3.25,6,17.791323
3.25,12,17.827673
4.3,5,17.860141
-1.75,15,17.904472
-3.4,9,17.93954
-3.5,11,17.977383
-3.2,5,18.003507
-3.6,13,18.047968
-3.1,3,18.080724
-3.0,1,18.10467
3.55,10,18.147908
-3.2,5,18.182863
-3.0,1,18.207299
3.85,8,18.244232
3.7,9,18.28416
4.0,7,18.320263
4.15,6,18.353382
-3.4,9,18.390259
3.85,8,18.422151
-3.55,12,18.465577
-3.65,14,18.51045
-3.25,6,18.676719
-3.2,5,18.707242
3.7,9,18.742761
-3.05,2,18.765964
-3.05,2,18.789994
4.75,2,18.814535
-3.25,6,18.847013
-3.25,6,18.880246
-3.2,5,18.912445
4.45,4,18.942177
-3.1,3,18.971216
-3.1,3,18.995723
4.0,7,19.027404
-3.2,5,19.056133
3.7,9,19.093215
3.7,9,19.134583
-3.1,3,19.171439
4.3,5,19.206681
-3.25,6,19.240226
4.0,7,19.280059
4.0,7,19.309764
4.15,6,19.339265
-3.35,8,19.376461
-3.2,5,19.406119
-3.35,8,19.438287
-3.25,6,19.465351
3.7,9,19.502566
-3.0,1,19.528224
-3.3,7,19.562988
-3.15,4,19.587566
-3.3,7,19.618217
-3.3,7,19.655495
3.55,10,19.694234
4.15,6,19.728692
4.3,5,19.763035
-3.3,7,19.798296
4.15,6,19.834756
-3.15,4,19.864362
4.0,7,19.905511
-3.3,7,19.947565
4.6,3,19.981923
-3.3,7,20.018408
4.3,5,20.051474
-3.05,2,20.075875
-3.15,4,20.106132
-3.6,13,20.312823
4.6,3,20.342134
-3.35,8,20.377365
3.7,9,20.41592
-3.25,6,20.448627
-3.25,6,20.482177
4.3,5,20.51871
-3.6,13,20.556501
4.0,7,20.585682
-3.25,6,20.617596
-3.1,3,20.653029
-3.25,6,20.683816
3.7,9,20.717056
4.45,4,20.752208
-3.35,8,20.788504
4.0,7,20.824735
-3.15,4,20.849952
-3.1,3,20.878867
-3.3,7,20.91539
4.0,7,20.946612
-3.25,6,20.983022
4.45,4,21.010293
3.55,10,21.04673
-3.2,5,21.075745
-3.35,8,21.110842
4.6,3,21.136305
-3.55,12,21.174876
-3.05,2,21.19622
4.45,4,21.224902
-3.2,5,21.258987
-3.2,5,21.287187
-3.1,3,21.312922
-3.5,11,21.359261
3.85,8,21.406384
-3.35,8,21.443976
-3.25,6,21.480057
-3.15,4,21.509551
-3.0,1,21.537612
-3.2,5,21.57459
3.7,9,21.6188
-3.0,1,21.645164
3.85,8,21.835274
-3.3,7,21.873487
4.45,4,21.89929
4.6,3,21.926034
-3.45,10,21.963692
3.7,9,22.006643
4.15,6,22.036407
-3.1,3,22.062515
-3.35,8,22.094884
-3.5,11,22.135544
3.7,9,22.172252
-3.45,10,22.208818
-3.35,8,22.24735
-3.45,10,22.282933
-3.1,3,22.315169
3.25,12,22.363183
4.45,4,22.395263
-3.35,8,22.427094
-3.35,8,22.464352
-3.3,7,22.496125
-3.4,9,22.528384
-3.25,6,22.55856
-3.0,1,22.577858
-3.4,9,22.620076
4.3,5,22.651102
3.85,8,22.685111
4.3,5,22.715188
-3.1,3,22.740295
-3.3,7,22.771658
-3.4,9,22.809331
-3.35,8,22.841373
-3.15,4,22.868913
4.0,7,22.903265
-3.6,13,22.948883
4.3,5,22.985351
3.7,9,23.021122
-3.3,7,23.218333
-3.0,1,23.248564
-3.2,5,23.283293
-3.35,8,23.323626
4.0,7,23.356327
-3.25,6,23.391432
-3.6,13,23.445466
-3.05,2,23.476916
-3.0,1,23.501001
-3.4,9,23.538307
-3.2,5,23.566731
4.3,5,23.596499
-3.35,8,23.629151
-3.0,1,23.649635
-3.2,5,23.679163
-3.0,1,23.701761
4.45,4,23.726684
-3.25,6,23.754779
3.55,10,23.790986
3.85,8,23.825216
-3.5,11,23.863734
-3.15,4,23.898758
-3.35,8,23.938874
-3.4,9,23.981808
3.55,10,24.022218
-3.2,5,24.050711
-3.45,10,24.087002
-3.2,5,24.115378
-3.25,6,24.152977
3.7,9,24.190613
-3.05,2,24.213865
-3.15,4,24.246741
-3.05,2,24.272257
-3.4,9,24.309326
-3.0,1,24.331966
4.6,3,24.364795
4.15,6,24.400382
4.75,2,24.433012
4.0,7,24.478478
4.45,4,24.508998
3.85,8,24.551788
-3.1,3,24.580198
-3.25,6,24.611763
-3.1,3,24.640245
3.7,9,24.683596
-3.35,8,24.880189
-3.35,8,24.916078
-3.2,5,24.944527
4.0,7,24.979691
-3.3,7,25.010718
-3.25,6,25.038921
4.0,7,25.073405
-3.15,4,25.104099
-3.4,9,25.138733
3.85,8,25.171049
-3.1,3,25.196019
-3.15,4,25.222502
-3.4,9,25.258893
3.55,10,25.297482
-3.3,7,25.329956
-3.25,6,25.3615
-3.3,7,25.396174
4.45,4,25.426572
4.0,7,25.458449
-3.05,2,25.480157
-3.05,2,25.504354
3.85,8,25.535414
-3.2,5,25.564357
4.15,6,25.594896
4.0,7,25.625633
-3.25,6,25.656689
-3.15,4,25.680915
3.55,10,25.718936
-3.0,1,25.742743
-3.05,2,25.77284
3.7,9,25.806637
4.15,6,25.835336
4.45,4,25.86053
-3.15,4,25.887169
-3.25,6,25.922876
4.3,5,25.958276
4.3,5,25.992616
4.3,5,26.02233
3.55,10,26.0604
-3.3,7,26.095093
3.85,8,26.134912
-3.5,11,26.178779
3.55,10,26.41086
4.75,2,26.439149
-3.1,3,26.46225
-3.2,5,26.492478
-3.3,7,26.523111
3.7,9,26.555997
4.15,6,26.589491
4.6,3,26.622368
-3.2,5,26.653475
4.45,4,26.693562
-3.15,4,26.722399
3.7,9,26.757407
-3.05,2,26.781188
-3.4,9,26.822166
-3.35,8,26.85838
-3.35,8,26.893507
-3.3,7,26.925498
-3.35,8,26.963551
4.3,5,26.996927
3.4,11,27.033609
4.0,7,27.06896
-3.2,5,27.102545
4.45,4,27.129621
-3.2,5,27.158979
-3.45,10,27.195244
-3.2,5,27.229516
-3.1,3,27.257387
-3.25,6,27.288432
-3.3,7,27.317508
-3.1,3,27.344959
3.55,10,27.377121
-3.6,13,27.416384
4.6,3,27.447531
-3.3,7,27.488288
-3.25,6,27.523069
4.3,5,27.555676
-3.3,7,27.586694
3.4,11,27.624351
-3.5,11,27.666771
-3.1,3,27.695709
-3.15,4,27.888486
-3.45,10,27.930998
4.3,5,27.967096
-3.2,5,27.998705
-3.45,10,28.03767
-3.4,9,28.074152
-3.25,6,28.10296
4.0,7,28.133582
-3.1,3,28.162809
4.3,5,28.192534
-3.15,4,28.222209
3.55,10,28.259312
4.3,5,28.293495
-3.5,11,28.33097
-3.05,2,28.357409
4.15,6,28.390164
3.55,10,28.428924
3.7,9,28.479872
-3.2,5,28.512483
-3.3,7,28.545438
4.15,6,28.580693
-3.0,1,28.605988
-3.0,1,28.63088
-3.3,7,28.666198
-3.1,3,28.698817
4.6,3,28.72755
3.4,11,28.765177
-3.55,12,28.800987
-3.25,6,28.832209
-3.1,3,28.860459
-3.3,7,28.893016
3.7,9,28.928608
3.85,8,28.963557
-3.45,10,29.002082
-3.0,1,29.026352
4.75,2,29.058908
-3.15,4,29.092126
-3.25,6,29.130107
4.0,7,29.16436
-3.65,14,29.211779
-3.25,6,29.404262
3.55,10,29.445889
-3.2,5,29.477674
-3.35,8,29.513318
-3.4,9,29.546882
4.3,5,29.579221
-3.15,4,29.610057
-3.25,6,29.642828
-3.5,11,29.683245
-3.2,5,29.712971
4.0,7,29.748329
4.15,6,29.782447
4.15,6,29.819785
-3.45,10,29.862929
3.7,9,29.904417
-3.05,2,29.933264
-3.4,9,29.972036
-3.45,10,30.010091
-3.05,2,30.040511
-3.1,3,30.071019
-3.2,5,30.099922
3.85,8,30.135514
-3.35,8,30.171
4.75,2,30.197101
-3.3,7,30.232706
3.85,8,30.265651
-3.1,3,30.292098
3.55,10,30.329293
4.75,2,30.353559
4.3,5,30.381017
4.45,4,30.409534
4.3,5,30.440865
-3.25,6,30.46941
-3.35,8,30.500453
-3.0,1,30.523214
-3.25,6,30.555141
-3.05,2,30.576273
4.45,4,30.606959
-3.25,6,30.646643
-3.15,4,30.679602
4.45,4,30.709709
-3.2,5,30.742397
3.25,12,30.790739
-3.15,4,30.986511
4.15,6,31.026448
-3.35,8,31.07279
-3.1,3,31.104856
-3.1,3,31.131399
-3.1,3,31.16168
-3.35,8,31.202736
4.3,5,31.232748
4.3,5,31.262372
2.95,14,31.303878
-3.3,7,31.340426
3.55,10,31.377172
-3.2,5,31.405004
3.25,12,31.450997
-3.1,3,31.474083
-3.35,8,31.510922
4.15,6,31.54431
-3.2,5,31.573792
3.55,10,31.610777
3.55,10,31.644995
-3.1,3,31.671704
3.55,10,31.71649
-3.4,9,31.753809
-3.15,4,31.782118
4.6,3,31.808167
-3.1,3,31.839156
4.0,7,31.873979
-3.2,5,31.909532
-3.4,9,31.952579
-3.25,6,31.986599
-3.4,9,32.04172
-3.2,5,32.087401
-3.3,7,32.126251
4.0,7,32.166556
3.55,10,32.227755
-3.1,3,32.260661
4.45,4,32.296771
-3.15,4,32.330825
-3.3,7,32.375837
-3.35,8,32.591121
3.7,9,32.632362
-3.35,8,32.670593
-3.45,10,32.709665
-3.35,8,32.746123
-3.0,1,32.771935
4.3,5,32.803524
-3.3,7,32.834047
4.15,6,32.865966
3.7,9,32.902959
-3.65,14,32.944472
-3.6,13,32.985126
-3.05,2,33.010797
-3.45,10,33.047095
-3.4,9,33.088051
4.15,6,33.115383
-3.2,5,33.145563
-3.1,3,33.175677
-3.1,3,33.199501
-3.0,1,33.221658
-3.15,4,33.251859
-3.15,4,33.283685
-3.1,3,33.312095
3.55,10,33.358716
-3.3,7,33.405351
3.7,9,33.445613
-3.1,3,33.477655
4.3,5,33.512308
-3.25,6,33.547999
-3.05,2,33.572121
-3.15,4,33.598193
4.15,6,33.627672
-3.2,5,33.659147
-1.75,15,33.703582
4.15,6,33.736921
-3.2,5,33.766864
3.4,11,33.807182
4.3,5,33.840509
-3.5,11,33.881541
-3.1,3,33.908347
4.0,7,34.108044
-3.7,15,34.15883
3.55,10,34.194484
4.0,7,34.227002
-3.3,7,34.264937
-3.6,13,34.310418
-3.5,11,34.350698
-3.35,8,34.385457
-3.3,7,34.419512
-3.25,6,34.453947
4.15,6,34.484892
-3.3,7,34.518722
-3.25,6,34.548664
-3.2,5,34.57831
3.85,8,34.62114
-3.35,8,34.665329
-3.05,2,34.689739
-3.3,7,34.724034
4.0,7,34.757414
-3.4,9,34.796971
-3.7,15,34.841145
-3.25,6,34.873695
-3.05,2,34.897484
-3.45,10,34.934731
-3.35,8,34.966551
-3.3,7,35.001165
4.45,4,35.037019
4.0,7,35.079531
4.15,6,35.111527
-3.45,10,35.149074
3.55,10,35.189503
3.25,12,35.230283
-3.25,6,35.421905
-3.25,6,35.457087
4.15,6,35.487285
-3.0,1,35.512879
-3.15,4,35.545988
-3.3,7,35.5769
-3.2,5,35.608989
-3.15,4,35.647113
4.15,6,35.686808
-3.15,4,35.715532
4.0,7,35.75321
3.55,10,35.795861
-3.3,7,35.832664
-3.2,5,35.861501
-3.4,9,35.897752
-3.3,7,35.926292
3.7,9,35.963862
-3.1,3,35.990266
-3.15,4,36.018137
-3.2,5,36.049621
-3.3,7,36.081403
-3.4,9,36.116928
-3.45,10,36.157966
-3.15,4,36.194773
-3.2,5,36.223408
4.0,7,36.259525
-3.15,4,36.289445
-3.4,9,36.321543
4.15,6,36.351103
4.0,7,36.387298
4.3,5,36.416732
-3.3,7,36.45193
3.85,8,36.489909
-3.25,6,36.52069
-3.4,9,36.558666
4.75,2,36.583252
4.3,5,36.618819
4.0,7,36.654454
-3.35,8,36.691469
-3.15,4,36.72225
-3.1,3,36.750252
4.3,5,36.786774
3.7,9,36.825734
-3.15,4,37.007202
4.3,5,37.037552
-3.2,5,37.068238
-3.4,9,37.109034
-3.35,8,37.143816
-3.15,4,37.174961
-3.4,9,37.214516
4.6,3,37.242831
-3.2,5,37.275562
-3.4,9,37.308626
4.15,6,37.339871
-3.3,7,37.369752
4.0,7,37.404651
-3.1,3,37.432748
4.15,6,37.474575
-3.3,7,37.508892
-3.6,13,37.550344
-3.3,7,37.585267
4.3,5,37.611854
-3.35,8,37.64341
-3.45,10,37.680489
4.3,5,37.713117
4.3,5,37.742332
-3.25,6,37.773206
-3.45,10,37.808577
-3.4,9,37.845062
4.3,5,37.87477
-3.35,8,37.909541
-3.3,7,37.943498
4.75,2,37.971167
-3.1,3,37.999454
-3.6,13,38.041546
4.15,6,38.077179
-3.2,5,38.114418
-3.3,7,38.158572
-3.3,7,38.198934
-3.3,7,38.234162
-3.2,5,38.263805
4.0,7,38.480655
4.9,1,38.518748
-3.45,10,38.570359
-3.35,8,38.62889
4.75,2,38.673195
-3.35,8,38.725549
3.7,9,38.785965
-3.05,2,38.812131
-3.2,5,38.842073
4.0,7,38.875982
-3.2,5,38.916715
-3.15,4,38.943612
-3.4,9,38.986989
-3.1,3,39.016151
-3.05,2,39.041434
-3.3,7,39.073486
-3.05,2,39.097982
3.85,8,39.137568
4.3,5,39.164505
-3.1,3,39.191839
-3.55,12,39.236561
4.45,4,39.266165
4.0,7,39.302648
4.3,5,39.334827
-3.1,3,39.360615
-3.15,4,39.387121
4.0,7,39.419832
-3.1,3,39.442336
4.3,5,39.475687
-3.35,8,39.507843
-3.15,4,39.538027
-3.3,7,39.573748
3.7,9,39.60871
-3.35,8,39.642172
-3.15,4,39.672963
-3.5,11,39.716871
4.0,7,39.74955
-3.2,5,39.785284
4.0,7,39.81638
4.6,3,39.844354
4.0,7,39.877086
4.45,4,39.903285
-3.2,5,39.934283
-3.05,2,39.960018
-3.4,9,39.997382
4.0,7,40.193319
4.6,3,40.222268
-3.4,9,40.268239
-3.1,3,40.294872
-3.05,2,40.321269
-3.2,5,40.354914
-3.3,7,40.38947
-3.2,5,40.422776
-3.1,3,40.448378
4.75,2,40.479761
4.0,7,40.522101
-3.05,2,40.553056
-3.25,6,40.592665
-3.2,5,40.626881
4.3,5,40.654997
-3.1,3,40.679711
-3.4,9,40.714046
4.0,7,40.749253
-3.6,13,40.791206
4.6,3,40.821568
4.0,7,40.860422
-3.2,5,40.889794
-3.15,4,40.917978
4.3,5,40.95334
-3.15,4,40.984084
-3.1,3,41.021318
4.0,7,41.053336
-3.4,9,41.092891
-3.5,11,41.129837
-3.1,3,41.158445
4.3,5,41.192859
3.55,10,41.230159
-3.2,5,41.261391
4.45,4,41.287652
4.3,5,41.317074
-3.2,5,41.348502
3.4,11,41.387069
4.15,6,41.416017
-3.2,5,41.444479
-3.2,5,41.471048
4.15,6,41.496847
-3.05,2,41.521832
4.3,5,41.55407
4.15,6,41.583596
-3.25,6,41.608853
-3.4,9,41.642433
4.0,7,41.820156
-3.1,3,41.845813
4.6,3,41.878651
-3.1,3,41.913222
3.85,8,41.945199
-3.1,3,41.975134
-3.25,6,42.007111
-3.1,3,42.037084
-3.05,2,42.063596
4.45,4,42.094451
4.15,6,42.133261
-3.35,8,42.174629
-3.15,4,42.202818
-3.15,4,42.230043
4.0,7,42.26207
-3.3,7,42.296361
-3.2,5,42.324655
4.0,7,42.366443
-3.25,6,42.395663
3.85,8,42.430412
-3.25,6,42.46177
-3.25,6,42.491182
-3.15,4,42.517467
4.0,7,42.550142
-3.15,4,42.577246
-3.2,5,42.606102
-3.25,6,42.636039
-3.25,6,42.664852
-3.05,2,42.691628
-3.35,8,42.728718
-3.15,4,42.758126
4.15,6,42.788095
4.45,4,42.814073
-3.1,3,42.841194
-3.25,6,42.878006
4.0,7,42.915361
-3.6,13,42.961837
-3.05,2,42.985432
-3.4,9,43.023208
4.15,6,43.058544
-3.35,8,43.0914
3.7,9,43.128175
4.3,5,43.155289
-3.1,3,43.179355
-3.25,6,43.208243
4.3,5,43.2339
4.45,4,43.264641
-3.25,6,43.470687
-3.35,8,43.506487
4.0,7,43.541179
-3.35,8,43.576403
4.3,5,43.609155
-3.15,4,43.637723
3.85,8,43.672423
-3.5,11,43.714597
4.15,6,43.745787
3.85,8,43.779501
4.3,5,43.811189
-3.3,7,43.844457
4.45,4,43.877645
4.3,5,43.908289
-3.3,7,43.950351
-3.05,2,43.975936
4.6,3,44.000043
-3.1,3,44.024866
4.0,7,44.058166
4.45,4,44.089458
4.45,4,44.121934
-3.3,7,44.155179
-3.25,6,44.189499
-3.25,6,44.219157
-3.25,6,44.251121
-3.0,1,44.2758
4.0,7,44.306745
-3.15,4,44.336194
-3.2,5,44.368112
-3.25,6,44.40215
-3.2,5,44.430493
4.6,3,44.458157
4.15,6,44.486434
4.0,7,44.517452
4.45,4,44.545135
-3.35,8,44.581515
4.45,4,44.612035
4.15,6,44.644453
4.15,6,44.674745
4.3,5,44.705157
-3.25,6,44.736722
3.7,9,44.776627
-3.1,3,44.801533
3.7,9,44.840846
4.45,4,44.872051
3.85,8,45.068167
-3.2,5,45.094918
4.3,5,45.133784
4.75,2,45.160548
-3.25,6,45.19176
-3.45,10,45.232373
-3.05,2,45.264448
-3.2,5,45.295377
-3.2,5,45.334472
-3.35,8,45.369222
-3.15,4,45.395649
-3.35,8,45.436997
-3.3,7,45.467027
-3.0,1,45.486908
-3.1,3,45.510947
4.15,6,45.545176
3.7,9,45.583207
-3.05,2,45.606053
-3.15,4,45.635046
-3.15,4,45.662749
-3.2,5,45.689799
4.3,5,45.723017
-3.15,4,45.753329
-3.3,7,45.790787
-3.1,3,45.818899
-3.05,2,45.845438
4.3,5,45.873438
4.3,5,45.898259
-3.0,1,45.921565
4.0,7,45.954753
4.3,5,45.986055
4.45,4,46.013623
-3.25,6,46.04533
4.45,4,46.073192
4.45,4,46.103736
3.85,8,46.140397
4.75,2,46.163512
4.3,5,46.19275
-3.1,3,46.219994
3.85,8,46.260688
4.3,5,46.29089
-3.0,1,46.315285
4.15,6,46.354455
-3.2,5,46.387846
-3.2,5,46.421944
-3.55,12,46.460844
-3.0,1,46.48976
-3.35,8,46.527095
4.0,7,46.572828
4.75,2,46.605935
4.0,7,46.648983
-3.05,2,46.851759
4.15,6,46.891821
4.6,3,46.926656
4.15,6,46.969502
-3.3,7,47.004454
3.85,8,47.042111
4.45,4,47.071383
3.85,8,47.102879
4.3,5,47.136435
4.0,7,47.173191
-3.0,1,47.196455
4.9,1,47.222837
-3.15,4,47.253278
4.6,3,47.279512
-3.1,3,47.305108
3.85,8,47.338665
-3.35,8,47.37118
-3.1,3,47.396078
3.55,10,47.433342
4.3,5,47.459635
4.6,3,47.487792
-3.05,2,47.51042
4.45,4,47.541654
4.15,6,47.572818
-3.15,4,47.60528
4.0,7,47.64304
4.9,1,47.675246
-3.15,4,47.703182
3.85,8,47.734732
-3.25,6,47.760772
-3.15,4,47.792326
-3.1,3,47.819911
4.15,6,47.852986
-3.3,7,47.886992
-3.05,2,47.909839
3.85,8,47.944992
-3.15,4,47.979735
4.45,4,48.005881
-3.05,2,48.029131
4.3,5,48.057701
4.0,7,48.092607
-3.15,4,48.122793
4.45,4,48.150894
-3.05,2,48.178627
3.85,8,48.221362
-3.05,2,48.245371
4.75,2,48.275439
-3.0,1,48.309018
-3.15,4,48.337362
-3.3,7,48.371654
-3.25,6,48.403524
-3.1,3,48.432947
-3.35,8,48.47431
-3.45,10,48.674875
4.0,7,48.717316
-3.15,4,48.756429
-3.35,8,48.806541
4.45,4,48.834237
-3.05,2,48.858897
-3.4,9,48.897904
4.3,5,48.937885
4.6,3,48.972316
-3.15,4,48.998698
-3.15,4,49.024642
-3.15,4,49.051299
4.45,4,49.078579
-3.15,4,49.104799
4.3,5,49.136475
4.15,6,49.166385
3.85,8,49.203289
4.45,4,49.236443
4.75,2,49.260942
-3.15,4,49.288065
4.6,3,49.311988
4.15,6,49.343338
-3.15,4,49.372936
4.6,3,49.399079
-3.2,5,49.427016
4.15,6,49.457498
-3.15,4,49.482612
-3.15,4,49.508202
4.6,3,49.53165
4.15,6,49.56351
4.3,5,49.592706
3.7,9,49.636185
-3.2,5,49.673437
4.6,3,49.707964
-3.05,2,49.733772
3.7,9,49.771423
-3.2,5,49.798497
4.45,4,49.827266
-3.0,1,49.853
-3.15,4,49.877988
-3.35,8,49.919539
-3.5,11,49.964658
-3.3,7,50.010928
-3.0,1,50.038342
4.3,5,50.073674
-3.3,7,50.109983
4.6,3,50.139532
-3.1,3,50.169607
-3.25,6,50.205447
-3.25,6,50.239305
4.3,5,50.268974
-3.0,1,50.292567
-3.4,9,50.481777
-3.25,6,50.510788
-3.2,5,50.537802
4.6,3,50.565543
-3.25,6,50.595097
-3.3,7,50.630259
4.0,7,50.664872
4.75,2,50.690255
3.85,8,50.728433
-3.4,9,50.768112
-3.0,1,50.800591
-3.25,6,50.83213
-3.2,5,50.863045
-3.05,2,50.888327
-3.1,3,50.91364
-3.15,4,50.943026
-3.25,6,50.972391
-3.15,4,51.003881
4.15,6,51.033325
-3.25,6,51.068876
-3.45,10,51.107059
-3.2,5,51.135701
3.55,10,51.173565
-3.05,2,51.197869
-3.15,4,51.227057
4.6,3,51.255092
4.45,4,51.283673
-3.3,7,51.321752
-3.15,4,51.35118
-3.15,4,51.379914
-3.15,4,51.406981
-3.35,8,51.447659
4.6,3,51.485435
4.75,2,51.511783
-3.3,7,51.546069
-3.3,7,51.581372
-3.1,3,51.607265
-3.1,3,51.634994
-3.2,5,51.666956
-3.4,9,51.702619
4.3,5,51.734649
4.15,6,51.763798
-3.1,3,51.788689
-3.1,3,51.822361
-3.15,4,51.854858
4.15,6,51.888829
-3.0,1,51.915654
-3.4,9,51.95133
-3.2,5,51.980502
-3.3,7,52.012253
-3.2,5,52.040914
3.7,9,52.222298
-3.4,9,52.258495
4.3,5,52.289645
4.15,6,52.323191
4.0,7,52.366598
3.85,8,52.403592
-3.35,8,52.439225
-3.2,5,52.473332
4.15,6,52.500488
-3.35,8,52.534653
-3.15,4,52.560507
4.0,7,52.596002
4.0,7,52.629802
-3.15,4,52.657306
-3.2,5,52.688859
-3.35,8,52.726687
-3.15,4,52.76149
-3.45,10,52.807117
3.85,8,52.851224
-3.3,7,52.886243
-3.2,5,52.917163
4.15,6,52.95079
-3.35,8,52.989868
4.3,5,53.024213
-3.35,8,53.060053
-3.25,6,53.089693
-3.3,7,53.124496
-3.3,7,53.161368
-3.3,7,53.194259
3.85,8,53.231142
-3.05,2,53.256228
4.45,4,53.284165
-3.3,7,53.315683
-3.1,3,53.344012
4.45,4,53.373291
-3.05,2,53.405616
-3.3,7,53.439225
-3.2,5,53.471565
-3.15,4,53.502747
4.45,4,53.528934
-3.2,5,53.556611
-3.3,7,53.591908
4.45,4,53.772157
4.45,4,53.801966
4.6,3,53.82703
-3.3,7,53.862816
4.3,5,53.892566
4.15,6,53.925701
3.85,8,53.962654
4.45,4,53.990855
4.3,5,54.0205
-3.25,6,54.050908
4.45,4,54.082169
4.0,7,54.115712
-3.3,7,54.148423
4.6,3,54.174427
4.45,4,54.206111
3.7,9,54.242226
-3.25,6,54.275915
4.45,4,54.308511
-3.45,10,54.355254
-3.15,4,54.381921
-3.05,2,54.407635
-3.25,6,54.445812
-3.2,5,54.472794
-3.2,5,54.504923
-3.2,5,54.538358
4.6,3,54.573652
-3.35,8,54.609622
3.85,8,54.648312
-3.2,5,54.687106
4.3,5,54.723825
-3.4,9,54.768442
4.15,6,54.805814
4.15,6,54.837712
4.0,7,54.875074
3.55,10,54.919321
-3.2,5,54.944694
4.45,4,54.972421
3.85,8,55.003925
4.0,7,55.034189
4.75,2,55.057942
4.3,5,55.091748
4.6,3,55.115978
-3.1,3,55.140678
4.6,3,55.170824
4.3,5,55.200827
4.3,5,55.229278
4.3,5,55.25983
4.15,6,55.439285
-3.2,5,55.468369
-3.25,6,55.500212
-3.25,6,55.53078
4.3,5,55.560269
4.15,6,55.591399
4.3,5,55.619649
-3.2,5,55.646622
-3.05,2,55.677505
4.45,4,55.706794
-3.45,10,55.742558
-3.1,3,55.768178
4.15,6,55.795949
-3.2,5,55.827936
-3.3,7,55.865618
-3.25,6,55.90159
4.15,6,55.939798
-3.25,6,55.974915
-3.4,9,56.011405
-3.35,8,56.052748
4.0,7,56.084855
-3.2,5,56.116365
-3.0,1,56.139359
-3.2,5,56.168944
-3.15,4,56.196423
4.6,3,56.223592
4.15,6,56.259392
-3.15,4,56.290655
-3.1,3,56.318755
-3.1,3,56.342237
-3.35,8,56.375165
4.3,5,56.408039
-3.35,8,56.44724
4.6,3,56.472578
4.0,7,56.505768
-3.3,7,56.533518
-3.15,4,56.559524
4.0,7,56.592671
3.85,8,56.626104
4.0,7,56.659766
-3.15,4,56.685486
4.0,7,56.721445
4.45,4,56.750735
-3.1,3,56.776836
4.6,3,56.813784
-3.45,10,56.861051
4.6,3,56.888844
4.75,2,56.912733
-3.15,4,57.115249
-3.15,4,57.145699
4.3,5,57.17661
-3.35,8,57.214099
4.6,3,57.243003
3.85,8,57.275182
-3.4,9,57.309995
4.15,6,57.344402
4.3,5,57.381915
4.3,5,57.410083
4.45,4,57.442781
4.3,5,57.48082
-3.3,7,57.516541
-3.25,6,57.551226
4.45,4,57.581279
-3.2,5,57.617686
-3.4,9,57.658773
-3.05,2,57.685837
4.45,4,57.717936
4.45,4,57.746935
-3.2,5,57.77866
-3.3,7,57.81662
3.85,8,57.855303
-3.3,7,57.890639
-3.35,8,57.923952
4.45,4,57.959061
-3.2,5,57.993105
-3.15,4,58.024727
-3.3,7,58.061478
-3.35,8,58.096545
4.3,5,58.137474
-3.15,4,58.165688
4.45,4,58.192623
4.45,4,58.219842
-3.3,7,58.251114
4.45,4,58.281383
4.0,7,58.310017
4.15,6,58.347746
-3.1,3,58.37687
3.85,8,58.413363
-3.1,3,58.440847
-3.05,2,58.463654
4.45,4,58.487753
3.7,9,58.525505
-3.45,10,58.562329
-3.35,8,58.742114
4.3,5,58.769772
-3.05,2,58.79332
4.3,5,58.823871
-3.1,3,58.848275
-3.35,8,58.880863
4.15,6,58.909452
4.0,7,58.943099
4.15,6,58.979318
-3.25,6,59.023274
-3.2,5,59.050229
-3.2,5,59.081814
-3.1,3,59.105647
4.3,5,59.136842
-3.35,8,59.172065
-3.05,2,59.193746
-3.1,3,59.221868
4.9,1,59.248461
4.6,3,59.274728
4.0,7,59.308987
4.15,6,59.342974
3.85,8,59.386138
4.75,2,59.4136
-3.25,6,59.452249
4.0,7,59.49493
-3.25,6,59.525535
4.45,4,59.553435
-3.1,3,59.578809
4.15,6,59.612295
-3.35,8,59.645199
4.45,4,59.671139
-3.1,3,59.695626
4.6,3,59.721424
4.3,5,59.756252
-3.25,6,59.789032
-3.4,9,59.822917
-3.4,9,59.86016
4.15,6,59.891606
-3.3,7,59.923061
4.3,5,59.954043
-3.2,5,59.985631
-3.3,7,60.018336
-3.05,2,60.041383
-3.1,3,60.072213
-3.2,5,60.103136
-3.45,10,60.14204
-3.15,4,60.176172
-3.25,6,60.213812
-3.15,4,60.240386
4.3,5,60.27677
3.7,9,60.459953
-3.35,8,60.492605
4.45,4,60.520689
4.15,6,60.549759
4.75,2,60.573953
4.15,6,60.609658
4.45,4,60.642615
-3.15,4,60.673416
-3.45,10,60.71364
-3.4,9,60.750731
4.45,4,60.781955
4.6,3,60.813109
4.0,7,60.850867
3.85,8,60.889654
-3.3,7,60.924581
4.0,7,60.963938
4.6,3,60.997797
-3.3,7,61.034155
4.3,5,61.066587
-3.1,3,61.094999
-3.0,1,61.118869
-3.15,4,61.143108
4.45,4,61.17171
4.0,7,61.204275
4.15,6,61.237405
-3.3,7,61.268847
-3.25,6,61.300021
4.0,7,61.331689
-3.3,7,61.361302
4.15,6,61.39661
4.0,7,61.430996
-3.2,5,61.459372
4.0,7,61.494788
-3.4,9,61.532047
-3.55,12,61.570904
-3.2,5,61.598232
4.15,6,61.629136
4.3,5,61.657054
-3.25,6,61.687081
4.45,4,61.714414
4.15,6,61.748287
-3.1,3,61.779973
4.6,3,61.812077
-3.15,4,61.84975
4.6,3,61.874663
-3.25,6,62.043263
-3.15,4,62.073883
4.15,6,62.107216
4.6,3,62.136986
3.55,10,62.190483
4.6,3,62.224432
-3.35,8,62.264769
4.6,3,62.298136
-3.05,2,62.323616
-3.05,2,62.348764
-3.2,5,62.380845
-3.45,10,62.419837
-3.1,3,62.44622
4.45,4,62.472622
-3.0,1,62.495598
4.15,6,62.5311
-3.3,7,62.563884
4.45,4,62.594938
4.45,4,62.626854
4.3,5,62.656825
-3.1,3,62.684525
4.45,4,62.710972
-3.15,4,62.738775
4.45,4,62.771671
4.15,6,62.801261
-3.15,4,62.829359
-3.1,3,62.859352
4.15,6,62.891344
4.45,4,62.920952
-3.0,1,62.951658
4.6,3,62.979598
-3.3,7,63.017351
-3.45,10,63.053207
3.7,9,63.086817
4.6,3,63.111301
4.0,7,63.149588
4.3,5,63.177328
4.45,4,63.222008
-3.1,3,63.251342
-3.3,7,63.283829
4.45,4,63.309466
-3.2,5,63.346148
-3.1,3,63.374176
-3.35,8,63.41064
-3.0,1,63.438501
-3.05,2,63.466699
-3.05,2,63.495039
-3.05,2,63.520149
-3.15,4,63.548124
-3.15,4,63.573019
4.6,3,63.599067
-3.25,6,63.632187
-3.2,5,63.660371
4.75,2,63.688923
4.3,5,63.719147
4.0,7,63.75062
-3.25,6,63.961284
-3.1,3,63.99608
-3.2,5,64.02409
4.3,5,64.055179
4.0,7,64.090132
-3.25,6,64.126111
-3.35,8,64.174021
4.3,5,64.208558
-3.1,3,64.234542
4.15,6,64.275518
4.75,2,64.304254
-3.35,8,64.342252
-3.15,4,64.376826
4.75,2,64.400451
4.6,3,64.425242
4.0,7,64.454941
-3.2,5,64.484937
4.15,6,64.514668
-3.2,5,64.542367
4.15,6,64.572739
4.15,6,64.607508
4.3,5,64.638094
-3.25,6,64.670061
-3.25,6,64.702908
-3.25,6,64.735185
-3.2,5,64.759734
3.85,8,64.800823
-3.45,10,64.837734
-3.2,5,64.870044
4.45,4,64.906535
-3.25,6,64.935586
4.0,7,64.966856
-3.35,8,64.999157
-3.3,7,65.027241
-3.25,6,65.058177
3.85,8,65.092056
4.6,3,65.123384
-3.15,4,65.151404
3.85,8,65.185178
4.3,5,65.211998
4.45,4,65.239218
4.15,6,65.270843
-3.3,7,65.303761
-3.3,7,65.338831
-3.1,3,65.375273
4.45,4,65.408086
3.7,9,65.601441
-3.0,1,65.623661
4.45,4,65.654024
4.45,4,65.684536
4.0,7,65.721789
4.3,5,65.751178
-3.2,5,65.780378
-3.1,3,65.807091
-3.3,7,65.838984
3.85,8,65.87244
-3.15,4,65.902994
4.45,4,65.933606
-3.0,1,65.954632
-3.4,9,65.989064
-3.15,4,66.017368
-3.1,3,66.043026
4.45,4,66.072078
4.45,4,66.100893
4.0,7,66.13517
-3.1,3,66.159593
-3.0,1,66.186187
4.3,5,66.214914
-3.1,3,66.243861
-3.2,5,66.274106
-3.35,8,66.314873
-3.05,2,66.340264
4.6,3,66.369622
3.7,9,66.41864
-3.25,6,66.454775
4.3,5,66.491887
-3.1,3,66.518944
4.3,5,66.550603
-3.2,5,66.580431
4.45,4,66.60809
4.45,4,66.63564
4.6,3,66.663251
4.45,4,66.696983
-3.35,8,66.736481
4.45,4,66.768459
-3.3,7,66.802212
-3.15,4,66.843908
4.45,4,66.88014
-3.2,5,66.911067
3.85,8,66.951979
-3.2,5,66.984241
-3.0,1,67.010338
4.15,6,67.046552
4.15,6,67.083266
4.15,6,67.11627
-3.05,2,67.146008
4.15,6,67.184124
3.85,8,67.222077
-3.0,1,67.249298
-3.1,3,67.28343
-3.25,6,67.467277
-3.45,10,67.501832
4.0,7,67.530781
4.45,4,67.557459
-3.15,4,67.582533
-3.15,4,67.609937
-3.0,1,67.635762
-3.1,3,67.660552
4.3,5,67.691016
4.6,3,67.717791
4.45,4,67.747634
-3.15,4,67.776606
4.15,6,67.816629
-3.15,4,67.856721
-3.15,4,67.884359
4.45,4,67.911971
-3.05,2,67.935581
4.3,5,67.964304
-3.3,7,68.000533
4.0,7,68.032293
4.45,4,68.057391
-3.05,2,68.081875
-3.1,3,68.10639
-3.05,2,68.132499
-3.2,5,68.161995
4.6,3,68.190529
4.15,6,68.222722
3.85,8,68.255198
3.7,9,68.291425
-3.05,2,68.327063
-3.35,8,68.363181
-3.25,6,68.394077
-3.4,9,68.430674
-3.15,4,68.461141
3.85,8,68.495624
4.15,6,68.524245
4.45,4,68.552886
3.55,10,68.59432
-3.15,4,68.622344
-3.1,3,68.646963
4.3,5,68.680259
-3.0,1,68.70422
4.3,5,68.737492
-3.0,1,68.765099
4.3,5,68.807575
-3.4,9,68.847393
-3.2,5,68.885258
-3.3,7,68.931628
-3.25,6,68.966505
4.0,7,69.005226
4.0,7,69.035334
4.6,3,69.203054
4.3,5,69.237719
4.0,7,69.268998
4.3,5,69.29853
4.45,4,69.321626
4.0,7,69.353371
4.3,5,69.384734
-3.15,4,69.409871
4.45,4,69.439386
-3.25,6,69.471035
4.45,4,69.50347
-3.3,7,69.537413
-3.45,10,69.58045
-3.05,2,69.604346
-3.0,1,69.625889
-3.4,9,69.663839
4.3,5,69.692559
-3.1,3,69.719819
3.85,8,69.750317
-3.4,9,69.787485
4.3,5,69.823723
-3.1,3,69.848047
4.3,5,69.877658
4.75,2,69.903418
4.9,1,69.927418
-3.4,9,69.961456
-3.4,9,69.997474
4.45,4,70.026256
4.15,6,70.068815
4.3,5,70.111426
-3.2,5,70.142652
4.3,5,70.17367
4.6,3,70.207963
-3.4,9,70.249243
3.85,8,70.288574
-3.2,5,70.323978
-3.15,4,70.359366
4.3,5,70.393366
-3.2,5,70.427133
-3.15,4,70.456522
4.15,6,70.492124
-3.25,6,70.520216
-3.25,6,70.552166
-3.25,6,70.582301
-3.3,7,70.614202
-3.45,10,70.654347
-3.25,6,70.837678
-3.2,5,70.86892
-3.1,3,70.900738
-3.2,5,70.928784
-3.1,3,70.956133
4.45,4,70.981594
-3.25,6,71.011832
4.3,5,71.039451
-3.3,7,71.071652
4.45,4,71.102577
-3.25,6,71.132473
4.0,7,71.161337
4.15,6,71.198238
4.0,7,71.234896
-3.15,4,71.264734
-3.25,6,71.302888
-3.0,1,71.324285
4.45,4,71.351169
-3.05,2,71.380387
-3.4,9,71.422146
-3.2,5,71.449
4.15,6,71.481422
4.6,3,71.505468
-3.1,3,71.530444
4.45,4,71.561245
4.0,7,71.592795
-3.35,8,71.628201
4.0,7,71.662629
-3.1,3,71.686729
4.45,4,71.718962
-3.1,3,71.74369
4.45,4,71.7753
4.75,2,71.801646
3.85,8,71.838267
-3.25,6,71.874326
-3.2,5,71.907564
4.0,7,71.942838
4.6,3,71.970503
4.3,5,72.002172
-3.3,7,72.037678
4.3,5,72.073889
4.0,7,72.108209
-3.15,4,72.136483
-3.0,1,72.158127
4.6,3,72.187126
-3.15,4,72.218129
4.15,6,72.251081
3.85,8,72.283324
-3.15,4,72.308131
-3.2,5,72.337672
-3.4,9,72.376174
4.15,6,72.547221
-3.2,5,72.573493
-3.15,4,72.598711
-3.15,4,72.626104
4.45,4,72.655248
-3.05,2,72.682978
3.7,9,72.720899
4.3,5,72.753487
4.3,5,72.781688
4.0,7,72.814692
4.15,6,72.845426
4.15,6,72.876219
-3.25,6,72.910807
4.45,4,72.945426
4.0,7,72.976146
4.45,4,73.006145
3.85,8,73.038406
-3.15,4,73.065343
-3.25,6,73.095932
4.45,4,73.121849
-3.3,7,73.154612
3.85,8,73.188624
4.15,6,73.224838
4.6,3,73.257952
4.15,6,73.287207
4.15,6,73.31991
-3.15,4,73.351654
4.45,4,73.378547
-3.25,6,73.415977
4.45,4,73.444179
4.3,5,73.480871
4.3,5,73.515194
4.3,5,73.558833
4.0,7,73.609603
4.0,7,73.651566
-3.25,6,73.685717
4.45,4,73.715854
-3.15,4,73.747813
-3.1,3,73.774998
-3.2,5,73.808064
4.3,5,73.839183
-3.35,8,73.883291
4.0,7,73.919388
3.7,9,73.954556
4.0,7,73.985718
-3.15,4,74.014962
4.3,5,74.039749
4.3,5,74.071638
4.3,5,74.263947
-3.25,6,74.29355
4.3,5,74.324294
4.15,6,74.357982
-3.25,6,74.394126
-3.2,5,74.424867
3.7,9,74.459136
4.45,4,74.485951
-3.55,12,74.524024
4.0,7,74.56307
-3.1,3,74.589888
4.45,4,74.619563
4.0,7,74.657895
-3.5,11,74.698596
4.3,5,74.728946
4.6,3,74.76539
4.6,3,74.798765
-3.45,10,74.840215
-3.35,8,74.878794
-3.2,5,74.911878
4.0,7,74.943598
-3.3,7,74.979522
-3.4,9,75.020433
4.3,5,75.055101
-3.15,4,75.086247
-3.1,3,75.119092
-3.25,6,75.153909
-3.25,6,75.188154
4.0,7,75.218856
-3.15,4,75.255563
-3.15,4,75.286346
-3.2,5,75.315466
-3.15,4,75.342537
-3.25,6,75.382255
-3.25,6,75.409951
-3.2,5,75.438109
4.3,5,75.464465
-3.15,4,75.489271
4.45,4,75.52218
-3.25,6,75.559671
3.85,8,75.596769
4.6,3,75.622591
3.55,10,75.661563
4.3,5,75.862556
-3.25,6,75.896859
-3.3,7,75.934155
-3.25,6,75.969769
4.15,6,76.009154
-3.25,6,76.045815
-3.35,8,76.080383
4.3,5,76.113816
-3.4,9,76.146451
4.0,7,76.177197
-3.35,8,76.214419
4.45,4,76.24489
4.6,3,76.273842
4.45,4,76.305366
-3.25,6,76.33837
4.6,3,76.371628
-3.6,13,76.419568
-3.05,2,76.447762
4.0,7,76.48182
3.55,10,76.521413
-3.15,4,76.55025
-3.15,4,76.575546
3.85,8,76.611139
4.3,5,76.641971
4.45,4,76.670959
3.7,9,76.710876
-3.25,6,76.746987
-3.15,4,76.777192
-3.3,7,76.816469
4.0,7,76.863327
-3.2,5,76.896278
-3.25,6,76.940081
4.0,7,76.98077
-3.15,4,77.016494
4.15,6,77.052939
-3.5,11,77.09218
4.3,5,77.123912
3.85,8,77.160932
-3.05,2,77.186609
4.15,6,77.21817
-3.15,4,77.243244
4.15,6,77.271321
-3.1,3,77.296559
4.0,7,77.472587
4.6,3,77.497261
4.15,6,77.530442
-3.25,6,77.56056
4.15,6,77.592654
-3.3,7,77.630636
4.45,4,77.667037
4.15,6,77.700384
-3.15,4,77.737038
-3.45,10,77.772458
-3.0,1,77.801757
4.0,7,77.834197
4.15,6,77.866831
-3.0,1,77.890684
-3.25,6,77.928091
-3.15,4,77.957526
3.85,8,77.998766
4.3,5,78.033661
-3.0,1,78.062691
-3.2,5,78.097332
4.0,7,78.133464
4.45,4,78.16934
-3.15,4,78.200315
-3.15,4,78.232546
-3.2,5,78.264359
-3.25,6,78.30057
-3.45,10,78.354864
4.75,2,78.384884
-3.35,8,78.42929
-3.3,7,78.461072
3.85,8,78.495673
4.45,4,78.529184
-3.25,6,78.563873
-3.1,3,78.589212
-3.4,9,78.628682
-3.3,7,78.663133
3.7,9,78.697115
3.85,8,78.730019
-3.2,5,78.762511
-3.45,10,78.798472
4.3,5,78.826957
3.85,8,78.862144
-3.3,7,78.893964
-3.35,8,78.936636
4.15,6,79.124839
4.15,6,79.157721
3.7,9,79.192888
-3.25,6,79.224338
-3.45,10,79.262599
4.45,4,79.289238
-3.15,4,79.319519
4.3,5,79.347766
4.3,5,79.374404
4.3,5,79.405113
4.0,7,79.43779
-3.35,8,79.471036
-3.15,4,79.502211
3.85,8,79.537448
4.0,7,79.573439
4.45,4,79.602038
-3.35,8,79.640239
-3.2,5,79.671865
4.3,5,79.701457
4.0,7,79.73921
3.7,9,79.780805
4.15,6,79.814741
3.4,11,79.856198
3.85,8,79.892124
-3.0,1,79.91725
-3.15,4,79.950466
4.3,5,79.981677
4.15,6,80.012249
4.45,4,80.044065
4.0,7,80.081598
3.7,9,80.120621
3.7,9,80.159423
-3.5,11,80.203126
-3.2,5,80.243712
4.3,5,80.272491
-3.2,5,80.302569
-3.3,7,80.345714
3.85,8,80.383455
4.0,7,80.420649
-3.2,5,80.452815
-3.25,6,80.631181
4.45,4,80.665286
4.15,6,80.706471
4.0,7,80.744233
4.0,7,80.784759
-3.45,10,80.822183
-3.35,8,80.856959
4.0,7,80.892721
3.4,11,80.939107
4.45,4,80.970353
-3.15,4,81.000024
-3.15,4,81.027868
-3.1,3,81.062049
-3.5,11,81.102903
-3.2,5,81.131466
-3.2,5,81.166778
4.15,6,81.205781
-3.2,5,81.236638
3.85,8,81.275126
-3.3,7,81.309748
4.3,5,81.338853
-3.45,10,81.377731
-3.2,5,81.412462
3.85,8,81.453673
-3.25,6,81.48481
4.45,4,81.51397
-3.2,5,81.546765
-3.45,10,81.584328
-3.35,8,81.617695
-3.35,8,81.652502
4.45,4,81.68442
-3.3,7,81.722101
4.3,5,81.756369
-3.2,5,81.785242
-3.1,3,81.812943
3.85,8,81.8467
-3.1,3,81.87292
-3.25,6,81.901543
4.45,4,81.93096
-3.25,6,81.966191
-3.3,7,81.999163
4.15,6,82.177887
4.3,5,82.205277
4.3,5,82.237393
4.3,5,82.265085
4.0,7,82.30537
-3.6,13,82.349617
-3.25,6,82.379851
-3.15,4,82.408026
-3.2,5,82.436637
-3.05,2,82.465232
4.15,6,82.49829
4.45,4,82.530062
-3.35,8,82.561615
4.6,3,82.587264
-3.15,4,82.616492
3.55,10,82.655086
4.45,4,82.68311
4.0,7,82.714319
3.85,8,82.755782
-3.4,9,82.79812
3.55,10,82.836909
-3.35,8,82.871852
-3.45,10,82.914958
4.15,6,82.950895
4.0,7,82.986164
-3.5,11,83.028353
4.6,3,83.061345
-3.15,4,83.091628
-3.05,2,83.122947
4.0,7,83.158492
3.7,9,83.198398
-3.35,8,83.237589
-3.2,5,83.277281
-3.45,10,83.318242
-3.2,5,83.349053
-3.05,2,83.377196
4.3,5,83.408087
4.45,4,83.445741
3.55,10,83.479848
-3.2,5,83.509825
3.7,9,83.54599
-3.3,7,83.737871
4.3,5,83.768828
4.0,7,83.801829
-3.1,3,83.83548
4.0,7,83.871274
-3.45,10,83.90864
-3.4,9,83.945366
-3.05,2,83.970001
4.15,6,84.004739
4.45,4,84.03457
-3.05,2,84.059118
-3.4,9,84.092685
-3.35,8,84.131289
-3.45,10,84.168201
4.45,4,84.2008
-3.2,5,84.233138
4.15,6,84.267899
4.3,5,84.308147
-3.5,11,84.351688
-3.35,8,84.385377
4.45,4,84.411531
-3.25,6,84.445457
-3.05,2,84.468241
-3.3,7,84.499189
-3.35,8,84.534008
-3.3,7,84.565921
-3.25,6,84.596833
-3.3,7,84.633455
3.4,11,84.677745
-3.35,8,84.711713
4.0,7,84.74574
-3.35,8,84.776959
-3.3,7,84.807901
-3.4,9,84.846283
4.3,5,84.88151
-3.2,5,84.915086
-3.35,8,84.950433
4.45,4,84.978231
4.15,6,85.007085
4.0,7,85.188275
-3.05,2,85.213519
4.45,4,85.239815
4.45,4,85.270118
3.7,9,85.308438
4.15,6,85.345902
4.6,3,85.373921
-3.2,5,85.411674
-3.15,4,85.44064
-3.25,6,85.471661
-3.45,10,85.508173
4.6,3,85.53406
3.85,8,85.566364
4.15,6,85.59634
-3.3,7,85.631577
4.0,7,85.665891
4.15,6,85.700387
-3.25,6,85.734808
3.7,9,85.779236
-3.4,9,85.816618
4.45,4,85.847502
4.3,5,85.877315
-3.25,6,85.909091
-3.3,7,85.942215
-3.05,2,85.969316
-3.45,10,86.007342
-3.05,2,86.033002
4.45,4,86.065235
-3.25,6,86.104164
4.0,7,86.137402
-3.55,12,86.17759
3.85,8,86.217513
-3.2,5,86.254483
4.0,7,86.286146
4.3,5,86.327736
4.0,7,86.365914
4.3,5,86.396434
4.0,7,86.428023
3.7,9,86.463911
-3.05,2,86.488364
-3.35,8,86.52021
4.45,4,86.548306
3.55,10,86.736404
-3.3,7,86.769881
4.0,7,86.80068
-3.45,10,86.83853
-3.15,4,86.867994
-3.4,9,86.913878
4.15,6,86.949661
4.45,4,86.980817
-3.15,4,87.00597
-3.25,6,87.036529
-3.2,5,87.070547
-3.15,4,87.100769
3.85,8,87.133267
-3.4,9,87.166345
4.15,6,87.198699
4.15,6,87.228245
3.7,9,87.262482
-3.2,5,87.292709
-3.25,6,87.325516
3.55,10,87.364905
-3.0,1,87.388381
3.85,8,87.427366
3.85,8,87.462599
-3.25,6,87.492886
4.3,5,87.521474
-3.25,6,87.54915
-3.2,5,87.581588
-3.3,7,87.620906
-3.2,5,87.65234
-3.45,10,87.690278
-3.3,7,87.726389
-3.2,5,87.760452
-3.4,9,87.802958
-3.25,6,87.836504
4.3,5,87.871374
3.7,9,87.909694
-3.3,7,87.945366
-3.25,6,87.972232
-3.3,7,88.004817
-3.2,5,88.033204
3.85,8,88.211282
-3.25,6,88.241857
4.3,5,88.270439
4.3,5,88.301786
-3.3,7,88.337969
3.85,8,88.372703
4.0,7,88.406689
-3.25,6,88.439852
3.85,8,88.482477
4.15,6,88.513406
4.15,6,88.54458
3.7,9,88.577564
-3.4,9,88.615226
4.45,4,88.644913
-3.2,5,88.674154
4.45,4,88.703845
4.6,3,88.728244
-3.25,6,88.761818
4.3,5,88.78893
-3.25,6,88.820456
4.15,6,88.853872
4.45,4,88.884897
4.15,6,88.91856
3.85,8,88.952592
-3.25,6,88.983772
-3.1,3,89.008209
4.6,3,89.03552
-3.1,3,89.06372
-3.05,2,89.091311
-3.3,7,89.134357
4.15,6,89.172537
3.55,10,89.215324
4.45,4,89.250759
-3.25,6,89.283365
4.0,7,89.319272
4.3,5,89.353969
-3.35,8,89.385106
-3.2,5,89.413969
-3.1,3,89.438841
4.6,3,89.468911
-3.5,11,89.509923
4.0,7,89.541743
4.45,4,89.564808
4.3,5,89.593314
4.3,5,89.775402
-3.2,5,89.803034
3.85,8,89.837968
3.85,8,89.87484
4.15,6,89.904255
4.15,6,89.936181
-3.35,8,89.970042
4.0,7,90.004156
4.3,5,90.037951
4.15,6,90.073823
4.0,7,90.112994
-3.1,3,90.137929
-3.35,8,90.178887
-3.35,8,90.2184
-3.15,4,90.248145
-3.15,4,90.274874
-3.1,3,90.309984
-3.3,7,90.341835
3.85,8,90.376524
-3.15,4,90.413754
3.7,9,90.451956
-3.15,4,90.480192
-3.4,9,90.514875
4.0,7,90.553209
-3.15,4,90.583782
4.75,2,90.614873
3.4,11,90.663036
-3.25,6,90.692592
4.0,7,90.729748
3.85,8,90.765554
4.3,5,90.802108
4.15,6,90.83956
3.85,8,90.883098
-3.05,2,90.913333
-3.35,8,90.951573
-3.3,7,91.016981
-3.25,6,91.058251
4.3,5,91.09684
4.6,3,91.126721
4.3,5,91.167067
-3.3,7,91.202978
-3.3,7,91.243448
4.6,3,91.451603
-3.15,4,91.484774
4.3,5,91.522007
4.6,3,91.553904
-3.4,9,91.597126
3.7,9,91.638851
-3.25,6,91.678256
-3.15,4,91.710976
-3.45,10,91.753161
4.3,5,91.791572
4.15,6,91.825672
-3.3,7,91.865668
4.75,2,91.892061
4.0,7,91.930044
4.45,4,91.96393
-3.0,1,91.992731
4.0,7,92.035039
4.45,4,92.069994
-3.05,2,92.098563
-3.55,12,92.148219
4.3,5,92.186062
4.75,2,92.218067
4.0,7,92.266656
4.15,6,92.308782
4.45,4,92.33508
-3.15,4,92.371688
-3.4,9,92.41207
-3.25,6,92.450987
4.0,7,92.493895
4.15,6,92.533906
4.15,6,92.575306
-3.3,7,92.617939
3.4,11,92.66322
-3.2,5,92.692567
4.0,7,92.728382
-3.15,4,92.753952
4.6,3,92.78684
-3.3,7,92.827085
4.0,7,92.86225
3.85,8,92.897201
4.15,6,92.929451
3.7,9,92.967786
3.85,8,93.004282
-3.3,7,93.205559
-3.45,10,93.249791
-3.0,1,93.272361
4.6,3,93.300062
4.3,5,93.339444
-3.45,10,93.377988
4.0,7,93.410424
-3.3,7,93.442333
-3.5,11,93.483939
4.15,6,93.521374
4.3,5,93.552862
4.75,2,93.586609
-3.1,3,93.621314
3.85,8,93.671839
4.45,4,93.707833
4.15,6,93.753633
3.7,9,93.800114
4.3,5,93.837862
3.85,8,93.874777
4.3,5,93.910017
4.75,2,93.934572
-3.35,8,93.970654
4.15,6,94.001968
4.15,6,94.037654
-3.2,5,94.076092
-3.05,2,94.101828
-3.2,5,94.129634
-3.2,5,94.162662
4.15,6,94.196711
3.85,8,94.232706
4.3,5,94.264803
3.7,9,94.30395
4.3,5,94.335512
4.3,5,94.364021
4.15,6,94.404093
4.6,3,94.435088
4.6,3,94.466645
-3.2,5,94.500627
-3.05,2,94.53003
-3.5,11,94.575127
-3.15,4,94.602247
-3.2,5,94.631562
3.4,11,94.670391
3.4,11,94.851827
3.85,8,94.889702
-3.15,4,94.920442
-3.05,2,94.94795
4.75,2,94.969464
3.85,8,95.001495
-3.05,2,95.026446
-3.25,6,95.058275
-3.4,9,95.095851
-3.5,11,95.132035
3.55,10,95.167578
4.3,5,95.198177
3.85,8,95.232989
3.85,8,95.270143
4.0,7,95.306779
3.85,8,95.352865
-3.25,6,95.387991
4.3,5,95.423015
4.3,5,95.454278
4.3,5,95.481316
4.15,6,95.51635
4.45,4,95.546052
4.15,6,95.580255
4.3,5,95.61293
3.4,11,95.659899
-3.2,5,95.691779
3.85,8,95.732548
3.4,11,95.769686
-3.3,7,95.798483
4.3,5,95.82882
-3.35,8,95.859548
4.15,6,95.890613
4.3,5,95.920659
3.55,10,95.963579
4.0,7,95.998979
-3.55,12,96.039245
4.6,3,96.064347
-3.25,6,96.095811
-3.45,10,96.132416
4.75,2,96.305183
3.7,9,96.337795
4.3,5,96.36986
-3.2,5,96.401955
4.9,1,96.424969
3.7,9,96.457042
4.9,1,96.477933
3.85,8,96.508992
-3.35,8,96.542864
4.15,6,96.571204
4.15,6,96.601038
-3.6,13,96.643028
-3.45,10,96.678809
4.3,5,96.710724
-3.25,6,96.744694
4.15,6,96.777671
4.3,5,96.81623
4.0,7,96.850712
-3.55,12,96.900144
4.15,6,96.935618
3.7,9,96.978037
-3.5,11,97.026693
4.15,6,97.061787
-3.3,7,97.106242
4.15,6,97.14192
4.75,2,97.173515
4.3,5,97.20974
4.45,4,97.247526
4.3,5,97.28603
3.7,9,97.326516
-3.5,11,97.367016
3.7,9,97.409976
4.0,7,97.445541
4.45,4,97.474322
4.0,7,97.507344
4.6,3,97.535703
3.7,9,97.57498
3.4,11,97.617763
4.15,6,97.802297
4.15,6,97.83597
4.75,2,97.863707
4.3,5,97.899091
4.15,6,97.935081
-3.35,8,97.971479
-3.2,5,97.999032
4.45,4,98.029061
4.6,3,98.05973
-3.35,8,98.094283
-3.45,10,98.132463
4.0,7,98.16593
-3.25,6,98.195079
3.4,11,98.230852
-3.35,8,98.261057
3.85,8,98.292305
-3.55,12,98.331432
-3.6,13,98.369281
4.3,5,98.398384
-3.35,8,98.431561
-3.2,5,98.458947
3.4,11,98.500659
-3.5,11,98.539022
-3.25,6,98.569619
3.85,8,98.60283
4.15,6,98.636346
4.15,6,98.676196
-3.05,2,98.702346
4.9,1,98.729008
3.85,8,98.762225
-3.4,9,98.803976
3.85,8,98.841223
4.15,6,98.874171
3.7,9,98.91122
4.3,5,98.942624
3.85,8,98.974464
3.55,10,99.167736
3.7,9,99.211359
3.7,9,99.249367
3.85,8,99.28334
3.4,11,99.320326
4.0,7,99.356888
-3.25,6,99.391693
-3.25,6,99.424711
-3.2,5,99.459028
4.15,6,99.492746
4.3,5,99.531694
4.15,6,99.571764
4.75,2,99.601414
4.3,5,99.632458
4.3,5,99.668817
-3.25,6,99.702484
-3.55,12,99.745167
-3.5,11,99.784239
4.45,4,99.812822
4.0,7,99.851161
-3.0,1,99.874311
3.85,8,99.909956
-3.2,5,99.939597
-3.3,7,99.973909
3.85,8,100.011747
3.7,9,100.051568
-3.5,11,100.09748
3.4,11,100.143169
3.7,9,100.184844
4.15,6,100.221092
-3.5,11,100.26411
3.7,9,100.306438
-3.35,8,100.349418
-3.2,5,100.382686
-3.5,11,100.428825
4.15,6,100.621743
3.7,9,100.65836
-3.55,12,100.699244
4.45,4,100.730195
4.3,5,100.763547
-3.45,10,100.800289
-3.4,9,100.83493
3.55,10,100.87445
-3.25,6,100.905839
3.85,8,100.941568
4.3,5,100.976538
3.4,11,101.016393
3.85,8,101.05006
4.9,1,101.079305
4.6,3,101.110288
-3.55,12,101.151605
-3.45,10,101.194807
4.15,6,101.233985
4.6,3,101.263592
4.75,2,101.288815
-3.5,11,101.324557
4.0,7,101.357145
4.3,5,101.385936
-3.45,10,101.42221
4.6,3,101.450188
-3.45,10,101.486299
-3.15,4,101.51493
-3.25,6,101.54561
-3.5,11,101.583438
3.85,8,101.627619
-3.55,12,101.679013
-3.45,10,101.71987
4.3,5,101.749721
4.75,2,101.77524
-3.4,9,101.814271
3.55,10,102.043077
-3.3,7,102.076732
3.85,8,102.113338
-3.5,11,102.154116
-3.35,8,102.186213
4.0,7,102.21679
-3.2,5,102.245581
4.3,5,102.27664
3.25,12,102.316551
-3.35,8,102.351428
4.0,7,102.382374
-3.15,4,102.411062
-3.25,6,102.443105
4.15,6,102.47174
4.0,7,102.502341
4.6,3,102.527797
-3.35,8,102.560945
-3.45,10,102.595014
3.7,9,102.626713
-3.05,2,102.649348
4.6,3,102.676528
4.75,2,102.702463
4.15,6,102.733609
4.15,6,102.764726
-3.2,5,102.792415
-3.6,13,102.847406
-3.6,13,102.895609
4.75,2,102.923508
4.15,6,102.953895
3.55,10,102.996077
4.3,5,103.03163
4.0,7,103.065081
4.6,3,103.095832
-3.1,3,103.123265
4.3,5,103.161822
4.9,1,103.18544
3.85,8,103.22154
3.4,11,103.271933
-3.2,5,103.30251
4.6,3,103.331109
4.0,7,103.52352
4.6,3,103.550969
-3.35,8,103.584294
4.3,5,103.625211
-3.3,7,103.658642
3.7,9,103.693207
4.45,4,103.721725
4.3,5,103.749784
3.85,8,103.783371
3.55,10,103.826095
-3.45,10,103.863418
-3.55,12,103.908869
4.0,7,103.940467
3.7,9,103.979622
4.15,6,104.00925
3.7,9,104.045713
-3.05,2,104.071912
4.3,5,104.103391
-3.1,3,104.128953
4.45,4,104.153835
-3.7,15,104.196712
3.7,9,104.232037
4.15,6,104.261883
4.45,4,104.29056
4.45,4,104.319196
-3.15,4,104.351593
-3.05,2,104.379514
4.15,6,104.414402
-3.25,6,104.44932
4.0,7,104.483711
3.7,9,104.520075
-3.15,4,104.548244
4.45,4,104.573105
-3.6,13,104.612324
-3.45,10,104.648995
3.55,10,104.688117
3.85,8,104.724824
-3.25,6,104.758841
4.75,2,104.957445
4.3,5,104.997896
-3.2,5,105.033296
3.55,10,105.07364
-3.4,9,105.112753
-3.2,5,105.143853
-3.35,8,105.202559
-3.4,9,105.261212
4.75,2,105.290597
4.6,3,105.331524
-3.2,5,105.367453
-3.2,5,105.400196
3.85,8,105.433856
4.45,4,105.463327
4.45,4,105.489721
4.6,3,105.517506
4.45,4,105.545791
-3.2,5,105.576632
4.0,7,105.607997
4.45,4,105.634947
4.3,5,105.665653
4.3,5,105.694975
3.85,8,105.730499
4.3,5,105.760694
4.6,3,105.783748
4.0,7,105.820282
4.0,7,105.857462
-3.35,8,105.891267
-3.25,6,105.923854
4.6,3,105.951126
-3.35,8,105.990443
-3.2,5,106.022285
3.55,10,106.067639
3.55,10,106.11511
4.0,7,106.148598
-3.0,1,106.174586
3.85,8,106.208732
-3.15,4,106.237483
4.6,3,106.266277
4.3,5,106.29489
4.3,5,106.325023
-3.6,13,106.36812
4.75,2,106.393445
4.6,3,106.416955
-3.4,9,106.607211
4.45,4,106.644051
3.7,9,106.696397
4.3,5,106.741039
4.3,5,106.778088
-3.15,4,106.808343
-3.3,7,106.845064
3.55,10,106.881565
4.6,3,106.911334
3.55,10,106.951826
4.45,4,106.98529
4.0,7,107.027622
4.15,6,107.06906
-3.35,8,107.113891
4.45,4,107.147016
-3.45,10,107.195666
-3.35,8,107.232379
-3.35,8,107.273417
4.3,5,107.303981
3.85,8,107.335189
3.55,10,107.376701
3.25,12,107.414917
4.3,5,107.448591
-3.6,13,107.492264
4.6,3,107.519604
-3.35,8,107.554439
3.85,8,107.587934
3.7,9,107.619329
4.45,4,107.644444
-3.25,6,107.675395
4.45,4,107.703658
-3.35,8,107.73964
4.15,6,107.766765
4.0,7,107.798885
4.75,2,107.829993
-3.25,6,107.86694
3.7,9,107.9088
-3.3,7,107.941962
3.85,8,108.140306
4.45,4,108.175672
4.0,7,108.208553
4.15,6,108.238342
4.3,5,108.27258
-3.35,8,108.304894
-3.3,7,108.339198
4.0,7,108.370495
-3.5,11,108.408718
4.15,6,108.435074
4.75,2,108.458251
3.55,10,108.494349
4.0,7,108.525485
4.3,5,108.551668
4.15,6,108.580094
4.6,3,108.603313
4.45,4,108.632748
4.45,4,108.661662
4.3,5,108.690884
-3.3,7,108.723623
4.0,7,108.756293
-3.5,11,108.798305
-3.25,6,108.831589
4.3,5,108.862303
3.7,9,108.897336
4.3,5,108.924283
3.85,8,108.957764
4.75,2,108.988518
-3.3,7,109.02773
3.85,8,109.065353
3.55,10,109.109007
4.3,5,109.143376
4.15,6,109.177636
4.15,6,109.211272
4.6,3,109.233894
3.7,9,109.270646
3.25,12,109.313039
-3.45,10,109.350168
3.7,9,109.552224
4.6,3,109.581542
4.45,4,109.607087
4.75,2,109.633962
3.25,12,109.674917
4.6,3,109.703727
4.0,7,109.740088
-3.1,3,109.76845
3.1,13,109.816617
3.85,8,109.85367
4.15,6,109.887926
-3.45,10,109.926647
3.85,8,109.958353
4.3,5,109.986324
-3.4,9,110.019499
4.3,5,110.049303
4.3,5,110.078124
-3.3,7,110.108716
3.85,8,110.14451
3.85,8,110.178947
3.55,10,110.221814
-3.4,9,110.260014
4.3,5,110.293733
4.0,7,110.328867
4.45,4,110.354798
4.3,5,110.384599
4.45,4,110.414466
4.9,1,110.43603
-3.0,1,110.464803
3.55,10,110.510951
4.15,6,110.545901
4.0,7,110.583518
4.0,7,110.615782
4.9,1,110.63943
4.15,6,110.668081
4.3,5,110.698714
4.3,5,110.72832
4.15,6,110.756808
4.3,5,110.78401
3.85,8,110.819093
4.6,3,110.856798
4.45,4,110.894738
4.15,6,110.926465
-3.45,10,111.123445
-1.75,15,111.171906
4.45,4,111.199349
4.15,6,111.239697
4.75,2,111.267868
-3.15,4,111.29788
4.0,7,111.332736
4.0,7,111.36438
-1.75,15,111.41548
3.55,10,111.45532
-3.25,6,111.492082
4.6,3,111.521084
3.85,8,111.553613
-3.55,12,111.596102
4.6,3,111.62202
4.45,4,111.652522
4.45,4,111.683199
4.15,6,111.71465
4.45,4,111.742759
3.55,10,111.77784
4.45,4,111.806338
3.85,8,111.837902
4.3,5,111.865266
4.3,5,111.893417
3.4,11,111.931151
4.6,3,111.956768
4.15,6,111.987197
-1.75,15,112.031186
-3.35,8,112.070313
4.0,7,112.109633
4.6,3,112.132048
3.85,8,112.166649
4.15,6,112.199733
3.85,8,112.234459
3.85,8,112.269102
3.7,9,112.312024
4.15,6,112.351081
4.3,5,112.530937
4.3,5,112.559452
3.7,9,112.600676
3.55,10,112.645854
4.0,7,112.683065
-3.6,13,112.730145
4.45,4,112.76664
3.55,10,112.808509
-3.65,14,112.852794
4.6,3,112.883655
3.85,8,112.924393
4.75,2,112.947544
-1.75,15,112.998917
-3.4,9,113.04844
4.75,2,113.075874
-3.0,1,113.098396
4.6,3,113.124235
-3.55,12,113.161994
4.6,3,113.187602
3.7,9,113.224129
4.45,4,113.261616
3.4,11,113.305424
-1.75,15,113.350462
3.85,8,113.385029
3.4,11,113.425633
4.45,4,113.456639
-1.75,15,113.495846
4.6,3,113.520259
4.6,3,113.546927
4.3,5,113.576111
3.55,10,113.613215
3.7,9,113.656685
4.3,5,113.687065
4.9,1,113.712664
-3.4,9,113.918687
3.55,10,113.956452
4.45,4,113.992099
4.3,5,114.024126
4.0,7,114.058215
4.75,2,114.081082
3.7,9,114.124521
4.15,6,114.156593
4.75,2,114.183788
4.6,3,114.217993
4.3,5,114.248318
3.85,8,114.28282
4.3,5,114.315531
4.0,7,114.351603
4.15,6,114.389633
4.6,3,114.421109
4.75,2,114.450447
-3.25,6,114.480254
4.75,2,114.511602
4.45,4,114.536803
-3.4,9,114.57222
4.75,2,114.597773
-3.65,14,114.643147
3.85,8,114.678352
3.85,8,114.715706
4.6,3,114.746997
4.15,6,114.780552
4.6,3,114.805153
4.3,5,114.833627
4.45,4,114.859786
3.85,8,114.891227
4.9,1,114.912032
4.0,7,114.940408
-3.3,7,114.97197
3.85,8,115.00549
4.45,4,115.032661
4.0,7,115.072141
4.0,7,115.104377
4.75,2,115.127825
-3.3,7,115.161848
3.25,12,115.199817
4.45,4,115.228568
4.15,6,115.262655
4.0,7,115.295791
4.3,5,115.327688
-3.6,13,115.520606
4.75,2,115.544734
4.75,2,115.570474
4.6,3,115.596407
-3.0,1,115.621765
-1.75,15,115.669558
4.3,5,115.705827
-3.4,9,115.741271
4.15,6,115.772936
4.15,6,115.806897
4.3,5,115.833963
3.85,8,115.869382
4.3,5,115.901106
3.85,8,115.941743
4.3,5,115.975067
4.75,2,116.007654
4.45,4,116.038954
4.75,2,116.063882
4.45,4,116.096355
4.3,5,116.129168
4.45,4,116.163688
3.7,9,116.207412
-3.35,8,116.243737
4.3,5,116.275742
4.45,4,116.302286
4.45,4,116.3289
-3.45,10,116.365258
4.15,6,116.399264
4.6,3,116.427143
3.25,12,116.472654
3.85,8,116.501014
4.6,3,116.525231
-3.35,8,116.554525
4.9,1,116.575267
4.6,3,116.603
4.9,1,116.624227
4.0,7,116.655661
4.75,2,116.676955
4.0,7,116.708006
-3.55,12,116.744153
3.1,13,116.782457
4.45,4,116.811494
3.25,12,116.851312
4.3,5,116.884304
4.0,7,117.08151
4.0,7,117.121702
4.9,1,117.144739
4.45,4,117.174701
4.45,4,117.204268
-1.75,15,117.252464
3.85,8,117.28645
4.45,4,117.316472
4.0,7,117.36163
-1.75,15,117.410786
4.0,7,117.444191
-1.75,15,117.495932
3.25,12,117.535745
3.4,11,117.571607
4.45,4,117.597911
3.4,11,117.638372
4.6,3,117.663787
4.3,5,117.694312
4.15,6,117.724529
3.85,8,117.760733
4.15,6,117.788804
4.15,6,117.819345
3.55,10,117.856415
-1.75,15,117.897708
4.3,5,117.927619
4.3,5,117.958014
-3.4,9,117.99309
-3.3,7,118.024208
4.75,2,118.049036
4.45,4,118.079078
4.3,5,118.112465
4.3,5,118.143176
4.15,6,118.175338
3.7,9,118.211285
3.55,10,118.383728
3.4,11,118.421183
4.45,4,118.44974
-3.05,2,118.470739
-3.65,14,118.520845
3.55,10,118.563418
4.0,7,118.600417
-3.3,7,118.634913
-3.55,12,118.680833
4.45,4,118.711248
4.15,6,118.740874
4.6,3,118.765386
3.4,11,118.803559
4.0,7,118.836505
3.85,8,118.87652
4.6,3,118.903618
4.15,6,118.937176
-3.4,9,118.97672
3.7,9,119.011355
-3.35,8,119.051895
3.55,10,119.090598
4.15,6,119.121911
4.3,5,119.155846
4.45,4,119.187762
4.6,3,119.213566
-3.3,7,119.24767
4.75,2,119.269612
-3.2,5,119.299
4.0,7,119.330693
4.3,5,119.363332
4.45,4,119.394825
4.3,5,119.427196
4.75,2,119.460363
-3.3,7,119.499256
-3.45,10,119.53423
4.45,4,119.563019
4.15,6,119.594635
4.6,3,119.618999
4.3,5,119.646439
-1.75,15,119.842516
4.0,7,119.873379
-3.7,15,119.919051
-3.6,13,119.960164
-3.65,14,120.006881
3.55,10,120.04681
4.45,4,120.077433
4.6,3,120.102412
3.7,9,120.140343
4.6,3,120.166494
4.15,6,120.203476
4.75,2,120.228509
-3.15,4,120.258082
-3.5,11,120.302495
3.85,8,120.343745
4.45,4,120.377378
4.45,4,120.408352
-3.7,15,120.452393
4.15,6,120.489741
4.0,7,120.524587
4.3,5,120.561123
-1.75,15,120.614819
4.45,4,120.642227
4.75,2,120.665658
3.55,10,120.705813
3.4,11,120.746774
4.3,5,120.7758
4.3,5,120.809638
3.1,13,120.856938
-1.75,15,120.90948
4.3,5,120.946977
4.15,6,120.980606
3.1,13,121.028883
4.45,4,121.299637
4.0,7,121.341082
4.75,2,121.37666
4.3,5,121.41249
4.3,5,121.457782
-3.5,11,121.507985
4.0,7,121.545343
4.3,5,121.579225
3.55,10,121.623285
4.45,4,121.660211
4.0,7,121.696381
4.45,4,121.726297
4.45,4,121.764203
4.45,4,121.796088
3.85,8,121.836637
4.45,4,121.877271
4.3,5,121.914997
-3.55,12,121.968442
4.3,5,122.001118
4.6,3,122.036727
-3.3,7,122.0806
4.6,3,122.111952
3.7,9,122.153851
4.15,6,122.196752
3.55,10,122.238535
4.6,3,122.274945
4.15,6,122.311929
4.3,5,122.346046
4.3,5,122.376377
4.45,4,122.406665
-3.5,11,122.448534
4.6,3,122.47628
4.45,4,122.504959
4.3,5,122.536228
4.3,5,122.563249
4.0,7,122.593435
4.3,5,122.621613
4.3,5,122.650939
4.9,1,122.672978
4.45,4,122.70307
-3.4,9,122.741081
4.45,4,122.777087
4.15,6,122.80605
4.6,3,122.832446
4.6,3,122.860029
3.7,9,123.042428
4.9,1,123.067161
3.55,10,123.104698
4.3,5,123.145792
3.85,8,123.176193
4.9,1,123.201146
-3.2,5,123.230367
4.75,2,123.253919
4.75,2,123.280255
4.75,2,123.31227
3.7,9,123.349109
3.85,8,123.385201
3.85,8,123.420476
4.45,4,123.44898
4.9,1,123.47161
4.6,3,123.49622
4.15,6,123.52802
3.55,10,123.572953
3.55,10,123.615575
3.85,8,123.665613
4.45,4,123.699751
-3.35,8,123.741251
4.15,6,123.777164
4.0,7,123.815144
4.75,2,123.846985
4.75,2,123.875694
3.85,8,123.915611
4.75,2,123.944595
4.6,3,123.971126
4.3,5,124.01328
3.85,8,124.054054
4.75,2,124.088253
3.25,12,124.139381
-3.55,12,124.177534
4.6,3,124.204675
3.85,8,124.236363
4.3,5,124.26433
4.6,3,124.289319
3.7,9,124.327158
4.6,3,124.353067
-3.5,11,124.391458
4.0,7,124.425165
4.3,5,124.458726
-3.3,7,124.489243
-3.7,15,124.671542
4.45,4,124.699115
3.85,8,124.733197
3.85,8,124.766341
4.45,4,124.798114
-3.15,4,124.829746
-3.25,6,124.859982
4.75,2,124.883747
-3.65,14,124.926478
4.0,7,124.959896
3.85,8,124.99497
4.0,7,125.026969
4.6,3,125.050421
3.7,9,125.085654
4.15,6,125.12197
-1.75,15,125.171929
4.15,6,125.20766
4.6,3,125.235626
4.3,5,125.265162
4.6,3,125.294719
4.3,5,125.32769
4.15,6,125.359709
4.45,4,125.389561
4.45,4,125.421107
4.45,4,125.459183
4.15,6,125.489616
3.1,13,125.531535
4.15,6,125.570788
4.75,2,125.599751
3.55,10,125.644106
4.6,3,125.671116
4.0,7,125.70729
4.3,5,125.738321
4.0,7,125.774104
4.0,7,125.805943
-3.5,11,125.841474
3.4,11,125.877464
4.6,3,125.902515
3.1,13,125.943002
-3.15,4,126.123242
4.75,2,126.14882
4.45,4,126.181991
4.45,4,126.214616
3.25,12,126.255035
4.3,5,126.282681
4.3,5,126.314656
3.85,8,126.350511
4.15,6,126.37997
4.3,5,126.412082
4.45,4,126.442974
4.45,4,126.473037
4.15,6,126.500883
3.7,9,126.534734
4.15,6,126.564341
-3.2,5,126.591933
4.0,7,126.632279
-3.3,7,126.666283
-3.4,9,126.706174
4.3,5,126.732529
4.6,3,126.762607
-3.55,12,126.806153
4.6,3,126.844382
4.3,5,126.877397
4.6,3,126.915436
3.25,12,126.962976
-1.75,15,127.018446
3.55,10,127.064707
4.0,7,127.105019
4.6,3,127.13449
3.85,8,127.172208
3.7,9,127.210887
-3.05,2,127.23878
4.3,5,127.267585
3.4,11,127.305965
4.6,3,127.337113
4.3,5,127.368119
-1.75,15,127.412745
4.0,7,127.445399
-1.75,15,127.62988
3.7,9,127.669086
3.85,8,127.701726
3.1,13,127.74456
4.75,2,127.771099
3.55,10,127.808181
4.45,4,127.840243
3.7,9,127.873434
4.3,5,127.900097
-1.75,15,127.95453
4.45,4,127.98344
3.4,11,128.029569
4.0,7,128.068252
4.45,4,128.096487
3.85,8,128.13406
4.6,3,128.16433
3.7,9,128.20016
4.6,3,128.227032
4.45,4,128.257407
4.75,2,128.285263
4.15,6,128.31862
3.85,8,128.356413
4.6,3,128.382442
4.45,4,128.414552
-3.2,5,128.444166
4.6,3,128.469562
3.1,13,128.517998
4.45,4,128.550509
4.0,7,128.58102
3.85,8,128.619278
-3.45,10,128.659585
4.45,4,128.690181
4.6,3,128.716024
4.45,4,128.748987
4.45,4,128.776087
3.85,8,128.808412
4.75,2,128.836301
4.0,7,128.867495
4.15,6,128.898786
4.15,6,129.07663
4.15,6,129.109492
4.3,5,129.140658
3.85,8,129.175457
-1.75,15,129.226459
4.15,6,129.260706
-3.65,14,129.300322
4.75,2,129.323586
4.0,7,129.355117
4.6,3,129.379919
3.85,8,129.410662
4.15,6,129.440373
3.7,9,129.472628
4.3,5,129.501654
-3.65,14,129.544447
3.85,8,129.575404
4.15,6,129.607054
4.6,3,129.633394
3.7,9,129.670195
4.0,7,129.700324
4.3,5,129.731004
4.45,4,129.764076
4.3,5,129.793867
4.6,3,129.823436
-3.6,13,129.865737
4.6,3,129.893699
4.3,5,129.924726
4.6,3,129.956017
4.3,5,129.995527
4.0,7,130.031247
4.0,7,130.070793
-1.75,15,130.120316
-3.65,14,130.164088
4.0,7,130.199166
3.25,12,130.246247
4.6,3,130.278932
4.45,4,130.488598
4.6,3,130.521404
-3.55,12,130.560887
-3.25,6,130.592234
3.85,8,130.625927
4.0,7,130.663932
4.75,2,130.689719
4.75,2,130.717255
-3.35,8,130.751621
3.7,9,130.786817
4.6,3,130.813953
4.75,2,130.840039
3.85,8,130.878456
4.15,6,130.915656
4.75,2,130.945878
3.7,9,130.984416
4.75,2,131.011811
-1.75,15,131.058632
-3.6,13,131.103061
4.75,2,131.126663
4.9,1,131.154406
-3.55,12,131.194983
3.85,8,131.23228
-3.5,11,131.268418
4.3,5,131.298544
-3.1,3,131.32586
4.45,4,131.356293
4.3,5,131.383898
4.6,3,131.417496
3.85,8,131.452262
3.55,10,131.490761
4.6,3,131.52007
-3.35,8,131.556619
4.6,3,131.582827
4.3,5,131.613443
4.0,7,131.652817
4.6,3,131.684637
4.3,5,131.715257
4.45,4,131.74609
3.7,9,131.790128
3.85,8,131.828138
3.7,9,131.867395
-1.75,15,132.056046
4.6,3,132.08575
4.75,2,132.109917
3.25,12,132.147845
4.6,3,132.173954
4.3,5,132.202439
-3.7,15,132.248484
3.1,13,132.291383
3.7,9,132.334233
3.7,9,132.37223
4.15,6,132.399892
4.45,4,132.427485
4.6,3,132.453771
-3.35,8,132.485981
4.15,6,132.514787
4.15,6,132.545471
4.15,6,132.583205
4.45,4,132.612366
4.75,2,132.643255
3.25,12,132.686884
4.6,3,132.715147
4.0,7,132.753856
3.55,10,132.793843
4.0,7,132.825183
-3.35,8,132.859332
4.6,3,132.882913
4.6,3,132.910746
4.75,2,132.939834
-3.1,3,132.96293
4.45,4,133.001699
4.15,6,133.037276
4.3,5,133.0687
4.0,7,133.107683
4.6,3,133.137501
4.6,3,133.164222
4.3,5,133.198714
4.45,4,133.237029
3.1,13,133.288936
4.3,5,133.318678
4.45,4,133.355357
-3.35,8,133.388588
4.75,2,133.552941
4.0,7,133.581537
4.45,4,133.60968
4.0,7,133.641948
4.45,4,133.668376
-3.2,5,133.698988
3.85,8,133.737248
3.85,8,133.775025
4.15,6,133.81374
4.6,3,133.841898
4.75,2,133.872514
4.0,7,133.905716
4.0,7,133.936547
3.25,12,133.973814
4.0,7,134.006844
-3.35,8,134.041298
4.15,6,134.074976
4.45,4,134.103061
3.7,9,134.140509
4.0,7,134.174808
4.3,5,134.206414
4.6,3,134.229732
-3.35,8,134.270603
4.6,3,134.297329
4.9,1,134.321947
3.7,9,134.355497
3.1,13,134.395662
3.55,10,134.430527
3.7,9,134.467254
4.3,5,134.495105
4.75,2,134.520671
3.7,9,134.561225
-3.4,9,134.59624
4.45,4,134.623713
4.3,5,134.654481
4.45,4,134.680884
4.0,7,134.715758
4.45,4,134.746115
4.3,5,134.782471
4.45,4,134.812125
-3.6,13,134.859253
4.75,2,134.881019
4.15,6,135.090827
4.6,3,135.127242
-3.65,14,135.179016
3.7,9,135.214339
4.15,6,135.243541
3.55,10,135.280691
4.75,2,135.306414
4.45,4,135.335289
4.15,6,135.367116
4.3,5,135.393591
4.6,3,135.415955
4.0,7,135.4461
4.15,6,135.478703
-3.5,11,135.520824
-3.55,12,135.563333
-3.4,9,135.596486
3.85,8,135.627783
4.15,6,135.657974
4.45,4,135.683424
-3.2,5,135.715864
4.15,6,135.747978
4.75,2,135.772051
4.0,7,135.808488
4.0,7,135.843866
4.15,6,135.870821
4.6,3,135.899077
3.85,8,135.938482
4.6,3,135.974202
3.1,13,136.01445
3.7,9,136.048859
4.0,7,136.084578
4.45,4,136.116965
4.3,5,136.147233
4.75,2,136.174189
4.0,7,136.21235
3.85,8,136.248171
4.9,1,136.274932
3.55,10,136.315063
3.7,9,136.35531
4.45,4,136.539345
4.9,1,136.565119
3.55,10,136.605387
4.45,4,136.631294
4.9,1,136.656567
-3.65,14,136.694333
4.3,5,136.723825
4.3,5,136.753018
4.75,2,136.783537
4.75,2,136.810204
3.85,8,136.842538
4.3,5,136.874863
-1.75,15,136.913416
4.3,5,136.947383
-3.45,10,136.980201
4.45,4,137.010308
4.6,3,137.040673
4.0,7,137.07251
2.95,14,137.116145
4.45,4,137.147809
3.55,10,137.186466
-3.55,12,137.240487
4.3,5,137.273771
4.45,4,137.304548
-3.55,12,137.346143
3.7,9,137.384032
4.3,5,137.419398
4.45,4,137.447104
3.1,13,137.489912
3.85,8,137.527207
4.6,3,137.557022
4.3,5,137.593695
3.7,9,137.630777
3.7,9,137.668398
4.0,7,137.705595
4.3,5,137.73367
4.15,6,137.767974
-3.6,13,137.979098
3.55,10,138.025005
4.0,7,138.058237
4.0,7,138.093516
4.9,1,138.121979
4.6,3,138.146922
4.15,6,138.177266
4.75,2,138.206033
4.15,6,138.235154
-1.75,15,138.276109
4.6,3,138.30243
3.55,10,138.340145
4.75,2,138.36565
3.4,11,138.408475
4.6,3,138.434233
4.6,3,138.458065
4.75,2,138.481438
4.15,6,138.512429
4.15,6,138.539205
-3.6,13,138.577405
3.55,10,138.61456
4.45,4,138.647425
3.7,9,138.685764
4.45,4,138.713407
4.45,4,138.740867
4.0,7,138.775898
3.25,12,138.821916
4.75,2,138.849507
4.9,1,138.874117
3.85,8,138.907131
4.6,3,138.930052
3.4,11,138.969576
-1.75,15,139.015778
3.85,8,139.056612
3.4,11,139.093242
-3.35,8,139.131213
3.7,9,139.17187
4.6,3,139.199669
-3.6,13,139.409463
4.6,3,139.436395
4.6,3,139.463984
4.3,5,139.493068
4.3,5,139.52205
-3.6,13,139.565616
4.45,4,139.596647
3.85,8,139.634204
-3.25,6,139.667078
4.6,3,139.694787
4.6,3,139.721883
4.15,6,139.754744
4.45,4,139.781818
-1.75,15,139.833879
-1.75,15,139.875708
4.15,6,139.907657
3.25,12,139.944453
4.75,2,139.972068
4.9,1,139.995392
4.0,7,140.02696
4.6,3,140.053488
4.75,2,140.079445
-1.75,15,140.124389
4.3,5,140.15144
4.45,4,140.179482
-1.75,15,140.230997
4.45,4,140.270782
4.0,7,140.307513
4.6,3,140.339823
-1.75,15,140.390382
3.7,9,140.427265
3.4,11,140.477711
4.45,4,140.506262
4.6,3,140.535472
4.75,2,140.560275
4.45,4,140.599955
4.75,2,140.629426
4.75,2,140.661638
4.75,2,140.690013
4.75,2,140.71453
4.15,6,140.747149
4.3,5,140.778114
3.55,10,140.999586
4.6,3,141.029947
4.45,4,141.063778
4.6,3,141.094662
3.85,8,141.139677
4.3,5,141.176643
4.3,5,141.214651
3.25,12,141.258712
-1.75,15,141.311844
4.75,2,141.339256
3.85,8,141.373497
4.0,7,141.403911
4.15,6,141.431791
4.6,3,141.458098
3.85,8,141.490524
3.85,8,141.52281
4.0,7,141.554762
4.6,3,141.578395
-3.4,9,141.609313
-3.45,10,141.643233
3.55,10,141.677043
4.15,6,141.710542
4.75,2,141.732556
4.15,6,141.770044
4.6,3,141.797601
4.45,4,141.829656
4.0,7,141.86682
4.45,4,141.895966
4.3,5,141.926394
4.15,6,141.954556
4.6,3,141.982213
4.45,4,142.011013
-3.4,9,142.05507
4.45,4,142.087018
4.45,4,142.11626
-3.2,5,142.153275
-3.35,8,142.191177
4.3,5,142.222761
-3.5,11,142.262805
3.25,12,142.306981
4.6,3,142.340543
4.6,3,142.368842
-3.55,12,142.580426
4.0,7,142.620119
4.6,3,142.652774
4.6,3,142.687619
4.15,6,142.72022
4.75,2,142.748083
3.7,9,142.784299
4.15,6,142.815885
4.3,5,142.845537
3.85,8,142.878575
4.6,3,142.904368
3.4,11,142.939263
4.15,6,142.969396
4.15,6,143.000995
4.3,5,143.030496
4.15,6,143.064156
4.45,4,143.095506
4.0,7,143.133628
-3.25,6,143.168643
4.45,4,143.193844
4.45,4,143.222109
4.0,7,143.250717
4.6,3,143.275326
4.6,3,143.30632
3.7,9,143.340134
4.6,3,143.372108
4.6,3,143.400551
3.85,8,143.441455
4.3,5,143.480237
4.6,3,143.510422
-3.1,3,143.54167
-3.3,7,143.577308
-3.6,13,143.623432
4.15,6,143.657051
4.45,4,143.685644
3.85,8,143.725167
4.3,5,143.758218
3.55,10,143.79572
4.45,4,143.822987
4.75,2,143.853605
4.6,3,143.882601
4.3,5,143.913158
4.45,4,143.943678
4.75,2,143.972957
4.15,6,144.007312
3.7,9,144.213712
4.45,4,144.243815
4.6,3,144.269933
3.55,10,144.308602
3.7,9,144.347102
-3.4,9,144.383262
4.45,4,144.411188
3.7,9,144.448951
4.15,6,144.487831
4.15,6,144.522479
4.6,3,144.554216
4.75,2,144.582342
4.9,1,144.609751
4.75,2,144.636722
4.75,2,144.661961
4.75,2,144.688615
4.75,2,144.714417
4.3,5,144.742044
3.55,10,144.77428
4.15,6,144.803092
3.85,8,144.8349
3.4,11,144.877469
4.3,5,144.911239
4.6,3,144.939252
3.85,8,144.975653
4.6,3,144.999272
3.7,9,145.037719
4.15,6,145.069357
-1.75,15,145.113186
4.45,4,145.140917
4.6,3,145.168396
4.45,4,145.196943
4.15,6,145.232441
-3.4,9,145.265746
4.6,3,145.292244
4.15,6,145.324497
4.3,5,145.349952
4.6,3,145.377796
4.45,4,145.405457
-3.45,10,145.445039
3.85,8,145.478974
4.3,5,145.508384
-3.3,7,145.543632
-1.75,15,145.590071
4.75,2,145.780896
4.3,5,145.811201
3.7,9,145.85031
3.55,10,145.894817
4.75,2,145.921745
-3.55,12,145.961982
4.45,4,145.991689
3.25,12,146.030507
4.15,6,146.063013
4.6,3,146.091499
-1.75,15,146.14012
3.7,9,146.175667
4.6,3,146.205656
4.45,4,146.233959
3.85,8,146.265089
3.25,12,146.307825
3.7,9,146.346358
4.15,6,146.375935
4.3,5,146.411077
4.6,3,146.43675
4.45,4,146.46238
4.0,7,146.492367
3.85,8,146.525504
4.6,3,146.547589
4.6,3,146.574703
4.45,4,146.597728
3.55,10,146.635609
-3.25,6,146.667161
4.15,6,146.699515
4.45,4,146.727122
4.45,4,146.755862
3.85,8,146.795398
4.15,6,146.829609
4.45,4,146.862758
3.55,10,146.908804
4.15,6,146.941782
4.75,2,146.96479
4.45,4,146.993004
4.6,3,147.016192
4.75,2,147.046854
-3.4,9,147.091336
4.45,4,147.122627
3.7,9,147.351873
4.15,6,147.38375
4.15,6,147.419051
4.3,5,147.448499
4.75,2,147.475423
4.3,5,147.509754
4.45,4,147.537654
4.6,3,147.56195
4.45,4,147.5885
3.7,9,147.637506
-3.55,12,147.674384
4.75,2,147.701505
4.0,7,147.7364
3.7,9,147.771206
4.15,6,147.804518
4.15,6,147.835054
4.9,1,147.857886
4.0,7,147.890035
4.3,5,147.917649
-3.6,13,147.956825
4.3,5,147.992893
3.4,11,148.034923
3.25,12,148.073966
4.3,5,148.111739
4.3,5,148.139306
3.55,10,148.174705
4.45,4,148.206021
4.6,3,148.233352
3.4,11,148.276564
-3.15,4,148.304838
4.75,2,148.332986
3.85,8,148.368361
3.25,12,148.411855
3.4,11,148.449497
3.55,10,148.488906
3.7,9,148.525276
4.3,5,148.562246
-3.0,1,148.58769
4.0,7,148.620737
3.4,11,148.833685
3.55,10,148.87721
-3.6,13,148.922052
4.45,4,148.955299
4.45,4,148.991205
4.0,7,149.03839
4.3,5,149.072596
-1.75,15,149.115414
3.85,8,149.148721
3.4,11,149.19003
3.85,8,149.2301
4.3,5,149.264317
4.75,2,149.292141
4.3,5,149.323048
4.0,7,149.352965
4.15,6,149.380984
3.55,10,149.418328
-3.3,7,149.447124
3.55,10,149.483854
4.45,4,149.508933
4.3,5,149.53881
4.75,2,149.56622
4.45,4,149.592963
4.75,2,149.614444
4.15,6,149.646913
4.45,4,149.675069
4.6,3,149.701979
3.7,9,149.742178
3.7,9,149.778646
-1.75,15,149.822905
3.4,11,149.864075
3.7,9,149.903757
4.15,6,149.933189
3.7,9,149.965845
4.75,2,149.990412
4.15,6,150.021681
3.85,8,150.236549
4.6,3,150.267109
4.6,3,150.296621
4.75,2,150.326711
3.55,10,150.369083
4.75,2,150.394544
4.6,3,150.423465
4.45,4,150.455485
4.6,3,150.485999
4.0,7,150.519338
4.6,3,150.548794
4.15,6,150.579658
3.85,8,150.620048
4.0,7,150.656065
4.0,7,150.693081
4.45,4,150.723963
4.0,7,150.75479
4.3,5,150.78563
-3.45,10,150.823704
3.25,12,150.868084
4.0,7,150.902945
4.45,4,150.929027
4.45,4,150.961151
4.3,5,150.993697
4.45,4,151.031941
3.4,11,151.070384
-3.5,11,151.106214
4.45,4,151.133083
4.6,3,151.157006
4.3,5,151.1889
4.15,6,151.225233
4.45,4,151.256902
4.0,7,151.285766
3.85,8,151.318833
4.6,3,151.349738
-3.7,15,151.390491
4.0,7,151.428578
4.3,5,151.458952
-3.65,14,151.499544
4.45,4,151.526515
4.15,6,151.558763
4.45,4,151.59006
-3.5,11,151.804441
4.15,6,151.840521
4.75,2,151.868424
4.75,2,151.895109
4.45,4,151.92554
-3.3,7,151.956792
4.9,1,151.98471
-3.6,13,152.030552
3.85,8,152.067771
3.4,11,152.106101
4.15,6,152.13858
4.0,7,152.170691
3.55,10,152.207015
-3.5,11,152.24622
4.75,2,152.272377
4.15,6,152.303483
4.3,5,152.333758
-3.7,15,152.382466
3.85,8,152.42296
3.85,8,152.458025
4.3,5,152.484226
4.75,2,152.506191
4.0,7,152.537128
4.45,4,152.561444
3.55,10,152.595709
4.0,7,152.625323
4.75,2,152.651018
3.55,10,152.694293
3.85,8,152.732534
-3.65,14,152.77299
4.15,6,152.802892
4.6,3,152.827003
4.0,7,152.859658
4.15,6,152.889153
3.85,8,152.923103
-3.4,9,152.955429
4.0,7,152.986209
4.9,1,153.014337
-3.6,13,153.220817
3.85,8,153.261188
-1.75,15,153.314275
4.3,5,153.356545
3.55,10,153.396965
3.55,10,153.442228
4.75,2,153.472597
4.45,4,153.503695
-3.45,10,153.542608
4.6,3,153.569682
4.45,4,153.600505
4.45,4,153.629251
-3.1,3,153.656643
3.4,11,153.699998
3.7,9,153.74118
4.45,4,153.776343
4.45,4,153.810431
3.85,8,153.850948
-3.5,11,153.907042
4.45,4,153.94372
4.3,5,153.980323
4.0,7,154.020164
4.0,7,154.053988
4.6,3,154.079351
4.45,4,154.10973
3.4,11,154.157625
4.45,4,154.187246
3.7,9,154.219566
4.3,5,154.250128
3.85,8,154.283138
3.7,9,154.321141
3.4,11,154.356272
-1.75,15,154.408528
4.6,3,154.438905
4.6,3,154.4625
4.6,3,154.488357
-3.45,10,154.669317
4.15,6,154.699753
3.7,9,154.735156
4.75,2,154.760199
3.4,11,154.802799
-3.45,10,154.840746
3.4,11,154.87741
3.55,10,154.920728
4.45,4,154.953275
3.4,11,154.997988
4.45,4,155.024734
3.85,8,155.060613
4.6,3,155.089605
-1.75,15,155.137054
-3.45,10,155.188659
4.0,7,155.230715
4.6,3,155.256732
4.6,3,155.285542
3.7,9,155.326917
4.3,5,155.361951
-3.7,15,155.411415
3.55,10,155.446434
4.3,5,155.475327
3.55,10,155.516392
-1.75,15,155.556841
4.6,3,155.582888
4.45,4,155.609054
4.3,5,155.637869
4.6,3,155.673519
3.7,9,155.709167
4.3,5,155.740449
3.85,8,155.77776
4.75,2,155.805748
4.3,5,155.835969
4.6,3,155.863221
-3.6,13,156.051063
4.45,4,156.080633
4.75,2,156.108276
3.85,8,156.143397
4.75,2,156.170717
4.15,6,156.201412
-3.25,6,156.237434
3.25,12,156.278048
4.45,4,156.308638
4.15,6,156.344634
4.15,6,156.385405
4.3,5,156.418251
3.25,12,156.456371
4.3,5,156.487155
4.3,5,156.521356
4.0,7,156.553947
-3.5,11,156.592901
4.15,6,156.629163
4.6,3,156.65704
3.55,10,156.695732
4.15,6,156.731822
4.6,3,156.758986
3.7,9,156.803531
4.0,7,156.838951
4.45,4,156.872437
4.3,5,156.903928
4.3,5,156.929423
4.3,5,156.958914
3.85,8,156.992638
4.15,6,157.022021
4.3,5,157.05111
4.6,3,157.074835
3.55,10,157.116147
4.45,4,157.14919
3.55,10,157.190544
4.0,7,157.226074
4.0,7,157.25956
4.3,5,157.288072
4.9,1,157.315307
4.9,1,157.339078
-3.7,15,157.384367
4.15,6,157.411927
4.3,5,157.582098
4.3,5,157.608379
4.3,5,157.645491
4.0,7,157.686645
4.3,5,157.715965
4.75,2,157.741008
4.6,3,157.768884
4.6,3,157.794936
4.3,5,157.832212
4.3,5,157.866449
4.75,2,157.890934
4.45,4,157.92106
-3.55,12,157.962992
4.45,4,157.995772
4.3,5,158.030561
4.3,5,158.059186
4.6,3,158.089995
4.45,4,158.124438
4.15,6,158.158463
4.75,2,158.185997
4.0,7,158.220907
3.7,9,158.258179
3.55,10,158.30246
4.6,3,158.327901
4.0,7,158.360402
4.15,6,158.394973
4.15,6,158.43328
4.3,5,158.462019
4.45,4,158.486632
4.3,5,158.513911
4.6,3,158.539542
3.85,8,158.574444
-3.25,6,158.604001
4.6,3,158.634188
4.75,2,158.658804
3.7,9,158.695561
4.6,3,158.723181
4.45,4,158.750262
4.0,7,158.7819
4.3,5,158.809468
4.15,6,158.838897
4.6,3,158.865616
-3.4,9,158.898485
4.15,6,158.928713
3.7,9,158.965743
4.3,5,158.994935
4.0,7,159.027872
3.85,8,159.068306
4.0,7,159.240717
4.0,7,159.273989
4.75,2,159.299838
4.15,6,159.33309
-3.5,11,159.370268
4.15,6,159.402615
4.45,4,159.432041
4.6,3,159.459209
4.75,2,159.49037
4.15,6,159.524015
4.6,3,159.552431
3.7,9,159.588015
4.3,5,159.615634
4.75,2,159.6405
3.85,8,159.6763
-3.15,4,159.706426
4.6,3,159.740375
-3.65,14,159.785513
4.75,2,159.810376
3.55,10,159.852087
4.15,6,159.893997
4.6,3,159.923458
4.9,1,159.950041
3.7,9,159.986541
-3.4,9,160.023082
4.6,3,160.050656
4.3,5,160.079314
4.15,6,160.110814
4.15,6,160.14247
-3.65,14,160.184084
4.0,7,160.215601
4.75,2,160.237458
4.9,1,160.260937
4.15,6,160.290641
3.4,11,160.324264
3.4,11,160.358408
3.7,9,160.389994
-3.65,14,160.434479
4.45,4,160.462511
3.85,8,160.502041
4.75,2,160.526792
4.75,2,160.556358
3.55,10,160.76927
4.45,4,160.797565
-3.45,10,160.832877
4.6,3,160.863887
4.3,5,160.897898
4.75,2,160.927428
4.45,4,160.959136
4.45,4,160.993439
3.7,9,161.037761
4.45,4,161.074502
4.15,6,161.112327
4.3,5,161.143627
4.3,5,161.17634
4.75,2,161.206362
4.6,3,161.239758
4.6,3,161.271369
-3.5,11,161.314559
4.6,3,161.344598
4.15,6,161.376686
4.0,7,161.418064
4.45,4,161.450241
4.75,2,161.478964
4.75,2,161.507941
4.6,3,161.538799
4.15,6,161.576145
4.6,3,161.60248
-3.5,11,161.643618
3.85,8,161.678412
4.0,7,161.709575
4.45,4,161.73939
4.9,1,161.768831
4.75,2,161.793719
4.45,4,161.825338
4.6,3,161.854705
4.15,6,161.885734
3.25,12,161.921362
4.45,4,161.950328
3.4,11,161.988901
3.7,9,162.026493
4.6,3,162.059105
4.0,7,162.09367
4.75,2,162.12216
4.6,3,162.150953
4.0,7,162.182073
4.6,3,162.208382
4.75,2,162.236095
4.75,2,162.259979
4.45,4,162.288724
3.7,9,162.326304
-3.6,13,162.508422
3.7,9,162.543026
3.85,8,162.575529
3.7,9,162.60939
4.75,2,162.633774
3.85,8,162.671634
4.3,5,162.700874
4.3,5,162.73157
3.55,10,162.774177
4.3,5,162.809667
4.6,3,162.836826
3.85,8,162.87445
4.6,3,162.909647
4.45,4,162.946405
4.45,4,162.981708
4.6,3,163.016328
3.4,11,163.059115
4.6,3,163.091954
4.0,7,163.124794
4.9,1,163.149785
4.0,7,163.181697
4.45,4,163.209337
3.4,11,163.247122
4.15,6,163.277199
4.45,4,163.307185
4.45,4,163.334939
3.4,11,163.375078
4.6,3,163.402551
-3.35,8,163.444519
3.85,8,163.492082
4.45,4,163.534264
4.75,2,163.563889
4.3,5,163.599599
3.25,12,163.638335
4.45,4,163.663908
4.15,6,163.693881
4.15,6,163.726288
4.45,4,163.754058
4.15,6,163.790427
4.75,2,163.820274
-3.5,11,163.86597
4.0,7,163.899376
-3.55,12,164.089954
4.3,5,164.12039
4.3,5,164.150076
4.75,2,164.175077
4.6,3,164.20945
4.6,3,164.238118
-3.4,9,164.280668
4.0,7,164.312841
4.45,4,164.34267
4.75,2,164.370638
3.55,10,164.409449
3.85,8,164.441984
4.75,2,164.471374
4.6,3,164.502423
3.85,8,164.544346
4.45,4,164.571508
4.15,6,164.603513
-1.75,15,164.647932
4.6,3,164.67494
4.75,2,164.698288
4.45,4,164.732513
4.3,5,164.774711
4.45,4,164.805703
4.45,4,164.835472
-3.65,14,164.87893
4.75,2,164.905196
4.75,2,164.928226
3.55,10,164.968061
4.15,6,165.000121
4.6,3,165.034285
4.45,4,165.060364
4.0,7,165.089875
4.3,5,165.118631
-3.65,14,165.159185
4.15,6,165.193219
4.3,5,165.223254
4.45,4,165.251519
4.0,7,165.285763
4.0,7,165.31968
3.25,12,165.358239
4.0,7,165.396141
4.15,6,165.424893
4.15,6,165.455064
4.6,3,165.477937
4.6,3,165.506166
3.7,9,165.67361
4.3,5,165.702154
4.45,4,165.729627
4.0,7,165.76226
4.9,1,165.792789
3.85,8,165.839141
4.0,7,165.875842
4.6,3,165.909634
4.0,7,165.950282
3.7,9,165.988085
3.85,8,166.027988
3.4,11,166.073498
3.7,9,166.111482
4.0,7,166.15004
3.4,11,166.195304
4.9,1,166.220591
4.3,5,166.251913
4.3,5,166.286944
4.0,7,166.319401
3.55,10,166.354542
3.85,8,166.390868
4.75,2,166.414101
4.6,3,166.439417
3.85,8,166.46823
3.25,12,166.50415
4.6,3,166.531835
4.6,3,166.555899
-3.7,15,166.597961
4.6,3,166.622733
4.6,3,166.65216
4.45,4,166.676805
4.3,5,166.704598
4.45,4,166.732183
3.7,9,166.768328
4.6,3,166.794398
3.4,11,166.836324
3.85,8,166.868386
4.15,6,166.896336
4.0,7,166.926427
4.75,2,166.952382
4.3,5,166.982242
4.6,3,167.18313
4.3,5,167.217424
4.0,7,167.249453
4.45,4,167.281727
3.85,8,167.320115
3.7,9,167.359648
4.75,2,167.388458
4.45,4,167.421402
4.45,4,167.44992
4.75,2,167.47794
4.45,4,167.509839
4.3,5,167.539956
4.15,6,167.569928
3.85,8,167.604914
4.3,5,167.636743
-1.75,15,167.692426
3.7,9,167.730639
3.85,8,167.763852
3.55,10,167.807617
4.3,5,167.837396
4.0,7,167.868272
3.25,12,167.906447
4.75,2,167.933305
-3.7,15,167.977518
4.0,7,168.00961
-3.35,8,168.041551
4.75,2,168.066961
4.45,4,168.091334
4.45,4,168.121512
4.6,3,168.148657
3.55,10,168.195332
4.0,7,168.241217
4.45,4,168.283419
4.6,3,168.314395
4.45,4,168.348291
4.45,4,168.376668
3.25,12,168.417197
4.0,7,168.449141
4.3,5,168.476471
3.7,9,168.515013
4.15,6,168.709949
4.15,6,168.743153
4.45,4,168.776487
4.15,6,168.807453
4.9,1,168.830248
4.45,4,168.859581
3.55,10,168.924635
4.45,4,168.983942
4.6,3,169.020547
4.6,3,169.053611
4.75,2,169.085941
4.45,4,169.135398
4.3,5,169.164687
3.85,8,169.204387
3.85,8,169.242371
4.6,3,169.270099
4.0,7,169.307853
4.15,6,169.347395
4.0,7,169.38095
4.0,7,169.413861
4.3,5,169.441179
4.45,4,169.471283
3.55,10,169.509569
4.75,2,169.536238
4.45,4,169.565267
4.15,6,169.592832
4.3,5,169.622957
4.3,5,169.652083
4.3,5,169.682542
4.0,7,169.717559
4.15,6,169.747312
4.75,2,169.771201
4.15,6,169.803665
3.4,11,169.840509
4.45,4,169.866575
4.3,5,169.893729
4.45,4,169.922251
4.6,3,169.950555
4.15,6,169.979321
3.4,11,170.01739
4.3,5,170.043277
4.45,4,170.073155
4.45,4,170.098648
-1.75,15,170.1394
4.45,4,170.171337
3.7,9,170.204938
4.0,7,170.386394
4.0,7,170.418869
-3.6,13,170.466754
4.6,3,170.495617
4.0,7,170.528556
3.85,8,170.570589
4.3,5,170.616271
3.55,10,170.663308
4.15,6,170.707031
4.75,2,170.73813
4.6,3,170.7649
4.0,7,170.806987
-3.4,9,170.847476
4.45,4,170.874145
3.55,10,170.919578
4.15,6,170.954466
3.85,8,170.994467
4.45,4,171.027424
3.85,8,171.063408
3.85,8,171.10059
4.45,4,171.126706
4.3,5,171.157514
4.15,6,171.188809
2.8,15,171.231035
4.0,7,171.26564
4.45,4,171.292215
3.55,10,171.331012
3.85,8,171.366881
4.3,5,171.399918
-3.6,13,171.441759
4.3,5,171.470249
4.0,7,171.504608
3.85,8,171.537883
4.75,2,171.567499
4.3,5,171.597726
3.7,9,171.629909
-1.75,15,171.813458
4.9,1,171.837494
3.7,9,171.876326
4.3,5,171.908153
4.6,3,171.940302
3.25,12,171.984896
-3.5,11,172.022103
4.75,2,172.053056
4.75,2,172.084943
4.6,3,172.109605
3.7,9,172.152251
4.75,2,172.184752
4.15,6,172.216398
4.6,3,172.24162
4.3,5,172.269353
4.0,7,172.305613
4.45,4,172.338748
4.45,4,172.368546
4.6,3,172.399698
3.4,11,172.442407
4.75,2,172.472508
3.7,9,172.513076
4.0,7,172.547343
4.15,6,172.580995
3.7,9,172.619798
4.3,5,172.652698
3.85,8,172.686514
4.45,4,172.714542
4.0,7,172.746355
4.9,1,172.769856
4.9,1,172.790139
4.15,6,172.825803
4.0,7,172.86898
4.45,4,172.898186
4.6,3,172.925188
4.75,2,172.95519
4.15,6,172.98849
4.3,5,173.020156
4.15,6,173.053828
4.3,5,173.079448
3.4,11,173.120929
3.1,13,173.175511
4.45,4,173.211066
4.45,4,173.246345
4.45,4,173.273883
-1.75,15,173.46566
4.75,2,173.489909
4.45,4,173.514774
4.75,2,173.537568
3.4,11,173.575086
4.3,5,173.606268
4.45,4,173.634058
4.45,4,173.665543
3.55,10,173.714153
4.45,4,173.748423
4.6,3,173.778869
4.3,5,173.806465
4.45,4,173.84154
4.15,6,173.883086
4.6,3,173.909697
4.45,4,173.942238
4.45,4,173.974126
-3.65,14,174.021159
3.4,11,174.067793
3.25,12,174.112862
3.85,8,174.15207
4.15,6,174.188346
3.85,8,174.224817
4.6,3,174.257838
3.4,11,174.302561
4.6,3,174.330193
4.3,5,174.359816
4.15,6,174.398174
3.4,11,174.435516
4.0,7,174.47104
4.3,5,174.500473
3.7,9,174.532749
4.6,3,174.557926
4.15,6,174.583882
-3.65,14,174.628559
4.0,7,174.662156
4.0,7,174.692666
4.6,3,174.722802
4.3,5,174.754703
4.45,4,174.790173
4.75,2,174.819376
4.6,3,174.843503
3.55,10,175.050004
4.6,3,175.078115
4.15,6,175.112751
4.3,5,175.144312
3.7,9,175.185914
4.0,7,175.222334
-1.75,15,175.274643
-1.75,15,175.329686
3.85,8,175.373682
3.55,10,175.417499
-1.75,15,175.466115
-3.7,15,175.516843
4.0,7,175.554109
-3.65,14,175.602859
4.0,7,175.637543
3.85,8,175.675041
3.7,9,175.710671
4.15,6,175.745725
4.45,4,175.774778
3.4,11,175.818127
4.0,7,175.855286
3.7,9,175.891387
4.45,4,175.919103
4.15,6,175.95258
4.3,5,175.983657
4.45,4,176.0133
4.3,5,176.044316
4.45,4,176.074641
4.6,3,176.099608
-1.75,15,176.140398
4.0,7,176.173289
3.4,11,176.366385
4.45,4,176.393462
4.6,3,176.42102
4.6,3,176.450527
4.45,4,176.478058
4.45,4,176.507215
3.85,8,176.539283
4.75,2,176.56376
4.6,3,176.592525
4.45,4,176.619385
4.6,3,176.64695
3.1,13,176.686254
3.7,9,176.723011
3.55,10,176.763488
4.0,7,176.792377
3.7,9,176.829334
4.45,4,176.859717
4.15,6,176.893348
4.45,4,176.92563
4.15,6,176.962364
4.3,5,177.002934
3.7,9,177.047704
4.6,3,177.078037
3.25,12,177.1257
-3.65,14,177.169667
-3.3,7,177.205617
4.75,2,177.233981
4.3,5,177.265973
4.15,6,177.298688
3.55,10,177.34389
4.6,3,177.371366
3.4,11,177.413838
3.85,8,177.448496
4.3,5,177.476744
4.6,3,177.509921
4.6,3,177.535301
4.45,4,177.560226
4.15,6,177.593296
4.3,5,177.622111
-3.65,14,177.67208
4.3,5,177.704529
4.6,3,177.734497
4.3,5,177.91354
4.0,7,177.943686
3.4,11,177.980338
4.3,5,178.009476
4.6,3,178.033676
4.3,5,178.064788
3.7,9,178.107137
3.7,9,178.151128
4.6,3,178.183952
4.6,3,178.217161
4.9,1,178.25265
4.45,4,178.288797
-3.35,8,178.324959
4.0,7,178.361367
4.6,3,178.394134
3.55,10,178.436368
-3.65,14,178.478537
3.7,9,178.513813
3.85,8,178.555653
4.15,6,178.589616
4.45,4,178.627156
4.9,1,178.662589
-3.7,15,178.711589
3.55,10,178.751446
4.45,4,178.780944
3.25,12,178.82383
-3.2,5,178.855171
4.3,5,178.889085
3.25,12,178.934465
4.3,5,178.969891
4.0,7,179.007645
3.85,8,179.044214
4.75,2,179.069633
4.45,4,179.097273
-1.75,15,179.137917
4.3,5,179.169498
4.6,3,179.195543
4.15,6,179.22376
4.3,5,179.25386
-3.7,15,179.433887
4.9,1,179.456681
4.3,5,179.490386
4.6,3,179.519462
-3.5,11,179.55421
3.55,10,179.591136
3.7,9,179.624529
4.75,2,179.646766
4.75,2,179.671285
4.6,3,179.69999
4.75,2,179.727148
4.45,4,179.754638
4.6,3,179.782012
4.3,5,179.809454
3.7,9,179.844034
3.7,9,179.881607
3.85,8,179.914231
4.6,3,179.941719
4.6,3,179.974092
4.3,5,180.010228
4.3,5,180.043807
4.15,6,180.082893
-3.6,13,180.13466
4.75,2,180.163568
4.6,3,180.196311
-3.7,15,180.243558
4.6,3,180.272696
4.15,6,180.306418
4.3,5,180.336924
4.6,3,180.365736
4.0,7,180.397422
4.75,2,180.42309
3.85,8,180.46157
4.45,4,180.489637
-3.55,12,180.535343
4.3,5,180.57191
3.7,9,180.615029
4.3,5,180.646412
3.25,12,180.699353
3.55,10,180.750615
4.6,3,180.786532
4.75,2,180.819828
3.55,10,181.012382
3.85,8,181.045979
4.3,5,181.075556
4.45,4,181.103794
4.75,2,181.129831
3.25,12,181.167201
4.3,5,181.203701
4.75,2,181.228396
3.7,9,181.269186
4.9,1,181.297635
4.75,2,181.323367
3.55,10,181.364666
3.25,12,181.400148
4.45,4,181.43163
3.7,9,181.467004
4.75,2,181.49215
4.45,4,181.517414
4.0,7,181.547329
4.75,2,181.570951
4.15,6,181.6026
3.7,9,181.644208
4.15,6,181.677177
4.75,2,181.702146
4.75,2,181.727939
4.6,3,181.762889
4.6,3,181.788526
4.6,3,181.821101
4.9,1,181.848432
4.6,3,181.878276
4.45,4,181.907469
3.25,12,181.959255
4.45,4,181.999597
3.85,8,182.035556
4.3,5,182.071873
3.7,9,182.109328
4.6,3,182.141328
4.75,2,182.164842
4.0,7,182.198167
4.6,3,182.223216
4.3,5,182.256405
4.0,7,182.288782
4.0,7,182.327062
4.6,3,182.357679
4.45,4,182.38652
4.6,3,182.41406
4.0,7,182.445826
4.9,1,182.473389
4.75,2,182.49884
4.6,3,182.526752
4.45,4,182.553109
4.0,7,182.58706
4.15,6,182.782784
-3.45,10,182.821763
4.75,2,182.841531
-1.75,15,182.885996
4.75,2,182.913645
4.6,3,182.939122
4.6,3,182.967033
4.75,2,182.994866
3.55,10,183.030503
4.6,3,183.054256
4.15,6,183.084247
4.3,5,183.114905
4.0,7,183.143644
3.25,12,183.188689
3.55,10,183.230528
3.7,9,183.270726
4.75,2,183.295693
4.3,5,183.333735
3.7,9,183.381454
4.75,2,183.411508
4.0,7,183.446604
4.6,3,183.479662
4.15,6,183.509589
4.6,3,183.536515
4.6,3,183.565362
4.9,1,183.598718
3.85,8,183.639491
4.45,4,183.672909
4.15,6,183.70642
4.75,2,183.733307
4.0,7,183.763943
4.3,5,183.792376
3.7,9,183.832027
3.55,10,183.871502
3.7,9,183.911928
3.85,8,183.947744
3.25,12,183.992843
4.75,2,184.020082
3.55,10,184.063898
4.15,6,184.10185
4.0,7,184.136136
4.3,5,184.167064
3.4,11,184.352402
4.45,4,184.387703
-1.75,15,184.433072
4.3,5,184.466168
4.3,5,184.493366
4.75,2,184.51694
4.45,4,184.545091
4.15,6,184.574657
3.7,9,184.612527
3.7,9,184.647922
4.15,6,184.675111
4.3,5,184.701793
4.45,4,184.729236
4.6,3,184.761028
4.9,1,184.783458
3.85,8,184.832597
4.0,7,184.873333
4.45,4,184.904207
3.85,8,184.942199
4.15,6,184.98267
4.15,6,185.017925
4.0,7,185.056684
3.4,11,185.098632
4.75,2,185.126794
3.85,8,185.16545
4.0,7,185.201388
4.6,3,185.229218
4.3,5,185.264794
4.3,5,185.300325
4.15,6,185.332859
4.15,6,185.360481
4.0,7,185.395216
4.6,3,185.421175
4.45,4,185.449947
3.85,8,185.48296
3.55,10,185.52698
4.0,7,185.561278
4.6,3,185.588751
-1.75,15,185.635427
4.15,6,185.671113
4.45,4,185.701683
4.15,6,185.886773
4.6,3,185.920266
-3.25,6,185.952898
-3.65,14,185.997792
3.85,8,186.034256
3.7,9,186.070597
4.75,2,186.094972
4.9,1,186.11654
4.75,2,186.142828
4.75,2,186.167892
3.4,11,186.210179
3.4,11,186.244245
4.15,6,186.273006
4.45,4,186.300308
4.6,3,186.325968
4.45,4,186.359268
4.45,4,186.39537
3.55,10,186.434221
4.75,2,186.462344
-3.65,14,186.509276
4.0,7,186.537987
4.75,2,186.564238
4.15,6,186.598606
4.75,2,186.6262
4.0,7,186.661935
4.75,2,186.698435
-3.5,11,186.739271
3.25,12,186.78324
4.75,2,186.811574
4.45,4,186.839211
3.85,8,186.875476
4.75,2,186.900732
4.75,2,186.923433
4.0,7,186.958309
-3.45,10,186.994901
-3.6,13,187.036205
4.0,7,187.073824
4.6,3,187.103975
4.6,3,187.133943
4.75,2,187.163546
4.75,2,187.19152
3.85,8,187.231128
4.0,7,187.2674
4.3,5,187.300461
-3.6,13,187.498426
4.9,1,187.522398
3.85,8,187.553625
4.75,2,187.577947
4.75,2,187.600513
-3.35,8,187.630858
4.0,7,187.661402
4.6,3,187.687752
-3.6,13,187.727355
4.0,7,187.757442
4.6,3,187.784486
4.0,7,187.812037
4.6,3,187.837959
4.6,3,187.869438
4.3,5,187.901885
4.6,3,187.927542
4.45,4,187.955228
3.55,10,187.995588
4.45,4,188.026462
3.1,13,188.081023
4.45,4,188.111563
4.6,3,188.144461
4.75,2,188.169065
-3.65,14,188.216689
4.75,2,188.245293
4.75,2,188.269045
3.85,8,188.303721
3.85,8,188.350588
4.75,2,188.377012
4.6,3,188.413302
4.6,3,188.446494
4.3,5,188.478346
4.45,4,188.505107
4.75,2,188.532134
4.45,4,188.564034
4.3,5,188.592564
4.3,5,188.619451
4.45,4,188.647291
4.75,2,188.670209
3.7,9,188.708495
4.6,3,188.737178
4.6,3,188.763302
4.15,6,188.793577
4.9,1,188.818924
4.6,3,188.846003
4.6,3,188.876676
4.3,5,188.904398
3.4,11,188.946933
2.95,14,188.988623
4.6,3,189.164807
4.45,4,189.195664
3.85,8,189.228761
4.0,7,189.257943
3.4,11,189.297738
4.6,3,189.323357
4.45,4,189.35231
3.4,11,189.38836
4.6,3,189.413926
4.3,5,189.439017
4.45,4,189.464595
4.6,3,189.494199
3.55,10,189.540155
4.45,4,189.572211
4.9,1,189.598089
3.25,12,189.645178
4.6,3,189.673395
4.75,2,189.703339
4.15,6,189.737897
3.55,10,189.77677
4.6,3,189.803657
4.3,5,189.832363
4.75,2,189.861995
4.0,7,189.896972
4.75,2,189.92433
3.7,9,189.962139
4.0,7,189.99724
3.85,8,190.036989
3.4,11,190.076315
3.85,8,190.109511
3.7,9,190.145266
4.45,4,190.17135
3.85,8,190.20137
3.85,8,190.23514
4.0,7,190.26635
4.9,1,190.290035
-3.6,13,190.337725
3.85,8,190.379572
4.3,5,190.40677
4.6,3,190.435679
4.45,4,190.46233
4.75,2,190.486238
4.3,5,190.515771
4.0,7,190.710748
4.3,5,190.752343
3.55,10,190.797137
4.15,6,190.827424
4.45,4,190.857879
4.3,5,190.887072
3.85,8,190.920492
4.3,5,190.950038
4.15,6,190.97949
3.4,11,191.015298
4.0,7,191.054701
-3.55,12,191.097776
4.9,1,191.124041
4.6,3,191.154301
3.7,9,191.194265
3.85,8,191.235678
4.6,3,191.27005
-3.7,15,191.317528
-3.2,5,191.351321
4.6,3,191.378963
4.15,6,191.408196
4.3,5,191.437109
4.0,7,191.472468
4.75,2,191.49711
4.6,3,191.522883
4.45,4,191.551282
4.3,5,191.5848
4.15,6,191.61522
4.45,4,191.641421
4.6,3,191.670726
3.85,8,191.711616
4.45,4,191.739082
4.6,3,191.765285
4.3,5,191.795943
4.3,5,191.826986
4.75,2,191.851963
4.45,4,191.883648
3.7,9,191.927957
3.7,9,191.971045
4.3,5,192.003483
4.6,3,192.028614
4.45,4,192.062072
4.6,3,192.086416
4.3,5,192.11767
4.15,6,192.151167
4.0,7,192.183345
4.6,3,192.368407
4.6,3,192.402164
4.6,3,192.428483
4.6,3,192.45846
4.45,4,192.486856
4.6,3,192.510701
4.15,6,192.540476
4.6,3,192.566917
4.3,5,192.593625
4.6,3,192.621912
4.0,7,192.653159
2.95,14,192.707806
3.85,8,192.748074
4.75,2,192.775865
4.75,2,192.802911
4.0,7,192.833762
3.7,9,192.871219
4.45,4,192.904924
4.45,4,192.934139
4.15,6,192.967476
-3.25,6,193.00624
4.45,4,193.037951
4.3,5,193.069853
4.45,4,193.101874
4.9,1,193.128222
4.3,5,193.161564
4.0,7,193.195506
4.0,7,193.223861
4.3,5,193.254345
-3.65,14,193.295051
-3.45,10,193.330758
4.75,2,193.352049
4.3,5,193.386267
4.3,5,193.419482
3.55,10,193.460142
4.6,3,193.484884
-1.75,15,193.531152
4.45,4,193.564735
3.7,9,193.598882
4.15,6,193.630346
3.55,10,193.666117
3.4,11,193.702793
3.55,10,193.737392
4.45,4,193.913838
4.0,7,193.948354
3.55,10,193.987718
4.45,4,194.019374
4.45,4,194.052054
4.6,3,194.077701
4.0,7,194.108679
4.0,7,194.141692
3.25,12,194.190904
4.75,2,194.218293
3.85,8,194.262082
3.85,8,194.303481
4.75,2,194.331942
3.55,10,194.37177
4.0,7,194.409138
4.0,7,194.446419
4.3,5,194.479176
4.0,7,194.512443
4.6,3,194.53738
4.45,4,194.564335
3.85,8,194.596925
4.45,4,194.628172
3.25,12,194.667723
4.9,1,194.696152
4.6,3,194.724523
3.4,11,194.763468
4.45,4,194.796276
3.85,8,194.835524
4.9,1,194.871131
4.0,7,194.903764
3.55,10,194.939341
4.9,1,194.971714
4.15,6,195.002463
4.0,7,195.035484
4.45,4,195.064506
3.85,8,195.098323
3.4,11,195.136058
4.45,4,195.161687
4.45,4,195.186925
4.0,7,195.224757
4.3,5,195.254848
4.75,2,195.282462
4.15,6,195.315965
4.45,4,195.50381
4.15,6,195.535207
4.6,3,195.561177
3.4,11,195.602725
-3.7,15,195.646624
4.45,4,195.673898
4.6,3,195.702994
4.6,3,195.731211
4.75,2,195.754407
4.75,2,195.78668
-3.4,9,195.824557
-3.45,10,195.862248
4.45,4,195.888942
4.45,4,195.918098
4.6,3,195.950502
4.15,6,195.980965
3.85,8,196.014699
4.75,2,196.038421
4.45,4,196.070062
4.15,6,196.103777
4.3,5,196.137813
4.75,2,196.163648
3.7,9,196.202125
3.55,10,196.244161
4.3,5,196.273816
3.85,8,196.313915
4.6,3,196.345961
4.6,3,196.372636
4.3,5,196.400761
-3.6,13,196.443263
4.3,5,196.470328
4.75,2,196.497433
4.45,4,196.531117
4.45,4,196.55798
4.6,3,196.583755
3.85,8,196.618615
-1.75,15,196.667197
4.15,6,196.699222
4.15,6,196.731109
-3.55,12,196.767189
3.1,13,196.813332
4.75,2,196.840348
3.85,8,197.014158
3.7,9,197.051468
-1.75,15,197.094118
4.15,6,197.127842
4.6,3,197.157728
4.15,6,197.185656
4.3,5,197.214528
4.0,7,197.249847
4.45,4,197.28492
4.6,3,197.315987
4.3,5,197.348164
3.85,8,197.390673
4.6,3,197.418098
4.15,6,197.457177
3.7,9,197.499449
4.75,2,197.527563
4.75,2,197.555108
4.45,4,197.587878
4.0,7,197.618754
-1.75,15,197.667364
4.0,7,197.704156
4.6,3,197.733777
3.55,10,197.776963
4.15,6,197.809011
4.3,5,197.841555
4.75,2,197.866126
4.9,1,197.886781
4.9,1,197.910861
4.9,1,197.934587
4.3,5,197.96229
4.0,7,197.994111
4.6,3,198.023173
4.6,3,198.056418
-1.75,15,198.101864
4.3,5,198.13146
3.7,9,198.166703
4.15,6,198.198322
4.9,1,198.219959
4.45,4,198.248029
3.7,9,198.285926
4.3,5,198.317048
4.75,2,198.346181
4.0,7,198.379115
3.55,10,198.413749
4.3,5,198.44188
4.3,5,198.602583
4.75,2,198.628586
4.75,2,198.658332
4.15,6,198.686779
-3.65,14,198.726929
4.3,5,198.756458
4.45,4,198.787151
4.75,2,198.814327
4.45,4,198.840003
-3.65,14,198.889322
-3.6,13,198.936036
4.6,3,198.965026
4.45,4,198.994924
3.85,8,199.035048
3.25,12,199.085669
4.75,2,199.114367
3.7,9,199.15544
4.15,6,199.188313
4.6,3,199.221361
4.9,1,199.245794
4.3,5,199.278547
3.55,10,199.323689
4.3,5,199.364389
4.3,5,199.399168
4.75,2,199.433644
4.9,1,199.457818
4.45,4,199.486115
4.15,6,199.518096
4.3,5,199.552731
4.75,2,199.578369
4.45,4,199.605456
3.85,8,199.642
4.15,6,199.669718
4.3,5,199.696484
3.7,9,199.729187
4.75,2,199.753156
-3.45,10,199.786208
4.75,2,199.813697
4.6,3,199.83998
4.45,4,199.8686
-3.4,9,199.908593
4.45,4,199.935457
4.75,2,199.958645
4.6,3,199.986948
-3.3,7,200.018445
4.15,6,200.047223
-3.55,12,200.239253
4.6,3,200.267882
4.6,3,200.297555
4.15,6,200.331586
-3.7,15,200.376652
3.85,8,200.412346
4.0,7,200.441754
4.75,2,200.467565
4.15,6,200.497242
4.75,2,200.521983
4.0,7,200.552559
4.0,7,200.582856
3.55,10,200.627336
4.15,6,200.664102
4.6,3,200.692805
3.7,9,200.746951
4.3,5,200.787401
4.6,3,200.820663
4.45,4,200.852865
4.0,7,200.897746
4.0,7,200.934972
4.6,3,200.965791
4.6,3,200.996418
3.4,11,201.037546
4.15,6,201.070292
4.6,3,201.096819
4.3,5,201.127153
4.45,4,201.154738
4.45,4,201.186462
4.75,2,201.214866
4.0,7,201.245766
4.15,6,201.280208
4.6,3,201.306484
4.6,3,201.337752
4.75,2,201.368445
-3.7,15,201.424379
4.9,1,201.447463
4.6,3,201.475371
4.45,4,201.501179
4.3,5,201.528898
4.45,4,201.556105
4.45,4,201.584717
3.7,9,201.618322
4.6,3,201.642801
4.3,5,201.669794
-3.4,9,201.704006
-3.7,15,201.907674
4.6,3,201.934676
4.6,3,201.963039
4.45,4,201.989704
4.75,2,202.014287
4.3,5,202.047438
4.75,2,202.07353
4.45,4,202.101115
4.3,5,202.130707
4.75,2,202.157322
3.85,8,202.191424
4.15,6,202.221549
4.15,6,202.254136
4.45,4,202.293607
4.75,2,202.318802
-3.05,2,202.344386
3.7,9,202.384541
-3.65,14,202.439802
-3.2,5,202.472212
4.45,4,202.500962
4.6,3,202.528461
4.6,3,202.55634
4.45,4,202.582869
4.6,3,202.606646
4.3,5,202.637464
3.55,10,202.672873
4.9,1,202.698286
4.6,3,202.726177
4.45,4,202.750755
-3.3,7,202.780479
4.9,1,202.808526
3.7,9,202.845612
3.85,8,202.877608
4.6,3,202.90016
4.45,4,202.926458
4.15,6,202.953668
4.15,6,202.983385
4.15,6,203.012432
4.6,3,203.043332
4.0,7,203.076594
4.75,2,203.105809
-3.6,13,203.150999
4.9,1,203.179433
3.25,12,203.223177
4.9,1,203.24574
4.6,3,203.27538
4.3,5,203.303044
4.3,5,203.331863
3.55,10,203.373588
4.6,3,203.399382
4.9,1,203.426085
4.75,2,203.451618
4.6,3,203.476634
4.15,6,203.662271
-3.65,14,203.705987
4.6,3,203.741356
-3.15,4,203.772591
4.3,5,203.809824
4.3,5,203.843282
4.0,7,203.878959
3.7,9,203.920993
4.75,2,203.950263
4.0,7,203.995083
-3.35,8,204.036825
4.9,1,204.065665
4.75,2,204.089669
4.75,2,204.124931
4.3,5,204.164687
-3.6,13,204.211994
4.3,5,204.249163
4.75,2,204.274267
4.3,5,204.302302
4.0,7,204.340193
4.45,4,204.368855
4.6,3,204.396999
4.45,4,204.425889
4.6,3,204.455276
4.0,7,204.486375
4.75,2,204.515306
4.3,5,204.546563
-3.5,11,204.584781
4.6,3,204.610744
4.15,6,204.643121
4.75,2,204.66594
4.45,4,204.695789
4.6,3,204.724934
-3.7,15,204.766349
4.75,2,204.788579
4.6,3,204.817174
4.45,4,204.84648
-3.45,10,204.881868
4.75,2,204.908509
3.85,8,204.948622
-3.3,7,204.98134
4.45,4,205.013077
4.6,3,205.048408
4.45,4,205.078434
4.6,3,205.105372
4.0,7,205.150868
3.85,8,205.188251
4.9,1,205.214737
-3.5,11,205.420988
4.6,3,205.447857
4.6,3,205.480284
4.3,5,205.513255
4.6,3,205.545038
3.7,9,205.581074
4.45,4,205.606311
3.7,9,205.645181
4.45,4,205.678036
4.6,3,205.709872
4.6,3,205.741701
4.3,5,205.777814
4.3,5,205.805396
4.45,4,205.843327
4.45,4,205.870317
4.0,7,205.907754
4.3,5,205.938618
4.75,2,205.961679
4.3,5,205.990806
4.9,1,206.014617
4.45,4,206.044718
4.75,2,206.069213
4.15,6,206.101453
4.0,7,206.140585
4.3,5,206.16989
-3.6,13,206.217964
-3.45,10,206.252645
4.75,2,206.278459
-3.35,8,206.315025
4.15,6,206.3452
4.15,6,206.376148
4.15,6,206.410669
4.9,1,206.433017
4.3,5,206.462027
3.7,9,206.498302
4.45,4,206.525583
4.6,3,206.548762
4.9,1,206.572495
3.7,9,206.612689
3.7,9,206.657827
3.55,10,206.706528
4.3,5,206.736577
4.3,5,206.768394
4.6,3,206.796209
3.85,8,206.832676
4.45,4,206.862999
4.75,2,206.890682
4.15,6,206.923619
4.75,2,206.954918
4.9,1,206.980913
4.9,1,207.002357
-3.65,14,207.223511
3.85,8,207.267498
4.75,2,207.295665
4.15,6,207.330728
4.3,5,207.362602
4.3,5,207.392833
3.7,9,207.437132
4.45,4,207.475282
4.6,3,207.507093
4.3,5,207.539059
-3.6,13,207.579421
4.3,5,207.611094
-3.3,7,207.645151
3.85,8,207.680477
4.3,5,207.711157
4.0,7,207.751322
3.4,11,207.795743
4.45,4,207.830694
-3.55,12,207.879951
3.7,9,207.921757
4.0,7,207.952557
4.9,1,207.978254
4.75,2,208.003248
4.6,3,208.029514
4.3,5,208.062209
4.6,3,208.091071
4.6,3,208.11826
4.3,5,208.148077
4.45,4,208.178593
-3.5,11,208.221071
4.3,5,208.24969
4.3,5,208.281825
-3.65,14,208.322757
4.75,2,208.345705
-3.35,8,208.37735
3.55,10,208.419407
4.6,3,208.448382
4.3,5,208.485879
4.0,7,208.527228
-3.2,5,208.562706
4.0,7,208.596606
4.75,2,208.622536
4.3,5,208.662455
4.75,2,208.862632
4.15,6,208.893677
4.6,3,208.921759
4.15,6,208.959357
4.15,6,208.990745
3.4,11,209.028395
4.6,3,209.055379
4.75,2,209.082194
4.6,3,209.110911
4.15,6,209.140028
4.6,3,209.165299
3.85,8,209.200864
4.0,7,209.231895
4.3,5,209.259516
3.85,8,209.294577
4.45,4,209.323535
4.3,5,209.354663
4.0,7,209.388047
4.6,3,209.415109
-3.7,15,209.459826
4.15,6,209.497777
4.6,3,209.52265
-3.45,10,209.559618
3.85,8,209.589846
4.0,7,209.629595
4.0,7,209.662721
4.75,2,209.695601
4.3,5,209.726746
4.75,2,209.756172
-1.75,15,209.801405
4.45,4,209.829193
3.55,10,209.866492
4.6,3,209.893864
3.85,8,209.925047
3.85,8,209.960537
4.45,4,209.989979
4.75,2,210.017001
4.45,4,210.044532
4.3,5,210.076326
4.6,3,210.103811
-3.55,12,210.147376
4.6,3,210.179072
4.45,4,210.209412
4.75,2,210.233137
4.3,5,210.264176
3.85,8,210.449907
4.15,6,210.48393
-3.65,14,210.525651
4.75,2,210.548791
3.1,13,210.588568
4.15,6,210.622356
3.7,9,210.657137
4.0,7,210.690937
4.45,4,210.72775
4.3,5,210.756305
4.15,6,210.79409
4.45,4,210.830018
4.75,2,210.861162
3.85,8,210.905057
4.45,4,210.934513
4.75,2,210.962119
4.3,5,210.990453
4.15,6,211.018203
3.55,10,211.060623
3.7,9,211.094673
4.3,5,211.125273
3.4,11,211.176227
4.15,6,211.21244
4.45,4,211.243195
4.3,5,211.272355
4.15,6,211.306955
4.45,4,211.335526
4.45,4,211.365969
4.15,6,211.396485
3.85,8,211.433241
4.3,5,211.461964
4.0,7,211.489808
3.7,9,211.524379
4.75,2,211.550626
4.15,6,211.588167
4.45,4,211.618529
3.7,9,211.654988
3.85,8,211.696754
3.85,8,211.736325
4.15,6,211.774991
4.3,5,211.979148
4.45,4,212.013928
4.9,1,212.039077
-3.6,13,212.078468
3.7,9,212.111062
4.75,2,212.132467
4.3,5,212.164802
4.9,1,212.18859
4.6,3,212.222498
4.6,3,212.249427
-1.75,15,212.299221
4.6,3,212.330313
4.6,3,212.356891
4.0,7,212.391325
4.6,3,212.419088
4.15,6,212.450632
4.6,3,212.477499
-3.4,9,212.516722
4.45,4,212.543911
4.6,3,212.574534
4.15,6,212.604607
4.3,5,212.635632
4.0,7,212.668257
4.45,4,212.699414
4.3,5,212.732497
3.85,8,212.774463
3.7,9,212.808254
3.55,10,212.8446
4.75,2,212.86544
4.45,4,212.892009
4.45,4,212.919263
4.75,2,212.944727
-3.4,9,212.980322
4.0,7,213.010484
4.45,4,213.040589
4.75,2,213.067406
3.7,9,213.107176
4.75,2,213.134837
4.6,3,213.16695
-3.45,10,213.211311
4.45,4,213.246415
4.45,4,213.28272
4.0,7,213.316944
4.15,6,213.352194
3.4,11,213.393669
4.75,2,213.421867
4.3,5,213.453415
4.6,3,213.484071
4.6,3,213.512761
4.0,7,213.687434
4.3,5,213.716765
4.0,7,213.748409
4.75,2,213.772087
4.6,3,213.798203
4.45,4,213.822896
4.75,2,213.847291
4.3,5,213.875824
-3.5,11,213.912261
4.3,5,213.943985
3.85,8,213.983295
4.0,7,214.01721
4.15,6,214.050349
4.9,1,214.073794
4.45,4,214.103553
3.55,10,214.149819
4.3,5,214.186155
4.3,5,214.220262
4.15,6,214.25143
4.3,5,214.284562
4.0,7,214.318594
3.85,8,214.348617
4.0,7,214.384421
4.75,2,214.415637
4.75,2,214.442206
-3.45,10,214.478815
4.0,7,214.509021
3.55,10,214.544669
4.15,6,214.575141
4.3,5,214.604083
2.95,14,214.648197
4.6,3,214.678523
4.3,5,214.710743
4.45,4,214.738335
4.15,6,214.777503
4.6,3,214.800664
4.45,4,214.829683
4.0,7,214.865116
4.0,7,214.911722
4.45,4,214.944946
4.3,5,214.978297
3.4,11,215.019045
4.45,4,215.050216
3.7,9,215.241107
4.45,4,215.271177
4.6,3,215.29875
4.15,6,215.328824
4.3,5,215.3674
-3.55,12,215.404485
4.3,5,215.440873
-3.35,8,215.469646
4.45,4,215.497947
4.15,6,215.529042
-3.5,11,215.575222
-3.7,15,215.627079
4.3,5,215.655895
4.15,6,215.685835
-3.3,7,215.71961
4.75,2,215.744298
4.3,5,215.770476
4.15,6,215.800586
4.45,4,215.828227
4.9,1,215.852226
4.75,2,215.885567
4.6,3,215.91693
4.9,1,215.942154
3.25,12,215.98311
4.6,3,216.010763
4.0,7,216.045333
4.6,3,216.073229
-3.65,14,216.111748
4.6,3,216.133945
3.85,8,216.164144
4.75,2,216.186137
-3.5,11,216.22627
4.0,7,216.262188
-3.55,12,216.305763
4.6,3,216.335035
4.75,2,216.364862
3.85,8,216.400661
-3.5,11,216.44389
4.45,4,216.471937
4.9,1,216.494612
3.4,11,216.534776
4.75,2,216.561619
4.6,3,216.589379
4.15,6,216.619594
