episode,reward,length,elapsed_seconds
1,-3.15,4,0.043596506118774414
2,-3.05,2,0.06815195083618164
3,4.75,2,0.09615778923034668
4,-3.0,1,0.12680363655090332
5,-3.05,2,0.15958356857299805
6,-3.0,1,0.18610000610351562
7,-3.2,5,0.2140040397644043
8,-3.0,1,0.2390003204345703
9,-3.05,2,0.2639729976654053
10,4.449999999999999,4,0.2890768051147461
11,-3.4,9,0.3235132694244385
12,-3.15,4,0.35043764114379883
13,3.55,10,0.3913135528564453
14,4.9,1,0.4143974781036377
15,-3.0,1,0.4396183490753174
16,-3.0,1,0.4700658321380615
17,-3.0,1,0.4975912570953369
18,-3.05,2,0.5235743522644043
19,-3.05,2,0.5505521297454834
20,-3.05,2,0.5742323398590088
21,-3.05,2,0.5974907875061035
22,-1.75,15,0.640052080154419
23,3.6999999999999997,9,0.6778509616851807
24,-3.05,2,0.7034108638763428
25,-3.35,8,0.7382733821868896
26,-3.1,3,0.772188663482666
27,-3.55,12,0.8109691143035889
28,4.449999999999999,4,0.8417444229125977
29,-3.1,3,0.8739256858825684
30,-3.25,6,0.9061768054962158
31,-3.0,1,0.927882194519043
32,4.449999999999999,4,0.9587881565093994
33,-3.0,1,0.9837627410888672
34,4.6000000000000005,3,1.0103058815002441
35,-3.0,1,1.0367026329040527
36,-3.0,1,1.059899091720581
37,-3.05,2,1.0831546783447266
38,-3.0,1,1.1051571369171143
39,-3.05,2,1.1316466331481934
40,-3.1,3,1.1578691005706787
41,-3.1,3,1.1831138134002686
42,-3.0,1,1.2089684009552002
43,-3.1,3,1.2351500988006592
44,-3.0,1,1.2619659900665283
45,4.3,5,1.2927882671356201
46,-3.1,3,1.3229072093963623
47,-3.6,13,1.3699254989624023
48,4.9,1,1.3982129096984863
49,-3.05,2,1.4324533939361572
50,-3.05,2,1.4645633697509766
51,4.6000000000000005,3,1.489318609237671
52,-3.05,2,1.519059658050537
53,-3.1,3,1.5445177555084229
54,-3.05,2,1.5703299045562744
55,-3.15,4,1.599130392074585
56,-3.0,1,1.625939130783081
57,-3.05,2,1.6540205478668213
58,-3.2,5,1.6855413913726807
59,3.6999999999999997,9,1.7239162921905518
60,-3.0,1,1.7515568733215332
61,-3.0,1,1.7736859321594238
62,-3.0,1,1.7978346347808838
63,-3.0,1,1.8262126445770264
64,-3.0,1,1.8495292663574219
65,-3.7,15,1.8919105529785156
66,-3.0,1,1.9145829677581787
67,-3.2,5,1.9468319416046143
68,-3.0,1,1.9786577224731445
69,-3.05,2,2.0128276348114014
70,4.75,2,2.0419766902923584
71,-3.0,1,2.0668721199035645
72,-3.05,2,2.094836473464966
73,-3.0,1,2.1208643913269043
74,-3.0,1,2.1438939571380615
75,-3.0,1,2.1695308685302734
76,4.9,1,2.198176383972168
77,4.0,7,2.232684850692749
78,-3.1,3,2.2723731994628906
79,-3.0,1,2.3061957359313965
80,-3.0,1,2.338301658630371
81,-3.1,3,2.5124964714050293
82,-3.0,1,2.533738613128662
83,-3.0,1,2.5572586059570312
84,-3.25,6,2.5868890285491943
85,4.9,1,2.6115543842315674
86,-3.0,1,2.635479688644409
87,4.3,5,2.6687936782836914
88,4.449999999999999,4,2.7028603553771973
89,4.6000000000000005,3,2.7314300537109375
90,-3.05,2,2.755875587463379
91,4.15,6,2.7887063026428223
92,-3.1,3,2.8143513202667236
93,4.3,5,2.8523693084716797
94,4.6000000000000005,3,2.8783347606658936
95,-3.0,1,2.8999032974243164
96,-3.2,5,2.93206787109375
97,3.85,8,2.9725804328918457
98,-3.65,14,3.024380683898926
99,4.9,1,3.0529446601867676
100,-3.0,1,3.078796625137329
101,4.3,5,3.115677833557129
102,-3.35,8,3.152045965194702
103,-3.15,4,3.1783087253570557
104,-3.2,5,3.206489086151123
105,-3.0,1,3.2283053398132324
106,-3.0,1,3.256418228149414
107,-1.75,15,3.30722975730896
108,-3.0,1,3.333395481109619
109,-3.05,2,3.357675790786743
110,-3.05,2,3.3808023929595947
111,-3.05,2,3.403839588165283
112,-3.15,4,3.4318244457244873
113,4.449999999999999,4,3.4650182723999023
114,-3.15,4,3.492163896560669
115,-3.05,2,3.516300678253174
116,-3.05,2,3.5406382083892822
117,4.6000000000000005,3,3.5672292709350586
118,-3.0,1,3.589967966079712
119,4.75,2,3.6128411293029785
120,-3.0,1,3.6359918117523193
121,4.0,7,3.674699306488037
122,-3.0,1,3.699408769607544
123,-3.25,6,3.7324836254119873
124,-3.0,1,3.7590510845184326
125,-3.1,3,3.783583164215088
126,-3.15,4,3.8100483417510986
127,-3.35,8,3.842031240463257
128,-1.75,15,3.885185956954956
129,-3.0,1,3.911653995513916
130,-3.0,1,3.9373953342437744
131,-3.05,2,3.9620680809020996
132,-3.0,1,3.9830286502838135
133,4.15,6,4.016149282455444
134,-3.05,2,4.04424262046814
135,-3.05,2,4.068690776824951
136,-3.2,5,4.097307205200195
137,-3.25,6,4.134320020675659
138,-3.0,1,4.164635896682739
139,-3.0,1,4.191401720046997
140,-3.05,2,4.222627401351929
141,-3.0,1,4.24977707862854
142,-3.15,4,4.277168035507202
143,-3.05,2,4.303462743759155
144,4.3,5,4.341129541397095
145,-3.2,5,4.371110677719116
146,-3.6,13,4.412217378616333
147,-3.2,5,4.44411301612854
148,3.85,8,4.640864133834839
149,-3.0,1,4.672609806060791
150,-3.05,2,4.705961465835571
151,-3.0,1,4.735448837280273
152,-3.55,12,4.787247657775879
153,4.75,2,4.810742616653442
154,-3.35,8,4.848970890045166
155,-3.25,6,4.88082218170166
156,-3.1,3,4.905809164047241
157,-3.05,2,4.928030490875244
158,4.6000000000000005,3,4.95978856086731
159,-3.4,9,5.002661466598511
160,4.6000000000000005,3,5.028629779815674
161,-3.05,2,5.057249546051025
162,-3.1,3,5.0888707637786865
163,3.85,8,5.127772092819214
164,-3.0,1,5.151827096939087
165,3.6999999999999997,9,5.189812183380127
166,-3.0,1,5.215137720108032
167,4.75,2,5.244567632675171
168,-3.15,4,5.275163412094116
169,-3.1,3,5.307737112045288
170,-3.1,3,5.335533380508423
171,3.85,8,5.37029242515564
172,-3.4,9,5.40765905380249
173,-3.0,1,5.433919191360474
174,-3.15,4,5.460606813430786
175,-3.0,1,5.4862775802612305
176,-3.2,5,5.513589859008789
177,-3.0,1,5.5422821044921875
178,-3.25,6,5.5785627365112305
179,-1.75,15,5.630578994750977
180,-3.2,5,5.658690929412842
181,-3.0,1,5.681515455245972
182,-3.0,1,5.70717978477478
183,-3.15,4,5.736832857131958
184,-3.3,7,5.770014524459839
185,-3.05,2,5.794154405593872
186,-3.15,4,5.820698976516724
187,4.15,6,5.857492685317993
188,4.0,7,5.893896818161011
189,-3.0,1,5.918427467346191
190,-3.4,9,5.96104097366333
191,4.449999999999999,4,5.989969730377197
192,-3.25,6,6.019750595092773
193,4.6000000000000005,3,6.050028324127197
194,-3.1,3,6.093158006668091
195,-1.75,15,6.153783082962036
196,-3.05,2,6.183028697967529
197,-1.75,15,6.228758335113525
198,3.25,12,6.271235227584839
199,-3.05,2,6.293804883956909
200,-3.35,8,6.494004726409912
201,4.3,5,6.531282901763916
202,-3.0,1,6.557531833648682
203,-3.15,4,6.583927631378174
204,-3.1,3,6.6141955852508545
205,-3.0,1,6.637864112854004
206,4.3,5,6.667112827301025
207,-3.0,1,6.689247369766235
208,-3.05,2,6.717206716537476
209,4.15,6,6.7458086013793945
210,-3.35,8,6.7786500453948975
211,-3.0,1,6.8003575801849365
212,-3.1,3,6.828634262084961
213,4.6000000000000005,3,6.8542022705078125
214,-3.1,3,6.877828121185303
215,-3.0,1,6.901926755905151
216,4.3,5,6.928627967834473
217,-3.25,6,6.957056522369385
218,-3.05,2,6.984161615371704
219,-3.1,3,7.016284942626953
220,-3.0,1,7.043340444564819
221,-3.05,2,7.076103925704956
222,3.4,11,7.12029767036438
223,4.75,2,7.1471147537231445
224,4.6000000000000005,3,7.17587423324585
225,4.0,7,7.21036171913147
226,4.6000000000000005,3,7.24570369720459
227,-3.1,3,7.27078104019165
228,3.85,8,7.304415225982666
229,-3.0,1,7.33767032623291
230,4.15,6,7.370607614517212
231,4.75,2,7.39769172668457
232,4.6000000000000005,3,7.426480054855347
233,4.15,6,7.458465576171875
234,-3.2,5,7.494376182556152
235,4.0,7,7.536473989486694
236,4.449999999999999,4,7.567636013031006
237,-3.1,3,7.594171524047852
238,-3.4,9,7.633936405181885
239,4.15,6,7.675837755203247
240,-3.0,1,7.707171678543091
241,4.449999999999999,4,7.737790584564209
242,4.9,1,7.767887115478516
243,-3.45,10,7.80776834487915
244,-3.25,6,7.838998794555664
245,-3.0,1,7.862058401107788
246,-3.1,3,7.889931917190552
247,-3.05,2,7.915486574172974
248,3.55,10,7.954185485839844
249,-3.1,3,7.9807329177856445
250,-3.05,2,8.009991884231567
251,-3.05,2,8.035313844680786
252,4.9,1,8.060800313949585
253,4.449999999999999,4,8.08905029296875
254,4.3,5,8.115489959716797
255,-3.6,13,8.15696096420288
256,4.449999999999999,4,8.185827016830444
257,-3.15,4,8.217113018035889
258,-3.35,8,8.247917652130127
259,4.0,7,8.282169103622437
260,4.449999999999999,4,8.308798551559448
261,-3.05,2,8.331631898880005
262,-3.35,8,8.517878770828247
263,-3.05,2,8.542480945587158
264,3.85,8,8.583942651748657
265,-3.4,9,8.6227445602417
266,4.6000000000000005,3,8.646838426589966
267,-3.25,6,8.67751669883728
268,-3.05,2,8.702981233596802
269,-3.05,2,8.729264259338379
270,-3.2,5,8.761677980422974
271,-3.0,1,8.783841371536255
272,4.75,2,8.811675548553467
273,3.85,8,8.845808506011963
274,4.0,7,8.882340908050537
275,-3.05,2,8.904497623443604
276,-3.0,1,8.924838304519653
277,3.4,11,8.96441912651062
278,4.3,5,8.992320775985718
279,4.15,6,9.023590087890625
280,-3.15,4,9.05094313621521
281,3.6999999999999997,9,9.087144374847412
282,-3.05,2,9.115042924880981
283,-3.05,2,9.146772384643555
284,-3.15,4,9.175744771957397
285,-3.1,3,9.209991693496704
286,-3.05,2,9.237290143966675
287,4.6000000000000005,3,9.268604755401611
288,3.1,13,9.311142444610596
289,3.85,8,9.356669902801514
290,-3.3,7,9.401471614837646
291,-3.2,5,9.439387083053589
292,-3.05,2,9.468878746032715
293,-3.05,2,9.49389123916626
294,-3.0,1,9.517777681350708
295,-3.2,5,9.549095153808594
296,4.0,7,9.586323022842407
297,4.449999999999999,4,9.614714622497559
298,-3.25,6,9.650120735168457
299,4.0,7,9.69362759590149
300,-3.55,12,9.733537673950195
301,-3.1,3,9.758435487747192
302,-3.3,7,9.79044795036316
303,-3.2,5,9.816523313522339
304,-3.1,3,9.841309070587158
305,4.3,5,9.877723217010498
306,-3.2,5,9.909833431243896
307,-3.05,2,9.935586214065552
308,3.85,8,9.970641613006592
309,4.449999999999999,4,10.000183820724487
310,-3.0,1,10.024607181549072
311,-3.05,2,10.048840761184692
312,-3.25,6,10.08242130279541
313,-3.05,2,10.110652923583984
314,-3.1,3,10.136597633361816
315,-1.75,15,10.332054853439331
316,-3.2,5,10.358699560165405
317,-3.15,4,10.387956142425537
318,-3.15,4,10.416249752044678
319,4.449999999999999,4,10.452606201171875
320,4.9,1,10.476680517196655
321,4.449999999999999,4,10.507206201553345
322,-3.0,1,10.530653476715088
323,3.6999999999999997,9,10.566664695739746
324,-3.45,10,10.599973917007446
325,-3.2,5,10.62642240524292
326,3.85,8,10.662829160690308
327,-3.6,13,10.704209804534912
328,3.4,11,10.74371337890625
329,3.25,12,10.790396213531494
330,-3.6,13,10.834697008132935
331,4.449999999999999,4,10.867326021194458
332,4.6000000000000005,3,10.89625859260559
333,4.75,2,10.924794912338257
334,-3.05,2,10.950114727020264
335,3.55,10,10.98987603187561
336,4.449999999999999,4,11.017403841018677
337,4.449999999999999,4,11.04509425163269
338,4.3,5,11.077611446380615
339,3.85,8,11.112590789794922
340,-1.75,15,11.168828010559082
341,-3.0,1,11.19698166847229
342,2.9499999999999997,14,11.250413656234741
343,-3.5,11,11.290916919708252
344,-3.1,3,11.31798005104065
345,4.449999999999999,4,11.351833820343018
346,-3.0,1,11.372652530670166
347,-3.1,3,11.396147966384888
348,3.4,11,11.43566107749939
349,-3.05,2,11.46150016784668
350,-3.1,3,11.486899852752686
351,4.75,2,11.508000612258911
352,4.0,7,11.539831399917603
353,-3.1,3,11.568031787872314
354,3.85,8,11.600004196166992
355,4.0,7,11.63506269454956
356,4.15,6,11.836313962936401
357,3.55,10,11.877683401107788
358,4.75,2,11.902461290359497
359,4.15,6,11.935921907424927
360,-3.0,1,11.962218523025513
361,-3.0,1,11.984798669815063
362,4.0,7,12.013010263442993
363,4.0,7,12.046495914459229
364,-3.2,5,12.075387001037598
365,-3.1,3,12.09907054901123
366,-3.05,2,12.123083591461182
367,-3.4,9,12.154700994491577
368,4.75,2,12.187560319900513
369,-3.25,6,12.223024129867554
370,3.25,12,12.264157772064209
371,3.6999999999999997,9,12.304494380950928
372,-3.0,1,12.329825162887573
373,-3.35,8,12.36315655708313
374,4.6000000000000005,3,12.394498109817505
375,3.4,11,12.438374996185303
376,4.15,6,12.471360683441162
377,3.4,11,12.510528802871704
378,-1.75,15,12.557301759719849
379,-3.25,6,12.59215497970581
380,-3.15,4,12.62099289894104
381,-3.7,15,12.670515775680542
382,-3.3,7,12.707082271575928
383,-3.25,6,12.746788263320923
384,-3.6,13,12.796605348587036
385,4.0,7,12.834135055541992
386,-3.7,15,12.873711347579956
387,3.55,10,12.91960597038269
388,3.4,11,12.959700584411621
389,4.449999999999999,4,12.987427711486816
390,-3.5,11,13.03551721572876
391,-3.6,13,13.236025094985962
392,4.6000000000000005,3,13.264143943786621
393,3.85,8,13.299746990203857
394,4.9,1,13.32826280593872
395,4.449999999999999,4,13.358067989349365
396,4.3,5,13.38890790939331
397,-1.75,15,13.435317516326904
398,-3.05,2,13.458430290222168
399,4.449999999999999,4,13.486340999603271
400,3.1,13,13.528851509094238
401,-1.75,15,13.574501037597656
402,4.3,5,13.603591203689575
403,3.6999999999999997,9,13.636712789535522
404,-3.05,2,13.6642587184906
405,4.15,6,13.695382833480835
406,3.55,10,13.734081983566284
407,-3.3,7,13.765251636505127
408,4.75,2,13.789994716644287
409,4.449999999999999,4,13.820276260375977
410,-3.3,7,13.854143619537354
411,4.15,6,13.883925437927246
412,-3.05,2,13.910803079605103
413,-3.15,4,13.943368434906006
414,3.6999999999999997,9,13.981338262557983
415,4.6000000000000005,3,14.007346868515015
416,-3.05,2,14.033805131912231
417,-3.05,2,14.059450387954712
418,-3.1,3,14.088155269622803
419,-3.45,10,14.13175106048584
420,-3.05,2,14.168373584747314
421,-3.1,3,14.203438758850098
422,4.15,6,14.242130756378174
423,3.6999999999999997,9,14.282424688339233
424,-3.1,3,14.31351900100708
425,4.449999999999999,4,14.34339690208435
426,3.85,8,14.378000259399414
427,4.3,5,14.409047365188599
428,4.6000000000000005,3,14.435481548309326
429,4.3,5,14.461297512054443
430,4.449999999999999,4,14.489224433898926
431,-3.05,2,14.518363237380981
432,3.4,11,14.560773849487305
433,4.449999999999999,4,14.587469100952148
434,-3.55,12,14.629439353942871
435,4.449999999999999,4,14.656009674072266
436,-3.05,2,14.677677869796753
437,4.15,6,14.847916603088379
438,-3.25,6,14.880163192749023
439,4.6000000000000005,3,14.90774917602539
440,3.25,12,14.951719284057617
441,-3.2,5,14.98680305480957
442,-3.05,2,15.016695261001587
443,-3.45,10,15.054131507873535
444,-3.25,6,15.085506916046143
445,-1.75,15,15.130412817001343
446,4.9,1,15.157822608947754
447,4.15,6,15.18983006477356
448,-3.0,1,15.21156930923462
449,3.55,10,15.25264596939087
450,3.55,10,15.290690898895264
451,3.85,8,15.321563005447388
452,-3.4,9,15.3574960231781
453,3.25,12,15.400760650634766
454,4.15,6,15.434722900390625
455,-3.4,9,15.481353521347046
456,-3.6,13,15.529481649398804
457,3.4,11,15.573755025863647
458,-3.2,5,15.604803323745728
459,3.25,12,15.64802598953247
460,4.0,7,15.685572862625122
461,-3.2,5,15.720221281051636
462,-3.55,12,15.76137375831604
463,-1.75,15,15.8043851852417
464,-3.3,7,15.83777117729187
465,-3.3,7,15.86672043800354
466,-1.75,15,15.91455078125
467,-3.3,7,15.947565078735352
468,3.55,10,16.12264132499695
469,4.449999999999999,4,16.148564338684082
470,-3.0,1,16.170968055725098
471,4.3,5,16.20298171043396
472,4.3,5,16.239819288253784
473,4.449999999999999,4,16.267947912216187
474,3.55,10,16.302491664886475
475,-3.6,13,16.342597484588623
476,-3.7,15,16.386127948760986
477,-1.75,15,16.43352961540222
478,-1.75,15,16.48686957359314
479,4.75,2,16.516276359558105
480,4.3,5,16.54356837272644
481,-1.75,15,16.59041142463684
482,3.4,11,16.624943256378174
483,3.25,12,16.66985821723938
484,-3.05,2,16.699764728546143
485,4.6000000000000005,3,16.73273205757141
486,-3.4,9,16.77034282684326
487,-3.3,7,16.804563283920288
488,4.15,6,16.83561134338379
489,4.6000000000000005,3,16.86488699913025
490,4.3,5,16.894864082336426
491,3.85,8,16.930432558059692
492,-1.75,15,16.9743709564209
493,-3.3,7,17.00926685333252
494,3.55,10,17.052330493927002
495,3.6999999999999997,9,17.088395595550537
496,3.1,13,17.135806798934937
497,4.0,7,17.168987035751343
498,-3.05,2,17.191916942596436
499,3.6999999999999997,9,17.229857444763184
500,4.6000000000000005,3,17.26623821258545
501,3.55,10,17.458207368850708
502,-3.3,7,17.490089654922485
503,4.449999999999999,4,17.519169569015503
504,-3.1,3,17.54427933692932
505,-3.0,1,17.567023038864136
506,4.6000000000000005,3,17.592358589172363
507,4.3,5,17.62336778640747
508,4.6000000000000005,3,17.648712396621704
509,-1.75,15,17.69119954109192
510,4.3,5,17.72008514404297
511,4.6000000000000005,3,17.748359203338623
512,-3.45,10,17.780142068862915
513,4.449999999999999,4,17.808712482452393
514,4.3,5,17.840777158737183
515,-3.65,14,17.88719344139099
516,-3.45,10,17.92432141304016
517,-3.15,4,17.95667338371277
518,4.15,6,17.99472689628601
519,-1.75,15,18.03881812095642
520,-3.35,8,18.071462392807007
521,4.15,6,18.100414991378784
522,4.3,5,18.132140398025513
523,-3.65,14,18.17244553565979
524,-1.75,15,18.226699829101562
525,4.449999999999999,4,18.254411458969116
526,4.0,7,18.29211664199829
527,4.6000000000000005,3,18.325544834136963
528,-3.55,12,18.37058734893799
529,4.449999999999999,4,18.40538239479065
530,-3.35,8,18.44103765487671
531,4.3,5,18.474485397338867
532,-3.15,4,18.50331449508667
533,4.6000000000000005,3,18.53580379486084
534,4.75,2,18.56835699081421
535,4.449999999999999,4,18.601259469985962
536,4.15,6,18.64037561416626
537,-3.1,3,18.66990876197815
538,-1.75,15,18.72910237312317
539,-1.75,15,18.961204051971436
540,4.15,6,18.997653245925903
541,-1.75,15,19.050055742263794
542,-1.75,15,19.092373609542847
543,4.3,5,19.124157190322876
544,4.449999999999999,4,19.1538724899292
545,-3.05,2,19.179866075515747
546,4.15,6,19.209898710250854
547,4.15,6,19.240628957748413
548,3.6999999999999997,9,19.273995876312256
549,-3.7,15,19.322288990020752
550,-3.45,10,19.3600857257843
551,3.25,12,19.40803623199463
552,4.15,6,19.442997932434082
553,-3.05,2,19.476330280303955
554,4.6000000000000005,3,19.505361318588257
555,3.85,8,19.54348087310791
556,-1.75,15,19.594788789749146
557,4.6000000000000005,3,19.62131690979004
558,4.3,5,19.65275764465332
559,-1.75,15,19.696558952331543
560,-1.75,15,19.741015911102295
561,3.85,8,19.777318000793457
562,-3.15,4,19.80427837371826
563,3.85,8,19.84311580657959
564,4.15,6,19.8733069896698
565,-3.0,1,19.8973605632782
566,4.15,6,19.926406860351562
567,-3.3,7,19.95972728729248
568,4.449999999999999,4,19.98732590675354
569,4.3,5,20.01660442352295
570,-1.75,15,20.064287662506104
571,4.449999999999999,4,20.266233682632446
572,4.3,5,20.300868034362793
573,4.15,6,20.33594846725464
574,3.6999999999999997,9,20.373039484024048
575,3.85,8,20.406319618225098
576,3.85,8,20.443522691726685
577,4.449999999999999,4,20.471665143966675
578,-1.75,15,20.516453742980957
579,4.449999999999999,4,20.542133569717407
580,4.6000000000000005,3,20.57116985321045
581,4.75,2,20.595800161361694
582,4.0,7,20.6296067237854
583,4.3,5,20.65961480140686
584,4.6000000000000005,3,20.686171770095825
585,4.6000000000000005,3,20.71355938911438
586,-3.45,10,20.74752426147461
587,3.6999999999999997,9,20.782061100006104
588,3.85,8,20.814752340316772
589,4.15,6,20.845661401748657
590,-3.5,11,20.884023427963257
591,3.25,12,20.92162561416626
592,-1.75,15,20.96436309814453
593,3.55,10,21.00035071372986
594,-3.7,15,21.04270362854004
595,-1.75,15,21.0882351398468
596,4.15,6,21.123549938201904
597,4.0,7,21.166027069091797
598,3.85,8,21.203866004943848
599,-1.75,15,21.255653619766235
600,4.15,6,21.291975259780884
601,-1.75,15,21.34320616722107
602,3.1,13,21.55482029914856
603,-3.05,2,21.57780933380127
604,4.6000000000000005,3,21.60456109046936
605,4.15,6,21.640509128570557
606,-3.4,9,21.688413619995117
607,4.3,5,21.72380828857422
608,4.449999999999999,4,21.753922939300537
609,-3.55,12,21.798897981643677
610,-3.25,6,21.835830211639404
611,3.6999999999999997,9,21.874447345733643
612,3.1,13,21.922430515289307
613,4.449999999999999,4,21.954035758972168
614,3.85,8,21.992953777313232
615,-3.55,12,22.038536310195923
616,4.6000000000000005,3,22.07343077659607
617,-3.5,11,22.1140239238739
618,4.449999999999999,4,22.145431995391846
619,-3.45,10,22.183956623077393
620,4.15,6,22.21279740333557
621,3.85,8,22.244491577148438
622,4.0,7,22.275701761245728
623,4.3,5,22.303719520568848
624,-3.0,1,22.32431197166443
625,-3.15,4,22.351813554763794
626,4.3,5,22.377979516983032
627,4.75,2,22.39996576309204
628,3.25,12,22.438971519470215
629,4.449999999999999,4,22.466014623641968
630,-1.75,15,22.50798773765564
631,4.6000000000000005,3,22.536546230316162
632,4.6000000000000005,3,22.564643621444702
633,3.25,12,22.60610055923462
634,4.0,7,22.644083976745605
635,4.3,5,22.67974591255188
636,4.449999999999999,4,22.716246366500854
637,-3.45,10,22.758254289627075
638,4.3,5,22.788851022720337
639,3.25,12,22.966184377670288
640,3.4,11,23.0055890083313
641,4.449999999999999,4,23.034807682037354
642,4.3,5,23.060051202774048
643,4.449999999999999,4,23.091270923614502
644,3.55,10,23.12966227531433
645,4.449999999999999,4,23.16164255142212
646,4.449999999999999,4,23.189748764038086
647,4.75,2,23.217659950256348
648,-3.25,6,23.25354838371277
649,4.75,2,23.283413887023926
650,-3.6,13,23.332728385925293
651,4.3,5,23.364555835723877
652,-3.2,5,23.392905235290527
653,4.0,7,23.43154740333557
654,4.6000000000000005,3,23.46055507659912
655,4.449999999999999,4,23.494539976119995
656,-3.45,10,23.537142276763916
657,4.15,6,23.574275732040405
658,4.3,5,23.611170053482056
659,4.15,6,23.64714002609253
660,-3.35,8,23.68768882751465
661,-1.75,15,23.73785924911499
662,4.6000000000000005,3,23.770780324935913
663,4.15,6,23.81032919883728
664,3.25,12,23.85151720046997
665,-3.1,3,23.874433279037476
666,4.449999999999999,4,23.90147089958191
667,3.85,8,23.93527340888977
668,-3.0,1,23.95989727973938
669,4.449999999999999,4,23.98737645149231
670,4.15,6,24.01874279975891
671,4.3,5,24.048105001449585
672,4.15,6,24.0750892162323
673,3.55,10,24.114026069641113
674,4.449999999999999,4,24.144270181655884
675,3.55,10,24.186790466308594
676,4.449999999999999,4,24.213468074798584
677,-1.75,15,24.255598068237305
678,3.55,10,24.29293394088745
679,4.75,2,24.318745851516724
680,-3.0,1,24.490789651870728
681,-1.75,15,24.533023834228516
682,4.75,2,24.55671000480652
683,-3.55,12,24.594666004180908
684,3.6999999999999997,9,24.632989645004272
685,4.449999999999999,4,24.659985065460205
686,4.75,2,24.686033487319946
687,-3.7,15,24.7243070602417
688,3.85,8,24.762357711791992
689,-3.2,5,24.79285478591919
690,4.15,6,24.824957132339478
691,-3.4,9,24.861435413360596
692,4.0,7,24.899495840072632
693,3.6999999999999997,9,24.933552742004395
694,4.0,7,24.967502117156982
695,4.75,2,24.994104146957397
696,4.6000000000000005,3,25.024349212646484
697,-3.6,13,25.07137632369995
698,4.15,6,25.111610889434814
699,4.6000000000000005,3,25.153215169906616
700,-3.35,8,25.198054552078247
701,-3.55,12,25.25002670288086
702,4.15,6,25.28356695175171
703,-1.75,15,25.331398963928223
704,4.0,7,25.36449956893921
705,3.55,10,25.40456485748291
706,3.55,10,25.44036054611206
707,-3.35,8,25.47140383720398
708,4.0,7,25.503226041793823
709,-3.2,5,25.529824256896973
710,3.55,10,25.567849159240723
711,-1.75,15,25.617664098739624
712,4.15,6,25.792010068893433
713,4.6000000000000005,3,25.819891929626465
714,4.449999999999999,4,25.848694324493408
715,-3.35,8,25.88288927078247
716,-3.55,12,25.92452907562256
717,3.25,12,25.964074850082397
718,3.6999999999999997,9,26.00315237045288
719,4.449999999999999,4,26.033599376678467
720,-3.4,9,26.07135248184204
721,-3.0,1,26.092679738998413
722,4.6000000000000005,3,26.121140241622925
723,4.6000000000000005,3,26.146241664886475
724,3.85,8,26.18140983581543
725,-3.15,4,26.213606595993042
726,4.15,6,26.24355721473694
727,-3.25,6,26.27283239364624
728,-1.75,15,26.31895613670349
729,3.6999999999999997,9,26.355122089385986
730,3.6999999999999997,9,26.397507667541504
731,4.449999999999999,4,26.431981086730957
732,-3.2,5,26.465157747268677
733,4.449999999999999,4,26.497057914733887
734,4.75,2,26.52118754386902
735,-3.35,8,26.557018995285034
736,4.0,7,26.59654426574707
737,4.449999999999999,4,26.6310818195343
738,3.6999999999999997,9,26.671266555786133
739,-3.3,7,26.706202268600464
740,4.0,7,26.741693019866943
741,4.0,7,26.774332523345947
742,4.0,7,26.809999704360962
743,4.6000000000000005,3,26.837542057037354
744,4.6000000000000005,3,26.863935947418213
745,-1.75,15,26.914417028427124
746,4.15,6,26.94503688812256
747,3.85,8,26.978408098220825
748,4.6000000000000005,3,27.004409790039062
749,-3.55,12,27.049501180648804
750,4.75,2,27.074119806289673
751,4.6000000000000005,3,27.102623224258423
752,4.6000000000000005,3,27.130412817001343
753,-1.75,15,27.325116634368896
754,-3.3,7,27.365483283996582
755,-3.2,5,27.395902156829834
756,3.55,10,27.43355369567871
757,3.55,10,27.469270706176758
758,4.449999999999999,4,27.49489951133728
759,4.15,6,27.525907516479492
760,3.85,8,27.560359239578247
761,3.85,8,27.601372003555298
762,4.0,7,27.634922742843628
763,3.85,8,27.666212797164917
764,4.0,7,27.699261903762817
765,-3.5,11,27.73537826538086
766,4.75,2,27.759920835494995
767,4.3,5,27.791004180908203
768,4.6000000000000005,3,27.817110061645508
769,4.6000000000000005,3,27.844170331954956
770,3.85,8,27.878451347351074
771,4.0,7,27.90826916694641
772,4.449999999999999,4,27.940595149993896
773,4.0,7,27.97546076774597
774,4.15,6,28.019561052322388
775,-3.25,6,28.057679176330566
776,3.6999999999999997,9,28.102972507476807
777,4.3,5,28.13577389717102
778,-1.75,15,28.184889793395996
779,-1.75,15,28.234747648239136
780,4.0,7,28.27973484992981
781,4.3,5,28.315586805343628
782,4.75,2,28.347131967544556
783,4.449999999999999,4,28.378782987594604
784,3.25,12,28.43016219139099
785,4.15,6,28.467889070510864
786,3.6999999999999997,9,28.511292695999146
787,-3.7,15,28.708938598632812
788,4.3,5,28.73572564125061
789,4.0,7,28.766214609146118
790,3.55,10,28.800505876541138
791,-3.3,7,28.830771923065186
792,3.55,10,28.871591091156006
793,4.75,2,28.896172046661377
794,4.3,5,28.923887968063354
795,4.75,2,28.950625896453857
796,3.85,8,28.988198041915894
797,4.15,6,29.023248434066772
798,3.6999999999999997,9,29.063596725463867
799,-3.15,4,29.090343713760376
800,4.0,7,29.123181581497192
801,-3.35,8,29.15274667739868
802,-3.55,12,29.19133710861206
803,4.6000000000000005,3,29.219775676727295
804,4.3,5,29.25531554222107
805,-3.55,12,29.296245336532593
806,3.6999999999999997,9,29.33400297164917
807,4.3,5,29.359479665756226
808,4.449999999999999,4,29.386447429656982
809,-3.45,10,29.42375135421753
810,4.15,6,29.455939531326294
811,4.6000000000000005,3,29.481253385543823
812,4.15,6,29.51140546798706
813,4.75,2,29.53734803199768
814,4.6000000000000005,3,29.56604504585266
815,4.75,2,29.592031478881836
816,3.25,12,29.632481813430786
817,-3.05,2,29.656041860580444
818,4.449999999999999,4,29.68582057952881
819,4.75,2,29.71313452720642
820,4.449999999999999,4,29.739270210266113
821,4.15,6,29.77145552635193
822,4.6000000000000005,3,29.799941539764404
823,4.75,2,29.824759483337402
824,4.449999999999999,4,29.85286784172058
825,4.15,6,29.884663820266724
826,-3.3,7,29.92324209213257
827,3.55,10,29.97026038169861
828,4.6000000000000005,3,29.99978017807007
829,-3.55,12,30.04085898399353
830,4.6000000000000005,3,30.0728280544281
831,4.15,6,30.243242740631104
832,-1.75,15,30.297086238861084
833,-3.35,8,30.32900595664978
834,3.4,11,30.367529153823853
835,4.6000000000000005,3,30.391732931137085
836,3.85,8,30.426778316497803
837,4.449999999999999,4,30.45207643508911
838,4.75,2,30.476718425750732
839,3.4,11,30.516849040985107
840,3.85,8,30.550269603729248
841,-3.2,5,30.58226704597473
842,4.0,7,30.617520809173584
843,-3.65,14,30.665903091430664
844,3.55,10,30.712902545928955
845,4.6000000000000005,3,30.74252676963806
846,4.75,2,30.771749258041382
847,-1.75,15,30.831408739089966
848,3.1,13,30.87149477005005
849,4.449999999999999,4,30.901753902435303
850,-3.55,12,30.94743537902832
851,4.6000000000000005,3,30.974701642990112
852,4.449999999999999,4,31.007957696914673
853,-3.65,14,31.05286931991577
854,4.449999999999999,4,31.083565711975098
855,4.449999999999999,4,31.119563341140747
856,-1.75,15,31.172210693359375
857,4.6000000000000005,3,31.20330262184143
858,3.4,11,31.252339363098145
859,4.449999999999999,4,31.28164291381836
860,4.449999999999999,4,31.314708471298218
861,4.449999999999999,4,31.349666833877563
862,-3.2,5,31.382511615753174
863,3.4,11,31.430469274520874
864,4.6000000000000005,3,31.460092782974243
865,3.55,10,31.64934015274048
866,4.449999999999999,4,31.673619985580444
867,4.6000000000000005,3,31.703471422195435
868,-3.25,6,31.734224319458008
869,-3.35,8,31.77714252471924
870,4.15,6,31.810111045837402
871,3.25,12,31.847284078598022
872,4.3,5,31.876511812210083
873,-3.65,14,31.91833758354187
874,-3.15,4,31.94594931602478
875,3.4,11,31.98211431503296
876,3.4,11,32.02193903923035
877,-3.55,12,32.06118988990784
878,3.85,8,32.101635217666626
879,4.449999999999999,4,32.1333703994751
880,4.75,2,32.15841102600098
881,3.85,8,32.19198036193848
882,4.3,5,32.21898579597473
883,4.449999999999999,4,32.24832367897034
884,3.55,10,32.29133367538452
885,4.15,6,32.32214403152466
886,4.75,2,32.3482620716095
887,4.0,7,32.379395723342896
888,4.0,7,32.41177272796631
889,3.4,11,32.45188283920288
890,4.75,2,32.472959995269775
891,4.6000000000000005,3,32.50511837005615
892,3.55,10,32.54273462295532
893,4.6000000000000005,3,32.570645570755005
894,4.15,6,32.603962659835815
895,4.6000000000000005,3,32.633150815963745
896,3.25,12,32.6726610660553
897,-1.75,15,32.71975326538086
898,4.3,5,32.7498893737793
899,4.75,2,32.7743866443634
900,4.449999999999999,4,32.804935932159424
901,3.4,11,32.842207193374634
902,4.0,7,33.04334044456482
903,4.449999999999999,4,33.08208465576172
904,4.6000000000000005,3,33.115302085876465
905,-1.75,15,33.18173146247864
906,4.0,7,33.224334716796875
907,-3.55,12,33.26651096343994
908,4.3,5,33.299442291259766
909,4.15,6,33.329333543777466
910,4.15,6,33.362812995910645
911,4.3,5,33.389992475509644
912,3.85,8,33.42246651649475
913,3.85,8,33.459622859954834
914,4.3,5,33.48751258850098
915,3.85,8,33.51849627494812
916,4.449999999999999,4,33.547261476516724
917,4.0,7,33.5829017162323
918,4.449999999999999,4,33.61179161071777
919,4.15,6,33.64829659461975
920,3.85,8,33.68261480331421
921,4.75,2,33.705894470214844
922,4.0,7,33.7369601726532
923,3.4,11,33.77140831947327
924,2.8,15,33.81316614151001
925,3.85,8,33.84814405441284
926,4.449999999999999,4,33.877829790115356
927,4.6000000000000005,3,33.905574798583984
928,3.4,11,33.947261095047
929,-1.75,15,33.99965476989746
930,4.449999999999999,4,34.02635097503662
931,4.449999999999999,4,34.05628824234009
932,3.6999999999999997,9,34.089314699172974
933,3.55,10,34.13110303878784
934,4.449999999999999,4,34.15804100036621
935,3.85,8,34.19483780860901
936,3.6999999999999997,9,34.22998356819153
937,4.15,6,34.25921654701233
938,4.449999999999999,4,34.28826332092285
939,4.449999999999999,4,34.47577428817749
940,4.9,1,34.50741529464722
941,-1.75,15,34.555729150772095
942,3.85,8,34.59034991264343
943,4.0,7,34.626128911972046
944,3.6999999999999997,9,34.66261315345764
945,4.15,6,34.69535517692566
946,-3.55,12,34.73808717727661
947,-3.65,14,34.78721857070923
948,3.4,11,34.83332586288452
949,4.75,2,34.85914969444275
950,4.3,5,34.88706970214844
951,4.0,7,34.91746163368225
952,3.85,8,34.950299978256226
953,4.6000000000000005,3,34.98363995552063
954,3.4,11,35.026559829711914
955,4.449999999999999,4,35.06061100959778
956,3.85,8,35.09828281402588
957,-1.75,15,35.15010738372803
958,4.449999999999999,4,35.176719665527344
959,4.449999999999999,4,35.20567226409912
960,4.449999999999999,4,35.23419809341431
961,-1.75,15,35.28505063056946
962,4.6000000000000005,3,35.31036424636841
963,-1.75,15,35.360896825790405
964,4.6000000000000005,3,35.3900032043457
965,3.85,8,35.42549014091492
966,3.6999999999999997,9,35.4701087474823
967,4.3,5,35.50098252296448
968,-1.75,15,35.55146527290344
969,4.6000000000000005,3,35.57656455039978
970,4.0,7,35.61108326911926
971,4.6000000000000005,3,35.64094352722168
972,3.25,12,35.82001352310181
973,3.1,13,35.86364269256592
974,-3.0,1,35.88476347923279
975,4.449999999999999,4,35.91945791244507
976,-3.55,12,35.9616162776947
977,-1.75,15,36.0173180103302
978,-1.75,15,36.06167483329773
979,4.6000000000000005,3,36.08877897262573
980,4.449999999999999,4,36.12287354469299
981,4.15,6,36.16590619087219
982,-1.75,15,36.21246671676636
983,4.9,1,36.240103006362915
984,-1.75,15,36.285735845565796
985,4.449999999999999,4,36.313721656799316
986,4.6000000000000005,3,36.344151735305786
987,4.75,2,36.3722403049469
988,-3.3,7,36.40818476676941
989,-3.4,9,36.44820857048035
990,-1.75,15,36.490549087524414
991,4.6000000000000005,3,36.51757097244263
992,4.15,6,36.547539710998535
993,3.6999999999999997,9,36.58060002326965
994,3.4,11,36.617944955825806
995,3.4,11,36.65426826477051
996,4.6000000000000005,3,36.683018922805786
997,4.449999999999999,4,36.71111464500427
998,4.6000000000000005,3,36.73496222496033
999,3.4,11,36.77047300338745
1000,4.15,6,36.797046184539795
1001,4.0,7,36.8275203704834
1002,-1.75,15,36.869771003723145
1003,3.55,10,36.910603523254395
1004,4.6000000000000005,3,36.93757247924805
1005,4.0,7,37.133087158203125
1006,-3.05,2,37.15849733352661
1007,4.449999999999999,4,37.18777918815613
1008,4.75,2,37.21506881713867
1009,-1.75,15,37.257086515426636
1010,-3.25,6,37.287769079208374
1011,4.0,7,37.323426485061646
1012,-3.0,1,37.34616541862488
1013,-3.3,7,37.37928867340088
1014,4.449999999999999,4,37.408565282821655
1015,4.15,6,37.44325375556946
1016,3.85,8,37.48098564147949
1017,2.9499999999999997,14,37.52741074562073
1018,-3.3,7,37.55976748466492
1019,4.0,7,37.5965633392334
1020,4.3,5,37.632585763931274
1021,4.6000000000000005,3,37.657305002212524
1022,4.449999999999999,4,37.6888530254364
1023,4.75,2,37.71654677391052
1024,4.6000000000000005,3,37.741395711898804
1025,4.6000000000000005,3,37.77186822891235
1026,4.6000000000000005,3,37.800832986831665
1027,4.449999999999999,4,37.831491470336914
1028,3.55,10,37.87266802787781
1029,3.85,8,37.9136016368866
1030,3.55,10,37.948681592941284
1031,-3.4,9,37.99286365509033
1032,-3.45,10,38.03323531150818
1033,-3.2,5,38.065080642700195
1034,4.449999999999999,4,38.09395456314087
1035,4.3,5,38.12852883338928
1036,-3.5,11,38.173118352890015
1037,4.449999999999999,4,38.20757746696472
1038,4.3,5,38.23985290527344
1039,4.3,5,38.272361278533936
1040,4.6000000000000005,3,38.304444551467896
1041,4.15,6,38.34130239486694
1042,4.15,6,38.37619352340698
1043,-1.75,15,38.42158508300781
1044,3.25,12,38.46313428878784
1045,3.25,12,38.65979599952698
1046,-3.5,11,38.70142865180969
1047,-1.75,15,38.745145082473755
1048,3.1,13,38.78776955604553
1049,4.9,1,38.81460213661194
1050,4.9,1,38.840529918670654
1051,4.15,6,38.87001323699951
1052,-3.7,15,38.91201734542847
1053,4.75,2,38.943387508392334
1054,-1.75,15,39.00167894363403
1055,3.55,10,39.040123462677
1056,4.449999999999999,4,39.071353912353516
1057,3.4,11,39.12033128738403
1058,4.9,1,39.14704084396362
1059,4.449999999999999,4,39.17584490776062
1060,4.3,5,39.204888582229614
1061,4.3,5,39.23647451400757
1062,4.6000000000000005,3,39.26969051361084
1063,-1.75,15,39.317506313323975
1064,3.6999999999999997,9,39.35828614234924
1065,3.6999999999999997,9,39.39500164985657
1066,-3.2,5,39.42275023460388
1067,4.449999999999999,4,39.452871799468994
1068,4.0,7,39.48444199562073
1069,4.449999999999999,4,39.51492404937744
1070,4.75,2,39.5405912399292
1071,3.85,8,39.57566213607788
1072,3.25,12,39.61482048034668
1073,-3.45,10,39.649317264556885
1074,3.6999999999999997,9,39.69007396697998
1075,3.25,12,39.73242425918579
1076,4.3,5,39.76353669166565
1077,3.1,13,39.79977631568909
1078,-1.75,15,39.985233783721924
1079,4.449999999999999,4,40.01605153083801
1080,-3.6,13,40.054239988327026
1081,4.6000000000000005,3,40.08205509185791
1082,4.15,6,40.117716550827026
1083,3.6999999999999997,9,40.16140866279602
1084,4.0,7,40.20186710357666
1085,4.449999999999999,4,40.23716187477112
1086,4.0,7,40.27224111557007
1087,-1.75,15,40.32088541984558
1088,4.15,6,40.35412859916687
1089,4.449999999999999,4,40.38220977783203
1090,4.3,5,40.406055212020874
1091,4.75,2,40.435956954956055
1092,3.55,10,40.47764253616333
1093,4.0,7,40.511046409606934
1094,3.4,11,40.54957365989685
1095,4.6000000000000005,3,40.57732081413269
1096,4.449999999999999,4,40.60391449928284
1097,4.9,1,40.6268093585968
1098,3.85,8,40.66230607032776
1099,3.6999999999999997,9,40.7020628452301
1100,3.4,11,40.73814535140991
1101,4.3,5,40.76466202735901
1102,-1.75,15,40.8156852722168
1103,4.6000000000000005,3,40.84931707382202
1104,3.6999999999999997,9,40.884761810302734
1105,4.3,5,40.91433644294739
1106,3.85,8,40.94769859313965
1107,-1.75,15,40.9962944984436
1108,4.3,5,41.02371621131897
1109,4.75,2,41.05220055580139
1110,4.6000000000000005,3,41.078943490982056
1111,-3.15,4,41.10422611236572
1112,4.449999999999999,4,41.132142543792725
1113,4.3,5,41.16496753692627
1114,4.15,6,41.19687485694885
1115,-1.75,15,41.388752698898315
1116,4.15,6,41.42356634140015
1117,4.0,7,41.46281576156616
1118,4.3,5,41.50193977355957
1119,3.85,8,41.54390811920166
1120,4.75,2,41.57445955276489
1121,4.75,2,41.59860420227051
1122,-3.4,9,41.635791063308716
1123,4.3,5,41.66853594779968
1124,4.449999999999999,4,41.701608657836914
1125,3.55,10,41.74428844451904
1126,4.0,7,41.780741691589355
1127,-3.2,5,41.81130599975586
1128,4.0,7,41.84151315689087
1129,-3.4,9,41.8732750415802
1130,4.3,5,41.90181088447571
1131,3.85,8,41.93909811973572
1132,3.85,8,41.97712016105652
1133,4.75,2,42.00213599205017
1134,4.0,7,42.03235840797424
1135,4.3,5,42.064257860183716
1136,4.15,6,42.096888065338135
1137,4.449999999999999,4,42.12552809715271
1138,-3.4,9,42.16228723526001
1139,3.4,11,42.20199203491211
1140,-3.6,13,42.24927806854248
1141,3.6999999999999997,9,42.28308892250061
1142,4.449999999999999,4,42.31364345550537
1143,-1.75,15,42.37045478820801
1144,-3.6,13,42.42517352104187
1145,3.25,12,42.47743082046509
1146,4.15,6,42.524877309799194
1147,-3.2,5,42.561689138412476
1148,4.3,5,42.590954542160034
1149,4.449999999999999,4,42.62501764297485
1150,4.0,7,42.66165781021118
1151,-3.6,13,42.835601568222046
1152,4.15,6,42.86526799201965
1153,4.449999999999999,4,42.89330720901489
1154,-1.75,15,42.93394160270691
1155,4.75,2,42.959152698516846
1156,-3.15,4,42.98492980003357
1157,4.6000000000000005,3,43.01167678833008
1158,3.55,10,43.049935817718506
1159,4.75,2,43.071961402893066
1160,-1.75,15,43.11716675758362
1161,4.6000000000000005,3,43.14627408981323
1162,4.6000000000000005,3,43.171828508377075
1163,4.3,5,43.200921297073364
1164,4.449999999999999,4,43.22986721992493
1165,-1.75,15,43.27042865753174
1166,4.75,2,43.2957603931427
1167,-3.65,14,43.33787131309509
1168,4.3,5,43.3682119846344
1169,-1.75,15,43.41110348701477
1170,4.6000000000000005,3,43.43819284439087
1171,4.449999999999999,4,43.47027397155762
1172,4.3,5,43.500739097595215
1173,4.3,5,43.529972076416016
1174,3.85,8,43.56582951545715
1175,4.75,2,43.59695267677307
1176,4.0,7,43.630032539367676
1177,4.15,6,43.65868878364563
1178,4.15,6,43.69477152824402
1179,-3.25,6,43.72733283042908
1180,3.85,8,43.76296377182007
1181,3.55,10,43.80369520187378
1182,-1.75,15,43.850419998168945
1183,4.449999999999999,4,43.88164830207825
1184,4.449999999999999,4,43.912821769714355
1185,-3.45,10,43.95036482810974
1186,4.15,6,43.97968077659607
1187,4.15,6,44.012025594711304
1188,3.25,12,44.20490026473999
1189,4.6000000000000005,3,44.23485350608826
1190,4.15,6,44.267136335372925
1191,4.15,6,44.29730796813965
1192,4.15,6,44.3274040222168
1193,4.15,6,44.358680725097656
1194,-1.75,15,44.40326523780823
1195,-3.25,6,44.44068884849548
1196,4.3,5,44.4733681678772
1197,3.55,10,44.51311135292053
1198,4.15,6,44.546475648880005
1199,4.15,6,44.57968235015869
1200,4.15,6,44.607229232788086
1201,-1.75,15,44.64957809448242
1202,4.449999999999999,4,44.67582988739014
1203,-1.75,15,44.732497692108154
1204,4.6000000000000005,3,44.7584228515625
1205,3.4,11,44.79370594024658
1206,4.6000000000000005,3,44.819997787475586
1207,4.3,5,44.84733557701111
1208,3.4,11,44.895819902420044
1209,-3.2,5,44.931735038757324
1210,4.6000000000000005,3,44.96114730834961
1211,3.4,11,44.999579191207886
1212,4.75,2,45.02454900741577
1213,4.449999999999999,4,45.055771350860596
1214,4.6000000000000005,3,45.081767320632935
1215,4.3,5,45.112640380859375
1216,-3.5,11,45.15449142456055
1217,4.449999999999999,4,45.18607425689697
1218,3.55,10,45.23242926597595
1219,-1.75,15,45.278164863586426
1220,4.6000000000000005,3,45.30374717712402
1221,4.3,5,45.340128660202026
1222,4.0,7,45.38028836250305
1223,-3.05,2,45.41015410423279
1224,4.6000000000000005,3,45.443121671676636
1225,3.55,10,45.483516454696655
1226,4.0,7,45.674060583114624
1227,3.85,8,45.71037459373474
1228,-3.5,11,45.747658491134644
1229,4.9,1,45.76930117607117
1230,4.6000000000000005,3,45.79591417312622
1231,3.4,11,45.831297397613525
1232,3.85,8,45.86365222930908
1233,4.15,6,45.89371705055237
1234,4.6000000000000005,3,45.91906380653381
1235,4.75,2,45.94251036643982
1236,4.449999999999999,4,45.96842169761658
1237,4.15,6,45.996854305267334
1238,4.9,1,46.019466161727905
1239,3.85,8,46.05007314682007
1240,4.15,6,46.083356857299805
1241,3.55,10,46.120731592178345
1242,4.75,2,46.14460468292236
1243,4.0,7,46.17662572860718
1244,4.75,2,46.19862914085388
1245,4.0,7,46.23073625564575
1246,4.3,5,46.26064896583557
1247,4.15,6,46.289488554000854
1248,3.85,8,46.32366347312927
1249,4.75,2,46.34918999671936
1250,-3.35,8,46.38184857368469
1251,4.449999999999999,4,46.40944862365723
1252,3.1,13,46.45303916931152
1253,-1.75,15,46.50010132789612
1254,4.3,5,46.52585792541504
1255,4.75,2,46.55385613441467
1256,4.449999999999999,4,46.58382320404053
1257,-1.75,15,46.62948226928711
1258,4.6000000000000005,3,46.65252113342285
1259,4.449999999999999,4,46.67943239212036
1260,-3.7,15,46.720818758010864
1261,-3.5,11,46.76357984542847
1262,3.55,10,46.797170639038086
1263,4.6000000000000005,3,46.82685160636902
1264,4.75,2,46.850263357162476
1265,3.4,11,47.059123039245605
1266,-1.75,15,47.104246377944946
1267,-1.75,15,47.148977518081665
1268,4.75,2,47.177380084991455
1269,4.15,6,47.21592974662781
1270,3.85,8,47.260249853134155
1271,4.75,2,47.30041241645813
1272,-1.75,15,47.36204814910889
1273,4.6000000000000005,3,47.38993263244629
1274,4.75,2,47.42227220535278
1275,3.85,8,47.464529037475586
1276,3.6999999999999997,9,47.507407903671265
1277,4.3,5,47.53765678405762
1278,4.0,7,47.57385849952698
1279,3.6999999999999997,9,47.60983848571777
1280,-1.75,15,47.652830362319946
1281,-1.75,15,47.69524669647217
1282,-3.05,2,47.71765947341919
1283,4.3,5,47.74674844741821
1284,4.449999999999999,4,47.773043394088745
1285,4.75,2,47.79668736457825
1286,4.0,7,47.82725930213928
1287,-3.45,10,47.86607313156128
1288,4.75,2,47.893266677856445
1289,4.3,5,47.92353534698486
1290,3.85,8,47.956517696380615
1291,3.6999999999999997,9,47.99273467063904
1292,3.6999999999999997,9,48.02610492706299
1293,4.6000000000000005,3,48.053462266922
1294,4.0,7,48.083144664764404
1295,-1.75,15,48.12518119812012
1296,4.0,7,48.16018033027649
1297,4.3,5,48.18743419647217
1298,4.449999999999999,4,48.21621131896973
1299,4.6000000000000005,3,48.241318225860596
1300,3.6999999999999997,9,48.275492906570435
1301,4.15,6,48.479511976242065
1302,4.15,6,48.51569628715515
1303,3.4,11,48.56469392776489
1304,4.3,5,48.59575271606445
1305,3.55,10,48.63509941101074
1306,4.449999999999999,4,48.66915702819824
1307,-3.2,5,48.70352554321289
1308,4.75,2,48.7329957485199
1309,4.6000000000000005,3,48.7607147693634
1310,4.75,2,48.782020568847656
1311,4.75,2,48.80847191810608
1312,4.15,6,48.83990001678467
1313,4.15,6,48.87371230125427
1314,4.6000000000000005,3,48.899080753326416
1315,3.55,10,48.93936896324158
1316,4.449999999999999,4,48.96635818481445
1317,4.6000000000000005,3,48.99234175682068
1318,-3.45,10,49.02858805656433
1319,4.0,7,49.058178424835205
1320,4.6000000000000005,3,49.084019899368286
1321,4.15,6,49.115654945373535
1322,4.15,6,49.15219783782959
1323,-1.75,15,49.19837307929993
1324,-1.75,15,49.24298429489136
1325,4.0,7,49.27538871765137
1326,4.6000000000000005,3,49.30034160614014
1327,3.6999999999999997,9,49.33545899391174
1328,3.85,8,49.36875367164612
1329,3.55,10,49.415693521499634
1330,3.4,11,49.45921874046326
1331,4.3,5,49.48815727233887
1332,3.85,8,49.52602744102478
1333,4.449999999999999,4,49.55220317840576
1334,4.15,6,49.585856199264526
1335,-1.75,15,49.636879682540894
1336,-3.35,8,49.67344427108765
1337,3.6999999999999997,9,49.711374282836914
1338,4.15,6,49.73881220817566
1339,4.0,7,49.92071342468262
1340,4.75,2,49.945953130722046
1341,-1.75,15,49.98819327354431
1342,3.85,8,50.030033111572266
1343,4.75,2,50.05915975570679
1344,4.3,5,50.09148287773132
1345,-3.0,1,50.114792823791504
1346,-3.4,9,50.15311789512634
1347,4.15,6,50.18415880203247
1348,4.6000000000000005,3,50.20908570289612
1349,4.449999999999999,4,50.23754525184631
1350,4.3,5,50.268633127212524
1351,4.6000000000000005,3,50.29571604728699
1352,4.6000000000000005,3,50.32354998588562
1353,4.15,6,50.359649896621704
1354,4.6000000000000005,3,50.38554120063782
1355,4.15,6,50.423460245132446
1356,4.3,5,50.45403814315796
1357,4.449999999999999,4,50.4858193397522
1358,4.6000000000000005,3,50.513784408569336
1359,-1.75,15,50.55280542373657
1360,4.3,5,50.584277629852295
1361,4.0,7,50.614609718322754
1362,4.449999999999999,4,50.64467215538025
1363,4.75,2,50.67088603973389
1364,4.6000000000000005,3,50.69606924057007
1365,3.6999999999999997,9,50.7330219745636
1366,3.55,10,50.76682496070862
1367,4.6000000000000005,3,50.792521476745605
1368,3.6999999999999997,9,50.82698106765747
1369,4.3,5,50.85746216773987
1370,4.15,6,50.88806867599487
1371,4.15,6,50.919835805892944
1372,4.15,6,50.949687480926514
1373,3.6999999999999997,9,50.98809003829956
1374,4.3,5,51.02256417274475
1375,4.6000000000000005,3,51.05111479759216
1376,4.0,7,51.08480501174927
1377,4.15,6,51.11696147918701
1378,3.55,10,51.15354824066162
1379,4.3,5,51.18580770492554
1380,4.6000000000000005,3,51.216601610183716
1381,4.0,7,51.25030565261841
1382,4.9,1,51.275325536727905
1383,4.75,2,51.30004000663757
1384,4.3,5,51.328404903411865
1385,-3.5,11,51.51747369766235
1386,3.6999999999999997,9,51.55553340911865
1387,3.85,8,51.59169030189514
1388,4.6000000000000005,3,51.62004613876343
1389,3.85,8,51.65585517883301
1390,4.75,2,51.682353258132935
1391,3.4,11,51.72362494468689
1392,-1.75,15,51.77351117134094
1393,4.449999999999999,4,51.80587434768677
1394,4.3,5,51.843515396118164
1395,4.75,2,51.867220640182495
1396,4.15,6,51.9038610458374
1397,4.6000000000000005,3,51.9374680519104
1398,4.75,2,51.97954535484314
1399,4.3,5,52.021217346191406
1400,4.75,2,52.058603286743164
1401,4.15,6,52.10327363014221
1402,4.449999999999999,4,52.142263412475586
1403,4.6000000000000005,3,52.17206430435181
1404,4.449999999999999,4,52.20326805114746
1405,4.15,6,52.243181228637695
1406,4.75,2,52.2674822807312
1407,4.75,2,52.29509496688843
1408,-3.5,11,52.33644485473633
1409,4.0,7,52.37113046646118
1410,3.55,10,52.41438150405884
1411,-1.75,15,52.462419509887695
1412,-1.75,15,52.507277727127075
1413,4.3,5,52.53647494316101
1414,4.449999999999999,4,52.56962323188782
1415,4.0,7,52.60273766517639
1416,4.0,7,52.63826942443848
1417,-1.75,15,52.69671320915222
1418,4.9,1,52.728660583496094
1419,4.15,6,52.75858449935913
1420,4.9,1,52.783716678619385
1421,4.449999999999999,4,52.81149625778198
1422,4.75,2,52.83623194694519
1423,4.3,5,52.867271184921265
1424,4.75,2,52.892152309417725
1425,4.15,6,52.91962695121765
1426,4.6000000000000005,3,52.94789981842041
1427,4.449999999999999,4,52.97509741783142
1428,4.6000000000000005,3,53.00183176994324
1429,3.6999999999999997,9,53.1865074634552
1430,4.449999999999999,4,53.21572709083557
1431,-3.4,9,53.255027294158936
1432,4.0,7,53.287896156311035
1433,4.3,5,53.31862020492554
1434,3.6999999999999997,9,53.35932278633118
1435,3.55,10,53.396036863327026
1436,4.449999999999999,4,53.42410206794739
1437,4.15,6,53.45398998260498
1438,3.55,10,53.492151975631714
1439,-3.65,14,53.53647589683533
1440,3.85,8,53.570966720581055
1441,4.0,7,53.60329794883728
1442,3.25,12,53.645867586135864
1443,3.6999999999999997,9,53.680275440216064
1444,4.75,2,53.70521283149719
1445,4.3,5,53.73397397994995
1446,4.3,5,53.76275682449341
1447,4.75,2,53.7875497341156
1448,-3.55,12,53.828835010528564
1449,4.449999999999999,4,53.85488414764404
1450,4.6000000000000005,3,53.88439106941223
1451,3.6999999999999997,9,53.91913461685181
1452,4.6000000000000005,3,53.95189094543457
1453,-3.25,6,53.981531858444214
1454,3.85,8,54.01513051986694
1455,3.6999999999999997,9,54.05161094665527
1456,4.15,6,54.0866162776947
1457,4.6000000000000005,3,54.119362592697144
1458,3.25,12,54.16247296333313
1459,3.85,8,54.19515895843506
1460,4.3,5,54.22169876098633
1461,3.85,8,54.25757884979248
1462,4.6000000000000005,3,54.28490376472473
1463,-1.75,15,54.332544803619385
1464,-3.3,7,54.36571145057678
1465,4.15,6,54.55992794036865
1466,3.4,11,54.597687005996704
1467,4.6000000000000005,3,54.62263464927673
1468,4.6000000000000005,3,54.652522802352905
1469,4.3,5,54.68138599395752
1470,4.449999999999999,4,54.7115638256073
1471,3.6999999999999997,9,54.747718811035156
1472,4.15,6,54.776488065719604
1473,3.6999999999999997,9,54.81704068183899
1474,3.6999999999999997,9,54.85806345939636
1475,4.3,5,54.88788723945618
1476,4.449999999999999,4,54.91770911216736
1477,4.449999999999999,4,54.94648504257202
1478,4.6000000000000005,3,54.97200322151184
1479,4.6000000000000005,3,54.99976468086243
1480,4.0,7,55.035948276519775
1481,4.449999999999999,4,55.066707611083984
1482,-3.35,8,55.1031391620636
1483,4.75,2,55.13061761856079
1484,3.85,8,55.17376756668091
1485,3.55,10,55.22028636932373
1486,-1.75,15,55.27046823501587
1487,3.6999999999999997,9,55.314228534698486
1488,4.449999999999999,4,55.350191831588745
1489,3.25,12,55.39166975021362
1490,4.3,5,55.4240517616272
1491,3.6999999999999997,9,55.46149206161499
1492,4.15,6,55.49144768714905
1493,4.0,7,55.523842334747314
1494,-1.75,15,55.56548500061035
1495,-3.35,8,55.598676443099976
1496,3.4,11,55.63776874542236
1497,4.449999999999999,4,55.667884826660156
1498,3.25,12,55.712430477142334
1499,4.75,2,55.74368715286255
1500,4.15,6,55.77959132194519
1501,4.449999999999999,4,55.80705642700195
1502,4.15,6,55.98255181312561
1503,4.6000000000000005,3,56.014169454574585
1504,4.449999999999999,4,56.04616117477417
1505,3.55,10,56.08628988265991
1506,4.449999999999999,4,56.119765520095825
1507,4.15,6,56.15326452255249
1508,4.75,2,56.17845439910889
1509,4.449999999999999,4,56.20227408409119
1510,4.9,1,56.22899580001831
1511,4.449999999999999,4,56.268906593322754
1512,-1.75,15,56.31789708137512
1513,4.75,2,56.34917974472046
1514,4.9,1,56.37413763999939
1515,4.75,2,56.40034604072571
1516,-3.25,6,56.432525873184204
1517,4.15,6,56.46789574623108
1518,3.6999999999999997,9,56.51071381568909
1519,4.6000000000000005,3,56.541167974472046
1520,3.6999999999999997,9,56.58057498931885
1521,4.6000000000000005,3,56.612346172332764
1522,4.3,5,56.64776825904846
1523,4.6000000000000005,3,56.67676115036011
1524,-1.75,15,56.73064208030701
1525,4.6000000000000005,3,56.76376223564148
1526,4.3,5,56.800419330596924
1527,4.449999999999999,4,56.83803749084473
1528,4.6000000000000005,3,56.86955380439758
1529,-1.75,15,56.917123794555664
1530,4.3,5,56.94892740249634
1531,4.3,5,56.98248648643494
1532,4.449999999999999,4,57.01194882392883
1533,3.85,8,57.04486656188965
1534,4.0,7,57.07832217216492
1535,4.0,7,57.11504149436951
1536,4.75,2,57.14191269874573
1537,3.6999999999999997,9,57.17579388618469
1538,4.6000000000000005,3,57.20090436935425
1539,4.9,1,57.224279165267944
1540,3.25,12,57.262381076812744
1541,4.15,6,57.29068374633789
1542,4.6000000000000005,3,57.32285761833191
1543,-1.75,15,57.379700899124146
1544,4.6000000000000005,3,57.41359782218933
1545,4.449999999999999,4,57.44444179534912
1546,4.6000000000000005,3,57.47018599510193
1547,4.6000000000000005,3,57.49629235267639
1548,4.0,7,57.53150200843811
1549,4.75,2,57.69957685470581
1550,4.15,6,57.73027276992798
1551,4.3,5,57.75936412811279
1552,4.15,6,57.79018712043762
1553,4.449999999999999,4,57.816596031188965
1554,4.15,6,57.848817348480225
1555,4.6000000000000005,3,57.87529277801514
1556,4.6000000000000005,3,57.89744472503662
1557,3.25,12,57.94049382209778
1558,4.6000000000000005,3,57.96784591674805
1559,4.15,6,57.998473167419434
1560,3.6999999999999997,9,58.03799223899841
1561,-1.75,15,58.08475422859192
1562,4.6000000000000005,3,58.11177086830139
1563,3.6999999999999997,9,58.150224924087524
1564,4.3,5,58.182682037353516
1565,3.85,8,58.219573974609375
1566,3.85,8,58.26133060455322
1567,4.15,6,58.29488182067871
1568,3.85,8,58.32630395889282
1569,3.4,11,58.36463284492493
1570,4.9,1,58.385393142700195
1571,-1.75,15,58.42764949798584
1572,4.3,5,58.45463538169861
1573,4.449999999999999,4,58.48328924179077
1574,3.85,8,58.526002645492554
1575,-1.75,15,58.57311129570007
1576,4.449999999999999,4,58.61044383049011
1577,4.15,6,58.65004920959473
1578,4.15,6,58.68331837654114
1579,4.0,7,58.7170045375824
1580,4.75,2,58.741310358047485
1581,4.449999999999999,4,58.77000093460083
1582,4.75,2,58.79715919494629
1583,-1.75,15,58.83761143684387
1584,3.1,13,58.87995409965515
1585,4.75,2,58.90704107284546
1586,-1.75,15,59.11052989959717
1587,4.15,6,59.14471077919006
1588,4.0,7,59.177502393722534
1589,3.6999999999999997,9,59.22143006324768
1590,4.75,2,59.246976137161255
1591,4.3,5,59.27908205986023
1592,4.6000000000000005,3,59.30159640312195
1593,4.15,6,59.338839054107666
1594,3.6999999999999997,9,59.374337673187256
1595,4.3,5,59.40539884567261
1596,4.15,6,59.440037965774536
1597,3.25,12,59.481868743896484
1598,-3.5,11,59.51904320716858
1599,4.6000000000000005,3,59.55061721801758
1600,4.3,5,59.5884895324707
1601,4.75,2,59.62044286727905
1602,-3.6,13,59.66436958312988
1603,4.15,6,59.69392466545105
1604,-1.75,15,59.73694157600403
1605,4.6000000000000005,3,59.76977825164795
1606,3.55,10,59.80597996711731
1607,4.3,5,59.835341691970825
1608,-3.45,10,59.87441873550415
1609,4.15,6,59.90810251235962
1610,4.75,2,59.94332528114319
1611,4.15,6,59.975478172302246
1612,3.55,10,60.00901126861572
1613,4.449999999999999,4,60.04286289215088
1614,3.25,12,60.08208775520325
1615,4.75,2,60.110151529312134
1616,-1.75,15,60.152262449264526
1617,3.6999999999999997,9,60.184279918670654
1618,3.85,8,60.21813750267029
1619,4.6000000000000005,3,60.24283313751221
1620,4.3,5,60.27345013618469
1621,4.15,6,60.301796674728394
1622,4.6000000000000005,3,60.3285014629364
1623,4.3,5,60.35667133331299
1624,4.449999999999999,4,60.537941694259644
1625,4.0,7,60.566874504089355
1626,4.75,2,60.593665599823
1627,-3.55,12,60.6300528049469
1628,4.6000000000000005,3,60.65531921386719
1629,4.6000000000000005,3,60.686267614364624
1630,4.3,5,60.72349214553833
1631,4.3,5,60.75282049179077
1632,4.0,7,60.779903411865234
1633,3.55,10,60.814130544662476
1634,4.15,6,60.843448877334595
1635,4.0,7,60.8771231174469
1636,-1.75,15,60.92279410362244
1637,3.55,10,60.965718269348145
1638,4.449999999999999,4,60.993319272994995
1639,-1.75,15,61.04249382019043
1640,4.449999999999999,4,61.07387638092041
1641,3.4,11,61.11257791519165
1642,4.9,1,61.137348890304565
1643,3.6999999999999997,9,61.17549395561218
1644,4.449999999999999,4,61.2042601108551
1645,4.449999999999999,4,61.23487043380737
1646,4.6000000000000005,3,61.2633330821991
1647,3.85,8,61.30076289176941
1648,4.0,7,61.33406352996826
1649,3.55,10,61.37564492225647
1650,4.75,2,61.399818658828735
1651,4.75,2,61.42408633232117
1652,4.449999999999999,4,61.45453453063965
1653,3.4,11,61.50197744369507
1654,4.6000000000000005,3,61.535171031951904
1655,4.3,5,61.571736097335815
1656,4.3,5,61.60919713973999
1657,3.25,12,61.64721202850342
1658,-1.75,15,61.69269609451294
1659,4.449999999999999,4,61.724682092666626
1660,4.3,5,61.75248718261719
1661,4.449999999999999,4,61.78243803977966
1662,3.85,8,61.82088303565979
1663,4.6000000000000005,3,62.02926516532898
1664,4.449999999999999,4,62.05621838569641
1665,3.4,11,62.09502029418945
1666,4.75,2,62.1217315196991
1667,4.9,1,62.14731550216675
1668,3.85,8,62.18070363998413
1669,-1.75,15,62.221242904663086
1670,4.6000000000000005,3,62.24881052970886
1671,-1.75,15,62.292561054229736
1672,4.6000000000000005,3,62.3168683052063
1673,4.15,6,62.34758186340332
1674,4.75,2,62.37361216545105
1675,4.3,5,62.400795459747314
1676,4.6000000000000005,3,62.4278244972229
1677,4.0,7,62.4602837562561
1678,4.449999999999999,4,62.49267387390137
1679,3.4,11,62.533581495285034
1680,4.449999999999999,4,62.566293239593506
1681,4.6000000000000005,3,62.596476793289185
1682,-1.75,15,62.64747977256775
1683,3.85,8,62.68537211418152
1684,4.9,1,62.71663188934326
1685,4.75,2,62.74136233329773
1686,4.15,6,62.7709059715271
1687,4.449999999999999,4,62.79877781867981
1688,4.3,5,62.82801127433777
1689,4.6000000000000005,3,62.856337785720825
1690,-1.75,15,62.901188373565674
1691,3.6999999999999997,9,62.946354389190674
1692,4.6000000000000005,3,62.97326421737671
1693,4.3,5,63.0088791847229
1694,4.75,2,63.03948736190796
1695,4.449999999999999,4,63.06759023666382
1696,3.85,8,63.10471796989441
1697,4.6000000000000005,3,63.13190722465515
1698,4.75,2,63.158976554870605
1699,4.6000000000000005,3,63.19489288330078
1700,3.6999999999999997,9,63.22904014587402
1701,4.75,2,63.251673460006714
1702,4.449999999999999,4,63.28306341171265
1703,4.9,1,63.309894323349
1704,3.55,10,63.3443443775177
1705,4.0,7,63.382073640823364
1706,4.15,6,63.419638872146606
1707,3.25,12,63.610636949539185
1708,4.75,2,63.63502097129822
1709,4.75,2,63.66398811340332
1710,4.15,6,63.69710111618042
1711,4.0,7,63.73107600212097
1712,4.6000000000000005,3,63.75619292259216
1713,4.75,2,63.77951502799988
1714,4.449999999999999,4,63.80431342124939
1715,4.15,6,63.837764263153076
1716,4.6000000000000005,3,63.86793041229248
1717,4.3,5,63.901268005371094
1718,3.4,11,63.93964242935181
1719,3.25,12,63.978641986846924
1720,4.3,5,64.0060224533081
1721,4.449999999999999,4,64.03472518920898
1722,4.3,5,64.06747245788574
1723,-3.55,12,64.1115083694458
1724,4.3,5,64.1431667804718
1725,4.15,6,64.17645502090454
1726,2.9499999999999997,14,64.22114610671997
1727,-3.1,3,64.2486035823822
1728,-1.75,15,64.29141902923584
1729,4.15,6,64.32586741447449
1730,4.449999999999999,4,64.36089634895325
1731,4.3,5,64.39411640167236
1732,4.6000000000000005,3,64.42150950431824
1733,4.0,7,64.45699691772461
1734,4.15,6,64.48953437805176
1735,4.0,7,64.52094841003418
1736,4.15,6,64.5517258644104
1737,3.55,10,64.59560704231262
1738,3.6999999999999997,9,64.63142776489258
1739,4.449999999999999,4,64.66389608383179
1740,4.449999999999999,4,64.6891417503357
1741,4.0,7,64.72094178199768
1742,3.6999999999999997,9,64.75633358955383
1743,4.449999999999999,4,64.78526329994202
1744,4.449999999999999,4,64.81280207633972
1745,4.15,6,64.84273600578308
1746,4.6000000000000005,3,64.86845850944519
1747,4.15,6,64.89979434013367
1748,4.75,2,64.9238691329956
1749,4.0,7,64.95556163787842
1750,4.3,5,65.14228391647339
1751,3.85,8,65.18214511871338
1752,3.6999999999999997,9,65.2216067314148
1753,3.55,10,65.27034068107605
1754,4.75,2,65.29459834098816
1755,3.55,10,65.32815504074097
1756,3.55,10,65.36690068244934
1757,4.75,2,65.39238142967224
1758,4.3,5,65.42288327217102
1759,4.0,7,65.45838594436646
1760,4.3,5,65.49149417877197
1761,3.4,11,65.53503274917603
1762,4.6000000000000005,3,65.5636694431305
1763,4.6000000000000005,3,65.58803534507751
1764,4.0,7,65.61974740028381
1765,4.3,5,65.64951133728027
1766,4.75,2,65.67481327056885
1767,4.75,2,65.69747114181519
1768,-3.7,15,65.74853157997131
1769,3.25,12,65.79317903518677
1770,3.1,13,65.8348388671875
1771,4.15,6,65.86575484275818
1772,4.449999999999999,4,65.89866709709167
1773,4.75,2,65.92537832260132
1774,4.15,6,65.95343923568726
1775,4.15,6,65.98221397399902
1776,4.449999999999999,4,66.01581048965454
1777,4.0,7,66.04828715324402
1778,4.3,5,66.0823245048523
1779,4.6000000000000005,3,66.11072134971619
1780,4.449999999999999,4,66.1467866897583
1781,3.55,10,66.19243550300598
1782,3.25,12,66.23891019821167
1783,4.15,6,66.2809202671051
1784,3.6999999999999997,9,66.3247423171997
1785,4.449999999999999,4,66.36251187324524
1786,3.55,10,66.40872979164124
1787,3.25,12,66.45141744613647
1788,-1.75,15,66.64201259613037
1789,-1.75,15,66.68304634094238
1790,4.449999999999999,4,66.71146869659424
1791,4.3,5,66.7459762096405
1792,4.15,6,66.77797770500183
1793,4.15,6,66.8079047203064
1794,4.0,7,66.84318041801453
1795,4.6000000000000005,3,66.87498188018799
1796,4.15,6,66.90341448783875
1797,3.6999999999999997,9,66.94127702713013
1798,4.6000000000000005,3,66.96877193450928
1799,4.6000000000000005,3,66.99741816520691
1800,3.25,12,67.04925012588501
1801,3.55,10,67.08656787872314
1802,4.6000000000000005,3,67.1145567893982
1803,-1.75,15,67.16335463523865
1804,3.4,11,67.21503210067749
1805,4.449999999999999,4,67.24031782150269
1806,4.75,2,67.26649475097656
1807,4.15,6,67.30573987960815
1808,4.75,2,67.3305299282074
1809,4.449999999999999,4,67.35842442512512
1810,-3.45,10,67.39430284500122
1811,4.15,6,67.42631506919861
1812,-3.05,2,67.45257353782654
1813,4.3,5,67.48886322975159
1814,4.15,6,67.52854514122009
1815,4.449999999999999,4,67.55860710144043
1816,4.449999999999999,4,67.58523297309875
1817,3.85,8,67.62470984458923
1818,-1.75,15,67.66740870475769
1819,4.449999999999999,4,67.69696140289307
1820,3.55,10,67.74055457115173
1821,4.449999999999999,4,67.76893639564514
1822,4.0,7,67.80473518371582
1823,4.6000000000000005,3,67.82889819145203
1824,3.6999999999999997,9,67.86513757705688
1825,3.85,8,67.89826202392578
1826,3.4,11,68.0824122428894
1827,4.449999999999999,4,68.11196875572205
1828,4.6000000000000005,3,68.13898968696594
1829,4.3,5,68.16934299468994
1830,4.15,6,68.20639109611511
1831,3.55,10,68.25115299224854
1832,4.15,6,68.29061484336853
1833,4.75,2,68.32114171981812
1834,4.0,7,68.35330581665039
1835,-3.0,1,68.37583422660828
1836,4.75,2,68.40136408805847
1837,4.449999999999999,4,68.4296715259552
1838,4.9,1,68.46084308624268
1839,3.85,8,68.49890732765198
1840,4.75,2,68.52858710289001
1841,3.4,11,68.56675219535828
1842,4.75,2,68.59454321861267
1843,3.6999999999999997,9,68.64102411270142
1844,4.6000000000000005,3,68.67656183242798
1845,4.6000000000000005,3,68.70632123947144
1846,-1.75,15,68.75649070739746
1847,4.3,5,68.78565573692322
1848,4.449999999999999,4,68.81651020050049
1849,4.75,2,68.84737253189087
1850,4.6000000000000005,3,68.87581896781921
1851,4.3,5,68.91052961349487
1852,3.85,8,68.94723701477051
1853,4.75,2,68.99040985107422
1854,4.15,6,69.0380630493164
1855,3.6999999999999997,9,69.0846118927002
1856,4.449999999999999,4,69.11947536468506
1857,4.0,7,69.17098498344421
1858,4.6000000000000005,3,69.20434379577637
1859,4.0,7,69.24057817459106
1860,4.0,7,69.27746605873108
1861,4.3,5,69.30756783485413
1862,3.55,10,69.34643745422363
1863,4.75,2,69.37757992744446
1864,4.449999999999999,4,69.40313863754272
1865,4.6000000000000005,3,69.43162798881531
1866,4.3,5,69.46925115585327
1867,3.55,10,69.50943160057068
1868,4.3,5,69.54113721847534
1869,4.3,5,69.56638145446777
1870,4.6000000000000005,3,69.59220719337463
1871,3.25,12,69.62907552719116
1872,4.75,2,69.65058779716492
1873,3.6999999999999997,9,69.8281500339508
1874,4.6000000000000005,3,69.85186648368835
1875,4.75,2,69.87671065330505
1876,4.449999999999999,4,69.90458178520203
1877,4.449999999999999,4,69.93120908737183
1878,3.85,8,69.96503162384033
1879,4.449999999999999,4,69.9941337108612
1880,4.15,6,70.02466106414795
1881,4.6000000000000005,3,70.0574083328247
1882,4.449999999999999,4,70.0849838256836
1883,4.75,2,70.1106469631195
1884,-3.55,12,70.15139174461365
1885,3.6999999999999997,9,70.18598079681396
1886,3.55,10,70.23016452789307
1887,4.6000000000000005,3,70.25874972343445
1888,4.3,5,70.29267263412476
1889,4.449999999999999,4,70.32450318336487
1890,4.75,2,70.3501296043396
1891,3.55,10,70.38514375686646
1892,4.75,2,70.41532611846924
1893,4.449999999999999,4,70.44100046157837
1894,4.75,2,70.46380972862244
1895,4.6000000000000005,3,70.49538707733154
1896,3.55,10,70.53369688987732
1897,4.6000000000000005,3,70.56122350692749
1898,3.4,11,70.59767174720764
1899,4.6000000000000005,3,70.62824320793152
1900,4.449999999999999,4,70.66161870956421
1901,4.3,5,70.69570064544678
1902,3.85,8,70.73685693740845
1903,3.4,11,70.7775673866272
1904,4.0,7,70.81472539901733
1905,4.0,7,70.84630084037781
1906,3.55,10,70.881600856781
1907,4.449999999999999,4,70.91294431686401
1908,4.15,6,70.94773507118225
1909,4.449999999999999,4,70.98089957237244
1910,4.0,7,71.02210688591003
1911,-3.35,8,71.06086540222168
1912,4.3,5,71.09463810920715
1913,4.0,7,71.13060903549194
1914,3.55,10,71.17259001731873
1915,4.449999999999999,4,71.20046854019165
1916,3.4,11,71.2367639541626
1917,4.6000000000000005,3,71.27239918708801
1918,3.85,8,71.46500730514526
1919,3.85,8,71.50666332244873
1920,3.55,10,71.5421404838562
1921,3.4,11,71.58171010017395
1922,4.75,2,71.6134204864502
1923,4.6000000000000005,3,71.6433322429657
1924,4.15,6,71.67249059677124
1925,-1.75,15,71.714599609375
1926,3.25,12,71.75183629989624
1927,4.6000000000000005,3,71.7804536819458
1928,4.0,7,71.81262588500977
1929,4.6000000000000005,3,71.84534120559692
1930,-1.75,15,71.89463829994202
1931,4.6000000000000005,3,71.92148756980896
1932,4.449999999999999,4,71.95137429237366
1933,4.3,5,71.98101997375488
1934,4.3,5,72.01409935951233
1935,3.55,10,72.05420470237732
1936,4.9,1,72.07833814620972
1937,4.449999999999999,4,72.11114478111267
1938,4.75,2,72.13680410385132
1939,3.25,12,72.1807713508606
1940,4.6000000000000005,3,72.20813369750977
1941,3.55,10,72.24448990821838
1942,4.449999999999999,4,72.27544856071472
1943,3.55,10,72.31181406974792
1944,4.449999999999999,4,72.3423707485199
1945,4.6000000000000005,3,72.36927938461304
1946,4.75,2,72.398197889328
1947,4.3,5,72.42918157577515
1948,4.449999999999999,4,72.45830416679382
1949,4.449999999999999,4,72.48419857025146
1950,4.15,6,72.52084302902222
1951,3.85,8,72.55908966064453
1952,4.449999999999999,4,72.59018778800964
1953,3.4,11,72.62993884086609
1954,4.3,5,72.65785932540894
1955,-3.45,10,72.6924090385437
1956,3.6999999999999997,9,72.72476243972778
1957,4.449999999999999,4,72.75011467933655
1958,3.4,11,72.92616963386536
1959,4.3,5,72.95632338523865
1960,4.6000000000000005,3,72.98378682136536
1961,-1.75,15,73.03077125549316
1962,4.6000000000000005,3,73.05940842628479
1963,4.75,2,73.08115339279175
1964,4.9,1,73.10703706741333
1965,4.75,2,73.1327543258667
1966,-1.75,15,73.17539691925049
1967,4.6000000000000005,3,73.20456600189209
1968,3.85,8,73.23986220359802
1969,4.9,1,73.2633011341095
1970,3.25,12,73.30385708808899
1971,4.6000000000000005,3,73.329843044281
1972,4.3,5,73.36031317710876
1973,3.85,8,73.40070223808289
1974,4.6000000000000005,3,73.43079280853271
1975,4.3,5,73.45993375778198
1976,-1.75,15,73.50494837760925
1977,3.1,13,73.54731726646423
1978,-1.75,15,73.58935689926147
1979,4.3,5,73.61788153648376
1980,4.75,2,73.64523077011108
1981,4.6000000000000005,3,73.67580580711365
1982,4.0,7,73.70919132232666
1983,4.75,2,73.7395510673523
1984,4.75,2,73.77083444595337
1985,4.3,5,73.80086350440979
1986,4.6000000000000005,3,73.82767963409424
1987,4.6000000000000005,3,73.85857439041138
1988,4.449999999999999,4,73.89097738265991
1989,3.85,8,73.93758630752563
1990,-1.75,15,73.98640370368958
1991,4.6000000000000005,3,74.01817870140076
1992,4.3,5,74.05940556526184
1993,4.6000000000000005,3,74.09213995933533
1994,3.55,10,74.13471508026123
1995,-1.75,15,74.1812481880188
1996,4.3,5,74.2095696926117
1997,4.449999999999999,4,74.23603844642639
1998,4.15,6,74.40103054046631
1999,4.75,2,74.42675590515137
2000,-1.75,15,74.46674156188965
2001,3.6999999999999997,9,74.50479030609131
2002,-1.75,15,74.54922866821289
2003,4.75,2,74.57740306854248
2004,3.4,11,74.61881923675537
2005,-1.75,15,74.66155076026917
2006,4.3,5,74.6955406665802
2007,4.3,5,74.72661972045898
2008,3.6999999999999997,9,74.75958108901978
2009,3.85,8,74.79015445709229
2010,4.75,2,74.81249570846558
2011,-3.55,12,74.84738254547119
2012,4.449999999999999,4,74.87498641014099
2013,-3.35,8,74.90902018547058
2014,4.3,5,74.94647693634033
2015,4.449999999999999,4,74.97745823860168
2016,4.9,1,75.00721168518066
2017,4.6000000000000005,3,75.04002356529236
2018,4.6000000000000005,3,75.06588983535767
2019,3.25,12,75.10647559165955
2020,4.449999999999999,4,75.141925573349
2021,3.55,10,75.17943477630615
2022,3.55,10,75.22209596633911
2023,4.6000000000000005,3,75.2509377002716
2024,4.449999999999999,4,75.28295230865479
2025,4.3,5,75.31705784797668
2026,4.75,2,75.34840440750122
2027,4.3,5,75.38209867477417
2028,4.6000000000000005,3,75.4140088558197
2029,4.3,5,75.44987368583679
2030,4.15,6,75.48469591140747
2031,3.6999999999999997,9,75.5247323513031
2032,3.85,8,75.56407928466797
2033,4.75,2,75.59055924415588
2034,3.85,8,75.62381792068481
2035,4.75,2,75.64718532562256
2036,4.3,5,75.68096685409546
2037,4.6000000000000005,3,75.7133731842041
2038,4.0,7,75.75205755233765
2039,4.0,7,75.93236923217773
2040,4.75,2,75.96056938171387
2041,3.85,8,75.99277114868164
2042,4.75,2,76.01622414588928
2043,3.55,10,76.05370020866394
2044,4.3,5,76.0813992023468
2045,4.75,2,76.10452914237976
2046,3.25,12,76.14189982414246
2047,4.75,2,76.16694760322571
2048,4.75,2,76.19094133377075
2049,2.9499999999999997,14,76.23146319389343
2050,4.15,6,76.26043272018433
2051,4.6000000000000005,3,76.28366804122925
2052,4.15,6,76.31779623031616
2053,4.15,6,76.34701228141785
2054,4.6000000000000005,3,76.371835231781
2055,3.6999999999999997,9,76.40876936912537
2056,4.3,5,76.44382166862488
2057,3.6999999999999997,9,76.4807300567627
2058,4.15,6,76.51434016227722
2059,4.15,6,76.54842758178711
2060,4.3,5,76.58147025108337
2061,4.6000000000000005,3,76.61202049255371
2062,4.6000000000000005,3,76.64439702033997
2063,4.6000000000000005,3,76.67198729515076
2064,4.15,6,76.70342898368835
2065,4.0,7,76.73394107818604
2066,-1.75,15,76.77628898620605
2067,3.25,12,76.8174479007721
2068,3.4,11,76.85460019111633
2069,4.6000000000000005,3,76.8811149597168
2070,4.449999999999999,4,76.90853381156921
2071,-3.5,11,76.95237612724304
2072,3.85,8,76.99346256256104
2073,4.6000000000000005,3,77.01782321929932
2074,3.85,8,77.05490827560425
2075,3.6999999999999997,9,77.09052515029907
2076,4.75,2,77.11664128303528
2077,4.75,2,77.14610075950623
2078,4.449999999999999,4,77.17908883094788
2079,3.55,10,77.2157871723175
2080,4.449999999999999,4,77.24603796005249
2081,3.55,10,77.46772599220276
2082,4.449999999999999,4,77.51234269142151
2083,4.3,5,77.54684591293335
2084,-1.75,15,77.60110664367676
2085,4.449999999999999,4,77.63204669952393
2086,3.4,11,77.6748297214508
2087,-3.3,7,77.7113881111145
2088,4.6000000000000005,3,77.73476338386536
2089,4.6000000000000005,3,77.75904273986816
2090,4.3,5,77.78468799591064
2091,4.6000000000000005,3,77.81090831756592
2092,3.85,8,77.84461855888367
2093,4.0,7,77.87649631500244
2094,3.25,12,77.91749906539917
2095,4.449999999999999,4,77.94386029243469
2096,4.3,5,77.97965240478516
2097,-1.75,15,78.0336275100708
2098,4.6000000000000005,3,78.06022119522095
2099,3.55,10,78.09867238998413
2100,-3.4,9,78.14410090446472
2101,4.15,6,78.17677879333496
2102,4.75,2,78.20304822921753
2103,4.75,2,78.22712278366089
2104,3.6999999999999997,9,78.26266813278198
2105,-1.75,15,78.31096696853638
2106,4.449999999999999,4,78.34166860580444
2107,-1.75,15,78.39025521278381
2108,4.0,7,78.42745518684387
2109,4.15,6,78.45952582359314
2110,4.3,5,78.48668956756592
2111,4.9,1,78.51141309738159
2112,3.55,10,78.5542619228363
2113,-1.75,15,78.60647797584534
2114,4.449999999999999,4,78.63546013832092
2115,4.6000000000000005,3,78.66654062271118
2116,4.449999999999999,4,78.6985867023468
2117,4.15,6,78.73593473434448
2118,-1.75,15,78.94790196418762
2119,4.3,5,78.98187351226807
2120,4.6000000000000005,3,79.01064920425415
2121,4.6000000000000005,3,79.04219460487366
2122,-1.75,15,79.09054017066956
2123,4.449999999999999,4,79.118479013443
2124,3.4,11,79.15777468681335
2125,4.3,5,79.18994951248169
2126,4.0,7,79.22241544723511
2127,4.15,6,79.25282430648804
2128,3.6999999999999997,9,79.29132866859436
2129,4.75,2,79.31660532951355
2130,4.449999999999999,4,79.34910869598389
2131,4.0,7,79.38030767440796
2132,4.0,7,79.41679549217224
2133,4.449999999999999,4,79.4476854801178
2134,4.449999999999999,4,79.47637557983398
2135,4.0,7,79.50956153869629
2136,4.75,2,79.53347873687744
2137,4.449999999999999,4,79.56381916999817
2138,4.9,1,79.58880233764648
2139,4.15,6,79.63267159461975
2140,3.55,10,79.67880249023438
2141,4.6000000000000005,3,79.70490074157715
2142,4.449999999999999,4,79.7312343120575
2143,3.1,13,79.77389669418335
2144,4.6000000000000005,3,79.79951906204224
2145,4.15,6,79.82946372032166
2146,4.449999999999999,4,79.86109566688538
2147,-1.75,15,79.90951156616211
2148,3.6999999999999997,9,79.94914197921753
2149,3.4,11,79.99723291397095
2150,4.3,5,80.03017091751099
2151,-1.75,15,80.08763575553894
2152,4.6000000000000005,3,80.1185953617096
2153,4.75,2,80.14869165420532
2154,4.6000000000000005,3,80.17800259590149
2155,3.85,8,80.2156183719635
2156,4.3,5,80.24936366081238
2157,4.75,2,80.2786340713501
2158,4.6000000000000005,3,80.31165385246277
2159,4.6000000000000005,3,80.5358362197876
2160,4.6000000000000005,3,80.56542491912842
2161,-1.75,15,80.61363339424133
2162,3.6999999999999997,9,80.65171241760254
2163,4.3,5,80.68956065177917
2164,4.3,5,80.72129201889038
2165,3.6999999999999997,9,80.75718665122986
2166,4.6000000000000005,3,80.78678250312805
2167,4.15,6,80.82213187217712
2168,4.9,1,80.85621428489685
2169,4.75,2,80.87982964515686
2170,4.449999999999999,4,80.91102838516235
2171,4.0,7,80.94949984550476
2172,4.0,7,80.98756718635559
2173,4.75,2,81.01983046531677
2174,3.85,8,81.05853962898254
2175,3.55,10,81.09721732139587
2176,4.15,6,81.12668967247009
2177,4.9,1,81.15261197090149
2178,4.75,2,81.17981910705566
2179,4.3,5,81.21278667449951
2180,4.9,1,81.24315667152405
2181,4.449999999999999,4,81.27026605606079
2182,3.4,11,81.30952501296997
2183,4.75,2,81.34470057487488
2184,4.6000000000000005,3,81.37951421737671
2185,4.75,2,81.4054114818573
2186,3.55,10,81.44513368606567
2187,4.6000000000000005,3,81.47757458686829
2188,4.75,2,81.50156235694885
2189,4.6000000000000005,3,81.53267669677734
2190,3.6999999999999997,9,81.57107448577881
2191,4.0,7,81.60633277893066
2192,4.15,6,81.64349603652954
2193,-1.75,15,81.69614577293396
2194,-1.75,15,81.74531936645508
2195,4.3,5,81.78025150299072
2196,4.3,5,81.81712818145752
2197,4.75,2,81.85023164749146
2198,4.75,2,81.88048672676086
2199,4.9,1,81.9104733467102
2200,3.6999999999999997,9,81.95699214935303
2201,4.3,5,81.98856806755066
2202,4.15,6,82.03092050552368
2203,4.15,6,82.07380890846252
2204,-1.75,15,82.29597210884094
2205,3.1,13,82.33820462226868
2206,4.75,2,82.35975217819214
2207,4.0,7,82.39207649230957
2208,3.55,10,82.42822861671448
2209,3.85,8,82.46419930458069
2210,4.449999999999999,4,82.49196791648865
2211,4.449999999999999,4,82.51959753036499
2212,4.0,7,82.55058693885803
2213,-1.75,15,82.59561395645142
2214,3.4,11,82.63041639328003
2215,4.75,2,82.65232563018799
2216,4.6000000000000005,3,82.67904877662659
2217,4.75,2,82.7066855430603
2218,4.3,5,82.74136352539062
2219,3.4,11,82.78688764572144
2220,4.449999999999999,4,82.81704688072205
2221,4.3,5,82.84687495231628
2222,4.3,5,82.87975120544434
2223,4.15,6,82.91028618812561
2224,-1.75,15,82.95069551467896
2225,4.6000000000000005,3,82.97658658027649
2226,4.75,2,83.00110125541687
2227,4.0,7,83.03767824172974
2228,3.25,12,83.07961177825928
2229,3.85,8,83.11555647850037
2230,4.15,6,83.14602613449097
2231,4.75,2,83.17357516288757
2232,4.15,6,83.20474147796631
2233,4.0,7,83.2346818447113
2234,4.9,1,83.25807189941406
2235,4.3,5,83.28620672225952
2236,4.15,6,83.32212901115417
2237,4.3,5,83.35269570350647
2238,4.0,7,83.3910436630249
2239,4.6000000000000005,3,83.42632365226746
2240,4.6000000000000005,3,83.45625734329224
2241,4.75,2,83.48152184486389
2242,3.6999999999999997,9,83.52461338043213
2243,-1.75,15,83.5670371055603
2244,4.75,2,83.5953106880188
2245,3.6999999999999997,9,83.77716255187988
2246,4.0,7,83.80604386329651
2247,4.15,6,83.83596992492676
2248,-1.75,15,83.88184762001038
2249,4.3,5,83.91102027893066
2250,4.75,2,83.93872332572937
2251,3.25,12,83.98191547393799
2252,4.3,5,84.01191687583923
2253,4.9,1,84.03530669212341
2254,4.6000000000000005,3,84.06284737586975
2255,4.6000000000000005,3,84.09161496162415
2256,3.6999999999999997,9,84.1326379776001
2257,-3.3,7,84.17302393913269
2258,4.0,7,84.20524597167969
2259,4.0,7,84.2372784614563
2260,4.15,6,84.2638156414032
2261,4.3,5,84.29726600646973
2262,3.55,10,84.33837056159973
2263,3.55,10,84.3811469078064
2264,4.15,6,84.41848182678223
2265,4.75,2,84.44905614852905
2266,4.449999999999999,4,84.47704577445984
2267,4.0,7,84.51036190986633
2268,-1.75,15,84.55208134651184
2269,4.15,6,84.58216166496277
2270,4.0,7,84.6193630695343
2271,4.3,5,84.65414643287659
2272,4.75,2,84.67900800704956
2273,4.15,6,84.71063113212585
2274,4.15,6,84.74486255645752
2275,4.6000000000000005,3,84.77263402938843
2276,4.449999999999999,4,84.80480980873108
2277,3.6999999999999997,9,84.84416127204895
2278,4.3,5,84.87303590774536
2279,3.85,8,84.91092538833618
2280,4.449999999999999,4,84.94341778755188
2281,4.6000000000000005,3,84.97129797935486
2282,4.449999999999999,4,85.00003218650818
2283,4.0,7,85.03445625305176
2284,4.0,7,85.06741046905518
2285,-1.75,15,85.30271053314209
2286,4.75,2,85.33235454559326
2287,4.3,5,85.36604475975037
2288,4.75,2,85.39454746246338
2289,4.3,5,85.42896938323975
2290,-3.35,8,85.46678972244263
2291,4.15,6,85.50209736824036
2292,4.6000000000000005,3,85.52892017364502
2293,4.0,7,85.56855750083923
2294,4.15,6,85.6011860370636
2295,4.449999999999999,4,85.63225221633911
2296,3.85,8,85.66497731208801
2297,3.85,8,85.70259475708008
2298,3.85,8,85.74235105514526
2299,4.0,7,85.77612638473511
2300,4.0,7,85.80630302429199
2301,3.85,8,85.83938360214233
2302,-1.75,15,85.87983965873718
2303,4.6000000000000005,3,85.90744090080261
2304,4.75,2,85.93159079551697
2305,4.15,6,85.96711659431458
2306,4.6000000000000005,3,85.9948046207428
2307,4.3,5,86.0315170288086
2308,3.4,11,86.06867933273315
2309,3.6999999999999997,9,86.1070339679718
2310,4.449999999999999,4,86.13671278953552
2311,4.3,5,86.16349506378174
2312,4.449999999999999,4,86.18927717208862
2313,4.6000000000000005,3,86.21168684959412
2314,4.449999999999999,4,86.2401852607727
2315,3.85,8,86.2726686000824
2316,4.0,7,86.30826616287231
2317,4.3,5,86.34602332115173
2318,4.9,1,86.37384080886841
2319,4.9,1,86.40107941627502
2320,3.85,8,86.44152808189392
2321,3.85,8,86.48037600517273
2322,4.3,5,86.51634407043457
2323,4.6000000000000005,3,86.54465651512146
2324,-1.75,15,86.59851503372192
2325,4.15,6,86.63603138923645
2326,4.3,5,86.67147254943848
2327,4.449999999999999,4,86.70240426063538
2328,4.6000000000000005,3,86.73433685302734
2329,4.0,7,86.92207884788513
2330,4.75,2,86.94714951515198
2331,4.0,7,86.9802839756012
2332,4.449999999999999,4,87.01040935516357
2333,3.6999999999999997,9,87.04388284683228
2334,3.4,11,87.07964277267456
2335,3.6999999999999997,9,87.11437797546387
2336,3.6999999999999997,9,87.15770316123962
2337,3.85,8,87.19512391090393
2338,4.75,2,87.2281494140625
2339,3.85,8,87.26838088035583
2340,4.449999999999999,4,87.29604148864746
2341,4.9,1,87.32529377937317
2342,4.75,2,87.34909629821777
2343,4.3,5,87.38211917877197
2344,4.3,5,87.40995049476624
2345,4.15,6,87.44150924682617
2346,3.55,10,87.48210740089417
2347,4.0,7,87.52444911003113
2348,4.449999999999999,4,87.55684328079224
2349,4.0,7,87.59563088417053
2350,3.6999999999999997,9,87.63159656524658
2351,-1.75,15,87.67258620262146
2352,3.85,8,87.70693254470825
2353,4.3,5,87.73348474502563
2354,4.3,5,87.76116633415222
2355,3.55,10,87.79653525352478
2356,4.3,5,87.82752013206482
2357,4.15,6,87.860910654068
2358,4.0,7,87.89884305000305
2359,4.449999999999999,4,87.92990326881409
2360,3.4,11,87.97762107849121
2361,4.449999999999999,4,88.010329246521
2362,3.6999999999999997,9,88.04665303230286
2363,4.449999999999999,4,88.0789442062378
2364,4.75,2,88.11142945289612
2365,4.9,1,88.14141464233398
2366,3.6999999999999997,9,88.18390107154846
2367,4.0,7,88.22050023078918
2368,4.6000000000000005,3,88.24611687660217
2369,4.75,2,88.27531599998474
2370,3.6999999999999997,9,88.47694969177246
2371,4.75,2,88.50654864311218
2372,4.0,7,88.54901432991028
2373,4.15,6,88.57846689224243
2374,4.6000000000000005,3,88.60708379745483
2375,4.449999999999999,4,88.63988995552063
2376,4.75,2,88.663743019104
2377,4.6000000000000005,3,88.69466781616211
2378,4.6000000000000005,3,88.73087787628174
2379,3.6999999999999997,9,88.76833963394165
2380,4.9,1,88.79284048080444
2381,4.6000000000000005,3,88.8216323852539
2382,3.85,8,88.86225032806396
2383,4.3,5,88.89170575141907
2384,4.75,2,88.92301988601685
2385,4.9,1,88.94549441337585
2386,4.449999999999999,4,88.97817778587341
2387,4.75,2,89.00611233711243
2388,4.449999999999999,4,89.03412652015686
2389,3.85,8,89.06530427932739
2390,3.85,8,89.09773874282837
2391,4.15,6,89.13200497627258
2392,4.6000000000000005,3,89.15962219238281
2393,4.9,1,89.18452620506287
2394,4.75,2,89.2141740322113
2395,2.9499999999999997,14,89.2549295425415
2396,4.449999999999999,4,89.28016781806946
2397,4.15,6,89.30908179283142
2398,4.0,7,89.34015917778015
2399,4.6000000000000005,3,89.36885952949524
2400,4.15,6,89.39579701423645
2401,-1.75,15,89.43831825256348
2402,4.75,2,89.46254277229309
2403,4.6000000000000005,3,89.48964262008667
2404,4.9,1,89.5134391784668
2405,4.6000000000000005,3,89.53856825828552
2406,4.6000000000000005,3,89.56440591812134
2407,4.449999999999999,4,89.59222435951233
2408,3.85,8,89.63060307502747
2409,3.85,8,89.67007732391357
2410,4.6000000000000005,3,89.69707179069519
2411,4.3,5,89.72903943061829
2412,4.449999999999999,4,89.76383543014526
2413,4.3,5,89.79482650756836
2414,4.0,7,89.82624506950378
2415,4.15,6,89.86123967170715
2416,3.4,11,89.9096450805664
2417,4.15,6,89.95176386833191
2418,4.3,5,89.9813437461853
2419,4.3,5,90.01910185813904
2420,4.75,2,90.04263281822205
2421,-1.75,15,90.25144696235657
2422,3.4,11,90.29003882408142
2423,4.75,2,90.3132553100586
2424,4.15,6,90.34254860877991
2425,-1.75,15,90.39151549339294
2426,4.75,2,90.41566157341003
2427,3.6999999999999997,9,90.45005321502686
2428,4.449999999999999,4,90.47914528846741
2429,4.0,7,90.5166437625885
2430,4.449999999999999,4,90.54982829093933
2431,4.6000000000000005,3,90.57753229141235
2432,4.449999999999999,4,90.60513234138489
2433,4.15,6,90.6348307132721
2434,4.3,5,90.66373038291931
2435,3.85,8,90.69669461250305
2436,4.3,5,90.72527384757996
2437,3.85,8,90.75698018074036
2438,4.75,2,90.77871584892273
2439,4.3,5,90.80550789833069
2440,-1.75,15,90.84736061096191
2441,-3.1,3,90.87369966506958
2442,4.449999999999999,4,90.89934730529785
2443,4.3,5,90.92818188667297
2444,4.75,2,90.95707631111145
2445,4.75,2,90.98634433746338
2446,4.6000000000000005,3,91.01377487182617
2447,4.75,2,91.04110169410706
2448,4.3,5,91.07232999801636
2449,4.15,6,91.10388493537903
2450,4.9,1,91.12567567825317
2451,4.449999999999999,4,91.15516066551208
2452,-1.75,15,91.20554089546204
2453,3.55,10,91.24366092681885
2454,4.3,5,91.27921795845032
2455,4.75,2,91.30578637123108
2456,4.9,1,91.32901930809021
2457,4.3,5,91.35909390449524
2458,3.6999999999999997,9,91.3996467590332
2459,4.3,5,91.431569814682
2460,4.15,6,91.4689736366272
2461,4.0,7,91.50211381912231
2462,4.449999999999999,4,91.53316497802734
2463,4.15,6,91.5652186870575
2464,4.15,6,91.60199642181396
2465,4.449999999999999,4,91.63026881217957
2466,4.15,6,91.6623706817627
2467,3.4,11,91.85339307785034
2468,4.449999999999999,4,91.8784966468811
2469,4.15,6,91.90908980369568
2470,3.55,10,91.94743347167969
2471,4.449999999999999,4,91.9797465801239
2472,4.6000000000000005,3,92.00914192199707
2473,3.6999999999999997,9,92.04953742027283
2474,4.75,2,92.07556414604187
2475,-3.1,3,92.10366940498352
2476,4.449999999999999,4,92.13046598434448
2477,4.0,7,92.16536355018616
2478,4.0,7,92.20799851417542
2479,4.6000000000000005,3,92.24146699905396
2480,4.15,6,92.27965712547302
2481,3.4,11,92.32799124717712
2482,3.85,8,92.36341500282288
2483,3.4,11,92.40370178222656
2484,4.6000000000000005,3,92.4263653755188
2485,4.449999999999999,4,92.45697450637817
2486,4.75,2,92.48387670516968
2487,-1.75,15,92.52717471122742
2488,4.449999999999999,4,92.56122326850891
2489,4.75,2,92.58737516403198
2490,3.25,12,92.63180375099182
2491,-1.75,15,92.68663382530212
2492,4.75,2,92.71290922164917
2493,4.75,2,92.7426426410675
2494,4.15,6,92.77579808235168
2495,4.75,2,92.80111575126648
2496,3.6999999999999997,9,92.83596587181091
2497,4.3,5,92.86366510391235
2498,4.3,5,92.89216947555542
2499,4.6000000000000005,3,92.91985297203064
2500,4.15,6,92.94749450683594
2501,4.75,2,92.98172187805176
2502,4.3,5,93.01968717575073
2503,3.6999999999999997,9,93.0593159198761
2504,3.25,12,93.09961748123169
2505,3.55,10,93.14253973960876
2506,4.6000000000000005,3,93.17256689071655
2507,4.75,2,93.19743728637695
2508,3.4,11,93.37217473983765
2509,4.0,7,93.40340209007263
2510,4.449999999999999,4,93.43066930770874
2511,4.9,1,93.45640110969543
2512,4.15,6,93.48933124542236
2513,4.6000000000000005,3,93.51826333999634
2514,4.3,5,93.5437114238739
2515,-1.75,15,93.58826470375061
2516,4.3,5,93.61882615089417
2517,4.9,1,93.64251112937927
2518,3.55,10,93.67753219604492
2519,4.0,7,93.70776987075806
2520,-1.75,15,93.75184774398804
2521,4.6000000000000005,3,93.77705359458923
2522,4.75,2,93.80232501029968
2523,4.75,2,93.82511854171753
2524,4.75,2,93.8542730808258
2525,3.55,10,93.890212059021
2526,4.0,7,93.92129874229431
2527,4.0,7,93.95278596878052
2528,4.3,5,93.98301768302917
2529,4.0,7,94.01468443870544
2530,3.55,10,94.05438184738159
2531,3.4,11,94.09474158287048
2532,3.85,8,94.13097262382507
2533,4.0,7,94.16242098808289
2534,-3.5,11,94.20496654510498
2535,4.3,5,94.23404955863953
2536,3.25,12,94.27838134765625
2537,3.55,10,94.32348036766052
2538,4.75,2,94.347416639328
2539,4.3,5,94.38234901428223
2540,4.75,2,94.40973854064941
2541,-3.45,10,94.45310521125793
2542,4.449999999999999,4,94.48022198677063
2543,4.15,6,94.51553082466125
2544,4.449999999999999,4,94.54490041732788
2545,4.6000000000000005,3,94.57953715324402
2546,4.449999999999999,4,94.61180138587952
2547,4.0,7,94.65314507484436
2548,4.6000000000000005,3,94.68469500541687
2549,4.449999999999999,4,94.72007584571838
2550,4.15,6,94.90232253074646
2551,4.6000000000000005,3,94.93297147750854
2552,4.6000000000000005,3,94.96197533607483
2553,4.9,1,94.98629951477051
2554,4.75,2,95.01237678527832
2555,4.449999999999999,4,95.04058313369751
2556,3.85,8,95.07268857955933
2557,4.449999999999999,4,95.10157752037048
2558,4.3,5,95.13226389884949
2559,4.3,5,95.15998864173889
2560,3.6999999999999997,9,95.19412350654602
2561,4.75,2,95.22220349311829
2562,4.75,2,95.25716805458069
2563,-3.55,12,95.30107712745667
2564,4.75,2,95.33561062812805
2565,3.25,12,95.38093495368958
2566,3.85,8,95.4241852760315
2567,4.15,6,95.45883393287659
2568,3.85,8,95.49454855918884
2569,3.55,10,95.53495478630066
2570,3.55,10,95.5729591846466
2571,4.15,6,95.6024694442749
2572,4.0,7,95.63582396507263
2573,3.85,8,95.67037630081177
2574,4.0,7,95.7050952911377
2575,3.6999999999999997,9,95.74237084388733
2576,3.55,10,95.78497052192688
2577,3.85,8,95.81834602355957
2578,3.4,11,95.85771298408508
2579,4.449999999999999,4,95.885098695755
2580,4.6000000000000005,3,95.908700466156
2581,4.6000000000000005,3,95.93860793113708
2582,4.15,6,95.97077131271362
2583,3.85,8,96.01032519340515
2584,4.75,2,96.03765392303467
2585,4.449999999999999,4,96.06902527809143
2586,4.6000000000000005,3,96.09550452232361
2587,4.9,1,96.11795663833618
2588,4.3,5,96.14843392372131
2589,-1.75,15,96.20496368408203
2590,4.15,6,96.23906016349792
2591,3.55,10,96.27642154693604
2592,3.25,12,96.48574733734131
2593,4.15,6,96.51696276664734
2594,4.75,2,96.54330396652222
2595,4.0,7,96.57468366622925
2596,3.4,11,96.61055088043213
2597,3.85,8,96.64012122154236
2598,-1.75,15,96.68003630638123
2599,3.55,10,96.71592807769775
2600,4.449999999999999,4,96.74466228485107
2601,4.449999999999999,4,96.77718353271484
2602,4.3,5,96.80728530883789
2603,4.6000000000000005,3,96.83456659317017
2604,4.75,2,96.85799527168274
2605,4.9,1,96.87962293624878
2606,-1.75,15,96.92369389533997
2607,4.75,2,96.95022296905518
2608,4.75,2,96.98055243492126
2609,4.6000000000000005,3,97.01229691505432
2610,4.15,6,97.0457010269165
2611,4.449999999999999,4,97.07237529754639
2612,4.0,7,97.10517764091492
2613,4.15,6,97.13132214546204
2614,4.6000000000000005,3,97.16343116760254
2615,3.6999999999999997,9,97.20453572273254
2616,4.449999999999999,4,97.23144054412842
2617,-1.75,15,97.2751259803772
2618,4.449999999999999,4,97.30163621902466
2619,4.3,5,97.33455348014832
2620,4.0,7,97.36494088172913
2621,4.6000000000000005,3,97.39451479911804
2622,4.3,5,97.42651700973511
2623,-1.75,15,97.47323369979858
2624,4.15,6,97.50673079490662
2625,4.15,6,97.54355430603027
2626,4.449999999999999,4,97.57889914512634
2627,3.85,8,97.62196111679077
2628,4.15,6,97.65466904640198
2629,4.6000000000000005,3,97.68406677246094
2630,3.85,8,97.72426104545593
2631,4.6000000000000005,3,97.75278234481812
2632,4.449999999999999,4,97.78068614006042
2633,4.0,7,97.95774126052856
2634,4.6000000000000005,3,97.99015688896179
2635,4.0,7,98.02375364303589
2636,4.0,7,98.05465793609619
2637,4.449999999999999,4,98.08214616775513
2638,4.449999999999999,4,98.10986566543579
2639,3.6999999999999997,9,98.14443778991699
2640,-1.75,15,98.18817067146301
2641,3.6999999999999997,9,98.22289371490479
2642,4.6000000000000005,3,98.24896812438965
2643,4.0,7,98.28206586837769
2644,4.75,2,98.30660843849182
2645,4.449999999999999,4,98.33846092224121
2646,4.9,1,98.35984516143799
2647,4.15,6,98.39600968360901
2648,4.15,6,98.43014001846313
2649,4.15,6,98.47113370895386
2650,3.6999999999999997,9,98.51234340667725
2651,4.3,5,98.54314613342285
2652,4.6000000000000005,3,98.57177448272705
2653,4.6000000000000005,3,98.60063457489014
2654,4.3,5,98.63069701194763
2655,3.4,11,98.68501377105713
2656,4.449999999999999,4,98.77992868423462
2657,4.3,5,98.82895708084106
2658,3.85,8,98.8759925365448
2659,3.25,12,98.93037533760071
2660,4.15,6,98.96468472480774
2661,4.6000000000000005,3,98.99500584602356
2662,4.449999999999999,4,99.02894902229309
2663,4.3,5,99.06643867492676
2664,-1.75,15,99.1260621547699
2665,4.449999999999999,4,99.15683102607727
2666,4.449999999999999,4,99.18763327598572
2667,3.25,12,99.23120331764221
2668,4.0,7,99.26989555358887
2669,4.75,2,99.30399751663208
2670,4.75,2,99.33822655677795
2671,4.9,1,99.3687596321106
2672,4.75,2,99.39995956420898
2673,4.15,6,99.43825006484985
2674,4.9,1,99.46539759635925
2675,4.75,2,99.49038648605347
2676,4.449999999999999,4,99.52372765541077
2677,4.6000000000000005,3,99.55444598197937
2678,3.85,8,99.5852541923523
2679,4.3,5,99.76252007484436
2680,4.6000000000000005,3,99.7969434261322
2681,-1.75,15,99.84090924263
2682,4.449999999999999,4,99.86733627319336
2683,4.6000000000000005,3,99.89233803749084
2684,-1.75,15,99.93682789802551
2685,4.15,6,99.968337059021
2686,4.15,6,99.99966049194336
2687,4.3,5,100.02775859832764
2688,3.4,11,100.0655345916748
2689,4.75,2,100.09006094932556
2690,4.6000000000000005,3,100.11353325843811
2691,4.75,2,100.14123487472534
2692,3.85,8,100.17310547828674
2693,4.6000000000000005,3,100.1997766494751
2694,4.0,7,100.2353847026825
2695,4.15,6,100.2649896144867
2696,4.449999999999999,4,100.29375863075256
2697,3.4,11,100.32762718200684
2698,4.3,5,100.35790777206421
2699,-1.75,15,100.40269255638123
2700,-1.75,15,100.44640898704529
2701,4.449999999999999,4,100.47503328323364
2702,4.15,6,100.50689554214478
2703,3.25,12,100.54498243331909
2704,4.3,5,100.57561564445496
2705,4.6000000000000005,3,100.60896921157837
2706,4.15,6,100.64137053489685
2707,3.6999999999999997,9,100.68511819839478
2708,4.75,2,100.71778988838196
2709,4.3,5,100.74949789047241
2710,3.85,8,100.78440380096436
2711,3.4,11,100.82485508918762
2712,4.449999999999999,4,100.85376644134521
2713,4.0,7,100.88644933700562
2714,3.85,8,100.92132902145386
2715,4.15,6,100.95362043380737
2716,3.55,10,101.15447545051575
2717,4.449999999999999,4,101.17980313301086
2718,3.55,10,101.2160131931305
2719,4.75,2,101.24181342124939
2720,4.3,5,101.27703928947449
2721,-1.75,15,101.32349634170532
2722,4.15,6,101.35694289207458
2723,4.6000000000000005,3,101.3892183303833
2724,4.75,2,101.41390132904053
2725,4.6000000000000005,3,101.44044351577759
2726,4.75,2,101.4657461643219
2727,4.6000000000000005,3,101.49454069137573
2728,3.4,11,101.53241205215454
2729,4.75,2,101.55839824676514
2730,4.15,6,101.59015130996704
2731,3.6999999999999997,9,101.62768173217773
2732,4.75,2,101.65675044059753
2733,4.15,6,101.69165468215942
2734,4.449999999999999,4,101.72642850875854
2735,4.6000000000000005,3,101.7543785572052
2736,4.0,7,101.78928780555725
2737,4.3,5,101.81998491287231
2738,3.85,8,101.8543291091919
2739,4.15,6,101.89379858970642
2740,4.15,6,101.92279696464539
2741,3.55,10,101.95800590515137
2742,4.75,2,101.98277378082275
2743,4.9,1,102.00640964508057
2744,4.9,1,102.02752208709717
2745,4.449999999999999,4,102.05416440963745
2746,4.15,6,102.08637881278992
2747,4.75,2,102.11810612678528
2748,4.3,5,102.15517473220825
2749,4.6000000000000005,3,102.18919730186462
2750,4.0,7,102.2261643409729
2751,-1.75,15,102.27723240852356
2752,4.6000000000000005,3,102.31080889701843
2753,4.3,5,102.34301137924194
2754,4.6000000000000005,3,102.37654399871826
2755,4.6000000000000005,3,102.40820384025574
2756,3.85,8,102.45179557800293
2757,4.3,5,102.47931265830994
2758,-3.2,5,102.51314878463745
2759,4.75,2,102.54443430900574
2760,4.449999999999999,4,102.57602834701538
2761,4.449999999999999,4,102.60797595977783
2762,4.0,7,102.64431500434875
2763,4.0,7,102.68292880058289
2764,-3.4,9,102.7213122844696
2765,4.0,7,102.89016580581665
2766,4.3,5,102.9218430519104
2767,4.0,7,102.95193386077881
2768,3.25,12,102.99407124519348
2769,4.3,5,103.02371287345886
2770,3.6999999999999997,9,103.05691027641296
2771,4.0,7,103.08605170249939
2772,4.15,6,103.11411595344543
2773,3.6999999999999997,9,103.15404605865479
2774,4.449999999999999,4,103.18000149726868
2775,4.75,2,103.20635437965393
2776,4.75,2,103.23571348190308
2777,4.6000000000000005,3,103.26079964637756
2778,3.55,10,103.29542469978333
2779,4.75,2,103.32117581367493
2780,4.6000000000000005,3,103.34579825401306
2781,4.75,2,103.37461471557617
2782,3.25,12,103.4171986579895
2783,3.85,8,103.45071768760681
2784,4.75,2,103.47471642494202
2785,4.6000000000000005,3,103.50357460975647
2786,4.449999999999999,4,103.53323125839233
2787,4.0,7,103.56530475616455
2788,4.75,2,103.58943104743958
2789,3.25,12,103.62724089622498
2790,4.3,5,103.66391515731812
2791,4.6000000000000005,3,103.68905091285706
2792,4.0,7,103.72313189506531
2793,-1.75,15,103.76678228378296
2794,-3.0,1,103.78781342506409
2795,4.6000000000000005,3,103.8147485256195
2796,4.449999999999999,4,103.84262776374817
2797,3.85,8,103.87879347801208
2798,4.15,6,103.91150760650635
2799,4.15,6,103.94239926338196
2800,4.449999999999999,4,103.96798348426819
2801,4.6000000000000005,3,103.99763059616089
2802,4.75,2,104.02618145942688
2803,-3.35,8,104.0628616809845
2804,4.449999999999999,4,104.09472274780273
2805,4.6000000000000005,3,104.12789058685303
2806,4.6000000000000005,3,104.15713930130005
2807,4.0,7,104.20116186141968
2808,4.449999999999999,4,104.22905945777893
2809,4.449999999999999,4,104.26027011871338
2810,4.3,5,104.29378390312195
2811,-1.75,15,104.4806580543518
2812,4.6000000000000005,3,104.50790786743164
2813,3.4,11,104.55514907836914
2814,2.9499999999999997,14,104.59722805023193
2815,4.0,7,104.62854671478271
2816,4.75,2,104.65521383285522
2817,3.85,8,104.6880030632019
2818,4.449999999999999,4,104.71085929870605
2819,4.75,2,104.73412537574768
2820,3.55,10,104.76903128623962
2821,4.15,6,104.79972124099731
2822,4.15,6,104.8264365196228
2823,3.85,8,104.8576774597168
2824,4.75,2,104.88244152069092
2825,4.6000000000000005,3,104.90899610519409
2826,3.55,10,104.94517779350281
2827,4.0,7,104.97868752479553
2828,3.85,8,105.02043271064758
2829,4.3,5,105.0478048324585
2830,4.449999999999999,4,105.07636713981628
2831,3.6999999999999997,9,105.1128454208374
2832,-3.5,11,105.15286445617676
2833,4.0,7,105.18644070625305
2834,3.85,8,105.22026896476746
2835,4.75,2,105.24909234046936
2836,4.449999999999999,4,105.27858257293701
2837,3.6999999999999997,9,105.32114362716675
2838,3.55,10,105.36755585670471
2839,4.75,2,105.39689326286316
2840,4.15,6,105.42852544784546
2841,4.449999999999999,4,105.46219420433044
2842,4.0,7,105.50459837913513
2843,4.6000000000000005,3,105.53228616714478
2844,4.9,1,105.55561542510986
2845,4.449999999999999,4,105.5909366607666
2846,4.3,5,105.6246886253357
2847,4.6000000000000005,3,105.65347743034363
2848,3.25,12,105.69435024261475
2849,4.0,7,105.73065900802612
2850,4.0,7,105.76308083534241
2851,4.75,2,105.78779983520508
2852,4.6000000000000005,3,105.81723070144653
2853,3.6999999999999997,9,105.9944338798523
2854,4.75,2,106.01818227767944
2855,4.0,7,106.04870343208313
2856,4.6000000000000005,3,106.07546472549438
2857,4.449999999999999,4,106.10079097747803
2858,3.6999999999999997,9,106.13639163970947
2859,-1.75,15,106.17687225341797
2860,4.3,5,106.2068703174591
2861,4.6000000000000005,3,106.2329421043396
2862,4.449999999999999,4,106.26500678062439
2863,3.6999999999999997,9,106.30283379554749
2864,4.6000000000000005,3,106.33435606956482
2865,4.3,5,106.37480139732361
2866,4.9,1,106.40942525863647
2867,4.3,5,106.44256567955017
2868,4.9,1,106.47249960899353
2869,3.6999999999999997,9,106.51051354408264
2870,4.75,2,106.53736162185669
2871,4.75,2,106.56123948097229
2872,4.449999999999999,4,106.58750200271606
2873,4.75,2,106.61159944534302
2874,4.15,6,106.64127731323242
2875,3.4,11,106.6806993484497
2876,4.6000000000000005,3,106.71201515197754
2877,3.85,8,106.7560977935791
2878,4.75,2,106.78337407112122
2879,4.15,6,106.8184757232666
2880,-1.75,15,106.86675119400024
2881,3.85,8,106.90211629867554
2882,3.6999999999999997,9,106.93934226036072
2883,4.75,2,106.96132397651672
2884,4.449999999999999,4,106.99123001098633
2885,4.9,1,107.01481819152832
2886,3.25,12,107.06177854537964
2887,4.3,5,107.09594440460205
2888,4.3,5,107.12803745269775
2889,4.15,6,107.16092777252197
2890,4.0,7,107.19264507293701
2891,4.449999999999999,4,107.22633695602417
2892,4.0,7,107.26653122901917
2893,4.15,6,107.30403661727905
2894,4.6000000000000005,3,107.33282947540283
2895,4.0,7,107.36860251426697
2896,4.449999999999999,4,107.39593267440796
2897,4.75,2,107.42428207397461
2898,3.6999999999999997,9,107.46709203720093
2899,4.15,6,107.65508151054382
2900,3.6999999999999997,9,107.69352579116821
2901,4.75,2,107.71979761123657
2902,4.3,5,107.74636054039001
2903,4.75,2,107.77130436897278
2904,4.75,2,107.79450559616089
2905,4.449999999999999,4,107.82274413108826
2906,4.3,5,107.84780097007751
2907,4.3,5,107.881023645401
2908,4.449999999999999,4,107.9088385105133
2909,3.55,10,107.94154071807861
2910,4.6000000000000005,3,107.97072005271912
2911,4.75,2,107.9997832775116
2912,4.9,1,108.02130365371704
2913,4.75,2,108.04981422424316
2914,4.75,2,108.07908082008362
2915,4.75,2,108.10302782058716
2916,4.6000000000000005,3,108.13154482841492
2917,4.75,2,108.15515351295471
2918,3.85,8,108.18910598754883
2919,3.25,12,108.23136830329895
2920,4.449999999999999,4,108.2584581375122
2921,4.449999999999999,4,108.28642177581787
2922,4.449999999999999,4,108.31685400009155
2923,4.449999999999999,4,108.34457969665527
2924,4.0,7,108.37712287902832
2925,4.15,6,108.40790700912476
2926,-1.75,15,108.45203566551208
2927,4.3,5,108.48054003715515
2928,4.15,6,108.51694011688232
2929,4.0,7,108.54860043525696
2930,4.0,7,108.58529710769653
2931,3.55,10,108.6262104511261
2932,3.85,8,108.66576623916626
2933,4.449999999999999,4,108.6926543712616
2934,4.75,2,108.7182834148407
2935,3.55,10,108.75896978378296
2936,4.15,6,108.79386258125305
2937,4.15,6,108.83571004867554
2938,4.75,2,108.87026834487915
2939,3.85,8,108.90902543067932
2940,2.8,15,108.9662811756134
2941,4.6000000000000005,3,108.99876713752747
2942,3.4,11,109.04149031639099
2943,-1.75,15,109.09396553039551
2944,4.0,7,109.2730598449707
2945,4.75,2,109.29822850227356
2946,4.6000000000000005,3,109.32380199432373
2947,3.55,10,109.36271214485168
2948,4.3,5,109.394540309906
2949,4.449999999999999,4,109.42102336883545
2950,-1.75,15,109.46181035041809
2951,4.15,6,109.49075102806091
2952,4.15,6,109.5190544128418
2953,4.6000000000000005,3,109.54487156867981
2954,4.75,2,109.56946134567261
2955,4.449999999999999,4,109.60446190834045
2956,4.3,5,109.63729929924011
2957,4.449999999999999,4,109.66405129432678
2958,4.449999999999999,4,109.6918773651123
2959,3.6999999999999997,9,109.72643613815308
2960,4.449999999999999,4,109.75475645065308
2961,4.449999999999999,4,109.78707933425903
2962,4.75,2,109.8142294883728
2963,4.75,2,109.83767628669739
2964,3.85,8,109.86890864372253
2965,4.75,2,109.89263343811035
2966,4.6000000000000005,3,109.91583466529846
2967,4.6000000000000005,3,109.94355630874634
2968,4.0,7,109.97489333152771
2969,-1.75,15,110.01908898353577
2970,4.449999999999999,4,110.05381274223328
2971,4.75,2,110.08245158195496
2972,4.75,2,110.1067521572113
2973,4.3,5,110.13734531402588
2974,4.75,2,110.16559338569641
2975,4.15,6,110.20148277282715
2976,3.25,12,110.24142742156982
2977,4.6000000000000005,3,110.26804828643799
2978,4.0,7,110.3050274848938
2979,3.6999999999999997,9,110.34592914581299
2980,4.6000000000000005,3,110.37702655792236
2981,4.75,2,110.40899968147278
2982,4.6000000000000005,3,110.43461489677429
2983,4.75,2,110.4578013420105
2984,4.9,1,110.47997951507568
2985,4.6000000000000005,3,110.50992751121521
2986,3.1,13,110.55081224441528
2987,4.0,7,110.58530926704407
2988,3.4,11,110.62404108047485
2989,3.4,11,110.6689841747284
2990,4.6000000000000005,3,110.694162607193
2991,3.85,8,110.87005639076233
2992,-1.75,15,110.9132730960846
2993,3.25,12,110.95527625083923
2994,4.449999999999999,4,110.98277306556702
2995,4.449999999999999,4,111.00915598869324
2996,4.75,2,111.03690648078918
2997,3.4,11,111.07134962081909
2998,4.6000000000000005,3,111.10487747192383
2999,4.6000000000000005,3,111.1288001537323
3000,3.25,12,111.17871809005737
3001,4.0,7,111.21173572540283
3002,4.15,6,111.24383330345154
3003,4.3,5,111.2733039855957
3004,4.9,1,111.293381690979
3005,4.0,7,111.32820916175842
3006,-3.45,10,111.3632321357727
3007,4.75,2,111.39442801475525
3008,4.6000000000000005,3,111.4242091178894
3009,3.25,12,111.46652102470398
3010,4.75,2,111.48937106132507
3011,4.6000000000000005,3,111.52068853378296
3012,4.449999999999999,4,111.54628467559814
3013,4.9,1,111.57084107398987
3014,4.15,6,111.60156607627869
3015,4.6000000000000005,3,111.63844275474548
3016,4.0,7,111.67709803581238
3017,2.9499999999999997,14,111.72733736038208
3018,4.0,7,111.75998139381409
3019,3.85,8,111.80237531661987
3020,4.9,1,111.82892775535583
3021,4.75,2,111.85311508178711
3022,4.449999999999999,4,111.8857102394104
3023,4.75,2,111.91213536262512
3024,4.9,1,111.9365565776825
3025,-3.65,14,111.97783184051514
3026,3.85,8,112.0150215625763
3027,4.6000000000000005,3,112.04255700111389
3028,-1.75,15,112.09285354614258
3029,4.0,7,112.12496733665466
3030,4.15,6,112.15863108634949
3031,4.6000000000000005,3,112.18979048728943
3032,4.75,2,112.22294425964355
3033,3.55,10,112.26137447357178
3034,-1.75,15,112.4610664844513
3035,4.15,6,112.49500799179077
3036,4.449999999999999,4,112.5285017490387
3037,3.4,11,112.57026529312134
3038,4.75,2,112.59766173362732
3039,4.449999999999999,4,112.62676239013672
3040,3.85,8,112.66097283363342
3041,4.6000000000000005,3,112.68598914146423
3042,3.4,11,112.72527551651001
3043,4.9,1,112.74924969673157
3044,4.449999999999999,4,112.77576494216919
3045,3.55,10,112.81146740913391
3046,4.75,2,112.83581709861755
3047,4.6000000000000005,3,112.86127734184265
3048,4.449999999999999,4,112.88884687423706
3049,4.449999999999999,4,112.9154269695282
3050,3.6999999999999997,9,112.94756627082825
3051,4.6000000000000005,3,112.97225332260132
3052,-1.75,15,113.01819515228271
3053,3.6999999999999997,9,113.05534744262695
3054,4.6000000000000005,3,113.08695578575134
3055,4.15,6,113.12261772155762
3056,4.0,7,113.15801548957825
3057,3.85,8,113.19384837150574
3058,4.3,5,113.22513556480408
3059,4.449999999999999,4,113.26088333129883
3060,3.55,10,113.30822277069092
3061,4.75,2,113.3387086391449
3062,3.6999999999999997,9,113.37918877601624
3063,4.6000000000000005,3,113.40782117843628
3064,3.85,8,113.44642806053162
3065,4.6000000000000005,3,113.48208999633789
3066,4.0,7,113.51832413673401
3067,-1.75,15,113.57329654693604
3068,4.449999999999999,4,113.60673689842224
3069,4.449999999999999,4,113.64172649383545
3070,3.85,8,113.67782831192017
3071,4.0,7,113.71507239341736
3072,4.75,2,113.73868489265442
3073,4.6000000000000005,3,113.76499319076538
3074,3.85,8,113.79934740066528
3075,-1.75,15,113.9847674369812
3076,-3.5,11,114.02354049682617
3077,4.6000000000000005,3,114.05289602279663
3078,4.449999999999999,4,114.07705235481262
3079,3.4,11,114.11562728881836
3080,4.6000000000000005,3,114.1424150466919
3081,4.449999999999999,4,114.17017483711243
3082,-1.75,15,114.21534299850464
3083,3.85,8,114.25058484077454
3084,-3.45,10,114.28573107719421
3085,4.15,6,114.31609439849854
3086,4.15,6,114.34685373306274
3087,3.85,8,114.37758874893188
3088,3.6999999999999997,9,114.41647505760193
3089,4.9,1,114.44039750099182
3090,4.6000000000000005,3,114.46412181854248
3091,4.75,2,114.491459608078
3092,4.449999999999999,4,114.51804423332214
3093,4.6000000000000005,3,114.54308915138245
3094,4.6000000000000005,3,114.57068276405334
3095,4.15,6,114.59769463539124
3096,4.449999999999999,4,114.62523865699768
3097,4.449999999999999,4,114.65652585029602
3098,4.15,6,114.68959188461304
3099,4.15,6,114.72261762619019
3100,4.6000000000000005,3,114.74642753601074
3101,4.75,2,114.77106356620789
3102,3.85,8,114.80769419670105
3103,-3.35,8,114.84416794776917
3104,4.449999999999999,4,114.87360072135925
3105,4.6000000000000005,3,114.90632486343384
3106,4.3,5,114.93771767616272
3107,4.3,5,114.97177505493164
3108,-1.75,15,115.01781821250916
3109,4.75,2,115.04532217979431
3110,4.75,2,115.07282781600952
3111,4.449999999999999,4,115.10319590568542
3112,4.449999999999999,4,115.12923407554626
3113,4.0,7,115.16537046432495
3114,4.15,6,115.19701266288757
3115,4.75,2,115.22166514396667
3116,4.6000000000000005,3,115.24810147285461
3117,4.0,7,115.28118920326233
3118,3.85,8,115.31805992126465
3119,4.9,1,115.3417809009552
3120,4.6000000000000005,3,115.36800003051758
3121,4.6000000000000005,3,115.39656043052673
3122,4.449999999999999,4,115.57888174057007
3123,-3.4,9,115.61951231956482
3124,4.75,2,115.65248084068298
3125,4.3,5,115.68745613098145
3126,4.449999999999999,4,115.71854662895203
3127,4.3,5,115.74644613265991
3128,4.449999999999999,4,115.77313709259033
3129,4.75,2,115.79792833328247
3130,4.0,7,115.82948422431946
3131,3.25,12,115.87177729606628
3132,4.6000000000000005,3,115.8990490436554
3133,-1.75,15,115.95024800300598
3134,-1.75,15,115.99989151954651
3135,4.15,6,116.02944684028625
3136,3.6999999999999997,9,116.06425881385803
3137,3.55,10,116.10060596466064
3138,4.449999999999999,4,116.13383507728577
3139,4.449999999999999,4,116.16151213645935
3140,-3.15,4,116.19265699386597
3141,4.6000000000000005,3,116.21661925315857
3142,-1.75,15,116.2603178024292
3143,3.6999999999999997,9,116.29464888572693
3144,4.75,2,116.3256983757019
3145,4.75,2,116.35585236549377
3146,3.4,11,116.4002480506897
3147,4.75,2,116.42461776733398
3148,4.3,5,116.45568370819092
3149,3.6999999999999997,9,116.49496746063232
3150,4.449999999999999,4,116.53284645080566
3151,4.75,2,116.5602605342865
3152,4.75,2,116.58511185646057
3153,4.3,5,116.61670970916748
3154,3.85,8,116.65314412117004
3155,4.15,6,116.68380761146545
3156,4.0,7,116.71881294250488
3157,4.3,5,116.74696111679077
3158,4.3,5,116.77722883224487
3159,4.6000000000000005,3,116.80367636680603
3160,4.6000000000000005,3,116.82815313339233
3161,3.6999999999999997,9,116.86653804779053
3162,4.6000000000000005,3,116.89479231834412
3163,4.449999999999999,4,116.92464900016785
3164,4.75,2,116.95487236976624
3165,4.6000000000000005,3,116.97957944869995
3166,-1.75,15,117.18008661270142
3167,3.4,11,117.22063422203064
3168,4.449999999999999,4,117.24544215202332
3169,4.0,7,117.27450656890869
3170,4.75,2,117.29933714866638
3171,4.9,1,117.32088732719421
3172,4.6000000000000005,3,117.34539890289307
3173,3.6999999999999997,9,117.384037733078
3174,4.6000000000000005,3,117.41060018539429
3175,4.15,6,117.4534764289856
3176,3.25,12,117.49690675735474
3177,4.0,7,117.53178882598877
3178,4.6000000000000005,3,117.55791449546814
3179,4.75,2,117.58405017852783
3180,3.6999999999999997,9,117.6192901134491
3181,4.449999999999999,4,117.64972949028015
3182,4.6000000000000005,3,117.6782877445221
3183,3.85,8,117.71119499206543
3184,4.6000000000000005,3,117.73619151115417
3185,4.15,6,117.76414966583252
3186,4.75,2,117.78792333602905
3187,4.75,2,117.81011033058167
3188,3.6999999999999997,9,117.85229134559631
3189,3.55,10,117.89057278633118
3190,3.6999999999999997,9,117.92476749420166
3191,4.449999999999999,4,117.95595192909241
3192,4.3,5,117.98796463012695
3193,4.3,5,118.01896643638611
3194,3.55,10,118.0557873249054
3195,3.55,10,118.10363388061523
3196,4.6000000000000005,3,118.13594889640808
3197,4.75,2,118.15778422355652
3198,4.3,5,118.19232320785522
3199,4.6000000000000005,3,118.2284197807312
3200,3.4,11,118.27423906326294
3201,4.0,7,118.31165504455566
3202,4.3,5,118.3467001914978
3203,3.55,10,118.38626599311829
3204,4.15,6,118.41964888572693
3205,4.75,2,118.44800209999084
3206,4.6000000000000005,3,118.47456932067871
3207,3.6999999999999997,9,118.51478886604309
3208,3.85,8,118.55034923553467
3209,-3.4,9,118.73152017593384
3210,4.15,6,118.76271200180054
3211,4.15,6,118.79150199890137
3212,3.4,11,118.83055019378662
3213,4.75,2,118.85913872718811
3214,4.3,5,118.89178156852722
3215,4.3,5,118.92935347557068
3216,4.0,7,118.96754884719849
3217,4.6000000000000005,3,118.99335503578186
3218,4.449999999999999,4,119.02233052253723
3219,3.85,8,119.05642223358154
3220,4.75,2,119.08295369148254
3221,4.9,1,119.1064076423645
3222,3.85,8,119.14241790771484
3223,3.85,8,119.17561030387878
3224,3.25,12,119.21565318107605
3225,4.75,2,119.24422311782837
3226,4.6000000000000005,3,119.27115559577942
3227,4.75,2,119.29790687561035
3228,4.3,5,119.32622694969177
3229,4.15,6,119.35911512374878
3230,3.55,10,119.39654994010925
3231,4.449999999999999,4,119.4231653213501
3232,4.75,2,119.45107793807983
3233,4.15,6,119.484934091568
3234,4.3,5,119.51716494560242
3235,4.3,5,119.54990220069885
3236,4.449999999999999,4,119.58366131782532
3237,3.85,8,119.61952376365662
3238,4.3,5,119.65434002876282
3239,4.15,6,119.69154405593872
3240,4.6000000000000005,3,119.7200140953064
3241,4.15,6,119.75588488578796
3242,4.3,5,119.78739762306213
3243,3.4,11,119.82785677909851
3244,4.449999999999999,4,119.85532903671265
3245,3.55,10,119.88961338996887
3246,3.85,8,119.92975115776062
3247,4.6000000000000005,3,119.95962190628052
3248,4.75,2,119.9879105091095
3249,4.6000000000000005,3,120.01410675048828
3250,4.15,6,120.04971432685852
3251,4.6000000000000005,3,120.07696723937988
3252,4.6000000000000005,3,120.10195708274841
3253,4.449999999999999,4,120.12865018844604
3254,4.3,5,120.15704345703125
3255,3.55,10,120.19182777404785
3256,4.3,5,120.3829243183136
3257,4.449999999999999,4,120.42166185379028
3258,3.6999999999999997,9,120.45894408226013
3259,4.449999999999999,4,120.490647315979
3260,3.4,11,120.52362632751465
3261,4.0,7,120.5556628704071
3262,-1.75,15,120.60318183898926
3263,3.4,11,120.64631628990173
3264,4.15,6,120.67715358734131
3265,4.449999999999999,4,120.70723342895508
3266,4.449999999999999,4,120.73187232017517
3267,4.9,1,120.75524163246155
3268,4.15,6,120.78508138656616
3269,3.6999999999999997,9,120.81803059577942
3270,-1.75,15,120.86687660217285
3271,4.6000000000000005,3,120.89156460762024
3272,4.449999999999999,4,120.92408180236816
3273,4.15,6,120.95522832870483
3274,4.15,6,120.9859185218811
3275,3.55,10,121.02401208877563
3276,-1.75,15,121.06973552703857
3277,4.449999999999999,4,121.10255837440491
3278,4.0,7,121.13921570777893
3279,4.449999999999999,4,121.17206597328186
3280,4.449999999999999,4,121.20425629615784
3281,4.6000000000000005,3,121.24081015586853
3282,4.15,6,121.2738082408905
3283,4.0,7,121.30790638923645
3284,3.6999999999999997,9,121.34346747398376
3285,4.0,7,121.375314950943
3286,4.75,2,121.4008641242981
3287,4.15,6,121.43345928192139
3288,4.449999999999999,4,121.4605758190155
3289,4.9,1,121.48721385002136
3290,4.3,5,121.51972818374634
3291,4.449999999999999,4,121.55019187927246
3292,4.449999999999999,4,121.58036923408508
3293,4.6000000000000005,3,121.61322116851807
3294,3.85,8,121.65411114692688
3295,2.9499999999999997,14,121.70574808120728
3296,4.3,5,121.87877488136292
3297,4.9,1,121.89961338043213
3298,4.0,7,121.9351806640625
3299,-1.75,15,121.99003839492798
3300,4.9,1,122.01319169998169
3301,4.6000000000000005,3,122.03866386413574
3302,4.3,5,122.06673240661621
3303,4.75,2,122.0917489528656
3304,4.75,2,122.1148931980133
3305,4.15,6,122.14510583877563
3306,4.3,5,122.1760950088501
3307,4.6000000000000005,3,122.21164846420288
3308,4.449999999999999,4,122.24252820014954
3309,-1.75,15,122.28694200515747
3310,4.75,2,122.31331896781921
3311,4.75,2,122.34077954292297
3312,3.85,8,122.3729362487793
3313,4.6000000000000005,3,122.40225458145142
3314,4.6000000000000005,3,122.43142700195312
3315,4.6000000000000005,3,122.45675611495972
3316,4.449999999999999,4,122.49009776115417
3317,-1.75,15,122.53766369819641
3318,3.4,11,122.57741498947144
3319,4.6000000000000005,3,122.60744571685791
3320,4.449999999999999,4,122.6354968547821
3321,4.15,6,122.67024326324463
3322,3.55,10,122.70708703994751
3323,4.0,7,122.74277448654175
3324,4.0,7,122.77699780464172
3325,4.449999999999999,4,122.80354928970337
3326,4.15,6,122.83544707298279
3327,3.4,11,122.87419319152832
3328,4.9,1,122.89437890052795
3329,3.6999999999999997,9,122.93812966346741
3330,4.449999999999999,4,122.9719123840332
3331,4.0,7,123.0159204006195
3332,-3.15,4,123.0476861000061
3333,4.449999999999999,4,123.07534980773926
3334,4.6000000000000005,3,123.1019639968872
3335,4.9,1,123.13063836097717
3336,3.6999999999999997,9,123.16862320899963
3337,3.85,8,123.19834399223328
3338,4.449999999999999,4,123.22136759757996
3339,4.15,6,123.26001787185669
3340,3.55,10,123.30026197433472
3341,4.3,5,123.48458290100098
3342,4.9,1,123.50462174415588
3343,4.0,7,123.53996658325195
3344,4.15,6,123.57018661499023
3345,3.85,8,123.6063084602356
3346,4.449999999999999,4,123.63587808609009
3347,4.3,5,123.66762256622314
3348,4.449999999999999,4,123.69200134277344
3349,3.4,11,123.73044562339783
3350,4.6000000000000005,3,123.7548418045044
3351,4.6000000000000005,3,123.78178858757019
3352,4.6000000000000005,3,123.80588817596436
3353,4.449999999999999,4,123.83421111106873
3354,-1.75,15,123.87539148330688
3355,4.3,5,123.90339803695679
3356,2.9499999999999997,14,123.94904160499573
3357,-1.75,15,123.99367833137512
3358,3.55,10,124.03584933280945
3359,4.75,2,124.0575544834137
3360,4.75,2,124.08978700637817
3361,4.449999999999999,4,124.11875510215759
3362,4.75,2,124.14259266853333
3363,4.75,2,124.17074227333069
3364,4.3,5,124.20110583305359
3365,4.3,5,124.23197507858276
3366,4.75,2,124.25963020324707
3367,3.4,11,124.31360602378845
3368,4.0,7,124.34617233276367
3369,4.9,1,124.37122774124146
3370,4.3,5,124.40134191513062
3371,3.55,10,124.4372923374176
3372,4.15,6,124.46995854377747
3373,4.9,1,124.49449610710144
3374,4.449999999999999,4,124.52397274971008
3375,4.15,6,124.55965733528137
3376,4.6000000000000005,3,124.5938081741333
3377,4.0,7,124.62848615646362
3378,4.15,6,124.65846633911133
3379,4.0,7,124.68936252593994
3380,4.75,2,124.7214195728302
3381,4.15,6,124.75396776199341
3382,4.6000000000000005,3,124.78214073181152
3383,4.3,5,124.81149530410767
3384,4.449999999999999,4,124.83857274055481
3385,4.6000000000000005,3,124.87002182006836
3386,4.6000000000000005,3,124.89975214004517
3387,4.15,6,124.93471431732178
3388,4.6000000000000005,3,124.96447944641113
3389,4.3,5,125.13299560546875
3390,3.4,11,125.16933393478394
3391,4.3,5,125.19907569885254
3392,3.4,11,125.23398685455322
3393,4.75,2,125.25708174705505
3394,4.9,1,125.28737449645996
3395,4.3,5,125.32652115821838
3396,4.6000000000000005,3,125.35941576957703
3397,4.75,2,125.39140343666077
3398,4.9,1,125.42065167427063
3399,4.449999999999999,4,125.45501446723938
3400,4.3,5,125.48595881462097
3401,4.3,5,125.51900839805603
3402,4.9,1,125.54927897453308
3403,4.0,7,125.58710527420044
3404,4.6000000000000005,3,125.62014031410217
3405,3.85,8,125.6613929271698
3406,4.3,5,125.69229435920715
3407,4.6000000000000005,3,125.72102236747742
3408,4.6000000000000005,3,125.7489185333252
3409,3.4,11,125.79478907585144
3410,3.25,12,125.83553147315979
3411,4.75,2,125.86178302764893
3412,4.6000000000000005,3,125.88657236099243
3413,4.6000000000000005,3,125.91208910942078
3414,4.449999999999999,4,125.9417610168457
3415,3.55,10,125.98788857460022
3416,4.0,7,126.02284264564514
3417,4.6000000000000005,3,126.05142664909363
3418,4.75,2,126.07914543151855
3419,4.9,1,126.10375189781189
3420,4.75,2,126.13144755363464
3421,4.449999999999999,4,126.16836905479431
3422,-3.15,4,126.19786787033081
3423,3.4,11,126.23687934875488
3424,4.449999999999999,4,126.26655840873718
3425,4.0,7,126.29948735237122
3426,4.0,7,126.33373761177063
3427,4.6000000000000005,3,126.35787677764893
3428,4.75,2,126.38527727127075
3429,4.15,6,126.41932582855225
3430,4.0,7,126.45265340805054
3431,4.6000000000000005,3,126.48277425765991
3432,-3.5,11,126.5189094543457
3433,3.1,13,126.55958247184753
3434,4.3,5,126.5886378288269
3435,4.6000000000000005,3,126.6165840625763
3436,4.9,1,126.64016914367676
3437,4.15,6,126.6683578491211
3438,4.0,7,126.69826245307922
3439,-1.75,15,126.88249087333679
3440,4.3,5,126.91030597686768
3441,4.449999999999999,4,126.93905854225159
3442,4.449999999999999,4,126.96867966651917
3443,3.55,10,127.00401854515076
3444,4.15,6,127.03016090393066
3445,4.449999999999999,4,127.05786156654358
3446,4.3,5,127.08842039108276
3447,4.75,2,127.11055660247803
3448,4.15,6,127.14325022697449
3449,4.3,5,127.17434597015381
3450,4.15,6,127.20328426361084
3451,4.449999999999999,4,127.22991871833801
3452,4.3,5,127.25841951370239
3453,4.3,5,127.28900074958801
3454,4.0,7,127.3232810497284
3455,4.3,5,127.35336089134216
3456,4.3,5,127.38182950019836
3457,4.15,6,127.41428232192993
3458,4.3,5,127.44490051269531
3459,4.75,2,127.47120547294617
3460,4.449999999999999,4,127.50341796875
3461,4.449999999999999,4,127.53465867042542
3462,4.449999999999999,4,127.56233215332031
3463,3.4,11,127.6070122718811
3464,4.15,6,127.6417806148529
3465,4.15,6,127.68090510368347
3466,4.75,2,127.70844578742981
3467,3.85,8,127.74665713310242
3468,4.449999999999999,4,127.78309202194214
3469,-3.35,8,127.8236894607544
3470,4.449999999999999,4,127.85588765144348
3471,4.3,5,127.8842625617981
3472,4.6000000000000005,3,127.90927720069885
3473,4.449999999999999,4,127.93629121780396
3474,3.85,8,127.97050952911377
3475,4.0,7,128.0116903781891
3476,4.3,5,128.04637241363525
3477,4.3,5,128.075856924057
3478,4.0,7,128.11664819717407
3479,-1.75,15,128.1568958759308
3480,4.75,2,128.18178987503052
3481,3.85,8,128.2195427417755
3482,3.55,10,128.25452637672424
3483,4.3,5,128.28304266929626
3484,4.3,5,128.45407271385193
3485,4.6000000000000005,3,128.47843074798584
3486,4.6000000000000005,3,128.506817817688
3487,4.75,2,128.5343656539917
3488,4.449999999999999,4,128.56280136108398
3489,4.6000000000000005,3,128.58961129188538
3490,4.449999999999999,4,128.6197099685669
3491,4.75,2,128.6411271095276
3492,3.6999999999999997,9,128.67571473121643
3493,4.75,2,128.69782710075378
3494,3.4,11,128.7340407371521
3495,4.9,1,128.7560760974884
3496,3.4,11,128.79794049263
3497,4.449999999999999,4,128.8247742652893
3498,4.15,6,128.85759735107422
3499,4.75,2,128.88005232810974
3500,4.6000000000000005,3,128.91211366653442
3501,3.55,10,128.95739603042603
3502,3.4,11,129.00369358062744
3503,4.15,6,129.03625345230103
3504,3.6999999999999997,9,129.0734465122223
3505,4.6000000000000005,3,129.10632634162903
3506,4.6000000000000005,3,129.13687872886658
3507,3.25,12,129.18086695671082
3508,4.9,1,129.20795106887817
3509,4.75,2,129.23129105567932
3510,4.0,7,129.26735377311707
3511,4.449999999999999,4,129.29647135734558
3512,4.15,6,129.33658361434937
3513,4.0,7,129.37487316131592
3514,4.6000000000000005,3,129.4047179222107
3515,4.6000000000000005,3,129.4382882118225
3516,3.85,8,129.47068071365356
3517,4.6000000000000005,3,129.49825191497803
3518,4.6000000000000005,3,129.5233724117279
3519,4.15,6,129.56054854393005
3520,4.6000000000000005,3,129.59378242492676
3521,4.6000000000000005,3,129.62250685691833
3522,4.449999999999999,4,129.65044355392456
3523,4.75,2,129.67721462249756
3524,4.9,1,129.69964170455933
3525,3.85,8,129.733491897583
3526,4.6000000000000005,3,129.75675988197327
3527,3.6999999999999997,9,129.79532313346863
3528,-1.75,15,129.83715915679932
3529,4.0,7,129.86739110946655
3530,3.85,8,129.89913272857666
3531,-1.75,15,130.10224032402039
3532,4.15,6,130.13801789283752
3533,4.75,2,130.16451597213745
3534,4.449999999999999,4,130.19379949569702
3535,4.449999999999999,4,130.2214856147766
3536,4.6000000000000005,3,130.246502161026
3537,4.6000000000000005,3,130.281644821167
3538,4.15,6,130.3157024383545
3539,4.3,5,130.34646010398865
3540,3.1,13,130.38881301879883
3541,4.3,5,130.41874718666077
3542,3.55,10,130.45710730552673
3543,4.75,2,130.48440837860107
3544,4.3,5,130.51476621627808
3545,4.0,7,130.54893827438354
3546,3.85,8,130.58410692214966
3547,4.15,6,130.61317825317383
3548,4.15,6,130.64375853538513
3549,4.3,5,130.67561268806458
3550,4.3,5,130.70748686790466
3551,4.3,5,130.73674893379211
3552,4.6000000000000005,3,130.76766109466553
3553,3.55,10,130.81560015678406
3554,-1.75,15,130.86387610435486
3555,4.15,6,130.89990496635437
3556,4.6000000000000005,3,130.934876203537
3557,4.449999999999999,4,130.9660141468048
3558,-3.6,13,131.01047587394714
3559,4.3,5,131.0476062297821
3560,4.75,2,131.0692286491394
3561,4.449999999999999,4,131.0990662574768
3562,4.9,1,131.12267899513245
3563,4.75,2,131.15154433250427
3564,4.75,2,131.17687129974365
3565,4.6000000000000005,3,131.20685720443726
3566,4.75,2,131.23810076713562
3567,3.85,8,131.27200961112976
3568,4.449999999999999,4,131.3056640625
3569,4.6000000000000005,3,131.33997774124146
3570,4.6000000000000005,3,131.36678290367126
3571,4.6000000000000005,3,131.39816093444824
3572,4.3,5,131.4330542087555
3573,3.4,11,131.4848918914795
3574,4.0,7,131.51929378509521
3575,4.3,5,131.54917883872986
3576,-3.25,6,131.58294010162354
3577,3.6999999999999997,9,131.61737084388733
3578,-3.05,2,131.6459925174713
3579,4.3,5,131.81380891799927
3580,4.0,7,131.84809041023254
3581,4.449999999999999,4,131.88101959228516
3582,4.75,2,131.90216612815857
3583,3.25,12,131.94900941848755
3584,4.15,6,131.97637152671814
3585,4.15,6,132.00774908065796
3586,4.6000000000000005,3,132.05036783218384
3587,4.449999999999999,4,132.07805395126343
3588,4.449999999999999,4,132.10752272605896
3589,3.85,8,132.14091777801514
3590,4.3,5,132.17079496383667
3591,4.3,5,132.20812964439392
3592,4.449999999999999,4,132.24072122573853
3593,4.75,2,132.27423000335693
3594,4.15,6,132.31633734703064
3595,4.449999999999999,4,132.35428404808044
3596,4.6000000000000005,3,132.3864758014679
3597,4.6000000000000005,3,132.41835117340088
3598,4.449999999999999,4,132.45368909835815
3599,3.55,10,132.50573801994324
3600,4.15,6,132.5450427532196
3601,3.85,8,132.5819878578186
3602,4.75,2,132.60867261886597
3603,3.85,8,132.64294147491455
3604,3.6999999999999997,9,132.68013978004456
3605,4.9,1,132.70531225204468
3606,4.3,5,132.7345449924469
3607,4.6000000000000005,3,132.75822067260742
3608,3.55,10,132.79002499580383
3609,4.449999999999999,4,132.81921553611755
3610,3.25,12,132.85699009895325
3611,4.6000000000000005,3,132.88381934165955
3612,4.449999999999999,4,132.9150834083557
3613,4.3,5,132.94452691078186
3614,4.6000000000000005,3,132.97132301330566
3615,4.449999999999999,4,132.99885749816895
3616,4.6000000000000005,3,133.03148460388184
3617,4.9,1,133.05380654335022
3618,4.449999999999999,4,133.08330273628235
3619,4.15,6,133.11512517929077
3620,4.9,1,133.13587975502014
3621,4.3,5,133.1670367717743
3622,4.449999999999999,4,133.19485592842102
3623,4.3,5,133.22167301177979
3624,4.75,2,133.2502613067627
3625,4.3,5,133.2768702507019
3626,4.6000000000000005,3,133.3010847568512
3627,4.3,5,133.32734155654907
3628,3.4,11,133.36790585517883
3629,4.6000000000000005,3,133.3996970653534
3630,3.55,10,133.58486223220825
3631,4.15,6,133.61640810966492
3632,4.3,5,133.6472291946411
3633,-1.75,15,133.6956272125244
3634,4.449999999999999,4,133.7260298728943
3635,4.15,6,133.75893688201904
3636,4.449999999999999,4,133.79338836669922
3637,4.75,2,133.82090973854065
3638,4.0,7,133.8620584011078
3639,4.75,2,133.89469265937805
3640,-1.75,15,133.947603225708
3641,4.0,7,133.98219060897827
3642,4.449999999999999,4,134.01161670684814
3643,4.9,1,134.0345184803009
3644,4.6000000000000005,3,134.07175397872925
3645,4.75,2,134.10272216796875
3646,4.449999999999999,4,134.13679695129395
3647,-1.75,15,134.1804072856903
3648,4.9,1,134.20540022850037
3649,4.3,5,134.23892998695374
3650,-3.2,5,134.27460098266602
3651,4.0,7,134.3073604106903
3652,4.9,1,134.3347475528717
3653,4.75,2,134.3620207309723
3654,4.9,1,134.38523769378662
3655,4.15,6,134.41856598854065
3656,4.0,7,134.44845867156982
3657,4.15,6,134.4831578731537
3658,4.75,2,134.50765585899353
3659,4.75,2,134.53160738945007
3660,4.6000000000000005,3,134.5567774772644
3661,4.15,6,134.58924508094788
3662,4.0,7,134.62437200546265
3663,3.85,8,134.66608548164368
3664,4.0,7,134.69966888427734
3665,3.6999999999999997,9,134.7359492778778
3666,4.9,1,134.76099610328674
3667,-1.75,15,134.8062825202942
3668,4.15,6,134.83712244033813
3669,4.0,7,134.87979793548584
3670,4.3,5,134.90919995307922
3671,3.55,10,134.94625115394592
3672,4.75,2,134.96979808807373
3673,3.85,8,135.0080907344818
3674,4.75,2,135.03604412078857
3675,4.6000000000000005,3,135.06636786460876
3676,4.3,5,135.0960032939911
3677,4.75,2,135.27537441253662
3678,4.449999999999999,4,135.3034908771515
3679,4.3,5,135.33561611175537
3680,4.3,5,135.36583256721497
3681,4.75,2,135.40074944496155
3682,4.6000000000000005,3,135.43076944351196
3683,4.449999999999999,4,135.46017289161682
3684,4.0,7,135.4954478740692
3685,4.3,5,135.52415657043457
3686,4.449999999999999,4,135.55568718910217
3687,4.75,2,135.58757853507996
3688,4.75,2,135.6173779964447
3689,-3.15,4,135.65397191047668
3690,4.9,1,135.68254733085632
3691,4.6000000000000005,3,135.71531653404236
3692,3.85,8,135.75895643234253
3693,3.1,13,135.8001570701599
3694,4.6000000000000005,3,135.82698392868042
3695,4.15,6,135.86453104019165
3696,4.6000000000000005,3,135.8900272846222
3697,4.449999999999999,4,135.9170172214508
3698,4.449999999999999,4,135.94566082954407
3699,-1.75,15,135.99502515792847
3700,4.449999999999999,4,136.03090238571167
3701,4.6000000000000005,3,136.0599684715271
3702,3.55,10,136.0959813594818
3703,4.75,2,136.11807584762573
3704,4.6000000000000005,3,136.14439630508423
3705,4.6000000000000005,3,136.16928124427795
3706,4.449999999999999,4,136.19977235794067
3707,4.449999999999999,4,136.22744512557983
3708,4.0,7,136.25711035728455
3709,4.0,7,136.28913283348083
3710,4.15,6,136.3182656764984
3711,4.3,5,136.34993958473206
3712,4.3,5,136.37583684921265
3713,4.3,5,136.4079990386963
3714,3.55,10,136.44441843032837
3715,4.449999999999999,4,136.47738432884216
3716,4.3,5,136.5079002380371
3717,3.85,8,136.54149174690247
3718,4.75,2,136.56683325767517
3719,4.15,6,136.59861660003662
3720,4.15,6,136.6299250125885
3721,4.0,7,136.66160941123962
3722,4.15,6,136.6899516582489
3723,4.0,7,136.72099232673645
3724,4.75,2,136.7441704273224
3725,4.0,7,136.78416633605957
3726,4.0,7,136.8215663433075
3727,4.3,5,137.02032899856567
3728,-1.75,15,137.06804966926575
3729,4.3,5,137.0956211090088
3730,4.3,5,137.12998962402344
3731,4.449999999999999,4,137.1634042263031
3732,4.9,1,137.18878698349
3733,4.75,2,137.2231159210205
3734,3.55,10,137.2623028755188
3735,4.3,5,137.29423570632935
3736,4.6000000000000005,3,137.32435178756714
3737,-1.75,15,137.3736081123352
3738,4.449999999999999,4,137.4057023525238
3739,4.3,5,137.44291424751282
3740,4.6000000000000005,3,137.47316336631775
3741,4.9,1,137.49912691116333
3742,4.6000000000000005,3,137.53127551078796
3743,4.449999999999999,4,137.55777859687805
3744,4.15,6,137.5898518562317
3745,4.6000000000000005,3,137.62174224853516
3746,4.6000000000000005,3,137.6489293575287
3747,4.6000000000000005,3,137.67532539367676
3748,4.75,2,137.69989848136902
3749,4.449999999999999,4,137.724853515625
3750,4.6000000000000005,3,137.75056886672974
3751,4.75,2,137.7821807861328
3752,3.55,10,137.81859397888184
3753,4.3,5,137.84798431396484
3754,4.6000000000000005,3,137.87467789649963
3755,4.6000000000000005,3,137.90261840820312
3756,4.3,5,137.93942046165466
3757,4.75,2,137.96840810775757
3758,4.3,5,137.99629640579224
3759,4.6000000000000005,3,138.02207398414612
3760,4.6000000000000005,3,138.0487802028656
3761,4.75,2,138.07174706459045
3762,4.3,5,138.10386323928833
3763,-3.5,11,138.14714097976685
3764,4.6000000000000005,3,138.1701807975769
3765,4.75,2,138.19636297225952
3766,4.3,5,138.22412109375
3767,4.3,5,138.25468802452087
3768,4.15,6,138.2873876094818
3769,3.85,8,138.3208930492401
3770,3.85,8,138.35325050354004
3771,4.0,7,138.38966012001038
3772,4.15,6,138.4221363067627
3773,3.25,12,138.46555948257446
3774,3.85,8,138.5050129890442
3775,4.0,7,138.54627084732056
3776,4.9,1,138.57146501541138
3777,4.6000000000000005,3,138.60275435447693
3778,3.55,10,138.80394768714905
3779,4.75,2,138.82731199264526
3780,4.449999999999999,4,138.85286593437195
3781,4.15,6,138.8826401233673
3782,4.449999999999999,4,138.91540837287903
3783,4.3,5,138.94477605819702
3784,4.0,7,138.97842621803284
3785,4.449999999999999,4,139.01061511039734
3786,4.3,5,139.0465018749237
3787,4.3,5,139.0811951160431
3788,4.15,6,139.117351770401
3789,3.4,11,139.1553065776825
3790,4.0,7,139.18848538398743
3791,4.15,6,139.22424459457397
3792,4.6000000000000005,3,139.24834060668945
3793,4.3,5,139.2780156135559
3794,4.449999999999999,4,139.30713391304016
3795,3.55,10,139.34717869758606
3796,3.85,8,139.3785629272461
3797,4.75,2,139.40373873710632
3798,4.6000000000000005,3,139.42740964889526
3799,4.6000000000000005,3,139.45212817192078
3800,-1.75,15,139.4996886253357
3801,4.75,2,139.52980637550354
3802,4.449999999999999,4,139.56802248954773
3803,4.0,7,139.60659956932068
3804,3.85,8,139.64447283744812
3805,4.6000000000000005,3,139.6729712486267
3806,4.6000000000000005,3,139.69750785827637
3807,4.6000000000000005,3,139.7250258922577
3808,4.6000000000000005,3,139.74661445617676
3809,4.449999999999999,4,139.77240324020386
3810,4.15,6,139.80124044418335
3811,3.6999999999999997,9,139.83307600021362
3812,3.85,8,139.86193537712097
3813,4.75,2,139.88543009757996
3814,4.75,2,139.9107232093811
3815,4.9,1,139.93441772460938
3816,4.15,6,139.97437477111816
3817,3.25,12,140.01653718948364
3818,4.75,2,140.04210114479065
3819,3.6999999999999997,9,140.07967829704285
3820,3.4,11,140.11959147453308
3821,3.55,10,140.15552306175232
3822,4.6000000000000005,3,140.18357515335083
3823,4.15,6,140.21557879447937
3824,4.449999999999999,4,140.39526462554932
3825,4.449999999999999,4,140.42615461349487
3826,4.6000000000000005,3,140.45320296287537
3827,4.6000000000000005,3,140.48365545272827
3828,4.75,2,140.5087275505066
3829,4.15,6,140.54322457313538
3830,4.0,7,140.57751655578613
3831,4.0,7,140.61246585845947
3832,4.0,7,140.65297532081604
3833,4.449999999999999,4,140.68083834648132
3834,4.6000000000000005,3,140.70450830459595
3835,4.449999999999999,4,140.73124480247498
3836,4.15,6,140.76188230514526
3837,4.6000000000000005,3,140.78878736495972
3838,4.15,6,140.81958055496216
3839,3.6999999999999997,9,140.85383915901184
3840,4.3,5,140.88341856002808
3841,4.6000000000000005,3,140.9070954322815
3842,4.15,6,140.93503093719482
3843,4.15,6,140.96536827087402
3844,4.6000000000000005,3,140.98908591270447
3845,4.9,1,141.0136501789093
3846,4.75,2,141.03824877738953
3847,3.4,11,141.0763816833496
3848,4.3,5,141.10872721672058
3849,4.75,2,141.13641381263733
3850,4.9,1,141.162855386734
3851,4.75,2,141.18978333473206
3852,4.75,2,141.2140874862671
3853,4.6000000000000005,3,141.23834228515625
3854,4.6000000000000005,3,141.26530289649963
3855,4.9,1,141.28909182548523
3856,4.3,5,141.31899976730347
3857,3.25,12,141.36427807807922
3858,4.449999999999999,4,141.3922061920166
3859,3.85,8,141.42570447921753
3860,3.6999999999999997,9,141.4652168750763
3861,3.85,8,141.5005967617035
3862,4.0,7,141.53216767311096
3863,3.4,11,141.5727014541626
3864,4.6000000000000005,3,141.6034460067749
3865,-1.75,15,141.65274572372437
3866,4.15,6,141.68353414535522
3867,4.449999999999999,4,141.71355485916138
3868,3.6999999999999997,9,141.74670457839966
3869,4.6000000000000005,3,141.77196598052979
3870,4.9,1,141.7945852279663
3871,4.449999999999999,4,141.82154870033264
3872,4.449999999999999,4,141.85318183898926
3873,4.9,1,141.87709522247314
3874,4.3,5,141.91178941726685
3875,4.0,7,142.1069495677948
3876,-1.75,15,142.15927743911743
3877,4.0,7,142.19557809829712
3878,4.9,1,142.21946239471436
3879,4.3,5,142.25790119171143
3880,4.15,6,142.29051518440247
3881,3.55,10,142.33042812347412
3882,4.449999999999999,4,142.3608798980713
3883,3.6999999999999997,9,142.39815258979797
3884,3.85,8,142.4357614517212
3885,4.75,2,142.46307253837585
3886,4.6000000000000005,3,142.4878284931183
3887,3.4,11,142.5361750125885
3888,3.85,8,142.5850145816803
3889,4.3,5,142.62127041816711
3890,4.75,2,142.65203881263733
3891,4.3,5,142.68189978599548
3892,4.15,6,142.71403813362122
3893,3.25,12,142.74866938591003
3894,3.4,11,142.7845160961151
3895,4.3,5,142.81107568740845
3896,4.3,5,142.83851861953735
3897,3.55,10,142.87545561790466
3898,4.6000000000000005,3,142.90228271484375
3899,-1.75,15,142.94622349739075
3900,4.449999999999999,4,142.97249960899353
3901,4.6000000000000005,3,143.00006484985352
3902,4.75,2,143.03018450737
3903,4.449999999999999,4,143.05871558189392
3904,4.6000000000000005,3,143.08658742904663
3905,4.449999999999999,4,143.11840057373047
3906,4.3,5,143.14901852607727
3907,4.15,6,143.182302236557
3908,4.15,6,143.21416401863098
3909,4.75,2,143.24599981307983
3910,4.449999999999999,4,143.27488255500793
3911,3.6999999999999997,9,143.31819200515747
3912,4.449999999999999,4,143.34657883644104
3913,4.15,6,143.3780505657196
3914,4.15,6,143.40983724594116
3915,4.75,2,143.44064164161682
3916,4.6000000000000005,3,143.47843027114868
3917,4.15,6,143.51492357254028
3918,4.75,2,143.54139733314514
3919,4.9,1,143.56616139411926
3920,4.6000000000000005,3,143.59090375900269
3921,3.6999999999999997,9,143.77217054367065
3922,3.6999999999999997,9,143.80716061592102
3923,4.15,6,143.835773229599
3924,4.449999999999999,4,143.8612403869629
3925,3.6999999999999997,9,143.8957438468933
3926,3.1,13,143.93519949913025
3927,4.15,6,143.96706080436707
3928,4.75,2,143.9891438484192
3929,4.3,5,144.02063083648682
3930,4.449999999999999,4,144.05012369155884
3931,4.15,6,144.08015131950378
3932,4.3,5,144.10713839530945
3933,4.75,2,144.13528656959534
3934,3.6999999999999997,9,144.171000957489
3935,4.449999999999999,4,144.20007514953613
3936,4.3,5,144.23383927345276
3937,-1.75,15,144.28925228118896
3938,4.15,6,144.32618284225464
3939,4.3,5,144.36355328559875
3940,4.9,1,144.38956308364868
3941,-1.75,15,144.4400177001953
3942,3.6999999999999997,9,144.47428607940674
3943,4.449999999999999,4,144.50509691238403
3944,3.6999999999999997,9,144.5501115322113
3945,4.6000000000000005,3,144.58088207244873
3946,4.75,2,144.604736328125
3947,4.75,2,144.63188219070435
3948,4.75,2,144.66000247001648
3949,4.449999999999999,4,144.6924512386322
3950,3.1,13,144.73331689834595
3951,4.3,5,144.76391053199768
3952,4.449999999999999,4,144.79181170463562
3953,4.0,7,144.82219552993774
3954,4.449999999999999,4,144.84930849075317
3955,4.15,6,144.88156461715698
3956,-1.75,15,144.92872142791748
3957,3.6999999999999997,9,144.9663701057434
3958,4.0,7,145.0001242160797
3959,4.15,6,145.03008365631104
3960,4.3,5,145.05833196640015
3961,4.449999999999999,4,145.24118542671204
3962,4.3,5,145.26876425743103
3963,3.6999999999999997,9,145.31046867370605
3964,4.449999999999999,4,145.34501838684082
3965,4.75,2,145.36753177642822
3966,4.449999999999999,4,145.39246726036072
3967,4.0,7,145.42896676063538
3968,4.449999999999999,4,145.4581320285797
3969,4.3,5,145.48670983314514
3970,4.449999999999999,4,145.5169107913971
3971,4.15,6,145.55060625076294
3972,3.55,10,145.58728861808777
3973,3.4,11,145.62984132766724
3974,4.9,1,145.65382027626038
3975,4.3,5,145.68434357643127
3976,4.0,7,145.72223711013794
3977,4.0,7,145.75294637680054
3978,3.85,8,145.7851483821869
3979,4.449999999999999,4,145.8168182373047
3980,4.449999999999999,4,145.8429238796234
3981,4.449999999999999,4,145.87055730819702
3982,4.15,6,145.9015667438507
3983,3.85,8,145.9341197013855
3984,4.6000000000000005,3,145.9572150707245
3985,4.75,2,145.9816815853119
3986,4.6000000000000005,3,146.01342391967773
3987,3.25,12,146.05125403404236
3988,4.6000000000000005,3,146.080011844635
3989,4.3,5,146.1088833808899
3990,4.6000000000000005,3,146.13403296470642
3991,3.4,11,146.17761373519897
3992,4.449999999999999,4,146.20571637153625
3993,4.9,1,146.22982215881348
3994,4.449999999999999,4,146.25653529167175
3995,4.75,2,146.2837781906128
3996,4.15,6,146.3175709247589
3997,4.15,6,146.34940433502197
3998,3.4,11,146.39208221435547
3999,4.3,5,146.43149256706238
4000,3.55,10,146.47492218017578
4001,4.15,6,146.50691938400269
4002,4.75,2,146.5340085029602
4003,4.3,5,146.5700659751892
4004,4.449999999999999,4,146.60014724731445
4005,3.55,10,146.64635848999023
4006,4.75,2,146.6784110069275
4007,4.15,6,146.71369743347168
4008,4.0,7,146.88644981384277
4009,4.449999999999999,4,146.91433548927307
4010,4.6000000000000005,3,146.93903589248657
4011,4.449999999999999,4,146.968190908432
4012,4.3,5,146.99712085723877
4013,3.25,12,147.032949924469
4014,4.449999999999999,4,147.05905985832214
4015,3.6999999999999997,9,147.0921459197998
4016,4.75,2,147.11719918251038
4017,4.0,7,147.1514027118683
4018,3.85,8,147.1892855167389
4019,3.55,10,147.23251104354858
4020,3.55,10,147.27079391479492
4021,4.6000000000000005,3,147.29976987838745
4022,4.449999999999999,4,147.3256275653839
4023,4.3,5,147.35494947433472
4024,3.4,11,147.39112520217896
4025,3.85,8,147.42417693138123
4026,4.449999999999999,4,147.45247220993042
4027,4.3,5,147.48487329483032
4028,4.0,7,147.5165045261383
4029,4.0,7,147.55058479309082
4030,4.75,2,147.5814826488495
4031,4.15,6,147.61057877540588
4032,4.449999999999999,4,147.6375653743744
4033,4.15,6,147.66829228401184
4034,4.3,5,147.69929003715515
4035,3.25,12,147.74054074287415
4036,4.15,6,147.77249240875244
4037,4.75,2,147.79828095436096
4038,4.6000000000000005,3,147.82724738121033
4039,4.75,2,147.85340118408203
4040,4.9,1,147.87877798080444
4041,4.449999999999999,4,147.90539574623108
4042,4.449999999999999,4,147.9333872795105
4043,4.3,5,147.96635460853577
4044,4.449999999999999,4,147.99850368499756
4045,-3.05,2,148.0288324356079
4046,4.6000000000000005,3,148.0576355457306
4047,3.6999999999999997,9,148.10179328918457
4048,4.75,2,148.12729907035828
4049,4.3,5,148.15911555290222
4050,3.1,13,148.20665621757507
4051,4.9,1,148.2300672531128
4052,4.15,6,148.2634732723236
4053,-3.15,4,148.29278206825256
4054,4.3,5,148.320170879364
4055,4.6000000000000005,3,148.34644198417664
4056,4.3,5,148.5133285522461
4057,3.55,10,148.55015087127686
4058,4.6000000000000005,3,148.5722053050995
4059,4.9,1,148.5972499847412
4060,3.6999999999999997,9,148.6301326751709
4061,4.0,7,148.660542011261
4062,4.449999999999999,4,148.68903279304504
4063,4.449999999999999,4,148.71692657470703
4064,4.15,6,148.74453020095825
4065,3.85,8,148.7803294658661
4066,4.75,2,148.80476188659668
4067,4.449999999999999,4,148.8316614627838
4068,4.6000000000000005,3,148.8569459915161
4069,-3.05,2,148.88013768196106
4070,4.15,6,148.92253017425537
4071,4.9,1,148.95175504684448
4072,3.4,11,149.0033848285675
4073,3.55,10,149.04628658294678
4074,3.85,8,149.08108067512512
4075,4.449999999999999,4,149.1051435470581
4076,4.0,7,149.13729214668274
4077,4.75,2,149.16530990600586
4078,3.6999999999999997,9,149.20552802085876
4079,4.0,7,149.23458409309387
4080,-1.75,15,149.27888917922974
4081,4.15,6,149.31121587753296
4082,4.9,1,149.33645844459534
4083,3.85,8,149.37501430511475
4084,4.75,2,149.40341520309448
4085,4.3,5,149.43591117858887
4086,4.75,2,149.46605134010315
4087,3.25,12,149.50890469551086
4088,4.75,2,149.53570008277893
4089,4.3,5,149.57022643089294
4090,3.55,10,149.60954093933105
4091,4.0,7,149.65333819389343
4092,4.15,6,149.6864914894104
4093,4.6000000000000005,3,149.71480131149292
4094,4.3,5,149.74427247047424
4095,3.25,12,149.78577589988708
4096,-1.75,15,149.82947278022766
4097,4.6000000000000005,3,149.85759115219116
4098,4.449999999999999,4,149.89406394958496
4099,4.449999999999999,4,150.0655689239502
4100,3.6999999999999997,9,150.10034132003784
4101,4.3,5,150.13024353981018
4102,3.55,10,150.16630172729492
4103,-1.75,15,150.21163535118103
4104,4.3,5,150.24095106124878
4105,4.0,7,150.27810215950012
4106,3.55,10,150.32279229164124
4107,4.3,5,150.35651659965515
4108,4.0,7,150.38945817947388
4109,4.75,2,150.41508507728577
4110,3.85,8,150.4482409954071
4111,4.6000000000000005,3,150.47574257850647
4112,-1.75,15,150.51893520355225
4113,4.75,2,150.55019688606262
4114,4.75,2,150.57766246795654
4115,4.3,5,150.61242842674255
4116,-1.75,15,150.66185927391052
4117,3.25,12,150.70402216911316
4118,4.75,2,150.7270975112915
4119,4.3,5,150.75567030906677
4120,4.6000000000000005,3,150.7876558303833
4121,3.6999999999999997,9,150.82311534881592
4122,3.85,8,150.85955047607422
4123,3.85,8,150.8917841911316
4124,4.3,5,150.92346382141113
4125,4.449999999999999,4,150.95233869552612
4126,4.6000000000000005,3,150.98299431800842
4127,4.6000000000000005,3,151.00790357589722
4128,4.3,5,151.04223155975342
4129,3.4,11,151.08732533454895
4130,-1.75,15,151.1440508365631
4131,4.75,2,151.17546916007996
4132,3.85,8,151.20999765396118
4133,-3.4,9,151.24597597122192
4134,4.449999999999999,4,151.2792661190033
4135,4.15,6,151.31505131721497
4136,4.0,7,151.53150749206543
4137,4.6000000000000005,3,151.5617072582245
4138,4.6000000000000005,3,151.59158444404602
4139,4.449999999999999,4,151.62643551826477
4140,4.0,7,151.6632583141327
4141,3.4,11,151.70002031326294
4142,4.75,2,151.72185039520264
4143,4.0,7,151.75512146949768
4144,3.6999999999999997,9,151.78833079338074
4145,4.449999999999999,4,151.81964707374573
4146,3.85,8,151.85769629478455
4147,4.3,5,151.8894453048706
4148,4.6000000000000005,3,151.92185616493225
4149,4.75,2,151.9459125995636
4150,4.449999999999999,4,151.97114324569702
4151,4.449999999999999,4,151.99960136413574
4152,4.75,2,152.02775621414185
4153,4.0,7,152.0635027885437
4154,3.25,12,152.1030957698822
4155,4.6000000000000005,3,152.13273668289185
4156,4.75,2,152.16239404678345
4157,-3.1,3,152.18646025657654
4158,4.6000000000000005,3,152.2165162563324
4159,4.15,6,152.2461712360382
4160,3.6999999999999997,9,152.2815399169922
4161,4.3,5,152.30910325050354
4162,4.75,2,152.33405900001526
4163,4.75,2,152.36208939552307
4164,4.449999999999999,4,152.39353680610657
4165,4.449999999999999,4,152.43000268936157
4166,4.75,2,152.45649600028992
4167,4.75,2,152.48348903656006
4168,4.15,6,152.51862716674805
4169,4.6000000000000005,3,152.5497875213623
4170,4.75,2,152.57762789726257
4171,2.9499999999999997,14,152.62916827201843
4172,3.6999999999999997,9,152.6679253578186
4173,4.9,1,152.6956057548523
4174,4.9,1,152.71904635429382
4175,4.6000000000000005,3,152.74608325958252
4176,3.85,8,152.7785861492157
4177,4.6000000000000005,3,152.80602192878723
4178,4.75,2,152.83253836631775
4179,3.6999999999999997,9,152.87155675888062
4180,4.6000000000000005,3,152.90297079086304
4181,4.9,1,152.93288397789001
4182,4.449999999999999,4,152.96389985084534
4183,4.15,6,152.99449348449707
4184,3.85,8,153.02910208702087
4185,4.0,7,153.0617754459381
4186,4.449999999999999,4,153.08808660507202
4187,4.15,6,153.12579727172852
4188,4.3,5,153.15881323814392
4189,3.85,8,153.34231615066528
4190,4.3,5,153.37006902694702
4191,4.75,2,153.39690971374512
4192,3.6999999999999997,9,153.43338227272034
4193,4.15,6,153.4701006412506
4194,4.6000000000000005,3,153.50034165382385
4195,4.9,1,153.52580904960632
4196,4.3,5,153.55702352523804
4197,4.3,5,153.5852210521698
4198,4.15,6,153.62037920951843
4199,4.9,1,153.64447569847107
4200,3.85,8,153.67843341827393
4201,3.55,10,153.71870684623718
4202,4.15,6,153.74867963790894
4203,4.6000000000000005,3,153.77529573440552
4204,4.15,6,153.8050663471222
4205,3.4,11,153.83919739723206
4206,4.3,5,153.86769151687622
4207,4.75,2,153.89197182655334
4208,4.6000000000000005,3,153.91801142692566
4209,4.75,2,153.9439480304718
4210,4.9,1,153.96728897094727
4211,4.6000000000000005,3,153.9994933605194
4212,3.85,8,154.0382058620453
4213,4.3,5,154.0704116821289
4214,4.75,2,154.10169577598572
4215,4.449999999999999,4,154.13780450820923
4216,4.6000000000000005,3,154.16630339622498
4217,4.9,1,154.19295167922974
4218,4.15,6,154.23041653633118
4219,3.6999999999999997,9,154.2677915096283
4220,4.449999999999999,4,154.29672169685364
4221,3.85,8,154.3334996700287
4222,4.449999999999999,4,154.36227869987488
4223,4.449999999999999,4,154.38852190971375
4224,3.85,8,154.42116713523865
4225,4.9,1,154.44915437698364
4226,4.0,7,154.48640990257263
4227,4.449999999999999,4,154.52087116241455
4228,4.0,7,154.56228685379028
4229,4.3,5,154.59467124938965
4230,4.0,7,154.63254809379578
4231,4.3,5,154.66430163383484
4232,4.0,7,154.69517731666565
4233,4.75,2,154.7201156616211
4234,3.85,8,154.75219750404358
4235,4.15,6,154.78136157989502
4236,4.15,6,154.8091676235199
4237,4.0,7,154.83972907066345
4238,4.15,6,154.87479782104492
4239,4.0,7,155.05564427375793
4240,4.75,2,155.08279156684875
4241,4.6000000000000005,3,155.11705994606018
4242,4.3,5,155.15669536590576
4243,-3.25,6,155.19554686546326
4244,4.9,1,155.2191879749298
4245,4.6000000000000005,3,155.24659609794617
4246,-3.3,7,155.2830708026886
4247,3.6999999999999997,9,155.31881666183472
4248,-3.65,14,155.36422967910767
4249,4.449999999999999,4,155.38867115974426
4250,4.15,6,155.4166121482849
4251,4.15,6,155.45120692253113
4252,4.15,6,155.48252654075623
4253,4.449999999999999,4,155.50712823867798
4254,-3.4,9,155.54367446899414
4255,3.6999999999999997,9,155.580064535141
4256,4.3,5,155.61384105682373
4257,-3.0,1,155.6419382095337
4258,4.6000000000000005,3,155.67368602752686
4259,4.449999999999999,4,155.7085883617401
4260,4.15,6,155.74191665649414
4261,-1.75,15,155.78930568695068
4262,3.4,11,155.8301169872284
4263,4.449999999999999,4,155.86288118362427
4264,4.0,7,155.89800572395325
4265,4.0,7,155.93569922447205
4266,4.449999999999999,4,155.9671483039856
4267,4.6000000000000005,3,155.99643683433533
4268,3.6999999999999997,9,156.03430771827698
4269,-1.75,15,156.09160900115967
4270,4.6000000000000005,3,156.12887859344482
4271,3.6999999999999997,9,156.16571068763733
4272,4.3,5,156.2028250694275
4273,4.6000000000000005,3,156.2292296886444
4274,4.449999999999999,4,156.25954413414001
4275,4.75,2,156.28766107559204
4276,4.6000000000000005,3,156.31496167182922
4277,4.3,5,156.34534072875977
4278,4.6000000000000005,3,156.36951732635498
4279,4.0,7,156.40107583999634
4280,4.0,7,156.43235063552856
4281,4.449999999999999,4,156.4576392173767
4282,4.449999999999999,4,156.48643398284912
4283,4.0,7,156.52008628845215
4284,4.0,7,156.69557690620422
4285,4.75,2,156.72550988197327
4286,-1.75,15,156.77071261405945
4287,4.449999999999999,4,156.79834532737732
4288,4.75,2,156.82040333747864
4289,4.9,1,156.85049724578857
4290,-3.25,6,156.87867498397827
4291,4.0,7,156.9120635986328
4292,4.449999999999999,4,156.94034075737
4293,4.75,2,156.96973991394043
4294,4.75,2,156.99464774131775
4295,4.0,7,157.02683639526367
4296,4.449999999999999,4,157.05281138420105
4297,4.449999999999999,4,157.08227372169495
4298,4.3,5,157.11166286468506
4299,4.15,6,157.14301443099976
4300,4.6000000000000005,3,157.16948080062866
4301,4.75,2,157.19718074798584
4302,4.75,2,157.2192051410675
4303,4.9,1,157.24300456047058
4304,4.449999999999999,4,157.27712750434875
4305,3.6999999999999997,9,157.31530332565308
4306,-1.75,15,157.3654007911682
4307,4.449999999999999,4,157.39363169670105
4308,3.6999999999999997,9,157.42947244644165
4309,4.15,6,157.46187353134155
4310,4.6000000000000005,3,157.4942262172699
4311,4.15,6,157.52943396568298
4312,4.75,2,157.55657148361206
4313,4.0,7,157.5917181968689
4314,4.6000000000000005,3,157.6183466911316
4315,4.15,6,157.6490340232849
4316,3.55,10,157.68695425987244
4317,4.6000000000000005,3,157.7160565853119
4318,-1.75,15,157.7610354423523
4319,4.9,1,157.78277444839478
4320,4.6000000000000005,3,157.8120687007904
4321,4.6000000000000005,3,157.83794808387756
4322,4.6000000000000005,3,157.86604833602905
4323,3.55,10,157.9016718864441
4324,4.6000000000000005,3,157.92888689041138
4325,3.85,8,157.97078919410706
4326,4.449999999999999,4,158.00046682357788
4327,4.75,2,158.02660179138184
4328,4.6000000000000005,3,158.05175590515137
4329,4.9,1,158.0784456729889
4330,4.3,5,158.10971856117249
4331,4.449999999999999,4,158.13445019721985
4332,4.9,1,158.1624870300293
4333,-1.75,15,158.20533633232117
4334,-3.2,5,158.40906381607056
4335,4.75,2,158.4331831932068
4336,4.3,5,158.46662139892578
4337,4.3,5,158.4938678741455
4338,3.85,8,158.52894735336304
4339,4.9,1,158.5533492565155
4340,4.75,2,158.57900381088257
4341,-1.75,15,158.62013268470764
4342,4.3,5,158.65033984184265
4343,4.6000000000000005,3,158.67801237106323
4344,4.75,2,158.6995632648468
4345,4.9,1,158.72278261184692
4346,3.4,11,158.75942015647888
4347,3.25,12,158.80244874954224
4348,4.75,2,158.82937359809875
4349,4.75,2,158.85381484031677
4350,4.75,2,158.88496661186218
4351,4.6000000000000005,3,158.91574430465698
4352,4.6000000000000005,3,158.94821858406067
4353,4.75,2,158.97235417366028
4354,4.0,7,159.01393961906433
4355,3.4,11,159.05650997161865
4356,4.449999999999999,4,159.09575653076172
4357,4.449999999999999,4,159.1361849308014
4358,3.85,8,159.1862597465515
4359,4.449999999999999,4,159.22142577171326
4360,4.449999999999999,4,159.2504448890686
4361,4.6000000000000005,3,159.28153800964355
4362,4.6000000000000005,3,159.3128786087036
4363,4.449999999999999,4,159.34209156036377
4364,4.9,1,159.36665153503418
4365,4.3,5,159.3996434211731
4366,4.449999999999999,4,159.42834186553955
4367,4.75,2,159.45640182495117
4368,4.3,5,159.49252724647522
4369,4.6000000000000005,3,159.51723957061768
4370,4.75,2,159.54231476783752
4371,4.6000000000000005,3,159.5744833946228
4372,4.15,6,159.60673689842224
4373,4.75,2,159.63314986228943
4374,4.0,7,159.66558504104614
4375,4.3,5,159.69773077964783
4376,4.15,6,159.7285509109497
4377,4.6000000000000005,3,159.75285840034485
4378,4.15,6,159.78320121765137
4379,3.6999999999999997,9,159.81841826438904
4380,4.6000000000000005,3,159.84388756752014
4381,4.6000000000000005,3,159.86913967132568
4382,4.75,2,159.89479970932007
4383,4.449999999999999,4,159.92254662513733
4384,4.449999999999999,4,159.94797468185425
4385,4.75,2,159.97379875183105
4386,4.3,5,160.00250577926636
4387,-3.15,4,160.0313217639923
4388,-3.05,2,160.05294752120972
4389,3.4,11,160.0930597782135
4390,3.6999999999999997,9,160.26926112174988
4391,4.75,2,160.29943108558655
4392,3.85,8,160.34098315238953
4393,3.85,8,160.379625082016
4394,4.75,2,160.40756368637085
4395,4.3,5,160.44415760040283
4396,3.6999999999999997,9,160.48230457305908
4397,4.15,6,160.52515268325806
4398,4.449999999999999,4,160.55907011032104
4399,4.449999999999999,4,160.5935094356537
4400,4.449999999999999,4,160.62783098220825
4401,4.75,2,160.65700793266296
4402,4.3,5,160.69154477119446
4403,4.75,2,160.71957206726074
4404,3.4,11,160.76625227928162
4405,4.6000000000000005,3,160.7962338924408
4406,4.75,2,160.82913541793823
4407,4.75,2,160.8612802028656
4408,4.9,1,160.88346099853516
4409,4.75,2,160.91092205047607
4410,4.449999999999999,4,160.94095468521118
4411,3.25,12,160.9827561378479
4412,4.75,2,161.0097975730896
4413,4.449999999999999,4,161.03885555267334
4414,3.85,8,161.0704641342163
4415,4.75,2,161.09617948532104
4416,-1.75,15,161.14266920089722
4417,4.15,6,161.17070508003235
4418,4.449999999999999,4,161.20127272605896
4419,4.9,1,161.2261552810669
4420,3.6999999999999997,9,161.26113390922546
4421,3.85,8,161.2955539226532
4422,4.449999999999999,4,161.32252883911133
4423,4.449999999999999,4,161.35046696662903
4424,4.449999999999999,4,161.38110971450806
4425,4.3,5,161.4148073196411
4426,4.6000000000000005,3,161.4482307434082
4427,4.449999999999999,4,161.48285484313965
4428,4.15,6,161.51781344413757
4429,3.6999999999999997,9,161.55519890785217
4430,3.6999999999999997,9,161.5940511226654
4431,4.3,5,161.61971235275269
4432,-1.75,15,161.66222715377808
4433,4.449999999999999,4,161.69022059440613
4434,4.3,5,161.72183060646057
4435,4.449999999999999,4,161.74642300605774
4436,3.1,13,161.79163765907288
4437,4.75,2,161.81617045402527
4438,3.55,10,162.0032455921173
4439,4.449999999999999,4,162.03389644622803
4440,4.9,1,162.055508852005
4441,4.449999999999999,4,162.0854411125183
4442,4.15,6,162.1170666217804
4443,3.25,12,162.16120553016663
4444,4.6000000000000005,3,162.18836379051208
4445,3.25,12,162.2278392314911
4446,3.6999999999999997,9,162.2640061378479
4447,4.449999999999999,4,162.29229998588562
4448,4.449999999999999,4,162.32810878753662
4449,4.449999999999999,4,162.35674333572388
4450,4.9,1,162.38215470314026
4451,4.75,2,162.41685223579407
4452,4.0,7,162.45329976081848
4453,4.3,5,162.48636770248413
4454,4.6000000000000005,3,162.5124273300171
4455,3.55,10,162.55174565315247
4456,4.3,5,162.58056640625
4457,4.75,2,162.61210680007935
4458,3.4,11,162.6534025669098
4459,4.6000000000000005,3,162.6811022758484
4460,3.6999999999999997,9,162.71294331550598
4461,3.85,8,162.74210333824158
4462,4.449999999999999,4,162.76749444007874
4463,-1.75,15,162.81122994422913
4464,3.85,8,162.84566259384155
4465,4.0,7,162.87786531448364
4466,3.6999999999999997,9,162.91363859176636
4467,4.0,7,162.95014309883118
4468,4.449999999999999,4,162.97933149337769
4469,4.75,2,163.00653219223022
4470,4.6000000000000005,3,163.03166508674622
4471,4.0,7,163.0695605278015
4472,4.6000000000000005,3,163.0984435081482
4473,-3.0,1,163.12271094322205
4474,3.4,11,163.16434049606323
4475,3.85,8,163.20124316215515
4476,3.6999999999999997,9,163.23799586296082
4477,4.75,2,163.26489400863647
4478,4.75,2,163.29242253303528
4479,4.449999999999999,4,163.32480263710022
4480,4.449999999999999,4,163.35289645195007
4481,4.3,5,163.3859474658966
4482,-1.75,15,163.56868958473206
4483,4.15,6,163.6019470691681
4484,4.75,2,163.63481163978577
4485,3.25,12,163.68285274505615
4486,4.3,5,163.71426820755005
4487,4.6000000000000005,3,163.74154782295227
4488,-3.05,2,163.76528692245483
4489,-3.05,2,163.79246401786804
4490,3.55,10,163.82874035835266
4491,4.6000000000000005,3,163.86090421676636
4492,4.3,5,163.8934497833252
4493,4.15,6,163.9292778968811
4494,4.3,5,163.9581742286682
4495,4.6000000000000005,3,163.98447465896606
4496,4.15,6,164.01614022254944
4497,3.6999999999999997,9,164.05290913581848
4498,3.6999999999999997,9,164.09227919578552
4499,4.6000000000000005,3,164.12132668495178
4500,4.75,2,164.14714336395264
4501,4.3,5,164.17427706718445
4502,4.3,5,164.20798254013062
4503,4.0,7,164.2434275150299
4504,4.15,6,164.2772057056427
4505,4.0,7,164.31085991859436
4506,3.4,11,164.3522298336029
4507,4.6000000000000005,3,164.37840700149536
4508,4.6000000000000005,3,164.4099473953247
4509,3.25,12,164.45488262176514
4510,4.15,6,164.48373341560364
4511,3.85,8,164.5159137248993
4512,4.6000000000000005,3,164.54110741615295
4513,4.3,5,164.57147240638733
4514,-3.2,5,164.60078310966492
4515,3.85,8,164.6348912715912
4516,4.3,5,164.66612362861633
4517,3.6999999999999997,9,164.70558500289917
4518,4.6000000000000005,3,164.72968339920044
4519,3.4,11,164.7735002040863
4520,4.9,1,164.79456233978271
4521,3.85,8,164.82506275177002
4522,4.3,5,164.8537938594818
4523,4.9,1,164.87552189826965
4524,3.85,8,164.90512537956238
4525,4.9,1,164.9342885017395
4526,3.85,8,165.10790944099426
4527,4.15,6,165.14380478858948
4528,3.6999999999999997,9,165.17991471290588
4529,4.75,2,165.20822668075562
4530,3.85,8,165.24332451820374
4531,4.6000000000000005,3,165.26786375045776
4532,4.3,5,165.29940700531006
4533,4.3,5,165.33706283569336
4534,3.55,10,165.38162684440613
4535,4.449999999999999,4,165.4125053882599
4536,4.0,7,165.45146489143372
4537,4.15,6,165.4916672706604
4538,4.3,5,165.52681350708008
4539,3.85,8,165.56688785552979
4540,4.449999999999999,4,165.59679102897644
4541,4.75,2,165.62215924263
4542,4.6000000000000005,3,165.64746046066284
4543,4.449999999999999,4,165.67818236351013
4544,3.4,11,165.72089838981628
4545,4.6000000000000005,3,165.7502040863037
4546,4.449999999999999,4,165.78411173820496
4547,4.75,2,165.81273460388184
4548,4.15,6,165.8462793827057
4549,3.85,8,165.8782742023468
4550,3.4,11,165.92105984687805
4551,4.0,7,165.95314121246338
4552,4.3,5,165.98544931411743
4553,4.3,5,166.0186731815338
4554,4.449999999999999,4,166.04919266700745
4555,4.6000000000000005,3,166.07863211631775
4556,4.3,5,166.110422372818
4557,3.55,10,166.14934062957764
4558,4.9,1,166.17130994796753
4559,3.6999999999999997,9,166.2077236175537
4560,-1.75,15,166.25552034378052
4561,4.6000000000000005,3,166.28197717666626
4562,3.55,10,166.3181664943695
4563,4.449999999999999,4,166.3469157218933
4564,4.75,2,166.37164640426636
4565,-3.2,5,166.4044098854065
4566,4.9,1,166.4376904964447
4567,4.9,1,166.46462988853455
4568,4.3,5,166.4939706325531
4569,4.3,5,166.52211737632751
4570,4.15,6,166.55181527137756
4571,4.6000000000000005,3,166.57889461517334
4572,4.6000000000000005,3,166.6049907207489
4573,4.75,2,166.62985014915466
4574,4.3,5,166.82202005386353
4575,4.449999999999999,4,166.85267210006714
4576,4.75,2,166.8792200088501
4577,4.6000000000000005,3,166.90545845031738
4578,4.15,6,166.93583393096924
4579,4.9,1,166.96511435508728
4580,4.449999999999999,4,166.9957127571106
4581,4.75,2,167.02281379699707
4582,3.85,8,167.05881881713867
4583,3.6999999999999997,9,167.0929980278015
4584,4.449999999999999,4,167.1239652633667
4585,4.6000000000000005,3,167.14946794509888
4586,4.75,2,167.18037247657776
4587,4.449999999999999,4,167.2120361328125
4588,4.6000000000000005,3,167.2402822971344
4589,4.449999999999999,4,167.26796007156372
4590,-1.75,15,167.31255769729614
4591,3.6999999999999997,9,167.34945702552795
4592,4.449999999999999,4,167.38042283058167
4593,4.3,5,167.41628766059875
4594,4.6000000000000005,3,167.44158387184143
4595,4.6000000000000005,3,167.46740889549255
4596,4.15,6,167.5030815601349
4597,4.75,2,167.52745532989502
4598,4.6000000000000005,3,167.55198073387146
4599,4.6000000000000005,3,167.57989883422852
4600,4.6000000000000005,3,167.60229110717773
4601,4.6000000000000005,3,167.62977600097656
4602,3.1,13,167.6751036643982
4603,3.85,8,167.70528745651245
4604,3.25,12,167.74362015724182
4605,4.0,7,167.77231192588806
4606,4.3,5,167.80530643463135
4607,4.75,2,167.83187460899353
4608,4.75,2,167.86231112480164
4609,2.9499999999999997,14,167.91128754615784
4610,4.3,5,167.94581699371338
4611,4.6000000000000005,3,167.97696542739868
4612,4.0,7,168.0117769241333
4613,-3.05,2,168.0401427745819
4614,4.15,6,168.0684950351715
4615,4.449999999999999,4,168.09411764144897
4616,4.6000000000000005,3,168.11805868148804
4617,3.6999999999999997,9,168.1510524749756
4618,4.6000000000000005,3,168.1838641166687
4619,3.55,10,168.2286877632141
4620,4.9,1,168.24926042556763
4621,4.3,5,168.28424739837646
4622,4.15,6,168.31924319267273
4623,4.6000000000000005,3,168.34586358070374
4624,4.75,2,168.37771153450012
4625,4.6000000000000005,3,168.40608024597168
4626,4.6000000000000005,3,168.59979271888733
4627,4.9,1,168.6267111301422
4628,-1.75,15,168.67552137374878
4629,4.3,5,168.70499396324158
4630,4.6000000000000005,3,168.734135389328
4631,4.75,2,168.76255917549133
4632,4.449999999999999,4,168.7960066795349
4633,4.6000000000000005,3,168.8222930431366
4634,4.449999999999999,4,168.84628343582153
4635,4.3,5,168.87525033950806
4636,3.6999999999999997,9,168.91307592391968
4637,4.75,2,168.94022703170776
4638,-1.75,15,168.9814591407776
4639,4.449999999999999,4,169.0107295513153
4640,4.449999999999999,4,169.03838634490967
4641,4.3,5,169.0674126148224
4642,3.4,11,169.1118185520172
4643,4.9,1,169.1362476348877
4644,4.75,2,169.16260623931885
4645,4.449999999999999,4,169.19029307365417
4646,4.9,1,169.21422863006592
4647,4.75,2,169.24424815177917
4648,4.449999999999999,4,169.2729938030243
4649,4.3,5,169.30368447303772
4650,4.3,5,169.3312849998474
4651,4.6000000000000005,3,169.35531425476074
4652,-1.75,15,169.39964485168457
4653,-1.75,15,169.44781112670898
4654,-1.75,15,169.49583196640015
4655,4.3,5,169.52891755104065
4656,4.3,5,169.55805850028992
4657,4.9,1,169.58343243598938
4658,4.449999999999999,4,169.6086082458496
4659,-1.75,15,169.65169739723206
4660,4.6000000000000005,3,169.67700839042664
4661,4.449999999999999,4,169.7057182788849
4662,4.3,5,169.73513054847717
4663,4.6000000000000005,3,169.76330494880676
4664,4.15,6,169.8002097606659
4665,4.449999999999999,4,169.83102917671204
4666,4.75,2,169.85565519332886
4667,4.6000000000000005,3,169.88323330879211
4668,4.6000000000000005,3,169.9096395969391
4669,4.75,2,169.93612933158875
4670,4.449999999999999,4,169.97252345085144
4671,4.449999999999999,4,170.0010006427765
4672,4.449999999999999,4,170.03902578353882
4673,4.3,5,170.0680525302887
4674,4.15,6,170.10911393165588
4675,3.55,10,170.32353830337524
4676,-3.1,3,170.34915590286255
4677,4.75,2,170.37497973442078
4678,4.15,6,170.41020703315735
4679,4.449999999999999,4,170.44202256202698
4680,3.85,8,170.4772539138794
4681,-1.75,15,170.51829648017883
4682,4.9,1,170.54301834106445
4683,4.15,6,170.5785038471222
4684,3.1,13,170.62657022476196
4685,4.6000000000000005,3,170.65417551994324
4686,4.6000000000000005,3,170.68329620361328
4687,4.6000000000000005,3,170.70991492271423
4688,3.6999999999999997,9,170.7450270652771
4689,4.6000000000000005,3,170.77949285507202
4690,4.6000000000000005,3,170.80595231056213
4691,4.3,5,170.83349704742432
4692,-1.75,15,170.87491512298584
4693,4.6000000000000005,3,170.90067219734192
4694,-1.75,15,170.94443464279175
4695,-1.75,15,170.98507475852966
4696,4.6000000000000005,3,171.0127832889557
4697,4.0,7,171.03992199897766
4698,4.6000000000000005,3,171.0671021938324
4699,4.15,6,171.09588599205017
4700,4.6000000000000005,3,171.12450408935547
4701,4.9,1,171.14907479286194
4702,4.9,1,171.1713798046112
4703,4.449999999999999,4,171.2014284133911
4704,4.6000000000000005,3,171.2290403842926
4705,3.4,11,171.269198179245
4706,4.6000000000000005,3,171.29472589492798
4707,4.75,2,171.31767439842224
4708,4.6000000000000005,3,171.34979033470154
4709,3.85,8,171.38243865966797
4710,4.75,2,171.41219210624695
4711,-3.25,6,171.44960117340088
4712,4.449999999999999,4,171.4799783229828
4713,4.75,2,171.50961232185364
4714,4.449999999999999,4,171.537433385849
4715,4.75,2,171.5637137889862
4716,-1.75,15,171.61328959465027
4717,4.0,7,171.64961576461792
4718,4.6000000000000005,3,171.67510223388672
4719,4.449999999999999,4,171.70366406440735
4720,4.449999999999999,4,171.73322796821594
4721,4.449999999999999,4,171.9179608821869
4722,4.3,5,171.94803547859192
4723,4.3,5,171.9817132949829
4724,4.75,2,172.00713992118835
4725,4.0,7,172.041109085083
4726,4.6000000000000005,3,172.06650400161743
4727,4.0,7,172.09962105751038
4728,3.6999999999999997,9,172.13281679153442
4729,3.85,8,172.16637229919434
4730,4.15,6,172.1956090927124
4731,4.6000000000000005,3,172.2194013595581
4732,3.25,12,172.25890374183655
4733,3.4,11,172.29591131210327
4734,4.15,6,172.32801365852356
4735,4.6000000000000005,3,172.3553113937378
4736,3.55,10,172.40171003341675
4737,4.15,6,172.43759059906006
4738,4.6000000000000005,3,172.46689295768738
4739,3.6999999999999997,9,172.50895977020264
4740,4.15,6,172.54661965370178
4741,4.3,5,172.58909940719604
4742,4.6000000000000005,3,172.62514567375183
4743,3.6999999999999997,9,172.66377782821655
4744,4.6000000000000005,3,172.6939308643341
4745,4.6000000000000005,3,172.7178497314453
4746,4.75,2,172.74928069114685
4747,4.449999999999999,4,172.77982449531555
4748,4.3,5,172.8142478466034
4749,3.55,10,172.850412607193
4750,4.449999999999999,4,172.88888502120972
4751,4.6000000000000005,3,172.91657614707947
4752,-3.2,5,172.94871520996094
4753,3.4,11,172.99427843093872
4754,-1.75,15,173.0464472770691
4755,3.4,11,173.08583092689514
4756,4.449999999999999,4,173.1165018081665
4757,-3.2,5,173.15274238586426
4758,4.3,5,173.18793058395386
4759,4.75,2,173.21512913703918
4760,3.6999999999999997,9,173.25070428848267
4761,4.3,5,173.28622150421143
4762,4.75,2,173.31437420845032
4763,3.85,8,173.35199856758118
4764,4.15,6,173.54592037200928
4765,4.449999999999999,4,173.57451629638672
4766,-1.75,15,173.62172269821167
4767,4.15,6,173.65579319000244
4768,4.6000000000000005,3,173.68479657173157
4769,4.0,7,173.71702694892883
4770,4.75,2,173.74567484855652
4771,4.15,6,173.79293537139893
4772,4.15,6,173.837256193161
4773,4.449999999999999,4,173.87513422966003
4774,4.3,5,173.90806579589844
4775,-1.75,15,173.97398114204407
4776,3.85,8,174.0083236694336
4777,4.75,2,174.03266739845276
4778,-1.75,15,174.0800507068634
4779,4.449999999999999,4,174.11466264724731
4780,4.9,1,174.14055275917053
4781,4.6000000000000005,3,174.16534662246704
4782,3.85,8,174.20002913475037
4783,-1.75,15,174.24533247947693
4784,4.3,5,174.27587175369263
4785,4.75,2,174.29985976219177
4786,3.85,8,174.33855891227722
4787,3.85,8,174.37423491477966
4788,4.3,5,174.40970420837402
4789,4.75,2,174.4414131641388
4790,4.15,6,174.47271132469177
4791,4.6000000000000005,3,174.49978613853455
4792,4.15,6,174.530535697937
4793,4.75,2,174.5560929775238
4794,4.6000000000000005,3,174.58146739006042
4795,4.6000000000000005,3,174.61334204673767
4796,-1.75,15,174.6733100414276
4797,4.6000000000000005,3,174.700177192688
4798,3.85,8,174.73683547973633
4799,3.85,8,174.76883840560913
4800,4.0,7,174.8051130771637
4801,3.85,8,174.84054684638977
4802,-1.75,15,174.886705160141
4803,4.3,5,175.09231185913086
4804,4.449999999999999,4,175.11738324165344
4805,4.75,2,175.1474781036377
4806,4.449999999999999,4,175.18254399299622
4807,4.75,2,175.20675015449524
4808,-1.75,15,175.2540078163147
4809,-3.3,7,175.29261779785156
4810,4.6000000000000005,3,175.32600903511047
4811,4.3,5,175.35529327392578
4812,4.6000000000000005,3,175.3836944103241
4813,3.6999999999999997,9,175.42299485206604
4814,4.449999999999999,4,175.45150756835938
4815,4.6000000000000005,3,175.48025584220886
4816,4.449999999999999,4,175.51012206077576
4817,-1.75,15,175.55161142349243
4818,4.449999999999999,4,175.58357954025269
4819,3.1,13,175.62835097312927
4820,4.75,2,175.65509724617004
4821,3.6999999999999997,9,175.69235253334045
4822,-1.75,15,175.75389409065247
4823,3.4,11,175.79738187789917
4824,4.9,1,175.82010555267334
4825,4.449999999999999,4,175.85232543945312
4826,4.449999999999999,4,175.88560318946838
4827,4.6000000000000005,3,175.91578269004822
4828,4.9,1,175.9412558078766
4829,4.0,7,175.97181344032288
4830,4.75,2,175.99668169021606
4831,3.85,8,176.03428959846497
4832,4.3,5,176.0651819705963
4833,4.449999999999999,4,176.09587144851685
4834,3.6999999999999997,9,176.12879371643066
4835,3.25,12,176.173157453537
4836,4.3,5,176.20510005950928
4837,4.15,6,176.24331140518188
4838,3.6999999999999997,9,176.2830626964569
4839,4.6000000000000005,3,176.31160616874695
4840,3.85,8,176.34238600730896
4841,4.449999999999999,4,176.3737828731537
4842,4.3,5,176.40768265724182
4843,4.0,7,176.4404969215393
4844,4.449999999999999,4,176.4691038131714
4845,4.0,7,176.50702261924744
4846,4.0,7,176.67758107185364
4847,3.85,8,176.71298050880432
4848,4.449999999999999,4,176.73975586891174
4849,3.85,8,176.78115224838257
4850,-1.75,15,176.8219177722931
4851,-1.75,15,176.86025667190552
4852,4.3,5,176.88981437683105
4853,3.25,12,176.9273281097412
4854,4.9,1,176.95298862457275
4855,4.3,5,176.9835865497589
4856,4.9,1,177.0050551891327
4857,4.75,2,177.0324866771698
4858,4.75,2,177.05745577812195
4859,4.75,2,177.0820016860962
4860,3.4,11,177.11739659309387
4861,4.3,5,177.14755868911743
4862,4.6000000000000005,3,177.17592525482178
4863,4.6000000000000005,3,177.2042851448059
4864,4.6000000000000005,3,177.23004007339478
4865,4.6000000000000005,3,177.2590835094452
4866,4.75,2,177.2811164855957
4867,3.85,8,177.32343649864197
4868,3.6999999999999997,9,177.36260557174683
4869,4.6000000000000005,3,177.39600372314453
4870,4.15,6,177.43444991111755
4871,4.75,2,177.45814204216003
4872,4.6000000000000005,3,177.49394750595093
4873,4.6000000000000005,3,177.52460145950317
4874,4.449999999999999,4,177.55559825897217
4875,4.75,2,177.58740878105164
4876,4.3,5,177.61890649795532
4877,4.3,5,177.65462946891785
4878,4.6000000000000005,3,177.68686652183533
4879,3.6999999999999997,9,177.72433137893677
4880,4.75,2,177.74758195877075
4881,4.6000000000000005,3,177.7762222290039
4882,4.449999999999999,4,177.80943083763123
4883,4.75,2,177.84134435653687
4884,3.55,10,177.87899780273438
4885,4.3,5,177.90982937812805
4886,4.15,6,177.9485626220703
4887,4.3,5,177.98365592956543
4888,4.6000000000000005,3,178.01192212104797
4889,4.0,7,178.04723024368286
4890,4.75,2,178.07527923583984
4891,3.4,11,178.11573386192322
4892,4.3,5,178.14438343048096
4893,4.75,2,178.1686556339264
4894,4.6000000000000005,3,178.19326663017273
4895,4.6000000000000005,3,178.2233293056488
4896,3.25,12,178.40727591514587
4897,4.6000000000000005,3,178.43246936798096
4898,4.0,7,178.46797561645508
4899,4.15,6,178.49840927124023
4900,4.75,2,178.52265214920044
4901,4.449999999999999,4,178.5477180480957
4902,4.449999999999999,4,178.57790541648865
4903,3.85,8,178.6094765663147
4904,4.75,2,178.63368248939514
4905,4.9,1,178.65688037872314
4906,4.75,2,178.68303227424622
4907,3.85,8,178.71569561958313
4908,4.449999999999999,4,178.74274277687073
4909,4.75,2,178.7694387435913
4910,4.3,5,178.80422043800354
4911,4.449999999999999,4,178.83421301841736
4912,4.6000000000000005,3,178.86111092567444
4913,3.55,10,178.89576768875122
4914,4.3,5,178.92344450950623
4915,4.6000000000000005,3,178.95148992538452
4916,4.449999999999999,4,178.98223567008972
4917,4.3,5,179.0169219970703
4918,-3.05,2,179.04961133003235
4919,4.449999999999999,4,179.0862467288971
4920,3.6999999999999997,9,179.12770819664001
4921,4.3,5,179.16298532485962
4922,-3.25,6,179.20270347595215
4923,4.0,7,179.2406623363495
4924,4.15,6,179.27734875679016
4925,4.6000000000000005,3,179.3049201965332
4926,4.9,1,179.3405499458313
4927,4.6000000000000005,3,179.3676037788391
4928,4.449999999999999,4,179.39596223831177
4929,4.449999999999999,4,179.42985224723816
4930,3.85,8,179.46485114097595
4931,4.449999999999999,4,179.4947168827057
4932,4.6000000000000005,3,179.52042388916016
4933,3.4,11,179.560533285141
4934,4.3,5,179.5897901058197
4935,4.449999999999999,4,179.61765956878662
4936,4.9,1,179.64349102973938
4937,4.6000000000000005,3,179.6823513507843
4938,4.3,5,179.72068643569946
4939,4.3,5,179.75037145614624
4940,4.3,5,179.78480887413025
4941,4.15,6,179.8104887008667
4942,4.0,7,179.84877920150757
4943,4.75,2,179.8774380683899
4944,-1.75,15,179.92459106445312
4945,3.6999999999999997,9,179.95655584335327
4946,3.85,8,179.99051189422607
4947,4.6000000000000005,3,180.01756525039673
4948,4.3,5,180.19649076461792
4949,4.6000000000000005,3,180.2242214679718
4950,4.0,7,180.25427436828613
4951,4.0,7,180.29066681861877
4952,3.85,8,180.32441544532776
4953,4.6000000000000005,3,180.34889960289001
4954,3.85,8,180.38354635238647
4955,4.3,5,180.41400361061096
4956,4.75,2,180.44130897521973
4957,3.85,8,180.47073817253113
4958,4.3,5,180.49883437156677
4959,4.75,2,180.5253472328186
4960,4.449999999999999,4,180.55251955986023
4961,3.85,8,180.5885260105133
4962,4.3,5,180.61868739128113
4963,4.6000000000000005,3,180.64708161354065
4964,4.3,5,180.6758451461792
4965,4.9,1,180.69621181488037
4966,4.75,2,180.72217869758606
4967,4.449999999999999,4,180.74932527542114
4968,4.75,2,180.77541780471802
4969,4.75,2,180.81025075912476
4970,3.4,11,180.84885358810425
4971,4.15,6,180.88008618354797
4972,4.6000000000000005,3,180.90727376937866
4973,4.0,7,180.94705605506897
4974,4.6000000000000005,3,180.97913599014282
4975,3.85,8,181.01430010795593
4976,4.6000000000000005,3,181.04157662391663
4977,4.15,6,181.07690978050232
4978,4.0,7,181.11205101013184
4979,3.55,10,181.14966583251953
4980,4.449999999999999,4,181.17918801307678
4981,4.15,6,181.2163782119751
4982,4.449999999999999,4,181.2487554550171
4983,3.85,8,181.28828024864197
4984,4.15,6,181.3198263645172
4985,4.15,6,181.35175132751465
4986,3.6999999999999997,9,181.38924026489258
4987,4.0,7,181.41898798942566
4988,4.75,2,181.44245433807373
4989,4.449999999999999,4,181.47151136398315
4990,-1.75,15,181.5134677886963
4991,4.449999999999999,4,181.5411446094513
4992,4.75,2,181.56504201889038
4993,4.15,6,181.60601139068604
4994,3.6999999999999997,9,181.6435043811798
4995,4.3,5,181.81596112251282
4996,3.85,8,181.84804797172546
4997,4.6000000000000005,3,181.873610496521
4998,4.449999999999999,4,181.89982676506042
4999,4.75,2,181.92446041107178
5000,4.75,2,181.95487213134766
5001,4.75,2,181.9832158088684
5002,3.55,10,182.02675795555115
5003,4.6000000000000005,3,182.05962324142456
5004,4.6000000000000005,3,182.089271068573
5005,4.0,7,182.12206172943115
5006,4.0,7,182.15718412399292
5007,4.9,1,182.17967987060547
5008,4.6000000000000005,3,182.20551705360413
5009,3.4,11,182.24579882621765
5010,4.3,5,182.27533149719238
5011,-1.75,15,182.32627749443054
5012,4.9,1,182.353440284729
5013,4.0,7,182.39189457893372
5014,4.9,1,182.41936826705933
5015,4.75,2,182.44946265220642
5016,3.85,8,182.49438095092773
5017,3.6999999999999997,9,182.53182983398438
5018,4.6000000000000005,3,182.56590270996094
5019,4.75,2,182.59497261047363
5020,3.55,10,182.63406109809875
5021,4.15,6,182.6672019958496
5022,4.449999999999999,4,182.69982385635376
5023,3.25,12,182.74563789367676
5024,4.75,2,182.77379727363586
5025,-3.25,6,182.80347108840942
5026,4.3,5,182.84201979637146
5027,4.75,2,182.8739459514618
5028,4.0,7,182.90400314331055
5029,4.75,2,182.92883205413818
5030,3.25,12,182.9697036743164
5031,4.3,5,182.99822759628296
5032,-1.75,15,183.04140162467957
5033,4.75,2,183.0661449432373
5034,3.25,12,183.10890197753906
5035,4.75,2,183.13220763206482
5036,-1.75,15,183.17932987213135
5037,4.6000000000000005,3,183.20344281196594
5038,4.75,2,183.22710871696472
5039,4.15,6,183.25871634483337
5040,4.449999999999999,4,183.28220224380493
5041,4.6000000000000005,3,183.45468974113464
5042,4.6000000000000005,3,183.47892355918884
5043,4.75,2,183.50122737884521
5044,4.0,7,183.53202414512634
5045,-1.75,15,183.5762927532196
5046,4.449999999999999,4,183.60459351539612
5047,4.6000000000000005,3,183.63296747207642
5048,-3.25,6,183.67260599136353
5049,4.3,5,183.7080101966858
5050,4.3,5,183.73560333251953
5051,4.3,5,183.76126313209534
5052,4.6000000000000005,3,183.7843987941742
5053,-1.75,15,183.8271107673645
5054,3.6999999999999997,9,183.8654007911682
5055,4.9,1,183.8910002708435
5056,3.1,13,183.933260679245
5057,3.85,8,183.96749424934387
5058,4.6000000000000005,3,183.9973714351654
5059,4.75,2,184.02984404563904
5060,4.3,5,184.06753754615784
5061,4.75,2,184.0924608707428
5062,3.85,8,184.13046526908875
5063,-1.75,15,184.17813158035278
5064,4.75,2,184.20503997802734
5065,4.449999999999999,4,184.23858857154846
5066,4.3,5,184.27077841758728
5067,4.3,5,184.30445289611816
5068,4.9,1,184.33169054985046
5069,-1.75,15,184.3863332271576
5070,4.0,7,184.42550611495972
5071,3.55,10,184.46483993530273
5072,4.15,6,184.49663543701172
5073,3.85,8,184.5339961051941
5074,4.15,6,184.5756402015686
5075,4.15,6,184.6117503643036
5076,4.15,6,184.64262056350708
5077,4.75,2,184.6660008430481
5078,4.449999999999999,4,184.69505500793457
5079,4.3,5,184.72618627548218
5080,-3.35,8,184.75581574440002
5081,4.6000000000000005,3,184.78009176254272
5082,3.6999999999999997,9,184.81222414970398
5083,4.9,1,184.83658385276794
5084,3.4,11,185.0158839225769
5085,4.15,6,185.05549454689026
5086,4.6000000000000005,3,185.08568692207336
5087,4.15,6,185.11506128311157
5088,4.6000000000000005,3,185.13958644866943
5089,4.75,2,185.16254019737244
5090,2.8,15,185.20561838150024
5091,3.6999999999999997,9,185.23774123191833
5092,4.75,2,185.2697401046753
5093,3.55,10,185.30577778816223
5094,-1.75,15,185.35207986831665
5095,4.449999999999999,4,185.38068175315857
5096,3.85,8,185.41400480270386
5097,4.3,5,185.44561886787415
5098,4.15,6,185.47533679008484
5099,-1.75,15,185.52429389953613
5100,4.15,6,185.55989718437195
5101,3.6999999999999997,9,185.59810829162598
5102,3.25,12,185.63927173614502
5103,4.75,2,185.66894507408142
5104,4.449999999999999,4,185.6999716758728
5105,4.449999999999999,4,185.7305130958557
5106,3.85,8,185.7739770412445
5107,3.6999999999999997,9,185.8141622543335
5108,4.3,5,185.8447287082672
5109,3.4,11,185.89485669136047
5110,4.6000000000000005,3,185.92553281784058
5111,-1.75,15,185.97897505760193
5112,4.6000000000000005,3,186.0091917514801
5113,4.449999999999999,4,186.04287481307983
5114,4.6000000000000005,3,186.07438945770264
5115,4.449999999999999,4,186.10130095481873
5116,3.55,10,186.1400969028473
5117,4.3,5,186.1759729385376
5118,4.15,6,186.2076063156128
5119,4.3,5,186.23884892463684
5120,3.6999999999999997,9,186.27595376968384
5121,4.15,6,186.45970559120178
5122,4.6000000000000005,3,186.48876452445984
5123,4.15,6,186.517245054245
5124,3.85,8,186.55184888839722
5125,-1.75,15,186.5947425365448
5126,4.15,6,186.62553548812866
5127,4.6000000000000005,3,186.65112233161926
5128,4.0,7,186.6891520023346
5129,4.6000000000000005,3,186.71591901779175
5130,4.0,7,186.7525520324707
5131,4.3,5,186.78442215919495
5132,4.75,2,186.81342554092407
5133,4.449999999999999,4,186.8418731689453
5134,4.449999999999999,4,186.86581945419312
5135,3.1,13,186.91467356681824
5136,4.75,2,186.9414267539978
5137,4.449999999999999,4,186.97527360916138
5138,4.75,2,187.00066208839417
5139,-1.75,15,187.04750275611877
5140,3.85,8,187.08279132843018
5141,4.3,5,187.1215476989746
5142,4.3,5,187.15759682655334
5143,4.449999999999999,4,187.1917495727539
5144,4.6000000000000005,3,187.22259211540222
5145,4.3,5,187.26934599876404
5146,4.6000000000000005,3,187.29997849464417
5147,4.9,1,187.32452845573425
5148,-1.75,15,187.3724069595337
5149,4.3,5,187.40625262260437
5150,4.3,5,187.438307762146
5151,3.85,8,187.47377371788025
5152,4.75,2,187.49898600578308
5153,4.75,2,187.5280077457428
5154,4.15,6,187.56170439720154
5155,3.6999999999999997,9,187.59714579582214
5156,4.75,2,187.62418127059937
5157,4.449999999999999,4,187.65674924850464
5158,3.1,13,187.69657850265503
5159,4.75,2,187.72203636169434
5160,4.15,6,187.75327491760254
5161,3.25,12,187.79176950454712
5162,4.6000000000000005,3,187.81649327278137
5163,4.9,1,187.84580540657043
5164,4.449999999999999,4,187.8735785484314
5165,-1.75,15,188.0747630596161
5166,4.9,1,188.09895825386047
5167,4.0,7,188.13609552383423
5168,3.6999999999999997,9,188.1711323261261
5169,3.85,8,188.20672225952148
5170,4.15,6,188.24247789382935
5171,4.449999999999999,4,188.27303004264832
5172,4.449999999999999,4,188.3014636039734
5173,4.6000000000000005,3,188.32782459259033
5174,4.15,6,188.3554949760437
5175,4.6000000000000005,3,188.37817454338074
5176,4.75,2,188.41183161735535
5177,4.6000000000000005,3,188.4376847743988
5178,4.0,7,188.470520734787
5179,4.3,5,188.49958491325378
5180,3.85,8,188.53133749961853
5181,4.0,7,188.57115387916565
5182,4.9,1,188.5976860523224
5183,4.0,7,188.63017630577087
5184,4.449999999999999,4,188.6619462966919
5185,4.9,1,188.68434858322144
5186,4.75,2,188.71002316474915
5187,4.449999999999999,4,188.73560070991516
5188,4.75,2,188.76117324829102
5189,4.15,6,188.79282474517822
5190,4.15,6,188.82479214668274
5191,4.0,7,188.8616807460785
5192,4.449999999999999,4,188.89418387413025
5193,4.75,2,188.92289900779724
5194,3.55,10,188.96034598350525
5195,4.6000000000000005,3,188.99152874946594
5196,4.75,2,189.018545627594
5197,4.75,2,189.0467813014984
5198,-1.75,15,189.10734272003174
5199,4.75,2,189.1398000717163
5200,4.449999999999999,4,189.17945861816406
5201,4.6000000000000005,3,189.2118730545044
5202,4.449999999999999,4,189.2462513446808
5203,4.75,2,189.27468180656433
5204,4.449999999999999,4,189.30591130256653
5205,3.85,8,189.340265750885
5206,4.3,5,189.37191224098206
5207,4.449999999999999,4,189.39638757705688
5208,3.85,8,189.43196296691895
5209,4.15,6,189.46420645713806
5210,4.3,5,189.4941737651825
5211,4.0,7,189.52922296524048
5212,-1.75,15,189.57902312278748
5213,4.15,6,189.6090121269226
5214,4.75,2,189.6348648071289
5215,4.449999999999999,4,189.808819770813
5216,3.55,10,189.84401869773865
5217,4.9,1,189.86568593978882
5218,4.6000000000000005,3,189.8884801864624
5219,4.449999999999999,4,189.91365337371826
5220,4.6000000000000005,3,189.94303917884827
5221,4.15,6,189.97413277626038
5222,4.0,7,190.01315331459045
5223,4.9,1,190.0376718044281
5224,4.449999999999999,4,190.06106042861938
5225,4.75,2,190.09309315681458
5226,4.75,2,190.12388730049133
5227,3.1,13,190.16543221473694
5228,4.75,2,190.19687700271606
5229,-1.75,15,190.25415444374084
5230,4.6000000000000005,3,190.28965163230896
5231,4.6000000000000005,3,190.31595420837402
5232,4.0,7,190.34718775749207
5233,4.449999999999999,4,190.37887573242188
5234,4.449999999999999,4,190.40804433822632
5235,3.4,11,190.45251727104187
5236,4.75,2,190.48642921447754
5237,4.0,7,190.52518606185913
5238,4.449999999999999,4,190.55730438232422
5239,4.15,6,190.588787317276
5240,4.6000000000000005,3,190.61365127563477
5241,3.85,8,190.65034103393555
5242,3.55,10,190.69585132598877
5243,4.0,7,190.7299370765686
5244,4.15,6,190.76375246047974
5245,4.9,1,190.7962667942047
5246,-1.75,15,190.8431897163391
5247,3.4,11,190.87992429733276
5248,4.449999999999999,4,190.90755915641785
5249,4.6000000000000005,3,190.93608570098877
5250,-1.75,15,190.9812366962433
5251,3.55,10,191.01647019386292
5252,4.75,2,191.04264378547668
5253,4.3,5,191.07448196411133
5254,4.75,2,191.09719467163086
5255,4.75,2,191.12282013893127
5256,4.449999999999999,4,191.1516456604004
5257,3.6999999999999997,9,191.18751168251038
5258,4.75,2,191.21856045722961
5259,4.75,2,191.24498581886292
5260,4.3,5,191.28004336357117
5261,-1.75,15,191.4928035736084
5262,4.449999999999999,4,191.5258777141571
5263,-3.35,8,191.55695509910583
5264,4.3,5,191.59092164039612
5265,4.449999999999999,4,191.62236166000366
5266,4.15,6,191.64910578727722
5267,4.449999999999999,4,191.67649793624878
5268,4.15,6,191.7057282924652
5269,4.15,6,191.73422408103943
5270,4.6000000000000005,3,191.76349020004272
5271,4.6000000000000005,3,191.7903413772583
5272,4.15,6,191.82352471351624
5273,4.75,2,191.8469955921173
5274,4.449999999999999,4,191.8714189529419
5275,4.9,1,191.9027132987976
5276,4.6000000000000005,3,191.92809414863586
5277,4.75,2,191.95462131500244
5278,4.75,2,191.97977304458618
5279,4.0,7,192.01915407180786
5280,4.3,5,192.05373072624207
5281,3.1,13,192.09572291374207
5282,4.449999999999999,4,192.12731981277466
5283,4.449999999999999,4,192.1589596271515
5284,4.3,5,192.19198083877563
5285,4.75,2,192.2180106639862
5286,4.449999999999999,4,192.24891829490662
5287,4.9,1,192.2711398601532
5288,4.449999999999999,4,192.29843997955322
5289,4.6000000000000005,3,192.32601261138916
5290,4.15,6,192.3598711490631
5291,3.25,12,192.4014196395874
5292,4.6000000000000005,3,192.42937779426575
5293,4.75,2,192.45709252357483
5294,4.0,7,192.49420142173767
5295,4.449999999999999,4,192.5299687385559
5296,4.449999999999999,4,192.56515741348267
5297,4.75,2,192.59658479690552
5298,4.6000000000000005,3,192.62747502326965
5299,4.6000000000000005,3,192.66255474090576
5300,3.4,11,192.70956563949585
5301,4.9,1,192.7361879348755
5302,-1.75,15,192.7803771495819
5303,4.6000000000000005,3,192.80923295021057
5304,4.0,7,192.84395241737366
5305,-1.75,15,192.88456535339355
5306,4.6000000000000005,3,192.90922737121582
5307,4.15,6,192.94105005264282
5308,3.85,8,192.9731969833374
5309,3.6999999999999997,9,193.0063669681549
5310,4.0,7,193.19209551811218
5311,-3.1,3,193.2187659740448
5312,4.75,2,193.24411940574646
5313,4.15,6,193.27393436431885
5314,4.449999999999999,4,193.29970121383667
5315,4.75,2,193.32860803604126
5316,3.25,12,193.37025451660156
5317,3.6999999999999997,9,193.40902256965637
5318,4.0,7,193.44230937957764
5319,4.75,2,193.46921515464783
5320,3.55,10,193.50660276412964
5321,4.3,5,193.5395667552948
5322,4.3,5,193.56851267814636
5323,3.1,13,193.6109538078308
5324,4.75,2,193.63901042938232
5325,4.0,7,193.67602467536926
5326,4.3,5,193.70767998695374
5327,4.3,5,193.74422478675842
5328,4.75,2,193.7709572315216
5329,4.3,5,193.80361104011536
5330,4.3,5,193.8341109752655
5331,-1.75,15,193.88352251052856
5332,3.6999999999999997,9,193.92148971557617
5333,3.85,8,193.95537757873535
5334,4.6000000000000005,3,193.98139929771423
5335,4.3,5,194.0104911327362
5336,4.449999999999999,4,194.03679537773132
5337,4.75,2,194.06416010856628
5338,-3.5,11,194.1029417514801
5339,4.449999999999999,4,194.12866473197937
5340,4.0,7,194.15994906425476
5341,4.3,5,194.18913912773132
5342,4.3,5,194.21925377845764
5343,4.75,2,194.24232864379883
5344,-1.75,15,194.28421473503113
5345,4.6000000000000005,3,194.31116390228271
5346,4.75,2,194.33723521232605
5347,4.15,6,194.36590313911438
5348,4.6000000000000005,3,194.39770483970642
5349,3.6999999999999997,9,194.43691325187683
5350,4.3,5,194.47127985954285
5351,4.75,2,194.4952597618103
5352,3.55,10,194.535076379776
5353,4.449999999999999,4,194.56539058685303
5354,3.4,11,194.75477480888367
5355,4.15,6,194.78240609169006
5356,3.4,11,194.81842470169067
5357,3.6999999999999997,9,194.85035300254822
5358,4.15,6,194.8786699771881
5359,4.3,5,194.91013383865356
5360,3.4,11,194.9556519985199
5361,4.3,5,194.98594784736633
5362,4.6000000000000005,3,195.01606011390686
5363,4.15,6,195.05634784698486
5364,4.0,7,195.0928452014923
5365,4.75,2,195.11560893058777
5366,4.9,1,195.13970279693604
5367,4.15,6,195.16914439201355
5368,3.55,10,195.20860028266907
5369,4.3,5,195.24394011497498
5370,4.15,6,195.27837371826172
5371,3.6999999999999997,9,195.3147578239441
5372,4.6000000000000005,3,195.34892392158508
5373,4.0,7,195.38209462165833
5374,4.3,5,195.4144344329834
5375,4.3,5,195.4431552886963
5376,4.6000000000000005,3,195.4719319343567
5377,4.6000000000000005,3,195.49746537208557
5378,-1.75,15,195.54172253608704
5379,4.15,6,195.57213377952576
5380,3.85,8,195.60711765289307
5381,3.85,8,195.63837599754333
5382,4.6000000000000005,3,195.66251730918884
5383,4.449999999999999,4,195.69040155410767
5384,4.75,2,195.7110686302185
5385,4.3,5,195.7392177581787
5386,4.15,6,195.77583718299866
5387,4.449999999999999,4,195.80532884597778
5388,4.6000000000000005,3,195.83071374893188
5389,3.85,8,195.8686716556549
5390,4.6000000000000005,3,195.89599013328552
5391,4.0,7,195.92803239822388
5392,4.449999999999999,4,195.9584195613861
5393,4.3,5,195.98674201965332
5394,4.6000000000000005,3,196.01436853408813
5395,4.6000000000000005,3,196.04731273651123
5396,-1.75,15,196.2660686969757
5397,4.449999999999999,4,196.2982656955719
5398,4.6000000000000005,3,196.32286858558655
5399,3.85,8,196.3554265499115
5400,3.4,11,196.39144659042358
5401,4.449999999999999,4,196.41965460777283
5402,-1.75,15,196.46698641777039
5403,4.15,6,196.5092225074768
5404,3.55,10,196.55700421333313
5405,3.85,8,196.59180402755737
5406,3.6999999999999997,9,196.62884712219238
5407,4.75,2,196.65316033363342
5408,3.6999999999999997,9,196.69480514526367
5409,2.9499999999999997,14,196.74145436286926
5410,3.6999999999999997,9,196.77841472625732
5411,4.6000000000000005,3,196.80809259414673
5412,4.0,7,196.8428134918213
5413,4.0,7,196.8754918575287
5414,4.449999999999999,4,196.90649509429932
5415,4.449999999999999,4,196.9346947669983
5416,3.85,8,196.96909165382385
5417,4.9,1,196.99226880073547
5418,4.6000000000000005,3,197.01942253112793
5419,3.4,11,197.05565214157104
5420,4.15,6,197.08478164672852
5421,4.0,7,197.1189513206482
5422,3.85,8,197.15014100074768
5423,4.6000000000000005,3,197.1757698059082
5424,-1.75,15,197.21901726722717
5425,4.449999999999999,4,197.2464690208435
5426,4.15,6,197.27822732925415
5427,4.449999999999999,4,197.30735230445862
5428,4.6000000000000005,3,197.33837914466858
5429,4.15,6,197.36907243728638
5430,4.75,2,197.3938798904419
5431,-1.75,15,197.4390709400177
5432,4.75,2,197.46874260902405
5433,-1.75,15,197.67304277420044
5434,3.55,10,197.71402549743652
5435,4.3,5,197.74795699119568
5436,4.9,1,197.77241015434265
5437,4.6000000000000005,3,197.79589819908142
5438,4.3,5,197.82375073432922
5439,3.55,10,197.86836075782776
5440,4.449999999999999,4,197.89597034454346
5441,3.6999999999999997,9,197.92974209785461
5442,4.449999999999999,4,197.9559359550476
5443,4.449999999999999,4,197.98009729385376
5444,4.449999999999999,4,198.00661420822144
5445,4.3,5,198.03779792785645
5446,4.15,6,198.0764091014862
5447,4.15,6,198.107319355011
5448,4.449999999999999,4,198.135986328125
5449,-1.75,15,198.1904580593109
5450,4.6000000000000005,3,198.22240829467773
5451,3.6999999999999997,9,198.257098197937
5452,4.3,5,198.28642320632935
5453,4.75,2,198.31094694137573
5454,4.75,2,198.34224724769592
5455,4.3,5,198.37262201309204
5456,4.0,7,198.40583419799805
5457,4.3,5,198.43848514556885
5458,4.6000000000000005,3,198.47004508972168
5459,4.0,7,198.50747156143188
5460,4.449999999999999,4,198.538569688797
5461,4.15,6,198.57323908805847
5462,4.6000000000000005,3,198.6098132133484
5463,4.3,5,198.64171195030212
5464,4.6000000000000005,3,198.66723704338074
5465,4.0,7,198.69766902923584
5466,4.449999999999999,4,198.7245512008667
5467,3.85,8,198.75871467590332
5468,-1.75,15,198.80300402641296
5469,4.3,5,198.832266330719
5470,4.75,2,198.8583219051361
5471,4.449999999999999,4,198.8870918750763
5472,-3.3,7,198.92386293411255
5473,4.6000000000000005,3,198.95229840278625
5474,4.15,6,198.9837408065796
5475,4.75,2,199.0114347934723
5476,4.6000000000000005,3,199.0407783985138
5477,4.6000000000000005,3,199.0686001777649
5478,4.75,2,199.0950529575348
5479,4.6000000000000005,3,199.12219190597534
5480,4.15,6,199.1532814502716
5481,4.3,5,199.18357849121094
5482,4.0,7,199.37679743766785
5483,3.25,12,199.4214415550232
5484,4.3,5,199.4501655101776
5485,4.75,2,199.47544312477112
5486,3.6999999999999997,9,199.50973391532898
5487,4.75,2,199.5354404449463
5488,4.449999999999999,4,199.56031441688538
5489,3.85,8,199.59258890151978
5490,4.6000000000000005,3,199.62061476707458
5491,4.15,6,199.65406107902527
5492,3.6999999999999997,9,199.6911106109619
5493,3.6999999999999997,9,199.72441267967224
5494,3.55,10,199.76542925834656
5495,4.75,2,199.79084944725037
5496,4.3,5,199.82144951820374
5497,4.3,5,199.85546469688416
5498,4.6000000000000005,3,199.88498830795288
5499,4.449999999999999,4,199.91250610351562
5500,4.449999999999999,4,199.9455587863922
5501,4.449999999999999,4,199.9781014919281
5502,4.6000000000000005,3,200.00682973861694
5503,4.3,5,200.03845071792603
5504,4.0,7,200.06796956062317
5505,3.85,8,200.1042685508728
5506,4.75,2,200.1396267414093
5507,4.75,2,200.165424823761
5508,4.75,2,200.19557309150696
5509,4.75,2,200.2237458229065
5510,4.15,6,200.2531704902649
5511,4.3,5,200.28427958488464
5512,4.75,2,200.31200885772705
5513,4.449999999999999,4,200.34542322158813
5514,4.75,2,200.36951208114624
5515,3.25,12,200.41540098190308
5516,4.75,2,200.43855500221252
5517,4.0,7,200.47682285308838
5518,4.6000000000000005,3,200.50573682785034
5519,4.449999999999999,4,200.5384647846222
5520,4.0,7,200.57367038726807
5521,4.6000000000000005,3,200.6000201702118
5522,4.15,6,200.6359179019928
5523,4.3,5,200.66628766059875
5524,4.6000000000000005,3,200.69196844100952
5525,4.75,2,200.71846413612366
5526,-1.75,15,200.76184177398682
5527,4.6000000000000005,3,200.7884237766266
5528,4.75,2,200.8155517578125
5529,4.0,7,200.84513926506042
5530,3.1,13,200.88987755775452
5531,4.0,7,201.0861005783081
5532,4.6000000000000005,3,201.11239290237427
5533,3.85,8,201.15620279312134
5534,3.4,11,201.2018642425537
5535,4.15,6,201.23797130584717
5536,4.6000000000000005,3,201.26596021652222
5537,-1.75,15,201.31612539291382
5538,3.55,10,201.35811567306519
5539,3.85,8,201.39453077316284
5540,4.449999999999999,4,201.42599368095398
5541,3.6999999999999997,9,201.4618866443634
5542,4.449999999999999,4,201.49223732948303
5543,4.15,6,201.52559304237366
5544,4.6000000000000005,3,201.55264115333557
5545,4.0,7,201.58787393569946
5546,3.85,8,201.63301038742065
5547,3.25,12,201.6811306476593
5548,4.6000000000000005,3,201.71116709709167
5549,4.449999999999999,4,201.7410809993744
5550,3.6999999999999997,9,201.77690744400024
5551,4.0,7,201.80839133262634
5552,4.0,7,201.83986592292786
5553,4.15,6,201.8685326576233
5554,4.3,5,201.901034116745
5555,4.3,5,201.9376859664917
5556,4.3,5,201.9666771888733
5557,4.75,2,201.99367713928223
5558,3.85,8,202.0290126800537
5559,-1.75,15,202.07203006744385
5560,4.449999999999999,4,202.10078763961792
5561,4.6000000000000005,3,202.12709617614746
5562,3.85,8,202.16329765319824
5563,-1.75,15,202.20548725128174
5564,4.75,2,202.22923731803894
5565,4.75,2,202.25363564491272
5566,3.6999999999999997,9,202.28808569908142
5567,4.3,5,202.31397199630737
5568,4.75,2,202.3400752544403
5569,3.55,10,202.37800645828247
5570,4.3,5,202.58938717842102
5571,-1.75,15,202.6401731967926
5572,4.449999999999999,4,202.67309832572937
5573,4.75,2,202.69899535179138
5574,4.75,2,202.7281014919281
5575,3.85,8,202.76853728294373
5576,4.3,5,202.8014895915985
5577,4.75,2,202.8301181793213
5578,4.449999999999999,4,202.85841417312622
5579,3.4,11,202.89636635780334
5580,4.75,2,202.9199924468994
5581,4.6000000000000005,3,202.94670152664185
5582,4.75,2,202.97322583198547
5583,4.15,6,203.01068210601807
5584,-3.4,9,203.05055022239685
5585,4.15,6,203.08173751831055
5586,4.9,1,203.1128523349762
5587,4.449999999999999,4,203.1421935558319
5588,3.85,8,203.1736979484558
5589,3.6999999999999997,9,203.20792269706726
5590,4.3,5,203.2405023574829
5591,4.449999999999999,4,203.27068996429443
5592,4.15,6,203.3103756904602
5593,4.75,2,203.33593201637268
5594,4.6000000000000005,3,203.36977767944336
5595,4.15,6,203.40186738967896
5596,4.75,2,203.42674040794373
5597,3.55,10,203.46917510032654
5598,4.449999999999999,4,203.49853992462158
5599,4.9,1,203.5249183177948
5600,4.6000000000000005,3,203.54929065704346
5601,4.449999999999999,4,203.58004808425903
5602,4.0,7,203.61861729621887
5603,4.6000000000000005,3,203.64693999290466
5604,4.0,7,203.67943024635315
5605,4.6000000000000005,3,203.70819878578186
5606,4.6000000000000005,3,203.74073147773743
5607,4.3,5,203.77529287338257
5608,4.6000000000000005,3,203.8035101890564
5609,4.75,2,203.8331060409546
5610,4.15,6,203.8748219013214
5611,4.6000000000000005,3,203.90704774856567
5612,3.85,8,203.94165349006653
5613,4.75,2,203.96747469902039
5614,3.6999999999999997,9,204.0048806667328
5615,4.75,2,204.03323006629944
5616,4.6000000000000005,3,204.05932521820068
5617,4.6000000000000005,3,204.0941276550293
5618,4.15,6,204.1287443637848
5619,4.0,7,204.16494965553284
5620,-1.75,15,204.21212434768677
5621,3.4,11,204.40461826324463
5622,4.75,2,204.43457961082458
5623,4.75,2,204.4600076675415
5624,4.0,7,204.49145579338074
5625,3.25,12,204.53371334075928
5626,4.6000000000000005,3,204.5580756664276
5627,4.75,2,204.58410739898682
5628,4.6000000000000005,3,204.61687397956848
5629,4.449999999999999,4,204.64389872550964
5630,3.6999999999999997,9,204.68041014671326
5631,-1.75,15,204.72998905181885
5632,4.6000000000000005,3,204.76002383232117
5633,4.15,6,204.78903818130493
5634,4.6000000000000005,3,204.8151834011078
5635,4.6000000000000005,3,204.83971571922302
5636,4.6000000000000005,3,204.86896109580994
5637,3.85,8,204.91139936447144
5638,-1.75,15,204.95423364639282
5639,4.0,7,204.98483872413635
5640,4.75,2,205.00767421722412
5641,4.15,6,205.03961658477783
5642,4.3,5,205.07086634635925
5643,4.449999999999999,4,205.10461354255676
5644,-1.75,15,205.1473970413208
5645,3.6999999999999997,9,205.1913356781006
5646,4.3,5,205.2248673439026
5647,3.1,13,205.26543068885803
5648,4.6000000000000005,3,205.29522395133972
5649,4.3,5,205.3241102695465
5650,4.0,7,205.35651898384094
5651,4.15,6,205.3858139514923
5652,-1.75,15,205.42760586738586
5653,4.6000000000000005,3,205.45403838157654
5654,4.3,5,205.4831576347351
5655,3.4,11,205.52922892570496
5656,4.75,2,205.55362462997437
5657,4.0,7,205.58258295059204
5658,4.75,2,205.60957050323486
5659,4.6000000000000005,3,205.63980770111084
5660,3.55,10,205.68054103851318
5661,4.6000000000000005,3,205.89872932434082
5662,4.6000000000000005,3,205.93199729919434
5663,3.4,11,205.9784219264984
5664,4.0,7,206.0173168182373
5665,-1.75,15,206.07086753845215
5666,3.6999999999999997,9,206.1128306388855
5667,4.449999999999999,4,206.1413812637329
5668,3.4,11,206.18008542060852
5669,-1.75,15,206.22437691688538
5670,4.75,2,206.25977730751038
5671,4.449999999999999,4,206.2874572277069
5672,4.3,5,206.31488633155823
5673,4.75,2,206.3423056602478
5674,4.6000000000000005,3,206.37199759483337
5675,3.6999999999999997,9,206.41020607948303
5676,3.85,8,206.44208431243896
5677,3.85,8,206.4732162952423
5678,4.449999999999999,4,206.49780130386353
5679,-1.75,15,206.54336595535278
5680,4.0,7,206.58298563957214
5681,3.6999999999999997,9,206.61829495429993
5682,4.6000000000000005,3,206.6469225883484
5683,4.449999999999999,4,206.67570877075195
5684,4.449999999999999,4,206.71206951141357
5685,4.449999999999999,4,206.7488522529602
5686,4.3,5,206.77894496917725
5687,4.75,2,206.8066384792328
5688,3.85,8,206.83966159820557
5689,4.6000000000000005,3,206.86357951164246
5690,4.15,6,206.89333605766296
5691,4.3,5,206.9213719367981
5692,-3.5,11,206.9575400352478
5693,4.9,1,206.9844627380371
5694,4.15,6,207.0127420425415
5695,4.75,2,207.03928422927856
5696,3.25,12,207.07704067230225
5697,4.75,2,207.10398411750793
5698,3.55,10,207.14180088043213
5699,4.6000000000000005,3,207.17150831222534
5700,4.75,2,207.19491362571716
5701,4.3,5,207.22273206710815
5702,4.3,5,207.2509982585907
5703,3.6999999999999997,9,207.43492889404297
5704,4.9,1,207.45911121368408
5705,4.6000000000000005,3,207.49096274375916
5706,4.3,5,207.5288200378418
5707,4.6000000000000005,3,207.562344789505
5708,4.6000000000000005,3,207.58964490890503
5709,4.449999999999999,4,207.61572670936584
5710,3.85,8,207.64913725852966
5711,-1.75,15,207.69441676139832
5712,4.3,5,207.72365760803223
5713,4.3,5,207.75226831436157
5714,3.4,11,207.789231300354
5715,4.449999999999999,4,207.81946325302124
5716,4.449999999999999,4,207.8500361442566
5717,3.6999999999999997,9,207.88318967819214
5718,4.449999999999999,4,207.91134929656982
5719,4.9,1,207.9371795654297
5720,4.6000000000000005,3,207.96904754638672
5721,4.6000000000000005,3,207.99421167373657
5722,4.3,5,208.025452375412
5723,4.6000000000000005,3,208.05245161056519
5724,4.9,1,208.0821249485016
5725,4.15,6,208.1199336051941
5726,4.75,2,208.14548254013062
5727,4.449999999999999,4,208.1790955066681
5728,4.15,6,208.21101999282837
5729,4.15,6,208.24615955352783
5730,4.15,6,208.2756233215332
5731,4.9,1,208.30270528793335
5732,4.75,2,208.3267583847046
5733,3.55,10,208.36277866363525
5734,4.6000000000000005,3,208.39090156555176
5735,4.15,6,208.42222428321838
5736,4.6000000000000005,3,208.4448893070221
5737,3.6999999999999997,9,208.47842693328857
5738,4.6000000000000005,3,208.5051074028015
5739,4.75,2,208.5307731628418
5740,3.55,10,208.5677194595337
5741,3.55,10,208.60521793365479
5742,4.6000000000000005,3,208.6347999572754
5743,4.449999999999999,4,208.66626715660095
5744,4.449999999999999,4,208.69354367256165
5745,4.6000000000000005,3,208.7235062122345
5746,4.6000000000000005,3,208.7552990913391
5747,4.449999999999999,4,208.79045844078064
5748,4.15,6,208.822407245636
5749,3.6999999999999997,9,208.85655307769775
5750,4.449999999999999,4,208.88575410842896
5751,4.6000000000000005,3,208.91249132156372
5752,3.25,12,208.9568989276886
5753,4.0,7,209.1593689918518
5754,4.449999999999999,4,209.190527677536
5755,4.3,5,209.22459959983826
5756,4.449999999999999,4,209.25567054748535
5757,-1.75,15,209.3048346042633
5758,3.55,10,209.34494709968567
5759,4.0,7,209.38694953918457
5760,4.75,2,209.41434240341187
5761,4.15,6,209.4541563987732
5762,4.0,7,209.49058866500854
5763,3.6999999999999997,9,209.5232548713684
5764,4.3,5,209.55296659469604
5765,4.9,1,209.57565546035767
5766,3.55,10,209.61199259757996
5767,4.0,7,209.64369368553162
5768,-1.75,15,209.68788719177246
5769,3.6999999999999997,9,209.72106623649597
5770,3.6999999999999997,9,209.7540385723114
5771,4.3,5,209.78616070747375
5772,3.4,11,209.8272304534912
5773,4.75,2,209.85119605064392
5774,4.449999999999999,4,209.87969398498535
5775,4.6000000000000005,3,209.9137568473816
5776,4.449999999999999,4,209.9415020942688
5777,-1.75,15,209.99005699157715
5778,4.6000000000000005,3,210.0158348083496
5779,4.6000000000000005,3,210.0410602092743
5780,4.6000000000000005,3,210.0645682811737
5781,4.3,5,210.0896861553192
5782,4.6000000000000005,3,210.11853766441345
5783,4.75,2,210.14300799369812
5784,4.449999999999999,4,210.17228293418884
5785,4.3,5,210.2022488117218
5786,4.3,5,210.23199200630188
5787,4.6000000000000005,3,210.2597246170044
5788,4.6000000000000005,3,210.2887966632843
5789,4.15,6,210.32195854187012
5790,4.15,6,210.3569221496582
5791,3.25,12,210.40307641029358
5792,4.3,5,210.43329429626465
5793,4.449999999999999,4,210.47032856941223
5794,4.6000000000000005,3,210.50119590759277
5795,4.75,2,210.52416801452637
5796,4.15,6,210.56282091140747
5797,3.85,8,210.75271916389465
5798,4.449999999999999,4,210.78320026397705
5799,4.449999999999999,4,210.81216096878052
5800,4.75,2,210.8369846343994
5801,4.75,2,210.8656976222992
5802,4.15,6,210.9036784172058
5803,4.449999999999999,4,210.93187022209167
5804,4.3,5,210.9628939628601
5805,4.449999999999999,4,210.9937448501587
5806,4.9,1,211.01817274093628
5807,4.449999999999999,4,211.0484275817871
5808,3.6999999999999997,9,211.0896759033203
5809,3.25,12,211.13538932800293
5810,4.15,6,211.16718578338623
5811,4.9,1,211.19212341308594
5812,3.85,8,211.22554111480713
5813,3.55,10,211.26008105278015
5814,4.9,1,211.2880654335022
5815,4.449999999999999,4,211.3182623386383
5816,4.0,7,211.3533637523651
5817,4.449999999999999,4,211.37971568107605
5818,3.85,8,211.4116690158844
5819,4.15,6,211.44186902046204
5820,4.6000000000000005,3,211.4678237438202
5821,4.15,6,211.50443124771118
5822,4.75,2,211.52933049201965
5823,-1.75,15,211.57069969177246
5824,4.0,7,211.60383367538452
5825,4.9,1,211.62471771240234
5826,4.0,7,211.6582429409027
5827,4.15,6,211.68909549713135
5828,4.75,2,211.71062350273132
5829,4.3,5,211.73904156684875
5830,3.4,11,211.77532601356506
5831,4.449999999999999,4,211.80376386642456
5832,3.55,10,211.84135103225708
5833,3.85,8,211.879079580307
5834,4.6000000000000005,3,211.90676856040955
5835,3.55,10,211.94158554077148
5836,4.6000000000000005,3,211.9653720855713
5837,3.85,8,212.00261735916138
5838,4.449999999999999,4,212.03692984580994
5839,3.4,11,212.07411241531372
5840,4.3,5,212.10694932937622
5841,3.25,12,212.30889987945557
5842,4.6000000000000005,3,212.34231090545654
5843,4.3,5,212.37199926376343
5844,4.75,2,212.39571928977966
5845,4.3,5,212.42965745925903
5846,4.6000000000000005,3,212.45702815055847
5847,4.75,2,212.4849557876587
5848,4.6000000000000005,3,212.51895308494568
5849,3.85,8,212.55748653411865
5850,4.15,6,212.5912446975708
5851,3.4,11,212.6372299194336
5852,4.3,5,212.66754341125488
5853,3.25,12,212.709214925766
5854,4.75,2,212.7376263141632
5855,4.3,5,212.77691173553467
5856,4.15,6,212.81073474884033
5857,4.449999999999999,4,212.84078669548035
5858,4.9,1,212.86881828308105
5859,4.3,5,212.89642357826233
5860,-1.75,15,212.93933153152466
5861,3.6999999999999997,9,212.9715600013733
5862,4.0,7,213.00093817710876
5863,-1.75,15,213.04447412490845
5864,3.1,13,213.087815284729
5865,4.3,5,213.11646223068237
5866,-1.75,15,213.1584017276764
5867,4.75,2,213.18395829200745
5868,4.449999999999999,4,213.22024965286255
5869,4.449999999999999,4,213.24868726730347
5870,4.6000000000000005,3,213.2731385231018
5871,4.6000000000000005,3,213.29931807518005
5872,4.6000000000000005,3,213.32962155342102
5873,-1.75,15,213.37685465812683
5874,4.75,2,213.40278220176697
5875,4.449999999999999,4,213.4337441921234
5876,4.75,2,213.4638433456421
5877,4.0,7,213.4981164932251
5878,-1.75,15,213.5417139530182
5879,4.15,6,213.57261848449707
5880,4.6000000000000005,3,213.59543204307556
5881,4.75,2,213.61970472335815
5882,-1.75,15,213.82144927978516
5883,4.9,1,213.84454488754272
5884,3.85,8,213.8796832561493
5885,-1.75,15,213.9245662689209
5886,4.75,2,213.94554781913757
5887,4.75,2,213.97326731681824
5888,4.6000000000000005,3,214.00470232963562
5889,-1.75,15,214.0513834953308
5890,4.3,5,214.08117008209229
5891,4.6000000000000005,3,214.10911512374878
5892,4.75,2,214.13654041290283
5893,4.75,2,214.15726804733276
5894,4.6000000000000005,3,214.18580555915833
5895,4.3,5,214.21480321884155
5896,4.6000000000000005,3,214.2450976371765
5897,4.6000000000000005,3,214.26894521713257
5898,4.3,5,214.2980968952179
5899,4.3,5,214.3292646408081
5900,4.9,1,214.3558111190796
5901,4.15,6,214.38975620269775
5902,3.6999999999999997,9,214.4249234199524
5903,3.6999999999999997,9,214.46162700653076
5904,4.15,6,214.49528098106384
5905,4.3,5,214.52949023246765
5906,-1.75,15,214.5765163898468
5907,4.15,6,214.60734224319458
5908,4.75,2,214.6322112083435
5909,3.55,10,214.66782784461975
5910,4.6000000000000005,3,214.69468760490417
5911,4.15,6,214.72889161109924
5912,4.3,5,214.7572512626648
5913,3.1,13,214.7992079257965
5914,4.449999999999999,4,214.82489371299744
5915,3.25,12,214.86212062835693
5916,4.75,2,214.88722729682922
5917,4.449999999999999,4,214.9181935787201
5918,4.75,2,214.9455873966217
5919,4.3,5,214.97423934936523
5920,4.0,7,215.0024619102478
5921,4.75,2,215.0310299396515
5922,4.3,5,215.06098437309265
5923,3.55,10,215.10480213165283
5924,3.4,11,215.15150547027588
5925,4.15,6,215.18681383132935
5926,4.3,5,215.3938262462616
5927,3.85,8,215.43075108528137
5928,4.6000000000000005,3,215.45722436904907
5929,4.6000000000000005,3,215.48739194869995
5930,4.6000000000000005,3,215.51324582099915
5931,4.449999999999999,4,215.54004740715027
5932,4.75,2,215.56288409233093
5933,4.9,1,215.58858346939087
5934,-1.75,15,215.64547729492188
5935,3.55,10,215.69108080863953
5936,4.0,7,215.7253611087799
5937,4.6000000000000005,3,215.75323939323425
5938,4.75,2,215.78527879714966
5939,3.25,12,215.8271906375885
5940,3.85,8,215.8624165058136
5941,4.75,2,215.8874852657318
5942,4.15,6,215.92409920692444
5943,4.6000000000000005,3,215.9569923877716
5944,4.15,6,215.99441599845886
5945,3.85,8,216.04173731803894
5946,4.449999999999999,4,216.07541608810425
5947,4.449999999999999,4,216.10938930511475
5948,3.55,10,216.15429711341858
5949,4.3,5,216.18664836883545
5950,4.75,2,216.210223197937
5951,4.3,5,216.24771523475647
5952,4.449999999999999,4,216.27383279800415
5953,4.15,6,216.31303930282593
5954,4.0,7,216.34564757347107
5955,4.449999999999999,4,216.37779450416565
5956,4.6000000000000005,3,216.40232682228088
5957,4.0,7,216.4338493347168
5958,4.3,5,216.47198748588562
5959,4.75,2,216.50150537490845
5960,-1.75,15,216.54562401771545
5961,3.4,11,216.5869026184082
5962,3.6999999999999997,9,216.61926674842834
5963,-3.4,9,216.6530110836029
5964,4.15,6,216.6854145526886
5965,4.449999999999999,4,216.71376419067383
5966,4.6000000000000005,3,216.7375364303589
5967,4.6000000000000005,3,216.76282048225403
5968,4.6000000000000005,3,216.79008650779724
5969,4.6000000000000005,3,216.82241320610046
5970,4.6000000000000005,3,216.85296249389648
5971,4.6000000000000005,3,216.88287210464478
5972,4.15,6,216.9170320034027
