episode,reward,length,elapsed_seconds
1,4.75,2,0.04966115951538086
2,4.15,6,0.08645248413085938
3,4.15,6,0.11944055557250977
4,4.75,2,0.15573644638061523
5,-3.0,1,0.18145084381103516
6,-3.05,2,0.2093822956085205
7,4.6000000000000005,3,0.24353909492492676
8,-3.0,1,0.27884840965270996
9,4.15,6,0.3230264186859131
10,-3.4,9,0.3665947914123535
11,-3.2,5,0.40535497665405273
12,-3.05,2,0.4346141815185547
13,-3.0,1,0.4640653133392334
14,4.6000000000000005,3,0.49392223358154297
15,-3.2,5,0.5278720855712891
16,-3.05,2,0.5556595325469971
17,-3.45,10,0.5981462001800537
18,-3.2,5,0.6321501731872559
19,-3.15,4,0.6666147708892822
20,-3.25,6,0.6996700763702393
21,-3.1,3,0.7287111282348633
22,-3.0,1,0.7569150924682617
23,4.75,2,0.7850337028503418
24,-3.05,2,0.8182449340820312
25,4.0,7,0.852729320526123
26,-3.1,3,0.8828344345092773
27,4.0,7,0.9199678897857666
28,-3.2,5,0.9511842727661133
29,-3.0,1,0.9728105068206787
30,-3.1,3,1.0050740242004395
31,-3.0,1,1.0285909175872803
32,-3.5,11,1.066704511642456
33,-3.05,2,1.0900144577026367
34,-3.05,2,1.1159560680389404
35,-3.1,3,1.1431975364685059
36,4.6000000000000005,3,1.170872688293457
37,-3.05,2,1.1970717906951904
38,-3.0,1,1.2195098400115967
39,-1.75,15,1.2686281204223633
40,-3.05,2,1.2944471836090088
41,-3.2,5,1.3263943195343018
42,-3.1,3,1.3530919551849365
43,-3.45,10,1.3919105529785156
44,4.3,5,1.4214386940002441
45,-3.0,1,1.451845407485962
46,4.6000000000000005,3,1.4786901473999023
47,4.0,7,1.5096874237060547
48,-3.1,3,1.5373449325561523
49,4.3,5,1.5701072216033936
50,4.449999999999999,4,1.598520278930664
51,-3.05,2,1.6225881576538086
52,4.75,2,1.6461706161499023
53,-3.05,2,1.6688024997711182
54,-3.2,5,1.697932481765747
55,4.75,2,1.7227811813354492
56,-3.05,2,1.7476177215576172
57,-3.2,5,1.7759640216827393
58,-3.6,13,1.8143095970153809
59,3.85,8,1.8464715480804443
60,-3.2,5,1.8771402835845947
61,-3.5,11,2.0835373401641846
62,4.6000000000000005,3,2.109703540802002
63,4.449999999999999,4,2.139526605606079
64,4.6000000000000005,3,2.1713860034942627
65,4.6000000000000005,3,2.2004950046539307
66,-3.1,3,2.228363037109375
67,-3.05,2,2.2514755725860596
68,4.449999999999999,4,2.281987190246582
69,3.4,11,2.321805953979492
70,-3.05,2,2.350759506225586
71,4.3,5,2.384667158126831
72,-3.05,2,2.4117257595062256
73,-3.0,1,2.432953119277954
74,4.0,7,2.4716734886169434
75,-3.15,4,2.4993231296539307
76,-3.0,1,2.5218586921691895
77,4.3,5,2.5523412227630615
78,-3.05,2,2.5766654014587402
79,-3.0,1,2.5976085662841797
80,-3.05,2,2.622999906539917
81,-3.0,1,2.6446890830993652
82,-1.75,15,2.6857683658599854
83,-3.0,1,2.713557481765747
84,-3.1,3,2.7458207607269287
85,-3.0,1,2.7670788764953613
86,-3.0,1,2.7955830097198486
87,4.9,1,2.8199751377105713
88,-3.05,2,2.848811388015747
89,-3.5,11,2.8877015113830566
90,3.6999999999999997,9,2.922287702560425
91,-3.05,2,2.9470055103302
92,-3.0,1,2.9736075401306152
93,-3.0,1,3.0018372535705566
94,-3.05,2,3.0312795639038086
95,4.75,2,3.0558910369873047
96,-3.0,1,3.079589605331421
97,-3.0,1,3.1050713062286377
98,-3.15,4,3.135456085205078
99,-3.3,7,3.1715877056121826
100,4.6000000000000005,3,3.1977553367614746
101,-3.3,7,3.2302818298339844
102,-3.0,1,3.2512876987457275
103,-3.05,2,3.282576322555542
104,4.15,6,3.3142151832580566
105,4.449999999999999,4,3.3424620628356934
106,-3.0,1,3.3671393394470215
107,4.6000000000000005,3,3.400505542755127
108,-3.0,1,3.426354169845581
109,-3.15,4,3.461287021636963
110,-3.05,2,3.4943490028381348
111,-3.1,3,3.523314952850342
112,-3.15,4,3.5560264587402344
113,-3.15,4,3.597710371017456
114,-3.2,5,3.637547492980957
115,-3.0,1,3.6654586791992188
116,4.75,2,3.701007127761841
117,-3.25,6,3.7330472469329834
118,-3.0,1,3.755969285964966
119,4.75,2,3.7850100994110107
120,-3.05,2,3.816771984100342
121,-3.05,2,3.844571590423584
122,-3.1,3,3.8766069412231445
123,4.449999999999999,4,3.9088237285614014
124,-3.4,9,3.945126533508301
125,-3.15,4,3.970567226409912
126,-3.1,3,3.99684739112854
127,-3.0,1,4.017396688461304
128,3.55,10,4.052422285079956
129,-3.0,1,4.074581623077393
130,-3.15,4,4.104516983032227
131,3.6999999999999997,9,4.14252781867981
132,4.15,6,4.1756346225738525
133,4.75,2,4.359912633895874
134,-3.0,1,4.381938934326172
135,-3.55,12,4.420555114746094
136,4.449999999999999,4,4.4513092041015625
137,-3.5,11,4.488294363021851
138,-3.25,6,4.5194947719573975
139,-3.6,13,4.570401191711426
140,-3.6,13,4.617783069610596
141,-3.55,12,4.660165548324585
142,-3.05,2,4.686340808868408
143,-3.2,5,4.717626571655273
144,-3.05,2,4.741626739501953
145,-3.05,2,4.765596866607666
146,4.15,6,4.795820951461792
147,-3.45,10,4.830390691757202
148,-3.2,5,4.856343746185303
149,-3.0,1,4.879190683364868
150,-1.75,15,4.920480489730835
151,-3.3,7,4.948828935623169
152,-3.15,4,4.975350379943848
153,-3.1,3,5.003635406494141
154,-3.0,1,5.032504558563232
155,-3.1,3,5.068690538406372
156,-3.1,3,5.100579500198364
157,-3.3,7,5.134131669998169
158,-3.25,6,5.168788194656372
159,-3.05,2,5.195852756500244
160,-3.0,1,5.222432374954224
161,-3.5,11,5.262805461883545
162,-3.0,1,5.28760027885437
163,-3.15,4,5.319566965103149
164,4.3,5,5.353990793228149
165,-3.0,1,5.37959098815918
166,-3.0,1,5.4107325077056885
167,-3.0,1,5.435756683349609
168,-3.1,3,5.46449875831604
169,-3.05,2,5.4908127784729
170,-3.15,4,5.526197195053101
171,-3.3,7,5.559652805328369
172,-3.0,1,5.5805792808532715
173,-3.2,5,5.611910581588745
174,-3.2,5,5.637810468673706
175,-3.5,11,5.673957109451294
176,4.75,2,5.699792146682739
177,-3.4,9,5.739742279052734
178,4.3,5,5.768408298492432
179,-3.0,1,5.792983531951904
180,-3.0,1,5.81689453125
181,4.75,2,5.843605995178223
182,-3.05,2,5.872890472412109
183,-3.15,4,5.902001619338989
184,-3.05,2,5.9254841804504395
185,-3.0,1,5.950401306152344
186,-3.2,5,5.98108696937561
187,-3.35,8,6.166417360305786
188,-3.05,2,6.191876411437988
189,-3.1,3,6.225403785705566
190,4.9,1,6.2554779052734375
191,-3.45,10,6.294562816619873
192,-3.1,3,6.320312976837158
193,-3.15,4,6.346655368804932
194,4.75,2,6.37243390083313
195,-3.25,6,6.403695344924927
196,-3.3,7,6.4449381828308105
197,-3.0,1,6.469207286834717
198,-3.05,2,6.49390721321106
199,-3.05,2,6.519818067550659
200,-3.25,6,6.552849531173706
201,4.75,2,6.580321550369263
202,3.25,12,6.619456768035889
203,4.0,7,6.65075945854187
204,-3.0,1,6.678595304489136
205,-3.0,1,6.7034313678741455
206,-3.0,1,6.7254626750946045
207,4.449999999999999,4,6.753540515899658
208,-3.1,3,6.787389516830444
209,-3.35,8,6.830085277557373
210,4.3,5,6.860846042633057
211,-3.35,8,6.899759531021118
212,-3.05,2,6.933608293533325
213,-3.1,3,6.9633307456970215
214,-3.1,3,6.990506172180176
215,-3.05,2,7.018422603607178
216,-3.05,2,7.049750566482544
217,3.25,12,7.099797487258911
218,-3.05,2,7.131290912628174
219,-3.15,4,7.168838024139404
220,-3.05,2,7.194671392440796
221,-3.25,6,7.230393886566162
222,4.3,5,7.25839376449585
223,-3.0,1,7.280847549438477
224,-3.2,5,7.310074329376221
225,4.0,7,7.3459367752075195
226,3.6999999999999997,9,7.381016254425049
227,4.3,5,7.410192489624023
228,-3.0,1,7.43385910987854
229,-3.05,2,7.457326173782349
230,4.6000000000000005,3,7.481261491775513
231,-3.35,8,7.514525890350342
232,-3.45,10,7.557211399078369
233,4.6000000000000005,3,7.582847356796265
234,-3.0,1,7.6055989265441895
235,-3.2,5,7.6335039138793945
236,-3.15,4,7.660984992980957
237,-3.1,3,7.686572551727295
238,-3.05,2,7.70876145362854
239,3.55,10,7.7450172901153564
240,-3.15,4,7.77501106262207
241,-3.0,1,7.7967610359191895
242,4.6000000000000005,3,7.822422981262207
243,-3.1,3,7.847950458526611
244,-3.4,9,7.8795459270477295
245,-3.25,6,7.906797885894775
246,-3.1,3,8.069455862045288
247,-3.05,2,8.094574928283691
248,-3.1,3,8.11988878250122
249,-3.0,1,8.142762422561646
250,-3.05,2,8.16873574256897
251,4.3,5,8.204001665115356
252,-3.05,2,8.233714818954468
253,-3.1,3,8.26263952255249
254,4.0,7,8.303647518157959
255,-3.1,3,8.334937810897827
256,-3.2,5,8.379294395446777
257,4.6000000000000005,3,8.412442684173584
258,4.449999999999999,4,8.440664529800415
259,-3.1,3,8.475887060165405
260,-3.3,7,8.510497093200684
261,-3.2,5,8.545073747634888
262,4.449999999999999,4,8.577783823013306
263,-3.45,10,8.624637842178345
264,4.15,6,8.663443803787231
265,-3.0,1,8.69053339958191
266,-3.0,1,8.714696168899536
267,4.3,5,8.748613595962524
268,-3.2,5,8.776952028274536
269,3.55,10,8.81330156326294
270,-3.7,15,8.85866093635559
271,-3.1,3,8.8821439743042
272,-3.0,1,8.907920837402344
273,3.25,12,8.946599245071411
274,-3.05,2,8.967921495437622
275,-3.3,7,8.999478340148926
276,4.449999999999999,4,9.024105310440063
277,3.85,8,9.059764385223389
278,-3.25,6,9.090834379196167
279,4.75,2,9.116919755935669
280,-3.3,7,9.150198698043823
281,3.4,11,9.18738865852356
282,4.6000000000000005,3,9.217396259307861
283,-3.15,4,9.248180150985718
284,-3.05,2,9.273144245147705
285,3.6999999999999997,9,9.313138008117676
286,-3.0,1,9.332894563674927
287,4.449999999999999,4,9.362110614776611
288,-3.3,7,9.396917343139648
289,-3.05,2,9.425103187561035
290,3.6999999999999997,9,9.462505340576172
291,-3.6,13,9.50091004371643
292,-3.3,7,9.535213232040405
293,-3.1,3,9.56188440322876
294,4.449999999999999,4,9.588698625564575
295,-3.0,1,9.61266827583313
296,4.75,2,9.635769844055176
297,-3.05,2,9.659260749816895
298,-3.45,10,9.84222412109375
299,4.3,5,9.871846675872803
300,-3.2,5,9.898648500442505
301,-3.0,1,9.923155069351196
302,3.25,12,9.97230052947998
303,-1.75,15,10.02287220954895
304,4.9,1,10.056235074996948
305,-1.75,15,10.109427213668823
306,-3.65,14,10.163962602615356
307,-3.2,5,10.198154211044312
308,2.9499999999999997,14,10.250622987747192
309,4.15,6,10.294600009918213
310,3.85,8,10.332378149032593
311,3.85,8,10.374094486236572
312,3.6999999999999997,9,10.419861316680908
313,-1.75,15,10.479755163192749
314,-3.1,3,10.513309955596924
315,-3.35,8,10.545157194137573
316,-3.25,6,10.573190927505493
317,-3.1,3,10.599942207336426
318,4.3,5,10.630736351013184
319,4.449999999999999,4,10.661392450332642
320,4.6000000000000005,3,10.695859670639038
321,3.85,8,10.73686671257019
322,-3.15,4,10.771491289138794
323,-3.25,6,10.806617498397827
324,4.449999999999999,4,10.833465576171875
325,-3.0,1,10.85666275024414
326,-3.55,12,10.894227981567383
327,-3.45,10,10.929108381271362
328,4.449999999999999,4,10.953692436218262
329,-3.1,3,10.981217384338379
330,-3.05,2,11.005370140075684
331,-3.05,2,11.03822374343872
332,3.55,10,11.076161623001099
333,4.75,2,11.100085020065308
334,-3.25,6,11.133583068847656
335,-3.65,14,11.322627305984497
336,4.3,5,11.360135555267334
337,3.85,8,11.397318124771118
338,-3.05,2,11.427523851394653
339,-3.0,1,11.45090913772583
340,4.449999999999999,4,11.485872507095337
341,-3.2,5,11.515906572341919
342,-3.1,3,11.54453182220459
343,-3.0,1,11.569071531295776
344,3.6999999999999997,9,11.604221105575562
345,4.6000000000000005,3,11.633872032165527
346,4.75,2,11.661607503890991
347,-3.0,1,11.686038255691528
348,4.6000000000000005,3,11.716782569885254
349,-3.05,2,11.743318557739258
350,4.0,7,11.77712082862854
351,3.4,11,11.816684246063232
352,-3.05,2,11.842388153076172
353,3.4,11,11.880728483200073
354,4.15,6,11.912164449691772
355,4.0,7,11.94805908203125
356,4.6000000000000005,3,11.972692728042603
357,4.6000000000000005,3,11.999765872955322
358,4.15,6,12.029133319854736
359,3.25,12,12.067548751831055
360,-3.1,3,12.096104621887207
361,4.15,6,12.12791395187378
362,4.449999999999999,4,12.157483100891113
363,-3.05,2,12.183865785598755
364,-3.05,2,12.208129405975342
365,4.15,6,12.237301111221313
366,-1.75,15,12.280922889709473
367,4.6000000000000005,3,12.309340000152588
368,-3.1,3,12.3363618850708
369,4.9,1,12.362550735473633
370,4.3,5,12.392758131027222
371,4.6000000000000005,3,12.420338153839111
372,4.6000000000000005,3,12.449321508407593
373,-3.6,13,12.497848272323608
374,-3.3,7,12.534176588058472
375,-3.15,4,12.563169240951538
376,-3.3,7,12.596360921859741
377,-3.55,12,12.642716646194458
378,-3.05,2,12.667580366134644
379,-1.75,15,12.720816612243652
380,-3.05,2,12.746259689331055
381,-3.15,4,12.773977518081665
382,-3.0,1,12.797001838684082
383,-3.15,4,12.820028305053711
384,3.4,11,12.856167793273926
385,4.75,2,13.040049314498901
386,4.15,6,13.081982612609863
387,-1.75,15,13.144855737686157
388,4.0,7,13.18727421760559
389,-3.25,6,13.225066423416138
390,4.0,7,13.259550333023071
391,-3.0,1,13.28446102142334
392,4.449999999999999,4,13.317056655883789
393,-3.15,4,13.348154067993164
394,-3.55,12,13.38767385482788
395,-3.1,3,13.414745807647705
396,-3.25,6,13.451784610748291
397,4.449999999999999,4,13.479426622390747
398,-3.5,11,13.515862703323364
399,-3.05,2,13.542645692825317
400,-1.75,15,13.588421106338501
401,4.3,5,13.621540307998657
402,3.85,8,13.667438268661499
403,-3.2,5,13.701847314834595
404,-3.25,6,13.73849368095398
405,3.55,10,13.78247618675232
406,4.0,7,13.825411081314087
407,4.6000000000000005,3,13.858338832855225
408,-3.05,2,13.8821439743042
409,4.0,7,13.914916515350342
410,4.15,6,13.944545984268188
411,-3.2,5,13.974627017974854
412,-3.35,8,14.00911283493042
413,-3.4,9,14.046191215515137
414,3.85,8,14.079037189483643
415,-3.3,7,14.110792636871338
416,4.3,5,14.143286228179932
417,4.0,7,14.175183296203613
418,3.25,12,14.217387676239014
419,-3.4,9,14.262449264526367
420,4.0,7,14.298305034637451
421,4.9,1,14.321995496749878
422,-3.55,12,14.367046356201172
423,4.3,5,14.5534086227417
424,4.9,1,14.579026937484741
425,4.3,5,14.613566875457764
426,-3.1,3,14.645122051239014
427,-3.25,6,14.678238153457642
428,-3.0,1,14.704129695892334
429,-3.0,1,14.72865104675293
430,4.449999999999999,4,14.762053728103638
431,3.55,10,14.80086874961853
432,3.25,12,14.841648578643799
433,4.449999999999999,4,14.869023084640503
434,4.75,2,14.896224975585938
435,4.449999999999999,4,14.926168441772461
436,-1.75,15,14.97071886062622
437,-3.05,2,14.996230840682983
438,4.449999999999999,4,15.023098707199097
439,4.3,5,15.052103042602539
440,4.449999999999999,4,15.083781957626343
441,-3.1,3,15.107430219650269
442,4.75,2,15.132721900939941
443,-3.5,11,15.176329851150513
444,4.6000000000000005,3,15.202237129211426
445,-1.75,15,15.245213985443115
446,4.6000000000000005,3,15.271945714950562
447,3.85,8,15.30663514137268
448,-3.25,6,15.336572408676147
449,4.15,6,15.366074562072754
450,-3.65,14,15.411354064941406
451,4.449999999999999,4,15.444420337677002
452,4.0,7,15.482799053192139
453,-3.05,2,15.515209913253784
454,-1.75,15,15.567779541015625
455,4.6000000000000005,3,15.599225282669067
456,4.75,2,15.627815246582031
457,4.75,2,15.653777360916138
458,3.55,10,15.693113803863525
459,-1.75,15,15.737696409225464
460,-3.05,2,15.766900300979614
461,4.75,2,15.795390844345093
462,-3.35,8,15.828022718429565
463,-1.75,15,15.870500326156616
464,4.0,7,15.906178712844849
465,4.6000000000000005,3,15.941574096679688
466,4.15,6,16.12350106239319
467,4.6000000000000005,3,16.153929710388184
468,4.75,2,16.181341886520386
469,-3.7,15,16.232445001602173
470,-1.75,15,16.284104585647583
471,4.449999999999999,4,16.320006370544434
472,4.0,7,16.35190725326538
473,4.3,5,16.386719942092896
474,-3.05,2,16.417020320892334
475,4.3,5,16.451038122177124
476,3.6999999999999997,9,16.49337887763977
477,3.6999999999999997,9,16.530531644821167
478,4.75,2,16.555676698684692
479,-3.2,5,16.584447622299194
480,-3.05,2,16.61103343963623
481,3.4,11,16.649686336517334
482,4.3,5,16.683574676513672
483,-3.1,3,16.712926864624023
484,-1.75,15,16.75565481185913
485,3.4,11,16.794663906097412
486,3.4,11,16.830453872680664
487,3.6999999999999997,9,16.8659348487854
488,4.6000000000000005,3,16.895561695098877
489,4.0,7,16.92725706100464
490,4.3,5,16.95965003967285
491,-3.5,11,17.003978490829468
492,3.6999999999999997,9,17.042481899261475
493,4.6000000000000005,3,17.073126554489136
494,-3.6,13,17.117005348205566
495,4.6000000000000005,3,17.14862060546875
496,-1.75,15,17.19178795814514
497,3.85,8,17.22794222831726
498,4.6000000000000005,3,17.253251791000366
499,4.75,2,17.277522087097168
500,-3.5,11,17.31626272201538
501,-3.0,1,17.34236717224121
502,3.55,10,17.539510011672974
503,-3.25,6,17.578073024749756
504,-3.35,8,17.617010831832886
505,4.3,5,17.655166149139404
506,4.6000000000000005,3,17.681941986083984
507,4.0,7,17.715439796447754
508,4.6000000000000005,3,17.7443585395813
509,4.449999999999999,4,17.773900985717773
510,4.0,7,17.816067934036255
511,-3.2,5,17.852699518203735
512,4.15,6,17.894632577896118
513,4.449999999999999,4,17.92644953727722
514,3.6999999999999997,9,17.96178150177002
515,-3.25,6,17.996618270874023
516,4.0,7,18.031136751174927
517,-3.05,2,18.059948444366455
518,4.6000000000000005,3,18.086092233657837
519,4.0,7,18.125070810317993
520,3.25,12,18.16660714149475
521,-3.0,1,18.19273853302002
522,4.75,2,18.217873334884644
523,4.9,1,18.24192714691162
524,4.3,5,18.269978523254395
525,-1.75,15,18.315921783447266
526,4.3,5,18.34769916534424
527,-1.75,15,18.397838354110718
528,4.75,2,18.42308807373047
529,-3.5,11,18.462207555770874
530,3.85,8,18.49518585205078
531,-3.3,7,18.52734684944153
532,-3.65,14,18.566068172454834
533,-3.05,2,18.59070372581482
534,-1.75,15,18.634111166000366
535,3.6999999999999997,9,18.66769051551819
536,-3.0,1,18.69397234916687
537,-3.05,2,18.7157781124115
538,-3.05,2,18.73941731452942
539,4.75,2,18.767040491104126
540,4.15,6,18.803107023239136
541,4.0,7,18.84105634689331
542,-3.5,11,18.88397765159607
543,4.6000000000000005,3,18.916131019592285
544,3.4,11,19.101537942886353
545,-1.75,15,19.145877599716187
546,-1.75,15,19.192410469055176
547,-3.7,15,19.254812955856323
548,4.3,5,19.284908294677734
549,4.0,7,19.323941707611084
550,3.85,8,19.3632493019104
551,4.3,5,19.396382093429565
552,4.3,5,19.432565212249756
553,-3.15,4,19.462998390197754
554,-1.75,15,19.517683267593384
555,4.3,5,19.54870343208313
556,-3.2,5,19.57869863510132
557,-1.75,15,19.633076906204224
558,4.15,6,19.672353267669678
559,-3.25,6,19.709187030792236
560,3.6999999999999997,9,19.745091676712036
561,4.15,6,19.781410694122314
562,-3.05,2,19.816368103027344
563,4.449999999999999,4,19.845993280410767
564,4.0,7,19.87765598297119
565,4.75,2,19.90270233154297
566,3.25,12,19.939817190170288
567,4.15,6,19.968955755233765
568,4.6000000000000005,3,19.996025562286377
569,4.9,1,20.02329444885254
570,4.3,5,20.053088188171387
571,-3.0,1,20.077970266342163
572,3.55,10,20.11349105834961
573,4.75,2,20.1375253200531
574,4.449999999999999,4,20.170387029647827
575,-3.4,9,20.21465826034546
576,-3.35,8,20.260895013809204
577,-3.35,8,20.29681634902954
578,4.15,6,20.33226227760315
579,3.85,8,20.36976909637451
580,-3.35,8,20.57839059829712
581,4.75,2,20.610755443572998
582,-3.6,13,20.65174674987793
583,4.3,5,20.682509660720825
584,3.6999999999999997,9,20.715815544128418
585,-1.75,15,20.76390552520752
586,4.449999999999999,4,20.796019554138184
587,4.6000000000000005,3,20.826366901397705
588,4.6000000000000005,3,20.854472398757935
589,3.6999999999999997,9,20.89979910850525
590,-3.65,14,20.946027517318726
591,-3.35,8,20.98002791404724
592,4.0,7,21.01441478729248
593,-1.75,15,21.062931060791016
594,4.449999999999999,4,21.090509176254272
595,-3.6,13,21.134716749191284
596,4.3,5,21.1682710647583
597,-1.75,15,21.21810269355774
598,3.85,8,21.2646644115448
599,4.449999999999999,4,21.298421382904053
600,3.85,8,21.342092275619507
601,4.0,7,21.377893447875977
602,-3.35,8,21.418587684631348
603,-1.75,15,21.464781761169434
604,3.6999999999999997,9,21.50172209739685
605,-3.7,15,21.548747539520264
606,4.6000000000000005,3,21.57532262802124
607,4.449999999999999,4,21.604490518569946
608,4.0,7,21.63922119140625
609,4.3,5,21.66971707344055
610,4.449999999999999,4,21.699247121810913
611,3.6999999999999997,9,21.742011785507202
612,-3.0,1,21.768696308135986
613,-3.2,5,21.955594778060913
614,-3.5,11,21.99989151954651
615,4.6000000000000005,3,22.02928352355957
616,4.449999999999999,4,22.064547300338745
617,4.75,2,22.094940423965454
618,4.15,6,22.129333019256592
619,4.3,5,22.15665102005005
620,3.4,11,22.19927191734314
621,3.85,8,22.233222723007202
622,-3.5,11,22.269944429397583
623,4.6000000000000005,3,22.3001971244812
624,-3.35,8,22.343103408813477
625,-3.2,5,22.382023572921753
626,4.15,6,22.41696000099182
627,4.3,5,22.45130467414856
628,-3.6,13,22.498281717300415
629,-3.0,1,22.527618646621704
630,4.6000000000000005,3,22.5647931098938
631,4.75,2,22.59620428085327
632,4.6000000000000005,3,22.62833547592163
633,4.75,2,22.656869888305664
634,-3.3,7,22.691079139709473
635,4.6000000000000005,3,22.721203565597534
636,-3.55,12,22.766011238098145
637,4.75,2,22.80080819129944
638,4.6000000000000005,3,22.831236362457275
639,-1.75,15,22.876850843429565
640,4.15,6,22.909597158432007
641,-1.75,15,22.956552267074585
642,4.6000000000000005,3,22.989837884902954
643,-3.7,15,23.034571170806885
644,4.0,7,23.068634033203125
645,4.6000000000000005,3,23.098271131515503
646,4.3,5,23.130993843078613
647,3.55,10,23.166045427322388
648,-3.25,6,23.1984703540802
649,-3.0,1,23.225106954574585
650,-1.75,15,23.27074122428894
651,-1.75,15,23.469339609146118
652,3.4,11,23.50791597366333
653,-1.75,15,23.55906581878662
654,4.449999999999999,4,23.589478254318237
655,4.449999999999999,4,23.622100114822388
656,4.449999999999999,4,23.66043186187744
657,4.15,6,23.70415449142456
658,3.85,8,23.74411964416504
659,3.85,8,23.79008984565735
660,-3.6,13,23.838035345077515
661,3.1,13,23.880444049835205
662,3.1,13,23.93181347846985
663,4.6000000000000005,3,23.966118812561035
664,3.4,11,24.009962558746338
665,4.449999999999999,4,24.043021202087402
666,4.449999999999999,4,24.078756093978882
667,-3.5,11,24.125976085662842
668,-3.7,15,24.17989420890808
669,4.449999999999999,4,24.214759349822998
670,3.6999999999999997,9,24.253947019577026
671,3.4,11,24.299604415893555
672,4.75,2,24.32483196258545
673,-1.75,15,24.368896484375
674,3.55,10,24.412147283554077
675,4.449999999999999,4,24.44075608253479
676,-3.3,7,24.474756002426147
677,3.55,10,24.51837658882141
678,-3.7,15,24.570639848709106
679,4.6000000000000005,3,24.6066153049469
680,3.4,11,24.649113416671753
681,4.6000000000000005,3,24.67745304107666
682,-3.1,3,24.706092357635498
683,4.3,5,24.87952494621277
684,-3.25,6,24.911070346832275
685,4.6000000000000005,3,24.937974214553833
686,4.449999999999999,4,24.974093675613403
687,4.6000000000000005,3,25.003138780593872
688,3.85,8,25.039700984954834
689,4.3,5,25.06769871711731
690,4.449999999999999,4,25.104082107543945
691,4.6000000000000005,3,25.13445210456848
692,4.3,5,25.16616678237915
693,3.6999999999999997,9,25.209962844848633
694,3.4,11,25.254049062728882
695,4.449999999999999,4,25.285343885421753
696,3.6999999999999997,9,25.327895641326904
697,3.6999999999999997,9,25.36400008201599
698,4.15,6,25.395673751831055
699,3.4,11,25.43193483352661
700,4.449999999999999,4,25.462332248687744
701,3.4,11,25.514362573623657
702,-3.35,8,25.558764696121216
703,-3.05,2,25.58477258682251
704,3.85,8,25.634459018707275
705,-3.3,7,25.675706386566162
706,-3.3,7,25.71472930908203
707,4.6000000000000005,3,25.745011806488037
708,3.6999999999999997,9,25.789877891540527
709,-3.25,6,25.824906826019287
710,-1.75,15,25.879473209381104
711,-3.15,4,25.909204483032227
712,-3.6,13,25.95540976524353
713,3.4,11,26.00325870513916
714,4.449999999999999,4,26.03947401046753
715,-3.3,7,26.07378315925598
716,4.0,7,26.11208152770996
717,4.6000000000000005,3,26.136863470077515
718,4.6000000000000005,3,26.164516925811768
719,3.85,8,26.20048189163208
720,4.0,7,26.23947501182556
721,4.75,2,26.265623331069946
722,4.3,5,26.440985441207886
723,4.75,2,26.46747922897339
724,3.85,8,26.50034213066101
725,4.6000000000000005,3,26.52761483192444
726,-3.4,9,26.563833951950073
727,-3.35,8,26.59744119644165
728,4.15,6,26.632885932922363
729,-3.4,9,26.671806812286377
730,-1.75,15,26.71847367286682
731,-3.45,10,26.75784707069397
732,-3.35,8,26.790453672409058
733,4.15,6,26.8202543258667
734,4.3,5,26.850040912628174
735,3.25,12,26.896278858184814
736,3.55,10,26.93310523033142
737,-3.6,13,26.97802710533142
738,-3.15,4,27.012882709503174
739,-1.75,15,27.073136806488037
740,4.0,7,27.11169195175171
741,-3.45,10,27.157294750213623
742,2.9499999999999997,14,27.207724571228027
743,4.0,7,27.249468564987183
744,3.55,10,27.296262979507446
745,4.3,5,27.333298206329346
746,3.85,8,27.37374711036682
747,-3.5,11,27.413340091705322
748,4.6000000000000005,3,27.44922971725464
749,4.6000000000000005,3,27.479689359664917
750,-3.45,10,27.523753881454468
751,3.55,10,27.57306694984436
752,4.75,2,27.597843885421753
753,3.55,10,27.638373374938965
754,4.0,7,27.82410764694214
755,4.75,2,27.847360610961914
756,4.75,2,27.874181032180786
757,4.6000000000000005,3,27.899800777435303
758,4.6000000000000005,3,27.926380395889282
759,3.55,10,27.96616816520691
760,3.4,11,28.00506067276001
761,3.1,13,28.05271887779236
762,4.6000000000000005,3,28.080832481384277
763,-3.4,9,28.120929479599
764,4.6000000000000005,3,28.14751434326172
765,4.75,2,28.174251794815063
766,4.449999999999999,4,28.201565504074097
767,4.75,2,28.231610774993896
768,4.0,7,28.26224112510681
769,4.15,6,28.297436952590942
770,-3.55,12,28.335959434509277
771,3.55,10,28.37110733985901
772,4.449999999999999,4,28.40049123764038
773,4.6000000000000005,3,28.42756700515747
774,-3.4,9,28.46002197265625
775,4.449999999999999,4,28.49319052696228
776,4.3,5,28.525804042816162
777,4.9,1,28.552063703536987
778,3.4,11,28.595264434814453
779,4.6000000000000005,3,28.626546144485474
780,3.4,11,28.67333221435547
781,4.75,2,28.6978600025177
782,4.3,5,28.728357553482056
783,4.0,7,28.761749744415283
784,-3.6,13,28.80660128593445
785,4.75,2,28.831990003585815
786,3.4,11,28.87052059173584
787,4.75,2,28.895714044570923
788,3.6999999999999997,9,28.931389570236206
789,4.449999999999999,4,28.959073305130005
790,4.15,6,28.991435766220093
791,4.6000000000000005,3,29.02087688446045
792,4.6000000000000005,3,29.053715705871582
793,4.75,2,29.090059757232666
794,3.4,11,29.134889841079712
795,-1.75,15,29.180172443389893
796,-3.25,6,29.352584838867188
797,4.15,6,29.38949942588806
798,-3.3,7,29.432785749435425
799,4.3,5,29.468807697296143
800,4.0,7,29.507946252822876
801,4.15,6,29.539613962173462
802,4.3,5,29.571258068084717
803,4.449999999999999,4,29.602349519729614
804,3.6999999999999997,9,29.644728660583496
805,4.449999999999999,4,29.674336433410645
806,-3.05,2,29.69802737236023
807,-3.6,13,29.738243103027344
808,-1.75,15,29.781312704086304
809,4.0,7,29.813190937042236
810,4.449999999999999,4,29.84375286102295
811,-1.75,15,29.884450674057007
812,4.75,2,29.908786296844482
813,4.0,7,29.946732997894287
814,4.15,6,29.977447748184204
815,-1.75,15,30.02029252052307
816,3.4,11,30.062223196029663
817,-1.75,15,30.105559587478638
818,3.6999999999999997,9,30.139346837997437
819,4.75,2,30.164482593536377
820,4.75,2,30.189093112945557
821,-1.75,15,30.243650197982788
822,4.9,1,30.275282621383667
823,-3.2,5,30.308629989624023
824,4.6000000000000005,3,30.345720291137695
825,4.6000000000000005,3,30.37901997566223
826,3.55,10,30.42412567138672
827,4.3,5,30.464930295944214
828,4.449999999999999,4,30.499297857284546
829,4.3,5,30.532471656799316
830,3.55,10,30.575875520706177
831,4.75,2,30.602861881256104
832,4.15,6,30.638848543167114
833,4.15,6,30.822160720825195
834,-3.6,13,30.867395401000977
835,4.15,6,30.89489459991455
836,4.3,5,30.9243803024292
837,4.75,2,30.948548555374146
838,4.15,6,30.981160640716553
839,3.85,8,31.016145944595337
840,4.15,6,31.045649766921997
841,-1.75,15,31.091201305389404
842,4.75,2,31.122577667236328
843,4.449999999999999,4,31.15535259246826
844,4.3,5,31.183008432388306
845,3.1,13,31.233072996139526
846,4.449999999999999,4,31.262256860733032
847,-1.75,15,31.306385040283203
848,4.6000000000000005,3,31.333651065826416
849,-1.75,15,31.37964415550232
850,3.4,11,31.426605224609375
851,-1.75,15,31.479441165924072
852,3.85,8,31.51714324951172
853,-1.75,15,31.56934666633606
854,3.55,10,31.60626745223999
855,-3.55,12,31.644691228866577
856,4.15,6,31.683382749557495
857,3.55,10,31.71884274482727
858,-1.75,15,31.777435064315796
859,3.55,10,31.816730260849
860,-3.6,13,31.860538005828857
861,3.25,12,32.088762283325195
862,4.449999999999999,4,32.11625790596008
863,-1.75,15,32.16495323181152
864,-3.4,9,32.21310591697693
865,4.9,1,32.237486362457275
866,4.6000000000000005,3,32.26651048660278
867,4.75,2,32.29555678367615
868,4.15,6,32.33485174179077
869,3.4,11,32.375972509384155
870,3.85,8,32.41384482383728
871,4.449999999999999,4,32.44641590118408
872,4.75,2,32.47249889373779
873,4.0,7,32.507054805755615
874,4.3,5,32.53432607650757
875,3.4,11,32.57428431510925
876,4.75,2,32.6012008190155
877,-3.35,8,32.6436812877655
878,3.85,8,32.677366733551025
879,3.1,13,32.72355604171753
880,-3.7,15,32.76721143722534
881,-1.75,15,32.81369376182556
882,4.6000000000000005,3,32.841068267822266
883,4.3,5,32.87107729911804
884,3.85,8,32.902425050735474
885,4.75,2,32.92706656455994
886,4.3,5,32.95323324203491
887,3.1,13,32.994547605514526
888,4.449999999999999,4,33.025222063064575
889,3.25,12,33.0617094039917
890,-3.6,13,33.10665225982666
891,4.0,7,33.137338638305664
892,-1.75,15,33.17999076843262
893,3.55,10,33.21748161315918
894,3.4,11,33.42962574958801
895,4.6000000000000005,3,33.45683407783508
896,4.75,2,33.482850313186646
897,4.6000000000000005,3,33.51459240913391
898,-3.0,1,33.543360233306885
899,4.75,2,33.571770906448364
900,3.6999999999999997,9,33.61573648452759
901,3.85,8,33.65308856964111
902,4.449999999999999,4,33.683929204940796
903,4.6000000000000005,3,33.71840214729309
904,-1.75,15,33.77760672569275
905,4.449999999999999,4,33.81013536453247
906,-3.45,10,33.859732151031494
907,4.75,2,33.887768507003784
908,4.9,1,33.91023063659668
909,4.449999999999999,4,33.93714451789856
910,3.4,11,33.97917032241821
911,4.449999999999999,4,34.006596088409424
912,-3.4,9,34.041563272476196
913,-3.6,13,34.081955432891846
914,-3.25,6,34.11124563217163
915,4.0,7,34.143417835235596
916,3.6999999999999997,9,34.18268370628357
917,4.449999999999999,4,34.211395263671875
918,3.6999999999999997,9,34.24756598472595
919,4.75,2,34.27346181869507
920,4.449999999999999,4,34.302631855010986
921,3.25,12,34.34647822380066
922,-3.15,4,34.377084732055664
923,4.6000000000000005,3,34.4103262424469
924,4.0,7,34.45295572280884
925,4.449999999999999,4,34.48245167732239
926,-3.15,4,34.51035952568054
927,4.75,2,34.5365104675293
928,4.15,6,34.56948924064636
929,-3.5,11,34.609875202178955
930,-3.0,1,34.632201194763184
931,-1.75,15,34.68151664733887
932,-3.6,13,34.723657846450806
933,4.449999999999999,4,34.75039982795715
934,4.15,6,34.790677309036255
935,-3.3,7,34.82288193702698
936,3.25,12,35.00991153717041
937,3.85,8,35.046672105789185
938,-3.4,9,35.08183145523071
939,3.55,10,35.125566244125366
940,-3.45,10,35.16698098182678
941,4.3,5,35.1999454498291
942,4.75,2,35.23180603981018
943,-3.65,14,35.28410339355469
944,4.75,2,35.31393265724182
945,4.15,6,35.35183787345886
946,4.449999999999999,4,35.380258321762085
947,4.9,1,35.409064292907715
948,4.0,7,35.44835925102234
949,3.4,11,35.48462915420532
950,3.6999999999999997,9,35.51709747314453
951,4.15,6,35.54665422439575
952,4.449999999999999,4,35.58203458786011
953,3.55,10,35.61824893951416
954,4.75,2,35.64197874069214
955,4.15,6,35.67122268676758
956,4.15,6,35.70260190963745
957,4.75,2,35.72851753234863
958,4.3,5,35.7578866481781
959,4.6000000000000005,3,35.78557538986206
960,4.6000000000000005,3,35.810208320617676
961,3.25,12,35.84920597076416
962,4.449999999999999,4,35.87627339363098
963,4.9,1,35.90351223945618
964,4.449999999999999,4,35.93972206115723
965,4.75,2,35.964637756347656
966,-1.75,15,36.006768226623535
967,4.449999999999999,4,36.03438591957092
968,4.0,7,36.068861961364746
969,4.75,2,36.09421396255493
970,3.6999999999999997,9,36.130295753479004
971,4.15,6,36.158220052719116
972,3.4,11,36.19768309593201
973,4.75,2,36.225205183029175
974,4.0,7,36.26397967338562
975,-3.35,8,36.29805064201355
976,4.75,2,36.322521686553955
977,3.1,13,36.52515149116516
978,4.6000000000000005,3,36.561726093292236
979,4.75,2,36.585617780685425
980,3.4,11,36.62963318824768
981,4.75,2,36.658621072769165
982,4.449999999999999,4,36.69019794464111
983,4.0,7,36.726298332214355
984,4.3,5,36.7625150680542
985,4.3,5,36.79830598831177
986,4.15,6,36.83449363708496
987,3.85,8,36.870450496673584
988,4.75,2,36.895665884017944
989,4.449999999999999,4,36.92792773246765
990,-3.4,9,36.970016956329346
991,-3.35,8,37.01930093765259
992,-1.75,15,37.073182106018066
993,4.449999999999999,4,37.10602903366089
994,-1.75,15,37.15322303771973
995,4.15,6,37.19197154045105
996,4.3,5,37.22637128829956
997,4.449999999999999,4,37.2598876953125
998,4.449999999999999,4,37.289775133132935
999,4.449999999999999,4,37.32841229438782
1000,4.449999999999999,4,37.35814952850342
1001,4.15,6,37.38557195663452
1002,4.3,5,37.414679765701294
1003,-3.35,8,37.448662757873535
1004,4.15,6,37.47998905181885
1005,4.449999999999999,4,37.50727820396423
1006,3.55,10,37.54533052444458
1007,4.75,2,37.56696438789368
1008,4.3,5,37.5949490070343
1009,4.449999999999999,4,37.62373757362366
1010,4.3,5,37.64847445487976
1011,4.0,7,37.67976498603821
1012,-1.75,15,37.72702074050903
1013,4.75,2,37.75053143501282
1014,3.25,12,37.7903151512146
1015,3.25,12,37.83032441139221
1016,4.6000000000000005,3,37.86016082763672
1017,3.55,10,38.0298810005188
1018,4.15,6,38.06302618980408
1019,-1.75,15,38.111454486846924
1020,4.449999999999999,4,38.142120599746704
1021,4.0,7,38.1771194934845
1022,4.6000000000000005,3,38.20206308364868
1023,4.6000000000000005,3,38.230506896972656
1024,4.9,1,38.257654666900635
1025,4.9,1,38.285542726516724
1026,-3.35,8,38.319645404815674
1027,3.6999999999999997,9,38.35850381851196
1028,3.6999999999999997,9,38.40535306930542
1029,2.9499999999999997,14,38.45292067527771
1030,-3.45,10,38.49230337142944
1031,-1.75,15,38.537469148635864
1032,4.75,2,38.56200551986694
1033,4.6000000000000005,3,38.587859869003296
1034,3.55,10,38.624922037124634
1035,4.449999999999999,4,38.65618371963501
1036,4.449999999999999,4,38.68202829360962
1037,4.15,6,38.71579957008362
1038,4.6000000000000005,3,38.740551233291626
1039,4.75,2,38.765018701553345
1040,4.15,6,38.79673171043396
1041,3.85,8,38.832249879837036
1042,4.75,2,38.85546898841858
1043,-3.1,3,38.879024505615234
1044,4.3,5,38.9067497253418
1045,4.0,7,38.934792041778564
1046,4.0,7,38.96571207046509
1047,4.6000000000000005,3,38.991138219833374
1048,-3.45,10,39.025193214416504
1049,4.9,1,39.05178689956665
1050,4.3,5,39.084651470184326
1051,3.85,8,39.12114882469177
1052,-1.75,15,39.175978899002075
1053,3.55,10,39.21538543701172
1054,4.3,5,39.24391984939575
1055,3.55,10,39.28473472595215
1056,4.449999999999999,4,39.31696438789368
1057,3.85,8,39.508971214294434
1058,4.6000000000000005,3,39.54081678390503
1059,4.9,1,39.564682483673096
1060,4.75,2,39.58804154396057
1061,4.0,7,39.62896752357483
1062,-1.75,15,39.679800510406494
1063,-3.45,10,39.720359086990356
1064,4.3,5,39.75163197517395
1065,4.3,5,39.78385615348816
1066,3.85,8,39.81857967376709
1067,-1.75,15,39.862507581710815
1068,4.3,5,39.89580202102661
1069,-3.3,7,39.93436002731323
1070,4.0,7,39.9731719493866
1071,3.1,13,40.017892360687256
1072,-3.3,7,40.0545814037323
1073,4.3,5,40.08228302001953
1074,4.6000000000000005,3,40.111159801483154
1075,4.6000000000000005,3,40.140018701553345
1076,-1.75,15,40.18829846382141
1077,-1.75,15,40.22917604446411
1078,3.6999999999999997,9,40.26485896110535
1079,4.15,6,40.30010437965393
1080,4.6000000000000005,3,40.33081841468811
1081,-3.3,7,40.365878105163574
1082,3.85,8,40.40652108192444
1083,4.0,7,40.43989372253418
1084,4.6000000000000005,3,40.46648669242859
1085,4.3,5,40.49709725379944
1086,3.4,11,40.54149055480957
1087,4.6000000000000005,3,40.5731897354126
1088,3.6999999999999997,9,40.61433482170105
1089,4.15,6,40.6433527469635
1090,-3.45,10,40.6785364151001
1091,4.449999999999999,4,40.708704233169556
1092,-1.75,15,40.905213832855225
1093,4.449999999999999,4,40.93673300743103
1094,4.15,6,40.97156524658203
1095,4.3,5,41.00450611114502
1096,4.449999999999999,4,41.03110861778259
1097,3.85,8,41.06284022331238
1098,-3.0,1,41.086349964141846
1099,4.449999999999999,4,41.11411452293396
1100,3.6999999999999997,9,41.14604568481445
1101,3.85,8,41.178518772125244
1102,4.0,7,41.21614909172058
1103,-1.75,15,41.262309074401855
1104,4.75,2,41.29200506210327
1105,4.0,7,41.3283634185791
1106,4.449999999999999,4,41.361315965652466
1107,4.3,5,41.39186668395996
1108,4.449999999999999,4,41.42730522155762
1109,4.75,2,41.455156087875366
1110,4.75,2,41.48397994041443
1111,4.75,2,41.52039456367493
1112,4.3,5,41.55516815185547
1113,3.55,10,41.59391713142395
1114,4.449999999999999,4,41.624425411224365
1115,4.3,5,41.65536046028137
1116,3.25,12,41.698294162750244
1117,4.0,7,41.731512784957886
1118,4.6000000000000005,3,41.76096296310425
1119,-1.75,15,41.804946422576904
1120,3.55,10,41.83764171600342
1121,-1.75,15,41.87700819969177
1122,4.75,2,41.90276265144348
1123,-1.75,15,41.945602893829346
1124,4.6000000000000005,3,41.970964670181274
1125,4.6000000000000005,3,42.00032043457031
1126,4.75,2,42.02564525604248
1127,4.3,5,42.05781817436218
1128,4.6000000000000005,3,42.084311723709106
1129,4.9,1,42.11037278175354
1130,-1.75,15,42.15570950508118
1131,4.6000000000000005,3,42.189093589782715
1132,4.3,5,42.217710971832275
1133,-3.0,1,42.241039991378784
1134,4.0,7,42.276506185531616
1135,4.75,2,42.456974029541016
1136,3.25,12,42.49481248855591
1137,-1.75,15,42.541991233825684
1138,4.9,1,42.56574892997742
1139,4.0,7,42.59846115112305
1140,4.75,2,42.62602400779724
1141,-1.75,15,42.668519020080566
1142,4.15,6,42.69780921936035
1143,3.6999999999999997,9,42.74082946777344
1144,4.9,1,42.76375436782837
1145,3.85,8,42.803303956985474
1146,4.6000000000000005,3,42.82819604873657
1147,4.6000000000000005,3,42.85412096977234
1148,-1.75,15,42.89615035057068
1149,4.6000000000000005,3,42.92802309989929
1150,4.3,5,42.96014714241028
1151,4.3,5,42.98944306373596
1152,4.3,5,43.018152952194214
1153,4.15,6,43.049336433410645
1154,3.1,13,43.095316886901855
1155,4.449999999999999,4,43.12390494346619
1156,3.55,10,43.163097620010376
1157,3.85,8,43.19918918609619
1158,4.0,7,43.23546767234802
1159,-1.75,15,43.28110408782959
1160,-1.75,15,43.322185754776
1161,4.6000000000000005,3,43.34811282157898
1162,4.449999999999999,4,43.38069796562195
1163,4.449999999999999,4,43.41118407249451
1164,-1.75,15,43.457990884780884
1165,-1.75,15,43.50478148460388
1166,3.85,8,43.544761419296265
1167,-3.7,15,43.753883361816406
1168,-1.75,15,43.798460245132446
1169,-1.75,15,43.858341217041016
1170,3.85,8,43.89300990104675
1171,-3.25,6,43.93314504623413
1172,4.6000000000000005,3,43.96467041969299
1173,4.75,2,43.9892578125
1174,-3.7,15,44.03124403953552
1175,3.6999999999999997,9,44.067516565322876
1176,4.9,1,44.093665599823
1177,4.0,7,44.127920389175415
1178,4.3,5,44.15719795227051
1179,3.85,8,44.199706077575684
1180,4.449999999999999,4,44.24547243118286
1181,4.3,5,44.29109239578247
1182,3.85,8,44.33671498298645
1183,4.3,5,44.38131833076477
1184,3.4,11,44.43136429786682
1185,4.15,6,44.46942734718323
1186,4.75,2,44.49786114692688
1187,3.4,11,44.543869972229004
1188,-1.75,15,44.60397529602051
1189,4.75,2,44.64026355743408
1190,4.0,7,44.6717734336853
1191,4.449999999999999,4,44.70032262802124
1192,4.9,1,44.73007345199585
1193,4.9,1,44.75713086128235
1194,3.85,8,44.79246258735657
1195,3.85,8,44.83579230308533
1196,4.3,5,44.86713910102844
1197,4.3,5,44.89762759208679
1198,3.85,8,44.93074917793274
1199,4.15,6,44.960099935531616
1200,3.4,11,44.99562335014343
1201,3.6999999999999997,9,45.03055453300476
1202,-3.6,13,45.07254409790039
1203,4.449999999999999,4,45.10374903678894
1204,3.85,8,45.290122509002686
1205,4.449999999999999,4,45.31428241729736
1206,4.15,6,45.345006465911865
1207,3.85,8,45.381529331207275
1208,3.4,11,45.41896176338196
1209,4.15,6,45.4486403465271
1210,3.85,8,45.484020948410034
1211,4.15,6,45.521323680877686
1212,4.0,7,45.55830383300781
1213,4.449999999999999,4,45.59316921234131
1214,3.85,8,45.62734127044678
1215,4.3,5,45.656054973602295
1216,4.75,2,45.68113374710083
1217,4.449999999999999,4,45.71227312088013
1218,4.0,7,45.75198578834534
1219,4.6000000000000005,3,45.7837553024292
1220,3.4,11,45.82503843307495
1221,3.6999999999999997,9,45.859108686447144
1222,3.4,11,45.894585609436035
1223,4.15,6,45.9267315864563
1224,4.75,2,45.95189809799194
1225,4.75,2,45.9752562046051
1226,4.6000000000000005,3,46.003888845443726
1227,-1.75,15,46.04734992980957
1228,4.6000000000000005,3,46.07744264602661
1229,-1.75,15,46.12671446800232
1230,4.15,6,46.160327672958374
1231,4.0,7,46.19843244552612
1232,4.75,2,46.23049020767212
1233,-1.75,15,46.28848600387573
1234,4.75,2,46.31809401512146
1235,3.85,8,46.35424470901489
1236,4.15,6,46.39067220687866
1237,3.85,8,46.42766046524048
1238,3.6999999999999997,9,46.46393299102783
1239,4.6000000000000005,3,46.495017290115356
1240,-3.2,5,46.525861740112305
1241,4.449999999999999,4,46.55623722076416
1242,-3.5,11,46.760185956954956
1243,3.6999999999999997,9,46.800954818725586
1244,4.9,1,46.824498653411865
1245,-3.25,6,46.853919506073
1246,4.9,1,46.875038623809814
1247,3.4,11,46.91753578186035
1248,4.3,5,46.946688175201416
1249,4.449999999999999,4,46.97949934005737
1250,4.75,2,47.00614595413208
1251,4.3,5,47.037477254867554
1252,4.9,1,47.071402072906494
1253,4.449999999999999,4,47.10183072090149
1254,4.6000000000000005,3,47.12894153594971
1255,4.6000000000000005,3,47.160985469818115
1256,4.6000000000000005,3,47.186097145080566
1257,4.449999999999999,4,47.21679139137268
1258,-3.3,7,47.252578020095825
1259,4.6000000000000005,3,47.277554750442505
1260,4.449999999999999,4,47.303795337677
1261,3.6999999999999997,9,47.33971953392029
1262,4.0,7,47.37047481536865
1263,3.85,8,47.40376377105713
1264,4.449999999999999,4,47.429768562316895
1265,4.15,6,47.458213329315186
1266,4.75,2,47.48834729194641
1267,4.3,5,47.52400231361389
1268,4.15,6,47.558170318603516
1269,-3.5,11,47.59632182121277
1270,4.15,6,47.629467248916626
1271,3.6999999999999997,9,47.67214393615723
1272,3.4,11,47.71643590927124
1273,4.449999999999999,4,47.74630355834961
1274,4.15,6,47.777655839920044
1275,-3.35,8,47.82142114639282
1276,4.15,6,47.85803842544556
1277,4.6000000000000005,3,47.883756160736084
1278,4.9,1,47.90500211715698
1279,4.75,2,47.929364919662476
1280,-3.55,12,47.97104024887085
1281,4.15,6,48.004130840301514
1282,-3.6,13,48.050235748291016
1283,4.15,6,48.08075666427612
1284,4.449999999999999,4,48.1076934337616
1285,-3.55,12,48.146700382232666
1286,4.9,1,48.17328500747681
1287,-1.75,15,48.37499976158142
1288,4.75,2,48.404398679733276
1289,4.75,2,48.42610192298889
1290,4.75,2,48.453171730041504
1291,-1.75,15,48.497239112854004
1292,3.55,10,48.536945819854736
1293,4.449999999999999,4,48.571075201034546
1294,4.6000000000000005,3,48.59851050376892
1295,4.9,1,48.62626051902771
1296,3.85,8,48.67001795768738
1297,4.75,2,48.698556661605835
1298,-3.45,10,48.73874592781067
1299,4.0,7,48.77283000946045
1300,4.9,1,48.7982497215271
1301,4.75,2,48.8241012096405
1302,-1.75,15,48.87198567390442
1303,4.15,6,48.907174587249756
1304,4.15,6,48.93840789794922
1305,4.6000000000000005,3,48.967482566833496
1306,4.75,2,48.99017381668091
1307,4.15,6,49.02065324783325
1308,4.75,2,49.04555869102478
1309,4.3,5,49.07757830619812
1310,4.6000000000000005,3,49.10773849487305
1311,3.25,12,49.151038646698
1312,3.4,11,49.191192388534546
1313,4.6000000000000005,3,49.222851514816284
1314,4.3,5,49.259624004364014
1315,3.25,12,49.30301380157471
1316,2.9499999999999997,14,49.35662579536438
1317,-3.55,12,49.40381097793579
1318,4.15,6,49.434900999069214
1319,-3.3,7,49.46804094314575
1320,4.15,6,49.50153207778931
1321,4.6000000000000005,3,49.5280876159668
1322,-3.6,13,49.57794666290283
1323,4.6000000000000005,3,49.60583782196045
1324,4.9,1,49.63202714920044
1325,4.6000000000000005,3,49.658347606658936
1326,-3.5,11,49.695252656936646
1327,4.15,6,49.72897553443909
1328,-3.15,4,49.753525495529175
1329,4.75,2,49.919591188430786
1330,4.449999999999999,4,49.94629216194153
1331,4.449999999999999,4,49.97744178771973
1332,4.6000000000000005,3,50.00313663482666
1333,4.6000000000000005,3,50.030495166778564
1334,4.449999999999999,4,50.062251806259155
1335,4.3,5,50.0951464176178
1336,4.9,1,50.12178444862366
1337,3.6999999999999997,9,50.15670824050903
1338,4.449999999999999,4,50.18263483047485
1339,4.6000000000000005,3,50.20788931846619
1340,4.3,5,50.23755884170532
1341,4.15,6,50.26781940460205
1342,-1.75,15,50.31163024902344
1343,4.6000000000000005,3,50.3390896320343
1344,4.9,1,50.35999417304993
1345,-3.05,2,50.384153604507446
1346,3.55,10,50.42368149757385
1347,4.15,6,50.45867466926575
1348,3.55,10,50.495543241500854
1349,3.4,11,50.54618000984192
1350,4.15,6,50.58548641204834
1351,4.3,5,50.620869398117065
1352,-3.5,11,50.66134858131409
1353,4.449999999999999,4,50.696155309677124
1354,4.75,2,50.72723031044006
1355,-3.25,6,50.76212525367737
1356,4.3,5,50.794347524642944
1357,4.3,5,50.82503032684326
1358,4.6000000000000005,3,50.850544929504395
1359,4.6000000000000005,3,50.87827801704407
1360,4.6000000000000005,3,50.91208839416504
1361,4.6000000000000005,3,50.94633603096008
1362,4.75,2,50.98088073730469
1363,4.449999999999999,4,51.01733875274658
1364,4.6000000000000005,3,51.04308009147644
1365,4.3,5,51.078932762145996
1366,3.6999999999999997,9,51.11856937408447
1367,4.3,5,51.15034317970276
1368,-3.7,15,51.19559860229492
1369,-1.75,15,51.24121570587158
1370,4.75,2,51.26599717140198
1371,4.6000000000000005,3,51.29418230056763
1372,4.75,2,51.319480419158936
1373,-1.75,15,51.362645864486694
1374,4.0,7,51.393507957458496
1375,-3.15,4,51.56719636917114
1376,4.75,2,51.59119129180908
1377,3.6999999999999997,9,51.63513422012329
1378,4.6000000000000005,3,51.6621618270874
1379,4.75,2,51.68975305557251
1380,4.6000000000000005,3,51.71492838859558
1381,-3.1,3,51.74346947669983
1382,3.85,8,51.77708029747009
1383,-1.75,15,51.82188844680786
1384,4.9,1,51.842570304870605
1385,4.449999999999999,4,51.87593865394592
1386,4.9,1,51.898656129837036
1387,4.3,5,51.92727732658386
1388,-3.25,6,51.95966696739197
1389,-3.2,5,51.988173484802246
1390,3.4,11,52.027469635009766
1391,4.449999999999999,4,52.05683755874634
1392,4.449999999999999,4,52.087496519088745
1393,4.3,5,52.115092515945435
1394,4.449999999999999,4,52.144877910614014
1395,-3.5,11,52.181400775909424
1396,4.6000000000000005,3,52.207080364227295
1397,4.449999999999999,4,52.23603367805481
1398,4.75,2,52.26315355300903
1399,3.25,12,52.30936026573181
1400,4.0,7,52.342772483825684
1401,4.6000000000000005,3,52.3744158744812
1402,4.449999999999999,4,52.4098105430603
1403,-3.7,15,52.46138405799866
1404,4.449999999999999,4,52.49272274971008
1405,4.6000000000000005,3,52.518651247024536
1406,4.6000000000000005,3,52.54689812660217
1407,4.15,6,52.57728910446167
1408,4.6000000000000005,3,52.60921001434326
1409,4.75,2,52.63626408576965
1410,4.0,7,52.67160153388977
1411,4.6000000000000005,3,52.700963497161865
1412,4.15,6,52.73504877090454
1413,3.4,11,52.77726984024048
1414,4.6000000000000005,3,52.80606818199158
1415,4.15,6,52.838523864746094
1416,4.3,5,52.86645269393921
1417,4.449999999999999,4,52.89355659484863
1418,4.15,6,52.92098045349121
1419,4.0,7,52.960296630859375
1420,3.6999999999999997,9,52.995322465896606
1421,4.3,5,53.02367949485779
1422,4.75,2,53.04934811592102
1423,3.6999999999999997,9,53.22953820228577
1424,4.3,5,53.25817894935608
1425,4.15,6,53.29325294494629
1426,4.15,6,53.3325309753418
1427,4.75,2,53.363402366638184
1428,-1.75,15,53.409199476242065
1429,4.75,2,53.435750246047974
1430,4.6000000000000005,3,53.46000599861145
1431,4.75,2,53.488314628601074
1432,4.15,6,53.52037239074707
1433,4.75,2,53.54278779029846
1434,3.85,8,53.57430100440979
1435,4.449999999999999,4,53.6051242351532
1436,4.15,6,53.63791465759277
1437,3.25,12,53.67855405807495
1438,4.6000000000000005,3,53.709933280944824
1439,4.449999999999999,4,53.74072265625
1440,4.75,2,53.7647123336792
1441,4.449999999999999,4,53.799660444259644
1442,4.15,6,53.83077311515808
1443,4.15,6,53.869922399520874
1444,4.3,5,53.901118993759155
1445,3.55,10,53.937922954559326
1446,-3.15,4,53.96794080734253
1447,4.15,6,53.997886657714844
1448,4.6000000000000005,3,54.02630543708801
1449,4.6000000000000005,3,54.05792570114136
1450,4.15,6,54.096108198165894
1451,4.75,2,54.12467098236084
1452,3.85,8,54.16201448440552
1453,4.449999999999999,4,54.19325089454651
1454,4.449999999999999,4,54.2248899936676
1455,4.75,2,54.24906539916992
1456,3.4,11,54.29873514175415
1457,-1.75,15,54.34933352470398
1458,4.6000000000000005,3,54.374972105026245
1459,-1.75,15,54.41909718513489
1460,4.3,5,54.448691844940186
1461,4.3,5,54.47813129425049
1462,4.15,6,54.50885057449341
1463,4.3,5,54.53523087501526
1464,3.85,8,54.56509232521057
1465,-3.0,1,54.59029769897461
1466,-3.2,5,54.617955446243286
1467,4.0,7,54.65175199508667
1468,4.3,5,54.82775402069092
1469,-3.25,6,54.86124587059021
1470,4.3,5,54.88831377029419
1471,4.3,5,54.915037631988525
1472,3.6999999999999997,9,54.95381689071655
1473,4.449999999999999,4,54.9785099029541
1474,4.3,5,55.007335901260376
1475,3.85,8,55.04137992858887
1476,4.0,7,55.07486963272095
1477,3.4,11,55.11447620391846
1478,4.449999999999999,4,55.14418148994446
1479,4.75,2,55.170037269592285
1480,3.6999999999999997,9,55.21069884300232
1481,4.15,6,55.24470853805542
1482,3.25,12,55.28380823135376
1483,4.0,7,55.311254262924194
1484,4.0,7,55.34758710861206
1485,4.3,5,55.379555463790894
1486,4.449999999999999,4,55.407705545425415
1487,-1.75,15,55.45490336418152
1488,4.3,5,55.4830265045166
1489,3.85,8,55.522221326828
1490,-1.75,15,55.570335149765015
1491,4.0,7,55.605095863342285
1492,3.6999999999999997,9,55.64377999305725
1493,4.449999999999999,4,55.67549157142639
1494,4.75,2,55.70859932899475
1495,3.6999999999999997,9,55.7494535446167
1496,4.6000000000000005,3,55.77823495864868
1497,4.449999999999999,4,55.809327363967896
1498,4.6000000000000005,3,55.84163308143616
1499,3.85,8,55.88067269325256
1500,3.85,8,55.91702055931091
1501,4.449999999999999,4,55.95000338554382
1502,-1.75,15,55.9953339099884
1503,4.9,1,56.01897096633911
1504,4.449999999999999,4,56.04406189918518
1505,4.15,6,56.0794780254364
1506,4.449999999999999,4,56.11176562309265
1507,4.449999999999999,4,56.13879203796387
1508,4.3,5,56.32845664024353
1509,4.75,2,56.35934352874756
1510,-3.35,8,56.39876365661621
1511,4.449999999999999,4,56.42876696586609
1512,4.15,6,56.46393013000488
1513,4.75,2,56.48833465576172
1514,-3.3,7,56.51493835449219
1515,4.449999999999999,4,56.54296374320984
1516,3.85,8,56.57797932624817
1517,3.85,8,56.616158962249756
1518,-3.25,6,56.645737171173096
1519,-1.75,15,56.69896697998047
1520,4.6000000000000005,3,56.72798752784729
1521,4.449999999999999,4,56.76661276817322
1522,4.3,5,56.80106544494629
1523,4.6000000000000005,3,56.83161449432373
1524,4.449999999999999,4,56.859111070632935
1525,3.55,10,56.89452052116394
1526,-1.75,15,56.93687081336975
1527,-1.75,15,56.9851815700531
1528,4.9,1,57.010191679000854
1529,3.55,10,57.05731391906738
1530,4.75,2,57.087369203567505
1531,3.85,8,57.1365532875061
1532,4.449999999999999,4,57.170491456985474
1533,3.55,10,57.215317249298096
1534,4.75,2,57.242740631103516
1535,4.6000000000000005,3,57.27426719665527
1536,4.15,6,57.31061506271362
1537,3.6999999999999997,9,57.354188680648804
1538,4.6000000000000005,3,57.38548469543457
1539,-1.75,15,57.434049129486084
1540,4.6000000000000005,3,57.470338582992554
1541,-3.2,5,57.50385570526123
1542,4.449999999999999,4,57.53394627571106
1543,4.3,5,57.56678032875061
1544,-1.75,15,57.61522841453552
1545,-3.45,10,57.654507875442505
1546,3.4,11,57.85886001586914
1547,4.449999999999999,4,57.88727927207947
1548,4.449999999999999,4,57.91862678527832
1549,4.449999999999999,4,57.94330930709839
1550,4.6000000000000005,3,57.96872520446777
1551,3.6999999999999997,9,58.003101110458374
1552,3.25,12,58.05442261695862
1553,-3.35,8,58.09106969833374
1554,-1.75,15,58.14078712463379
1555,3.6999999999999997,9,58.18195295333862
1556,4.75,2,58.207003355026245
1557,-1.75,15,58.24686813354492
1558,2.9499999999999997,14,58.29309964179993
1559,4.0,7,58.32875347137451
1560,4.449999999999999,4,58.365498065948486
1561,-1.75,15,58.415388345718384
1562,4.75,2,58.440714836120605
1563,-1.75,15,58.48376941680908
1564,4.15,6,58.518720626831055
1565,4.75,2,58.540921449661255
1566,4.0,7,58.57191586494446
1567,3.85,8,58.607468366622925
1568,4.0,7,58.644705057144165
1569,3.85,8,58.679829359054565
1570,4.449999999999999,4,58.7107298374176
1571,4.75,2,58.73970413208008
1572,4.15,6,58.77253985404968
1573,4.6000000000000005,3,58.80452871322632
1574,4.6000000000000005,3,58.83371186256409
1575,4.3,5,58.86586046218872
1576,-3.35,8,58.90258836746216
1577,4.15,6,58.93082237243652
1578,4.3,5,58.95817852020264
1579,4.6000000000000005,3,58.98792839050293
1580,4.449999999999999,4,59.01802349090576
1581,4.0,7,59.0509889125824
1582,4.75,2,59.0752968788147
1583,4.9,1,59.09805512428284
1584,3.25,12,59.137211322784424
1585,3.4,11,59.33368372917175
1586,4.75,2,59.35753011703491
1587,4.0,7,59.39190363883972
1588,4.0,7,59.42367100715637
1589,4.449999999999999,4,59.45232391357422
1590,-3.35,8,59.48799538612366
1591,4.6000000000000005,3,59.517210721969604
1592,4.75,2,59.54124212265015
1593,-1.75,15,59.59034276008606
1594,4.15,6,59.62397122383118
1595,4.0,7,59.6589195728302
1596,3.85,8,59.694093227386475
1597,4.449999999999999,4,59.721226930618286
1598,4.75,2,59.745028018951416
1599,4.9,1,59.77065825462341
1600,4.0,7,59.80378198623657
1601,4.75,2,59.832658767700195
1602,3.6999999999999997,9,59.86823034286499
1603,4.0,7,59.90881037712097
1604,4.75,2,59.93484401702881
1605,3.85,8,59.96909832954407
1606,3.4,11,60.00915217399597
1607,3.6999999999999997,9,60.04108762741089
1608,4.15,6,60.074018716812134
1609,4.75,2,60.09723782539368
1610,4.15,6,60.12768077850342
1611,4.6000000000000005,3,60.155837059020996
1612,-1.75,15,60.20690369606018
1613,4.75,2,60.2326443195343
1614,4.449999999999999,4,60.261735916137695
1615,4.75,2,60.29055881500244
1616,4.449999999999999,4,60.32240533828735
1617,4.6000000000000005,3,60.36103296279907
1618,4.6000000000000005,3,60.39315223693848
1619,4.75,2,60.42606210708618
1620,4.3,5,60.45888376235962
1621,4.75,2,60.492162466049194
1622,4.15,6,60.531368255615234
1623,4.449999999999999,4,60.563814878463745
1624,3.55,10,60.609545946121216
1625,4.75,2,60.63769292831421
1626,4.449999999999999,4,60.67191481590271
1627,4.15,6,60.70780611038208
1628,4.449999999999999,4,60.73918271064758
1629,4.3,5,60.76928234100342
1630,4.6000000000000005,3,60.79944443702698
1631,4.9,1,60.822747230529785
1632,-3.1,3,60.85203289985657
1633,4.6000000000000005,3,60.879313468933105
1634,4.15,6,61.06051683425903
1635,4.6000000000000005,3,61.086556911468506
1636,4.0,7,61.116933822631836
1637,4.3,5,61.14442777633667
1638,3.6999999999999997,9,61.18257403373718
1639,3.55,10,61.22017979621887
1640,4.75,2,61.24733853340149
1641,3.1,13,61.29193186759949
1642,3.6999999999999997,9,61.3263099193573
1643,4.75,2,61.35167217254639
1644,3.85,8,61.38499331474304
1645,4.3,5,61.41814851760864
1646,4.449999999999999,4,61.45296359062195
1647,4.3,5,61.48662614822388
1648,4.75,2,61.51107692718506
1649,4.15,6,61.54247498512268
1650,4.449999999999999,4,61.573148250579834
1651,-1.75,15,61.616724729537964
1652,4.75,2,61.6398401260376
1653,-1.75,15,61.67791438102722
1654,4.75,2,61.71319818496704
1655,3.4,11,61.75434851646423
1656,4.15,6,61.78943681716919
1657,3.85,8,61.83045792579651
1658,4.3,5,61.86650085449219
1659,4.6000000000000005,3,61.90048146247864
1660,4.449999999999999,4,61.93049597740173
1661,4.0,7,61.97192406654358
1662,4.3,5,62.005035400390625
1663,4.6000000000000005,3,62.03120040893555
1664,4.0,7,62.06601643562317
1665,3.6999999999999997,9,62.10580396652222
1666,4.75,2,62.13504958152771
1667,4.0,7,62.17124891281128
1668,3.85,8,62.209641218185425
1669,4.449999999999999,4,62.23784589767456
1670,4.15,6,62.27411389350891
1671,3.85,8,62.30855989456177
1672,4.3,5,62.34767246246338
1673,4.15,6,62.38517498970032
1674,4.449999999999999,4,62.41371011734009
1675,4.75,2,62.44071674346924
1676,3.6999999999999997,9,62.622087240219116
1677,3.25,12,62.66033911705017
1678,4.0,7,62.691049337387085
1679,4.449999999999999,4,62.72124743461609
1680,3.85,8,62.7599093914032
1681,4.0,7,62.803101778030396
1682,3.6999999999999997,9,62.8376739025116
1683,3.25,12,62.874910831451416
1684,4.75,2,62.90905427932739
1685,4.449999999999999,4,62.940993547439575
1686,4.3,5,62.971365213394165
1687,4.15,6,63.00171685218811
1688,4.75,2,63.02493858337402
1689,4.6000000000000005,3,63.0509250164032
1690,4.75,2,63.07401943206787
1691,-1.75,15,63.122111558914185
1692,4.15,6,63.15338921546936
1693,4.15,6,63.18131637573242
1694,4.449999999999999,4,63.20905780792236
1695,4.449999999999999,4,63.24012041091919
1696,4.6000000000000005,3,63.265764236450195
1697,4.0,7,63.29754137992859
1698,3.85,8,63.335602045059204
1699,4.449999999999999,4,63.36348533630371
1700,3.4,11,63.40391802787781
1701,4.449999999999999,4,63.43391704559326
1702,4.449999999999999,4,63.466774463653564
1703,4.15,6,63.49851870536804
1704,4.75,2,63.5252959728241
1705,4.15,6,63.55770659446716
1706,-1.75,15,63.607632637023926
1707,4.15,6,63.65013313293457
1708,3.85,8,63.69270205497742
1709,4.449999999999999,4,63.72382354736328
1710,4.449999999999999,4,63.757062911987305
1711,3.55,10,63.80210280418396
1712,4.15,6,63.8390429019928
1713,3.85,8,63.8755624294281
1714,3.4,11,63.912269592285156
1715,3.4,11,64.09710097312927
1716,4.75,2,64.12317323684692
1717,4.449999999999999,4,64.15163087844849
1718,4.6000000000000005,3,64.17608571052551
1719,4.75,2,64.2019145488739
1720,4.3,5,64.22953987121582
1721,3.85,8,64.26807141304016
1722,4.3,5,64.30132389068604
1723,4.75,2,64.32550096511841
1724,4.75,2,64.3544409275055
1725,4.449999999999999,4,64.38521361351013
1726,4.0,7,64.42708563804626
1727,4.0,7,64.46734070777893
1728,4.3,5,64.5044629573822
1729,4.6000000000000005,3,64.53093695640564
1730,4.9,1,64.55997037887573
1731,4.15,6,64.59108757972717
1732,4.3,5,64.61970114707947
1733,3.4,11,64.65833878517151
1734,4.449999999999999,4,64.68436980247498
1735,3.55,10,64.73000264167786
1736,4.449999999999999,4,64.75831508636475
1737,4.6000000000000005,3,64.78314709663391
1738,-1.75,15,64.82445764541626
1739,4.6000000000000005,3,64.8515694141388
1740,4.75,2,64.87571406364441
1741,4.0,7,64.90832924842834
1742,4.75,2,64.93657636642456
1743,4.449999999999999,4,64.9696581363678
1744,4.6000000000000005,3,64.99663424491882
1745,4.449999999999999,4,65.02678537368774
1746,4.449999999999999,4,65.06205654144287
1747,3.25,12,65.10930156707764
1748,4.449999999999999,4,65.14776086807251
1749,4.3,5,65.17812657356262
1750,4.3,5,65.21295809745789
1751,-3.4,9,65.25337362289429
1752,4.15,6,65.28752946853638
1753,4.6000000000000005,3,65.3124463558197
1754,3.85,8,65.34751200675964
1755,3.6999999999999997,9,65.38760352134705
1756,4.3,5,65.42140173912048
1757,4.3,5,65.45626044273376
1758,3.4,11,65.49636697769165
1759,3.55,10,65.53924298286438
1760,4.6000000000000005,3,65.57030415534973
1761,3.55,10,65.61732292175293
1762,4.449999999999999,4,65.81584453582764
1763,-1.75,15,65.85956287384033
1764,4.75,2,65.88602638244629
1765,4.75,2,65.90867161750793
1766,4.6000000000000005,3,65.93474388122559
1767,3.4,11,65.97334742546082
1768,4.75,2,66.00431180000305
1769,4.6000000000000005,3,66.03142023086548
1770,3.4,11,66.07425856590271
1771,4.0,7,66.10641932487488
1772,4.3,5,66.13601803779602
1773,4.15,6,66.17070865631104
1774,4.449999999999999,4,66.19481372833252
1775,4.6000000000000005,3,66.22448396682739
1776,4.6000000000000005,3,66.25192260742188
1777,4.6000000000000005,3,66.28065037727356
1778,4.6000000000000005,3,66.31100463867188
1779,4.75,2,66.33621978759766
1780,4.15,6,66.36615681648254
1781,3.25,12,66.40358400344849
1782,3.4,11,66.44116640090942
1783,4.75,2,66.46892046928406
1784,4.449999999999999,4,66.49802541732788
1785,4.0,7,66.53075075149536
1786,4.3,5,66.55899739265442
1787,4.449999999999999,4,66.59314894676208
1788,3.85,8,66.63258361816406
1789,4.15,6,66.67225790023804
1790,-1.75,15,66.72002148628235
1791,4.449999999999999,4,66.75223445892334
1792,3.85,8,66.79220414161682
1793,4.449999999999999,4,66.824636220932
1794,4.15,6,66.85377621650696
1795,4.75,2,66.88128805160522
1796,3.4,11,66.92376065254211
1797,4.0,7,66.95720338821411
1798,4.3,5,66.99524402618408
1799,4.3,5,67.02596998214722
1800,-3.65,14,67.07447481155396
1801,4.75,2,67.10128045082092
1802,3.4,11,67.15139603614807
1803,4.449999999999999,4,67.18632650375366
1804,4.449999999999999,4,67.21525120735168
1805,4.3,5,67.41583180427551
1806,-1.75,15,67.46408820152283
1807,4.449999999999999,4,67.49819040298462
1808,4.449999999999999,4,67.52803540229797
1809,4.75,2,67.5574049949646
1810,4.449999999999999,4,67.58707070350647
1811,3.85,8,67.6206567287445
1812,4.449999999999999,4,67.6535530090332
1813,4.6000000000000005,3,67.67947387695312
1814,-1.75,15,67.72648882865906
1815,4.6000000000000005,3,67.75455069541931
1816,3.4,11,67.79777455329895
1817,3.55,10,67.83671379089355
1818,4.75,2,67.85959720611572
1819,-1.75,15,67.9020140171051
1820,4.6000000000000005,3,67.9257504940033
1821,3.55,10,67.96246933937073
1822,4.15,6,67.99480175971985
1823,3.6999999999999997,9,68.03108620643616
1824,4.6000000000000005,3,68.06137299537659
1825,-1.75,15,68.11493802070618
1826,3.55,10,68.15491533279419
1827,4.449999999999999,4,68.18125247955322
1828,4.6000000000000005,3,68.21321082115173
1829,4.75,2,68.247563123703
1830,3.25,12,68.28928303718567
1831,-1.75,15,68.33437466621399
1832,4.9,1,68.35943102836609
1833,3.85,8,68.39910697937012
1834,3.85,8,68.43435573577881
1835,4.15,6,68.46719789505005
1836,4.6000000000000005,3,68.49844264984131
1837,4.6000000000000005,3,68.52471089363098
1838,-3.05,2,68.55273866653442
1839,4.449999999999999,4,68.5816342830658
1840,4.6000000000000005,3,68.60627031326294
1841,3.25,12,68.65040278434753
1842,3.55,10,68.68961787223816
1843,4.15,6,68.86169219017029
1844,-3.6,13,68.89932179450989
1845,4.3,5,68.92636275291443
1846,4.3,5,68.95096826553345
1847,3.4,11,68.98995566368103
1848,4.6000000000000005,3,69.0225887298584
1849,3.85,8,69.05773425102234
1850,3.85,8,69.08985114097595
1851,4.449999999999999,4,69.12424802780151
1852,4.0,7,69.15427851676941
1853,3.4,11,69.19419193267822
1854,4.6000000000000005,3,69.22205877304077
1855,4.3,5,69.2503514289856
1856,4.75,2,69.2741334438324
1857,4.75,2,69.30041599273682
1858,4.6000000000000005,3,69.32654762268066
1859,4.15,6,69.3589117527008
1860,4.6000000000000005,3,69.38705587387085
1861,4.3,5,69.41851854324341
1862,4.6000000000000005,3,69.44432520866394
1863,4.449999999999999,4,69.47533416748047
1864,3.55,10,69.5162341594696
1865,4.6000000000000005,3,69.54231810569763
1866,3.55,10,69.57979035377502
1867,3.4,11,69.62135982513428
1868,4.3,5,69.65556693077087
1869,4.449999999999999,4,69.68579125404358
1870,4.449999999999999,4,69.72053599357605
1871,3.85,8,69.75636506080627
1872,4.15,6,69.7923948764801
1873,3.85,8,69.83364415168762
1874,4.449999999999999,4,69.86817502975464
1875,4.75,2,69.89573287963867
1876,4.0,7,69.93747591972351
1877,4.3,5,69.96996545791626
1878,4.15,6,70.00050210952759
1879,-1.75,15,70.05389189720154
1880,4.3,5,70.08291172981262
1881,3.6999999999999997,9,70.12415051460266
1882,4.15,6,70.15832781791687
1883,4.75,2,70.18635416030884
1884,4.6000000000000005,3,70.21702909469604
1885,3.55,10,70.4125485420227
1886,3.25,12,70.45865106582642
1887,4.6000000000000005,3,70.4896559715271
1888,4.3,5,70.52351403236389
1889,4.0,7,70.55911445617676
1890,4.0,7,70.59685564041138
1891,4.6000000000000005,3,70.62413787841797
1892,4.3,5,70.65488409996033
1893,3.4,11,70.69601798057556
1894,3.85,8,70.72876715660095
1895,4.15,6,70.75999712944031
1896,4.449999999999999,4,70.78755831718445
1897,4.9,1,70.81113958358765
1898,4.15,6,70.84705305099487
1899,4.6000000000000005,3,70.8773078918457
1900,-1.75,15,70.93195152282715
1901,4.75,2,70.95614862442017
1902,4.3,5,70.98485994338989
1903,4.0,7,71.02214980125427
1904,3.6999999999999997,9,71.06295347213745
1905,3.85,8,71.1022219657898
1906,4.75,2,71.12576913833618
1907,-3.55,12,71.16629910469055
1908,4.449999999999999,4,71.1974265575409
1909,4.15,6,71.23314547538757
1910,4.6000000000000005,3,71.26222014427185
1911,4.75,2,71.2892496585846
1912,4.6000000000000005,3,71.31311988830566
1913,4.6000000000000005,3,71.34233927726746
1914,4.75,2,71.37068581581116
1915,4.449999999999999,4,71.40414071083069
1916,4.6000000000000005,3,71.43639874458313
1917,3.55,10,71.47655367851257
1918,-1.75,15,71.52299547195435
1919,4.6000000000000005,3,71.55216026306152
1920,4.75,2,71.57820105552673
1921,4.15,6,71.61151027679443
1922,4.3,5,71.64188718795776
1923,3.6999999999999997,9,71.68351411819458
1924,3.6999999999999997,9,71.72050786018372
1925,3.4,11,71.75978899002075
1926,4.6000000000000005,3,71.78392434120178
1927,-3.35,8,71.815838098526
1928,4.6000000000000005,3,71.96945452690125
1929,4.3,5,71.99907445907593
1930,3.6999999999999997,9,72.03665375709534
1931,4.6000000000000005,3,72.06704473495483
1932,4.15,6,72.10202288627625
1933,4.15,6,72.13483572006226
1934,3.85,8,72.16618418693542
1935,4.75,2,72.19085717201233
1936,3.6999999999999997,9,72.23129415512085
1937,4.449999999999999,4,72.26160478591919
1938,4.449999999999999,4,72.2940149307251
1939,4.75,2,72.32284092903137
1940,4.3,5,72.3568503856659
1941,3.85,8,72.39136862754822
1942,4.3,5,72.4236216545105
1943,4.15,6,72.45586156845093
1944,-3.4,9,72.48745369911194
1945,3.55,10,72.52410459518433
1946,4.449999999999999,4,72.55176210403442
1947,4.75,2,72.57713103294373
1948,4.75,2,72.60192584991455
1949,3.6999999999999997,9,72.63730788230896
1950,4.449999999999999,4,72.66088509559631
1951,4.449999999999999,4,72.6892454624176
1952,3.6999999999999997,9,72.72041416168213
1953,4.6000000000000005,3,72.74492859840393
1954,4.3,5,72.7778069972992
1955,-1.75,15,72.82381868362427
1956,2.9499999999999997,14,72.86686086654663
1957,3.4,11,72.90586280822754
1958,-1.75,15,72.95396590232849
1959,4.6000000000000005,3,72.98084282875061
1960,4.0,7,73.01377177238464
1961,4.3,5,73.04388165473938
1962,3.6999999999999997,9,73.08802676200867
1963,4.15,6,73.1199107170105
1964,3.6999999999999997,9,73.15428519248962
1965,4.6000000000000005,3,73.18355131149292
1966,4.449999999999999,4,73.2172462940216
1967,3.55,10,73.26117181777954
1968,3.6999999999999997,9,73.45039248466492
1969,4.449999999999999,4,73.48575806617737
1970,4.15,6,73.53165459632874
1971,-1.75,15,73.58416533470154
1972,-1.75,15,73.63393974304199
1973,4.0,7,73.67236351966858
1974,4.449999999999999,4,73.70161390304565
1975,3.4,11,73.74746012687683
1976,3.85,8,73.78588151931763
1977,4.15,6,73.81789970397949
1978,3.55,10,73.85642457008362
1979,3.85,8,73.89082217216492
1980,3.4,11,73.93219590187073
1981,4.449999999999999,4,73.95958638191223
1982,4.6000000000000005,3,73.9852123260498
1983,3.55,10,74.02512049674988
1984,4.0,7,74.06072545051575
1985,-3.0,1,74.08898687362671
1986,4.449999999999999,4,74.11949729919434
1987,4.449999999999999,4,74.14653253555298
1988,4.6000000000000005,3,74.17261481285095
1989,3.85,8,74.20635795593262
1990,3.4,11,74.24144506454468
1991,4.6000000000000005,3,74.26835751533508
1992,4.449999999999999,4,74.29359865188599
1993,3.85,8,74.33025550842285
1994,4.449999999999999,4,74.3656690120697
1995,4.15,6,74.39744973182678
1996,3.4,11,74.43707871437073
1997,4.6000000000000005,3,74.46736025810242
1998,4.75,2,74.49109244346619
1999,3.4,11,74.53203463554382
2000,4.3,5,74.56987380981445
2001,4.3,5,74.60730576515198
2002,4.6000000000000005,3,74.640207529068
2003,4.6000000000000005,3,74.66970491409302
2004,4.6000000000000005,3,74.69743537902832
2005,3.4,11,74.73838973045349
2006,4.3,5,74.77011561393738
2007,4.0,7,74.94550514221191
2008,4.75,2,74.96872854232788
2009,4.6000000000000005,3,74.99571681022644
2010,4.9,1,75.02017378807068
2011,3.55,10,75.05514979362488
2012,4.75,2,75.0797119140625
2013,4.75,2,75.10939025878906
2014,4.6000000000000005,3,75.13950228691101
2015,4.6000000000000005,3,75.17130851745605
2016,4.3,5,75.20878338813782
2017,4.3,5,75.24225401878357
2018,3.4,11,75.2864146232605
2019,4.6000000000000005,3,75.31411004066467
2020,4.0,7,75.34904551506042
2021,4.6000000000000005,3,75.37675404548645
2022,4.9,1,75.40276503562927
2023,3.6999999999999997,9,75.43802332878113
2024,4.9,1,75.45942735671997
2025,3.6999999999999997,9,75.50243926048279
2026,4.449999999999999,4,75.53084468841553
2027,4.3,5,75.56661605834961
2028,4.15,6,75.59572672843933
2029,4.3,5,75.62499356269836
2030,4.449999999999999,4,75.6556806564331
2031,3.85,8,75.68816995620728
2032,4.9,1,75.7093071937561
2033,4.15,6,75.74382257461548
2034,4.0,7,75.77569031715393
2035,4.449999999999999,4,75.80281615257263
2036,4.449999999999999,4,75.83361792564392
2037,4.75,2,75.86114192008972
2038,3.4,11,75.90037274360657
2039,4.15,6,75.93328499794006
2040,4.449999999999999,4,75.9649441242218
2041,4.3,5,75.99953174591064
2042,4.15,6,76.0315113067627
2043,3.4,11,76.07572650909424
2044,4.6000000000000005,3,76.10806894302368
2045,3.55,10,76.15814256668091
2046,4.15,6,76.19405245780945
2047,3.4,11,76.24127078056335
2048,4.75,2,76.26839661598206
2049,3.85,8,76.30714440345764
2050,4.449999999999999,4,76.33607840538025
2051,3.85,8,76.37669038772583
2052,4.0,7,76.41646242141724
2053,3.6999999999999997,9,76.46084833145142
2054,4.449999999999999,4,76.63996911048889
2055,-1.75,15,76.68228268623352
2056,4.6000000000000005,3,76.71166563034058
2057,4.75,2,76.73609447479248
2058,-1.75,15,76.78146862983704
2059,4.449999999999999,4,76.81716108322144
2060,3.85,8,76.84861993789673
2061,4.9,1,76.87449193000793
2062,4.15,6,76.90628123283386
2063,-1.75,15,76.9522545337677
2064,-3.45,10,76.98900294303894
2065,4.15,6,77.02514410018921
2066,4.75,2,77.0528495311737
2067,3.55,10,77.1010274887085
2068,4.15,6,77.13983678817749
2069,3.55,10,77.1894121170044
2070,3.55,10,77.23444366455078
2071,4.449999999999999,4,77.26802563667297
2072,4.449999999999999,4,77.3010892868042
2073,4.3,5,77.33329844474792
2074,4.6000000000000005,3,77.36957049369812
2075,4.3,5,77.39869713783264
2076,3.6999999999999997,9,77.43836545944214
2077,4.75,2,77.47002601623535
2078,3.85,8,77.50535798072815
2079,4.15,6,77.54031872749329
2080,4.6000000000000005,3,77.56840538978577
2081,4.75,2,77.59814023971558
2082,4.15,6,77.62860178947449
2083,4.15,6,77.65886282920837
2084,-3.05,2,77.68447804450989
2085,-1.75,15,77.73345041275024
2086,4.0,7,77.77441215515137
2087,3.55,10,77.81649494171143
2088,3.85,8,77.85111570358276
2089,4.75,2,77.87420535087585
2090,4.75,2,77.89801120758057
2091,4.0,7,77.92913794517517
2092,3.85,8,77.96469044685364
2093,4.75,2,77.98945379257202
2094,3.55,10,78.17317247390747
2095,4.75,2,78.19476819038391
2096,3.85,8,78.22964572906494
2097,4.449999999999999,4,78.25911688804626
2098,3.6999999999999997,9,78.30320477485657
2099,4.3,5,78.32979345321655
2100,4.15,6,78.36192536354065
2101,3.1,13,78.40154933929443
2102,4.6000000000000005,3,78.42670917510986
2103,4.6000000000000005,3,78.45205092430115
2104,4.6000000000000005,3,78.47935557365417
2105,4.15,6,78.51036214828491
2106,4.6000000000000005,3,78.53903818130493
2107,4.449999999999999,4,78.56725120544434
2108,4.75,2,78.59440040588379
2109,4.0,7,78.62653493881226
2110,3.25,12,78.6677815914154
2111,3.6999999999999997,9,78.70403480529785
2112,4.3,5,78.73325157165527
2113,4.75,2,78.7598237991333
2114,4.449999999999999,4,78.79296159744263
2115,4.3,5,78.8226990699768
2116,3.85,8,78.8554105758667
2117,3.6999999999999997,9,78.88969612121582
2118,3.4,11,78.93135118484497
2119,4.6000000000000005,3,78.96012282371521
2120,4.3,5,78.99086236953735
2121,4.449999999999999,4,79.02303624153137
2122,4.449999999999999,4,79.05200576782227
2123,4.449999999999999,4,79.08279871940613
2124,4.9,1,79.1066792011261
2125,4.3,5,79.14639353752136
2126,4.449999999999999,4,79.17821836471558
2127,-3.4,9,79.2236602306366
2128,3.25,12,79.27744674682617
2129,4.15,6,79.32003569602966
2130,4.75,2,79.3540711402893
2131,3.6999999999999997,9,79.3918788433075
2132,4.6000000000000005,3,79.41963744163513
2133,4.75,2,79.44677472114563
2134,3.85,8,79.48310470581055
2135,4.0,7,79.5198187828064
2136,4.75,2,79.54439806938171
2137,4.6000000000000005,3,79.580641746521
2138,4.6000000000000005,3,79.60994958877563
2139,4.0,7,79.64308190345764
2140,4.6000000000000005,3,79.67163920402527
2141,4.3,5,79.85171246528625
2142,4.6000000000000005,3,79.87780809402466
2143,4.6000000000000005,3,79.90392971038818
2144,4.0,7,79.93562960624695
2145,4.449999999999999,4,79.96841979026794
2146,4.3,5,80.00279378890991
2147,4.6000000000000005,3,80.03654909133911
2148,4.75,2,80.06370234489441
2149,4.15,6,80.09358787536621
2150,4.3,5,80.12446618080139
2151,4.449999999999999,4,80.1528012752533
2152,4.449999999999999,4,80.18326926231384
2153,4.0,7,80.2171983718872
2154,4.449999999999999,4,80.24316072463989
2155,4.449999999999999,4,80.27105212211609
2156,3.55,10,80.31105446815491
2157,3.85,8,80.34739875793457
2158,4.75,2,80.37145233154297
2159,4.75,2,80.39595127105713
2160,4.0,7,80.43358993530273
2161,4.3,5,80.46521711349487
2162,4.15,6,80.49688124656677
2163,4.6000000000000005,3,80.5256724357605
2164,4.3,5,80.56344938278198
2165,4.75,2,80.59082341194153
2166,4.6000000000000005,3,80.62079501152039
2167,3.85,8,80.66486525535583
2168,4.449999999999999,4,80.6930022239685
2169,4.75,2,80.72912096977234
2170,4.449999999999999,4,80.76103639602661
2171,4.3,5,80.79399800300598
2172,3.25,12,80.83445978164673
2173,4.3,5,80.86406898498535
2174,4.9,1,80.88876914978027
2175,4.75,2,80.91179752349854
2176,3.85,8,80.94895696640015
2177,4.75,2,80.97786045074463
2178,4.0,7,81.00926446914673
2179,4.3,5,81.04097747802734
2180,4.449999999999999,4,81.06802535057068
2181,4.75,2,81.09163045883179
2182,4.6000000000000005,3,81.11915898323059
2183,2.8,15,81.16087508201599
2184,4.3,5,81.19124364852905
2185,3.55,10,81.23087882995605
2186,4.6000000000000005,3,81.25985550880432
2187,4.3,5,81.30006623268127
2188,4.6000000000000005,3,81.33306002616882
2189,4.3,5,81.36155271530151
2190,4.6000000000000005,3,81.38628911972046
2191,4.449999999999999,4,81.41411781311035
2192,4.9,1,81.43755459785461
2193,3.4,11,81.47390842437744
2194,4.3,5,81.66024851799011
2195,4.6000000000000005,3,81.68955993652344
2196,3.85,8,81.72644281387329
2197,3.6999999999999997,9,81.76521492004395
2198,4.9,1,81.78763818740845
2199,4.6000000000000005,3,81.81686282157898
2200,4.15,6,81.84946894645691
2201,4.75,2,81.87753653526306
2202,-1.75,15,81.92188334465027
2203,4.0,7,81.95411396026611
2204,3.55,10,81.98864102363586
2205,4.6000000000000005,3,82.01556301116943
2206,4.6000000000000005,3,82.04071950912476
2207,3.4,11,82.08206677436829
2208,3.4,11,82.11748003959656
2209,3.6999999999999997,9,82.15527009963989
2210,4.3,5,82.18681359291077
2211,4.449999999999999,4,82.21350049972534
2212,3.1,13,82.25826263427734
2213,4.9,1,82.2826578617096
2214,4.6000000000000005,3,82.31152820587158
2215,4.6000000000000005,3,82.34056210517883
2216,4.0,7,82.3757574558258
2217,4.3,5,82.40554594993591
2218,3.85,8,82.44765973091125
2219,-1.75,15,82.49349069595337
2220,4.3,5,82.52281999588013
2221,4.6000000000000005,3,82.55557250976562
2222,4.449999999999999,4,82.58451581001282
2223,4.6000000000000005,3,82.609792470932
2224,4.449999999999999,4,82.63999128341675
2225,-1.75,15,82.69144654273987
2226,4.6000000000000005,3,82.72230339050293
2227,-1.75,15,82.77019691467285
2228,4.75,2,82.79168486595154
2229,4.449999999999999,4,82.81813645362854
2230,4.6000000000000005,3,82.84228277206421
2231,3.85,8,82.87601327896118
2232,3.25,12,82.91430044174194
2233,-1.75,15,83.10223484039307
2234,-1.75,15,83.1466543674469
2235,4.9,1,83.1694929599762
2236,4.75,2,83.19481182098389
2237,4.6000000000000005,3,83.22375154495239
2238,4.449999999999999,4,83.24991846084595
2239,4.15,6,83.28011155128479
2240,3.6999999999999997,9,83.31492257118225
2241,4.75,2,83.33895969390869
2242,3.85,8,83.37888216972351
2243,4.15,6,83.40522575378418
2244,4.0,7,83.43842434883118
2245,3.85,8,83.47277855873108
2246,4.6000000000000005,3,83.50658059120178
2247,4.15,6,83.53627610206604
2248,4.449999999999999,4,83.56278228759766
2249,4.3,5,83.5905933380127
2250,2.9499999999999997,14,83.63267731666565
2251,4.3,5,83.66141557693481
2252,4.449999999999999,4,83.69086956977844
2253,3.6999999999999997,9,83.73235034942627
2254,-1.75,15,83.78308939933777
2255,3.85,8,83.8233687877655
2256,4.3,5,83.86819696426392
2257,4.0,7,83.90448808670044
2258,4.449999999999999,4,83.93551230430603
2259,4.449999999999999,4,83.96949529647827
2260,3.6999999999999997,9,84.02152347564697
2261,-1.75,15,84.08777260780334
2262,4.15,6,84.12477850914001
2263,3.6999999999999997,9,84.16590118408203
2264,4.6000000000000005,3,84.18994879722595
2265,3.25,12,84.2391574382782
2266,-1.75,15,84.2944769859314
2267,4.449999999999999,4,84.3213107585907
2268,3.85,8,84.35414147377014
2269,3.85,8,84.54923391342163
2270,4.0,7,84.58284544944763
2271,3.55,10,84.61687469482422
2272,3.4,11,84.65179347991943
2273,3.25,12,84.68924617767334
2274,4.3,5,84.72210454940796
2275,-1.75,15,84.77472496032715
2276,3.6999999999999997,9,84.81756448745728
2277,3.6999999999999997,9,84.86102175712585
2278,4.75,2,84.88642930984497
2279,4.15,6,84.91575860977173
2280,4.6000000000000005,3,84.94142150878906
2281,4.6000000000000005,3,84.9685754776001
2282,4.75,2,84.99076056480408
2283,4.75,2,85.02106761932373
2284,4.15,6,85.0518970489502
2285,3.25,12,85.09578967094421
2286,4.449999999999999,4,85.12170481681824
2287,4.15,6,85.14840269088745
2288,4.0,7,85.18358826637268
2289,4.9,1,85.2083044052124
2290,4.3,5,85.23715662956238
2291,4.75,2,85.26640343666077
2292,4.6000000000000005,3,85.29191398620605
2293,4.75,2,85.32023906707764
2294,4.75,2,85.34663653373718
2295,4.75,2,85.37328815460205
2296,4.449999999999999,4,85.40333318710327
2297,4.75,2,85.43486905097961
2298,3.85,8,85.47035098075867
2299,4.75,2,85.4989242553711
2300,3.25,12,85.54792904853821
2301,4.6000000000000005,3,85.5833375453949
2302,-1.75,15,85.62861013412476
2303,4.6000000000000005,3,85.65925192832947
2304,3.6999999999999997,9,85.69633555412292
2305,4.75,2,85.7200608253479
2306,4.15,6,85.75774884223938
2307,4.3,5,85.78974223136902
2308,4.9,1,85.81865215301514
2309,4.449999999999999,4,85.84533548355103
2310,4.75,2,85.86644744873047
2311,4.0,7,85.89885258674622
2312,3.6999999999999997,9,85.93100643157959
2313,-3.4,9,86.11551308631897
2314,3.55,10,86.15345001220703
2315,3.4,11,86.18909406661987
2316,4.449999999999999,4,86.21934175491333
2317,3.85,8,86.2551372051239
2318,4.15,6,86.28409838676453
2319,3.85,8,86.31805872917175
2320,3.85,8,86.35942196846008
2321,4.15,6,86.39199638366699
2322,4.15,6,86.42656350135803
2323,3.55,10,86.47060775756836
2324,3.55,10,86.5079197883606
2325,-1.75,15,86.55195713043213
2326,4.9,1,86.57955956459045
2327,4.449999999999999,4,86.60523200035095
2328,3.6999999999999997,9,86.64532136917114
2329,4.15,6,86.67664241790771
2330,4.0,7,86.71375751495361
2331,4.3,5,86.74236869812012
2332,4.15,6,86.77357721328735
2333,-3.1,3,86.80508613586426
2334,-1.75,15,86.85476994514465
2335,4.15,6,86.88966202735901
2336,4.15,6,86.91993236541748
2337,4.3,5,86.94844818115234
2338,4.6000000000000005,3,86.97857332229614
2339,-1.75,15,87.03038620948792
2340,3.4,11,87.0776526927948
2341,3.85,8,87.12259316444397
2342,4.3,5,87.15576243400574
2343,4.6000000000000005,3,87.19194912910461
2344,3.4,11,87.23826837539673
2345,3.85,8,87.28016114234924
2346,4.3,5,87.31109309196472
2347,4.6000000000000005,3,87.34179878234863
2348,3.55,10,87.53656268119812
2349,3.55,10,87.5736951828003
2350,3.55,10,87.61305046081543
2351,4.9,1,87.63846158981323
2352,4.0,7,87.66863203048706
2353,-3.05,2,87.69671893119812
2354,3.4,11,87.73272919654846
2355,4.6000000000000005,3,87.76117467880249
2356,-1.75,15,87.80532574653625
2357,-1.75,15,87.85393047332764
2358,4.3,5,87.88369274139404
2359,4.449999999999999,4,87.91299319267273
2360,4.6000000000000005,3,87.93811655044556
2361,4.3,5,87.97184729576111
2362,4.15,6,87.99974131584167
2363,4.449999999999999,4,88.03009128570557
2364,4.6000000000000005,3,88.05456113815308
2365,4.15,6,88.0853157043457
2366,3.85,8,88.12268567085266
2367,-3.35,8,88.16419982910156
2368,4.15,6,88.19555449485779
2369,-3.05,2,88.22010660171509
2370,3.25,12,88.26082444190979
2371,-1.75,15,88.29986548423767
2372,3.55,10,88.33559656143188
2373,3.6999999999999997,9,88.36829447746277
2374,3.85,8,88.40680050849915
2375,4.15,6,88.44120931625366
2376,4.9,1,88.46498012542725
2377,3.85,8,88.50475454330444
2378,4.449999999999999,4,88.53310704231262
2379,4.449999999999999,4,88.56097650527954
2380,4.6000000000000005,3,88.58993411064148
2381,3.6999999999999997,9,88.63280296325684
2382,4.3,5,88.66270303726196
2383,4.0,7,88.69665789604187
2384,-1.75,15,88.74815249443054
2385,3.25,12,88.96360301971436
2386,4.3,5,88.99997663497925
2387,4.0,7,89.03601050376892
2388,4.3,5,89.06501173973083
2389,4.9,1,89.08849716186523
2390,4.75,2,89.11714100837708
2391,4.75,2,89.14056777954102
2392,3.4,11,89.17647933959961
2393,4.3,5,89.20639729499817
2394,4.15,6,89.241379737854
2395,3.6999999999999997,9,89.27663946151733
2396,4.0,7,89.31784963607788
2397,4.3,5,89.35144710540771
2398,4.6000000000000005,3,89.3808228969574
2399,4.9,1,89.40350985527039
2400,4.3,5,89.43260836601257
2401,4.449999999999999,4,89.4611542224884
2402,4.3,5,89.49378299713135
2403,4.75,2,89.52343392372131
2404,4.6000000000000005,3,89.55969142913818
2405,4.449999999999999,4,89.5916953086853
2406,4.6000000000000005,3,89.62345552444458
2407,4.15,6,89.66186594963074
2408,4.75,2,89.68755078315735
2409,-3.4,9,89.73132181167603
2410,4.15,6,89.76255178451538
2411,4.449999999999999,4,89.78630757331848
2412,4.3,5,89.81475019454956
2413,3.85,8,89.84668970108032
2414,4.6000000000000005,3,89.87197661399841
2415,4.0,7,89.89997792243958
2416,4.449999999999999,4,89.925363779068
2417,4.449999999999999,4,89.96238040924072
2418,4.0,7,89.99718189239502
2419,4.75,2,90.02493667602539
2420,4.3,5,90.06167507171631
2421,3.6999999999999997,9,90.10392045974731
2422,4.3,5,90.14457774162292
2423,-1.75,15,90.19438195228577
2424,3.25,12,90.23631525039673
2425,4.449999999999999,4,90.26466917991638
2426,4.6000000000000005,3,90.29028558731079
2427,3.6999999999999997,9,90.33207201957703
2428,4.75,2,90.3569061756134
2429,3.25,12,90.4023084640503
2430,4.75,2,90.43006539344788
2431,4.6000000000000005,3,90.46390914916992
2432,4.15,6,90.68406081199646
2433,-3.2,5,90.71528482437134
2434,4.3,5,90.74491834640503
2435,4.3,5,90.77905750274658
2436,4.75,2,90.80487084388733
2437,3.85,8,90.83846998214722
2438,4.15,6,90.87173128128052
2439,3.6999999999999997,9,90.90795373916626
2440,3.6999999999999997,9,90.94346046447754
2441,4.449999999999999,4,90.9725022315979
2442,4.75,2,90.99680304527283
2443,4.449999999999999,4,91.02305555343628
2444,-1.75,15,91.07025599479675
2445,4.449999999999999,4,91.10398197174072
2446,4.449999999999999,4,91.14241147041321
2447,3.55,10,91.18835926055908
2448,4.75,2,91.21785020828247
2449,3.25,12,91.25892519950867
2450,4.0,7,91.28904819488525
2451,-1.75,15,91.33363485336304
2452,4.449999999999999,4,91.36630058288574
2453,4.75,2,91.39342093467712
2454,4.15,6,91.42797946929932
2455,4.6000000000000005,3,91.45988440513611
2456,4.75,2,91.48778533935547
2457,4.3,5,91.52231621742249
2458,4.6000000000000005,3,91.55216217041016
2459,3.85,8,91.5934431552887
2460,-1.75,15,91.65172457695007
2461,4.15,6,91.68240857124329
2462,4.449999999999999,4,91.70954775810242
2463,3.55,10,91.75457692146301
2464,4.449999999999999,4,91.7861065864563
2465,4.449999999999999,4,91.81912660598755
2466,4.75,2,91.84978199005127
2467,3.25,12,91.89162564277649
2468,4.9,1,91.91717076301575
2469,4.449999999999999,4,91.95299363136292
2470,4.75,2,91.98000121116638
2471,3.1,13,92.02595353126526
2472,3.85,8,92.06697106361389
2473,4.75,2,92.08971929550171
2474,3.55,10,92.28257274627686
2475,4.15,6,92.3141701221466
2476,4.75,2,92.33573961257935
2477,4.0,7,92.37709903717041
2478,4.3,5,92.41801571846008
2479,4.6000000000000005,3,92.44689702987671
2480,3.6999999999999997,9,92.48286771774292
2481,4.3,5,92.51389241218567
2482,4.449999999999999,4,92.54034423828125
2483,4.75,2,92.5667474269867
2484,4.15,6,92.60127091407776
2485,4.75,2,92.63277792930603
2486,3.4,11,92.66922235488892
2487,-1.75,15,92.71257376670837
2488,4.3,5,92.74276304244995
2489,3.85,8,92.77719163894653
2490,4.3,5,92.80727291107178
2491,4.6000000000000005,3,92.83554935455322
2492,3.85,8,92.86786723136902
2493,4.15,6,92.89621424674988
2494,4.15,6,92.93217635154724
2495,4.15,6,92.96762037277222
2496,4.15,6,92.99736022949219
2497,4.6000000000000005,3,93.02383708953857
2498,3.55,10,93.06419396400452
2499,4.9,1,93.08922600746155
2500,3.4,11,93.13645052909851
2501,-1.75,15,93.18300437927246
2502,4.3,5,93.21276259422302
2503,4.9,1,93.23632597923279
2504,4.15,6,93.27610754966736
2505,4.0,7,93.30725002288818
2506,4.0,7,93.3455126285553
2507,4.6000000000000005,3,93.37211656570435
2508,4.15,6,93.40202140808105
2509,3.85,8,93.44192290306091
2510,4.449999999999999,4,93.47631454467773
2511,4.3,5,93.51052188873291
2512,4.449999999999999,4,93.5462737083435
2513,4.3,5,93.58170104026794
2514,4.6000000000000005,3,93.60892629623413
2515,4.75,2,93.63680338859558
2516,4.75,2,93.66641688346863
2517,3.85,8,93.69856762886047
2518,4.0,7,93.88431596755981
2519,3.55,10,93.92119789123535
2520,4.3,5,93.95116686820984
2521,4.6000000000000005,3,93.98443913459778
2522,4.6000000000000005,3,94.01599073410034
2523,4.3,5,94.05144929885864
2524,3.4,11,94.09990119934082
2525,4.75,2,94.1302878856659
2526,4.449999999999999,4,94.15947413444519
2527,4.15,6,94.19129061698914
2528,4.75,2,94.21981978416443
2529,4.3,5,94.25526928901672
2530,4.3,5,94.29051566123962
2531,4.6000000000000005,3,94.32097673416138
2532,3.55,10,94.36386895179749
2533,4.15,6,94.39899277687073
2534,4.75,2,94.42660975456238
2535,4.3,5,94.46169447898865
2536,3.55,10,94.50295782089233
2537,3.85,8,94.53864049911499
2538,4.3,5,94.56943821907043
2539,4.9,1,94.59225058555603
2540,3.4,11,94.63825154304504
2541,4.15,6,94.6720802783966
2542,4.449999999999999,4,94.70195364952087
2543,4.6000000000000005,3,94.73512554168701
2544,4.15,6,94.7715117931366
2545,4.3,5,94.80214262008667
2546,4.0,7,94.83636999130249
2547,3.6999999999999997,9,94.87302160263062
2548,4.15,6,94.906170129776
2549,4.75,2,94.93047046661377
2550,4.15,6,94.96218991279602
2551,4.0,7,94.99667882919312
2552,4.3,5,95.03098726272583
2553,4.6000000000000005,3,95.06138253211975
2554,4.449999999999999,4,95.0932240486145
2555,4.9,1,95.12097573280334
2556,4.449999999999999,4,95.15196180343628
2557,3.4,11,95.19380927085876
2558,4.75,2,95.21814060211182
2559,4.0,7,95.25110697746277
2560,4.449999999999999,4,95.27918767929077
2561,4.3,5,95.30833435058594
2562,4.3,5,95.3443968296051
2563,3.25,12,95.38468813896179
2564,4.75,2,95.4124972820282
2565,4.15,6,95.44331574440002
2566,4.3,5,95.61722445487976
2567,4.6000000000000005,3,95.65186858177185
2568,4.3,5,95.68741345405579
2569,3.85,8,95.72000622749329
2570,3.85,8,95.7531487941742
2571,4.3,5,95.7822003364563
2572,3.4,11,95.82579636573792
2573,-1.75,15,95.87482285499573
2574,4.9,1,95.89977312088013
2575,4.449999999999999,4,95.92513608932495
2576,4.75,2,95.94922208786011
2577,4.3,5,95.98031711578369
2578,4.449999999999999,4,96.00942492485046
2579,-1.75,15,96.05190324783325
2580,4.0,7,96.08569812774658
2581,4.6000000000000005,3,96.10803198814392
2582,4.0,7,96.14141607284546
2583,4.449999999999999,4,96.17793297767639
2584,4.6000000000000005,3,96.20405888557434
2585,-1.75,15,96.25078630447388
2586,4.6000000000000005,3,96.27634024620056
2587,3.25,12,96.31808662414551
2588,4.15,6,96.34947228431702
2589,4.6000000000000005,3,96.37666177749634
2590,4.6000000000000005,3,96.41230034828186
2591,4.75,2,96.4370231628418
2592,-1.75,15,96.48891544342041
2593,4.6000000000000005,3,96.51990056037903
2594,4.6000000000000005,3,96.5496997833252
2595,4.6000000000000005,3,96.5761046409607
2596,-1.75,15,96.62628507614136
2597,4.75,2,96.65021467208862
2598,4.75,2,96.67355418205261
2599,4.9,1,96.69846606254578
2600,4.6000000000000005,3,96.72695732116699
2601,4.6000000000000005,3,96.75505185127258
2602,4.449999999999999,4,96.78375220298767
2603,3.1,13,96.82541489601135
2604,4.449999999999999,4,96.85169219970703
2605,4.9,1,96.88238334655762
2606,4.449999999999999,4,96.91379761695862
2607,4.75,2,96.94007682800293
2608,4.75,2,96.96479511260986
2609,3.4,11,96.99892210960388
2610,3.85,8,97.17740797996521
2611,4.6000000000000005,3,97.20533776283264
2612,4.0,7,97.23978757858276
2613,4.75,2,97.26875185966492
2614,4.75,2,97.29887294769287
2615,4.6000000000000005,3,97.32645225524902
2616,4.449999999999999,4,97.35517287254333
2617,3.85,8,97.39512491226196
2618,4.449999999999999,4,97.43185806274414
2619,4.6000000000000005,3,97.46618723869324
2620,4.6000000000000005,3,97.49257302284241
2621,4.9,1,97.51926946640015
2622,4.15,6,97.55069971084595
2623,4.449999999999999,4,97.57699012756348
2624,4.3,5,97.60499930381775
2625,4.75,2,97.62936997413635
2626,4.9,1,97.65307927131653
2627,3.85,8,97.68679547309875
2628,4.3,5,97.71680212020874
2629,4.3,5,97.74383282661438
2630,3.4,11,97.78358888626099
2631,3.4,11,97.81933903694153
2632,4.9,1,97.84266757965088
2633,-3.25,6,97.87323021888733
2634,4.3,5,97.90151381492615
2635,4.0,7,97.93187737464905
2636,4.75,2,97.95223665237427
2637,3.6999999999999997,9,97.98754167556763
2638,4.6000000000000005,3,98.01763916015625
2639,3.25,12,98.05727195739746
2640,4.3,5,98.09327864646912
2641,4.449999999999999,4,98.13306522369385
2642,3.85,8,98.17540788650513
2643,4.0,7,98.22145891189575
2644,4.449999999999999,4,98.25352716445923
2645,3.6999999999999997,9,98.2947564125061
2646,4.75,2,98.32198572158813
2647,4.3,5,98.3551115989685
2648,4.3,5,98.39080905914307
2649,4.75,2,98.41745615005493
2650,4.6000000000000005,3,98.44812321662903
2651,4.0,7,98.48500370979309
2652,2.9499999999999997,14,98.52776956558228
2653,4.3,5,98.55581092834473
2654,4.449999999999999,4,98.58462047576904
2655,4.6000000000000005,3,98.6119372844696
2656,4.6000000000000005,3,98.63698863983154
2657,3.25,12,98.67418646812439
2658,4.449999999999999,4,98.70718836784363
2659,4.75,2,98.73486375808716
2660,4.15,6,98.90267539024353
2661,4.449999999999999,4,98.92949676513672
2662,4.0,7,98.96139407157898
2663,4.449999999999999,4,98.9916763305664
2664,4.3,5,99.02487778663635
2665,4.3,5,99.05657005310059
2666,3.4,11,99.09628391265869
2667,4.6000000000000005,3,99.12761664390564
2668,3.85,8,99.16120672225952
2669,4.75,2,99.18642544746399
2670,3.85,8,99.21959495544434
2671,4.449999999999999,4,99.2485945224762
2672,-1.75,15,99.29054808616638
2673,4.75,2,99.31756687164307
2674,4.449999999999999,4,99.34445858001709
2675,4.3,5,99.37343311309814
2676,3.4,11,99.41454792022705
2677,4.0,7,99.44715523719788
2678,4.15,6,99.48197746276855
2679,4.449999999999999,4,99.51113486289978
2680,3.25,12,99.54979062080383
2681,4.0,7,99.58952569961548
2682,4.3,5,99.61937808990479
2683,4.0,7,99.66042637825012
2684,4.6000000000000005,3,99.6970157623291
2685,4.449999999999999,4,99.72666478157043
2686,4.449999999999999,4,99.7583065032959
2687,4.15,6,99.79231214523315
2688,-3.45,10,99.82949042320251
2689,4.75,2,99.85180020332336
2690,4.449999999999999,4,99.88124108314514
2691,-1.75,15,99.92582273483276
2692,-1.75,15,99.96491050720215
2693,4.75,2,99.98854088783264
2694,4.9,1,100.01625537872314
2695,4.6000000000000005,3,100.04426860809326
2696,-1.75,15,100.08675837516785
2697,3.6999999999999997,9,100.11993908882141
2698,2.8,15,100.16430997848511
2699,3.4,11,100.34902215003967
2700,4.75,2,100.37222790718079
2701,-1.75,15,100.41905450820923
2702,4.449999999999999,4,100.45016479492188
2703,3.55,10,100.48369932174683
2704,4.6000000000000005,3,100.51131391525269
2705,4.449999999999999,4,100.54812407493591
2706,4.15,6,100.58657646179199
2707,4.6000000000000005,3,100.61822175979614
2708,4.75,2,100.64758658409119
2709,4.0,7,100.69280076026917
2710,4.449999999999999,4,100.72440767288208
2711,4.75,2,100.75144410133362
2712,3.85,8,100.78433799743652
2713,4.75,2,100.808434009552
2714,4.449999999999999,4,100.83842039108276
2715,3.85,8,100.87389588356018
2716,4.9,1,100.89747834205627
2717,4.6000000000000005,3,100.92150378227234
2718,3.4,11,100.9574327468872
2719,4.6000000000000005,3,100.98708701133728
2720,4.15,6,101.01881289482117
2721,4.0,7,101.05538368225098
2722,-1.75,15,101.10084366798401
2723,4.0,7,101.15085029602051
2724,4.3,5,101.18273401260376
2725,4.449999999999999,4,101.21087765693665
2726,4.6000000000000005,3,101.24058890342712
2727,4.0,7,101.27618265151978
2728,3.6999999999999997,9,101.31738996505737
2729,4.75,2,101.34691023826599
2730,4.3,5,101.37651371955872
2731,3.85,8,101.41562604904175
2732,4.15,6,101.45033359527588
2733,4.3,5,101.48082780838013
2734,4.9,1,101.50745177268982
2735,4.449999999999999,4,101.54200410842896
2736,4.449999999999999,4,101.57063007354736
2737,-1.75,15,101.62088418006897
2738,4.75,2,101.64932680130005
2739,4.9,1,101.6707136631012
2740,4.6000000000000005,3,101.70400834083557
2741,3.6999999999999997,9,101.74272346496582
2742,3.55,10,101.78383255004883
2743,3.55,10,101.95491528511047
2744,-1.75,15,102.00191807746887
2745,4.75,2,102.02794289588928
2746,-1.75,15,102.07109832763672
2747,4.3,5,102.10148644447327
2748,3.6999999999999997,9,102.13717889785767
2749,4.449999999999999,4,102.16514277458191
2750,3.85,8,102.19783568382263
2751,4.0,7,102.22755813598633
2752,3.25,12,102.26339411735535
2753,4.449999999999999,4,102.289546251297
2754,4.6000000000000005,3,102.31790232658386
2755,3.85,8,102.34902048110962
2756,3.6999999999999997,9,102.38102626800537
2757,4.449999999999999,4,102.40545225143433
2758,3.55,10,102.44648957252502
2759,4.15,6,102.48519468307495
2760,4.15,6,102.51717925071716
2761,-1.75,15,102.56586861610413
2762,4.75,2,102.59569716453552
2763,4.3,5,102.62517499923706
2764,4.15,6,102.66173768043518
2765,4.3,5,102.69500041007996
2766,4.15,6,102.72263360023499
2767,-3.4,9,102.76525139808655
2768,4.3,5,102.79434156417847
2769,4.3,5,102.82582116127014
2770,4.3,5,102.85958194732666
2771,4.75,2,102.88464283943176
2772,4.449999999999999,4,102.91159725189209
2773,4.3,5,102.94443202018738
2774,4.75,2,102.97496342658997
2775,4.3,5,103.00579476356506
2776,4.0,7,103.0411446094513
2777,4.6000000000000005,3,103.07212281227112
2778,3.6999999999999997,9,103.10968732833862
2779,4.449999999999999,4,103.137531042099
2780,4.6000000000000005,3,103.16400933265686
2781,3.55,10,103.19692301750183
2782,4.15,6,103.22497940063477
2783,4.75,2,103.39948534965515
2784,3.85,8,103.4342474937439
2785,4.6000000000000005,3,103.46312761306763
2786,3.25,12,103.50683093070984
2787,4.15,6,103.53820013999939
2788,4.75,2,103.56628704071045
2789,4.449999999999999,4,103.59393644332886
2790,4.9,1,103.61808347702026
2791,4.15,6,103.64653134346008
2792,4.6000000000000005,3,103.67144083976746
2793,4.75,2,103.69590902328491
2794,4.9,1,103.71917629241943
2795,4.0,7,103.75176763534546
2796,4.75,2,103.78100776672363
2797,4.449999999999999,4,103.80740880966187
2798,3.6999999999999997,9,103.84671092033386
2799,4.15,6,103.88249444961548
2800,3.85,8,103.91898202896118
2801,4.6000000000000005,3,103.94596028327942
2802,-1.75,15,103.99057483673096
2803,4.6000000000000005,3,104.0182580947876
2804,-1.75,15,104.07724452018738
2805,4.3,5,104.11501336097717
2806,4.9,1,104.14016151428223
2807,3.55,10,104.18144130706787
2808,3.55,10,104.21982407569885
2809,4.6000000000000005,3,104.25131464004517
2810,4.75,2,104.28172159194946
2811,4.6000000000000005,3,104.30928134918213
2812,4.6000000000000005,3,104.34097051620483
2813,4.3,5,104.37161827087402
2814,4.75,2,104.39831781387329
2815,4.3,5,104.43348288536072
2816,4.75,2,104.46133613586426
2817,4.75,2,104.49050092697144
2818,3.6999999999999997,9,104.53465557098389
2819,-1.75,15,104.57924675941467
2820,4.0,7,104.61455655097961
2821,3.4,11,104.65933442115784
2822,4.15,6,104.69474506378174
2823,4.6000000000000005,3,104.72210311889648
2824,3.55,10,104.75628447532654
2825,4.6000000000000005,3,104.78543162345886
2826,4.75,2,104.81405591964722
2827,4.449999999999999,4,104.84435057640076
2828,4.0,7,104.8724148273468
2829,4.75,2,104.89853286743164
2830,4.0,7,105.09569716453552
2831,3.6999999999999997,9,105.13670492172241
2832,4.9,1,105.16165018081665
2833,4.6000000000000005,3,105.18863558769226
2834,4.449999999999999,4,105.21948456764221
2835,4.6000000000000005,3,105.2495744228363
2836,4.449999999999999,4,105.28228211402893
2837,4.75,2,105.30952620506287
2838,-3.15,4,105.34005808830261
2839,4.75,2,105.3683979511261
2840,3.55,10,105.40958881378174
2841,4.3,5,105.43889808654785
2842,4.6000000000000005,3,105.46756386756897
2843,4.0,7,105.5052547454834
2844,4.6000000000000005,3,105.5397584438324
2845,4.449999999999999,4,105.56785726547241
2846,4.3,5,105.59804463386536
2847,4.15,6,105.62829756736755
2848,-3.35,8,105.66761112213135
2849,4.75,2,105.69717192649841
2850,4.15,6,105.75821089744568
2851,4.449999999999999,4,105.80783486366272
2852,3.25,12,105.86035442352295
2853,3.85,8,105.90556812286377
2854,3.85,8,105.9457175731659
2855,4.3,5,105.97788572311401
2856,4.6000000000000005,3,106.01239538192749
2857,3.4,11,106.06226921081543
2858,4.75,2,106.09190273284912
2859,4.449999999999999,4,106.11953902244568
2860,4.6000000000000005,3,106.14845442771912
2861,4.6000000000000005,3,106.179532289505
2862,4.449999999999999,4,106.20733499526978
2863,4.3,5,106.23686480522156
2864,4.6000000000000005,3,106.26489543914795
2865,4.449999999999999,4,106.29825758934021
2866,4.449999999999999,4,106.32546019554138
2867,4.75,2,106.35072040557861
2868,3.25,12,106.39572882652283
2869,4.3,5,106.42249941825867
2870,4.75,2,106.4478178024292
2871,3.25,12,106.48916721343994
2872,4.3,5,106.52025580406189
2873,4.15,6,106.55202913284302
2874,4.6000000000000005,3,106.58008980751038
2875,3.6999999999999997,9,106.61198616027832
2876,4.449999999999999,4,106.64367341995239
2877,3.85,8,106.67476439476013
2878,4.449999999999999,4,106.700932264328
2879,4.449999999999999,4,106.73226404190063
2880,-1.75,15,106.91460680961609
2881,4.6000000000000005,3,106.94057106971741
2882,4.75,2,106.96455407142639
2883,3.6999999999999997,9,106.99621796607971
2884,4.15,6,107.02772283554077
2885,4.449999999999999,4,107.05635023117065
2886,3.55,10,107.09557843208313
2887,4.6000000000000005,3,107.12248396873474
2888,4.75,2,107.1477324962616
2889,4.449999999999999,4,107.1725742816925
2890,4.75,2,107.19801068305969
2891,4.15,6,107.22987079620361
2892,4.15,6,107.26126837730408
2893,4.449999999999999,4,107.2886106967926
2894,-1.75,15,107.3423342704773
2895,4.9,1,107.36778736114502
2896,4.75,2,107.39116024971008
2897,3.85,8,107.4306993484497
2898,-3.1,3,107.45999217033386
2899,4.3,5,107.49146127700806
2900,-1.75,15,107.5439784526825
2901,3.6999999999999997,9,107.58376026153564
2902,-1.75,15,107.64295482635498
2903,4.3,5,107.68539118766785
2904,4.0,7,107.72190380096436
2905,4.15,6,107.75924468040466
2906,4.3,5,107.78896498680115
2907,3.25,12,107.83801031112671
2908,4.6000000000000005,3,107.86730241775513
2909,4.3,5,107.90524578094482
2910,4.449999999999999,4,107.93725204467773
2911,3.6999999999999997,9,107.97448444366455
2912,4.449999999999999,4,108.00246500968933
2913,3.25,12,108.05121326446533
2914,4.449999999999999,4,108.08244895935059
2915,4.449999999999999,4,108.11211514472961
2916,4.449999999999999,4,108.13992762565613
2917,-1.75,15,108.1833918094635
2918,4.15,6,108.21483492851257
2919,4.6000000000000005,3,108.23960256576538
2920,4.75,2,108.41490936279297
2921,3.25,12,108.45297956466675
2922,4.15,6,108.48439621925354
2923,4.449999999999999,4,108.5171308517456
2924,4.3,5,108.54997515678406
2925,4.15,6,108.58659052848816
2926,4.6000000000000005,3,108.61760473251343
2927,4.6000000000000005,3,108.64482021331787
2928,4.3,5,108.67989039421082
2929,4.9,1,108.70869398117065
2930,3.85,8,108.74698209762573
2931,3.55,10,108.78272771835327
2932,4.0,7,108.81933808326721
2933,4.6000000000000005,3,108.85041046142578
2934,4.15,6,108.88825178146362
2935,-1.75,15,108.93253469467163
2936,4.449999999999999,4,108.96246385574341
2937,3.6999999999999997,9,109.00043869018555
2938,3.55,10,109.03707718849182
2939,4.6000000000000005,3,109.06817674636841
2940,4.3,5,109.10549139976501
2941,3.55,10,109.15353059768677
2942,4.0,7,109.19086599349976
2943,4.6000000000000005,3,109.21970176696777
2944,3.6999999999999997,9,109.25863313674927
2945,4.6000000000000005,3,109.29049444198608
2946,4.75,2,109.3159692287445
2947,4.449999999999999,4,109.34521770477295
2948,3.4,11,109.3837640285492
2949,4.0,7,109.42245960235596
2950,-1.75,15,109.4666919708252
2951,3.6999999999999997,9,109.50414419174194
2952,4.3,5,109.53239035606384
2953,4.0,7,109.56674003601074
2954,-1.75,15,109.61381363868713
2955,4.449999999999999,4,109.63970494270325
2956,3.55,10,109.68366718292236
2957,3.4,11,109.86931657791138
2958,4.449999999999999,4,109.89694809913635
2959,4.0,7,109.92958521842957
2960,4.75,2,109.95533990859985
2961,4.3,5,109.98699760437012
2962,4.3,5,110.01920938491821
2963,4.449999999999999,4,110.05043697357178
2964,4.75,2,110.08520293235779
2965,4.9,1,110.1144483089447
2966,4.0,7,110.14620566368103
2967,4.3,5,110.17888617515564
2968,-3.15,4,110.20343518257141
2969,4.75,2,110.23224687576294
2970,3.55,10,110.27213883399963
2971,4.15,6,110.30332565307617
2972,4.6000000000000005,3,110.3296308517456
2973,4.6000000000000005,3,110.36428356170654
2974,4.9,1,110.3969178199768
2975,3.6999999999999997,9,110.43146538734436
2976,-3.2,5,110.45815134048462
2977,4.3,5,110.48888826370239
2978,4.449999999999999,4,110.51558709144592
2979,-1.75,15,110.55996894836426
2980,4.9,1,110.58280420303345
2981,4.15,6,110.62884163856506
2982,4.449999999999999,4,110.66354250907898
2983,4.0,7,110.70645666122437
2984,-3.3,7,110.74900245666504
2985,4.449999999999999,4,110.78149342536926
2986,4.3,5,110.81657981872559
2987,-3.25,6,110.8559820652008
2988,4.0,7,110.8934018611908
2989,4.3,5,110.92392182350159
2990,4.0,7,110.96460604667664
2991,4.15,6,110.99449872970581
2992,3.4,11,111.03694462776184
2993,4.6000000000000005,3,111.06586146354675
2994,3.6999999999999997,9,111.10215139389038
2995,3.6999999999999997,9,111.13743257522583
2996,4.449999999999999,4,111.17151808738708
2997,3.1,13,111.21231079101562
2998,-1.75,15,111.25294351577759
2999,4.6000000000000005,3,111.28097987174988
3000,4.449999999999999,4,111.30877542495728
3001,4.9,1,111.33153986930847
3002,4.15,6,111.36860966682434
3003,3.6999999999999997,9,111.54885411262512
3004,4.75,2,111.57183623313904
3005,3.85,8,111.60775113105774
3006,4.75,2,111.63121795654297
3007,3.1,13,111.67805480957031
3008,-1.75,15,111.72296357154846
3009,4.449999999999999,4,111.74969816207886
3010,3.25,12,111.78595018386841
3011,4.0,7,111.81727480888367
3012,4.0,7,111.84961748123169
3013,4.6000000000000005,3,111.8764705657959
3014,4.75,2,111.90205788612366
3015,-1.75,15,111.9459707736969
3016,4.6000000000000005,3,111.973060131073
3017,3.55,10,112.01043272018433
3018,3.6999999999999997,9,112.04412460327148
3019,4.9,1,112.06624960899353
3020,-1.75,15,112.11651587486267
3021,3.6999999999999997,9,112.15664863586426
3022,3.6999999999999997,9,112.19597840309143
3023,4.3,5,112.22545218467712
3024,4.75,2,112.24846124649048
3025,4.15,6,112.28229331970215
3026,4.0,7,112.31469225883484
3027,4.6000000000000005,3,112.3480613231659
3028,4.6000000000000005,3,112.38428115844727
3029,4.6000000000000005,3,112.41757082939148
3030,4.3,5,112.45693850517273
3031,4.6000000000000005,3,112.49313521385193
3032,4.449999999999999,4,112.52117824554443
3033,4.6000000000000005,3,112.5485508441925
3034,4.6000000000000005,3,112.5765950679779
3035,3.85,8,112.61132836341858
3036,4.6000000000000005,3,112.63888144493103
3037,4.9,1,112.66178870201111
3038,4.6000000000000005,3,112.68766283988953
3039,-3.4,9,112.71939063072205
3040,4.6000000000000005,3,112.74776268005371
3041,4.15,6,112.77662539482117
3042,-1.75,15,112.81832146644592
3043,3.6999999999999997,9,113.00640296936035
3044,4.6000000000000005,3,113.03253436088562
3045,4.0,7,113.06623888015747
3046,3.4,11,113.10913443565369
3047,3.6999999999999997,9,113.1446590423584
3048,-1.75,15,113.18727946281433
3049,4.6000000000000005,3,113.21375036239624
3050,4.75,2,113.23867177963257
3051,4.9,1,113.26462244987488
3052,4.75,2,113.29115748405457
3053,4.75,2,113.31417894363403
3054,4.0,7,113.34658408164978
3055,4.6000000000000005,3,113.37737560272217
3056,4.449999999999999,4,113.4026255607605
3057,4.9,1,113.42336320877075
3058,4.0,7,113.45066595077515
3059,3.85,8,113.48402953147888
3060,4.3,5,113.51035451889038
3061,3.6999999999999997,9,113.54294991493225
3062,3.25,12,113.57879519462585
3063,3.85,8,113.61083102226257
3064,4.75,2,113.63428378105164
3065,4.15,6,113.66304016113281
3066,4.15,6,113.69604134559631
3067,4.449999999999999,4,113.7291841506958
3068,4.449999999999999,4,113.76031923294067
3069,4.449999999999999,4,113.79457449913025
3070,4.449999999999999,4,113.82740116119385
3071,4.6000000000000005,3,113.85590672492981
3072,3.6999999999999997,9,113.89599990844727
3073,4.9,1,113.9228663444519
3074,4.6000000000000005,3,113.95319533348083
3075,4.15,6,113.99054074287415
3076,3.55,10,114.03523659706116
3077,3.85,8,114.07996416091919
3078,4.15,6,114.11162757873535
3079,4.75,2,114.14160919189453
3080,4.0,7,114.18238067626953
3081,4.449999999999999,4,114.21436381340027
3082,4.0,7,114.24623537063599
3083,4.9,1,114.27322053909302
3084,4.75,2,114.29967999458313
3085,4.3,5,114.33039450645447
3086,3.4,11,114.36744499206543
3087,4.6000000000000005,3,114.3972601890564
3088,3.1,13,114.44380474090576
3089,4.6000000000000005,3,114.47583222389221
3090,4.3,5,114.65074706077576
3091,4.15,6,114.68222117424011
3092,4.15,6,114.71686863899231
3093,4.6000000000000005,3,114.74655222892761
3094,4.449999999999999,4,114.77956914901733
3095,4.9,1,114.80456447601318
3096,4.9,1,114.82661008834839
3097,4.15,6,114.85293912887573
3098,4.449999999999999,4,114.87776851654053
3099,4.0,7,114.90918922424316
3100,3.6999999999999997,9,114.94087791442871
3101,4.3,5,114.97105574607849
3102,4.15,6,115.01194667816162
3103,4.0,7,115.0490939617157
3104,4.3,5,115.07889580726624
3105,4.0,7,115.11157011985779
3106,4.75,2,115.13926291465759
3107,-3.45,10,115.1764144897461
3108,-3.2,5,115.20399451255798
3109,4.75,2,115.22883200645447
3110,3.85,8,115.26519298553467
3111,4.3,5,115.2934193611145
3112,4.6000000000000005,3,115.31873440742493
3113,4.75,2,115.3452217578888
3114,4.449999999999999,4,115.37463879585266
3115,4.0,7,115.41293501853943
3116,3.55,10,115.44900107383728
3117,3.85,8,115.48414444923401
3118,4.3,5,115.51835131645203
3119,4.3,5,115.55338883399963
3120,3.6999999999999997,9,115.58815884590149
3121,3.25,12,115.63004660606384
3122,4.449999999999999,4,115.66107416152954
3123,3.4,11,115.70432949066162
3124,4.449999999999999,4,115.73225164413452
3125,4.15,6,115.7665286064148
3126,4.6000000000000005,3,115.79527163505554
3127,4.9,1,115.82092022895813
3128,3.85,8,115.85681509971619
3129,4.75,2,115.88637185096741
3130,4.75,2,115.91173887252808
3131,3.55,10,115.95499110221863
3132,4.6000000000000005,3,115.97868943214417
3133,4.3,5,116.00516533851624
3134,4.6000000000000005,3,116.03352737426758
3135,3.85,8,116.0671637058258
3136,3.1,13,116.25993824005127
3137,4.75,2,116.28593850135803
3138,3.85,8,116.3255341053009
3139,3.25,12,116.3737633228302
3140,3.55,10,116.41271686553955
3141,4.6000000000000005,3,116.44008135795593
3142,4.75,2,116.46530413627625
3143,4.6000000000000005,3,116.48913955688477
3144,3.85,8,116.52617049217224
3145,4.75,2,116.54968857765198
3146,4.449999999999999,4,116.57573890686035
3147,-1.75,15,116.61603331565857
3148,4.449999999999999,4,116.64125990867615
3149,4.449999999999999,4,116.66643190383911
3150,4.9,1,116.68771243095398
3151,4.449999999999999,4,116.71358466148376
3152,4.449999999999999,4,116.73845362663269
3153,4.0,7,116.77019596099854
3154,4.15,6,116.80306673049927
3155,4.449999999999999,4,116.8348777294159
3156,4.3,5,116.86552715301514
3157,3.85,8,116.90100359916687
3158,4.449999999999999,4,116.92695426940918
3159,4.75,2,116.95310616493225
3160,4.9,1,116.97728395462036
3161,3.55,10,117.01839280128479
3162,4.15,6,117.05183482170105
3163,3.4,11,117.10988521575928
3164,3.55,10,117.16121768951416
3165,4.3,5,117.19475841522217
3166,4.15,6,117.23151135444641
3167,3.6999999999999997,9,117.27431416511536
3168,4.449999999999999,4,117.30285906791687
3169,4.15,6,117.34299159049988
3170,3.85,8,117.38192820549011
3171,4.75,2,117.41240572929382
3172,4.449999999999999,4,117.44759631156921
3173,4.75,2,117.4742386341095
3174,4.15,6,117.51188540458679
3175,4.75,2,117.544029712677
3176,4.6000000000000005,3,117.576819896698
3177,4.3,5,117.60802221298218
3178,4.75,2,117.63165068626404
3179,4.449999999999999,4,117.66071009635925
3180,4.75,2,117.68258476257324
3181,4.6000000000000005,3,117.71601510047913
3182,4.6000000000000005,3,117.74389910697937
3183,4.3,5,117.77105140686035
3184,4.6000000000000005,3,117.79872274398804
3185,4.6000000000000005,3,117.82423186302185
3186,3.6999999999999997,9,118.01383519172668
3187,4.6000000000000005,3,118.0398850440979
3188,4.15,6,118.06924295425415
3189,3.85,8,118.10304713249207
3190,4.449999999999999,4,118.13206362724304
3191,4.75,2,118.15746545791626
3192,4.15,6,118.18644642829895
3193,4.6000000000000005,3,118.21364116668701
3194,4.9,1,118.23342990875244
3195,3.6999999999999997,9,118.26623725891113
3196,4.75,2,118.29327893257141
3197,4.449999999999999,4,118.31995749473572
3198,-1.75,15,118.3611171245575
3199,3.55,10,118.39786434173584
3200,4.449999999999999,4,118.4333872795105
3201,3.1,13,118.48040103912354
3202,4.3,5,118.51384997367859
3203,4.75,2,118.54388070106506
3204,4.0,7,118.57667899131775
3205,4.0,7,118.61653637886047
3206,4.3,5,118.65204858779907
3207,4.75,2,118.67971181869507
3208,4.449999999999999,4,118.71101951599121
3209,4.15,6,118.74353909492493
3210,4.6000000000000005,3,118.77332615852356
3211,4.6000000000000005,3,118.80121922492981
3212,4.0,7,118.8316011428833
3213,4.15,6,118.86344146728516
3214,-1.75,15,118.91006374359131
3215,4.6000000000000005,3,118.94079756736755
3216,4.3,5,118.96665787696838
3217,3.1,13,119.00578498840332
3218,4.449999999999999,4,119.0341649055481
3219,4.449999999999999,4,119.06127977371216
3220,4.449999999999999,4,119.0904769897461
3221,4.0,7,119.12271428108215
3222,4.3,5,119.15117502212524
3223,4.75,2,119.17448425292969
3224,4.6000000000000005,3,119.19895958900452
3225,4.449999999999999,4,119.23370623588562
3226,4.0,7,119.26566529273987
3227,4.9,1,119.2881555557251
3228,4.15,6,119.32100081443787
3229,4.75,2,119.34892749786377
3230,3.6999999999999997,9,119.38504958152771
3231,3.25,12,119.58106803894043
3232,4.75,2,119.60575079917908
3233,4.3,5,119.63442540168762
3234,4.6000000000000005,3,119.66012573242188
3235,3.85,8,119.69776129722595
3236,4.75,2,119.72667145729065
3237,4.3,5,119.75264692306519
3238,-3.1,3,119.77852845191956
3239,4.6000000000000005,3,119.80414938926697
3240,-1.75,15,119.85329151153564
3241,-3.15,4,119.88201761245728
3242,4.75,2,119.90788102149963
3243,4.3,5,119.93960928916931
3244,3.85,8,119.9757170677185
3245,4.6000000000000005,3,120.00846767425537
3246,4.75,2,120.03800630569458
3247,4.3,5,120.06657195091248
3248,4.15,6,120.09830236434937
3249,4.15,6,120.13427710533142
3250,4.0,7,120.16890835762024
3251,4.6000000000000005,3,120.20027160644531
3252,4.75,2,120.2290678024292
3253,4.75,2,120.25756931304932
3254,4.3,5,120.28733968734741
3255,4.75,2,120.31661820411682
3256,4.3,5,120.34692716598511
3257,3.6999999999999997,9,120.38167953491211
3258,4.9,1,120.40388011932373
3259,4.449999999999999,4,120.43209981918335
3260,4.6000000000000005,3,120.46298360824585
3261,4.449999999999999,4,120.49298405647278
3262,4.6000000000000005,3,120.5196840763092
3263,4.0,7,120.55417060852051
3264,4.75,2,120.57604837417603
3265,4.3,5,120.60197639465332
3266,3.55,10,120.63617014884949
3267,4.3,5,120.66602611541748
3268,3.4,11,120.7131724357605
3269,3.55,10,120.75781226158142
3270,4.449999999999999,4,120.7872486114502
3271,4.75,2,120.8175003528595
3272,-1.75,15,120.8619613647461
3273,4.3,5,120.89116954803467
3274,4.9,1,120.9164810180664
3275,4.15,6,120.94641327857971
3276,4.75,2,120.969553232193
3277,4.0,7,121.0012514591217
3278,3.85,8,121.03649806976318
3279,4.449999999999999,4,121.06338882446289
3280,4.449999999999999,4,121.08970856666565
3281,-1.75,15,121.28055882453918
3282,4.6000000000000005,3,121.31312346458435
3283,4.6000000000000005,3,121.3423912525177
3284,4.9,1,121.36509776115417
3285,4.15,6,121.4031035900116
3286,4.3,5,121.43340802192688
3287,4.15,6,121.46161007881165
3288,3.6999999999999997,9,121.49337244033813
3289,-3.3,7,121.52464127540588
3290,4.3,5,121.55613851547241
3291,4.75,2,121.58132600784302
3292,4.9,1,121.6079785823822
3293,-3.35,8,121.64475178718567
3294,3.25,12,121.69132471084595
3295,4.15,6,121.72197198867798
3296,4.15,6,121.7518081665039
3297,4.449999999999999,4,121.78586745262146
3298,4.15,6,121.8253390789032
3299,4.15,6,121.86453056335449
3300,4.449999999999999,4,121.89256978034973
3301,3.85,8,121.92620325088501
3302,3.4,11,121.96389627456665
3303,4.3,5,122.0019588470459
3304,4.6000000000000005,3,122.03334617614746
3305,4.3,5,122.06321239471436
3306,4.9,1,122.08757257461548
3307,4.15,6,122.11796450614929
3308,4.449999999999999,4,122.15240335464478
3309,4.75,2,122.18249416351318
3310,4.449999999999999,4,122.21392750740051
3311,4.449999999999999,4,122.23923778533936
3312,4.449999999999999,4,122.2684805393219
3313,4.0,7,122.30132460594177
3314,-3.4,9,122.33970761299133
3315,4.449999999999999,4,122.36790037155151
3316,3.85,8,122.40802836418152
3317,4.0,7,122.43978333473206
3318,3.4,11,122.47702431678772
3319,4.449999999999999,4,122.50412631034851
3320,4.15,6,122.5337884426117
3321,4.3,5,122.56377744674683
3322,4.6000000000000005,3,122.58629894256592
3323,3.6999999999999997,9,122.62011003494263
3324,4.6000000000000005,3,122.64497184753418
3325,4.449999999999999,4,122.67355608940125
3326,4.9,1,122.69815444946289
3327,3.85,8,122.73027634620667
3328,3.25,12,122.91418504714966
3329,4.75,2,122.93999481201172
3330,4.3,5,122.96771264076233
3331,4.449999999999999,4,122.99429965019226
3332,3.85,8,123.02756834030151
3333,3.4,11,123.06469869613647
3334,4.15,6,123.09698033332825
3335,4.15,6,123.12921786308289
3336,3.55,10,123.16531324386597
3337,4.75,2,123.19262766838074
3338,4.449999999999999,4,123.22046232223511
3339,-1.75,15,123.2675108909607
3340,4.3,5,123.30406904220581
3341,-1.75,15,123.35393333435059
3342,3.6999999999999997,9,123.39870119094849
3343,-1.75,15,123.45965194702148
3344,4.6000000000000005,3,123.49039387702942
3345,4.6000000000000005,3,123.51733541488647
3346,4.9,1,123.54430794715881
3347,3.4,11,123.58586645126343
3348,4.3,5,123.61542987823486
3349,4.9,1,123.63849949836731
3350,4.449999999999999,4,123.66634035110474
3351,4.75,2,123.68908619880676
3352,4.449999999999999,4,123.71657347679138
3353,4.3,5,123.74600458145142
3354,-1.75,15,123.7903344631195
3355,-1.75,15,123.83059477806091
3356,4.75,2,123.8531904220581
3357,4.9,1,123.87585353851318
3358,4.0,7,123.90951204299927
3359,4.3,5,123.93561148643494
3360,3.4,11,123.97259879112244
3361,3.25,12,124.01362228393555
3362,3.55,10,124.05178236961365
3363,3.85,8,124.09423208236694
3364,4.3,5,124.1263964176178
3365,4.6000000000000005,3,124.32669711112976
3366,3.55,10,124.36629438400269
3367,4.15,6,124.40041923522949
3368,4.3,5,124.43621015548706
3369,-1.75,15,124.47810053825378
3370,4.15,6,124.50637793540955
3371,4.9,1,124.52763414382935
3372,4.75,2,124.54964876174927
3373,4.449999999999999,4,124.5783314704895
3374,4.3,5,124.6077606678009
3375,4.0,7,124.65008521080017
3376,3.85,8,124.68253540992737
3377,4.9,1,124.70975399017334
3378,4.6000000000000005,3,124.74146962165833
3379,3.85,8,124.7772958278656
3380,3.4,11,124.81846451759338
3381,4.15,6,124.84867525100708
3382,4.3,5,124.88322329521179
3383,4.6000000000000005,3,124.90791034698486
3384,4.449999999999999,4,124.9400749206543
3385,4.449999999999999,4,124.96940159797668
3386,4.75,2,124.99847722053528
3387,3.85,8,125.03581190109253
3388,3.25,12,125.07887625694275
3389,4.3,5,125.10821270942688
3390,4.0,7,125.141104221344
3391,4.0,7,125.17224097251892
3392,4.75,2,125.20293378829956
3393,4.15,6,125.23394417762756
3394,4.0,7,125.26571536064148
3395,4.6000000000000005,3,125.29091763496399
3396,4.15,6,125.32298994064331
3397,4.449999999999999,4,125.35020852088928
3398,4.0,7,125.38941550254822
3399,4.0,7,125.42118906974792
3400,3.55,10,125.45743584632874
3401,-3.25,6,125.49037051200867
3402,4.0,7,125.52233934402466
3403,4.15,6,125.55374217033386
3404,4.6000000000000005,3,125.58014416694641
3405,4.3,5,125.61019659042358
3406,3.4,11,125.65230464935303
3407,-1.75,15,125.83183360099792
3408,4.449999999999999,4,125.85828828811646
3409,-1.75,15,125.9002742767334
3410,4.75,2,125.92850804328918
3411,4.75,2,125.95683360099792
3412,4.449999999999999,4,125.9876868724823
3413,3.55,10,126.0382878780365
3414,3.4,11,126.08027338981628
3415,3.25,12,126.12648510932922
3416,4.75,2,126.15623641014099
3417,4.6000000000000005,3,126.18357872962952
3418,4.6000000000000005,3,126.21375274658203
3419,4.3,5,126.24023580551147
3420,3.85,8,126.27746248245239
3421,3.6999999999999997,9,126.3118166923523
3422,4.0,7,126.34266066551208
3423,4.3,5,126.37341237068176
3424,4.9,1,126.39716744422913
3425,4.449999999999999,4,126.43079161643982
3426,4.0,7,126.46559166908264
3427,4.6000000000000005,3,126.49752712249756
3428,4.6000000000000005,3,126.53276324272156
3429,4.449999999999999,4,126.56549215316772
3430,4.449999999999999,4,126.60234069824219
3431,4.15,6,126.64463233947754
3432,4.15,6,126.67681217193604
3433,4.3,5,126.70564842224121
3434,4.3,5,126.73680019378662
3435,4.3,5,126.76648426055908
3436,4.6000000000000005,3,126.7916533946991
3437,4.75,2,126.81839752197266
3438,4.449999999999999,4,126.84949135780334
3439,4.0,7,126.88271522521973
3440,3.4,11,126.92135524749756
3441,3.6999999999999997,9,126.95507740974426
3442,3.85,8,126.98620629310608
3443,4.449999999999999,4,127.01319551467896
3444,4.6000000000000005,3,127.03784108161926
3445,3.1,13,127.07880330085754
3446,4.6000000000000005,3,127.10747647285461
3447,4.75,2,127.13452982902527
3448,4.75,2,127.15616178512573
3449,4.15,6,127.18525314331055
3450,-1.75,15,127.2283308506012
3451,-1.75,15,127.43141722679138
3452,4.6000000000000005,3,127.46221613883972
3453,4.15,6,127.49806475639343
3454,3.55,10,127.53924775123596
3455,4.449999999999999,4,127.56762957572937
3456,4.0,7,127.60333514213562
3457,4.3,5,127.63402032852173
3458,4.15,6,127.66720819473267
3459,4.0,7,127.70616006851196
3460,4.15,6,127.74045968055725
3461,4.3,5,127.77997994422913
3462,4.6000000000000005,3,127.8116226196289
3463,4.0,7,127.84995770454407
3464,3.6999999999999997,9,127.8957588672638
3465,4.0,7,127.92653965950012
3466,4.6000000000000005,3,127.95532560348511
3467,4.9,1,127.97864127159119
3468,4.75,2,128.0075511932373
3469,3.55,10,128.04657173156738
3470,4.15,6,128.08229780197144
3471,4.6000000000000005,3,128.1110873222351
3472,-1.75,15,128.15973925590515
3473,4.9,1,128.1912157535553
3474,4.3,5,128.22084212303162
3475,4.3,5,128.25611400604248
3476,4.6000000000000005,3,128.28356289863586
3477,3.55,10,128.3214943408966
3478,4.3,5,128.35446858406067
3479,4.449999999999999,4,128.37976217269897
3480,3.6999999999999997,9,128.4144058227539
3481,3.85,8,128.44773316383362
3482,3.85,8,128.48343777656555
3483,4.0,7,128.52283716201782
3484,4.3,5,128.55153226852417
3485,4.6000000000000005,3,128.57966208457947
3486,4.15,6,128.61017608642578
3487,4.6000000000000005,3,128.6373748779297
3488,3.85,8,128.66791605949402
3489,4.449999999999999,4,128.6932713985443
3490,4.6000000000000005,3,128.72065544128418
3491,4.6000000000000005,3,128.75446701049805
3492,4.75,2,128.78273701667786
3493,3.85,8,128.81453037261963
3494,3.85,8,128.84892177581787
3495,4.75,2,128.87357139587402
3496,4.75,2,129.04764437675476
3497,4.15,6,129.07869029045105
3498,4.0,7,129.11116337776184
3499,4.75,2,129.13204884529114
3500,4.3,5,129.16084170341492
3501,4.0,7,129.19238924980164
3502,4.3,5,129.2211298942566
3503,-1.75,15,129.2655508518219
3504,4.449999999999999,4,129.29711079597473
3505,4.75,2,129.31984734535217
3506,4.6000000000000005,3,129.3507924079895
3507,4.449999999999999,4,129.38107562065125
3508,4.3,5,129.4133381843567
3509,4.6000000000000005,3,129.442528963089
3510,4.6000000000000005,3,129.4755825996399
3511,4.3,5,129.51106977462769
3512,4.15,6,129.54936599731445
3513,4.449999999999999,4,129.58660197257996
3514,3.6999999999999997,9,129.63005995750427
3515,4.6000000000000005,3,129.66381788253784
3516,4.75,2,129.69113397598267
3517,4.75,2,129.7187843322754
3518,4.449999999999999,4,129.74792194366455
3519,4.3,5,129.77652192115784
3520,4.6000000000000005,3,129.80435514450073
3521,4.6000000000000005,3,129.83077812194824
3522,-1.75,15,129.87423014640808
3523,3.6999999999999997,9,129.90863919258118
3524,4.15,6,129.9392445087433
3525,4.3,5,129.96959233283997
3526,4.6000000000000005,3,129.99719142913818
3527,3.6999999999999997,9,130.03487634658813
3528,-3.15,4,130.06546139717102
3529,4.6000000000000005,3,130.09371972084045
3530,4.6000000000000005,3,130.11772966384888
3531,4.449999999999999,4,130.14522695541382
3532,3.4,11,130.18356895446777
3533,4.15,6,130.2186586856842
3534,4.6000000000000005,3,130.24969267845154
3535,4.75,2,130.2735550403595
3536,3.55,10,130.3089644908905
3537,3.6999999999999997,9,130.34711241722107
3538,4.6000000000000005,3,130.37079501152039
3539,3.6999999999999997,9,130.40467524528503
3540,4.449999999999999,4,130.4315357208252
3541,4.0,7,130.4651951789856
3542,4.75,2,130.49099159240723
3543,4.9,1,130.51545882225037
3544,-1.75,15,130.72616839408875
3545,4.6000000000000005,3,130.76165556907654
3546,4.3,5,130.79618096351624
3547,3.85,8,130.83235383033752
3548,4.15,6,130.86216735839844
3549,4.3,5,130.8890311717987
3550,4.9,1,130.91682720184326
3551,4.449999999999999,4,130.9486916065216
3552,4.6000000000000005,3,130.97394609451294
3553,3.55,10,131.0127980709076
3554,4.15,6,131.04570746421814
3555,4.449999999999999,4,131.0760416984558
3556,4.15,6,131.1057231426239
3557,3.85,8,131.14195156097412
3558,4.6000000000000005,3,131.16852736473083
3559,3.85,8,131.2023422718048
3560,4.6000000000000005,3,131.23105478286743
3561,4.9,1,131.26052570343018
3562,4.3,5,131.29415035247803
3563,4.3,5,131.33047246932983
3564,4.3,5,131.36556005477905
3565,4.75,2,131.3974027633667
3566,4.15,6,131.4362235069275
3567,4.75,2,131.46260166168213
3568,4.449999999999999,4,131.49465012550354
3569,4.0,7,131.52564811706543
3570,4.15,6,131.56266951560974
3571,4.6000000000000005,3,131.59489965438843
3572,-1.75,15,131.64058470726013
3573,-1.75,15,131.68229627609253
3574,4.3,5,131.71588110923767
3575,4.3,5,131.74671411514282
3576,-1.75,15,131.78935647010803
3577,3.85,8,131.82252168655396
3578,4.15,6,131.8497862815857
3579,-1.75,15,131.88930702209473
3580,4.0,7,131.91627144813538
3581,4.449999999999999,4,131.94365692138672
3582,4.6000000000000005,3,131.966650724411
3583,4.6000000000000005,3,131.9916434288025
3584,4.15,6,132.02277731895447
3585,4.15,6,132.0519483089447
3586,4.449999999999999,4,132.08057641983032
3587,4.15,6,132.26033735275269
3588,4.0,7,132.29169726371765
3589,4.6000000000000005,3,132.31559371948242
3590,4.6000000000000005,3,132.34280800819397
3591,4.3,5,132.37093687057495
3592,-1.75,15,132.41893696784973
3593,4.75,2,132.4453456401825
3594,4.75,2,132.4748821258545
3595,4.449999999999999,4,132.50879573822021
3596,-1.75,15,132.55583715438843
3597,-1.75,15,132.60187005996704
3598,4.6000000000000005,3,132.63194108009338
3599,3.1,13,132.67955040931702
3600,3.6999999999999997,9,132.71684980392456
3601,4.75,2,132.74452376365662
3602,-1.75,15,132.78855323791504
3603,-1.75,15,132.83179807662964
3604,3.6999999999999997,9,132.86719942092896
3605,4.3,5,132.89553022384644
3606,-1.75,15,132.94417071342468
3607,4.449999999999999,4,132.97010445594788
3608,4.3,5,133.00425004959106
3609,4.449999999999999,4,133.03627610206604
3610,4.449999999999999,4,133.06475973129272
3611,4.15,6,133.09844326972961
3612,3.55,10,133.13232493400574
3613,4.449999999999999,4,133.1621961593628
3614,4.6000000000000005,3,133.18981194496155
3615,4.6000000000000005,3,133.22032856941223
3616,4.15,6,133.24859070777893
3617,4.9,1,133.27232956886292
3618,4.75,2,133.2967128753662
3619,4.3,5,133.33312368392944
3620,4.449999999999999,4,133.36240100860596
3621,4.6000000000000005,3,133.38812017440796
3622,4.75,2,133.41082382202148
3623,4.0,7,133.44135785102844
3624,4.75,2,133.46293783187866
3625,4.9,1,133.48730063438416
3626,4.0,7,133.52295517921448
3627,4.449999999999999,4,133.55247378349304
3628,4.75,2,133.58076572418213
3629,4.449999999999999,4,133.60937428474426
3630,4.449999999999999,4,133.63459968566895
3631,4.3,5,133.82297277450562
3632,4.449999999999999,4,133.85076355934143
3633,4.6000000000000005,3,133.87858128547668
3634,4.9,1,133.90805077552795
3635,4.15,6,133.94313263893127
3636,4.0,7,133.97630333900452
3637,3.6999999999999997,9,134.02594995498657
3638,4.0,7,134.07226824760437
3639,4.15,6,134.1092884540558
3640,4.449999999999999,4,134.14277243614197
3641,-3.45,10,134.18067955970764
3642,4.6000000000000005,3,134.20738887786865
3643,4.449999999999999,4,134.2439410686493
3644,4.6000000000000005,3,134.2787811756134
3645,4.75,2,134.31159448623657
3646,4.449999999999999,4,134.3520429134369
3647,4.6000000000000005,3,134.3822739124298
3648,3.4,11,134.42762994766235
3649,-1.75,15,134.48090624809265
3650,4.6000000000000005,3,134.5116560459137
3651,4.6000000000000005,3,134.54117846488953
3652,4.75,2,134.56766986846924
3653,4.3,5,134.59759640693665
3654,3.85,8,134.63182473182678
3655,4.3,5,134.65890526771545
3656,4.3,5,134.69260048866272
3657,4.9,1,134.71474361419678
3658,4.6000000000000005,3,134.7408640384674
3659,4.0,7,134.77098536491394
3660,4.449999999999999,4,134.79762482643127
3661,-1.75,15,134.852933883667
3662,4.6000000000000005,3,134.87855172157288
3663,4.449999999999999,4,134.90363693237305
3664,4.3,5,134.93030667304993
3665,4.75,2,134.95186519622803
3666,4.75,2,134.97556710243225
3667,4.9,1,134.9977786540985
3668,4.6000000000000005,3,135.02942299842834
3669,3.55,10,135.07043838500977
3670,4.75,2,135.09591627120972
3671,4.6000000000000005,3,135.1238465309143
3672,4.6000000000000005,3,135.14795184135437
3673,4.449999999999999,4,135.1763997077942
3674,-1.75,15,135.2186369895935
3675,4.449999999999999,4,135.24732565879822
3676,4.449999999999999,4,135.28344297409058
3677,4.449999999999999,4,135.31501078605652
3678,4.449999999999999,4,135.34448432922363
3679,4.3,5,135.37052154541016
3680,-3.2,5,135.3992154598236
3681,4.75,2,135.42706823349
3682,4.3,5,135.60984921455383
3683,4.75,2,135.63273978233337
3684,4.449999999999999,4,135.66362118721008
3685,4.3,5,135.69440126419067
3686,4.6000000000000005,3,135.72201776504517
3687,4.3,5,135.75272297859192
3688,3.4,11,135.79449009895325
3689,4.9,1,135.82025861740112
3690,4.449999999999999,4,135.84921002388
3691,4.6000000000000005,3,135.88558411598206
3692,-1.75,15,135.93180227279663
3693,4.75,2,135.95888948440552
3694,4.449999999999999,4,135.9895703792572
3695,4.3,5,136.0246660709381
3696,4.75,2,136.05034518241882
3697,3.1,13,136.1015341281891
3698,4.0,7,136.13657021522522
3699,4.3,5,136.16715669631958
3700,4.0,7,136.20062232017517
3701,4.449999999999999,4,136.23434686660767
3702,4.6000000000000005,3,136.26307129859924
3703,3.55,10,136.30157566070557
3704,4.75,2,136.32737731933594
3705,4.6000000000000005,3,136.35027313232422
3706,4.75,2,136.3763551712036
3707,4.0,7,136.40766024589539
3708,4.75,2,136.43252277374268
3709,4.9,1,136.45693039894104
3710,4.15,6,136.48807382583618
3711,4.3,5,136.51627016067505
3712,4.0,7,136.55071592330933
3713,4.6000000000000005,3,136.5796799659729
3714,4.449999999999999,4,136.6096580028534
3715,3.25,12,136.64936566352844
3716,4.75,2,136.6784942150116
3717,3.6999999999999997,9,136.71784853935242
3718,4.15,6,136.75505185127258
3719,4.6000000000000005,3,136.7822859287262
3720,4.3,5,136.81082606315613
3721,3.4,11,136.84704756736755
3722,4.6000000000000005,3,136.8721649646759
3723,-3.05,2,136.8941867351532
3724,4.449999999999999,4,136.92234253883362
3725,4.0,7,136.95291233062744
3726,-1.75,15,136.99479818344116
3727,4.0,7,137.03049230575562
3728,3.55,10,137.0655014514923
3729,4.6000000000000005,3,137.25630736351013
3730,4.3,5,137.29116988182068
3731,4.0,7,137.32528853416443
3732,3.85,8,137.3589015007019
3733,3.4,11,137.40362644195557
3734,4.75,2,137.43062376976013
3735,4.3,5,137.46353483200073
3736,3.4,11,137.50325870513916
3737,4.15,6,137.5355944633484
3738,4.6000000000000005,3,137.56393480300903
3739,4.3,5,137.598619222641
3740,4.15,6,137.63333749771118
3741,4.6000000000000005,3,137.66358733177185
3742,3.6999999999999997,9,137.6986105442047
3743,4.9,1,137.72513675689697
3744,4.449999999999999,4,137.76160526275635
3745,4.15,6,137.7998809814453
3746,4.449999999999999,4,137.8301203250885
3747,-1.75,15,137.87502813339233
3748,4.449999999999999,4,137.90296006202698
3749,3.6999999999999997,9,137.9391758441925
3750,4.3,5,137.96698594093323
3751,4.0,7,138.00469064712524
3752,-3.25,6,138.03758478164673
3753,4.3,5,138.0653007030487
3754,4.75,2,138.09120082855225
3755,4.3,5,138.11708211898804
3756,3.6999999999999997,9,138.14971709251404
3757,4.6000000000000005,3,138.17604756355286
3758,3.25,12,138.21646237373352
3759,4.449999999999999,4,138.24425625801086
3760,4.75,2,138.26544165611267
3761,4.449999999999999,4,138.2922761440277
3762,4.449999999999999,4,138.31723618507385
3763,4.0,7,138.34804463386536
3764,4.75,2,138.37831234931946
3765,4.3,5,138.41123390197754
3766,3.6999999999999997,9,138.45154070854187
3767,4.6000000000000005,3,138.47841334342957
3768,4.449999999999999,4,138.50638151168823
3769,4.449999999999999,4,138.533616065979
3770,4.15,6,138.56793308258057
3771,4.9,1,138.5945644378662
3772,3.6999999999999997,9,138.6396346092224
3773,4.449999999999999,4,138.66816449165344
3774,3.85,8,138.70728135108948
3775,-3.6,13,138.90100193023682
3776,4.3,5,138.93266224861145
3777,4.3,5,138.97027683258057
3778,4.9,1,138.9999406337738
3779,4.15,6,139.0359377861023
3780,4.75,2,139.06266260147095
3781,4.75,2,139.08945155143738
3782,4.3,5,139.12505316734314
3783,4.6000000000000005,3,139.15642976760864
3784,4.75,2,139.1803948879242
3785,4.3,5,139.21491718292236
3786,4.75,2,139.24053263664246
3787,4.6000000000000005,3,139.26834344863892
3788,4.15,6,139.29908299446106
3789,4.75,2,139.32406497001648
3790,4.75,2,139.3467574119568
3791,4.6000000000000005,3,139.373366355896
3792,4.449999999999999,4,139.39952683448792
3793,3.55,10,139.43868231773376
3794,4.75,2,139.4626727104187
3795,4.75,2,139.49050664901733
3796,4.15,6,139.51759386062622
3797,3.85,8,139.5498492717743
3798,4.3,5,139.57941961288452
3799,3.6999999999999997,9,139.61635160446167
3800,3.6999999999999997,9,139.64920449256897
3801,3.4,11,139.68761491775513
3802,4.3,5,139.715651512146
3803,4.75,2,139.7382664680481
3804,4.0,7,139.77427864074707
3805,4.449999999999999,4,139.8018126487732
3806,4.0,7,139.83824944496155
3807,4.15,6,139.8670129776001
3808,4.75,2,139.8927402496338
3809,4.3,5,139.92501497268677
3810,4.3,5,139.9595913887024
3811,4.75,2,139.98342370986938
3812,4.0,7,140.0156831741333
3813,4.3,5,140.0447542667389
3814,4.75,2,140.0698139667511
3815,4.75,2,140.0960657596588
3816,4.75,2,140.12829327583313
3817,4.0,7,140.1627688407898
3818,4.6000000000000005,3,140.19362545013428
3819,4.75,2,140.22139692306519
3820,3.55,10,140.26181864738464
3821,4.3,5,140.29123735427856
3822,4.3,5,140.31746649742126
3823,4.6000000000000005,3,140.3491246700287
3824,4.15,6,140.38649106025696
3825,3.1,13,140.42797946929932
3826,4.6000000000000005,3,140.45420598983765
3827,4.3,5,140.64422941207886
3828,4.75,2,140.66794538497925
3829,4.75,2,140.69879388809204
3830,4.9,1,140.73035836219788
3831,4.449999999999999,4,140.76181936264038
3832,4.75,2,140.79720282554626
3833,4.6000000000000005,3,140.8282334804535
3834,4.15,6,140.86077404022217
3835,3.85,8,140.9037983417511
3836,4.3,5,140.93158292770386
3837,4.75,2,140.95782470703125
3838,4.75,2,140.9836869239807
3839,4.0,7,141.0132257938385
3840,4.75,2,141.04317569732666
3841,4.6000000000000005,3,141.0751769542694
3842,4.6000000000000005,3,141.1033627986908
3843,4.3,5,141.13197135925293
3844,3.55,10,141.1704044342041
3845,4.6000000000000005,3,141.19598364830017
3846,-3.3,7,141.22658491134644
3847,4.0,7,141.2568221092224
3848,4.449999999999999,4,141.2846601009369
3849,4.6000000000000005,3,141.3132083415985
3850,3.55,10,141.35053896903992
3851,4.449999999999999,4,141.3786494731903
3852,4.6000000000000005,3,141.40705633163452
3853,4.75,2,141.43182706832886
3854,4.75,2,141.4575433731079
3855,4.75,2,141.4819769859314
3856,4.15,6,141.51011443138123
3857,4.15,6,141.53949618339539
3858,4.6000000000000005,3,141.56591820716858
3859,4.6000000000000005,3,141.59448719024658
3860,4.15,6,141.62907099723816
3861,4.15,6,141.66060590744019
3862,3.6999999999999997,9,141.6937243938446
3863,3.85,8,141.72645545005798
3864,4.9,1,141.75477004051208
3865,-1.75,15,141.79828596115112
3866,4.6000000000000005,3,141.82377004623413
3867,4.3,5,141.85456800460815
3868,4.15,6,141.88515949249268
3869,4.75,2,141.9137728214264
3870,3.85,8,141.95244073867798
3871,4.449999999999999,4,141.9801938533783
3872,4.6000000000000005,3,142.0102059841156
3873,3.55,10,142.05484652519226
3874,4.3,5,142.08685660362244
3875,3.25,12,142.1339910030365
3876,3.85,8,142.1700656414032
3877,4.449999999999999,4,142.1978497505188
3878,3.85,8,142.39425086975098
3879,3.6999999999999997,9,142.43123269081116
3880,4.75,2,142.45743012428284
3881,4.75,2,142.47926330566406
3882,4.449999999999999,4,142.5113570690155
3883,4.6000000000000005,3,142.53773665428162
3884,4.15,6,142.568452835083
3885,4.9,1,142.5910565853119
3886,3.4,11,142.63148427009583
3887,4.6000000000000005,3,142.66093468666077
3888,4.9,1,142.68103766441345
3889,4.6000000000000005,3,142.7099256515503
3890,4.449999999999999,4,142.7370321750641
3891,4.15,6,142.77335572242737
3892,4.449999999999999,4,142.80451917648315
3893,4.15,6,142.83415246009827
3894,4.3,5,142.86231660842896
3895,4.0,7,142.89346480369568
3896,4.6000000000000005,3,142.92032051086426
3897,4.15,6,142.95845293998718
3898,3.6999999999999997,9,142.99044823646545
3899,3.6999999999999997,9,143.02562189102173
3900,4.3,5,143.05474424362183
3901,4.449999999999999,4,143.0804295539856
3902,3.6999999999999997,9,143.12049913406372
3903,4.75,2,143.14928221702576
3904,4.75,2,143.1736340522766
3905,4.0,7,143.20705270767212
3906,4.3,5,143.23911333084106
3907,4.0,7,143.273282289505
3908,3.4,11,143.31041026115417
3909,4.6000000000000005,3,143.3369379043579
3910,4.0,7,143.36908507347107
3911,4.6000000000000005,3,143.39764881134033
3912,4.9,1,143.4192214012146
3913,3.6999999999999997,9,143.45810413360596
3914,3.85,8,143.4981210231781
3915,4.3,5,143.52694392204285
3916,4.6000000000000005,3,143.55916118621826
3917,4.449999999999999,4,143.59113264083862
3918,4.9,1,143.61211323738098
3919,4.75,2,143.6414988040924
3920,4.0,7,143.67365980148315
3921,4.3,5,143.7013750076294
3922,4.15,6,143.73680329322815
3923,4.449999999999999,4,143.7733211517334
3924,4.75,2,143.80105257034302
3925,4.3,5,143.83758163452148
3926,4.15,6,143.86787009239197
3927,3.55,10,143.90543055534363
3928,4.9,1,143.92929077148438
3929,4.0,7,143.96324348449707
3930,3.55,10,144.14898324012756
3931,3.55,10,144.18379378318787
3932,3.55,10,144.23473858833313
3933,4.75,2,144.2610263824463
3934,4.449999999999999,4,144.28815507888794
3935,4.75,2,144.31376147270203
3936,3.1,13,144.35602116584778
3937,-1.75,15,144.4058337211609
3938,4.15,6,144.44240140914917
3939,4.3,5,144.46768379211426
3940,4.15,6,144.50536513328552
3941,4.75,2,144.5295329093933
3942,4.15,6,144.56135082244873
3943,3.85,8,144.59301018714905
3944,3.85,8,144.6289267539978
3945,4.6000000000000005,3,144.65975689888
3946,4.6000000000000005,3,144.69066715240479
3947,4.6000000000000005,3,144.71508264541626
3948,4.6000000000000005,3,144.74787163734436
3949,4.75,2,144.77363467216492
3950,4.449999999999999,4,144.80577397346497
3951,4.15,6,144.83710932731628
3952,4.15,6,144.86603593826294
3953,4.0,7,144.8986542224884
3954,4.3,5,144.92766404151917
3955,4.0,7,144.9589385986328
3956,4.3,5,144.9891233444214
3957,3.85,8,145.0273323059082
3958,4.6000000000000005,3,145.05409812927246
3959,2.9499999999999997,14,145.0984673500061
3960,4.0,7,145.13660883903503
3961,4.449999999999999,4,145.16806411743164
3962,4.15,6,145.2026116847992
3963,4.3,5,145.23250269889832
3964,3.6999999999999997,9,145.276917219162
3965,4.75,2,145.30427408218384
3966,3.6999999999999997,9,145.34403228759766
3967,-1.75,15,145.3914589881897
3968,4.9,1,145.41485595703125
3969,4.75,2,145.44490456581116
3970,4.449999999999999,4,145.47842144966125
3971,4.15,6,145.52022099494934
3972,4.0,7,145.71263432502747
3973,4.9,1,145.73365426063538
3974,3.25,12,145.77224850654602
3975,4.75,2,145.79650950431824
3976,4.6000000000000005,3,145.82359552383423
3977,4.3,5,145.85391473770142
3978,4.449999999999999,4,145.88207411766052
3979,4.449999999999999,4,145.90826535224915
3980,4.0,7,145.94921159744263
3981,4.15,6,145.9788637161255
3982,4.3,5,146.01303243637085
3983,4.449999999999999,4,146.04323649406433
3984,4.0,7,146.07849740982056
3985,3.25,12,146.1170620918274
3986,3.6999999999999997,9,146.1520597934723
3987,4.15,6,146.18394470214844
3988,4.75,2,146.20941352844238
3989,4.75,2,146.23263788223267
3990,3.4,11,146.2747619152069
3991,4.3,5,146.30458855628967
3992,3.6999999999999997,9,146.34047865867615
3993,4.3,5,146.36826395988464
3994,4.449999999999999,4,146.3949098587036
3995,4.9,1,146.4182689189911
3996,3.25,12,146.46016597747803
3997,4.75,2,146.4809911251068
3998,4.6000000000000005,3,146.51000118255615
3999,-1.75,15,146.55675339698792
4000,4.3,5,146.58753204345703
4001,3.6999999999999997,9,146.6264307498932
4002,3.85,8,146.66617798805237
4003,3.55,10,146.70877027511597
4004,4.3,5,146.7403450012207
4005,3.6999999999999997,9,146.77648758888245
4006,4.6000000000000005,3,146.80669951438904
4007,4.15,6,146.83730244636536
4008,4.3,5,146.86581826210022
4009,-1.75,15,146.9097273349762
4010,4.449999999999999,4,146.93896102905273
4011,4.75,2,146.96421575546265
4012,4.0,7,147.0018892288208
4013,4.0,7,147.18867254257202
4014,4.449999999999999,4,147.21768307685852
4015,4.6000000000000005,3,147.24543642997742
4016,3.55,10,147.28295302391052
4017,4.9,1,147.3073365688324
4018,4.449999999999999,4,147.33388423919678
4019,-1.75,15,147.3825569152832
4020,4.75,2,147.40699219703674
4021,4.0,7,147.43960428237915
4022,4.6000000000000005,3,147.46502304077148
4023,4.449999999999999,4,147.50389742851257
4024,4.6000000000000005,3,147.53087782859802
4025,4.75,2,147.55602383613586
4026,4.449999999999999,4,147.5862672328949
4027,4.449999999999999,4,147.6135184764862
4028,4.3,5,147.6426157951355
4029,4.449999999999999,4,147.6699457168579
4030,4.3,5,147.69863319396973
4031,4.449999999999999,4,147.73055720329285
4032,4.3,5,147.7665979862213
4033,4.3,5,147.79858779907227
4034,4.3,5,147.8378608226776
4035,4.449999999999999,4,147.8648636341095
4036,4.75,2,147.89706802368164
4037,4.6000000000000005,3,147.93123292922974
4038,4.449999999999999,4,147.95914268493652
4039,3.25,12,147.9957835674286
4040,3.4,11,148.03058886528015
4041,4.75,2,148.0566086769104
4042,-3.15,4,148.08207273483276
4043,4.3,5,148.11228108406067
4044,-1.75,15,148.16393876075745
4045,3.6999999999999997,9,148.20250415802002
4046,3.4,11,148.24345064163208
4047,3.55,10,148.28742480278015
4048,-1.75,15,148.3378767967224
4049,4.0,7,148.375093460083
4050,4.75,2,148.39738368988037
4051,4.449999999999999,4,148.43464970588684
4052,4.6000000000000005,3,148.464257478714
4053,3.4,11,148.50701475143433
4054,4.3,5,148.53873777389526
4055,3.85,8,148.57302808761597
4056,4.6000000000000005,3,148.59860706329346
4057,4.75,2,148.62649941444397
4058,3.85,8,148.8227367401123
4059,4.449999999999999,4,148.84876084327698
4060,4.6000000000000005,3,148.87587928771973
4061,4.6000000000000005,3,148.89941930770874
4062,4.9,1,148.92329478263855
4063,4.6000000000000005,3,148.94822764396667
4064,4.3,5,148.97579169273376
4065,4.6000000000000005,3,149.00226044654846
4066,3.6999999999999997,9,149.03872919082642
4067,4.3,5,149.06669068336487
4068,4.9,1,149.09294843673706
4069,4.3,5,149.1245822906494
4070,4.3,5,149.1546766757965
4071,3.85,8,149.1856369972229
4072,4.6000000000000005,3,149.2110719680786
4073,4.0,7,149.24112343788147
4074,3.25,12,149.2811939716339
4075,4.15,6,149.3178243637085
4076,4.3,5,149.34912705421448
4077,4.75,2,149.37501192092896
4078,4.15,6,149.40662479400635
4079,4.6000000000000005,3,149.4333724975586
4080,-1.75,15,149.48079133033752
4081,4.0,7,149.51490211486816
4082,4.15,6,149.5487356185913
4083,3.25,12,149.58750915527344
4084,4.3,5,149.61559319496155
4085,4.3,5,149.6454393863678
4086,4.6000000000000005,3,149.67423367500305
4087,3.55,10,149.71967244148254
4088,4.3,5,149.75108933448792
4089,4.75,2,149.78120589256287
4090,4.75,2,149.8106496334076
4091,-1.75,15,149.85494589805603
4092,4.15,6,149.88654232025146
4093,3.25,12,149.92934727668762
4094,-1.75,15,149.97680115699768
4095,4.75,2,150.00037479400635
4096,4.15,6,150.0373342037201
4097,4.15,6,150.07148361206055
4098,4.6000000000000005,3,150.09823155403137
4099,4.75,2,150.12385964393616
4100,-1.75,15,150.34465408325195
4101,4.75,2,150.37185382843018
4102,4.6000000000000005,3,150.3976652622223
4103,3.85,8,150.4353470802307
4104,4.9,1,150.4653058052063
4105,3.85,8,150.50421500205994
4106,4.0,7,150.53932738304138
4107,4.6000000000000005,3,150.56958270072937
4108,3.55,10,150.61357069015503
4109,4.3,5,150.652019739151
4110,3.6999999999999997,9,150.68565106391907
4111,4.0,7,150.7166805267334
4112,3.55,10,150.75456166267395
4113,4.75,2,150.78010940551758
4114,3.85,8,150.8197512626648
4115,4.6000000000000005,3,150.84494423866272
4116,4.6000000000000005,3,150.8700830936432
4117,3.6999999999999997,9,150.90424799919128
4118,3.55,10,150.9395101070404
4119,4.15,6,150.96841049194336
4120,4.15,6,150.9966061115265
4121,4.6000000000000005,3,151.029310464859
4122,3.4,11,151.07235145568848
4123,3.85,8,151.10438346862793
4124,3.6999999999999997,9,151.13836693763733
4125,3.6999999999999997,9,151.1742730140686
4126,4.9,1,151.198481798172
4127,4.449999999999999,4,151.22907853126526
4128,4.0,7,151.26250505447388
4129,4.6000000000000005,3,151.28983569145203
4130,4.75,2,151.31616473197937
4131,4.449999999999999,4,151.34849405288696
4132,4.75,2,151.3775553703308
4133,4.6000000000000005,3,151.4094250202179
4134,4.6000000000000005,3,151.4374978542328
4135,3.6999999999999997,9,151.47625994682312
4136,4.6000000000000005,3,151.50635981559753
4137,4.3,5,151.5396978855133
4138,4.15,6,151.5757918357849
4139,4.0,7,151.61584901809692
4140,-3.7,15,151.68414759635925
4141,4.449999999999999,4,151.72683477401733
4142,4.449999999999999,4,151.76431274414062
4143,-1.75,15,151.98208713531494
4144,4.75,2,152.00856637954712
4145,4.3,5,152.0408046245575
4146,4.3,5,152.0687050819397
4147,4.6000000000000005,3,152.0925612449646
4148,4.15,6,152.12421464920044
4149,4.6000000000000005,3,152.14933371543884
4150,4.449999999999999,4,152.17648839950562
4151,3.85,8,152.21291399002075
4152,4.449999999999999,4,152.24002146720886
4153,4.75,2,152.2627513408661
4154,4.0,7,152.294606924057
4155,4.15,6,152.32381677627563
4156,3.25,12,152.36248779296875
4157,4.75,2,152.38860249519348
4158,3.85,8,152.4281783103943
4159,4.6000000000000005,3,152.456955909729
4160,3.55,10,152.4952688217163
4161,4.15,6,152.52842330932617
4162,4.6000000000000005,3,152.55801510810852
4163,-1.75,15,152.60713410377502
4164,3.85,8,152.643634557724
4165,-3.6,13,152.68870615959167
4166,4.15,6,152.7219364643097
4167,4.6000000000000005,3,152.74902510643005
4168,-3.4,9,152.78559613227844
4169,4.3,5,152.8145751953125
4170,4.75,2,152.84128499031067
4171,-1.75,15,152.88718843460083
4172,3.1,13,152.93582558631897
4173,-3.3,7,152.9685764312744
4174,3.55,10,153.0042827129364
4175,3.85,8,153.0404372215271
4176,4.449999999999999,4,153.0728099346161
4177,4.0,7,153.1099705696106
4178,4.449999999999999,4,153.14118003845215
4179,4.15,6,153.17558526992798
4180,4.3,5,153.20545959472656
4181,4.449999999999999,4,153.23862838745117
4182,4.3,5,153.27483248710632
4183,-3.35,8,153.47421979904175
4184,4.6000000000000005,3,153.50130558013916
4185,4.15,6,153.5316264629364
4186,4.0,7,153.56552243232727
4187,4.75,2,153.5894947052002
4188,4.0,7,153.62393474578857
4189,4.449999999999999,4,153.65482759475708
4190,4.0,7,153.68721842765808
4191,4.0,7,153.72018361091614
4192,4.3,5,153.7495243549347
4193,4.3,5,153.78058624267578
4194,4.75,2,153.8067536354065
4195,4.3,5,153.83305191993713
4196,4.449999999999999,4,153.8620297908783
4197,4.75,2,153.88773798942566
4198,4.0,7,153.91729545593262
4199,3.55,10,153.95328164100647
4200,4.3,5,153.9798002243042
4201,4.449999999999999,4,154.00666666030884
4202,-3.25,6,154.041090965271
4203,3.85,8,154.08410000801086
4204,4.6000000000000005,3,154.11914205551147
4205,4.75,2,154.14438652992249
4206,-3.55,12,154.18925285339355
4207,4.75,2,154.22222352027893
4208,3.85,8,154.2567720413208
4209,-3.65,14,154.30716156959534
4210,4.15,6,154.33974862098694
4211,4.0,7,154.37498235702515
4212,4.6000000000000005,3,154.40390992164612
4213,4.449999999999999,4,154.42948579788208
4214,4.75,2,154.45695662498474
4215,4.75,2,154.4875192642212
4216,3.55,10,154.52658653259277
4217,4.449999999999999,4,154.5588893890381
4218,4.75,2,154.58094358444214
4219,4.6000000000000005,3,154.61019325256348
4220,4.3,5,154.64239263534546
4221,4.75,2,154.67174339294434
4222,-1.75,15,154.71973705291748
4223,4.75,2,154.7459807395935
4224,4.6000000000000005,3,154.77552700042725
4225,4.75,2,154.79901719093323
4226,4.75,2,154.82682132720947
4227,4.15,6,154.8646421432495
4228,3.25,12,154.90615797042847
4229,-1.75,15,155.10756921768188
4230,4.6000000000000005,3,155.13115644454956
4231,-1.75,15,155.17482733726501
4232,4.9,1,155.2066764831543
4233,4.0,7,155.23811411857605
4234,4.75,2,155.26099753379822
4235,4.0,7,155.29287266731262
4236,3.6999999999999997,9,155.32724404335022
4237,4.75,2,155.35386776924133
4238,4.75,2,155.3750946521759
4239,4.15,6,155.40770316123962
4240,4.6000000000000005,3,155.43761372566223
4241,4.0,7,155.47108006477356
4242,4.9,1,155.49775338172913
4243,4.75,2,155.5262303352356
4244,4.9,1,155.55384874343872
4245,4.0,7,155.58652782440186
4246,4.449999999999999,4,155.6197910308838
4247,4.15,6,155.64962458610535
4248,4.6000000000000005,3,155.6750409603119
4249,4.75,2,155.70036005973816
4250,3.85,8,155.7353184223175
4251,4.15,6,155.76659893989563
4252,3.85,8,155.804505109787
4253,4.0,7,155.83718991279602
4254,3.85,8,155.8706820011139
4255,-3.25,6,155.89984321594238
4256,4.6000000000000005,3,155.92416834831238
4257,-1.75,15,155.96339774131775
4258,4.15,6,155.9894504547119
4259,4.75,2,156.01397800445557
4260,4.9,1,156.03780221939087
4261,4.75,2,156.06415438652039
4262,-1.75,15,156.11565160751343
4263,4.6000000000000005,3,156.14490842819214
4264,4.9,1,156.16965317726135
4265,4.75,2,156.19647574424744
4266,4.0,7,156.23731017112732
4267,4.9,1,156.2660777568817
4268,4.449999999999999,4,156.2993609905243
4269,-3.45,10,156.35266828536987
4270,3.6999999999999997,9,156.3906226158142
4271,3.6999999999999997,9,156.4327518939972
4272,3.4,11,156.4803545475006
4273,4.449999999999999,4,156.51399493217468
4274,4.15,6,156.5477249622345
4275,4.3,5,156.58205366134644
4276,-3.3,7,156.77756333351135
4277,4.449999999999999,4,156.80497813224792
4278,4.75,2,156.82698798179626
4279,4.3,5,156.8584361076355
4280,4.449999999999999,4,156.88701939582825
4281,4.3,5,156.91729164123535
4282,4.15,6,156.95286464691162
4283,3.6999999999999997,9,156.98879146575928
4284,3.85,8,157.0244071483612
4285,4.6000000000000005,3,157.05552315711975
4286,4.6000000000000005,3,157.08166980743408
4287,4.6000000000000005,3,157.10902547836304
4288,3.55,10,157.14394617080688
4289,-1.75,15,157.1869523525238
4290,3.4,11,157.22739100456238
4291,3.85,8,157.26037192344666
4292,4.6000000000000005,3,157.28965091705322
4293,4.15,6,157.31992435455322
4294,4.6000000000000005,3,157.34470796585083
4295,4.75,2,157.37247705459595
4296,4.3,5,157.41077184677124
4297,3.6999999999999997,9,157.45597672462463
4298,4.0,7,157.4990406036377
4299,4.9,1,157.52508330345154
4300,3.85,8,157.56286358833313
4301,4.3,5,157.5938971042633
4302,-3.15,4,157.62400364875793
4303,4.9,1,157.6509871482849
4304,4.75,2,157.6759603023529
4305,4.3,5,157.7109785079956
4306,4.449999999999999,4,157.7424099445343
4307,4.449999999999999,4,157.7709023952484
4308,3.25,12,157.81692695617676
4309,4.6000000000000005,3,157.84999084472656
4310,4.449999999999999,4,157.88006854057312
4311,4.6000000000000005,3,157.90633606910706
4312,4.6000000000000005,3,157.93319964408875
4313,3.85,8,157.96798181533813
4314,4.449999999999999,4,157.99401259422302
4315,3.25,12,158.03526377677917
4316,3.4,11,158.0764856338501
4317,4.3,5,158.1076807975769
4318,4.75,2,158.13371467590332
4319,4.6000000000000005,3,158.15977954864502
4320,3.85,8,158.19476056098938
4321,4.6000000000000005,3,158.22666931152344
4322,-3.3,7,158.25970315933228
4323,4.6000000000000005,3,158.43919253349304
4324,4.0,7,158.47242832183838
4325,4.15,6,158.5114631652832
4326,4.9,1,158.53809809684753
4327,4.0,7,158.57195734977722
4328,4.6000000000000005,3,158.59770035743713
4329,3.6999999999999997,9,158.6413128376007
4330,4.6000000000000005,3,158.66575813293457
4331,4.9,1,158.69161367416382
4332,3.85,8,158.72963118553162
4333,4.6000000000000005,3,158.75681519508362
4334,4.449999999999999,4,158.78956818580627
4335,4.15,6,158.8249065876007
4336,3.55,10,158.8660168647766
4337,4.15,6,158.8977656364441
4338,4.6000000000000005,3,158.9220850467682
4339,3.6999999999999997,9,158.95630717277527
4340,4.449999999999999,4,158.9842495918274
4341,4.75,2,159.00746178627014
4342,3.25,12,159.04985570907593
4343,3.55,10,159.09177350997925
4344,4.0,7,159.12596368789673
4345,4.6000000000000005,3,159.15899896621704
4346,4.449999999999999,4,159.19127559661865
4347,4.3,5,159.22430181503296
4348,4.449999999999999,4,159.2570252418518
4349,4.449999999999999,4,159.28655624389648
4350,4.15,6,159.31791472434998
4351,4.0,7,159.35183691978455
4352,4.449999999999999,4,159.38003253936768
4353,-3.3,7,159.4128692150116
4354,4.449999999999999,4,159.44223952293396
4355,-1.75,15,159.495356798172
4356,3.6999999999999997,9,159.538880109787
4357,3.6999999999999997,9,159.57943415641785
4358,4.15,6,159.6223704814911
4359,4.449999999999999,4,159.66324138641357
4360,3.4,11,159.72060179710388
4361,4.0,7,159.77268815040588
4362,4.449999999999999,4,159.8066291809082
4363,4.6000000000000005,3,159.83195686340332
4364,4.449999999999999,4,159.85953569412231
4365,4.0,7,159.8966236114502
4366,4.0,7,160.07871055603027
4367,4.6000000000000005,3,160.10629606246948
4368,4.449999999999999,4,160.133727312088
4369,4.6000000000000005,3,160.16004037857056
4370,4.449999999999999,4,160.1865952014923
4371,4.449999999999999,4,160.21707463264465
4372,3.4,11,160.26183986663818
4373,-3.2,5,160.2984070777893
4374,4.0,7,160.34029388427734
4375,3.55,10,160.38249897956848
4376,4.449999999999999,4,160.4093153476715
4377,4.75,2,160.43503952026367
4378,4.75,2,160.45882105827332
4379,3.85,8,160.49189615249634
4380,3.6999999999999997,9,160.5275433063507
4381,3.85,8,160.56126141548157
4382,3.55,10,160.60204005241394
4383,4.0,7,160.6378037929535
4384,4.0,7,160.67031931877136
4385,4.3,5,160.70294499397278
4386,3.85,8,160.7418384552002
4387,4.3,5,160.77446913719177
4388,4.6000000000000005,3,160.80562567710876
4389,4.15,6,160.83743810653687
4390,3.85,8,160.87658405303955
4391,4.75,2,160.9062840938568
4392,-1.75,15,160.95418643951416
4393,4.6000000000000005,3,160.98720502853394
4394,3.55,10,161.02248215675354
4395,-1.75,15,161.0758900642395
4396,4.3,5,161.10686922073364
4397,4.75,2,161.13258981704712
4398,4.15,6,161.1650197505951
4399,4.9,1,161.18954753875732
4400,4.6000000000000005,3,161.21979236602783
4401,4.6000000000000005,3,161.24429655075073
4402,4.75,2,161.27290105819702
4403,4.3,5,161.31361532211304
4404,4.15,6,161.3519937992096
4405,4.449999999999999,4,161.37854480743408
4406,4.6000000000000005,3,161.40432476997375
4407,3.85,8,161.43996262550354
4408,4.449999999999999,4,161.46550607681274
4409,4.15,6,161.49477195739746
4410,3.85,8,161.52768993377686
4411,-1.75,15,161.71858477592468
4412,-1.75,15,161.76423573493958
4413,2.9499999999999997,14,161.8097424507141
4414,4.449999999999999,4,161.8374228477478
4415,-3.35,8,161.87218403816223
4416,4.449999999999999,4,161.90014505386353
4417,4.449999999999999,4,161.9255199432373
4418,4.449999999999999,4,161.95125198364258
4419,4.449999999999999,4,161.97909569740295
4420,4.6000000000000005,3,162.00708866119385
4421,4.3,5,162.04170536994934
4422,3.85,8,162.07627892494202
4423,4.0,7,162.1073296070099
4424,3.55,10,162.14353585243225
4425,4.0,7,162.17749857902527
4426,4.3,5,162.20645117759705
4427,-1.75,15,162.24783945083618
4428,4.15,6,162.27927112579346
4429,4.6000000000000005,3,162.30560278892517
4430,4.6000000000000005,3,162.33284974098206
4431,4.15,6,162.3626425266266
4432,4.75,2,162.38953161239624
4433,4.75,2,162.41230940818787
4434,4.75,2,162.43561482429504
4435,4.15,6,162.46788358688354
4436,3.55,10,162.50683522224426
4437,4.75,2,162.53371000289917
4438,-1.75,15,162.58363842964172
4439,4.15,6,162.62143564224243
4440,4.6000000000000005,3,162.6525914669037
4441,4.0,7,162.68929934501648
4442,4.449999999999999,4,162.7181520462036
4443,4.75,2,162.7453329563141
4444,4.15,6,162.77746748924255
4445,3.55,10,162.81854629516602
4446,-1.75,15,162.85993766784668
4447,4.3,5,162.8919792175293
4448,4.449999999999999,4,162.91812467575073
4449,4.15,6,163.0958948135376
4450,4.3,5,163.12602853775024
4451,4.9,1,163.15363693237305
4452,4.6000000000000005,3,163.17792010307312
4453,4.75,2,163.2014844417572
4454,4.0,7,163.23112511634827
4455,4.6000000000000005,3,163.25939345359802
4456,4.0,7,163.29113125801086
4457,4.0,7,163.31985092163086
4458,4.75,2,163.34364438056946
4459,4.449999999999999,4,163.37084436416626
4460,4.449999999999999,4,163.39738988876343
4461,-1.75,15,163.45304560661316
4462,3.55,10,163.4934811592102
4463,4.3,5,163.52508997917175
4464,3.6999999999999997,9,163.5619354248047
4465,4.6000000000000005,3,163.59050178527832
4466,4.15,6,163.62402939796448
4467,3.85,8,163.6587700843811
4468,4.449999999999999,4,163.68883681297302
4469,4.3,5,163.7190821170807
4470,4.6000000000000005,3,163.7440526485443
4471,4.75,2,163.77145338058472
4472,4.3,5,163.8034496307373
4473,4.75,2,163.8312041759491
4474,3.6999999999999997,9,163.87670922279358
4475,4.75,2,163.9016625881195
4476,4.6000000000000005,3,163.93009328842163
4477,3.85,8,163.96215510368347
4478,3.6999999999999997,9,164.00239181518555
4479,-1.75,15,164.05053567886353
4480,4.449999999999999,4,164.07935070991516
4481,4.6000000000000005,3,164.11004614830017
4482,4.75,2,164.13894605636597
4483,4.15,6,164.17388796806335
4484,4.0,7,164.20988988876343
4485,4.449999999999999,4,164.24443078041077
4486,4.15,6,164.28419828414917
4487,4.449999999999999,4,164.31486630439758
4488,4.9,1,164.34401965141296
4489,4.0,7,164.38431525230408
4490,4.449999999999999,4,164.415668964386
4491,4.15,6,164.45248770713806
4492,4.449999999999999,4,164.4838240146637
4493,3.85,8,164.5179159641266
4494,3.4,11,164.5635747909546
4495,4.6000000000000005,3,164.59684872627258
4496,4.3,5,164.63273644447327
4497,4.6000000000000005,3,164.8123025894165
4498,4.449999999999999,4,164.8411214351654
4499,3.85,8,164.87271285057068
4500,4.15,6,164.90826559066772
4501,4.15,6,164.94031143188477
4502,3.4,11,164.97704553604126
4503,4.9,1,165.0023353099823
4504,4.15,6,165.0299596786499
4505,4.3,5,165.0616557598114
4506,4.3,5,165.0923719406128
4507,4.15,6,165.12681365013123
4508,4.449999999999999,4,165.15913152694702
4509,4.75,2,165.18844389915466
4510,4.9,1,165.20907592773438
4511,4.449999999999999,4,165.23678922653198
4512,4.3,5,165.26364731788635
4513,3.85,8,165.29949426651
4514,4.449999999999999,4,165.3308334350586
4515,4.3,5,165.35923647880554
4516,4.15,6,165.39154767990112
4517,4.449999999999999,4,165.41992139816284
4518,4.75,2,165.44561743736267
4519,4.449999999999999,4,165.47486925125122
4520,4.6000000000000005,3,165.5028898715973
4521,3.55,10,165.54070901870728
4522,4.3,5,165.57150745391846
4523,4.15,6,165.60143852233887
4524,4.15,6,165.635098695755
4525,3.55,10,165.67454314231873
4526,4.3,5,165.71187472343445
4527,4.9,1,165.74753379821777
4528,-1.75,15,165.79382491111755
4529,4.75,2,165.82061100006104
4530,4.9,1,165.84445333480835
4531,4.6000000000000005,3,165.8669376373291
4532,4.75,2,165.8886685371399
4533,4.9,1,165.91502141952515
4534,4.75,2,165.9472460746765
4535,4.6000000000000005,3,165.97314453125
4536,-1.75,15,166.02155542373657
4537,4.15,6,166.0583357810974
4538,4.15,6,166.09431385993958
4539,4.3,5,166.12647247314453
4540,3.55,10,166.16804337501526
4541,4.3,5,166.1986801624298
4542,4.3,5,166.2256145477295
4543,4.449999999999999,4,166.2543749809265
4544,3.4,11,166.2903184890747
4545,4.449999999999999,4,166.3235297203064
4546,4.15,6,166.48193550109863
4547,4.15,6,166.51431798934937
4548,4.3,5,166.54453301429749
4549,4.15,6,166.5792932510376
4550,3.6999999999999997,9,166.6138834953308
4551,3.25,12,166.65216541290283
4552,-1.75,15,166.69565176963806
4553,4.449999999999999,4,166.72774744033813
4554,4.15,6,166.7680859565735
4555,4.3,5,166.80448651313782
4556,4.6000000000000005,3,166.83197712898254
4557,4.15,6,166.86255621910095
4558,4.75,2,166.88674235343933
4559,4.6000000000000005,3,166.913991689682
4560,4.6000000000000005,3,166.93933606147766
4561,4.449999999999999,4,166.967689037323
4562,4.449999999999999,4,166.99610948562622
4563,4.0,7,167.0270357131958
4564,4.75,2,167.05631065368652
4565,4.3,5,167.08575010299683
4566,4.6000000000000005,3,167.11218690872192
4567,4.6000000000000005,3,167.14624738693237
4568,4.449999999999999,4,167.17879629135132
4569,4.0,7,167.2106397151947
4570,3.6999999999999997,9,167.25472974777222
4571,4.6000000000000005,3,167.28283786773682
4572,4.75,2,167.3112690448761
4573,4.0,7,167.3545274734497
4574,4.449999999999999,4,167.38616752624512
4575,4.15,6,167.41883277893066
4576,4.0,7,167.4572606086731
4577,4.449999999999999,4,167.48663091659546
4578,4.6000000000000005,3,167.51687574386597
4579,3.85,8,167.55650448799133
4580,4.449999999999999,4,167.58539605140686
4581,4.15,6,167.6248881816864
4582,4.15,6,167.66149282455444
4583,4.6000000000000005,3,167.68676900863647
4584,3.1,13,167.72863173484802
4585,4.6000000000000005,3,167.75625777244568
4586,4.3,5,167.7883267402649
4587,4.449999999999999,4,167.81903219223022
4588,4.449999999999999,4,167.8499572277069
4589,4.449999999999999,4,167.8775773048401
4590,4.449999999999999,4,167.90950632095337
4591,3.4,11,167.94925689697266
4592,4.3,5,167.98760962486267
4593,3.4,11,168.1681478023529
4594,4.449999999999999,4,168.1950285434723
4595,4.15,6,168.2279725074768
4596,4.3,5,168.2572455406189
4597,4.75,2,168.2821888923645
4598,4.9,1,168.30694699287415
4599,4.3,5,168.33588552474976
4600,4.9,1,168.3611559867859
4601,3.4,11,168.40605449676514
4602,4.3,5,168.43697834014893
4603,4.75,2,168.4636709690094
4604,4.3,5,168.4940972328186
4605,3.6999999999999997,9,168.53130054473877
4606,4.449999999999999,4,168.5612189769745
4607,4.9,1,168.58557868003845
4608,-1.75,15,168.63193368911743
4609,4.75,2,168.65672206878662
4610,3.25,12,168.6969771385193
4611,4.0,7,168.72879219055176
4612,3.1,13,168.77212619781494
4613,4.449999999999999,4,168.8015251159668
4614,4.75,2,168.82962608337402
4615,4.75,2,168.85402536392212
4616,3.6999999999999997,9,168.89856719970703
4617,4.0,7,168.9275221824646
4618,4.75,2,168.95703625679016
4619,3.25,12,168.99884843826294
4620,4.9,1,169.02339267730713
4621,3.55,10,169.0595259666443
4622,4.6000000000000005,3,169.09111547470093
4623,4.449999999999999,4,169.12741613388062
4624,3.85,8,169.17084550857544
4625,4.15,6,169.2102255821228
4626,4.75,2,169.23723816871643
4627,4.3,5,169.26790595054626
4628,4.75,2,169.29053258895874
4629,4.75,2,169.3133044242859
4630,3.85,8,169.3510754108429
4631,4.0,7,169.38688278198242
4632,4.3,5,169.42432856559753
4633,4.0,7,169.46026396751404
4634,3.6999999999999997,9,169.49747848510742
4635,2.9499999999999997,14,169.54180765151978
4636,4.449999999999999,4,169.56930685043335
4637,4.75,2,169.59271430969238
4638,3.85,8,169.76500344276428
4639,4.75,2,169.79024052619934
4640,3.85,8,169.82121300697327
4641,3.85,8,169.8531858921051
4642,4.6000000000000005,3,169.8830864429474
4643,-1.75,15,169.9236228466034
4644,4.3,5,169.95339846611023
4645,4.449999999999999,4,169.97939658164978
4646,4.15,6,170.01241898536682
4647,4.3,5,170.04213070869446
4648,3.4,11,170.0825698375702
4649,3.25,12,170.1217908859253
4650,3.55,10,170.1580686569214
4651,4.3,5,170.18655014038086
4652,3.6999999999999997,9,170.2213876247406
4653,4.3,5,170.25216460227966
4654,4.3,5,170.28344011306763
4655,4.75,2,170.30872297286987
4656,4.6000000000000005,3,170.33605337142944
4657,3.85,8,170.37349939346313
4658,4.449999999999999,4,170.40338587760925
4659,4.6000000000000005,3,170.4346604347229
4660,4.9,1,170.46050357818604
4661,-3.15,4,170.491131067276
4662,4.9,1,170.51653409004211
4663,2.9499999999999997,14,170.5620822906494
4664,4.15,6,170.59362244606018
4665,3.6999999999999997,9,170.63325881958008
4666,4.6000000000000005,3,170.66498970985413
4667,4.6000000000000005,3,170.69258308410645
4668,-1.75,15,170.73658895492554
4669,4.6000000000000005,3,170.7707633972168
4670,4.6000000000000005,3,170.7985119819641
4671,4.449999999999999,4,170.82810497283936
4672,4.6000000000000005,3,170.85475540161133
4673,-1.75,15,170.90378379821777
4674,-3.55,12,170.95172309875488
4675,4.75,2,170.97452902793884
4676,4.449999999999999,4,171.00610733032227
4677,4.6000000000000005,3,171.0401268005371
4678,4.75,2,171.066974401474
4679,4.6000000000000005,3,171.09193086624146
4680,4.6000000000000005,3,171.11955094337463
4681,4.0,7,171.29727578163147
4682,4.449999999999999,4,171.3261694908142
4683,4.9,1,171.34889030456543
4684,3.55,10,171.38402199745178
4685,4.15,6,171.41595482826233
4686,4.6000000000000005,3,171.44788813591003
4687,4.449999999999999,4,171.47680640220642
4688,4.0,7,171.5154411792755
4689,4.75,2,171.5437135696411
4690,3.25,12,171.5839445590973
4691,4.449999999999999,4,171.61102175712585
4692,4.449999999999999,4,171.64237236976624
4693,4.6000000000000005,3,171.66845965385437
4694,3.55,10,171.70854210853577
4695,-1.75,15,171.7537488937378
4696,4.15,6,171.7858715057373
4697,4.449999999999999,4,171.8096182346344
4698,4.6000000000000005,3,171.83362650871277
4699,4.449999999999999,4,171.86261630058289
4700,3.4,11,171.90235352516174
4701,4.75,2,171.92781734466553
4702,4.3,5,171.95891308784485
4703,4.9,1,171.98524451255798
4704,4.75,2,172.01437258720398
4705,4.15,6,172.0445840358734
4706,4.449999999999999,4,172.07320833206177
4707,4.6000000000000005,3,172.10099267959595
4708,4.75,2,172.12622475624084
4709,4.449999999999999,4,172.15538263320923
4710,-1.75,15,172.2029721736908
4711,4.449999999999999,4,172.2311086654663
4712,4.449999999999999,4,172.25782752037048
4713,4.75,2,172.28478121757507
4714,4.9,1,172.31632566452026
4715,4.449999999999999,4,172.34604740142822
4716,4.75,2,172.3817162513733
4717,3.85,8,172.41328263282776
4718,4.9,1,172.43562388420105
4719,3.85,8,172.47521710395813
4720,4.449999999999999,4,172.50125908851624
4721,4.75,2,172.52488231658936
4722,3.4,11,172.5600528717041
4723,4.3,5,172.5918173789978
4724,3.6999999999999997,9,172.62712693214417
4725,4.6000000000000005,3,172.6541428565979
4726,4.75,2,172.67662024497986
4727,3.4,11,172.72033166885376
4728,4.3,5,172.749516248703
4729,3.25,12,172.9306287765503
4730,4.6000000000000005,3,172.9627230167389
4731,4.3,5,172.9908173084259
4732,4.75,2,173.01492834091187
4733,4.9,1,173.03813648223877
4734,4.75,2,173.0651876926422
4735,4.449999999999999,4,173.09307551383972
4736,4.0,7,173.12493133544922
4737,4.6000000000000005,3,173.1525058746338
4738,4.0,7,173.18769145011902
4739,4.6000000000000005,3,173.21540880203247
4740,4.3,5,173.2459979057312
4741,4.75,2,173.27087664604187
4742,4.449999999999999,4,173.29984712600708
4743,4.449999999999999,4,173.32667088508606
4744,4.6000000000000005,3,173.35460758209229
4745,4.75,2,173.38007640838623
4746,3.4,11,173.42429113388062
4747,4.6000000000000005,3,173.45316004753113
4748,3.4,11,173.49733543395996
4749,3.6999999999999997,9,173.53495335578918
4750,4.15,6,173.57257080078125
4751,4.6000000000000005,3,173.60006618499756
4752,4.75,2,173.62655568122864
4753,3.6999999999999997,9,173.66262030601501
4754,4.3,5,173.69392085075378
4755,4.75,2,173.72360706329346
4756,4.3,5,173.75423622131348
4757,4.449999999999999,4,173.7893669605255
4758,3.25,12,173.83331322669983
4759,4.6000000000000005,3,173.86585545539856
4760,4.449999999999999,4,173.895277261734
4761,4.9,1,173.92281770706177
4762,4.3,5,173.954665184021
4763,4.0,7,173.99116206169128
4764,4.6000000000000005,3,174.01774525642395
4765,4.449999999999999,4,174.04764914512634
4766,3.85,8,174.08092331886292
4767,4.3,5,174.1082305908203
4768,4.3,5,174.1397783756256
4769,3.4,11,174.180184841156
4770,4.75,2,174.2054250240326
4771,3.6999999999999997,9,174.2502052783966
4772,4.0,7,174.291766166687
4773,4.6000000000000005,3,174.32052278518677
4774,3.6999999999999997,9,174.36010694503784
4775,4.75,2,174.38660836219788
4776,4.6000000000000005,3,174.41210412979126
4777,3.1,13,174.46221899986267
4778,4.15,6,174.49670267105103
4779,4.0,7,174.6901261806488
4780,4.0,7,174.72388696670532
4781,4.3,5,174.75563979148865
4782,-1.75,15,174.80688571929932
4783,4.449999999999999,4,174.84023022651672
4784,4.3,5,174.8696949481964
4785,3.1,13,174.91691136360168
4786,4.6000000000000005,3,174.94575428962708
4787,3.25,12,174.98726868629456
4788,4.0,7,175.02726316452026
4789,4.75,2,175.06077671051025
4790,4.6000000000000005,3,175.09054684638977
4791,3.6999999999999997,9,175.13032269477844
4792,4.0,7,175.16306567192078
4793,3.55,10,175.19919610023499
4794,3.85,8,175.23499059677124
4795,4.75,2,175.2595682144165
4796,3.4,11,175.30054593086243
4797,3.6999999999999997,9,175.33631706237793
4798,4.449999999999999,4,175.36381006240845
4799,-1.75,15,175.40997171401978
4800,4.15,6,175.44244956970215
4801,3.85,8,175.48211550712585
4802,4.0,7,175.51379704475403
4803,4.3,5,175.5451579093933
4804,4.449999999999999,4,175.5747947692871
4805,4.6000000000000005,3,175.60190439224243
4806,4.9,1,175.630117893219
4807,3.85,8,175.6633379459381
4808,4.0,7,175.69232773780823
4809,3.85,8,175.72639966011047
4810,4.75,2,175.75738525390625
4811,4.9,1,175.78057956695557
4812,4.6000000000000005,3,175.80443334579468
4813,4.449999999999999,4,175.83007168769836
4814,-3.45,10,175.86909914016724
4815,-1.75,15,175.9080069065094
4816,3.6999999999999997,9,175.94392776489258
4817,4.15,6,176.11561560630798
4818,4.3,5,176.1468141078949
4819,4.6000000000000005,3,176.17298221588135
4820,4.75,2,176.2023148536682
4821,4.449999999999999,4,176.2364046573639
4822,3.6999999999999997,9,176.27859330177307
4823,4.3,5,176.3092246055603
4824,4.9,1,176.3312964439392
4825,3.85,8,176.36544728279114
4826,3.55,10,176.40509605407715
4827,-1.75,15,176.4532289505005
4828,4.15,6,176.48409366607666
4829,4.449999999999999,4,176.51192450523376
4830,4.449999999999999,4,176.54365229606628
4831,4.0,7,176.58447456359863
4832,-3.15,4,176.6119601726532
4833,3.25,12,176.65685510635376
4834,4.75,2,176.6874692440033
4835,4.6000000000000005,3,176.71760368347168
4836,3.85,8,176.75682306289673
4837,4.3,5,176.78867888450623
4838,3.4,11,176.83581161499023
4839,3.6999999999999997,9,176.877347946167
4840,3.55,10,176.9169957637787
4841,4.75,2,176.94018745422363
4842,4.3,5,176.97461676597595
4843,4.75,2,177.0046935081482
4844,4.75,2,177.0337598323822
4845,3.85,8,177.069237947464
4846,4.75,2,177.09942603111267
4847,4.75,2,177.12595081329346
4848,3.1,13,177.16968870162964
4849,3.55,10,177.20555996894836
4850,4.75,2,177.2315514087677
4851,3.85,8,177.27240443229675
4852,4.0,7,177.31201243400574
4853,4.3,5,177.34105396270752
4854,4.15,6,177.37279868125916
4855,3.6999999999999997,9,177.41816091537476
4856,4.9,1,177.4441475868225
4857,4.75,2,177.473464012146
4858,4.449999999999999,4,177.5076186656952
4859,4.75,2,177.53541040420532
4860,4.9,1,177.56406688690186
4861,-1.75,15,177.8111891746521
4862,4.6000000000000005,3,177.84240078926086
4863,3.4,11,177.8925883769989
4864,4.0,7,177.92697310447693
4865,4.449999999999999,4,177.95860147476196
4866,3.85,8,177.9963834285736
4867,4.6000000000000005,3,178.0240511894226
4868,4.0,7,178.065655708313
4869,3.6999999999999997,9,178.10708236694336
4870,4.449999999999999,4,178.1410346031189
4871,4.0,7,178.18183612823486
4872,4.3,5,178.21749806404114
4873,4.0,7,178.25230288505554
4874,-1.75,15,178.30492973327637
4875,4.3,5,178.33842706680298
4876,4.3,5,178.3841655254364
4877,3.4,11,178.43011212348938
4878,3.55,10,178.46932435035706
4879,4.15,6,178.50801539421082
4880,-1.75,15,178.56016993522644
4881,4.449999999999999,4,178.59814834594727
4882,4.449999999999999,4,178.63481640815735
4883,4.3,5,178.66971707344055
4884,-1.75,15,178.71936964988708
4885,3.85,8,178.7506971359253
4886,4.6000000000000005,3,178.7758800983429
4887,3.55,10,178.81573390960693
4888,4.6000000000000005,3,178.84323811531067
4889,4.449999999999999,4,178.8796944618225
4890,4.15,6,178.90958166122437
4891,4.6000000000000005,3,178.93743348121643
4892,4.6000000000000005,3,178.96704864501953
4893,4.3,5,178.9975461959839
4894,3.6999999999999997,9,179.0324740409851
4895,4.3,5,179.06436157226562
4896,-1.75,15,179.10429787635803
4897,3.55,10,179.27748823165894
4898,-1.75,15,179.32722425460815
4899,4.6000000000000005,3,179.35712051391602
4900,4.6000000000000005,3,179.3832197189331
4901,4.6000000000000005,3,179.40871286392212
4902,4.449999999999999,4,179.4422812461853
4903,4.0,7,179.48049330711365
4904,4.15,6,179.51151061058044
4905,4.3,5,179.53937935829163
4906,4.449999999999999,4,179.56974935531616
4907,4.449999999999999,4,179.59527564048767
4908,4.15,6,179.62693428993225
4909,-1.75,15,179.68015480041504
4910,3.85,8,179.71776819229126
4911,3.6999999999999997,9,179.75932455062866
4912,4.0,7,179.79244256019592
4913,3.55,10,179.8340151309967
4914,4.449999999999999,4,179.86876940727234
4915,4.6000000000000005,3,179.8962230682373
4916,4.75,2,179.92339372634888
4917,4.0,7,179.9545192718506
4918,4.449999999999999,4,179.98448038101196
4919,3.6999999999999997,9,180.02061986923218
4920,4.9,1,180.0412974357605
4921,4.75,2,180.0684835910797
4922,3.6999999999999997,9,180.10534811019897
4923,3.6999999999999997,9,180.1517059803009
4924,4.449999999999999,4,180.18196201324463
4925,3.85,8,180.2208707332611
4926,3.1,13,180.26958584785461
4927,4.75,2,180.29443550109863
4928,4.0,7,180.32675004005432
4929,4.449999999999999,4,180.35799503326416
4930,4.15,6,180.3906168937683
4931,4.75,2,180.4125030040741
4932,4.3,5,180.4433777332306
4933,3.55,10,180.4876368045807
4934,3.55,10,180.52955079078674
4935,4.3,5,180.56241512298584
4936,4.75,2,180.5866768360138
4937,4.15,6,180.61840510368347
4938,3.6999999999999997,9,180.6559817790985
4939,3.55,10,180.84689235687256
4940,4.6000000000000005,3,180.87444472312927
4941,4.3,5,180.90989446640015
4942,4.3,5,180.94904255867004
4943,4.6000000000000005,3,180.97675776481628
4944,4.449999999999999,4,181.00911808013916
4945,4.75,2,181.04390358924866
4946,4.75,2,181.06927871704102
4947,4.6000000000000005,3,181.09994912147522
4948,3.6999999999999997,9,181.14558911323547
4949,4.449999999999999,4,181.17833638191223
4950,2.9499999999999997,14,181.22682738304138
4951,4.449999999999999,4,181.25873684883118
4952,-1.75,15,181.31160020828247
4953,4.75,2,181.34421062469482
4954,4.9,1,181.37402081489563
4955,3.85,8,181.41203784942627
4956,4.449999999999999,4,181.44265174865723
4957,4.6000000000000005,3,181.47149991989136
4958,4.0,7,181.51020121574402
4959,4.6000000000000005,3,181.53673458099365
4960,4.449999999999999,4,181.572612285614
4961,4.75,2,181.59748482704163
4962,4.6000000000000005,3,181.6262137889862
4963,3.6999999999999997,9,181.66658926010132
4964,4.449999999999999,4,181.69737076759338
4965,4.3,5,181.730397939682
4966,4.0,7,181.76581692695618
4967,4.3,5,181.79443407058716
4968,4.449999999999999,4,181.8239266872406
4969,4.75,2,181.85029530525208
4970,4.75,2,181.876482963562
4971,-1.75,15,181.9227316379547
4972,4.0,7,181.9547736644745
4973,3.6999999999999997,9,181.99339270591736
4974,3.55,10,182.03146958351135
4975,4.75,2,182.0556082725525
4976,4.0,7,182.08670234680176
4977,4.449999999999999,4,182.11377239227295
4978,4.0,7,182.14553236961365
4979,4.9,1,182.17074131965637
4980,-1.75,15,182.21782207489014
4981,4.6000000000000005,3,182.2429280281067
4982,4.449999999999999,4,182.26903700828552
4983,4.15,6,182.30142164230347
4984,4.6000000000000005,3,182.3320243358612
4985,4.3,5,182.3607988357544
4986,4.0,7,182.5387556552887
4987,4.15,6,182.57101368904114
4988,4.15,6,182.60004115104675
4989,4.6000000000000005,3,182.62579131126404
4990,3.85,8,182.65786242485046
4991,4.6000000000000005,3,182.68286299705505
4992,4.6000000000000005,3,182.71094632148743
4993,4.449999999999999,4,182.7403266429901
4994,3.85,8,182.77353882789612
4995,4.3,5,182.80337524414062
4996,4.3,5,182.83270955085754
4997,4.449999999999999,4,182.86705350875854
4998,3.85,8,182.90827655792236
4999,4.75,2,182.93756866455078
5000,4.0,7,182.96926498413086
5001,4.0,7,183.00366067886353
5002,4.9,1,183.03244423866272
5003,3.6999999999999997,9,183.0687758922577
5004,4.0,7,183.09975361824036
5005,3.4,11,183.14808297157288
5006,4.6000000000000005,3,183.1735761165619
5007,4.6000000000000005,3,183.20309114456177
5008,4.15,6,183.23625826835632
5009,4.75,2,183.2694709300995
5010,3.55,10,183.3186399936676
5011,4.75,2,183.3492784500122
5012,4.15,6,183.38145351409912
5013,4.15,6,183.41621017456055
5014,4.449999999999999,4,183.44174528121948
5015,4.449999999999999,4,183.4750452041626
5016,4.0,7,183.50740718841553
5017,4.6000000000000005,3,183.5347442626953
5018,4.449999999999999,4,183.56443095207214
5019,4.6000000000000005,3,183.58994460105896
5020,3.85,8,183.625230550766
5021,4.449999999999999,4,183.65473222732544
5022,4.449999999999999,4,183.68765997886658
5023,4.75,2,183.71495962142944
5024,3.4,11,183.75297451019287
5025,4.3,5,183.78186893463135
5026,-1.75,15,183.8236789703369
5027,4.0,7,183.85478019714355
5028,-1.75,15,183.8999571800232
5029,4.75,2,183.92267727851868
5030,4.75,2,183.94551634788513
5031,4.75,2,183.9680995941162
5032,4.449999999999999,4,183.99732303619385
5033,4.15,6,184.18626427650452
5034,4.6000000000000005,3,184.219393491745
5035,3.1,13,184.26290035247803
5036,4.15,6,184.29430103302002
5037,4.3,5,184.3334822654724
5038,4.449999999999999,4,184.36599016189575
5039,4.6000000000000005,3,184.3991904258728
5040,4.0,7,184.43496966362
5041,4.9,1,184.46650981903076
5042,4.15,6,184.50952100753784
5043,4.6000000000000005,3,184.542298078537
5044,3.6999999999999997,9,184.58350563049316
5045,3.6999999999999997,9,184.63272333145142
5046,3.85,8,184.66928434371948
5047,-1.75,15,184.71945595741272
5048,4.6000000000000005,3,184.74927806854248
5049,3.55,10,184.7865388393402
5050,3.85,8,184.8248152732849
5051,4.0,7,184.8572723865509
5052,4.75,2,184.88136792182922
5053,3.85,8,184.91279101371765
5054,4.6000000000000005,3,184.93650794029236
5055,4.6000000000000005,3,184.96267199516296
5056,4.3,5,184.99353694915771
5057,4.3,5,185.02575945854187
5058,4.3,5,185.05586862564087
5059,4.75,2,185.08145689964294
5060,4.3,5,185.10919713974
5061,3.6999999999999997,9,185.14660954475403
5062,4.3,5,185.17589831352234
5063,4.3,5,185.20785355567932
5064,4.449999999999999,4,185.23689031600952
5065,4.15,6,185.26468110084534
5066,4.6000000000000005,3,185.2908124923706
5067,4.449999999999999,4,185.32236433029175
5068,4.75,2,185.35238766670227
5069,4.75,2,185.38356471061707
5070,4.6000000000000005,3,185.41190671920776
5071,-1.75,15,185.45784497261047
5072,3.4,11,185.4935212135315
5073,-1.75,15,185.5380973815918
5074,4.0,7,185.5706765651703
5075,4.75,2,185.75215458869934
5076,3.85,8,185.78836584091187
5077,4.6000000000000005,3,185.81906366348267
5078,4.0,7,185.84969639778137
5079,4.6000000000000005,3,185.87725114822388
5080,4.75,2,185.90082955360413
5081,3.6999999999999997,9,185.93603253364563
5082,3.4,11,185.97467494010925
5083,4.449999999999999,4,186.0015208721161
5084,-3.0,1,186.0260889530182
5085,4.6000000000000005,3,186.05446672439575
5086,4.0,7,186.08694577217102
5087,4.449999999999999,4,186.11602449417114
5088,3.25,12,186.15736079216003
5089,4.15,6,186.19487047195435
5090,4.15,6,186.2278082370758
5091,-1.75,15,186.277574300766
5092,4.449999999999999,4,186.30568718910217
5093,4.3,5,186.33563590049744
5094,4.9,1,186.36116671562195
5095,4.449999999999999,4,186.38953518867493
5096,-1.75,15,186.43798542022705
5097,4.3,5,186.46748042106628
5098,4.449999999999999,4,186.497328042984
5099,4.449999999999999,4,186.52984809875488
5100,4.75,2,186.5597653388977
5101,3.85,8,186.59781765937805
5102,4.449999999999999,4,186.6239092350006
5103,4.75,2,186.64908862113953
5104,3.6999999999999997,9,186.68830013275146
5105,4.3,5,186.71893191337585
5106,4.449999999999999,4,186.74644994735718
5107,-1.75,15,186.7899785041809
5108,4.3,5,186.81730365753174
5109,3.55,10,186.8544042110443
5110,4.3,5,186.88499474525452
5111,3.4,11,186.92398500442505
5112,4.6000000000000005,3,186.9487488269806
5113,4.75,2,186.97425365447998
5114,3.6999999999999997,9,187.00687956809998
5115,4.3,5,187.03906726837158
5116,4.6000000000000005,3,187.0673098564148
5117,4.6000000000000005,3,187.09871768951416
5118,4.449999999999999,4,187.1316704750061
5119,4.15,6,187.30307865142822
5120,4.75,2,187.32608342170715
5121,3.6999999999999997,9,187.36316084861755
5122,4.6000000000000005,3,187.388418674469
5123,3.6999999999999997,9,187.42423152923584
5124,4.15,6,187.45500707626343
5125,4.15,6,187.48723340034485
5126,3.55,10,187.52683782577515
5127,4.0,7,187.5632598400116
5128,3.4,11,187.60740518569946
5129,4.3,5,187.64811754226685
5130,3.25,12,187.69614958763123
5131,-1.75,15,187.7494993209839
5132,3.85,8,187.7904725074768
5133,4.3,5,187.8344693183899
5134,4.15,6,187.87041926383972
5135,4.9,1,187.90086317062378
5136,4.75,2,187.9260699748993
5137,4.449999999999999,4,187.9694151878357
5138,3.4,11,188.01584029197693
5139,4.449999999999999,4,188.05011010169983
5140,4.3,5,188.08283233642578
5141,4.15,6,188.12156295776367
5142,3.85,8,188.15818166732788
5143,4.75,2,188.18289709091187
5144,4.75,2,188.21323776245117
5145,4.3,5,188.2411720752716
5146,4.0,7,188.27539324760437
5147,4.449999999999999,4,188.30510783195496
5148,3.85,8,188.3415822982788
5149,4.3,5,188.37412071228027
5150,4.449999999999999,4,188.40309691429138
5151,3.85,8,188.4443166255951
5152,4.0,7,188.48060631752014
5153,4.6000000000000005,3,188.5100085735321
5154,4.6000000000000005,3,188.53924369812012
5155,4.6000000000000005,3,188.56785440444946
5156,4.6000000000000005,3,188.5973606109619
5157,4.6000000000000005,3,188.62259674072266
5158,4.3,5,188.652419090271
5159,4.3,5,188.67889404296875
5160,3.85,8,188.71253514289856
5161,4.6000000000000005,3,188.74371600151062
5162,4.3,5,188.7758390903473
5163,-3.0,1,188.800678730011
5164,4.449999999999999,4,188.82655119895935
5165,3.85,8,189.00242614746094
5166,3.85,8,189.03632950782776
5167,4.3,5,189.06952667236328
5168,4.449999999999999,4,189.09558653831482
5169,4.449999999999999,4,189.12009620666504
5170,4.0,7,189.1512942314148
5171,4.449999999999999,4,189.1843297481537
5172,4.6000000000000005,3,189.2155466079712
5173,3.25,12,189.25809144973755
5174,-3.3,7,189.2922761440277
5175,4.75,2,189.32335329055786
5176,4.449999999999999,4,189.3541796207428
5177,3.6999999999999997,9,189.392573595047
5178,4.0,7,189.4263834953308
5179,3.55,10,189.46851539611816
5180,3.4,11,189.5118432044983
5181,4.6000000000000005,3,189.54506611824036
5182,4.9,1,189.5707504749298
5183,4.9,1,189.60092782974243
5184,4.449999999999999,4,189.62761306762695
5185,4.75,2,189.65644145011902
5186,4.6000000000000005,3,189.6845738887787
5187,4.15,6,189.7143096923828
5188,4.75,2,189.74044013023376
5189,-1.75,15,189.78411984443665
5190,4.15,6,189.813006401062
5191,4.6000000000000005,3,189.8402190208435
5192,4.3,5,189.87362265586853
5193,4.449999999999999,4,189.90156960487366
5194,3.55,10,189.93559288978577
5195,3.6999999999999997,9,189.9732801914215
5196,4.9,1,189.99855637550354
5197,4.449999999999999,4,190.02287483215332
5198,3.1,13,190.06950545310974
5199,4.0,7,190.10125088691711
5200,3.85,8,190.14213061332703
5201,4.0,7,190.17655539512634
5202,4.449999999999999,4,190.20262670516968
5203,4.75,2,190.2299919128418
5204,3.25,12,190.26803708076477
5205,4.449999999999999,4,190.29940128326416
5206,4.0,7,190.33775162696838
5207,4.15,6,190.36803913116455
5208,4.3,5,190.54726457595825
5209,4.0,7,190.5778307914734
5210,4.449999999999999,4,190.6066014766693
5211,4.15,6,190.64120316505432
5212,4.3,5,190.67455506324768
5213,3.25,12,190.7190248966217
5214,4.449999999999999,4,190.7451753616333
5215,-1.75,15,190.79003477096558
5216,4.3,5,190.82135486602783
5217,3.6999999999999997,9,190.8574423789978
5218,4.15,6,190.89409708976746
5219,4.15,6,190.92406344413757
5220,4.9,1,190.95514273643494
5221,3.6999999999999997,9,190.99372601509094
5222,-1.75,15,191.04577445983887
5223,4.449999999999999,4,191.07673239707947
5224,4.15,6,191.11121606826782
5225,3.55,10,191.15352582931519
5226,3.6999999999999997,9,191.19311785697937
5227,3.85,8,191.2376627922058
5228,3.55,10,191.2762324810028
5229,3.55,10,191.31603169441223
5230,4.6000000000000005,3,191.34676718711853
5231,4.449999999999999,4,191.37432432174683
5232,4.75,2,191.3992829322815
5233,4.9,1,191.42149424552917
5234,4.6000000000000005,3,191.44929575920105
5235,4.449999999999999,4,191.476557970047
5236,3.25,12,191.51837396621704
5237,4.6000000000000005,3,191.54704236984253
5238,4.449999999999999,4,191.57709217071533
5239,4.449999999999999,4,191.60666966438293
5240,4.75,2,191.63294458389282
5241,3.4,11,191.67079830169678
5242,4.449999999999999,4,191.6984305381775
5243,4.0,7,191.73105931282043
5244,4.15,6,191.76285696029663
5245,4.75,2,191.78600883483887
5246,3.6999999999999997,9,191.82350182533264
5247,-1.75,15,192.02139687538147
5248,4.6000000000000005,3,192.05079054832458
5249,3.85,8,192.08711314201355
5250,4.0,7,192.1229100227356
5251,4.6000000000000005,3,192.1497983932495
5252,4.6000000000000005,3,192.17472290992737
5253,4.0,7,192.20743656158447
5254,3.85,8,192.24350833892822
5255,4.9,1,192.2664794921875
5256,4.75,2,192.29495906829834
5257,4.15,6,192.3256368637085
5258,4.0,7,192.36125993728638
5259,4.3,5,192.38936805725098
5260,4.449999999999999,4,192.42208862304688
5261,4.6000000000000005,3,192.4576325416565
5262,4.15,6,192.49534344673157
5263,4.6000000000000005,3,192.52677392959595
5264,4.75,2,192.55307412147522
5265,4.3,5,192.58510947227478
5266,3.25,12,192.62438249588013
5267,4.15,6,192.6616723537445
5268,3.4,11,192.70725750923157
5269,4.449999999999999,4,192.74407815933228
5270,4.15,6,192.78669095039368
5271,3.4,11,192.832781791687
5272,4.6000000000000005,3,192.85810375213623
5273,4.75,2,192.88588786125183
5274,4.9,1,192.91095066070557
5275,4.75,2,192.94327545166016
5276,4.3,5,192.9790289402008
5277,4.6000000000000005,3,193.01128387451172
5278,4.6000000000000005,3,193.03612399101257
5279,3.4,11,193.08027529716492
5280,4.6000000000000005,3,193.10599279403687
5281,4.449999999999999,4,193.1371738910675
5282,4.3,5,193.16769647598267
5283,4.75,2,193.19266724586487
5284,4.9,1,193.2227602005005
5285,4.75,2,193.25240969657898
5286,-1.75,15,193.29246258735657
5287,4.449999999999999,4,193.319233417511
5288,4.75,2,193.34286403656006
5289,3.6999999999999997,9,193.3775234222412
5290,4.449999999999999,4,193.40611052513123
5291,-1.75,15,193.4616093635559
5292,3.55,10,193.50586199760437
5293,4.75,2,193.532621383667
5294,4.6000000000000005,3,193.55884051322937
5295,4.0,7,193.58956956863403
5296,4.3,5,193.77094292640686
5297,3.85,8,193.8185591697693
5298,4.3,5,193.85022902488708
5299,4.6000000000000005,3,193.87379670143127
5300,4.15,6,193.90335702896118
5301,4.75,2,193.925705909729
5302,4.75,2,193.9537341594696
5303,4.15,6,193.98562717437744
5304,4.75,2,194.0081889629364
5305,4.3,5,194.0375211238861
5306,4.15,6,194.07338881492615
5307,4.6000000000000005,3,194.1061098575592
5308,4.0,7,194.14180517196655
5309,4.3,5,194.17007875442505
5310,4.3,5,194.2023253440857
5311,4.6000000000000005,3,194.2315595149994
5312,3.85,8,194.26757884025574
5313,4.3,5,194.30097675323486
5314,4.3,5,194.33300018310547
5315,4.15,6,194.37227511405945
5316,-1.75,15,194.43023371696472
5317,4.3,5,194.46278548240662
5318,3.25,12,194.51060318946838
5319,4.75,2,194.53717017173767
5320,4.6000000000000005,3,194.56377482414246
5321,-1.75,15,194.61070609092712
5322,4.3,5,194.6386477947235
5323,4.3,5,194.66530466079712
5324,4.6000000000000005,3,194.68837356567383
5325,4.15,6,194.7191300392151
5326,3.25,12,194.75680088996887
5327,4.3,5,194.7879650592804
5328,4.3,5,194.8177297115326
5329,4.3,5,194.84883069992065
5330,4.3,5,194.8807406425476
5331,4.6000000000000005,3,194.90676093101501
5332,3.55,10,194.94369649887085
5333,4.15,6,194.97433948516846
5334,4.6000000000000005,3,195.00084376335144
5335,3.6999999999999997,9,195.03451585769653
5336,-1.75,15,195.08216667175293
5337,3.55,10,195.12075304985046
5338,3.55,10,195.3084065914154
5339,-1.75,15,195.3548812866211
5340,-1.75,15,195.39742350578308
5341,4.3,5,195.4309630393982
5342,4.75,2,195.45444631576538
5343,4.75,2,195.48137545585632
5344,4.449999999999999,4,195.51211738586426
5345,-1.75,15,195.55601286888123
5346,4.6000000000000005,3,195.58574533462524
5347,4.15,6,195.61771821975708
5348,3.55,10,195.65272545814514
5349,4.15,6,195.68871569633484
5350,3.85,8,195.72449278831482
5351,4.75,2,195.75116896629333
5352,4.449999999999999,4,195.785973072052
5353,4.449999999999999,4,195.81726670265198
5354,3.85,8,195.85217237472534
5355,4.15,6,195.8840308189392
5356,4.0,7,195.91858005523682
5357,4.75,2,195.94293689727783
5358,3.55,10,195.98287296295166
5359,4.6000000000000005,3,196.014235496521
5360,3.4,11,196.06033301353455
5361,4.449999999999999,4,196.09000396728516
5362,3.6999999999999997,9,196.12485647201538
5363,3.85,8,196.15990781784058
5364,4.6000000000000005,3,196.1875011920929
5365,-1.75,15,196.23105597496033
5366,4.9,1,196.25375628471375
5367,3.25,12,196.2900788784027
5368,4.15,6,196.32263612747192
5369,3.55,10,196.35783195495605
5370,4.449999999999999,4,196.38830375671387
5371,3.55,10,196.4250614643097
5372,4.3,5,196.46143746376038
5373,3.55,10,196.50334978103638
5374,4.6000000000000005,3,196.67690086364746
5375,4.449999999999999,4,196.70887279510498
5376,3.85,8,196.75123929977417
5377,4.75,2,196.77849531173706
5378,3.55,10,196.82154750823975
5379,4.0,7,196.8570692539215
5380,4.6000000000000005,3,196.88722610473633
5381,4.449999999999999,4,196.91769814491272
5382,3.6999999999999997,9,196.9523310661316
5383,4.6000000000000005,3,196.9787838459015
5384,-1.75,15,197.0277075767517
5385,3.85,8,197.06506490707397
5386,4.15,6,197.10340523719788
5387,3.85,8,197.14764380455017
5388,3.85,8,197.18098735809326
5389,3.55,10,197.2208342552185
5390,4.6000000000000005,3,197.25109243392944
5391,4.3,5,197.28346824645996
5392,4.9,1,197.30791974067688
5393,4.9,1,197.3360583782196
5394,4.449999999999999,4,197.36793756484985
5395,3.6999999999999997,9,197.4056408405304
5396,4.75,2,197.43464612960815
5397,4.15,6,197.4681305885315
5398,4.449999999999999,4,197.50311636924744
5399,4.6000000000000005,3,197.53369665145874
5400,4.3,5,197.56823420524597
5401,4.15,6,197.60374879837036
5402,4.75,2,197.63373851776123
5403,4.0,7,197.67652320861816
5404,4.449999999999999,4,197.70623660087585
5405,3.55,10,197.74763369560242
5406,4.3,5,197.78165745735168
5407,4.75,2,197.8109312057495
5408,3.25,12,197.8627917766571
5409,4.449999999999999,4,197.88814163208008
5410,4.6000000000000005,3,197.91358947753906
5411,4.449999999999999,4,197.94379425048828
5412,3.85,8,197.9825737476349
5413,3.6999999999999997,9,198.02176213264465
5414,4.15,6,198.05600476264954
5415,4.15,6,198.08860278129578
5416,3.4,11,198.12928295135498
5417,4.449999999999999,4,198.15529918670654
5418,4.449999999999999,4,198.18413257598877
5419,4.6000000000000005,3,198.34708070755005
5420,4.0,7,198.3783836364746
5421,4.75,2,198.40312552452087
5422,4.6000000000000005,3,198.42771577835083
5423,4.15,6,198.45838379859924
5424,4.0,7,198.4971730709076
5425,3.4,11,198.53528332710266
5426,4.75,2,198.56240820884705
5427,4.449999999999999,4,198.59925484657288
5428,4.6000000000000005,3,198.6266074180603
5429,3.4,11,198.6670937538147
5430,4.0,7,198.70337319374084
5431,4.9,1,198.72575187683105
5432,4.3,5,198.7603211402893
5433,3.6999999999999997,9,198.80174207687378
5434,3.6999999999999997,9,198.83770060539246
5435,4.75,2,198.86700677871704
5436,4.3,5,198.8955135345459
5437,4.15,6,198.92528820037842
5438,3.6999999999999997,9,198.96065521240234
5439,4.6000000000000005,3,198.98665952682495
5440,4.9,1,199.01300191879272
5441,4.9,1,199.03548431396484
5442,4.6000000000000005,3,199.06612014770508
5443,4.6000000000000005,3,199.09303784370422
5444,4.75,2,199.12074160575867
5445,4.75,2,199.15159630775452
5446,3.55,10,199.1981909275055
5447,4.15,6,199.23048186302185
5448,4.75,2,199.25501084327698
5449,4.15,6,199.28672432899475
5450,4.449999999999999,4,199.31605744361877
5451,4.15,6,199.35010051727295
5452,4.449999999999999,4,199.378568649292
5453,-1.75,15,199.42107796669006
5454,4.9,1,199.44344425201416
5455,-1.75,15,199.48811841011047
5456,4.6000000000000005,3,199.515389919281
5457,4.9,1,199.5363643169403
5458,4.75,2,199.56723999977112
5459,4.3,5,199.59656476974487
5460,4.3,5,199.62622237205505
5461,3.85,8,199.65998029708862
5462,4.15,6,199.69049310684204
5463,4.75,2,199.71568179130554
5464,4.3,5,199.74768948554993
5465,4.0,7,199.78408026695251
5466,4.75,2,199.80961418151855
5467,4.3,5,199.8398187160492
5468,4.15,6,199.88130140304565
5469,3.85,8,200.06650018692017
5470,4.449999999999999,4,200.0910623073578
5471,3.85,8,200.13190698623657
5472,4.75,2,200.1564440727234
5473,4.3,5,200.18642830848694
5474,-3.0,1,200.20972895622253
5475,-1.75,15,200.2573685646057
5476,4.75,2,200.2862148284912
5477,4.6000000000000005,3,200.31392431259155
5478,3.85,8,200.34940671920776
5479,3.85,8,200.38425064086914
5480,4.3,5,200.41500282287598
5481,4.6000000000000005,3,200.44163370132446
5482,4.75,2,200.46906042099
5483,4.449999999999999,4,200.5000183582306
5484,4.15,6,200.539128780365
5485,4.6000000000000005,3,200.56991696357727
5486,4.3,5,200.60119199752808
5487,3.4,11,200.64861488342285
5488,4.75,2,200.68199276924133
5489,4.6000000000000005,3,200.70970964431763
5490,3.6999999999999997,9,200.74654531478882
5491,4.75,2,200.7701060771942
5492,4.15,6,200.7994885444641
5493,4.0,7,200.82846665382385
5494,4.75,2,200.8519585132599
5495,4.6000000000000005,3,200.87827730178833
5496,4.6000000000000005,3,200.9008994102478
5497,3.25,12,200.94417905807495
5498,4.75,2,200.97084188461304
5499,4.75,2,200.99967980384827
5500,3.85,8,201.03418111801147
5501,4.3,5,201.06625747680664
5502,4.0,7,201.1011974811554
5503,-1.75,15,201.16294360160828
5504,4.449999999999999,4,201.1945698261261
5505,4.3,5,201.22969555854797
5506,4.6000000000000005,3,201.25651288032532
5507,4.0,7,201.29769229888916
5508,4.449999999999999,4,201.32345533370972
5509,4.6000000000000005,3,201.35395121574402
5510,4.9,1,201.38107442855835
5511,4.75,2,201.40609097480774
5512,4.9,1,201.4338355064392
5513,4.15,6,201.4685525894165
5514,4.449999999999999,4,201.49600553512573
5515,-3.3,7,201.52883100509644
5516,3.25,12,201.56818532943726
5517,3.6999999999999997,9,201.6059799194336
5518,4.449999999999999,4,201.77422189712524
5519,4.3,5,201.80734395980835
5520,4.9,1,201.83326601982117
5521,3.85,8,201.87161684036255
5522,3.85,8,201.91130256652832
5523,4.75,2,201.93470311164856
5524,3.85,8,201.97225403785706
5525,-1.75,15,202.01927876472473
5526,4.3,5,202.05383372306824
5527,4.15,6,202.0887312889099
5528,4.9,1,202.1160638332367
5529,4.0,7,202.15788912773132
5530,4.75,2,202.18732166290283
5531,4.6000000000000005,3,202.21959233283997
5532,4.75,2,202.24721360206604
5533,4.3,5,202.27810049057007
5534,4.6000000000000005,3,202.30428409576416
5535,4.6000000000000005,3,202.33155965805054
5536,4.9,1,202.35519576072693
5537,3.55,10,202.401522397995
5538,2.9499999999999997,14,202.45099401474
5539,3.25,12,202.48779726028442
5540,4.6000000000000005,3,202.51755142211914
5541,4.75,2,202.5433852672577
5542,4.9,1,202.5651340484619
5543,4.3,5,202.59164905548096
5544,4.3,5,202.6221318244934
5545,3.6999999999999997,9,202.65617728233337
5546,4.0,7,202.68986058235168
5547,-1.75,15,202.73884224891663
5548,4.9,1,202.76189422607422
5549,3.85,8,202.80241417884827
5550,3.55,10,202.83812379837036
5551,3.85,8,202.86813712120056
5552,4.0,7,202.90352129936218
5553,4.6000000000000005,3,202.928081035614
5554,3.85,8,202.96117877960205
5555,4.6000000000000005,3,202.98496532440186
5556,4.0,7,203.01929688453674
5557,3.6999999999999997,9,203.0513951778412
5558,4.449999999999999,4,203.08083057403564
5559,4.3,5,203.10895013809204
5560,4.6000000000000005,3,203.13677167892456
5561,-1.75,15,203.3307912349701
5562,4.15,6,203.36424469947815
5563,3.85,8,203.39883399009705
5564,4.0,7,203.43265533447266
5565,4.6000000000000005,3,203.46117210388184
5566,4.449999999999999,4,203.49911737442017
5567,3.85,8,203.54047465324402
5568,3.55,10,203.58137369155884
5569,2.9499999999999997,14,203.6229100227356
5570,4.3,5,203.65330600738525
5571,-1.75,15,203.70328402519226
5572,3.6999999999999997,9,203.74386262893677
5573,3.6999999999999997,9,203.78007698059082
5574,4.15,6,203.8105628490448
5575,4.0,7,203.84009265899658
5576,4.6000000000000005,3,203.86621117591858
5577,4.449999999999999,4,203.89357614517212
5578,4.3,5,203.92841410636902
5579,4.15,6,203.95958805084229
5580,4.15,6,203.98632502555847
5581,4.3,5,204.01657247543335
5582,4.449999999999999,4,204.04549384117126
5583,-1.75,15,204.09052896499634
5584,4.6000000000000005,3,204.1168818473816
5585,4.3,5,204.149169921875
5586,4.0,7,204.18464303016663
5587,4.0,7,204.2163531780243
5588,3.55,10,204.2503674030304
5589,4.3,5,204.28263807296753
5590,4.449999999999999,4,204.3172812461853
5591,4.6000000000000005,3,204.34550523757935
5592,4.6000000000000005,3,204.37864804267883
5593,4.3,5,204.41182446479797
5594,4.6000000000000005,3,204.44337248802185
5595,3.6999999999999997,9,204.483984708786
5596,4.449999999999999,4,204.51160860061646
5597,4.75,2,204.538733959198
5598,3.55,10,204.58144116401672
5599,4.6000000000000005,3,204.60988974571228
5600,4.6000000000000005,3,204.63446354866028
5601,4.15,6,204.81332302093506
5602,4.6000000000000005,3,204.84190964698792
5603,4.15,6,204.87470388412476
5604,4.15,6,204.90265083312988
5605,3.85,8,204.93851709365845
5606,4.3,5,204.9669532775879
5607,3.6999999999999997,9,205.00225567817688
5608,4.3,5,205.03310108184814
5609,3.85,8,205.07178330421448
5610,4.75,2,205.1013433933258
5611,4.449999999999999,4,205.13061809539795
5612,3.55,10,205.17352485656738
5613,4.3,5,205.20993900299072
5614,4.449999999999999,4,205.23762822151184
5615,4.9,1,205.26484870910645
5616,4.9,1,205.29496026039124
5617,4.449999999999999,4,205.32742476463318
5618,4.449999999999999,4,205.36156153678894
5619,3.55,10,205.39913892745972
5620,4.15,6,205.43445110321045
5621,4.6000000000000005,3,205.46316146850586
5622,4.3,5,205.48949241638184
5623,4.15,6,205.51932168006897
5624,3.85,8,205.55276656150818
5625,4.15,6,205.58312559127808
5626,4.3,5,205.61132860183716
5627,4.15,6,205.6465196609497
5628,-1.75,15,205.69458508491516
5629,4.6000000000000005,3,205.72086215019226
5630,4.6000000000000005,3,205.75228118896484
5631,4.15,6,205.78955721855164
5632,-1.75,15,205.8317744731903
5633,4.6000000000000005,3,205.85773944854736
5634,4.449999999999999,4,205.8880455493927
5635,4.75,2,205.91778659820557
5636,4.75,2,205.9461498260498
5637,3.6999999999999997,9,205.98200488090515
5638,3.4,11,206.02014303207397
5639,3.6999999999999997,9,206.0582811832428
5640,3.85,8,206.09656834602356
5641,4.9,1,206.1212396621704
5642,4.75,2,206.14358639717102
5643,4.75,2,206.16838884353638
5644,3.6999999999999997,9,206.20473337173462
5645,4.6000000000000005,3,206.23497128486633
5646,4.3,5,206.26657009124756
5647,-1.75,15,206.46148872375488
5648,4.449999999999999,4,206.4871528148651
5649,4.75,2,206.51419878005981
5650,4.0,7,206.55383038520813
5651,4.449999999999999,4,206.5890588760376
5652,3.55,10,206.62564754486084
5653,-1.75,15,206.67717385292053
5654,4.0,7,206.7150011062622
5655,4.15,6,206.75360774993896
5656,4.75,2,206.78080582618713
5657,4.15,6,206.81613540649414
5658,4.75,2,206.84352040290833
5659,-1.75,15,206.89051413536072
5660,4.3,5,206.9320569038391
5661,-3.45,10,206.9711799621582
5662,4.9,1,207.00330686569214
5663,3.6999999999999997,9,207.04491424560547
5664,3.4,11,207.0853967666626
5665,4.15,6,207.11572289466858
5666,4.6000000000000005,3,207.13899874687195
5667,4.9,1,207.16341972351074
5668,4.449999999999999,4,207.1968936920166
5669,4.75,2,207.22327780723572
5670,4.449999999999999,4,207.25346302986145
5671,4.6000000000000005,3,207.2814643383026
5672,4.75,2,207.3087055683136
5673,4.15,6,207.33877444267273
5674,4.75,2,207.36484169960022
5675,-1.75,15,207.4075744152069
5676,-3.35,8,207.44075322151184
5677,4.3,5,207.4702229499817
5678,-1.75,15,207.5234718322754
5679,4.3,5,207.55368447303772
5680,-1.75,15,207.5977873802185
5681,4.75,2,207.62058997154236
5682,4.3,5,207.65352725982666
5683,3.25,12,207.69666075706482
5684,4.15,6,207.72889280319214
5685,4.3,5,207.7635338306427
5686,4.449999999999999,4,207.9509859085083
5687,3.85,8,207.98330640792847
5688,4.449999999999999,4,208.01333618164062
5689,3.6999999999999997,9,208.04743576049805
5690,4.3,5,208.07415342330933
5691,-1.75,15,208.13670682907104
5692,4.449999999999999,4,208.1707136631012
5693,4.75,2,208.19673562049866
5694,4.75,2,208.22692680358887
5695,4.449999999999999,4,208.2585484981537
5696,4.3,5,208.29081463813782
5697,3.1,13,208.33454632759094
5698,4.3,5,208.37161087989807
5699,4.449999999999999,4,208.40423798561096
5700,4.6000000000000005,3,208.43500351905823
5701,4.3,5,208.46778964996338
5702,4.449999999999999,4,208.49991583824158
5703,4.449999999999999,4,208.5255057811737
5704,3.85,8,208.56604290008545
5705,4.6000000000000005,3,208.59673404693604
5706,4.3,5,208.6385214328766
5707,4.15,6,208.6862828731537
5708,4.0,7,208.73188042640686
5709,4.15,6,208.76838278770447
5710,3.6999999999999997,9,208.81556224822998
5711,4.449999999999999,4,208.8402156829834
5712,4.15,6,208.8708930015564
5713,4.6000000000000005,3,208.89498209953308
5714,4.3,5,208.92712831497192
5715,4.6000000000000005,3,208.94942140579224
5716,4.75,2,208.97740864753723
5717,-1.75,15,209.02130913734436
5718,3.55,10,209.05950355529785
5719,4.3,5,209.08977937698364
5720,4.3,5,209.11989903450012
5721,3.4,11,209.15624952316284
5722,3.6999999999999997,9,209.1941041946411
5723,4.15,6,209.2235391139984
5724,4.0,7,209.25769090652466
5725,4.75,2,209.2870798110962
5726,4.15,6,209.32101273536682
5727,4.449999999999999,4,209.35053324699402
5728,4.449999999999999,4,209.3807029724121
5729,3.85,8,209.56335711479187
5730,4.75,2,209.58725094795227
5731,4.6000000000000005,3,209.61217403411865
5732,4.6000000000000005,3,209.63934969902039
5733,4.9,1,209.6641960144043
5734,4.449999999999999,4,209.69326543807983
5735,4.75,2,209.72062730789185
5736,3.85,8,209.76296091079712
5737,3.55,10,209.8054723739624
5738,3.85,8,209.84005427360535
5739,4.9,1,209.87077116966248
5740,3.6999999999999997,9,209.90689373016357
5741,4.3,5,209.93641138076782
5742,-1.75,15,209.98865008354187
5743,4.15,6,210.02706742286682
5744,3.25,12,210.06725025177002
5745,4.6000000000000005,3,210.09381675720215
5746,3.85,8,210.1373484134674
5747,4.6000000000000005,3,210.16837787628174
5748,4.75,2,210.19626307487488
5749,4.15,6,210.22901463508606
5750,4.75,2,210.25490021705627
5751,4.0,7,210.2922019958496
5752,4.75,2,210.31680703163147
5753,4.6000000000000005,3,210.34381246566772
5754,4.75,2,210.366623878479
5755,4.3,5,210.39844679832458
5756,4.3,5,210.42849326133728
5757,4.15,6,210.4557821750641
5758,3.55,10,210.4932188987732
5759,4.15,6,210.52298998832703
5760,4.75,2,210.54739427566528
5761,4.449999999999999,4,210.5769350528717
5762,3.4,11,210.61990904808044
5763,4.9,1,210.6460313796997
5764,4.15,6,210.67814755439758
5765,3.6999999999999997,9,210.7152864933014
5766,4.3,5,210.74738121032715
5767,3.6999999999999997,9,210.7853970527649
5768,4.0,7,210.82324600219727
5769,3.55,10,210.85748839378357
5770,3.85,8,210.88903546333313
5771,3.4,11,210.92308497428894
5772,4.449999999999999,4,210.95181608200073
5773,4.449999999999999,4,210.9787712097168
5774,4.6000000000000005,3,211.00328922271729
5775,3.55,10,211.19539213180542
5776,4.15,6,211.22927021980286
5777,4.15,6,211.26019096374512
5778,4.449999999999999,4,211.29158115386963
5779,-3.55,12,211.33610200881958
5780,4.449999999999999,4,211.36445569992065
5781,4.15,6,211.39744448661804
5782,4.449999999999999,4,211.42669653892517
5783,3.6999999999999997,9,211.47230648994446
5784,3.6999999999999997,9,211.51424503326416
5785,4.3,5,211.54899525642395
5786,4.9,1,211.58118057250977
5787,4.449999999999999,4,211.61480283737183
5788,4.3,5,211.6507601737976
5789,4.6000000000000005,3,211.68386220932007
5790,3.85,8,211.7223937511444
5791,-1.75,15,211.77600479125977
5792,4.6000000000000005,3,211.80449223518372
5793,3.6999999999999997,9,211.83915090560913
5794,4.449999999999999,4,211.86679983139038
5795,4.9,1,211.89111495018005
5796,4.75,2,211.91811609268188
5797,4.75,2,211.94848728179932
5798,3.55,10,211.9880712032318
5799,4.9,1,212.00999069213867
5800,4.15,6,212.0398280620575
5801,4.75,2,212.06447887420654
5802,4.449999999999999,4,212.093088388443
5803,3.55,10,212.1277735233307
5804,4.75,2,212.1559660434723
5805,3.25,12,212.19694113731384
5806,3.55,10,212.23245215415955
5807,4.75,2,212.25904059410095
5808,4.6000000000000005,3,212.28527522087097
5809,4.6000000000000005,3,212.31415843963623
5810,3.4,11,212.35373306274414
5811,4.15,6,212.38608956336975
5812,4.9,1,212.41407823562622
5813,3.55,10,212.44968724250793
5814,4.9,1,212.4733579158783
5815,4.449999999999999,4,212.50356268882751
5816,3.85,8,212.53737449645996
5817,4.15,6,212.56807661056519
5818,4.15,6,212.5989067554474
5819,4.3,5,212.62934613227844
5820,4.9,1,212.64886832237244
5821,4.449999999999999,4,212.8185522556305
5822,4.15,6,212.85004258155823
5823,4.15,6,212.88326144218445
5824,3.55,10,212.9246962070465
5825,3.6999999999999997,9,212.9655270576477
5826,4.15,6,212.99875664710999
5827,4.9,1,213.02994227409363
5828,4.3,5,213.0591106414795
5829,4.6000000000000005,3,213.08842277526855
5830,4.6000000000000005,3,213.12077379226685
5831,4.6000000000000005,3,213.1483633518219
5832,-3.45,10,213.18620681762695
5833,4.449999999999999,4,213.21774053573608
5834,4.9,1,213.2410237789154
5835,4.449999999999999,4,213.27366852760315
5836,4.449999999999999,4,213.30500102043152
5837,4.0,7,213.34536290168762
5838,3.6999999999999997,9,213.39229679107666
5839,4.15,6,213.4295220375061
5840,4.3,5,213.45976090431213
5841,4.449999999999999,4,213.4907763004303
5842,4.15,6,213.52514004707336
5843,4.6000000000000005,3,213.55191135406494
5844,4.6000000000000005,3,213.58236408233643
5845,3.85,8,213.6216266155243
5846,4.449999999999999,4,213.65418243408203
5847,4.449999999999999,4,213.67975759506226
5848,-1.75,15,213.72289204597473
5849,4.15,6,213.7568118572235
5850,4.0,7,213.79018568992615
5851,4.6000000000000005,3,213.81721138954163
5852,3.6999999999999997,9,213.85118317604065
5853,4.6000000000000005,3,213.87908673286438
5854,4.75,2,213.90051412582397
5855,4.0,7,213.93012499809265
5856,4.75,2,213.95618414878845
5857,-1.75,15,214.0042815208435
5858,4.3,5,214.03936219215393
5859,4.449999999999999,4,214.0742223262787
5860,3.6999999999999997,9,214.1140158176422
5861,4.75,2,214.13629961013794
5862,3.85,8,214.17026925086975
5863,4.449999999999999,4,214.1976215839386
5864,4.3,5,214.22691822052002
5865,4.75,2,214.25065922737122
5866,4.15,6,214.28338074684143
5867,4.449999999999999,4,214.3088982105255
5868,4.449999999999999,4,214.50676345825195
5869,3.6999999999999997,9,214.55463528633118
5870,4.3,5,214.59509754180908
5871,4.0,7,214.628826379776
5872,3.6999999999999997,9,214.66835188865662
5873,3.85,8,214.70527744293213
5874,4.3,5,214.73537254333496
5875,3.55,10,214.778094291687
5876,4.3,5,214.8074152469635
5877,-1.75,15,214.85406851768494
5878,4.9,1,214.88034319877625
5879,4.449999999999999,4,214.90547966957092
5880,3.6999999999999997,9,214.94013142585754
5881,4.449999999999999,4,214.96998143196106
5882,4.75,2,214.99606370925903
5883,3.4,11,215.03143119812012
5884,3.6999999999999997,9,215.06821179389954
5885,3.6999999999999997,9,215.10330033302307
5886,4.75,2,215.12825179100037
5887,4.6000000000000005,3,215.1544907093048
5888,3.4,11,215.18990302085876
5889,4.75,2,215.21443009376526
5890,4.75,2,215.23799085617065
5891,3.6999999999999997,9,215.2776234149933
5892,4.75,2,215.3013653755188
5893,3.6999999999999997,9,215.34242749214172
5894,4.6000000000000005,3,215.3706431388855
5895,4.449999999999999,4,215.40223336219788
5896,3.6999999999999997,9,215.4379060268402
5897,4.75,2,215.4664602279663
5898,4.449999999999999,4,215.4957320690155
5899,4.3,5,215.52967596054077
5900,3.25,12,215.57166504859924
5901,4.75,2,215.5995316505432
5902,4.9,1,215.62305283546448
5903,4.6000000000000005,3,215.65047526359558
5904,4.3,5,215.68424820899963
5905,4.15,6,215.72293376922607
5906,4.15,6,215.75351309776306
5907,4.75,2,215.7799186706543
5908,4.449999999999999,4,215.8076195716858
5909,3.25,12,215.85027933120728
5910,4.9,1,215.87383127212524
5911,3.85,8,215.91003847122192
5912,4.449999999999999,4,216.07929944992065
5913,4.15,6,216.11508703231812
5914,4.449999999999999,4,216.14259362220764
5915,4.3,5,216.17291688919067
5916,4.75,2,216.20161128044128
5917,3.55,10,216.23782658576965
5918,4.3,5,216.27106499671936
5919,4.9,1,216.29565858840942
5920,4.3,5,216.33123111724854
5921,4.15,6,216.3673939704895
5922,4.75,2,216.3977918624878
5923,4.6000000000000005,3,216.4306764602661
5924,4.75,2,216.45399498939514
5925,4.75,2,216.48431658744812
5926,4.6000000000000005,3,216.51552295684814
5927,3.55,10,216.55265402793884
5928,4.449999999999999,4,216.582377910614
5929,3.85,8,216.61831760406494
5930,4.9,1,216.64303421974182
5931,4.6000000000000005,3,216.66840815544128
5932,4.75,2,216.69406580924988
5933,4.75,2,216.71633768081665
5934,4.449999999999999,4,216.74338006973267
5935,3.6999999999999997,9,216.77787375450134
5936,3.6999999999999997,9,216.81641268730164
5937,4.6000000000000005,3,216.84437656402588
5938,4.75,2,216.86792659759521
5939,4.75,2,216.89650535583496
5940,3.4,11,216.9321358203888
5941,4.3,5,216.96282625198364
5942,4.3,5,216.99022483825684
5943,4.15,6,217.01905226707458
5944,4.6000000000000005,3,217.04715394973755
5945,4.15,6,217.07729625701904
5946,3.4,11,217.11615586280823
5947,4.9,1,217.13997769355774
5948,4.75,2,217.16304850578308
5949,4.9,1,217.18581342697144
5950,-3.35,8,217.21671724319458
5951,4.449999999999999,4,217.24521708488464
5952,4.15,6,217.27119755744934
5953,4.0,7,217.3116991519928
5954,4.6000000000000005,3,217.33950757980347
5955,4.3,5,217.36966753005981
5956,3.55,10,217.40445017814636
5957,4.75,2,217.4299213886261
5958,4.3,5,217.46094012260437
5959,4.6000000000000005,3,217.48694443702698
5960,4.75,2,217.5139102935791
5961,4.9,1,217.5360164642334
5962,3.85,8,217.566321849823
5963,3.55,10,217.60649347305298
5964,3.85,8,217.64701533317566
