#{"t_start": 1787938173.360768, "env_id": "None"}
r,l,t
4.75,2,0.049661
4.15,6,0.086452
4.15,6,0.119441
4.75,2,0.155736
-3.0,1,0.181451
-3.05,2,0.209382
4.6,3,0.243539
-3.0,1,0.278848
4.15,6,0.323026
-3.4,9,0.366595
-3.2,5,0.405355
-3.05,2,0.434614
-3.0,1,0.464065
4.6,3,0.493922
-3.2,5,0.527872
-3.05,2,0.55566
-3.45,10,0.598146
-3.2,5,0.63215
-3.15,4,0.666615
-3.25,6,0.69967
-3.1,3,0.728711
-3.0,1,0.756915
4.75,2,0.785034
-3.05,2,0.818245
4.0,7,0.852729
-3.1,3,0.882834
4.0,7,0.919968
-3.2,5,0.951184
-3.0,1,0.972811
-3.1,3,1.005074
-3.0,1,1.028591
-3.5,11,1.066705
-3.05,2,1.090014
-3.05,2,1.115956
-3.1,3,1.143198
4.6,3,1.170873
-3.05,2,1.197072
-3.0,1,1.21951
-1.75,15,1.268628
-3.05,2,1.294447
-3.2,5,1.326394
-3.1,3,1.353092
-3.45,10,1.391911
4.3,5,1.421439
-3.0,1,1.451845
4.6,3,1.47869
4.0,7,1.509687
-3.1,3,1.537345
4.3,5,1.570107
4.45,4,1.59852
-3.05,2,1.622588
4.75,2,1.646171
-3.05,2,1.668802
-3.2,5,1.697932
4.75,2,1.722781
-3.05,2,1.747618
-3.2,5,1.775964
-3.6,13,1.81431
3.85,8,1.846472
-3.2,5,1.87714
-3.5,11,2.083537
4.6,3,2.109704
4.45,4,2.139527
4.6,3,2.171386
4.6,3,2.200495
-3.1,3,2.228363
-3.05,2,2.251476
4.45,4,2.281987
3.4,11,2.321806
-3.05,2,2.35076
4.3,5,2.384667
-3.05,2,2.411726
-3.0,1,2.432953
4.0,7,2.471673
-3.15,4,2.499323
-3.0,1,2.521859
4.3,5,2.552341
-3.05,2,2.576665
-3.0,1,2.597609
-3.05,2,2.623
-3.0,1,2.644689
-1.75,15,2.685768
-3.0,1,2.713557
-3.1,3,2.745821
-3.0,1,2.767079
-3.0,1,2.795583
4.9,1,2.819975
-3.05,2,2.848811
-3.5,11,2.887702
3.7,9,2.922288
-3.05,2,2.947006
-3.0,1,2.973608
-3.0,1,3.001837
-3.05,2,3.03128
4.75,2,3.055891
-3.0,1,3.07959
-3.0,1,3.105071
-3.15,4,3.135456
-3.3,7,3.171588
4.6,3,3.197755
-3.3,7,3.230282
-3.0,1,3.251288
-3.05,2,3.282576
4.15,6,3.314215
4.45,4,3.342462
-3.0,1,3.367139
4.6,3,3.400506
-3.0,1,3.426354
-3.15,4,3.461287
-3.05,2,3.494349
-3.1,3,3.523315
-3.15,4,3.556026
-3.15,4,3.59771
-3.2,5,3.637547
-3.0,1,3.665459
4.75,2,3.701007
-3.25,6,3.733047
-3.0,1,3.755969
4.75,2,3.78501
-3.05,2,3.816772
-3.05,2,3.844572
-3.1,3,3.876607
4.45,4,3.908824
-3.4,9,3.945127
-3.15,4,3.970567
-3.1,3,3.996847
-3.0,1,4.017397
3.55,10,4.052422
-3.0,1,4.074582
-3.15,4,4.104517
3.7,9,4.142528
4.15,6,4.175635
4.75,2,4.359913
-3.0,1,4.381939
-3.55,12,4.420555
4.45,4,4.451309
-3.5,11,4.488294
-3.25,6,4.519495
-3.6,13,4.570401
-3.6,13,4.617783
-3.55,12,4.660166
-3.05,2,4.686341
-3.2,5,4.717627
-3.05,2,4.741627
-3.05,2,4.765597
4.15,6,4.795821
-3.45,10,4.830391
-3.2,5,4.856344
-3.0,1,4.879191
-1.75,15,4.92048
-3.3,7,4.948829
-3.15,4,4.97535
-3.1,3,5.003635
-3.0,1,5.032505
-3.1,3,5.068691
-3.1,3,5.10058
-3.3,7,5.134132
-3.25,6,5.168788
-3.05,2,5.195853
-3.0,1,5.222432
-3.5,11,5.262805
-3.0,1,5.2876
-3.15,4,5.319567
4.3,5,5.353991
-3.0,1,5.379591
-3.0,1,5.410733
-3.0,1,5.435757
-3.1,3,5.464499
-3.05,2,5.490813
-3.15,4,5.526197
-3.3,7,5.559653
-3.0,1,5.580579
-3.2,5,5.611911
-3.2,5,5.63781
-3.5,11,5.673957
4.75,2,5.699792
-3.4,9,5.739742
4.3,5,5.768408
-3.0,1,5.792984
-3.0,1,5.816895
4.75,2,5.843606
-3.05,2,5.87289
-3.15,4,5.902002
-3.05,2,5.925484
-3.0,1,5.950401
-3.2,5,5.981087
-3.35,8,6.166417
-3.05,2,6.191876
-3.1,3,6.225404
4.9,1,6.255478
-3.45,10,6.294563
-3.1,3,6.320313
-3.15,4,6.346655
4.75,2,6.372434
-3.25,6,6.403695
-3.3,7,6.444938
-3.0,1,6.469207
-3.05,2,6.493907
-3.05,2,6.519818
-3.25,6,6.55285
4.75,2,6.580322
3.25,12,6.619457
4.0,7,6.650759
-3.0,1,6.678595
-3.0,1,6.703431
-3.0,1,6.725463
4.45,4,6.753541
-3.1,3,6.78739
-3.35,8,6.830085
4.3,5,6.860846
-3.35,8,6.89976
-3.05,2,6.933608
-3.1,3,6.963331
-3.1,3,6.990506
-3.05,2,7.018423
-3.05,2,7.049751
3.25,12,7.099797
-3.05,2,7.131291
-3.15,4,7.168838
-3.05,2,7.194671
-3.25,6,7.230394
4.3,5,7.258394
-3.0,1,7.280848
-3.2,5,7.310074
4.0,7,7.345937
3.7,9,7.381016
4.3,5,7.410192
-3.0,1,7.433859
-3.05,2,7.457326
4.6,3,7.481261
-3.35,8,7.514526
-3.45,10,7.557211
4.6,3,7.582847
-3.0,1,7.605599
-3.2,5,7.633504
-3.15,4,7.660985
-3.1,3,7.686573
-3.05,2,7.708761
3.55,10,7.745017
-3.15,4,7.775011
-3.0,1,7.796761
4.6,3,7.822423
-3.1,3,7.84795
-3.4,9,7.879546
-3.25,6,7.906798
-3.1,3,8.069456
-3.05,2,8.094575
-3.1,3,8.119889
-3.0,1,8.142762
-3.05,2,8.168736
4.3,5,8.204002
-3.05,2,8.233715
-3.1,3,8.26264
4.0,7,8.303648
-3.1,3,8.334938
-3.2,5,8.379294
4.6,3,8.412443
4.45,4,8.440665
-3.1,3,8.475887
-3.3,7,8.510497
-3.2,5,8.545074
4.45,4,8.577784
-3.45,10,8.624638
4.15,6,8.663444
-3.0,1,8.690533
-3.0,1,8.714696
4.3,5,8.748614
-3.2,5,8.776952
3.55,10,8.813302
-3.7,15,8.858661
-3.1,3,8.882144
-3.0,1,8.907921
3.25,12,8.946599
-3.05,2,8.967921
-3.3,7,8.999478
4.45,4,9.024105
3.85,8,9.059764
-3.25,6,9.090834
4.75,2,9.11692
-3.3,7,9.150199
3.4,11,9.187389
4.6,3,9.217396
-3.15,4,9.24818
-3.05,2,9.273144
3.7,9,9.313138
-3.0,1,9.332895
4.45,4,9.362111
-3.3,7,9.396917
-3.05,2,9.425103
3.7,9,9.462505
-3.6,13,9.50091
-3.3,7,9.535213
-3.1,3,9.561884
4.45,4,9.588699
-3.0,1,9.612668
4.75,2,9.63577
-3.05,2,9.659261
-3.45,10,9.842224
4.3,5,9.871847
-3.2,5,9.898649
-3.0,1,9.923155
3.25,12,9.972301
-1.75,15,10.022872
4.9,1,10.056235
-1.75,15,10.109427
-3.65,14,10.163963
-3.2,5,10.198154
2.95,14,10.250623
4.15,6,10.2946
3.85,8,10.332378
3.85,8,10.374094
3.7,9,10.419861
-1.75,15,10.479755
-3.1,3,10.51331
-3.35,8,10.545157
-3.25,6,10.573191
-3.1,3,10.599942
4.3,5,10.630736
4.45,4,10.661392
4.6,3,10.69586
3.85,8,10.736867
-3.15,4,10.771491
-3.25,6,10.806617
4.45,4,10.833466
-3.0,1,10.856663
-3.55,12,10.894228
-3.45,10,10.929108
4.45,4,10.953692
-3.1,3,10.981217
-3.05,2,11.00537
-3.05,2,11.038224
3.55,10,11.076162
4.75,2,11.100085
-3.25,6,11.133583
-3.65,14,11.322627
4.3,5,11.360136
3.85,8,11.397318
-3.05,2,11.427524
-3.0,1,11.450909
4.45,4,11.485873
-3.2,5,11.515907
-3.1,3,11.544532
-3.0,1,11.569072
3.7,9,11.604221
4.6,3,11.633872
4.75,2,11.661608
-3.0,1,11.686038
4.6,3,11.716783
-3.05,2,11.743319
4.0,7,11.777121
3.4,11,11.816684
-3.05,2,11.842388
3.4,11,11.880728
4.15,6,11.912164
4.0,7,11.948059
4.6,3,11.972693
4.6,3,11.999766
4.15,6,12.029133
3.25,12,12.067549
-3.1,3,12.096105
4.15,6,12.127914
4.45,4,12.157483
-3.05,2,12.183866
-3.05,2,12.208129
4.15,6,12.237301
-1.75,15,12.280923
4.6,3,12.30934
-3.1,3,12.336362
4.9,1,12.362551
4.3,5,12.392758
4.6,3,12.420338
4.6,3,12.449322
-3.6,13,12.497848
-3.3,7,12.534177
-3.15,4,12.563169
-3.3,7,12.596361
-3.55,12,12.642717
-3.05,2,12.66758
-1.75,15,12.720817
-3.05,2,12.74626
-3.15,4,12.773978
-3.0,1,12.797002
-3.15,4,12.820028
3.4,11,12.856168
4.75,2,13.040049
4.15,6,13.081983
-1.75,15,13.144856
4.0,7,13.187274
-3.25,6,13.225066
4.0,7,13.25955
-3.0,1,13.284461
4.45,4,13.317057
-3.15,4,13.348154
-3.55,12,13.387674
-3.1,3,13.414746
-3.25,6,13.451785
4.45,4,13.479427
-3.5,11,13.515863
-3.05,2,13.542646
-1.75,15,13.588421
4.3,5,13.62154
3.85,8,13.667438
-3.2,5,13.701847
-3.25,6,13.738494
3.55,10,13.782476
4.0,7,13.825411
4.6,3,13.858339
-3.05,2,13.882144
4.0,7,13.914917
4.15,6,13.944546
-3.2,5,13.974627
-3.35,8,14.009113
-3.4,9,14.046191
3.85,8,14.079037
-3.3,7,14.110793
4.3,5,14.143286
4.0,7,14.175183
3.25,12,14.217388
-3.4,9,14.262449
4.0,7,14.298305
4.9,1,14.321995
-3.55,12,14.367046
4.3,5,14.553409
4.9,1,14.579027
4.3,5,14.613567
-3.1,3,14.645122
-3.25,6,14.678238
-3.0,1,14.70413
-3.0,1,14.728651
4.45,4,14.762054
3.55,10,14.800869
3.25,12,14.841649
4.45,4,14.869023
4.75,2,14.896225
4.45,4,14.926168
-1.75,15,14.970719
-3.05,2,14.996231
4.45,4,15.023099
4.3,5,15.052103
4.45,4,15.083782
-3.1,3,15.10743
4.75,2,15.132722
-3.5,11,15.17633
4.6,3,15.202237
-1.75,15,15.245214
4.6,3,15.271946
3.85,8,15.306635
-3.25,6,15.336572
4.15,6,15.366075
-3.65,14,15.411354
4.45,4,15.44442
4.0,7,15.482799
-3.05,2,15.51521
-1.75,15,15.56778
4.6,3,15.599225
4.75,2,15.627815
4.75,2,15.653777
3.55,10,15.693114
-1.75,15,15.737696
-3.05,2,15.7669
4.75,2,15.795391
-3.35,8,15.828023
-1.75,15,15.8705
4.0,7,15.906179
4.6,3,15.941574
4.15,6,16.123501
4.6,3,16.15393
4.75,2,16.181342
-3.7,15,16.232445
-1.75,15,16.284105
4.45,4,16.320006
4.0,7,16.351907
4.3,5,16.38672
-3.05,2,16.41702
4.3,5,16.451038
3.7,9,16.493379
3.7,9,16.530532
4.75,2,16.555677
-3.2,5,16.584448
-3.05,2,16.611033
3.4,11,16.649686
4.3,5,16.683575
-3.1,3,16.712927
-1.75,15,16.755655
3.4,11,16.794664
3.4,11,16.830454
3.7,9,16.865935
4.6,3,16.895562
4.0,7,16.927257
4.3,5,16.95965
-3.5,11,17.003978
3.7,9,17.042482
4.6,3,17.073127
-3.6,13,17.117005
4.6,3,17.148621
-1.75,15,17.191788
3.85,8,17.227942
4.6,3,17.253252
4.75,2,17.277522
-3.5,11,17.316263
-3.0,1,17.342367
3.55,10,17.538493
-3.25,6,17.578073
-3.35,8,17.617011
4.3,5,17.655166
4.6,3,17.681942
4.0,7,17.71544
4.6,3,17.744359
4.45,4,17.773901
4.0,7,17.816068
-3.2,5,17.8527
4.15,6,17.894633
4.45,4,17.92645
3.7,9,17.961782
-3.25,6,17.996618
4.0,7,18.031137
-3.05,2,18.059948
4.6,3,18.086092
4.0,7,18.125071
3.25,12,18.166607
-3.0,1,18.192739
4.75,2,18.217873
4.9,1,18.241927
4.3,5,18.269979
-1.75,15,18.315922
4.3,5,18.347699
-1.75,15,18.397838
4.75,2,18.423088
-3.5,11,18.462208
3.85,8,18.495186
-3.3,7,18.527347
-3.65,14,18.566068
-3.05,2,18.590704
-1.75,15,18.634111
3.7,9,18.667691
-3.0,1,18.693972
-3.05,2,18.715778
-3.05,2,18.739417
4.75,2,18.76704
4.15,6,18.803107
4.0,7,18.841056
-3.5,11,18.883978
4.6,3,18.916131
3.4,11,19.101538
-1.75,15,19.145878
-1.75,15,19.19241
-3.7,15,19.254813
4.3,5,19.284908
4.0,7,19.323942
3.85,8,19.363249
4.3,5,19.396382
4.3,5,19.432565
-3.15,4,19.462998
-1.75,15,19.517683
4.3,5,19.548703
-3.2,5,19.578699
-1.75,15,19.633077
4.15,6,19.672353
-3.25,6,19.709187
3.7,9,19.745092
4.15,6,19.781411
-3.05,2,19.816368
4.45,4,19.845993
4.0,7,19.877656
4.75,2,19.902702
3.25,12,19.939817
4.15,6,19.968956
4.6,3,19.996026
4.9,1,20.023294
4.3,5,20.053088
-3.0,1,20.07797
3.55,10,20.113491
4.75,2,20.137525
4.45,4,20.170387
-3.4,9,20.214658
-3.35,8,20.260895
-3.35,8,20.296816
4.15,6,20.332262
3.85,8,20.369769
-3.35,8,20.578391
4.75,2,20.610755
-3.6,13,20.651747
4.3,5,20.68251
3.7,9,20.715816
-1.75,15,20.763906
4.45,4,20.79602
4.6,3,20.826367
4.6,3,20.854472
3.7,9,20.899799
-3.65,14,20.946028
-3.35,8,20.980028
4.0,7,21.014415
-1.75,15,21.062931
4.45,4,21.090509
-3.6,13,21.134717
4.3,5,21.168271
-1.75,15,21.218103
3.85,8,21.264664
4.45,4,21.298421
3.85,8,21.342092
4.0,7,21.377893
-3.35,8,21.418588
-1.75,15,21.464782
3.7,9,21.501722
-3.7,15,21.548748
4.6,3,21.575323
4.45,4,21.604491
4.0,7,21.639221
4.3,5,21.669717
4.45,4,21.699247
3.7,9,21.742012
-3.0,1,21.768696
-3.2,5,21.955595
-3.5,11,21.999892
4.6,3,22.029284
4.45,4,22.064547
4.75,2,22.09494
4.15,6,22.129333
4.3,5,22.156651
3.4,11,22.199272
3.85,8,22.233223
-3.5,11,22.269944
4.6,3,22.300197
-3.35,8,22.343103
-3.2,5,22.382024
4.15,6,22.41696
4.3,5,22.451305
-3.6,13,22.498282
-3.0,1,22.527619
4.6,3,22.564793
4.75,2,22.596204
4.6,3,22.628335
4.75,2,22.65687
-3.3,7,22.691079
4.6,3,22.721204
-3.55,12,22.766011
4.75,2,22.800808
4.6,3,22.831236
-1.75,15,22.876851
4.15,6,22.909597
-1.75,15,22.956552
4.6,3,22.989838
-3.7,15,23.034571
4.0,7,23.068634
4.6,3,23.098271
4.3,5,23.130994
3.55,10,23.166045
-3.25,6,23.19847
-3.0,1,23.225107
-1.75,15,23.270741
-1.75,15,23.46934
3.4,11,23.507916
-1.75,15,23.559066
4.45,4,23.589478
4.45,4,23.6221
4.45,4,23.660432
4.15,6,23.704154
3.85,8,23.74412
3.85,8,23.79009
-3.6,13,23.838035
3.1,13,23.880444
3.1,13,23.931813
4.6,3,23.966119
3.4,11,24.009963
4.45,4,24.043021
4.45,4,24.078756
-3.5,11,24.125976
-3.7,15,24.179894
4.45,4,24.214759
3.7,9,24.253947
3.4,11,24.299604
4.75,2,24.324832
-1.75,15,24.368896
3.55,10,24.412147
4.45,4,24.440756
-3.3,7,24.474756
3.55,10,24.518377
-3.7,15,24.57064
4.6,3,24.606615
3.4,11,24.649113
4.6,3,24.677453
-3.1,3,24.706092
4.3,5,24.879525
-3.25,6,24.91107
4.6,3,24.937974
4.45,4,24.974094
4.6,3,25.003139
3.85,8,25.039701
4.3,5,25.067699
4.45,4,25.104082
4.6,3,25.134452
4.3,5,25.166167
3.7,9,25.209963
3.4,11,25.254049
4.45,4,25.285344
3.7,9,25.327896
3.7,9,25.364
4.15,6,25.395674
3.4,11,25.431935
4.45,4,25.462332
3.4,11,25.514363
-3.35,8,25.558765
-3.05,2,25.584773
3.85,8,25.634459
-3.3,7,25.675706
-3.3,7,25.714729
4.6,3,25.745012
3.7,9,25.789878
-3.25,6,25.824907
-1.75,15,25.879473
-3.15,4,25.909204
-3.6,13,25.95541
3.4,11,26.003259
4.45,4,26.039474
-3.3,7,26.073783
4.0,7,26.112082
4.6,3,26.136863
4.6,3,26.164517
3.85,8,26.200482
4.0,7,26.239475
4.75,2,26.265623
4.3,5,26.440985
4.75,2,26.467479
3.85,8,26.500342
4.6,3,26.527615
-3.4,9,26.563834
-3.35,8,26.597441
4.15,6,26.632886
-3.4,9,26.671807
-1.75,15,26.718474
-3.45,10,26.757847
-3.35,8,26.790454
4.15,6,26.820254
4.3,5,26.850041
3.25,12,26.896279
3.55,10,26.933105
-3.6,13,26.978027
-3.15,4,27.012883
-1.75,15,27.073137
4.0,7,27.111692
-3.45,10,27.157295
2.95,14,27.207725
4.0,7,27.249469
3.55,10,27.296263
4.3,5,27.333298
3.85,8,27.373747
-3.5,11,27.41334
4.6,3,27.44923
4.6,3,27.479689
-3.45,10,27.523754
3.55,10,27.573067
4.75,2,27.597844
3.55,10,27.638373
4.0,7,27.824108
4.75,2,27.847361
4.75,2,27.874181
4.6,3,27.899801
4.6,3,27.92638
3.55,10,27.966168
3.4,11,28.005061
3.1,13,28.052719
4.6,3,28.080832
-3.4,9,28.120929
4.6,3,28.147514
4.75,2,28.174252
4.45,4,28.201566
4.75,2,28.231611
4.0,7,28.262241
4.15,6,28.297437
-3.55,12,28.335959
3.55,10,28.371107
4.45,4,28.400491
4.6,3,28.427567
-3.4,9,28.460022
4.45,4,28.493191
4.3,5,28.525804
4.9,1,28.552064
3.4,11,28.595264
4.6,3,28.626546
3.4,11,28.673332
4.75,2,28.69786
4.3,5,28.728358
4.0,7,28.76175
-3.6,13,28.806601
4.75,2,28.83199
3.4,11,28.870521
4.75,2,28.895714
3.7,9,28.93139
4.45,4,28.959073
4.15,6,28.991436
4.6,3,29.020877
4.6,3,29.053716
4.75,2,29.09006
3.4,11,29.13489
-1.75,15,29.180172
-3.25,6,29.352585
4.15,6,29.389499
-3.3,7,29.432786
4.3,5,29.468808
4.0,7,29.507946
4.15,6,29.539614
4.3,5,29.571258
4.45,4,29.60235
3.7,9,29.644729
4.45,4,29.674336
-3.05,2,29.698027
-3.6,13,29.738243
-1.75,15,29.781313
4.0,7,29.813191
4.45,4,29.843753
-1.75,15,29.884451
4.75,2,29.908786
4.0,7,29.946733
4.15,6,29.977448
-1.75,15,30.020293
3.4,11,30.062223
-1.75,15,30.10556
3.7,9,30.139347
4.75,2,30.164483
4.75,2,30.189093
-1.75,15,30.24365
4.9,1,30.275283
-3.2,5,30.30863
4.6,3,30.34572
4.6,3,30.37902
3.55,10,30.424126
4.3,5,30.46493
4.45,4,30.499298
4.3,5,30.532472
3.55,10,30.575876
4.75,2,30.602862
4.15,6,30.638849
4.15,6,30.822161
-3.6,13,30.867395
4.15,6,30.894895
4.3,5,30.92438
4.75,2,30.948549
4.15,6,30.981161
3.85,8,31.016146
4.15,6,31.04565
-1.75,15,31.091201
4.75,2,31.122578
4.45,4,31.155353
4.3,5,31.183008
3.1,13,31.233073
4.45,4,31.262257
-1.75,15,31.306385
4.6,3,31.333651
-1.75,15,31.379644
3.4,11,31.426605
-1.75,15,31.479441
3.85,8,31.517143
-1.75,15,31.569347
3.55,10,31.606267
-3.55,12,31.644691
4.15,6,31.683383
3.55,10,31.718843
-1.75,15,31.777435
3.55,10,31.81673
-3.6,13,31.860538
3.25,12,32.088762
4.45,4,32.116258
-1.75,15,32.164953
-3.4,9,32.213106
4.9,1,32.237486
4.6,3,32.26651
4.75,2,32.295557
4.15,6,32.334852
3.4,11,32.375973
3.85,8,32.413845
4.45,4,32.446416
4.75,2,32.472499
4.0,7,32.505919
4.3,5,32.534326
3.4,11,32.574284
4.75,2,32.601201
-3.35,8,32.643681
3.85,8,32.677367
3.1,13,32.723556
-3.7,15,32.767211
-1.75,15,32.813694
4.6,3,32.841068
4.3,5,32.871077
3.85,8,32.902425
4.75,2,32.927067
4.3,5,32.953233
3.1,13,32.994548
4.45,4,33.025222
3.25,12,33.061709
-3.6,13,33.106652
4.0,7,33.137339
-1.75,15,33.179991
3.55,10,33.217482
3.4,11,33.429626
4.6,3,33.456834
4.75,2,33.48285
4.6,3,33.514592
-3.0,1,33.54336
4.75,2,33.571771
3.7,9,33.615736
3.85,8,33.653089
4.45,4,33.683929
4.6,3,33.718402
-1.75,15,33.777607
4.45,4,33.810135
-3.45,10,33.859732
4.75,2,33.887769
4.9,1,33.910231
4.45,4,33.937145
3.4,11,33.97917
4.45,4,34.006596
-3.4,9,34.041563
-3.6,13,34.081955
-3.25,6,34.111246
4.0,7,34.143418
3.7,9,34.182684
4.45,4,34.211395
3.7,9,34.247566
4.75,2,34.273462
4.45,4,34.302632
3.25,12,34.346478
-3.15,4,34.377085
4.6,3,34.410326
4.0,7,34.452956
4.45,4,34.482452
-3.15,4,34.51036
4.75,2,34.53651
4.15,6,34.569489
-3.5,11,34.609875
-3.0,1,34.632201
-1.75,15,34.681517
-3.6,13,34.723658
4.45,4,34.7504
4.15,6,34.790677
-3.3,7,34.822882
3.25,12,35.009912
3.85,8,35.046672
-3.4,9,35.081831
3.55,10,35.125566
-3.45,10,35.166981
4.3,5,35.199945
4.75,2,35.231806
-3.65,14,35.284103
4.75,2,35.313933
4.15,6,35.351838
4.45,4,35.380258
4.9,1,35.409064
4.0,7,35.448359
3.4,11,35.484629
3.7,9,35.517097
4.15,6,35.546654
4.45,4,35.582035
3.55,10,35.618249
4.75,2,35.641979
4.15,6,35.671223
4.15,6,35.702602
4.75,2,35.728518
4.3,5,35.757887
4.6,3,35.785575
4.6,3,35.810208
3.25,12,35.849206
4.45,4,35.876273
4.9,1,35.903512
4.45,4,35.939722
4.75,2,35.964638
-1.75,15,36.006768
4.45,4,36.034386
4.0,7,36.068862
4.75,2,36.094214
3.7,9,36.130296
4.15,6,36.15822
3.4,11,36.197683
4.75,2,36.225205
4.0,7,36.26398
-3.35,8,36.298051
4.75,2,36.322522
3.1,13,36.525151
4.6,3,36.561726
4.75,2,36.585618
3.4,11,36.629633
4.75,2,36.658621
4.45,4,36.690198
4.0,7,36.726298
4.3,5,36.762515
4.3,5,36.798306
4.15,6,36.834494
3.85,8,36.87045
4.75,2,36.895666
4.45,4,36.927928
-3.4,9,36.970017
-3.35,8,37.019301
-1.75,15,37.073182
4.45,4,37.106029
-1.75,15,37.153223
4.15,6,37.191972
4.3,5,37.226371
4.45,4,37.259888
4.45,4,37.289775
4.45,4,37.328412
4.45,4,37.35815
4.15,6,37.385572
4.3,5,37.41468
-3.35,8,37.448663
4.15,6,37.479989
4.45,4,37.507278
3.55,10,37.545331
4.75,2,37.566964
4.3,5,37.594949
4.45,4,37.623738
4.3,5,37.648474
4.0,7,37.679765
-1.75,15,37.727021
4.75,2,37.750531
3.25,12,37.790315
3.25,12,37.830324
4.6,3,37.860161
3.55,10,38.029881
4.15,6,38.063026
-1.75,15,38.111454
4.45,4,38.142121
4.0,7,38.177119
4.6,3,38.202063
4.6,3,38.230507
4.9,1,38.257655
4.9,1,38.285543
-3.35,8,38.319645
3.7,9,38.358504
3.7,9,38.405353
2.95,14,38.452921
-3.45,10,38.492303
-1.75,15,38.537469
4.75,2,38.562006
4.6,3,38.58786
3.55,10,38.624922
4.45,4,38.656184
4.45,4,38.682028
4.15,6,38.7158
4.6,3,38.739552
4.75,2,38.765019
4.15,6,38.796732
3.85,8,38.83225
4.75,2,38.855469
-3.1,3,38.879025
4.3,5,38.90675
4.0,7,38.934792
4.0,7,38.965712
4.6,3,38.991138
-3.45,10,39.025193
4.9,1,39.051787
4.3,5,39.084651
3.85,8,39.121149
-1.75,15,39.175979
3.55,10,39.215385
4.3,5,39.24392
3.55,10,39.284735
4.45,4,39.316964
3.85,8,39.508971
4.6,3,39.540817
4.9,1,39.564682
4.75,2,39.588042
4.0,7,39.628968
-1.75,15,39.679801
-3.45,10,39.720359
4.3,5,39.751632
4.3,5,39.783856
3.85,8,39.81858
-1.75,15,39.862508
4.3,5,39.895802
-3.3,7,39.93436
4.0,7,39.973172
3.1,13,40.017892
-3.3,7,40.054581
4.3,5,40.082283
4.6,3,40.11116
4.6,3,40.140019
-1.75,15,40.188298
-1.75,15,40.229176
3.7,9,40.264859
4.15,6,40.300104
4.6,3,40.330818
-3.3,7,40.365878
3.85,8,40.406521
4.0,7,40.439894
4.6,3,40.466487
4.3,5,40.497097
3.4,11,40.541491
4.6,3,40.57319
3.7,9,40.614335
4.15,6,40.643353
-3.45,10,40.678536
4.45,4,40.708704
-1.75,15,40.905214
4.45,4,40.936733
4.15,6,40.971565
4.3,5,41.004506
4.45,4,41.031109
3.85,8,41.06284
-3.0,1,41.08635
4.45,4,41.114115
3.7,9,41.146046
3.85,8,41.178519
4.0,7,41.216149
-1.75,15,41.262309
4.75,2,41.292005
4.0,7,41.328363
4.45,4,41.361316
4.3,5,41.391867
4.45,4,41.427305
4.75,2,41.455156
4.75,2,41.48398
4.75,2,41.520395
4.3,5,41.555168
3.55,10,41.593917
4.45,4,41.624425
4.3,5,41.65536
3.25,12,41.698294
4.0,7,41.731513
4.6,3,41.760963
-1.75,15,41.804946
3.55,10,41.837642
-1.75,15,41.877008
4.75,2,41.902763
-1.75,15,41.945603
4.6,3,41.970965
4.6,3,42.00032
4.75,2,42.025645
4.3,5,42.057818
4.6,3,42.084312
4.9,1,42.110373
-1.75,15,42.15571
4.6,3,42.189094
4.3,5,42.217711
-3.0,1,42.24104
4.0,7,42.276506
4.75,2,42.456974
3.25,12,42.494812
-1.75,15,42.541991
4.9,1,42.565749
4.0,7,42.598461
4.75,2,42.626024
-1.75,15,42.668519
4.15,6,42.697809
3.7,9,42.740829
4.9,1,42.763754
3.85,8,42.803304
4.6,3,42.828196
4.6,3,42.854121
-1.75,15,42.89615
4.6,3,42.928023
4.3,5,42.960147
4.3,5,42.989443
4.3,5,43.018153
4.15,6,43.049336
3.1,13,43.095317
4.45,4,43.123905
3.55,10,43.163098
3.85,8,43.199189
4.0,7,43.235468
-1.75,15,43.281104
-1.75,15,43.322186
4.6,3,43.348113
4.45,4,43.380698
4.45,4,43.411184
-1.75,15,43.457991
-1.75,15,43.504781
3.85,8,43.544761
-3.7,15,43.753883
-1.75,15,43.79846
-1.75,15,43.858341
3.85,8,43.89301
-3.25,6,43.933145
4.6,3,43.96467
4.75,2,43.989258
-3.7,15,44.031244
3.7,9,44.067517
4.9,1,44.093666
4.0,7,44.12792
4.3,5,44.157198
3.85,8,44.199706
4.45,4,44.245472
4.3,5,44.291092
3.85,8,44.336715
4.3,5,44.381318
3.4,11,44.431364
4.15,6,44.469427
4.75,2,44.497861
3.4,11,44.54387
-1.75,15,44.603975
4.75,2,44.640264
4.0,7,44.671773
4.45,4,44.700323
4.9,1,44.730073
4.9,1,44.757131
3.85,8,44.792463
3.85,8,44.835792
4.3,5,44.867139
4.3,5,44.897628
3.85,8,44.930749
4.15,6,44.9601
3.4,11,44.995623
3.7,9,45.030555
-3.6,13,45.072544
4.45,4,45.103749
3.85,8,45.290123
4.45,4,45.314282
4.15,6,45.345006
3.85,8,45.381529
3.4,11,45.418962
4.15,6,45.44864
3.85,8,45.484021
4.15,6,45.521324
4.0,7,45.558304
4.45,4,45.593169
3.85,8,45.627341
4.3,5,45.656055
4.75,2,45.681134
4.45,4,45.712273
4.0,7,45.751986
4.6,3,45.783755
3.4,11,45.825038
3.7,9,45.859109
3.4,11,45.894586
4.15,6,45.926732
4.75,2,45.951898
4.75,2,45.975256
4.6,3,46.003889
-1.75,15,46.04735
4.6,3,46.077443
-1.75,15,46.126714
4.15,6,46.160328
4.0,7,46.198432
4.75,2,46.23049
-1.75,15,46.288486
4.75,2,46.318094
3.85,8,46.354245
4.15,6,46.390672
3.85,8,46.42766
3.7,9,46.463933
4.6,3,46.495017
-3.2,5,46.525862
4.45,4,46.556237
-3.5,11,46.760186
3.7,9,46.800955
4.9,1,46.824499
-3.25,6,46.85392
4.9,1,46.875039
3.4,11,46.917536
4.3,5,46.946688
4.45,4,46.979499
4.75,2,47.006146
4.3,5,47.037477
4.9,1,47.071402
4.45,4,47.101831
4.6,3,47.128942
4.6,3,47.160985
4.6,3,47.186097
4.45,4,47.216791
-3.3,7,47.252578
4.6,3,47.277555
4.45,4,47.303795
3.7,9,47.33972
4.0,7,47.370475
3.85,8,47.403764
4.45,4,47.429769
4.15,6,47.458213
4.75,2,47.488347
4.3,5,47.524002
4.15,6,47.55817
-3.5,11,47.596322
4.15,6,47.629467
3.7,9,47.672144
3.4,11,47.716436
4.45,4,47.746304
4.15,6,47.777656
-3.35,8,47.821421
4.15,6,47.858038
4.6,3,47.883756
4.9,1,47.905002
4.75,2,47.929365
-3.55,12,47.97104
4.15,6,48.004131
-3.6,13,48.050236
4.15,6,48.080757
4.45,4,48.107693
-3.55,12,48.1467
4.9,1,48.173285
-1.75,15,48.375
4.75,2,48.404399
4.75,2,48.426102
4.75,2,48.453172
-1.75,15,48.497239
3.55,10,48.536946
4.45,4,48.571075
4.6,3,48.598511
4.9,1,48.626261
3.85,8,48.670018
4.75,2,48.698557
-3.45,10,48.738746
4.0,7,48.77283
4.9,1,48.79825
4.75,2,48.824101
-1.75,15,48.871986
4.15,6,48.907175
4.15,6,48.938408
4.6,3,48.967483
4.75,2,48.990174
4.15,6,49.020653
4.75,2,49.045559
4.3,5,49.077578
4.6,3,49.107738
3.25,12,49.151039
3.4,11,49.190192
4.6,3,49.222852
4.3,5,49.259624
3.25,12,49.303014
2.95,14,49.356626
-3.55,12,49.403811
4.15,6,49.434901
-3.3,7,49.468041
4.15,6,49.501532
4.6,3,49.528088
-3.6,13,49.577947
4.6,3,49.605838
4.9,1,49.632027
4.6,3,49.658348
-3.5,11,49.695253
4.15,6,49.728976
-3.15,4,49.753525
4.75,2,49.919591
4.45,4,49.946292
4.45,4,49.977442
4.6,3,50.003137
4.6,3,50.030495
4.45,4,50.062252
4.3,5,50.095146
4.9,1,50.121784
3.7,9,50.156708
4.45,4,50.182635
4.6,3,50.207889
4.3,5,50.237559
4.15,6,50.267819
-1.75,15,50.31163
4.6,3,50.33909
4.9,1,50.359994
-3.05,2,50.384154
3.55,10,50.423681
4.15,6,50.458675
3.55,10,50.495543
3.4,11,50.54618
4.15,6,50.585486
4.3,5,50.620869
-3.5,11,50.661349
4.45,4,50.696155
4.75,2,50.72723
-3.25,6,50.762125
4.3,5,50.794348
4.3,5,50.82503
4.6,3,50.850545
4.6,3,50.878278
4.6,3,50.912088
4.6,3,50.946336
4.75,2,50.980881
4.45,4,51.017339
4.6,3,51.04308
4.3,5,51.078933
3.7,9,51.118569
4.3,5,51.150343
-3.7,15,51.195599
-1.75,15,51.241216
4.75,2,51.265997
4.6,3,51.294182
4.75,2,51.31948
-1.75,15,51.362646
4.0,7,51.393508
-3.15,4,51.567196
4.75,2,51.591191
3.7,9,51.635134
4.6,3,51.662162
4.75,2,51.689753
4.6,3,51.714928
-3.1,3,51.743469
3.85,8,51.77708
-1.75,15,51.821888
4.9,1,51.84257
4.45,4,51.875939
4.9,1,51.898656
4.3,5,51.927277
-3.25,6,51.959667
-3.2,5,51.988173
3.4,11,52.02747
4.45,4,52.056838
4.45,4,52.087497
4.3,5,52.115093
4.45,4,52.144878
-3.5,11,52.181401
4.6,3,52.20708
4.45,4,52.236034
4.75,2,52.263154
3.25,12,52.30936
4.0,7,52.342772
4.6,3,52.374416
4.45,4,52.409811
-3.7,15,52.461384
4.45,4,52.492723
4.6,3,52.518651
4.6,3,52.546898
4.15,6,52.577289
4.6,3,52.60921
4.75,2,52.636264
4.0,7,52.671602
4.6,3,52.700963
4.15,6,52.735049
3.4,11,52.77727
4.6,3,52.806068
4.15,6,52.838524
4.3,5,52.866453
4.45,4,52.893557
4.15,6,52.92098
4.0,7,52.960297
3.7,9,52.995322
4.3,5,53.023679
4.75,2,53.049348
3.7,9,53.229538
4.3,5,53.258179
4.15,6,53.293253
4.15,6,53.332531
4.75,2,53.363402
-1.75,15,53.409199
4.75,2,53.43575
4.6,3,53.460006
4.75,2,53.488315
4.15,6,53.520372
4.75,2,53.542788
3.85,8,53.574301
4.45,4,53.605124
4.15,6,53.637915
3.25,12,53.678554
4.6,3,53.709933
4.45,4,53.740723
4.75,2,53.764712
4.45,4,53.79966
4.15,6,53.830773
4.15,6,53.869922
4.3,5,53.901119
3.55,10,53.937923
-3.15,4,53.967941
4.15,6,53.997887
4.6,3,54.026305
4.6,3,54.057926
4.15,6,54.096108
4.75,2,54.124671
3.85,8,54.162014
4.45,4,54.193251
4.45,4,54.22489
4.75,2,54.249065
3.4,11,54.298735
-1.75,15,54.349334
4.6,3,54.374972
-1.75,15,54.419097
4.3,5,54.448692
4.3,5,54.478131
4.15,6,54.508851
4.3,5,54.535231
3.85,8,54.565092
-3.0,1,54.590298
-3.2,5,54.617955
4.0,7,54.651752
4.3,5,54.827754
-3.25,6,54.861246
4.3,5,54.888314
4.3,5,54.915038
3.7,9,54.953817
4.45,4,54.97851
4.3,5,55.007336
3.85,8,55.04138
4.0,7,55.07487
3.4,11,55.114476
4.45,4,55.144181
4.75,2,55.170037
3.7,9,55.210699
4.15,6,55.244709
3.25,12,55.283808
4.0,7,55.311254
4.0,7,55.347587
4.3,5,55.379555
4.45,4,55.407706
-1.75,15,55.454903
4.3,5,55.483027
3.85,8,55.522221
-1.75,15,55.570335
4.0,7,55.605096
3.7,9,55.64378
4.45,4,55.675492
4.75,2,55.708599
3.7,9,55.749454
4.6,3,55.778235
4.45,4,55.809327
4.6,3,55.841633
3.85,8,55.880673
3.85,8,55.917021
4.45,4,55.950003
-1.75,15,55.995334
4.9,1,56.018971
4.45,4,56.044062
4.15,6,56.079478
4.45,4,56.111766
4.45,4,56.138792
4.3,5,56.328457
4.75,2,56.359344
-3.35,8,56.398764
4.45,4,56.428767
4.15,6,56.46393
4.75,2,56.488335
-3.3,7,56.514938
4.45,4,56.542964
3.85,8,56.577979
3.85,8,56.616159
-3.25,6,56.645737
-1.75,15,56.698967
4.6,3,56.727988
4.45,4,56.766613
4.3,5,56.801065
4.6,3,56.831614
4.45,4,56.859111
3.55,10,56.894521
-1.75,15,56.936871
-1.75,15,56.985182
4.9,1,57.010192
3.55,10,57.057314
4.75,2,57.087369
3.85,8,57.136553
4.45,4,57.170491
3.55,10,57.215317
4.75,2,57.242741
4.6,3,57.274267
4.15,6,57.310615
3.7,9,57.354189
4.6,3,57.385485
-1.75,15,57.434049
4.6,3,57.470339
-3.2,5,57.503856
4.45,4,57.533946
4.3,5,57.56678
-1.75,15,57.615228
-3.45,10,57.654508
3.4,11,57.85886
4.45,4,57.887279
4.45,4,57.918627
4.45,4,57.943309
4.6,3,57.968725
3.7,9,58.003101
3.25,12,58.054423
-3.35,8,58.09107
-1.75,15,58.140787
3.7,9,58.181953
4.75,2,58.207003
-1.75,15,58.246868
2.95,14,58.2931
4.0,7,58.328753
4.45,4,58.365498
-1.75,15,58.415388
4.75,2,58.440715
-1.75,15,58.483769
4.15,6,58.518721
4.75,2,58.540921
4.0,7,58.571916
3.85,8,58.607468
4.0,7,58.644705
3.85,8,58.679829
4.45,4,58.71073
4.75,2,58.739704
4.15,6,58.77254
4.6,3,58.804529
4.6,3,58.833712
4.3,5,58.86586
-3.35,8,58.902588
4.15,6,58.930822
4.3,5,58.958179
4.6,3,58.987928
4.45,4,59.018023
4.0,7,59.050989
4.75,2,59.075297
4.9,1,59.098055
3.25,12,59.137211
3.4,11,59.333684
4.75,2,59.35753
4.0,7,59.391904
4.0,7,59.423671
4.45,4,59.452324
-3.35,8,59.487995
4.6,3,59.517211
4.75,2,59.541242
-1.75,15,59.590343
4.15,6,59.623971
4.0,7,59.65892
3.85,8,59.694093
4.45,4,59.721227
4.75,2,59.745028
4.9,1,59.770658
4.0,7,59.803782
4.75,2,59.832659
3.7,9,59.86823
4.0,7,59.90881
4.75,2,59.934844
3.85,8,59.969098
3.4,11,60.009152
3.7,9,60.041088
4.15,6,60.074019
4.75,2,60.097238
4.15,6,60.127681
4.6,3,60.155837
-1.75,15,60.206904
4.75,2,60.232644
4.45,4,60.261736
4.75,2,60.290559
4.45,4,60.322405
4.6,3,60.361033
4.6,3,60.393152
4.75,2,60.426062
4.3,5,60.458884
4.75,2,60.492162
4.15,6,60.531368
4.45,4,60.563815
3.55,10,60.609546
4.75,2,60.637693
4.45,4,60.671915
4.15,6,60.707806
4.45,4,60.739183
4.3,5,60.769282
4.6,3,60.799444
4.9,1,60.822747
-3.1,3,60.852033
4.6,3,60.879313
4.15,6,61.060517
4.6,3,61.086557
4.0,7,61.116934
4.3,5,61.144428
3.7,9,61.182574
3.55,10,61.22018
4.75,2,61.247339
3.1,13,61.291932
3.7,9,61.32631
4.75,2,61.351672
3.85,8,61.384993
4.3,5,61.418149
4.45,4,61.452964
4.3,5,61.486626
4.75,2,61.511077
4.15,6,61.542475
4.45,4,61.573148
-1.75,15,61.616725
4.75,2,61.63984
-1.75,15,61.677914
4.75,2,61.713198
3.4,11,61.754349
4.15,6,61.789437
3.85,8,61.830458
4.3,5,61.866501
4.6,3,61.900481
4.45,4,61.930496
4.0,7,61.971924
4.3,5,62.005035
4.6,3,62.0312
4.0,7,62.066016
3.7,9,62.105804
4.75,2,62.13505
4.0,7,62.171249
3.85,8,62.209641
4.45,4,62.237846
4.15,6,62.274114
3.85,8,62.30856
4.3,5,62.347672
4.15,6,62.385175
4.45,4,62.41371
4.75,2,62.440717
3.7,9,62.622087
3.25,12,62.660339
4.0,7,62.691049
4.45,4,62.721247
3.85,8,62.759909
4.0,7,62.803102
3.7,9,62.837674
3.25,12,62.874911
4.75,2,62.909054
4.45,4,62.940994
4.3,5,62.971365
4.15,6,63.001717
4.75,2,63.024939
4.6,3,63.050925
4.75,2,63.074019
-1.75,15,63.122112
4.15,6,63.153389
4.15,6,63.181316
4.45,4,63.209058
4.45,4,63.24012
4.6,3,63.265764
4.0,7,63.297541
3.85,8,63.335602
4.45,4,63.363485
3.4,11,63.403918
4.45,4,63.433917
4.45,4,63.466774
4.15,6,63.498519
4.75,2,63.525296
4.15,6,63.557707
-1.75,15,63.607633
4.15,6,63.650133
3.85,8,63.692702
4.45,4,63.723824
4.45,4,63.757063
3.55,10,63.802103
4.15,6,63.839043
3.85,8,63.875562
3.4,11,63.91227
3.4,11,64.097101
4.75,2,64.123173
4.45,4,64.151631
4.6,3,64.176086
4.75,2,64.201915
4.3,5,64.22954
3.85,8,64.268071
4.3,5,64.301324
4.75,2,64.325501
4.75,2,64.354441
4.45,4,64.385214
4.0,7,64.427086
4.0,7,64.467341
4.3,5,64.504463
4.6,3,64.530937
4.9,1,64.55997
4.15,6,64.591088
4.3,5,64.619701
3.4,11,64.658339
4.45,4,64.68437
3.55,10,64.730003
4.45,4,64.758315
4.6,3,64.783147
-1.75,15,64.824458
4.6,3,64.851569
4.75,2,64.875714
4.0,7,64.908329
4.75,2,64.936576
4.45,4,64.969658
4.6,3,64.996634
4.45,4,65.026785
4.45,4,65.062057
3.25,12,65.109302
4.45,4,65.147761
4.3,5,65.178127
4.3,5,65.212958
-3.4,9,65.253374
4.15,6,65.287529
4.6,3,65.312446
3.85,8,65.347512
3.7,9,65.387604
4.3,5,65.421402
4.3,5,65.45626
3.4,11,65.496367
3.55,10,65.539243
4.6,3,65.570304
3.55,10,65.617323
4.45,4,65.815845
-1.75,15,65.859563
4.75,2,65.886026
4.75,2,65.908672
4.6,3,65.934744
3.4,11,65.973347
4.75,2,66.004312
4.6,3,66.03142
3.4,11,66.074259
4.0,7,66.106419
4.3,5,66.136018
4.15,6,66.170709
4.45,4,66.194814
4.6,3,66.224484
4.6,3,66.251923
4.6,3,66.28065
4.6,3,66.311005
4.75,2,66.33622
4.15,6,66.366157
3.25,12,66.403584
3.4,11,66.441166
4.75,2,66.46892
4.45,4,66.498025
4.0,7,66.530751
4.3,5,66.558997
4.45,4,66.593149
3.85,8,66.632584
4.15,6,66.672258
-1.75,15,66.720021
4.45,4,66.752234
3.85,8,66.792204
4.45,4,66.824636
4.15,6,66.853776
4.75,2,66.881288
3.4,11,66.923761
4.0,7,66.957203
4.3,5,66.995244
4.3,5,67.02597
-3.65,14,67.074475
4.75,2,67.10128
3.4,11,67.151396
4.45,4,67.186327
4.45,4,67.215251
4.3,5,67.414819
-1.75,15,67.464088
4.45,4,67.49819
4.45,4,67.528035
4.75,2,67.557405
4.45,4,67.587071
3.85,8,67.620657
4.45,4,67.653553
4.6,3,67.679474
-1.75,15,67.726489
4.6,3,67.754551
3.4,11,67.797775
3.55,10,67.836714
4.75,2,67.859597
-1.75,15,67.902014
4.6,3,67.92575
3.55,10,67.962469
4.15,6,67.994802
3.7,9,68.031086
4.6,3,68.061373
-1.75,15,68.114938
3.55,10,68.154915
4.45,4,68.181252
4.6,3,68.213211
4.75,2,68.247563
3.25,12,68.289283
-1.75,15,68.334375
4.9,1,68.359431
3.85,8,68.399107
3.85,8,68.434356
4.15,6,68.467198
4.6,3,68.498443
4.6,3,68.524711
-3.05,2,68.552739
4.45,4,68.581634
4.6,3,68.60627
3.25,12,68.650403
3.55,10,68.689618
4.15,6,68.861692
-3.6,13,68.899322
4.3,5,68.926363
4.3,5,68.950968
3.4,11,68.989956
4.6,3,69.022589
3.85,8,69.057734
3.85,8,69.089851
4.45,4,69.124248
4.0,7,69.154279
3.4,11,69.194192
4.6,3,69.222059
4.3,5,69.250351
4.75,2,69.274133
4.75,2,69.300416
4.6,3,69.326548
4.15,6,69.358912
4.6,3,69.387056
4.3,5,69.418519
4.6,3,69.444325
4.45,4,69.475334
3.55,10,69.516234
4.6,3,69.542318
3.55,10,69.57979
3.4,11,69.62136
4.3,5,69.655567
4.45,4,69.685791
4.45,4,69.720536
3.85,8,69.756365
4.15,6,69.792395
3.85,8,69.833644
4.45,4,69.868175
4.75,2,69.895733
4.0,7,69.937476
4.3,5,69.969965
4.15,6,70.000502
-1.75,15,70.053892
4.3,5,70.082912
3.7,9,70.124151
4.15,6,70.158328
4.75,2,70.186354
4.6,3,70.217029
3.55,10,70.412549
3.25,12,70.458651
4.6,3,70.489656
4.3,5,70.523514
4.0,7,70.559114
4.0,7,70.596856
4.6,3,70.624138
4.3,5,70.654884
3.4,11,70.696018
3.85,8,70.728767
4.15,6,70.759997
4.45,4,70.787558
4.9,1,70.81114
4.15,6,70.847053
4.6,3,70.877308
-1.75,15,70.931952
4.75,2,70.956149
4.3,5,70.98486
4.0,7,71.02215
3.7,9,71.062953
3.85,8,71.102222
4.75,2,71.125769
-3.55,12,71.166299
4.45,4,71.197427
4.15,6,71.233145
4.6,3,71.26222
4.75,2,71.28925
4.6,3,71.31312
4.6,3,71.342339
4.75,2,71.370686
4.45,4,71.404141
4.6,3,71.436399
3.55,10,71.476554
-1.75,15,71.522995
4.6,3,71.55216
4.75,2,71.578201
4.15,6,71.61151
4.3,5,71.641887
3.7,9,71.683514
3.7,9,71.719488
3.4,11,71.759789
4.6,3,71.783924
-3.35,8,71.815838
4.6,3,71.969455
4.3,5,71.999074
3.7,9,72.036654
4.6,3,72.065944
4.15,6,72.102023
4.15,6,72.134836
3.85,8,72.166184
4.75,2,72.190857
3.7,9,72.231294
4.45,4,72.261605
4.45,4,72.294015
4.75,2,72.322841
4.3,5,72.35685
3.85,8,72.391369
4.3,5,72.423622
4.15,6,72.455862
-3.4,9,72.487454
3.55,10,72.524105
4.45,4,72.551762
4.75,2,72.577131
4.75,2,72.601926
3.7,9,72.637308
4.45,4,72.660885
4.45,4,72.689245
3.7,9,72.720414
4.6,3,72.744929
4.3,5,72.777807
-1.75,15,72.823819
2.95,14,72.866861
3.4,11,72.905863
-1.75,15,72.953966
4.6,3,72.980843
4.0,7,73.013772
4.3,5,73.043882
3.7,9,73.088027
4.15,6,73.119911
3.7,9,73.154285
4.6,3,73.183551
4.45,4,73.217246
3.55,10,73.261172
3.7,9,73.450392
4.45,4,73.485758
4.15,6,73.531655
-1.75,15,73.584165
-1.75,15,73.63394
4.0,7,73.672364
4.45,4,73.701614
3.4,11,73.74746
3.85,8,73.785882
4.15,6,73.8179
3.55,10,73.856425
3.85,8,73.890822
3.4,11,73.932196
4.45,4,73.959586
4.6,3,73.985212
3.55,10,74.02512
4.0,7,74.060725
-3.0,1,74.088987
4.45,4,74.119497
4.45,4,74.146533
4.6,3,74.172615
3.85,8,74.206358
3.4,11,74.241445
4.6,3,74.268358
4.45,4,74.293599
3.85,8,74.330256
4.45,4,74.365669
4.15,6,74.39745
3.4,11,74.437079
4.6,3,74.46736
4.75,2,74.491092
3.4,11,74.532035
4.3,5,74.569874
4.3,5,74.607306
4.6,3,74.640208
4.6,3,74.669705
4.6,3,74.697435
3.4,11,74.73839
4.3,5,74.770116
4.0,7,74.945505
4.75,2,74.968729
4.6,3,74.995717
4.9,1,75.020174
3.55,10,75.05515
4.75,2,75.079712
4.75,2,75.10939
4.6,3,75.139502
4.6,3,75.171309
4.3,5,75.208783
4.3,5,75.242254
3.4,11,75.286415
4.6,3,75.31411
4.0,7,75.349046
4.6,3,75.376754
4.9,1,75.402765
3.7,9,75.438023
4.9,1,75.459427
3.7,9,75.502439
4.45,4,75.530845
4.3,5,75.566616
4.15,6,75.595727
4.3,5,75.624994
4.45,4,75.655681
3.85,8,75.68817
4.9,1,75.708256
4.15,6,75.743823
4.0,7,75.77569
4.45,4,75.802816
4.45,4,75.833618
4.75,2,75.861142
3.4,11,75.900373
4.15,6,75.933285
4.45,4,75.964944
4.3,5,75.999532
4.15,6,76.031511
3.4,11,76.075727
4.6,3,76.108069
3.55,10,76.158143
4.15,6,76.194052
3.4,11,76.241271
4.75,2,76.268397
3.85,8,76.307144
4.45,4,76.336078
3.85,8,76.37669
4.0,7,76.416462
3.7,9,76.460848
4.45,4,76.639969
-1.75,15,76.682283
4.6,3,76.711666
4.75,2,76.736094
-1.75,15,76.781469
4.45,4,76.817161
3.85,8,76.84862
4.9,1,76.874492
4.15,6,76.906281
-1.75,15,76.952255
-3.45,10,76.989003
4.15,6,77.025144
4.75,2,77.05285
3.55,10,77.101027
4.15,6,77.139837
3.55,10,77.189412
3.55,10,77.234444
4.45,4,77.268026
4.45,4,77.301089
4.3,5,77.333298
4.6,3,77.36957
4.3,5,77.398697
3.7,9,77.438365
4.75,2,77.470026
3.85,8,77.505358
4.15,6,77.540319
4.6,3,77.568405
4.75,2,77.59814
4.15,6,77.628602
4.15,6,77.658863
-3.05,2,77.684478
-1.75,15,77.73345
4.0,7,77.774412
3.55,10,77.816495
3.85,8,77.851116
4.75,2,77.874205
4.75,2,77.898011
4.0,7,77.929138
3.85,8,77.96469
4.75,2,77.989454
3.55,10,78.173172
4.75,2,78.194768
3.85,8,78.229646
4.45,4,78.259117
3.7,9,78.303205
4.3,5,78.329793
4.15,6,78.361925
3.1,13,78.401549
4.6,3,78.426709
4.6,3,78.452051
4.6,3,78.479356
4.15,6,78.510362
4.6,3,78.539038
4.45,4,78.567251
4.75,2,78.5944
4.0,7,78.626535
3.25,12,78.667782
3.7,9,78.704035
4.3,5,78.733252
4.75,2,78.759824
4.45,4,78.792962
4.3,5,78.822699
3.85,8,78.855411
3.7,9,78.889696
3.4,11,78.931351
4.6,3,78.960123
4.3,5,78.990862
4.45,4,79.023036
4.45,4,79.052006
4.45,4,79.082799
4.9,1,79.106679
4.3,5,79.146394
4.45,4,79.178218
-3.4,9,79.22366
3.25,12,79.277447
4.15,6,79.320036
4.75,2,79.354071
3.7,9,79.391879
4.6,3,79.419637
4.75,2,79.446775
3.85,8,79.483105
4.0,7,79.519819
4.75,2,79.544398
4.6,3,79.580642
4.6,3,79.60995
4.0,7,79.643082
4.6,3,79.671639
4.3,5,79.851712
4.6,3,79.877808
4.6,3,79.90393
4.0,7,79.93563
4.45,4,79.96842
4.3,5,80.002794
4.6,3,80.036549
4.75,2,80.063702
4.15,6,80.093588
4.3,5,80.124466
4.45,4,80.152801
4.45,4,80.183269
4.0,7,80.217198
4.45,4,80.243161
4.45,4,80.271052
3.55,10,80.311054
3.85,8,80.347399
4.75,2,80.371452
4.75,2,80.395951
4.0,7,80.43359
4.3,5,80.465217
4.15,6,80.496881
4.6,3,80.525672
4.3,5,80.563449
4.75,2,80.590823
4.6,3,80.620795
3.85,8,80.664865
4.45,4,80.693002
4.75,2,80.729121
4.45,4,80.761036
4.3,5,80.793998
3.25,12,80.83446
4.3,5,80.864069
4.9,1,80.888769
4.75,2,80.911798
3.85,8,80.948957
4.75,2,80.97786
4.0,7,81.009264
4.3,5,81.040977
4.45,4,81.068025
4.75,2,81.09163
4.6,3,81.119159
2.8,15,81.160875
4.3,5,81.191244
3.55,10,81.230879
4.6,3,81.259856
4.3,5,81.300066
4.6,3,81.33306
4.3,5,81.361553
4.6,3,81.386289
4.45,4,81.414118
4.9,1,81.437555
3.4,11,81.473908
4.3,5,81.660249
4.6,3,81.68956
3.85,8,81.726443
3.7,9,81.765215
4.9,1,81.787638
4.6,3,81.816863
4.15,6,81.849469
4.75,2,81.877537
-1.75,15,81.921883
4.0,7,81.954114
3.55,10,81.988641
4.6,3,82.015563
4.6,3,82.04072
3.4,11,82.082067
3.4,11,82.11748
3.7,9,82.15527
4.3,5,82.186814
4.45,4,82.2135
3.1,13,82.258263
4.9,1,82.282658
4.6,3,82.311528
4.6,3,82.340562
4.0,7,82.375757
4.3,5,82.405546
3.85,8,82.44766
-1.75,15,82.493491
4.3,5,82.52282
4.6,3,82.555573
4.45,4,82.584516
4.6,3,82.609792
4.45,4,82.639991
-1.75,15,82.691447
4.6,3,82.722303
-1.75,15,82.770197
4.75,2,82.791685
4.45,4,82.818136
4.6,3,82.842283
3.85,8,82.876013
3.25,12,82.9143
-1.75,15,83.102235
-1.75,15,83.146654
4.9,1,83.169493
4.75,2,83.194812
4.6,3,83.223752
4.45,4,83.249918
4.15,6,83.280112
3.7,9,83.314923
4.75,2,83.33896
3.85,8,83.378882
4.15,6,83.405226
4.0,7,83.438424
3.85,8,83.472779
4.6,3,83.506581
4.15,6,83.536276
4.45,4,83.562782
4.3,5,83.590593
2.95,14,83.632677
4.3,5,83.661416
4.45,4,83.69087
3.7,9,83.73235
-1.75,15,83.783089
3.85,8,83.823369
4.3,5,83.868197
4.0,7,83.904488
4.45,4,83.935512
4.45,4,83.969495
3.7,9,84.021523
-1.75,15,84.087773
4.15,6,84.124779
3.7,9,84.165901
4.6,3,84.189949
3.25,12,84.239157
-1.75,15,84.294477
4.45,4,84.321311
3.85,8,84.354141
3.85,8,84.549234
4.0,7,84.582845
3.55,10,84.616875
3.4,11,84.651793
3.25,12,84.689246
4.3,5,84.722105
-1.75,15,84.774725
3.7,9,84.817564
3.7,9,84.861022
4.75,2,84.886429
4.15,6,84.915759
4.6,3,84.941422
4.6,3,84.968575
4.75,2,84.990761
4.75,2,85.021068
4.15,6,85.051897
3.25,12,85.09579
4.45,4,85.121705
4.15,6,85.148403
4.0,7,85.183588
4.9,1,85.208304
4.3,5,85.237157
4.75,2,85.266403
4.6,3,85.291914
4.75,2,85.320239
4.75,2,85.346637
4.75,2,85.373288
4.45,4,85.403333
4.75,2,85.434869
3.85,8,85.470351
4.75,2,85.498924
3.25,12,85.547929
4.6,3,85.583338
-1.75,15,85.62861
4.6,3,85.659252
3.7,9,85.696336
4.75,2,85.720061
4.15,6,85.757749
4.3,5,85.789742
4.9,1,85.818652
4.45,4,85.845335
4.75,2,85.866447
4.0,7,85.898853
3.7,9,85.931006
-3.4,9,86.115513
3.55,10,86.15345
3.4,11,86.189094
4.45,4,86.219342
3.85,8,86.255137
4.15,6,86.284098
3.85,8,86.318059
3.85,8,86.359422
4.15,6,86.391996
4.15,6,86.426564
3.55,10,86.470608
3.55,10,86.50792
-1.75,15,86.551957
4.9,1,86.57956
4.45,4,86.605232
3.7,9,86.645321
4.15,6,86.676642
4.0,7,86.713758
4.3,5,86.742369
4.15,6,86.773577
-3.1,3,86.805086
-1.75,15,86.85477
4.15,6,86.889662
4.15,6,86.919932
4.3,5,86.948448
4.6,3,86.978573
-1.75,15,87.030386
3.4,11,87.077653
3.85,8,87.122593
4.3,5,87.155762
4.6,3,87.191949
3.4,11,87.238268
3.85,8,87.280161
4.3,5,87.311093
4.6,3,87.341799
3.55,10,87.536563
3.55,10,87.573695
3.55,10,87.61305
4.9,1,87.638462
4.0,7,87.668632
-3.05,2,87.696719
3.4,11,87.732729
4.6,3,87.761175
-1.75,15,87.805326
-1.75,15,87.85393
4.3,5,87.883693
4.45,4,87.912993
4.6,3,87.938117
4.3,5,87.971847
4.15,6,87.999741
4.45,4,88.030091
4.6,3,88.054561
4.15,6,88.085316
3.85,8,88.122686
-3.35,8,88.1642
4.15,6,88.195554
-3.05,2,88.220107
3.25,12,88.260824
-1.75,15,88.299865
3.55,10,88.335597
3.7,9,88.368294
3.85,8,88.406801
4.15,6,88.441209
4.9,1,88.46498
3.85,8,88.504755
4.45,4,88.533107
4.45,4,88.560977
4.6,3,88.589934
3.7,9,88.632803
4.3,5,88.662703
4.0,7,88.696658
-1.75,15,88.748152
3.25,12,88.963603
4.3,5,88.999977
4.0,7,89.036011
4.3,5,89.065012
4.9,1,89.088497
4.75,2,89.117141
4.75,2,89.140568
3.4,11,89.176479
4.3,5,89.206397
4.15,6,89.24138
3.7,9,89.276639
4.0,7,89.31785
4.3,5,89.351447
4.6,3,89.380823
4.9,1,89.40351
4.3,5,89.432608
4.45,4,89.461154
4.3,5,89.493783
4.75,2,89.523434
4.6,3,89.559691
4.45,4,89.591695
4.6,3,89.623456
4.15,6,89.661866
4.75,2,89.687551
-3.4,9,89.731322
4.15,6,89.762552
4.45,4,89.786308
4.3,5,89.81475
3.85,8,89.84669
4.6,3,89.871977
4.0,7,89.899978
4.45,4,89.925364
4.45,4,89.96238
4.0,7,89.997182
4.75,2,90.024937
4.3,5,90.061675
3.7,9,90.10392
4.3,5,90.144578
-1.75,15,90.194382
3.25,12,90.236315
4.45,4,90.264669
4.6,3,90.290286
3.7,9,90.332072
4.75,2,90.356906
3.25,12,90.402308
4.75,2,90.430065
4.6,3,90.463909
4.15,6,90.684061
-3.2,5,90.715285
4.3,5,90.744918
4.3,5,90.779058
4.75,2,90.804871
3.85,8,90.83847
4.15,6,90.871731
3.7,9,90.907954
3.7,9,90.94346
4.45,4,90.972502
4.75,2,90.996803
4.45,4,91.023056
-1.75,15,91.070256
4.45,4,91.103982
4.45,4,91.142411
3.55,10,91.188359
4.75,2,91.21785
3.25,12,91.258925
4.0,7,91.289048
-1.75,15,91.333635
4.45,4,91.366301
4.75,2,91.393421
4.15,6,91.427979
4.6,3,91.459884
4.75,2,91.487785
4.3,5,91.522316
4.6,3,91.552162
3.85,8,91.593443
-1.75,15,91.651725
4.15,6,91.682409
4.45,4,91.709548
3.55,10,91.754577
4.45,4,91.786107
4.45,4,91.819127
4.75,2,91.849782
3.25,12,91.891626
4.9,1,91.917171
4.45,4,91.952994
4.75,2,91.980001
3.1,13,92.025954
3.85,8,92.066971
4.75,2,92.089719
3.55,10,92.282573
4.15,6,92.31417
4.75,2,92.33574
4.0,7,92.377099
4.3,5,92.418016
4.6,3,92.446897
3.7,9,92.482868
4.3,5,92.513892
4.45,4,92.540344
4.75,2,92.566747
4.15,6,92.601271
4.75,2,92.632778
3.4,11,92.669222
-1.75,15,92.712574
4.3,5,92.742763
3.85,8,92.777192
4.3,5,92.807273
4.6,3,92.835549
3.85,8,92.867867
4.15,6,92.896214
4.15,6,92.932176
4.15,6,92.96762
4.15,6,92.99736
4.6,3,93.023837
3.55,10,93.064194
4.9,1,93.089226
3.4,11,93.136451
-1.75,15,93.183004
4.3,5,93.212763
4.9,1,93.236326
4.15,6,93.276108
4.0,7,93.30725
4.0,7,93.345513
4.6,3,93.372117
4.15,6,93.402021
3.85,8,93.441923
4.45,4,93.476315
4.3,5,93.510522
4.45,4,93.546274
4.3,5,93.581701
4.6,3,93.608926
4.75,2,93.636803
4.75,2,93.666417
3.85,8,93.698568
4.0,7,93.884316
3.55,10,93.921198
4.3,5,93.951167
4.6,3,93.984439
4.6,3,94.015991
4.3,5,94.051449
3.4,11,94.099901
4.75,2,94.130288
4.45,4,94.159474
4.15,6,94.191291
4.75,2,94.21982
4.3,5,94.255269
4.3,5,94.290516
4.6,3,94.320977
3.55,10,94.363869
4.15,6,94.398993
4.75,2,94.42661
4.3,5,94.461694
3.55,10,94.502958
3.85,8,94.53864
4.3,5,94.569438
4.9,1,94.592251
3.4,11,94.638252
4.15,6,94.67208
4.45,4,94.701954
4.6,3,94.735126
4.15,6,94.771512
4.3,5,94.802143
4.0,7,94.83637
3.7,9,94.873022
4.15,6,94.90617
4.75,2,94.93047
4.15,6,94.96219
4.0,7,94.996679
4.3,5,95.030987
4.6,3,95.061383
4.45,4,95.093224
4.9,1,95.120976
4.45,4,95.151962
3.4,11,95.193809
4.75,2,95.218141
4.0,7,95.251107
4.45,4,95.279188
4.3,5,95.308334
4.3,5,95.344397
3.25,12,95.384688
4.75,2,95.412497
4.15,6,95.443316
4.3,5,95.617224
4.6,3,95.651869
4.3,5,95.687413
3.85,8,95.720006
3.85,8,95.753149
4.3,5,95.7822
3.4,11,95.825796
-1.75,15,95.874823
4.9,1,95.899773
4.45,4,95.925136
4.75,2,95.949222
4.3,5,95.980317
4.45,4,96.009425
-1.75,15,96.051903
4.0,7,96.085698
4.6,3,96.108032
4.0,7,96.141416
4.45,4,96.177933
4.6,3,96.204059
-1.75,15,96.250786
4.6,3,96.27634
3.25,12,96.318087
4.15,6,96.349472
4.6,3,96.376662
4.6,3,96.4123
4.75,2,96.437023
-1.75,15,96.488915
4.6,3,96.519901
4.6,3,96.5497
4.6,3,96.576105
-1.75,15,96.626285
4.75,2,96.650215
4.75,2,96.673554
4.9,1,96.698466
4.6,3,96.726957
4.6,3,96.755052
4.45,4,96.783752
3.1,13,96.825415
4.45,4,96.851692
4.9,1,96.882383
4.45,4,96.913798
4.75,2,96.940077
4.75,2,96.964795
3.4,11,96.998922
3.85,8,97.177408
4.6,3,97.205338
4.0,7,97.239788
4.75,2,97.268752
4.75,2,97.298873
4.6,3,97.326452
4.45,4,97.355173
3.85,8,97.395125
4.45,4,97.431858
4.6,3,97.466187
4.6,3,97.492573
4.9,1,97.519269
4.15,6,97.5507
4.45,4,97.57699
4.3,5,97.604999
4.75,2,97.62937
4.9,1,97.653079
3.85,8,97.686795
4.3,5,97.716802
4.3,5,97.743833
3.4,11,97.783589
3.4,11,97.819339
4.9,1,97.842668
-3.25,6,97.87323
4.3,5,97.901514
4.0,7,97.931877
4.75,2,97.952237
3.7,9,97.987542
4.6,3,98.017639
3.25,12,98.057272
4.3,5,98.093279
4.45,4,98.133065
3.85,8,98.175408
4.0,7,98.221459
4.45,4,98.253527
3.7,9,98.294756
4.75,2,98.321986
4.3,5,98.355112
4.3,5,98.390809
4.75,2,98.417456
4.6,3,98.448123
4.0,7,98.485004
2.95,14,98.52777
4.3,5,98.555811
4.45,4,98.58462
4.6,3,98.611937
4.6,3,98.636989
3.25,12,98.674186
4.45,4,98.707188
4.75,2,98.734864
4.15,6,98.902675
4.45,4,98.929497
4.0,7,98.961394
4.45,4,98.991676
4.3,5,99.024878
4.3,5,99.05657
3.4,11,99.096284
4.6,3,99.127617
3.85,8,99.161207
4.75,2,99.186425
3.85,8,99.219595
4.45,4,99.248595
-1.75,15,99.290548
4.75,2,99.317567
4.45,4,99.344459
4.3,5,99.373433
3.4,11,99.414548
4.0,7,99.447155
4.15,6,99.481977
4.45,4,99.511135
3.25,12,99.549791
4.0,7,99.589526
4.3,5,99.619378
4.0,7,99.660426
4.6,3,99.697016
4.45,4,99.726665
4.45,4,99.758307
4.15,6,99.792312
-3.45,10,99.82949
4.75,2,99.8518
4.45,4,99.881241
-1.75,15,99.925823
-1.75,15,99.964911
4.75,2,99.988541
4.9,1,100.016255
4.6,3,100.044269
-1.75,15,100.086758
3.7,9,100.119939
2.8,15,100.16431
3.4,11,100.349022
4.75,2,100.372228
-1.75,15,100.419055
4.45,4,100.450165
3.55,10,100.483699
4.6,3,100.511314
4.45,4,100.548124
4.15,6,100.586576
4.6,3,100.618222
4.75,2,100.647587
4.0,7,100.692801
4.45,4,100.724408
4.75,2,100.751444
3.85,8,100.784338
4.75,2,100.808434
4.45,4,100.83842
3.85,8,100.873896
4.9,1,100.897478
4.6,3,100.921504
3.4,11,100.957433
4.6,3,100.987087
4.15,6,101.018813
4.0,7,101.055384
-1.75,15,101.100844
4.0,7,101.15085
4.3,5,101.182734
4.45,4,101.210878
4.6,3,101.240589
4.0,7,101.276183
3.7,9,101.31739
4.75,2,101.34691
4.3,5,101.376514
3.85,8,101.415626
4.15,6,101.450334
4.3,5,101.480828
4.9,1,101.507452
4.45,4,101.542004
4.45,4,101.57063
-1.75,15,101.620884
4.75,2,101.649327
4.9,1,101.670714
4.6,3,101.704008
3.7,9,101.742723
3.55,10,101.783833
3.55,10,101.954915
-1.75,15,102.001918
4.75,2,102.027943
-1.75,15,102.071098
4.3,5,102.101486
3.7,9,102.137179
4.45,4,102.165143
3.85,8,102.197836
4.0,7,102.227558
3.25,12,102.263394
4.45,4,102.289546
4.6,3,102.317902
3.85,8,102.34902
3.7,9,102.381026
4.45,4,102.405452
3.55,10,102.44649
4.15,6,102.485195
4.15,6,102.517179
-1.75,15,102.565869
4.75,2,102.595697
4.3,5,102.625175
4.15,6,102.661738
4.3,5,102.695
4.15,6,102.722634
-3.4,9,102.765251
4.3,5,102.794342
4.3,5,102.825821
4.3,5,102.859582
4.75,2,102.884643
4.45,4,102.911597
4.3,5,102.944432
4.75,2,102.974963
4.3,5,103.005795
4.0,7,103.041145
4.6,3,103.072123
3.7,9,103.109687
4.45,4,103.137531
4.6,3,103.164009
3.55,10,103.196923
4.15,6,103.224979
4.75,2,103.399485
3.85,8,103.434247
4.6,3,103.463128
3.25,12,103.506831
4.15,6,103.5382
4.75,2,103.566287
4.45,4,103.593936
4.9,1,103.618083
4.15,6,103.646531
4.6,3,103.671441
4.75,2,103.695909
4.9,1,103.719176
4.0,7,103.751768
4.75,2,103.781008
4.45,4,103.807409
3.7,9,103.846711
4.15,6,103.882494
3.85,8,103.918982
4.6,3,103.94596
-1.75,15,103.990575
4.6,3,104.018258
-1.75,15,104.077245
4.3,5,104.115013
4.9,1,104.140162
3.55,10,104.181441
3.55,10,104.219824
4.6,3,104.251315
4.75,2,104.281722
4.6,3,104.309281
4.6,3,104.340971
4.3,5,104.371618
4.75,2,104.398318
4.3,5,104.433483
4.75,2,104.461336
4.75,2,104.490501
3.7,9,104.534656
-1.75,15,104.579247
4.0,7,104.614557
3.4,11,104.659334
4.15,6,104.694745
4.6,3,104.722103
3.55,10,104.756284
4.6,3,104.785432
4.75,2,104.814056
4.45,4,104.844351
4.0,7,104.872415
4.75,2,104.898533
4.0,7,105.095697
3.7,9,105.136705
4.9,1,105.16165
4.6,3,105.188636
4.45,4,105.219485
4.6,3,105.249574
4.45,4,105.282282
4.75,2,105.309526
-3.15,4,105.340058
4.75,2,105.368398
3.55,10,105.409589
4.3,5,105.438898
4.6,3,105.467564
4.0,7,105.505255
4.6,3,105.539758
4.45,4,105.567857
4.3,5,105.598045
4.15,6,105.628298
-3.35,8,105.667611
4.75,2,105.697172
4.15,6,105.758211
4.45,4,105.807835
3.25,12,105.860354
3.85,8,105.905568
3.85,8,105.945718
4.3,5,105.977886
4.6,3,106.012395
3.4,11,106.062269
4.75,2,106.091903
4.45,4,106.119539
4.6,3,106.148454
4.6,3,106.179532
4.45,4,106.207335
4.3,5,106.236865
4.6,3,106.264895
4.45,4,106.298258
4.45,4,106.32546
4.75,2,106.35072
3.25,12,106.395729
4.3,5,106.422499
4.75,2,106.447818
3.25,12,106.489167
4.3,5,106.520256
4.15,6,106.552029
4.6,3,106.58009
3.7,9,106.611986
4.45,4,106.643673
3.85,8,106.674764
4.45,4,106.700932
4.45,4,106.732264
-1.75,15,106.914607
4.6,3,106.940571
4.75,2,106.964554
3.7,9,106.996218
4.15,6,107.027723
4.45,4,107.05635
3.55,10,107.095578
4.6,3,107.122484
4.75,2,107.147732
4.45,4,107.172574
4.75,2,107.198011
4.15,6,107.229871
4.15,6,107.261268
4.45,4,107.288611
-1.75,15,107.342334
4.9,1,107.367787
4.75,2,107.39116
3.85,8,107.430699
-3.1,3,107.459992
4.3,5,107.491461
-1.75,15,107.543978
3.7,9,107.58376
-1.75,15,107.642955
4.3,5,107.685391
4.0,7,107.721904
4.15,6,107.759245
4.3,5,107.788965
3.25,12,107.83801
4.6,3,107.867302
4.3,5,107.905246
4.45,4,107.937252
3.7,9,107.974484
4.45,4,108.002465
3.25,12,108.051213
4.45,4,108.082449
4.45,4,108.112115
4.45,4,108.139928
-1.75,15,108.183392
4.15,6,108.214835
4.6,3,108.239603
4.75,2,108.414909
3.25,12,108.45298
4.15,6,108.484396
4.45,4,108.517131
4.3,5,108.549975
4.15,6,108.586591
4.6,3,108.617605
4.6,3,108.64482
4.3,5,108.67989
4.9,1,108.708694
3.85,8,108.746982
3.55,10,108.782728
4.0,7,108.819338
4.6,3,108.85041
4.15,6,108.888252
-1.75,15,108.932535
4.45,4,108.962464
3.7,9,109.000439
3.55,10,109.037077
4.6,3,109.068177
4.3,5,109.105491
3.55,10,109.153531
4.0,7,109.190866
4.6,3,109.219702
3.7,9,109.258633
4.6,3,109.290494
4.75,2,109.315969
4.45,4,109.345218
3.4,11,109.383764
4.0,7,109.42246
-1.75,15,109.466692
3.7,9,109.504144
4.3,5,109.53239
4.0,7,109.56674
-1.75,15,109.613814
4.45,4,109.639705
3.55,10,109.683667
3.4,11,109.869317
4.45,4,109.896948
4.0,7,109.929585
4.75,2,109.95534
4.3,5,109.986998
4.3,5,110.019209
4.45,4,110.050437
4.75,2,110.085203
4.9,1,110.114448
4.0,7,110.146206
4.3,5,110.178886
-3.15,4,110.203435
4.75,2,110.232247
3.55,10,110.272139
4.15,6,110.303326
4.6,3,110.329631
4.6,3,110.364284
4.9,1,110.396918
3.7,9,110.431465
-3.2,5,110.458151
4.3,5,110.488888
4.45,4,110.515587
-1.75,15,110.559969
4.9,1,110.582804
4.15,6,110.627759
4.45,4,110.663543
4.0,7,110.706457
-3.3,7,110.749002
4.45,4,110.781493
4.3,5,110.81658
-3.25,6,110.855982
4.0,7,110.893402
4.3,5,110.923922
4.0,7,110.964606
4.15,6,110.994499
3.4,11,111.036945
4.6,3,111.065861
3.7,9,111.102151
3.7,9,111.137433
4.45,4,111.171518
3.1,13,111.212311
-1.75,15,111.252944
4.6,3,111.28098
4.45,4,111.308775
4.9,1,111.33154
4.15,6,111.36861
3.7,9,111.548854
4.75,2,111.571836
3.85,8,111.607751
4.75,2,111.631218
3.1,13,111.678055
-1.75,15,111.722964
4.45,4,111.749698
3.25,12,111.78595
4.0,7,111.817275
4.0,7,111.849617
4.6,3,111.876471
4.75,2,111.902058
-1.75,15,111.945971
4.6,3,111.97306
3.55,10,112.010433
3.7,9,112.044125
4.9,1,112.06625
-1.75,15,112.116516
3.7,9,112.156649
3.7,9,112.195978
4.3,5,112.225452
4.75,2,112.248461
4.15,6,112.282293
4.0,7,112.314692
4.6,3,112.348061
4.6,3,112.384281
4.6,3,112.417571
4.3,5,112.456939
4.6,3,112.493135
4.45,4,112.521178
4.6,3,112.548551
4.6,3,112.576595
3.85,8,112.611328
4.6,3,112.638881
4.9,1,112.661789
4.6,3,112.687663
-3.4,9,112.719391
4.6,3,112.747763
4.15,6,112.776625
-1.75,15,112.818321
3.7,9,113.006403
4.6,3,113.032534
4.0,7,113.066239
3.4,11,113.109134
3.7,9,113.144659
-1.75,15,113.187279
4.6,3,113.21375
4.75,2,113.238672
4.9,1,113.264622
4.75,2,113.291157
4.75,2,113.313129
4.0,7,113.346584
4.6,3,113.377376
4.45,4,113.402626
4.9,1,113.423363
4.0,7,113.450666
3.85,8,113.48403
4.3,5,113.510355
3.7,9,113.54295
3.25,12,113.578795
3.85,8,113.610831
4.75,2,113.634284
4.15,6,113.66304
4.15,6,113.696041
4.45,4,113.729184
4.45,4,113.760319
4.45,4,113.794574
4.45,4,113.827401
4.6,3,113.855907
3.7,9,113.896
4.9,1,113.922866
4.6,3,113.953195
4.15,6,113.990541
3.55,10,114.035237
3.85,8,114.079964
4.15,6,114.111628
4.75,2,114.141609
4.0,7,114.182381
4.45,4,114.214364
4.0,7,114.246235
4.9,1,114.273221
4.75,2,114.29968
4.3,5,114.330395
3.4,11,114.367445
4.6,3,114.39726
3.1,13,114.443805
4.6,3,114.475832
4.3,5,114.650747
4.15,6,114.682221
4.15,6,114.716869
4.6,3,114.746552
4.45,4,114.779569
4.9,1,114.804564
4.9,1,114.82661
4.15,6,114.852939
4.45,4,114.877769
4.0,7,114.909189
3.7,9,114.940878
4.3,5,114.971056
4.15,6,115.011947
4.0,7,115.049094
4.3,5,115.078896
4.0,7,115.11157
4.75,2,115.139263
-3.45,10,115.176414
-3.2,5,115.203995
4.75,2,115.228832
3.85,8,115.265193
4.3,5,115.293419
4.6,3,115.318734
4.75,2,115.345222
4.45,4,115.374639
4.0,7,115.412935
3.55,10,115.449001
3.85,8,115.484144
4.3,5,115.518351
4.3,5,115.551879
3.7,9,115.588159
3.25,12,115.630047
4.45,4,115.661074
3.4,11,115.704329
4.45,4,115.732252
4.15,6,115.766529
4.6,3,115.795272
4.9,1,115.82092
3.85,8,115.856815
4.75,2,115.886372
4.75,2,115.911739
3.55,10,115.954991
4.6,3,115.978689
4.3,5,116.005165
4.6,3,116.033527
3.85,8,116.067164
3.1,13,116.259938
4.75,2,116.285939
3.85,8,116.325534
3.25,12,116.373763
3.55,10,116.412717
4.6,3,116.440081
4.75,2,116.465304
4.6,3,116.48914
3.85,8,116.52617
4.75,2,116.549689
4.45,4,116.575739
-1.75,15,116.616033
4.45,4,116.64126
4.45,4,116.666432
4.9,1,116.687712
4.45,4,116.713585
4.45,4,116.738454
4.0,7,116.770196
4.15,6,116.803067
4.45,4,116.834878
4.3,5,116.865527
3.85,8,116.901004
4.45,4,116.926954
4.75,2,116.953106
4.9,1,116.977284
3.55,10,117.018393
4.15,6,117.051835
3.4,11,117.109885
3.55,10,117.161218
4.3,5,117.194758
4.15,6,117.231511
3.7,9,117.274314
4.45,4,117.302859
4.15,6,117.342992
3.85,8,117.381928
4.75,2,117.412406
4.45,4,117.447596
4.75,2,117.474239
4.15,6,117.511885
4.75,2,117.54403
4.6,3,117.57682
4.3,5,117.608022
4.75,2,117.631651
4.45,4,117.66071
4.75,2,117.682585
4.6,3,117.716015
4.6,3,117.743899
4.3,5,117.771051
4.6,3,117.798723
4.6,3,117.824232
3.7,9,118.013835
4.6,3,118.039885
4.15,6,118.069243
3.85,8,118.103047
4.45,4,118.132064
4.75,2,118.157465
4.15,6,118.186446
4.6,3,118.213641
4.9,1,118.23343
3.7,9,118.266237
4.75,2,118.293279
4.45,4,118.319957
-1.75,15,118.361117
3.55,10,118.397864
4.45,4,118.433387
3.1,13,118.480401
4.3,5,118.51385
4.75,2,118.543881
4.0,7,118.576679
4.0,7,118.616536
4.3,5,118.652049
4.75,2,118.679712
4.45,4,118.71102
4.15,6,118.743539
4.6,3,118.773326
4.6,3,118.801219
4.0,7,118.831601
4.15,6,118.863441
-1.75,15,118.910064
4.6,3,118.940798
4.3,5,118.966658
3.1,13,119.005785
4.45,4,119.034165
4.45,4,119.06128
4.45,4,119.090477
4.0,7,119.122714
4.3,5,119.151175
4.75,2,119.174484
4.6,3,119.19896
4.45,4,119.233706
4.0,7,119.265665
4.9,1,119.288156
4.15,6,119.321001
4.75,2,119.348927
3.7,9,119.38505
3.25,12,119.581068
4.75,2,119.605751
4.3,5,119.634425
4.6,3,119.660126
3.85,8,119.697761
4.75,2,119.726671
4.3,5,119.752647
-3.1,3,119.778528
4.6,3,119.804149
-1.75,15,119.853292
-3.15,4,119.882018
4.75,2,119.907881
4.3,5,119.939609
3.85,8,119.975717
4.6,3,120.008468
4.75,2,120.038006
4.3,5,120.066572
4.15,6,120.098302
4.15,6,120.134277
4.0,7,120.168908
4.6,3,120.200272
4.75,2,120.229068
4.75,2,120.257569
4.3,5,120.28734
4.75,2,120.316618
4.3,5,120.346927
3.7,9,120.38168
4.9,1,120.40388
4.45,4,120.4321
4.6,3,120.462984
4.45,4,120.492984
4.6,3,120.519684
4.0,7,120.554171
4.75,2,120.576048
4.3,5,120.601976
3.55,10,120.63617
4.3,5,120.666026
3.4,11,120.713172
3.55,10,120.757812
4.45,4,120.787249
4.75,2,120.8175
-1.75,15,120.861961
4.3,5,120.89117
4.9,1,120.916481
4.15,6,120.946413
4.75,2,120.969553
4.0,7,121.001251
3.85,8,121.036498
4.45,4,121.063389
4.45,4,121.089709
-1.75,15,121.280559
4.6,3,121.313123
4.6,3,121.342391
4.9,1,121.365098
4.15,6,121.403104
4.3,5,121.433408
4.15,6,121.46161
3.7,9,121.493372
-3.3,7,121.524641
4.3,5,121.556139
4.75,2,121.581326
4.9,1,121.607979
-3.35,8,121.644752
3.25,12,121.691325
4.15,6,121.721972
4.15,6,121.751808
4.45,4,121.785867
4.15,6,121.824338
4.15,6,121.864531
4.45,4,121.89257
3.85,8,121.926203
3.4,11,121.963896
4.3,5,122.001959
4.6,3,122.033346
4.3,5,122.063212
4.9,1,122.087573
4.15,6,122.117965
4.45,4,122.152403
4.75,2,122.182494
4.45,4,122.213928
4.45,4,122.239238
4.45,4,122.268481
4.0,7,122.301325
-3.4,9,122.339708
4.45,4,122.3679
3.85,8,122.408028
4.0,7,122.439783
3.4,11,122.477024
4.45,4,122.504126
4.15,6,122.533788
4.3,5,122.563777
4.6,3,122.586299
3.7,9,122.62011
4.6,3,122.644972
4.45,4,122.673556
4.9,1,122.698154
3.85,8,122.730276
3.25,12,122.914185
4.75,2,122.939995
4.3,5,122.967713
4.45,4,122.9943
3.85,8,123.027568
3.4,11,123.064699
4.15,6,123.09698
4.15,6,123.129218
3.55,10,123.165313
4.75,2,123.192628
4.45,4,123.220462
-1.75,15,123.267511
4.3,5,123.304069
-1.75,15,123.353933
3.7,9,123.398701
-1.75,15,123.459652
4.6,3,123.490394
4.6,3,123.517335
4.9,1,123.544308
3.4,11,123.585866
4.3,5,123.61543
4.9,1,123.638499
4.45,4,123.66634
4.75,2,123.689086
4.45,4,123.716573
4.3,5,123.746005
-1.75,15,123.790334
-1.75,15,123.830595
4.75,2,123.85319
4.9,1,123.875854
4.0,7,123.909512
4.3,5,123.935611
3.4,11,123.972599
3.25,12,124.013622
3.55,10,124.051782
3.85,8,124.094232
4.3,5,124.126396
4.6,3,124.326697
3.55,10,124.366294
4.15,6,124.400419
4.3,5,124.43621
-1.75,15,124.478101
4.15,6,124.506378
4.9,1,124.527634
4.75,2,124.549649
4.45,4,124.578331
4.3,5,124.607761
4.0,7,124.650085
3.85,8,124.682535
4.9,1,124.709754
4.6,3,124.74147
3.85,8,124.777296
3.4,11,124.818465
4.15,6,124.848675
4.3,5,124.883223
4.6,3,124.90791
4.45,4,124.940075
4.45,4,124.969402
4.75,2,124.998477
3.85,8,125.035812
3.25,12,125.078876
4.3,5,125.108213
4.0,7,125.141104
4.0,7,125.172241
4.75,2,125.202934
4.15,6,125.233944
4.0,7,125.265715
4.6,3,125.290918
4.15,6,125.32299
4.45,4,125.350209
4.0,7,125.389416
4.0,7,125.421189
3.55,10,125.457436
-3.25,6,125.490371
4.0,7,125.522339
4.15,6,125.553742
4.6,3,125.580144
4.3,5,125.610197
3.4,11,125.652305
-1.75,15,125.831834
4.45,4,125.858288
-1.75,15,125.900274
4.75,2,125.928508
4.75,2,125.956834
4.45,4,125.987687
3.55,10,126.038288
3.4,11,126.080273
3.25,12,126.126485
4.75,2,126.156236
4.6,3,126.183579
4.6,3,126.213753
4.3,5,126.240236
3.85,8,126.276463
3.7,9,126.311817
4.0,7,126.342661
4.3,5,126.373412
4.9,1,126.397167
4.45,4,126.430792
4.0,7,126.465592
4.6,3,126.497527
4.6,3,126.532763
4.45,4,126.565492
4.45,4,126.602341
4.15,6,126.644632
4.15,6,126.676812
4.3,5,126.705648
4.3,5,126.7368
4.3,5,126.766484
4.6,3,126.791653
4.75,2,126.818398
4.45,4,126.849491
4.0,7,126.882715
3.4,11,126.921355
3.7,9,126.955077
3.85,8,126.986206
4.45,4,127.013196
4.6,3,127.037841
3.1,13,127.078803
4.6,3,127.107476
4.75,2,127.13453
4.75,2,127.156162
4.15,6,127.185253
-1.75,15,127.228331
-1.75,15,127.431417
4.6,3,127.462216
4.15,6,127.498065
3.55,10,127.539248
4.45,4,127.56763
4.0,7,127.603335
4.3,5,127.63402
4.15,6,127.667208
4.0,7,127.70616
4.15,6,127.74046
4.3,5,127.77998
4.6,3,127.811623
4.0,7,127.849958
3.7,9,127.895759
4.0,7,127.92654
4.6,3,127.955326
4.9,1,127.978641
4.75,2,128.007551
3.55,10,128.046572
4.15,6,128.082298
4.6,3,128.111087
-1.75,15,128.159739
4.9,1,128.191216
4.3,5,128.220842
4.3,5,128.256114
4.6,3,128.283563
3.55,10,128.321494
4.3,5,128.354469
4.45,4,128.379762
3.7,9,128.414406
3.85,8,128.447733
3.85,8,128.483438
4.0,7,128.522837
4.3,5,128.551532
4.6,3,128.579662
4.15,6,128.610176
4.6,3,128.637375
3.85,8,128.667916
4.45,4,128.693271
4.6,3,128.720655
4.6,3,128.754467
4.75,2,128.782737
3.85,8,128.81453
3.85,8,128.848922
4.75,2,128.873571
4.75,2,129.047644
4.15,6,129.07869
4.0,7,129.111163
4.75,2,129.132049
4.3,5,129.160842
4.0,7,129.192389
4.3,5,129.22113
-1.75,15,129.265551
4.45,4,129.297111
4.75,2,129.319847
4.6,3,129.350792
4.45,4,129.381076
4.3,5,129.413338
4.6,3,129.442529
4.6,3,129.475583
4.3,5,129.51107
4.15,6,129.549366
4.45,4,129.586602
3.7,9,129.63006
4.6,3,129.663818
4.75,2,129.691134
4.75,2,129.718784
4.45,4,129.747922
4.3,5,129.776522
4.6,3,129.804355
4.6,3,129.830778
-1.75,15,129.87423
3.7,9,129.908639
4.15,6,129.939245
4.3,5,129.969592
4.6,3,129.997191
3.7,9,130.034876
-3.15,4,130.065461
4.6,3,130.09372
4.6,3,130.11773
4.45,4,130.145227
3.4,11,130.182555
4.15,6,130.218659
4.6,3,130.249693
4.75,2,130.273555
3.55,10,130.308964
3.7,9,130.347112
4.6,3,130.370795
3.7,9,130.404675
4.45,4,130.431536
4.0,7,130.465195
4.75,2,130.490992
4.9,1,130.515459
-1.75,15,130.726168
4.6,3,130.761656
4.3,5,130.796181
3.85,8,130.832354
4.15,6,130.862167
4.3,5,130.889031
4.9,1,130.916827
4.45,4,130.948692
4.6,3,130.973946
3.55,10,131.012798
4.15,6,131.045707
4.45,4,131.076042
4.15,6,131.105723
3.85,8,131.141952
4.6,3,131.168527
3.85,8,131.202342
4.6,3,131.231055
4.9,1,131.260526
4.3,5,131.29415
4.3,5,131.330472
4.3,5,131.36556
4.75,2,131.397403
4.15,6,131.436224
4.75,2,131.462602
4.45,4,131.49465
4.0,7,131.525648
4.15,6,131.56267
4.6,3,131.5949
-1.75,15,131.640585
-1.75,15,131.682296
4.3,5,131.715881
4.3,5,131.746714
-1.75,15,131.789356
3.85,8,131.822522
4.15,6,131.849786
-1.75,15,131.889307
4.0,7,131.916271
4.45,4,131.943657
4.6,3,131.966651
4.6,3,131.991643
4.15,6,132.022777
4.15,6,132.051948
4.45,4,132.080576
4.15,6,132.260337
4.0,7,132.291697
4.6,3,132.315594
4.6,3,132.342808
4.3,5,132.370937
-1.75,15,132.418937
4.75,2,132.445346
4.75,2,132.474882
4.45,4,132.508796
-1.75,15,132.555837
-1.75,15,132.60187
4.6,3,132.631941
3.1,13,132.67955
3.7,9,132.71685
4.75,2,132.744524
-1.75,15,132.788553
-1.75,15,132.831798
3.7,9,132.867199
4.3,5,132.89553
-1.75,15,132.944171
4.45,4,132.970104
4.3,5,133.00425
4.45,4,133.036276
4.45,4,133.06476
4.15,6,133.098443
3.55,10,133.132325
4.45,4,133.162196
4.6,3,133.189812
4.6,3,133.220329
4.15,6,133.248591
4.9,1,133.27233
4.75,2,133.296713
4.3,5,133.333124
4.45,4,133.362401
4.6,3,133.38812
4.75,2,133.410824
4.0,7,133.441358
4.75,2,133.462938
4.9,1,133.487301
4.0,7,133.522955
4.45,4,133.552474
4.75,2,133.580766
4.45,4,133.609374
4.45,4,133.6346
4.3,5,133.822973
4.45,4,133.850764
4.6,3,133.878581
4.9,1,133.908051
4.15,6,133.943133
4.0,7,133.976303
3.7,9,134.02595
4.0,7,134.072268
4.15,6,134.109288
4.45,4,134.142772
-3.45,10,134.18068
4.6,3,134.207389
4.45,4,134.243941
4.6,3,134.278781
4.75,2,134.311594
4.45,4,134.352043
4.6,3,134.382274
3.4,11,134.42763
-1.75,15,134.480906
4.6,3,134.511656
4.6,3,134.541178
4.75,2,134.56767
4.3,5,134.597596
3.85,8,134.631825
4.3,5,134.658905
4.3,5,134.6926
4.9,1,134.714744
4.6,3,134.740864
4.0,7,134.770985
4.45,4,134.797625
-1.75,15,134.852934
4.6,3,134.878552
4.45,4,134.903637
4.3,5,134.930307
4.75,2,134.951865
4.75,2,134.975567
4.9,1,134.997779
4.6,3,135.029423
3.55,10,135.070438
4.75,2,135.095916
4.6,3,135.123847
4.6,3,135.147952
4.45,4,135.1764
-1.75,15,135.218637
4.45,4,135.247326
4.45,4,135.283443
4.45,4,135.315011
4.45,4,135.344484
4.3,5,135.370522
-3.2,5,135.399215
4.75,2,135.427068
4.3,5,135.609849
4.75,2,135.63274
4.45,4,135.663621
4.3,5,135.694401
4.6,3,135.722018
4.3,5,135.752723
3.4,11,135.79449
4.9,1,135.820259
4.45,4,135.84921
4.6,3,135.885584
-1.75,15,135.931802
4.75,2,135.958889
4.45,4,135.98957
4.3,5,136.024666
4.75,2,136.050345
3.1,13,136.101534
4.0,7,136.13657
4.3,5,136.167157
4.0,7,136.200622
4.45,4,136.234347
4.6,3,136.263071
3.55,10,136.301576
4.75,2,136.327377
4.6,3,136.350273
4.75,2,136.376355
4.0,7,136.40766
4.75,2,136.432523
4.9,1,136.45693
4.15,6,136.488074
4.3,5,136.51627
4.0,7,136.550716
4.6,3,136.57968
4.45,4,136.609658
3.25,12,136.649366
4.75,2,136.678494
3.7,9,136.717849
4.15,6,136.755052
4.6,3,136.782286
4.3,5,136.810826
3.4,11,136.847048
4.6,3,136.872165
-3.05,2,136.894187
4.45,4,136.922343
4.0,7,136.952912
-1.75,15,136.994798
4.0,7,137.030492
3.55,10,137.065501
4.6,3,137.256307
4.3,5,137.29117
4.0,7,137.325289
3.85,8,137.358902
3.4,11,137.403626
4.75,2,137.430624
4.3,5,137.463535
3.4,11,137.503259
4.15,6,137.535594
4.6,3,137.563935
4.3,5,137.598619
4.15,6,137.633337
4.6,3,137.663587
3.7,9,137.698611
4.9,1,137.725137
4.45,4,137.761605
4.15,6,137.799881
4.45,4,137.83012
-1.75,15,137.875028
4.45,4,137.90296
3.7,9,137.939176
4.3,5,137.966986
4.0,7,138.004691
-3.25,6,138.037585
4.3,5,138.065301
4.75,2,138.091201
4.3,5,138.117082
3.7,9,138.149717
4.6,3,138.176048
3.25,12,138.216462
4.45,4,138.244256
4.75,2,138.265442
4.45,4,138.292276
4.45,4,138.317236
4.0,7,138.348045
4.75,2,138.378312
4.3,5,138.411234
3.7,9,138.451541
4.6,3,138.478413
4.45,4,138.506382
4.45,4,138.533616
4.15,6,138.567933
4.9,1,138.594564
3.7,9,138.639635
4.45,4,138.668164
3.85,8,138.707281
-3.6,13,138.901002
4.3,5,138.932662
4.3,5,138.970277
4.9,1,138.999941
4.15,6,139.035938
4.75,2,139.062663
4.75,2,139.089452
4.3,5,139.125053
4.6,3,139.15643
4.75,2,139.180395
4.3,5,139.214917
4.75,2,139.240533
4.6,3,139.268343
4.15,6,139.299083
4.75,2,139.324065
4.75,2,139.346757
4.6,3,139.373366
4.45,4,139.399527
3.55,10,139.438682
4.75,2,139.462673
4.75,2,139.490507
4.15,6,139.517594
3.85,8,139.549849
4.3,5,139.57942
3.7,9,139.616352
3.7,9,139.649204
3.4,11,139.687615
4.3,5,139.715652
4.75,2,139.738266
4.0,7,139.774279
4.45,4,139.801813
4.0,7,139.838249
4.15,6,139.867013
4.75,2,139.89274
4.3,5,139.925015
4.3,5,139.958537
4.75,2,139.983424
4.0,7,140.015683
4.3,5,140.044754
4.75,2,140.069814
4.75,2,140.096066
4.75,2,140.128293
4.0,7,140.162769
4.6,3,140.193625
4.75,2,140.221397
3.55,10,140.261819
4.3,5,140.291237
4.3,5,140.317466
4.6,3,140.349125
4.15,6,140.386491
3.1,13,140.427979
4.6,3,140.454206
4.3,5,140.644229
4.75,2,140.667945
4.75,2,140.698794
4.9,1,140.730358
4.45,4,140.761819
4.75,2,140.797203
4.6,3,140.828233
4.15,6,140.860774
3.85,8,140.903798
4.3,5,140.931583
4.75,2,140.957825
4.75,2,140.983687
4.0,7,141.013226
4.75,2,141.043176
4.6,3,141.075177
4.6,3,141.103363
4.3,5,141.131971
3.55,10,141.170404
4.6,3,141.195984
-3.3,7,141.226585
4.0,7,141.256822
4.45,4,141.28466
4.6,3,141.313208
3.55,10,141.350539
4.45,4,141.378649
4.6,3,141.407056
4.75,2,141.431827
4.75,2,141.457543
4.75,2,141.481977
4.15,6,141.510114
4.15,6,141.539496
4.6,3,141.565918
4.6,3,141.594487
4.15,6,141.629071
4.15,6,141.660606
3.7,9,141.693724
3.85,8,141.726455
4.9,1,141.75477
-1.75,15,141.798286
4.6,3,141.82377
4.3,5,141.854568
4.15,6,141.885159
4.75,2,141.913773
3.85,8,141.952441
4.45,4,141.980194
4.6,3,142.010206
3.55,10,142.054847
4.3,5,142.086857
3.25,12,142.133991
3.85,8,142.170066
4.45,4,142.19785
3.85,8,142.394251
3.7,9,142.431233
4.75,2,142.45743
4.75,2,142.479263
4.45,4,142.511357
4.6,3,142.537737
4.15,6,142.568453
4.9,1,142.591057
3.4,11,142.631484
4.6,3,142.660935
4.9,1,142.681038
4.6,3,142.709926
4.45,4,142.737032
4.15,6,142.773356
4.45,4,142.804519
4.15,6,142.834152
4.3,5,142.862317
4.0,7,142.893465
4.6,3,142.920321
4.15,6,142.958453
3.7,9,142.990448
3.7,9,143.025622
4.3,5,143.054744
4.45,4,143.08043
3.7,9,143.120499
4.75,2,143.149282
4.75,2,143.173634
4.0,7,143.207053
4.3,5,143.239113
4.0,7,143.273282
3.4,11,143.31041
4.6,3,143.336938
4.0,7,143.369085
4.6,3,143.397649
4.9,1,143.419221
3.7,9,143.458104
3.85,8,143.498121
4.3,5,143.526944
4.6,3,143.559161
4.45,4,143.591133
4.9,1,143.612113
4.75,2,143.641499
4.0,7,143.67366
4.3,5,143.701375
4.15,6,143.736803
4.45,4,143.773321
4.75,2,143.801053
4.3,5,143.837582
4.15,6,143.86787
3.55,10,143.905431
4.9,1,143.929291
4.0,7,143.963243
3.55,10,144.148983
3.55,10,144.183794
3.55,10,144.234739
4.75,2,144.261026
4.45,4,144.288155
4.75,2,144.313761
3.1,13,144.356021
-1.75,15,144.405834
4.15,6,144.442401
4.3,5,144.467684
4.15,6,144.505365
4.75,2,144.529533
4.15,6,144.561351
3.85,8,144.59301
3.85,8,144.628927
4.6,3,144.659757
4.6,3,144.690667
4.6,3,144.715083
4.6,3,144.747872
4.75,2,144.773635
4.45,4,144.805774
4.15,6,144.837109
4.15,6,144.866036
4.0,7,144.898654
4.3,5,144.927664
4.0,7,144.958939
4.3,5,144.989123
3.85,8,145.027332
4.6,3,145.054098
2.95,14,145.098467
4.0,7,145.136609
4.45,4,145.168064
4.15,6,145.202612
4.3,5,145.232503
3.7,9,145.276917
4.75,2,145.304274
3.7,9,145.344032
-1.75,15,145.391459
4.9,1,145.414856
4.75,2,145.444905
4.45,4,145.478421
4.15,6,145.520221
4.0,7,145.712634
4.9,1,145.733654
3.25,12,145.772249
4.75,2,145.79651
4.6,3,145.823596
4.3,5,145.853915
4.45,4,145.882074
4.45,4,145.908265
4.0,7,145.949212
4.15,6,145.978864
4.3,5,146.013032
4.45,4,146.043236
4.0,7,146.078497
3.25,12,146.117062
3.7,9,146.15206
4.15,6,146.183945
4.75,2,146.209414
4.75,2,146.232638
3.4,11,146.274762
4.3,5,146.304589
3.7,9,146.340479
4.3,5,146.368264
4.45,4,146.39491
4.9,1,146.418269
3.25,12,146.460166
4.75,2,146.480991
4.6,3,146.510001
-1.75,15,146.556753
4.3,5,146.587532
3.7,9,146.626431
3.85,8,146.666178
3.55,10,146.70877
4.3,5,146.740345
3.7,9,146.776488
4.6,3,146.8067
4.15,6,146.837302
4.3,5,146.865818
-1.75,15,146.909727
4.45,4,146.938961
4.75,2,146.964216
4.0,7,147.001889
4.0,7,147.188673
4.45,4,147.217683
4.6,3,147.245436
3.55,10,147.282953
4.9,1,147.307337
4.45,4,147.333884
-1.75,15,147.382557
4.75,2,147.406992
4.0,7,147.439604
4.6,3,147.465023
4.45,4,147.503897
4.6,3,147.530878
4.75,2,147.556024
4.45,4,147.586267
4.45,4,147.613518
4.3,5,147.642616
4.45,4,147.669946
4.3,5,147.698633
4.45,4,147.730557
4.3,5,147.766598
4.3,5,147.798588
4.3,5,147.837861
4.45,4,147.864864
4.75,2,147.897068
4.6,3,147.931233
4.45,4,147.959143
3.25,12,147.995784
3.4,11,148.030589
4.75,2,148.056609
-3.15,4,148.082073
4.3,5,148.112281
-1.75,15,148.163939
3.7,9,148.202504
3.4,11,148.243451
3.55,10,148.287425
-1.75,15,148.337877
4.0,7,148.375093
4.75,2,148.397384
4.45,4,148.43465
4.6,3,148.464257
3.4,11,148.507015
4.3,5,148.538738
3.85,8,148.573028
4.6,3,148.598607
4.75,2,148.626499
3.85,8,148.822737
4.45,4,148.848761
4.6,3,148.875879
4.6,3,148.899419
4.9,1,148.923295
4.6,3,148.948228
4.3,5,148.975792
4.6,3,149.00226
3.7,9,149.038729
4.3,5,149.066691
4.9,1,149.092948
4.3,5,149.124582
4.3,5,149.154677
3.85,8,149.185637
4.6,3,149.211072
4.0,7,149.241123
3.25,12,149.281194
4.15,6,149.317824
4.3,5,149.349127
4.75,2,149.375012
4.15,6,149.406625
4.6,3,149.433372
-1.75,15,149.480791
4.0,7,149.514902
4.15,6,149.548736
3.25,12,149.587509
4.3,5,149.615593
4.3,5,149.645439
4.6,3,149.674234
3.55,10,149.719672
4.3,5,149.751089
4.75,2,149.781206
4.75,2,149.81065
-1.75,15,149.854946
4.15,6,149.886542
3.25,12,149.929347
-1.75,15,149.976801
4.75,2,150.000375
4.15,6,150.037334
4.15,6,150.071484
4.6,3,150.098232
4.75,2,150.12386
-1.75,15,150.344654
4.75,2,150.371854
4.6,3,150.397665
3.85,8,150.435347
4.9,1,150.465306
3.85,8,150.504215
4.0,7,150.539327
4.6,3,150.569583
3.55,10,150.613571
4.3,5,150.65202
3.7,9,150.685651
4.0,7,150.716681
3.55,10,150.754562
4.75,2,150.780109
3.85,8,150.819751
4.6,3,150.844944
4.6,3,150.870083
3.7,9,150.904248
3.55,10,150.93951
4.15,6,150.96841
4.15,6,150.996606
4.6,3,151.02931
3.4,11,151.072351
3.85,8,151.104383
3.7,9,151.138367
3.7,9,151.174273
4.9,1,151.198482
4.45,4,151.229079
4.0,7,151.262505
4.6,3,151.289836
4.75,2,151.316165
4.45,4,151.348494
4.75,2,151.377555
4.6,3,151.409425
4.6,3,151.437498
3.7,9,151.47626
4.6,3,151.50636
4.3,5,151.539698
4.15,6,151.575792
4.0,7,151.615849
-3.7,15,151.684148
4.45,4,151.726835
4.45,4,151.764313
-1.75,15,151.982087
4.75,2,152.008566
4.3,5,152.040805
4.3,5,152.068705
4.6,3,152.092561
4.15,6,152.124215
4.6,3,152.149334
4.45,4,152.176488
3.85,8,152.212914
4.45,4,152.240021
4.75,2,152.262751
4.0,7,152.294607
4.15,6,152.323817
3.25,12,152.362488
4.75,2,152.388602
3.85,8,152.428178
4.6,3,152.456956
3.55,10,152.495269
4.15,6,152.528423
4.6,3,152.558015
-1.75,15,152.607134
3.85,8,152.643635
-3.6,13,152.688706
4.15,6,152.721936
4.6,3,152.749025
-3.4,9,152.785596
4.3,5,152.814575
4.75,2,152.841285
-1.75,15,152.887188
3.1,13,152.935826
-3.3,7,152.968576
3.55,10,153.004283
3.85,8,153.040437
4.45,4,153.07281
4.0,7,153.109971
4.45,4,153.14118
4.15,6,153.175585
4.3,5,153.20546
4.45,4,153.238628
4.3,5,153.274832
-3.35,8,153.47422
4.6,3,153.501306
4.15,6,153.531626
4.0,7,153.565522
4.75,2,153.589495
4.0,7,153.623935
4.45,4,153.654828
4.0,7,153.687218
4.0,7,153.720184
4.3,5,153.749524
4.3,5,153.780586
4.75,2,153.806754
4.3,5,153.833052
4.45,4,153.86203
4.75,2,153.887738
4.0,7,153.917295
3.55,10,153.953282
4.3,5,153.9798
4.45,4,154.006667
-3.25,6,154.041091
3.85,8,154.0841
4.6,3,154.119142
4.75,2,154.144387
-3.55,12,154.189253
4.75,2,154.222224
3.85,8,154.256772
-3.65,14,154.307162
4.15,6,154.339749
4.0,7,154.374982
4.6,3,154.40391
4.45,4,154.429486
4.75,2,154.456957
4.75,2,154.487519
3.55,10,154.526587
4.45,4,154.558889
4.75,2,154.580944
4.6,3,154.610193
4.3,5,154.642393
4.75,2,154.671743
-1.75,15,154.719737
4.75,2,154.745981
4.6,3,154.775527
4.75,2,154.799017
4.75,2,154.826821
4.15,6,154.864642
3.25,12,154.906158
-1.75,15,155.107569
4.6,3,155.131156
-1.75,15,155.174827
4.9,1,155.206676
4.0,7,155.238114
4.75,2,155.260998
4.0,7,155.292873
3.7,9,155.327244
4.75,2,155.353868
4.75,2,155.375095
4.15,6,155.407703
4.6,3,155.437614
4.0,7,155.47108
4.9,1,155.497753
4.75,2,155.52623
4.9,1,155.553849
4.0,7,155.586528
4.45,4,155.619791
4.15,6,155.649625
4.6,3,155.675041
4.75,2,155.70036
3.85,8,155.735318
4.15,6,155.766599
3.85,8,155.804505
4.0,7,155.83719
3.85,8,155.870682
-3.25,6,155.899843
4.6,3,155.924168
-1.75,15,155.963398
4.15,6,155.98945
4.75,2,156.013978
4.9,1,156.037802
4.75,2,156.064154
-1.75,15,156.115652
4.6,3,156.144908
4.9,1,156.169653
4.75,2,156.196476
4.0,7,156.23731
4.9,1,156.266078
4.45,4,156.299361
-3.45,10,156.352668
3.7,9,156.390623
3.7,9,156.432752
3.4,11,156.480355
4.45,4,156.513995
4.15,6,156.547725
4.3,5,156.582054
-3.3,7,156.777563
4.45,4,156.804978
4.75,2,156.826988
4.3,5,156.858436
4.45,4,156.887019
4.3,5,156.917292
4.15,6,156.952865
3.7,9,156.988791
3.85,8,157.024407
4.6,3,157.055523
4.6,3,157.08167
4.6,3,157.109025
3.55,10,157.143946
-1.75,15,157.186952
3.4,11,157.227391
3.85,8,157.260372
4.6,3,157.289651
4.15,6,157.319924
4.6,3,157.344708
4.75,2,157.372477
4.3,5,157.410772
3.7,9,157.455977
4.0,7,157.499041
4.9,1,157.525083
3.85,8,157.562864
4.3,5,157.593897
-3.15,4,157.624004
4.9,1,157.650987
4.75,2,157.67596
4.3,5,157.710979
4.45,4,157.74241
4.45,4,157.770902
3.25,12,157.816927
4.6,3,157.849991
4.45,4,157.880069
4.6,3,157.906336
4.6,3,157.9332
3.85,8,157.967982
4.45,4,157.994013
3.25,12,158.035264
3.4,11,158.076486
4.3,5,158.107681
4.75,2,158.133715
4.6,3,158.15978
3.85,8,158.194761
4.6,3,158.226669
-3.3,7,158.259703
4.6,3,158.439193
4.0,7,158.472428
4.15,6,158.511463
4.9,1,158.538098
4.0,7,158.571957
4.6,3,158.5977
3.7,9,158.641313
4.6,3,158.665758
4.9,1,158.691614
3.85,8,158.729631
4.6,3,158.756815
4.45,4,158.789568
4.15,6,158.824907
3.55,10,158.866017
4.15,6,158.897766
4.6,3,158.922085
3.7,9,158.956307
4.45,4,158.98425
4.75,2,159.007462
3.25,12,159.049856
3.55,10,159.091774
4.0,7,159.125964
4.6,3,159.158999
4.45,4,159.191276
4.3,5,159.224302
4.45,4,159.257025
4.45,4,159.286556
4.15,6,159.317915
4.0,7,159.351837
4.45,4,159.380033
-3.3,7,159.412869
4.45,4,159.44224
-1.75,15,159.495357
3.7,9,159.53888
3.7,9,159.579434
4.15,6,159.62237
4.45,4,159.663241
3.4,11,159.720602
4.0,7,159.772688
4.45,4,159.806629
4.6,3,159.831957
4.45,4,159.859536
4.0,7,159.896624
4.0,7,160.078711
4.6,3,160.106296
4.45,4,160.133727
4.6,3,160.16004
4.45,4,160.186595
4.45,4,160.217075
3.4,11,160.26184
-3.2,5,160.298407
4.0,7,160.340294
3.55,10,160.382499
4.45,4,160.409315
4.75,2,160.43504
4.75,2,160.458821
3.85,8,160.491896
3.7,9,160.527543
3.85,8,160.561261
3.55,10,160.60204
4.0,7,160.637804
4.0,7,160.670319
4.3,5,160.702945
3.85,8,160.741838
4.3,5,160.774469
4.6,3,160.805626
4.15,6,160.837438
3.85,8,160.876584
4.75,2,160.906284
-1.75,15,160.954186
4.6,3,160.987205
3.55,10,161.022482
-1.75,15,161.07589
4.3,5,161.106869
4.75,2,161.13259
4.15,6,161.16502
4.9,1,161.189548
4.6,3,161.219792
4.6,3,161.244297
4.75,2,161.272901
4.3,5,161.313615
4.15,6,161.351994
4.45,4,161.378545
4.6,3,161.404325
3.85,8,161.439963
4.45,4,161.465506
4.15,6,161.494772
3.85,8,161.52769
-1.75,15,161.718585
-1.75,15,161.764236
2.95,14,161.809742
4.45,4,161.837423
-3.35,8,161.872184
4.45,4,161.900145
4.45,4,161.92552
4.45,4,161.951252
4.45,4,161.979096
4.6,3,162.007089
4.3,5,162.041705
3.85,8,162.076279
4.0,7,162.10733
3.55,10,162.143536
4.0,7,162.177499
4.3,5,162.206451
-1.75,15,162.247839
4.15,6,162.279271
4.6,3,162.305603
4.6,3,162.33285
4.15,6,162.362643
4.75,2,162.389532
4.75,2,162.412309
4.75,2,162.435615
4.15,6,162.467884
3.55,10,162.506835
4.75,2,162.53371
-1.75,15,162.583638
4.15,6,162.621436
4.6,3,162.652591
4.0,7,162.689299
4.45,4,162.718152
4.75,2,162.745333
4.15,6,162.777467
3.55,10,162.818546
-1.75,15,162.859938
4.3,5,162.891979
4.45,4,162.918125
4.15,6,163.095895
4.3,5,163.126029
4.9,1,163.153637
4.6,3,163.17792
4.75,2,163.201484
4.0,7,163.231125
4.6,3,163.259393
4.0,7,163.291131
4.0,7,163.319851
4.75,2,163.343644
4.45,4,163.370844
4.45,4,163.39739
-1.75,15,163.453046
3.55,10,163.493481
4.3,5,163.52509
3.7,9,163.561935
4.6,3,163.590502
4.15,6,163.624029
3.85,8,163.65877
4.45,4,163.688837
4.3,5,163.719082
4.6,3,163.744053
4.75,2,163.771453
4.3,5,163.80345
4.75,2,163.831204
3.7,9,163.876709
4.75,2,163.901663
4.6,3,163.930093
3.85,8,163.962155
3.7,9,164.002392
-1.75,15,164.050536
4.45,4,164.079351
4.6,3,164.110046
4.75,2,164.138946
4.15,6,164.173888
4.0,7,164.20989
4.45,4,164.244431
4.15,6,164.284198
4.45,4,164.314866
4.9,1,164.34402
4.0,7,164.384315
4.45,4,164.415669
4.15,6,164.452488
4.45,4,164.483824
3.85,8,164.517916
3.4,11,164.563575
4.6,3,164.596849
4.3,5,164.632736
4.6,3,164.812303
4.45,4,164.841121
3.85,8,164.872713
4.15,6,164.908266
4.15,6,164.940311
3.4,11,164.977046
4.9,1,165.002335
4.15,6,165.02996
4.3,5,165.061656
4.3,5,165.092372
4.15,6,165.126814
4.45,4,165.159132
4.75,2,165.188444
4.9,1,165.209076
4.45,4,165.236789
4.3,5,165.263647
3.85,8,165.299494
4.45,4,165.330833
4.3,5,165.359236
4.15,6,165.391548
4.45,4,165.419921
4.75,2,165.445617
4.45,4,165.474869
4.6,3,165.50289
3.55,10,165.540709
4.3,5,165.571507
4.15,6,165.601439
4.15,6,165.635099
3.55,10,165.674543
4.3,5,165.711875
4.9,1,165.747534
-1.75,15,165.793825
4.75,2,165.820611
4.9,1,165.844453
4.6,3,165.866938
4.75,2,165.888669
4.9,1,165.915021
4.75,2,165.947246
4.6,3,165.973145
-1.75,15,166.021555
4.15,6,166.058336
4.15,6,166.094314
4.3,5,166.126472
3.55,10,166.168043
4.3,5,166.19868
4.3,5,166.225615
4.45,4,166.254375
3.4,11,166.290318
4.45,4,166.32353
4.15,6,166.481936
4.15,6,166.514318
4.3,5,166.544533
4.15,6,166.579293
3.7,9,166.613883
3.25,12,166.652165
-1.75,15,166.695652
4.45,4,166.727747
4.15,6,166.768086
4.3,5,166.804487
4.6,3,166.831977
4.15,6,166.862556
4.75,2,166.886742
4.6,3,166.913992
4.6,3,166.939336
4.45,4,166.967689
4.45,4,166.996109
4.0,7,167.027036
4.75,2,167.056311
4.3,5,167.08575
4.6,3,167.112187
4.6,3,167.146247
4.45,4,167.178796
4.0,7,167.21064
3.7,9,167.25473
4.6,3,167.282838
4.75,2,167.311269
4.0,7,167.354527
4.45,4,167.386168
4.15,6,167.418833
4.0,7,167.457261
4.45,4,167.486631
4.6,3,167.516876
3.85,8,167.556504
4.45,4,167.585396
4.15,6,167.624888
4.15,6,167.661493
4.6,3,167.686769
3.1,13,167.728632
4.6,3,167.756258
4.3,5,167.788327
4.45,4,167.819032
4.45,4,167.849957
4.45,4,167.877577
4.45,4,167.909506
3.4,11,167.949257
4.3,5,167.98761
3.4,11,168.168148
4.45,4,168.195029
4.15,6,168.227973
4.3,5,168.257246
4.75,2,168.282189
4.9,1,168.306947
4.3,5,168.335886
4.9,1,168.361156
3.4,11,168.406054
4.3,5,168.436978
4.75,2,168.463671
4.3,5,168.494097
3.7,9,168.531301
4.45,4,168.561219
4.9,1,168.585579
-1.75,15,168.631934
4.75,2,168.656722
3.25,12,168.696977
4.0,7,168.728792
3.1,13,168.772126
4.45,4,168.801525
4.75,2,168.829626
4.75,2,168.854025
3.7,9,168.898567
4.0,7,168.927522
4.75,2,168.957036
3.25,12,168.998848
4.9,1,169.023393
3.55,10,169.059526
4.6,3,169.091115
4.45,4,169.127416
3.85,8,169.170846
4.15,6,169.210226
4.75,2,169.237238
4.3,5,169.267906
4.75,2,169.290533
4.75,2,169.313304
3.85,8,169.351075
4.0,7,169.386883
4.3,5,169.424329
4.0,7,169.460264
3.7,9,169.497478
2.95,14,169.541808
4.45,4,169.569307
4.75,2,169.592714
3.85,8,169.765003
4.75,2,169.790241
3.85,8,169.821213
3.85,8,169.853186
4.6,3,169.883086
-1.75,15,169.923623
4.3,5,169.953398
4.45,4,169.979397
4.15,6,170.012419
4.3,5,170.042131
3.4,11,170.08257
3.25,12,170.121791
3.55,10,170.158069
4.3,5,170.18655
3.7,9,170.221388
4.3,5,170.252165
4.3,5,170.28344
4.75,2,170.308723
4.6,3,170.336053
3.85,8,170.373499
4.45,4,170.403386
4.6,3,170.43466
4.9,1,170.460504
-3.15,4,170.491131
4.9,1,170.516534
2.95,14,170.562082
4.15,6,170.593622
3.7,9,170.633259
4.6,3,170.66499
4.6,3,170.692583
-1.75,15,170.736589
4.6,3,170.770763
4.6,3,170.798512
4.45,4,170.828105
4.6,3,170.854755
-1.75,15,170.903784
-3.55,12,170.951723
4.75,2,170.974529
4.45,4,171.006107
4.6,3,171.040127
4.75,2,171.066974
4.6,3,171.091931
4.6,3,171.119551
4.0,7,171.297276
4.45,4,171.326169
4.9,1,171.34889
3.55,10,171.384022
4.15,6,171.415955
4.6,3,171.447888
4.45,4,171.476806
4.0,7,171.515441
4.75,2,171.543714
3.25,12,171.583945
4.45,4,171.611022
4.45,4,171.642372
4.6,3,171.66846
3.55,10,171.708542
-1.75,15,171.753749
4.15,6,171.785872
4.45,4,171.809618
4.6,3,171.833627
4.45,4,171.862616
3.4,11,171.902354
4.75,2,171.927817
4.3,5,171.958913
4.9,1,171.985245
4.75,2,172.014373
4.15,6,172.044584
4.45,4,172.073208
4.6,3,172.100993
4.75,2,172.126225
4.45,4,172.155383
-1.75,15,172.202972
4.45,4,172.231109
4.45,4,172.257828
4.75,2,172.284781
4.9,1,172.316326
4.45,4,172.346047
4.75,2,172.381716
3.85,8,172.413283
4.9,1,172.435624
3.85,8,172.475217
4.45,4,172.501259
4.75,2,172.524882
3.4,11,172.560053
4.3,5,172.591817
3.7,9,172.627127
4.6,3,172.654143
4.75,2,172.67662
3.4,11,172.720332
4.3,5,172.749516
3.25,12,172.930629
4.6,3,172.962723
4.3,5,172.990817
4.75,2,173.014928
4.9,1,173.038136
4.75,2,173.065188
4.45,4,173.093076
4.0,7,173.124931
4.6,3,173.152506
4.0,7,173.187691
4.6,3,173.215409
4.3,5,173.245998
4.75,2,173.270877
4.45,4,173.299847
4.45,4,173.326671
4.6,3,173.354608
4.75,2,173.380076
3.4,11,173.424291
4.6,3,173.45316
3.4,11,173.497335
3.7,9,173.534953
4.15,6,173.572571
4.6,3,173.600066
4.75,2,173.626556
3.7,9,173.66262
4.3,5,173.693921
4.75,2,173.723607
4.3,5,173.754236
4.45,4,173.789367
3.25,12,173.833313
4.6,3,173.865855
4.45,4,173.895277
4.9,1,173.922818
4.3,5,173.954665
4.0,7,173.991162
4.6,3,174.017745
4.45,4,174.047649
3.85,8,174.080923
4.3,5,174.108231
4.3,5,174.139778
3.4,11,174.180185
4.75,2,174.205425
3.7,9,174.250205
4.0,7,174.291766
4.6,3,174.320523
3.7,9,174.360107
4.75,2,174.386608
4.6,3,174.412104
3.1,13,174.462219
4.15,6,174.496703
4.0,7,174.690126
4.0,7,174.723887
4.3,5,174.75564
-1.75,15,174.806886
4.45,4,174.84023
4.3,5,174.869695
3.1,13,174.916911
4.6,3,174.945754
3.25,12,174.987269
4.0,7,175.027263
4.75,2,175.060777
4.6,3,175.090547
3.7,9,175.130323
4.0,7,175.163066
3.55,10,175.199196
3.85,8,175.234991
4.75,2,175.258569
3.4,11,175.300546
3.7,9,175.336317
4.45,4,175.36381
-1.75,15,175.409972
4.15,6,175.44245
3.85,8,175.482116
4.0,7,175.513797
4.3,5,175.545158
4.45,4,175.574795
4.6,3,175.601904
4.9,1,175.630118
3.85,8,175.663338
4.0,7,175.692328
3.85,8,175.7264
4.75,2,175.757385
4.9,1,175.78058
4.6,3,175.804433
4.45,4,175.830072
-3.45,10,175.869099
-1.75,15,175.908007
3.7,9,175.943928
4.15,6,176.115616
4.3,5,176.146814
4.6,3,176.172982
4.75,2,176.202315
4.45,4,176.236405
3.7,9,176.278593
4.3,5,176.309225
4.9,1,176.331296
3.85,8,176.365447
3.55,10,176.405096
-1.75,15,176.453229
4.15,6,176.484094
4.45,4,176.511925
4.45,4,176.543652
4.0,7,176.584475
-3.15,4,176.61196
3.25,12,176.656855
4.75,2,176.687469
4.6,3,176.717604
3.85,8,176.756823
4.3,5,176.788679
3.4,11,176.835812
3.7,9,176.877348
3.55,10,176.916996
4.75,2,176.940187
4.3,5,176.974617
4.75,2,177.004694
4.75,2,177.03376
3.85,8,177.069238
4.75,2,177.099426
4.75,2,177.125951
3.1,13,177.169689
3.55,10,177.20556
4.75,2,177.231551
3.85,8,177.272404
4.0,7,177.312012
4.3,5,177.341054
4.15,6,177.372799
3.7,9,177.418161
4.9,1,177.444148
4.75,2,177.473464
4.45,4,177.507619
4.75,2,177.53541
4.9,1,177.564067
-1.75,15,177.811189
4.6,3,177.842401
3.4,11,177.892588
4.0,7,177.926973
4.45,4,177.958601
3.85,8,177.996383
4.6,3,178.024051
4.0,7,178.065656
3.7,9,178.107082
4.45,4,178.141035
4.0,7,178.181836
4.3,5,178.217498
4.0,7,178.252303
-1.75,15,178.30493
4.3,5,178.338427
4.3,5,178.384166
3.4,11,178.430112
3.55,10,178.469324
4.15,6,178.508015
-1.75,15,178.56017
4.45,4,178.598148
4.45,4,178.634816
4.3,5,178.669717
-1.75,15,178.71937
3.85,8,178.750697
4.6,3,178.77588
3.55,10,178.815734
4.6,3,178.843238
4.45,4,178.879694
4.15,6,178.909582
4.6,3,178.937433
4.6,3,178.967049
4.3,5,178.997546
3.7,9,179.032474
4.3,5,179.064362
-1.75,15,179.104298
3.55,10,179.277488
-1.75,15,179.327224
4.6,3,179.357121
4.6,3,179.38322
4.6,3,179.408713
4.45,4,179.442281
4.0,7,179.480493
4.15,6,179.511511
4.3,5,179.539379
4.45,4,179.569749
4.45,4,179.595276
4.15,6,179.626934
-1.75,15,179.680155
3.85,8,179.717768
3.7,9,179.759325
4.0,7,179.792443
3.55,10,179.834015
4.45,4,179.868769
4.6,3,179.896223
4.75,2,179.923394
4.0,7,179.954519
4.45,4,179.98448
3.7,9,180.02062
4.9,1,180.041297
4.75,2,180.068484
3.7,9,180.105348
3.7,9,180.151706
4.45,4,180.181962
3.85,8,180.220871
3.1,13,180.269586
4.75,2,180.294436
4.0,7,180.32675
4.45,4,180.357995
4.15,6,180.390617
4.75,2,180.412503
4.3,5,180.443378
3.55,10,180.487637
3.55,10,180.529551
4.3,5,180.562415
4.75,2,180.586677
4.15,6,180.618405
3.7,9,180.655982
3.55,10,180.846892
4.6,3,180.874445
4.3,5,180.909894
4.3,5,180.949043
4.6,3,180.976758
4.45,4,181.009118
4.75,2,181.043904
4.75,2,181.069279
4.6,3,181.099949
3.7,9,181.145589
4.45,4,181.178336
2.95,14,181.226827
4.45,4,181.258737
-1.75,15,181.3116
4.75,2,181.344211
4.9,1,181.374021
3.85,8,181.412038
4.45,4,181.442652
4.6,3,181.4715
4.0,7,181.510201
4.6,3,181.536735
4.45,4,181.572612
4.75,2,181.597485
4.6,3,181.626214
3.7,9,181.666589
4.45,4,181.697371
4.3,5,181.730398
4.0,7,181.765817
4.3,5,181.794434
4.45,4,181.823927
4.75,2,181.850295
4.75,2,181.876483
-1.75,15,181.922732
4.0,7,181.954774
3.7,9,181.993393
3.55,10,182.03147
4.75,2,182.055608
4.0,7,182.086702
4.45,4,182.113772
4.0,7,182.145532
4.9,1,182.170741
-1.75,15,182.217822
4.6,3,182.242928
4.45,4,182.269037
4.15,6,182.301422
4.6,3,182.332024
4.3,5,182.360799
4.0,7,182.538756
4.15,6,182.571014
4.15,6,182.600041
4.6,3,182.625791
3.85,8,182.657862
4.6,3,182.682863
4.6,3,182.710946
4.45,4,182.740327
3.85,8,182.773539
4.3,5,182.803375
4.3,5,182.83271
4.45,4,182.867054
3.85,8,182.908277
4.75,2,182.937569
4.0,7,182.969265
4.0,7,183.003661
4.9,1,183.032444
3.7,9,183.068776
4.0,7,183.099754
3.4,11,183.148083
4.6,3,183.173576
4.6,3,183.203091
4.15,6,183.236258
4.75,2,183.269471
3.55,10,183.31864
4.75,2,183.349278
4.15,6,183.381454
4.15,6,183.41621
4.45,4,183.441745
4.45,4,183.475045
4.0,7,183.507407
4.6,3,183.534744
4.45,4,183.564431
4.6,3,183.589945
3.85,8,183.625231
4.45,4,183.654732
4.45,4,183.68766
4.75,2,183.71496
3.4,11,183.752975
4.3,5,183.781869
-1.75,15,183.823679
4.0,7,183.853777
-1.75,15,183.899957
4.75,2,183.922677
4.75,2,183.945516
4.75,2,183.9681
4.45,4,183.997323
4.15,6,184.186264
4.6,3,184.219393
3.1,13,184.2629
4.15,6,184.294301
4.3,5,184.333482
4.45,4,184.36599
4.6,3,184.39919
4.0,7,184.43497
4.9,1,184.46651
4.15,6,184.509521
4.6,3,184.542298
3.7,9,184.583506
3.7,9,184.632723
3.85,8,184.669284
-1.75,15,184.719456
4.6,3,184.749278
3.55,10,184.786539
3.85,8,184.824815
4.0,7,184.857272
4.75,2,184.881368
3.85,8,184.912791
4.6,3,184.936508
4.6,3,184.962672
4.3,5,184.993537
4.3,5,185.025759
4.3,5,185.055869
4.75,2,185.081457
4.3,5,185.109197
3.7,9,185.14661
4.3,5,185.175898
4.3,5,185.207854
4.45,4,185.23689
4.15,6,185.264681
4.6,3,185.290812
4.45,4,185.322364
4.75,2,185.352388
4.75,2,185.383565
4.6,3,185.411907
-1.75,15,185.457845
3.4,11,185.493521
-1.75,15,185.538097
4.0,7,185.570677
4.75,2,185.752155
3.85,8,185.788366
4.6,3,185.819064
4.0,7,185.849696
4.6,3,185.877251
4.75,2,185.90083
3.7,9,185.936033
3.4,11,185.974675
4.45,4,186.001521
-3.0,1,186.026089
4.6,3,186.054467
4.0,7,186.086946
4.45,4,186.116024
3.25,12,186.157361
4.15,6,186.19487
4.15,6,186.227808
-1.75,15,186.277574
4.45,4,186.305687
4.3,5,186.335636
4.9,1,186.361167
4.45,4,186.389535
-1.75,15,186.437985
4.3,5,186.46748
4.45,4,186.497328
4.45,4,186.529848
4.75,2,186.559765
3.85,8,186.597818
4.45,4,186.623909
4.75,2,186.649089
3.7,9,186.6883
4.3,5,186.718932
4.45,4,186.74645
-1.75,15,186.789979
4.3,5,186.817304
3.55,10,186.854404
4.3,5,186.884995
3.4,11,186.923985
4.6,3,186.948749
4.75,2,186.974254
3.7,9,187.00688
4.3,5,187.039067
4.6,3,187.06731
4.6,3,187.098718
4.45,4,187.13167
4.15,6,187.303079
4.75,2,187.326083
3.7,9,187.363161
4.6,3,187.388419
3.7,9,187.424232
4.15,6,187.455007
4.15,6,187.487233
3.55,10,187.526838
4.0,7,187.56326
3.4,11,187.607405
4.3,5,187.648118
3.25,12,187.69615
-1.75,15,187.749499
3.85,8,187.790473
4.3,5,187.834469
4.15,6,187.870419
4.9,1,187.900863
4.75,2,187.92607
4.45,4,187.969415
3.4,11,188.01584
4.45,4,188.05011
4.3,5,188.082832
4.15,6,188.121563
3.85,8,188.158182
4.75,2,188.182897
4.75,2,188.213238
4.3,5,188.241172
4.0,7,188.275393
4.45,4,188.305108
3.85,8,188.341582
4.3,5,188.374121
4.45,4,188.403097
3.85,8,188.444317
4.0,7,188.480606
4.6,3,188.510009
4.6,3,188.539244
4.6,3,188.567854
4.6,3,188.597361
4.6,3,188.622597
4.3,5,188.652419
4.3,5,188.678894
3.85,8,188.712535
4.6,3,188.743716
4.3,5,188.775839
-3.0,1,188.800679
4.45,4,188.826551
3.85,8,189.002426
3.85,8,189.03633
4.3,5,189.069527
4.45,4,189.095587
4.45,4,189.120096
4.0,7,189.151294
4.45,4,189.18433
4.6,3,189.215547
3.25,12,189.258091
-3.3,7,189.292276
4.75,2,189.323353
4.45,4,189.35418
3.7,9,189.392574
4.0,7,189.426383
3.55,10,189.468515
3.4,11,189.511843
4.6,3,189.545066
4.9,1,189.57075
4.9,1,189.600928
4.45,4,189.627613
4.75,2,189.656441
4.6,3,189.684574
4.15,6,189.71431
4.75,2,189.74044
-1.75,15,189.78412
4.15,6,189.813006
4.6,3,189.840219
4.3,5,189.873623
4.45,4,189.90157
3.55,10,189.935593
3.7,9,189.97328
4.9,1,189.998556
4.45,4,190.022875
3.1,13,190.069505
4.0,7,190.101251
3.85,8,190.142131
4.0,7,190.176555
4.45,4,190.202627
4.75,2,190.229992
3.25,12,190.268037
4.45,4,190.299401
4.0,7,190.337752
4.15,6,190.368039
4.3,5,190.547265
4.0,7,190.577831
4.45,4,190.606601
4.15,6,190.641203
4.3,5,190.674555
3.25,12,190.719025
4.45,4,190.745175
-1.75,15,190.790035
4.3,5,190.821355
3.7,9,190.857442
4.15,6,190.894097
4.15,6,190.924063
4.9,1,190.955143
3.7,9,190.993726
-1.75,15,191.045774
4.45,4,191.076732
4.15,6,191.111216
3.55,10,191.153526
3.7,9,191.193118
3.85,8,191.237663
3.55,10,191.276232
3.55,10,191.316032
4.6,3,191.346767
4.45,4,191.374324
4.75,2,191.399283
4.9,1,191.421494
4.6,3,191.449296
4.45,4,191.476558
3.25,12,191.518374
4.6,3,191.547042
4.45,4,191.577092
4.45,4,191.60667
4.75,2,191.632945
3.4,11,191.670798
4.45,4,191.698431
4.0,7,191.731059
4.15,6,191.762857
4.75,2,191.786009
3.7,9,191.823502
-1.75,15,192.021397
4.6,3,192.050791
3.85,8,192.087113
4.0,7,192.12291
4.6,3,192.149798
4.6,3,192.174723
4.0,7,192.207437
3.85,8,192.243508
4.9,1,192.266479
4.75,2,192.294959
4.15,6,192.325637
4.0,7,192.36126
4.3,5,192.389368
4.45,4,192.422089
4.6,3,192.457633
4.15,6,192.495343
4.6,3,192.526774
4.75,2,192.553074
4.3,5,192.585109
3.25,12,192.624382
4.15,6,192.661672
3.4,11,192.707258
4.45,4,192.744078
4.15,6,192.786691
3.4,11,192.832782
4.6,3,192.858104
4.75,2,192.885888
4.9,1,192.910951
4.75,2,192.943275
4.3,5,192.979029
4.6,3,193.011284
4.6,3,193.036124
3.4,11,193.080275
4.6,3,193.105993
4.45,4,193.137174
4.3,5,193.167696
4.75,2,193.192667
4.9,1,193.22276
4.75,2,193.25241
-1.75,15,193.292463
4.45,4,193.319233
4.75,2,193.342864
3.7,9,193.377523
4.45,4,193.406111
-1.75,15,193.461609
3.55,10,193.505862
4.75,2,193.532621
4.6,3,193.558841
4.0,7,193.58957
4.3,5,193.770943
3.85,8,193.818559
4.3,5,193.850229
4.6,3,193.873797
4.15,6,193.903357
4.75,2,193.925706
4.75,2,193.953734
4.15,6,193.985627
4.75,2,194.008189
4.3,5,194.037521
4.15,6,194.073389
4.6,3,194.10611
4.0,7,194.141805
4.3,5,194.170079
4.3,5,194.202325
4.6,3,194.23156
3.85,8,194.267579
4.3,5,194.300977
4.3,5,194.333
4.15,6,194.372275
-1.75,15,194.430234
4.3,5,194.462785
3.25,12,194.510603
4.75,2,194.53717
4.6,3,194.563775
-1.75,15,194.610706
4.3,5,194.638648
4.3,5,194.665305
4.6,3,194.688374
4.15,6,194.71913
3.25,12,194.756801
4.3,5,194.787965
4.3,5,194.81773
4.3,5,194.848831
4.3,5,194.880741
4.6,3,194.906761
3.55,10,194.943696
4.15,6,194.974339
4.6,3,195.000844
3.7,9,195.034516
-1.75,15,195.082167
3.55,10,195.120753
3.55,10,195.308407
-1.75,15,195.354881
-1.75,15,195.397424
4.3,5,195.430963
4.75,2,195.454446
4.75,2,195.481375
4.45,4,195.512117
-1.75,15,195.556013
4.6,3,195.585745
4.15,6,195.617718
3.55,10,195.652725
4.15,6,195.688716
3.85,8,195.724493
4.75,2,195.751169
4.45,4,195.785973
4.45,4,195.817267
3.85,8,195.852172
4.15,6,195.884031
4.0,7,195.91858
4.75,2,195.942937
3.55,10,195.982873
4.6,3,196.014235
3.4,11,196.060333
4.45,4,196.090004
3.7,9,196.124856
3.85,8,196.159908
4.6,3,196.187501
-1.75,15,196.231056
4.9,1,196.253756
3.25,12,196.290079
4.15,6,196.322636
3.55,10,196.357832
4.45,4,196.388304
3.55,10,196.425061
4.3,5,196.461437
3.55,10,196.50335
4.6,3,196.676901
4.45,4,196.708873
3.85,8,196.751239
4.75,2,196.778495
3.55,10,196.821548
4.0,7,196.857069
4.6,3,196.887226
4.45,4,196.917698
3.7,9,196.952331
4.6,3,196.978784
-1.75,15,197.027708
3.85,8,197.065065
4.15,6,197.103405
3.85,8,197.147644
3.85,8,197.180987
3.55,10,197.220834
4.6,3,197.251092
4.3,5,197.283468
4.9,1,197.30792
4.9,1,197.336058
4.45,4,197.367938
3.7,9,197.405641
4.75,2,197.434646
4.15,6,197.468131
4.45,4,197.503116
4.6,3,197.533697
4.3,5,197.568234
4.15,6,197.603749
4.75,2,197.633739
4.0,7,197.676523
4.45,4,197.706237
3.55,10,197.747634
4.3,5,197.781657
4.75,2,197.810931
3.25,12,197.862792
4.45,4,197.888142
4.6,3,197.913589
4.45,4,197.943794
3.85,8,197.982574
3.7,9,198.021762
4.15,6,198.056005
4.15,6,198.088603
3.4,11,198.129283
4.45,4,198.155299
4.45,4,198.184133
4.6,3,198.347081
4.0,7,198.378384
4.75,2,198.403126
4.6,3,198.427716
4.15,6,198.458384
4.0,7,198.497173
3.4,11,198.535283
4.75,2,198.562408
4.45,4,198.599255
4.6,3,198.626607
3.4,11,198.667094
4.0,7,198.703373
4.9,1,198.725752
4.3,5,198.760321
3.7,9,198.801742
3.7,9,198.837701
4.75,2,198.867007
4.3,5,198.895514
4.15,6,198.925288
3.7,9,198.960655
4.6,3,198.98666
4.9,1,199.013002
4.9,1,199.035484
4.6,3,199.06612
4.6,3,199.093038
4.75,2,199.120742
4.75,2,199.151596
3.55,10,199.198191
4.15,6,199.230482
4.75,2,199.255011
4.15,6,199.286724
4.45,4,199.316057
4.15,6,199.350101
4.45,4,199.378569
-1.75,15,199.421078
4.9,1,199.443444
-1.75,15,199.488118
4.6,3,199.51539
4.9,1,199.536364
4.75,2,199.56724
4.3,5,199.596565
4.3,5,199.626222
3.85,8,199.65998
4.15,6,199.690493
4.75,2,199.715682
4.3,5,199.747689
4.0,7,199.78408
4.75,2,199.809614
4.3,5,199.839819
4.15,6,199.881301
3.85,8,200.0665
4.45,4,200.091062
3.85,8,200.131907
4.75,2,200.156444
4.3,5,200.186428
-3.0,1,200.209729
-1.75,15,200.257369
4.75,2,200.286215
4.6,3,200.313924
3.85,8,200.349407
3.85,8,200.384251
4.3,5,200.415003
4.6,3,200.441634
4.75,2,200.46906
4.45,4,200.500018
4.15,6,200.539129
4.6,3,200.569917
4.3,5,200.601192
3.4,11,200.648615
4.75,2,200.681993
4.6,3,200.70971
3.7,9,200.746545
4.75,2,200.770106
4.15,6,200.799489
4.0,7,200.828467
4.75,2,200.851959
4.6,3,200.878277
4.6,3,200.900899
3.25,12,200.944179
4.75,2,200.970842
4.75,2,200.99968
3.85,8,201.034181
4.3,5,201.066257
4.0,7,201.101197
-1.75,15,201.162944
4.45,4,201.19457
4.3,5,201.229696
4.6,3,201.256513
4.0,7,201.297692
4.45,4,201.323455
4.6,3,201.353951
4.9,1,201.381074
4.75,2,201.406091
4.9,1,201.433836
4.15,6,201.468553
4.45,4,201.496006
-3.3,7,201.528831
3.25,12,201.568185
3.7,9,201.60598
4.45,4,201.774222
4.3,5,201.807344
4.9,1,201.833266
3.85,8,201.871617
3.85,8,201.911303
4.75,2,201.934703
3.85,8,201.972254
-1.75,15,202.019279
4.3,5,202.053834
4.15,6,202.088731
4.9,1,202.116064
4.0,7,202.157889
4.75,2,202.187322
4.6,3,202.219592
4.75,2,202.247214
4.3,5,202.2781
4.6,3,202.304284
4.6,3,202.33156
4.9,1,202.355196
3.55,10,202.401522
2.95,14,202.450994
3.25,12,202.487797
4.6,3,202.517551
4.75,2,202.543385
4.9,1,202.565134
4.3,5,202.591649
4.3,5,202.622132
3.7,9,202.656177
4.0,7,202.689861
-1.75,15,202.738842
4.9,1,202.761894
3.85,8,202.802414
3.55,10,202.838124
3.85,8,202.868137
4.0,7,202.903521
4.6,3,202.928081
3.85,8,202.961179
4.6,3,202.984965
4.0,7,203.019297
3.7,9,203.051395
4.45,4,203.080831
4.3,5,203.10895
4.6,3,203.136772
-1.75,15,203.330791
4.15,6,203.364245
3.85,8,203.398834
4.0,7,203.432655
4.6,3,203.461172
4.45,4,203.499117
3.85,8,203.540475
3.55,10,203.581374
2.95,14,203.62291
4.3,5,203.653306
-1.75,15,203.703284
3.7,9,203.743863
3.7,9,203.780077
4.15,6,203.810563
4.0,7,203.840093
4.6,3,203.866211
4.45,4,203.893576
4.3,5,203.928414
4.15,6,203.959588
4.15,6,203.986325
4.3,5,204.016572
4.45,4,204.045494
-1.75,15,204.090529
4.6,3,204.116882
4.3,5,204.14917
4.0,7,204.184643
4.0,7,204.216353
3.55,10,204.250367
4.3,5,204.282638
4.45,4,204.317281
4.6,3,204.345505
4.6,3,204.378648
4.3,5,204.411824
4.6,3,204.443372
3.7,9,204.483985
4.45,4,204.511609
4.75,2,204.538734
3.55,10,204.581441
4.6,3,204.60989
4.6,3,204.634464
4.15,6,204.813323
4.6,3,204.84191
4.15,6,204.874704
4.15,6,204.902651
3.85,8,204.938517
4.3,5,204.966953
3.7,9,205.002256
4.3,5,205.033101
3.85,8,205.071783
4.75,2,205.101343
4.45,4,205.130618
3.55,10,205.173525
4.3,5,205.209939
4.45,4,205.237628
4.9,1,205.264849
4.9,1,205.29496
4.45,4,205.327425
4.45,4,205.361562
3.55,10,205.399139
4.15,6,205.434451
4.6,3,205.463161
4.3,5,205.489492
4.15,6,205.519322
3.85,8,205.552767
4.15,6,205.583126
4.3,5,205.611329
4.15,6,205.64652
-1.75,15,205.694585
4.6,3,205.720862
4.6,3,205.752281
4.15,6,205.789557
-1.75,15,205.831774
4.6,3,205.857739
4.45,4,205.888046
4.75,2,205.917787
4.75,2,205.94615
3.7,9,205.982005
3.4,11,206.020143
3.7,9,206.058281
3.85,8,206.096568
4.9,1,206.12124
4.75,2,206.143586
4.75,2,206.168389
3.7,9,206.204733
4.6,3,206.234971
4.3,5,206.26657
-1.75,15,206.461489
4.45,4,206.487153
4.75,2,206.514199
4.0,7,206.55383
4.45,4,206.589059
3.55,10,206.625648
-1.75,15,206.677174
4.0,7,206.715001
4.15,6,206.753608
4.75,2,206.780806
4.15,6,206.816135
4.75,2,206.84352
-1.75,15,206.890514
4.3,5,206.932057
-3.45,10,206.97118
4.9,1,207.003307
3.7,9,207.044914
3.4,11,207.085397
4.15,6,207.115723
4.6,3,207.138999
4.9,1,207.16342
4.45,4,207.196894
4.75,2,207.223278
4.45,4,207.253463
4.6,3,207.281464
4.75,2,207.308706
4.15,6,207.338774
4.75,2,207.364842
-1.75,15,207.407574
-3.35,8,207.440753
4.3,5,207.470223
-1.75,15,207.523472
4.3,5,207.553684
-1.75,15,207.597787
4.75,2,207.62059
4.3,5,207.653527
3.25,12,207.696661
4.15,6,207.728893
4.3,5,207.763534
4.45,4,207.950986
3.85,8,207.983306
4.45,4,208.013336
3.7,9,208.047436
4.3,5,208.074153
-1.75,15,208.136707
4.45,4,208.170714
4.75,2,208.196736
4.75,2,208.226927
4.45,4,208.258548
4.3,5,208.290815
3.1,13,208.334546
4.3,5,208.371611
4.45,4,208.404238
4.6,3,208.435004
4.3,5,208.46779
4.45,4,208.499916
4.45,4,208.525506
3.85,8,208.566043
4.6,3,208.596734
4.3,5,208.638521
4.15,6,208.686283
4.0,7,208.73188
4.15,6,208.768383
3.7,9,208.815562
4.45,4,208.840216
4.15,6,208.870893
4.6,3,208.894982
4.3,5,208.927128
4.6,3,208.949421
4.75,2,208.977409
-1.75,15,209.021309
3.55,10,209.059504
4.3,5,209.089779
4.3,5,209.119899
3.4,11,209.15625
3.7,9,209.194104
4.15,6,209.223539
4.0,7,209.257691
4.75,2,209.28708
4.15,6,209.321013
4.45,4,209.350533
4.45,4,209.380703
3.85,8,209.563357
4.75,2,209.587251
4.6,3,209.612174
4.6,3,209.63935
4.9,1,209.664196
4.45,4,209.693265
4.75,2,209.720627
3.85,8,209.762961
3.55,10,209.805472
3.85,8,209.840054
4.9,1,209.870771
3.7,9,209.906894
4.3,5,209.936411
-1.75,15,209.98865
4.15,6,210.027067
3.25,12,210.06725
4.6,3,210.093817
3.85,8,210.137348
4.6,3,210.168378
4.75,2,210.196263
4.15,6,210.229015
4.75,2,210.2549
4.0,7,210.292202
4.75,2,210.316807
4.6,3,210.343812
4.75,2,210.366624
4.3,5,210.398447
4.3,5,210.428493
4.15,6,210.455782
3.55,10,210.493219
4.15,6,210.52299
4.75,2,210.547394
4.45,4,210.576935
3.4,11,210.619909
4.9,1,210.646031
4.15,6,210.678148
3.7,9,210.715286
4.3,5,210.747381
3.7,9,210.785397
4.0,7,210.823246
3.55,10,210.857488
3.85,8,210.889035
3.4,11,210.923085
4.45,4,210.951816
4.45,4,210.978771
4.6,3,211.003289
3.55,10,211.195392
4.15,6,211.22927
4.15,6,211.260191
4.45,4,211.291581
-3.55,12,211.336102
4.45,4,211.364456
4.15,6,211.397444
4.45,4,211.426697
3.7,9,211.472306
3.7,9,211.514245
4.3,5,211.548995
4.9,1,211.581181
4.45,4,211.614803
4.3,5,211.65076
4.6,3,211.683862
3.85,8,211.722394
-1.75,15,211.776005
4.6,3,211.804492
3.7,9,211.839151
4.45,4,211.8668
4.9,1,211.891115
4.75,2,211.918116
4.75,2,211.948487
3.55,10,211.988071
4.9,1,212.009991
4.15,6,212.039828
4.75,2,212.064479
4.45,4,212.093088
3.55,10,212.127774
4.75,2,212.155966
3.25,12,212.196941
3.55,10,212.232452
4.75,2,212.259041
4.6,3,212.285275
4.6,3,212.314158
3.4,11,212.353733
4.15,6,212.38609
4.9,1,212.414078
3.55,10,212.449687
4.9,1,212.473358
4.45,4,212.503563
3.85,8,212.537374
4.15,6,212.568077
4.15,6,212.598907
4.3,5,212.629346
4.9,1,212.648868
4.45,4,212.818552
4.15,6,212.850043
4.15,6,212.883261
3.55,10,212.924696
3.7,9,212.965527
4.15,6,212.998757
4.9,1,213.029942
4.3,5,213.059111
4.6,3,213.088423
4.6,3,213.120774
4.6,3,213.148363
-3.45,10,213.186207
4.45,4,213.217741
4.9,1,213.241024
4.45,4,213.273669
4.45,4,213.305001
4.0,7,213.345363
3.7,9,213.392297
4.15,6,213.429522
4.3,5,213.459761
4.45,4,213.490776
4.15,6,213.52514
4.6,3,213.551911
4.6,3,213.582364
3.85,8,213.621627
4.45,4,213.654182
4.45,4,213.679758
-1.75,15,213.722892
4.15,6,213.756812
4.0,7,213.790186
4.6,3,213.817211
3.7,9,213.851183
4.6,3,213.879087
4.75,2,213.900514
4.0,7,213.930125
4.75,2,213.956184
-1.75,15,214.004282
4.3,5,214.039362
4.45,4,214.074222
3.7,9,214.114016
4.75,2,214.1363
3.85,8,214.170269
4.45,4,214.197622
4.3,5,214.226918
4.75,2,214.250659
4.15,6,214.283381
4.45,4,214.308898
4.45,4,214.506763
3.7,9,214.554635
4.3,5,214.595098
4.0,7,214.628826
3.7,9,214.668352
3.85,8,214.705277
4.3,5,214.735373
3.55,10,214.778094
4.3,5,214.807415
-1.75,15,214.854069
4.9,1,214.880343
4.45,4,214.90548
3.7,9,214.940131
4.45,4,214.969981
4.75,2,214.996064
3.4,11,215.031431
3.7,9,215.068212
3.7,9,215.1033
4.75,2,215.128252
4.6,3,215.154491
3.4,11,215.189903
4.75,2,215.21443
4.75,2,215.237991
3.7,9,215.277623
4.75,2,215.301365
3.7,9,215.342427
4.6,3,215.370643
4.45,4,215.402233
3.7,9,215.437906
4.75,2,215.46646
4.45,4,215.495732
4.3,5,215.529676
3.25,12,215.571665
4.75,2,215.599532
4.9,1,215.623053
4.6,3,215.650475
4.3,5,215.684248
4.15,6,215.722934
4.15,6,215.753513
4.75,2,215.779919
4.45,4,215.80762
3.25,12,215.850279
4.9,1,215.873831
3.85,8,215.910038
4.45,4,216.079299
4.15,6,216.115087
4.45,4,216.142594
4.3,5,216.172917
4.75,2,216.201611
3.55,10,216.237827
4.3,5,216.271065
4.9,1,216.295659
4.3,5,216.331231
4.15,6,216.367394
4.75,2,216.397792
4.6,3,216.430676
4.75,2,216.453995
4.75,2,216.484317
4.6,3,216.515523
3.55,10,216.552654
4.45,4,216.582378
3.85,8,216.618318
4.9,1,216.643034
4.6,3,216.668408
4.75,2,216.694066
4.75,2,216.716338
4.45,4,216.74338
3.7,9,216.777874
3.7,9,216.816413
4.6,3,216.844377
4.75,2,216.867927
4.75,2,216.896505
3.4,11,216.932136
4.3,5,216.962826
4.3,5,216.990225
4.15,6,217.019052
4.6,3,217.047154
4.15,6,217.077296
3.4,11,217.116156
4.9,1,217.139978
4.75,2,217.163049
4.9,1,217.185813
-3.35,8,217.216717
4.45,4,217.245217
4.15,6,217.271198
4.0,7,217.311699
4.6,3,217.339508
4.3,5,217.369668
3.55,10,217.40445
4.75,2,217.429921
4.3,5,217.46094
4.6,3,217.486944
4.75,2,217.51391
4.9,1,217.536016
3.85,8,217.566322
3.55,10,217.606493
3.85,8,217.647015
