episode,reward,length,elapsed_seconds
1,-3.0,1,0.04341387748718262
2,-3.0,1,0.07099580764770508
3,-3.0,1,0.09762859344482422
4,-3.4,9,0.13839054107666016
5,-3.2,5,0.17641472816467285
6,2.9499999999999997,14,0.23038482666015625
7,4.6000000000000005,3,0.2611861228942871
8,-3.0,1,0.29041457176208496
9,-3.05,2,0.31963586807250977
10,4.449999999999999,4,0.35444164276123047
11,3.55,10,0.4062316417694092
12,-3.1,3,0.44017815589904785
13,-3.2,5,0.478100061416626
14,-3.1,3,0.5159931182861328
15,-3.0,1,0.547248363494873
16,-3.05,2,0.5833194255828857
17,-3.35,8,0.6206047534942627
18,-3.3,7,0.656252384185791
19,-3.0,1,0.6836557388305664
20,-3.1,3,0.7127845287322998
21,-1.75,15,0.7699630260467529
22,4.75,2,0.7986750602722168
23,3.1,13,0.8504917621612549
24,-3.15,4,0.8824095726013184
25,4.3,5,0.9158806800842285
26,-3.4,9,0.9532485008239746
27,-3.0,1,0.9760587215423584
28,-3.15,4,1.004451036453247
29,4.0,7,1.040748119354248
30,-3.05,2,1.064805030822754
31,4.6000000000000005,3,1.0889554023742676
32,4.0,7,1.128974437713623
33,-3.0,1,1.1507296562194824
34,-3.0,1,1.1712472438812256
35,-3.0,1,1.1959359645843506
36,-3.25,6,1.2250094413757324
37,-3.15,4,1.252427101135254
38,-3.2,5,1.2844936847686768
39,-3.2,5,1.3188409805297852
40,-3.0,1,1.346463680267334
41,-3.15,4,1.3806707859039307
42,4.15,6,1.4105920791625977
43,-3.05,2,1.4366748332977295
44,4.0,7,1.471808671951294
45,2.9499999999999997,14,1.5197408199310303
46,-3.4,9,1.55926513671875
47,-3.2,5,1.5905041694641113
48,-3.05,2,1.6160850524902344
49,3.85,8,1.6498944759368896
50,-3.0,1,1.6724786758422852
51,-3.1,3,1.700171947479248
52,-3.15,4,1.7297906875610352
53,-3.05,2,1.7538771629333496
54,-3.05,2,1.7802984714508057
55,-3.1,3,1.8038628101348877
56,4.15,6,1.98728346824646
57,-3.0,1,2.0073399543762207
58,-3.2,5,2.0371482372283936
59,-3.15,4,2.0653998851776123
60,4.75,2,2.0906782150268555
61,-3.0,1,2.1107490062713623
62,3.25,12,2.1520004272460938
63,-3.35,8,2.185088872909546
64,4.6000000000000005,3,2.215327262878418
65,4.75,2,2.241387128829956
66,-3.3,7,2.2759156227111816
67,4.6000000000000005,3,2.307283639907837
68,-3.5,11,2.3492164611816406
69,4.9,1,2.3718554973602295
70,-3.4,9,2.4106013774871826
71,-3.05,2,2.434950828552246
72,-3.1,3,2.4612464904785156
73,-3.15,4,2.4906787872314453
74,-3.0,1,2.515446901321411
75,-3.45,10,2.551715135574341
76,-3.0,1,2.5782089233398438
77,-3.0,1,2.6005170345306396
78,-3.05,2,2.6321773529052734
79,-3.05,2,2.6576662063598633
80,3.4,11,2.699800968170166
81,4.6000000000000005,3,2.7264652252197266
82,-3.1,3,2.752113103866577
83,-3.35,8,2.784860134124756
84,-3.4,9,2.8202576637268066
85,-3.1,3,2.8459219932556152
86,4.9,1,2.869074821472168
87,-3.6,13,2.910720109939575
88,4.449999999999999,4,2.9381213188171387
89,-3.25,6,2.9701411724090576
90,4.6000000000000005,3,2.9953174591064453
91,-3.15,4,3.022784471511841
92,-3.3,7,3.056077480316162
93,-3.25,6,3.085070848464966
94,4.75,2,3.1137092113494873
95,-3.05,2,3.144869804382324
96,-1.75,15,3.1957345008850098
97,-3.15,4,3.222277879714966
98,4.3,5,3.251094341278076
99,-3.0,1,3.278104543685913
100,4.0,7,3.311901569366455
101,-3.15,4,3.3433356285095215
102,-3.05,2,3.3674325942993164
103,-3.35,8,3.4044172763824463
104,-3.45,10,3.445148229598999
105,-3.0,1,3.4677093029022217
106,4.6000000000000005,3,3.4976303577423096
107,-3.05,2,3.5290701389312744
108,-3.05,2,3.557554244995117
109,-3.0,1,3.5821897983551025
110,-3.25,6,3.6209053993225098
111,-3.1,3,3.6536853313446045
112,-3.0,1,3.875124931335449
113,4.6000000000000005,3,3.9011549949645996
114,-3.35,8,3.9400718212127686
115,3.85,8,3.979304552078247
116,-3.1,3,4.005923271179199
117,-3.1,3,4.034573316574097
118,-3.1,3,4.06127142906189
119,-3.0,1,4.091253995895386
120,4.6000000000000005,3,4.118768930435181
121,-3.15,4,4.145264387130737
122,-3.1,3,4.169628143310547
123,-1.75,15,4.222660779953003
124,-3.05,2,4.251398801803589
125,3.6999999999999997,9,4.288774728775024
126,-3.0,1,4.3125410079956055
127,-3.0,1,4.3349974155426025
128,-3.5,11,4.371706962585449
129,-3.3,7,4.402058839797974
130,-3.2,5,4.430739164352417
131,-3.2,5,4.455973148345947
132,-3.0,1,4.479049205780029
133,-3.1,3,4.506033897399902
134,4.6000000000000005,3,4.533163785934448
135,-3.35,8,4.566422700881958
136,-3.3,7,4.595292568206787
137,-3.25,6,4.624605894088745
138,-3.05,2,4.651539087295532
139,-3.0,1,4.6775524616241455
140,-3.05,2,4.70374870300293
141,4.3,5,4.738451957702637
142,-3.45,10,4.772233247756958
143,-3.0,1,4.797659635543823
144,-3.15,4,4.822367191314697
145,-3.0,1,4.8467161655426025
146,-3.0,1,4.868623733520508
147,3.6999999999999997,9,4.901628255844116
148,-3.05,2,4.933099031448364
149,-3.1,3,4.958069562911987
150,-3.05,2,4.9848222732543945
151,-3.0,1,5.013473272323608
152,-3.25,6,5.043139457702637
153,-3.0,1,5.064973831176758
154,4.75,2,5.090495586395264
155,-3.05,2,5.114557981491089
156,-1.75,15,5.162715196609497
157,-3.0,1,5.1889612674713135
158,-3.5,11,5.2322399616241455
159,-3.2,5,5.261851072311401
160,-3.0,1,5.288933515548706
161,-3.25,6,5.325771808624268
162,-3.35,8,5.361714124679565
163,-3.0,1,5.384956359863281
164,-3.1,3,5.41828465461731
165,-3.2,5,5.458209037780762
166,4.75,2,5.485039234161377
167,-3.4,9,5.5198211669921875
168,4.449999999999999,4,5.553901195526123
169,-3.0,1,5.580643653869629
170,-3.05,2,5.612840890884399
171,-3.0,1,5.635833501815796
172,-3.0,1,5.665704727172852
173,4.6000000000000005,3,5.835355520248413
174,4.449999999999999,4,5.871222019195557
175,4.449999999999999,4,5.898583650588989
176,4.449999999999999,4,5.9303364753723145
177,4.9,1,5.95448112487793
178,-3.05,2,5.9869420528411865
179,4.3,5,6.022597789764404
180,-3.0,1,6.0447447299957275
181,4.6000000000000005,3,6.073893785476685
182,-3.05,2,6.099291801452637
183,-3.0,1,6.1248602867126465
184,4.15,6,6.153107404708862
185,-3.1,3,6.179413795471191
186,4.449999999999999,4,6.20635199546814
187,4.15,6,6.236385822296143
188,4.449999999999999,4,6.265239000320435
189,-3.0,1,6.290585041046143
190,-3.4,9,6.328896522521973
191,-3.05,2,6.359093427658081
192,4.449999999999999,4,6.394014120101929
193,-3.0,1,6.418655157089233
194,-3.05,2,6.444132328033447
195,-3.0,1,6.46380877494812
196,-3.3,7,6.4963555335998535
197,-3.05,2,6.519840240478516
198,-3.0,1,6.541917562484741
199,-3.1,3,6.566673517227173
200,-3.05,2,6.590895891189575
201,-3.0,1,6.615892648696899
202,-3.0,1,6.639632701873779
203,4.6000000000000005,3,6.670010566711426
204,-3.1,3,6.700051546096802
205,-3.0,1,6.724358081817627
206,-3.05,2,6.7516584396362305
207,-3.05,2,6.778396368026733
208,-3.0,1,6.803048849105835
209,-3.3,7,6.835251092910767
210,-3.0,1,6.861182451248169
211,-3.15,4,6.888897895812988
212,-3.05,2,6.923569917678833
213,-3.15,4,6.951341390609741
214,4.15,6,6.983449220657349
215,-3.1,3,7.011601209640503
216,-3.15,4,7.042933464050293
217,4.449999999999999,4,7.0689027309417725
218,-3.0,1,7.091763734817505
219,4.6000000000000005,3,7.118637323379517
220,-3.0,1,7.141292095184326
221,4.75,2,7.167945861816406
222,-3.0,1,7.1942689418792725
223,-3.05,2,7.223742961883545
224,-3.0,1,7.248450994491577
225,4.449999999999999,4,7.28398060798645
226,-3.05,2,7.310816287994385
227,-3.1,3,7.335170745849609
228,4.75,2,7.3630475997924805
229,4.9,1,7.385298490524292
230,4.449999999999999,4,7.416107177734375
231,-3.0,1,7.441253900527954
232,3.4,11,7.484720468521118
233,-3.0,1,7.510730266571045
234,-3.15,4,7.541087627410889
235,-3.0,1,7.564234972000122
236,-3.0,1,7.585084438323975
237,-3.0,1,7.607038736343384
238,4.75,2,7.631706237792969
239,-3.0,1,7.654914617538452
240,-1.75,15,7.70099139213562
241,-3.0,1,7.722741603851318
242,-3.2,5,7.750931024551392
243,-1.75,15,7.794152736663818
244,-3.2,5,7.822842121124268
245,-3.0,1,7.84459376335144
246,-3.0,1,7.869324207305908
247,4.15,6,7.900886297225952
248,-3.25,6,7.933057546615601
249,4.6000000000000005,3,7.96153712272644
250,-3.05,2,7.983387231826782
251,-1.75,15,8.153426170349121
252,4.6000000000000005,3,8.187634944915771
253,-3.05,2,8.211719036102295
254,-3.05,2,8.235018491744995
255,-3.0,1,8.256761312484741
256,-3.25,6,8.293223857879639
257,4.0,7,8.32651948928833
258,-3.25,6,8.363714694976807
259,4.449999999999999,4,8.397785663604736
260,4.75,2,8.430428266525269
261,-3.15,4,8.467675685882568
262,4.6000000000000005,3,8.509316205978394
263,-3.1,3,8.54487657546997
264,-3.0,1,8.56637978553772
265,-3.35,8,8.600875616073608
266,-3.0,1,8.623433113098145
267,-3.1,3,8.651710987091064
268,-3.0,1,8.675893306732178
269,4.75,2,8.700308322906494
270,-3.2,5,8.736233949661255
271,-3.0,1,8.767650842666626
272,-3.65,14,8.817944526672363
273,-3.3,7,8.853350162506104
274,-3.4,9,8.892062664031982
275,4.9,1,8.913063764572144
276,4.0,7,8.944048881530762
277,-3.15,4,8.967555046081543
278,-3.1,3,8.9932861328125
279,-3.0,1,9.01315450668335
280,-3.1,3,9.039413213729858
281,4.0,7,9.070975303649902
282,-3.25,6,9.101100206375122
283,-3.05,2,9.125202655792236
284,4.15,6,9.154265403747559
285,3.6999999999999997,9,9.193415641784668
286,-3.35,8,9.232040166854858
287,-3.1,3,9.257785320281982
288,-3.05,2,9.285591125488281
289,-3.15,4,9.318393230438232
290,4.15,6,9.350131034851074
291,-3.0,1,9.37453031539917
292,-3.25,6,9.406365871429443
293,4.449999999999999,4,9.4348464012146
294,4.449999999999999,4,9.463171482086182
295,4.449999999999999,4,9.493509769439697
296,-3.05,2,9.519633531570435
297,-3.05,2,9.543247699737549
298,-3.1,3,9.570173501968384
299,4.449999999999999,4,9.598524808883667
300,-3.3,7,9.634496450424194
301,-3.15,4,9.66065239906311
302,3.4,11,9.702718734741211
303,-3.0,1,9.737408638000488
304,-3.0,1,9.762821912765503
305,4.75,2,9.795149564743042
306,4.15,6,9.8247230052948
307,-3.15,4,9.851904153823853
308,-3.3,7,9.885661363601685
309,4.449999999999999,4,9.916776180267334
310,4.6000000000000005,3,9.951791763305664
311,-3.05,2,9.976575374603271
312,4.6000000000000005,3,10.179999113082886
313,-3.2,5,10.209983825683594
314,-3.1,3,10.236502885818481
315,4.449999999999999,4,10.274527549743652
316,4.75,2,10.30086350440979
317,4.75,2,10.331665992736816
318,3.85,8,10.372285842895508
319,4.75,2,10.400888442993164
320,4.6000000000000005,3,10.430416345596313
321,-3.05,2,10.464653730392456
322,4.75,2,10.494651079177856
323,-3.5,11,10.537005186080933
324,-3.05,2,10.566350221633911
325,-3.1,3,10.596900463104248
326,-3.4,9,10.635455846786499
327,-3.4,9,10.672635078430176
328,-3.0,1,10.69667649269104
329,-3.05,2,10.722870111465454
330,-3.1,3,10.75497055053711
331,-3.1,3,10.783781051635742
332,4.3,5,10.818587064743042
333,-3.0,1,10.85093903541565
334,4.15,6,10.894381999969482
335,-3.2,5,10.930070877075195
336,-3.1,3,10.958462715148926
337,-3.0,1,10.981424808502197
338,3.4,11,11.017727136611938
339,-3.65,14,11.058438777923584
340,4.3,5,11.088245630264282
341,4.15,6,11.122513771057129
342,-1.75,15,11.175987005233765
343,3.55,10,11.216229915618896
344,4.6000000000000005,3,11.24343729019165
345,-3.3,7,11.275056838989258
346,-3.15,4,11.300128936767578
347,-3.0,1,11.324511766433716
348,-3.05,2,11.34746241569519
349,4.6000000000000005,3,11.373923540115356
350,4.3,5,11.40098261833191
351,-3.25,6,11.436741352081299
352,-3.35,8,11.473234176635742
353,-3.6,13,11.516665697097778
354,-3.35,8,11.553289413452148
355,-3.0,1,11.579273462295532
356,-3.0,1,11.601000308990479
357,4.449999999999999,4,11.638878107070923
358,4.75,2,11.666184663772583
359,3.4,11,11.706649780273438
360,-3.5,11,11.747016906738281
361,4.449999999999999,4,11.772125959396362
362,-3.05,2,11.801086902618408
363,4.9,1,11.829423904418945
364,-3.1,3,12.019197940826416
365,-3.4,9,12.050888538360596
366,4.0,7,12.08733057975769
367,-3.0,1,12.109758615493774
368,-3.05,2,12.136255502700806
369,-3.5,11,12.173558712005615
370,-3.4,9,12.209843873977661
371,-3.0,1,12.230019330978394
372,-3.5,11,12.26747465133667
373,-1.75,15,12.31238055229187
374,4.15,6,12.344236373901367
375,-3.25,6,12.375909566879272
376,4.75,2,12.398724794387817
377,-3.15,4,12.425484895706177
378,-3.0,1,12.447001934051514
379,-3.05,2,12.474305152893066
380,-3.2,5,12.501026630401611
381,4.449999999999999,4,12.5364830493927
382,4.75,2,12.564457893371582
383,-3.15,4,12.597268342971802
384,-3.05,2,12.624186038970947
385,-3.3,7,12.655358076095581
386,4.3,5,12.684436321258545
387,4.449999999999999,4,12.711487054824829
388,-3.2,5,12.742522239685059
389,4.3,5,12.77837061882019
390,-3.35,8,12.810339450836182
391,4.0,7,12.843506813049316
392,4.449999999999999,4,12.870556354522705
393,-3.05,2,12.897633790969849
394,-3.15,4,12.922665119171143
395,4.6000000000000005,3,12.95017957687378
396,-3.05,2,12.976477146148682
397,-3.2,5,13.004890441894531
398,3.55,10,13.040148258209229
399,4.449999999999999,4,13.068969488143921
400,4.15,6,13.106039047241211
401,-3.1,3,13.135812759399414
402,4.6000000000000005,3,13.16683292388916
403,4.3,5,13.199220418930054
404,-3.05,2,13.234347343444824
405,-3.05,2,13.270586967468262
406,4.75,2,13.299835205078125
407,4.6000000000000005,3,13.330403566360474
408,4.449999999999999,4,13.360970735549927
409,-3.15,4,13.389129638671875
410,-1.75,15,13.43834900856018
411,4.75,2,13.464298963546753
412,4.75,2,13.4915931224823
413,-3.2,5,13.526718616485596
414,4.3,5,13.558465719223022
415,-3.0,1,13.584096908569336
416,4.0,7,13.617759943008423
417,-3.05,2,13.646648406982422
418,-3.05,2,13.844321727752686
419,-3.05,2,13.869124174118042
420,-3.65,14,13.914662599563599
421,3.55,10,13.962504625320435
422,-3.2,5,13.991225957870483
423,-3.2,5,14.022871494293213
424,4.15,6,14.05578875541687
425,4.449999999999999,4,14.080949068069458
426,-3.0,1,14.103418350219727
427,-3.05,2,14.12991452217102
428,4.0,7,14.162336111068726
429,-3.15,4,14.191806554794312
430,-3.05,2,14.218513250350952
431,-3.0,1,14.247895240783691
432,-3.2,5,14.284873962402344
433,3.85,8,14.317911624908447
434,4.6000000000000005,3,14.346379041671753
435,3.4,11,14.390551567077637
436,-3.05,2,14.417956113815308
437,4.6000000000000005,3,14.44602370262146
438,-3.6,13,14.486822843551636
439,-3.7,15,14.531089544296265
440,-3.1,3,14.554226398468018
441,-3.1,3,14.582065343856812
442,3.4,11,14.62274169921875
443,-1.75,15,14.677088975906372
444,4.15,6,14.715086460113525
445,4.449999999999999,4,14.750765085220337
446,4.449999999999999,4,14.783112525939941
447,-3.2,5,14.816982507705688
448,4.6000000000000005,3,14.848344564437866
449,4.3,5,14.885168313980103
450,-3.1,3,14.911783456802368
451,4.0,7,14.94701886177063
452,3.6999999999999997,9,14.980432271957397
453,4.15,6,15.013367652893066
454,4.6000000000000005,3,15.044403314590454
455,4.449999999999999,4,15.075190305709839
456,4.15,6,15.105462789535522
457,4.15,6,15.137884378433228
458,-3.3,7,15.174925804138184
459,4.9,1,15.1974196434021
460,4.6000000000000005,3,15.223575115203857
461,4.3,5,15.251873254776001
462,-3.0,1,15.276494026184082
463,-3.1,3,15.304284811019897
464,-3.45,10,15.485318899154663
465,-3.0,1,15.509460926055908
466,2.9499999999999997,14,15.555104970932007
467,-3.1,3,15.584912538528442
468,3.85,8,15.629285335540771
469,4.15,6,15.66542649269104
470,-1.75,15,15.720462083816528
471,-3.1,3,15.748242616653442
472,4.0,7,15.784853458404541
473,4.0,7,15.819978475570679
474,-3.4,9,15.855980634689331
475,-3.25,6,15.887298822402954
476,-3.1,3,15.91709041595459
477,-1.75,15,15.962533235549927
478,3.25,12,15.9989755153656
479,4.449999999999999,4,16.02652144432068
480,-3.35,8,16.06483006477356
481,-3.3,7,16.094573259353638
482,-3.15,4,16.12171459197998
483,-3.35,8,16.15176820755005
484,4.3,5,16.18348789215088
485,-3.65,14,16.227315664291382
486,3.85,8,16.267016649246216
487,4.449999999999999,4,16.299501180648804
488,-3.2,5,16.330737829208374
489,4.3,5,16.365005493164062
490,-1.75,15,16.414183855056763
491,4.449999999999999,4,16.446528673171997
492,4.0,7,16.488948822021484
493,3.55,10,16.529195547103882
494,4.6000000000000005,3,16.560938119888306
495,-3.1,3,16.59263777732849
496,-3.3,7,16.624570846557617
497,4.0,7,16.660983324050903
498,-3.05,2,16.693061590194702
499,4.449999999999999,4,16.72079634666443
500,4.449999999999999,4,16.752732038497925
501,-3.05,2,16.777637004852295
502,-3.5,11,16.96641445159912
503,-3.35,8,17.001156091690063
504,-3.7,15,17.04860234260559
505,4.75,2,17.08145308494568
506,-3.15,4,17.111297130584717
507,3.55,10,17.154479026794434
508,4.449999999999999,4,17.185213804244995
509,4.15,6,17.223960638046265
510,-3.05,2,17.25519299507141
511,4.449999999999999,4,17.28889012336731
512,-3.2,5,17.316898822784424
513,3.6999999999999997,9,17.35378646850586
514,-3.1,3,17.381879568099976
515,4.6000000000000005,3,17.416319847106934
516,4.75,2,17.44095802307129
517,4.0,7,17.47525715827942
518,-3.4,9,17.509679555892944
519,4.6000000000000005,3,17.53489851951599
520,4.75,2,17.565542221069336
521,4.6000000000000005,3,17.59247589111328
522,3.85,8,17.625691652297974
523,4.449999999999999,4,17.654638051986694
524,4.75,2,17.68194890022278
525,3.4,11,17.72334122657776
526,4.15,6,17.758920907974243
527,-1.75,15,17.81405234336853
528,4.6000000000000005,3,17.845726013183594
529,4.15,6,17.880244731903076
530,-3.1,3,17.91473388671875
531,4.0,7,17.957904815673828
532,4.3,5,17.989468812942505
533,4.449999999999999,4,18.029693603515625
534,-1.75,15,18.083092212677002
535,3.55,10,18.124282360076904
536,4.75,2,18.149402618408203
537,-3.1,3,18.178253173828125
538,-3.2,5,18.2080979347229
539,4.449999999999999,4,18.237643480300903
540,-3.3,7,18.276562929153442
541,-3.0,1,18.298243045806885
542,-3.45,10,18.339598655700684
543,-3.25,6,18.369858741760254
544,-3.0,1,18.394129276275635
545,-3.1,3,18.417370080947876
546,3.85,8,18.455338954925537
547,-3.2,5,18.643491744995117
548,-1.75,15,18.687782764434814
549,4.0,7,18.722516298294067
550,-3.1,3,18.751781225204468
551,4.75,2,18.78179359436035
552,-3.3,7,18.81882119178772
553,3.6999999999999997,9,18.85766315460205
554,3.6999999999999997,9,18.896342754364014
555,4.6000000000000005,3,18.92151689529419
556,4.15,6,18.95258927345276
557,3.6999999999999997,9,18.989890575408936
558,4.75,2,19.015008211135864
559,4.3,5,19.050336360931396
560,4.0,7,19.08056378364563
561,4.6000000000000005,3,19.106635332107544
562,-1.75,15,19.14833402633667
563,3.4,11,19.187318801879883
564,3.4,11,19.22778606414795
565,3.55,10,19.266528606414795
566,4.0,7,19.298876762390137
567,4.6000000000000005,3,19.331947326660156
568,4.15,6,19.363017320632935
569,4.15,6,19.39680051803589
570,-3.3,7,19.433561086654663
571,4.0,7,19.469143390655518
572,3.6999999999999997,9,19.51152801513672
573,4.3,5,19.54556703567505
574,4.15,6,19.587908029556274
575,3.6999999999999997,9,19.625356435775757
576,4.15,6,19.657052040100098
577,4.449999999999999,4,19.684094429016113
578,3.85,8,19.723885774612427
579,3.85,8,19.76215171813965
580,4.6000000000000005,3,19.788498163223267
581,-1.75,15,19.837242126464844
582,4.449999999999999,4,19.868988513946533
583,4.6000000000000005,3,19.897555589675903
584,-3.35,8,20.08259677886963
585,4.0,7,20.11570453643799
586,4.3,5,20.146852016448975
587,4.3,5,20.1797616481781
588,4.6000000000000005,3,20.205958127975464
589,4.3,5,20.23611354827881
590,4.0,7,20.267845153808594
591,4.449999999999999,4,20.300532579421997
592,-3.05,2,20.329296350479126
593,3.55,10,20.374287605285645
594,4.6000000000000005,3,20.40394163131714
595,-3.6,13,20.451420783996582
596,-3.1,3,20.4801082611084
597,-1.75,15,20.528807401657104
598,3.85,8,20.571752071380615
599,4.449999999999999,4,20.612340688705444
600,-3.1,3,20.64818787574768
601,4.3,5,20.680039167404175
602,3.4,11,20.72020387649536
603,-3.15,4,20.749587774276733
604,4.6000000000000005,3,20.7764675617218
605,4.15,6,20.80971336364746
606,-3.2,5,20.841102361679077
607,4.3,5,20.877052307128906
608,3.6999999999999997,9,20.919822454452515
609,-3.2,5,20.952497720718384
610,3.6999999999999997,9,20.99181604385376
611,4.6000000000000005,3,21.023687839508057
612,-3.15,4,21.05800461769104
613,4.15,6,21.09102153778076
614,3.55,10,21.13055968284607
615,-3.2,5,21.15943717956543
616,-1.75,15,21.204124689102173
617,-3.15,4,21.234792947769165
618,4.0,7,21.273205518722534
619,4.75,2,21.300376415252686
620,-1.75,15,21.34882378578186
621,-3.45,10,21.387948751449585
622,4.3,5,21.41659903526306
623,-3.35,8,21.607379913330078
624,4.6000000000000005,3,21.640702962875366
625,3.6999999999999997,9,21.67525577545166
626,3.6999999999999997,9,21.709903955459595
627,3.55,10,21.75187063217163
628,-3.65,14,21.802740812301636
629,4.6000000000000005,3,21.834409475326538
630,3.6999999999999997,9,21.873798370361328
631,4.15,6,21.903462171554565
632,4.3,5,21.936203002929688
633,-3.15,4,21.973108053207397
634,4.0,7,22.005192041397095
635,3.55,10,22.04473876953125
636,4.449999999999999,4,22.073855876922607
637,4.6000000000000005,3,22.102211713790894
638,4.0,7,22.135114669799805
639,3.4,11,22.180692195892334
640,4.0,7,22.215720176696777
641,3.85,8,22.25180673599243
642,-3.25,6,22.285585165023804
643,-3.45,10,22.322773456573486
644,4.3,5,22.351462841033936
645,-3.1,3,22.380051374435425
646,-3.65,14,22.426652193069458
647,4.0,7,22.460286378860474
648,3.4,11,22.500316619873047
649,4.449999999999999,4,22.531025409698486
650,3.6999999999999997,9,22.56744956970215
651,4.6000000000000005,3,22.598877668380737
652,-3.05,2,22.6314115524292
653,4.449999999999999,4,22.66751480102539
654,-3.35,8,22.71439003944397
655,-3.5,11,22.759366035461426
656,4.75,2,22.788207530975342
657,-3.3,7,22.82459044456482
658,4.15,6,22.86301875114441
659,4.0,7,22.89898133277893
660,4.0,7,23.07633328437805
661,4.449999999999999,4,23.109273433685303
662,-3.15,4,23.145387411117554
663,3.6999999999999997,9,23.18678045272827
664,-3.15,4,23.218459844589233
665,3.4,11,23.268038988113403
666,4.3,5,23.297773838043213
667,4.6000000000000005,3,23.32769203186035
668,-3.7,15,23.3690984249115
669,3.85,8,23.40365695953369
670,3.55,10,23.44523048400879
671,4.449999999999999,4,23.47184157371521
672,4.6000000000000005,3,23.497628450393677
673,-3.4,9,23.534116506576538
674,4.3,5,23.563493251800537
675,-3.65,14,23.60501980781555
676,-3.25,6,23.640108346939087
677,3.6999999999999997,9,23.680888414382935
678,-1.75,15,23.730429887771606
679,3.55,10,23.77606987953186
680,4.15,6,23.81128191947937
681,4.75,2,23.845112323760986
682,-1.75,15,23.904937744140625
683,4.3,5,23.941406726837158
684,4.15,6,23.97512984275818
685,4.449999999999999,4,24.007283687591553
686,4.3,5,24.039833545684814
687,3.6999999999999997,9,24.081239700317383
688,3.85,8,24.126107454299927
689,3.6999999999999997,9,24.170528888702393
690,3.25,12,24.225910663604736
691,-3.25,6,24.261794328689575
692,4.449999999999999,4,24.29503893852234
693,4.449999999999999,4,24.326400756835938
694,4.0,7,24.36099886894226
695,4.9,1,24.386272430419922
696,4.3,5,24.57984495162964
697,4.449999999999999,4,24.607851028442383
698,4.3,5,24.644213914871216
699,4.6000000000000005,3,24.678245306015015
700,4.3,5,24.71355175971985
701,4.0,7,24.75470209121704
702,-3.35,8,24.796720504760742
703,-1.75,15,24.839858770370483
704,4.449999999999999,4,24.871395587921143
705,4.3,5,24.899858951568604
706,3.6999999999999997,9,24.935989379882812
707,4.3,5,24.96573758125305
708,4.9,1,24.994662046432495
709,4.0,7,25.02823829650879
710,3.6999999999999997,9,25.071882963180542
711,4.6000000000000005,3,25.099783897399902
712,3.6999999999999997,9,25.137150287628174
713,3.55,10,25.17583703994751
714,3.55,10,25.22578477859497
715,4.0,7,25.263110876083374
716,4.6000000000000005,3,25.29081892967224
717,4.15,6,25.327133655548096
718,-3.45,10,25.366294384002686
719,3.55,10,25.412294387817383
720,3.4,11,25.453190803527832
721,4.0,7,25.485802173614502
722,4.0,7,25.518356800079346
723,4.449999999999999,4,25.547075748443604
724,3.6999999999999997,9,25.583651542663574
725,3.25,12,25.63201403617859
726,3.6999999999999997,9,25.6800320148468
727,3.55,10,25.71916699409485
728,-3.5,11,25.77128767967224
729,-1.75,15,25.831904888153076
730,4.449999999999999,4,25.869187831878662
731,4.449999999999999,4,26.070516347885132
732,4.0,7,26.10556149482727
733,4.75,2,26.138124227523804
734,4.3,5,26.17585587501526
735,4.449999999999999,4,26.20914626121521
736,-1.75,15,26.2581684589386
737,3.55,10,26.299508571624756
738,4.75,2,26.328664302825928
739,-3.45,10,26.37048101425171
740,-3.6,13,26.411691904067993
741,3.55,10,26.445778369903564
742,-1.75,15,26.486085414886475
743,4.449999999999999,4,26.515203952789307
744,4.6000000000000005,3,26.541784286499023
745,3.4,11,26.57786750793457
746,3.55,10,26.617997407913208
747,4.6000000000000005,3,26.64745283126831
748,3.6999999999999997,9,26.68105411529541
749,-3.3,7,26.712585926055908
750,-3.1,3,26.74023151397705
751,4.449999999999999,4,26.767882585525513
752,-3.35,8,26.80606961250305
753,4.449999999999999,4,26.832401752471924
754,3.25,12,26.875041007995605
755,-1.75,15,26.91751265525818
756,4.3,5,26.9487726688385
757,4.449999999999999,4,26.97473955154419
758,4.6000000000000005,3,27.003711223602295
759,4.0,7,27.038222312927246
760,-3.1,3,27.0646071434021
761,4.3,5,27.097527742385864
762,3.6999999999999997,9,27.146666049957275
763,-3.15,4,27.183455228805542
764,-3.25,6,27.226824045181274
765,4.0,7,27.264774322509766
766,4.6000000000000005,3,27.297919511795044
767,3.25,12,27.53159809112549
768,4.3,5,27.570592880249023
769,-3.1,3,27.59787154197693
770,4.449999999999999,4,27.628896474838257
771,4.15,6,27.66493821144104
772,3.85,8,27.70736312866211
773,4.449999999999999,4,27.734350442886353
774,4.0,7,27.768542528152466
775,4.3,5,27.801146984100342
776,3.4,11,27.835801601409912
777,-3.45,10,27.876117706298828
778,-3.35,8,27.90867590904236
779,3.55,10,27.9471333026886
780,3.85,8,27.981480360031128
781,4.6000000000000005,3,28.008434057235718
782,4.3,5,28.03895854949951
783,4.15,6,28.071221351623535
784,4.6000000000000005,3,28.096636295318604
785,4.0,7,28.13140106201172
786,4.6000000000000005,3,28.156763076782227
787,4.75,2,28.181848764419556
788,-3.4,9,28.217760801315308
789,4.0,7,28.254650592803955
790,4.6000000000000005,3,28.283066749572754
791,-3.7,15,28.337088108062744
792,4.75,2,28.36921238899231
793,3.55,10,28.410579442977905
794,-3.1,3,28.436293840408325
795,-3.55,12,28.480629682540894
796,-3.5,11,28.524745225906372
797,-3.65,14,28.565025091171265
798,-1.75,15,28.611435651779175
799,4.15,6,28.64517641067505
800,4.0,7,28.682811498641968
801,-1.75,15,28.737098932266235
802,4.0,7,28.77402687072754
803,-3.6,13,28.974048376083374
804,4.3,5,29.0025897026062
805,3.25,12,29.04295039176941
806,4.6000000000000005,3,29.06968855857849
807,4.449999999999999,4,29.09953737258911
808,-1.75,15,29.151873111724854
809,-3.05,2,29.17842435836792
810,3.85,8,29.215781688690186
811,4.6000000000000005,3,29.243120908737183
812,-3.35,8,29.27898931503296
813,-1.75,15,29.323851346969604
814,4.15,6,29.35270118713379
815,3.85,8,29.384021282196045
816,-3.5,11,29.421569108963013
817,4.75,2,29.44398808479309
818,-1.75,15,29.484120845794678
819,4.6000000000000005,3,29.520128965377808
820,4.449999999999999,4,29.55393624305725
821,4.3,5,29.586954593658447
822,-3.15,4,29.619439601898193
823,4.6000000000000005,3,29.647024393081665
824,4.6000000000000005,3,29.674835443496704
825,4.3,5,29.708884239196777
826,3.4,11,29.752429008483887
827,4.449999999999999,4,29.78291940689087
828,4.3,5,29.8192720413208
829,4.449999999999999,4,29.845351934432983
830,3.85,8,29.880550384521484
831,4.15,6,29.912848472595215
832,-1.75,15,29.956899404525757
833,4.6000000000000005,3,29.983032703399658
834,4.6000000000000005,3,30.009576082229614
835,4.6000000000000005,3,30.033952236175537
836,4.15,6,30.06185507774353
837,3.85,8,30.096846342086792
838,4.6000000000000005,3,30.125887632369995
839,4.15,6,30.155574083328247
840,4.15,6,30.18654704093933
841,3.6999999999999997,9,30.393115282058716
842,4.6000000000000005,3,30.424774885177612
843,3.6999999999999997,9,30.46942901611328
844,4.449999999999999,4,30.502012491226196
845,4.449999999999999,4,30.539264678955078
846,4.15,6,30.5740385055542
847,-3.15,4,30.60538625717163
848,3.6999999999999997,9,30.646544933319092
849,4.3,5,30.684325695037842
850,4.3,5,30.718008518218994
851,4.449999999999999,4,30.748974084854126
852,-3.65,14,30.794532537460327
853,3.6999999999999997,9,30.83155632019043
854,-3.6,13,30.871389150619507
855,-3.65,14,30.91305947303772
856,4.0,7,30.947140216827393
857,3.85,8,30.978010177612305
858,4.0,7,31.007887840270996
859,3.55,10,31.043673515319824
860,4.0,7,31.07464289665222
861,4.75,2,31.09730553627014
862,-3.3,7,31.13129162788391
863,3.4,11,31.174309492111206
864,4.0,7,31.207346200942993
865,4.449999999999999,4,31.246843576431274
866,-3.55,12,31.294604301452637
867,4.6000000000000005,3,31.32901883125305
868,4.0,7,31.36574077606201
869,-3.7,15,31.40965461730957
870,3.6999999999999997,9,31.445300340652466
871,4.9,1,31.470998287200928
872,4.3,5,31.50153350830078
873,4.6000000000000005,3,31.535991668701172
874,3.85,8,31.57317590713501
875,-3.45,10,31.611180067062378
876,-3.3,7,31.649680137634277
877,4.449999999999999,4,31.832902908325195
878,-3.6,13,31.889984130859375
879,4.75,2,31.91889214515686
880,4.6000000000000005,3,31.94549822807312
881,4.449999999999999,4,31.976682901382446
882,4.3,5,32.00726938247681
883,-1.75,15,32.0554358959198
884,4.449999999999999,4,32.0885956287384
885,-3.65,14,32.13473653793335
886,4.75,2,32.16642475128174
887,4.449999999999999,4,32.19864535331726
888,3.55,10,32.239243268966675
889,3.25,12,32.285391330718994
890,3.6999999999999997,9,32.325507402420044
891,4.15,6,32.35943603515625
892,4.15,6,32.396804094314575
893,-1.75,15,32.445380449295044
894,4.3,5,32.47675180435181
895,-3.25,6,32.50612425804138
896,4.449999999999999,4,32.535555839538574
897,4.15,6,32.57240271568298
898,4.75,2,32.59858441352844
899,4.3,5,32.63168382644653
900,4.3,5,32.66187238693237
901,4.15,6,32.69252371788025
902,4.6000000000000005,3,32.71881437301636
903,3.6999999999999997,9,32.753857135772705
904,4.449999999999999,4,32.7815477848053
905,-1.75,15,32.83088159561157
906,3.55,10,32.86842942237854
907,4.449999999999999,4,32.8962676525116
908,4.75,2,32.92514514923096
909,-1.75,15,32.96491503715515
910,4.3,5,32.99374318122864
911,3.4,11,33.02982544898987
912,-3.6,13,33.070594787597656
913,4.75,2,33.24145269393921
914,3.25,12,33.28348898887634
915,4.449999999999999,4,33.323997259140015
916,3.6999999999999997,9,33.36327242851257
917,4.6000000000000005,3,33.39390540122986
918,4.0,7,33.428120613098145
919,4.6000000000000005,3,33.454131841659546
920,-3.55,12,33.497464179992676
921,-1.75,15,33.5447564125061
922,4.15,6,33.584036111831665
923,4.6000000000000005,3,33.61518144607544
924,-1.75,15,33.661548376083374
925,4.75,2,33.69105887413025
926,4.15,6,33.72503089904785
927,4.449999999999999,4,33.758721113204956
928,-3.1,3,33.791890144348145
929,4.15,6,33.82379937171936
930,3.55,10,33.865859270095825
931,4.6000000000000005,3,33.89875507354736
932,-3.65,14,33.9474663734436
933,-3.45,10,33.991344928741455
934,4.449999999999999,4,34.025373458862305
935,4.449999999999999,4,34.049050092697144
936,-3.7,15,34.09060263633728
937,4.15,6,34.1183705329895
938,4.75,2,34.1411817073822
939,-1.75,15,34.18876361846924
940,4.3,5,34.22092604637146
941,3.4,11,34.259562730789185
942,4.0,7,34.29212975502014
943,-3.3,7,34.32398700714111
944,4.0,7,34.35504674911499
945,-3.6,13,34.3959276676178
946,3.25,12,34.60996747016907
947,4.3,5,34.64118981361389
948,3.85,8,34.67537212371826
949,3.55,10,34.710466146469116
950,-1.75,15,34.753036975860596
951,4.449999999999999,4,34.780709981918335
952,-1.75,15,34.83171510696411
953,4.449999999999999,4,34.86322546005249
954,4.6000000000000005,3,34.895134687423706
955,4.6000000000000005,3,34.928390979766846
956,-1.75,15,34.973682165145874
957,-3.1,3,34.99917674064636
958,4.6000000000000005,3,35.02390909194946
959,4.6000000000000005,3,35.047685861587524
960,-3.3,7,35.07827401161194
961,4.15,6,35.110570430755615
962,-1.75,15,35.171502113342285
963,4.449999999999999,4,35.202779054641724
964,3.85,8,35.23865342140198
965,4.6000000000000005,3,35.27484440803528
966,4.75,2,35.30181288719177
967,4.15,6,35.33453989028931
968,4.449999999999999,4,35.364359855651855
969,4.3,5,35.393953800201416
970,3.4,11,35.432127237319946
971,3.25,12,35.48062491416931
972,4.15,6,35.51649880409241
973,3.25,12,35.57122087478638
974,3.4,11,35.60851073265076
975,3.6999999999999997,9,35.644952058792114
976,4.3,5,35.671635150909424
977,4.3,5,35.699180126190186
978,3.4,11,35.738749265670776
979,4.6000000000000005,3,35.766666650772095
980,4.75,2,35.792558670043945
981,3.85,8,35.827181577682495
982,3.55,10,36.01449418067932
983,3.85,8,36.055866956710815
984,3.55,10,36.092289209365845
985,4.15,6,36.12391471862793
986,3.25,12,36.165958642959595
987,-1.75,15,36.21139073371887
988,-3.65,14,36.25320911407471
989,4.0,7,36.28779697418213
990,-1.75,15,36.329325437545776
991,3.85,8,36.36635208129883
992,3.6999999999999997,9,36.40122604370117
993,-3.55,12,36.444122552871704
994,3.1,13,36.4849693775177
995,3.6999999999999997,9,36.523592948913574
996,4.6000000000000005,3,36.561450481414795
997,4.15,6,36.5952787399292
998,4.449999999999999,4,36.62671256065369
999,4.3,5,36.65701866149902
1000,-1.75,15,36.71299743652344
1001,-1.75,15,36.763455629348755
1002,3.85,8,36.80534386634827
1003,-3.35,8,36.84512376785278
1004,4.6000000000000005,3,36.87865996360779
1005,4.6000000000000005,3,36.912129640579224
1006,3.6999999999999997,9,36.9546434879303
1007,4.15,6,36.98559045791626
1008,-1.75,15,37.029077768325806
1009,2.9499999999999997,14,37.08046889305115
1010,-3.5,11,37.295058488845825
1011,4.0,7,37.32675766944885
1012,4.0,7,37.36195182800293
1013,3.85,8,37.4038143157959
1014,4.15,6,37.444557189941406
1015,3.25,12,37.48386025428772
1016,4.0,7,37.51713728904724
1017,4.449999999999999,4,37.54772114753723
1018,4.0,7,37.583208084106445
1019,4.6000000000000005,3,37.60948848724365
1020,3.4,11,37.64949035644531
1021,4.75,2,37.67692732810974
1022,-3.45,10,37.71211099624634
1023,3.6999999999999997,9,37.7481734752655
1024,4.75,2,37.77618098258972
1025,4.449999999999999,4,37.80787658691406
1026,4.6000000000000005,3,37.83103895187378
1027,-1.75,15,37.879634618759155
1028,4.449999999999999,4,37.90916585922241
1029,4.15,6,37.944435834884644
1030,4.449999999999999,4,37.971670150756836
1031,4.3,5,38.00256299972534
1032,-3.2,5,38.030033349990845
1033,3.6999999999999997,9,38.0635724067688
1034,3.6999999999999997,9,38.09584355354309
1035,4.15,6,38.12282633781433
1036,3.6999999999999997,9,38.15786814689636
1037,4.0,7,38.189754009246826
1038,4.449999999999999,4,38.22134017944336
1039,4.75,2,38.24423575401306
1040,-1.75,15,38.293264389038086
1041,-1.75,15,38.33930230140686
1042,4.0,7,38.37939643859863
1043,2.9499999999999997,14,38.43072533607483
1044,4.9,1,38.456368923187256
1045,3.6999999999999997,9,38.50094723701477
1046,-1.75,15,38.711931228637695
1047,4.449999999999999,4,38.7394745349884
1048,4.6000000000000005,3,38.76721978187561
1049,-3.35,8,38.80410146713257
1050,4.75,2,38.828818798065186
1051,4.75,2,38.85569667816162
1052,4.3,5,38.88600516319275
1053,4.15,6,38.9160521030426
1054,-1.75,15,38.960739850997925
1055,4.0,7,38.9928925037384
1056,4.15,6,39.025078773498535
1057,-3.7,15,39.06895351409912
1058,4.15,6,39.10004115104675
1059,4.6000000000000005,3,39.12790012359619
1060,4.15,6,39.15929174423218
1061,3.85,8,39.194741010665894
1062,-3.7,15,39.24143624305725
1063,4.0,7,39.27653622627258
1064,-1.75,15,39.323017597198486
1065,-3.5,11,39.36006474494934
1066,3.6999999999999997,9,39.39985132217407
1067,3.6999999999999997,9,39.445499897003174
1068,3.85,8,39.477057456970215
1069,4.6000000000000005,3,39.50906586647034
1070,4.6000000000000005,3,39.53512978553772
1071,3.4,11,39.57309055328369
1072,4.75,2,39.5979061126709
1073,4.75,2,39.62511610984802
1074,4.6000000000000005,3,39.6505229473114
1075,-3.5,11,39.69270873069763
1076,3.4,11,39.733598470687866
1077,3.6999999999999997,9,39.770010471343994
1078,4.449999999999999,4,39.79949975013733
1079,4.75,2,39.82602524757385
1080,4.6000000000000005,3,39.85561943054199
1081,4.3,5,39.88804364204407
1082,-1.75,15,40.09593939781189
1083,4.449999999999999,4,40.12663221359253
1084,4.6000000000000005,3,40.15801501274109
1085,4.15,6,40.18967413902283
1086,4.449999999999999,4,40.21959209442139
1087,4.75,2,40.25103044509888
1088,4.449999999999999,4,40.29023551940918
1089,4.0,7,40.33277988433838
1090,4.75,2,40.36069869995117
1091,-3.6,13,40.405508518218994
1092,4.75,2,40.433552503585815
1093,4.6000000000000005,3,40.46574854850769
1094,4.6000000000000005,3,40.497907400131226
1095,4.9,1,40.52772116661072
1096,-3.65,14,40.57129979133606
1097,4.449999999999999,4,40.602378845214844
1098,4.0,7,40.637593269348145
1099,4.15,6,40.67172980308533
1100,-3.55,12,40.71633577346802
1101,4.3,5,40.74586725234985
1102,4.3,5,40.78298854827881
1103,3.6999999999999997,9,40.81927251815796
1104,3.85,8,40.85253429412842
1105,4.75,2,40.88999533653259
1106,4.15,6,40.92479729652405
1107,-1.75,15,40.96664476394653
1108,3.4,11,41.00824236869812
1109,3.85,8,41.03869938850403
1110,-1.75,15,41.08203983306885
1111,4.6000000000000005,3,41.11214828491211
1112,-1.75,15,41.15782809257507
1113,4.449999999999999,4,41.1865017414093
1114,4.75,2,41.21467065811157
1115,4.15,6,41.24702763557434
1116,4.6000000000000005,3,41.27652335166931
1117,4.15,6,41.308205127716064
1118,3.6999999999999997,9,41.34426140785217
1119,4.75,2,41.368367195129395
1120,3.6999999999999997,9,41.4105007648468
1121,3.4,11,41.6405725479126
1122,4.449999999999999,4,41.67506217956543
1123,4.449999999999999,4,41.70684289932251
1124,4.3,5,41.74568510055542
1125,-3.7,15,41.79836058616638
1126,-3.5,11,41.84411573410034
1127,4.6000000000000005,3,41.87058115005493
1128,3.55,10,41.90834021568298
1129,-3.15,4,41.9337854385376
1130,4.6000000000000005,3,41.96104097366333
1131,-3.35,8,41.991100788116455
1132,4.3,5,42.01890754699707
1133,4.0,7,42.047818422317505
1134,-3.55,12,42.08710956573486
1135,4.75,2,42.11027240753174
1136,4.449999999999999,4,42.13868761062622
1137,4.3,5,42.16713356971741
1138,-3.3,7,42.19836926460266
1139,3.55,10,42.240288496017456
1140,-3.65,14,42.27881836891174
1141,4.9,1,42.301713943481445
1142,3.55,10,42.34070944786072
1143,3.85,8,42.37504553794861
1144,4.449999999999999,4,42.39974355697632
1145,4.6000000000000005,3,42.42572045326233
1146,3.85,8,42.45888614654541
1147,4.6000000000000005,3,42.48318910598755
1148,4.3,5,42.512205600738525
1149,4.6000000000000005,3,42.54172706604004
1150,3.4,11,42.57844281196594
1151,3.6999999999999997,9,42.61346936225891
1152,4.75,2,42.63895082473755
1153,3.85,8,42.67058229446411
1154,4.3,5,42.69969081878662
1155,4.15,6,42.72953915596008
1156,-3.2,5,42.759706020355225
1157,4.3,5,42.79311919212341
1158,4.75,2,42.81395411491394
1159,4.75,2,42.84019637107849
1160,4.3,5,42.87139391899109
1161,4.6000000000000005,3,42.90284204483032
1162,4.6000000000000005,3,42.92941117286682
1163,3.55,10,43.131194829940796
1164,-3.2,5,43.16548132896423
1165,3.85,8,43.20478177070618
1166,4.3,5,43.234323024749756
1167,4.15,6,43.26496863365173
1168,4.6000000000000005,3,43.29647254943848
1169,4.75,2,43.3249135017395
1170,3.55,10,43.36209273338318
1171,-3.6,13,43.40495991706848
1172,3.6999999999999997,9,43.43833065032959
1173,4.3,5,43.466792345047
1174,4.3,5,43.497859954833984
1175,4.75,2,43.5283567905426
1176,-3.45,10,43.568074226379395
1177,-3.3,7,43.60007166862488
1178,4.15,6,43.63189649581909
1179,3.6999999999999997,9,43.66939330101013
1180,3.6999999999999997,9,43.705118894577026
1181,4.6000000000000005,3,43.731146812438965
1182,-3.45,10,43.77471590042114
1183,3.4,11,43.816303730010986
1184,4.75,2,43.842456579208374
1185,3.4,11,43.88082671165466
1186,3.85,8,43.922850370407104
1187,4.3,5,43.95788836479187
1188,4.75,2,43.98965930938721
1189,-3.7,15,44.042510747909546
1190,4.6000000000000005,3,44.07007169723511
1191,4.0,7,44.10228967666626
1192,3.1,13,44.141186237335205
1193,-3.45,10,44.18505549430847
1194,4.6000000000000005,3,44.211873054504395
1195,3.6999999999999997,9,44.24557280540466
1196,3.6999999999999997,9,44.28109359741211
1197,3.85,8,44.32290244102478
1198,4.75,2,44.36445236206055
1199,3.6999999999999997,9,44.60896182060242
1200,4.0,7,44.65100336074829
1201,4.15,6,44.68780255317688
1202,4.0,7,44.72686243057251
1203,3.25,12,44.77020335197449
1204,4.6000000000000005,3,44.80225372314453
1205,4.15,6,44.835495710372925
1206,3.85,8,44.872251749038696
1207,-3.15,4,44.90079474449158
1208,3.6999999999999997,9,44.93963313102722
1209,4.449999999999999,4,44.97204923629761
1210,3.85,8,45.003867864608765
1211,4.75,2,45.02830719947815
1212,4.15,6,45.0586895942688
1213,4.15,6,45.08954572677612
1214,-1.75,15,45.13039541244507
1215,4.15,6,45.162901163101196
1216,3.85,8,45.197938680648804
1217,3.6999999999999997,9,45.23184061050415
1218,4.15,6,45.26414680480957
1219,4.6000000000000005,3,45.28861427307129
1220,-3.4,9,45.32556915283203
1221,4.6000000000000005,3,45.35480046272278
1222,3.85,8,45.38942241668701
1223,4.449999999999999,4,45.426445960998535
1224,4.0,7,45.460630655288696
1225,-3.5,11,45.49875593185425
1226,4.75,2,45.525270223617554
1227,4.3,5,45.55349564552307
1228,-3.3,7,45.58644676208496
1229,4.0,7,45.62116575241089
1230,3.25,12,45.659311294555664
1231,4.6000000000000005,3,45.68861436843872
1232,4.3,5,45.72260093688965
1233,-3.7,15,45.765329122543335
1234,4.6000000000000005,3,45.795250415802
1235,4.6000000000000005,3,45.82436013221741
1236,4.0,7,45.86372399330139
1237,4.15,6,45.89628052711487
1238,4.449999999999999,4,46.072089433670044
1239,4.449999999999999,4,46.10331082344055
1240,4.449999999999999,4,46.129883766174316
1241,4.6000000000000005,3,46.15821433067322
1242,4.15,6,46.19938659667969
1243,3.55,10,46.23816776275635
1244,4.75,2,46.26598024368286
1245,4.6000000000000005,3,46.29434013366699
1246,4.15,6,46.33086323738098
1247,3.25,12,46.37930369377136
1248,4.3,5,46.41572046279907
1249,4.0,7,46.44759011268616
1250,3.6999999999999997,9,46.48863649368286
1251,4.449999999999999,4,46.51863765716553
1252,4.3,5,46.55141019821167
1253,3.25,12,46.592942237854004
1254,3.6999999999999997,9,46.630802631378174
1255,4.6000000000000005,3,46.65901851654053
1256,4.0,7,46.69171714782715
1257,4.6000000000000005,3,46.717681646347046
1258,4.6000000000000005,3,46.74426245689392
1259,-3.35,8,46.78246831893921
1260,4.0,7,46.823686361312866
1261,4.9,1,46.850687742233276
1262,4.75,2,46.87833309173584
1263,4.0,7,46.90948271751404
1264,4.15,6,46.93960976600647
1265,-3.4,9,46.97803711891174
1266,3.6999999999999997,9,47.019075870513916
1267,3.85,8,47.05280661582947
1268,3.85,8,47.08735179901123
1269,4.9,1,47.11347937583923
1270,4.0,7,47.1491174697876
1271,4.3,5,47.18856143951416
1272,4.75,2,47.21933174133301
1273,3.6999999999999997,9,47.26211190223694
1274,-3.55,12,47.30438256263733
1275,3.55,10,47.34294652938843
1276,4.6000000000000005,3,47.37128138542175
1277,4.6000000000000005,3,47.402464866638184
1278,3.55,10,47.43692374229431
1279,3.55,10,47.61987805366516
1280,4.449999999999999,4,47.6471529006958
1281,4.449999999999999,4,47.675567626953125
1282,-1.75,15,47.721067905426025
1283,4.449999999999999,4,47.750805377960205
1284,4.3,5,47.78350281715393
1285,-3.65,14,47.828054666519165
1286,4.0,7,47.86445498466492
1287,-1.75,15,47.9105429649353
1288,4.6000000000000005,3,47.93957161903381
1289,3.85,8,47.97626185417175
1290,4.75,2,48.00230145454407
1291,3.85,8,48.04326391220093
1292,4.15,6,48.07779312133789
1293,3.25,12,48.1202757358551
1294,-3.4,9,48.165382862091064
1295,4.6000000000000005,3,48.19482111930847
1296,4.75,2,48.223838329315186
1297,4.449999999999999,4,48.25081753730774
1298,4.3,5,48.27822804450989
1299,4.449999999999999,4,48.309295892715454
1300,4.3,5,48.34604740142822
1301,-3.7,15,48.3901104927063
1302,4.6000000000000005,3,48.42288947105408
1303,3.25,12,48.46243453025818
1304,4.3,5,48.49114465713501
1305,3.6999999999999997,9,48.527058839797974
1306,4.15,6,48.55928945541382
1307,4.0,7,48.59653615951538
1308,4.0,7,48.63598871231079
1309,4.449999999999999,4,48.6687433719635
1310,4.9,1,48.69549202919006
1311,4.6000000000000005,3,48.72651124000549
1312,4.6000000000000005,3,48.76901865005493
1313,4.6000000000000005,3,48.80543088912964
1314,-1.75,15,48.848830461502075
1315,4.6000000000000005,3,48.88224983215332
1316,3.6999999999999997,9,48.91439461708069
1317,4.6000000000000005,3,48.94225215911865
1318,4.15,6,48.971439361572266
1319,4.3,5,49.137834787368774
1320,4.75,2,49.16475224494934
1321,4.0,7,49.205294609069824
1322,3.6999999999999997,9,49.243425369262695
1323,-1.75,15,49.30029082298279
1324,4.449999999999999,4,49.330339193344116
1325,3.6999999999999997,9,49.37326240539551
1326,4.449999999999999,4,49.40654754638672
1327,4.9,1,49.436017751693726
1328,4.449999999999999,4,49.46622395515442
1329,4.15,6,49.50416445732117
1330,3.6999999999999997,9,49.54325747489929
1331,3.6999999999999997,9,49.58088517189026
1332,4.6000000000000005,3,49.607813119888306
1333,4.0,7,49.64724349975586
1334,4.75,2,49.67440676689148
1335,4.0,7,49.710323333740234
1336,4.15,6,49.74488019943237
1337,3.85,8,49.778645277023315
1338,4.15,6,49.8103973865509
1339,4.6000000000000005,3,49.840585231781006
1340,3.25,12,49.87957429885864
1341,-3.45,10,49.92024326324463
1342,4.15,6,49.957536697387695
1343,4.75,2,49.98673725128174
1344,3.85,8,50.01661133766174
1345,4.75,2,50.0393762588501
1346,3.4,11,50.0721800327301
1347,4.3,5,50.101341247558594
1348,4.75,2,50.125011682510376
1349,4.449999999999999,4,50.15124726295471
1350,4.449999999999999,4,50.178396701812744
1351,3.85,8,50.215463161468506
1352,4.15,6,50.248833656311035
1353,4.6000000000000005,3,50.27986192703247
1354,4.0,7,50.312970876693726
1355,4.3,5,50.34167790412903
1356,4.3,5,50.37043476104736
1357,3.6999999999999997,9,50.40769982337952
1358,4.9,1,50.43376898765564
1359,4.9,1,50.46376848220825
1360,4.449999999999999,4,50.491047859191895
1361,4.6000000000000005,3,50.52398610115051
1362,3.4,11,50.56480288505554
1363,4.15,6,50.77343988418579
1364,4.6000000000000005,3,50.80701947212219
1365,4.75,2,50.832355976104736
1366,4.75,2,50.85744071006775
1367,4.6000000000000005,3,50.88443326950073
1368,-3.4,9,50.92020773887634
1369,-1.75,15,50.96311831474304
1370,4.75,2,50.98884344100952
1371,4.6000000000000005,3,51.0185661315918
1372,4.449999999999999,4,51.057515144348145
1373,4.15,6,51.100308895111084
1374,-1.75,15,51.15564298629761
1375,4.449999999999999,4,51.186901330947876
1376,4.3,5,51.21693134307861
1377,-1.75,15,51.26442313194275
1378,4.6000000000000005,3,51.29616618156433
1379,4.6000000000000005,3,51.3281147480011
1380,3.6999999999999997,9,51.36896991729736
1381,3.85,8,51.406872034072876
1382,3.1,13,51.444650650024414
1383,4.15,6,51.47626495361328
1384,4.75,2,51.499810457229614
1385,3.6999999999999997,9,51.5348699092865
1386,3.55,10,51.571131467819214
1387,4.6000000000000005,3,51.59710884094238
1388,3.55,10,51.63106346130371
1389,3.1,13,51.67013359069824
1390,4.15,6,51.704033851623535
1391,4.6000000000000005,3,51.73197555541992
1392,4.6000000000000005,3,51.759851694107056
1393,4.9,1,51.78377366065979
1394,4.3,5,51.81541037559509
1395,3.85,8,51.84759545326233
1396,4.9,1,51.87315630912781
1397,3.4,11,51.910343408584595
1398,4.449999999999999,4,51.936988830566406
1399,4.0,7,51.96598529815674
1400,4.449999999999999,4,51.99107003211975
1401,-3.45,10,52.025351762771606
1402,4.6000000000000005,3,52.05208468437195
1403,4.449999999999999,4,52.0808162689209
1404,4.75,2,52.10668468475342
1405,4.75,2,52.1296272277832
1406,4.6000000000000005,3,52.31077861785889
1407,3.55,10,52.3521785736084
1408,-3.05,2,52.38080716133118
1409,4.15,6,52.41370487213135
1410,4.6000000000000005,3,52.44134259223938
1411,4.15,6,52.474936962127686
1412,3.55,10,52.52024221420288
1413,4.15,6,52.55868673324585
1414,3.85,8,52.595370054244995
1415,4.3,5,52.62722682952881
1416,4.6000000000000005,3,52.654366970062256
1417,3.6999999999999997,9,52.69343400001526
1418,-3.15,4,52.723313331604004
1419,4.75,2,52.754414081573486
1420,4.0,7,52.79136896133423
1421,4.75,2,52.821617603302
1422,4.75,2,52.84919023513794
1423,4.6000000000000005,3,52.88122916221619
1424,-1.75,15,52.933181285858154
1425,3.85,8,52.96756362915039
1426,4.15,6,52.99854350090027
1427,4.75,2,53.023250341415405
1428,4.3,5,53.0529043674469
1429,4.3,5,53.08309626579285
1430,4.449999999999999,4,53.11571192741394
1431,4.0,7,53.14763116836548
1432,3.25,12,53.18816328048706
1433,3.55,10,53.22700572013855
1434,3.85,8,53.25710201263428
1435,4.6000000000000005,3,53.2818341255188
1436,4.3,5,53.31040596961975
1437,4.75,2,53.333131074905396
1438,3.6999999999999997,9,53.37223839759827
1439,4.15,6,53.40477228164673
1440,4.6000000000000005,3,53.4375958442688
1441,4.75,2,53.46773600578308
1442,4.75,2,53.493565797805786
1443,4.449999999999999,4,53.52191424369812
1444,4.9,1,53.54647946357727
1445,-1.75,15,53.591410636901855
1446,4.9,1,53.61912679672241
1447,4.6000000000000005,3,53.64995336532593
1448,4.449999999999999,4,53.67870855331421
1449,4.75,2,53.70482540130615
1450,4.3,5,53.730229139328
1451,4.9,1,53.75505971908569
1452,4.15,6,53.78912544250488
1453,3.4,11,54.00060796737671
1454,4.449999999999999,4,54.03030514717102
1455,4.3,5,54.07030153274536
1456,4.3,5,54.100085496902466
1457,4.3,5,54.13182592391968
1458,4.9,1,54.16059136390686
1459,4.0,7,54.193865060806274
1460,4.449999999999999,4,54.221827030181885
1461,4.449999999999999,4,54.24904942512512
1462,4.15,6,54.285001277923584
1463,3.85,8,54.32332968711853
1464,4.449999999999999,4,54.35008931159973
1465,4.75,2,54.3785035610199
1466,4.449999999999999,4,54.41278028488159
1467,4.0,7,54.45468807220459
1468,4.6000000000000005,3,54.48705291748047
1469,4.6000000000000005,3,54.512659788131714
1470,4.75,2,54.53986382484436
1471,4.449999999999999,4,54.57054901123047
1472,3.6999999999999997,9,54.605690479278564
1473,3.55,10,54.64071202278137
1474,-1.75,15,54.68123722076416
1475,4.449999999999999,4,54.71063303947449
1476,4.15,6,54.74108386039734
1477,4.3,5,54.77189826965332
1478,4.75,2,54.801920652389526
1479,4.3,5,54.83001351356506
1480,4.3,5,54.859562397003174
1481,4.449999999999999,4,54.88957142829895
1482,4.75,2,54.91507649421692
1483,4.0,7,54.9505660533905
1484,4.449999999999999,4,54.98150038719177
1485,4.0,7,55.016900062561035
1486,4.3,5,55.04294013977051
1487,4.75,2,55.06894278526306
1488,4.6000000000000005,3,55.093504667282104
1489,4.449999999999999,4,55.122461557388306
1490,4.6000000000000005,3,55.15190529823303
1491,3.6999999999999997,9,55.18999695777893
1492,4.6000000000000005,3,55.21470022201538
1493,-1.75,15,55.26772332191467
1494,3.6999999999999997,9,55.306766748428345
1495,4.3,5,55.34088182449341
1496,4.449999999999999,4,55.37545394897461
1497,4.449999999999999,4,55.40251350402832
1498,4.449999999999999,4,55.43723201751709
1499,4.449999999999999,4,55.46166753768921
1500,3.85,8,55.50176119804382
1501,3.6999999999999997,9,55.5385046005249
1502,4.15,6,55.74707841873169
1503,3.25,12,55.803242444992065
1504,4.0,7,55.84311079978943
1505,-3.4,9,55.88124942779541
1506,4.449999999999999,4,55.91442012786865
1507,3.85,8,55.95321226119995
1508,-3.25,6,55.98709797859192
1509,4.3,5,56.019790172576904
1510,-3.45,10,56.05797219276428
1511,4.15,6,56.09068751335144
1512,4.0,7,56.11973762512207
1513,4.3,5,56.14662194252014
1514,4.449999999999999,4,56.174662590026855
1515,4.6000000000000005,3,56.2011775970459
1516,4.15,6,56.238070011138916
1517,-3.45,10,56.27802300453186
1518,3.4,11,56.32026767730713
1519,3.6999999999999997,9,56.358449935913086
1520,-3.0,1,56.3881413936615
1521,-1.75,15,56.45026683807373
1522,4.6000000000000005,3,56.483702182769775
1523,4.3,5,56.512900829315186
1524,4.3,5,56.54491186141968
1525,4.6000000000000005,3,56.57445454597473
1526,-1.75,15,56.620912313461304
1527,3.4,11,56.660136699676514
1528,4.6000000000000005,3,56.6880156993866
1529,-3.4,9,56.7282292842865
1530,4.3,5,56.760799407958984
1531,4.449999999999999,4,56.79358196258545
1532,4.6000000000000005,3,56.823471784591675
1533,4.449999999999999,4,56.86007618904114
1534,3.55,10,56.90488004684448
1535,4.15,6,56.940025806427
1536,4.449999999999999,4,56.9742226600647
1537,4.75,2,57.000948667526245
1538,3.85,8,57.03555464744568
1539,4.9,1,57.06574463844299
1540,3.85,8,57.109169244766235
1541,4.6000000000000005,3,57.1414852142334
1542,4.75,2,57.3558349609375
1543,4.449999999999999,4,57.38513422012329
1544,3.25,12,57.4345383644104
1545,3.25,12,57.47291827201843
1546,4.3,5,57.50723218917847
1547,4.9,1,57.533591747283936
1548,4.9,1,57.55870509147644
1549,4.9,1,57.59208154678345
1550,-3.65,14,57.63939547538757
1551,4.75,2,57.6650652885437
1552,3.85,8,57.701072216033936
1553,-3.45,10,57.73915672302246
1554,3.85,8,57.77675700187683
1555,3.55,10,57.81468653678894
1556,3.55,10,57.859371185302734
1557,3.25,12,57.894726276397705
1558,4.449999999999999,4,57.92127823829651
1559,4.15,6,57.95328187942505
1560,4.0,7,57.98401665687561
1561,4.449999999999999,4,58.01317095756531
1562,3.85,8,58.04990887641907
1563,4.9,1,58.071752071380615
1564,-1.75,15,58.12137985229492
1565,3.6999999999999997,9,58.1635365486145
1566,-1.75,15,58.221811294555664
1567,4.449999999999999,4,58.25086975097656
1568,3.6999999999999997,9,58.28735589981079
1569,4.3,5,58.31345868110657
1570,3.25,12,58.35650634765625
1571,4.449999999999999,4,58.384695291519165
1572,4.6000000000000005,3,58.410749197006226
1573,3.55,10,58.44789695739746
1574,4.449999999999999,4,58.47563600540161
1575,4.3,5,58.50787544250488
1576,-3.55,12,58.54851937294006
1577,3.85,8,58.58415102958679
1578,4.6000000000000005,3,58.76845026016235
1579,-3.15,4,58.800785779953
1580,4.449999999999999,4,58.83424663543701
1581,3.25,12,58.872539043426514
1582,-3.4,9,58.91180443763733
1583,4.449999999999999,4,58.949856758117676
1584,4.6000000000000005,3,58.974467515945435
1585,3.4,11,59.0157744884491
1586,3.85,8,59.05288362503052
1587,4.0,7,59.08592128753662
1588,4.0,7,59.1200807094574
1589,3.4,11,59.16368818283081
1590,4.449999999999999,4,59.19248080253601
1591,3.6999999999999997,9,59.227991580963135
1592,4.3,5,59.258392333984375
1593,3.6999999999999997,9,59.294668436050415
1594,4.75,2,59.321975231170654
1595,-3.05,2,59.346182346343994
1596,4.75,2,59.37278342247009
1597,4.449999999999999,4,59.40708589553833
1598,4.449999999999999,4,59.43482184410095
1599,-1.75,15,59.4830105304718
1600,-3.5,11,59.52124333381653
1601,4.75,2,59.55218529701233
1602,4.3,5,59.58688497543335
1603,3.85,8,59.6273467540741
1604,4.6000000000000005,3,59.65638756752014
1605,3.25,12,59.70339345932007
1606,4.3,5,59.73655414581299
1607,-1.75,15,59.778234243392944
1608,4.6000000000000005,3,59.804786682128906
1609,-3.35,8,59.83994269371033
1610,4.6000000000000005,3,59.866568088531494
1611,3.85,8,59.900856256484985
1612,3.6999999999999997,9,59.93712592124939
1613,4.3,5,59.965096950531006
1614,-3.5,11,60.00970506668091
1615,4.0,7,60.04104828834534
1616,4.6000000000000005,3,60.219255685806274
1617,4.0,7,60.25236749649048
1618,4.75,2,60.27968621253967
1619,4.449999999999999,4,60.31094241142273
1620,4.15,6,60.34568119049072
1621,4.6000000000000005,3,60.37685942649841
1622,4.449999999999999,4,60.407710552215576
1623,4.6000000000000005,3,60.43855023384094
1624,4.449999999999999,4,60.47817873954773
1625,-3.2,5,60.52061748504639
1626,4.9,1,60.55272626876831
1627,4.6000000000000005,3,60.58264112472534
1628,4.3,5,60.62189292907715
1629,4.6000000000000005,3,60.650511264801025
1630,4.449999999999999,4,60.678932905197144
1631,4.15,6,60.72218585014343
1632,4.3,5,60.757569551467896
1633,4.449999999999999,4,60.79063677787781
1634,4.0,7,60.8261022567749
1635,3.55,10,60.86143350601196
1636,-1.75,15,60.905688762664795
1637,4.75,2,60.938892126083374
1638,4.15,6,60.97333836555481
1639,4.0,7,61.004748821258545
1640,3.85,8,61.03718447685242
1641,4.6000000000000005,3,61.06122899055481
1642,3.85,8,61.09255766868591
1643,-3.25,6,61.127503871917725
1644,3.85,8,61.16188836097717
1645,4.6000000000000005,3,61.19243049621582
1646,3.55,10,61.233078718185425
1647,3.85,8,61.265727519989014
1648,4.75,2,61.291486740112305
1649,3.85,8,61.324946641922
1650,3.85,8,61.35903525352478
1651,-1.75,15,61.407078981399536
1652,4.6000000000000005,3,61.43547177314758
1653,4.0,7,61.468844413757324
1654,4.449999999999999,4,61.496915340423584
1655,-3.25,6,61.532140254974365
1656,4.449999999999999,4,61.567100286483765
1657,4.9,1,61.59625244140625
1658,4.15,6,61.62722182273865
1659,3.85,8,61.661616802215576
1660,-3.4,9,61.702608823776245
1661,4.3,5,61.89167070388794
1662,4.75,2,61.92347812652588
1663,3.55,10,61.95952248573303
1664,4.6000000000000005,3,61.99334740638733
1665,3.6999999999999997,9,62.03412103652954
1666,4.0,7,62.0647189617157
1667,4.15,6,62.10131311416626
1668,4.75,2,62.12472105026245
1669,3.85,8,62.16023850440979
1670,4.6000000000000005,3,62.19001007080078
1671,4.0,7,62.22601270675659
1672,4.3,5,62.25680136680603
1673,4.6000000000000005,3,62.28739380836487
1674,4.6000000000000005,3,62.319602251052856
1675,4.6000000000000005,3,62.349987745285034
1676,4.449999999999999,4,62.37756299972534
1677,3.25,12,62.424704790115356
1678,3.4,11,62.4712438583374
1679,4.449999999999999,4,62.502830505371094
1680,4.75,2,62.52819776535034
1681,4.6000000000000005,3,62.554640769958496
1682,4.6000000000000005,3,62.57919788360596
1683,3.55,10,62.62020802497864
1684,4.6000000000000005,3,62.645463705062866
1685,4.15,6,62.67438364028931
1686,4.75,2,62.703741788864136
1687,4.449999999999999,4,62.7332181930542
1688,4.3,5,62.76256084442139
1689,-3.55,12,62.80365610122681
1690,4.9,1,62.83388686180115
1691,4.15,6,62.870447635650635
1692,4.75,2,62.897021532058716
1693,3.85,8,62.93527913093567
1694,4.75,2,62.96239709854126
1695,4.15,6,62.99003887176514
1696,4.3,5,63.03306317329407
1697,-1.75,15,63.07321858406067
1698,3.85,8,63.10521721839905
1699,3.55,10,63.13897633552551
1700,3.4,11,63.17758393287659
1701,4.3,5,63.207979917526245
1702,3.6999999999999997,9,63.24393153190613
1703,3.85,8,63.28272795677185
1704,4.75,2,63.30704355239868
1705,4.449999999999999,4,63.33548974990845
1706,4.449999999999999,4,63.51598381996155
1707,4.75,2,63.53933596611023
1708,3.85,8,63.57464957237244
1709,4.3,5,63.61062526702881
1710,4.15,6,63.64658546447754
1711,4.3,5,63.67757272720337
1712,4.75,2,63.70326352119446
1713,3.4,11,63.746910572052
1714,3.85,8,63.79047250747681
1715,4.0,7,63.82934093475342
1716,4.0,7,63.86648988723755
1717,3.55,10,63.90566802024841
1718,4.15,6,63.938995122909546
1719,4.15,6,63.97878623008728
1720,4.3,5,64.0079836845398
1721,3.85,8,64.04399418830872
1722,4.0,7,64.083087682724
1723,3.6999999999999997,9,64.12199544906616
1724,3.25,12,64.16144943237305
1725,4.6000000000000005,3,64.18855953216553
1726,4.75,2,64.21536159515381
1727,4.0,7,64.2499783039093
1728,4.3,5,64.27851223945618
1729,-1.75,15,64.32262587547302
1730,4.449999999999999,4,64.3487195968628
1731,4.3,5,64.38180828094482
1732,4.0,7,64.41596055030823
1733,4.6000000000000005,3,64.44364595413208
1734,4.449999999999999,4,64.47487282752991
1735,3.6999999999999997,9,64.51043391227722
1736,4.0,7,64.54786205291748
1737,4.15,6,64.58453321456909
1738,3.55,10,64.62570405006409
1739,4.0,7,64.65812468528748
1740,4.3,5,64.68521285057068
1741,4.0,7,64.7171847820282
1742,3.6999999999999997,9,64.750892162323
1743,4.449999999999999,4,64.78458738327026
1744,4.3,5,64.8225736618042
1745,4.3,5,64.8534779548645
1746,4.75,2,65.02296876907349
1747,4.3,5,65.05372047424316
1748,3.6999999999999997,9,65.09333348274231
1749,3.85,8,65.12779688835144
1750,3.25,12,65.17502522468567
1751,4.449999999999999,4,65.20595860481262
1752,3.25,12,65.2498676776886
1753,4.75,2,65.28455066680908
1754,4.15,6,65.3218584060669
1755,4.75,2,65.35096144676208
1756,4.6000000000000005,3,65.37725329399109
1757,3.1,13,65.42546653747559
1758,4.3,5,65.45938324928284
1759,4.3,5,65.49433279037476
1760,4.75,2,65.52698016166687
1761,-3.6,13,65.57240533828735
1762,4.449999999999999,4,65.60586643218994
1763,3.6999999999999997,9,65.64634561538696
1764,3.55,10,65.6854133605957
1765,4.3,5,65.72267079353333
1766,4.6000000000000005,3,65.75031685829163
1767,4.15,6,65.78933310508728
1768,4.6000000000000005,3,65.8189389705658
1769,4.6000000000000005,3,65.84640836715698
1770,4.15,6,65.87594556808472
1771,4.6000000000000005,3,65.90199518203735
1772,3.6999999999999997,9,65.93808126449585
1773,-1.75,15,65.98253798484802
1774,4.3,5,66.0092842578888
1775,4.0,7,66.04283666610718
1776,4.449999999999999,4,66.07445192337036
1777,3.6999999999999997,9,66.11099338531494
1778,4.0,7,66.14411211013794
1779,4.0,7,66.17926740646362
1780,3.55,10,66.213552236557
1781,4.3,5,66.24127459526062
1782,4.449999999999999,4,66.26801061630249
1783,4.449999999999999,4,66.29322123527527
1784,3.85,8,66.32754874229431
1785,4.6000000000000005,3,66.3538007736206
1786,4.6000000000000005,3,66.38286280632019
1787,3.4,11,66.56415963172913
1788,4.15,6,66.59558629989624
1789,4.15,6,66.6323573589325
1790,4.6000000000000005,3,66.65696573257446
1791,4.3,5,66.69175934791565
1792,4.0,7,66.72382092475891
1793,4.3,5,66.7523033618927
1794,3.85,8,66.79362988471985
1795,3.55,10,66.83195161819458
1796,3.6999999999999997,9,66.87293744087219
1797,3.85,8,66.91924810409546
1798,4.6000000000000005,3,66.94402599334717
1799,3.4,11,66.98343682289124
1800,4.449999999999999,4,67.01122689247131
1801,4.3,5,67.04297685623169
1802,4.0,7,67.0753526687622
1803,4.15,6,67.11466121673584
1804,4.449999999999999,4,67.1421148777008
1805,4.15,6,67.18111157417297
1806,3.85,8,67.21960258483887
1807,4.15,6,67.25661659240723
1808,4.0,7,67.29148817062378
1809,4.75,2,67.32072329521179
1810,4.449999999999999,4,67.355703830719
1811,4.75,2,67.38121104240417
1812,3.85,8,67.42401146888733
1813,4.15,6,67.45447301864624
1814,4.75,2,67.48362612724304
1815,4.9,1,67.50471949577332
1816,3.55,10,67.54203176498413
1817,4.6000000000000005,3,67.57151865959167
1818,4.3,5,67.6001501083374
1819,4.0,7,67.63462996482849
1820,4.75,2,67.66246271133423
1821,4.6000000000000005,3,67.69089555740356
1822,3.25,12,67.73462748527527
1823,4.449999999999999,4,67.76124334335327
1824,4.6000000000000005,3,67.78686165809631
1825,3.85,8,67.82373976707458
1826,4.3,5,67.85320115089417
1827,4.449999999999999,4,67.88157773017883
1828,4.0,7,67.91602778434753
1829,3.25,12,67.95285868644714
1830,4.15,6,68.1226372718811
1831,4.3,5,68.15432000160217
1832,4.3,5,68.18692541122437
1833,4.0,7,68.22018051147461
1834,4.15,6,68.25424480438232
1835,4.15,6,68.29634809494019
1836,4.6000000000000005,3,68.32349610328674
1837,4.75,2,68.35348534584045
1838,3.85,8,68.3925552368164
1839,4.449999999999999,4,68.42679500579834
1840,4.0,7,68.46188402175903
1841,3.85,8,68.503493309021
1842,4.449999999999999,4,68.53750896453857
1843,3.4,11,68.57633686065674
1844,4.3,5,68.61146783828735
1845,2.9499999999999997,14,68.65506887435913
1846,4.449999999999999,4,68.68490099906921
1847,3.85,8,68.72139382362366
1848,4.9,1,68.74730229377747
1849,4.0,7,68.7773540019989
1850,4.0,7,68.81051254272461
1851,4.0,7,68.84164643287659
1852,3.4,11,68.88769698143005
1853,4.15,6,68.91719555854797
1854,4.75,2,68.94404244422913
1855,4.0,7,68.97369360923767
1856,4.3,5,69.00851798057556
1857,4.3,5,69.03496098518372
1858,4.9,1,69.05932307243347
1859,-1.75,15,69.09957027435303
1860,4.449999999999999,4,69.13447785377502
1861,-1.75,15,69.18388676643372
1862,-1.75,15,69.22934675216675
1863,4.449999999999999,4,69.25450658798218
1864,3.4,11,69.290700674057
1865,4.15,6,69.31929540634155
1866,4.6000000000000005,3,69.3423912525177
1867,3.4,11,69.37740516662598
1868,4.3,5,69.56047010421753
1869,3.85,8,69.59251618385315
1870,4.15,6,69.62350940704346
1871,4.449999999999999,4,69.65530228614807
1872,4.3,5,69.68768572807312
1873,4.6000000000000005,3,69.71788430213928
1874,3.6999999999999997,9,69.75815486907959
1875,3.25,12,69.80443978309631
1876,4.6000000000000005,3,69.83199429512024
1877,-3.25,6,69.86381196975708
1878,4.75,2,69.89549350738525
1879,4.0,7,69.93061208724976
1880,4.0,7,69.96755933761597
1881,3.85,8,70.01087880134583
1882,4.0,7,70.0495216846466
1883,4.6000000000000005,3,70.08411169052124
1884,4.75,2,70.10944867134094
1885,4.9,1,70.13341403007507
1886,4.6000000000000005,3,70.16797685623169
1887,3.85,8,70.20306086540222
1888,3.85,8,70.23678517341614
1889,3.1,13,70.28400230407715
1890,4.449999999999999,4,70.30977773666382
1891,3.6999999999999997,9,70.34791040420532
1892,4.0,7,70.38497471809387
1893,-1.75,15,70.43305325508118
1894,4.6000000000000005,3,70.46229195594788
1895,3.25,12,70.50449204444885
1896,4.75,2,70.53387665748596
1897,4.3,5,70.56124258041382
1898,3.4,11,70.60368871688843
1899,4.449999999999999,4,70.63717675209045
1900,3.85,8,70.67093420028687
1901,4.6000000000000005,3,70.70101404190063
1902,4.15,6,70.73261070251465
1903,4.449999999999999,4,70.75849509239197
1904,-3.3,7,70.79461717605591
1905,4.75,2,70.82088851928711
1906,4.75,2,70.84785318374634
1907,4.75,2,70.87504601478577
1908,4.9,1,70.90009808540344
1909,3.6999999999999997,9,70.93581557273865
1910,4.3,5,70.96790552139282
1911,4.3,5,70.99721574783325
1912,4.3,5,71.16892313957214
1913,3.85,8,71.2084641456604
1914,4.6000000000000005,3,71.23734283447266
1915,4.6000000000000005,3,71.26558351516724
1916,4.6000000000000005,3,71.29095768928528
1917,2.9499999999999997,14,71.34077310562134
1918,4.9,1,71.37210631370544
1919,4.15,6,71.40273571014404
1920,4.9,1,71.42401099205017
1921,-3.45,10,71.46466445922852
1922,4.6000000000000005,3,71.49142861366272
1923,4.449999999999999,4,71.52633166313171
1924,4.9,1,71.55203604698181
1925,4.0,7,71.588698387146
1926,3.4,11,71.62738490104675
1927,4.9,1,71.65179991722107
1928,4.75,2,71.67903280258179
1929,4.6000000000000005,3,71.70686149597168
1930,4.3,5,71.73747277259827
1931,-3.5,11,71.77870798110962
1932,4.15,6,71.81341338157654
1933,4.6000000000000005,3,71.84435939788818
1934,4.75,2,71.87029767036438
1935,4.75,2,71.90227961540222
1936,4.3,5,71.93402886390686
1937,4.449999999999999,4,71.95960545539856
1938,-1.75,15,72.00012588500977
1939,4.75,2,72.02294826507568
1940,4.15,6,72.06031656265259
1941,4.15,6,72.09212183952332
1942,3.6999999999999997,9,72.1242024898529
1943,4.449999999999999,4,72.15385270118713
1944,4.3,5,72.18634939193726
1945,3.4,11,72.22781276702881
1946,4.6000000000000005,3,72.25414681434631
1947,-1.75,15,72.2999918460846
1948,3.85,8,72.33849954605103
1949,4.0,7,72.3735556602478
1950,4.0,7,72.40762066841125
1951,4.3,5,72.43797874450684
1952,4.75,2,72.47095680236816
1953,4.9,1,72.49498867988586
1954,4.6000000000000005,3,72.52163529396057
1955,4.449999999999999,4,72.548654794693
1956,4.3,5,72.5805242061615
1957,3.1,13,72.62767601013184
1958,4.75,2,72.66380953788757
1959,4.9,1,72.68658447265625
1960,4.0,7,72.8666524887085
1961,4.75,2,72.89184737205505
1962,4.15,6,72.926096200943
1963,4.3,5,72.95351767539978
1964,3.6999999999999997,9,72.99037313461304
1965,4.3,5,73.01761889457703
1966,3.85,8,73.05713176727295
1967,4.75,2,73.08338856697083
1968,4.0,7,73.11956238746643
1969,4.75,2,73.14706325531006
1970,4.449999999999999,4,73.17484760284424
1971,4.449999999999999,4,73.20655751228333
1972,-1.75,15,73.25703525543213
1973,4.3,5,73.29077672958374
1974,-1.75,15,73.34785580635071
1975,3.85,8,73.39012479782104
1976,4.449999999999999,4,73.42102193832397
1977,4.3,5,73.45266222953796
1978,4.6000000000000005,3,73.47525691986084
1979,4.6000000000000005,3,73.50107669830322
1980,4.6000000000000005,3,73.52618908882141
1981,4.15,6,73.56226348876953
1982,4.0,7,73.60455417633057
1983,4.3,5,73.64049816131592
1984,4.449999999999999,4,73.67723536491394
1985,4.75,2,73.70784258842468
1986,-3.45,10,73.75408983230591
1987,3.85,8,73.7942099571228
1988,4.6000000000000005,3,73.82276201248169
1989,4.449999999999999,4,73.85064268112183
1990,4.75,2,73.87593078613281
1991,4.6000000000000005,3,73.90604972839355
1992,3.55,10,73.94966864585876
1993,4.15,6,73.98388934135437
1994,4.3,5,74.01605939865112
1995,4.449999999999999,4,74.04459881782532
1996,3.85,8,74.07919406890869
1997,4.3,5,74.11531329154968
1998,4.449999999999999,4,74.1483473777771
1999,4.6000000000000005,3,74.17318606376648
2000,4.449999999999999,4,74.20152139663696
2001,4.15,6,74.2334258556366
2002,-1.75,15,74.27642917633057
2003,4.3,5,74.30400037765503
2004,3.55,10,74.50012302398682
2005,4.3,5,74.53596878051758
2006,4.449999999999999,4,74.56673789024353
2007,4.6000000000000005,3,74.59437251091003
2008,4.449999999999999,4,74.6244604587555
2009,4.9,1,74.65487790107727
2010,4.6000000000000005,3,74.68372774124146
2011,4.6000000000000005,3,74.71892428398132
2012,4.6000000000000005,3,74.75066375732422
2013,4.15,6,74.78895688056946
2014,4.6000000000000005,3,74.81717824935913
2015,3.85,8,74.85116219520569
2016,4.75,2,74.87752676010132
2017,3.55,10,74.92124032974243
2018,4.449999999999999,4,74.94966745376587
2019,4.3,5,74.9743025302887
2020,3.85,8,75.01117277145386
2021,4.6000000000000005,3,75.03761696815491
2022,4.6000000000000005,3,75.0637571811676
2023,4.0,7,75.0954487323761
2024,4.9,1,75.11889553070068
2025,-1.75,15,75.15958642959595
2026,4.9,1,75.18333196640015
2027,4.449999999999999,4,75.20936369895935
2028,4.15,6,75.23945140838623
2029,3.85,8,75.27270555496216
2030,4.0,7,75.31008172035217
2031,4.6000000000000005,3,75.33728981018066
2032,3.25,12,75.37800860404968
2033,4.75,2,75.40155863761902
2034,-1.75,15,75.45346188545227
2035,4.6000000000000005,3,75.4886782169342
2036,3.25,12,75.53201007843018
2037,4.449999999999999,4,75.55946493148804
2038,4.15,6,75.59029340744019
2039,-3.4,9,75.62474703788757
2040,4.6000000000000005,3,75.6555061340332
2041,4.449999999999999,4,75.6827609539032
2042,4.75,2,75.71187162399292
2043,4.6000000000000005,3,75.73802518844604
2044,4.449999999999999,4,75.76634788513184
2045,4.75,2,75.79006600379944
2046,4.15,6,75.82756733894348
2047,4.3,5,75.86686420440674
2048,4.9,1,75.89564752578735
2049,4.15,6,75.92806577682495
2050,4.6000000000000005,3,75.9542818069458
2051,3.6999999999999997,9,75.99034643173218
2052,3.6999999999999997,9,76.02632665634155
2053,4.15,6,76.22070574760437
2054,4.6000000000000005,3,76.2516701221466
2055,4.449999999999999,4,76.27763605117798
2056,4.449999999999999,4,76.30713367462158
2057,4.6000000000000005,3,76.3327887058258
2058,4.449999999999999,4,76.36904692649841
2059,4.75,2,76.3968141078949
2060,3.55,10,76.44032764434814
2061,3.85,8,76.47863960266113
2062,4.3,5,76.5102641582489
2063,4.6000000000000005,3,76.5410692691803
2064,-1.75,15,76.59054851531982
2065,3.85,8,76.62606120109558
2066,4.75,2,76.65389370918274
2067,4.75,2,76.67607951164246
2068,4.6000000000000005,3,76.70383095741272
2069,4.6000000000000005,3,76.73014044761658
2070,4.3,5,76.75762176513672
2071,4.3,5,76.78767681121826
2072,3.4,11,76.82368421554565
2073,4.15,6,76.86392951011658
2074,4.3,5,76.89761352539062
2075,4.75,2,76.93014693260193
2076,4.6000000000000005,3,76.95630049705505
2077,3.25,12,76.99217224121094
2078,4.0,7,77.02648210525513
2079,4.0,7,77.05761742591858
2080,4.0,7,77.09701204299927
2081,4.15,6,77.1317126750946
2082,4.6000000000000005,3,77.15438628196716
2083,4.15,6,77.18941307067871
2084,3.4,11,77.23500323295593
2085,4.3,5,77.26799130439758
2086,4.15,6,77.30870079994202
2087,4.6000000000000005,3,77.34539651870728
2088,4.15,6,77.38089776039124
2089,3.85,8,77.41407895088196
2090,-1.75,15,77.45868730545044
2091,-3.0,1,77.48571538925171
2092,4.6000000000000005,3,77.50877690315247
2093,4.9,1,77.53485250473022
2094,4.15,6,77.56997871398926
2095,3.55,10,77.61223459243774
2096,3.6999999999999997,9,77.65028524398804
2097,4.6000000000000005,3,77.67485523223877
2098,4.3,5,77.86656761169434
2099,3.55,10,77.9101939201355
2100,3.6999999999999997,9,77.94593000411987
2101,3.6999999999999997,9,77.9807767868042
2102,4.449999999999999,4,78.01127481460571
2103,4.75,2,78.03574585914612
2104,2.9499999999999997,14,78.07980418205261
2105,4.449999999999999,4,78.10762310028076
2106,4.75,2,78.13080382347107
2107,4.449999999999999,4,78.1578299999237
2108,4.3,5,78.18467831611633
2109,4.15,6,78.21754789352417
2110,4.0,7,78.24928617477417
2111,4.9,1,78.28063368797302
2112,4.449999999999999,4,78.30755758285522
2113,4.6000000000000005,3,78.33650279045105
2114,4.75,2,78.36091232299805
2115,4.6000000000000005,3,78.3884973526001
2116,3.6999999999999997,9,78.41934967041016
2117,-3.15,4,78.44793558120728
2118,4.3,5,78.47807025909424
2119,4.6000000000000005,3,78.50545859336853
2120,3.85,8,78.5374071598053
2121,4.9,1,78.56502509117126
2122,4.6000000000000005,3,78.59248733520508
2123,4.449999999999999,4,78.62086486816406
2124,4.0,7,78.65415930747986
2125,4.0,7,78.6844494342804
2126,4.75,2,78.70793652534485
2127,4.3,5,78.73930335044861
2128,4.75,2,78.76741695404053
2129,4.449999999999999,4,78.79236054420471
2130,4.3,5,78.8221788406372
2131,4.0,7,78.85340118408203
2132,4.449999999999999,4,78.87997078895569
2133,4.0,7,78.91013288497925
2134,4.6000000000000005,3,78.93584203720093
2135,3.85,8,78.96696949005127
2136,4.75,2,78.98916745185852
2137,4.449999999999999,4,79.02240419387817
2138,4.6000000000000005,3,79.04646134376526
2139,4.75,2,79.07224154472351
2140,3.85,8,79.10209274291992
2141,3.85,8,79.13814949989319
2142,-3.2,5,79.17171096801758
2143,4.75,2,79.1975085735321
2144,3.4,11,79.23942565917969
2145,4.3,5,79.27333807945251
2146,4.0,7,79.31651830673218
2147,4.449999999999999,4,79.34388518333435
2148,-1.75,15,79.56595659255981
2149,3.85,8,79.60675191879272
2150,4.449999999999999,4,79.6425883769989
2151,3.6999999999999997,9,79.68201923370361
2152,4.6000000000000005,3,79.70647382736206
2153,3.85,8,79.73789191246033
2154,4.15,6,79.76904320716858
2155,3.55,10,79.8027093410492
2156,3.4,11,79.83899354934692
2157,4.0,7,79.86980891227722
2158,4.9,1,79.89952540397644
2159,4.6000000000000005,3,79.93019485473633
2160,4.6000000000000005,3,79.95428943634033
2161,4.6000000000000005,3,79.97990536689758
2162,4.449999999999999,4,80.00545907020569
2163,4.6000000000000005,3,80.03271913528442
2164,4.6000000000000005,3,80.05751323699951
2165,4.3,5,80.08904790878296
2166,4.9,1,80.12203526496887
2167,4.75,2,80.1537218093872
2168,3.85,8,80.18746185302734
2169,4.6000000000000005,3,80.2178418636322
2170,4.75,2,80.24162983894348
2171,4.3,5,80.27094721794128
2172,3.4,11,80.31312274932861
2173,4.0,7,80.34699726104736
2174,4.3,5,80.37495827674866
2175,4.3,5,80.40273928642273
2176,4.449999999999999,4,80.43181014060974
2177,3.85,8,80.47630548477173
2178,4.75,2,80.49990582466125
2179,-1.75,15,80.5555157661438
2180,4.6000000000000005,3,80.5833637714386
2181,3.6999999999999997,9,80.62317204475403
2182,4.15,6,80.65603995323181
2183,4.6000000000000005,3,80.6887092590332
2184,3.1,13,80.73904633522034
2185,4.15,6,80.77744793891907
2186,3.55,10,80.823317527771
2187,4.0,7,80.86192393302917
2188,4.75,2,80.88773894309998
2189,3.85,8,80.92117691040039
2190,4.75,2,80.94506192207336
2191,4.3,5,80.97167348861694
2192,4.449999999999999,4,81.17407321929932
2193,4.6000000000000005,3,81.20229434967041
2194,3.85,8,81.239501953125
2195,4.75,2,81.2641294002533
2196,4.75,2,81.28950929641724
2197,4.75,2,81.31747317314148
2198,4.75,2,81.3389904499054
2199,4.0,7,81.37138867378235
2200,3.6999999999999997,9,81.41621112823486
2201,3.85,8,81.45071578025818
2202,4.3,5,81.47876191139221
2203,3.85,8,81.5121419429779
2204,4.75,2,81.53680515289307
2205,3.55,10,81.5720546245575
2206,4.6000000000000005,3,81.59818267822266
2207,-1.75,15,81.64874148368835
2208,3.85,8,81.6817057132721
2209,3.6999999999999997,9,81.71499276161194
2210,4.449999999999999,4,81.74114632606506
2211,3.6999999999999997,9,81.78674101829529
2212,4.3,5,81.82193183898926
2213,2.9499999999999997,14,81.86525678634644
2214,4.6000000000000005,3,81.88926124572754
2215,4.0,7,81.92024993896484
2216,4.3,5,81.9477334022522
2217,4.6000000000000005,3,81.9743959903717
2218,3.85,8,82.01642394065857
2219,4.3,5,82.04531049728394
2220,3.4,11,82.08052849769592
2221,-3.4,9,82.11774945259094
2222,-1.75,15,82.16054081916809
2223,4.75,2,82.18596911430359
2224,4.449999999999999,4,82.21724724769592
2225,-1.75,15,82.26628470420837
2226,3.1,13,82.3130555152893
2227,-1.75,15,82.36043405532837
2228,4.3,5,82.54083108901978
2229,4.449999999999999,4,82.57261037826538
2230,3.55,10,82.61500597000122
2231,4.15,6,82.64561581611633
2232,-1.75,15,82.69004416465759
2233,4.3,5,82.72371673583984
2234,3.85,8,82.75822710990906
2235,3.6999999999999997,9,82.80103349685669
2236,-1.75,15,82.84941864013672
2237,4.15,6,82.88534212112427
2238,-1.75,15,82.9294855594635
2239,4.75,2,82.9528660774231
2240,4.0,7,82.98564767837524
2241,3.4,11,83.02026009559631
2242,4.6000000000000005,3,83.04799580574036
2243,4.75,2,83.07114505767822
2244,4.3,5,83.10068988800049
2245,4.6000000000000005,3,83.12667536735535
2246,4.6000000000000005,3,83.15427732467651
2247,4.9,1,83.17482018470764
2248,4.449999999999999,4,83.20569372177124
2249,4.75,2,83.23453998565674
2250,4.15,6,83.26750016212463
2251,4.75,2,83.29115986824036
2252,4.449999999999999,4,83.31930375099182
2253,4.75,2,83.34241652488708
2254,4.449999999999999,4,83.37057280540466
2255,4.6000000000000005,3,83.39625644683838
2256,4.15,6,83.42655944824219
2257,3.85,8,83.46518540382385
2258,4.3,5,83.50067496299744
2259,4.6000000000000005,3,83.53277778625488
2260,4.449999999999999,4,83.56157565116882
2261,4.6000000000000005,3,83.58687996864319
2262,4.75,2,83.61963105201721
2263,-1.75,15,83.65904498100281
2264,4.449999999999999,4,83.68814849853516
2265,4.75,2,83.71204400062561
2266,3.6999999999999997,9,83.74471926689148
2267,-3.55,12,83.78262758255005
2268,4.75,2,83.80701446533203
2269,4.3,5,83.83766031265259
2270,4.3,5,83.8712968826294
2271,-1.75,15,84.10491228103638
2272,3.85,8,84.15171694755554
2273,4.15,6,84.19238066673279
2274,3.25,12,84.2388665676117
2275,4.75,2,84.26312232017517
2276,3.85,8,84.30301427841187
2277,4.6000000000000005,3,84.33438992500305
2278,4.6000000000000005,3,84.36666584014893
2279,3.85,8,84.40281438827515
2280,4.3,5,84.43195223808289
2281,4.0,7,84.46607637405396
2282,4.449999999999999,4,84.50223231315613
2283,3.6999999999999997,9,84.54189801216125
2284,3.4,11,84.58039379119873
2285,4.75,2,84.6141905784607
2286,4.3,5,84.64256000518799
2287,3.6999999999999997,9,84.67383909225464
2288,4.15,6,84.70670199394226
2289,-1.75,15,84.75009751319885
2290,4.449999999999999,4,84.7776231765747
2291,4.75,2,84.8033549785614
2292,4.15,6,84.84131407737732
2293,-1.75,15,84.88788294792175
2294,3.6999999999999997,9,84.92695641517639
2295,4.6000000000000005,3,84.95144534111023
2296,3.85,8,84.98379302024841
2297,4.15,6,85.01209950447083
2298,3.6999999999999997,9,85.04441046714783
2299,-1.75,15,85.08684611320496
2300,3.55,10,85.12309861183167
2301,4.6000000000000005,3,85.15351986885071
2302,-1.75,15,85.20011377334595
2303,4.3,5,85.22663569450378
2304,4.75,2,85.2529923915863
2305,4.449999999999999,4,85.27868008613586
2306,4.449999999999999,4,85.306893825531
2307,3.85,8,85.33982372283936
2308,4.6000000000000005,3,85.51947808265686
2309,4.15,6,85.55561685562134
2310,4.0,7,85.5920078754425
2311,4.449999999999999,4,85.6247169971466
2312,4.449999999999999,4,85.66203260421753
2313,4.3,5,85.69948244094849
2314,4.75,2,85.7258791923523
2315,4.75,2,85.75373911857605
2316,4.75,2,85.78748655319214
2317,3.55,10,85.82976460456848
2318,4.6000000000000005,3,85.86567282676697
2319,3.85,8,85.90588712692261
2320,4.6000000000000005,3,85.93685746192932
2321,3.85,8,85.96914601325989
2322,4.3,5,85.99993944168091
2323,4.75,2,86.02461838722229
2324,3.55,10,86.06218838691711
2325,-1.75,15,86.10564017295837
2326,4.75,2,86.12891507148743
2327,3.85,8,86.16272258758545
2328,3.25,12,86.20181894302368
2329,4.0,7,86.23427867889404
2330,4.3,5,86.26259112358093
2331,-1.75,15,86.31140041351318
2332,4.449999999999999,4,86.3402009010315
2333,3.85,8,86.37443661689758
2334,4.15,6,86.40349674224854
2335,4.15,6,86.43312811851501
2336,4.0,7,86.46897172927856
2337,4.6000000000000005,3,86.5008065700531
2338,4.15,6,86.54406762123108
2339,4.6000000000000005,3,86.58140444755554
2340,-1.75,15,86.62880730628967
2341,4.6000000000000005,3,86.65859723091125
2342,3.25,12,86.70917868614197
2343,4.75,2,86.73551917076111
2344,4.0,7,86.76605939865112
2345,-1.75,15,86.81624436378479
2346,4.3,5,86.84545087814331
2347,4.75,2,86.87007594108582
2348,4.449999999999999,4,86.89825487136841
2349,4.6000000000000005,3,87.09672260284424
2350,4.3,5,87.1266393661499
2351,4.0,7,87.1693983078003
2352,3.6999999999999997,9,87.21676969528198
2353,4.9,1,87.24795246124268
2354,4.449999999999999,4,87.28426146507263
2355,3.6999999999999997,9,87.32532930374146
2356,3.85,8,87.36127161979675
2357,4.15,6,87.39738488197327
2358,4.3,5,87.43353652954102
2359,4.449999999999999,4,87.46352219581604
2360,3.85,8,87.50190997123718
2361,4.449999999999999,4,87.53407835960388
2362,3.55,10,87.57142996788025
2363,3.25,12,87.61502623558044
2364,4.449999999999999,4,87.64088916778564
2365,4.6000000000000005,3,87.66503524780273
2366,4.15,6,87.69135856628418
2367,4.449999999999999,4,87.72017788887024
2368,4.75,2,87.74546146392822
2369,3.6999999999999997,9,87.78175401687622
2370,4.3,5,87.81028747558594
2371,3.85,8,87.84252572059631
2372,4.6000000000000005,3,87.87011075019836
2373,3.4,11,87.91725254058838
2374,4.3,5,87.95001411437988
2375,-1.75,15,87.99348020553589
2376,4.75,2,88.01639866828918
2377,4.75,2,88.03955173492432
2378,3.1,13,88.08057022094727
2379,3.4,11,88.11588621139526
2380,4.0,7,88.14723491668701
2381,3.25,12,88.1868999004364
2382,4.0,7,88.22228527069092
2383,3.55,10,88.25943779945374
2384,4.3,5,88.29703307151794
2385,-3.3,7,88.32894015312195
2386,3.55,10,88.36491417884827
2387,4.3,5,88.54956197738647
2388,4.15,6,88.58112502098083
2389,4.75,2,88.60798621177673
2390,3.6999999999999997,9,88.64590668678284
2391,4.3,5,88.67506051063538
2392,-1.75,15,88.72111129760742
2393,4.75,2,88.75202655792236
2394,4.6000000000000005,3,88.78744459152222
2395,3.55,10,88.82745695114136
2396,4.75,2,88.85683465003967
2397,4.449999999999999,4,88.89731764793396
2398,4.449999999999999,4,88.92926669120789
2399,3.55,10,88.96858286857605
2400,-1.75,15,89.01628398895264
2401,3.55,10,89.0509603023529
2402,4.6000000000000005,3,89.08074760437012
2403,4.6000000000000005,3,89.10949850082397
2404,3.55,10,89.15324378013611
2405,-1.75,15,89.20239210128784
2406,-1.75,15,89.24869656562805
2407,4.0,7,89.28301858901978
2408,3.55,10,89.32679176330566
2409,4.449999999999999,4,89.35397386550903
2410,4.449999999999999,4,89.38473606109619
2411,3.85,8,89.41991209983826
2412,4.75,2,89.44979166984558
2413,3.55,10,89.48892903327942
2414,-1.75,15,89.53296327590942
2415,4.3,5,89.56374549865723
2416,4.15,6,89.59695291519165
2417,4.6000000000000005,3,89.62147569656372
2418,4.3,5,89.65132904052734
2419,4.0,7,89.6878821849823
2420,3.55,10,89.73203873634338
2421,4.0,7,89.77200508117676
2422,4.3,5,89.80369567871094
2423,4.75,2,89.83320784568787
2424,4.3,5,89.99693083763123
2425,4.9,1,90.01925349235535
2426,4.15,6,90.05227875709534
2427,3.85,8,90.09192442893982
2428,4.75,2,90.1227035522461
2429,4.6000000000000005,3,90.15769028663635
2430,4.0,7,90.19574499130249
2431,4.6000000000000005,3,90.22962737083435
2432,4.9,1,90.25618577003479
2433,4.75,2,90.2841739654541
2434,4.0,7,90.32304358482361
2435,4.15,6,90.35347986221313
2436,4.15,6,90.38945007324219
2437,4.449999999999999,4,90.41829633712769
2438,4.75,2,90.44721794128418
2439,4.75,2,90.47305107116699
2440,4.75,2,90.50290727615356
2441,4.9,1,90.52717852592468
2442,4.3,5,90.56312584877014
2443,4.449999999999999,4,90.60447359085083
2444,4.75,2,90.6356611251831
2445,4.6000000000000005,3,90.67047905921936
2446,4.0,7,90.70876264572144
2447,4.75,2,90.73587346076965
2448,3.55,10,90.77047395706177
2449,4.75,2,90.79598736763
2450,3.4,11,90.83719825744629
2451,4.3,5,90.87159204483032
2452,3.55,10,90.9079999923706
2453,4.6000000000000005,3,90.93474507331848
2454,3.4,11,90.97161531448364
2455,4.3,5,91.00076746940613
2456,3.25,12,91.03843188285828
2457,3.85,8,91.0713164806366
2458,4.3,5,91.10230255126953
2459,-1.75,15,91.1479983329773
2460,4.449999999999999,4,91.17617511749268
2461,4.9,1,91.20122170448303
2462,3.85,8,91.24155497550964
2463,4.6000000000000005,3,91.27603030204773
2464,4.449999999999999,4,91.31323838233948
2465,4.75,2,91.3425042629242
2466,3.85,8,91.38350057601929
2467,4.6000000000000005,3,91.40624594688416
2468,4.15,6,91.43811058998108
2469,4.15,6,91.47567248344421
2470,4.15,6,91.51074433326721
2471,4.3,5,91.54559707641602
2472,4.3,5,91.58097815513611
2473,4.449999999999999,4,91.61389541625977
2474,4.6000000000000005,3,91.64285898208618
2475,3.55,10,91.8611810207367
2476,3.25,12,91.90552258491516
2477,4.449999999999999,4,91.93527150154114
2478,4.449999999999999,4,91.96482372283936
2479,-1.75,15,92.00977087020874
2480,4.6000000000000005,3,92.04304313659668
2481,4.9,1,92.0691385269165
2482,4.0,7,92.11102843284607
2483,3.25,12,92.15582323074341
2484,4.449999999999999,4,92.19032025337219
2485,4.75,2,92.22410702705383
2486,4.0,7,92.2592716217041
2487,-1.75,15,92.30173015594482
2488,3.6999999999999997,9,92.3416006565094
2489,-1.75,15,92.3880410194397
2490,4.15,6,92.42279434204102
2491,4.15,6,92.45598769187927
2492,4.3,5,92.4854040145874
2493,4.6000000000000005,3,92.51111149787903
2494,3.6999999999999997,9,92.54789805412292
2495,3.6999999999999997,9,92.58125305175781
2496,4.75,2,92.60639643669128
2497,3.85,8,92.64027881622314
2498,4.75,2,92.66640090942383
2499,4.3,5,92.6968240737915
2500,4.3,5,92.73042678833008
2501,4.6000000000000005,3,92.75981092453003
2502,4.6000000000000005,3,92.78739738464355
2503,3.85,8,92.81819725036621
2504,4.0,7,92.84882736206055
2505,4.449999999999999,4,92.87392258644104
2506,4.3,5,92.90122318267822
2507,4.6000000000000005,3,92.9325590133667
2508,4.0,7,92.9667112827301
2509,4.75,2,92.99189805984497
2510,4.449999999999999,4,93.02054381370544
2511,3.85,8,93.06084179878235
2512,4.75,2,93.08902621269226
2513,4.3,5,93.11872577667236
2514,4.9,1,93.14253377914429
2515,-3.35,8,93.1769688129425
2516,4.75,2,93.21261262893677
2517,4.449999999999999,4,93.24697017669678
2518,4.449999999999999,4,93.44963312149048
2519,4.15,6,93.47942352294922
2520,4.75,2,93.50226092338562
2521,4.3,5,93.53730463981628
2522,4.449999999999999,4,93.57315802574158
2523,4.449999999999999,4,93.60648488998413
2524,4.15,6,93.642742395401
2525,4.75,2,93.66899633407593
2526,3.85,8,93.71128416061401
2527,4.6000000000000005,3,93.73889803886414
2528,3.4,11,93.7800042629242
2529,3.85,8,93.82251715660095
2530,4.3,5,93.8515977859497
2531,4.6000000000000005,3,93.87379837036133
2532,4.75,2,93.89924597740173
2533,4.75,2,93.92464280128479
2534,4.15,6,93.95549631118774
2535,4.6000000000000005,3,93.98062658309937
2536,4.3,5,94.01488280296326
2537,4.15,6,94.04819250106812
2538,4.449999999999999,4,94.07808756828308
2539,3.4,11,94.1172981262207
2540,4.15,6,94.14865279197693
2541,4.3,5,94.18025541305542
2542,4.75,2,94.20899510383606
2543,4.449999999999999,4,94.23985767364502
2544,4.75,2,94.2701096534729
2545,4.75,2,94.2954523563385
2546,4.3,5,94.32244372367859
2547,4.449999999999999,4,94.35168766975403
2548,4.449999999999999,4,94.38506412506104
2549,4.6000000000000005,3,94.4158980846405
2550,4.15,6,94.44852042198181
2551,3.25,12,94.48949813842773
2552,4.0,7,94.52483630180359
2553,4.0,7,94.56262516975403
2554,4.15,6,94.59506106376648
2555,4.6000000000000005,3,94.62215924263
2556,4.449999999999999,4,94.65178608894348
2557,4.75,2,94.67944955825806
2558,4.3,5,94.70839548110962
2559,3.85,8,94.74988460540771
2560,3.6999999999999997,9,94.78610134124756
2561,-1.75,15,94.83325099945068
2562,3.4,11,94.87224221229553
2563,4.3,5,94.90203309059143
2564,4.0,7,94.9320604801178
2565,4.449999999999999,4,95.11633348464966
2566,4.9,1,95.13936161994934
2567,4.449999999999999,4,95.17001247406006
2568,3.55,10,95.21692228317261
2569,-1.75,15,95.26508045196533
2570,-1.75,15,95.31210684776306
2571,4.75,2,95.34214067459106
2572,4.0,7,95.37506055831909
2573,4.15,6,95.40562415122986
2574,4.6000000000000005,3,95.43703985214233
2575,3.6999999999999997,9,95.47283625602722
2576,4.75,2,95.50083303451538
2577,3.85,8,95.53789567947388
2578,3.85,8,95.57194685935974
2579,4.6000000000000005,3,95.59929084777832
2580,4.15,6,95.6309142112732
2581,4.449999999999999,4,95.65551948547363
2582,-1.75,15,95.69609498977661
2583,4.75,2,95.72092509269714
2584,4.75,2,95.7476053237915
2585,-3.2,5,95.777676820755
2586,4.6000000000000005,3,95.80469155311584
2587,4.6000000000000005,3,95.83168911933899
2588,4.449999999999999,4,95.86260199546814
2589,4.6000000000000005,3,95.88974332809448
2590,4.449999999999999,4,95.91799592971802
2591,-1.75,15,95.9693078994751
2592,2.9499999999999997,14,96.01794362068176
2593,4.3,5,96.04736495018005
2594,4.6000000000000005,3,96.07109570503235
2595,-1.75,15,96.11168241500854
2596,4.75,2,96.13436245918274
2597,4.0,7,96.16804814338684
2598,4.75,2,96.19054579734802
2599,4.15,6,96.22214078903198
2600,4.449999999999999,4,96.249929189682
2601,4.9,1,96.27050399780273
2602,4.3,5,96.30076217651367
2603,4.449999999999999,4,96.33115530014038
2604,3.6999999999999997,9,96.36489248275757
2605,4.75,2,96.38943529129028
2606,4.15,6,96.42217302322388
2607,4.15,6,96.45377111434937
2608,-1.75,15,96.66156721115112
2609,4.3,5,96.69017958641052
2610,4.3,5,96.72868752479553
2611,4.6000000000000005,3,96.75357842445374
2612,3.85,8,96.79684710502625
2613,4.6000000000000005,3,96.82502031326294
2614,4.75,2,96.84912109375
2615,4.75,2,96.87319278717041
2616,4.0,7,96.9048957824707
2617,4.3,5,96.935950756073
2618,4.3,5,96.9635808467865
2619,4.449999999999999,4,96.99059820175171
2620,4.75,2,97.01883053779602
2621,4.3,5,97.04568815231323
2622,4.15,6,97.07624411582947
2623,3.1,13,97.11506700515747
2624,4.6000000000000005,3,97.14269185066223
2625,4.449999999999999,4,97.16915559768677
2626,3.1,13,97.20565414428711
2627,4.15,6,97.24715065956116
2628,4.6000000000000005,3,97.27269768714905
2629,3.55,10,97.31748509407043
2630,4.3,5,97.34770202636719
2631,3.85,8,97.38870930671692
2632,-1.75,15,97.4358479976654
2633,4.75,2,97.46571731567383
2634,4.3,5,97.49366521835327
2635,-3.2,5,97.52082014083862
2636,4.9,1,97.5513985157013
2637,3.1,13,97.59763932228088
2638,4.15,6,97.62901616096497
2639,4.3,5,97.65664839744568
2640,-1.75,15,97.70336413383484
2641,4.6000000000000005,3,97.7305703163147
2642,3.85,8,97.76491236686707
2643,4.6000000000000005,3,97.79548263549805
2644,3.6999999999999997,9,97.83546924591064
2645,4.75,2,97.85997772216797
2646,4.3,5,97.88816285133362
2647,4.75,2,97.91319918632507
2648,3.25,12,97.96181058883667
2649,4.75,2,97.98536992073059
2650,3.4,11,98.17890357971191
2651,4.449999999999999,4,98.21166586875916
2652,4.6000000000000005,3,98.24708771705627
2653,3.55,10,98.2985291481018
2654,4.449999999999999,4,98.33486723899841
2655,4.6000000000000005,3,98.36624908447266
2656,3.4,11,98.40939593315125
2657,4.3,5,98.44013023376465
2658,4.75,2,98.46837210655212
2659,4.0,7,98.5034487247467
2660,4.449999999999999,4,98.53260517120361
2661,4.0,7,98.56227564811707
2662,4.3,5,98.5929503440857
2663,4.15,6,98.6291151046753
2664,4.449999999999999,4,98.66217613220215
2665,3.6999999999999997,9,98.69605660438538
2666,4.6000000000000005,3,98.72242712974548
2667,4.75,2,98.75050902366638
2668,4.0,7,98.77971935272217
2669,4.6000000000000005,3,98.8036105632782
2670,4.0,7,98.83289623260498
2671,-1.75,15,98.87303805351257
2672,4.9,1,98.90031814575195
2673,4.3,5,98.94019722938538
2674,4.6000000000000005,3,98.96272468566895
2675,4.75,2,98.98594331741333
2676,4.75,2,99.0070276260376
2677,4.449999999999999,4,99.0310275554657
2678,4.0,7,99.05962491035461
2679,4.75,2,99.08483386039734
2680,4.6000000000000005,3,99.1088924407959
2681,4.449999999999999,4,99.13382315635681
2682,4.15,6,99.16172480583191
2683,3.6999999999999997,9,99.19859719276428
2684,3.85,8,99.23206996917725
2685,3.85,8,99.26330542564392
2686,4.0,7,99.30054044723511
2687,4.75,2,99.32524919509888
2688,4.6000000000000005,3,99.35117483139038
2689,4.6000000000000005,3,99.37635517120361
2690,4.3,5,99.40873885154724
2691,4.9,1,99.43371176719666
2692,4.15,6,99.46263194084167
2693,4.3,5,99.50318598747253
2694,-1.75,15,99.553790807724
2695,4.6000000000000005,3,99.58295893669128
2696,4.6000000000000005,3,99.61500430107117
2697,3.4,11,99.66193962097168
2698,4.449999999999999,4,99.86760258674622
2699,-1.75,15,99.9138412475586
2700,3.55,10,99.95032739639282
2701,4.6000000000000005,3,99.97902917861938
2702,4.75,2,100.00389504432678
2703,4.15,6,100.03193473815918
2704,3.6999999999999997,9,100.06752181053162
2705,4.75,2,100.08967232704163
2706,4.6000000000000005,3,100.11569333076477
2707,-1.75,15,100.16245174407959
2708,4.6000000000000005,3,100.1870641708374
2709,3.6999999999999997,9,100.22629928588867
2710,4.3,5,100.2539234161377
2711,4.6000000000000005,3,100.2804548740387
2712,3.6999999999999997,9,100.31401920318604
2713,-1.75,15,100.36197757720947
2714,4.15,6,100.3889491558075
2715,4.75,2,100.41414523124695
2716,3.85,8,100.44678688049316
2717,4.3,5,100.47296500205994
2718,4.3,5,100.50343894958496
2719,4.449999999999999,4,100.5286934375763
2720,4.0,7,100.56178545951843
2721,3.85,8,100.59571146965027
2722,4.15,6,100.62956094741821
2723,2.9499999999999997,14,100.68195366859436
2724,3.55,10,100.72530746459961
2725,4.0,7,100.76129961013794
2726,4.75,2,100.78846669197083
2727,4.449999999999999,4,100.8237533569336
2728,3.85,8,100.86458015441895
2729,3.85,8,100.9034857749939
2730,-1.75,15,100.94932341575623
2731,4.449999999999999,4,100.9813437461853
2732,4.75,2,101.00393104553223
2733,4.75,2,101.0269877910614
2734,4.6000000000000005,3,101.0526716709137
2735,4.6000000000000005,3,101.08114266395569
2736,4.449999999999999,4,101.10944604873657
2737,4.15,6,101.14698100090027
2738,4.75,2,101.34719133377075
2739,4.3,5,101.38351035118103
2740,4.0,7,101.42058968544006
2741,4.6000000000000005,3,101.45230603218079
2742,4.3,5,101.4846522808075
2743,4.15,6,101.51715469360352
2744,4.15,6,101.54790997505188
2745,3.85,8,101.57979130744934
2746,4.15,6,101.61093187332153
2747,3.6999999999999997,9,101.64684200286865
2748,3.4,11,101.68312072753906
2749,3.6999999999999997,9,101.71762418746948
2750,3.55,10,101.74954342842102
2751,4.3,5,101.7779643535614
2752,4.15,6,101.8103244304657
2753,4.449999999999999,4,101.84195899963379
2754,4.449999999999999,4,101.87209367752075
2755,4.6000000000000005,3,101.8968665599823
2756,4.449999999999999,4,101.92554235458374
2757,4.15,6,101.95206809043884
2758,4.449999999999999,4,101.97678446769714
2759,4.6000000000000005,3,102.00097680091858
2760,4.9,1,102.02155256271362
2761,4.3,5,102.04827618598938
2762,4.3,5,102.07655191421509
2763,4.0,7,102.11251044273376
2764,4.0,7,102.14257979393005
2765,4.9,1,102.16733741760254
2766,3.6999999999999997,9,102.20228862762451
2767,3.6999999999999997,9,102.23560667037964
2768,3.4,11,102.27611756324768
2769,3.85,8,102.30984425544739
2770,4.6000000000000005,3,102.33754920959473
2771,3.55,10,102.37176489830017
2772,3.85,8,102.4036192893982
2773,4.75,2,102.42850279808044
2774,3.85,8,102.45962309837341
2775,3.85,8,102.49599075317383
2776,3.1,13,102.53572988510132
2777,3.85,8,102.57100653648376
2778,4.6000000000000005,3,102.60285568237305
2779,4.449999999999999,4,102.63232588768005
2780,4.0,7,102.83627390861511
2781,4.6000000000000005,3,102.86370086669922
2782,4.75,2,102.8886604309082
2783,3.85,8,102.92611765861511
2784,3.55,10,102.96777391433716
2785,3.25,12,103.01380753517151
2786,3.6999999999999997,9,103.05260896682739
2787,3.85,8,103.09362888336182
2788,4.75,2,103.12295937538147
2789,3.1,13,103.16474485397339
2790,3.6999999999999997,9,103.20286798477173
2791,4.75,2,103.2289171218872
2792,4.75,2,103.25367593765259
2793,3.25,12,103.30155658721924
2794,-1.75,15,103.34526872634888
2795,4.75,2,103.37097549438477
2796,4.75,2,103.39533972740173
2797,4.6000000000000005,3,103.41938972473145
2798,4.3,5,103.45067620277405
2799,4.449999999999999,4,103.47840142250061
2800,-1.75,15,103.52229571342468
2801,4.15,6,103.55507826805115
2802,3.85,8,103.58809876441956
2803,4.0,7,103.61635494232178
2804,4.9,1,103.64192962646484
2805,4.3,5,103.66929316520691
2806,4.15,6,103.69807076454163
2807,-1.75,15,103.74631357192993
2808,4.449999999999999,4,103.77869296073914
2809,3.6999999999999997,9,103.81643605232239
2810,4.9,1,103.8388364315033
2811,3.85,8,103.87004351615906
2812,4.15,6,103.90018081665039
2813,3.4,11,103.94031715393066
2814,-1.75,15,103.99655723571777
2815,4.75,2,104.02693247795105
2816,4.75,2,104.05376863479614
2817,3.6999999999999997,9,104.24220275878906
2818,4.3,5,104.2793698310852
2819,4.6000000000000005,3,104.30813670158386
2820,3.6999999999999997,9,104.34788155555725
2821,4.3,5,104.37613034248352
2822,4.6000000000000005,3,104.4069561958313
2823,4.6000000000000005,3,104.4359142780304
2824,4.449999999999999,4,104.46403002738953
2825,4.75,2,104.4941782951355
2826,4.449999999999999,4,104.5241265296936
2827,3.25,12,104.57120442390442
2828,3.85,8,104.6200270652771
2829,4.6000000000000005,3,104.65713286399841
2830,-1.75,15,104.7116265296936
2831,4.0,7,104.7439546585083
2832,4.449999999999999,4,104.77647995948792
2833,4.0,7,104.81088995933533
2834,4.449999999999999,4,104.83928847312927
2835,-1.75,15,104.88576102256775
2836,4.0,7,104.91940498352051
2837,-3.25,6,104.94795751571655
2838,4.6000000000000005,3,104.97302269935608
2839,3.4,11,105.01111698150635
2840,4.3,5,105.04082322120667
2841,4.3,5,105.06589794158936
2842,4.0,7,105.09632658958435
2843,-1.75,15,105.13751220703125
2844,4.449999999999999,4,105.176096200943
2845,4.3,5,105.21184206008911
2846,4.15,6,105.24831128120422
2847,4.6000000000000005,3,105.27307629585266
2848,3.85,8,105.31002020835876
2849,4.449999999999999,4,105.3377754688263
2850,4.6000000000000005,3,105.36681818962097
2851,4.0,7,105.40302038192749
2852,3.85,8,105.44269824028015
2853,3.1,13,105.48762798309326
2854,4.15,6,105.52314925193787
2855,-1.75,15,105.72437143325806
2856,4.9,1,105.74545955657959
2857,4.449999999999999,4,105.77119541168213
2858,4.75,2,105.79564785957336
2859,4.0,7,105.83696341514587
2860,4.3,5,105.8818907737732
2861,3.4,11,105.94449758529663
2862,3.25,12,105.99617552757263
2863,4.15,6,106.03757977485657
2864,4.449999999999999,4,106.06786179542542
2865,3.85,8,106.10818076133728
2866,-1.75,15,106.16378164291382
2867,4.3,5,106.20909023284912
2868,3.4,11,106.24941802024841
2869,4.15,6,106.28205847740173
2870,4.6000000000000005,3,106.31009078025818
2871,4.3,5,106.33959555625916
2872,4.6000000000000005,3,106.36591577529907
2873,4.3,5,106.40003657341003
2874,3.55,10,106.44310665130615
2875,4.3,5,106.47403931617737
2876,3.55,10,106.50786781311035
2877,4.75,2,106.53296566009521
2878,4.3,5,106.56396269798279
2879,3.4,11,106.60177755355835
2880,3.85,8,106.6384072303772
2881,4.9,1,106.66366171836853
2882,4.3,5,106.69723653793335
2883,4.449999999999999,4,106.72498869895935
2884,4.75,2,106.75004649162292
2885,4.15,6,106.78070902824402
2886,4.3,5,106.81601667404175
2887,4.449999999999999,4,106.85178017616272
2888,4.449999999999999,4,106.8807737827301
2889,4.449999999999999,4,106.90829205513
2890,4.6000000000000005,3,106.93351626396179
2891,-3.55,12,106.96953916549683
2892,3.85,8,107.00647521018982
2893,4.0,7,107.03930926322937
2894,3.6999999999999997,9,107.07019591331482
2895,4.6000000000000005,3,107.09907150268555
2896,4.9,1,107.12112736701965
2897,4.0,7,107.15457344055176
2898,4.6000000000000005,3,107.18115592002869
2899,4.6000000000000005,3,107.20916533470154
2900,4.75,2,107.37531065940857
2901,4.449999999999999,4,107.40475559234619
2902,4.75,2,107.4334442615509
2903,4.15,6,107.46916699409485
2904,4.0,7,107.50832295417786
2905,4.6000000000000005,3,107.54167151451111
2906,4.6000000000000005,3,107.57388234138489
2907,3.6999999999999997,9,107.61770009994507
2908,4.75,2,107.648428440094
2909,4.75,2,107.67252993583679
2910,4.449999999999999,4,107.70243310928345
2911,4.449999999999999,4,107.7386863231659
2912,3.25,12,107.79083800315857
2913,4.0,7,107.82931280136108
2914,4.449999999999999,4,107.85990500450134
2915,4.9,1,107.88737034797668
2916,4.3,5,107.92143678665161
2917,3.85,8,107.96300196647644
2918,4.3,5,107.99567580223083
2919,-1.75,15,108.04115653038025
2920,4.449999999999999,4,108.06965470314026
2921,4.9,1,108.09389424324036
2922,3.85,8,108.12657594680786
2923,3.85,8,108.16422653198242
2924,4.449999999999999,4,108.18958067893982
2925,4.3,5,108.2213807106018
2926,4.75,2,108.24877691268921
2927,3.1,13,108.2897219657898
2928,3.25,12,108.32947421073914
2929,4.15,6,108.36115956306458
2930,4.75,2,108.38650369644165
2931,3.1,13,108.42688488960266
2932,4.0,7,108.45624542236328
2933,-1.75,15,108.5004026889801
2934,4.15,6,108.53105425834656
2935,4.75,2,108.55607533454895
2936,4.75,2,108.58103394508362
2937,4.75,2,108.60897397994995
2938,3.25,12,108.64760279655457
2939,3.85,8,108.67926597595215
2940,4.3,5,108.70536398887634
2941,4.6000000000000005,3,108.73171997070312
2942,3.6999999999999997,9,108.76346492767334
2943,4.3,5,108.95208978652954
2944,4.6000000000000005,3,108.98471903800964
2945,4.3,5,109.01994132995605
2946,4.15,6,109.05068278312683
2947,4.449999999999999,4,109.08174848556519
2948,4.3,5,109.1155276298523
2949,4.9,1,109.14239454269409
2950,3.4,11,109.18022799491882
2951,-1.75,15,109.2358546257019
2952,4.6000000000000005,3,109.26967549324036
2953,4.449999999999999,4,109.29934310913086
2954,4.3,5,109.33154273033142
2955,3.85,8,109.3681116104126
2956,3.85,8,109.41027688980103
2957,3.25,12,109.45291876792908
2958,4.6000000000000005,3,109.47993588447571
2959,4.75,2,109.50507688522339
2960,3.25,12,109.54905652999878
2961,4.6000000000000005,3,109.5780074596405
2962,4.6000000000000005,3,109.60943794250488
2963,4.3,5,109.64192938804626
2964,3.1,13,109.68643426895142
2965,4.6000000000000005,3,109.71469402313232
2966,4.0,7,109.74802088737488
2967,4.3,5,109.78140354156494
2968,4.75,2,109.8125422000885
2969,3.6999999999999997,9,109.85071849822998
2970,4.3,5,109.88581228256226
2971,4.6000000000000005,3,109.91917872428894
2972,4.6000000000000005,3,109.9487874507904
2973,4.0,7,109.98293447494507
2974,3.4,11,110.02465033531189
2975,4.75,2,110.04823517799377
2976,4.6000000000000005,3,110.07849144935608
2977,4.9,1,110.1031424999237
2978,4.9,1,110.12779784202576
2979,4.75,2,110.16090106964111
2980,4.3,5,110.19076585769653
2981,-3.2,5,110.22051239013672
2982,3.6999999999999997,9,110.25879907608032
2983,4.6000000000000005,3,110.28749775886536
2984,4.3,5,110.319580078125
2985,3.4,11,110.36825013160706
2986,4.449999999999999,4,110.39813709259033
2987,4.449999999999999,4,110.4335207939148
2988,4.6000000000000005,3,110.45893812179565
2989,4.449999999999999,4,110.4854884147644
2990,4.75,2,110.50994729995728
2991,4.15,6,110.6831545829773
2992,4.75,2,110.71116065979004
2993,-1.75,15,110.76493644714355
2994,4.15,6,110.80429744720459
2995,4.3,5,110.83896040916443
2996,3.55,10,110.87819123268127
2997,4.15,6,110.91623950004578
2998,4.6000000000000005,3,110.94724988937378
2999,-3.0,1,110.98064374923706
3000,4.75,2,111.00637888908386
3001,4.75,2,111.03255438804626
3002,3.6999999999999997,9,111.0734133720398
3003,4.0,7,111.11270999908447
3004,4.0,7,111.14691400527954
3005,4.6000000000000005,3,111.17342019081116
3006,4.449999999999999,4,111.20250010490417
3007,4.9,1,111.22813868522644
3008,4.6000000000000005,3,111.25257778167725
3009,3.85,8,111.2838397026062
3010,4.15,6,111.31794500350952
3011,3.85,8,111.3580870628357
3012,3.25,12,111.39815855026245
3013,4.449999999999999,4,111.42597389221191
3014,4.449999999999999,4,111.45649218559265
3015,4.6000000000000005,3,111.48684811592102
3016,3.25,12,111.52634358406067
3017,4.449999999999999,4,111.5619523525238
3018,-1.75,15,111.59994959831238
3019,3.85,8,111.63621950149536
3020,4.9,1,111.65985059738159
3021,4.3,5,111.68584704399109
3022,4.449999999999999,4,111.71437788009644
3023,3.55,10,111.75155234336853
3024,4.0,7,111.78386163711548
3025,3.55,10,111.82849049568176
3026,3.25,12,111.86482882499695
3027,4.6000000000000005,3,111.89374947547913
3028,4.75,2,111.91890525817871
3029,4.0,7,111.9526150226593
3030,4.3,5,111.9810848236084
3031,4.6000000000000005,3,112.01087617874146
3032,4.0,7,112.04997086524963
3033,4.449999999999999,4,112.08055996894836
3034,4.6000000000000005,3,112.10903120040894
3035,3.4,11,112.28961610794067
3036,3.25,12,112.33057427406311
3037,4.3,5,112.36561059951782
3038,3.55,10,112.40986895561218
3039,4.3,5,112.43968915939331
3040,4.75,2,112.46620798110962
3041,3.55,10,112.5080304145813
3042,4.6000000000000005,3,112.54028129577637
3043,4.6000000000000005,3,112.57184624671936
3044,4.75,2,112.60310697555542
3045,-1.75,15,112.65089344978333
3046,4.3,5,112.68039560317993
3047,4.3,5,112.71763968467712
3048,4.75,2,112.74656748771667
3049,3.6999999999999997,9,112.77893424034119
3050,-1.75,15,112.8247640132904
3051,4.15,6,112.85741257667542
3052,3.55,10,112.89277029037476
3053,4.449999999999999,4,112.9219605922699
3054,3.25,12,112.95878410339355
3055,4.15,6,112.99435067176819
3056,4.6000000000000005,3,113.0227632522583
3057,3.6999999999999997,9,113.05847263336182
3058,4.0,7,113.08923530578613
3059,4.3,5,113.11786699295044
3060,4.75,2,113.1436722278595
3061,4.15,6,113.17599272727966
3062,4.0,7,113.21169424057007
3063,4.6000000000000005,3,113.2355546951294
3064,4.449999999999999,4,113.26403284072876
3065,4.0,7,113.29647469520569
3066,4.449999999999999,4,113.3270173072815
3067,4.9,1,113.35330986976624
3068,-1.75,15,113.39666152000427
3069,4.0,7,113.42927432060242
3070,3.4,11,113.46586561203003
3071,4.449999999999999,4,113.49201083183289
3072,-1.75,15,113.67575860023499
3073,4.15,6,113.70793271064758
3074,3.85,8,113.7388288974762
3075,4.15,6,113.77007794380188
3076,4.75,2,113.79550576210022
3077,4.6000000000000005,3,113.8307466506958
3078,4.3,5,113.8630530834198
3079,3.25,12,113.9053566455841
3080,4.15,6,113.94354605674744
3081,-1.75,15,113.99133920669556
3082,-1.75,15,114.03219151496887
3083,-3.05,2,114.05932283401489
3084,4.449999999999999,4,114.09489345550537
3085,4.0,7,114.1355574131012
3086,4.3,5,114.1701934337616
3087,3.85,8,114.21242165565491
3088,4.6000000000000005,3,114.24036812782288
3089,4.449999999999999,4,114.27492189407349
3090,4.6000000000000005,3,114.30657768249512
3091,3.55,10,114.34406113624573
3092,4.15,6,114.37640523910522
3093,3.55,10,114.4127128124237
3094,4.3,5,114.44286847114563
3095,3.55,10,114.47816610336304
3096,4.3,5,114.50527095794678
3097,3.4,11,114.55065774917603
3098,3.4,11,114.59349513053894
3099,3.55,10,114.63284063339233
3100,4.75,2,114.65404891967773
3101,4.449999999999999,4,114.68273758888245
3102,4.449999999999999,4,114.71165561676025
3103,3.6999999999999997,9,114.74219942092896
3104,4.15,6,114.7720274925232
3105,4.449999999999999,4,114.80243730545044
3106,4.449999999999999,4,114.83501410484314
3107,4.449999999999999,4,114.86473083496094
3108,4.449999999999999,4,114.894704580307
3109,3.55,10,114.93224358558655
3110,4.0,7,114.96334958076477
3111,4.9,1,115.13209462165833
3112,4.449999999999999,4,115.16180372238159
3113,4.449999999999999,4,115.18767762184143
3114,4.449999999999999,4,115.21554327011108
3115,4.0,7,115.24383807182312
3116,4.3,5,115.27090311050415
3117,4.75,2,115.294606924057
3118,4.449999999999999,4,115.32234215736389
3119,4.6000000000000005,3,115.34948825836182
3120,4.0,7,115.37931299209595
3121,4.75,2,115.404860496521
3122,4.6000000000000005,3,115.43336486816406
3123,4.449999999999999,4,115.46239137649536
3124,4.3,5,115.49207973480225
3125,4.449999999999999,4,115.5214331150055
3126,3.85,8,115.55955839157104
3127,4.6000000000000005,3,115.59236884117126
3128,4.75,2,115.61697220802307
3129,4.0,7,115.65108513832092
3130,4.0,7,115.68334579467773
3131,4.449999999999999,4,115.71445155143738
3132,4.3,5,115.74822759628296
3133,4.449999999999999,4,115.77830672264099
3134,4.0,7,115.81376314163208
3135,3.85,8,115.85095548629761
3136,4.449999999999999,4,115.88115787506104
3137,4.449999999999999,4,115.91611385345459
3138,4.449999999999999,4,115.94667720794678
3139,4.6000000000000005,3,115.97988986968994
3140,4.0,7,116.01309728622437
3141,4.3,5,116.03765940666199
3142,4.0,7,116.06733322143555
3143,4.75,2,116.09169101715088
3144,3.6999999999999997,9,116.1296136379242
3145,4.15,6,116.16226267814636
3146,4.0,7,116.1930878162384
3147,4.75,2,116.21828532218933
3148,4.6000000000000005,3,116.24655842781067
3149,4.449999999999999,4,116.27727890014648
3150,3.6999999999999997,9,116.31183648109436
3151,4.6000000000000005,3,116.345712184906
3152,3.6999999999999997,9,116.3827793598175
3153,-1.75,15,116.43016767501831
3154,4.449999999999999,4,116.45657086372375
3155,4.75,2,116.4821252822876
3156,-1.75,15,116.52375483512878
3157,4.0,7,116.55369997024536
3158,4.6000000000000005,3,116.58144903182983
3159,4.75,2,116.60641050338745
3160,4.449999999999999,4,116.63463497161865
3161,4.0,7,116.81000232696533
3162,4.75,2,116.83225226402283
3163,4.3,5,116.86303472518921
3164,3.85,8,116.89485216140747
3165,4.6000000000000005,3,116.9260561466217
3166,4.75,2,116.94850063323975
3167,-1.75,15,116.99206280708313
3168,4.75,2,117.0213451385498
3169,-1.75,15,117.06473875045776
3170,4.6000000000000005,3,117.0924301147461
3171,4.75,2,117.1187834739685
3172,4.6000000000000005,3,117.15191769599915
3173,4.449999999999999,4,117.18540263175964
3174,4.449999999999999,4,117.2217161655426
3175,4.6000000000000005,3,117.26126766204834
3176,3.6999999999999997,9,117.3053731918335
3177,4.9,1,117.3388397693634
3178,4.6000000000000005,3,117.37033486366272
3179,4.75,2,117.39968514442444
3180,3.85,8,117.44499635696411
3181,-3.3,7,117.48489952087402
3182,3.4,11,117.52855062484741
3183,3.25,12,117.57605409622192
3184,4.449999999999999,4,117.61080551147461
3185,4.75,2,117.6425929069519
3186,-1.75,15,117.69955825805664
3187,4.15,6,117.73378491401672
3188,3.85,8,117.76960492134094
3189,4.15,6,117.80331707000732
3190,-1.75,15,117.84682869911194
3191,-1.75,15,117.8918845653534
3192,4.75,2,117.91899847984314
3193,4.6000000000000005,3,117.94713592529297
3194,4.75,2,117.97450232505798
3195,4.15,6,118.00135397911072
3196,4.15,6,118.03323602676392
3197,3.85,8,118.06321740150452
3198,4.6000000000000005,3,118.09085965156555
3199,4.449999999999999,4,118.11641907691956
3200,4.3,5,118.14437055587769
3201,3.85,8,118.1746141910553
3202,4.3,5,118.2010407447815
3203,4.75,2,118.22820353507996
3204,4.15,6,118.409423828125
3205,4.449999999999999,4,118.44415497779846
3206,3.25,12,118.48148775100708
3207,4.0,7,118.51898837089539
3208,4.6000000000000005,3,118.55104231834412
3209,4.75,2,118.58561396598816
3210,4.75,2,118.6107087135315
3211,3.6999999999999997,9,118.65324425697327
3212,3.25,12,118.69596028327942
3213,4.3,5,118.72658634185791
3214,4.3,5,118.75713992118835
3215,4.75,2,118.78651928901672
3216,3.4,11,118.83024501800537
3217,4.449999999999999,4,118.85968399047852
3218,4.6000000000000005,3,118.88947105407715
3219,4.15,6,118.92535781860352
3220,3.6999999999999997,9,118.96043825149536
3221,4.449999999999999,4,118.9941074848175
3222,4.3,5,119.02212524414062
3223,3.85,8,119.06160998344421
3224,3.25,12,119.10186767578125
3225,4.75,2,119.13249897956848
3226,4.15,6,119.1637909412384
3227,3.85,8,119.19661903381348
3228,3.85,8,119.23013830184937
3229,3.55,10,119.26731991767883
3230,4.6000000000000005,3,119.29667782783508
3231,4.449999999999999,4,119.32615065574646
3232,4.449999999999999,4,119.36177277565002
3233,4.75,2,119.39328479766846
3234,4.6000000000000005,3,119.41825127601624
3235,4.6000000000000005,3,119.4445333480835
3236,-1.75,15,119.48495650291443
3237,4.75,2,119.5112133026123
3238,4.9,1,119.5382707118988
3239,4.15,6,119.5719382762909
3240,4.449999999999999,4,119.60437822341919
3241,4.75,2,119.63874864578247
3242,3.85,8,119.67054080963135
3243,4.449999999999999,4,119.69946908950806
3244,-1.75,15,119.74003982543945
3245,4.9,1,119.76390385627747
3246,4.3,5,119.80068707466125
3247,4.449999999999999,4,119.83411431312561
3248,4.449999999999999,4,119.86879181861877
3249,4.75,2,119.89570260047913
3250,3.55,10,120.08120369911194
3251,3.25,12,120.12361478805542
3252,4.15,6,120.15914630889893
3253,4.449999999999999,4,120.18572068214417
3254,4.6000000000000005,3,120.211838722229
3255,4.449999999999999,4,120.24259090423584
3256,3.85,8,120.27904868125916
3257,-1.75,15,120.32593703269958
3258,4.449999999999999,4,120.35945296287537
3259,3.4,11,120.403484582901
3260,4.6000000000000005,3,120.43276309967041
3261,4.6000000000000005,3,120.46513891220093
3262,4.6000000000000005,3,120.49088788032532
3263,4.9,1,120.51338601112366
3264,4.449999999999999,4,120.54511952400208
3265,4.3,5,120.58215165138245
3266,4.449999999999999,4,120.61014676094055
3267,4.75,2,120.63480877876282
3268,4.6000000000000005,3,120.66359210014343
3269,3.25,12,120.70458221435547
3270,3.85,8,120.74480509757996
3271,4.15,6,120.78217101097107
3272,4.75,2,120.80856966972351
3273,4.0,7,120.84118938446045
3274,4.0,7,120.8781189918518
3275,4.0,7,120.91191339492798
3276,4.9,1,120.93364524841309
3277,3.4,11,120.96913051605225
3278,4.75,2,120.9936876296997
3279,3.25,12,121.0405490398407
3280,4.0,7,121.07633113861084
3281,4.6000000000000005,3,121.10328459739685
3282,3.55,10,121.1419665813446
3283,4.15,6,121.17852187156677
3284,4.6000000000000005,3,121.20808959007263
3285,3.6999999999999997,9,121.2422091960907
3286,4.15,6,121.27059507369995
3287,4.0,7,121.30581212043762
3288,4.449999999999999,4,121.33601355552673
3289,4.449999999999999,4,121.36683487892151
3290,4.449999999999999,4,121.40021538734436
3291,4.3,5,121.44216799736023
3292,4.0,7,121.47819590568542
3293,4.15,6,121.66572856903076
3294,4.6000000000000005,3,121.69594144821167
3295,3.6999999999999997,9,121.73031663894653
3296,4.0,7,121.7643473148346
3297,4.0,7,121.80050754547119
3298,3.25,12,121.84309434890747
3299,3.85,8,121.880117893219
3300,4.6000000000000005,3,121.91294717788696
3301,4.15,6,121.94700527191162
3302,4.15,6,121.98853945732117
3303,4.75,2,122.01456451416016
3304,4.15,6,122.0454363822937
3305,4.449999999999999,4,122.07397103309631
3306,4.449999999999999,4,122.1016857624054
3307,3.85,8,122.14444375038147
3308,4.449999999999999,4,122.17263197898865
3309,4.75,2,122.19591355323792
3310,4.15,6,122.22758102416992
3311,3.55,10,122.27069664001465
3312,4.15,6,122.30680727958679
3313,4.0,7,122.34109902381897
3314,3.6999999999999997,9,122.37549805641174
3315,3.55,10,122.42211484909058
3316,4.3,5,122.45265531539917
3317,4.449999999999999,4,122.48088026046753
3318,3.85,8,122.51463103294373
3319,3.55,10,122.5508029460907
3320,4.9,1,122.57562613487244
3321,4.6000000000000005,3,122.6041750907898
3322,4.0,7,122.63912320137024
3323,4.6000000000000005,3,122.66416454315186
3324,-1.75,15,122.70656418800354
3325,4.9,1,122.73068308830261
3326,4.75,2,122.75134611129761
3327,4.9,1,122.77775764465332
3328,3.55,10,122.8127932548523
3329,3.85,8,122.8444230556488
3330,4.9,1,122.86565375328064
3331,4.15,6,122.89729046821594
3332,4.15,6,122.92756080627441
3333,2.9499999999999997,14,122.9668242931366
3334,-1.75,15,123.15553712844849
3335,4.0,7,123.1895203590393
3336,4.6000000000000005,3,123.2166678905487
3337,4.9,1,123.24184370040894
3338,4.6000000000000005,3,123.26740789413452
3339,4.6000000000000005,3,123.29610633850098
3340,4.15,6,123.33760523796082
3341,4.449999999999999,4,123.36626768112183
3342,4.0,7,123.40454411506653
3343,4.6000000000000005,3,123.4424831867218
3344,4.9,1,123.46528887748718
3345,4.0,7,123.49668955802917
3346,4.15,6,123.53259611129761
3347,4.6000000000000005,3,123.56115508079529
3348,4.75,2,123.58636331558228
3349,4.15,6,123.61871409416199
3350,4.75,2,123.64535546302795
3351,3.85,8,123.67780327796936
3352,3.6999999999999997,9,123.71374821662903
3353,4.449999999999999,4,123.74228191375732
3354,4.3,5,123.76756143569946
3355,4.6000000000000005,3,123.79540061950684
3356,4.449999999999999,4,123.82438611984253
3357,3.4,11,123.862149477005
3358,4.3,5,123.89089059829712
3359,4.9,1,123.9174530506134
3360,4.9,1,123.94211316108704
3361,4.75,2,123.96531629562378
3362,3.25,12,124.00250482559204
3363,4.3,5,124.0306556224823
3364,4.3,5,124.0589234828949
3365,4.6000000000000005,3,124.08257865905762
3366,3.55,10,124.1232590675354
3367,4.15,6,124.16475462913513
3368,4.449999999999999,4,124.19955539703369
3369,4.75,2,124.22802925109863
3370,4.3,5,124.25606179237366
3371,4.449999999999999,4,124.28525447845459
3372,3.55,10,124.32746529579163
3373,4.449999999999999,4,124.35715746879578
3374,4.15,6,124.39822173118591
3375,4.3,5,124.42692112922668
3376,4.449999999999999,4,124.45760822296143
3377,3.55,10,124.495929479599
3378,4.75,2,124.528644323349
3379,-1.75,15,124.5741515159607
3380,4.6000000000000005,3,124.60501837730408
3381,4.9,1,124.63095545768738
3382,4.449999999999999,4,124.65979647636414
3383,4.3,5,124.69126081466675
3384,4.15,6,124.72390556335449
3385,3.55,10,124.92130064964294
3386,4.9,1,124.94435811042786
3387,3.6999999999999997,9,124.97863030433655
3388,4.3,5,125.01375389099121
3389,4.75,2,125.0419569015503
3390,4.0,7,125.07887649536133
3391,4.3,5,125.11162114143372
3392,4.3,5,125.14294934272766
3393,4.6000000000000005,3,125.17134046554565
3394,4.449999999999999,4,125.20905232429504
3395,4.449999999999999,4,125.23737788200378
3396,3.85,8,125.2784960269928
3397,-1.75,15,125.31807541847229
3398,4.0,7,125.35136532783508
3399,4.449999999999999,4,125.37853360176086
3400,3.4,11,125.41725301742554
3401,4.449999999999999,4,125.44400238990784
3402,-1.75,15,125.49871802330017
3403,4.449999999999999,4,125.52855110168457
3404,4.75,2,125.55129981040955
3405,4.0,7,125.58212018013
3406,4.9,1,125.60970878601074
3407,3.6999999999999997,9,125.64350199699402
3408,3.55,10,125.67731261253357
3409,4.6000000000000005,3,125.70428895950317
3410,4.449999999999999,4,125.73185992240906
3411,4.15,6,125.7634482383728
3412,4.449999999999999,4,125.78939485549927
3413,3.55,10,125.82288527488708
3414,3.55,10,125.85842418670654
3415,4.15,6,125.8882896900177
3416,4.9,1,125.91044998168945
3417,4.15,6,125.93760180473328
3418,4.9,1,125.96089458465576
3419,-1.75,15,126.00181293487549
3420,3.25,12,126.05525875091553
3421,4.6000000000000005,3,126.08746695518494
3422,4.6000000000000005,3,126.11355066299438
3423,4.3,5,126.14438009262085
3424,4.6000000000000005,3,126.17199301719666
3425,4.3,5,126.20582675933838
3426,4.15,6,126.24009537696838
3427,4.75,2,126.26203775405884
3428,4.6000000000000005,3,126.4469723701477
3429,3.4,11,126.49165534973145
3430,4.449999999999999,4,126.52430510520935
3431,4.15,6,126.56003475189209
3432,4.6000000000000005,3,126.58793663978577
3433,4.449999999999999,4,126.61894750595093
3434,3.85,8,126.66414618492126
3435,4.0,7,126.70250177383423
3436,3.85,8,126.74380350112915
3437,4.9,1,126.77263164520264
3438,4.15,6,126.80769562721252
3439,4.9,1,126.83221459388733
3440,4.0,7,126.86574721336365
3441,4.6000000000000005,3,126.89369177818298
3442,-3.2,5,126.9213559627533
3443,4.449999999999999,4,126.94867444038391
3444,4.0,7,126.98355507850647
3445,4.75,2,127.00941896438599
3446,4.449999999999999,4,127.0364236831665
3447,4.15,6,127.06302618980408
3448,4.6000000000000005,3,127.09103584289551
3449,4.3,5,127.12629222869873
3450,4.3,5,127.15509247779846
3451,4.449999999999999,4,127.18452572822571
3452,4.6000000000000005,3,127.21256303787231
3453,3.85,8,127.25067472457886
3454,4.449999999999999,4,127.28166222572327
3455,4.9,1,127.30815935134888
3456,4.15,6,127.33724474906921
3457,4.6000000000000005,3,127.3621118068695
3458,3.85,8,127.39455652236938
3459,4.9,1,127.41585612297058
3460,4.75,2,127.44114971160889
3461,4.449999999999999,4,127.46566438674927
3462,4.9,1,127.49440789222717
3463,4.0,7,127.52568650245667
3464,4.75,2,127.55232095718384
3465,4.6000000000000005,3,127.58268308639526
3466,4.0,7,127.61674523353577
3467,4.449999999999999,4,127.65645551681519
3468,3.4,11,127.6974709033966
3469,4.15,6,127.7333595752716
3470,4.15,6,127.76475858688354
3471,4.75,2,127.7904794216156
3472,3.4,11,127.83141708374023
3473,4.0,7,127.86318755149841
3474,3.55,10,127.90588021278381
3475,-1.75,15,127.95842742919922
3476,3.25,12,128.15808415412903
3477,4.6000000000000005,3,128.18894720077515
3478,4.449999999999999,4,128.22091937065125
3479,4.3,5,128.252685546875
3480,4.9,1,128.27588415145874
3481,-1.75,15,128.33374786376953
3482,4.9,1,128.3613269329071
3483,4.6000000000000005,3,128.39594316482544
3484,-1.75,15,128.44825959205627
3485,3.55,10,128.4852752685547
3486,3.85,8,128.52004051208496
3487,4.449999999999999,4,128.54808235168457
3488,4.75,2,128.56959438323975
3489,-3.5,11,128.61131048202515
3490,4.449999999999999,4,128.6410050392151
3491,4.3,5,128.67071986198425
3492,4.449999999999999,4,128.69690465927124
3493,4.6000000000000005,3,128.72371363639832
3494,4.75,2,128.74937319755554
3495,4.6000000000000005,3,128.77630281448364
3496,-1.75,15,128.81917667388916
3497,3.25,12,128.8619520664215
3498,4.15,6,128.90108132362366
3499,3.4,11,128.93631839752197
3500,4.75,2,128.96001291275024
3501,4.6000000000000005,3,128.98352003097534
3502,4.6000000000000005,3,129.00953555107117
3503,3.4,11,129.0485715866089
3504,4.9,1,129.07636427879333
3505,4.75,2,129.10326766967773
3506,4.449999999999999,4,129.13303208351135
3507,3.55,10,129.1724820137024
3508,4.449999999999999,4,129.2001314163208
3509,4.3,5,129.231999874115
3510,4.15,6,129.26539540290833
3511,4.9,1,129.287015914917
3512,4.6000000000000005,3,129.31065392494202
3513,3.25,12,129.3579478263855
3514,-1.75,15,129.4006905555725
3515,3.85,8,129.4425003528595
3516,3.6999999999999997,9,129.48496770858765
3517,-3.4,9,129.69774103164673
3518,4.3,5,129.73259663581848
3519,3.6999999999999997,9,129.77796363830566
3520,4.6000000000000005,3,129.80727887153625
3521,3.85,8,129.84654331207275
3522,4.15,6,129.88016986846924
3523,4.15,6,129.91699481010437
3524,4.3,5,129.9479420185089
3525,4.15,6,129.98251104354858
3526,3.85,8,130.014878988266
3527,4.449999999999999,4,130.03979921340942
3528,4.3,5,130.06622290611267
3529,4.6000000000000005,3,130.09525156021118
3530,4.449999999999999,4,130.12901639938354
3531,4.75,2,130.155766248703
3532,3.85,8,130.1904056072235
3533,4.0,7,130.22237944602966
3534,4.3,5,130.2536084651947
3535,3.25,12,130.29207801818848
3536,4.0,7,130.32851004600525
3537,4.6000000000000005,3,130.3606517314911
3538,3.6999999999999997,9,130.39771676063538
3539,4.3,5,130.4251093864441
3540,4.3,5,130.45797753334045
3541,3.85,8,130.4914734363556
3542,4.3,5,130.51725554466248
3543,4.3,5,130.54768061637878
3544,4.6000000000000005,3,130.57681012153625
3545,4.75,2,130.60713648796082
3546,3.85,8,130.64268374443054
3547,3.25,12,130.69454717636108
3548,4.6000000000000005,3,130.72447514533997
3549,4.3,5,130.75122928619385
3550,3.55,10,130.79016137123108
3551,4.3,5,130.8216471672058
3552,4.6000000000000005,3,130.84951663017273
3553,3.85,8,130.88192129135132
3554,4.6000000000000005,3,130.91081881523132
3555,4.449999999999999,4,130.94549107551575
3556,4.75,2,130.97831225395203
3557,4.6000000000000005,3,131.0051760673523
3558,3.6999999999999997,9,131.04560494422913
3559,4.15,6,131.0831754207611
3560,4.75,2,131.1150803565979
3561,3.1,13,131.31488609313965
3562,-1.75,15,131.36787033081055
3563,4.6000000000000005,3,131.4048557281494
3564,4.6000000000000005,3,131.4418294429779
3565,4.75,2,131.47748112678528
3566,3.6999999999999997,9,131.51670265197754
3567,4.6000000000000005,3,131.5482988357544
3568,4.15,6,131.5820450782776
3569,4.9,1,131.6077036857605
3570,3.85,8,131.64445424079895
3571,4.6000000000000005,3,131.67217230796814
3572,4.0,7,131.70556378364563
3573,4.0,7,131.7413682937622
3574,-1.75,15,131.78365755081177
3575,3.6999999999999997,9,131.81951069831848
3576,3.6999999999999997,9,131.8628590106964
3577,3.6999999999999997,9,131.89882349967957
3578,4.6000000000000005,3,131.92695212364197
3579,4.449999999999999,4,131.95480847358704
3580,4.0,7,131.98332500457764
3581,4.3,5,132.01434326171875
3582,4.6000000000000005,3,132.04180765151978
3583,-3.2,5,132.07017731666565
3584,4.449999999999999,4,132.09486150741577
3585,4.75,2,132.1187174320221
3586,4.75,2,132.1460359096527
3587,4.6000000000000005,3,132.17064881324768
3588,4.3,5,132.19880628585815
3589,4.0,7,132.2319188117981
3590,3.85,8,132.26535034179688
3591,3.25,12,132.30325269699097
3592,4.6000000000000005,3,132.32932949066162
3593,3.6999999999999997,9,132.36364078521729
3594,4.15,6,132.39196467399597
3595,4.6000000000000005,3,132.41639709472656
3596,-1.75,15,132.46725249290466
3597,4.3,5,132.5004894733429
3598,4.75,2,132.53051257133484
3599,4.6000000000000005,3,132.56466150283813
3600,4.3,5,132.6025378704071
3601,4.449999999999999,4,132.63073635101318
3602,-3.3,7,132.66562914848328
3603,4.449999999999999,4,132.69352269172668
3604,4.449999999999999,4,132.7190179824829
3605,4.75,2,132.74705743789673
3606,4.3,5,132.94434595108032
3607,4.3,5,132.97980308532715
3608,4.0,7,133.01585125923157
3609,3.55,10,133.05248069763184
3610,3.4,11,133.09076261520386
3611,4.6000000000000005,3,133.1173095703125
3612,4.3,5,133.1492314338684
3613,4.75,2,133.17790603637695
3614,4.3,5,133.2095890045166
3615,3.85,8,133.24131631851196
3616,4.15,6,133.27104377746582
3617,3.55,10,133.31240820884705
3618,3.25,12,133.35074973106384
3619,4.75,2,133.37702560424805
3620,3.1,13,133.41742873191833
3621,4.449999999999999,4,133.44469213485718
3622,4.6000000000000005,3,133.46865439414978
3623,4.9,1,133.49197101593018
3624,4.75,2,133.51793789863586
3625,4.449999999999999,4,133.54836058616638
3626,4.75,2,133.57706451416016
3627,4.75,2,133.6024215221405
3628,4.9,1,133.62412023544312
3629,4.449999999999999,4,133.65100836753845
3630,4.75,2,133.6747922897339
3631,4.9,1,133.69791626930237
3632,4.15,6,133.73231601715088
3633,3.25,12,133.78282737731934
3634,4.75,2,133.81272149085999
3635,4.3,5,133.84294366836548
3636,4.449999999999999,4,133.8726089000702
3637,3.85,8,133.90137720108032
3638,3.6999999999999997,9,133.9416298866272
3639,4.15,6,133.9726026058197
3640,3.6999999999999997,9,134.00557255744934
3641,3.85,8,134.04429388046265
3642,4.0,7,134.07843327522278
3643,3.6999999999999997,9,134.1164996623993
3644,4.9,1,134.14652609825134
3645,4.3,5,134.18490076065063
3646,4.3,5,134.22020053863525
3647,4.75,2,134.24796557426453
3648,4.3,5,134.28073048591614
3649,3.55,10,134.32905411720276
3650,4.6000000000000005,3,134.36008596420288
3651,4.3,5,134.40029907226562
3652,3.6999999999999997,9,134.62259888648987
3653,4.6000000000000005,3,134.65037894248962
3654,4.3,5,134.6827836036682
3655,4.15,6,134.719224691391
3656,-1.75,15,134.7614872455597
3657,4.0,7,134.7991669178009
3658,-3.25,6,134.83188819885254
3659,4.3,5,134.86217069625854
3660,4.449999999999999,4,134.89219069480896
3661,4.6000000000000005,3,134.91993951797485
3662,4.449999999999999,4,134.95292377471924
3663,4.75,2,134.9835102558136
3664,4.75,2,135.00740790367126
3665,4.6000000000000005,3,135.02952408790588
3666,4.6000000000000005,3,135.05489587783813
3667,4.6000000000000005,3,135.08194732666016
3668,3.85,8,135.11645030975342
3669,4.3,5,135.14556789398193
3670,3.55,10,135.18658328056335
3671,4.6000000000000005,3,135.21307849884033
3672,3.4,11,135.25070548057556
3673,4.75,2,135.27625584602356
3674,4.0,7,135.31043672561646
3675,3.85,8,135.34220433235168
3676,4.15,6,135.37825536727905
3677,4.449999999999999,4,135.41376495361328
3678,3.4,11,135.4494287967682
3679,4.6000000000000005,3,135.4766173362732
3680,4.75,2,135.50233483314514
3681,4.449999999999999,4,135.52892637252808
3682,4.6000000000000005,3,135.55292391777039
3683,3.85,8,135.58280420303345
3684,3.55,10,135.61637091636658
3685,4.6000000000000005,3,135.64236211776733
3686,-1.75,15,135.69434428215027
3687,4.3,5,135.7313039302826
3688,3.55,10,135.7761378288269
3689,4.6000000000000005,3,135.80250549316406
3690,4.0,7,135.8402135372162
3691,4.15,6,135.8775782585144
3692,3.55,10,135.91713547706604
3693,4.75,2,135.94400000572205
3694,4.6000000000000005,3,135.96636962890625
3695,4.3,5,136.0073652267456
3696,-1.75,15,136.22650527954102
3697,4.3,5,136.25483918190002
3698,4.6000000000000005,3,136.28330159187317
3699,4.6000000000000005,3,136.31676721572876
3700,-1.75,15,136.36456894874573
3701,3.6999999999999997,9,136.4024691581726
3702,4.3,5,136.43376851081848
3703,4.75,2,136.45659852027893
3704,4.6000000000000005,3,136.48166632652283
3705,4.3,5,136.51295804977417
3706,4.75,2,136.54097366333008
3707,4.9,1,136.56463289260864
3708,4.15,6,136.59357953071594
3709,4.15,6,136.6247842311859
3710,4.449999999999999,4,136.65324115753174
3711,4.3,5,136.69030380249023
3712,4.15,6,136.7209677696228
3713,3.1,13,136.76217770576477
3714,4.449999999999999,4,136.78672766685486
3715,4.6000000000000005,3,136.81436800956726
3716,4.449999999999999,4,136.84722900390625
3717,4.15,6,136.87675023078918
3718,4.15,6,136.9104483127594
3719,3.55,10,136.95364093780518
3720,4.6000000000000005,3,136.980788230896
3721,4.449999999999999,4,137.00933051109314
3722,4.15,6,137.04048681259155
3723,4.3,5,137.07135939598083
3724,-1.75,15,137.11414551734924
3725,4.0,7,137.1466372013092
3726,4.3,5,137.18061780929565
3727,4.6000000000000005,3,137.2108187675476
3728,3.85,8,137.24447584152222
3729,4.6000000000000005,3,137.28107142448425
3730,4.6000000000000005,3,137.30695796012878
3731,4.6000000000000005,3,137.33115339279175
3732,4.0,7,137.36059308052063
3733,4.449999999999999,4,137.3892204761505
3734,4.9,1,137.41330456733704
3735,3.85,8,137.4467031955719
3736,4.9,1,137.47396683692932
3737,4.0,7,137.51322388648987
3738,4.75,2,137.54318380355835
3739,3.85,8,137.58995366096497
3740,4.6000000000000005,3,137.6214997768402
3741,4.3,5,137.65373539924622
3742,4.3,5,137.6857521533966
3743,4.9,1,137.71476411819458
3744,3.55,10,137.93853878974915
3745,4.75,2,137.96148133277893
3746,4.9,1,137.9866156578064
3747,4.15,6,138.01629734039307
3748,4.75,2,138.04346466064453
3749,4.449999999999999,4,138.0707528591156
3750,4.449999999999999,4,138.0976939201355
3751,4.3,5,138.13066840171814
3752,3.55,10,138.16544389724731
3753,4.0,7,138.19650673866272
3754,4.9,1,138.22254467010498
3755,2.8,15,138.27887511253357
3756,4.449999999999999,4,138.3087239265442
3757,-1.75,15,138.35471558570862
3758,3.4,11,138.38828778266907
3759,4.0,7,138.4246847629547
3760,4.3,5,138.45519971847534
3761,4.449999999999999,4,138.48176455497742
3762,-1.75,15,138.5294749736786
3763,-1.75,15,138.57792115211487
3764,4.6000000000000005,3,138.6018590927124
3765,4.449999999999999,4,138.63029980659485
3766,4.0,7,138.66221451759338
3767,4.9,1,138.68302822113037
3768,4.6000000000000005,3,138.71177315711975
3769,4.15,6,138.74367666244507
3770,4.6000000000000005,3,138.77580308914185
3771,4.6000000000000005,3,138.8017063140869
3772,4.15,6,138.83194088935852
3773,-1.75,15,138.87116408348083
3774,4.449999999999999,4,138.9035460948944
3775,-1.75,15,138.9489164352417
3776,4.449999999999999,4,138.97493147850037
3777,4.449999999999999,4,139.00351333618164
3778,4.6000000000000005,3,139.0282106399536
3779,4.3,5,139.06986236572266
3780,4.6000000000000005,3,139.103266954422
3781,4.15,6,139.13930821418762
3782,4.75,2,139.16090750694275
3783,3.4,11,139.20441102981567
3784,4.75,2,139.23661065101624
3785,3.4,11,139.28423619270325
3786,3.85,8,139.48261642456055
3787,4.15,6,139.51464128494263
3788,4.75,2,139.54175281524658
3789,4.75,2,139.5661449432373
3790,4.6000000000000005,3,139.59559559822083
3791,3.6999999999999997,9,139.63173627853394
3792,3.25,12,139.67096400260925
3793,4.15,6,139.70708060264587
3794,-3.45,10,139.74150013923645
3795,3.55,10,139.7789273262024
3796,4.3,5,139.8083472251892
3797,3.55,10,139.8446319103241
3798,4.75,2,139.86932754516602
3799,4.0,7,139.90699982643127
3800,4.6000000000000005,3,139.93199706077576
3801,3.4,11,139.9669156074524
3802,4.449999999999999,4,140.00002670288086
3803,4.6000000000000005,3,140.02480792999268
3804,4.6000000000000005,3,140.05104303359985
3805,4.6000000000000005,3,140.07573628425598
3806,4.9,1,140.09853267669678
3807,4.449999999999999,4,140.1269247531891
3808,4.0,7,140.15835309028625
3809,4.6000000000000005,3,140.18391823768616
3810,4.449999999999999,4,140.21372056007385
3811,3.6999999999999997,9,140.25681853294373
3812,4.75,2,140.28319191932678
3813,4.6000000000000005,3,140.31282711029053
3814,4.6000000000000005,3,140.34305143356323
3815,4.0,7,140.37364888191223
3816,4.449999999999999,4,140.4011287689209
3817,4.6000000000000005,3,140.43033242225647
3818,4.15,6,140.46421241760254
3819,4.75,2,140.49177885055542
3820,4.449999999999999,4,140.524231672287
3821,4.6000000000000005,3,140.55104804039001
3822,4.6000000000000005,3,140.5775089263916
3823,4.6000000000000005,3,140.6060507297516
3824,4.6000000000000005,3,140.6350860595703
3825,4.15,6,140.66604351997375
3826,4.75,2,140.6958773136139
3827,4.9,1,140.72680020332336
3828,4.6000000000000005,3,140.75466465950012
3829,4.3,5,140.7880895137787
3830,4.0,7,140.83066177368164
3831,4.15,6,140.87339568138123
3832,3.6999999999999997,9,140.91899394989014
3833,4.6000000000000005,3,140.94950366020203
3834,3.6999999999999997,9,140.99344205856323
3835,4.75,2,141.02337908744812
3836,-1.75,15,141.21328401565552
3837,4.449999999999999,4,141.24338507652283
3838,4.6000000000000005,3,141.2702088356018
3839,4.0,7,141.2990915775299
3840,4.15,6,141.33115005493164
3841,4.6000000000000005,3,141.35579681396484
3842,4.9,1,141.37952160835266
3843,3.6999999999999997,9,141.41665315628052
3844,3.6999999999999997,9,141.4514982700348
3845,-1.75,15,141.49375581741333
3846,4.6000000000000005,3,141.52574348449707
3847,4.3,5,141.55520462989807
3848,4.75,2,141.58029890060425
3849,4.449999999999999,4,141.61070156097412
3850,3.85,8,141.6462197303772
3851,3.6999999999999997,9,141.68308925628662
3852,4.6000000000000005,3,141.71363162994385
3853,4.75,2,141.73976826667786
3854,-1.75,15,141.783509016037
3855,4.75,2,141.80765771865845
3856,4.3,5,141.83480787277222
3857,4.9,1,141.85922074317932
3858,4.0,7,141.89027309417725
3859,4.6000000000000005,3,141.91779708862305
3860,4.449999999999999,4,141.94779229164124
3861,4.3,5,141.97564315795898
3862,4.15,6,142.00554776191711
3863,4.6000000000000005,3,142.03191828727722
3864,4.6000000000000005,3,142.06136393547058
3865,-1.75,15,142.11122918128967
3866,4.6000000000000005,3,142.1413493156433
3867,3.85,8,142.1770658493042
3868,4.15,6,142.2070014476776
3869,4.449999999999999,4,142.24207878112793
3870,4.6000000000000005,3,142.27051877975464
3871,4.75,2,142.30540871620178
3872,4.75,2,142.33405017852783
3873,4.75,2,142.3604965209961
3874,4.75,2,142.39291405677795
3875,4.0,7,142.42463636398315
3876,3.85,8,142.46116709709167
3877,4.9,1,142.4842085838318
3878,4.449999999999999,4,142.51354932785034
3879,3.6999999999999997,9,142.5494225025177
3880,3.4,11,142.59084582328796
3881,4.6000000000000005,3,142.6203043460846
3882,3.6999999999999997,9,142.65752863883972
3883,4.9,1,142.67937564849854
3884,4.0,7,142.86278009414673
3885,-3.05,2,142.88950061798096
3886,4.6000000000000005,3,142.9176652431488
3887,4.449999999999999,4,142.94629788398743
3888,4.0,7,142.97640895843506
3889,4.449999999999999,4,143.00456738471985
3890,4.75,2,143.0277910232544
3891,4.6000000000000005,3,143.0640127658844
3892,3.6999999999999997,9,143.0960783958435
3893,4.75,2,143.11917662620544
3894,3.4,11,143.1542944908142
3895,4.0,7,143.18753862380981
3896,-1.75,15,143.23527240753174
3897,-1.75,15,143.28199887275696
3898,-1.75,15,143.32951545715332
3899,4.15,6,143.36042976379395
3900,4.75,2,143.38478899002075
3901,4.449999999999999,4,143.4146373271942
3902,4.15,6,143.44606828689575
3903,4.449999999999999,4,143.47570657730103
3904,4.9,1,143.50724291801453
3905,4.0,7,143.54137086868286
3906,4.449999999999999,4,143.56537008285522
3907,4.449999999999999,4,143.5993571281433
3908,4.75,2,143.6286747455597
3909,3.85,8,143.66457796096802
3910,-1.75,15,143.71445775032043
3911,4.6000000000000005,3,143.74426460266113
3912,4.0,7,143.78220200538635
3913,4.75,2,143.8105137348175
3914,4.449999999999999,4,143.84174180030823
3915,4.6000000000000005,3,143.86871790885925
3916,3.55,10,143.9071979522705
3917,4.449999999999999,4,143.9324996471405
3918,3.6999999999999997,9,143.969712972641
3919,4.449999999999999,4,143.99682688713074
3920,3.85,8,144.03097414970398
3921,4.449999999999999,4,144.0592954158783
3922,4.6000000000000005,3,144.08468890190125
3923,3.55,10,144.12852358818054
3924,4.6000000000000005,3,144.16022157669067
3925,3.6999999999999997,9,144.1942937374115
3926,4.6000000000000005,3,144.2278275489807
3927,4.75,2,144.25760793685913
3928,3.25,12,144.46650004386902
3929,4.3,5,144.50220656394958
3930,4.9,1,144.53041124343872
3931,4.449999999999999,4,144.5644280910492
3932,4.449999999999999,4,144.59618496894836
3933,3.25,12,144.63589668273926
3934,4.449999999999999,4,144.66584992408752
3935,4.3,5,144.69458413124084
3936,4.3,5,144.72416734695435
3937,4.6000000000000005,3,144.74771785736084
3938,4.3,5,144.7759017944336
3939,4.75,2,144.80234599113464
3940,4.15,6,144.83565998077393
3941,-1.75,15,144.8840515613556
3942,4.6000000000000005,3,144.91357970237732
3943,3.1,13,144.9585554599762
3944,4.75,2,144.98422241210938
3945,4.0,7,145.01583337783813
3946,3.85,8,145.05194854736328
3947,4.75,2,145.07761764526367
3948,4.75,2,145.1011519432068
3949,4.75,2,145.13211488723755
3950,-1.75,15,145.18425011634827
3951,4.0,7,145.22415590286255
3952,4.75,2,145.2480285167694
3953,4.75,2,145.27729725837708
3954,4.9,1,145.3089644908905
3955,4.3,5,145.34554862976074
3956,4.449999999999999,4,145.37865734100342
3957,4.449999999999999,4,145.40479803085327
3958,4.449999999999999,4,145.43359541893005
3959,4.75,2,145.45704102516174
3960,4.449999999999999,4,145.48609733581543
3961,4.75,2,145.51225113868713
3962,4.449999999999999,4,145.54336047172546
3963,4.9,1,145.5680685043335
3964,4.75,2,145.59808778762817
3965,4.449999999999999,4,145.63636589050293
3966,4.75,2,145.66444158554077
3967,4.6000000000000005,3,145.689954996109
3968,4.6000000000000005,3,145.71529269218445
3969,4.6000000000000005,3,145.73933219909668
3970,4.6000000000000005,3,145.76270270347595
3971,3.85,8,145.79627680778503
3972,4.449999999999999,4,145.82449102401733
3973,4.75,2,145.84979915618896
3974,4.75,2,145.87964916229248
3975,4.449999999999999,4,145.90952587127686
3976,3.25,12,145.9495906829834
3977,4.3,5,145.97928380966187
3978,4.6000000000000005,3,146.00703191757202
3979,4.9,1,146.03262996673584
3980,4.6000000000000005,3,146.06332325935364
3981,4.75,2,146.0873303413391
3982,3.85,8,146.12717628479004
3983,-1.75,15,146.31533455848694
3984,4.6000000000000005,3,146.34412789344788
3985,3.85,8,146.37935376167297
3986,4.449999999999999,4,146.40927648544312
3987,4.3,5,146.4371452331543
3988,4.449999999999999,4,146.46413588523865
3989,3.85,8,146.50572562217712
3990,4.75,2,146.5291130542755
3991,4.75,2,146.55514287948608
3992,-1.75,15,146.5961308479309
3993,4.15,6,146.63072061538696
3994,4.449999999999999,4,146.66349148750305
3995,4.9,1,146.6883556842804
3996,4.449999999999999,4,146.7203426361084
3997,-3.3,7,146.7536211013794
3998,3.55,10,146.79631686210632
3999,4.75,2,146.82340455055237
4000,4.3,5,146.8514907360077
4001,2.8,15,146.8976378440857
4002,4.6000000000000005,3,146.9273645877838
4003,3.85,8,146.96048092842102
4004,3.55,10,146.99671506881714
4005,4.449999999999999,4,147.0227267742157
4006,4.9,1,147.0495569705963
4007,4.15,6,147.08288764953613
4008,4.6000000000000005,3,147.11194109916687
4009,4.3,5,147.14198875427246
4010,4.6000000000000005,3,147.17137122154236
4011,4.0,7,147.20548701286316
4012,3.55,10,147.24391627311707
4013,4.449999999999999,4,147.2739872932434
4014,3.85,8,147.30806684494019
4015,-1.75,15,147.35295295715332
4016,4.6000000000000005,3,147.38495063781738
4017,4.15,6,147.41848301887512
4018,4.6000000000000005,3,147.4445161819458
4019,4.0,7,147.47760248184204
4020,4.6000000000000005,3,147.5054202079773
4021,4.449999999999999,4,147.5314338207245
4022,4.9,1,147.55360174179077
4023,3.85,8,147.59013104438782
4024,4.0,7,147.62899494171143
4025,3.55,10,147.67216873168945
4026,4.449999999999999,4,147.8613486289978
4027,3.6999999999999997,9,147.9067313671112
4028,4.6000000000000005,3,147.93439412117004
4029,-3.05,2,147.9620497226715
4030,3.55,10,148.0000786781311
4031,3.6999999999999997,9,148.03453493118286
4032,4.15,6,148.06475472450256
4033,3.6999999999999997,9,148.10333466529846
4034,3.85,8,148.14034509658813
4035,4.15,6,148.17066645622253
4036,4.6000000000000005,3,148.19615983963013
4037,3.85,8,148.23991751670837
4038,4.15,6,148.2720868587494
4039,4.6000000000000005,3,148.29974484443665
4040,4.75,2,148.3275887966156
4041,4.3,5,148.36326622962952
4042,4.0,7,148.40356969833374
4043,3.4,11,148.4451858997345
4044,3.25,12,148.4897220134735
4045,3.55,10,148.52825140953064
4046,4.6000000000000005,3,148.56331324577332
4047,3.85,8,148.60181879997253
4048,3.55,10,148.64218521118164
4049,4.449999999999999,4,148.67403030395508
4050,4.3,5,148.711186170578
4051,3.6999999999999997,9,148.75039863586426
4052,4.3,5,148.7885193824768
4053,3.25,12,148.83775115013123
4054,4.9,1,148.86274218559265
4055,4.75,2,148.8884687423706
4056,4.3,5,148.91979551315308
4057,3.85,8,148.96010088920593
4058,4.75,2,148.99150156974792
4059,4.15,6,149.02547669410706
4060,4.0,7,149.0589578151703
4061,4.75,2,149.08257508277893
4062,3.6999999999999997,9,149.11840534210205
4063,3.6999999999999997,9,149.15487408638
4064,4.6000000000000005,3,149.17869424819946
4065,4.449999999999999,4,149.20693850517273
4066,4.6000000000000005,3,149.2350890636444
4067,4.9,1,149.25892424583435
4068,4.449999999999999,4,149.28964972496033
4069,4.75,2,149.3125193119049
4070,3.85,8,149.48905038833618
4071,4.75,2,149.5121123790741
4072,4.3,5,149.54078936576843
4073,4.75,2,149.5662500858307
4074,3.85,8,149.59901309013367
4075,3.85,8,149.6343183517456
4076,4.9,1,149.65916442871094
4077,4.0,7,149.68981385231018
4078,4.9,1,149.71345829963684
4079,4.15,6,149.74459624290466
4080,4.449999999999999,4,149.77414512634277
4081,4.15,6,149.8161473274231
4082,4.3,5,149.85065960884094
4083,3.6999999999999997,9,149.8883194923401
4084,4.0,7,149.92277836799622
4085,4.449999999999999,4,149.94885563850403
4086,4.6000000000000005,3,149.98341369628906
4087,4.0,7,150.01987719535828
4088,4.75,2,150.04425168037415
4089,4.75,2,150.07072281837463
4090,4.6000000000000005,3,150.0969476699829
4091,4.9,1,150.12152194976807
4092,3.25,12,150.171612739563
4093,4.0,7,150.20666575431824
4094,4.6000000000000005,3,150.23799967765808
4095,4.6000000000000005,3,150.2693691253662
4096,4.6000000000000005,3,150.29869198799133
4097,4.3,5,150.33921217918396
4098,4.9,1,150.37048029899597
4099,4.15,6,150.40596508979797
4100,4.6000000000000005,3,150.43132662773132
4101,4.0,7,150.46284699440002
4102,4.3,5,150.49310851097107
4103,4.3,5,150.52320218086243
4104,-1.75,15,150.57075572013855
4105,4.75,2,150.6019790172577
4106,4.75,2,150.62434458732605
4107,4.0,7,150.65899920463562
4108,4.3,5,150.69130635261536
4109,4.15,6,150.72770142555237
4110,4.449999999999999,4,150.76239037513733
4111,4.75,2,150.7855372428894
4112,4.3,5,150.81278777122498
4113,4.3,5,150.83969497680664
4114,4.6000000000000005,3,150.8761146068573
4115,4.15,6,150.912367105484
4116,3.85,8,150.95330357551575
4117,3.25,12,150.99292397499084
4118,4.3,5,151.02395486831665
4119,3.6999999999999997,9,151.05884742736816
4120,4.15,6,151.23648405075073
4121,4.3,5,151.26410508155823
4122,4.75,2,151.2893681526184
4123,4.6000000000000005,3,151.3146266937256
4124,4.449999999999999,4,151.34322214126587
4125,-3.0,1,151.365784406662
4126,4.75,2,151.39093160629272
4127,4.9,1,151.41220021247864
4128,4.0,7,151.44584584236145
4129,3.6999999999999997,9,151.48917388916016
4130,4.0,7,151.52356934547424
4131,4.9,1,151.54660081863403
4132,4.0,7,151.58274292945862
4133,3.6999999999999997,9,151.62456035614014
4134,4.3,5,151.65694165229797
4135,4.15,6,151.70138430595398
4136,4.15,6,151.7319939136505
4137,-3.3,7,151.7781765460968
4138,3.6999999999999997,9,151.83446884155273
4139,3.85,8,151.8804576396942
4140,4.75,2,151.91065549850464
4141,4.75,2,151.9504954814911
4142,4.449999999999999,4,151.97913599014282
4143,4.75,2,152.00929379463196
4144,4.3,5,152.04010653495789
4145,4.3,5,152.065660238266
4146,4.9,1,152.08940434455872
4147,4.75,2,152.11662912368774
4148,4.3,5,152.14524149894714
4149,4.6000000000000005,3,152.17490482330322
4150,3.85,8,152.20767188072205
4151,4.3,5,152.23506045341492
4152,4.15,6,152.26444697380066
4153,4.0,7,152.29710054397583
4154,-1.75,15,152.33866786956787
4155,4.0,7,152.37069535255432
4156,4.3,5,152.396249294281
4157,4.9,1,152.4195258617401
4158,4.0,7,152.44962406158447
4159,4.6000000000000005,3,152.4771285057068
4160,3.85,8,152.50984597206116
4161,4.6000000000000005,3,152.53620076179504
4162,3.25,12,152.5776126384735
4163,4.9,1,152.59915280342102
4164,4.449999999999999,4,152.63004517555237
4165,4.75,2,152.65711092948914
4166,4.449999999999999,4,152.6892683506012
4167,4.15,6,152.72429370880127
4168,4.3,5,152.75614953041077
4169,4.449999999999999,4,152.78405165672302
4170,4.449999999999999,4,152.8099400997162
4171,4.6000000000000005,3,152.8370623588562
4172,4.449999999999999,4,153.0232367515564
4173,4.6000000000000005,3,153.05403518676758
4174,4.6000000000000005,3,153.084721326828
4175,3.25,12,153.1307270526886
4176,4.6000000000000005,3,153.1586127281189
4177,4.15,6,153.19216871261597
4178,4.75,2,153.2195019721985
4179,4.0,7,153.25089979171753
4180,4.75,2,153.27530813217163
4181,4.75,2,153.29868912696838
4182,4.3,5,153.3393235206604
4183,4.449999999999999,4,153.36943292617798
4184,-3.2,5,153.39953422546387
4185,4.0,7,153.43157863616943
4186,4.0,7,153.47316646575928
4187,4.3,5,153.50575423240662
4188,4.75,2,153.53132963180542
4189,4.6000000000000005,3,153.55757808685303
4190,4.449999999999999,4,153.58884358406067
4191,4.15,6,153.6205611228943
4192,4.75,2,153.64466333389282
4193,4.9,1,153.6695327758789
4194,3.55,10,153.70563960075378
4195,4.15,6,153.73703694343567
4196,4.15,6,153.77097249031067
4197,4.6000000000000005,3,153.7994420528412
4198,4.9,1,153.8248085975647
4199,4.0,7,153.85496878623962
4200,-3.0,1,153.8823971748352
4201,4.6000000000000005,3,153.91191983222961
4202,4.0,7,153.94714188575745
4203,4.6000000000000005,3,153.97192406654358
4204,4.75,2,153.9962558746338
4205,4.6000000000000005,3,154.0203230381012
4206,3.85,8,154.05193448066711
4207,3.25,12,154.08814525604248
4208,4.3,5,154.11548233032227
4209,4.75,2,154.14593863487244
4210,4.449999999999999,4,154.18365335464478
4211,4.6000000000000005,3,154.21436619758606
4212,4.3,5,154.24917030334473
4213,4.6000000000000005,3,154.27502346038818
4214,4.75,2,154.30264377593994
4215,4.3,5,154.3363175392151
4216,3.4,11,154.37713885307312
4217,-1.75,15,154.42178106307983
4218,4.6000000000000005,3,154.44637203216553
4219,-1.75,15,154.49670147895813
4220,4.0,7,154.53212118148804
4221,4.9,1,154.55570340156555
4222,3.6999999999999997,9,154.59146237373352
4223,4.6000000000000005,3,154.78444147109985
4224,4.6000000000000005,3,154.81119585037231
4225,4.449999999999999,4,154.84172368049622
4226,4.6000000000000005,3,154.87269163131714
4227,4.6000000000000005,3,154.90162086486816
4228,4.0,7,154.93515181541443
4229,3.85,8,154.9753828048706
4230,4.15,6,155.00681734085083
4231,4.15,6,155.04336214065552
4232,4.0,7,155.07901096343994
4233,4.6000000000000005,3,155.10757184028625
4234,4.6000000000000005,3,155.1337115764618
4235,4.0,7,155.16393613815308
4236,3.85,8,155.19857907295227
4237,3.55,10,155.2332661151886
4238,4.75,2,155.25785636901855
4239,4.9,1,155.28094625473022
4240,4.15,6,155.3147428035736
4241,4.6000000000000005,3,155.34673619270325
4242,-1.75,15,155.39067339897156
4243,4.9,1,155.41766452789307
4244,4.449999999999999,4,155.44847536087036
4245,4.75,2,155.47660613059998
4246,-1.75,15,155.5218436717987
4247,4.75,2,155.5512375831604
4248,3.55,10,155.59122610092163
4249,-3.3,7,155.62979316711426
4250,4.75,2,155.66119170188904
4251,4.449999999999999,4,155.69417309761047
4252,2.9499999999999997,14,155.73488473892212
4253,4.6000000000000005,3,155.75967526435852
4254,4.75,2,155.78553652763367
4255,4.75,2,155.81752729415894
4256,4.6000000000000005,3,155.84437656402588
4257,-3.2,5,155.87372469902039
4258,3.6999999999999997,9,155.91326642036438
4259,4.6000000000000005,3,155.94245672225952
4260,3.85,8,155.98162460327148
4261,4.449999999999999,4,156.01287651062012
4262,4.75,2,156.0372030735016
4263,-3.45,10,156.07226157188416
4264,3.55,10,156.1055953502655
4265,3.4,11,156.14315223693848
4266,4.6000000000000005,3,156.17098736763
4267,4.6000000000000005,3,156.19971418380737
4268,4.15,6,156.23179650306702
4269,4.6000000000000005,3,156.2620713710785
4270,4.6000000000000005,3,156.46981477737427
4271,3.85,8,156.50840783119202
4272,4.3,5,156.54096817970276
4273,4.0,7,156.57876014709473
4274,3.85,8,156.61741614341736
4275,3.85,8,156.65396094322205
4276,3.6999999999999997,9,156.69035816192627
4277,4.3,5,156.72044849395752
4278,4.6000000000000005,3,156.7471764087677
4279,-3.55,12,156.78254318237305
4280,4.6000000000000005,3,156.80966472625732
4281,4.3,5,156.84408450126648
4282,-3.0,1,156.87084364891052
4283,-1.75,15,156.9154989719391
4284,-3.15,4,156.9421079158783
4285,3.6999999999999997,9,156.97657704353333
4286,4.15,6,157.0096824169159
4287,4.3,5,157.04015612602234
4288,4.15,6,157.07208704948425
4289,3.25,12,157.11178421974182
4290,4.3,5,157.14506840705872
4291,4.6000000000000005,3,157.17166805267334
4292,3.25,12,157.21117973327637
4293,4.15,6,157.24324297904968
4294,4.6000000000000005,3,157.27167797088623
4295,4.6000000000000005,3,157.29591536521912
4296,3.85,8,157.33345317840576
4297,3.25,12,157.37855648994446
4298,4.0,7,157.41552996635437
4299,4.0,7,157.44486784934998
4300,4.6000000000000005,3,157.47056221961975
4301,3.6999999999999997,9,157.50407218933105
4302,4.6000000000000005,3,157.5319242477417
4303,3.55,10,157.57668495178223
4304,3.25,12,157.62620615959167
4305,4.75,2,157.65664339065552
4306,3.85,8,157.69548201560974
4307,-1.75,15,157.9203474521637
4308,4.15,6,157.96157026290894
4309,4.3,5,158.0005943775177
4310,-1.75,15,158.05147004127502
4311,4.9,1,158.07365036010742
4312,4.15,6,158.11215662956238
4313,3.1,13,158.1551868915558
4314,4.15,6,158.187429189682
4315,4.6000000000000005,3,158.2125072479248
4316,3.85,8,158.24886059761047
4317,4.75,2,158.27391743659973
4318,4.75,2,158.30026745796204
4319,4.3,5,158.32957863807678
4320,4.15,6,158.3631272315979
4321,4.75,2,158.3886935710907
4322,4.3,5,158.4229598045349
4323,3.4,11,158.4703757762909
4324,4.3,5,158.49963998794556
4325,4.75,2,158.52322149276733
4326,4.75,2,158.54995107650757
4327,3.4,11,158.5905740261078
4328,-1.75,15,158.63503456115723
4329,4.6000000000000005,3,158.66086554527283
4330,4.15,6,158.69223189353943
4331,4.15,6,158.72363018989563
4332,4.6000000000000005,3,158.75545859336853
4333,4.9,1,158.78310298919678
4334,4.3,5,158.8167371749878
4335,3.25,12,158.8570375442505
4336,3.25,12,158.90676474571228
4337,4.9,1,158.9360477924347
4338,4.75,2,158.96046376228333
4339,3.4,11,159.00846815109253
4340,4.9,1,159.03297519683838
4341,4.3,5,159.05838537216187
4342,3.85,8,159.08970189094543
4343,3.6999999999999997,9,159.12049841880798
4344,4.9,1,159.14300775527954
4345,4.6000000000000005,3,159.16952109336853
4346,4.449999999999999,4,159.1985297203064
4347,4.15,6,159.2324345111847
4348,4.15,6,159.26688051223755
4349,4.3,5,159.30282402038574
4350,4.3,5,159.33893823623657
4351,4.15,6,159.53416681289673
4352,4.6000000000000005,3,159.56171679496765
4353,4.9,1,159.5850315093994
4354,4.9,1,159.6104872226715
4355,4.75,2,159.64039492607117
4356,4.15,6,159.6780080795288
4357,4.15,6,159.71841835975647
4358,3.85,8,159.7608346939087
4359,3.85,8,159.81210613250732
4360,4.449999999999999,4,159.85002970695496
4361,4.0,7,159.89344000816345
4362,4.449999999999999,4,159.92500376701355
4363,4.3,5,159.95964193344116
4364,3.55,10,160.00102257728577
4365,4.6000000000000005,3,160.0281891822815
4366,4.449999999999999,4,160.05823969841003
4367,3.6999999999999997,9,160.09502053260803
4368,4.6000000000000005,3,160.12360262870789
4369,4.3,5,160.1539273262024
4370,4.449999999999999,4,160.1837179660797
4371,4.0,7,160.21462035179138
4372,4.6000000000000005,3,160.24394369125366
4373,4.6000000000000005,3,160.2724847793579
4374,4.15,6,160.30624771118164
4375,4.9,1,160.33216762542725
4376,4.0,7,160.37145233154297
4377,4.0,7,160.405832529068
4378,4.15,6,160.44109106063843
4379,4.75,2,160.4694859981537
4380,3.85,8,160.50438141822815
4381,4.6000000000000005,3,160.52756118774414
4382,-1.75,15,160.57065606117249
4383,4.9,1,160.59420013427734
4384,4.0,7,160.6267020702362
4385,4.449999999999999,4,160.65827822685242
4386,3.4,11,160.7012345790863
4387,4.0,7,160.73425841331482
4388,3.6999999999999997,9,160.76669096946716
4389,4.3,5,160.79597091674805
4390,4.6000000000000005,3,160.81908988952637
4391,3.25,12,160.86108350753784
4392,4.15,6,160.8946373462677
4393,4.449999999999999,4,160.92845821380615
4394,4.0,7,160.96319556236267
4395,4.75,2,160.99222230911255
4396,4.3,5,161.0273780822754
4397,4.3,5,161.0610432624817
4398,4.0,7,161.26474618911743
4399,4.75,2,161.2917377948761
4400,4.3,5,161.32127141952515
4401,4.6000000000000005,3,161.34788012504578
4402,4.75,2,161.37534403800964
4403,4.75,2,161.40264058113098
4404,4.15,6,161.4419810771942
4405,3.55,10,161.47950911521912
4406,4.6000000000000005,3,161.50350689888
4407,4.6000000000000005,3,161.53025794029236
4408,4.75,2,161.55407071113586
4409,4.3,5,161.58267331123352
4410,4.3,5,161.6114227771759
4411,4.449999999999999,4,161.64126658439636
4412,4.449999999999999,4,161.6708550453186
4413,4.0,7,161.70345830917358
4414,4.6000000000000005,3,161.73055124282837
4415,4.15,6,161.76339673995972
4416,4.6000000000000005,3,161.7873339653015
4417,4.15,6,161.81503582000732
4418,4.3,5,161.84672737121582
4419,4.75,2,161.87320590019226
4420,-1.75,15,161.91831040382385
4421,-3.4,9,161.9546275138855
4422,4.75,2,161.97882509231567
4423,4.0,7,162.01012921333313
4424,3.6999999999999997,9,162.04383516311646
4425,4.3,5,162.07476329803467
4426,-1.75,15,162.11872220039368
4427,4.6000000000000005,3,162.14689683914185
4428,3.55,10,162.1873381137848
4429,-1.75,15,162.22983384132385
4430,4.6000000000000005,3,162.256267786026
4431,4.75,2,162.28181719779968
4432,4.6000000000000005,3,162.30844616889954
4433,4.15,6,162.33948397636414
4434,4.15,6,162.37129664421082
4435,4.449999999999999,4,162.39644646644592
4436,4.75,2,162.42174768447876
4437,3.6999999999999997,9,162.464417219162
4438,4.75,2,162.4921646118164
4439,4.6000000000000005,3,162.51623368263245
4440,4.0,7,162.55175971984863
4441,4.75,2,162.57620334625244
4442,4.0,7,162.6141164302826
4443,4.449999999999999,4,162.64644932746887
4444,-3.25,6,162.68168568611145
4445,4.449999999999999,4,162.7118375301361
4446,4.449999999999999,4,162.74163269996643
4447,4.9,1,162.76673555374146
4448,4.0,7,162.96536207199097
4449,3.85,8,162.99860835075378
4450,4.449999999999999,4,163.0245337486267
4451,4.75,2,163.0471785068512
4452,3.85,8,163.07790660858154
4453,4.9,1,163.10430479049683
4454,3.85,8,163.13604640960693
4455,3.25,12,163.17801666259766
4456,3.6999999999999997,9,163.21306133270264
4457,4.75,2,163.24017071723938
4458,4.6000000000000005,3,163.2627067565918
4459,4.75,2,163.29206013679504
4460,4.6000000000000005,3,163.3187117576599
4461,4.0,7,163.35196495056152
4462,-1.75,15,163.3997631072998
4463,4.75,2,163.4258623123169
4464,4.9,1,163.4498586654663
4465,3.6999999999999997,9,163.4849579334259
4466,4.0,7,163.51353478431702
4467,4.6000000000000005,3,163.55128645896912
4468,4.0,7,163.58669018745422
4469,4.449999999999999,4,163.6149137020111
4470,4.75,2,163.64014267921448
4471,4.15,6,163.6694860458374
4472,4.6000000000000005,3,163.6951732635498
4473,4.449999999999999,4,163.72334694862366
4474,3.6999999999999997,9,163.7567698955536
4475,4.0,7,163.79027104377747
4476,3.6999999999999997,9,163.82868194580078
4477,4.6000000000000005,3,163.85810780525208
4478,4.449999999999999,4,163.89018750190735
4479,4.449999999999999,4,163.92159366607666
4480,4.0,7,163.95357608795166
4481,4.75,2,163.98266172409058
4482,4.449999999999999,4,164.0136754512787
4483,4.449999999999999,4,164.03945112228394
4484,4.6000000000000005,3,164.06462860107422
4485,4.3,5,164.09281015396118
4486,4.75,2,164.12054085731506
4487,4.0,7,164.15615892410278
4488,4.3,5,164.1884458065033
4489,4.449999999999999,4,164.21902704238892
4490,4.15,6,164.25711345672607
4491,4.15,6,164.29213523864746
4492,4.75,2,164.32503294944763
4493,4.0,7,164.3615758419037
4494,3.6999999999999997,9,164.40692377090454
4495,3.55,10,164.63406085968018
4496,-3.4,9,164.67097401618958
4497,3.6999999999999997,9,164.71697163581848
4498,4.0,7,164.75137972831726
4499,4.3,5,164.78117752075195
4500,3.6999999999999997,9,164.82416152954102
4501,4.6000000000000005,3,164.85550832748413
4502,4.6000000000000005,3,164.88020372390747
4503,3.4,11,164.9201328754425
4504,4.6000000000000005,3,164.94647479057312
4505,4.6000000000000005,3,164.973947763443
4506,4.3,5,165.0067799091339
4507,4.75,2,165.03300070762634
4508,3.4,11,165.0669298171997
4509,4.3,5,165.09719157218933
4510,4.6000000000000005,3,165.12211227416992
4511,4.15,6,165.15073895454407
4512,4.6000000000000005,3,165.177800655365
4513,4.6000000000000005,3,165.20539116859436
4514,4.3,5,165.2377803325653
4515,3.85,8,165.2720878124237
4516,3.6999999999999997,9,165.30868220329285
4517,4.6000000000000005,3,165.33608841896057
4518,-1.75,15,165.3777334690094
4519,4.0,7,165.4106092453003
4520,4.3,5,165.44279026985168
4521,3.55,10,165.47983813285828
4522,4.449999999999999,4,165.5130319595337
4523,3.6999999999999997,9,165.54448103904724
4524,4.449999999999999,4,165.57370734214783
4525,3.25,12,165.61903476715088
4526,4.6000000000000005,3,165.6465983390808
4527,2.9499999999999997,14,165.68978071212769
4528,3.55,10,165.72631120681763
4529,4.9,1,165.75274777412415
4530,-1.75,15,165.7992606163025
4531,4.3,5,165.83346438407898
4532,-1.75,15,165.88204741477966
4533,4.3,5,166.07004928588867
4534,4.15,6,166.0981583595276
4535,4.75,2,166.12281036376953
4536,4.75,2,166.14728999137878
4537,-1.75,15,166.19514274597168
4538,4.3,5,166.2247052192688
4539,4.449999999999999,4,166.2534818649292
4540,4.6000000000000005,3,166.27779865264893
4541,4.9,1,166.30353331565857
4542,3.6999999999999997,9,166.33961939811707
4543,4.6000000000000005,3,166.36845564842224
4544,3.6999999999999997,9,166.40064764022827
4545,3.6999999999999997,9,166.4353699684143
4546,3.85,8,166.4674129486084
4547,4.75,2,166.49218916893005
4548,4.9,1,166.51544380187988
4549,4.75,2,166.53704595565796
4550,4.6000000000000005,3,166.56940031051636
4551,-3.05,2,166.59249782562256
4552,4.449999999999999,4,166.62066650390625
4553,-1.75,15,166.66921710968018
4554,3.85,8,166.70088458061218
4555,4.6000000000000005,3,166.72582983970642
4556,4.449999999999999,4,166.75395584106445
4557,4.9,1,166.77697587013245
4558,3.85,8,166.81281423568726
4559,4.15,6,166.84489178657532
4560,4.6000000000000005,3,166.87124252319336
4561,4.6000000000000005,3,166.90152502059937
4562,4.0,7,166.9368016719818
4563,4.449999999999999,4,166.9669167995453
4564,4.3,5,166.9927098751068
4565,4.9,1,167.0150318145752
4566,4.449999999999999,4,167.04458141326904
4567,4.75,2,167.06857204437256
4568,4.75,2,167.09350204467773
4569,4.9,1,167.1197271347046
4570,4.3,5,167.14530158042908
4571,4.75,2,167.17351746559143
4572,4.0,7,167.2091987133026
4573,4.449999999999999,4,167.24178194999695
4574,4.449999999999999,4,167.27366089820862
4575,-1.75,15,167.32202172279358
4576,4.15,6,167.36043310165405
4577,4.3,5,167.3944489955902
4578,4.0,7,167.43247485160828
4579,4.3,5,167.46914339065552
4580,4.6000000000000005,3,167.49663662910461
4581,4.6000000000000005,3,167.52441596984863
4582,4.449999999999999,4,167.55597472190857
4583,4.449999999999999,4,167.5868480205536
4584,-1.75,15,167.8094391822815
4585,4.9,1,167.83713912963867
4586,4.6000000000000005,3,167.86180114746094
4587,4.15,6,167.89471817016602
4588,4.3,5,167.92318534851074
4589,4.75,2,167.94897985458374
4590,-1.75,15,167.9948194026947
4591,4.3,5,168.02256083488464
4592,4.9,1,168.04333233833313
4593,4.449999999999999,4,168.0694603919983
4594,4.75,2,168.09198236465454
4595,4.6000000000000005,3,168.11853504180908
4596,3.85,8,168.14762258529663
4597,4.75,2,168.17358803749084
4598,4.75,2,168.1941978931427
4599,-3.2,5,168.22204852104187
4600,4.449999999999999,4,168.24839305877686
4601,-1.75,15,168.28734874725342
4602,4.75,2,168.31117343902588
4603,4.0,7,168.34192657470703
4604,4.15,6,168.37492275238037
4605,4.75,2,168.3983337879181
4606,4.75,2,168.42514777183533
4607,4.75,2,168.45203042030334
4608,4.15,6,168.4874725341797
4609,4.449999999999999,4,168.51226353645325
4610,4.75,2,168.53685092926025
4611,4.9,1,168.55766797065735
4612,4.75,2,168.58446288108826
4613,4.15,6,168.6143765449524
4614,3.55,10,168.65229511260986
4615,3.6999999999999997,9,168.68704533576965
4616,3.6999999999999997,9,168.7248797416687
4617,4.75,2,168.75325274467468
4618,4.3,5,168.78857588768005
4619,4.0,7,168.81990933418274
4620,3.4,11,168.85681915283203
4621,4.449999999999999,4,168.8913493156433
4622,4.15,6,168.9210913181305
4623,3.55,10,168.96048760414124
4624,4.6000000000000005,3,168.98867464065552
4625,4.449999999999999,4,169.013680934906
4626,4.449999999999999,4,169.0426366329193
4627,4.0,7,169.07643580436707
4628,4.449999999999999,4,169.10277390480042
4629,3.4,11,169.1460509300232
4630,4.6000000000000005,3,169.17567086219788
4631,4.6000000000000005,3,169.20583605766296
4632,3.55,10,169.25336813926697
4633,4.3,5,169.29353380203247
4634,4.3,5,169.47681641578674
4635,4.9,1,169.50556302070618
4636,4.75,2,169.53031373023987
4637,4.75,2,169.5530664920807
4638,4.449999999999999,4,169.5801808834076
4639,4.6000000000000005,3,169.60700178146362
4640,4.449999999999999,4,169.63456296920776
4641,3.85,8,169.66983795166016
4642,4.449999999999999,4,169.69973421096802
4643,3.55,10,169.7355215549469
4644,-1.75,15,169.78058528900146
4645,4.3,5,169.80846691131592
4646,4.449999999999999,4,169.83712029457092
4647,4.9,1,169.85723400115967
4648,4.15,6,169.88699531555176
4649,4.0,7,169.9184010028839
4650,4.0,7,169.9503219127655
4651,3.55,10,169.98699498176575
4652,3.85,8,170.0212972164154
4653,3.55,10,170.0587465763092
4654,-1.75,15,170.1038248538971
4655,4.75,2,170.12547254562378
4656,2.9499999999999997,14,170.16578149795532
4657,4.6000000000000005,3,170.19261407852173
4658,4.3,5,170.2236349582672
4659,4.449999999999999,4,170.24952149391174
4660,4.449999999999999,4,170.27621245384216
4661,4.15,6,170.30661273002625
4662,4.6000000000000005,3,170.33291673660278
4663,4.15,6,170.36471390724182
4664,4.6000000000000005,3,170.39179825782776
4665,4.3,5,170.42276167869568
4666,4.449999999999999,4,170.45119881629944
4667,3.6999999999999997,9,170.49066042900085
4668,3.55,10,170.52822542190552
4669,4.9,1,170.55182576179504
4670,4.15,6,170.585834980011
4671,3.4,11,170.62965059280396
4672,4.75,2,170.65470027923584
4673,4.6000000000000005,3,170.68580603599548
4674,4.15,6,170.7186267375946
4675,-1.75,15,170.76843333244324
4676,-1.75,15,170.99211978912354
4677,4.75,2,171.0209732055664
4678,4.6000000000000005,3,171.05401468276978
4679,4.449999999999999,4,171.0832998752594
4680,4.6000000000000005,3,171.11072397232056
4681,4.0,7,171.15423607826233
4682,3.6999999999999997,9,171.19296789169312
4683,-3.45,10,171.23469591140747
4684,4.0,7,171.27253651618958
4685,4.3,5,171.3030047416687
4686,4.9,1,171.32346034049988
4687,3.25,12,171.36440014839172
4688,4.6000000000000005,3,171.39099264144897
4689,4.9,1,171.41446232795715
4690,4.6000000000000005,3,171.44014310836792
4691,4.9,1,171.46274781227112
4692,3.85,8,171.49762630462646
4693,4.9,1,171.52121448516846
4694,4.449999999999999,4,171.55084896087646
4695,3.6999999999999997,9,171.58986496925354
4696,4.6000000000000005,3,171.61843180656433
4697,4.449999999999999,4,171.65275144577026
4698,4.15,6,171.6876027584076
4699,4.3,5,171.7177267074585
4700,4.9,1,171.74013257026672
4701,4.75,2,171.76451420783997
4702,4.3,5,171.7934262752533
4703,4.449999999999999,4,171.8205862045288
4704,3.6999999999999997,9,171.8580620288849
4705,4.15,6,171.89217853546143
4706,3.4,11,171.93259263038635
4707,-1.75,15,171.98597502708435
4708,4.6000000000000005,3,172.01107335090637
4709,4.449999999999999,4,172.04291367530823
4710,-1.75,15,172.08672451972961
4711,4.0,7,172.12251901626587
4712,4.0,7,172.15716123580933
4713,3.4,11,172.1980381011963
4714,4.0,7,172.23507452011108
4715,4.3,5,172.26410365104675
4716,4.6000000000000005,3,172.29366040229797
4717,4.0,7,172.32544684410095
4718,3.4,11,172.3714563846588
4719,4.6000000000000005,3,172.55863308906555
4720,4.15,6,172.5903217792511
4721,3.85,8,172.6239514350891
4722,3.55,10,172.65910601615906
4723,4.75,2,172.6847105026245
4724,4.449999999999999,4,172.7122197151184
4725,4.75,2,172.73816561698914
4726,4.3,5,172.7702877521515
4727,3.55,10,172.80407857894897
4728,4.75,2,172.8307614326477
4729,4.449999999999999,4,172.85929894447327
4730,3.55,10,172.9000313282013
4731,4.6000000000000005,3,172.92694735527039
4732,3.55,10,172.9708592891693
4733,3.55,10,173.00715708732605
4734,4.449999999999999,4,173.03261065483093
4735,3.4,11,173.06951785087585
4736,4.9,1,173.09367561340332
4737,3.55,10,173.1323003768921
4738,4.75,2,173.1586172580719
4739,4.449999999999999,4,173.18818593025208
4740,3.25,12,173.22727060317993
4741,4.15,6,173.25745487213135
4742,4.6000000000000005,3,173.28370332717896
4743,3.85,8,173.31691479682922
4744,3.25,12,173.35613536834717
4745,3.4,11,173.3927013874054
4746,4.0,7,173.4275176525116
4747,4.3,5,173.45529460906982
4748,3.85,8,173.48815321922302
4749,3.85,8,173.52382898330688
4750,3.85,8,173.55583381652832
4751,4.449999999999999,4,173.585551738739
4752,4.75,2,173.61088728904724
4753,4.75,2,173.6414439678192
4754,3.25,12,173.6897439956665
4755,3.85,8,173.7244575023651
4756,4.449999999999999,4,173.7539415359497
4757,3.85,8,173.78630471229553
4758,4.3,5,173.81566715240479
4759,4.449999999999999,4,174.01642322540283
4760,4.6000000000000005,3,174.04302763938904
4761,4.9,1,174.06636667251587
4762,4.449999999999999,4,174.09904289245605
4763,4.449999999999999,4,174.1303882598877
4764,4.9,1,174.15727496147156
4765,4.0,7,174.19034147262573
4766,3.25,12,174.22947669029236
4767,4.0,7,174.2636423110962
4768,4.449999999999999,4,174.29175639152527
4769,3.6999999999999997,9,174.3317313194275
4770,4.75,2,174.3596794605255
4771,3.55,10,174.40574049949646
4772,4.75,2,174.43357825279236
4773,-1.75,15,174.47524094581604
4774,4.449999999999999,4,174.51031756401062
4775,4.449999999999999,4,174.54005217552185
4776,4.6000000000000005,3,174.56804180145264
4777,3.6999999999999997,9,174.60718870162964
4778,4.6000000000000005,3,174.6338062286377
4779,4.3,5,174.66091585159302
4780,4.15,6,174.69158458709717
4781,4.6000000000000005,3,174.72158241271973
4782,4.6000000000000005,3,174.7493486404419
4783,4.75,2,174.77369236946106
4784,4.449999999999999,4,174.81027960777283
4785,4.449999999999999,4,174.84574580192566
4786,4.0,7,174.88287019729614
4787,4.449999999999999,4,174.9155731201172
4788,4.3,5,174.95283246040344
4789,4.449999999999999,4,174.98283982276917
4790,4.75,2,175.01249504089355
4791,4.3,5,175.04056334495544
4792,3.85,8,175.0808265209198
4793,4.3,5,175.1160786151886
4794,4.449999999999999,4,175.14340806007385
4795,4.3,5,175.17380833625793
4796,4.9,1,175.20116662979126
4797,4.9,1,175.22660541534424
4798,4.9,1,175.25096535682678
4799,4.449999999999999,4,175.28558707237244
4800,3.6999999999999997,9,175.33020043373108
4801,4.3,5,175.36619234085083
4802,4.15,6,175.40145659446716
4803,4.9,1,175.42579197883606
4804,4.15,6,175.46039843559265
4805,4.15,6,175.4915235042572
4806,4.6000000000000005,3,175.5200822353363
4807,3.25,12,175.55987906455994
4808,4.6000000000000005,3,175.59075140953064
4809,3.55,10,175.62994194030762
4810,4.75,2,175.6571433544159
4811,4.449999999999999,4,175.6889247894287
4812,4.449999999999999,4,175.8678913116455
4813,4.3,5,175.89672446250916
4814,4.6000000000000005,3,175.923907995224
4815,-1.75,15,175.96868872642517
4816,3.1,13,176.00942420959473
4817,3.4,11,176.05122184753418
4818,4.75,2,176.07582426071167
4819,4.15,6,176.10693097114563
4820,3.4,11,176.14360332489014
4821,4.15,6,176.1804850101471
4822,4.6000000000000005,3,176.20793533325195
4823,4.6000000000000005,3,176.2365369796753
4824,4.3,5,176.26720666885376
4825,3.85,8,176.307448387146
4826,4.6000000000000005,3,176.33490777015686
4827,3.85,8,176.37089729309082
4828,4.6000000000000005,3,176.39948868751526
4829,4.449999999999999,4,176.427894115448
4830,4.3,5,176.46400785446167
4831,4.75,2,176.48930621147156
4832,4.15,6,176.52021884918213
4833,4.449999999999999,4,176.55169010162354
4834,3.6999999999999997,9,176.58356022834778
4835,4.6000000000000005,3,176.61259865760803
4836,4.15,6,176.64512586593628
4837,4.75,2,176.68227458000183
4838,4.3,5,176.71481490135193
4839,4.449999999999999,4,176.74789667129517
4840,4.449999999999999,4,176.78433322906494
4841,4.75,2,176.81654858589172
4842,4.449999999999999,4,176.84326100349426
4843,4.6000000000000005,3,176.8750126361847
4844,4.75,2,176.903804063797
4845,4.75,2,176.93244314193726
4846,4.3,5,176.9708321094513
4847,4.15,6,177.00742983818054
4848,3.6999999999999997,9,177.04398608207703
4849,4.15,6,177.07629704475403
4850,4.15,6,177.1088273525238
4851,4.3,5,177.14036011695862
4852,4.6000000000000005,3,177.1762297153473
4853,3.85,8,177.21963238716125
4854,4.3,5,177.2508041858673
4855,4.0,7,177.28265929222107
4856,4.15,6,177.31142282485962
4857,4.6000000000000005,3,177.3355712890625
4858,4.6000000000000005,3,177.3603799343109
4859,4.449999999999999,4,177.38603162765503
4860,4.6000000000000005,3,177.4152386188507
4861,-1.75,15,177.63641595840454
4862,4.6000000000000005,3,177.67025923728943
4863,3.6999999999999997,9,177.71098446846008
4864,4.9,1,177.7433638572693
4865,-1.75,15,177.7938461303711
4866,4.75,2,177.82272386550903
4867,4.449999999999999,4,177.8542423248291
4868,4.75,2,177.88540077209473
4869,4.6000000000000005,3,177.91460251808167
4870,4.15,6,177.94879913330078
4871,-1.75,15,178.0087332725525
4872,4.449999999999999,4,178.0361979007721
4873,4.75,2,178.06278657913208
4874,2.9499999999999997,14,178.11611437797546
4875,4.9,1,178.14121413230896
4876,4.15,6,178.17679071426392
4877,3.6999999999999997,9,178.21899318695068
4878,4.449999999999999,4,178.24957990646362
4879,4.3,5,178.28193354606628
4880,4.0,7,178.313556432724
4881,4.449999999999999,4,178.34224891662598
4882,4.6000000000000005,3,178.37378883361816
4883,4.15,6,178.41544151306152
4884,4.449999999999999,4,178.44730925559998
4885,4.3,5,178.49098253250122
4886,3.4,11,178.53400945663452
4887,4.6000000000000005,3,178.56148552894592
4888,4.3,5,178.59330415725708
4889,4.6000000000000005,3,178.6241602897644
4890,4.75,2,178.65494227409363
4891,4.0,7,178.6976821422577
4892,4.449999999999999,4,178.73109197616577
4893,4.449999999999999,4,178.76737236976624
4894,3.6999999999999997,9,178.8067421913147
4895,4.9,1,178.83668422698975
4896,3.6999999999999997,9,178.8719208240509
4897,4.449999999999999,4,178.89970088005066
4898,-3.45,10,178.94171810150146
4899,4.9,1,178.9707419872284
4900,4.3,5,179.0056254863739
4901,3.4,11,179.04189920425415
4902,4.9,1,179.06353330612183
4903,4.6000000000000005,3,179.08747220039368
4904,4.15,6,179.11740279197693
4905,4.75,2,179.13996410369873
4906,4.3,5,179.1707525253296
4907,4.15,6,179.3399817943573
4908,4.6000000000000005,3,179.36538982391357
4909,4.3,5,179.39549589157104
4910,4.449999999999999,4,179.42681670188904
4911,4.3,5,179.45778632164001
4912,3.55,10,179.49385714530945
4913,4.3,5,179.52798008918762
4914,3.55,10,179.57273316383362
4915,4.9,1,179.60414838790894
4916,4.75,2,179.6377079486847
4917,4.15,6,179.66612124443054
4918,4.15,6,179.6983983516693
4919,4.6000000000000005,3,179.72478723526
4920,3.85,8,179.76018691062927
4921,3.85,8,179.79529976844788
4922,4.15,6,179.8266682624817
4923,4.9,1,179.85485100746155
4924,3.4,11,179.8937156200409
4925,4.0,7,179.9268763065338
4926,4.6000000000000005,3,179.95978546142578
4927,4.75,2,179.9905445575714
4928,4.75,2,180.01738691329956
4929,4.9,1,180.04163718223572
4930,3.4,11,180.08219861984253
4931,4.449999999999999,4,180.11231112480164
4932,3.25,12,180.15326142311096
4933,4.449999999999999,4,180.17974829673767
4934,4.6000000000000005,3,180.20991325378418
4935,4.6000000000000005,3,180.23855757713318
4936,-1.75,15,180.29161596298218
4937,4.3,5,180.32533717155457
4938,4.6000000000000005,3,180.3515648841858
4939,4.449999999999999,4,180.38675546646118
4940,3.85,8,180.4196891784668
4941,4.15,6,180.45486879348755
4942,4.6000000000000005,3,180.48381423950195
4943,3.85,8,180.52457189559937
4944,4.3,5,180.5547845363617
4945,4.15,6,180.59121084213257
4946,3.6999999999999997,9,180.63279151916504
4947,4.3,5,180.66297483444214
4948,4.449999999999999,4,180.69055271148682
4949,4.15,6,180.72210383415222
4950,4.0,7,180.7530539035797
4951,4.15,6,180.78716611862183
4952,4.3,5,180.81732487678528
4953,3.25,12,181.02033638954163
4954,4.0,7,181.06718826293945
4955,4.449999999999999,4,181.0970537662506
4956,4.15,6,181.13192009925842
4957,4.75,2,181.15686058998108
4958,3.6999999999999997,9,181.19516944885254
4959,4.449999999999999,4,181.22448062896729
4960,3.55,10,181.26395726203918
4961,4.6000000000000005,3,181.2914035320282
4962,4.449999999999999,4,181.32307362556458
4963,4.15,6,181.3529930114746
4964,3.25,12,181.39210963249207
4965,4.15,6,181.42465567588806
4966,4.449999999999999,4,181.4603555202484
4967,3.85,8,181.50480842590332
4968,4.9,1,181.530415058136
4969,4.3,5,181.56685709953308
4970,4.75,2,181.59643745422363
4971,4.6000000000000005,3,181.62216234207153
4972,4.3,5,181.65671682357788
4973,4.75,2,181.68768858909607
4974,4.0,7,181.72038912773132
4975,4.9,1,181.74660420417786
4976,4.9,1,181.7723264694214
4977,4.449999999999999,4,181.80290913581848
4978,4.6000000000000005,3,181.8381006717682
4979,4.75,2,181.86340880393982
4980,4.9,1,181.88819479942322
4981,4.449999999999999,4,181.91731142997742
4982,4.75,2,181.9425950050354
4983,4.6000000000000005,3,181.96849942207336
4984,3.6999999999999997,9,182.00807905197144
4985,4.75,2,182.03244543075562
4986,3.85,8,182.0666184425354
4987,-3.6,13,182.10528993606567
4988,3.6999999999999997,9,182.14108633995056
4989,4.449999999999999,4,182.17072367668152
4990,4.3,5,182.1985673904419
4991,3.6999999999999997,9,182.2331075668335
4992,4.6000000000000005,3,182.26491236686707
4993,3.55,10,182.30034041404724
4994,4.15,6,182.33114624023438
4995,4.3,5,182.36108136177063
4996,4.3,5,182.3966543674469
4997,4.15,6,182.4284472465515
4998,4.449999999999999,4,182.46175980567932
4999,4.0,7,182.49550604820251
5000,4.6000000000000005,3,182.52105140686035
5001,4.6000000000000005,3,182.54314517974854
5002,4.0,7,182.72175478935242
5003,4.6000000000000005,3,182.7482533454895
5004,3.85,8,182.78086161613464
5005,4.3,5,182.8100254535675
5006,4.0,7,182.8401849269867
5007,4.3,5,182.8710560798645
5008,4.15,6,182.90165758132935
5009,4.15,6,182.93229961395264
5010,3.55,10,182.96966671943665
5011,4.75,2,182.99309873580933
5012,4.6000000000000005,3,183.0202853679657
5013,4.75,2,183.04151320457458
5014,4.6000000000000005,3,183.06923508644104
5015,4.3,5,183.0991108417511
5016,3.25,12,183.14039754867554
5017,3.85,8,183.17583322525024
5018,4.75,2,183.20278978347778
5019,3.85,8,183.2384603023529
5020,4.75,2,183.26474046707153
5021,4.6000000000000005,3,183.29172229766846
5022,4.15,6,183.32237815856934
5023,4.15,6,183.3564031124115
5024,4.3,5,183.39331769943237
5025,3.85,8,183.44430208206177
5026,-1.75,15,183.49408221244812
5027,3.6999999999999997,9,183.53438925743103
5028,4.449999999999999,4,183.56093311309814
5029,4.15,6,183.59701657295227
5030,4.6000000000000005,3,183.62048602104187
5031,4.3,5,183.6508891582489
5032,4.15,6,183.6836760044098
5033,3.4,11,183.7190134525299
5034,4.3,5,183.74655628204346
5035,4.15,6,183.77497959136963
5036,3.85,8,183.81266498565674
5037,4.15,6,183.8428680896759
5038,3.85,8,183.8783667087555
5039,4.3,5,183.90632224082947
5040,3.85,8,183.9398238658905
5041,4.6000000000000005,3,183.96590304374695
5042,4.9,1,183.99382257461548
5043,4.15,6,184.02178478240967
5044,3.25,12,184.06052589416504
5045,4.3,5,184.24186491966248
5046,4.9,1,184.26573014259338
5047,4.75,2,184.28886103630066
5048,4.6000000000000005,3,184.31748986244202
5049,3.55,10,184.35584807395935
5050,4.449999999999999,4,184.3898730278015
5051,4.449999999999999,4,184.42116856575012
5052,3.6999999999999997,9,184.46356463432312
5053,4.449999999999999,4,184.49865865707397
5054,4.6000000000000005,3,184.5241346359253
5055,4.0,7,184.56186532974243
5056,4.449999999999999,4,184.59538173675537
5057,4.6000000000000005,3,184.62768959999084
5058,4.9,1,184.65844297409058
5059,4.3,5,184.6891646385193
5060,3.4,11,184.73681497573853
5061,-3.4,9,184.77733659744263
5062,4.3,5,184.8110387325287
5063,4.6000000000000005,3,184.83980679512024
5064,4.3,5,184.8719997406006
5065,4.9,1,184.89640974998474
5066,4.75,2,184.9193685054779
5067,-1.75,15,184.9626441001892
5068,4.75,2,184.98704862594604
5069,4.449999999999999,4,185.0160481929779
5070,4.15,6,185.04544520378113
5071,4.75,2,185.07015323638916
5072,4.75,2,185.0969545841217
5073,4.75,2,185.12178015708923
5074,4.3,5,185.15058636665344
5075,4.75,2,185.17664051055908
5076,4.75,2,185.20547008514404
5077,4.449999999999999,4,185.23539519309998
5078,3.85,8,185.26802968978882
5079,4.75,2,185.29100632667542
5080,4.0,7,185.32524156570435
5081,4.3,5,185.3560938835144
5082,-1.75,15,185.398535490036
5083,4.449999999999999,4,185.42820596694946
5084,-1.75,15,185.4782726764679
5085,4.449999999999999,4,185.50421977043152
5086,3.55,10,185.54093074798584
5087,4.6000000000000005,3,185.56845998764038
5088,4.15,6,185.60063481330872
5089,4.15,6,185.6387689113617
5090,4.6000000000000005,3,185.66246461868286
5091,4.3,5,185.68993282318115
5092,3.55,10,185.735773563385
5093,3.55,10,185.92455959320068
5094,4.9,1,185.94933485984802
5095,3.85,8,185.98282742500305
5096,-3.3,7,186.01347184181213
5097,4.449999999999999,4,186.04839181900024
5098,4.9,1,186.06983399391174
5099,4.15,6,186.10415053367615
5100,4.15,6,186.13587474822998
5101,3.6999999999999997,9,186.17381644248962
5102,4.6000000000000005,3,186.20108723640442
5103,4.6000000000000005,3,186.23015689849854
5104,4.449999999999999,4,186.25950407981873
5105,4.449999999999999,4,186.28754925727844
5106,4.6000000000000005,3,186.3182201385498
5107,3.4,11,186.35619258880615
5108,3.85,8,186.39163160324097
5109,4.6000000000000005,3,186.42031383514404
5110,4.6000000000000005,3,186.45041823387146
5111,4.15,6,186.48661756515503
5112,4.15,6,186.51766204833984
5113,4.75,2,186.54039764404297
5114,4.15,6,186.57909059524536
5115,4.75,2,186.60556149482727
5116,4.6000000000000005,3,186.64043354988098
5117,4.6000000000000005,3,186.66977453231812
5118,4.9,1,186.69381189346313
5119,3.85,8,186.72497749328613
5120,3.6999999999999997,9,186.761652469635
5121,3.85,8,186.79534792900085
5122,4.75,2,186.82109236717224
5123,4.6000000000000005,3,186.84959816932678
5124,-1.75,15,186.89745235443115
5125,4.0,7,186.92984628677368
5126,4.6000000000000005,3,186.95723605155945
5127,4.9,1,186.98323488235474
5128,3.85,8,187.0174458026886
5129,3.1,13,187.0557098388672
5130,4.0,7,187.08416509628296
5131,4.15,6,187.11347222328186
5132,4.6000000000000005,3,187.13864588737488
5133,4.15,6,187.17029118537903
5134,4.6000000000000005,3,187.2001872062683
5135,4.15,6,187.23464941978455
5136,-1.75,15,187.28203964233398
5137,4.15,6,187.31072068214417
5138,3.1,13,187.4902548789978
5139,4.3,5,187.52224802970886
5140,4.3,5,187.55150437355042
5141,4.449999999999999,4,187.57950448989868
5142,-3.0,1,187.60656833648682
5143,4.6000000000000005,3,187.63874864578247
5144,4.449999999999999,4,187.6679744720459
5145,4.3,5,187.7043023109436
5146,4.75,2,187.7321126461029
5147,4.75,2,187.75912618637085
5148,4.449999999999999,4,187.79102873802185
5149,3.25,12,187.83329367637634
5150,4.75,2,187.85736179351807
5151,4.3,5,187.89373326301575
5152,4.3,5,187.93650841712952
5153,4.6000000000000005,3,187.97055649757385
5154,4.449999999999999,4,188.0069088935852
5155,4.3,5,188.04221487045288
5156,4.75,2,188.0790445804596
5157,-3.25,6,188.1137034893036
5158,3.6999999999999997,9,188.1627688407898
5159,4.15,6,188.2009768486023
5160,4.6000000000000005,3,188.23215556144714
5161,4.449999999999999,4,188.25976419448853
5162,4.6000000000000005,3,188.28631472587585
5163,3.6999999999999997,9,188.32535243034363
5164,-1.75,15,188.368807554245
5165,3.6999999999999997,9,188.40129399299622
5166,4.3,5,188.43033480644226
5167,4.9,1,188.45463705062866
5168,4.3,5,188.48703169822693
5169,4.6000000000000005,3,188.51593708992004
5170,3.55,10,188.56046152114868
5171,4.0,7,188.59429144859314
5172,4.3,5,188.62815165519714
5173,4.449999999999999,4,188.65743350982666
5174,4.449999999999999,4,188.68659257888794
5175,3.1,13,188.7282416820526
5176,4.15,6,188.7588324546814
5177,4.449999999999999,4,188.78633832931519
5178,4.6000000000000005,3,188.81009650230408
5179,3.4,11,188.85120058059692
5180,4.449999999999999,4,188.87753582000732
5181,4.9,1,188.90353751182556
5182,4.449999999999999,4,188.9339747428894
5183,4.6000000000000005,3,188.96265077590942
5184,3.55,10,188.99739241600037
5185,4.3,5,189.0274887084961
5186,4.3,5,189.06240606307983
5187,4.3,5,189.23775577545166
5188,4.15,6,189.27535462379456
5189,4.75,2,189.29945826530457
5190,3.85,8,189.33726477622986
5191,3.85,8,189.37317609786987
5192,3.85,8,189.41426634788513
5193,3.85,8,189.45322394371033
5194,4.6000000000000005,3,189.49028539657593
5195,4.6000000000000005,3,189.52404046058655
5196,4.15,6,189.56079578399658
5197,3.4,11,189.60501384735107
5198,3.85,8,189.6488959789276
5199,4.449999999999999,4,189.68571281433105
5200,4.75,2,189.71707272529602
5201,3.85,8,189.75074934959412
5202,4.449999999999999,4,189.77659106254578
5203,4.75,2,189.80580925941467
5204,4.15,6,189.83824515342712
5205,4.6000000000000005,3,189.86485505104065
5206,4.449999999999999,4,189.89049005508423
5207,4.449999999999999,4,189.91812348365784
5208,4.15,6,189.94543027877808
5209,4.75,2,189.97232127189636
5210,4.75,2,190.000328540802
5211,4.75,2,190.02316880226135
5212,4.3,5,190.05173778533936
5213,4.75,2,190.07861280441284
5214,4.449999999999999,4,190.10801792144775
5215,4.0,7,190.1390197277069
5216,4.449999999999999,4,190.16819596290588
5217,3.55,10,190.2052562236786
5218,3.4,11,190.2446632385254
5219,4.449999999999999,4,190.27369737625122
5220,-1.75,15,190.31670761108398
5221,4.0,7,190.35474061965942
5222,4.449999999999999,4,190.38418197631836
5223,4.449999999999999,4,190.41554617881775
5224,4.75,2,190.44083738327026
5225,3.25,12,190.4867823123932
5226,4.0,7,190.52424931526184
5227,4.3,5,190.55780029296875
5228,4.3,5,190.58685636520386
5229,4.3,5,190.61489701271057
5230,4.75,2,190.63750624656677
5231,3.4,11,190.67405033111572
5232,4.449999999999999,4,190.70669770240784
5233,4.449999999999999,4,190.73757481575012
5234,4.3,5,190.9233980178833
5235,4.3,5,190.95829510688782
5236,4.9,1,190.98490643501282
5237,4.3,5,191.0157597064972
5238,3.55,10,191.06729078292847
5239,4.6000000000000005,3,191.09630465507507
5240,3.85,8,191.1362965106964
5241,3.6999999999999997,9,191.1814501285553
5242,4.6000000000000005,3,191.21117115020752
5243,4.6000000000000005,3,191.2396538257599
5244,4.75,2,191.26429843902588
5245,3.25,12,191.3082458972931
5246,4.449999999999999,4,191.33767104148865
5247,4.6000000000000005,3,191.3687300682068
5248,4.449999999999999,4,191.39409375190735
5249,4.15,6,191.42917108535767
5250,4.449999999999999,4,191.46080374717712
5251,4.449999999999999,4,191.48830389976501
5252,3.55,10,191.5238516330719
5253,4.449999999999999,4,191.55023336410522
5254,3.25,12,191.58993935585022
5255,3.4,11,191.62918281555176
5256,4.3,5,191.66318726539612
5257,4.15,6,191.6999545097351
5258,4.75,2,191.72281455993652
5259,4.449999999999999,4,191.75332856178284
5260,4.0,7,191.78441643714905
5261,4.0,7,191.81660294532776
5262,4.9,1,191.8408591747284
5263,3.85,8,191.87148785591125
5264,3.55,10,191.9083616733551
5265,4.6000000000000005,3,191.9385950565338
5266,4.0,7,191.96925973892212
5267,4.6000000000000005,3,191.99622058868408
5268,4.6000000000000005,3,192.0219271183014
5269,4.15,6,192.05171656608582
5270,4.15,6,192.08342695236206
5271,4.75,2,192.11888027191162
5272,3.6999999999999997,9,192.15818548202515
5273,4.9,1,192.18156480789185
5274,4.6000000000000005,3,192.20774054527283
5275,4.6000000000000005,3,192.2369349002838
5276,4.75,2,192.26068258285522
5277,4.6000000000000005,3,192.28529620170593
5278,3.25,12,192.32358145713806
5279,4.3,5,192.35261487960815
5280,4.449999999999999,4,192.38414430618286
5281,3.6999999999999997,9,192.5816514492035
5282,4.15,6,192.61703085899353
5283,3.85,8,192.65336871147156
5284,4.75,2,192.68215084075928
5285,4.449999999999999,4,192.70682549476624
5286,4.15,6,192.74371075630188
5287,4.6000000000000005,3,192.77581524848938
5288,4.15,6,192.81410670280457
5289,4.449999999999999,4,192.8512053489685
5290,4.3,5,192.893940448761
5291,4.75,2,192.92107915878296
5292,3.6999999999999997,9,192.9579200744629
5293,-1.75,15,193.01084089279175
5294,4.449999999999999,4,193.04588150978088
5295,4.3,5,193.07459115982056
5296,3.25,12,193.12124943733215
5297,4.75,2,193.14541745185852
5298,4.6000000000000005,3,193.1779465675354
5299,4.0,7,193.21110796928406
5300,4.3,5,193.23874425888062
5301,4.449999999999999,4,193.26567339897156
5302,-1.75,15,193.31081318855286
5303,4.449999999999999,4,193.33790707588196
5304,3.25,12,193.37555837631226
5305,4.15,6,193.40610432624817
5306,4.15,6,193.43746495246887
5307,4.75,2,193.46458339691162
5308,4.9,1,193.48816108703613
5309,4.449999999999999,4,193.51712012290955
5310,4.75,2,193.53657960891724
5311,4.9,1,193.56210088729858
5312,3.55,10,193.60463213920593
5313,4.75,2,193.63136863708496
5314,3.6999999999999997,9,193.66833996772766
5315,4.3,5,193.7016065120697
5316,4.15,6,193.73084926605225
5317,4.15,6,193.75852179527283
5318,4.15,6,193.7904040813446
5319,4.6000000000000005,3,193.81649589538574
5320,4.3,5,193.8481569290161
5321,4.0,7,193.88963341712952
5322,3.6999999999999997,9,193.93788695335388
5323,4.449999999999999,4,193.96637392044067
5324,4.15,6,193.9962034225464
5325,3.55,10,194.0307822227478
5326,3.6999999999999997,9,194.2232539653778
5327,3.4,11,194.2667441368103
5328,4.75,2,194.29937887191772
5329,4.0,7,194.3382420539856
5330,4.449999999999999,4,194.3671269416809
5331,4.3,5,194.4006474018097
5332,3.4,11,194.44811081886292
5333,4.6000000000000005,3,194.4771158695221
5334,4.9,1,194.5009410381317
5335,4.9,1,194.52706861495972
5336,4.449999999999999,4,194.56177711486816
5337,4.6000000000000005,3,194.59817004203796
5338,4.3,5,194.62974882125854
5339,4.449999999999999,4,194.65682077407837
5340,4.6000000000000005,3,194.6937747001648
5341,4.15,6,194.7268509864807
5342,3.85,8,194.7631311416626
5343,4.3,5,194.79196572303772
5344,4.6000000000000005,3,194.8201355934143
5345,4.9,1,194.84707069396973
5346,4.3,5,194.8849971294403
5347,4.6000000000000005,3,194.91223311424255
5348,2.9499999999999997,14,194.95481300354004
5349,4.15,6,194.99013352394104
5350,4.3,5,195.01980638504028
5351,3.85,8,195.0510528087616
5352,4.15,6,195.08303785324097
5353,3.6999999999999997,9,195.1199905872345
5354,4.9,1,195.14204335212708
5355,3.6999999999999997,9,195.1778962612152
5356,3.25,12,195.22004795074463
5357,3.55,10,195.25947999954224
5358,4.449999999999999,4,195.28881359100342
5359,4.6000000000000005,3,195.3148112297058
5360,4.0,7,195.34401297569275
5361,4.6000000000000005,3,195.37392449378967
5362,4.9,1,195.40152740478516
5363,3.6999999999999997,9,195.44174718856812
5364,4.6000000000000005,3,195.46713519096375
5365,4.75,2,195.48876571655273
5366,4.449999999999999,4,195.51633024215698
5367,4.3,5,195.54710793495178
5368,-3.15,4,195.57162594795227
5369,4.3,5,195.59972643852234
5370,4.15,6,195.63556456565857
5371,-3.5,11,195.67422127723694
5372,4.6000000000000005,3,195.70189023017883
5373,3.1,13,195.9128725528717
5374,4.449999999999999,4,195.9392969608307
5375,3.85,8,195.97290539741516
5376,4.3,5,196.00329875946045
5377,4.15,6,196.03116106987
5378,3.85,8,196.06325221061707
5379,3.4,11,196.09901785850525
5380,4.0,7,196.13991713523865
5381,3.6999999999999997,9,196.1801996231079
5382,3.4,11,196.2184760570526
5383,2.9499999999999997,14,196.262690782547
5384,4.449999999999999,4,196.28998470306396
5385,4.6000000000000005,3,196.3212320804596
5386,4.449999999999999,4,196.35035753250122
5387,4.15,6,196.3792290687561
5388,4.0,7,196.4129078388214
5389,4.0,7,196.44442319869995
5390,4.3,5,196.4719262123108
5391,4.75,2,196.4966595172882
5392,3.4,11,196.5341989994049
5393,-1.75,15,196.57502913475037
5394,4.449999999999999,4,196.60594272613525
5395,3.55,10,196.64258456230164
5396,3.6999999999999997,9,196.6776566505432
5397,3.85,8,196.71671748161316
5398,4.0,7,196.75029158592224
5399,4.75,2,196.77408480644226
5400,4.6000000000000005,3,196.80341339111328
5401,4.6000000000000005,3,196.8349530696869
5402,3.4,11,196.88141083717346
5403,4.0,7,196.91660404205322
5404,3.6999999999999997,9,196.9538929462433
5405,4.75,2,196.9773666858673
5406,3.55,10,197.01686143875122
5407,4.6000000000000005,3,197.0443754196167
5408,-1.75,15,197.2556393146515
5409,4.75,2,197.29397535324097
5410,4.6000000000000005,3,197.31895852088928
5411,4.9,1,197.34275150299072
5412,3.25,12,197.3843445777893
5413,4.449999999999999,4,197.41631984710693
5414,4.6000000000000005,3,197.44265723228455
5415,4.9,1,197.46786737442017
5416,3.25,12,197.5142023563385
5417,3.6999999999999997,9,197.5560712814331
5418,3.6999999999999997,9,197.5971817970276
5419,4.0,7,197.63608193397522
5420,4.15,6,197.67070293426514
5421,4.3,5,197.70461201667786
5422,4.0,7,197.73781871795654
5423,4.15,6,197.77182579040527
5424,4.0,7,197.81482076644897
5425,4.15,6,197.8487946987152
5426,4.6000000000000005,3,197.8799033164978
5427,4.75,2,197.90444922447205
5428,4.449999999999999,4,197.93764066696167
5429,4.3,5,197.96984314918518
5430,4.3,5,198.00318002700806
5431,4.3,5,198.03073573112488
5432,4.6000000000000005,3,198.05738878250122
5433,3.1,13,198.09762239456177
5434,4.6000000000000005,3,198.1259949207306
5435,3.85,8,198.16696500778198
5436,4.15,6,198.20074820518494
5437,4.449999999999999,4,198.23332142829895
5438,-1.75,15,198.27921319007874
5439,3.25,12,198.31947994232178
5440,4.6000000000000005,3,198.34610652923584
5441,4.15,6,198.37379240989685
5442,4.6000000000000005,3,198.39903020858765
5443,4.6000000000000005,3,198.42333388328552
5444,4.449999999999999,4,198.45601391792297
5445,2.8,15,198.4976315498352
5446,3.85,8,198.53081059455872
5447,4.0,7,198.56359958648682
5448,4.15,6,198.59629082679749
5449,4.0,7,198.62789154052734
5450,4.6000000000000005,3,198.80001378059387
5451,4.0,7,198.83507704734802
5452,4.3,5,198.86341953277588
5453,3.6999999999999997,9,198.9019112586975
5454,3.4,11,198.94207644462585
5455,4.3,5,198.97660374641418
5456,4.15,6,199.00855422019958
5457,4.15,6,199.0378520488739
5458,4.75,2,199.06807279586792
5459,-1.75,15,199.11253571510315
5460,4.6000000000000005,3,199.14411640167236
5461,4.6000000000000005,3,199.1780149936676
5462,4.3,5,199.20713090896606
5463,4.6000000000000005,3,199.23688650131226
5464,4.0,7,199.28062510490417
5465,-1.75,15,199.32994627952576
5466,4.9,1,199.35513997077942
5467,4.0,7,199.3940622806549
5468,4.15,6,199.42282509803772
5469,3.55,10,199.45946764945984
5470,4.0,7,199.4901967048645
5471,4.6000000000000005,3,199.5191400051117
5472,4.9,1,199.54380536079407
5473,3.55,10,199.58118987083435
5474,4.449999999999999,4,199.60781478881836
5475,4.75,2,199.63674020767212
5476,4.3,5,199.67088866233826
5477,4.0,7,199.70323538780212
5478,4.3,5,199.7337086200714
5479,4.449999999999999,4,199.76637244224548
5480,3.85,8,199.80014276504517
5481,-1.75,15,199.84025311470032
5482,4.0,7,199.87470984458923
5483,4.75,2,199.9002251625061
5484,-1.75,15,199.95296621322632
5485,-1.75,15,200.00697255134583
5486,4.15,6,200.03883385658264
5487,4.6000000000000005,3,200.06512212753296
5488,4.75,2,200.08881092071533
5489,4.6000000000000005,3,200.11654567718506
5490,4.75,2,200.14274549484253
5491,4.449999999999999,4,200.31614518165588
5492,4.3,5,200.3494782447815
5493,3.85,8,200.38749933242798
5494,4.449999999999999,4,200.41866993904114
5495,3.85,8,200.45240259170532
5496,4.3,5,200.4854474067688
5497,3.85,8,200.5202603340149
5498,3.55,10,200.55977845191956
5499,3.25,12,200.60302233695984
5500,4.9,1,200.62864089012146
5501,4.3,5,200.6681764125824
5502,4.3,5,200.69623184204102
5503,4.0,7,200.7280352115631
5504,3.85,8,200.7637598514557
5505,4.449999999999999,4,200.78823566436768
5506,4.449999999999999,4,200.81916069984436
5507,3.55,10,200.8535623550415
5508,4.15,6,200.88268756866455
5509,4.6000000000000005,3,200.90826320648193
5510,4.75,2,200.93152117729187
5511,3.6999999999999997,9,200.96404886245728
5512,4.3,5,200.99237442016602
5513,4.449999999999999,4,201.0205807685852
5514,4.449999999999999,4,201.05315804481506
5515,4.0,7,201.08597111701965
5516,4.0,7,201.12184619903564
5517,3.55,10,201.15861010551453
5518,4.6000000000000005,3,201.19319891929626
5519,4.449999999999999,4,201.22198939323425
5520,4.6000000000000005,3,201.25603556632996
5521,4.0,7,201.30167722702026
5522,4.449999999999999,4,201.3362913131714
5523,3.6999999999999997,9,201.3804054260254
5524,-3.3,7,201.41281938552856
5525,4.15,6,201.4448642730713
5526,3.6999999999999997,9,201.4830367565155
5527,4.3,5,201.5154139995575
5528,4.15,6,201.5452356338501
5529,4.3,5,201.5777461528778
5530,4.0,7,201.6101005077362
5531,4.6000000000000005,3,201.6337513923645
5532,3.4,11,201.6696915626526
5533,4.75,2,201.69496607780457
5534,4.6000000000000005,3,201.86550617218018
5535,-1.75,15,201.91107487678528
5536,-1.75,15,201.95568346977234
5537,4.449999999999999,4,201.98432230949402
5538,4.3,5,202.01213908195496
5539,4.6000000000000005,3,202.04011940956116
5540,3.6999999999999997,9,202.07845759391785
5541,4.0,7,202.11248970031738
5542,4.0,7,202.14493584632874
5543,4.449999999999999,4,202.17498302459717
5544,4.449999999999999,4,202.2069067955017
5545,3.55,10,202.25429773330688
5546,4.3,5,202.28976011276245
5547,-1.75,15,202.3458535671234
5548,4.3,5,202.37774682044983
5549,4.6000000000000005,3,202.40805339813232
5550,3.85,8,202.4466893672943
5551,4.75,2,202.47498989105225
5552,4.449999999999999,4,202.5021255016327
5553,4.3,5,202.53451895713806
5554,4.15,6,202.56496405601501
5555,4.6000000000000005,3,202.5902976989746
5556,-3.45,10,202.62769746780396
5557,4.449999999999999,4,202.65369820594788
5558,3.85,8,202.69079661369324
5559,4.9,1,202.71448183059692
5560,4.0,7,202.74733686447144
5561,3.6999999999999997,9,202.78448176383972
5562,4.3,5,202.81280088424683
5563,-3.35,8,202.84467816352844
5564,3.55,10,202.88177514076233
5565,4.0,7,202.92115354537964
5566,4.6000000000000005,3,202.94665241241455
5567,3.55,10,202.9832055568695
5568,4.75,2,203.0048222541809
5569,3.55,10,203.0402238368988
5570,4.449999999999999,4,203.06780862808228
5571,4.6000000000000005,3,203.09777641296387
5572,-1.75,15,203.14950323104858
5573,4.449999999999999,4,203.32843613624573
5574,4.0,7,203.36557745933533
5575,4.449999999999999,4,203.3945324420929
5576,4.15,6,203.42710208892822
5577,4.449999999999999,4,203.4546983242035
5578,4.75,2,203.48356246948242
5579,4.75,2,203.50971102714539
5580,3.85,8,203.54985308647156
5581,4.3,5,203.58689141273499
5582,3.1,13,203.63771200180054
5583,4.15,6,203.6722013950348
5584,4.6000000000000005,3,203.703027009964
5585,4.3,5,203.74005651474
5586,4.449999999999999,4,203.77312660217285
5587,4.0,7,203.81485652923584
5588,4.75,2,203.8499734401703
5589,4.449999999999999,4,203.88537073135376
5590,4.0,7,203.92452812194824
5591,3.4,11,203.974839925766
5592,4.75,2,204.00052785873413
5593,4.449999999999999,4,204.0302197933197
5594,4.449999999999999,4,204.06213331222534
5595,3.6999999999999997,9,204.10147190093994
5596,4.449999999999999,4,204.1317162513733
5597,-1.75,15,204.18177103996277
5598,4.9,1,204.2056565284729
5599,4.6000000000000005,3,204.23302674293518
5600,4.449999999999999,4,204.2642753124237
5601,4.0,7,204.30184388160706
5602,4.6000000000000005,3,204.3297839164734
5603,4.15,6,204.3598620891571
5604,4.0,7,204.3935465812683
5605,4.15,6,204.4334261417389
5606,-1.75,15,204.48060750961304
5607,3.4,11,204.5184280872345
5608,4.15,6,204.55000805854797
5609,4.75,2,204.57653903961182
5610,4.0,7,204.60967922210693
5611,3.85,8,204.6493365764618
5612,4.449999999999999,4,204.68504571914673
5613,4.9,1,204.7127447128296
5614,3.4,11,204.75487446784973
5615,4.3,5,204.7856948375702
5616,4.9,1,204.80692291259766
5617,4.75,2,204.8350169658661
5618,4.15,6,205.0233507156372
5619,3.6999999999999997,9,205.06090378761292
5620,4.75,2,205.0882670879364
5621,-1.75,15,205.13516688346863
5622,4.75,2,205.16188645362854
5623,4.6000000000000005,3,205.189954996109
5624,4.6000000000000005,3,205.21644282341003
5625,4.0,7,205.25130701065063
5626,4.75,2,205.277241230011
5627,4.0,7,205.31477284431458
5628,4.6000000000000005,3,205.34430527687073
5629,3.6999999999999997,9,205.38426780700684
5630,4.6000000000000005,3,205.4173595905304
5631,4.449999999999999,4,205.45448541641235
5632,4.9,1,205.48087573051453
5633,4.3,5,205.5086693763733
5634,4.449999999999999,4,205.5408318042755
5635,4.3,5,205.57183265686035
5636,4.6000000000000005,3,205.5975043773651
5637,4.75,2,205.6202757358551
5638,4.15,6,205.65077185630798
5639,4.3,5,205.677392244339
5640,4.15,6,205.70777082443237
5641,4.3,5,205.73651480674744
5642,4.75,2,205.7667396068573
5643,4.449999999999999,4,205.79679918289185
5644,-3.15,4,205.82468247413635
5645,4.6000000000000005,3,205.85223269462585
5646,4.449999999999999,4,205.88294959068298
5647,-1.75,15,205.9334261417389
5648,4.9,1,205.9570164680481
5649,4.6000000000000005,3,205.98357009887695
5650,4.15,6,206.01204466819763
5651,4.3,5,206.04373741149902
5652,-1.75,15,206.08778548240662
5653,3.85,8,206.12069416046143
5654,3.85,8,206.15159106254578
5655,4.15,6,206.18609499931335
5656,3.25,12,206.23107481002808
5657,4.0,7,206.26536417007446
5658,4.3,5,206.29497861862183
5659,3.85,8,206.3290638923645
5660,4.6000000000000005,3,206.3544099330902
5661,4.449999999999999,4,206.3847770690918
5662,4.15,6,206.416490316391
5663,4.0,7,206.4504976272583
5664,3.85,8,206.6380844116211
5665,4.75,2,206.66541814804077
5666,4.449999999999999,4,206.69905281066895
5667,4.0,7,206.73321223258972
5668,4.0,7,206.77217984199524
5669,4.6000000000000005,3,206.80600333213806
5670,4.15,6,206.837655544281
5671,4.75,2,206.8667540550232
5672,4.449999999999999,4,206.89906358718872
5673,4.3,5,206.93228030204773
5674,4.75,2,206.9596652984619
5675,4.449999999999999,4,206.98874473571777
5676,4.9,1,207.012761592865
5677,4.9,1,207.03821325302124
5678,4.6000000000000005,3,207.06831765174866
5679,4.75,2,207.09786248207092
5680,4.449999999999999,4,207.13170099258423
5681,4.3,5,207.16606044769287
5682,-1.75,15,207.20818543434143
5683,4.449999999999999,4,207.23494338989258
5684,4.15,6,207.27618789672852
5685,4.6000000000000005,3,207.3088195323944
5686,4.6000000000000005,3,207.33640313148499
5687,4.75,2,207.36401867866516
5688,4.15,6,207.39541864395142
5689,4.449999999999999,4,207.42791891098022
5690,-1.75,15,207.47366094589233
5691,3.4,11,207.5160768032074
5692,3.25,12,207.55263352394104
5693,4.3,5,207.5828094482422
5694,4.0,7,207.61762142181396
5695,4.15,6,207.65014624595642
5696,4.449999999999999,4,207.67630910873413
5697,4.0,7,207.70595121383667
5698,4.15,6,207.73573184013367
5699,4.3,5,207.77171540260315
5700,3.1,13,207.82331109046936
5701,3.85,8,207.86359572410583
5702,4.9,1,207.89257788658142
5703,4.449999999999999,4,207.92788243293762
5704,3.4,11,207.96561479568481
5705,4.3,5,207.99405241012573
5706,3.55,10,208.03076243400574
5707,4.6000000000000005,3,208.05612683296204
5708,4.6000000000000005,3,208.0820436477661
5709,4.449999999999999,4,208.1080448627472
5710,3.4,11,208.32065320014954
5711,-1.75,15,208.36906814575195
5712,3.4,11,208.41025829315186
5713,4.9,1,208.43340373039246
5714,4.0,7,208.46657252311707
5715,4.75,2,208.49088072776794
5716,3.55,10,208.5299084186554
5717,3.55,10,208.56602787971497
5718,3.25,12,208.6065378189087
5719,4.0,7,208.6416506767273
5720,3.55,10,208.6831774711609
5721,3.55,10,208.71960282325745
5722,4.3,5,208.76970529556274
5723,3.25,12,208.83366107940674
5724,4.449999999999999,4,208.86578130722046
5725,4.6000000000000005,3,208.90179777145386
5726,4.6000000000000005,3,208.93170714378357
5727,4.6000000000000005,3,208.95739197731018
5728,3.55,10,208.99658966064453
5729,4.6000000000000005,3,209.02217268943787
5730,4.15,6,209.05551290512085
5731,3.4,11,209.09355354309082
5732,4.3,5,209.12393474578857
5733,3.4,11,209.16307592391968
5734,4.6000000000000005,3,209.18832755088806
5735,4.0,7,209.22238492965698
5736,4.3,5,209.25563979148865
5737,4.3,5,209.28433799743652
5738,4.75,2,209.3087432384491
5739,3.6999999999999997,9,209.34419202804565
5740,3.6999999999999997,9,209.38334202766418
5741,4.15,6,209.41643977165222
5742,4.15,6,209.45505785942078
5743,4.0,7,209.49184393882751
5744,3.6999999999999997,9,209.52591133117676
5745,4.75,2,209.55753087997437
5746,3.85,8,209.5914912223816
5747,4.449999999999999,4,209.62535905838013
5748,3.55,10,209.80427837371826
5749,4.75,2,209.83286833763123
5750,4.0,7,209.87278866767883
5751,4.15,6,209.91104221343994
5752,4.6000000000000005,3,209.93513798713684
5753,3.6999999999999997,9,209.97805523872375
5754,3.6999999999999997,9,210.0156364440918
5755,3.6999999999999997,9,210.05037331581116
5756,4.0,7,210.08329129219055
5757,4.6000000000000005,3,210.11002612113953
5758,4.0,7,210.14671325683594
5759,4.3,5,210.17484068870544
5760,4.15,6,210.20996165275574
5761,4.449999999999999,4,210.23776292800903
5762,3.55,10,210.27658700942993
5763,4.449999999999999,4,210.3149380683899
5764,4.3,5,210.348726272583
5765,4.6000000000000005,3,210.38218998908997
5766,4.3,5,210.4172191619873
5767,3.55,10,210.45001244544983
5768,4.75,2,210.47636818885803
5769,-1.75,15,210.5246238708496
5770,4.3,5,210.5532603263855
5771,4.449999999999999,4,210.58390998840332
5772,-1.75,15,210.6242437362671
5773,4.3,5,210.6533555984497
5774,4.449999999999999,4,210.6832492351532
5775,4.6000000000000005,3,210.71497893333435
5776,4.15,6,210.74819707870483
5777,3.6999999999999997,9,210.78190732002258
5778,4.3,5,210.81752753257751
5779,4.75,2,210.84959721565247
5780,4.75,2,210.87530326843262
5781,3.4,11,210.91291642189026
5782,3.25,12,210.94954562187195
5783,4.15,6,210.9811463356018
5784,3.85,8,211.01820302009583
5785,4.6000000000000005,3,211.0467483997345
5786,4.75,2,211.07460474967957
5787,3.25,12,211.1153049468994
5788,4.75,2,211.1439425945282
5789,4.6000000000000005,3,211.3191900253296
5790,4.449999999999999,4,211.34744429588318
5791,4.3,5,211.3763358592987
5792,4.6000000000000005,3,211.4032850265503
5793,3.55,10,211.44333815574646
5794,3.6999999999999997,9,211.4795982837677
5795,4.449999999999999,4,211.50802612304688
5796,4.3,5,211.53967261314392
5797,4.6000000000000005,3,211.57507395744324
5798,4.449999999999999,4,211.6071333885193
5799,4.449999999999999,4,211.63554406166077
5800,4.0,7,211.67541933059692
5801,3.25,12,211.72594714164734
5802,4.6000000000000005,3,211.75485134124756
5803,4.449999999999999,4,211.78615283966064
5804,4.75,2,211.81746172904968
5805,4.75,2,211.8478343486786
5806,4.15,6,211.88394451141357
5807,-1.75,15,211.93186259269714
5808,4.6000000000000005,3,211.96091556549072
5809,4.9,1,211.9850115776062
5810,4.15,6,212.02019810676575
5811,4.9,1,212.0471911430359
5812,4.9,1,212.06874012947083
5813,4.449999999999999,4,212.0968050956726
5814,4.3,5,212.12613558769226
5815,4.0,7,212.1614851951599
5816,4.6000000000000005,3,212.18814206123352
5817,4.75,2,212.2137463092804
5818,3.1,13,212.25664639472961
5819,-1.75,15,212.30457496643066
5820,4.0,7,212.336030960083
5821,3.1,13,212.37819457054138
5822,4.75,2,212.4024622440338
5823,-1.75,15,212.44692301750183
5824,3.6999999999999997,9,212.48453617095947
5825,3.55,10,212.5199007987976
5826,4.6000000000000005,3,212.5452892780304
5827,4.449999999999999,4,212.57319378852844
5828,3.1,13,212.6130383014679
5829,3.6999999999999997,9,212.6468997001648
5830,4.9,1,212.6703541278839
5831,4.0,7,212.85089254379272
5832,4.449999999999999,4,212.88009881973267
5833,3.55,10,212.91664505004883
5834,4.15,6,212.94713473320007
5835,3.25,12,212.98883533477783
5836,4.0,7,213.02311849594116
5837,4.75,2,213.0455002784729
5838,-1.75,15,213.08933210372925
5839,4.6000000000000005,3,213.11490154266357
5840,4.75,2,213.14608716964722
5841,4.75,2,213.16974306106567
5842,4.449999999999999,4,213.20930933952332
5843,4.3,5,213.24457573890686
5844,4.6000000000000005,3,213.2723367214203
5845,4.449999999999999,4,213.30235171318054
5846,-1.75,15,213.34904074668884
5847,4.9,1,213.3779911994934
5848,4.449999999999999,4,213.41099381446838
5849,4.0,7,213.44710040092468
5850,4.15,6,213.48441791534424
5851,3.1,13,213.5353922843933
5852,4.75,2,213.56087970733643
5853,4.9,1,213.5845057964325
5854,4.0,7,213.61743640899658
5855,4.15,6,213.64652371406555
5856,4.6000000000000005,3,213.6716742515564
5857,3.85,8,213.70954275131226
5858,3.85,8,213.7466380596161
5859,3.6999999999999997,9,213.78311014175415
5860,4.75,2,213.8072271347046
5861,4.75,2,213.83249688148499
5862,4.75,2,213.86390805244446
5863,4.3,5,213.8923156261444
5864,4.6000000000000005,3,213.91899394989014
5865,4.15,6,213.94768691062927
5866,4.15,6,213.9787380695343
5867,4.6000000000000005,3,214.00388073921204
5868,4.449999999999999,4,214.03123950958252
5869,4.75,2,214.05678296089172
5870,3.4,11,214.09673070907593
5871,4.6000000000000005,3,214.12778306007385
5872,4.15,6,214.16362881660461
5873,-1.75,15,214.2085988521576
5874,3.55,10,214.24483132362366
5875,4.15,6,214.4316623210907
5876,4.0,7,214.46633768081665
5877,3.85,8,214.50227093696594
5878,-3.1,3,214.53457140922546
5879,4.75,2,214.56932520866394
5880,4.15,6,214.61035108566284
5881,4.6000000000000005,3,214.64472198486328
5882,4.3,5,214.6813027858734
5883,4.6000000000000005,3,214.71468567848206
5884,4.0,7,214.75380659103394
5885,4.9,1,214.7803909778595
5886,4.0,7,214.8204185962677
5887,3.55,10,214.86225581169128
5888,4.0,7,214.89843487739563
5889,4.0,7,214.93569374084473
5890,4.6000000000000005,3,214.96283602714539
5891,4.3,5,214.99124836921692
5892,3.85,8,215.0281319618225
5893,4.75,2,215.0532751083374
5894,4.3,5,215.0829882621765
5895,4.3,5,215.11574983596802
5896,4.449999999999999,4,215.14400792121887
5897,4.0,7,215.17730379104614
5898,4.75,2,215.2026286125183
5899,4.75,2,215.23132705688477
5900,4.0,7,215.26271677017212
5901,4.3,5,215.29493618011475
5902,4.0,7,215.32945775985718
5903,-1.75,15,215.37587428092957
5904,4.9,1,215.4043197631836
5905,4.449999999999999,4,215.43412923812866
5906,-1.75,15,215.47927618026733
5907,4.6000000000000005,3,215.5103714466095
5908,3.85,8,215.5455300807953
5909,4.449999999999999,4,215.57534909248352
5910,3.55,10,215.61745858192444
5911,4.75,2,215.64375114440918
5912,4.449999999999999,4,215.67107725143433
5913,4.3,5,215.7029345035553
5914,4.3,5,215.72978687286377
5915,4.75,2,215.7551784515381
5916,3.85,8,215.7890601158142
5917,4.15,6,215.82657146453857
5918,4.6000000000000005,3,215.85636067390442
5919,4.6000000000000005,3,215.88395237922668
5920,4.6000000000000005,3,215.91125679016113
5921,4.75,2,215.9366090297699
5922,4.3,5,215.96537709236145
5923,4.449999999999999,4,215.99141001701355
5924,4.75,2,216.01969075202942
5925,4.3,5,216.19066882133484
5926,4.6000000000000005,3,216.21945071220398
5927,4.9,1,216.24309492111206
5928,4.449999999999999,4,216.27482533454895
5929,4.0,7,216.31136393547058
5930,-3.35,8,216.34946060180664
5931,4.449999999999999,4,216.377299785614
5932,-3.4,9,216.41480207443237
5933,4.15,6,216.4523057937622
5934,4.15,6,216.49150586128235
5935,4.3,5,216.53073525428772
5936,4.3,5,216.5633738040924
5937,4.449999999999999,4,216.5923171043396
5938,3.85,8,216.62955379486084
5939,3.6999999999999997,9,216.66577696800232
5940,4.6000000000000005,3,216.69174909591675
5941,4.15,6,216.72715735435486
5942,3.85,8,216.76252961158752
5943,4.75,2,216.78455305099487
5944,4.0,7,216.82195734977722
5945,4.6000000000000005,3,216.85587668418884
5946,3.6999999999999997,9,216.89401865005493
5947,4.9,1,216.9182367324829
5948,4.75,2,216.94583463668823
5949,4.449999999999999,4,216.97455859184265
5950,4.15,6,217.0036118030548
5951,4.3,5,217.03304982185364
5952,4.449999999999999,4,217.06075263023376
5953,4.15,6,217.09141159057617
5954,4.9,1,217.12147688865662
5955,3.85,8,217.1554582118988
5956,4.6000000000000005,3,217.18052983283997
5957,4.75,2,217.20590138435364
5958,3.85,8,217.23876810073853
5959,4.75,2,217.26521730422974
5960,4.449999999999999,4,217.2915322780609
5961,4.0,7,217.32311344146729
5962,4.6000000000000005,3,217.34835052490234
5963,4.3,5,217.37857174873352
5964,4.6000000000000005,3,217.40153408050537
5965,4.3,5,217.43231844902039
5966,4.3,5,217.46171069145203
5967,3.85,8,217.5042119026184
5968,4.449999999999999,4,217.5428729057312
5969,3.6999999999999997,9,217.57708501815796
5970,-3.45,10,217.61220788955688
5971,4.75,2,217.64181923866272
5972,-1.75,15,217.68346691131592
5973,3.6999999999999997,9,217.91170239448547
5974,3.4,11,217.95828437805176
5975,4.15,6,217.9998073577881
5976,4.6000000000000005,3,218.026859998703
5977,4.6000000000000005,3,218.05193042755127
5978,4.75,2,218.08148789405823
5979,3.85,8,218.11698508262634
5980,4.9,1,218.14143657684326
5981,3.6999999999999997,9,218.17914009094238
5982,4.0,7,218.21284890174866
5983,3.6999999999999997,9,218.24868845939636
5984,4.9,1,218.27096819877625
5985,4.0,7,218.30718660354614
5986,4.15,6,218.34215354919434
5987,3.55,10,218.37988352775574
5988,-1.75,15,218.42638659477234
5989,4.6000000000000005,3,218.4537045955658
5990,4.15,6,218.48272037506104
5991,4.0,7,218.5197994709015
5992,4.75,2,218.54998183250427
5993,4.75,2,218.57202005386353
5994,4.75,2,218.5983772277832
5995,4.9,1,218.6229076385498
5996,4.0,7,218.6585795879364
5997,4.3,5,218.68944811820984
5998,3.4,11,218.72667860984802
5999,4.3,5,218.75598335266113
6000,4.6000000000000005,3,218.78675079345703
6001,4.15,6,218.82110381126404
6002,4.75,2,218.8493926525116
6003,4.3,5,218.88304948806763
6004,4.0,7,218.92419290542603
6005,4.449999999999999,4,218.95531630516052
6006,4.0,7,218.98688101768494
6007,-3.35,8,219.02026057243347
6008,4.6000000000000005,3,219.05015778541565
6009,4.15,6,219.0818738937378
6010,4.75,2,219.1084702014923
6011,-1.75,15,219.16090297698975
6012,4.6000000000000005,3,219.1910581588745
6013,4.449999999999999,4,219.2194995880127
6014,4.0,7,219.24976682662964
6015,3.4,11,219.28782296180725
6016,4.6000000000000005,3,219.31501245498657
