#{"t_start": 1787938823.7381094, "env_id": "None"}
r,l,t
-3.0,1,0.039567
-3.0,1,0.065395
-3.0,1,0.089328
-3.4,9,0.130105
-3.2,5,0.157372
2.95,14,0.208988
4.6,3,0.238657
-3.0,1,0.26582
-3.05,2,0.297403
4.45,4,0.327391
3.55,10,0.367613
-3.1,3,0.394772
-3.2,5,0.428411
-3.1,3,0.462924
-3.0,1,0.486455
-3.05,2,0.513966
-3.35,8,0.552083
-3.3,7,0.591925
-3.0,1,0.613516
-3.1,3,0.638061
-1.75,15,0.691449
4.75,2,0.71908
3.1,13,0.764613
-3.15,4,0.793308
4.3,5,0.821195
-3.4,9,0.855309
-3.0,1,0.883136
-3.15,4,0.913774
4.0,7,0.95219
-3.05,2,0.976038
4.6,3,0.999919
4.0,7,1.04193
-3.0,1,1.067404
-3.0,1,1.092281
-3.0,1,1.119835
-3.25,6,1.153255
-3.15,4,1.18194
-3.2,5,1.212484
-3.2,5,1.248171
-3.0,1,1.275134
-3.15,4,1.305423
4.15,6,1.339204
-3.05,2,1.364683
4.0,7,1.395365
2.95,14,1.437253
-3.4,9,1.469634
-3.2,5,1.498802
-3.05,2,1.523086
3.85,8,1.555248
-3.0,1,1.57856
-3.1,3,1.605931
-3.15,4,1.63165
-3.05,2,1.655006
-3.05,2,1.679342
-3.1,3,1.703678
4.15,6,1.894565
-3.0,1,1.922786
-3.2,5,1.954278
-3.15,4,1.980988
4.75,2,2.006608
-3.0,1,2.030921
3.25,12,2.075973
-3.35,8,2.114655
4.6,3,2.150846
4.75,2,2.173177
-3.3,7,2.212222
4.6,3,2.249706
-3.5,11,2.301442
4.9,1,2.328238
-3.4,9,2.366281
-3.05,2,2.390709
-3.1,3,2.41783
-3.15,4,2.448078
-3.0,1,2.471208
-3.45,10,2.512073
-3.0,1,2.536802
-3.0,1,2.561252
-3.05,2,2.584041
-3.05,2,2.605749
3.4,11,2.648115
4.6,3,2.672778
-3.1,3,2.700949
-3.35,8,2.732314
-3.4,9,2.769136
-3.1,3,2.793232
4.9,1,2.818928
-3.6,13,2.858739
4.45,4,2.88714
-3.25,6,2.919106
4.6,3,2.943027
-3.15,4,2.970009
-3.3,7,3.001666
-3.25,6,3.030917
4.75,2,3.061058
-3.05,2,3.089235
-1.75,15,3.134313
-3.15,4,3.162724
4.3,5,3.191965
-3.0,1,3.218039
4.0,7,3.247669
-3.15,4,3.276715
-3.05,2,3.30244
-3.35,8,3.340162
-3.45,10,3.386384
-3.0,1,3.418382
4.6,3,3.450964
-3.05,2,3.478205
-3.05,2,3.50272
-3.0,1,3.532911
-3.25,6,3.570042
-3.1,3,3.599648
-3.0,1,3.780696
4.6,3,3.805842
-3.35,8,3.846552
3.85,8,3.883818
-3.1,3,3.914403
-3.1,3,3.940542
-3.1,3,3.969163
-3.0,1,3.993561
4.6,3,4.024137
-3.15,4,4.052376
-3.1,3,4.078053
-1.75,15,4.126225
-3.05,2,4.153411
3.7,9,4.193602
-3.0,1,4.218885
-3.0,1,4.24017
-3.5,11,4.281704
-3.3,7,4.312389
-3.2,5,4.341029
-3.2,5,4.378687
-3.0,1,4.409492
-3.1,3,4.435319
4.6,3,4.46276
-3.35,8,4.496166
-3.3,7,4.525683
-3.25,6,4.554402
-3.05,2,4.580053
-3.0,1,4.604831
-3.05,2,4.632088
4.3,5,4.664437
-3.45,10,4.701478
-3.0,1,4.727196
-3.15,4,4.754359
-3.0,1,4.780059
-3.0,1,4.801931
3.7,9,4.836221
-3.05,2,4.862756
-3.1,3,4.887867
-3.05,2,4.913272
-3.0,1,4.938405
-3.3,7,4.97007
-3.05,2,4.997249
4.75,2,5.022695
-1.75,15,5.067563
-3.0,1,5.096266
-3.5,11,5.136779
4.3,5,5.166711
-3.0,1,5.186524
4.15,6,5.220273
-3.35,8,5.255414
-3.0,1,5.282498
-3.1,3,5.309692
-3.2,5,5.340186
-3.05,2,5.367295
-3.4,9,5.412097
-3.15,4,5.440841
4.9,1,5.466631
-3.05,2,5.490595
-3.0,1,5.515562
-3.0,1,5.539249
-3.1,3,5.739723
4.45,4,5.776739
-3.35,8,5.81796
-3.0,1,5.845383
4.75,2,5.875619
-3.2,5,5.914554
-3.0,1,5.939413
4.6,3,5.967994
-3.05,2,5.990375
-3.0,1,6.01914
4.15,6,6.049983
-3.1,3,6.074906
-3.15,4,6.101569
-3.25,6,6.133139
-3.15,4,6.163265
-3.0,1,6.188696
-3.4,9,6.230931
-3.05,2,6.255804
-3.15,4,6.283126
-3.0,1,6.310417
-3.05,2,6.3378
-3.0,1,6.364224
4.0,7,6.402967
-3.05,2,6.427571
-3.0,1,6.453483
-3.1,3,6.485469
-3.05,2,6.516262
-3.0,1,6.54183
-3.0,1,6.567092
4.6,3,6.596196
-3.1,3,6.620843
4.6,3,6.654542
-3.05,2,6.684475
-3.0,1,6.714788
4.0,7,6.759278
-3.0,1,6.784969
-3.15,4,6.818983
-3.05,2,6.845294
-3.15,4,6.872123
-3.25,6,6.903216
4.0,7,6.940542
-3.2,5,6.971852
4.45,4,7.024198
-3.05,2,7.0716
-3.0,1,7.108318
-3.05,2,7.136328
-3.0,1,7.163884
-3.25,6,7.206557
-3.1,3,7.23414
4.75,2,7.260745
-3.0,1,7.287509
4.45,4,7.316069
-3.0,1,7.33577
3.4,11,7.382251
-3.0,1,7.404854
-3.15,4,7.434711
4.75,2,7.462837
4.9,1,7.485981
4.75,2,7.508761
-3.0,1,7.531097
-1.75,15,7.572215
-3.0,1,7.597009
-3.2,5,7.636204
-1.75,15,7.679843
4.3,5,7.707487
-3.0,1,7.736261
-3.0,1,7.760848
-3.25,6,7.792815
-3.25,6,7.821341
-3.1,3,7.846922
-3.05,2,7.869219
-1.75,15,8.065543
-3.2,5,8.098678
4.75,2,8.124781
4.0,7,8.166644
4.0,7,8.205366
-3.25,6,8.238729
4.45,4,8.272036
-3.05,2,8.298768
-3.15,4,8.32605
4.6,3,8.354813
-3.1,3,8.379821
-3.0,1,8.402774
3.85,8,8.443396
-3.0,1,8.471459
4.6,3,8.501316
-3.0,1,8.527699
3.85,8,8.56033
2.95,14,8.604598
-3.3,7,8.640687
3.7,9,8.681565
-3.0,1,8.705324
3.4,11,8.740644
-3.1,3,8.766591
-3.15,4,8.792076
-3.6,13,8.835405
-3.05,2,8.862064
-3.7,15,8.90907
3.85,8,8.951668
-3.1,3,8.980716
-3.05,2,9.011216
-3.15,4,9.046233
-3.25,6,9.080374
4.9,1,9.102917
4.15,6,9.138373
-3.35,8,9.176338
-3.15,4,9.203797
-3.05,2,9.22702
-3.05,2,9.250694
-3.1,3,9.27542
-3.05,2,9.303996
-3.05,2,9.331125
-3.3,7,9.36029
-3.15,4,9.390636
3.4,11,9.433809
-3.05,2,9.459826
-3.05,2,9.485256
-3.25,6,9.517678
-3.15,4,9.543379
-3.5,11,9.580307
-3.1,3,9.607625
4.75,2,9.636621
3.85,8,9.850059
-3.1,3,9.880644
-3.25,6,9.915671
-3.05,2,9.938232
-3.05,2,9.965927
3.4,11,10.004248
4.75,2,10.029926
-3.6,13,10.08084
-3.05,2,10.105422
4.6,3,10.136001
-1.75,15,10.185574
4.6,3,10.214157
-3.0,1,10.237946
-3.05,2,10.266793
-3.1,3,10.298603
4.6,3,10.326602
4.3,5,10.355883
-3.0,1,10.378204
4.15,6,10.408611
-3.35,8,10.446885
-3.0,1,10.474573
3.4,11,10.525912
-3.65,14,10.57013
4.3,5,10.602301
4.15,6,10.634355
-1.75,15,10.68314
3.55,10,10.72133
-3.1,3,10.746709
-3.3,7,10.777434
-3.15,4,10.805715
-3.0,1,10.828363
-3.05,2,10.851951
-3.0,1,10.874992
-3.15,4,10.905575
-3.1,3,10.932305
-3.25,6,10.968258
-3.35,8,11.001369
-3.45,10,11.037276
4.6,3,11.065661
-3.35,8,11.104662
-3.0,1,11.131653
-3.0,1,11.153367
-3.25,6,11.184494
-1.75,15,11.231908
-3.3,7,11.264551
-3.15,4,11.289457
-3.05,2,11.318204
-3.15,4,11.514408
-3.05,2,11.540092
-3.3,7,11.574875
-3.35,8,11.60616
-3.05,2,11.632902
-3.25,6,11.661397
-3.2,5,11.693148
4.15,6,11.730685
4.6,3,11.756349
3.25,12,11.7963
-3.05,2,11.821002
-3.25,6,11.852112
-1.75,15,11.897739
-3.15,4,11.924203
4.45,4,11.956039
-3.05,2,11.982989
-3.0,1,12.004097
4.75,2,12.032556
-3.2,5,12.063641
-3.45,10,12.098441
-3.05,2,12.121315
-3.1,3,12.146696
4.45,4,12.173702
3.7,9,12.211782
-3.2,5,12.238031
-3.2,5,12.276709
-3.35,8,12.313899
-3.5,11,12.356057
-3.05,2,12.382458
-3.15,4,12.412807
4.6,3,12.437632
-3.05,2,12.461704
-3.0,1,12.485943
-3.15,4,12.514594
-3.2,5,12.54636
4.3,5,12.578657
4.45,4,12.613379
-3.05,2,12.637186
-3.15,4,12.665509
-3.1,3,12.691091
-3.45,10,12.729917
3.4,11,12.772202
-3.15,4,12.812352
-3.3,7,12.852016
-3.45,10,12.892507
-3.05,2,12.918323
-3.2,5,12.949447
-3.2,5,12.982615
-3.0,1,13.011983
-3.3,7,13.043835
-3.05,2,13.069352
-3.05,2,13.250017
-3.0,1,13.283346
-3.0,1,13.304156
-3.65,14,13.352693
-3.7,15,13.398596
-3.2,5,13.42899
3.55,10,13.465715
-3.0,1,13.493371
-3.05,2,13.516711
3.55,10,13.556675
4.9,1,13.579222
-3.05,2,13.604016
-3.0,1,13.627214
-3.2,5,13.66293
3.4,11,13.701462
3.1,13,13.743885
-3.1,3,13.779607
-3.25,6,13.811912
-3.3,7,13.843215
-3.7,15,13.890183
4.6,3,13.919504
-3.0,1,13.943626
-3.05,2,13.96711
3.1,13,14.011037
-1.75,15,14.054666
-3.15,4,14.085236
4.45,4,14.112479
-3.05,2,14.135571
-3.3,7,14.165555
-3.5,11,14.20656
-1.75,15,14.2497
3.85,8,14.288283
-3.0,1,14.315346
3.25,12,14.352413
-3.1,3,14.380587
-3.05,2,14.40522
4.0,7,14.438449
-3.15,4,14.469277
4.15,6,14.501719
-3.0,1,14.526011
-3.05,2,14.549401
-3.45,10,14.749115
-1.75,15,14.799001
4.6,3,14.823434
4.15,6,14.857852
4.75,2,14.889838
3.4,11,14.935874
-3.6,13,14.976032
-3.7,15,15.019852
-3.35,8,15.051304
-3.4,9,15.086622
-1.75,15,15.133876
3.25,12,15.181155
4.45,4,15.219391
-3.35,8,15.254966
4.0,7,15.287069
4.45,4,15.31683
-3.35,8,15.354359
-3.3,7,15.385933
-3.55,12,15.428087
4.3,5,15.455315
3.25,12,15.495739
-3.6,13,15.536944
-3.5,11,15.579372
2.8,15,15.627799
3.85,8,15.668352
-3.3,7,15.706384
4.3,5,15.738489
-3.15,4,15.767869
3.85,8,15.80188
-3.05,2,15.825699
-3.1,3,15.854683
3.85,8,16.045587
-3.05,2,16.076088
-3.1,3,16.107013
-3.1,3,16.13769
2.8,15,16.186163
4.15,6,16.215948
-3.15,4,16.244237
-1.75,15,16.289386
-3.1,3,16.317237
4.0,7,16.354854
-3.05,2,16.382742
-3.55,12,16.424146
4.3,5,16.454161
-1.75,15,16.500432
-3.0,1,16.521925
3.85,8,16.553655
-3.25,6,16.583537
3.85,8,16.615856
-3.1,3,16.641077
-3.0,1,16.663188
4.0,7,16.695295
-3.35,8,16.727649
3.25,12,16.769022
-3.45,10,16.814814
4.6,3,16.839272
4.0,7,16.879762
-3.7,15,16.930881
-1.75,15,16.975803
3.7,9,17.011823
-3.2,5,17.037393
4.3,5,17.069206
4.15,6,17.105077
-3.0,1,17.135242
3.55,10,17.170073
-3.25,6,17.19992
4.45,4,17.231385
3.1,13,17.412077
-1.75,15,17.454933
-3.05,2,17.478489
-3.35,8,17.517627
-3.05,2,17.542001
-3.05,2,17.570428
-3.2,5,17.602238
-3.55,12,17.652871
-3.55,12,17.69547
4.15,6,17.73049
-3.1,3,17.760251
4.0,7,17.799913
-3.35,8,17.835864
4.3,5,17.86778
-3.35,8,17.901654
3.4,11,17.943724
-3.35,8,17.982459
3.7,9,18.024724
4.0,7,18.055798
-3.6,13,18.106797
-3.5,11,18.149951
-3.3,7,18.179924
-3.05,2,18.20159
3.4,11,18.242939
4.3,5,18.268791
-1.75,15,18.320116
-3.4,9,18.360343
-1.75,15,18.405743
4.45,4,18.436333
4.15,6,18.465956
-3.45,10,18.502819
-3.4,9,18.533376
-3.5,11,18.701169
-3.65,14,18.74631
3.85,8,18.781645
4.0,7,18.818841
4.3,5,18.848899
-3.15,4,18.877699
-3.5,11,18.914789
-3.05,2,18.940962
-3.15,4,18.975007
4.75,2,19.001628
-3.0,1,19.02437
4.15,6,19.059099
-3.0,1,19.0819
-3.05,2,19.105463
-3.0,1,19.141006
-3.65,14,19.190786
-3.05,2,19.218124
-3.6,13,19.266768
3.7,9,19.307936
4.3,5,19.338822
-3.05,2,19.369817
-3.15,4,19.398927
-3.3,7,19.432685
4.45,4,19.465879
-3.6,13,19.516853
3.7,9,19.560629
-3.5,11,19.600021
-3.0,1,19.621032
4.45,4,19.648697
-3.25,6,19.678473
4.15,6,19.708122
-3.35,8,19.740653
-3.0,1,19.765252
-3.25,6,19.797591
-3.3,7,19.831467
-3.05,2,19.861622
-3.1,3,19.885329
-3.0,1,19.912318
-3.15,4,19.938523
-1.75,15,19.983029
-3.4,9,20.018337
4.15,6,20.049173
-3.6,13,20.235975
3.1,13,20.278076
-3.25,6,20.310153
4.0,7,20.350185
-3.55,12,20.399298
-3.0,1,20.419931
-3.25,6,20.449347
-3.55,12,20.48752
-3.65,14,20.532176
-3.35,8,20.565976
-3.35,8,20.599214
-3.15,4,20.629533
4.0,7,20.662607
4.3,5,20.694217
3.4,11,20.732144
-3.55,12,20.776708
-3.1,3,20.804454
4.15,6,20.842126
-3.45,10,20.880018
-3.3,7,20.915077
4.9,1,20.941278
-3.25,6,20.975025
-3.0,1,21.003445
-3.3,7,21.038675
3.55,10,21.077981
-3.1,3,21.109691
-3.25,6,21.145598
-3.1,3,21.173712
-3.3,7,21.207323
-3.3,7,21.240594
-3.45,10,21.277807
-3.05,2,21.304711
3.4,11,21.345877
3.7,9,21.385504
4.3,5,21.415994
-3.05,2,21.439591
3.7,9,21.473785
4.45,4,21.6422
-3.05,2,21.667939
-3.2,5,21.696759
-3.0,1,21.716824
4.15,6,21.745183
4.0,7,21.778676
4.0,7,21.81348
4.45,4,21.840757
4.9,1,21.863596
3.85,8,21.899574
-3.0,1,21.924528
-3.6,13,21.974102
-3.15,4,22.0042
-3.25,6,22.046937
-3.3,7,22.080138
-3.2,5,22.109062
-3.1,3,22.136382
-3.0,1,22.162186
-3.35,8,22.199132
-3.0,1,22.227078
-3.1,3,22.251714
-3.25,6,22.288823
-3.25,6,22.334619
-3.25,6,22.368927
-3.1,3,22.399154
4.45,4,22.432007
4.3,5,22.468964
4.0,7,22.506515
3.4,11,22.555555
-3.1,3,22.583379
3.85,8,22.618543
-3.05,2,22.644274
3.4,11,22.692052
4.0,7,22.735423
-3.45,10,22.777571
-3.0,1,22.800638
3.85,8,22.833965
-3.4,9,22.868018
4.3,5,22.897476
-1.75,15,22.94418
4.6,3,22.975672
-3.25,6,23.006313
4.75,2,23.033742
-3.15,4,23.059688
-3.0,1,23.081902
-3.55,12,23.122777
-3.2,5,23.151013
4.0,7,23.332637
-3.35,8,23.366387
3.85,8,23.401573
4.15,6,23.432562
-3.0,1,23.455987
-3.1,3,23.481981
-3.05,2,23.509916
3.7,9,23.547925
4.15,6,23.57602
3.7,9,23.608689
-3.05,2,23.630172
-3.25,6,23.658127
-3.15,4,23.682889
-3.45,10,23.723954
-3.45,10,23.763087
-3.05,2,23.787132
-3.4,9,23.827728
-3.1,3,23.859234
4.0,7,23.896512
3.7,9,23.931797
3.85,8,23.968178
4.6,3,23.998994
4.15,6,24.03107
-3.15,4,24.06004
-3.25,6,24.09737
4.15,6,24.135453
4.0,7,24.167877
-3.55,12,24.209713
-3.65,14,24.257988
-3.6,13,24.301435
-3.15,4,24.33499
-3.25,6,24.36817
3.55,10,24.410379
-3.05,2,24.434415
4.3,5,24.461993
-3.4,9,24.495314
-3.05,2,24.519446
-3.2,5,24.551745
-3.05,2,24.583514
4.6,3,24.612265
-3.1,3,24.642256
4.45,4,24.681471
-3.6,13,24.874571
-3.4,9,24.909162
-3.05,2,24.934653
-3.35,8,24.967561
4.3,5,24.997333
4.15,6,25.029208
3.25,12,25.069
4.15,6,25.103891
-3.15,4,25.137092
-3.4,9,25.170579
-3.3,7,25.20418
4.6,3,25.228025
-3.25,6,25.259566
3.1,13,25.297769
3.4,11,25.340796
-3.0,1,25.366712
4.6,3,25.395132
-3.6,13,25.436613
-3.35,8,25.468226
-3.3,7,25.50436
-3.1,3,25.526918
-3.05,2,25.552721
-3.2,5,25.582046
-3.2,5,25.613132
3.55,10,25.653376
-3.15,4,25.686668
-3.2,5,25.722026
3.55,10,25.76344
-3.15,4,25.797449
3.4,11,25.850888
4.15,6,25.893039
4.6,3,25.920145
3.7,9,25.961706
4.3,5,25.994299
4.45,4,26.022263
4.45,4,26.05075
-3.55,12,26.092741
-3.15,4,26.129824
4.45,4,26.160376
-3.25,6,26.328351
4.6,3,26.354142
-3.1,3,26.382994
-3.15,4,26.410259
4.15,6,26.442573
3.85,8,26.482767
4.3,5,26.514602
3.7,9,26.553629
-3.25,6,26.58752
-3.0,1,26.611351
-3.2,5,26.637321
4.3,5,26.670063
-3.25,6,26.701894
-3.2,5,26.729842
4.6,3,26.754969
-3.3,7,26.788459
-3.25,6,26.817996
4.15,6,26.851258
4.75,2,26.876782
4.6,3,26.900989
3.85,8,26.935436
-3.2,5,26.966587
-3.35,8,27.01213
-3.15,4,27.047341
-3.3,7,27.091026
-3.2,5,27.13006
-3.35,8,27.166666
-3.4,9,27.205335
4.3,5,27.240224
-3.3,7,27.276601
4.15,6,27.308295
4.6,3,27.334898
3.7,9,27.372747
4.0,7,27.409258
-3.0,1,27.433939
-3.1,3,27.461798
3.85,8,27.497739
-3.25,6,27.522922
-3.05,2,27.546625
-3.05,2,27.568379
3.55,10,27.605343
4.45,4,27.635352
4.15,6,27.666096
4.45,4,27.694723
-3.5,11,27.72998
3.4,11,27.76632
-3.15,4,27.934678
4.45,4,27.962965
4.3,5,27.995354
-3.05,2,28.016387
-3.0,1,28.043113
4.15,6,28.075145
-3.15,4,28.104616
4.0,7,28.138602
-3.15,4,28.166832
4.15,6,28.202031
-3.05,2,28.228692
-3.0,1,28.250879
4.6,3,28.276533
-3.2,5,28.303788
4.15,6,28.332649
4.15,6,28.363694
4.15,6,28.395421
-3.0,1,28.418785
3.55,10,28.454997
4.15,6,28.486089
-3.2,5,28.516234
-3.45,10,28.55597
-3.1,3,28.583574
-3.55,12,28.623039
3.4,11,28.662381
4.0,7,28.695961
4.3,5,28.727745
-3.15,4,28.756849
-3.5,11,28.801203
3.85,8,28.844145
-3.45,10,28.878891
-3.1,3,28.905932
-3.25,6,28.942684
-3.25,6,28.9748
4.0,7,29.017675
4.0,7,29.061087
4.0,7,29.098796
-3.2,5,29.1326
4.3,5,29.167242
4.45,4,29.196553
-3.0,1,29.221585
4.45,4,29.25286
4.6,3,29.277986
-3.0,1,29.300446
-3.05,2,29.324218
-3.15,4,29.355568
4.3,5,29.389549
-3.1,3,29.417921
4.6,3,29.450482
4.6,3,29.477321
4.45,4,29.64805
-3.3,7,29.677553
3.55,10,29.714174
-3.1,3,29.742799
4.3,5,29.771855
4.6,3,29.799795
-3.0,1,29.821248
4.6,3,29.848341
3.85,8,29.881316
-3.15,4,29.909705
-3.3,7,29.944395
-3.3,7,29.977828
-3.15,4,30.005517
-3.3,7,30.039306
-3.15,4,30.06943
3.25,12,30.120084
3.7,9,30.159902
-3.35,8,30.19508
3.55,10,30.235785
-3.2,5,30.267565
-3.35,8,30.303972
3.85,8,30.341104
-3.15,4,30.372846
-3.05,2,30.399142
3.7,9,30.438164
4.15,6,30.469052
4.6,3,30.497326
-3.35,8,30.53162
-3.1,3,30.555757
-3.15,4,30.583612
4.15,6,30.623558
-3.25,6,30.65183
-3.3,7,30.687831
-3.2,5,30.717072
3.7,9,30.748838
-3.15,4,30.77636
3.85,8,30.811158
-3.0,1,30.833951
3.7,9,30.869026
3.7,9,30.907887
-3.15,4,30.933838
-3.2,5,30.963215
4.0,7,30.994483
-3.15,4,31.185029
-3.25,6,31.222606
4.0,7,31.25556
4.3,5,31.286336
-3.15,4,31.314875
3.55,10,31.34816
-3.4,9,31.385394
-3.2,5,31.41227
-3.4,9,31.444832
4.3,5,31.478904
3.1,13,31.516747
-3.45,10,31.552816
-3.3,7,31.583709
-3.3,7,31.614878
3.7,9,31.653813
4.45,4,31.685392
3.25,12,31.73343
-3.15,4,31.76792
4.6,3,31.799778
4.3,5,31.840329
4.9,1,31.864024
4.15,6,31.899394
4.0,7,31.93388
-3.0,1,31.956918
-3.4,9,31.994998
3.85,8,32.032135
4.6,3,32.059977
-3.5,11,32.098204
3.7,9,32.133839
-3.4,9,32.168467
4.15,6,32.200069
3.85,8,32.233459
-3.4,9,32.273242
3.7,9,32.311184
-3.3,7,32.343564
4.0,7,32.380264
-3.45,10,32.418899
4.45,4,32.594934
3.55,10,32.635109
-3.0,1,32.661667
3.55,10,32.701399
4.6,3,32.72591
-3.5,11,32.769607
3.55,10,32.809423
-3.1,3,32.836695
-3.4,9,32.869872
-3.25,6,32.903457
4.9,1,32.928013
-3.35,8,32.960619
-3.1,3,32.986543
-3.1,3,33.011631
-3.45,10,33.04511
3.7,9,33.079352
-3.2,5,33.108145
-3.0,1,33.130051
-3.25,6,33.162222
4.0,7,33.19716
-3.05,2,33.221365
-3.1,3,33.249069
-3.1,3,33.275652
3.7,9,33.31179
3.7,9,33.346937
-3.1,3,33.379281
-3.1,3,33.408234
-3.1,3,33.435034
-3.0,1,33.46134
-3.5,11,33.500815
-3.4,9,33.535272
-3.35,8,33.567792
-3.0,1,33.593511
3.85,8,33.629747
-3.35,8,33.661814
-3.5,11,33.703128
4.6,3,33.730377
4.0,7,33.764558
4.6,3,33.792472
4.75,2,33.814458
-3.4,9,33.856733
-3.15,4,33.885051
-3.2,5,33.920853
-3.35,8,33.954499
4.45,4,34.126843
-3.3,7,34.16093
4.15,6,34.196034
-3.55,12,34.23975
4.15,6,34.271377
-3.0,1,34.295021
4.0,7,34.327994
-3.0,1,34.351082
-3.7,15,34.397747
4.0,7,34.431228
4.0,7,34.463361
-3.3,7,34.495444
-3.2,5,34.522395
4.45,4,34.55784
-3.5,11,34.60726
-3.0,1,34.63345
-3.0,1,34.661144
3.25,12,34.697648
4.15,6,34.731415
-3.3,7,34.763328
-3.35,8,34.801137
4.45,4,34.831464
3.55,10,34.876993
4.15,6,34.911336
3.55,10,34.960835
3.85,8,35.003809
-3.1,3,35.033635
3.85,8,35.070654
-3.2,5,35.100462
-3.1,3,35.128165
-3.2,5,35.16139
4.3,5,35.187322
-3.2,5,35.21626
3.7,9,35.25035
-3.45,10,35.28596
-3.0,1,35.311461
3.85,8,35.343359
4.3,5,35.374965
3.85,8,35.414557
3.85,8,35.452974
-3.35,8,35.628788
-3.45,10,35.670691
4.45,4,35.699109
-3.1,3,35.728053
3.7,9,35.764219
-3.1,3,35.79828
4.0,7,35.8351
-3.4,9,35.877495
-3.2,5,35.907249
-3.35,8,35.941377
-3.1,3,35.967761
-3.3,7,36.010036
4.45,4,36.039289
-3.65,14,36.088723
4.3,5,36.121549
4.0,7,36.152608
-3.0,1,36.175678
3.85,8,36.2105
4.3,5,36.238901
4.15,6,36.268842
-3.4,9,36.314813
4.15,6,36.353591
4.75,2,36.384668
-3.05,2,36.415309
4.15,6,36.454463
-3.3,7,36.501005
4.15,6,36.541375
-3.2,5,36.571383
-3.3,7,36.609373
4.15,6,36.641405
3.7,9,36.682031
-3.4,9,36.721469
4.15,6,36.759554
3.7,9,36.799659
-3.25,6,36.840486
-3.2,5,36.872607
-3.35,8,36.910771
3.55,10,36.947123
-3.15,4,36.974974
-3.05,2,37.000612
-3.45,10,37.189158
-3.3,7,37.221382
-3.3,7,37.250321
-3.05,2,37.278675
-3.45,10,37.313159
-3.3,7,37.345633
-3.15,4,37.380255
-3.4,9,37.418414
-3.4,9,37.462891
4.15,6,37.496658
-3.15,4,37.532792
-3.45,10,37.582847
4.3,5,37.61713
3.7,9,37.656675
-3.05,2,37.680345
-3.5,11,37.71714
-3.0,1,37.740734
4.15,6,37.770783
-3.3,7,37.810278
-3.1,3,37.838714
4.6,3,37.865438
-3.15,4,37.900951
-3.05,2,37.927406
-3.15,4,37.952681
-3.2,5,37.984865
-3.4,9,38.025877
-3.05,2,38.053017
-3.4,9,38.095927
-3.15,4,38.123108
-3.45,10,38.160391
3.7,9,38.205555
-3.0,1,38.230541
4.0,7,38.269095
4.6,3,38.300632
-3.45,10,38.346865
3.7,9,38.385036
4.15,6,38.425763
-3.25,6,38.459795
-3.2,5,38.490618
4.0,7,38.52588
-3.5,11,38.568695
4.6,3,38.596012
-3.0,1,38.618638
-3.1,3,38.642847
3.85,8,38.813909
4.15,6,38.852705
4.0,7,38.891062
-3.45,10,38.933184
4.75,2,38.958621
4.3,5,38.986345
4.15,6,39.020053
4.0,7,39.053175
-3.25,6,39.089929
4.45,4,39.128011
-3.45,10,39.172053
-3.35,8,39.208808
3.55,10,39.259878
-3.15,4,39.291157
3.85,8,39.335692
-3.3,7,39.370753
-3.1,3,39.397102
-3.05,2,39.420919
-3.5,11,39.457514
-3.15,4,39.485879
4.15,6,39.515958
3.7,9,39.557039
4.45,4,39.594815
-3.2,5,39.634315
3.85,8,39.676822
-3.2,5,39.716086
3.85,8,39.756791
-3.4,9,39.795374
4.3,5,39.825348
-3.3,7,39.860399
-3.35,8,39.899715
4.15,6,39.932388
3.55,10,39.973412
-3.2,5,40.004096
3.85,8,40.040429
-3.15,4,40.067338
4.6,3,40.093664
3.7,9,40.133259
-3.45,10,40.174841
-3.05,2,40.204318
-3.15,4,40.379983
-3.35,8,40.418626
3.4,11,40.456356
-3.4,9,40.489983
4.45,4,40.516418
3.7,9,40.551801
4.15,6,40.582182
4.0,7,40.619226
-3.05,2,40.642689
4.15,6,40.674203
-3.1,3,40.698851
-3.25,6,40.732578
4.45,4,40.76243
-3.05,2,40.790012
4.45,4,40.821782
-3.15,4,40.851328
-3.25,6,40.885086
-3.35,8,40.916863
-3.3,7,40.947846
-3.25,6,40.980203
-3.3,7,41.014535
3.85,8,41.04637
3.55,10,41.087024
3.25,12,41.133084
-3.1,3,41.158873
4.15,6,41.193514
-3.4,9,41.242404
-3.25,6,41.278662
-3.25,6,41.322544
-3.35,8,41.357186
4.0,7,41.390875
-3.2,5,41.428298
-3.25,6,41.460015
4.15,6,41.490487
-3.15,4,41.520132
-3.2,5,41.551768
4.15,6,41.585282
4.15,6,41.617625
4.6,3,41.648931
-3.1,3,41.678848
-3.25,6,41.710645
4.3,5,41.742926
-3.6,13,41.941401
4.15,6,41.972601
4.15,6,42.00147
-3.25,6,42.030704
4.45,4,42.060257
3.4,11,42.105508
-3.35,8,42.145292
-3.3,7,42.176552
4.15,6,42.205793
4.0,7,42.239428
4.45,4,42.267836
-3.05,2,42.297489
-3.1,3,42.322835
-3.35,8,42.362443
-3.2,5,42.394195
-3.25,6,42.424309
-3.2,5,42.451638
3.7,9,42.48596
-3.15,4,42.512879
4.45,4,42.541216
-3.4,9,42.578847
3.4,11,42.6226
-3.35,8,42.662912
3.4,11,42.709696
4.45,4,42.737698
3.7,9,42.780496
4.6,3,42.809452
-3.35,8,42.845278
-3.6,13,42.894106
-3.5,11,42.932228
3.4,11,42.973377
-3.25,6,43.009351
-3.05,2,43.037129
4.3,5,43.069634
-3.15,4,43.10157
3.85,8,43.140135
-3.35,8,43.175797
-3.15,4,43.201405
-3.35,8,43.388463
-3.4,9,43.427254
-3.5,11,43.467745
3.55,10,43.502791
-3.15,4,43.5284
4.0,7,43.563742
-3.4,9,43.602144
3.55,10,43.640595
4.75,2,43.667059
3.7,9,43.702173
4.0,7,43.736341
-3.2,5,43.765382
-3.15,4,43.7932
-3.3,7,43.826111
-3.1,3,43.84997
-3.3,7,43.885268
3.4,11,43.92536
-3.2,5,43.958637
4.3,5,43.987069
-3.1,3,44.012881
4.75,2,44.038716
4.0,7,44.068307
-3.25,6,44.099004
4.45,4,44.125627
-3.1,3,44.149776
3.7,9,44.188445
4.15,6,44.224011
-3.45,10,44.262245
4.15,6,44.29779
4.15,6,44.329777
4.15,6,44.3636
4.45,4,44.396203
4.3,5,44.429488
-3.1,3,44.458959
-3.2,5,44.489715
-3.1,3,44.512916
4.15,6,44.547049
4.0,7,44.579367
-3.3,7,44.612438
-3.2,5,44.643131
-3.35,8,44.677518
4.75,2,44.704953
-3.35,8,44.88799
-3.15,4,44.913272
-3.15,4,44.939687
4.0,7,44.970669
4.15,6,44.997752
3.7,9,45.028081
3.25,12,45.067034
-3.0,1,45.092065
-3.25,6,45.128903
4.3,5,45.1606
-3.0,1,45.18369
-3.55,12,45.22283
4.45,4,45.249423
3.55,10,45.289432
-3.05,2,45.31374
-3.2,5,45.343577
4.45,4,45.368162
3.85,8,45.403586
4.15,6,45.433316
3.4,11,45.472068
-3.2,5,45.500765
-3.1,3,45.524426
3.7,9,45.564311
4.0,7,45.605105
4.0,7,45.644912
4.0,7,45.679892
4.6,3,45.709839
4.45,4,45.749523
4.3,5,45.789011
-3.25,6,45.829572
-3.3,7,45.867198
-3.15,4,45.899711
-3.05,2,45.933391
-3.5,11,45.99159
-3.2,5,46.030942
-3.45,10,46.078965
4.0,7,46.116447
4.3,5,46.15162
4.0,7,46.19208
-3.1,3,46.226572
-3.35,8,46.261606
-3.3,7,46.470284
-3.05,2,46.493205
-3.05,2,46.517421
-3.2,5,46.546206
-3.4,9,46.581573
-3.05,2,46.609208
4.15,6,46.643058
-3.3,7,46.678707
4.6,3,46.70752
3.1,13,46.75619
4.3,5,46.788154
4.15,6,46.822394
-3.5,11,46.860807
4.15,6,46.893601
4.3,5,46.926796
-3.45,10,46.965198
-3.2,5,46.9979
-3.0,1,47.028222
4.0,7,47.058889
-3.35,8,47.089326
-3.05,2,47.115099
-3.15,4,47.152067
-3.25,6,47.186181
4.6,3,47.212872
4.9,1,47.238111
4.0,7,47.273331
-3.1,3,47.302349
4.0,7,47.335347
3.7,9,47.372163
-3.15,4,47.404326
-3.1,3,47.428295
3.55,10,47.465929
-3.05,2,47.491127
4.15,6,47.521384
3.4,11,47.560777
-3.15,4,47.597359
3.7,9,47.633117
-3.4,9,47.670541
4.45,4,47.699146
4.15,6,47.73546
4.0,7,47.773221
4.9,1,47.797912
4.15,6,47.831128
-3.5,11,47.877765
-3.25,6,47.90934
-3.1,3,48.076395
-3.55,12,48.112161
4.0,7,48.148419
4.45,4,48.18395
-3.1,3,48.210389
4.3,5,48.240815
-3.15,4,48.269562
-3.1,3,48.297491
-3.05,2,48.326383
-3.25,6,48.362236
-3.5,11,48.401934
4.0,7,48.436877
-3.5,11,48.477056
-3.2,5,48.505754
-3.4,9,48.538969
-3.35,8,48.568563
4.15,6,48.599265
4.0,7,48.630918
-3.2,5,48.661263
-3.0,1,48.681881
-3.2,5,48.713463
4.3,5,48.745536
4.15,6,48.775474
-3.25,6,48.807336
4.0,7,48.842353
4.15,6,48.877706
-3.1,3,48.906507
4.6,3,48.933158
4.0,7,48.973577
4.0,7,49.009662
3.4,11,49.05566
3.85,8,49.092228
4.45,4,49.119378
-3.3,7,49.161008
4.3,5,49.194744
4.6,3,49.225967
-3.2,5,49.261333
-3.1,3,49.292428
-3.3,7,49.327816
4.3,5,49.365752
4.0,7,49.410131
4.15,6,49.447478
3.7,9,49.484694
-3.3,7,49.659662
-3.35,8,49.692965
4.0,7,49.724006
-3.05,2,49.74755
-3.4,9,49.786051
-3.65,14,49.827459
3.85,8,49.865197
-3.35,8,49.902728
-3.35,8,49.933743
3.7,9,49.972513
4.45,4,49.99876
-3.2,5,50.029265
-3.0,1,50.055468
4.45,4,50.087312
-3.15,4,50.113081
4.45,4,50.140244
4.15,6,50.172943
4.6,3,50.203645
3.7,9,50.24638
3.7,9,50.287991
3.85,8,50.323961
-3.2,5,50.355325
4.45,4,50.382059
-3.15,4,50.410848
4.45,4,50.441037
-3.35,8,50.472629
-3.25,6,50.501182
-3.15,4,50.526728
-3.1,3,50.553447
3.4,11,50.595004
4.45,4,50.625345
4.15,6,50.663569
-3.45,10,50.70469
-3.3,7,50.744203
4.45,4,50.781348
-3.15,4,50.809857
4.0,7,50.848151
4.15,6,50.882022
-3.3,7,50.917726
-3.1,3,50.946046
-3.1,3,50.974162
3.85,8,51.0103
-3.35,8,51.202566
-3.3,7,51.236258
-3.15,4,51.263762
4.6,3,51.288128
-3.2,5,51.316889
4.45,4,51.346431
4.0,7,51.382003
4.0,7,51.417876
-3.05,2,51.442934
-3.15,4,51.472129
4.3,5,51.506008
4.15,6,51.538383
-3.2,5,51.568223
4.45,4,51.594858
4.6,3,51.620374
-3.05,2,51.646387
-3.1,3,51.676087
4.15,6,51.711684
-3.1,3,51.734472
-3.35,8,51.772087
4.6,3,51.800545
-3.4,9,51.837624
4.0,7,51.876208
4.0,7,51.91582
-3.1,3,51.944442
4.45,4,51.970873
3.55,10,52.00664
-3.2,5,52.035381
3.85,8,52.071849
4.3,5,52.102387
-3.25,6,52.139445
-3.3,7,52.176569
-3.15,4,52.20505
-3.25,6,52.235194
3.4,11,52.274179
-3.3,7,52.313397
3.85,8,52.352701
4.15,6,52.385793
3.7,9,52.42523
4.15,6,52.461046
-3.1,3,52.488367
-3.35,8,52.525895
4.6,3,52.555052
-3.25,6,52.589148
-3.0,1,52.613244
-3.45,10,52.653251
4.15,6,52.859951
-3.15,4,52.895134
4.3,5,52.922869
-3.25,6,52.953624
3.85,8,52.99122
-3.3,7,53.028162
-3.5,11,53.074404
4.45,4,53.108077
4.45,4,53.140169
4.15,6,53.166844
-3.15,4,53.19653
4.15,6,53.229723
-3.05,2,53.258123
-3.1,3,53.282995
-3.3,7,53.31601
3.85,8,53.34865
4.0,7,53.38255
4.0,7,53.412198
-3.05,2,53.433652
4.3,5,53.464311
-3.05,2,53.491146
-3.1,3,53.514915
-3.3,7,53.548851
4.0,7,53.580918
-3.1,3,53.602881
3.7,9,53.637811
-3.4,9,53.670852
4.15,6,53.709843
-3.2,5,53.742833
-3.15,4,53.771528
4.6,3,53.798333
-3.4,9,53.836964
-3.35,8,53.872837
-3.05,2,53.906547
4.15,6,53.943169
3.55,10,53.989191
4.15,6,54.024386
4.3,5,54.058586
-3.3,7,54.096593
-3.15,4,54.129842
-3.05,2,54.163897
-3.35,8,54.205723
4.6,3,54.237875
-3.1,3,54.266522
-3.45,10,54.309266
3.85,8,54.482813
4.0,7,54.515356
4.15,6,54.543999
-3.15,4,54.570319
-3.2,5,54.59454
4.6,3,54.617797
4.15,6,54.648103
4.6,3,54.678473
4.3,5,54.708132
3.85,8,54.741475
-3.0,1,54.76445
-3.3,7,54.796068
-3.25,6,54.827438
4.6,3,54.849542
4.6,3,54.888092
4.15,6,54.924417
-3.0,1,54.946318
4.6,3,54.974901
-3.2,5,55.005004
-3.55,12,55.042177
4.0,7,55.078627
-3.1,3,55.114393
3.7,9,55.151147
-3.1,3,55.177452
4.3,5,55.205533
-3.2,5,55.232263
3.55,10,55.273695
4.6,3,55.304221
4.3,5,55.337641
-3.45,10,55.382331
4.0,7,55.42168
3.85,8,55.463735
-3.25,6,55.506577
-3.2,5,55.540339
4.6,3,55.569042
4.3,5,55.597992
-3.2,5,55.633447
-3.35,8,55.668317
4.3,5,55.695225
4.0,7,55.73249
4.75,2,55.760786
-3.45,10,55.808131
4.6,3,55.840872
-3.3,7,55.878733
-3.6,13,55.926305
-3.1,3,55.955278
4.15,6,56.154891
3.85,8,56.188909
4.0,7,56.222856
-3.55,12,56.264079
-3.05,2,56.286368
-3.35,8,56.316905
-3.05,2,56.343019
-3.1,3,56.366979
-3.2,5,56.399768
-3.25,6,56.431834
4.45,4,56.457968
4.3,5,56.484071
-3.2,5,56.513953
-3.05,2,56.542516
-3.7,15,56.585778
3.7,9,56.618453
4.3,5,56.644151
-3.2,5,56.672569
-3.15,4,56.698183
4.6,3,56.723542
3.85,8,56.756798
4.15,6,56.784069
4.3,5,56.813382
-3.1,3,56.840841
3.4,11,56.882221
-3.1,3,56.909198
4.3,5,56.941959
4.0,7,56.977928
-3.15,4,57.006003
-3.4,9,57.046125
4.0,7,57.087968
-3.3,7,57.121225
-3.15,4,57.152808
-3.05,2,57.180794
-3.05,2,57.207511
4.0,7,57.243968
-3.1,3,57.276244
-3.35,8,57.314008
3.55,10,57.356131
-3.1,3,57.38384
-3.25,6,57.415525
-3.25,6,57.446915
-3.2,5,57.474072
4.45,4,57.498781
4.0,7,57.534554
-3.2,5,57.704554
-3.25,6,57.741371
-3.05,2,57.774812
3.25,12,57.822299
-3.05,2,57.848218
-3.2,5,57.879263
-3.45,10,57.921805
-3.25,6,57.956505
-3.1,3,57.984854
-3.25,6,58.013916
-3.1,3,58.041558
-3.25,6,58.072441
-3.1,3,58.098138
4.45,4,58.128104
-3.3,7,58.16149
4.15,6,58.195088
-3.5,11,58.238436
-3.15,4,58.266065
-3.1,3,58.293832
3.85,8,58.327888
4.3,5,58.36181
4.45,4,58.391463
-3.15,4,58.428276
4.0,7,58.464251
-3.25,6,58.498135
4.3,5,58.52722
4.15,6,58.565901
-3.35,8,58.605745
4.9,1,58.629901
-3.35,8,58.664459
4.15,6,58.699982
-3.45,10,58.749227
4.3,5,58.777803
4.15,6,58.812638
3.85,8,58.850215
-3.4,9,58.887831
3.85,8,58.930221
-3.05,2,58.954771
-3.2,5,58.980567
-3.1,3,59.009258
4.3,5,59.039157
-3.25,6,59.068475
-3.05,2,59.093099
-3.3,7,59.126254
3.7,9,59.327098
3.4,11,59.36837
-3.25,6,59.400505
4.0,7,59.430921
-3.3,7,59.464314
-3.1,3,59.489417
4.3,5,59.517181
-3.15,4,59.543857
-3.1,3,59.569379
-3.35,8,59.599001
4.6,3,59.627315
4.15,6,59.661645
4.45,4,59.690943
4.0,7,59.724529
3.85,8,59.757905
4.9,1,59.780398
3.7,9,59.813899
3.55,10,59.848622
-3.3,7,59.880683
-3.15,4,59.910558
-3.05,2,59.934168
-3.3,7,59.967282
-3.1,3,59.996962
-3.35,8,60.032116
4.15,6,60.064015
-3.05,2,60.09167
3.55,10,60.133547
-3.25,6,60.167655
-3.4,9,60.212194
-3.2,5,60.249914
4.3,5,60.283726
4.3,5,60.317426
-3.5,11,60.365074
-3.7,15,60.413003
4.15,6,60.447277
4.0,7,60.481793
-3.0,1,60.514114
-3.15,4,60.540228
-3.3,7,60.572251
4.6,3,60.596103
4.0,7,60.627022
-3.15,4,60.653441
3.25,12,60.83461
-3.1,3,60.859935
-3.45,10,60.895308
3.55,10,60.939122
4.15,6,60.970358
-3.3,7,61.002296
4.3,5,61.033167
-3.15,4,61.062167
-3.4,9,61.094144
-3.25,6,61.129333
4.3,5,61.160691
4.15,6,61.189347
-3.6,13,61.231262
-3.2,5,61.257094
-3.0,1,61.27883
-3.45,10,61.322716
3.25,12,61.369449
3.85,8,61.409195
3.85,8,61.44095
-3.2,5,61.46808
-3.2,5,61.497537
3.55,10,61.542161
4.45,4,61.570782
4.15,6,61.602937
3.55,10,61.643337
4.15,6,61.67906
-3.25,6,61.713458
-3.2,5,61.743093
-3.0,1,61.765481
-3.1,3,61.791951
-3.35,8,61.828178
-3.15,4,61.858345
-3.35,8,61.895571
3.55,10,61.932301
-3.05,2,61.957627
4.0,7,61.991557
3.85,8,62.024879
3.85,8,62.059715
-3.2,5,62.092887
3.4,11,62.279261
-3.3,7,62.311926
4.3,5,62.340631
4.45,4,62.368679
-3.15,4,62.398998
4.0,7,62.433022
-3.25,6,62.463231
3.55,10,62.501691
4.0,7,62.544086
4.0,7,62.58561
4.6,3,62.613645
4.15,6,62.648158
-3.4,9,62.687326
-3.3,7,62.719606
-3.45,10,62.758553
4.6,3,62.78415
-3.5,11,62.828623
3.85,8,62.861712
-3.2,5,62.892805
-3.35,8,62.932734
4.3,5,62.969796
4.15,6,63.000393
-3.15,4,63.027475
4.45,4,63.053257
-3.1,3,63.082708
4.45,4,63.112821
4.0,7,63.14661
-3.3,7,63.178626
-3.4,9,63.214152
-3.3,7,63.249037
4.45,4,63.287486
-3.1,3,63.318696
4.6,3,63.347751
-3.15,4,63.37934
-3.4,9,63.413772
-3.5,11,63.464076
-3.1,3,63.489427
3.85,8,63.524375
-3.5,11,63.561492
4.3,5,63.591708
-3.25,6,63.773994
3.4,11,63.810256
3.7,9,63.845777
4.45,4,63.870621
-3.15,4,63.898419
4.15,6,63.928295
4.45,4,63.957174
-3.65,14,63.995649
4.6,3,64.022491
3.85,8,64.057627
-3.1,3,64.083493
3.85,8,64.11883
-3.3,7,64.155095
4.45,4,64.183718
-3.1,3,64.211001
-3.3,7,64.246309
4.0,7,64.2807
-3.55,12,64.318526
4.6,3,64.344075
-3.2,5,64.373547
-3.15,4,64.400337
-3.15,4,64.42718
-3.0,1,64.456339
4.0,7,64.497443
-3.15,4,64.52478
-3.65,14,64.570882
-3.15,4,64.601964
4.45,4,64.626823
-3.15,4,64.657568
-3.1,3,64.682462
4.45,4,64.711945
4.3,5,64.74558
-3.05,2,64.772062
-3.3,7,64.813448
-3.0,1,64.844206
-3.25,6,64.880875
-3.3,7,64.922881
-3.15,4,64.957068
-3.0,1,64.984395
-3.15,4,65.015372
-3.35,8,65.056211
3.4,11,65.097929
-3.2,5,65.131211
3.7,9,65.170201
-3.3,7,65.208426
-3.1,3,65.235682
-3.2,5,65.411309
-3.15,4,65.4458
4.75,2,65.469737
4.3,5,65.499707
-3.2,5,65.525707
4.45,4,65.559171
-3.5,11,65.596114
-3.15,4,65.623381
4.0,7,65.66019
4.3,5,65.687973
-3.1,3,65.712094
4.45,4,65.739803
-3.5,11,65.782499
-3.5,11,65.837313
-3.2,5,65.869528
-3.55,12,65.909579
3.55,10,65.949976
4.45,4,65.979621
4.45,4,66.010427
3.7,9,66.050462
-3.1,3,66.07756
3.85,8,66.113143
4.45,4,66.147112
-3.4,9,66.191386
4.3,5,66.225153
-3.55,12,66.269091
-3.1,3,66.297547
4.3,5,66.326667
3.7,9,66.369925
3.7,9,66.411446
-3.35,8,66.456753
4.15,6,66.489537
-3.15,4,66.519764
-3.1,3,66.547159
4.0,7,66.577511
3.7,9,66.617496
-3.25,6,66.649805
4.3,5,66.680139
4.45,4,66.714448
-3.35,8,66.751188
3.85,8,66.939234
-3.0,1,66.969656
3.85,8,67.006962
-3.5,11,67.045299
3.85,8,67.079751
-3.3,7,67.11734
4.0,7,67.153547
4.3,5,67.181062
-3.65,14,67.229706
4.75,2,67.259782
-3.15,4,67.286205
-3.25,6,67.319161
-3.4,9,67.353839
-3.05,2,67.378302
4.3,5,67.404405
-3.2,5,67.433308
4.0,7,67.465146
4.0,7,67.498402
-3.4,9,67.535393
4.45,4,67.562845
-3.1,3,67.588117
4.3,5,67.614939
4.3,5,67.642834
4.0,7,67.676629
-3.4,9,67.718387
-3.25,6,67.753465
3.85,8,67.789165
-3.55,12,67.829375
-3.3,7,67.867169
-3.15,4,67.898471
-3.2,5,67.931804
-3.1,3,67.968379
3.7,9,68.007076
-3.45,10,68.04391
-3.3,7,68.083755
4.75,2,68.118142
4.3,5,68.155072
-3.45,10,68.207244
-3.2,5,68.243187
-3.35,8,68.277662
-3.45,10,68.463311
3.85,8,68.498052
-3.3,7,68.530718
3.85,8,68.566402
-3.1,3,68.598194
4.3,5,68.627982
-3.4,9,68.665716
4.0,7,68.701999
4.45,4,68.727488
-3.25,6,68.758453
4.45,4,68.786877
-3.0,1,68.807697
4.15,6,68.839927
-3.35,8,68.873541
4.6,3,68.898336
3.85,8,68.929697
4.6,3,68.956625
4.75,2,68.978834
4.45,4,69.006938
4.6,3,69.032644
3.55,10,69.068832
-3.25,6,69.096424
4.3,5,69.127671
-3.0,1,69.157844
4.6,3,69.189103
4.3,5,69.225044
4.15,6,69.262897
-3.1,3,69.29099
-3.4,9,69.329489
4.9,1,69.357407
-3.15,4,69.389027
4.6,3,69.418114
-3.15,4,69.44857
-3.3,7,69.490402
-3.35,8,69.528481
-3.25,6,69.567308
3.55,10,69.621427
4.3,5,69.652779
4.45,4,69.687182
-3.3,7,69.725516
-3.1,3,69.753464
4.45,4,69.779308
-3.15,4,69.808217
-3.25,6,69.848219
-3.3,7,69.879914
-3.25,6,69.912174
4.3,5,69.943743
4.15,6,69.977822
-3.1,3,70.152316
3.7,9,70.187815
4.75,2,70.212294
-3.2,5,70.246782
4.0,7,70.27611
-3.2,5,70.303371
-3.25,6,70.335563
3.4,11,70.376113
-3.25,6,70.408657
4.45,4,70.438423
-3.0,1,70.457575
-3.1,3,70.485107
3.7,9,70.518008
-3.2,5,70.545144
-3.2,5,70.569911
4.15,6,70.601728
4.45,4,70.629511
4.6,3,70.657347
-3.55,12,70.693024
3.7,9,70.728884
-3.1,3,70.754573
4.3,5,70.785347
4.45,4,70.814106
-3.35,8,70.848089
-3.3,7,70.884368
3.7,9,70.919808
4.0,7,70.949365
-3.15,4,70.978065
4.15,6,71.008791
-3.4,9,71.047255
4.45,4,71.074552
-3.2,5,71.105012
4.45,4,71.138071
-3.3,7,71.176147
4.45,4,71.20643
-3.45,10,71.249391
-3.1,3,71.278134
-3.2,5,71.308318
-3.15,4,71.341769
4.3,5,71.374871
4.15,6,71.409948
-3.05,2,71.439999
-3.3,7,71.471497
4.45,4,71.498941
-3.1,3,71.521939
3.85,8,71.69681
4.15,6,71.728521
4.45,4,71.759369
4.3,5,71.793811
3.85,8,71.829718
3.7,9,71.869655
-3.15,4,71.897477
-3.3,7,71.931352
4.0,7,71.971233
4.45,4,71.999161
-3.3,7,72.033986
4.0,7,72.069159
4.45,4,72.098269
4.0,7,72.137712
-3.1,3,72.168917
4.3,5,72.20101
-3.25,6,72.232609
4.3,5,72.26052
3.7,9,72.302826
4.15,6,72.335098
-3.7,15,72.383883
4.45,4,72.410167
4.0,7,72.443318
-3.1,3,72.469605
4.3,5,72.500463
4.45,4,72.530252
-3.4,9,72.578439
3.85,8,72.624118
4.45,4,72.657943
-3.4,9,72.702058
4.45,4,72.731815
-3.05,2,72.76291
3.7,9,72.802638
4.0,7,72.842682
4.3,5,72.879802
3.55,10,72.916474
4.45,4,72.946964
4.15,6,72.976653
4.15,6,73.007969
-3.3,7,73.043885
4.0,7,73.077649
4.0,7,73.259531
-3.35,8,73.294742
4.0,7,73.326175
4.45,4,73.357504
-3.25,6,73.38876
-3.3,7,73.418377
4.0,7,73.448497
-3.25,6,73.484836
4.3,5,73.514411
-3.45,10,73.555182
4.15,6,73.58218
-3.5,11,73.621495
3.85,8,73.658376
-3.15,4,73.685687
4.15,6,73.71647
-3.25,6,73.746402
-3.1,3,73.776361
-3.1,3,73.812238
4.15,6,73.841578
-3.2,5,73.873288
4.45,4,73.896875
4.0,7,73.926981
4.45,4,73.956537
4.75,2,73.982589
4.3,5,74.013019
4.45,4,74.044662
-3.1,3,74.073773
4.15,6,74.110599
-3.4,9,74.154613
-3.1,3,74.182584
-3.2,5,74.221415
4.6,3,74.260121
3.55,10,74.321332
-3.05,2,74.358464
4.6,3,74.396173
-3.5,11,74.455291
4.75,2,74.49626
-3.1,3,74.531541
3.7,9,74.571642
-3.15,4,74.601
-3.3,7,74.639017
-3.0,1,74.66583
-3.1,3,74.698145
-3.55,12,74.75065
-3.05,2,74.774864
4.15,6,74.814397
-3.45,10,75.020405
4.3,5,75.053339
3.7,9,75.088273
-3.1,3,75.112639
-3.2,5,75.145601
4.45,4,75.174623
4.3,5,75.211025
-3.15,4,75.248407
-3.2,5,75.276477
4.15,6,75.307726
3.7,9,75.340115
-3.45,10,75.380518
4.15,6,75.413284
4.3,5,75.439352
4.0,7,75.472876
-3.65,14,75.513971
4.45,4,75.541811
-3.2,5,75.574717
-3.35,8,75.608877
4.15,6,75.639158
-3.25,6,75.671733
-3.35,8,75.703094
3.85,8,75.739915
-3.3,7,75.773827
4.15,6,75.808244
4.15,6,75.842535
-3.1,3,75.868295
3.7,9,75.915596
4.3,5,75.945604
4.15,6,75.985617
3.55,10,76.027684
4.0,7,76.061602
-3.2,5,76.098246
-3.2,5,76.130107
-3.3,7,76.166805
-3.15,4,76.193578
4.6,3,76.221857
4.3,5,76.254013
4.3,5,76.287626
-3.2,5,76.320856
4.0,7,76.354928
-3.15,4,76.389636
4.3,5,76.577553
-3.2,5,76.604187
4.3,5,76.641233
-3.45,10,76.684446
4.0,7,76.724695
3.7,9,76.769615
-3.5,11,76.818648
4.15,6,76.849228
4.6,3,76.875696
-3.25,6,76.906363
4.15,6,76.943175
4.3,5,76.972684
4.15,6,77.005259
-3.05,2,77.029199
4.0,7,77.06162
4.45,4,77.089742
4.0,7,77.127915
3.7,9,77.169269
-3.2,5,77.196388
4.3,5,77.22561
3.7,9,77.260957
4.45,4,77.289448
4.15,6,77.31963
-3.35,8,77.352223
4.0,7,77.388694
4.15,6,77.422087
4.45,4,77.451713
4.45,4,77.474874
4.6,3,77.505414
-3.0,1,77.525009
-3.25,6,77.554236
4.15,6,77.586093
4.3,5,77.620557
3.55,10,77.657687
4.15,6,77.695281
-3.25,6,77.7324
-3.4,9,77.772322
-3.1,3,77.801149
-3.1,3,77.828537
4.45,4,77.855157
-3.5,11,77.896665
4.75,2,77.92355
3.85,8,77.961658
4.3,5,78.137401
-3.4,9,78.169872
-3.25,6,78.198753
-3.45,10,78.232201
-3.45,10,78.269328
-3.25,6,78.302282
4.6,3,78.326705
-3.6,13,78.370734
-3.2,5,78.399931
-3.3,7,78.435145
4.0,7,78.469611
4.15,6,78.496839
3.85,8,78.530952
4.45,4,78.559237
4.45,4,78.584629
4.45,4,78.611593
4.45,4,78.640663
-3.15,4,78.664886
-3.3,7,78.695402
3.7,9,78.731711
4.3,5,78.762803
-3.2,5,78.794435
-3.1,3,78.823699
-3.55,12,78.868221
4.45,4,78.893203
-3.15,4,78.922637
3.85,8,78.960303
4.15,6,78.991188
4.3,5,79.029992
-3.45,10,79.073575
-3.4,9,79.122187
4.6,3,79.154301
-3.35,8,79.198126
-3.15,4,79.230619
4.0,7,79.268283
-3.15,4,79.295976
3.85,8,79.332352
-3.35,8,79.373728
-3.05,2,79.4041
4.3,5,79.43575
4.3,5,79.474132
4.75,2,79.503494
4.45,4,79.686218
-3.15,4,79.718974
-3.6,13,79.758793
-3.25,6,79.786457
-3.2,5,79.822954
4.0,7,79.860477
4.15,6,79.893995
-3.3,7,79.927782
-3.25,6,79.964586
3.55,10,80.00479
4.6,3,80.028991
-3.2,5,80.058097
-3.25,6,80.089956
-3.15,4,80.116696
-3.2,5,80.143797
3.55,10,80.189122
4.3,5,80.221743
-3.4,9,80.254492
-3.35,8,80.285052
-3.25,6,80.3172
4.45,4,80.343053
-3.1,3,80.367373
-3.15,4,80.395424
3.85,8,80.42852
-3.45,10,80.467544
-3.35,8,80.50365
-3.15,4,80.531753
4.45,4,80.557704
4.15,6,80.589578
-3.25,6,80.622154
-3.5,11,80.666681
-3.35,8,80.697572
4.0,7,80.733816
-3.15,4,80.773802
-3.25,6,80.81251
4.15,6,80.845996
-3.1,3,80.871863
4.0,7,80.905714
3.85,8,80.941305
4.3,5,80.976686
-3.1,3,81.001963
-3.25,6,81.178559
4.3,5,81.207017
-3.35,8,81.238631
-3.2,5,81.268864
-3.25,6,81.298313
3.7,9,81.334013
4.15,6,81.364699
-3.2,5,81.398597
4.6,3,81.427865
4.6,3,81.457215
4.45,4,81.492154
4.3,5,81.524559
4.3,5,81.559171
-3.3,7,81.598402
4.45,4,81.625424
-3.2,5,81.654102
4.3,5,81.681119
3.7,9,81.717555
-3.2,5,81.746422
3.85,8,81.789595
3.7,9,81.836688
3.85,8,81.874071
-3.55,12,81.912177
4.15,6,81.946225
4.45,4,81.974778
-3.45,10,82.010944
-3.4,9,82.044819
3.85,8,82.081552
4.3,5,82.110955
3.7,9,82.155695
-3.15,4,82.19021
4.3,5,82.220899
-3.1,3,82.245154
4.3,5,82.279092
-3.15,4,82.309198
-3.2,5,82.339249
3.55,10,82.380362
4.0,7,82.413353
-3.35,8,82.447174
-3.35,8,82.48307
4.0,7,82.518441
3.85,8,82.740797
-3.1,3,82.767926
-3.0,1,82.789222
-3.3,7,82.821318
-3.2,5,82.853206
3.85,8,82.892157
3.85,8,82.925979
4.15,6,82.958115
-3.55,12,83.000034
-3.15,4,83.024454
4.3,5,83.059091
-3.1,3,83.088338
4.3,5,83.1221
4.45,4,83.149689
-3.35,8,83.187656
-3.35,8,83.218524
-3.15,4,83.242475
4.45,4,83.271945
4.0,7,83.303226
4.0,7,83.334581
-3.05,2,83.35821
4.6,3,83.384054
-3.3,7,83.412417
-3.45,10,83.450114
4.3,5,83.479673
4.3,5,83.506506
4.3,5,83.535398
-3.25,6,83.561997
-3.35,8,83.597013
-3.4,9,83.638577
-3.2,5,83.6723
-3.2,5,83.703715
-3.2,5,83.735455
-3.4,9,83.778308
-3.25,6,83.819288
4.3,5,83.852124
4.0,7,83.892688
3.85,8,83.938974
4.6,3,83.969183
-3.2,5,84.008193
-3.4,9,84.04757
-3.25,6,84.080787
3.25,12,84.284143
-3.2,5,84.312077
4.0,7,84.345933
-3.45,10,84.384609
4.15,6,84.420502
-3.15,4,84.445616
4.6,3,84.469794
3.7,9,84.508989
3.7,9,84.541042
4.0,7,84.572099
4.3,5,84.600352
-3.3,7,84.63121
4.45,4,84.659432
3.85,8,84.697754
-3.25,6,84.732203
4.3,5,84.760349
4.0,7,84.793844
-3.3,7,84.831686
4.15,6,84.861709
4.3,5,84.890834
4.3,5,84.920088
4.0,7,84.953684
-3.2,5,84.982548
-3.25,6,85.015382
-3.15,4,85.041262
-3.15,4,85.070977
-3.5,11,85.116009
-3.25,6,85.146906
4.3,5,85.176362
-3.2,5,85.209496
4.6,3,85.235283
-3.1,3,85.265913
-3.35,8,85.30163
4.45,4,85.327789
4.6,3,85.363035
-3.0,1,85.387894
-3.4,9,85.422808
-3.15,4,85.453727
-3.4,9,85.490801
4.45,4,85.517387
-3.15,4,85.544967
-3.5,11,85.590235
3.7,9,85.624905
-3.25,6,85.814761
3.85,8,85.850532
4.6,3,85.881733
-3.3,7,85.91379
4.6,3,85.943844
-3.2,5,85.979042
-3.2,5,86.016709
4.45,4,86.050896
-3.25,6,86.083087
4.6,3,86.117328
4.0,7,86.156329
4.15,6,86.191861
3.85,8,86.22874
4.0,7,86.267895
4.6,3,86.293834
3.25,12,86.339383
3.7,9,86.37481
-3.2,5,86.403246
-3.35,8,86.438827
4.15,6,86.46857
-3.4,9,86.508375
-3.15,4,86.543039
-3.4,9,86.577202
-3.1,3,86.601278
-3.35,8,86.633474
4.0,7,86.664609
-3.45,10,86.701586
-3.1,3,86.725523
4.45,4,86.753255
-3.25,6,86.786089
4.6,3,86.808587
4.6,3,86.841581
-3.05,2,86.865765
4.15,6,86.899187
4.45,4,86.932739
-3.05,2,86.958984
-3.1,3,86.986109
4.45,4,87.015419
-3.15,4,87.040273
4.45,4,87.066729
-3.0,1,87.090299
-3.2,5,87.121362
-3.35,8,87.155967
-3.2,5,87.184249
-3.25,6,87.220443
4.15,6,87.257885
4.45,4,87.286455
4.3,5,87.469759
-3.3,7,87.500022
4.9,1,87.523081
-3.15,4,87.552814
-3.2,5,87.582407
4.6,3,87.606579
-3.25,6,87.637633
-3.15,4,87.665303
-3.35,8,87.702097
-3.25,6,87.734394
-3.35,8,87.768477
4.6,3,87.79353
-3.25,6,87.821523
-3.4,9,87.858681
-3.2,5,87.885741
4.45,4,87.913202
3.85,8,87.948736
4.15,6,87.983239
4.75,2,88.009633
4.6,3,88.039456
4.0,7,88.071697
-3.0,1,88.093435
3.25,12,88.136503
-3.4,9,88.170332
4.0,7,88.205681
-3.05,2,88.228787
-3.3,7,88.260549
4.3,5,88.290798
4.45,4,88.321121
4.3,5,88.351991
4.3,5,88.389383
4.3,5,88.418436
4.0,7,88.450309
4.15,6,88.485727
4.0,7,88.516337
3.7,9,88.553819
4.0,7,88.593913
4.15,6,88.632017
-3.1,3,88.663691
4.6,3,88.694976
3.4,11,88.738594
4.3,5,88.775256
-3.1,3,88.80046
3.85,8,88.837696
-3.45,10,88.874967
4.0,7,89.052861
3.25,12,89.089134
-3.0,1,89.109981
-3.35,8,89.142251
-3.35,8,89.175975
3.4,11,89.216442
4.9,1,89.237083
-3.1,3,89.261999
4.15,6,89.297279
3.85,8,89.343044
-3.4,9,89.38258
-3.2,5,89.413739
-3.2,5,89.443374
-3.1,3,89.469945
-3.05,2,89.497877
-3.15,4,89.527721
-3.2,5,89.563195
4.3,5,89.599659
4.0,7,89.634619
4.45,4,89.661761
4.0,7,89.693277
-3.05,2,89.717505
-3.4,9,89.752867
4.15,6,89.785697
-3.05,2,89.807127
4.45,4,89.837277
4.9,1,89.859568
3.85,8,89.895563
-3.25,6,89.924232
3.7,9,89.960604
4.75,2,89.995031
-3.15,4,90.02948
-3.4,9,90.073587
4.15,6,90.108827
-3.35,8,90.142299
4.0,7,90.181493
4.0,7,90.217603
-3.3,7,90.250363
4.0,7,90.290296
3.85,8,90.332734
3.85,8,90.368293
3.4,11,90.408607
-3.25,6,90.443926
4.0,7,90.622084
4.3,5,90.654862
3.4,11,90.695917
3.7,9,90.730556
4.3,5,90.761286
3.85,8,90.792456
3.25,12,90.835266
3.85,8,90.868969
4.3,5,90.893569
3.4,11,90.934452
-3.15,4,90.962649
4.45,4,91.00291
4.45,4,91.037033
3.85,8,91.07366
4.75,2,91.101807
4.0,7,91.132754
4.45,4,91.159252
-3.25,6,91.187518
4.3,5,91.224723
4.0,7,91.259226
4.45,4,91.292031
-3.45,10,91.33324
-1.75,15,91.373393
-3.15,4,91.399591
4.45,4,91.432497
4.45,4,91.45958
4.0,7,91.490432
4.75,2,91.515949
3.85,8,91.55068
3.25,12,91.589764
3.55,10,91.627732
3.7,9,91.661518
-3.05,2,91.688467
-3.2,5,91.717563
4.15,6,91.74896
3.7,9,91.787959
3.85,8,91.83197
4.6,3,91.856499
4.15,6,92.054458
4.15,6,92.08807
-3.05,2,92.116108
-3.6,13,92.15472
-3.3,7,92.183979
-3.1,3,92.207886
4.15,6,92.240534
-3.65,14,92.281762
4.6,3,92.308087
4.3,5,92.339476
3.55,10,92.377895
4.3,5,92.411687
4.45,4,92.440791
4.6,3,92.465991
-3.25,6,92.496339
3.4,11,92.533495
3.55,10,92.568861
4.45,4,92.599096
-3.15,4,92.627137
-3.4,9,92.667663
-3.1,3,92.702883
-3.45,10,92.742553
4.0,7,92.777748
-3.2,5,92.80462
4.0,7,92.840854
4.15,6,92.8753
3.25,12,92.916656
-3.2,5,92.943386
-3.05,2,92.964914
3.7,9,93.000788
4.9,1,93.022081
4.45,4,93.051286
-3.45,10,93.089674
-3.25,6,93.121743
-3.25,6,93.157629
4.3,5,93.188898
4.0,7,93.219302
-3.4,9,93.2545
4.6,3,93.282909
-3.15,4,93.31629
-3.45,10,93.545873
-3.15,4,93.572132
-3.4,9,93.616296
4.3,5,93.646775
4.15,6,93.674659
-3.15,4,93.702686
4.15,6,93.738139
3.85,8,93.773758
3.85,8,93.810587
3.7,9,93.849872
4.45,4,93.876366
4.3,5,93.903214
-3.2,5,93.930333
4.15,6,93.959752
-3.15,4,93.990411
4.3,5,94.024341
-3.25,6,94.057093
3.7,9,94.09308
4.6,3,94.121714
-3.6,13,94.162413
4.75,2,94.187235
-3.5,11,94.22943
3.7,9,94.263505
4.45,4,94.290661
3.25,12,94.331537
4.6,3,94.358469
4.15,6,94.392505
4.45,4,94.423509
4.3,5,94.451779
4.6,3,94.478596
4.6,3,94.50355
3.85,8,94.533438
-3.35,8,94.564476
4.0,7,94.593548
-3.25,6,94.624034
4.6,3,94.653652
3.7,9,94.697232
4.3,5,94.728655
4.45,4,94.756277
4.0,7,94.793496
4.0,7,94.826014
-3.45,10,95.024374
4.15,6,95.056562
4.15,6,95.087312
-3.05,2,95.116886
-3.7,15,95.16641
4.3,5,95.193946
3.25,12,95.235164
-3.1,3,95.262069
-3.05,2,95.287328
-3.25,6,95.316791
3.7,9,95.353694
4.15,6,95.385703
-3.3,7,95.415432
4.0,7,95.4453
-3.1,3,95.468889
4.0,7,95.499982
4.0,7,95.534058
4.3,5,95.561401
4.15,6,95.5921
4.6,3,95.625472
-3.4,9,95.65971
4.3,5,95.687801
4.0,7,95.718606
4.3,5,95.753129
4.6,3,95.781557
-3.25,6,95.818105
4.0,7,95.851737
3.85,8,95.889367
4.3,5,95.920205
4.15,6,95.952286
4.75,2,95.978003
-3.2,5,96.019297
4.6,3,96.043359
4.15,6,96.075654
-3.15,4,96.104142
-3.05,2,96.127601
-3.4,9,96.165052
4.45,4,96.193383
3.85,8,96.232726
-3.4,9,96.266907
4.3,5,96.2995
4.75,2,96.324576
3.55,10,96.369143
-3.1,3,96.397803
-3.25,6,96.573252
4.0,7,96.611358
3.85,8,96.652634
3.85,8,96.691506
-3.3,7,96.723395
4.15,6,96.76436
4.3,5,96.801272
4.0,7,96.831419
-3.3,7,96.861078
4.6,3,96.886753
4.45,4,96.911254
-3.55,12,96.951672
4.15,6,96.981833
4.6,3,97.004497
4.0,7,97.040196
3.25,12,97.077457
-3.5,11,97.120526
4.0,7,97.155275
3.85,8,97.200066
4.0,7,97.233757
4.3,5,97.258805
4.15,6,97.29489
4.3,5,97.326072
3.7,9,97.365473
-3.25,6,97.396922
3.7,9,97.436798
4.3,5,97.46548
-3.0,1,97.490268
4.45,4,97.514855
4.0,7,97.54877
4.75,2,97.573383
4.15,6,97.60498
-3.3,7,97.637348
-3.6,13,97.678261
3.7,9,97.715589
-3.15,4,97.741755
-3.45,10,97.777842
4.45,4,97.807167
-3.0,1,97.827312
-3.45,10,98.023675
-3.0,1,98.051184
4.6,3,98.083005
3.4,11,98.128522
3.55,10,98.176889
4.15,6,98.211303
-3.35,8,98.249068
4.15,6,98.282109
4.3,5,98.317832
4.0,7,98.357949
4.15,6,98.389078
4.6,3,98.41718
4.15,6,98.448312
4.15,6,98.478246
4.0,7,98.51185
4.3,5,98.543019
3.85,8,98.573999
-3.45,10,98.607865
-1.75,15,98.656341
3.85,8,98.693691
3.85,8,98.728118
3.85,8,98.761281
4.0,7,98.791636
3.4,11,98.830939
-3.2,5,98.858009
4.6,3,98.885421
3.7,9,98.919024
-3.25,6,98.951046
-3.25,6,98.980132
4.3,5,99.00738
-3.6,13,99.045422
4.3,5,99.079822
4.75,2,99.103344
3.4,11,99.140192
-3.15,4,99.171904
-3.05,2,99.198303
4.45,4,99.226995
4.45,4,99.256045
3.85,8,99.479949
4.3,5,99.512233
4.15,6,99.549208
4.6,3,99.582103
-3.25,6,99.612777
4.0,7,99.645494
-3.65,14,99.688567
3.85,8,99.722783
4.15,6,99.758806
-3.25,6,99.794503
4.0,7,99.826101
3.85,8,99.863214
-3.15,4,99.888638
4.0,7,99.920589
3.1,13,99.960956
4.0,7,99.991437
4.45,4,100.017313
4.75,2,100.040758
3.85,8,100.074139
4.15,6,100.103358
4.3,5,100.135222
-3.7,15,100.180092
4.45,4,100.206157
4.3,5,100.233375
4.15,6,100.264404
-3.55,12,100.30205
4.15,6,100.333578
4.75,2,100.358616
-3.15,4,100.386828
3.85,8,100.419404
3.85,8,100.460125
4.0,7,100.491864
3.7,9,100.53151
4.15,6,100.562057
3.7,9,100.599654
-3.05,2,100.624037
-3.7,15,100.666672
3.85,8,100.847417
-3.15,4,100.875183
3.85,8,100.909495
4.6,3,100.937704
-3.05,2,100.96657
-3.25,6,100.999627
-3.3,7,101.031967
4.45,4,101.059493
-3.05,2,101.086301
-3.15,4,101.113459
-3.45,10,101.150975
-3.4,9,101.189011
4.15,6,101.224864
4.45,4,101.263054
-3.2,5,101.290479
3.7,9,101.327008
-3.25,6,101.359056
-3.5,11,101.403296
3.85,8,101.438402
4.15,6,101.467224
4.75,2,101.491451
4.6,3,101.517688
4.75,2,101.542252
4.15,6,101.571144
4.3,5,101.599368
4.6,3,101.623806
-3.25,6,101.655732
-3.45,10,101.68969
-3.25,6,101.718278
4.75,2,101.745205
3.85,8,101.776494
3.85,8,101.809488
4.45,4,101.836433
4.3,5,101.871029
3.85,8,101.906475
3.7,9,101.940327
3.85,8,101.973647
-3.3,7,102.009781
4.3,5,102.039899
4.15,6,102.072501
-3.4,9,102.10549
4.45,4,102.138143
-3.3,7,102.171384
4.45,4,102.202298
4.6,3,102.386703
-3.35,8,102.421658
4.3,5,102.449981
3.7,9,102.49079
4.0,7,102.531301
4.15,6,102.564228
4.6,3,102.596967
4.45,4,102.628444
-3.55,12,102.68278
4.0,7,102.723031
4.3,5,102.758789
4.45,4,102.795227
-3.4,9,102.841514
-3.3,7,102.888256
4.45,4,102.927068
4.45,4,102.957994
-3.45,10,103.004804
4.0,7,103.046736
-3.6,13,103.100201
4.3,5,103.133852
3.4,11,103.174501
4.45,4,103.203399
4.3,5,103.230199
4.0,7,103.262652
4.15,6,103.296402
-3.65,14,103.350694
-3.5,11,103.390239
4.45,4,103.417553
-3.65,14,103.456737
-3.25,6,103.484759
-3.5,11,103.518184
4.45,4,103.543166
4.0,7,103.57409
4.3,5,103.604272
-3.15,4,103.63215
4.15,6,103.666667
-3.55,12,103.86216
-3.25,6,103.890267
-3.45,10,103.925343
4.75,2,103.9492
-3.2,5,103.97539
-3.3,7,104.008922
-3.1,3,104.032869
-3.25,6,104.065782
4.15,6,104.098736
4.45,4,104.126075
-3.3,7,104.159399
-3.25,6,104.189826
-3.25,6,104.223994
-3.3,7,104.255369
4.3,5,104.285079
4.6,3,104.316933
4.3,5,104.346416
3.85,8,104.382037
4.3,5,104.409596
3.55,10,104.449119
-3.05,2,104.481203
3.55,10,104.519525
-3.2,5,104.555764
-3.35,8,104.592057
-3.35,8,104.634128
-1.75,15,104.683307
4.45,4,104.71151
4.3,5,104.742251
4.0,7,104.775826
-3.6,13,104.826286
4.15,6,104.865242
4.3,5,104.904438
-3.2,5,104.943017
4.45,4,104.975189
4.3,5,105.007396
-3.25,6,105.041583
3.55,10,105.07983
-3.1,3,105.104426
-3.15,4,105.13313
4.15,6,105.160608
4.45,4,105.193727
4.9,1,105.217915
3.85,8,105.435808
4.15,6,105.465658
4.15,6,105.496051
3.7,9,105.53528
4.15,6,105.565538
-3.6,13,105.604466
4.0,7,105.634852
-3.2,5,105.662009
4.45,4,105.694517
4.15,6,105.729719
4.0,7,105.770788
4.6,3,105.800396
4.45,4,105.828229
-3.25,6,105.866642
4.3,5,105.895939
-3.35,8,105.938254
4.15,6,105.976332
4.3,5,106.014894
4.9,1,106.051113
4.0,7,106.095022
4.0,7,106.133715
4.0,7,106.171939
-3.2,5,106.202655
4.3,5,106.234951
4.6,3,106.267105
-3.25,6,106.300939
-3.3,7,106.334414
4.45,4,106.359156
4.0,7,106.391931
4.6,3,106.419848
-3.45,10,106.456378
-3.15,4,106.485601
-3.45,10,106.521887
3.4,11,106.561557
4.6,3,106.587676
-3.2,5,106.616952
4.15,6,106.648859
-3.3,7,106.680235
4.75,2,106.708184
4.15,6,106.743557
4.6,3,106.776702
-3.05,2,106.804667
3.7,9,106.849177
4.3,5,106.878344
4.45,4,107.053653
-3.25,6,107.08349
4.45,4,107.114379
4.0,7,107.146233
4.45,4,107.177517
4.0,7,107.213206
4.45,4,107.246247
4.15,6,107.2757
4.45,4,107.308956
4.15,6,107.347228
4.0,7,107.38169
4.45,4,107.412779
-3.3,7,107.44577
-3.1,3,107.470904
3.85,8,107.504394
3.7,9,107.546192
-3.4,9,107.586421
4.3,5,107.627145
4.3,5,107.661635
4.45,4,107.690839
3.55,10,107.730942
4.45,4,107.760447
-3.2,5,107.794375
-3.45,10,107.836743
4.45,4,107.867687
3.55,10,107.906506
4.15,6,107.936786
4.75,2,107.963795
3.85,8,107.998175
4.6,3,108.028126
4.45,4,108.056772
4.6,3,108.084092
4.15,6,108.111195
3.85,8,108.153493
-3.6,13,108.193878
4.45,4,108.222305
4.45,4,108.252192
4.6,3,108.280902
4.3,5,108.314128
4.3,5,108.341073
-3.35,8,108.374369
4.15,6,108.403707
4.6,3,108.429466
4.3,5,108.458874
-3.2,5,108.489069
4.0,7,108.670691
-3.45,10,108.710652
4.6,3,108.737482
-3.55,12,108.781411
4.6,3,108.804515
4.15,6,108.833574
3.7,9,108.873157
-3.15,4,108.904579
-3.1,3,108.933228
4.45,4,108.958321
3.55,10,108.994313
3.55,10,109.032665
4.45,4,109.06795
4.3,5,109.105143
4.75,2,109.133676
4.75,2,109.158715
3.85,8,109.197583
-3.4,9,109.233346
-3.3,7,109.266436
-3.4,9,109.30174
4.3,5,109.331743
4.75,2,109.357246
4.45,4,109.390841
-3.35,8,109.430634
4.3,5,109.465607
4.3,5,109.501995
-3.45,10,109.541668
4.15,6,109.576312
4.3,5,109.605917
4.75,2,109.63261
-3.25,6,109.664008
4.45,4,109.694657
3.4,11,109.73555
3.85,8,109.771253
4.0,7,109.80869
4.3,5,109.837544
4.3,5,109.866692
-3.25,6,109.904052
4.15,6,109.937657
4.3,5,109.975657
-3.35,8,110.014243
4.75,2,110.040364
4.3,5,110.222961
3.85,8,110.265784
4.45,4,110.300626
4.6,3,110.33839
4.15,6,110.377093
3.85,8,110.410696
4.3,5,110.441812
3.4,11,110.479053
-3.2,5,110.507673
4.45,4,110.538844
-3.15,4,110.571077
4.6,3,110.598682
4.3,5,110.628477
3.7,9,110.663094
4.3,5,110.692162
4.0,7,110.72572
4.6,3,110.752851
4.15,6,110.786988
4.15,6,110.820408
4.15,6,110.856921
4.75,2,110.891648
-3.25,6,110.925624
4.3,5,110.957202
4.6,3,110.986334
-3.5,11,111.027647
4.15,6,111.059301
-3.4,9,111.096135
4.15,6,111.12309
-3.4,9,111.165906
-3.25,6,111.200204
4.0,7,111.237816
4.15,6,111.273704
4.6,3,111.305923
-3.25,6,111.337526
4.15,6,111.36766
4.6,3,111.39255
4.45,4,111.423049
-3.2,5,111.453074
4.45,4,111.481968
4.45,4,111.50941
-3.2,5,111.538578
4.15,6,111.568328
3.4,11,111.602611
3.4,11,111.639013
-3.3,7,111.810794
3.55,10,111.859876
3.55,10,111.908667
-3.45,10,111.951744
4.75,2,111.977711
4.6,3,112.010557
3.55,10,112.051906
-3.45,10,112.088048
4.15,6,112.127264
-3.4,9,112.165313
-1.75,15,112.208549
4.6,3,112.241233
4.3,5,112.277481
3.85,8,112.317909
4.3,5,112.354727
-3.3,7,112.397589
4.3,5,112.430124
4.3,5,112.46436
4.6,3,112.489588
4.15,6,112.525326
4.6,3,112.554998
3.55,10,112.593392
4.15,6,112.623979
3.55,10,112.665481
-3.15,4,112.69355
-3.4,9,112.733691
4.15,6,112.766376
3.7,9,112.80203
4.75,2,112.829188
4.3,5,112.859868
4.45,4,112.888519
4.6,3,112.914199
-3.2,5,112.944611
4.15,6,112.980613
4.3,5,113.012638
-3.6,13,113.052999
3.85,8,113.088197
3.85,8,113.11865
4.0,7,113.292888
4.45,4,113.319714
4.45,4,113.350629
-3.35,8,113.383411
4.3,5,113.413238
-3.3,7,113.442771
4.3,5,113.472134
4.75,2,113.494798
-3.45,10,113.532738
4.6,3,113.558685
4.3,5,113.586564
4.75,2,113.61754
4.6,3,113.648291
4.3,5,113.678006
4.15,6,113.707346
4.45,4,113.737679
3.7,9,113.779017
4.3,5,113.816195
4.6,3,113.844138
4.0,7,113.878362
4.3,5,113.906762
-3.4,9,113.944785
3.85,8,113.98218
3.55,10,114.031976
4.0,7,114.064664
3.85,8,114.098923
-3.4,9,114.142992
4.15,6,114.173708
-3.2,5,114.203216
4.15,6,114.236996
4.15,6,114.266942
4.3,5,114.292297
4.0,7,114.32684
4.75,2,114.352496
3.7,9,114.388452
4.15,6,114.422201
3.85,8,114.454148
4.75,2,114.477901
4.6,3,114.50204
4.3,5,114.528407
3.25,12,114.568554
4.15,6,114.605112
3.7,9,114.643874
3.4,11,114.842858
4.45,4,114.873674
3.7,9,114.913066
3.4,11,114.950788
3.7,9,114.984427
3.7,9,115.026708
4.45,4,115.05698
4.45,4,115.084858
4.0,7,115.120648
4.75,2,115.148517
4.3,5,115.186742
3.7,9,115.223769
4.75,2,115.252614
4.6,3,115.284356
-3.6,13,115.330431
4.6,3,115.359131
-1.75,15,115.413019
4.3,5,115.448375
4.6,3,115.478045
4.0,7,115.510775
4.45,4,115.538138
4.45,4,115.570993
4.6,3,115.599325
-3.3,7,115.639027
3.55,10,115.683389
4.6,3,115.716516
4.6,3,115.754267
-3.2,5,115.792147
4.0,7,115.830715
4.3,5,115.858323
3.85,8,115.894735
4.15,6,115.926178
4.75,2,115.952119
-3.35,8,115.984458
4.15,6,116.020369
4.0,7,116.053826
4.15,6,116.088969
-3.7,15,116.13603
-3.35,8,116.171562
4.6,3,116.197387
-3.4,9,116.377755
4.45,4,116.401719
-3.3,7,116.436397
4.0,7,116.468352
3.7,9,116.501169
4.6,3,116.527974
3.85,8,116.55998
-3.0,1,116.58128
3.85,8,116.611423
-1.75,15,116.650795
4.6,3,116.67983
-3.25,6,116.713126
-3.05,2,116.743298
3.25,12,116.785188
3.85,8,116.824716
4.6,3,116.856072
4.45,4,116.891928
4.75,2,116.919451
3.7,9,116.961254
-1.75,15,117.013677
3.55,10,117.055001
4.3,5,117.093803
4.75,2,117.123091
3.55,10,117.167465
4.3,5,117.203485
4.45,4,117.238574
3.55,10,117.280039
-3.35,8,117.313985
4.45,4,117.346833
4.3,5,117.378274
3.7,9,117.411528
3.25,12,117.450108
-3.65,14,117.496649
4.15,6,117.528093
3.25,12,117.571314
3.55,10,117.753616
4.3,5,117.783768
4.6,3,117.810374
4.6,3,117.838704
4.45,4,117.868866
4.6,3,117.897176
4.45,4,117.921339
3.55,10,117.965927
4.0,7,117.999491
-3.15,4,118.028543
4.6,3,118.054592
4.45,4,118.079561
4.3,5,118.1082
4.75,2,118.133629
3.4,11,118.175513
-1.75,15,118.222243
-3.7,15,118.269092
4.9,1,118.292583
3.4,11,118.334234
4.3,5,118.36479
4.0,7,118.401151
4.75,2,118.433189
4.15,6,118.464922
3.4,11,118.507117
4.0,7,118.540234
4.3,5,118.568518
-1.75,15,118.61153
4.3,5,118.641313
3.85,8,118.677849
-3.7,15,118.720688
4.45,4,118.749003
-3.05,2,118.775578
3.4,11,118.818774
4.6,3,118.849691
4.6,3,118.878955
4.6,3,118.911777
4.45,4,118.938329
4.45,4,118.970036
4.3,5,118.998779
4.75,2,119.026294
4.6,3,119.0552
3.85,8,119.089604
4.0,7,119.125413
4.15,6,119.314512
4.45,4,119.339411
3.85,8,119.373022
4.0,7,119.412491
-3.6,13,119.460209
4.75,2,119.487961
3.7,9,119.524429
4.6,3,119.548082
3.7,9,119.583415
4.0,7,119.614244
4.15,6,119.64865
3.4,11,119.685681
3.85,8,119.727889
4.45,4,119.754271
3.55,10,119.792608
-3.05,2,119.817804
3.85,8,119.851876
4.45,4,119.889264
4.45,4,119.916425
4.45,4,119.942738
4.3,5,119.973737
4.3,5,120.008133
4.15,6,120.041158
4.6,3,120.070313
3.85,8,120.104909
4.6,3,120.13804
4.0,7,120.175199
3.25,12,120.217565
3.85,8,120.24851
4.45,4,120.278765
3.85,8,120.315982
4.0,7,120.349788
4.75,2,120.381906
-3.2,5,120.411787
3.85,8,120.444921
4.3,5,120.473822
3.85,8,120.50793
4.45,4,120.534075
4.6,3,120.560487
3.25,12,120.600844
3.55,10,120.783679
4.15,6,120.820213
3.85,8,120.853527
4.45,4,120.879445
-1.75,15,120.928614
4.45,4,120.960677
4.3,5,120.998775
4.0,7,121.036482
3.55,10,121.078743
4.6,3,121.104373
4.6,3,121.134686
3.55,10,121.17134
4.3,5,121.199962
-1.75,15,121.243217
4.0,7,121.282065
4.45,4,121.308476
4.9,1,121.334806
4.6,3,121.367528
3.85,8,121.402186
4.9,1,121.423067
3.7,9,121.465628
4.3,5,121.496361
4.0,7,121.528965
3.85,8,121.566543
4.15,6,121.599331
4.0,7,121.63283
4.9,1,121.656954
4.6,3,121.684332
4.3,5,121.717593
4.15,6,121.759509
4.3,5,121.790427
-1.75,15,121.848031
4.6,3,121.883039
4.9,1,121.909808
3.85,8,121.943675
4.15,6,121.977104
4.6,3,122.002352
4.45,4,122.029562
3.85,8,122.067559
4.75,2,122.093094
-3.6,13,122.135655
4.0,7,122.331211
4.45,4,122.35762
4.0,7,122.387914
4.3,5,122.417438
4.45,4,122.447131
4.3,5,122.475874
4.3,5,122.503725
4.9,1,122.531487
4.9,1,122.562368
4.6,3,122.59565
-3.35,8,122.628972
4.45,4,122.655546
4.75,2,122.681648
4.6,3,122.707239
-1.75,15,122.755639
4.15,6,122.791964
4.45,4,122.818301
4.75,2,122.844445
-3.55,12,122.885702
4.15,6,122.923088
-3.45,10,122.960701
4.45,4,122.991952
-3.2,5,123.027504
-1.75,15,123.074067
4.3,5,123.109392
-1.75,15,123.152417
4.45,4,123.183696
3.85,8,123.21495
4.45,4,123.247062
4.6,3,123.275003
4.3,5,123.305625
4.15,6,123.343236
3.85,8,123.384058
4.0,7,123.420548
4.9,1,123.445329
-1.75,15,123.487366
3.85,8,123.528296
4.15,6,123.557846
3.7,9,123.592399
4.3,5,123.622019
3.25,12,123.661415
3.25,12,123.844831
4.0,7,123.880514
3.85,8,123.916171
3.85,8,123.94918
4.0,7,123.979229
4.6,3,124.006588
4.45,4,124.036545
3.7,9,124.079404
4.15,6,124.11441
-1.75,15,124.162261
4.15,6,124.197821
4.3,5,124.229544
-3.55,12,124.267424
4.6,3,124.298975
3.7,9,124.334002
-3.45,10,124.372416
4.3,5,124.40337
4.45,4,124.433131
4.15,6,124.46863
4.45,4,124.496397
3.7,9,124.533541
3.55,10,124.573558
3.85,8,124.608776
3.7,9,124.645246
-1.75,15,124.693401
4.9,1,124.717933
3.7,9,124.75943
4.0,7,124.800604
4.45,4,124.831349
4.6,3,124.859056
4.3,5,124.89595
4.6,3,124.922602
4.3,5,124.952272
4.15,6,124.983919
4.75,2,125.007043
4.6,3,125.04142
4.6,3,125.069414
4.15,6,125.102132
3.85,8,125.142027
4.75,2,125.303466
4.15,6,125.334623
4.15,6,125.36986
-3.45,10,125.415843
3.7,9,125.45167
4.45,4,125.483088
-3.3,7,125.519059
4.75,2,125.54592
4.0,7,125.578038
4.6,3,125.602305
4.6,3,125.626254
4.15,6,125.655622
4.15,6,125.688769
4.45,4,125.716218
4.45,4,125.747177
4.15,6,125.781309
3.85,8,125.817549
4.3,5,125.855487
-3.35,8,125.890793
4.0,7,125.924567
4.45,4,125.954662
3.85,8,125.987608
4.45,4,126.016417
4.9,1,126.041384
4.0,7,126.079282
-3.6,13,126.133405
4.0,7,126.169883
4.75,2,126.198317
4.6,3,126.22944
4.15,6,126.259339
4.9,1,126.286938
3.85,8,126.326116
4.75,2,126.3525
4.45,4,126.379943
3.55,10,126.417434
4.45,4,126.452598
-3.3,7,126.492989
4.3,5,126.532306
-1.75,15,126.581824
4.45,4,126.614843
-3.35,8,126.653032
4.0,7,126.684925
3.4,11,126.722183
2.95,14,126.90981
-1.75,15,126.953615
-1.75,15,127.000502
4.45,4,127.029683
4.15,6,127.060975
4.6,3,127.091908
3.55,10,127.138209
4.9,1,127.164374
4.75,2,127.192341
3.85,8,127.226978
3.55,10,127.264404
3.7,9,127.298487
4.3,5,127.33119
4.75,2,127.352499
3.7,9,127.389042
4.3,5,127.418729
4.0,7,127.449651
-1.75,15,127.489979
4.6,3,127.515529
4.6,3,127.544196
3.85,8,127.575527
3.55,10,127.612142
3.4,11,127.6497
4.0,7,127.686442
3.25,12,127.735076
4.75,2,127.762824
4.6,3,127.793227
4.3,5,127.823996
3.55,10,127.863658
4.45,4,127.890901
4.6,3,127.919774
4.45,4,127.949598
-3.5,11,128.000448
4.15,6,128.0325
4.3,5,128.065064
4.15,6,128.101509
4.75,2,128.125774
-1.75,15,128.333328
3.25,12,128.372347
3.55,10,128.409907
3.85,8,128.451447
4.0,7,128.4846
3.4,11,128.519082
-1.75,15,128.562455
3.7,9,128.602187
4.6,3,128.628381
3.7,9,128.66677
4.15,6,128.707627
4.15,6,128.748293
4.3,5,128.777265
3.7,9,128.818373
3.7,9,128.858619
4.45,4,128.88628
4.3,5,128.916774
4.3,5,128.948647
4.45,4,128.978402
4.75,2,129.00158
3.85,8,129.034661
-3.25,6,129.065697
4.3,5,129.096292
3.4,11,129.133994
4.0,7,129.171122
4.75,2,129.197662
3.85,8,129.229727
-1.75,15,129.273555
-1.75,15,129.319939
3.85,8,129.356682
4.0,7,129.400117
4.15,6,129.448596
4.45,4,129.481729
4.75,2,129.512741
3.4,11,129.730095
4.3,5,129.760168
4.45,4,129.799908
4.45,4,129.832096
4.0,7,129.877105
4.3,5,129.91207
4.6,3,129.937184
3.7,9,129.973657
4.45,4,130.003352
4.45,4,130.029859
4.45,4,130.063009
4.6,3,130.089151
3.85,8,130.129065
4.0,7,130.172395
4.6,3,130.208049
3.25,12,130.247669
4.45,4,130.276311
4.45,4,130.303588
4.6,3,130.331659
4.6,3,130.366862
3.7,9,130.405348
3.7,9,130.448039
4.3,5,130.475636
4.9,1,130.503767
-3.35,8,130.539551
-3.6,13,130.579988
4.0,7,130.614165
4.6,3,130.642104
4.6,3,130.669411
-3.7,15,130.717737
-3.2,5,130.752819
3.55,10,130.792802
4.6,3,130.819147
4.3,5,130.85912
4.0,7,130.89488
4.15,6,130.926102
4.6,3,130.956872
4.15,6,130.99157
4.45,4,131.021706
4.75,2,131.048484
3.85,8,131.092704
4.6,3,131.120002
-3.05,2,131.147106
3.4,11,131.192834
3.85,8,131.417608
4.15,6,131.449018
4.6,3,131.47524
3.55,10,131.511358
4.0,7,131.544937
4.0,7,131.57344
3.7,9,131.606436
-3.4,9,131.642118
4.3,5,131.672103
4.6,3,131.701076
4.3,5,131.736845
4.45,4,131.765557
3.4,11,131.80057
4.45,4,131.826439
4.45,4,131.852753
4.75,2,131.876523
4.3,5,131.905384
4.3,5,131.938988
4.0,7,131.975039
-3.2,5,132.00314
-3.25,6,132.032591
4.3,5,132.063321
4.15,6,132.095508
4.45,4,132.120983
4.45,4,132.150376
3.55,10,132.18582
4.15,6,132.216419
3.55,10,132.252137
3.7,9,132.287952
4.75,2,132.313975
4.15,6,132.3459
4.45,4,132.372507
3.85,8,132.40827
4.9,1,132.433551
4.45,4,132.464722
4.15,6,132.495086
4.75,2,132.526962
4.75,2,132.552214
4.75,2,132.579152
4.45,4,132.61007
4.75,2,132.633723
4.6,3,132.661623
3.25,12,132.707298
-1.75,15,132.764604
4.75,2,132.794209
4.15,6,133.011246
4.45,4,133.038895
3.7,9,133.078164
3.7,9,133.114191
4.0,7,133.155494
3.7,9,133.201876
-3.1,3,133.231564
3.55,10,133.268202
3.7,9,133.303403
4.6,3,133.331773
-3.65,14,133.373379
4.3,5,133.400519
4.75,2,133.426045
4.15,6,133.453539
3.4,11,133.487084
4.6,3,133.511669
4.3,5,133.541312
3.7,9,133.581537
-3.55,12,133.626556
4.15,6,133.657938
4.15,6,133.688322
3.4,11,133.728251
4.0,7,133.766412
3.85,8,133.799872
4.15,6,133.831281
4.3,5,133.859373
4.45,4,133.88971
4.45,4,133.917748
4.75,2,133.944798
4.75,2,133.967464
-3.55,12,134.010981
4.15,6,134.047004
4.45,4,134.081657
3.85,8,134.115538
4.3,5,134.144333
-3.35,8,134.180342
4.6,3,134.207385
3.4,11,134.248165
4.75,2,134.278766
-1.75,15,134.496496
4.15,6,134.525565
4.15,6,134.559246
4.45,4,134.589348
3.7,9,134.623308
4.6,3,134.649633
4.45,4,134.67923
4.6,3,134.703022
4.6,3,134.729093
3.7,9,134.763891
-3.45,10,134.798059
4.3,5,134.826625
3.85,8,134.860841
4.3,5,134.891621
3.25,12,134.931498
3.25,12,134.969598
4.15,6,135.011125
-1.75,15,135.058361
3.55,10,135.093878
4.75,2,135.119026
4.45,4,135.143792
4.3,5,135.170711
-3.7,15,135.2152
-3.45,10,135.248807
4.6,3,135.277889
4.6,3,135.3113
-1.75,15,135.360975
3.4,11,135.400877
4.15,6,135.435321
4.6,3,135.462911
4.3,5,135.49086
4.45,4,135.518419
4.75,2,135.547954
4.15,6,135.584586
4.15,6,135.618144
4.0,7,135.652233
4.15,6,135.688833
4.0,7,135.901496
4.15,6,135.938919
4.45,4,135.978109
3.55,10,136.018658
4.6,3,136.046098
4.3,5,136.079275
4.3,5,136.113756
3.85,8,136.153815
3.55,10,136.195294
4.45,4,136.23016
4.3,5,136.264578
4.15,6,136.302922
4.15,6,136.337385
-3.65,14,136.385834
4.0,7,136.420482
4.3,5,136.457904
4.45,4,136.487744
3.7,9,136.52487
4.6,3,136.555637
4.6,3,136.57829
4.6,3,136.603907
3.85,8,136.633846
4.6,3,136.662346
4.45,4,136.691422
4.0,7,136.720052
4.9,1,136.745055
4.0,7,136.776117
4.75,2,136.802765
3.85,8,136.840929
-3.45,10,136.877366
4.3,5,136.912258
4.15,6,136.944024
4.9,1,136.967674
4.45,4,136.997364
4.75,2,137.02034
4.75,2,137.047305
4.15,6,137.078197
4.75,2,137.100897
4.3,5,137.133596
4.45,4,137.164927
4.15,6,137.201131
4.3,5,137.232921
4.15,6,137.26572
4.9,1,137.291178
3.85,8,137.328548
4.15,6,137.360157
3.25,12,137.405357
3.7,9,137.603059
3.85,8,137.644717
4.0,7,137.680165
4.45,4,137.713432
3.85,8,137.752797
-1.75,15,137.814626
4.15,6,137.853974
-3.0,1,137.878148
3.4,11,137.916948
4.45,4,137.945819
4.0,7,137.980003
4.3,5,138.006641
4.6,3,138.033064
4.6,3,138.05915
3.4,11,138.095357
3.55,10,138.130808
4.3,5,138.165574
3.55,10,138.199366
4.3,5,138.229328
4.45,4,138.26696
4.75,2,138.297947
4.15,6,138.334134
4.45,4,138.367092
3.85,8,138.40003
4.75,2,138.427123
3.85,8,138.466622
4.75,2,138.497031
4.75,2,138.523225
4.0,7,138.552324
3.7,9,138.590402
4.6,3,138.615597
4.75,2,138.642128
4.6,3,138.668201
3.7,9,138.705577
-3.6,13,138.753466
3.7,9,138.793894
4.75,2,138.816151
4.3,5,138.84451
4.15,6,138.87802
3.7,9,138.918064
4.75,2,138.945433
4.45,4,138.980461
4.0,7,139.175339
3.4,11,139.215338
4.3,5,139.253052
4.6,3,139.281184
4.6,3,139.310227
4.6,3,139.334763
4.6,3,139.360549
4.45,4,139.390857
3.85,8,139.432771
4.45,4,139.466248
4.3,5,139.499007
4.0,7,139.533183
4.6,3,139.562195
4.3,5,139.590806
4.6,3,139.614912
4.0,7,139.646448
4.3,5,139.683657
4.45,4,139.711217
4.6,3,139.735436
4.75,2,139.763238
4.15,6,139.802806
3.25,12,139.84953
4.45,4,139.87873
-1.75,15,139.928785
4.45,4,139.961996
-3.05,2,139.988906
4.3,5,140.026705
4.45,4,140.055889
4.6,3,140.083544
4.3,5,140.118725
3.85,8,140.156039
4.15,6,140.194887
4.0,7,140.227781
4.45,4,140.256867
3.7,9,140.294468
4.75,2,140.318713
-1.75,15,140.374037
4.3,5,140.407084
4.45,4,140.437775
4.0,7,140.472786
3.25,12,140.512845
4.45,4,140.538159
4.6,3,140.563425
3.55,10,140.599531
4.0,7,140.632941
-3.25,6,140.835251
4.6,3,140.861986
4.15,6,140.891938
4.75,2,140.916497
4.15,6,140.950593
3.85,8,140.989438
4.45,4,141.016254
4.15,6,141.049662
4.6,3,141.077698
4.15,6,141.110136
-1.75,15,141.150274
4.15,6,141.180183
4.75,2,141.207271
4.0,7,141.238234
4.3,5,141.267617
4.45,4,141.298229
4.15,6,141.33473
4.0,7,141.370075
4.6,3,141.396633
4.15,6,141.429216
-3.1,3,141.453366
4.45,4,141.481206
3.85,8,141.523867
-3.05,2,141.554386
4.3,5,141.598121
3.85,8,141.650282
4.6,3,141.694824
4.75,2,141.729695
4.75,2,141.755123
4.3,5,141.786082
4.0,7,141.816935
4.15,6,141.852116
4.6,3,141.877705
4.45,4,141.908248
3.7,9,141.944514
3.25,12,141.987022
4.45,4,142.025293
3.85,8,142.061776
4.6,3,142.094943
3.1,13,142.140509
4.45,4,142.17114
4.3,5,142.201752
4.45,4,142.235818
4.15,6,142.265986
3.85,8,142.302408
4.75,2,142.327831
4.45,4,142.357372
3.7,9,142.540477
4.45,4,142.57225
3.25,12,142.610081
-1.75,15,142.65345
2.95,14,142.695758
-3.7,15,142.739843
4.0,7,142.779938
4.15,6,142.817852
4.75,2,142.841704
4.3,5,142.875247
3.55,10,142.917199
4.3,5,142.947093
4.9,1,142.974416
4.0,7,143.011205
4.45,4,143.047821
4.45,4,143.082547
4.45,4,143.115594
3.4,11,143.157463
-1.75,15,143.202294
3.4,11,143.2454
4.15,6,143.278161
4.6,3,143.306854
4.3,5,143.335812
4.45,4,143.365878
4.15,6,143.398593
4.45,4,143.427091
4.15,6,143.4589
4.45,4,143.491265
3.85,8,143.533669
4.45,4,143.570616
4.45,4,143.599566
4.0,7,143.639009
4.6,3,143.667162
3.7,9,143.711092
4.45,4,143.740513
4.6,3,143.767859
3.25,12,143.809364
-3.2,5,143.840799
4.9,1,144.028322
3.55,10,144.081204
3.85,8,144.120319
3.4,11,144.161993
4.0,7,144.2062
3.55,10,144.244364
4.15,6,144.282051
4.3,5,144.311789
4.6,3,144.340026
4.6,3,144.367521
4.75,2,144.401636
4.0,7,144.434131
4.6,3,144.46117
3.55,10,144.493538
4.75,2,144.516637
4.15,6,144.548678
3.85,8,144.587174
4.45,4,144.626686
4.75,2,144.655483
4.45,4,144.68566
3.7,9,144.722552
3.7,9,144.760299
4.45,4,144.785569
4.75,2,144.814182
-1.75,15,144.860927
4.3,5,144.890735
4.45,4,144.917382
3.7,9,144.954177
4.45,4,144.984723
4.75,2,145.015575
-1.75,15,145.063775
4.6,3,145.091583
4.45,4,145.123158
4.9,1,145.150277
4.75,2,145.177055
3.85,8,145.215492
4.75,2,145.238743
4.45,4,145.271577
4.6,3,145.300584
4.6,3,145.327324
4.45,4,145.353794
3.7,9,145.405367
-1.75,15,145.471134
4.45,4,145.506509
4.75,2,145.535618
4.45,4,145.711216
3.4,11,145.761007
3.7,9,145.801252
4.6,3,145.828863
4.75,2,145.856956
3.4,11,145.898218
4.75,2,145.924292
-3.0,1,145.94584
4.3,5,145.974296
4.6,3,146.00294
-3.35,8,146.037331
4.45,4,146.068263
4.45,4,146.095497
3.85,8,146.131566
-3.5,11,146.172071
4.75,2,146.198259
4.6,3,146.231597
-3.4,9,146.266193
4.15,6,146.299149
3.4,11,146.344584
4.9,1,146.368176
4.45,4,146.400642
4.0,7,146.43651
3.4,11,146.475854
4.15,6,146.506389
3.7,9,146.540495
-3.45,10,146.577617
4.45,4,146.61069
3.85,8,146.645839
3.55,10,146.683357
4.0,7,146.722019
4.9,1,146.749571
4.0,7,146.794773
4.6,3,146.820911
3.7,9,146.855699
4.6,3,146.882638
4.0,7,146.920175
4.0,7,146.955315
3.55,10,146.996334
-3.2,5,147.027164
-3.6,13,147.215271
4.45,4,147.245658
4.3,5,147.279404
4.3,5,147.308251
4.3,5,147.336867
4.45,4,147.367662
4.45,4,147.39938
4.9,1,147.423036
-3.7,15,147.468622
4.0,7,147.49779
3.55,10,147.530403
-1.75,15,147.578079
-3.2,5,147.608907
4.75,2,147.63351
3.4,11,147.66943
-3.45,10,147.704818
3.7,9,147.741395
4.15,6,147.776138
3.25,12,147.817522
3.85,8,147.858264
3.85,8,147.890833
4.15,6,147.921602
3.7,9,147.965042
4.15,6,147.996797
4.6,3,148.020444
4.75,2,148.04621
3.4,11,148.090086
4.0,7,148.126166
4.3,5,148.161525
-3.45,10,148.206044
3.7,9,148.242721
4.75,2,148.270409
4.0,7,148.307117
3.7,9,148.347072
4.45,4,148.382719
4.45,4,148.421569
3.85,8,148.458096
4.3,5,148.488468
3.4,11,148.690658
4.75,2,148.716701
4.75,2,148.744629
4.3,5,148.773735
3.7,9,148.807653
4.45,4,148.839889
4.3,5,148.868283
4.0,7,148.901386
4.75,2,148.925244
3.85,8,148.960366
3.7,9,148.996388
3.55,10,149.031934
4.3,5,149.061505
4.45,4,149.091118
4.75,2,149.1179
4.45,4,149.146254
4.0,7,149.176396
3.85,8,149.215323
4.75,2,149.24202
4.3,5,149.270503
4.75,2,149.295596
-3.5,11,149.33766
-3.5,11,149.376146
4.6,3,149.402294
4.0,7,149.433882
4.9,1,149.460968
4.15,6,149.490312
4.45,4,149.519085
4.6,3,149.548494
4.15,6,149.581268
3.7,9,149.617912
3.7,9,149.655592
4.3,5,149.686837
4.45,4,149.717526
4.15,6,149.754976
4.6,3,149.781263
4.75,2,149.81235
4.75,2,149.840939
4.6,3,149.86892
-3.7,15,149.917092
4.0,7,149.957212
4.6,3,149.984861
4.6,3,150.016428
4.45,4,150.048733
4.3,5,150.081856
4.9,1,150.108986
3.25,12,150.159655
4.45,4,150.351172
3.7,9,150.389314
3.85,8,150.422362
3.7,9,150.461391
3.1,13,150.498263
4.75,2,150.523889
4.75,2,150.550676
-3.45,10,150.583314
3.7,9,150.621873
4.15,6,150.652817
4.3,5,150.680795
4.6,3,150.706172
3.55,10,150.74424
4.3,5,150.770011
4.45,4,150.798318
4.0,7,150.828156
3.85,8,150.860268
4.3,5,150.88662
4.75,2,150.915283
4.0,7,150.946851
4.15,6,150.978124
4.15,6,151.011525
4.75,2,151.037086
4.15,6,151.067148
4.45,4,151.0942
4.6,3,151.117242
4.75,2,151.143966
4.75,2,151.166949
3.7,9,151.205044
3.7,9,151.241927
4.15,6,151.274893
4.45,4,151.30508
3.1,13,151.354852
4.0,7,151.396328
4.0,7,151.43094
3.85,8,151.466665
4.15,6,151.499557
3.85,8,151.532072
3.55,10,151.572742
3.85,8,151.610641
4.6,3,151.800455
4.3,5,151.830892
4.45,4,151.858383
4.6,3,151.886992
4.15,6,151.923369
4.3,5,151.951313
4.75,2,151.98203
4.45,4,152.01202
4.45,4,152.039206
4.3,5,152.067103
3.85,8,152.101828
4.15,6,152.132414
4.15,6,152.167861
4.0,7,152.207539
-1.75,15,152.252024
4.15,6,152.283928
4.3,5,152.319167
4.75,2,152.347368
3.85,8,152.386872
4.45,4,152.417562
3.7,9,152.455957
4.45,4,152.482801
-1.75,15,152.530058
4.9,1,152.552741
4.45,4,152.585377
4.75,2,152.61391
4.45,4,152.644708
4.3,5,152.676511
4.3,5,152.706783
4.45,4,152.735979
4.45,4,152.766612
4.6,3,152.795482
4.45,4,152.828001
4.6,3,152.861117
4.6,3,152.891227
3.25,12,152.93275
4.6,3,152.962022
4.3,5,152.996631
4.75,2,153.023455
4.0,7,153.061768
4.75,2,153.095372
4.75,2,153.125521
4.3,5,153.160985
4.45,4,153.194842
4.15,6,153.227339
4.45,4,153.256943
3.25,12,153.298343
3.4,11,153.338047
4.75,2,153.364389
4.45,4,153.540641
4.45,4,153.568785
4.15,6,153.600637
4.75,2,153.627327
4.9,1,153.652815
-3.35,8,153.688384
4.0,7,153.724714
4.15,6,153.755427
4.6,3,153.789132
4.9,1,153.813506
4.3,5,153.841556
4.75,2,153.866002
4.6,3,153.894938
3.7,9,153.933157
4.6,3,153.960484
4.6,3,153.988314
-3.45,10,154.022059
-3.45,10,154.060422
3.7,9,154.094007
4.3,5,154.124476
4.75,2,154.151996
4.3,5,154.188797
4.6,3,154.214851
4.3,5,154.245505
4.6,3,154.276409
4.75,2,154.298308
4.3,5,154.333126
3.4,11,154.370151
4.6,3,154.395778
4.45,4,154.423573
3.1,13,154.466287
-3.6,13,154.508945
4.75,2,154.536745
3.55,10,154.575235
4.6,3,154.60358
4.6,3,154.628367
4.45,4,154.65951
4.45,4,154.686312
4.6,3,154.716774
4.15,6,154.75145
3.85,8,154.787471
4.15,6,154.825001
4.15,6,154.864456
4.0,7,154.911778
4.6,3,154.939939
4.6,3,154.964642
4.3,5,154.997599
4.0,7,155.030596
3.7,9,155.064358
4.75,2,155.234443
4.9,1,155.266506
4.15,6,155.302261
4.45,4,155.332673
4.15,6,155.361807
4.9,1,155.388374
4.15,6,155.418378
4.6,3,155.445994
4.0,7,155.478643
4.75,2,155.503368
3.4,11,155.546135
3.85,8,155.576678
4.75,2,155.60126
4.45,4,155.627147
-3.65,14,155.671769
4.45,4,155.697642
4.6,3,155.72415
4.75,2,155.750746
4.45,4,155.778262
4.15,6,155.808313
3.7,9,155.841591
4.6,3,155.865621
4.0,7,155.901978
4.45,4,155.930843
4.6,3,155.957558
3.7,9,155.995032
3.85,8,156.029125
-3.3,7,156.063231
4.6,3,156.095093
4.3,5,156.133576
4.0,7,156.17418
4.45,4,156.208375
4.15,6,156.241143
3.85,8,156.280518
-3.15,4,156.312639
3.7,9,156.358614
3.85,8,156.399272
3.7,9,156.43858
3.85,8,156.474048
4.6,3,156.499607
4.45,4,156.531131
-3.55,12,156.568813
4.6,3,156.592186
4.3,5,156.618433
4.75,2,156.646005
-3.15,4,156.676733
3.85,8,156.870013
-3.25,6,156.900546
4.0,7,156.934659
3.4,11,156.980586
4.15,6,157.013218
-3.55,12,157.056057
4.15,6,157.086134
4.45,4,157.117051
-3.5,11,157.156296
3.7,9,157.199284
4.6,3,157.232834
4.45,4,157.271641
3.85,8,157.310811
3.55,10,157.344426
3.85,8,157.380567
4.15,6,157.409566
4.6,3,157.440156
-3.65,14,157.478982
4.75,2,157.503269
-3.65,14,157.547873
3.25,12,157.591035
4.75,2,157.616165
3.85,8,157.649756
3.55,10,157.68885
4.15,6,157.726884
4.45,4,157.759677
3.25,12,157.80359
4.0,7,157.833764
4.15,6,157.865875
-3.45,10,157.907811
4.45,4,157.936427
4.6,3,157.967189
-3.5,11,158.018038
4.6,3,158.04511
4.75,2,158.075106
4.3,5,158.103818
4.0,7,158.281613
4.75,2,158.307584
4.3,5,158.338117
3.55,10,158.374653
4.45,4,158.40541
4.75,2,158.428112
4.45,4,158.458511
3.55,10,158.494298
-1.75,15,158.533671
4.6,3,158.561887
4.15,6,158.594269
4.15,6,158.626256
4.45,4,158.657852
4.9,1,158.684808
4.75,2,158.70906
-3.6,13,158.746369
3.4,11,158.784336
4.45,4,158.812133
4.6,3,158.837132
4.3,5,158.863131
4.75,2,158.890442
4.15,6,158.918952
4.3,5,158.94517
3.55,10,158.978417
4.9,1,159.001054
4.6,3,159.027986
3.85,8,159.066692
3.85,8,159.109761
4.15,6,159.142564
4.3,5,159.178674
4.3,5,159.212394
4.15,6,159.245168
4.6,3,159.273771
4.9,1,159.296544
4.9,1,159.327856
4.75,2,159.353652
4.3,5,159.39063
3.25,12,159.431273
4.0,7,159.465174
3.55,10,159.507663
4.6,3,159.537772
4.0,7,159.580025
-3.7,15,159.644017
4.3,5,159.681496
4.45,4,159.711746
4.6,3,159.739364
4.0,7,159.920265
3.25,12,159.962441
4.6,3,159.990303
3.7,9,160.025614
4.45,4,160.051857
4.15,6,160.081606
4.6,3,160.111061
4.6,3,160.140543
3.85,8,160.172122
4.75,2,160.201033
3.85,8,160.23577
4.3,5,160.263587
-3.2,5,160.293742
4.75,2,160.318617
3.25,12,160.358469
4.6,3,160.390663
4.15,6,160.418275
4.75,2,160.443144
4.0,7,160.474127
-3.05,2,160.496779
-3.2,5,160.525319
3.85,8,160.55832
4.45,4,160.583291
4.15,6,160.621473
4.6,3,160.645742
-3.4,9,160.687488
3.85,8,160.724945
4.45,4,160.756701
4.15,6,160.796079
4.15,6,160.835397
4.45,4,160.865628
4.15,6,160.907633
4.0,7,160.93948
4.75,2,160.96331
4.3,5,160.991629
4.3,5,161.021421
4.75,2,161.046048
4.45,4,161.075854
4.0,7,161.11278
3.85,8,161.149081
4.6,3,161.173792
4.6,3,161.204507
4.45,4,161.231647
4.15,6,161.261004
4.3,5,161.289894
4.3,5,161.32266
4.3,5,161.350616
4.3,5,161.380603
4.6,3,161.40667
4.0,7,161.590366
3.85,8,161.618976
-3.4,9,161.654257
4.15,6,161.687115
4.75,2,161.71752
3.85,8,161.754194
-3.7,15,161.795698
4.75,2,161.822376
4.15,6,161.852296
3.85,8,161.887118
4.0,7,161.925924
3.55,10,161.970356
4.45,4,162.003005
3.55,10,162.042042
4.45,4,162.067838
4.6,3,162.095312
4.75,2,162.123782
4.45,4,162.150742
4.15,6,162.182558
4.0,7,162.217602
3.1,13,162.262689
4.75,2,162.285438
3.7,9,162.329999
4.45,4,162.365157
4.6,3,162.389788
3.85,8,162.424413
4.75,2,162.450501
3.85,8,162.491723
4.6,3,162.527438
4.0,7,162.557947
4.3,5,162.588513
4.3,5,162.615054
4.9,1,162.64351
4.15,6,162.674372
3.85,8,162.707868
-3.35,8,162.743207
4.75,2,162.765321
3.85,8,162.809251
4.9,1,162.837722
4.3,5,162.872715
-3.6,13,162.918752
3.85,8,163.104654
4.75,2,163.128436
4.6,3,163.153561
4.75,2,163.180742
4.45,4,163.209963
3.7,9,163.250474
-1.75,15,163.294321
4.75,2,163.322073
4.9,1,163.345541
3.7,9,163.382723
4.0,7,163.414331
4.3,5,163.4454
3.25,12,163.486126
4.45,4,163.511235
4.6,3,163.537511
3.25,12,163.573554
4.45,4,163.600245
4.15,6,163.63025
3.7,9,163.667648
4.0,7,163.69819
-3.6,13,163.749959
4.6,3,163.778003
4.45,4,163.81624
3.85,8,163.854048
4.0,7,163.883351
4.75,2,163.908375
4.45,4,163.935289
4.45,4,163.965424
4.6,3,163.992313
3.25,12,164.03783
4.75,2,164.064226
4.0,7,164.09828
4.3,5,164.130092
3.7,9,164.166853
4.0,7,164.199497
4.15,6,164.231272
4.6,3,164.264745
4.0,7,164.304112
3.7,9,164.346929
2.8,15,164.397224
3.55,10,164.572405
3.4,11,164.611784
3.85,8,164.647291
3.1,13,164.690646
3.7,9,164.725201
4.6,3,164.753544
4.3,5,164.782307
-3.2,5,164.813519
3.85,8,164.848743
4.6,3,164.87793
4.3,5,164.912752
4.75,2,164.939807
-3.7,15,164.980333
4.3,5,165.012894
4.6,3,165.037769
4.15,6,165.068238
4.6,3,165.09536
4.6,3,165.122921
4.3,5,165.152893
4.0,7,165.185126
3.55,10,165.225898
4.0,7,165.263563
3.1,13,165.304229
4.45,4,165.332459
4.15,6,165.365631
3.7,9,165.410318
4.75,2,165.444366
3.4,11,165.482216
4.45,4,165.510358
3.55,10,165.553239
4.6,3,165.579447
-1.75,15,165.625632
3.55,10,165.661211
4.6,3,165.688586
3.25,12,165.730569
4.3,5,165.760779
-1.75,15,165.957667
4.0,7,165.98778
4.15,6,166.015943
4.75,2,166.04179
4.6,3,166.066974
3.4,11,166.109973
4.3,5,166.142913
4.45,4,166.175518
4.45,4,166.207444
4.9,1,166.231449
3.7,9,166.277999
4.45,4,166.30691
3.55,10,166.347335
3.7,9,166.384292
4.0,7,166.419336
4.75,2,166.445222
4.75,2,166.470604
4.75,2,166.491285
4.6,3,166.51876
4.75,2,166.5432
4.3,5,166.573851
-1.75,15,166.621499
3.85,8,166.657477
4.6,3,166.688468
4.45,4,166.715111
4.9,1,166.739832
3.85,8,166.77178
4.3,5,166.804157
4.45,4,166.828048
4.6,3,166.855628
4.0,7,166.890076
4.45,4,166.921256
4.3,5,166.951138
4.9,1,166.97526
4.3,5,167.005427
4.6,3,167.031086
4.6,3,167.061697
4.9,1,167.09092
4.3,5,167.120927
4.75,2,167.15005
-3.5,11,167.190758
4.45,4,167.222332
4.45,4,167.255016
3.25,12,167.295164
4.0,7,167.332622
4.3,5,167.369352
4.0,7,167.409042
4.3,5,167.443303
4.6,3,167.471112
4.6,3,167.497063
4.3,5,167.526124
4.45,4,167.695325
4.15,6,167.725724
4.9,1,167.753885
4.75,2,167.778174
3.7,9,167.81494
4.3,5,167.844773
4.6,3,167.872492
-3.15,4,167.903394
4.3,5,167.932976
4.6,3,167.957302
4.3,5,167.986567
4.75,2,168.010733
4.6,3,168.035372
4.15,6,168.06252
4.6,3,168.096325
4.3,5,168.129852
4.45,4,168.161286
4.45,4,168.189453
-1.75,15,168.230726
4.75,2,168.261193
4.0,7,168.295819
-3.55,12,168.340636
4.75,2,168.363069
4.6,3,168.394233
4.75,2,168.42384
4.15,6,168.46558
4.3,5,168.498045
4.75,2,168.522511
4.9,1,168.544279
4.75,2,168.577188
3.25,12,168.623577
3.55,10,168.666594
4.0,7,168.704806
3.85,8,168.74081
4.75,2,168.767668
4.3,5,168.798227
4.0,7,168.831051
-3.05,2,168.855875
4.45,4,168.887874
-3.7,15,168.93121
4.3,5,168.960413
4.6,3,168.990381
4.45,4,169.018998
4.6,3,169.046744
4.0,7,169.086991
4.45,4,169.12017
3.7,9,169.164968
4.45,4,169.206828
4.6,3,169.235648
3.55,10,169.276875
4.3,5,169.477886
4.15,6,169.520447
4.9,1,169.550778
4.75,2,169.576426
4.75,2,169.601677
4.45,4,169.628668
4.6,3,169.657841
4.45,4,169.68861
3.85,8,169.725085
4.3,5,169.76281
3.55,10,169.81047
3.7,9,169.84614
4.45,4,169.874619
4.3,5,169.905808
4.9,1,169.93198
4.15,6,169.967212
4.0,7,170.005985
4.0,7,170.039929
3.55,10,170.078083
4.15,6,170.115245
3.4,11,170.16008
4.15,6,170.196364
4.75,2,170.225789
4.3,5,170.253574
3.85,8,170.290407
4.3,5,170.321312
4.3,5,170.352582
4.45,4,170.383433
4.15,6,170.420896
4.6,3,170.452864
4.15,6,170.484312
4.6,3,170.508859
4.3,5,170.539411
4.45,4,170.566565
4.45,4,170.604135
3.55,10,170.645378
4.9,1,170.669252
4.15,6,170.707633
3.7,9,170.751608
4.75,2,170.774826
4.6,3,170.806711
4.15,6,170.836933
3.4,11,170.872501
-3.5,11,170.909396
4.75,2,170.937127
4.6,3,170.963903
4.6,3,170.990313
4.3,5,171.018275
3.85,8,171.204685
3.85,8,171.241407
4.45,4,171.273118
-1.75,15,171.321952
-3.65,14,171.383103
4.9,1,171.409545
3.25,12,171.455675
4.6,3,171.482298
4.6,3,171.50961
4.6,3,171.536206
4.45,4,171.560246
4.15,6,171.59346
4.9,1,171.61614
4.45,4,171.645644
3.85,8,171.686018
4.6,3,171.713854
4.6,3,171.743408
3.85,8,171.780706
4.0,7,171.817848
4.9,1,171.84868
4.6,3,171.882194
4.3,5,171.913969
3.85,8,171.949533
3.55,10,171.992529
4.0,7,172.026142
3.25,12,172.072691
3.25,12,172.112895
4.6,3,172.138226
4.45,4,172.168793
-1.75,15,172.21079
-3.25,6,172.244518
3.85,8,172.278458
3.25,12,172.32112
3.85,8,172.359453
4.3,5,172.38843
4.45,4,172.413471
3.85,8,172.447323
-3.7,15,172.635732
4.45,4,172.659102
4.15,6,172.687438
4.0,7,172.718618
3.7,9,172.754512
4.6,3,172.778994
4.45,4,172.816198
4.75,2,172.842073
4.15,6,172.874387
3.85,8,172.906255
4.75,2,172.932729
4.45,4,172.961935
3.4,11,172.998507
4.45,4,173.02868
3.85,8,173.06788
3.55,10,173.110477
4.3,5,173.139329
3.4,11,173.181041
4.9,1,173.207235
3.7,9,173.244784
4.75,2,173.272843
4.45,4,173.309978
-1.75,15,173.361413
4.15,6,173.393306
4.45,4,173.423069
-3.0,1,173.44587
3.4,11,173.482287
3.25,12,173.523649
3.7,9,173.564967
3.25,12,173.604473
3.7,9,173.638573
3.85,8,173.675932
3.85,8,173.711171
4.45,4,173.743424
4.75,2,173.775033
4.6,3,173.807231
3.1,13,173.847532
3.7,9,173.884006
4.3,5,173.919143
3.85,8,174.105756
-1.75,15,174.156719
4.45,4,174.182777
4.3,5,174.212765
4.6,3,174.239017
4.3,5,174.27349
4.45,4,174.302319
4.9,1,174.328195
4.0,7,174.360459
-1.75,15,174.403549
4.3,5,174.436469
4.45,4,174.462953
3.85,8,174.49582
4.75,2,174.518421
3.7,9,174.555106
4.75,2,174.580683
-1.75,15,174.627221
4.6,3,174.659194
4.45,4,174.690701
4.6,3,174.719417
4.15,6,174.754155
4.6,3,174.778045
4.3,5,174.807283
-3.15,4,174.833493
4.6,3,174.863302
4.6,3,174.89437
4.75,2,174.91882
4.15,6,174.94836
4.3,5,174.97851
4.0,7,175.020564
4.3,5,175.059188
3.4,11,175.108638
4.45,4,175.140799
4.75,2,175.17577
-1.75,15,175.22394
3.7,9,175.258327
-3.55,12,175.296819
4.45,4,175.325344
4.3,5,175.357145
4.9,1,175.380511
4.9,1,175.403107
4.75,2,175.425687
4.45,4,175.454229
-1.75,15,175.501403
-3.1,3,175.530821
3.85,8,175.710972
4.6,3,175.737788
4.15,6,175.774183
4.15,6,175.801734
3.7,9,175.837992
3.55,10,175.875466
4.45,4,175.901911
3.55,10,175.936685
4.75,2,175.958792
4.15,6,175.991196
4.3,5,176.026077
4.3,5,176.056521
4.6,3,176.085359
3.1,13,176.134769
3.55,10,176.177066
3.4,11,176.222405
4.75,2,176.248081
3.7,9,176.28733
3.4,11,176.329394
4.15,6,176.367009
4.45,4,176.396855
4.6,3,176.426959
4.3,5,176.456722
3.7,9,176.493874
3.4,11,176.532643
3.7,9,176.570116
4.6,3,176.600734
4.3,5,176.630547
3.4,11,176.674722
4.75,2,176.699512
3.85,8,176.735701
3.7,9,176.772809
3.55,10,176.80725
4.6,3,176.834831
4.3,5,176.86516
4.45,4,176.897243
4.3,5,176.934129
4.45,4,176.967227
4.45,4,176.99762
4.75,2,177.026291
4.6,3,177.226402
-3.65,14,177.279692
4.75,2,177.306142
4.6,3,177.33374
4.45,4,177.369866
4.15,6,177.403631
3.4,11,177.448849
3.85,8,177.487147
4.45,4,177.520564
4.15,6,177.556334
4.6,3,177.588817
3.85,8,177.625204
4.3,5,177.660638
3.85,8,177.703594
4.15,6,177.734692
3.4,11,177.773185
4.6,3,177.802303
4.45,4,177.828819
4.45,4,177.858844
3.25,12,177.900289
4.45,4,177.932826
-1.75,15,177.98388
4.75,2,178.013181
-1.75,15,178.065524
4.15,6,178.103688
4.45,4,178.140808
4.75,2,178.17075
4.6,3,178.195688
4.15,6,178.23092
3.25,12,178.28095
4.3,5,178.313886
4.75,2,178.346197
2.95,14,178.400423
4.6,3,178.431153
3.85,8,178.476046
3.1,13,178.530972
4.3,5,178.566675
4.3,5,178.596418
4.0,7,178.626383
4.45,4,178.805891
4.0,7,178.840649
4.15,6,178.883425
4.45,4,178.916712
4.15,6,178.957805
-3.6,13,178.995985
4.6,3,179.021531
4.15,6,179.056287
4.6,3,179.086221
4.75,2,179.115754
4.0,7,179.155218
4.6,3,179.180594
4.3,5,179.210049
3.55,10,179.247671
4.9,1,179.276833
3.7,9,179.313196
4.3,5,179.341635
3.55,10,179.379258
4.3,5,179.411422
4.3,5,179.441422
3.55,10,179.478348
4.9,1,179.501884
4.6,3,179.526683
4.0,7,179.569196
4.75,2,179.601085
4.3,5,179.642614
3.85,8,179.684686
4.45,4,179.714515
4.6,3,179.745795
-1.75,15,179.806423
4.15,6,179.844605
-1.75,15,179.894207
4.3,5,179.927977
4.0,7,179.964187
4.9,1,179.989717
4.75,2,180.020437
4.15,6,180.051356
4.15,6,180.086221
4.6,3,180.112486
3.4,11,180.153987
3.7,9,180.198765
4.15,6,180.231136
4.9,1,180.256404
3.25,12,180.440002
4.15,6,180.467646
4.6,3,180.495751
4.75,2,180.518817
4.75,2,180.54338
4.75,2,180.57223
3.4,11,180.608321
4.45,4,180.638418
3.4,11,180.674744
4.45,4,180.701014
4.45,4,180.728276
4.6,3,180.756835
3.25,12,180.800669
3.85,8,180.851151
4.6,3,180.882556
4.3,5,180.921788
3.85,8,180.955251
4.0,7,180.989527
4.6,3,181.015064
3.85,8,181.057798
3.4,11,181.10312
4.15,6,181.138561
-1.75,15,181.185414
4.3,5,181.216659
4.3,5,181.251711
4.15,6,181.283779
4.15,6,181.317474
4.15,6,181.348551
4.3,5,181.384164
3.25,12,181.425557
4.15,6,181.467402
4.45,4,181.495454
4.45,4,181.52651
4.75,2,181.553706
3.85,8,181.589847
4.45,4,181.615881
3.55,10,181.655412
4.6,3,181.688627
4.45,4,181.720916
4.15,6,181.75441
3.1,13,181.796817
4.15,6,181.972062
4.45,4,181.998118
4.15,6,182.028394
4.9,1,182.051585
4.3,5,182.085661
4.75,2,182.109214
4.6,3,182.136576
4.0,7,182.168882
4.75,2,182.194148
3.85,8,182.232301
4.9,1,182.257384
4.75,2,182.285269
4.45,4,182.30987
4.6,3,182.338197
4.75,2,182.365514
4.75,2,182.39407
4.45,4,182.424994
4.75,2,182.454725
4.6,3,182.484082
3.7,9,182.520155
4.75,2,182.546282
3.4,11,182.584392
4.0,7,182.614556
3.7,9,182.650897
4.45,4,182.679146
3.85,8,182.715497
3.4,11,182.761914
4.6,3,182.795385
3.4,11,182.838141
4.15,6,182.87655
4.0,7,182.918858
-3.2,5,182.952048
3.85,8,182.993235
4.45,4,183.030593
3.85,8,183.071658
4.45,4,183.10398
4.6,3,183.134135
4.0,7,183.171311
4.6,3,183.20143
3.85,8,183.241918
4.3,5,183.275293
4.15,6,183.305863
4.45,4,183.337915
-3.2,5,183.363504
4.15,6,183.395668
4.15,6,183.434216
4.75,2,183.458319
4.6,3,183.484078
4.6,3,183.50719
4.45,4,183.535527
3.85,8,183.570312
3.25,12,183.745492
4.0,7,183.77613
4.75,2,183.805424
4.6,3,183.833919
4.75,2,183.861856
4.45,4,183.892067
-1.75,15,183.942795
4.15,6,183.97995
4.15,6,184.013728
4.6,3,184.04154
4.45,4,184.069884
3.85,8,184.102786
4.45,4,184.127419
4.15,6,184.158256
4.6,3,184.181445
4.3,5,184.210764
4.15,6,184.245409
3.25,12,184.285292
4.3,5,184.318749
4.15,6,184.356506
3.85,8,184.395814
4.15,6,184.427863
3.7,9,184.467639
4.15,6,184.495734
4.15,6,184.527799
4.6,3,184.553756
4.9,1,184.575874
4.15,6,184.607476
4.3,5,184.637586
4.3,5,184.667239
4.9,1,184.691349
4.6,3,184.719452
4.6,3,184.753101
3.55,10,184.793922
4.45,4,184.83346
4.3,5,184.860426
4.45,4,184.891572
4.6,3,184.922245
4.75,2,184.945426
4.0,7,184.975657
4.45,4,185.005025
4.45,4,185.0361
4.9,1,185.060542
4.45,4,185.086924
3.25,12,185.123335
-3.4,9,185.156586
4.45,4,185.182755
4.6,3,185.20855
4.15,6,185.37975
4.9,1,185.403889
3.7,9,185.438302
-1.75,15,185.484308
4.75,2,185.509036
3.55,10,185.553149
4.15,6,185.587529
4.75,2,185.611577
4.75,2,185.643159
4.75,2,185.669647
4.3,5,185.703134
4.6,3,185.734617
4.75,2,185.768303
4.45,4,185.795509
3.85,8,185.832664
4.75,2,185.858558
4.15,6,185.893507
4.3,5,185.929162
3.55,10,185.967384
4.45,4,185.998281
3.7,9,186.040102
4.3,5,186.071594
3.55,10,186.10959
4.45,4,186.142675
4.15,6,186.177025
3.7,9,186.224742
4.6,3,186.256202
3.4,11,186.304372
3.7,9,186.343845
3.55,10,186.39026
4.9,1,186.418211
3.7,9,186.455623
4.6,3,186.48013
4.45,4,186.507445
4.9,1,186.529519
4.0,7,186.567691
4.15,6,186.597321
4.0,7,186.626869
4.6,3,186.654186
4.6,3,186.681697
4.3,5,186.712979
4.15,6,186.742943
4.6,3,186.770904
3.4,11,186.812348
4.0,7,186.848916
4.6,3,187.017221
4.6,3,187.039828
4.15,6,187.079522
4.0,7,187.112903
4.75,2,187.140482
4.75,2,187.167749
4.75,2,187.189464
4.6,3,187.221028
4.3,5,187.25276
4.9,1,187.275346
3.55,10,187.311644
3.7,9,187.35038
3.85,8,187.386788
4.75,2,187.416684
-3.15,4,187.44529
3.7,9,187.479549
4.15,6,187.509215
4.3,5,187.542215
4.9,1,187.569647
3.4,11,187.613909
3.1,13,187.653831
4.0,7,187.687832
4.0,7,187.726558
4.45,4,187.754162
4.3,5,187.782881
4.6,3,187.813542
4.15,6,187.849188
4.15,6,187.886199
4.15,6,187.924478
3.85,8,187.968737
4.0,7,188.005416
4.3,5,188.035455
4.45,4,188.062263
4.45,4,188.091416
4.6,3,188.123266
4.45,4,188.151027
4.15,6,188.180398
4.75,2,188.205215
4.75,2,188.228786
4.45,4,188.258433
4.0,7,188.289376
4.75,2,188.311368
4.6,3,188.341274
4.3,5,188.370718
4.6,3,188.400492
4.45,4,188.42785
4.15,6,188.45881
4.75,2,188.482509
4.0,7,188.511342
4.3,5,188.542756
4.3,5,188.578633
4.75,2,188.60053
4.45,4,188.776934
4.6,3,188.803035
-3.05,2,188.82817
3.55,10,188.868456
4.6,3,188.892516
3.85,8,188.923321
4.9,1,188.948859
4.3,5,188.978348
4.6,3,189.01138
4.6,3,189.03761
4.0,7,189.068695
4.15,6,189.104062
4.45,4,189.132509
4.45,4,189.158514
-1.75,15,189.208223
4.3,5,189.241874
4.3,5,189.273836
4.6,3,189.301807
-1.75,15,189.347085
4.45,4,189.376254
4.9,1,189.403076
4.45,4,189.435426
4.6,3,189.46031
3.25,12,189.500515
4.45,4,189.530907
4.15,6,189.56639
4.0,7,189.602102
4.15,6,189.641769
4.75,2,189.673658
3.85,8,189.711319
4.3,5,189.74656
3.85,8,189.782132
-1.75,15,189.825731
4.6,3,189.858246
4.45,4,189.887778
4.15,6,189.918128
3.4,11,189.95745
3.4,11,189.997202
4.3,5,190.026494
4.75,2,190.054488
3.85,8,190.088447
4.45,4,190.11646
4.75,2,190.143458
3.7,9,190.175424
4.75,2,190.201742
4.45,4,190.38166
4.45,4,190.408805
4.0,7,190.439771
4.75,2,190.471892
4.6,3,190.496156
4.75,2,190.51938
4.45,4,190.549911
4.75,2,190.57374
4.45,4,190.605243
4.0,7,190.636188
4.45,4,190.667217
3.7,9,190.703112
3.4,11,190.74606
4.45,4,190.773457
4.15,6,190.803786
4.0,7,190.843244
4.45,4,190.874342
4.6,3,190.900917
4.75,2,190.930033
3.25,12,190.973268
3.85,8,191.007991
4.3,5,191.043199
4.45,4,191.072914
4.15,6,191.104327
4.75,2,191.131464
3.7,9,191.169497
4.45,4,191.200573
3.55,10,191.237883
4.15,6,191.269708
4.75,2,191.299598
4.75,2,191.325902
4.3,5,191.352462
-3.25,6,191.384596
4.6,3,191.411057
3.85,8,191.443899
-1.75,15,191.49127
4.6,3,191.524466
4.6,3,191.55159
4.75,2,191.57788
3.25,12,191.617267
4.45,4,191.643377
4.6,3,191.674588
-3.65,14,191.718233
4.15,6,191.755065
4.45,4,191.786521
4.45,4,191.813893
3.4,11,191.992769
-1.75,15,192.042622
3.55,10,192.081941
3.55,10,192.118641
4.3,5,192.160435
3.85,8,192.197194
4.75,2,192.22219
4.45,4,192.250795
4.0,7,192.285335
4.15,6,192.325665
4.9,1,192.358848
3.85,8,192.393894
3.7,9,192.431148
4.45,4,192.464481
-1.75,15,192.508307
4.6,3,192.534451
4.6,3,192.562751
4.15,6,192.595683
4.15,6,192.632459
4.75,2,192.665236
3.7,9,192.706133
4.9,1,192.729818
4.6,3,192.755616
4.6,3,192.78622
4.75,2,192.809912
4.6,3,192.83674
3.55,10,192.87545
4.15,6,192.906327
4.45,4,192.936586
3.55,10,192.973487
4.15,6,193.005682
3.7,9,193.04735
4.75,2,193.075377
4.6,3,193.102199
4.15,6,193.136186
4.6,3,193.165915
4.15,6,193.19555
4.3,5,193.226601
4.3,5,193.258111
4.6,3,193.280448
-3.3,7,193.31143
-1.75,15,193.359252
4.3,5,193.390335
-3.3,7,193.560579
4.45,4,193.586424
4.9,1,193.606075
4.75,2,193.636772
4.0,7,193.672879
4.6,3,193.698058
4.3,5,193.733916
-3.2,5,193.766378
4.45,4,193.79413
4.15,6,193.827121
4.3,5,193.856908
4.15,6,193.886611
4.6,3,193.915503
4.75,2,193.942026
4.3,5,193.970828
4.75,2,193.996971
4.9,1,194.022175
3.4,11,194.068704
4.6,3,194.093453
-1.75,15,194.140925
4.15,6,194.178148
4.0,7,194.215976
3.85,8,194.253453
4.3,5,194.283858
4.6,3,194.311208
4.3,5,194.343748
4.15,6,194.375061
3.7,9,194.419751
4.45,4,194.444872
4.15,6,194.473027
-1.75,15,194.512746
3.7,9,194.545226
4.15,6,194.574026
4.75,2,194.599196
4.15,6,194.629024
4.45,4,194.656543
4.3,5,194.687644
3.4,11,194.723184
4.6,3,194.752285
4.9,1,194.775253
4.9,1,194.800545
4.45,4,194.825853
4.6,3,194.85301
3.85,8,194.888901
4.45,4,194.915536
4.6,3,194.94221
4.15,6,194.977922
3.85,8,195.025736
4.15,6,195.210969
4.6,3,195.237065
4.9,1,195.267498
4.3,5,195.302974
4.6,3,195.330609
3.25,12,195.373895
3.7,9,195.411994
4.3,5,195.442216
4.3,5,195.472414
-3.3,7,195.506636
3.85,8,195.544691
4.9,1,195.569251
3.7,9,195.60721
3.4,11,195.651655
3.55,10,195.688666
4.15,6,195.725517
3.25,12,195.769933
3.85,8,195.804401
4.6,3,195.832691
4.9,1,195.862372
3.55,10,195.906569
4.6,3,195.93362
4.75,2,195.955725
4.45,4,195.984541
4.3,5,196.0154
4.3,5,196.042448
4.3,5,196.070113
4.15,6,196.104692
3.4,11,196.149939
4.6,3,196.176145
-1.75,15,196.230626
4.45,4,196.261791
3.85,8,196.293897
4.3,5,196.326122
4.3,5,196.354728
-1.75,15,196.398169
3.4,11,196.436662
3.7,9,196.47515
3.85,8,196.646702
4.6,3,196.671201
3.25,12,196.717458
4.6,3,196.744951
4.6,3,196.776977
4.45,4,196.813886
3.85,8,196.848528
4.0,7,196.885759
3.85,8,196.925691
-1.75,15,196.98182
4.75,2,197.011955
4.3,5,197.04623
-1.75,15,197.092517
4.45,4,197.128739
4.0,7,197.162879
3.55,10,197.200519
3.4,11,197.241194
4.15,6,197.277024
4.45,4,197.308337
4.6,3,197.338109
4.45,4,197.375464
4.0,7,197.42052
4.0,7,197.454201
3.7,9,197.487099
3.4,11,197.522691
3.7,9,197.557651
3.7,9,197.592835
-1.75,15,197.635582
4.75,2,197.664206
4.6,3,197.692426
4.75,2,197.722547
3.4,11,197.76194
4.3,5,197.793346
4.45,4,197.820169
4.9,1,197.846288
3.55,10,197.887959
-1.75,15,197.958629
3.4,11,198.194432
-1.75,15,198.240544
3.85,8,198.279175
4.3,5,198.307249
3.7,9,198.3407
4.15,6,198.371107
3.7,9,198.41192
4.15,6,198.441546
4.6,3,198.470937
4.75,2,198.497284
4.45,4,198.524466
4.15,6,198.554909
4.0,7,198.590121
4.3,5,198.619283
4.45,4,198.651128
3.25,12,198.691321
4.6,3,198.720411
3.25,12,198.761755
4.15,6,198.797821
4.45,4,198.828271
4.15,6,198.860004
3.4,11,198.900638
4.6,3,198.928731
4.0,7,198.967728
4.6,3,198.993271
-1.75,15,199.041132
4.15,6,199.07766
3.25,12,199.125584
3.85,8,199.159692
4.0,7,199.193053
4.15,6,199.222697
4.0,7,199.252633
4.6,3,199.285453
3.7,9,199.322685
4.3,5,199.350517
3.7,9,199.385964
3.55,10,199.570883
4.15,6,199.604807
4.15,6,199.638682
3.85,8,199.672349
4.75,2,199.704852
-1.75,15,199.766547
4.6,3,199.796633
-1.75,15,199.850489
4.45,4,199.878115
4.6,3,199.903804
-1.75,15,199.9456
-1.75,15,199.992574
4.9,1,200.018066
3.85,8,200.053142
4.15,6,200.088645
3.55,10,200.126385
-1.75,15,200.176185
4.45,4,200.206526
4.9,1,200.238089
3.25,12,200.289205
4.45,4,200.31912
4.75,2,200.35064
4.15,6,200.383237
3.1,13,200.42358
4.15,6,200.455321
4.3,5,200.484879
3.7,9,200.516811
3.4,11,200.552006
3.85,8,200.583839
4.75,2,200.607769
-1.75,15,200.653632
3.4,11,200.69787
4.15,6,200.733639
4.6,3,200.914455
4.75,2,200.938957
4.6,3,200.969087
4.75,2,200.994617
4.15,6,201.025671
3.85,8,201.062873
4.15,6,201.097788
-3.05,2,201.125759
3.7,9,201.173412
4.45,4,201.205637
3.85,8,201.237301
3.55,10,201.272482
3.25,12,201.316801
4.9,1,201.339277
4.6,3,201.366115
4.45,4,201.390294
-1.75,15,201.432461
3.7,9,201.468357
4.3,5,201.494039
4.45,4,201.520882
3.55,10,201.555504
4.0,7,201.585609
4.6,3,201.612303
4.75,2,201.636662
2.8,15,201.683673
4.6,3,201.709605
4.45,4,201.739488
3.4,11,201.780765
4.15,6,201.812292
4.15,6,201.853219
3.1,13,201.898704
4.6,3,201.924647
4.45,4,201.955124
4.6,3,201.986128
4.3,5,202.022089
4.45,4,202.055527
3.55,10,202.105919
3.4,11,202.151585
4.15,6,202.185269
4.3,5,202.21417
4.15,6,202.243254
4.3,5,202.418144
4.15,6,202.447192
4.0,7,202.477418
4.6,3,202.50404
3.4,11,202.540957
4.75,2,202.565728
4.45,4,202.592838
4.15,6,202.622987
4.75,2,202.647549
4.45,4,202.67682
3.1,13,202.719186
4.45,4,202.752603
4.75,2,202.776483
4.45,4,202.805236
4.45,4,202.833258
4.3,5,202.866531
4.45,4,202.897122
4.3,5,202.928626
3.7,9,202.971152
4.15,6,203.005332
-1.75,15,203.055401
4.6,3,203.084721
3.85,8,203.130435
4.75,2,203.158199
4.45,4,203.190984
3.85,8,203.226016
4.45,4,203.253757
4.3,5,203.291462
3.25,12,203.331101
4.45,4,203.35836
4.6,3,203.386298
4.9,1,203.410202
-1.75,15,203.455233
3.55,10,203.49768
4.3,5,203.526788
-1.75,15,203.573092
3.7,9,203.606553
3.7,9,203.646194
4.6,3,203.672826
4.6,3,203.701432
4.6,3,203.730182
3.7,9,203.770975
4.45,4,203.802223
4.6,3,203.977057
4.0,7,204.013454
4.45,4,204.041226
4.15,6,204.072762
4.45,4,204.10148
4.15,6,204.140774
4.3,5,204.169022
4.75,2,204.194788
3.85,8,204.228473
3.85,8,204.261641
3.85,8,204.29471
3.7,9,204.328146
3.25,12,204.369036
4.45,4,204.397996
4.6,3,204.428121
4.45,4,204.459248
4.45,4,204.485734
4.75,2,204.512194
4.45,4,204.544228
-1.75,15,204.589858
3.55,10,204.633049
4.75,2,204.658451
4.45,4,204.687346
-1.75,15,204.733926
3.4,11,204.780078
3.4,11,204.821964
4.6,3,204.849061
4.9,1,204.874111
4.6,3,204.90376
4.45,4,204.932806
4.15,6,204.967305
4.45,4,204.999845
4.0,7,205.034887
4.0,7,205.069913
4.15,6,205.10327
-1.75,15,205.155381
3.4,11,205.203306
4.0,7,205.237339
4.6,3,205.264402
4.0,7,205.294135
3.85,8,205.466166
4.45,4,205.495347
4.75,2,205.517925
4.0,7,205.546368
3.55,10,205.581715
4.9,1,205.60363
4.75,2,205.629062
4.15,6,205.659308
3.55,10,205.699334
4.75,2,205.725748
4.15,6,205.754287
4.75,2,205.776865
4.6,3,205.804769
4.6,3,205.827187
3.7,9,205.860448
4.75,2,205.887793
-3.25,6,205.917566
4.6,3,205.944738
3.85,8,205.980449
4.6,3,206.007465
4.45,4,206.036587
4.9,1,206.057288
4.3,5,206.084737
4.45,4,206.109565
4.3,5,206.140011
4.6,3,206.167595
4.6,3,206.197297
4.15,6,206.232619
4.3,5,206.263079
4.15,6,206.294784
4.3,5,206.327186
4.75,2,206.359537
4.45,4,206.391538
4.15,6,206.431769
4.6,3,206.459509
4.45,4,206.489869
-1.75,15,206.539534
4.9,1,206.565956
4.45,4,206.593437
4.15,6,206.621828
4.6,3,206.653963
-3.7,15,206.707699
4.0,7,206.745799
3.85,8,206.78018
4.15,6,206.814071
4.0,7,206.854116
3.85,8,206.886779
4.3,5,206.918935
3.85,8,206.954673
4.6,3,207.134923
4.45,4,207.163478
4.0,7,207.197289
4.15,6,207.228261
3.7,9,207.26422
4.75,2,207.288986
4.45,4,207.320834
4.0,7,207.35239
3.7,9,207.394195
4.45,4,207.422538
3.4,11,207.461799
4.75,2,207.489765
4.6,3,207.517107
4.3,5,207.547547
4.75,2,207.575905
4.6,3,207.600681
4.9,1,207.622746
4.75,2,207.648143
4.6,3,207.673245
4.6,3,207.700532
3.55,10,207.739749
4.3,5,207.768157
-3.5,11,207.802935
4.6,3,207.832216
4.15,6,207.869327
4.3,5,207.899907
4.75,2,207.924753
4.75,2,207.951225
4.45,4,207.979805
4.6,3,208.010379
3.25,12,208.054796
-3.4,9,208.095242
4.15,6,208.125881
4.3,5,208.168684
3.25,12,208.215524
4.15,6,208.2498
4.3,5,208.280787
4.6,3,208.308319
3.7,9,208.349014
4.3,5,208.386852
-3.7,15,208.430033
4.0,7,208.46338
4.9,1,208.487679
4.45,4,208.516901
3.55,10,208.554343
4.15,6,208.586625
3.55,10,208.758981
4.6,3,208.784618
4.6,3,208.808766
4.6,3,208.836447
4.15,6,208.866195
-1.75,15,208.9099
3.55,10,208.948174
4.9,1,208.968917
3.7,9,209.004123
4.75,2,209.026944
3.25,12,209.068129
3.55,10,209.100519
3.25,12,209.140393
3.7,9,209.185859
-3.4,9,209.226277
4.0,7,209.265511
4.3,5,209.298221
3.1,13,209.339718
4.45,4,209.366884
4.6,3,209.394206
4.6,3,209.423554
4.75,2,209.44787
3.55,10,209.489379
4.45,4,209.517749
4.15,6,209.54756
-1.75,15,209.598389
4.6,3,209.629022
3.25,12,209.673179
4.6,3,209.704245
4.15,6,209.739971
4.45,4,209.77174
4.45,4,209.804094
4.45,4,209.835418
3.7,9,209.871611
4.0,7,209.905591
4.15,6,209.938272
4.15,6,209.971019
4.0,7,210.002818
4.3,5,210.169881
4.45,4,210.199257
3.55,10,210.235896
4.45,4,210.263986
3.55,10,210.296932
4.75,2,210.321504
3.85,8,210.359865
4.45,4,210.387025
4.45,4,210.41385
4.0,7,210.451811
3.85,8,210.483451
3.7,9,210.515583
3.85,8,210.546235
4.45,4,210.571257
-3.15,4,210.599418
4.3,5,210.625451
4.15,6,210.657521
4.45,4,210.685116
-3.65,14,210.72548
4.45,4,210.754425
4.3,5,210.782453
4.45,4,210.809136
3.7,9,210.847507
4.45,4,210.872168
4.3,5,210.903025
4.0,7,210.935962
3.7,9,210.970852
4.45,4,210.999987
4.15,6,211.030329
4.0,7,211.072829
4.3,5,211.11725
4.45,4,211.152285
4.15,6,211.191087
3.7,9,211.233292
4.3,5,211.26988
4.75,2,211.301995
4.75,2,211.333864
3.4,11,211.386604
3.55,10,211.436921
4.15,6,211.473775
3.7,9,211.518511
4.6,3,211.554926
4.75,2,211.743535
-3.55,12,211.785947
4.45,4,211.815864
4.6,3,211.840237
4.45,4,211.872393
4.3,5,211.901965
4.45,4,211.931162
-3.15,4,211.957037
3.55,10,211.995166
4.6,3,212.020464
4.15,6,212.055193
4.6,3,212.080714
4.45,4,212.107322
3.4,11,212.143445
3.7,9,212.185769
4.45,4,212.209826
4.45,4,212.236244
4.45,4,212.262165
4.75,2,212.28539
3.7,9,212.31888
4.15,6,212.349312
-3.6,13,212.391368
4.45,4,212.423311
4.6,3,212.449691
-3.35,8,212.481817
4.6,3,212.508272
4.9,1,212.531066
4.45,4,212.557991
4.6,3,212.5843
4.6,3,212.61155
4.6,3,212.643566
4.75,2,212.671738
4.0,7,212.709043
4.15,6,212.739441
3.25,12,212.780407
3.55,10,212.817374
4.75,2,212.845875
4.3,5,212.881736
3.4,11,212.926633
3.55,10,212.966201
4.6,3,212.996052
4.3,5,213.030522
2.95,14,213.079751
4.6,3,213.109986
4.9,1,213.136059
4.0,7,213.17199
4.45,4,213.356167
3.4,11,213.397897
4.3,5,213.427169
-3.7,15,213.472126
3.85,8,213.503243
4.75,2,213.526097
4.45,4,213.552052
4.6,3,213.576399
4.45,4,213.60443
3.7,9,213.638319
4.45,4,213.673459
4.3,5,213.70817
4.6,3,213.738658
4.15,6,213.77292
3.4,11,213.814
4.9,1,213.839236
4.3,5,213.881226
-1.75,15,213.93895
3.85,8,213.979914
4.15,6,214.013437
4.75,2,214.037707
3.4,11,214.073773
4.0,7,214.113346
4.15,6,214.149813
4.6,3,214.180842
3.7,9,214.227764
3.85,8,214.269863
4.15,6,214.303399
-1.75,15,214.351407
3.85,8,214.387617
4.75,2,214.418283
4.75,2,214.446534
4.6,3,214.478065
4.15,6,214.510072
4.15,6,214.547481
4.6,3,214.575761
4.0,7,214.615834
4.75,2,214.642143
3.7,9,214.682195
4.6,3,214.712147
4.15,6,214.751982
