#{"t_start": 1787939042.1222832, "env_id": "None"}
r,l,t
-3.1,3,0.037095
-3.05,2,0.06073
-3.0,1,0.087785
-3.05,2,0.110392
-3.15,4,0.135899
-3.0,1,0.159199
4.9,1,0.189082
-3.0,1,0.21503
-3.3,7,0.249146
-3.0,1,0.277308
-3.0,1,0.305228
4.45,4,0.335474
-3.0,1,0.359669
-3.05,2,0.383578
-3.35,8,0.417081
-3.3,7,0.450643
-3.05,2,0.480606
-3.05,2,0.504491
-3.1,3,0.531248
4.45,4,0.561397
-3.15,4,0.593309
-3.15,4,0.62155
4.45,4,0.652138
-3.0,1,0.681281
-3.1,3,0.712095
-3.15,4,0.74388
-3.1,3,0.771489
-3.2,5,0.804231
4.15,6,0.836484
4.75,2,0.861317
-3.1,3,0.887792
-3.05,2,0.91463
4.3,5,0.948467
-3.0,1,0.976053
-3.05,2,1.005554
-3.1,3,1.035806
-3.0,1,1.057048
3.4,11,1.104552
-3.15,4,1.137536
-3.45,10,1.176012
-3.05,2,1.197673
4.45,4,1.222755
-3.05,2,1.247981
-3.3,7,1.294993
-3.4,9,1.340561
-3.05,2,1.373558
4.6,3,1.401263
4.0,7,1.43281
-3.1,3,1.460928
4.45,4,1.488024
-3.1,3,1.517709
-3.05,2,1.546534
-3.0,1,1.574766
4.3,5,1.603918
-3.05,2,1.628959
4.45,4,1.655947
-3.0,1,1.678038
-3.1,3,1.705685
-3.0,1,1.729546
-3.05,2,1.754118
4.6,3,1.778945
-3.15,4,1.806649
-3.55,12,1.847965
-3.0,1,1.873332
-3.4,9,1.908468
-3.25,6,1.941228
-3.6,13,1.98448
-3.25,6,2.01423
-3.0,1,2.180751
4.45,4,2.212435
-3.1,3,2.237559
-3.3,7,2.268811
3.55,10,2.309609
3.25,12,2.361755
-3.6,13,2.40966
-3.05,2,2.433412
-3.0,1,2.460948
-3.15,4,2.489066
4.15,6,2.524404
-3.0,1,2.55302
4.75,2,2.583969
-3.1,3,2.612714
-3.5,11,2.659563
-3.0,1,2.682823
-3.1,3,2.718059
-3.15,4,2.743936
-3.1,3,2.769508
-3.0,1,2.792404
-3.0,1,2.813904
-3.0,1,2.83571
-3.2,5,2.865159
-3.0,1,2.887017
-3.1,3,2.912225
-3.25,6,2.942126
-3.0,1,2.965676
-3.2,5,3.003527
-3.0,1,3.029835
-3.2,5,3.061721
-3.0,1,3.083054
4.15,6,3.115875
-3.05,2,3.14176
-3.0,1,3.166459
-3.2,5,3.196021
-3.0,1,3.222764
-3.0,1,3.245217
-3.25,6,3.279692
-3.05,2,3.308074
-1.75,15,3.361532
-3.3,7,3.391217
4.0,7,3.431139
-3.05,2,3.4534
-3.05,2,3.478901
4.6,3,3.506928
4.45,4,3.539632
-3.15,4,3.572406
-3.2,5,3.605319
-3.15,4,3.633132
-3.2,5,3.666569
-3.1,3,3.697183
-3.2,5,3.730668
-3.15,4,3.764326
-3.1,3,3.791253
-3.05,2,3.820543
-3.1,3,3.85133
-3.05,2,3.876143
-3.35,8,3.914167
4.45,4,3.95182
3.4,11,4.000332
-3.05,2,4.032073
-3.0,1,4.058909
-1.75,15,4.284769
-3.0,1,4.315549
-3.05,2,4.34495
-3.15,4,4.375789
4.6,3,4.407875
-3.15,4,4.433818
-3.15,4,4.460088
4.15,6,4.49296
4.0,7,4.523427
4.45,4,4.551993
-3.45,10,4.590914
-3.0,1,4.615227
-3.0,1,4.637072
4.45,4,4.67212
-3.15,4,4.70075
-3.1,3,4.729544
-3.05,2,4.754231
-3.0,1,4.778704
-3.0,1,4.801117
-3.3,7,4.834566
-3.0,1,4.856638
-3.15,4,4.885685
-3.3,7,4.917536
-3.1,3,4.944799
-3.0,1,4.970275
-3.0,1,5.000133
4.15,6,5.035001
-3.0,1,5.058326
3.55,10,5.106778
-3.05,2,5.133902
4.3,5,5.162597
-3.2,5,5.195188
-3.1,3,5.221305
4.0,7,5.267365
4.45,4,5.299076
-3.3,7,5.335849
-3.15,4,5.3635
-3.05,2,5.389805
-3.05,2,5.417089
4.9,1,5.443527
3.7,9,5.486183
-3.05,2,5.514739
4.3,5,5.55093
-3.1,3,5.581727
-3.05,2,5.608482
-3.0,1,5.631386
-3.0,1,5.653603
-3.2,5,5.686515
-3.55,12,5.735846
-3.05,2,5.765668
-3.1,3,5.793684
-3.25,6,5.825348
-3.45,10,5.864381
4.45,4,5.891675
4.3,5,5.924425
3.25,12,5.966565
4.0,7,5.998738
-3.0,1,6.02088
-3.0,1,6.0437
-3.15,4,6.071228
-3.15,4,6.096146
-3.0,1,6.12034
3.7,9,6.298241
-3.05,2,6.325469
-3.1,3,6.350297
-3.1,3,6.374689
-3.3,7,6.410946
4.45,4,6.438615
-3.05,2,6.475165
-3.15,4,6.500049
-3.15,4,6.527716
-1.75,15,6.572267
-3.0,1,6.598042
-3.55,12,6.636236
-3.15,4,6.661758
-3.15,4,6.68832
4.15,6,6.720442
4.45,4,6.74983
4.0,7,6.783309
-3.5,11,6.81862
-3.4,9,6.861148
3.55,10,6.89726
-3.1,3,6.929721
-3.25,6,6.959399
-3.05,2,6.990196
-1.75,15,7.048151
-3.25,6,7.08057
4.15,6,7.113662
-3.45,10,7.151041
4.3,5,7.18435
-3.05,2,7.209662
-3.05,2,7.233733
-3.05,2,7.259812
3.1,13,7.314092
4.9,1,7.338858
4.0,7,7.381007
4.15,6,7.416368
-1.75,15,7.468485
-3.55,12,7.513142
4.3,5,7.542419
-3.0,1,7.57159
-3.1,3,7.60163
-3.2,5,7.63395
-3.1,3,7.664989
-3.05,2,7.693823
-3.3,7,7.888839
3.85,8,7.923836
-3.25,6,7.958603
-1.75,15,8.012208
-3.05,2,8.039054
-1.75,15,8.084761
-1.75,15,8.142015
3.85,8,8.182944
-3.25,6,8.21238
-3.45,10,8.250476
-3.45,10,8.295867
4.75,2,8.320667
-3.4,9,8.361706
-3.05,2,8.392341
-3.15,4,8.426385
4.75,2,8.459428
-3.35,8,8.511544
-3.4,9,8.550902
-1.75,15,8.609201
-3.6,13,8.661744
-3.25,6,8.699926
-3.15,4,8.735147
-3.0,1,8.76415
-3.1,3,8.79477
3.4,11,8.837402
-3.65,14,8.887848
3.55,10,8.933994
-1.75,15,8.991029
-3.35,8,9.033989
-3.4,9,9.075739
-3.05,2,9.101933
4.3,5,9.134926
4.15,6,9.315801
4.15,6,9.352118
-3.05,2,9.37706
4.0,7,9.408351
3.4,11,9.44725
3.1,13,9.487056
3.4,11,9.531332
-3.15,4,9.561933
-3.2,5,9.591306
-3.35,8,9.622622
-3.1,3,9.649767
4.0,7,9.690935
-3.05,2,9.715212
4.0,7,9.749655
-3.15,4,9.776449
4.45,4,9.806598
-3.45,10,9.846719
-3.1,3,9.871361
-3.1,3,9.898582
-3.2,5,9.92391
4.0,7,9.956895
-3.25,6,9.987707
-3.7,15,10.03354
-3.2,5,10.06236
-3.1,3,10.090402
-3.1,3,10.116246
4.75,2,10.143424
-3.35,8,10.176039
4.15,6,10.209849
-3.0,1,10.236343
-3.15,4,10.264808
4.0,7,10.301126
-3.2,5,10.330569
-1.75,15,10.380926
4.3,5,10.411859
-1.75,15,10.464504
-3.35,8,10.502664
4.45,4,10.534374
-3.1,3,10.565107
-3.0,1,10.598671
4.45,4,10.62772
4.3,5,10.661427
-3.0,1,10.687222
-3.05,2,10.7144
-3.1,3,10.738975
4.75,2,10.768631
-3.05,2,10.95084
-3.6,13,10.996455
-3.4,9,11.033997
-3.05,2,11.059579
4.15,6,11.08983
-3.25,6,11.121601
-3.5,11,11.159773
-3.35,8,11.191767
-3.0,1,11.214396
-3.0,1,11.235973
-3.05,2,11.264565
4.0,7,11.299812
-3.4,9,11.34437
-3.0,1,11.375105
-1.75,15,11.424292
-3.65,14,11.47225
-3.65,14,11.521805
-3.2,5,11.555969
-3.25,6,11.588706
-3.1,3,11.620234
-3.7,15,11.672163
-3.1,3,11.702027
-3.55,12,11.744651
-3.05,2,11.770115
-3.05,2,11.805686
4.15,6,11.84038
-3.05,2,11.867015
-3.05,2,11.889618
4.9,1,11.913908
-3.2,5,11.944539
-3.2,5,11.973795
-3.15,4,12.00428
-3.0,1,12.032261
-3.3,7,12.068851
-3.3,7,12.11411
-3.15,4,12.148402
3.25,12,12.188612
-3.05,2,12.215557
4.75,2,12.24031
-3.1,3,12.266795
-3.0,1,12.288258
-3.15,4,12.317398
4.6,3,12.349675
-3.15,4,12.378683
-3.15,4,12.404482
-3.0,1,12.429214
-3.35,8,12.609743
-3.15,4,12.643404
3.55,10,12.680744
3.85,8,12.716892
-3.0,1,12.739967
-3.05,2,12.764452
-3.2,5,12.792998
-3.0,1,12.816172
-3.0,1,12.838555
4.15,6,12.869734
-3.05,2,12.8925
-3.0,1,12.918954
-3.05,2,12.950962
-3.05,2,12.980395
-3.0,1,13.002109
4.15,6,13.042678
-3.25,6,13.076369
-3.0,1,13.098836
-3.0,1,13.118432
-3.1,3,13.147669
-3.05,2,13.173812
-3.25,6,13.202901
-3.1,3,13.23106
3.55,10,13.267637
-3.1,3,13.30169
-3.0,1,13.32744
3.4,11,13.380171
-3.0,1,13.405679
4.0,7,13.446066
4.15,6,13.476276
-3.3,7,13.508816
-3.0,1,13.533207
4.45,4,13.564507
-3.0,1,13.588766
-3.55,12,13.639848
-3.15,4,13.672381
-3.25,6,13.705948
3.25,12,13.750566
-3.5,11,13.796814
-3.25,6,13.831291
-3.05,2,13.858015
-3.0,1,13.87887
3.85,8,13.909776
-3.4,9,13.946172
-3.0,1,13.969296
-3.7,15,14.013508
-3.1,3,14.038848
2.8,15,14.080592
-1.75,15,14.124317
4.0,7,14.156854
-3.65,14,14.337911
-3.0,1,14.359298
-3.0,1,14.384668
-3.45,10,14.429641
3.1,13,14.470915
4.3,5,14.502396
-3.4,9,14.536273
-3.15,4,14.563142
-3.25,6,14.596826
-3.0,1,14.622361
-3.25,6,14.651704
-3.45,10,14.697813
3.25,12,14.741048
3.4,11,14.782186
-3.45,10,14.828148
4.75,2,14.860587
-3.25,6,14.894321
-3.05,2,14.920266
4.45,4,14.952074
-3.35,8,14.990494
-3.3,7,15.024443
-1.75,15,15.070272
-1.75,15,15.117506
-3.35,8,15.155694
-3.1,3,15.187641
3.4,11,15.229482
4.75,2,15.256157
-3.45,10,15.291551
-3.25,6,15.32178
-3.05,2,15.3455
4.0,7,15.379599
4.6,3,15.403062
-3.0,1,15.42872
-3.05,2,15.459817
-3.05,2,15.487065
-3.0,1,15.511813
-3.3,7,15.546916
-3.05,2,15.572824
-3.2,5,15.608021
-3.7,15,15.87021
3.7,9,15.910476
-1.75,15,15.959048
-3.15,4,15.988376
2.95,14,16.033215
-3.15,4,16.057282
4.15,6,16.090517
-3.0,1,16.114083
-3.25,6,16.149402
-3.1,3,16.174208
-3.4,9,16.216808
4.45,4,16.245557
-3.4,9,16.282148
-3.3,7,16.316978
4.15,6,16.353157
3.25,12,16.395693
-3.25,6,16.42732
-3.15,4,16.452171
4.45,4,16.478452
-3.0,1,16.499256
-3.0,1,16.5258
3.7,9,16.560558
-3.25,6,16.590696
-3.2,5,16.619247
-3.5,11,16.65975
4.3,5,16.690957
-3.45,10,16.742249
-3.45,10,16.794173
-3.0,1,16.827463
-3.05,2,16.858804
4.3,5,16.891071
-3.35,8,16.933408
3.4,11,16.976299
-3.35,8,17.012813
-3.6,13,17.051886
-3.4,9,17.093102
-1.75,15,17.140948
-3.4,9,17.336817
-3.15,4,17.37222
-3.3,7,17.409763
-3.05,2,17.436202
-3.2,5,17.471983
4.0,7,17.507591
-3.15,4,17.536199
-3.35,8,17.579175
-3.15,4,17.606871
-1.75,15,17.655971
3.7,9,17.69411
-1.75,15,17.737941
-3.25,6,17.768547
-3.4,9,17.808382
-3.15,4,17.844744
-3.65,14,17.895009
-3.3,7,17.931121
-3.15,4,17.963772
-3.3,7,17.999314
4.3,5,18.035572
-3.1,3,18.068415
-3.4,9,18.106486
-3.0,1,18.134923
-3.55,12,18.189866
4.0,7,18.239836
4.15,6,18.28399
-3.35,8,18.331367
-3.55,12,18.382098
4.6,3,18.413395
-3.05,2,18.445918
4.45,4,18.474381
4.15,6,18.513164
-3.35,8,18.54683
3.55,10,18.584477
-3.3,7,18.616461
-3.4,9,18.648093
-3.55,12,18.839853
-3.05,2,18.869715
-3.0,1,18.895222
-3.1,3,18.919577
-3.15,4,18.948159
3.25,12,18.990981
-3.0,1,19.012523
-3.05,2,19.039222
4.6,3,19.067892
-3.2,5,19.09813
-3.05,2,19.12254
-3.3,7,19.169305
-3.2,5,19.205973
-3.25,6,19.249837
4.0,7,19.286853
-3.25,6,19.31779
4.6,3,19.346116
-3.25,6,19.376873
-3.0,1,19.404225
-3.0,1,19.428573
-3.15,4,19.454406
-3.1,3,19.483456
-3.3,7,19.515548
-3.0,1,19.537305
4.9,1,19.563013
-3.25,6,19.59666
4.6,3,19.627786
-3.25,6,19.663858
-3.25,6,19.694519
2.8,15,19.741195
4.15,6,19.775025
-3.05,2,19.800746
4.0,7,19.835269
-3.05,2,19.863378
-3.3,7,19.901064
-3.1,3,19.925704
3.55,10,19.961837
3.7,9,19.999809
3.55,10,20.040416
-3.05,2,20.067077
-3.2,5,20.097671
-3.25,6,20.127338
3.85,8,20.162515
-3.2,5,20.195782
-3.2,5,20.228726
-3.0,1,20.254189
-3.7,15,20.307743
-3.6,13,20.349611
4.3,5,20.386979
-3.05,2,20.565039
3.85,8,20.599552
-3.05,2,20.624779
-3.6,13,20.667501
4.45,4,20.695948
-3.15,4,20.727215
4.0,7,20.756569
-3.0,1,20.781431
3.7,9,20.821183
3.1,13,20.875318
-3.1,3,20.898589
-3.2,5,20.929598
-3.0,1,20.956569
-3.0,1,20.978888
-3.25,6,21.007648
-3.5,11,21.046986
-3.1,3,21.072156
-3.1,3,21.096748
-3.35,8,21.131924
-3.65,14,21.174055
-3.15,4,21.200618
-3.55,12,21.246048
-3.1,3,21.27477
-3.3,7,21.313251
3.85,8,21.357187
-3.05,2,21.386855
4.0,7,21.418971
-3.1,3,21.447024
-3.0,1,21.473523
3.85,8,21.512465
-3.0,1,21.542186
-3.15,4,21.575925
4.3,5,21.609129
-1.75,15,21.659163
-3.65,14,21.702718
3.55,10,21.752504
-3.05,2,21.782818
4.0,7,21.818129
-3.4,9,21.852041
4.0,7,21.883713
4.45,4,21.91632
-3.25,6,22.088157
3.85,8,22.119359
-3.35,8,22.15031
4.6,3,22.175854
4.15,6,22.206165
-3.35,8,22.243398
4.15,6,22.278439
-1.75,15,22.322293
-3.1,3,22.348875
-3.6,13,22.388618
4.3,5,22.418366
-3.25,6,22.451849
-3.2,5,22.481295
3.25,12,22.520839
3.55,10,22.559582
3.25,12,22.60322
-3.2,5,22.631056
-3.1,3,22.656291
-3.25,6,22.686957
-3.05,2,22.715494
4.6,3,22.745274
-3.4,9,22.779716
-3.1,3,22.805736
-3.7,15,22.853212
-3.25,6,22.884865
-3.45,10,22.928212
4.6,3,22.952172
3.85,8,22.99466
3.7,9,23.029647
-3.0,1,23.052348
-3.25,6,23.087888
-3.35,8,23.123092
-3.4,9,23.15658
3.85,8,23.187486
-3.1,3,23.213157
3.4,11,23.249967
-3.5,11,23.451247
-3.4,9,23.488249
-3.15,4,23.513993
-1.75,15,23.562091
4.15,6,23.590307
-3.35,8,23.622755
-3.05,2,23.646016
-3.0,1,23.677672
-3.0,1,23.701557
4.15,6,23.733109
3.4,11,23.775123
-3.25,6,23.811661
4.0,7,23.855278
4.3,5,23.893506
-3.1,3,23.923536
-3.4,9,23.971818
4.0,7,24.010745
-3.15,4,24.038509
4.75,2,24.06671
-3.15,4,24.095129
-3.15,4,24.119
-3.65,14,24.156799
3.85,8,24.188363
4.0,7,24.216664
-3.0,1,24.242119
3.1,13,24.283232
3.4,11,24.331187
3.4,11,24.373829
-3.7,15,24.421411
-3.35,8,24.463446
-3.0,1,24.485636
-3.55,12,24.529711
-3.35,8,24.563097
-3.5,11,24.599506
-3.55,12,24.642203
-3.05,2,24.668512
-3.45,10,24.886154
4.45,4,24.915537
3.25,12,24.957453
-3.2,5,24.987079
3.4,11,25.03162
-3.2,5,25.061772
3.55,10,25.099349
-3.05,2,25.123435
4.0,7,25.164081
-3.1,3,25.188468
4.75,2,25.213286
-3.0,1,25.233749
4.6,3,25.259434
4.15,6,25.287228
-3.2,5,25.317324
-3.4,9,25.352233
3.85,8,25.385715
-3.15,4,25.414667
-3.55,12,25.459523
3.85,8,25.496236
-3.1,3,25.52372
3.7,9,25.560879
-3.25,6,25.591874
4.45,4,25.618035
3.4,11,25.659803
-3.05,2,25.684509
4.0,7,25.713254
-3.5,11,25.754204
-3.35,8,25.789229
-3.3,7,25.820167
3.25,12,25.86583
-3.35,8,25.900455
3.1,13,25.942892
-3.6,13,25.997116
4.15,6,26.036344
4.3,5,26.068679
-3.25,6,26.103613
3.85,8,26.312993
-3.25,6,26.351045
4.3,5,26.387021
-3.3,7,26.419546
4.3,5,26.450469
4.3,5,26.484983
-3.05,2,26.516464
-3.15,4,26.544085
-3.0,1,26.572128
4.6,3,26.598257
-3.65,14,26.640906
-3.3,7,26.670875
4.75,2,26.696391
-3.45,10,26.730883
-3.3,7,26.76103
4.15,6,26.792216
3.85,8,26.827184
-3.35,8,26.861779
-3.2,5,26.891133
4.0,7,26.92617
-3.65,14,26.969051
4.0,7,27.001875
3.85,8,27.040065
4.0,7,27.069285
-3.4,9,27.101876
3.4,11,27.142069
-3.05,2,27.163614
3.55,10,27.199421
-3.05,2,27.222903
3.7,9,27.265373
-3.1,3,27.295098
3.4,11,27.333209
4.15,6,27.363821
3.25,12,27.40879
-3.25,6,27.439748
-3.7,15,27.486362
-3.4,9,27.690897
-3.65,14,27.741471
-3.05,2,27.76923
3.55,10,27.818923
3.85,8,27.8629
4.45,4,27.894566
4.45,4,27.927903
-3.15,4,27.960438
3.4,11,28.010039
4.15,6,28.042888
-3.05,2,28.065757
-3.1,3,28.091546
4.0,7,28.126376
-3.15,4,28.15922
-3.5,11,28.196425
-3.45,10,28.238617
4.45,4,28.267521
4.45,4,28.301403
4.6,3,28.335901
-3.25,6,28.374331
-3.1,3,28.399483
4.9,1,28.42227
-3.3,7,28.464182
4.45,4,28.494705
-3.25,6,28.529797
4.0,7,28.567636
4.0,7,28.601682
-3.1,3,28.62901
-3.0,1,28.653162
-3.5,11,28.698334
-3.35,8,28.736356
-3.1,3,28.764107
-3.15,4,28.792763
-3.15,4,28.820522
-3.0,1,28.84245
3.4,11,28.885891
-3.5,11,28.926018
-3.25,6,28.964999
-3.55,12,29.008308
-3.5,11,29.048082
-3.3,7,29.085805
-3.35,8,29.119954
-3.1,3,29.310288
-3.0,1,29.340489
-3.15,4,29.378653
4.0,7,29.415483
-3.25,6,29.448633
-3.2,5,29.479864
3.7,9,29.52011
-3.3,7,29.552453
3.7,9,29.587541
4.15,6,29.617604
4.15,6,29.647478
4.75,2,29.677229
-3.05,2,29.710587
4.45,4,29.739894
4.15,6,29.769993
3.55,10,29.811444
3.4,11,29.852571
-3.45,10,29.897888
-3.15,4,29.929975
-3.1,3,29.96184
-3.2,5,29.990841
4.45,4,30.023415
-3.0,1,30.050893
-3.4,9,30.09083
3.55,10,30.128612
-3.65,14,30.170549
4.0,7,30.203152
-3.15,4,30.235891
4.3,5,30.266058
-3.5,11,30.310241
-3.15,4,30.340221
3.85,8,30.379415
-3.4,9,30.416525
-3.05,2,30.446138
-3.25,6,30.475147
-3.2,5,30.507376
-3.35,8,30.54324
-3.35,8,30.579019
3.55,10,30.629367
-3.6,13,30.856248
-3.05,2,30.883708
-3.1,3,30.912901
-3.1,3,30.941581
4.3,5,30.978334
-3.1,3,31.011311
3.4,11,31.058907
-3.15,4,31.090072
4.3,5,31.122074
3.25,12,31.160645
-3.4,9,31.200189
-3.2,5,31.231671
4.15,6,31.268541
4.3,5,31.298594
-3.35,8,31.334356
-3.15,4,31.362835
-3.25,6,31.399012
3.55,10,31.441912
-1.75,15,31.492935
-3.4,9,31.530292
-3.2,5,31.561942
4.45,4,31.592177
4.75,2,31.622519
-3.4,9,31.663295
-3.05,2,31.69411
3.7,9,31.727278
-3.45,10,31.764688
4.0,7,31.795806
-3.25,6,31.832145
4.0,7,31.877198
-3.15,4,31.905961
-3.4,9,31.945361
4.45,4,31.974905
-3.55,12,32.016445
4.0,7,32.056237
3.85,8,32.091473
-3.3,7,32.124976
-3.05,2,32.14694
-3.2,5,32.177103
-3.25,6,32.20961
-3.15,4,32.242573
-3.15,4,32.445048
4.15,6,32.474699
4.15,6,32.505551
-3.4,9,32.544385
-3.05,2,32.568078
-3.7,15,32.616994
-3.15,4,32.645325
-3.25,6,32.679364
-3.3,7,32.715454
4.15,6,32.748193
4.45,4,32.779222
-3.3,7,32.818869
3.4,11,32.866249
4.45,4,32.896355
4.15,6,32.932391
3.4,11,32.973928
-3.05,2,32.99716
4.45,4,33.026264
4.0,7,33.058859
-3.1,3,33.081866
-3.4,9,33.114025
3.55,10,33.149421
-3.3,7,33.180558
4.75,2,33.206117
-3.3,7,33.236183
-3.05,2,33.261208
-3.15,4,33.288485
4.6,3,33.31561
-3.5,11,33.360185
4.15,6,33.394597
-3.3,7,33.429247
-3.3,7,33.462049
4.15,6,33.491528
-3.5,11,33.532924
-3.1,3,33.557587
4.45,4,33.585936
-3.2,5,33.617471
-3.4,9,33.650928
-3.1,3,33.680782
-3.45,10,33.714716
-3.15,4,33.744064
-3.35,8,33.937343
3.7,9,33.971725
-3.2,5,34.000039
-3.05,2,34.027945
-3.2,5,34.060767
-3.0,1,34.085627
-3.45,10,34.123881
4.0,7,34.159741
3.7,9,34.197799
3.1,13,34.242399
-3.1,3,34.267111
-3.3,7,34.29916
-3.15,4,34.329032
4.6,3,34.353433
3.85,8,34.389617
-3.65,14,34.430057
-3.15,4,34.45684
-3.45,10,34.4925
3.85,8,34.526431
-3.1,3,34.553774
3.55,10,34.58885
-3.2,5,34.616141
4.0,7,34.644678
-3.25,6,34.675101
-3.25,6,34.708518
4.15,6,34.743741
3.25,12,34.79406
-3.2,5,34.823938
-3.45,10,34.862362
3.4,11,34.908513
4.3,5,34.943829
3.85,8,34.979155
-3.2,5,35.008297
3.55,10,35.043869
-3.35,8,35.082624
3.55,10,35.118583
3.55,10,35.282919
-3.05,2,35.305989
-3.6,13,35.349876
-3.25,6,35.388656
-3.0,1,35.415034
-3.2,5,35.447502
-3.0,1,35.472859
-3.1,3,35.500081
4.0,7,35.535928
-3.0,1,35.560508
3.55,10,35.598209
4.0,7,35.638456
3.85,8,35.674102
-3.0,1,35.69782
-3.4,9,35.737376
-3.35,8,35.785153
-3.65,14,35.840369
4.45,4,35.871415
-3.55,12,35.912588
2.8,15,35.961885
-3.15,4,35.990698
-3.1,3,36.016639
-3.25,6,36.048598
-3.2,5,36.078224
-3.45,10,36.11571
4.15,6,36.145979
-3.45,10,36.182829
3.55,10,36.22193
4.3,5,36.253134
3.55,10,36.291638
-3.05,2,36.31692
-3.35,8,36.35319
-3.05,2,36.380207
-3.15,4,36.419839
4.0,7,36.457741
-3.35,8,36.491115
-3.55,12,36.539856
3.85,8,36.573025
3.85,8,36.781405
-3.25,6,36.810938
3.25,12,36.847328
3.55,10,36.887729
4.15,6,36.923414
-3.4,9,36.962263
-3.2,5,36.994859
-3.15,4,37.028757
-3.1,3,37.054054
-3.0,1,37.078647
3.85,8,37.110925
3.85,8,37.148896
3.1,13,37.192477
3.55,10,37.227967
-3.55,12,37.275963
-3.15,4,37.303634
4.3,5,37.332701
4.0,7,37.364501
-3.3,7,37.397489
-3.25,6,37.431446
-3.3,7,37.463132
-3.55,12,37.509044
3.1,13,37.550182
-3.4,9,37.58884
4.3,5,37.617472
-3.3,7,37.65131
-3.15,4,37.682427
-3.05,2,37.707206
-3.45,10,37.741547
4.45,4,37.764716
4.0,7,37.79753
-3.25,6,37.837272
-3.45,10,37.87148
-3.1,3,37.898097
-3.05,2,37.922767
3.85,8,37.95352
3.7,9,38.159225
-3.35,8,38.201944
3.1,13,38.247727
-3.4,9,38.286434
-3.25,6,38.322453
-3.15,4,38.350599
-3.5,11,38.388806
4.0,7,38.424801
4.3,5,38.453605
-3.25,6,38.48638
-3.0,1,38.513244
-3.7,15,38.562829
-3.5,11,38.610864
3.4,11,38.649591
-3.35,8,38.687868
-3.55,12,38.728795
3.25,12,38.774134
4.45,4,38.811055
-3.25,6,38.840922
4.15,6,38.873868
-3.5,11,38.915859
-3.4,9,38.957345
3.85,8,38.989012
3.7,9,39.030717
-3.2,5,39.058198
-3.2,5,39.088827
-3.55,12,39.125246
-3.15,4,39.157194
-3.15,4,39.181329
-3.0,1,39.204322
-3.1,3,39.229944
-3.0,1,39.252635
-3.2,5,39.281459
-3.5,11,39.317911
4.6,3,39.34673
4.6,3,39.37299
4.3,5,39.543999
-3.3,7,39.577433
3.55,10,39.610902
3.4,11,39.647298
-3.1,3,39.673288
-3.45,10,39.708024
-3.35,8,39.743412
3.7,9,39.778646
4.15,6,39.811474
-3.6,13,39.849897
-3.45,10,39.886312
3.85,8,39.925453
4.45,4,39.963165
-3.1,3,39.988938
-3.15,4,40.025346
-3.4,9,40.0608
3.85,8,40.095196
3.7,9,40.137219
-3.6,13,40.177002
-3.1,3,40.203996
-3.3,7,40.237797
-3.25,6,40.274993
-3.45,10,40.312737
-3.55,12,40.362583
-3.3,7,40.400309
-3.05,2,40.432652
-3.65,14,40.491196
3.55,10,40.536572
4.15,6,40.573968
3.7,9,40.61817
4.15,6,40.653606
-3.2,5,40.681867
-3.2,5,40.711046
-3.25,6,40.893855
-3.4,9,40.928182
-3.4,9,40.960204
3.7,9,40.996547
-3.2,5,41.025637
-3.55,12,41.073771
4.75,2,41.098397
3.25,12,41.137568
4.45,4,41.164788
-3.3,7,41.203039
4.0,7,41.235857
-3.15,4,41.262359
-3.45,10,41.298548
-3.2,5,41.328378
-3.3,7,41.362626
-3.1,3,41.392658
-3.55,12,41.436381
-3.25,6,41.469662
4.6,3,41.497615
-3.45,10,41.541383
-3.0,1,41.562775
-3.25,6,41.59963
-3.15,4,41.632477
-3.1,3,41.659826
-3.3,7,41.692935
-3.3,7,41.725596
4.15,6,41.762871
4.3,5,41.798044
3.85,8,41.834411
4.3,5,41.867485
-3.1,3,41.902872
-3.45,10,41.945135
-3.1,3,41.971679
3.85,8,42.008389
3.4,11,42.049531
-3.25,6,42.084569
4.3,5,42.112983
3.7,9,42.150401
-3.05,2,42.17191
-3.05,2,42.195771
-3.35,8,42.227575
-3.6,13,42.423455
4.45,4,42.448741
-3.45,10,42.484581
-3.35,8,42.518994
-3.35,8,42.554862
4.0,7,42.588428
4.3,5,42.617467
4.15,6,42.649495
4.3,5,42.682239
-3.1,3,42.712637
3.7,9,42.752144
-3.5,11,42.792989
3.55,10,42.839869
-3.4,9,42.876828
-3.5,11,42.924321
3.85,8,42.958437
-3.35,8,42.99047
-3.2,5,43.016848
-3.2,5,43.048331
-3.15,4,43.080704
-3.6,13,43.121113
-3.3,7,43.155455
-3.5,11,43.192995
-3.25,6,43.225334
-3.45,10,43.267703
-3.0,1,43.294251
4.3,5,43.329069
4.15,6,43.365747
4.15,6,43.400745
4.0,7,43.444487
-3.25,6,43.476687
3.7,9,43.511746
-3.35,8,43.552517
-3.45,10,43.592782
-3.05,2,43.616828
-3.5,11,43.821225
-3.45,10,43.865877
4.0,7,43.902174
-3.4,9,43.938951
-3.2,5,43.964481
3.85,8,43.997833
3.55,10,44.036652
-3.05,2,44.063098
-3.05,2,44.088018
-3.2,5,44.118773
3.85,8,44.1592
-3.0,1,44.185661
3.4,11,44.219444
-3.25,6,44.250244
-3.4,9,44.285341
-3.6,13,44.327591
-3.45,10,44.364032
-3.3,7,44.394889
4.0,7,44.430207
3.25,12,44.477163
3.7,9,44.514353
4.15,6,44.545902
4.75,2,44.571377
-3.2,5,44.601123
3.55,10,44.638054
-3.0,1,44.659419
-3.25,6,44.68985
-3.4,9,44.732099
-3.3,7,44.775465
4.15,6,44.81746
-3.1,3,44.845044
3.85,8,44.888931
-3.25,6,44.927357
4.0,7,44.967273
3.85,8,45.007386
-3.25,6,45.04704
4.0,7,45.264519
-3.25,6,45.299747
-3.4,9,45.332828
-3.25,6,45.363062
4.45,4,45.394872
4.0,7,45.426996
-3.25,6,45.461969
-3.3,7,45.4948
-3.55,12,45.534669
-3.3,7,45.563285
-3.25,6,45.594398
3.55,10,45.630444
4.9,1,45.656605
-3.35,8,45.687997
-3.1,3,45.713005
3.4,11,45.762783
4.3,5,45.796645
-3.5,11,45.836274
-3.3,7,45.865838
4.15,6,45.896929
-3.5,11,45.932829
-3.05,2,45.95643
-3.35,8,45.992002
-3.3,7,46.023245
4.0,7,46.056489
4.15,6,46.084008
-3.0,1,46.106715
4.0,7,46.140514
3.7,9,46.175878
-3.2,5,46.204242
4.3,5,46.235486
-3.45,10,46.279728
3.55,10,46.315173
4.0,7,46.352208
-3.3,7,46.384064
3.55,10,46.431239
4.3,5,46.461685
4.75,2,46.494845
4.3,5,46.687336
-3.6,13,46.728647
4.6,3,46.756819
-3.05,2,46.780786
4.75,2,46.808645
4.15,6,46.848392
-3.1,3,46.874043
4.0,7,46.904678
4.3,5,46.932817
4.3,5,46.963201
4.15,6,46.995111
3.85,8,47.029939
-3.25,6,47.058015
3.7,9,47.090442
-3.2,5,47.121471
4.6,3,47.144846
3.55,10,47.180419
-3.4,9,47.212349
-3.25,6,47.240576
3.85,8,47.272655
3.25,12,47.311168
-3.25,6,47.346823
4.3,5,47.375304
3.55,10,47.415976
4.0,7,47.447933
-3.45,10,47.484323
4.3,5,47.515594
4.3,5,47.546407
3.85,8,47.583074
4.3,5,47.615455
-3.35,8,47.653457
-3.35,8,47.684992
-3.1,3,47.712415
4.15,6,47.746885
-3.15,4,47.778975
-3.35,8,47.816593
4.0,7,47.85624
4.3,5,47.886213
-3.25,6,47.914175
3.4,11,48.127406
4.6,3,48.160168
3.7,9,48.204244
-3.4,9,48.239505
-3.3,7,48.271874
4.6,3,48.305526
3.7,9,48.348822
4.0,7,48.387236
-3.05,2,48.413054
-3.2,5,48.449341
4.0,7,48.485631
-3.5,11,48.525056
-3.45,10,48.558506
-3.35,8,48.592166
4.0,7,48.624795
-3.25,6,48.660725
3.55,10,48.701566
-3.25,6,48.730786
3.85,8,48.766011
4.0,7,48.79716
4.45,4,48.829491
4.0,7,48.872615
4.15,6,48.91186
-3.0,1,48.933419
-3.2,5,48.960917
3.85,8,48.995945
4.15,6,49.030414
-3.15,4,49.058563
4.0,7,49.091663
-3.05,2,49.112004
-3.2,5,49.139491
3.7,9,49.171225
-3.25,6,49.200517
-3.25,6,49.229101
4.0,7,49.260256
-3.15,4,49.290017
-3.3,7,49.325067
-3.2,5,49.358354
4.3,5,49.389961
3.85,8,49.424411
-3.25,6,49.458681
4.3,5,49.656168
4.45,4,49.688899
-3.3,7,49.720326
4.45,4,49.750169
4.0,7,49.787271
4.3,5,49.824594
3.85,8,49.857496
4.3,5,49.893717
-3.35,8,49.938701
3.7,9,49.98188
-3.25,6,50.020692
-3.2,5,50.049026
-3.25,6,50.080606
-3.4,9,50.11997
-3.5,11,50.160679
3.7,9,50.194868
-3.1,3,50.226557
-3.2,5,50.254485
4.0,7,50.287024
-3.2,5,50.319402
-3.25,6,50.348743
-3.25,6,50.380286
-3.25,6,50.411871
-3.3,7,50.44995
4.75,2,50.474896
4.45,4,50.509777
-3.45,10,50.547522
-3.4,9,50.583102
4.45,4,50.610333
4.0,7,50.641983
4.3,5,50.667811
3.55,10,50.710575
-3.0,1,50.734232
-3.35,8,50.769256
4.45,4,50.795925
-3.1,3,50.822902
4.0,7,50.859338
4.45,4,50.88682
4.45,4,50.916336
4.0,7,50.953791
-3.3,7,50.986351
-3.2,5,51.021315
-3.2,5,51.212658
-3.4,9,51.247969
-3.3,7,51.28228
-3.15,4,51.313135
-3.35,8,51.347183
4.0,7,51.380608
-3.3,7,51.417105
-3.45,10,51.465794
-3.3,7,51.500101
4.15,6,51.538438
3.7,9,51.572593
4.6,3,51.598325
-3.45,10,51.639792
-3.45,10,51.673956
4.15,6,51.704159
-3.25,6,51.742298
-3.45,10,51.783499
-3.25,6,51.810903
4.0,7,51.845539
-3.1,3,51.873553
-3.3,7,51.903636
-3.1,3,51.927599
4.6,3,51.954565
3.85,8,51.987853
4.6,3,52.012389
-3.25,6,52.045457
3.85,8,52.07773
3.85,8,52.114967
-3.5,11,52.153262
3.7,9,52.186547
-3.4,9,52.225663
4.45,4,52.255438
-3.3,7,52.287553
-3.45,10,52.328463
4.15,6,52.362243
4.75,2,52.391236
-3.2,5,52.420696
-3.05,2,52.445118
4.15,6,52.476706
4.0,7,52.671243
4.3,5,52.70322
4.3,5,52.73793
-3.4,9,52.775598
-3.4,9,52.815183
-3.45,10,52.85603
-3.15,4,52.88055
-3.1,3,52.906204
4.0,7,52.940426
-3.2,5,52.972124
3.55,10,53.018529
3.85,8,53.061456
-3.35,8,53.098337
3.25,12,53.137855
4.0,7,53.171574
4.0,7,53.203659
-3.25,6,53.232752
-3.15,4,53.261178
-3.4,9,53.294937
-3.1,3,53.320875
-3.3,7,53.352957
-3.0,1,53.380787
-3.35,8,53.423304
4.0,7,53.454943
-3.35,8,53.492634
4.15,6,53.526205
-3.15,4,53.554774
4.15,6,53.583246
3.7,9,53.619752
4.15,6,53.647784
-3.15,4,53.67647
-3.3,7,53.707717
-3.1,3,53.734856
3.85,8,53.767882
-3.1,3,53.793697
-3.45,10,53.832967
3.7,9,53.871248
-3.3,7,53.90142
-3.05,2,53.925012
-3.35,8,54.113571
-3.2,5,54.144739
-3.2,5,54.173836
-3.25,6,54.205977
-3.45,10,54.241796
4.15,6,54.274654
3.7,9,54.314589
4.45,4,54.34308
4.6,3,54.373121
-3.1,3,54.401806
-3.05,2,54.428436
-3.35,8,54.463509
4.45,4,54.493035
4.3,5,54.529412
-3.3,7,54.567832
-3.4,9,54.602184
4.15,6,54.634161
3.55,10,54.673627
4.3,5,54.70762
4.0,7,54.742883
-3.3,7,54.776165
-3.15,4,54.806108
3.55,10,54.842387
-3.05,2,54.868873
4.3,5,54.901989
-3.15,4,54.9356
-3.25,6,54.967415
-3.15,4,54.996641
3.55,10,55.041416
4.15,6,55.081991
-3.35,8,55.114132
-3.2,5,55.145806
4.15,6,55.17522
-3.7,15,55.216844
-3.15,4,55.246258
4.3,5,55.275173
4.0,7,55.310221
4.3,5,55.340423
-3.35,8,55.37587
4.15,6,55.404612
-3.2,5,55.455139
-3.15,4,55.497958
4.45,4,55.536262
3.85,8,55.742385
-3.35,8,55.779504
-3.0,1,55.80547
-3.1,3,55.835985
-3.3,7,55.870641
3.7,9,55.905933
-3.25,6,55.939568
4.0,7,55.971342
4.45,4,56.00292
4.45,4,56.028255
3.85,8,56.070091
-3.25,6,56.098648
4.3,5,56.128565
-3.4,9,56.168618
4.0,7,56.197866
3.85,8,56.230373
4.15,6,56.264481
-3.35,8,56.296308
-3.45,10,56.333757
4.0,7,56.36454
4.3,5,56.396771
-3.2,5,56.432228
-3.5,11,56.472344
4.45,4,56.503143
-3.15,4,56.529979
-3.3,7,56.562513
4.0,7,56.597067
-3.3,7,56.628548
4.0,7,56.663
-3.0,1,56.685992
-3.1,3,56.712626
-3.3,7,56.748993
4.15,6,56.780601
3.85,8,56.815217
-3.4,9,56.852451
-3.4,9,56.888224
-3.2,5,56.919851
4.15,6,56.953703
-3.2,5,56.9827
-3.25,6,57.016912
-3.3,7,57.203779
-3.1,3,57.231074
-3.1,3,57.258911
-3.55,12,57.305012
-3.5,11,57.34961
3.7,9,57.391191
4.45,4,57.424892
3.7,9,57.463961
-3.25,6,57.499037
-3.45,10,57.540056
3.7,9,57.58379
-3.35,8,57.619159
3.85,8,57.658048
-3.25,6,57.692752
-3.15,4,57.723108
3.7,9,57.761469
3.4,11,57.799479
-3.2,5,57.829056
3.7,9,57.869087
-3.3,7,57.902361
4.6,3,57.927849
-3.3,7,57.96194
-3.15,4,57.99152
-3.25,6,58.025262
4.3,5,58.058463
4.0,7,58.090078
-3.2,5,58.120011
4.0,7,58.158151
4.15,6,58.190657
4.0,7,58.230755
4.6,3,58.260588
4.0,7,58.295591
-3.45,10,58.335284
-3.3,7,58.369803
-3.4,9,58.414291
-3.1,3,58.442816
4.3,5,58.470971
4.0,7,58.504822
4.75,2,58.689544
3.85,8,58.727341
3.7,9,58.768702
-3.35,8,58.803831
-3.05,2,58.826467
3.85,8,58.862758
-3.25,6,58.895175
-3.45,10,58.939667
-3.15,4,58.972311
3.85,8,59.009702
-3.2,5,59.041832
-3.1,3,59.069594
4.15,6,59.101024
3.85,8,59.13327
4.15,6,59.164593
3.55,10,59.19855
-3.25,6,59.23285
-3.15,4,59.26005
4.75,2,59.289561
-3.3,7,59.328294
4.45,4,59.361717
-3.2,5,59.395153
4.45,4,59.424331
3.85,8,59.462341
-3.1,3,59.486487
3.85,8,59.522027
-3.4,9,59.559367
-3.2,5,59.588982
4.15,6,59.621778
4.3,5,59.659969
-3.35,8,59.704219
-3.05,2,59.729573
-3.1,3,59.757997
4.15,6,59.792227
-3.2,5,59.823377
-3.1,3,59.849215
-3.1,3,59.875624
-3.4,9,59.91204
-3.25,6,59.947147
-3.6,13,59.989013
-3.2,5,60.017589
-3.25,6,60.051008
-3.3,7,60.082341
-3.3,7,60.255559
4.15,6,60.283356
4.75,2,60.310763
-3.1,3,60.340659
-3.15,4,60.370496
4.9,1,60.395951
-3.35,8,60.430665
-3.3,7,60.465122
-3.0,1,60.487144
4.0,7,60.524216
4.15,6,60.557123
3.55,10,60.595323
-3.15,4,60.626387
4.0,7,60.659562
4.45,4,60.688949
4.3,5,60.719523
-3.1,3,60.748049
3.55,10,60.789341
4.3,5,60.821339
4.6,3,60.848649
4.6,3,60.875428
4.6,3,60.90197
3.55,10,60.937248
-3.3,7,60.96563
-3.05,2,60.990153
4.15,6,61.018473
-3.35,8,61.052337
-3.25,6,61.087347
-3.2,5,61.121001
4.3,5,61.151819
3.55,10,61.186531
4.0,7,61.218591
-3.5,11,61.255705
-3.05,2,61.277934
-3.15,4,61.306995
4.0,7,61.342005
-3.25,6,61.375442
3.85,8,61.409517
4.75,2,61.441218
-3.2,5,61.474268
3.55,10,61.514844
4.0,7,61.549116
4.3,5,61.580512
-3.05,2,61.605677
-3.2,5,61.632486
4.15,6,61.667739
4.3,5,61.874415
4.0,7,61.916652
3.85,8,61.956509
3.7,9,61.994511
-3.15,4,62.026819
-3.2,5,62.059224
4.45,4,62.087817
4.15,6,62.120612
4.6,3,62.143431
4.3,5,62.175461
-3.3,7,62.211123
4.45,4,62.242391
4.3,5,62.269714
4.3,5,62.304038
-3.4,9,62.347848
3.55,10,62.38988
4.75,2,62.42177
-3.3,7,62.456055
3.85,8,62.489313
-3.1,3,62.513698
4.3,5,62.54245
4.0,7,62.572257
-3.3,7,62.602391
-3.2,5,62.628763
4.0,7,62.661818
-3.4,9,62.69521
3.1,13,62.740958
4.45,4,62.775094
4.15,6,62.810471
-3.2,5,62.841315
3.85,8,62.876369
-3.1,3,62.901906
3.85,8,62.934996
-3.2,5,62.962537
4.15,6,62.995185
4.15,6,63.027009
4.0,7,63.06079
-3.15,4,63.093696
4.45,4,63.12553
3.85,8,63.157487
4.15,6,63.185542
4.15,6,63.217045
-3.25,6,63.404646
4.3,5,63.439789
4.3,5,63.468203
4.15,6,63.503569
-3.25,6,63.539257
4.0,7,63.571067
4.15,6,63.608406
4.3,5,63.644397
-3.35,8,63.68262
-3.2,5,63.71341
4.15,6,63.748836
-3.15,4,63.779593
-3.35,8,63.818145
-3.35,8,63.850552
3.85,8,63.890766
-3.2,5,63.925026
-3.45,10,63.969831
4.15,6,64.006901
-3.05,2,64.031524
4.15,6,64.063178
-3.2,5,64.092904
3.55,10,64.135077
-3.3,7,64.169773
3.85,8,64.203512
-3.3,7,64.232506
3.55,10,64.282578
4.0,7,64.322038
3.25,12,64.361915
4.0,7,64.392591
3.7,9,64.433216
4.0,7,64.472516
4.6,3,64.502834
4.3,5,64.535999
-3.45,10,64.576742
4.15,6,64.605266
4.45,4,64.631981
-3.15,4,64.659314
-3.25,6,64.691378
-3.35,8,64.726782
-3.1,3,64.754977
3.55,10,64.978365
4.15,6,65.020604
4.45,4,65.048022
4.6,3,65.077872
-3.2,5,65.109174
-3.4,9,65.150023
-3.05,2,65.174173
3.55,10,65.217612
3.55,10,65.260588
-3.0,1,65.291262
-3.3,7,65.329348
-3.1,3,65.364939
4.6,3,65.393148
-3.3,7,65.427844
-3.1,3,65.461054
-3.3,7,65.496937
4.45,4,65.528092
-3.2,5,65.557372
4.0,7,65.589833
-3.35,8,65.624358
-3.3,7,65.657832
3.4,11,65.696695
4.3,5,65.727997
-3.2,5,65.758006
-3.5,11,65.79781
-3.2,5,65.827279
3.55,10,65.870556
4.45,4,65.902233
4.6,3,65.931082
-3.3,7,65.964227
-3.15,4,65.995579
-3.25,6,66.02438
3.55,10,66.066767
3.85,8,66.099078
4.15,6,66.128794
-3.4,9,66.161719
3.55,10,66.200368
-3.4,9,66.235409
-3.3,7,66.265681
-3.65,14,66.468163
4.45,4,66.507118
3.7,9,66.544454
-3.55,12,66.586515
-3.5,11,66.628507
-3.3,7,66.66395
-3.65,14,66.711169
3.85,8,66.746056
4.6,3,66.777712
-3.1,3,66.807916
-3.1,3,66.838754
3.4,11,66.882392
-3.25,6,66.918195
-3.35,8,66.955314
3.85,8,66.994099
3.4,11,67.037916
-3.25,6,67.072541
-3.1,3,67.096268
-3.3,7,67.127794
-3.25,6,67.157551
3.55,10,67.192111
-3.05,2,67.216908
-3.65,14,67.260026
-3.2,5,67.295517
4.0,7,67.328318
4.15,6,67.359445
3.85,8,67.397358
-3.35,8,67.432289
3.85,8,67.470401
4.3,5,67.501468
-3.05,2,67.528324
3.85,8,67.560517
3.85,8,67.6034
3.55,10,67.639802
4.45,4,67.67189
-3.4,9,67.858566
-3.15,4,67.887918
-3.1,3,67.910764
4.15,6,67.942021
4.15,6,67.977916
4.3,5,68.007184
4.3,5,68.035786
4.15,6,68.065439
-3.1,3,68.090748
-3.25,6,68.124884
4.0,7,68.162473
3.7,9,68.200147
4.15,6,68.239526
-3.05,2,68.264395
-3.15,4,68.293256
-3.3,7,68.328444
4.45,4,68.365776
4.0,7,68.40175
3.7,9,68.438418
-3.1,3,68.46723
4.0,7,68.509452
4.15,6,68.542538
3.85,8,68.580716
4.3,5,68.61283
4.15,6,68.652133
-3.2,5,68.683921
4.3,5,68.716344
-3.15,4,68.748585
4.0,7,68.786637
4.45,4,68.815762
-3.3,7,68.859144
-3.2,5,68.895251
-3.15,4,68.929439
4.15,6,68.9679
3.85,8,68.9985
-3.35,8,69.034907
4.0,7,69.068814
3.4,11,69.107934
-3.3,7,69.13838
-3.4,9,69.17114
4.3,5,69.200131
4.45,4,69.227439
-3.25,6,69.260999
3.85,8,69.44191
-3.6,13,69.485134
-3.2,5,69.52495
-3.35,8,69.56277
-3.35,8,69.595299
3.85,8,69.626179
-3.05,2,69.653964
4.0,7,69.68592
-3.2,5,69.7166
-3.05,2,69.740301
-3.1,3,69.764912
-3.0,1,69.790117
-3.15,4,69.820587
4.3,5,69.850701
3.4,11,69.895395
4.3,5,69.931032
4.45,4,69.960351
3.85,8,70.004785
4.3,5,70.036498
-3.1,3,70.064364
-3.15,4,70.097269
4.75,2,70.124007
3.85,8,70.159409
3.7,9,70.196509
-3.4,9,70.23229
-3.2,5,70.260873
4.15,6,70.293773
4.15,6,70.323793
4.3,5,70.361259
-3.45,10,70.400396
-3.15,4,70.430602
4.0,7,70.466979
-3.1,3,70.492596
-3.3,7,70.524737
3.7,9,70.559491
-3.15,4,70.588679
-3.15,4,70.613177
3.7,9,70.645889
4.45,4,70.673303
-3.2,5,70.702551
3.85,8,70.736037
4.15,6,70.772717
-3.3,7,70.812012
4.6,3,70.843411
4.15,6,71.018976
4.6,3,71.050401
-3.2,5,71.080805
-3.2,5,71.106556
-3.1,3,71.135664
-3.35,8,71.170944
-3.25,6,71.2039
4.0,7,71.240104
4.3,5,71.274862
4.0,7,71.309893
4.45,4,71.339145
-3.1,3,71.367984
4.75,2,71.391544
4.6,3,71.421967
-3.3,7,71.45748
-3.6,13,71.516607
-3.35,8,71.556025
-3.4,9,71.600656
4.15,6,71.637561
4.45,4,71.673301
4.3,5,71.715001
4.3,5,71.748028
3.85,8,71.782078
-3.1,3,71.810963
-3.35,8,71.850078
4.3,5,71.883031
-3.4,9,71.922592
-3.2,5,71.955364
4.0,7,71.989535
4.6,3,72.014205
-3.7,15,72.055262
-3.1,3,72.078444
-3.15,4,72.10271
4.0,7,72.131809
-3.45,10,72.166457
3.85,8,72.202017
-3.25,6,72.235312
4.15,6,72.266331
-3.2,5,72.301552
4.45,4,72.329848
4.0,7,72.366116
4.45,4,72.392298
-3.1,3,72.420539
-3.35,8,72.600946
4.3,5,72.632864
-3.15,4,72.660626
4.0,7,72.691231
-3.4,9,72.732382
-3.3,7,72.762753
4.15,6,72.798018
4.45,4,72.825335
4.45,4,72.853832
-3.15,4,72.886272
-3.25,6,72.915183
4.3,5,72.947431
3.85,8,72.979509
-3.3,7,73.014201
3.85,8,73.053467
4.6,3,73.082333
3.7,9,73.118256
4.45,4,73.146709
-3.15,4,73.177835
4.15,6,73.21317
-3.3,7,73.249885
-3.3,7,73.281919
-3.25,6,73.313742
-3.4,9,73.354322
4.45,4,73.382629
-3.1,3,73.409877
4.15,6,73.444613
4.3,5,73.474384
3.85,8,73.514177
4.15,6,73.549711
4.0,7,73.586434
-3.25,6,73.617643
4.6,3,73.647198
-3.1,3,73.672728
-3.15,4,73.698847
-3.1,3,73.726303
-3.2,5,73.760088
3.85,8,73.797878
-3.3,7,73.833821
-3.1,3,73.860076
4.45,4,73.889768
-3.05,2,73.915018
3.7,9,73.949312
-3.25,6,73.979152
-3.3,7,74.013035
4.3,5,74.181172
4.3,5,74.208755
-3.5,11,74.244354
3.55,10,74.278262
4.45,4,74.305477
4.15,6,74.333999
4.45,4,74.361327
-3.25,6,74.393046
-3.3,7,74.425673
3.55,10,74.464624
4.15,6,74.49773
-3.3,7,74.529631
-3.3,7,74.566029
4.6,3,74.591258
4.75,2,74.618712
3.7,9,74.67237
4.75,2,74.705554
4.3,5,74.73667
4.15,6,74.76749
-3.2,5,74.801644
4.0,7,74.838691
4.3,5,74.877634
-3.5,11,74.918973
-3.3,7,74.958404
4.0,7,74.993
-3.05,2,75.021173
4.6,3,75.044762
4.15,6,75.078432
4.15,6,75.107865
4.0,7,75.142398
-3.05,2,75.165534
-3.05,2,75.186836
3.7,9,75.220484
4.6,3,75.245209
4.3,5,75.272718
3.85,8,75.305992
4.0,7,75.341363
3.4,11,75.384942
-3.2,5,75.414038
4.6,3,75.444869
-3.5,11,75.500673
-3.3,7,75.534562
3.55,10,75.723811
4.0,7,75.760578
3.7,9,75.798405
4.6,3,75.824847
-3.55,12,75.867351
4.45,4,75.895446
3.85,8,75.933708
-3.2,5,75.966523
3.85,8,76.004694
-3.1,3,76.030461
4.45,4,76.058573
-3.25,6,76.09522
-3.15,4,76.125739
3.85,8,76.160632
-3.35,8,76.200996
4.15,6,76.23278
-3.15,4,76.263929
4.6,3,76.291542
-3.25,6,76.32498
4.0,7,76.35883
-3.1,3,76.38853
-3.15,4,76.421638
-3.35,8,76.455026
-3.2,5,76.482878
-3.3,7,76.514827
4.0,7,76.547986
4.45,4,76.573906
-3.65,14,76.615417
-3.05,2,76.641883
3.25,12,76.680684
4.3,5,76.707335
4.0,7,76.74299
4.45,4,76.775688
-3.05,2,76.799475
-3.05,2,76.824221
-3.1,3,76.850337
-3.15,4,76.881194
4.15,6,76.909748
3.7,9,76.946042
4.45,4,76.974794
-3.45,10,77.015494
-3.3,7,77.046852
-3.25,6,77.076673
-3.3,7,77.253411
-3.35,8,77.292424
4.0,7,77.323118
-3.5,11,77.359431
4.75,2,77.385121
3.55,10,77.419257
-3.35,8,77.451112
-3.1,3,77.47563
-1.75,15,77.521631
4.0,7,77.555848
-3.3,7,77.590126
-3.15,4,77.618669
3.85,8,77.656167
-3.1,3,77.687408
-3.15,4,77.717684
4.0,7,77.752563
4.3,5,77.790357
-3.3,7,77.825766
-3.25,6,77.860616
4.0,7,77.897469
-3.35,8,77.935531
4.3,5,77.96683
3.55,10,78.006159
4.0,7,78.04535
3.85,8,78.07949
-3.15,4,78.106685
4.0,7,78.138869
-3.3,7,78.170005
-3.4,9,78.209175
-3.35,8,78.246126
4.0,7,78.288008
-3.3,7,78.324943
4.45,4,78.355913
4.0,7,78.387319
4.15,6,78.424183
4.0,7,78.465505
-3.35,8,78.500264
-3.5,11,78.678245
3.85,8,78.714335
4.3,5,78.741426
4.75,2,78.769403
-3.4,9,78.809001
4.15,6,78.839634
4.6,3,78.868518
-3.45,10,78.90479
4.3,5,78.937828
-3.25,6,78.969234
-3.1,3,78.992656
-3.3,7,79.028602
-3.35,8,79.060837
-3.15,4,79.089207
-3.1,3,79.112334
-3.2,5,79.141388
4.3,5,79.173836
3.4,11,79.216293
-3.35,8,79.249079
3.7,9,79.291017
-3.15,4,79.333211
-3.25,6,79.368327
-3.25,6,79.398709
4.0,7,79.433206
3.25,12,79.474699
-3.15,4,79.505958
-3.5,11,79.545326
-3.5,11,79.586009
-3.3,7,79.619159
3.85,8,79.656586
-3.25,6,79.68908
-3.35,8,79.721934
4.3,5,79.753924
4.0,7,79.789226
4.45,4,79.819211
-3.35,8,79.853223
-3.4,9,79.888599
4.0,7,80.067563
3.55,10,80.104224
3.55,10,80.137852
-3.35,8,80.167121
-3.0,1,80.189131
4.0,7,80.224198
-3.3,7,80.260102
4.0,7,80.291378
-3.5,11,80.333401
3.4,11,80.371956
3.4,11,80.410713
4.0,7,80.441916
4.45,4,80.471868
4.3,5,80.500712
-3.15,4,80.530288
4.15,6,80.558947
4.45,4,80.586542
-3.45,10,80.622555
4.0,7,80.660723
4.0,7,80.700602
3.85,8,80.735828
-3.3,7,80.773988
-3.6,13,80.821615
-3.2,5,80.855224
-3.2,5,80.88565
-3.7,15,80.937026
3.4,11,80.979307
-3.05,2,81.005706
-3.05,2,81.035283
4.6,3,81.064898
-3.25,6,81.0955
-3.1,3,81.12066
-3.25,6,81.151483
-3.15,4,81.179896
4.3,5,81.209042
-3.0,1,81.232628
-3.35,8,81.266608
3.7,9,81.301585
-3.4,9,81.478632
-3.3,7,81.5139
4.0,7,81.552357
4.6,3,81.577102
-3.55,12,81.622324
-3.15,4,81.654903
4.3,5,81.686838
-3.15,4,81.71667
-3.0,1,81.742637
-3.0,1,81.767921
-3.1,3,81.79446
4.0,7,81.825867
4.6,3,81.85358
-3.4,9,81.889563
-3.35,8,81.923565
4.45,4,81.953581
4.15,6,81.988369
4.45,4,82.023838
-3.35,8,82.065141
-3.25,6,82.094359
-3.1,3,82.117962
-3.05,2,82.143626
4.15,6,82.174618
3.25,12,82.215128
-3.35,8,82.256642
-3.15,4,82.291304
-3.2,5,82.328427
4.3,5,82.365226
4.3,5,82.39798
4.0,7,82.439443
-3.2,5,82.471912
-3.65,14,82.516731
4.6,3,82.549227
4.3,5,82.580878
4.0,7,82.612833
-3.25,6,82.643257
4.75,2,82.672571
-3.25,6,82.70881
-3.1,3,82.73643
3.85,8,82.774006
-3.25,6,82.808649
-3.55,12,82.860085
4.15,6,82.897442
4.3,5,82.931371
4.3,5,82.962866
-3.05,2,83.157289
4.15,6,83.191525
-3.3,7,83.221318
3.85,8,83.257287
3.7,9,83.297284
-3.25,6,83.326007
3.55,10,83.365196
4.9,1,83.390441
-3.05,2,83.413892
-3.5,11,83.456477
4.75,2,83.484078
-3.35,8,83.523388
-3.0,1,83.546439
3.25,12,83.588343
4.0,7,83.621848
-3.4,9,83.658247
4.15,6,83.689983
3.55,10,83.730573
-3.3,7,83.767736
4.0,7,83.799329
-3.05,2,83.822543
-3.1,3,83.849969
4.6,3,83.874807
-3.3,7,83.911791
3.7,9,83.954823
3.85,8,83.988579
4.75,2,84.017508
3.7,9,84.053833
-3.2,5,84.084538
4.0,7,84.115364
-3.15,4,84.143076
3.55,10,84.179857
3.85,8,84.213103
-3.1,3,84.239355
4.0,7,84.274673
-3.3,7,84.3161
-3.4,9,84.358695
-3.4,9,84.399615
3.55,10,84.441075
-3.15,4,84.615376
-3.1,3,84.639498
-3.0,1,84.664689
4.0,7,84.701502
-3.15,4,84.728715
-3.25,6,84.761181
4.45,4,84.787103
3.85,8,84.819717
-3.3,7,84.854292
4.0,7,84.892034
-3.7,15,84.943203
4.0,7,84.982865
-3.15,4,85.011399
4.75,2,85.039908
4.3,5,85.073351
4.45,4,85.107038
-3.65,14,85.156457
4.0,7,85.188645
4.45,4,85.215336
-3.2,5,85.244835
-3.25,6,85.280687
-3.3,7,85.316231
3.4,11,85.37132
-3.65,14,85.427378
-3.0,1,85.453377
4.15,6,85.490481
-3.45,10,85.532319
-3.2,5,85.562745
3.7,9,85.598366
-3.1,3,85.624461
4.45,4,85.657369
4.15,6,85.695169
4.3,5,85.730046
3.7,9,85.766102
-3.4,9,85.80203
3.25,12,85.839621
-3.2,5,85.872436
4.0,7,85.910917
-3.15,4,85.937794
-3.05,2,85.97169
3.85,8,86.155784
-3.15,4,86.1807
-3.45,10,86.219298
-3.1,3,86.245454
-3.5,11,86.280798
-3.35,8,86.315123
-3.3,7,86.345435
4.15,6,86.376171
-3.1,3,86.40386
4.0,7,86.438891
4.0,7,86.477339
4.6,3,86.504071
-3.35,8,86.547696
4.3,5,86.581665
3.55,10,86.624824
3.25,12,86.66522
-3.3,7,86.696926
4.3,5,86.729231
-3.1,3,86.754577
-3.2,5,86.784501
-3.4,9,86.818602
-3.2,5,86.853505
3.85,8,86.890013
-3.3,7,86.931265
4.0,7,86.96583
-3.25,6,86.999592
-3.05,2,87.023759
3.7,9,87.064742
3.7,9,87.098466
3.85,8,87.130029
-3.5,11,87.168391
4.15,6,87.199881
-3.45,10,87.236171
4.3,5,87.269884
3.55,10,87.309862
4.45,4,87.342522
4.45,4,87.374108
3.4,11,87.57937
4.15,6,87.606956
-3.3,7,87.637973
4.15,6,87.67074
-3.0,1,87.700608
3.25,12,87.745849
4.0,7,87.782626
-3.1,3,87.812893
3.7,9,87.850254
4.15,6,87.87676
4.6,3,87.906446
3.85,8,87.941757
4.45,4,87.971501
3.7,9,88.008255
4.0,7,88.04032
-3.4,9,88.074946
-3.3,7,88.105885
-3.55,12,88.142808
-3.15,4,88.170081
4.0,7,88.204977
-3.5,11,88.24652
-3.15,4,88.278647
-1.75,15,88.322827
-3.35,8,88.362076
4.6,3,88.394783
-3.15,4,88.423898
-3.15,4,88.453044
4.0,7,88.483044
-3.25,6,88.515199
-3.55,12,88.555108
3.25,12,88.603107
3.1,13,88.656044
-3.15,4,88.684491
3.4,11,88.734539
-1.75,15,88.946319
4.3,5,88.978557
-3.45,10,89.015816
3.7,9,89.051779
4.15,6,89.081989
-3.2,5,89.108842
-3.5,11,89.145795
-3.4,9,89.178169
4.3,5,89.207334
-3.5,11,89.248605
4.45,4,89.27583
3.4,11,89.31575
4.15,6,89.345609
4.45,4,89.373015
-3.7,15,89.421597
3.85,8,89.460572
3.4,11,89.502311
3.85,8,89.541757
3.7,9,89.580146
4.75,2,89.60386
3.4,11,89.645801
3.4,11,89.683944
-3.15,4,89.713606
-3.3,7,89.74599
3.85,8,89.779761
-3.2,5,89.80971
3.85,8,89.84037
4.0,7,89.878974
4.0,7,89.908951
3.55,10,89.949773
4.45,4,89.97602
3.55,10,90.011824
-3.5,11,90.052017
4.15,6,90.252233
3.55,10,90.291949
3.55,10,90.331269
-3.3,7,90.365535
3.85,8,90.403404
3.85,8,90.439492
4.15,6,90.469794
4.9,1,90.500134
4.45,4,90.528886
4.75,2,90.554482
-3.3,7,90.595412
4.3,5,90.625768
4.0,7,90.663911
-3.05,2,90.694515
4.3,5,90.724701
4.45,4,90.754951
4.3,5,90.786068
3.4,11,90.822995
4.3,5,90.851842
-3.4,9,90.892769
-3.5,11,90.930792
3.55,10,90.968286
4.45,4,90.994292
4.45,4,91.023852
4.0,7,91.057802
4.3,5,91.08704
4.15,6,91.122007
-3.3,7,91.151329
-3.2,5,91.178092
4.0,7,91.209884
4.3,5,91.23969
4.3,5,91.269722
4.3,5,91.298058
3.7,9,91.332891
-3.3,7,91.364496
-3.45,10,91.398466
-3.45,10,91.435138
-3.5,11,91.470833
-3.1,3,91.502479
4.45,4,91.53973
4.3,5,91.749904
-1.75,15,91.800848
-3.15,4,91.834127
3.85,8,91.873488
-3.3,7,91.906503
4.15,6,91.940941
-1.75,15,91.992066
4.15,6,92.023239
4.3,5,92.054746
3.4,11,92.092684
3.7,9,92.125296
4.45,4,92.152041
-1.75,15,92.198791
-3.1,3,92.223381
4.45,4,92.252044
-3.25,6,92.282942
-3.4,9,92.317361
-3.65,14,92.357657
3.55,10,92.401384
4.75,2,92.425201
-3.35,8,92.464262
-3.25,6,92.49668
4.15,6,92.531285
3.4,11,92.571663
3.55,10,92.606379
4.6,3,92.631104
3.85,8,92.665669
-3.5,11,92.70213
4.15,6,92.738497
4.45,4,92.770922
-3.65,14,92.810424
-3.25,6,92.840247
3.4,11,93.025973
4.45,4,93.054122
4.75,2,93.078332
-3.2,5,93.10551
-3.15,4,93.131471
-3.1,3,93.154925
4.0,7,93.184709
3.85,8,93.22082
-3.2,5,93.254753
-3.1,3,93.28339
-3.5,11,93.320412
-3.0,1,93.342077
4.6,3,93.373435
-3.15,4,93.4022
-3.1,3,93.43334
4.0,7,93.468022
4.15,6,93.50396
-3.45,10,93.539555
4.45,4,93.56975
4.6,3,93.59969
4.0,7,93.63253
-3.0,1,93.654127
-3.65,14,93.70294
3.55,10,93.750356
-3.05,2,93.776334
-3.25,6,93.806992
4.75,2,93.834136
4.0,7,93.866275
4.45,4,93.891765
4.75,2,93.917944
4.45,4,93.946689
-3.0,1,93.969706
4.45,4,93.9977
-1.75,15,94.046072
4.0,7,94.082926
-1.75,15,94.125504
4.6,3,94.151244
4.0,7,94.18075
4.75,2,94.204706
-3.25,6,94.236288
4.3,5,94.265017
4.0,7,94.299784
4.15,6,94.33177
-3.25,6,94.362372
4.3,5,94.394329
-3.3,7,94.424894
4.0,7,94.605087
4.6,3,94.631423
3.85,8,94.663639
4.45,4,94.691191
4.0,7,94.723963
4.45,4,94.754284
-3.45,10,94.792336
3.7,9,94.835605
-3.35,8,94.885978
4.0,7,94.926058
3.4,11,94.970727
3.4,11,95.018898
4.3,5,95.052697
4.45,4,95.08884
4.15,6,95.12564
4.15,6,95.15714
3.85,8,95.198112
3.4,11,95.238512
4.0,7,95.276402
3.25,12,95.318807
3.7,9,95.36598
4.15,6,95.407452
3.7,9,95.448649
-3.5,11,95.492516
-3.55,12,95.536426
-3.15,4,95.566508
-3.3,7,95.599089
-3.05,2,95.623881
4.0,7,95.657067
3.25,12,95.701471
3.7,9,95.739295
4.3,5,95.766774
4.45,4,95.793438
3.85,8,95.830259
4.3,5,95.858421
4.75,2,95.882395
4.45,4,96.071004
4.45,4,96.099598
4.3,5,96.126143
4.3,5,96.15608
-3.35,8,96.190134
-3.25,6,96.221325
-3.15,4,96.253021
-3.15,4,96.279872
4.45,4,96.307094
4.0,7,96.337222
4.0,7,96.371414
3.7,9,96.40677
-3.45,10,96.44223
-3.3,7,96.477298
-3.4,9,96.514695
4.0,7,96.550077
3.1,13,96.599575
4.0,7,96.63546
-3.5,11,96.676866
-3.65,14,96.720741
4.6,3,96.749586
-3.05,2,96.776384
-3.45,10,96.815781
-3.7,15,96.862666
-3.25,6,96.894956
4.9,1,96.921459
3.4,11,96.959689
4.0,7,96.99124
-3.1,3,97.015653
4.3,5,97.044794
-3.5,11,97.08032
-3.45,10,97.117659
-3.2,5,97.147378
-1.75,15,97.193952
-3.55,12,97.394075
-3.35,8,97.434323
-3.1,3,97.458486
-3.2,5,97.493608
4.15,6,97.531053
-3.2,5,97.560216
3.4,11,97.601382
4.3,5,97.636832
-3.1,3,97.665494
3.55,10,97.704077
3.85,8,97.735769
-3.5,11,97.774646
4.6,3,97.80044
4.6,3,97.832657
-3.3,7,97.863672
3.55,10,97.900869
3.85,8,97.937712
-3.65,14,97.986649
3.7,9,98.025214
-3.25,6,98.060629
-3.15,4,98.091358
4.0,7,98.133912
-3.0,1,98.163085
-3.4,9,98.206016
4.45,4,98.243608
-3.05,2,98.271416
-3.3,7,98.306817
4.3,5,98.344595
4.0,7,98.389876
4.0,7,98.431337
-3.2,5,98.468614
4.0,7,98.512483
3.4,11,98.587103
3.85,8,98.651176
4.15,6,98.694917
4.0,7,98.735775
4.15,6,98.771643
3.7,9,98.812132
4.6,3,98.834649
-3.55,12,99.024953
3.85,8,99.061888
4.45,4,99.088465
4.75,2,99.115119
3.4,11,99.157471
-3.1,3,99.183348
3.85,8,99.222903
4.45,4,99.251186
4.45,4,99.281932
4.45,4,99.311563
4.3,5,99.341524
3.4,11,99.385894
-3.1,3,99.41295
-3.15,4,99.438303
-3.15,4,99.469811
-3.25,6,99.504769
-3.65,14,99.551963
3.55,10,99.59566
4.0,7,99.640156
4.75,2,99.664857
4.6,3,99.696112
4.3,5,99.730589
4.15,6,99.761977
-3.65,14,99.812019
3.55,10,99.860733
3.1,13,99.912862
3.55,10,99.953869
-3.6,13,99.999229
3.85,8,100.039495
4.3,5,100.071264
4.45,4,100.099703
-3.7,15,100.148017
4.0,7,100.178611
4.45,4,100.204361
-3.2,5,100.231503
3.85,8,100.268372
4.15,6,100.463618
4.0,7,100.495314
-3.4,9,100.531246
3.85,8,100.575475
-3.45,10,100.613152
4.15,6,100.64239
3.85,8,100.678706
4.0,7,100.715516
3.7,9,100.752419
3.85,8,100.78645
4.45,4,100.820994
-3.1,3,100.846416
4.6,3,100.870815
4.3,5,100.900565
-3.7,15,100.9442
4.15,6,100.974498
4.3,5,101.002438
3.55,10,101.036224
4.15,6,101.067247
-3.4,9,101.099912
-3.55,12,101.136619
-3.3,7,101.167829
-3.3,7,101.196466
3.55,10,101.233557
-3.7,15,101.277915
4.6,3,101.304084
3.55,10,101.343417
-3.15,4,101.375527
-3.25,6,101.407367
4.75,2,101.435483
-3.25,6,101.469444
4.15,6,101.515069
4.0,7,101.549857
3.85,8,101.582896
4.3,5,101.612778
4.75,2,101.644847
4.45,4,101.853585
-3.2,5,101.890242
4.15,6,101.929318
4.75,2,101.953755
-3.5,11,101.992859
4.3,5,102.02012
-1.75,15,102.066595
-3.25,6,102.100877
4.3,5,102.130246
4.75,2,102.155869
4.0,7,102.190446
4.3,5,102.224313
3.25,12,102.273372
-3.65,14,102.32197
4.15,6,102.351084
-1.75,15,102.392456
-3.05,2,102.41736
-1.75,15,102.46066
3.7,9,102.496895
4.6,3,102.520544
3.85,8,102.555462
4.15,6,102.588143
4.9,1,102.618717
3.85,8,102.65329
4.45,4,102.680948
4.45,4,102.710994
-1.75,15,102.756046
4.75,2,102.780604
4.6,3,102.803875
3.7,9,102.843078
-3.2,5,102.882029
-3.3,7,102.916782
-1.75,15,102.961714
4.45,4,102.988433
-1.75,15,103.036209
4.75,2,103.062981
-1.75,15,103.269753
4.0,7,103.303466
-3.05,2,103.327396
3.25,12,103.364563
-3.0,1,103.388458
3.25,12,103.430248
4.0,7,103.464289
4.6,3,103.487846
4.15,6,103.517982
4.3,5,103.544014
-3.15,4,103.575356
-3.4,9,103.613059
4.15,6,103.65012
4.45,4,103.677056
-3.35,8,103.709713
-3.15,4,103.73861
4.6,3,103.770064
-3.4,9,103.813484
-3.05,2,103.837757
4.0,7,103.873499
-3.45,10,103.912821
-3.05,2,103.936799
-3.15,4,103.964763
-3.4,9,103.999481
-3.6,13,104.037636
4.0,7,104.071358
4.3,5,104.099616
3.55,10,104.131843
3.4,11,104.170353
3.85,8,104.208356
4.3,5,104.249043
-3.05,2,104.277191
4.0,7,104.310647
3.7,9,104.347423
-3.05,2,104.378473
4.15,6,104.412025
-3.25,6,104.443932
3.7,9,104.482032
3.1,13,104.685269
-1.75,15,104.73684
-3.2,5,104.771921
4.3,5,104.804899
4.3,5,104.837043
-3.65,14,104.87964
4.45,4,104.905204
-3.0,1,104.930583
4.3,5,104.96193
4.15,6,104.996472
4.45,4,105.025605
-3.45,10,105.066346
4.3,5,105.093758
3.7,9,105.13727
-3.25,6,105.171225
3.7,9,105.207849
4.3,5,105.242708
-3.35,8,105.288492
4.3,5,105.318844
-3.2,5,105.350239
4.0,7,105.382359
4.45,4,105.412033
4.6,3,105.437894
3.85,8,105.478348
3.25,12,105.518928
4.15,6,105.550634
4.0,7,105.580491
4.0,7,105.608709
-1.75,15,105.653135
-3.45,10,105.690365
-3.0,1,105.714398
4.15,6,105.748019
3.1,13,105.789388
-1.75,15,105.836454
4.3,5,105.870833
-3.4,9,106.085747
4.45,4,106.1244
4.75,2,106.154455
4.3,5,106.184742
4.45,4,106.212002
3.7,9,106.24902
-3.0,1,106.270718
-3.65,14,106.319628
4.15,6,106.356282
-3.05,2,106.381476
-3.0,1,106.409126
-3.4,9,106.442714
3.85,8,106.476779
3.85,8,106.511002
4.45,4,106.541723
4.15,6,106.577523
4.75,2,106.606523
4.3,5,106.638533
-3.65,14,106.687675
-3.45,10,106.722172
-3.0,1,106.748224
4.6,3,106.777857
4.45,4,106.80475
4.75,2,106.829581
3.4,11,106.868721
-3.1,3,106.897751
4.45,4,106.929178
-3.35,8,106.960954
4.45,4,106.991632
4.15,6,107.023823
-3.3,7,107.056837
-1.75,15,107.099497
-3.45,10,107.133773
3.25,12,107.172372
-3.4,9,107.20705
4.45,4,107.238552
-3.55,12,107.27987
-3.0,1,107.301496
-3.2,5,107.332525
4.15,6,107.366201
3.55,10,107.404261
4.75,2,107.594431
-3.25,6,107.625348
-3.05,2,107.651421
4.45,4,107.68621
4.3,5,107.719003
-3.35,8,107.76053
4.6,3,107.78886
-3.3,7,107.821998
3.7,9,107.866332
-3.6,13,107.917454
4.3,5,107.947599
4.45,4,107.976972
-3.15,4,108.001412
3.55,10,108.035548
3.4,11,108.071093
4.3,5,108.104716
-3.3,7,108.138237
4.3,5,108.167374
3.85,8,108.199558
4.45,4,108.226612
4.45,4,108.250461
4.6,3,108.274025
3.25,12,108.312012
4.45,4,108.33862
-3.25,6,108.371329
3.4,11,108.413145
4.15,6,108.445981
3.55,10,108.485904
3.85,8,108.520021
3.7,9,108.559663
-3.1,3,108.591466
4.15,6,108.620281
-3.15,4,108.650715
4.0,7,108.684934
3.55,10,108.721277
4.3,5,108.750863
-3.45,10,108.78448
-3.1,3,108.818566
-3.05,2,108.843581
-3.25,6,108.874044
-3.25,6,108.903828
3.55,10,109.110762
-3.4,9,109.14573
3.7,9,109.182606
-1.75,15,109.224307
-3.45,10,109.264717
3.25,12,109.315274
4.75,2,109.34118
3.55,10,109.383867
4.3,5,109.415814
3.7,9,109.456378
-3.4,9,109.493031
3.4,11,109.531255
3.7,9,109.564304
-1.75,15,109.605482
4.45,4,109.631968
4.75,2,109.659557
4.15,6,109.689324
4.15,6,109.721849
-3.6,13,109.761092
4.9,1,109.783595
-3.0,1,109.803234
3.7,9,109.836728
4.45,4,109.866221
4.0,7,109.900293
4.0,7,109.942213
4.15,6,109.976071
4.75,2,110.002669
-3.0,1,110.028285
4.0,7,110.060398
3.85,8,110.088766
-3.1,3,110.112929
-3.15,4,110.137308
4.6,3,110.164589
4.45,4,110.191764
3.55,10,110.230067
-3.0,1,110.251974
4.15,6,110.284217
4.75,2,110.306238
4.0,7,110.489518
4.3,5,110.518044
-3.2,5,110.553304
-3.3,7,110.591233
3.85,8,110.624747
3.85,8,110.663276
4.6,3,110.697956
3.85,8,110.732474
4.15,6,110.766348
4.45,4,110.792657
4.15,6,110.821217
-3.3,7,110.854948
-3.05,2,110.886321
3.85,8,110.927713
4.45,4,110.955847
4.15,6,110.991587
3.55,10,111.036206
3.7,9,111.074565
4.6,3,111.099917
4.9,1,111.126253
4.6,3,111.155026
-3.2,5,111.181736
-3.2,5,111.210955
-3.05,2,111.232372
4.3,5,111.260288
-3.25,6,111.290294
-3.65,14,111.341386
4.45,4,111.367975
4.3,5,111.401917
4.3,5,111.432427
-3.6,13,111.472745
-3.2,5,111.500354
-3.3,7,111.536527
-3.45,10,111.581635
4.3,5,111.619072
4.45,4,111.648831
3.85,8,111.685435
-3.2,5,111.714639
3.4,11,111.756793
4.3,5,111.786164
-3.35,8,111.824908
4.9,1,111.848945
-3.55,12,112.05962
4.45,4,112.086284
4.3,5,112.116957
-3.55,12,112.155971
-3.4,9,112.189796
4.45,4,112.221185
3.55,10,112.267231
4.6,3,112.294624
4.75,2,112.325253
-3.15,4,112.356386
4.0,7,112.387783
4.3,5,112.419352
4.3,5,112.452786
-3.3,7,112.489115
4.9,1,112.514616
4.45,4,112.545934
4.75,2,112.570947
4.15,6,112.606254
4.15,6,112.638602
4.15,6,112.675252
4.3,5,112.70906
4.15,6,112.743143
-3.3,7,112.771632
4.3,5,112.803278
3.85,8,112.838148
3.7,9,112.874241
4.6,3,112.900434
4.3,5,112.929516
3.4,11,112.966522
-3.3,7,112.999364
3.25,12,113.042423
4.45,4,113.072912
4.75,2,113.097264
4.45,4,113.129136
4.15,6,113.162051
4.3,5,113.193432
-3.35,8,113.226641
-3.5,11,113.261523
-3.55,12,113.302959
3.7,9,113.337288
4.15,6,113.369
4.75,2,113.394318
4.6,3,113.572002
3.1,13,113.615877
4.3,5,113.651104
-3.55,12,113.700953
4.15,6,113.740027
-1.75,15,113.786543
4.75,2,113.815319
-3.1,3,113.846146
4.6,3,113.875939
4.15,6,113.906425
-3.25,6,113.942061
4.15,6,113.981967
4.6,3,114.010727
4.45,4,114.040111
3.55,10,114.077783
-1.75,15,114.122398
-3.35,8,114.156883
4.3,5,114.18802
-3.2,5,114.218571
-3.0,1,114.241111
4.45,4,114.26715
4.75,2,114.289535
4.3,5,114.317607
-3.25,6,114.348348
3.55,10,114.384053
4.6,3,114.412503
4.45,4,114.438222
4.45,4,114.466463
-3.25,6,114.495646
3.4,11,114.533464
4.45,4,114.558338
3.7,9,114.593024
3.85,8,114.628664
4.45,4,114.658618
4.45,4,114.685909
4.75,2,114.709932
4.45,4,114.736979
3.85,8,114.779564
-3.45,10,114.815875
3.85,8,114.845489
4.3,5,114.874597
4.75,2,114.897727
4.3,5,115.08926
4.0,7,115.123545
4.3,5,115.154813
-3.35,8,115.197829
4.3,5,115.22694
-3.3,7,115.263987
4.45,4,115.298961
4.0,7,115.333962
4.15,6,115.370371
4.45,4,115.402297
-3.65,14,115.452056
-1.75,15,115.496769
-3.2,5,115.527282
4.0,7,115.559272
-1.75,15,115.603078
-1.75,15,115.652269
-3.5,11,115.690502
4.45,4,115.733781
4.0,7,115.768317
3.7,9,115.805629
3.7,9,115.84555
3.85,8,115.875968
4.6,3,115.902041
3.55,10,115.946104
-3.55,12,115.990186
-3.4,9,116.029145
-3.45,10,116.07395
-3.45,10,116.113607
4.15,6,116.142195
-1.75,15,116.182325
4.15,6,116.214532
4.3,5,116.405786
-3.6,13,116.447605
4.0,7,116.481349
4.45,4,116.509562
4.45,4,116.538207
3.85,8,116.5712
3.85,8,116.603226
4.3,5,116.633205
4.75,2,116.659452
4.3,5,116.688658
4.45,4,116.717255
4.3,5,116.747287
-3.5,11,116.783439
4.3,5,116.81338
3.55,10,116.855885
-3.25,6,116.888
4.9,1,116.910712
4.0,7,116.944149
4.15,6,116.976911
4.45,4,117.003697
4.6,3,117.03521
-3.45,10,117.074085
4.75,2,117.102461
3.55,10,117.145387
4.45,4,117.176002
4.6,3,117.203169
4.75,2,117.227607
-3.25,6,117.255577
4.0,7,117.287452
-3.5,11,117.330251
4.45,4,117.363324
3.85,8,117.398414
4.75,2,117.42379
4.45,4,117.451989
4.45,4,117.480737
4.3,5,117.51081
4.45,4,117.537376
4.6,3,117.566434
4.15,6,117.601108
4.45,4,117.629649
4.0,7,117.669672
4.0,7,117.702397
-3.0,1,117.727246
4.15,6,117.756778
-3.6,13,117.800391
4.45,4,117.985668
4.3,5,118.017853
3.85,8,118.048633
4.45,4,118.077496
-3.25,6,118.105184
4.75,2,118.132915
4.15,6,118.165682
-3.4,9,118.198316
4.75,2,118.220454
4.0,7,118.251489
3.55,10,118.294758
4.6,3,118.32083
3.85,8,118.365281
3.4,11,118.419689
4.3,5,118.459602
4.15,6,118.497474
4.0,7,118.538354
4.75,2,118.569397
4.75,2,118.598843
4.3,5,118.632909
4.3,5,118.663687
-3.3,7,118.701391
4.3,5,118.733422
4.45,4,118.761092
-3.05,2,118.783401
3.25,12,118.828447
4.6,3,118.856103
-3.3,7,118.893044
-3.6,13,118.943278
3.4,11,118.984297
-3.65,14,119.029344
4.45,4,119.055916
-3.15,4,119.086604
3.7,9,119.122956
4.0,7,119.154909
3.85,8,119.193476
4.6,3,119.219294
-3.65,14,119.261238
-3.45,10,119.296943
4.75,2,119.319355
4.15,6,119.502216
-3.7,15,119.548288
4.6,3,119.575132
4.45,4,119.604005
4.45,4,119.632275
4.15,6,119.660071
4.75,2,119.685594
4.0,7,119.718292
4.75,2,119.741639
3.25,12,119.779994
4.45,4,119.805059
4.45,4,119.837536
4.15,6,119.867447
3.55,10,119.904575
3.85,8,119.943429
-3.35,8,119.974996
4.6,3,120.00252
3.4,11,120.042156
4.6,3,120.068269
3.55,10,120.106489
-3.6,13,120.154852
4.6,3,120.17991
4.6,3,120.208013
4.45,4,120.237294
4.6,3,120.263993
3.4,11,120.300237
4.15,6,120.333795
-3.35,8,120.375068
4.45,4,120.407157
4.75,2,120.433652
4.15,6,120.464646
4.75,2,120.493386
3.7,9,120.526959
-3.35,8,120.56044
4.3,5,120.588479
-3.35,8,120.620114
-3.45,10,120.659411
4.15,6,120.691288
3.1,13,120.738765
4.15,6,120.771708
4.6,3,120.953369
3.85,8,120.990742
-3.2,5,121.017831
4.75,2,121.046154
4.75,2,121.069255
4.0,7,121.102227
4.3,5,121.132464
3.85,8,121.167771
-3.55,12,121.208009
4.6,3,121.232268
4.45,4,121.261629
3.7,9,121.297634
4.15,6,121.327259
-3.1,3,121.351057
4.6,3,121.381589
3.85,8,121.418231
-3.7,15,121.462481
-3.05,2,121.484156
4.3,5,121.515063
4.45,4,121.544765
-3.25,6,121.577943
4.9,1,121.601595
4.6,3,121.632801
4.6,3,121.658981
3.55,10,121.70357
4.45,4,121.740133
4.15,6,121.779586
-3.15,4,121.807905
-3.4,9,121.849168
4.45,4,121.87882
3.55,10,121.918415
-3.0,1,121.943713
-3.3,7,121.979845
4.75,2,122.010543
3.85,8,122.045869
4.75,2,122.071777
3.7,9,122.111495
4.3,5,122.150026
4.15,6,122.18362
3.85,8,122.214156
-3.1,3,122.239617
4.0,7,122.269888
-3.25,6,122.303283
4.75,2,122.326699
3.85,8,122.363192
-3.15,4,122.391132
-3.25,6,122.575747
4.6,3,122.603786
3.7,9,122.641393
4.75,2,122.667201
4.0,7,122.699071
4.45,4,122.726763
4.75,2,122.749651
3.25,12,122.7892
4.3,5,122.818731
4.3,5,122.848407
4.0,7,122.876568
-3.4,9,122.90996
4.15,6,122.939287
3.7,9,122.974179
-3.55,12,123.012811
4.6,3,123.040517
3.4,11,123.082138
-3.7,15,123.13193
3.85,8,123.169744
3.7,9,123.206703
4.15,6,123.237875
4.3,5,123.270233
4.0,7,123.306762
4.75,2,123.332361
4.0,7,123.368448
-1.75,15,123.425505
4.6,3,123.460691
4.0,7,123.495612
-3.25,6,123.527675
4.6,3,123.555712
4.6,3,123.583543
4.75,2,123.613496
4.75,2,123.637047
3.7,9,123.67686
4.75,2,123.699343
3.1,13,123.74495
3.55,10,123.783203
4.0,7,123.813338
4.6,3,123.841631
-3.7,15,124.042315
4.45,4,124.067187
-3.15,4,124.092013
-3.3,7,124.119819
4.45,4,124.146539
4.6,3,124.172716
4.9,1,124.197764
4.6,3,124.223634
-3.5,11,124.26468
4.6,3,124.291903
-3.6,13,124.330556
3.55,10,124.363554
4.3,5,124.388596
4.15,6,124.418736
4.0,7,124.45195
3.55,10,124.490376
-3.3,7,124.520772
4.6,3,124.545897
4.9,1,124.567213
4.3,5,124.595354
-3.05,2,124.617334
4.6,3,124.642687
3.55,10,124.683067
3.25,12,124.727081
4.75,2,124.749664
4.3,5,124.781299
4.0,7,124.816589
3.7,9,124.852829
-3.05,2,124.877742
4.45,4,124.908456
3.55,10,124.950921
-1.75,15,124.99739
3.7,9,125.035287
4.75,2,125.06227
-3.1,3,125.094313
-3.65,14,125.146278
4.0,7,125.179069
4.3,5,125.211062
4.6,3,125.243312
3.85,8,125.279877
4.6,3,125.311806
4.45,4,125.512136
4.75,2,125.537783
-3.25,6,125.565844
3.55,10,125.601725
3.4,11,125.641337
4.3,5,125.676455
-3.3,7,125.709834
3.7,9,125.745609
4.45,4,125.774955
4.3,5,125.808394
4.0,7,125.839062
4.75,2,125.862144
3.55,10,125.89919
4.15,6,125.932408
4.45,4,125.961014
4.45,4,125.999968
3.7,9,126.038321
4.45,4,126.066574
3.7,9,126.099432
3.55,10,126.13681
4.45,4,126.162062
3.85,8,126.195604
4.3,5,126.224116
4.9,1,126.246044
4.75,2,126.272573
3.7,9,126.309313
4.15,6,126.340359
4.75,2,126.369253
4.9,1,126.396303
4.15,6,126.428194
3.85,8,126.467457
-1.75,15,126.519472
-1.75,15,126.571281
-1.75,15,126.628268
-3.25,6,126.659997
3.7,9,126.698089
4.15,6,126.730124
4.3,5,126.762715
3.25,12,126.950087
3.7,9,126.98434
-1.75,15,127.026043
4.6,3,127.05013
3.85,8,127.083155
4.3,5,127.110076
4.15,6,127.139764
4.0,7,127.168709
4.45,4,127.19515
3.55,10,127.23377
4.6,3,127.258871
4.6,3,127.288041
4.75,2,127.312039
-3.55,12,127.353792
4.6,3,127.38332
4.15,6,127.416915
-3.45,10,127.458035
4.75,2,127.484436
-1.75,15,127.527252
4.45,4,127.555802
3.55,10,127.594
4.0,7,127.626533
3.55,10,127.663937
4.15,6,127.692451
4.45,4,127.718813
-3.05,2,127.74451
4.0,7,127.780894
4.6,3,127.809489
4.15,6,127.852468
3.7,9,127.892804
4.45,4,127.918774
4.75,2,127.944493
-3.6,13,127.987414
3.7,9,128.032113
-3.25,6,128.065207
-3.5,11,128.103173
4.15,6,128.135185
3.85,8,128.169257
4.6,3,128.366862
3.25,12,128.412631
3.85,8,128.446419
4.9,1,128.46904
4.6,3,128.502375
3.25,12,128.54799
4.45,4,128.57574
-3.65,14,128.619358
-1.75,15,128.668318
-3.35,8,128.706476
3.85,8,128.743822
4.3,5,128.775331
4.75,2,128.801865
3.4,11,128.845764
4.3,5,128.876171
-3.3,7,128.907614
3.1,13,128.948973
4.0,7,128.986164
4.45,4,129.013768
-3.45,10,129.05559
3.7,9,129.092573
4.6,3,129.120846
3.85,8,129.15662
4.45,4,129.184749
3.85,8,129.221051
4.3,5,129.25203
3.85,8,129.286708
4.45,4,129.314814
4.45,4,129.343917
4.75,2,129.366524
-3.45,10,129.406945
-1.75,15,129.448771
4.6,3,129.47503
4.15,6,129.506359
4.75,2,129.533101
-3.65,14,129.581408
3.85,8,129.77467
3.85,8,129.80883
4.45,4,129.835317
3.85,8,129.873683
3.25,12,129.916494
4.3,5,129.948734
-3.3,7,129.989785
3.25,12,130.031489
4.3,5,130.069317
4.3,5,130.103286
4.6,3,130.128333
4.75,2,130.159502
-3.45,10,130.196398
4.0,7,130.232241
-1.75,15,130.273774
3.55,10,130.312712
4.45,4,130.341022
4.9,1,130.365364
4.3,5,130.396148
3.85,8,130.437544
3.25,12,130.478611
4.3,5,130.509382
4.3,5,130.539464
3.4,11,130.580986
-1.75,15,130.631022
4.3,5,130.665387
3.7,9,130.702678
3.4,11,130.74093
4.3,5,130.767302
4.3,5,130.7991
-1.75,15,130.841437
4.3,5,130.868748
4.6,3,130.897776
4.45,4,130.927786
4.0,7,130.966105
4.3,5,131.150407
3.85,8,131.18679
4.6,3,131.215638
-3.4,9,131.250375
3.25,12,131.288942
4.0,7,131.327607
-3.2,5,131.360517
4.9,1,131.38636
3.25,12,131.427894
4.15,6,131.461269
4.45,4,131.492356
-3.7,15,131.538932
4.0,7,131.572123
3.25,12,131.617954
4.75,2,131.641705
4.15,6,131.673176
3.55,10,131.712566
4.6,3,131.736046
4.75,2,131.763382
4.45,4,131.79361
4.9,1,131.816699
4.15,6,131.848692
3.85,8,131.887512
4.75,2,131.913224
4.6,3,131.949805
-3.6,13,131.994643
4.0,7,132.035205
-3.4,9,132.075083
4.6,3,132.099406
-1.75,15,132.147494
3.25,12,132.183363
-1.75,15,132.222481
3.85,8,132.253676
4.3,5,132.281916
4.0,7,132.315698
-1.75,15,132.524181
3.85,8,132.567684
-3.0,1,132.594427
4.15,6,132.631409
4.3,5,132.663046
4.3,5,132.695913
4.6,3,132.729723
3.55,10,132.768239
-3.6,13,132.810633
4.45,4,132.84659
-1.75,15,132.895009
4.6,3,132.927309
4.15,6,132.965952
-1.75,15,133.011939
3.85,8,133.045867
3.85,8,133.079214
4.6,3,133.105115
3.7,9,133.139227
4.6,3,133.164412
3.85,8,133.200649
3.55,10,133.239982
3.7,9,133.274024
3.85,8,133.308798
4.15,6,133.340479
4.15,6,133.373924
4.3,5,133.404322
4.75,2,133.428981
-3.55,12,133.470146
4.75,2,133.496506
3.4,11,133.533357
4.45,4,133.563933
3.25,12,133.606936
4.6,3,133.635162
-3.35,8,133.667709
4.0,7,133.703261
4.3,5,133.731761
4.75,2,133.756496
4.75,2,133.78133
3.4,11,133.966252
-1.75,15,134.00862
-3.65,14,134.048786
3.1,13,134.087196
4.0,7,134.12042
4.3,5,134.149068
4.0,7,134.18083
4.3,5,134.209654
4.45,4,134.243237
-3.25,6,134.27309
3.25,12,134.312951
3.7,9,134.34875
4.45,4,134.380786
4.3,5,134.414567
4.45,4,134.454135
4.75,2,134.482419
3.55,10,134.522033
4.6,3,134.547634
3.55,10,134.586267
3.7,9,134.631575
4.6,3,134.658773
4.6,3,134.683652
4.75,2,134.706867
4.45,4,134.73254
4.45,4,134.763069
4.75,2,134.787001
4.0,7,134.816732
4.6,3,134.844496
-1.75,15,134.89677
4.15,6,134.9308
3.85,8,134.969825
3.7,9,135.004586
3.7,9,135.040844
4.3,5,135.079284
4.75,2,135.110198
4.45,4,135.144962
3.85,8,135.186854
4.6,3,135.213217
-3.6,13,135.41497
4.75,2,135.439559
4.6,3,135.468448
4.0,7,135.497197
-3.4,9,135.532536
3.4,11,135.576141
4.3,5,135.605011
4.6,3,135.627829
4.0,7,135.660076
4.45,4,135.693074
-1.75,15,135.741659
4.9,1,135.766919
4.6,3,135.794883
4.9,1,135.818335
4.15,6,135.854319
4.75,2,135.882612
4.75,2,135.911815
4.9,1,135.935207
-3.7,15,135.983941
3.85,8,136.026253
4.6,3,136.052642
4.15,6,136.08246
4.45,4,136.110184
-3.6,13,136.149049
-3.2,5,136.182904
4.75,2,136.207366
4.6,3,136.238857
3.85,8,136.273447
2.8,15,136.320461
-3.45,10,136.363516
4.15,6,136.391062
-3.2,5,136.418742
4.45,4,136.44996
4.75,2,136.47466
4.45,4,136.503404
4.75,2,136.533369
4.3,5,136.565015
4.3,5,136.598232
3.25,12,136.639352
3.85,8,136.671654
4.45,4,136.698026
4.75,2,136.724985
-3.7,15,136.772696
4.75,2,136.796542
3.4,11,136.980859
4.45,4,137.011
3.7,9,137.04512
4.45,4,137.070662
4.0,7,137.103202
3.85,8,137.133685
4.0,7,137.164392
4.9,1,137.184392
3.55,10,137.220451
-3.4,9,137.260916
4.6,3,137.297415
4.6,3,137.32948
-3.7,15,137.383429
4.75,2,137.409743
3.7,9,137.452785
4.3,5,137.482572
-1.75,15,137.528963
4.75,2,137.555093
4.75,2,137.578145
4.45,4,137.614621
4.6,3,137.644743
-1.75,15,137.698975
3.25,12,137.740787
4.45,4,137.768819
4.15,6,137.800002
4.45,4,137.829757
4.6,3,137.854506
4.3,5,137.884956
3.4,11,137.924506
-1.75,15,137.967052
4.3,5,137.997634
3.85,8,138.033099
4.15,6,138.06554
3.55,10,138.103773
4.0,7,138.133302
-1.75,15,138.323823
4.75,2,138.348177
-1.75,15,138.392078
3.85,8,138.433952
4.3,5,138.465094
3.4,11,138.510266
4.45,4,138.542007
4.0,7,138.572534
4.6,3,138.600788
3.85,8,138.638323
-3.4,9,138.672791
-3.15,4,138.701528
4.75,2,138.728701
4.6,3,138.75772
4.15,6,138.78626
4.45,4,138.815649
4.45,4,138.845539
4.0,7,138.880848
4.6,3,138.913795
4.9,1,138.937959
4.75,2,138.960425
4.3,5,138.990099
-3.2,5,139.025104
-3.25,6,139.062768
3.4,11,139.111052
-1.75,15,139.158051
3.4,11,139.195512
4.6,3,139.222875
4.15,6,139.253066
4.45,4,139.283245
4.75,2,139.311041
4.0,7,139.348037
-3.35,8,139.382164
4.6,3,139.410073
4.15,6,139.44301
4.15,6,139.469565
4.75,2,139.495513
4.15,6,139.527581
4.15,6,139.558417
-1.75,15,139.606183
4.15,6,139.6391
4.45,4,139.671513
-3.65,14,139.860037
4.6,3,139.890476
-3.3,7,139.925231
3.4,11,139.966055
-3.0,1,139.990799
4.6,3,140.01796
4.9,1,140.049346
3.25,12,140.09024
4.0,7,140.121011
-1.75,15,140.163503
3.85,8,140.198841
4.45,4,140.225965
4.0,7,140.257718
4.0,7,140.295249
4.15,6,140.328216
4.15,6,140.359014
4.3,5,140.39001
-3.25,6,140.422744
4.75,2,140.447795
4.6,3,140.478369
3.4,11,140.52422
4.45,4,140.551604
4.9,1,140.582316
3.7,9,140.621428
3.55,10,140.662374
3.85,8,140.696493
4.75,2,140.723192
4.45,4,140.755429
4.6,3,140.784952
4.9,1,140.806333
4.3,5,140.833884
-3.1,3,140.863364
4.0,7,140.905196
3.4,11,140.943291
3.7,9,140.977366
4.6,3,141.006073
4.15,6,141.038367
4.0,7,141.071139
4.15,6,141.100505
4.15,6,141.131077
4.6,3,141.158988
-3.65,14,141.200603
4.6,3,141.226344
3.55,10,141.410781
4.6,3,141.440682
4.0,7,141.476272
3.25,12,141.514336
3.55,10,141.557023
4.15,6,141.583436
4.15,6,141.625973
4.75,2,141.653141
4.75,2,141.676274
3.25,12,141.714806
-1.75,15,141.764949
4.0,7,141.801132
3.4,11,141.844137
3.7,9,141.891702
4.3,5,141.922747
4.15,6,141.958096
4.15,6,141.99672
4.75,2,142.03158
4.75,2,142.063545
4.9,1,142.087859
-3.55,12,142.134138
4.6,3,142.166143
4.45,4,142.197142
4.45,4,142.224533
3.55,10,142.26434
3.25,12,142.307932
4.45,4,142.339129
-3.3,7,142.369586
3.55,10,142.406445
-3.7,15,142.451546
4.45,4,142.482179
4.3,5,142.511991
4.75,2,142.541391
4.6,3,142.564956
-3.2,5,142.592607
4.45,4,142.61771
4.3,5,142.647143
3.7,9,142.683151
-3.2,5,142.715167
4.0,7,142.899656
4.75,2,142.92431
-3.4,9,142.964766
4.45,4,142.994912
4.3,5,143.027213
4.9,1,143.048499
3.55,10,143.087729
3.85,8,143.117599
4.0,7,143.150931
2.95,14,143.196758
-1.75,15,143.24098
4.3,5,143.269869
4.75,2,143.294184
4.75,2,143.317847
4.0,7,143.349118
-1.75,15,143.395459
-1.75,15,143.440797
4.6,3,143.466443
4.6,3,143.495628
4.75,2,143.525033
4.3,5,143.558537
4.0,7,143.590809
-3.65,14,143.636728
4.45,4,143.665808
4.15,6,143.698907
4.75,2,143.73049
4.0,7,143.764851
3.55,10,143.805507
4.0,7,143.840506
3.7,9,143.88225
3.1,13,143.928524
-1.75,15,143.978949
4.9,1,143.999794
4.15,6,144.028611
4.6,3,144.059946
4.3,5,144.092818
3.85,8,144.268953
4.45,4,144.304042
3.7,9,144.345773
-3.7,15,144.39733
4.3,5,144.430249
4.15,6,144.463001
3.7,9,144.499567
4.45,4,144.531095
-3.45,10,144.568974
4.6,3,144.595392
3.4,11,144.63426
4.0,7,144.666061
4.75,2,144.694241
4.45,4,144.727881
4.45,4,144.755322
4.0,7,144.790179
4.6,3,144.816766
-1.75,15,144.859298
4.15,6,144.890187
-1.75,15,144.932082
4.15,6,144.964847
4.45,4,144.999235
4.6,3,145.028267
4.75,2,145.056519
3.4,11,145.095534
4.3,5,145.128361
-1.75,15,145.175351
4.45,4,145.207599
3.25,12,145.255455
3.7,9,145.302434
4.3,5,145.340296
3.55,10,145.387295
4.15,6,145.42336
4.15,6,145.458637
-3.65,14,145.50563
4.15,6,145.67733
4.6,3,145.704144
4.15,6,145.731963
4.15,6,145.761095
4.15,6,145.792147
3.7,9,145.825873
-3.45,10,145.859959
4.6,3,145.883067
4.15,6,145.913695
4.3,5,145.946051
4.9,1,145.971602
4.45,4,146.000551
3.55,10,146.037138
3.85,8,146.069956
-3.5,11,146.109683
3.7,9,146.144677
4.0,7,146.176468
4.3,5,146.205094
4.45,4,146.233387
4.3,5,146.266949
4.15,6,146.297441
-1.75,15,146.338343
4.3,5,146.365601
4.6,3,146.394631
4.15,6,146.431613
3.55,10,146.472006
3.7,9,146.510475
4.45,4,146.538339
4.3,5,146.56525
4.6,3,146.595152
3.25,12,146.63558
4.3,5,146.671881
4.15,6,146.715271
-3.5,11,146.766141
4.0,7,146.806961
4.0,7,146.841306
4.0,7,146.879633
4.15,6,146.909836
3.25,12,147.111336
-3.65,14,147.15496
4.0,7,147.189057
3.55,10,147.223491
4.6,3,147.248225
3.25,12,147.290937
4.45,4,147.321522
4.75,2,147.349931
3.7,9,147.388698
3.7,9,147.426475
4.75,2,147.452994
4.75,2,147.479072
3.7,9,147.515579
3.55,10,147.550728
4.0,7,147.583551
4.3,5,147.613346
3.7,9,147.643965
4.75,2,147.670277
-1.75,15,147.717706
4.3,5,147.754628
3.85,8,147.790864
-3.6,13,147.832962
3.25,12,147.879979
4.0,7,147.915469
4.75,2,147.942581
4.6,3,147.970921
-3.65,14,148.01172
4.3,5,148.048251
3.55,10,148.087043
-1.75,15,148.131026
3.85,8,148.17235
-1.75,15,148.219333
4.0,7,148.441073
4.0,7,148.479717
4.15,6,148.518347
-3.55,12,148.563026
4.45,4,148.598092
4.6,3,148.633138
4.75,2,148.662631
4.6,3,148.695051
3.85,8,148.738279
4.45,4,148.775411
4.45,4,148.812152
4.75,2,148.84386
3.55,10,148.881065
4.15,6,148.915047
4.15,6,148.947699
3.55,10,148.984607
4.75,2,149.008369
3.85,8,149.044556
4.6,3,149.078796
4.6,3,149.108923
3.85,8,149.144264
4.15,6,149.177469
4.0,7,149.207879
4.3,5,149.238024
4.3,5,149.26438
4.15,6,149.29852
-3.6,13,149.343413
4.3,5,149.374336
4.15,6,149.405438
3.85,8,149.441614
3.85,8,149.478275
4.0,7,149.514069
4.0,7,149.544299
4.45,4,149.571124
4.45,4,149.598184
4.75,2,149.630193
-3.65,14,149.6741
4.6,3,149.707465
3.85,8,149.74115
4.45,4,149.768057
3.85,8,149.803378
4.45,4,149.832454
4.3,5,149.867181
3.55,10,150.074387
4.0,7,150.107742
4.45,4,150.138636
3.4,11,150.181198
4.0,7,150.216927
4.3,5,150.248624
4.6,3,150.28022
4.6,3,150.315155
3.25,12,150.35398
4.75,2,150.380584
4.45,4,150.406347
4.6,3,150.431368
4.15,6,150.463434
3.85,8,150.494019
3.85,8,150.531416
3.7,9,150.568743
-3.35,8,150.606372
4.15,6,150.636655
4.3,5,150.665083
4.3,5,150.695713
3.55,10,150.742311
-3.15,4,150.773441
4.75,2,150.801847
3.25,12,150.848675
3.25,12,150.895016
3.25,12,150.934931
4.45,4,150.963603
4.3,5,150.995628
4.6,3,151.022767
-1.75,15,151.080714
4.0,7,151.112863
-1.75,15,151.160094
4.6,3,151.193067
4.75,2,151.224855
3.85,8,151.266454
4.45,4,151.304426
3.85,8,151.344428
4.3,5,151.375855
4.15,6,151.602916
3.55,10,151.649477
4.3,5,151.682076
4.6,3,151.71513
3.55,10,151.759723
-3.7,15,151.804823
4.75,2,151.830306
3.4,11,151.875926
4.6,3,151.909222
4.6,3,151.942122
4.45,4,151.973958
4.45,4,152.005789
3.7,9,152.046578
4.6,3,152.075561
4.75,2,152.10394
3.4,11,152.147572
4.15,6,152.179029
4.3,5,152.209725
3.85,8,152.244394
-1.75,15,152.286554
4.9,1,152.311744
4.45,4,152.335495
4.6,3,152.363811
-3.35,8,152.400836
4.15,6,152.43137
4.0,7,152.466119
4.0,7,152.499933
4.45,4,152.529291
4.45,4,152.55821
4.45,4,152.585113
-1.75,15,152.627318
-1.75,15,152.674507
4.3,5,152.707501
3.55,10,152.746439
4.75,2,152.775264
4.3,5,152.809119
4.3,5,152.8369
4.0,7,152.871055
3.4,11,152.909767
3.55,10,153.102405
4.0,7,153.1376
4.9,1,153.171736
4.0,7,153.204919
4.45,4,153.234157
3.55,10,153.274424
3.7,9,153.314937
4.15,6,153.351759
4.15,6,153.384779
4.15,6,153.414711
4.15,6,153.445714
3.4,11,153.494032
4.3,5,153.526254
3.55,10,153.564741
-1.75,15,153.607465
4.6,3,153.633663
4.45,4,153.665387
4.75,2,153.691366
4.0,7,153.72069
4.3,5,153.752828
4.3,5,153.790439
3.7,9,153.828837
4.15,6,153.866419
4.0,7,153.900739
4.9,1,153.925544
4.75,2,153.949659
4.45,4,153.977815
4.0,7,154.015604
3.4,11,154.05344
4.15,6,154.083822
4.6,3,154.110803
3.4,11,154.143847
4.45,4,154.172006
4.15,6,154.201666
4.6,3,154.228799
4.15,6,154.259766
4.75,2,154.28551
3.85,8,154.318151
4.3,5,154.348339
4.45,4,154.376176
3.25,12,154.428388
3.85,8,154.625102
-3.55,12,154.675306
4.6,3,154.701077
4.3,5,154.731165
3.4,11,154.777201
4.15,6,154.81418
4.3,5,154.845528
4.6,3,154.872067
-3.6,13,154.91381
4.3,5,154.944315
3.7,9,154.981808
3.4,11,155.031137
4.15,6,155.064191
4.75,2,155.08807
4.9,1,155.11574
3.25,12,155.154655
4.0,7,155.188832
4.3,5,155.221006
4.6,3,155.248005
3.55,10,155.287256
4.15,6,155.315604
4.45,4,155.346771
4.6,3,155.370407
4.45,4,155.398504
3.7,9,155.441459
4.75,2,155.466978
4.15,6,155.49812
3.7,9,155.537782
3.85,8,155.570385
4.3,5,155.597026
-3.55,12,155.634821
3.7,9,155.66986
4.3,5,155.69645
3.85,8,155.735421
3.55,10,155.775818
-3.1,3,155.799197
-3.3,7,155.83047
4.75,2,155.857198
4.6,3,155.882342
4.45,4,155.909599
4.6,3,156.077785
4.75,2,156.101988
4.15,6,156.132052
3.4,11,156.174764
3.85,8,156.219476
4.6,3,156.247083
-1.75,15,156.294665
4.6,3,156.323725
4.6,3,156.348214
3.4,11,156.391923
4.6,3,156.423045
3.25,12,156.468953
4.0,7,156.502811
4.0,7,156.531538
3.7,9,156.57182
4.3,5,156.603957
4.15,6,156.638497
-3.7,15,156.68059
3.85,8,156.716953
4.75,2,156.741272
3.85,8,156.778141
4.6,3,156.805269
4.6,3,156.828889
4.75,2,156.85521
4.15,6,156.886143
4.6,3,156.911568
4.3,5,156.938452
4.15,6,156.968598
4.3,5,156.998287
-1.75,15,157.044593
4.3,5,157.072951
4.3,5,157.099499
-1.75,15,157.138853
4.45,4,157.165671
-3.4,9,157.199835
4.0,7,157.230556
-1.75,15,157.276105
4.3,5,157.45034
4.75,2,157.478227
3.1,13,157.521304
4.3,5,157.550393
4.75,2,157.574051
4.9,1,157.596402
3.55,10,157.633779
-3.35,8,157.670542
3.55,10,157.70679
4.45,4,157.741212
4.0,7,157.775543
3.25,12,157.820192
4.0,7,157.855687
-1.75,15,157.899141
4.3,5,157.931131
4.0,7,157.96769
4.45,4,157.997329
3.7,9,158.040925
4.3,5,158.081707
-1.75,15,158.128793
3.85,8,158.169333
-1.75,15,158.212251
4.15,6,158.242666
4.75,2,158.270045
4.3,5,158.299783
4.45,4,158.330842
3.4,11,158.375807
4.6,3,158.410824
4.3,5,158.442312
-3.55,12,158.488551
4.45,4,158.517966
4.15,6,158.552859
3.55,10,158.600721
4.15,6,158.634288
4.45,4,158.670579
3.7,9,158.706066
4.0,7,158.890055
4.3,5,158.923506
4.6,3,158.94874
3.55,10,158.986729
4.3,5,159.015427
4.3,5,159.044993
4.15,6,159.081255
3.7,9,159.115494
4.0,7,159.149076
3.85,8,159.181015
3.7,9,159.219959
4.0,7,159.256567
3.85,8,159.291667
-1.75,15,159.340152
4.9,1,159.362218
3.7,9,159.41279
4.0,7,159.457636
4.75,2,159.484988
3.85,8,159.521872
-1.75,15,159.573084
3.4,11,159.610925
4.6,3,159.639043
4.15,6,159.67167
3.4,11,159.709969
-3.1,3,159.740319
4.45,4,159.769351
3.7,9,159.803796
4.9,1,159.825265
-3.0,1,159.848913
4.6,3,159.874491
4.45,4,159.900631
4.45,4,159.928447
4.45,4,159.955872
4.6,3,159.980986
4.45,4,160.010322
4.75,2,160.04009
4.45,4,160.064947
4.15,6,160.094349
4.6,3,160.11827
3.85,8,160.149135
3.4,11,160.189518
4.45,4,160.219506
-1.75,15,160.418767
4.75,2,160.443963
3.7,9,160.478125
4.3,5,160.509576
3.85,8,160.542827
4.15,6,160.575341
4.45,4,160.601357
3.85,8,160.634065
4.45,4,160.66175
4.45,4,160.694345
4.15,6,160.725307
-1.75,15,160.768544
3.25,12,160.810345
4.15,6,160.842169
3.1,13,160.889321
4.45,4,160.922306
4.45,4,160.957902
3.25,12,161.003571
4.75,2,161.030519
4.6,3,161.059364
4.3,5,161.091398
4.15,6,161.122758
3.85,8,161.155657
4.6,3,161.186891
-1.75,15,161.236888
4.15,6,161.27067
4.45,4,161.295588
4.3,5,161.334874
4.3,5,161.362439
4.0,7,161.397022
3.85,8,161.430876
4.6,3,161.458456
4.9,1,161.482869
4.15,6,161.523787
4.45,4,161.551666
4.45,4,161.575864
3.4,11,161.614544
4.15,6,161.650088
4.45,4,161.674122
4.6,3,161.698535
4.6,3,161.888549
3.55,10,161.92603
-3.45,10,161.965143
4.6,3,161.994684
4.75,2,162.018359
4.15,6,162.052976
4.3,5,162.081954
4.15,6,162.113698
4.0,7,162.143398
4.15,6,162.174848
4.75,2,162.19919
4.75,2,162.226187
-3.4,9,162.25926
4.6,3,162.28214
4.45,4,162.310793
4.75,2,162.33657
3.4,11,162.373832
4.75,2,162.402655
4.9,1,162.428761
4.45,4,162.461341
-3.35,8,162.498932
4.9,1,162.520827
4.45,4,162.552943
-3.45,10,162.589868
4.6,3,162.615127
3.55,10,162.654457
4.75,2,162.679348
4.3,5,162.710311
4.6,3,162.741052
3.85,8,162.777166
3.85,8,162.82415
3.55,10,162.87345
4.75,2,162.902328
4.6,3,162.928659
-3.55,12,162.973269
4.0,7,163.007625
4.75,2,163.032262
3.7,9,163.069916
4.0,7,163.100467
4.3,5,163.1304
4.6,3,163.155795
4.75,2,163.179509
4.6,3,163.212503
4.3,5,163.259228
4.15,6,163.294245
4.3,5,163.324359
4.45,4,163.358225
3.25,12,163.398709
4.3,5,163.57931
-3.6,13,163.621959
-3.5,11,163.66251
2.95,14,163.709015
4.3,5,163.742101
3.55,10,163.783621
4.6,3,163.811761
4.75,2,163.842035
3.85,8,163.883496
4.15,6,163.912682
-3.45,10,163.949905
4.45,4,163.978004
4.15,6,164.010223
3.7,9,164.054202
4.3,5,164.091525
-3.4,9,164.128475
4.75,2,164.15755
3.85,8,164.19012
4.0,7,164.224609
-3.1,3,164.25296
4.75,2,164.282158
3.85,8,164.318048
4.75,2,164.344241
3.4,11,164.385176
4.0,7,164.418694
4.3,5,164.453286
4.15,6,164.490188
4.75,2,164.512006
3.7,9,164.548882
4.75,2,164.57304
4.75,2,164.600878
-3.6,13,164.641653
3.55,10,164.678954
4.6,3,164.70755
4.75,2,164.730401
-3.45,10,164.769228
4.0,7,164.808156
4.15,6,164.838495
4.6,3,164.867394
3.55,10,165.048123
4.15,6,165.08346
4.0,7,165.114982
4.6,3,165.14017
4.3,5,165.171416
4.3,5,165.207532
4.6,3,165.238638
4.3,5,165.269275
4.3,5,165.301813
3.55,10,165.345968
3.85,8,165.387947
4.15,6,165.419176
3.4,11,165.458615
4.45,4,165.489638
4.15,6,165.526175
4.45,4,165.55917
4.3,5,165.596581
4.75,2,165.625165
4.3,5,165.6669
4.3,5,165.705179
4.0,7,165.743075
4.15,6,165.785027
4.45,4,165.817908
3.7,9,165.857666
4.0,7,165.893818
4.3,5,165.929036
3.7,9,165.97404
4.45,4,166.005582
4.15,6,166.040405
4.3,5,166.081852
4.15,6,166.115338
4.3,5,166.143866
-3.7,15,166.2198
-3.4,9,166.270105
4.3,5,166.30867
3.85,8,166.359221
-1.75,15,166.411651
4.15,6,166.446406
4.45,4,166.474515
3.55,10,166.510183
4.75,2,166.541794
4.6,3,166.701625
4.45,4,166.73086
4.45,4,166.756385
-3.1,3,166.782213
4.6,3,166.808154
4.3,5,166.843668
4.15,6,166.877606
4.45,4,166.906929
4.0,7,166.942754
4.45,4,166.971706
4.0,7,167.006141
4.15,6,167.038095
4.45,4,167.068682
3.25,12,167.104473
4.0,7,167.13788
-1.75,15,167.183061
4.6,3,167.20897
3.85,8,167.244444
-3.5,11,167.284732
4.45,4,167.315465
4.75,2,167.342887
3.85,8,167.384587
4.75,2,167.413893
3.7,9,167.453617
3.7,9,167.491008
4.3,5,167.518018
4.6,3,167.548952
4.0,7,167.586721
-3.15,4,167.614079
3.7,9,167.655777
3.55,10,167.692351
3.85,8,167.727697
4.9,1,167.755085
4.15,6,167.789623
-3.1,3,167.820579
-3.35,8,167.854676
4.0,7,167.890699
4.0,7,167.925989
4.6,3,167.960331
4.45,4,167.991588
-3.4,9,168.030042
4.6,3,168.059032
4.6,3,168.086142
4.0,7,168.114787
4.6,3,168.280166
4.15,6,168.310796
3.55,10,168.355954
4.3,5,168.390738
4.0,7,168.424216
4.6,3,168.453031
3.85,8,168.488055
4.15,6,168.518806
4.75,2,168.546564
4.3,5,168.581225
-3.6,13,168.62725
-3.7,15,168.678283
-1.75,15,168.727788
4.3,5,168.761209
4.0,7,168.798234
4.15,6,168.839609
4.45,4,168.868829
4.6,3,168.894397
4.45,4,168.925159
4.6,3,168.955748
3.7,9,168.992791
4.75,2,169.022411
4.0,7,169.05583
4.45,4,169.085106
4.3,5,169.115337
4.15,6,169.149863
4.75,2,169.176342
4.45,4,169.2113
4.6,3,169.239125
-1.75,15,169.280889
3.25,12,169.322506
4.3,5,169.352638
4.3,5,169.380101
-3.7,15,169.425135
4.3,5,169.455858
-3.35,8,169.488309
4.6,3,169.512399
4.15,6,169.544536
4.6,3,169.573159
4.3,5,169.603217
3.85,8,169.779174
3.4,11,169.815214
4.0,7,169.848205
3.7,9,169.879357
4.3,5,169.908194
3.85,8,169.937876
4.45,4,169.968377
3.25,12,170.00531
4.15,6,170.036848
4.0,7,170.069137
4.15,6,170.096882
3.55,10,170.132888
4.0,7,170.168463
4.15,6,170.201724
4.3,5,170.232039
4.0,7,170.264271
3.25,12,170.310917
4.6,3,170.342178
4.6,3,170.371674
4.3,5,170.403177
4.9,1,170.434093
4.6,3,170.463669
4.45,4,170.491457
4.6,3,170.519649
4.75,2,170.543649
4.15,6,170.57698
3.85,8,170.616298
4.3,5,170.648385
4.6,3,170.676764
4.75,2,170.705298
-1.75,15,170.75501
4.45,4,170.783581
4.3,5,170.812129
4.45,4,170.845925
4.0,7,170.879757
4.9,1,170.904294
4.15,6,170.934059
4.3,5,170.967325
3.25,12,171.003807
4.45,4,171.031222
4.0,7,171.066667
3.85,8,171.099668
4.3,5,171.271234
4.75,2,171.295588
3.4,11,171.338425
4.0,7,171.373635
3.4,11,171.415007
4.15,6,171.448123
4.3,5,171.475973
4.75,2,171.500143
4.6,3,171.526437
4.6,3,171.556116
4.3,5,171.586956
-3.5,11,171.624835
4.3,5,171.659328
4.6,3,171.692429
-3.5,11,171.736914
3.85,8,171.775697
-3.5,11,171.81324
4.45,4,171.840635
3.7,9,171.878008
4.9,1,171.908105
3.85,8,171.950147
3.55,10,171.995703
4.75,2,172.024227
4.0,7,172.061039
-3.15,4,172.09119
4.0,7,172.126542
4.45,4,172.155209
4.6,3,172.188762
4.0,7,172.230744
3.7,9,172.267371
4.15,6,172.309037
4.6,3,172.336965
4.6,3,172.365393
3.85,8,172.398738
-3.35,8,172.42891
4.3,5,172.459098
4.6,3,172.486619
3.55,10,172.523696
3.55,10,172.568835
3.7,9,172.601459
4.6,3,172.628717
3.1,13,172.839614
-3.1,3,172.867728
4.75,2,172.890261
3.55,10,172.923572
4.6,3,172.946042
3.55,10,172.978271
4.75,2,173.008239
4.3,5,173.040443
4.15,6,173.06921
4.15,6,173.097933
-1.75,15,173.142011
4.6,3,173.168205
3.55,10,173.203255
4.75,2,173.226327
-3.5,11,173.263324
3.85,8,173.305886
4.3,5,173.332743
-1.75,15,173.381531
-3.05,2,173.407587
4.6,3,173.437781
3.55,10,173.482484
4.9,1,173.510621
3.85,8,173.550714
3.85,8,173.585174
4.3,5,173.613975
4.9,1,173.638721
4.15,6,173.669165
4.3,5,173.702262
3.7,9,173.73984
3.1,13,173.783267
4.45,4,173.810416
4.6,3,173.835322
3.85,8,173.869086
4.15,6,173.90334
4.45,4,173.930762
4.15,6,173.965627
4.0,7,173.999745
3.85,8,174.039335
4.45,4,174.071352
3.85,8,174.104087
4.75,2,174.131206
4.3,5,174.307374
4.0,7,174.337421
4.45,4,174.362289
4.6,3,174.39458
4.45,4,174.424131
3.55,10,174.462635
4.0,7,174.497811
4.9,1,174.521209
3.85,8,174.554652
-3.65,14,174.597347
4.3,5,174.624782
4.3,5,174.656692
-1.75,15,174.696794
4.3,5,174.728035
4.0,7,174.764822
4.45,4,174.79032
4.3,5,174.819006
3.85,8,174.852298
4.0,7,174.883959
3.25,12,174.923701
-1.75,15,174.971147
4.6,3,175.004334
4.45,4,175.037731
4.0,7,175.077438
4.3,5,175.110741
4.6,3,175.13918
3.7,9,175.179705
4.0,7,175.212373
4.3,5,175.242954
4.75,2,175.270558
4.6,3,175.305131
4.75,2,175.334072
4.75,2,175.369521
4.15,6,175.411674
4.45,4,175.449363
4.0,7,175.493324
4.9,1,175.523869
4.3,5,175.562094
4.0,7,175.598794
4.3,5,175.629011
4.75,2,175.663155
4.75,2,175.691428
4.15,6,175.726014
3.55,10,175.767716
4.9,1,175.932014
4.15,6,175.960291
4.6,3,175.988871
4.0,7,176.022568
4.0,7,176.053278
4.3,5,176.080223
4.3,5,176.109778
4.75,2,176.133003
4.3,5,176.16182
4.75,2,176.187697
-3.4,9,176.220174
4.45,4,176.256582
4.3,5,176.289008
4.6,3,176.315995
3.85,8,176.354452
3.7,9,176.391654
-3.65,14,176.436852
4.0,7,176.467397
4.9,1,176.490259
3.85,8,176.52463
4.45,4,176.560215
4.6,3,176.593991
4.15,6,176.626817
4.45,4,176.664508
-3.5,11,176.704514
4.75,2,176.73252
-3.45,10,176.769459
4.15,6,176.801009
4.45,4,176.830281
4.0,7,176.865767
4.15,6,176.90072
4.15,6,176.938382
-3.65,14,176.988607
4.45,4,177.015088
3.7,9,177.053818
3.7,9,177.087743
4.0,7,177.118757
4.75,2,177.1431
4.3,5,177.171124
4.9,1,177.192932
4.3,5,177.22006
3.7,9,177.258965
3.4,11,177.294816
4.0,7,177.496785
4.45,4,177.535398
4.75,2,177.568091
4.6,3,177.597073
-3.65,14,177.640084
4.0,7,177.676209
4.6,3,177.707207
4.3,5,177.743382
-1.75,15,177.793542
-3.45,10,177.831412
4.3,5,177.865541
3.4,11,177.906482
4.6,3,177.933716
4.6,3,177.964344
3.7,9,177.999806
3.4,11,178.03919
4.6,3,178.066666
4.75,2,178.092295
-3.25,6,178.124964
4.0,7,178.157375
4.15,6,178.190684
4.45,4,178.22079
3.25,12,178.26703
3.85,8,178.306751
3.7,9,178.343475
4.75,2,178.372293
3.85,8,178.414543
3.7,9,178.451575
4.75,2,178.474683
4.3,5,178.512391
4.3,5,178.544714
-3.35,8,178.584279
4.75,2,178.615692
3.7,9,178.65812
-1.75,15,178.707537
4.0,7,178.745755
3.85,8,178.784644
4.6,3,178.808876
4.3,5,178.986351
-1.75,15,179.0323
3.4,11,179.06925
4.45,4,179.092786
3.7,9,179.127545
4.3,5,179.15459
4.3,5,179.183369
4.45,4,179.219612
4.15,6,179.25136
3.7,9,179.287621
3.4,11,179.325284
4.9,1,179.352111
4.6,3,179.3765
4.3,5,179.405346
-1.75,15,179.451963
4.45,4,179.482784
4.45,4,179.515365
4.3,5,179.548022
4.45,4,179.582362
4.6,3,179.608484
4.15,6,179.640277
-3.7,15,179.682767
4.6,3,179.714942
4.3,5,179.752757
4.15,6,179.788726
-3.55,12,179.839567
3.55,10,179.884917
3.85,8,179.921855
3.7,9,179.958082
4.3,5,179.991849
4.6,3,180.016824
3.25,12,180.058475
3.55,10,180.107837
3.4,11,180.156734
4.6,3,180.185468
4.0,7,180.221725
4.6,3,180.253428
4.6,3,180.284914
4.3,5,180.453377
4.6,3,180.484983
3.85,8,180.52502
4.75,2,180.553353
4.6,3,180.578004
4.3,5,180.60884
4.75,2,180.635346
4.3,5,180.664277
4.6,3,180.689806
4.6,3,180.716878
4.6,3,180.739881
4.0,7,180.771449
4.9,1,180.797738
3.55,10,180.83367
4.0,7,180.86228
4.15,6,180.895546
3.55,10,180.93433
4.45,4,180.9595
4.15,6,180.99186
4.0,7,181.022593
4.45,4,181.049834
4.45,4,181.077228
4.9,1,181.100606
4.0,7,181.134511
4.75,2,181.158318
4.15,6,181.191003
4.3,5,181.219859
4.0,7,181.253813
4.0,7,181.284983
4.45,4,181.312688
4.0,7,181.348243
3.55,10,181.386754
3.85,8,181.422761
4.6,3,181.451599
-3.15,4,181.479879
4.45,4,181.508417
3.7,9,181.55569
-3.35,8,181.595174
3.85,8,181.630134
2.8,15,181.67698
3.55,10,181.713728
3.85,8,181.747668
4.6,3,181.774088
3.85,8,181.80849
4.3,5,181.841969
4.15,6,182.033327
4.45,4,182.06088
3.7,9,182.099283
4.45,4,182.131916
4.6,3,182.15961
-3.7,15,182.213011
4.9,1,182.236223
-1.75,15,182.284225
4.9,1,182.309961
3.25,12,182.358747
3.25,12,182.397668
4.45,4,182.426085
4.15,6,182.458213
4.3,5,182.489355
4.75,2,182.515595
4.6,3,182.539229
4.3,5,182.575516
-1.75,15,182.62188
4.9,1,182.645127
4.15,6,182.677809
4.6,3,182.708939
4.0,7,182.742866
4.3,5,182.773382
4.75,2,182.801887
4.6,3,182.834404
4.75,2,182.861766
4.15,6,182.892477
3.7,9,182.933183
-3.45,10,182.968482
4.6,3,182.995101
3.4,11,183.043085
4.3,5,183.073341
4.3,5,183.09982
4.75,2,183.125287
4.75,2,183.153987
4.15,6,183.182331
4.6,3,183.210872
4.15,6,183.241097
4.15,6,183.272949
4.75,2,183.299169
4.45,4,183.324485
-1.75,15,183.370382
4.45,4,183.399066
4.3,5,183.426743
3.85,8,183.619859
3.7,9,183.656486
4.3,5,183.688229
-3.3,7,183.723467
-3.25,6,183.758612
4.6,3,183.784833
4.0,7,183.816784
3.85,8,183.857537
4.75,2,183.886764
4.75,2,183.912604
4.3,5,183.94227
4.3,5,183.970024
3.4,11,184.00501
4.75,2,184.032659
4.75,2,184.055904
3.85,8,184.089934
3.4,11,184.129684
3.7,9,184.164562
4.0,7,184.202056
3.85,8,184.23409
4.45,4,184.262103
4.6,3,184.287713
4.45,4,184.31462
4.3,5,184.34243
2.95,14,184.400258
3.85,8,184.444871
4.9,1,184.473822
3.4,11,184.521345
-1.75,15,184.573043
4.3,5,184.611853
-3.4,9,184.653589
3.4,11,184.698475
4.3,5,184.734821
4.45,4,184.772828
4.0,7,184.806334
4.75,2,184.836774
3.85,8,184.873083
4.6,3,184.902342
4.3,5,184.930521
-3.7,15,185.121195
3.85,8,185.152642
4.45,4,185.183916
4.75,2,185.208194
3.85,8,185.241751
4.0,7,185.272309
4.75,2,185.298682
4.6,3,185.33166
4.0,7,185.371832
3.85,8,185.408957
4.75,2,185.437501
4.6,3,185.47142
4.0,7,185.504101
4.15,6,185.538238
4.15,6,185.578191
3.7,9,185.628301
3.85,8,185.664869
4.6,3,185.691517
4.45,4,185.719728
4.75,2,185.749358
4.6,3,185.77656
-1.75,15,185.823743
3.85,8,185.861008
4.75,2,185.884503
4.75,2,185.907249
4.15,6,185.938673
4.9,1,185.964412
4.45,4,185.992116
4.3,5,186.026447
4.9,1,186.051009
4.0,7,186.082632
4.45,4,186.109548
4.0,7,186.141764
4.75,2,186.169058
4.45,4,186.2016
4.0,7,186.239482
4.6,3,186.26865
-1.75,15,186.31232
4.9,1,186.33651
4.15,6,186.369874
3.55,10,186.408038
4.15,6,186.440284
3.85,8,186.482209
4.45,4,186.511351
4.6,3,186.538261
4.0,7,186.570878
3.25,12,186.757625
3.55,10,186.796447
4.6,3,186.820923
4.45,4,186.850892
4.0,7,186.882231
4.75,2,186.908496
4.6,3,186.93933
4.15,6,186.974396
4.15,6,187.005972
4.45,4,187.036068
4.15,6,187.068859
4.75,2,187.091347
3.7,9,187.128479
4.3,5,187.166339
4.15,6,187.193429
4.75,2,187.221958
4.3,5,187.253115
4.75,2,187.281709
4.75,2,187.319192
4.45,4,187.347664
4.6,3,187.375425
4.75,2,187.401074
4.3,5,187.43344
-3.5,11,187.470259
-3.65,14,187.512802
4.6,3,187.539009
3.25,12,187.585817
4.6,3,187.616902
4.3,5,187.647426
3.7,9,187.683176
4.9,1,187.709424
3.1,13,187.75474
4.3,5,187.787563
-1.75,15,187.835606
4.6,3,187.860871
4.6,3,187.889943
4.0,7,187.924742
4.0,7,187.962976
3.4,11,188.006147
4.3,5,188.036358
-3.65,14,188.080312
4.0,7,188.108396
-1.75,15,188.282543
4.45,4,188.307082
4.9,1,188.333287
4.3,5,188.362442
4.75,2,188.386707
4.15,6,188.420031
4.75,2,188.448069
2.95,14,188.489038
3.1,13,188.531324
3.7,9,188.568485
4.6,3,188.602871
4.3,5,188.635383
4.75,2,188.662653
4.75,2,188.687717
4.75,2,188.712009
4.0,7,188.74928
3.55,10,188.786769
4.15,6,188.818943
-1.75,15,188.869706
4.45,4,188.904187
4.3,5,188.937037
4.0,7,188.967412
-3.65,14,189.015013
4.75,2,189.038511
4.75,2,189.060063
4.45,4,189.0897
4.3,5,189.117697
4.0,7,189.157625
4.0,7,189.190164
3.7,9,189.228397
4.45,4,189.256567
4.6,3,189.287926
-3.7,15,189.344842
4.15,6,189.376557
4.75,2,189.40399
4.3,5,189.435393
3.55,10,189.471476
3.85,8,189.504967
4.45,4,189.5356
4.0,7,189.568014
3.25,12,189.764132
3.25,12,189.802356
4.6,3,189.830069
-3.5,11,189.866075
4.45,4,189.893253
3.55,10,189.931775
4.75,2,189.958299
3.55,10,189.99634
4.9,1,190.020252
4.15,6,190.054147
-1.75,15,190.10104
4.45,4,190.129049
4.6,3,190.152167
3.85,8,190.186406
4.3,5,190.211685
4.9,1,190.234432
3.4,11,190.275525
4.45,4,190.307344
4.45,4,190.337204
4.75,2,190.370832
4.15,6,190.401308
4.0,7,190.435906
4.45,4,190.465002
3.55,10,190.500409
4.0,7,190.532891
4.75,2,190.557645
4.15,6,190.592707
4.75,2,190.620394
4.3,5,190.650111
4.45,4,190.679386
4.6,3,190.713567
4.15,6,190.748316
4.0,7,190.782804
4.45,4,190.811232
3.85,8,190.851829
4.75,2,190.881653
3.85,8,190.916706
4.3,5,190.950202
4.45,4,190.980224
-3.65,14,191.026053
4.3,5,191.062307
4.75,2,191.096751
4.0,7,191.12943
4.6,3,191.163654
4.6,3,191.191031
4.9,1,191.219549
4.45,4,191.417063
4.3,5,191.447366
-1.75,15,191.495932
4.15,6,191.528759
3.7,9,191.571131
3.7,9,191.61359
3.85,8,191.653007
3.4,11,191.707192
4.0,7,191.745626
3.4,11,191.783944
4.75,2,191.809494
4.6,3,191.840196
3.4,11,191.889625
4.3,5,191.923383
4.3,5,191.956931
-1.75,15,192.008164
-3.5,11,192.061776
4.45,4,192.091933
4.0,7,192.13163
4.0,7,192.163635
4.6,3,192.190291
4.75,2,192.221494
-1.75,15,192.271544
4.15,6,192.307966
-1.75,15,192.356545
4.45,4,192.386348
4.3,5,192.422529
3.7,9,192.467962
4.0,7,192.501123
4.15,6,192.532951
4.6,3,192.558468
3.7,9,192.601239
-3.3,7,192.644237
3.7,9,192.684889
3.25,12,192.876579
4.6,3,192.903665
4.6,3,192.931053
4.45,4,192.957337
3.85,8,192.988862
4.15,6,193.01904
-3.6,13,193.05728
3.1,13,193.099629
3.7,9,193.134396
4.45,4,193.16348
4.45,4,193.188527
4.6,3,193.214138
4.6,3,193.241061
4.15,6,193.269932
4.0,7,193.297978
4.6,3,193.324875
4.9,1,193.351169
4.6,3,193.38008
3.55,10,193.416975
4.3,5,193.443558
-3.5,11,193.486413
3.85,8,193.520745
4.75,2,193.541819
4.3,5,193.571917
3.7,9,193.606861
-3.55,12,193.648374
4.15,6,193.678293
4.6,3,193.706184
4.0,7,193.742625
4.75,2,193.768278
4.45,4,193.796349
4.45,4,193.824022
3.7,9,193.864379
4.75,2,193.888983
4.0,7,193.92394
-3.2,5,193.953749
3.85,8,194.004106
4.3,5,194.035201
4.0,7,194.078717
4.75,2,194.110213
-3.25,6,194.143863
4.45,4,194.17028
4.75,2,194.196885
4.3,5,194.225587
4.75,2,194.254614
4.9,1,194.278811
4.45,4,194.449942
4.6,3,194.474688
3.4,11,194.509553
4.15,6,194.540427
4.6,3,194.565979
4.45,4,194.592891
4.0,7,194.621564
4.6,3,194.646367
4.6,3,194.672322
4.0,7,194.706867
4.6,3,194.738336
4.6,3,194.76638
4.6,3,194.793597
3.85,8,194.828745
3.85,8,194.860713
4.75,2,194.885281
4.75,2,194.9068
-1.75,15,194.965323
4.0,7,195.003824
3.7,9,195.041053
4.6,3,195.073669
4.75,2,195.096735
-3.55,12,195.133786
4.3,5,195.161811
3.85,8,195.196789
4.0,7,195.227381
4.3,5,195.256833
4.3,5,195.283702
3.7,9,195.318352
4.6,3,195.344527
4.75,2,195.377081
4.6,3,195.404692
4.3,5,195.439762
4.45,4,195.47722
4.6,3,195.508186
3.4,11,195.551564
4.75,2,195.574871
4.45,4,195.606465
4.3,5,195.637905
3.85,8,195.679533
4.0,7,195.718174
4.75,2,195.744131
4.75,2,195.768335
4.3,5,195.800411
-1.75,15,195.845906
3.85,8,195.882188
3.7,9,196.072242
4.6,3,196.099968
4.3,5,196.12875
4.6,3,196.155301
4.15,6,196.184402
3.4,11,196.222281
4.45,4,196.249687
3.7,9,196.282996
4.45,4,196.308754
4.15,6,196.340076
4.75,2,196.368391
3.25,12,196.417784
3.55,10,196.459244
4.75,2,196.485065
4.75,2,196.507203
3.25,12,196.551637
4.6,3,196.579102
4.75,2,196.60461
-1.75,15,196.650332
4.45,4,196.678806
3.25,12,196.717748
4.45,4,196.748766
4.6,3,196.7756
-3.55,12,196.815979
4.75,2,196.839263
4.75,2,196.865613
4.6,3,196.90058
-3.45,10,196.935694
-1.75,15,196.985399
4.6,3,197.013894
4.15,6,197.053103
4.3,5,197.08296
4.0,7,197.114823
4.75,2,197.141007
-1.75,15,197.187687
3.85,8,197.22315
3.55,10,197.266407
4.6,3,197.297734
3.25,12,197.338648
4.75,2,197.530561
4.45,4,197.556284
3.7,9,197.590874
4.75,2,197.614455
3.85,8,197.648532
3.4,11,197.686695
4.0,7,197.717201
3.4,11,197.754301
3.7,9,197.791777
4.45,4,197.821602
4.15,6,197.852642
4.3,5,197.880206
4.75,2,197.903065
4.3,5,197.932605
4.75,2,197.952918
3.85,8,197.984903
-1.75,15,198.026519
3.7,9,198.066
4.15,6,198.095567
3.55,10,198.133045
3.55,10,198.178929
4.75,2,198.212812
3.85,8,198.24419
4.6,3,198.26974
4.3,5,198.303956
4.15,6,198.344127
4.0,7,198.3757
4.15,6,198.408187
-3.25,6,198.44695
4.0,7,198.476689
4.3,5,198.509891
3.4,11,198.561103
4.75,2,198.58885
4.75,2,198.619838
4.45,4,198.64942
-3.45,10,198.693053
4.6,3,198.723336
-3.45,10,198.779019
3.25,12,198.840086
3.1,13,199.070618
4.3,5,199.103508
4.75,2,199.129614
4.75,2,199.152652
4.15,6,199.181911
4.15,6,199.212453
4.15,6,199.240958
4.9,1,199.264659
-1.75,15,199.306494
4.3,5,199.341268
3.85,8,199.384034
4.45,4,199.415587
4.0,7,199.450598
4.15,6,199.479476
3.7,9,199.514024
4.45,4,199.540011
4.75,2,199.564877
4.15,6,199.592449
4.75,2,199.617891
4.3,5,199.64598
4.3,5,199.676291
-1.75,15,199.720639
-1.75,15,199.769245
4.0,7,199.8012
4.45,4,199.828785
4.6,3,199.855423
4.3,5,199.883052
3.4,11,199.91899
-1.75,15,199.971093
4.15,6,200.004385
4.45,4,200.036704
4.3,5,200.064684
4.15,6,200.09405
4.15,6,200.123793
4.45,4,200.151646
4.15,6,200.18774
4.15,6,200.222239
4.3,5,200.256079
3.55,10,200.2964
4.75,2,200.321782
4.3,5,200.517602
-3.1,3,200.551419
3.55,10,200.589465
4.9,1,200.614452
4.6,3,200.641001
4.75,2,200.668293
4.15,6,200.702731
4.0,7,200.741469
4.6,3,200.767462
3.85,8,200.799951
3.85,8,200.834253
3.4,11,200.872059
4.75,2,200.898942
4.9,1,200.919632
4.15,6,200.950379
4.3,5,200.979162
4.3,5,201.010452
4.75,2,201.036397
4.3,5,201.066714
4.75,2,201.094704
4.0,7,201.127117
4.15,6,201.162074
4.45,4,201.189212
3.85,8,201.226519
4.75,2,201.255841
4.15,6,201.286037
4.0,7,201.316028
4.45,4,201.341366
4.75,2,201.368164
4.0,7,201.397585
3.55,10,201.43403
4.75,2,201.459584
4.6,3,201.486439
4.6,3,201.519656
4.3,5,201.549534
3.7,9,201.584582
4.6,3,201.612078
4.3,5,201.638426
4.3,5,201.666994
4.0,7,201.701552
4.3,5,201.736611
3.55,10,201.779608
4.75,2,201.804896
4.15,6,201.83971
4.6,3,201.86916
4.6,3,201.902004
4.15,6,201.938911
3.85,8,201.975895
3.55,10,202.015999
3.85,8,202.219224
4.45,4,202.250084
4.0,7,202.286917
4.6,3,202.319705
4.6,3,202.350651
4.45,4,202.379957
-1.75,15,202.428301
3.85,8,202.464796
3.4,11,202.50125
3.7,9,202.538575
4.6,3,202.570672
4.45,4,202.604759
4.75,2,202.63346
4.75,2,202.660069
4.3,5,202.69117
4.45,4,202.72536
4.75,2,202.753948
4.3,5,202.791976
4.15,6,202.824296
4.45,4,202.85922
-1.75,15,202.904752
3.85,8,202.939423
4.6,3,202.967826
3.7,9,202.999524
-1.75,15,203.042102
3.85,8,203.074325
4.0,7,203.115175
-1.75,15,203.156771
4.45,4,203.184209
-3.2,5,203.211564
4.6,3,203.237503
4.3,5,203.26533
4.45,4,203.295804
3.85,8,203.332602
4.15,6,203.372571
4.6,3,203.400799
4.6,3,203.427723
4.3,5,203.469484
3.7,9,203.515704
-1.75,15,203.569693
4.6,3,203.598997
4.6,3,203.790175
3.85,8,203.829309
4.3,5,203.857368
-3.05,2,203.882123
4.75,2,203.905965
4.45,4,203.93276
4.15,6,203.965138
4.0,7,203.99976
4.6,3,204.027362
3.4,11,204.067137
4.3,5,204.096502
4.75,2,204.123468
3.55,10,204.156706
4.45,4,204.18224
4.15,6,204.211917
4.45,4,204.240061
3.85,8,204.279037
3.85,8,204.313854
4.6,3,204.342105
4.6,3,204.36564
4.6,3,204.388932
3.85,8,204.421402
3.85,8,204.451924
4.9,1,204.478467
4.6,3,204.505592
4.3,5,204.538189
4.6,3,204.564864
4.75,2,204.588631
3.55,10,204.623484
4.6,3,204.648222
4.3,5,204.675846
3.55,10,204.712408
4.15,6,204.740115
4.6,3,204.76749
4.9,1,204.791132
3.1,13,204.836305
4.3,5,204.867377
4.75,2,204.890008
4.45,4,204.917082
-1.75,15,204.967299
4.0,7,205.005507
3.25,12,205.054486
4.9,1,205.079247
3.7,9,205.117943
4.75,2,205.142262
-3.5,11,205.180291
3.85,8,205.380064
4.6,3,205.40442
4.0,7,205.43547
4.75,2,205.463057
4.15,6,205.49665
4.15,6,205.541553
4.75,2,205.571266
3.7,9,205.616982
4.75,2,205.647881
3.55,10,205.690815
4.45,4,205.721499
4.6,3,205.74757
-3.55,12,205.787132
-3.65,14,205.838411
4.45,4,205.870996
4.3,5,205.910612
3.55,10,205.949006
4.6,3,205.975153
4.0,7,206.009634
3.85,8,206.045624
4.6,3,206.071642
4.75,2,206.09582
4.0,7,206.129208
4.75,2,206.155832
4.6,3,206.180376
3.4,11,206.217261
4.3,5,206.246473
4.15,6,206.276103
4.6,3,206.302893
4.15,6,206.330558
4.6,3,206.364426
4.9,1,206.395232
4.0,7,206.440093
4.3,5,206.474953
4.9,1,206.500576
4.6,3,206.533346
-3.35,8,206.574799
4.45,4,206.605458
4.45,4,206.634419
4.45,4,206.661949
3.55,10,206.70191
4.6,3,206.731929
4.6,3,206.754946
4.6,3,206.78288
3.4,11,206.821211
3.4,11,206.862113
