#{"t_start": 1787938391.3195717, "env_id": "None"}
r,l,t
-3.1,3,0.038969
-3.05,2,0.071676
-3.0,1,0.092932
-3.05,2,0.119494
-3.15,4,0.146168
-3.0,1,0.17169
4.9,1,0.19753
-3.0,1,0.224678
-3.3,7,0.259685
-3.0,1,0.281232
-3.0,1,0.304935
4.45,4,0.334891
-3.0,1,0.359845
-3.05,2,0.386827
-3.35,8,0.424346
-3.3,7,0.453414
-3.05,2,0.478621
-3.05,2,0.50363
-3.1,3,0.526508
4.45,4,0.557322
-3.15,4,0.587063
-3.15,4,0.616606
4.45,4,0.642633
-3.0,1,0.663931
-3.1,3,0.698712
-3.15,4,0.727795
-3.1,3,0.759551
-3.2,5,0.796278
4.15,6,0.830879
4.75,2,0.856619
-3.1,3,0.883968
-3.05,2,0.907258
4.3,5,0.937677
-3.0,1,0.963034
-3.05,2,0.985995
-3.1,3,1.010482
-3.0,1,1.033522
3.4,11,1.077659
-3.15,4,1.106466
-3.45,10,1.150972
-3.05,2,1.173818
4.45,4,1.201913
-3.05,2,1.224057
-3.3,7,1.266409
-3.4,9,1.302339
-3.05,2,1.326113
4.6,3,1.356853
4.0,7,1.388876
-3.1,3,1.417552
4.45,4,1.444666
-3.1,3,1.470225
-3.05,2,1.49156
-3.0,1,1.515861
4.3,5,1.550464
-3.05,2,1.578097
4.45,4,1.609535
-3.0,1,1.633148
-3.1,3,1.662568
-3.0,1,1.689234
-3.05,2,1.722584
4.6,3,1.752718
-3.15,4,1.784815
-3.55,12,1.823153
-3.0,1,1.849859
-3.4,9,1.889033
-3.25,6,1.92986
-3.6,13,1.970891
-3.25,6,2.002161
-3.0,1,2.169362
4.45,4,2.198331
-3.1,3,2.225994
-3.3,7,2.257238
3.55,10,2.292688
3.25,12,2.332648
-3.6,13,2.372299
-3.05,2,2.391996
-3.0,1,2.414526
-3.15,4,2.449384
4.15,6,2.486221
-3.0,1,2.509915
4.75,2,2.53658
-3.1,3,2.557908
4.9,1,2.583288
-3.0,1,2.607236
3.7,9,2.641747
4.9,1,2.667037
-3.1,3,2.69202
-3.15,4,2.720702
-3.1,3,2.745838
-3.0,1,2.766394
-3.0,1,2.787548
-3.0,1,2.8098
-3.2,5,2.839368
-3.0,1,2.864449
-3.1,3,2.892112
-3.25,6,2.924734
-3.0,1,2.950504
-3.2,5,2.981344
-3.0,1,3.004732
4.6,3,3.036027
-3.05,2,3.060091
-3.0,1,3.089289
4.15,6,3.131841
-3.05,2,3.164999
-3.0,1,3.192703
-3.2,5,3.227734
-3.0,1,3.256729
-3.0,1,3.284993
-3.25,6,3.32038
-3.05,2,3.349647
-1.75,15,3.391628
-3.3,7,3.424505
4.0,7,3.457436
-3.05,2,3.483049
-3.05,2,3.506648
-3.1,3,3.530083
-3.15,4,3.555917
4.45,4,3.583249
-3.2,5,3.610938
-3.15,4,3.637446
-3.35,8,3.67966
-3.2,5,3.717291
-3.0,1,3.747778
-3.1,3,3.776216
-3.1,3,3.805788
4.75,2,3.831006
4.6,3,3.85719
4.75,2,3.882255
-3.35,8,3.922585
-3.15,4,3.9491
-3.5,11,3.985062
4.75,2,4.012753
-3.0,1,4.040412
-1.75,15,4.243412
-3.0,1,4.269126
-3.05,2,4.290488
-3.15,4,4.321869
-3.1,3,4.351965
-3.15,4,4.379725
4.45,4,4.409335
4.3,5,4.443539
-3.0,1,4.466544
4.0,7,4.505265
4.45,4,4.541212
3.55,10,4.586982
-3.0,1,4.613599
-3.0,1,4.638878
4.45,4,4.668028
-3.15,4,4.697782
4.6,3,4.727311
-3.05,2,4.755507
-3.0,1,4.780483
-3.0,1,4.803499
-3.3,7,4.840528
-3.0,1,4.866474
-3.15,4,4.892906
4.0,7,4.928564
4.6,3,4.958595
-3.0,1,4.99113
-3.0,1,5.021099
4.45,4,5.051041
-3.05,2,5.074929
-3.0,1,5.098376
3.55,10,5.13619
4.75,2,5.165881
3.55,10,5.206084
-3.1,3,5.236244
4.0,7,5.27174
-3.15,4,5.305826
4.75,2,5.331329
4.3,5,5.359386
4.45,4,5.389467
-3.05,2,5.413738
-3.05,2,5.43749
-3.0,1,5.464871
3.7,9,5.504452
-3.05,2,5.535312
4.3,5,5.573589
4.6,3,5.606472
-3.1,3,5.631828
-3.0,1,5.65559
-3.15,4,5.690835
-3.0,1,5.714319
-3.45,10,5.756484
-3.05,2,5.783684
-3.05,2,5.815237
-3.1,3,5.848092
-3.15,4,5.873664
-3.05,2,5.898102
-3.45,10,5.933893
-3.4,9,5.966614
-3.55,12,6.007851
4.0,7,6.050926
-3.0,1,6.075717
-3.0,1,6.10598
-3.15,4,6.137299
-3.15,4,6.168375
-3.0,1,6.191012
-3.4,9,6.41643
-3.05,2,6.443768
-3.1,3,6.477463
-3.1,3,6.507636
-3.05,2,6.545678
-3.2,5,6.581714
-3.1,3,6.611526
-3.0,1,6.638598
-3.05,2,6.668584
-3.15,4,6.697995
-3.15,4,6.728986
-1.75,15,6.781097
-3.0,1,6.804697
3.55,10,6.845301
-3.05,2,6.874584
-3.15,4,6.906777
-3.15,4,6.939044
4.15,6,6.976621
-3.5,11,7.015614
-3.5,11,7.053955
-3.4,9,7.087401
-3.45,10,7.122133
-3.1,3,7.147182
4.15,6,7.17653
-3.05,2,7.202385
-1.75,15,7.254552
4.9,1,7.277565
4.3,5,7.305603
4.15,6,7.336219
-3.45,10,7.37221
4.3,5,7.401944
4.45,4,7.429441
-3.05,2,7.460346
3.55,10,7.50753
-3.15,4,7.543758
-3.3,7,7.583849
-3.25,6,7.62758
-1.75,15,7.676929
-1.75,15,7.726947
-3.05,2,7.751556
-3.0,1,7.776954
-3.05,2,7.804851
4.15,6,7.840752
-3.1,3,7.871567
-3.05,2,7.901497
4.3,5,8.088755
-3.05,2,8.116667
-3.35,8,8.152639
4.3,5,8.18665
-3.0,1,8.209275
-3.6,13,8.259144
-3.15,4,8.290023
-1.75,15,8.344722
-1.75,15,8.403188
-3.35,8,8.435982
4.15,6,8.465673
-1.75,15,8.515237
-3.3,7,8.551039
-3.4,9,8.587815
-3.25,6,8.619932
-3.05,2,8.641882
-3.2,5,8.671682
-3.1,3,8.697252
3.7,9,8.734666
-1.75,15,8.780437
-3.6,13,8.822161
-3.25,6,8.854384
-3.2,5,8.883627
-3.1,3,8.910676
-1.75,15,8.954979
4.6,3,8.9793
-3.3,7,9.006456
4.15,6,9.035468
4.45,4,9.062973
-1.75,15,9.10711
3.85,8,9.143914
-3.4,9,9.181144
-3.05,2,9.205683
4.3,5,9.234773
-3.25,6,9.43523
4.15,6,9.470105
-3.05,2,9.495048
4.0,7,9.529188
3.4,11,9.572181
4.0,7,9.618298
4.15,6,9.655304
3.4,11,9.699739
-3.15,4,9.730332
4.3,5,9.767464
-3.5,11,9.816339
-3.3,7,9.85264
-3.6,13,9.897796
-3.65,14,9.941102
-3.05,2,9.968549
-3.0,1,9.989418
4.6,3,10.017475
-3.2,5,10.045768
4.0,7,10.078477
4.15,6,10.112905
2.8,15,10.160408
4.45,4,10.190274
-3.15,4,10.219002
4.3,5,10.25042
3.85,8,10.288952
4.3,5,10.318819
-3.05,2,10.346228
4.45,4,10.375204
4.3,5,10.404586
-3.05,2,10.431201
4.3,5,10.458853
3.1,13,10.502995
-3.3,7,10.539447
-1.75,15,10.584578
-3.35,8,10.619943
4.45,4,10.645086
-3.35,8,10.67923
4.45,4,10.709253
-3.05,2,10.739453
-3.05,2,10.766502
4.6,3,10.79909
-3.05,2,10.828702
2.8,15,11.037816
3.7,9,11.075804
4.75,2,11.102922
4.3,5,11.1342
-3.2,5,11.163013
-3.5,11,11.202636
4.45,4,11.229263
4.15,6,11.261428
-3.05,2,11.291175
-3.05,2,11.321036
-3.3,7,11.353808
-3.25,6,11.38499
-3.15,4,11.413335
3.85,8,11.448041
4.3,5,11.478505
4.15,6,11.516778
3.55,10,11.552992
4.3,5,11.583133
3.1,13,11.624228
4.3,5,11.653479
-3.05,2,11.679659
4.0,7,11.712416
4.6,3,11.743475
3.85,8,11.783803
-3.1,3,11.808291
-3.0,1,11.832765
-3.5,11,11.868236
-3.05,2,11.889469
-3.05,2,11.914936
-3.25,6,11.941861
-3.05,2,11.967062
4.6,3,11.995048
-3.2,5,12.023136
-3.2,5,12.055352
-3.15,4,12.081608
-3.0,1,12.104108
-3.25,6,12.136037
-3.0,1,12.158234
-3.3,7,12.188813
4.45,4,12.216942
3.25,12,12.253451
-3.05,2,12.276706
-3.2,5,12.308304
-3.0,1,12.334969
-3.15,4,12.363584
-3.1,3,12.389656
-3.35,8,12.426668
3.7,9,12.646741
4.45,4,12.680893
-3.45,10,12.718764
4.15,6,12.752229
4.6,3,12.780948
-3.3,7,12.817178
-3.0,1,12.840251
-3.4,9,12.87374
-3.0,1,12.899027
4.75,2,12.926011
4.6,3,12.95191
3.4,11,12.984965
4.6,3,13.013599
4.6,3,13.038019
-3.05,2,13.063239
-3.25,6,13.099933
-1.75,15,13.145263
3.1,13,13.190612
4.6,3,13.222712
4.3,5,13.253324
-3.6,13,13.2929
-3.0,1,13.319056
4.45,4,13.344991
-3.0,1,13.369428
4.0,7,13.407055
4.75,2,13.43478
-3.1,3,13.459471
4.75,2,13.484409
3.7,9,13.521502
4.75,2,13.548458
3.55,10,13.587667
4.3,5,13.618671
4.75,2,13.642654
-3.1,3,13.671865
-3.25,6,13.699497
-1.75,15,13.739136
-1.75,15,13.782621
-1.75,15,13.831083
3.7,9,13.866889
4.3,5,13.901296
4.15,6,13.932884
4.0,7,13.966625
4.3,5,14.001168
4.45,4,14.187947
-3.45,10,14.233443
-3.0,1,14.257757
-1.75,15,14.308461
3.85,8,14.347286
4.45,4,14.3746
-3.45,10,14.410072
-3.45,10,14.445029
-3.0,1,14.468154
-3.25,6,14.500816
-1.75,15,14.543034
-3.3,7,14.57486
3.4,11,14.614114
4.15,6,14.647765
-3.65,14,14.687257
4.75,2,14.712775
4.3,5,14.743348
4.0,7,14.778621
-1.75,15,14.821514
4.0,7,14.860583
4.0,7,14.890752
3.4,11,14.926376
4.6,3,14.955625
4.0,7,14.988337
-3.35,8,15.025202
-3.0,1,15.050834
4.75,2,15.078069
-3.65,14,15.120178
-3.05,2,15.141747
-3.45,10,15.178953
4.3,5,15.209082
4.3,5,15.245847
3.85,8,15.278607
-3.05,2,15.304096
4.15,6,15.33802
4.45,4,15.363962
-3.2,5,15.556753
4.0,7,15.589662
-3.45,10,15.630766
3.4,11,15.670718
4.0,7,15.702512
3.85,8,15.73664
4.6,3,15.761345
4.15,6,15.793538
-3.45,10,15.829557
4.6,3,15.861942
4.45,4,15.890108
4.75,2,15.915228
4.45,4,15.942347
4.6,3,15.972162
4.45,4,16.002179
4.15,6,16.032285
-3.4,9,16.066704
4.15,6,16.097672
4.75,2,16.12306
-3.45,10,16.167906
-3.35,8,16.197739
4.75,2,16.221266
-3.1,3,16.245367
-3.25,6,16.27653
4.45,4,16.302698
-3.05,2,16.326595
-3.2,5,16.361567
4.3,5,16.392944
4.15,6,16.425015
4.45,4,16.455107
3.85,8,16.494157
-3.1,3,16.524854
3.85,8,16.567274
4.75,2,16.598765
-3.1,3,16.625602
3.25,12,16.674539
4.3,5,16.707306
-3.7,15,16.755541
4.15,6,16.788692
4.0,7,16.821535
4.3,5,16.849601
3.7,9,16.88561
4.3,5,16.911026
4.15,6,16.940107
3.4,11,17.122488
-3.45,10,17.158095
-3.2,5,17.18798
4.3,5,17.22017
4.15,6,17.257152
-3.35,8,17.295309
4.45,4,17.325172
-1.75,15,17.376248
3.55,10,17.421154
3.25,12,17.468235
-3.35,8,17.505196
-3.6,13,17.555318
4.9,1,17.577987
3.1,13,17.619768
4.0,7,17.649289
4.45,4,17.680442
4.3,5,17.713773
-3.05,2,17.736648
4.45,4,17.765057
-1.75,15,17.814559
4.75,2,17.848792
4.6,3,17.875485
4.3,5,17.906295
4.15,6,17.938037
4.75,2,17.963939
4.45,4,17.990864
4.75,2,18.014612
4.0,7,18.050158
-1.75,15,18.09712
-3.1,3,18.125722
-3.15,4,18.155142
4.15,6,18.183359
4.75,2,18.207041
-1.75,15,18.257271
-3.35,8,18.2924
-1.75,15,18.339483
-3.35,8,18.519534
-3.35,8,18.558437
4.6,3,18.58446
-3.45,10,18.621959
4.75,2,18.648821
4.6,3,18.677345
4.3,5,18.704319
3.7,9,18.747106
4.75,2,18.772474
4.75,2,18.802393
3.4,11,18.848181
-3.55,12,18.888397
4.45,4,18.914867
3.85,8,18.948428
-3.45,10,18.988367
4.6,3,19.017238
-3.35,8,19.050049
4.6,3,19.08356
4.6,3,19.115127
-3.25,6,19.147802
4.6,3,19.174668
-3.3,7,19.207589
4.75,2,19.233664
3.85,8,19.270685
4.9,1,19.290891
-3.5,11,19.333539
4.0,7,19.367531
4.6,3,19.393411
-1.75,15,19.439313
3.85,8,19.47243
4.6,3,19.502621
4.3,5,19.537072
-3.5,11,19.572678
4.0,7,19.606928
3.85,8,19.638739
-3.1,3,19.665927
-3.2,5,19.699194
3.25,12,19.740302
4.15,6,19.78107
4.15,6,19.815959
-3.2,5,19.849065
-3.05,2,20.019855
-3.35,8,20.05756
-1.75,15,20.101354
4.45,4,20.131038
-1.75,15,20.189148
4.6,3,20.218917
-1.75,15,20.267069
3.7,9,20.30818
4.3,5,20.341886
3.4,11,20.391272
-1.75,15,20.440625
4.75,2,20.467483
4.15,6,20.500173
3.85,8,20.535309
4.15,6,20.576459
4.0,7,20.612023
-1.75,15,20.661601
4.0,7,20.695276
3.4,11,20.735096
4.9,1,20.755798
4.45,4,20.782341
-1.75,15,20.82573
-1.75,15,20.871654
4.0,7,20.901395
3.4,11,20.93565
3.4,11,20.97761
-1.75,15,21.019768
3.85,8,21.050919
3.55,10,21.236539
-3.15,4,21.26249
3.4,11,21.299499
4.15,6,21.330181
3.85,8,21.364764
3.7,9,21.399249
3.4,11,21.435957
3.7,9,21.472404
-1.75,15,21.517247
4.45,4,21.546567
-1.75,15,21.58775
3.4,11,21.633242
-1.75,15,21.678524
4.15,6,21.711988
4.45,4,21.738155
4.45,4,21.765576
4.6,3,21.792519
3.7,9,21.832379
4.0,7,21.867527
4.3,5,21.899869
4.6,3,21.926463
4.3,5,21.963005
-1.75,15,22.004349
4.15,6,22.040261
4.75,2,22.06887
-3.55,12,22.117389
4.0,7,22.152222
-3.3,7,22.188352
4.6,3,22.221861
-3.65,14,22.275793
3.25,12,22.323454
4.6,3,22.3537
3.55,10,22.539573
-3.4,9,22.578477
4.45,4,22.605216
4.45,4,22.632611
4.45,4,22.662796
4.6,3,22.687723
4.3,5,22.71621
-3.25,6,22.746001
4.15,6,22.777586
-3.15,4,22.806847
-3.0,1,22.834147
4.75,2,22.85724
-1.75,15,22.899147
-3.25,6,22.924838
4.6,3,22.953061
4.15,6,22.984526
3.55,10,23.020819
4.6,3,23.043852
-3.05,2,23.067343
-3.5,11,23.104139
4.15,6,23.136451
4.75,2,23.160565
4.45,4,23.190641
-1.75,15,23.237655
4.0,7,23.279037
-1.75,15,23.328585
-1.75,15,23.383404
-1.75,15,23.431879
-1.75,15,23.484202
-3.2,5,23.515861
4.15,6,23.549333
4.45,4,23.581863
4.75,2,23.608044
4.75,2,23.636113
4.3,5,23.667502
4.3,5,23.697755
3.55,10,23.737745
4.15,6,23.774791
-3.2,5,23.807502
4.75,2,23.838664
-3.65,14,24.020674
-3.1,3,24.044392
4.0,7,24.074088
4.3,5,24.105776
4.15,6,24.13745
-3.2,5,24.172831
-3.2,5,24.203514
4.3,5,24.231863
3.25,12,24.275609
-3.3,7,24.310786
4.9,1,24.336114
-3.1,3,24.360592
4.15,6,24.391632
4.75,2,24.418891
-3.55,12,24.464375
-3.55,12,24.50541
4.45,4,24.538843
4.6,3,24.563727
4.9,1,24.585992
3.25,12,24.622668
4.15,6,24.655986
3.55,10,24.697685
4.75,2,24.723065
4.45,4,24.75451
4.15,6,24.789554
4.15,6,24.829927
-3.0,1,24.855375
4.75,2,24.887515
3.85,8,24.923869
4.45,4,24.950931
4.6,3,24.976346
3.85,8,25.01164
-3.0,1,25.033275
3.4,11,25.080053
3.85,8,25.117032
3.85,8,25.154507
3.85,8,25.193222
3.7,9,25.232395
-3.7,15,25.280854
4.9,1,25.305442
4.6,3,25.335342
4.45,4,25.367833
4.3,5,25.401788
3.85,8,25.590458
4.6,3,25.618384
-3.0,1,25.6395
4.45,4,25.672018
4.15,6,25.705122
3.7,9,25.740751
3.55,10,25.777252
-1.75,15,25.819896
3.25,12,25.856005
4.6,3,25.882499
-1.75,15,25.924309
3.7,9,25.960407
-1.75,15,26.001461
-1.75,15,26.046762
-1.75,15,26.099963
4.45,4,26.135722
3.85,8,26.170665
-1.75,15,26.21644
4.0,7,26.248638
-3.05,2,26.273776
4.75,2,26.298906
3.7,9,26.33275
3.85,8,26.365957
4.75,2,26.39027
4.15,6,26.424936
4.75,2,26.455358
4.15,6,26.495953
4.0,7,26.535686
-1.75,15,26.588099
-3.05,2,26.619922
4.0,7,26.66022
-1.75,15,26.880979
4.45,4,26.907222
3.55,10,26.946764
4.75,2,26.968947
4.75,2,26.99448
3.7,9,27.029466
4.3,5,27.058107
3.55,10,27.09644
-3.4,9,27.133
4.6,3,27.163015
-3.2,5,27.191839
4.0,7,27.223363
-3.15,4,27.257664
4.45,4,27.291781
-3.1,3,27.32304
4.6,3,27.355003
3.4,11,27.401132
-1.75,15,27.449273
-3.15,4,27.480694
4.3,5,27.514925
3.85,8,27.551548
4.45,4,27.585188
-1.75,15,27.632118
-3.2,5,27.659269
3.4,11,27.69654
4.3,5,27.726966
-3.65,14,27.770669
-3.1,3,27.797719
4.0,7,27.836021
3.25,12,27.881532
-1.75,15,27.930007
-3.1,3,27.960496
4.45,4,27.989209
3.85,8,28.025503
4.75,2,28.054049
-3.4,9,28.095525
-3.7,15,28.148005
4.9,1,28.331082
-3.1,3,28.357781
4.6,3,28.387452
4.75,2,28.416279
4.75,2,28.444883
4.6,3,28.471847
-3.0,1,28.496084
3.7,9,28.53372
4.75,2,28.564385
-1.75,15,28.607913
3.25,12,28.649731
-3.55,12,28.69601
3.25,12,28.745623
-3.1,3,28.770859
4.75,2,28.799351
-1.75,15,28.844344
4.15,6,28.876947
4.6,3,28.901425
3.7,9,28.936912
-3.45,10,28.974458
4.6,3,29.001081
4.45,4,29.037279
4.75,2,29.06594
4.6,3,29.092085
-3.4,9,29.133735
3.25,12,29.183373
-3.3,7,29.221462
-1.75,15,29.283375
-1.75,15,29.333259
-1.75,15,29.384368
4.45,4,29.416373
-3.2,5,29.442666
4.75,2,29.46801
4.3,5,29.497422
4.45,4,29.531817
4.45,4,29.559712
3.55,10,29.59996
-1.75,15,29.806533
-3.3,7,29.848674
3.25,12,29.898663
-3.5,11,29.945198
4.9,1,29.968594
4.15,6,30.003016
4.75,2,30.030622
3.25,12,30.074654
4.3,5,30.106738
3.7,9,30.147844
4.0,7,30.181415
-3.35,8,30.217041
3.55,10,30.254946
4.6,3,30.282217
3.85,8,30.318694
-1.75,15,30.367762
4.9,1,30.389831
-3.3,7,30.422383
-1.75,15,30.463806
4.0,7,30.496258
-3.4,9,30.533517
4.0,7,30.56358
3.85,8,30.600679
4.3,5,30.633544
3.7,9,30.670119
3.7,9,30.710132
-3.4,9,30.748086
4.0,7,30.779248
4.6,3,30.803314
3.7,9,30.835159
4.0,7,30.865362
4.6,3,30.890827
-3.3,7,30.920727
4.6,3,30.947817
4.75,2,30.972527
4.15,6,31.007604
4.45,4,31.035409
3.85,8,31.222337
3.4,11,31.266219
-3.5,11,31.30785
3.25,12,31.352395
3.7,9,31.394641
3.4,11,31.437806
-3.3,7,31.471137
-1.75,15,31.527968
4.6,3,31.562083
4.6,3,31.593297
4.0,7,31.633221
3.1,13,31.680317
-3.65,14,31.723261
4.45,4,31.75202
4.6,3,31.784128
4.3,5,31.817797
-1.75,15,31.861339
4.0,7,31.893943
4.6,3,31.921832
-1.75,15,31.975985
-1.75,15,32.023025
4.6,3,32.050842
3.85,8,32.094206
4.6,3,32.119757
3.7,9,32.157141
4.75,2,32.186033
3.25,12,32.225652
3.85,8,32.264501
4.0,7,32.293442
4.45,4,32.318084
-3.7,15,32.51083
-3.45,10,32.552702
4.45,4,32.580456
4.0,7,32.609113
-3.0,1,32.633354
3.55,10,32.673184
4.15,6,32.705353
4.75,2,32.734987
4.3,5,32.773658
4.75,2,32.805322
4.75,2,32.832581
4.75,2,32.860228
3.55,10,32.898477
4.45,4,32.927068
4.75,2,32.952295
4.45,4,32.982407
3.7,9,33.020662
4.3,5,33.048992
4.3,5,33.075678
-3.65,14,33.121022
4.75,2,33.155062
3.55,10,33.202518
3.4,11,33.24579
-3.35,8,33.280271
3.25,12,33.328471
3.25,12,33.384484
4.6,3,33.425951
4.6,3,33.465738
-3.55,12,33.51694
-3.7,15,33.571193
3.4,11,33.608087
3.4,11,33.646513
4.0,7,33.684094
-3.5,11,33.72292
-1.75,15,33.765737
4.75,2,33.794051
-1.75,15,33.986912
4.3,5,34.01347
-1.75,15,34.054793
-3.65,14,34.098377
4.15,6,34.125898
-1.75,15,34.174541
4.45,4,34.202673
-3.0,1,34.222902
4.45,4,34.252481
-3.55,12,34.288821
3.85,8,34.332108
-1.75,15,34.377398
3.4,11,34.41656
-3.55,12,34.46507
4.0,7,34.500067
4.75,2,34.523009
-1.75,15,34.571804
3.85,8,34.614462
-3.55,12,34.657211
4.75,2,34.687458
3.7,9,34.727897
-3.15,4,34.76146
3.55,10,34.799795
3.25,12,34.839348
4.6,3,34.870491
4.15,6,34.905851
3.55,10,34.93936
4.15,6,34.970871
3.55,10,35.005347
-3.4,9,35.199944
4.0,7,35.231186
3.55,10,35.268317
4.75,2,35.296122
4.45,4,35.325856
-3.35,8,35.356645
4.3,5,35.383418
-1.75,15,35.428697
4.15,6,35.457427
4.15,6,35.486285
-3.55,12,35.521606
4.15,6,35.556225
-1.75,15,35.606084
4.75,2,35.636195
4.15,6,35.669179
-3.25,6,35.699554
-1.75,15,35.74209
4.15,6,35.775607
-3.3,7,35.816916
4.3,5,35.850068
4.6,3,35.877741
3.85,8,35.91198
4.0,7,35.948916
4.0,7,35.977724
-1.75,15,36.027906
4.75,2,36.05669
4.6,3,36.084924
4.0,7,36.120052
-3.1,3,36.150233
3.55,10,36.187296
4.15,6,36.228644
3.1,13,36.280129
-3.5,11,36.323262
4.75,2,36.349821
-3.35,8,36.384953
4.9,1,36.411332
4.6,3,36.601634
4.6,3,36.627702
4.3,5,36.662073
4.75,2,36.688028
-3.15,4,36.717855
4.45,4,36.750562
3.4,11,36.792856
3.85,8,36.826957
3.85,8,36.863876
-1.75,15,36.907811
4.6,3,36.932364
4.15,6,36.960536
-3.2,5,36.985626
-1.75,15,37.027424
4.15,6,37.057447
4.3,5,37.088274
4.6,3,37.115606
4.0,7,37.151038
4.15,6,37.183215
-1.75,15,37.236042
3.7,9,37.272724
4.75,2,37.298968
4.75,2,37.326067
3.55,10,37.364759
3.1,13,37.403216
4.15,6,37.433833
4.0,7,37.46713
4.6,3,37.495252
4.0,7,37.528407
3.55,10,37.566043
3.25,12,37.612506
4.0,7,37.646563
4.75,2,37.673255
4.75,2,37.701485
-3.2,5,37.731011
-1.75,15,37.777877
4.45,4,37.813453
3.7,9,38.028517
4.3,5,38.055626
4.75,2,38.079656
4.45,4,38.104249
4.15,6,38.136602
4.0,7,38.172523
3.4,11,38.20806
-1.75,15,38.251459
-3.65,14,38.292219
3.7,9,38.324329
4.0,7,38.354176
4.3,5,38.389331
-1.75,15,38.433537
4.75,2,38.455626
4.15,6,38.486192
4.15,6,38.517892
4.75,2,38.544426
4.3,5,38.583858
4.6,3,38.620165
3.7,9,38.666065
4.45,4,38.700438
3.7,9,38.735482
4.3,5,38.763627
3.4,11,38.803066
4.45,4,38.835759
3.85,8,38.869475
3.25,12,38.914704
4.6,3,38.942942
-3.3,7,38.972157
4.3,5,39.000352
4.6,3,39.024963
4.45,4,39.051961
4.0,7,39.088011
4.15,6,39.120155
3.7,9,39.154753
-1.75,15,39.203805
4.3,5,39.237592
3.25,12,39.43568
-3.4,9,39.480984
4.75,2,39.51099
4.15,6,39.548074
4.6,3,39.574093
3.7,9,39.611914
4.75,2,39.635781
4.6,3,39.670132
4.9,1,39.694741
4.45,4,39.722849
4.6,3,39.75058
-3.7,15,39.796762
4.15,6,39.826851
-1.75,15,39.869462
3.4,11,39.910023
-3.3,7,39.946308
4.3,5,39.980675
4.45,4,40.011121
-1.75,15,40.056669
3.55,10,40.092532
4.9,1,40.120986
3.4,11,40.164218
4.0,7,40.199312
3.55,10,40.244734
-3.45,10,40.281786
4.3,5,40.314761
4.0,7,40.351945
3.85,8,40.382938
-3.4,9,40.418435
-3.55,12,40.461462
4.0,7,40.496168
-1.75,15,40.540198
4.6,3,40.56777
4.3,5,40.599126
3.85,8,40.635857
4.3,5,40.83343
-3.6,13,40.883284
4.15,6,40.919382
4.15,6,40.958066
4.6,3,40.991215
-3.1,3,41.021972
4.75,2,41.048812
-3.3,7,41.089259
4.3,5,41.123657
-1.75,15,41.172936
3.55,10,41.211816
4.75,2,41.234768
4.0,7,41.267894
4.75,2,41.298545
4.3,5,41.328037
4.6,3,41.351663
4.0,7,41.382688
4.75,2,41.410559
3.7,9,41.44544
3.4,11,41.485148
3.7,9,41.51854
4.45,4,41.545106
-3.45,10,41.582581
-1.75,15,41.628384
3.85,8,41.663626
4.75,2,41.688649
4.3,5,41.720772
4.6,3,41.748723
-1.75,15,41.794593
4.0,7,41.828462
-3.65,14,41.872428
3.85,8,41.904038
-1.75,15,41.947575
4.9,1,41.97589
4.6,3,42.001708
4.6,3,42.027885
4.6,3,42.052135
3.4,11,42.246293
4.45,4,42.277915
3.4,11,42.318256
3.7,9,42.359107
4.15,6,42.393774
-3.7,15,42.440036
4.0,7,42.480022
3.85,8,42.516543
4.75,2,42.542292
4.6,3,42.569692
-3.5,11,42.610686
3.7,9,42.647449
3.25,12,42.686476
-1.75,15,42.733968
4.6,3,42.761707
4.45,4,42.792657
3.25,12,42.831453
4.15,6,42.862489
4.75,2,42.88676
4.15,6,42.916255
4.45,4,42.945737
4.45,4,42.975392
4.15,6,43.006534
4.0,7,43.042123
4.3,5,43.069645
-1.75,15,43.116132
3.7,9,43.152176
-3.15,4,43.186828
4.0,7,43.219995
4.15,6,43.258016
4.0,7,43.30117
3.55,10,43.349875
4.45,4,43.386737
3.4,11,43.431957
4.3,5,43.469314
-1.75,15,43.658365
4.3,5,43.690878
4.6,3,43.71792
4.15,6,43.748997
4.75,2,43.777375
4.45,4,43.814854
4.0,7,43.846833
3.7,9,43.883267
-3.3,7,43.918168
4.75,2,43.941615
-1.75,15,43.987417
4.45,4,44.019752
4.6,3,44.051078
4.6,3,44.084183
3.7,9,44.126051
4.75,2,44.149094
3.25,12,44.199333
4.45,4,44.234684
4.6,3,44.267484
4.0,7,44.303472
3.7,9,44.348111
4.15,6,44.377687
3.85,8,44.41343
4.45,4,44.43679
4.75,2,44.461755
-1.75,15,44.503114
-3.05,2,44.528422
4.15,6,44.555017
4.6,3,44.581442
4.45,4,44.607524
4.6,3,44.632684
4.15,6,44.663971
4.6,3,44.695105
4.75,2,44.720955
4.15,6,44.753268
4.6,3,44.779291
4.15,6,44.808427
4.3,5,44.835479
4.45,4,44.869675
-3.45,10,44.903681
4.45,4,44.931365
3.4,11,44.967743
4.15,6,45.002984
3.85,8,45.040283
3.55,10,45.228855
3.7,9,45.265579
4.3,5,45.29859
4.3,5,45.33046
4.45,4,45.364217
-1.75,15,45.407294
4.15,6,45.439215
4.45,4,45.469258
4.3,5,45.503967
4.6,3,45.539284
4.9,1,45.565682
-3.65,14,45.610139
4.3,5,45.638427
4.6,3,45.667987
3.7,9,45.70894
4.9,1,45.740575
-1.75,15,45.793531
3.85,8,45.830246
4.75,2,45.858358
4.6,3,45.882936
4.6,3,45.908894
4.15,6,45.936119
4.45,4,45.963647
4.9,1,45.983697
-1.75,15,46.026816
3.1,13,46.067096
4.6,3,46.094166
4.6,3,46.124259
4.75,2,46.147161
4.15,6,46.176649
4.0,7,46.211426
4.0,7,46.243318
-3.3,7,46.273777
4.45,4,46.301826
4.0,7,46.337164
-1.75,15,46.381244
4.45,4,46.406617
4.45,4,46.432423
4.45,4,46.462331
4.45,4,46.488401
4.9,1,46.514482
4.0,7,46.545496
4.15,6,46.749558
-3.0,1,46.77393
4.0,7,46.80966
4.75,2,46.840569
4.75,2,46.867511
-1.75,15,46.915177
-3.2,5,46.946244
4.45,4,46.978549
4.45,4,47.006382
4.3,5,47.039274
4.75,2,47.07106
4.9,1,47.097903
3.4,11,47.141918
4.0,7,47.178182
4.6,3,47.206126
4.9,1,47.229683
4.6,3,47.26299
3.25,12,47.302242
4.0,7,47.337341
4.45,4,47.365757
4.75,2,47.392743
4.3,5,47.420269
4.75,2,47.447851
4.15,6,47.4796
4.45,4,47.504351
4.3,5,47.53461
3.7,9,47.567317
4.3,5,47.597733
4.3,5,47.627491
-3.65,14,47.669244
-3.6,13,47.711274
4.6,3,47.735985
4.6,3,47.764346
-3.25,6,47.796942
3.85,8,47.829696
-1.75,15,47.874954
4.45,4,47.8998
4.3,5,47.924991
4.6,3,47.953417
4.6,3,47.981349
4.45,4,48.005492
3.7,9,48.044769
4.45,4,48.070471
3.55,10,48.112513
-3.5,11,48.14939
-3.7,15,48.344894
-3.15,4,48.376735
4.0,7,48.412291
4.0,7,48.442706
-1.75,15,48.496694
3.55,10,48.531559
4.9,1,48.557318
4.0,7,48.593522
4.15,6,48.628004
4.75,2,48.653835
-1.75,15,48.7056
3.55,10,48.748085
4.3,5,48.77819
4.9,1,48.804417
3.85,8,48.839752
4.45,4,48.868702
-3.55,12,48.904181
3.4,11,48.941753
3.85,8,48.977139
4.45,4,49.005381
4.3,5,49.03508
4.75,2,49.059631
3.4,11,49.099235
3.85,8,49.130322
3.7,9,49.170528
3.55,10,49.212137
4.75,2,49.238889
4.45,4,49.277085
4.45,4,49.31408
3.7,9,49.348151
3.7,9,49.389082
4.3,5,49.426141
4.0,7,49.459487
4.9,1,49.483803
4.6,3,49.510463
4.9,1,49.535629
3.1,13,49.574017
4.9,1,49.598205
4.3,5,49.768894
4.75,2,49.796051
4.0,7,49.831858
-3.15,4,49.859706
4.45,4,49.8902
-3.7,15,49.9418
4.0,7,49.982002
4.0,7,50.023787
3.7,9,50.065225
4.45,4,50.096839
4.0,7,50.134436
3.25,12,50.182885
4.45,4,50.212833
-1.75,15,50.260587
4.45,4,50.290015
4.15,6,50.33103
3.85,8,50.366961
4.45,4,50.401579
-3.4,9,50.449394
3.4,11,50.49231
4.9,1,50.516919
4.9,1,50.545745
4.6,3,50.574452
4.3,5,50.612469
4.6,3,50.636506
-1.75,15,50.68515
4.3,5,50.715884
3.4,11,50.754314
4.0,7,50.786324
4.0,7,50.824051
4.6,3,50.849344
4.3,5,50.880592
4.75,2,50.904421
4.75,2,50.9261
4.6,3,50.950076
4.15,6,50.988934
4.3,5,51.018145
4.3,5,51.047445
-3.35,8,51.079895
3.7,9,51.119515
3.1,13,51.313596
3.85,8,51.353412
4.75,2,51.380484
4.6,3,51.405269
4.3,5,51.436307
4.75,2,51.461741
-1.75,15,51.504282
4.6,3,51.534478
-1.75,15,51.582082
4.45,4,51.614128
4.15,6,51.651974
3.7,9,51.68612
4.45,4,51.719891
3.85,8,51.758998
4.6,3,51.785714
3.7,9,51.824781
4.6,3,51.853003
4.15,6,51.892127
3.85,8,51.925395
4.6,3,51.952467
-3.0,1,51.981092
-1.75,15,52.028877
4.75,2,52.053134
4.6,3,52.080413
4.0,7,52.113421
-1.75,15,52.158176
4.3,5,52.190962
3.7,9,52.232832
3.25,12,52.276921
4.75,2,52.301724
4.6,3,52.328024
4.9,1,52.349054
4.45,4,52.377446
4.75,2,52.400703
4.75,2,52.426372
4.3,5,52.45232
4.3,5,52.481669
4.15,6,52.511979
4.6,3,52.53768
4.3,5,52.565492
3.7,9,52.599433
4.75,2,52.627979
4.45,4,52.652571
-3.7,15,52.863305
4.6,3,52.887492
4.15,6,52.919258
3.7,9,52.963591
4.9,1,52.989758
-1.75,15,53.032084
4.15,6,53.059569
-3.65,14,53.10437
4.15,6,53.134569
4.3,5,53.172315
4.6,3,53.202673
-1.75,15,53.248541
4.15,6,53.284493
3.85,8,53.331858
3.7,9,53.376436
4.15,6,53.412282
-3.4,9,53.461912
4.75,2,53.494605
4.3,5,53.527838
4.6,3,53.559264
3.7,9,53.599568
4.3,5,53.628108
3.7,9,53.664237
4.45,4,53.687963
3.85,8,53.721923
3.25,12,53.763282
3.85,8,53.795901
4.15,6,53.82661
4.15,6,53.857362
3.85,8,53.895911
4.45,4,53.928011
4.45,4,53.953635
3.85,8,53.986022
4.75,2,54.009593
3.25,12,54.048809
-3.7,15,54.09376
-3.45,10,54.27754
-3.7,15,54.322793
4.45,4,54.349628
3.7,9,54.392895
4.75,2,54.41663
4.6,3,54.443687
3.7,9,54.480815
4.3,5,54.512179
4.3,5,54.539253
4.3,5,54.568618
4.15,6,54.602716
-3.65,14,54.647376
4.6,3,54.670434
4.15,6,54.700034
4.0,7,54.731261
3.55,10,54.771575
4.15,6,54.808957
3.25,12,54.850403
4.75,2,54.876975
-3.45,10,54.914332
3.85,8,54.947485
3.4,11,54.995262
3.55,10,55.033366
4.6,3,55.062718
4.15,6,55.096004
4.0,7,55.136261
4.75,2,55.168948
-1.75,15,55.220461
4.75,2,55.249642
4.45,4,55.2825
3.85,8,55.312428
4.6,3,55.342349
4.6,3,55.36582
3.85,8,55.402728
4.75,2,55.427987
-3.4,9,55.466784
3.25,12,55.510004
-3.7,15,55.702443
-3.55,12,55.742244
4.3,5,55.768506
4.45,4,55.79896
4.45,4,55.826668
4.3,5,55.858596
4.0,7,55.888502
4.3,5,55.917252
3.85,8,55.947055
4.75,2,55.97024
3.85,8,56.001597
4.6,3,56.038069
4.45,4,56.066204
4.0,7,56.10251
4.6,3,56.125465
4.75,2,56.149952
4.6,3,56.179618
4.0,7,56.212267
3.4,11,56.252107
4.6,3,56.281195
4.15,6,56.316425
-3.5,11,56.357516
4.3,5,56.388225
4.3,5,56.42739
4.15,6,56.468861
3.25,12,56.517585
4.45,4,56.549599
4.6,3,56.576783
4.15,6,56.612348
4.0,7,56.650583
4.45,4,56.678864
4.3,5,56.712991
4.45,4,56.744123
3.55,10,56.792516
4.45,4,56.823579
4.3,5,56.857597
4.3,5,56.893915
4.75,2,56.917003
4.3,5,56.944602
4.0,7,56.976297
4.15,6,57.011904
3.85,8,57.045285
4.3,5,57.07926
4.6,3,57.102527
4.15,6,57.283644
-3.45,10,57.318263
3.7,9,57.355127
-3.2,5,57.384969
3.85,8,57.424431
4.75,2,57.449159
4.6,3,57.480572
3.55,10,57.530831
4.3,5,57.566036
4.6,3,57.596247
4.6,3,57.62729
4.75,2,57.6589
3.7,9,57.694902
-3.4,9,57.729561
4.45,4,57.756204
3.85,8,57.788386
4.75,2,57.814241
4.45,4,57.84613
4.3,5,57.877375
4.9,1,57.898172
4.75,2,57.920293
4.15,6,57.959832
4.6,3,57.98862
4.3,5,58.026602
4.45,4,58.055195
4.3,5,58.088856
4.15,6,58.125998
4.75,2,58.152898
-3.65,14,58.199793
4.75,2,58.222406
-3.55,12,58.266772
-1.75,15,58.314263
4.45,4,58.342885
4.3,5,58.368731
4.3,5,58.400303
4.3,5,58.430388
4.45,4,58.458914
4.75,2,58.48576
4.45,4,58.515422
3.85,8,58.54868
4.45,4,58.575177
-3.6,13,58.618072
4.45,4,58.648038
4.6,3,58.675583
4.45,4,58.701606
4.3,5,58.729425
4.3,5,58.91016
4.15,6,58.941438
4.6,3,58.967953
4.0,7,58.999769
4.3,5,59.027938
4.45,4,59.059948
3.7,9,59.09285
4.75,2,59.120348
3.55,10,59.158828
4.75,2,59.184176
4.3,5,59.215044
4.3,5,59.249848
4.6,3,59.278974
4.3,5,59.310081
3.1,13,59.353076
4.15,6,59.383738
4.6,3,59.413675
3.85,8,59.450853
3.7,9,59.487845
-1.75,15,59.539825
4.6,3,59.567684
-1.75,15,59.614948
4.15,6,59.645485
4.45,4,59.673215
3.25,12,59.717755
3.4,11,59.760711
3.7,9,59.796133
3.7,9,59.841676
4.6,3,59.87625
3.7,9,59.921122
4.3,5,59.956046
3.7,9,59.997284
4.0,7,60.02855
4.15,6,60.058814
3.85,8,60.101604
4.6,3,60.125366
4.75,2,60.155312
3.55,10,60.194919
4.0,7,60.385745
4.9,1,60.412055
3.55,10,60.450346
4.75,2,60.47669
4.0,7,60.507102
4.3,5,60.537794
4.9,1,60.561286
3.7,9,60.595537
3.7,9,60.636138
4.0,7,60.669018
3.7,9,60.704757
4.45,4,60.734422
3.55,10,60.774264
4.15,6,60.808945
4.3,5,60.840181
4.6,3,60.866735
4.6,3,60.89133
4.45,4,60.918366
3.85,8,60.949645
4.0,7,60.978359
3.85,8,61.011672
4.75,2,61.033691
3.7,9,61.074517
3.85,8,61.112101
-1.75,15,61.16238
4.45,4,61.194448
4.75,2,61.220315
4.75,2,61.248762
4.6,3,61.277152
4.45,4,61.30598
4.15,6,61.338829
4.45,4,61.368653
4.0,7,61.407309
-3.35,8,61.444647
4.75,2,61.473001
4.15,6,61.509501
4.3,5,61.539913
-1.75,15,61.582836
4.3,5,61.618695
4.15,6,61.655481
4.75,2,61.682495
4.0,7,61.722971
4.45,4,61.750339
4.45,4,61.781052
4.6,3,61.811153
4.45,4,61.98872
4.3,5,62.020047
4.15,6,62.054369
4.6,3,62.078872
4.6,3,62.107068
3.1,13,62.146115
4.75,2,62.171066
4.15,6,62.203156
4.75,2,62.230762
3.55,10,62.272738
4.15,6,62.310421
4.6,3,62.342577
-1.75,15,62.390155
4.9,1,62.415289
3.85,8,62.446753
4.6,3,62.47481
3.85,8,62.506928
4.0,7,62.538808
4.0,7,62.573373
3.55,10,62.609618
4.0,7,62.642648
4.3,5,62.670921
3.1,13,62.715545
4.3,5,62.74674
4.75,2,62.777672
3.4,11,62.816788
3.85,8,62.848486
4.45,4,62.880276
4.6,3,62.908313
-1.75,15,62.952452
4.15,6,62.985346
4.15,6,63.019005
4.3,5,63.049959
3.85,8,63.088098
4.0,7,63.127145
4.6,3,63.159658
3.7,9,63.191972
3.7,9,63.224965
4.15,6,63.257796
4.15,6,63.449749
4.45,4,63.478338
4.45,4,63.504985
4.3,5,63.548333
4.45,4,63.582768
4.15,6,63.617552
4.6,3,63.649427
4.3,5,63.684029
4.6,3,63.710073
3.85,8,63.749739
4.75,2,63.777849
4.15,6,63.816485
3.85,8,63.853249
4.15,6,63.884514
3.7,9,63.920208
3.55,10,63.954454
4.3,5,63.986278
4.75,2,64.010538
3.7,9,64.043993
4.3,5,64.071616
4.45,4,64.103943
3.7,9,64.142171
-3.25,6,64.170531
4.6,3,64.199016
4.6,3,64.226662
4.0,7,64.264016
4.3,5,64.299794
4.15,6,64.339589
4.15,6,64.36826
4.15,6,64.402653
4.45,4,64.433465
4.75,2,64.462846
3.4,11,64.509973
4.3,5,64.542386
4.75,2,64.564765
4.9,1,64.591087
4.15,6,64.630237
4.3,5,64.666776
3.55,10,64.70987
4.45,4,64.742992
3.4,11,64.792257
4.6,3,64.820526
-1.75,15,64.864554
4.6,3,64.891626
3.55,10,64.924367
4.45,4,65.092135
4.6,3,65.116745
-1.75,15,65.170589
4.45,4,65.200817
4.3,5,65.229859
4.6,3,65.259248
4.3,5,65.287069
4.75,2,65.311281
4.75,2,65.334208
4.3,5,65.36584
-1.75,15,65.409019
4.6,3,65.435065
4.6,3,65.459701
4.6,3,65.48487
4.6,3,65.512672
3.7,9,65.547884
3.4,11,65.584595
4.45,4,65.612819
4.45,4,65.636553
4.45,4,65.674097
4.15,6,65.712401
4.3,5,65.739944
4.9,1,65.765688
4.3,5,65.797871
4.75,2,65.827919
4.3,5,65.862085
4.15,6,65.892829
4.75,2,65.920273
4.3,5,65.951952
4.45,4,65.98032
4.45,4,66.010921
-1.75,15,66.060593
4.75,2,66.08835
3.25,12,66.129623
-1.75,15,66.175912
4.6,3,66.209049
3.55,10,66.248518
4.75,2,66.278866
4.6,3,66.303975
3.7,9,66.337258
4.0,7,66.374164
4.15,6,66.404095
4.75,2,66.429152
4.3,5,66.456775
3.55,10,66.495484
4.45,4,66.530651
3.55,10,66.723741
4.0,7,66.757532
4.6,3,66.784274
-3.35,8,66.826676
4.45,4,66.858764
4.15,6,66.887202
3.85,8,66.917828
4.15,6,66.948504
4.3,5,66.977318
4.3,5,67.008044
4.6,3,67.034785
4.3,5,67.070425
4.0,7,67.102074
4.45,4,67.130823
4.45,4,67.15774
3.7,9,67.195825
3.25,12,67.237459
4.75,2,67.261685
3.85,8,67.298192
-3.5,11,67.334825
4.15,6,67.366108
4.6,3,67.394744
3.85,8,67.432139
4.6,3,67.460318
4.6,3,67.489773
3.85,8,67.525867
3.25,12,67.568509
4.3,5,67.600365
4.3,5,67.629201
3.7,9,67.663406
4.15,6,67.70186
4.6,3,67.731696
3.7,9,67.781487
4.45,4,67.821025
-1.75,15,67.869069
4.6,3,67.89796
3.85,8,67.939378
3.1,13,67.982747
3.85,8,68.016335
4.45,4,68.201064
4.0,7,68.233698
3.85,8,68.270888
4.15,6,68.302741
2.95,14,68.347634
4.45,4,68.376194
4.45,4,68.401579
4.15,6,68.431416
3.85,8,68.470566
4.3,5,68.501871
4.75,2,68.53138
4.75,2,68.55764
4.45,4,68.584431
4.75,2,68.607863
4.75,2,68.635375
3.7,9,68.672063
3.7,9,68.709432
-1.75,15,68.7565
-3.3,7,68.786251
4.3,5,68.819425
4.3,5,68.849483
4.45,4,68.877296
3.55,10,68.914732
4.6,3,68.942427
-3.15,4,68.972394
4.9,1,68.997819
4.3,5,69.028388
4.6,3,69.05102
3.55,10,69.089121
4.3,5,69.127405
4.75,2,69.154651
-1.75,15,69.20166
4.3,5,69.230394
4.45,4,69.260425
3.85,8,69.294904
4.3,5,69.336608
4.6,3,69.365924
-1.75,15,69.416225
4.0,7,69.450093
4.0,7,69.479787
4.45,4,69.508255
3.55,10,69.694967
4.3,5,69.731528
4.45,4,69.763266
4.75,2,69.793676
4.6,3,69.81934
3.55,10,69.862374
4.75,2,69.888409
4.9,1,69.910497
4.3,5,69.944335
3.85,8,69.987666
3.55,10,70.030337
4.3,5,70.067285
4.6,3,70.097328
4.15,6,70.137823
4.15,6,70.175383
-1.75,15,70.22191
3.7,9,70.259952
4.3,5,70.289387
3.55,10,70.325773
4.6,3,70.350511
4.75,2,70.378551
4.45,4,70.409133
4.15,6,70.439812
3.7,9,70.477418
4.3,5,70.509336
4.6,3,70.53961
3.85,8,70.583652
4.6,3,70.618963
4.45,4,70.649644
4.9,1,70.679899
4.6,3,70.707938
4.3,5,70.739341
4.0,7,70.77789
3.55,10,70.81744
4.0,7,70.854981
4.6,3,70.883695
3.4,11,70.924529
4.15,6,70.965201
4.3,5,70.997815
4.45,4,71.027612
4.6,3,71.052818
3.85,8,71.088927
4.75,2,71.113055
4.9,1,71.139185
4.3,5,71.165986
4.6,3,71.196074
3.4,11,71.243929
4.45,4,71.440429
4.45,4,71.47393
4.45,4,71.502101
3.25,12,71.543407
3.55,10,71.588746
-1.75,15,71.63136
-1.75,15,71.673207
4.9,1,71.694438
4.15,6,71.728137
3.4,11,71.772243
4.0,7,71.814588
3.7,9,71.859954
4.15,6,71.891268
4.6,3,71.915828
4.6,3,71.945343
-1.75,15,71.987393
3.85,8,72.017688
4.6,3,72.044564
-1.75,15,72.101659
3.4,11,72.143236
4.0,7,72.178452
4.3,5,72.211918
4.45,4,72.242494
3.7,9,72.28216
4.9,1,72.308999
4.3,5,72.347048
3.7,9,72.385098
4.75,2,72.412911
4.6,3,72.439714
4.3,5,72.475626
4.75,2,72.500004
4.3,5,72.532247
4.3,5,72.570776
4.45,4,72.604186
3.85,8,72.647703
4.45,4,72.679605
4.45,4,72.705441
4.6,3,72.732964
3.85,8,72.765078
3.7,9,72.945423
4.75,2,72.971221
4.75,2,72.993772
3.85,8,73.029684
4.75,2,73.057145
4.0,7,73.092144
4.3,5,73.122538
4.75,2,73.148186
3.25,12,73.184389
4.0,7,73.215593
4.45,4,73.243577
4.3,5,73.272845
4.6,3,73.30273
4.6,3,73.329489
4.75,2,73.358098
3.7,9,73.396517
4.75,2,73.431787
3.85,8,73.470319
3.25,12,73.52031
4.75,2,73.552291
4.15,6,73.59565
4.15,6,73.629952
4.45,4,73.661602
-1.75,15,73.71049
4.0,7,73.746925
4.3,5,73.782503
-3.55,12,73.829582
4.0,7,73.871343
-1.75,15,73.923116
4.15,6,73.955863
3.55,10,73.996481
3.25,12,74.047855
4.45,4,74.087108
4.3,5,74.124495
4.6,3,74.157785
-1.75,15,74.220148
4.75,2,74.247954
4.3,5,74.278049
4.45,4,74.313022
-1.75,15,74.536375
4.45,4,74.566886
4.75,2,74.597635
3.7,9,74.643536
4.0,7,74.684872
4.9,1,74.712669
4.75,2,74.745676
4.6,3,74.771524
3.85,8,74.808283
4.45,4,74.839076
4.45,4,74.864121
-1.75,15,74.907879
4.75,2,74.932914
4.45,4,74.962617
4.75,2,74.990833
3.7,9,75.026514
-1.75,15,75.077069
4.75,2,75.103378
3.4,11,75.145955
4.45,4,75.182153
4.3,5,75.226851
4.15,6,75.265248
4.75,2,75.29939
4.15,6,75.333703
3.1,13,75.388514
-1.75,15,75.444363
-1.75,15,75.49853
3.55,10,75.54532
4.3,5,75.581125
3.4,11,75.63087
4.6,3,75.659105
3.1,13,75.712466
4.45,4,75.74416
-1.75,15,75.804059
4.3,5,75.839399
4.45,4,75.870774
4.15,6,75.905412
4.6,3,75.933138
4.6,3,75.963174
4.75,2,76.164693
4.75,2,76.193342
3.85,8,76.232061
4.3,5,76.264074
4.45,4,76.295997
4.45,4,76.328094
4.45,4,76.356308
4.45,4,76.383281
4.45,4,76.40904
3.85,8,76.441402
4.45,4,76.474971
4.6,3,76.506808
3.85,8,76.549719
4.75,2,76.578533
4.75,2,76.61569
4.0,7,76.653691
4.45,4,76.684845
3.4,11,76.731217
3.7,9,76.773476
4.15,6,76.808939
4.0,7,76.845215
4.75,2,76.877005
4.6,3,76.908196
4.6,3,76.941761
4.3,5,76.978825
4.45,4,77.015327
4.6,3,77.044676
4.9,1,77.073456
4.75,2,77.106673
4.15,6,77.146969
4.45,4,77.182991
4.0,7,77.224741
3.7,9,77.272903
3.55,10,77.315192
4.45,4,77.348336
4.75,2,77.376532
4.6,3,77.409948
4.0,7,77.444377
4.3,5,77.47964
3.85,8,77.52448
3.7,9,77.569428
-3.5,11,77.610505
4.0,7,77.643424
4.9,1,77.673513
4.6,3,77.701658
3.85,8,77.739508
4.15,6,77.77339
4.6,3,77.80146
4.75,2,77.829473
3.85,8,77.867165
3.85,8,78.063749
4.0,7,78.105089
4.6,3,78.135419
4.3,5,78.171093
4.6,3,78.196697
4.6,3,78.227945
3.55,10,78.269568
4.0,7,78.308265
4.6,3,78.339178
4.75,2,78.369721
4.45,4,78.403514
4.45,4,78.438991
4.3,5,78.480246
4.6,3,78.513498
4.3,5,78.54894
4.6,3,78.583233
-1.75,15,78.641446
4.6,3,78.672352
3.85,8,78.714047
4.0,7,78.752382
3.7,9,78.798687
4.75,2,78.827301
-1.75,15,78.876122
4.45,4,78.910542
4.9,1,78.937531
4.6,3,78.967326
-1.75,15,79.01282
4.3,5,79.044457
3.7,9,79.078474
4.75,2,79.105864
4.75,2,79.128935
4.0,7,79.161331
4.6,3,79.191337
4.6,3,79.214399
3.55,10,79.254591
3.7,9,79.293391
4.15,6,79.324299
3.85,8,79.359322
3.55,10,79.396332
4.0,7,79.429884
4.0,7,79.459766
4.45,4,79.484235
4.45,4,79.514051
4.45,4,79.543079
4.45,4,79.718159
4.0,7,79.751096
4.6,3,79.775867
4.75,2,79.798935
-1.75,15,79.84155
4.15,6,79.874354
4.15,6,79.904654
4.3,5,79.93324
3.7,9,79.964824
-1.75,15,80.012469
-1.75,15,80.064056
4.0,7,80.102397
4.0,7,80.139559
4.3,5,80.177326
4.6,3,80.210469
4.15,6,80.249097
4.6,3,80.276604
3.55,10,80.322909
4.45,4,80.358625
4.6,3,80.388633
3.7,9,80.428623
3.7,9,80.464342
2.95,14,80.507073
4.15,6,80.541588
4.3,5,80.575324
3.4,11,80.622856
4.15,6,80.652484
-1.75,15,80.697693
3.7,9,80.737801
4.45,4,80.766911
4.6,3,80.7948
4.3,5,80.825217
3.25,12,80.860618
4.45,4,80.8897
4.45,4,80.912577
-1.75,15,81.102628
3.4,11,81.142496
4.15,6,81.174964
4.0,7,81.211868
4.6,3,81.241994
4.45,4,81.276178
4.0,7,81.308405
3.85,8,81.341875
4.6,3,81.368604
4.6,3,81.395123
4.0,7,81.42781
3.55,10,81.466928
4.45,4,81.496897
4.9,1,81.522838
4.0,7,81.555793
4.45,4,81.581748
4.75,2,81.605583
3.85,8,81.639674
4.45,4,81.675783
-1.75,15,81.723855
4.75,2,81.748486
4.75,2,81.774161
4.45,4,81.805473
3.55,10,81.845224
4.45,4,81.876093
-1.75,15,81.919391
4.75,2,81.945473
3.4,11,81.981735
4.6,3,82.010065
3.85,8,82.047092
4.75,2,82.075049
4.3,5,82.106873
3.25,12,82.146965
4.0,7,82.17958
4.75,2,82.204704
3.25,12,82.243157
3.55,10,82.283912
4.6,3,82.311407
4.45,4,82.340133
4.3,5,82.371073
4.6,3,82.397293
3.85,8,82.579732
4.75,2,82.612296
4.75,2,82.643354
4.6,3,82.672271
4.3,5,82.706563
4.45,4,82.734719
3.7,9,82.771478
4.75,2,82.802115
4.3,5,82.838667
4.75,2,82.863343
4.45,4,82.892773
3.55,10,82.928488
4.15,6,82.957086
4.75,2,82.979795
4.3,5,83.008667
4.15,6,83.036345
4.0,7,83.064796
4.75,2,83.089889
4.15,6,83.120778
4.15,6,83.15288
4.75,2,83.179933
-1.75,15,83.225628
3.7,9,83.261089
4.3,5,83.29253
4.45,4,83.321026
4.75,2,83.346877
4.0,7,83.38308
4.15,6,83.426502
-1.75,15,83.481777
3.4,11,83.532757
3.85,8,83.578891
3.1,13,83.63099
4.45,4,83.666934
4.9,1,83.69481
3.55,10,83.743623
-1.75,15,83.7926
4.75,2,83.826733
4.0,7,83.864089
4.45,4,83.89345
3.4,11,83.930904
4.15,6,83.964578
4.75,2,83.990996
4.3,5,84.019916
3.85,8,84.200179
-1.75,15,84.242277
4.15,6,84.277137
3.55,10,84.313982
4.6,3,84.341501
4.75,2,84.369431
4.75,2,84.394152
4.45,4,84.428478
4.3,5,84.456738
4.9,1,84.480913
3.85,8,84.514295
4.0,7,84.547256
-1.75,15,84.590366
-1.75,15,84.633974
4.6,3,84.66176
3.85,8,84.699034
3.85,8,84.732385
4.9,1,84.753831
4.45,4,84.780649
4.3,5,84.811583
4.45,4,84.842145
4.3,5,84.875339
4.3,5,84.90515
4.3,5,84.935173
4.0,7,84.968424
4.75,2,84.992387
3.85,8,85.026605
4.45,4,85.054005
4.6,3,85.079036
4.15,6,85.114851
4.0,7,85.154856
4.45,4,85.186109
4.75,2,85.212222
4.3,5,85.24504
3.25,12,85.289419
4.75,2,85.314023
4.75,2,85.343008
4.75,2,85.367808
3.25,12,85.408861
4.6,3,85.431227
4.6,3,85.457587
4.0,7,85.487748
4.6,3,85.515937
4.45,4,85.542695
4.3,5,85.572204
4.3,5,85.603162
-1.75,15,85.794757
4.3,5,85.82637
-1.75,15,85.865733
-3.65,14,85.90485
4.0,7,85.934747
4.0,7,85.972328
4.3,5,86.003155
4.45,4,86.034682
4.6,3,86.064491
-1.75,15,86.111862
4.9,1,86.135914
-1.75,15,86.180924
4.6,3,86.214209
-3.4,9,86.250974
4.6,3,86.27619
4.6,3,86.30279
4.0,7,86.337231
4.15,6,86.3698
4.6,3,86.406528
3.7,9,86.450714
4.75,2,86.480259
4.15,6,86.516838
4.45,4,86.546537
4.3,5,86.585281
4.15,6,86.62657
4.75,2,86.656357
-3.4,9,86.701875
4.75,2,86.727992
4.45,4,86.768227
4.9,1,86.79582
3.55,10,86.841703
4.15,6,86.875213
4.9,1,86.903576
4.3,5,86.93526
4.3,5,86.966863
4.75,2,86.995358
4.15,6,87.022459
4.6,3,87.050138
3.85,8,87.085321
4.9,1,87.110583
4.3,5,87.140606
4.75,2,87.164149
3.85,8,87.202338
3.7,9,87.395966
4.6,3,87.422918
4.0,7,87.453106
-1.75,15,87.496375
4.3,5,87.525479
4.15,6,87.554708
4.75,2,87.57794
4.45,4,87.607324
4.15,6,87.64132
4.9,1,87.663227
4.3,5,87.692277
4.6,3,87.718535
4.3,5,87.745571
4.6,3,87.773275
4.15,6,87.807029
3.55,10,87.845624
4.6,3,87.880929
2.95,14,87.920466
4.6,3,87.949415
4.15,6,87.983051
4.6,3,88.011769
4.0,7,88.046249
4.45,4,88.079407
4.0,7,88.115788
4.45,4,88.144841
3.4,11,88.185216
4.15,6,88.217947
-1.75,15,88.26339
-1.75,15,88.317342
3.25,12,88.36999
3.4,11,88.413523
4.3,5,88.443233
4.3,5,88.47337
3.85,8,88.507115
4.75,2,88.530647
3.85,8,88.566214
3.25,12,88.608144
3.7,9,88.641178
4.15,6,88.827962
-1.75,15,88.873262
3.85,8,88.90596
4.6,3,88.934388
4.3,5,88.961176
4.45,4,88.989793
-1.75,15,89.031005
4.75,2,89.057666
3.25,12,89.098031
3.85,8,89.132181
4.75,2,89.159396
4.3,5,89.189685
-3.35,8,89.224812
-1.75,15,89.273513
-1.75,15,89.319036
4.6,3,89.348277
4.45,4,89.380009
3.7,9,89.413851
4.15,6,89.445513
4.45,4,89.472257
4.45,4,89.500418
4.75,2,89.524915
4.75,2,89.55109
2.8,15,89.60006
-1.75,15,89.65734
4.75,2,89.685677
4.0,7,89.72977
3.4,11,89.773359
-1.75,15,89.820972
2.95,14,89.871001
4.15,6,89.907576
3.4,11,89.951395
4.0,7,90.135781
4.45,4,90.166919
-3.3,7,90.203074
4.45,4,90.235386
4.15,6,90.268119
3.55,10,90.310988
4.45,4,90.345253
4.3,5,90.376894
4.6,3,90.400539
4.6,3,90.429982
-1.75,15,90.474408
4.45,4,90.504127
3.7,9,90.540138
4.45,4,90.565515
4.9,1,90.590977
4.75,2,90.614526
4.75,2,90.637952
4.6,3,90.668899
4.3,5,90.702228
3.85,8,90.743017
3.4,11,90.789804
4.45,4,90.817168
4.9,1,90.845444
4.45,4,90.873589
-3.4,9,90.909353
4.3,5,90.937483
3.4,11,90.980075
4.3,5,91.012734
4.3,5,91.042646
4.6,3,91.074845
4.9,1,91.098874
4.0,7,91.134542
3.55,10,91.17352
4.15,6,91.208708
3.55,10,91.252492
4.3,5,91.290808
4.15,6,91.332904
4.6,3,91.360798
4.3,5,91.393899
4.75,2,91.422292
4.45,4,91.448929
4.15,6,91.479479
4.75,2,91.50517
4.9,1,91.531959
4.45,4,91.560728
4.45,4,91.591891
4.9,1,91.612166
3.4,11,91.650041
4.3,5,91.680768
4.15,6,91.859717
4.75,2,91.885274
3.85,8,91.917423
4.45,4,91.945213
4.75,2,91.969932
4.15,6,91.999848
4.9,1,92.023662
3.55,10,92.059461
3.55,10,92.0938
4.75,2,92.116491
-1.75,15,92.158434
4.6,3,92.184737
4.45,4,92.212788
3.4,11,92.251415
4.0,7,92.282281
4.6,3,92.308816
3.55,10,92.342684
-3.7,15,92.384821
4.3,5,92.412064
3.55,10,92.446436
4.6,3,92.473378
4.6,3,92.50785
3.7,9,92.540263
4.75,2,92.563978
4.3,5,92.593977
4.75,2,92.622068
4.6,3,92.655171
4.75,2,92.685282
4.3,5,92.713211
-1.75,15,92.759228
3.7,9,92.803322
4.75,2,92.829738
4.75,2,92.860442
4.3,5,92.889775
4.3,5,92.915864
3.4,11,92.956249
-3.45,10,92.990097
3.85,8,93.028588
4.75,2,93.055027
3.55,10,93.103614
-1.75,15,93.318756
4.6,3,93.346423
4.75,2,93.373332
4.3,5,93.405223
4.0,7,93.43908
4.6,3,93.467175
3.7,9,93.505343
3.4,11,93.542677
4.45,4,93.57301
3.85,8,93.610082
4.6,3,93.64377
4.6,3,93.673093
4.15,6,93.708921
3.85,8,93.748523
4.0,7,93.787143
4.45,4,93.822311
4.75,2,93.849226
4.45,4,93.87816
4.3,5,93.906087
4.75,2,93.93148
4.6,3,93.959051
3.25,12,94.000601
4.6,3,94.029435
4.6,3,94.057135
4.3,5,94.085963
4.45,4,94.112122
4.6,3,94.146187
3.4,11,94.189633
4.75,2,94.21607
4.45,4,94.245535
4.0,7,94.280005
4.3,5,94.312908
4.6,3,94.340123
3.4,11,94.380003
3.85,8,94.421458
-3.6,13,94.462302
4.45,4,94.488068
4.75,2,94.512376
3.7,9,94.550977
3.4,11,94.598828
4.15,6,94.635628
4.45,4,94.662071
4.6,3,94.68845
3.25,12,94.727376
4.15,6,94.760095
3.55,10,94.948885
3.7,9,94.983135
4.6,3,95.00738
3.55,10,95.042027
4.45,4,95.074998
4.15,6,95.107193
4.0,7,95.139169
3.85,8,95.182806
4.15,6,95.221114
4.6,3,95.249313
4.6,3,95.274774
4.45,4,95.304967
4.75,2,95.328023
3.7,9,95.372017
-1.75,15,95.41831
4.75,2,95.444262
4.6,3,95.479086
3.7,9,95.51859
4.0,7,95.552988
4.15,6,95.587574
4.45,4,95.615406
4.45,4,95.64571
4.45,4,95.672825
4.45,4,95.698871
4.6,3,95.726847
4.45,4,95.760628
4.75,2,95.787575
4.45,4,95.813904
4.6,3,95.845277
4.45,4,95.870519
4.3,5,95.901608
3.7,9,95.943362
4.45,4,95.972116
4.6,3,96.002396
4.6,3,96.026142
4.75,2,96.055914
4.15,6,96.085707
4.6,3,96.115146
4.0,7,96.149645
-1.75,15,96.194156
3.85,8,96.227514
4.3,5,96.25701
4.3,5,96.290864
4.9,1,96.318468
4.6,3,96.346051
4.45,4,96.381145
4.75,2,96.410017
4.75,2,96.43613
4.6,3,96.460436
3.85,8,96.503775
-1.75,15,96.700061
4.75,2,96.733183
4.9,1,96.760278
3.7,9,96.798292
3.85,8,96.836416
4.0,7,96.869808
4.45,4,96.905143
4.0,7,96.948414
4.3,5,96.984102
4.45,4,97.011536
4.6,3,97.037967
4.6,3,97.068332
4.0,7,97.107902
4.15,6,97.144963
4.15,6,97.194915
4.3,5,97.241861
4.45,4,97.280423
4.3,5,97.321967
4.75,2,97.362409
4.45,4,97.394497
4.6,3,97.424649
4.75,2,97.452601
4.6,3,97.476644
4.6,3,97.508946
4.3,5,97.54733
3.7,9,97.588217
3.7,9,97.63778
-3.4,9,97.677362
-1.75,15,97.728107
4.45,4,97.762166
3.25,12,97.808568
4.45,4,97.84337
4.6,3,97.869611
-1.75,15,97.91539
4.6,3,97.938622
4.75,2,97.968614
4.6,3,97.995072
4.45,4,98.022896
4.6,3,98.050555
4.0,7,98.08873
4.3,5,98.119982
4.0,7,98.15041
4.0,7,98.181565
-1.75,15,98.385741
4.75,2,98.409892
4.3,5,98.439049
3.25,12,98.486236
4.6,3,98.518619
4.75,2,98.551889
4.6,3,98.575034
4.0,7,98.607563
4.15,6,98.636634
-3.35,8,98.672375
4.6,3,98.706674
4.75,2,98.734143
4.0,7,98.771825
4.75,2,98.802907
4.45,4,98.839693
4.45,4,98.866
4.45,4,98.893755
4.45,4,98.92082
4.75,2,98.944871
4.6,3,98.978079
4.15,6,99.012566
4.75,2,99.036117
3.25,12,99.077858
4.45,4,99.110741
3.25,12,99.153112
4.15,6,99.186301
4.75,2,99.209149
3.4,11,99.250468
4.3,5,99.284692
4.15,6,99.316462
4.45,4,99.344575
3.85,8,99.38469
4.3,5,99.416566
4.45,4,99.444935
4.0,7,99.478194
4.15,6,99.510745
4.45,4,99.537833
4.6,3,99.563915
4.0,7,99.596031
4.3,5,99.623579
4.15,6,99.652072
4.0,7,99.682145
4.75,2,99.708357
4.15,6,99.739851
4.3,5,99.772516
4.15,6,99.804007
3.7,9,99.83913
4.75,2,99.86264
4.3,5,99.890462
3.4,11,100.074074
4.3,5,100.099962
4.0,7,100.138696
4.0,7,100.177115
4.45,4,100.215991
4.45,4,100.246972
4.75,2,100.271655
4.45,4,100.301256
4.45,4,100.332232
4.3,5,100.369248
4.9,1,100.391226
4.3,5,100.425812
4.0,7,100.468193
4.3,5,100.505257
3.25,12,100.551948
4.75,2,100.578548
4.6,3,100.604373
4.45,4,100.635276
-1.75,15,100.680057
4.45,4,100.71198
3.7,9,100.750718
3.55,10,100.789858
4.3,5,100.822181
4.6,3,100.84731
4.3,5,100.881808
4.6,3,100.909719
4.6,3,100.942157
4.15,6,100.97451
4.6,3,101.006685
4.9,1,101.032253
4.6,3,101.060959
3.85,8,101.097346
4.0,7,101.132639
4.75,2,101.158997
-1.75,15,101.207873
4.3,5,101.235899
3.55,10,101.273476
3.7,9,101.308258
4.3,5,101.341063
4.6,3,101.372348
4.3,5,101.399665
4.75,2,101.433101
4.0,7,101.465247
3.85,8,101.497802
4.15,6,101.528227
4.6,3,101.555843
4.3,5,101.747556
4.3,5,101.773701
3.1,13,101.810814
4.75,2,101.833618
4.0,7,101.8659
4.3,5,101.896138
4.9,1,101.920914
4.15,6,101.95298
4.75,2,101.977156
4.9,1,102.000308
4.0,7,102.03093
4.75,2,102.057939
4.9,1,102.080874
3.85,8,102.117883
-1.75,15,102.165639
3.7,9,102.203706
-1.75,15,102.256524
4.75,2,102.280473
4.45,4,102.307602
4.75,2,102.333105
4.45,4,102.362884
4.45,4,102.393759
3.85,8,102.426958
3.85,8,102.463546
4.6,3,102.503954
4.6,3,102.536436
4.15,6,102.574123
4.75,2,102.603444
4.9,1,102.63176
4.6,3,102.661684
4.15,6,102.695032
3.85,8,102.731651
-1.75,15,102.779662
4.75,2,102.803705
4.9,1,102.824925
4.3,5,102.854187
4.9,1,102.883843
4.45,4,102.914392
3.4,11,102.951999
4.6,3,102.975865
4.15,6,103.010197
4.6,3,103.036364
4.15,6,103.064934
4.45,4,103.100682
4.75,2,103.124556
4.45,4,103.154472
4.3,5,103.183168
3.25,12,103.229655
3.7,9,103.41914
4.15,6,103.451252
4.45,4,103.479022
4.6,3,103.504604
4.6,3,103.531144
3.7,9,103.571877
4.75,2,103.602902
4.6,3,103.631406
4.6,3,103.659668
3.7,9,103.704897
3.4,11,103.755748
4.45,4,103.785803
4.6,3,103.815007
4.75,2,103.83938
4.0,7,103.874096
4.45,4,103.903555
4.45,4,103.93573
4.15,6,103.968059
4.6,3,103.995893
4.3,5,104.027115
4.6,3,104.05577
4.75,2,104.085994
3.85,8,104.125023
3.85,8,104.170679
-3.15,4,104.205244
4.6,3,104.227692
4.3,5,104.267321
4.3,5,104.295288
4.15,6,104.326401
4.6,3,104.355318
4.9,1,104.377956
4.75,2,104.408969
4.9,1,104.434611
4.6,3,104.459322
3.4,11,104.503906
4.45,4,104.532683
-3.45,10,104.566727
4.3,5,104.593408
4.6,3,104.622486
4.3,5,104.650624
-1.75,15,104.699775
4.6,3,104.725623
4.75,2,104.751546
4.45,4,104.778966
3.25,12,104.826032
4.45,4,104.857728
4.75,2,104.889881
4.75,2,104.917945
4.3,5,104.950422
4.75,2,104.9731
3.85,8,105.006152
4.0,7,105.035156
4.0,7,105.222073
4.15,6,105.254953
4.75,2,105.277453
3.4,11,105.321896
4.45,4,105.353115
4.15,6,105.389308
3.85,8,105.425747
4.45,4,105.454365
4.15,6,105.486932
4.75,2,105.514134
4.6,3,105.541781
4.3,5,105.572257
4.3,5,105.603214
3.85,8,105.637704
4.75,2,105.669624
4.45,4,105.705748
4.75,2,105.740669
4.0,7,105.777374
4.3,5,105.80748
4.75,2,105.833029
4.0,7,105.863792
4.45,4,105.891948
3.85,8,105.927009
3.1,13,105.968314
-1.75,15,106.00818
3.85,8,106.041786
3.1,13,106.083337
3.55,10,106.120573
4.6,3,106.143275
-1.75,15,106.19493
-1.75,15,106.256778
4.75,2,106.285444
4.3,5,106.317501
4.75,2,106.342191
4.75,2,106.367446
3.85,8,106.406835
3.55,10,106.445102
4.6,3,106.474108
3.4,11,106.517337
4.0,7,106.556087
4.6,3,106.727259
-1.75,15,106.773493
3.55,10,106.811631
4.6,3,106.838864
4.45,4,106.863636
4.45,4,106.894832
4.45,4,106.928403
3.85,8,106.967217
4.6,3,106.994678
4.45,4,107.027585
3.7,9,107.068136
4.9,1,107.092448
4.6,3,107.123731
4.6,3,107.154473
4.6,3,107.180503
4.75,2,107.210986
4.15,6,107.245651
4.6,3,107.276421
3.4,11,107.319888
3.55,10,107.369237
4.3,5,107.399679
3.4,11,107.440907
4.15,6,107.471677
3.7,9,107.508378
4.0,7,107.542485
4.15,6,107.574069
4.0,7,107.609381
4.15,6,107.640962
3.55,10,107.678595
4.6,3,107.706402
3.25,12,107.741686
4.15,6,107.772422
4.3,5,107.804529
4.0,7,107.837334
3.7,9,107.878821
3.4,11,107.915975
4.45,4,107.94404
3.7,9,107.980185
4.45,4,108.007274
4.6,3,108.033879
4.6,3,108.056899
4.75,2,108.080312
4.3,5,108.25088
4.3,5,108.280494
4.0,7,108.315265
-1.75,15,108.361034
4.9,1,108.385844
4.75,2,108.410319
4.75,2,108.437046
4.45,4,108.467093
4.75,2,108.493209
4.3,5,108.529124
4.6,3,108.558656
-1.75,15,108.606113
4.9,1,108.633556
3.7,9,108.66734
4.6,3,108.696791
4.45,4,108.731953
3.85,8,108.771749
4.3,5,108.80441
4.0,7,108.837923
4.75,2,108.868603
4.45,4,108.911028
4.75,2,108.942481
4.3,5,108.970125
3.85,8,109.002033
3.7,9,109.034069
4.75,2,109.059931
4.45,4,109.093615
4.45,4,109.126022
4.45,4,109.154711
4.15,6,109.191006
4.9,1,109.21231
4.45,4,109.241573
4.75,2,109.2653
4.3,5,109.294098
4.3,5,109.332514
3.55,10,109.371245
4.75,2,109.394786
4.75,2,109.425813
4.3,5,109.454794
4.6,3,109.480614
4.75,2,109.504305
-1.75,15,109.544434
4.0,7,109.579494
4.75,2,109.607055
4.75,2,109.633729
4.6,3,109.659238
3.25,12,109.704018
4.45,4,109.730696
4.15,6,109.759365
4.75,2,109.784971
4.9,1,109.807036
4.6,3,109.83577
3.85,8,110.036328
4.3,5,110.069002
4.45,4,110.094355
4.45,4,110.124187
4.45,4,110.152866
4.45,4,110.18225
4.75,2,110.207922
4.75,2,110.23812
4.6,3,110.272156
4.45,4,110.313989
-1.75,15,110.367115
4.6,3,110.392138
4.15,6,110.429841
4.3,5,110.460345
4.6,3,110.493479
3.85,8,110.534705
4.3,5,110.571277
-3.15,4,110.595802
4.45,4,110.623516
3.7,9,110.659411
4.9,1,110.683959
4.45,4,110.70977
4.45,4,110.737709
3.55,10,110.77392
4.15,6,110.805874
3.85,8,110.840221
4.45,4,110.868647
4.75,2,110.897749
4.75,2,110.919686
4.75,2,110.946631
4.45,4,110.975602
-1.75,15,111.016771
4.45,4,111.042382
4.3,5,111.072026
4.3,5,111.099183
4.9,1,111.120838
4.75,2,111.142885
4.75,2,111.171542
4.15,6,111.202754
4.15,6,111.235
4.45,4,111.264008
4.3,5,111.295575
4.75,2,111.32086
-1.75,15,111.368039
4.45,4,111.400272
3.85,8,111.435897
3.55,10,111.475952
-1.75,15,111.521472
4.3,5,111.553261
-1.75,15,111.759288
3.4,11,111.799954
-1.75,15,111.84387
3.85,8,111.876371
4.75,2,111.90466
4.75,2,111.926934
3.4,11,111.97568
4.6,3,112.011304
3.85,8,112.051863
-3.35,8,112.091004
4.75,2,112.120725
-1.75,15,112.16175
-3.25,6,112.200112
4.9,1,112.222358
4.9,1,112.244867
-1.75,15,112.298858
4.45,4,112.327102
-3.65,14,112.378882
4.75,2,112.406607
-1.75,15,112.453795
4.75,2,112.481053
4.45,4,112.510463
4.6,3,112.541639
4.0,7,112.578636
3.25,12,112.619133
4.3,5,112.648023
4.6,3,112.672594
4.75,2,112.697365
-3.35,8,112.738898
4.3,5,112.767889
4.45,4,112.793423
-3.4,9,112.828191
-3.15,4,112.862818
4.6,3,112.88801
4.6,3,112.912221
4.9,1,112.933745
4.45,4,112.957767
-1.75,15,113.00008
4.3,5,113.177799
4.75,2,113.205961
-3.1,3,113.231242
4.75,2,113.256932
-1.75,15,113.308197
4.45,4,113.341754
-1.75,15,113.39507
-3.2,5,113.424702
-1.75,15,113.474051
4.75,2,113.501227
4.45,4,113.531724
4.75,2,113.557029
4.45,4,113.588803
4.0,7,113.629181
4.0,7,113.664874
4.3,5,113.692784
4.6,3,113.72107
4.75,2,113.744415
4.45,4,113.77517
4.15,6,113.806891
4.6,3,113.836602
4.45,4,113.871694
4.3,5,113.90577
4.45,4,113.940223
4.45,4,113.969762
4.0,7,114.003716
4.15,6,114.035442
4.6,3,114.060614
4.6,3,114.089471
-1.75,15,114.135617
4.75,2,114.160228
4.0,7,114.189302
4.6,3,114.211346
4.45,4,114.239512
3.7,9,114.271686
4.45,4,114.303581
4.3,5,114.33633
4.3,5,114.368555
4.0,7,114.405918
3.55,10,114.441788
4.75,2,114.471698
3.55,10,114.515538
4.3,5,114.547016
4.45,4,114.574671
4.45,4,114.60114
4.45,4,114.627936
4.6,3,114.651738
4.3,5,114.681257
4.6,3,114.879396
4.45,4,114.911779
4.6,3,114.940479
4.45,4,114.973439
4.6,3,115.001746
4.75,2,115.029488
3.85,8,115.067273
3.85,8,115.101207
4.45,4,115.130399
4.75,2,115.159874
4.45,4,115.198145
3.7,9,115.235729
4.6,3,115.260225
4.45,4,115.287032
4.6,3,115.31592
3.7,9,115.351805
3.7,9,115.388036
4.9,1,115.408615
4.15,6,115.443781
4.15,6,115.477368
4.6,3,115.50306
4.75,2,115.528187
-1.75,15,115.571448
4.75,2,115.595801
4.75,2,115.622913
4.45,4,115.654145
4.0,7,115.688393
4.6,3,115.713038
4.15,6,115.748106
3.55,10,115.786322
-1.75,15,115.827471
4.6,3,115.860611
4.6,3,115.888729
4.75,2,115.913191
4.6,3,115.938932
4.3,5,115.966006
4.6,3,115.989686
4.15,6,116.020784
4.75,2,116.046652
4.3,5,116.075
-3.15,4,116.103165
4.0,7,116.137923
4.3,5,116.171354
4.3,5,116.2121
4.6,3,116.247196
-3.5,11,116.297816
4.75,2,116.323546
4.45,4,116.35787
4.15,6,116.389681
4.45,4,116.426315
4.45,4,116.461019
4.9,1,116.489199
4.3,5,116.523021
4.3,5,116.72039
4.75,2,116.753317
-1.75,15,116.805902
4.75,2,116.830567
4.6,3,116.85586
3.85,8,116.890027
-3.4,9,116.927479
4.75,2,116.953243
4.15,6,116.989107
4.0,7,117.027153
4.9,1,117.052471
4.75,2,117.076038
4.45,4,117.106859
4.3,5,117.13439
3.85,8,117.167637
4.3,5,117.197301
4.3,5,117.225202
4.45,4,117.252606
3.55,10,117.289076
4.75,2,117.314575
3.85,8,117.346799
-1.75,15,117.393539
3.25,12,117.437408
4.3,5,117.46502
4.6,3,117.488578
4.6,3,117.514388
3.25,12,117.557973
3.4,11,117.601539
4.3,5,117.631641
4.45,4,117.660433
4.0,7,117.696186
3.55,10,117.73938
4.6,3,117.767169
4.15,6,117.803243
-1.75,15,117.851868
4.6,3,117.879511
4.75,2,117.90496
4.45,4,117.938376
4.3,5,117.966956
4.75,2,117.999118
4.75,2,118.030406
4.75,2,118.06059
3.25,12,118.102682
4.6,3,118.291886
4.75,2,118.319128
4.15,6,118.352421
4.0,7,118.385952
4.0,7,118.418982
3.85,8,118.451143
4.6,3,118.476037
4.15,6,118.517944
4.75,2,118.543321
4.45,4,118.57211
-1.75,15,118.615415
4.45,4,118.640487
4.75,2,118.66781
4.45,4,118.700621
4.6,3,118.727711
-1.75,15,118.771832
4.45,4,118.800803
4.6,3,118.825105
4.6,3,118.854686
4.75,2,118.878432
4.45,4,118.903723
4.75,2,118.928358
3.55,10,118.962342
3.85,8,118.992575
4.45,4,119.02258
3.85,8,119.060034
4.15,6,119.091792
3.1,13,119.138687
4.9,1,119.168109
3.4,11,119.207546
4.6,3,119.241102
4.6,3,119.269881
4.3,5,119.298261
4.75,2,119.322035
4.75,2,119.34353
4.0,7,119.381538
4.6,3,119.408788
3.85,8,119.440789
3.55,10,119.476762
4.9,1,119.499455
4.6,3,119.525814
3.7,9,119.569199
3.85,8,119.608575
3.4,11,119.652855
4.6,3,119.684276
4.6,3,119.713991
3.7,9,119.915647
4.6,3,119.938673
4.45,4,119.966572
4.3,5,119.993874
4.6,3,120.01974
4.9,1,120.041309
4.6,3,120.074234
4.6,3,120.104679
3.55,10,120.143497
4.75,2,120.169933
3.85,8,120.207527
3.85,8,120.241093
3.7,9,120.283716
4.6,3,120.309342
4.9,1,120.333277
3.85,8,120.367331
3.7,9,120.410288
4.75,2,120.434047
4.3,5,120.467203
4.75,2,120.49461
4.6,3,120.524591
-3.35,8,120.563824
3.85,8,120.599451
4.15,6,120.627136
-1.75,15,120.672487
4.0,7,120.704721
-3.15,4,120.739644
4.75,2,120.765812
4.45,4,120.794234
4.0,7,120.83351
4.3,5,120.861267
4.6,3,120.888008
3.7,9,120.935013
4.75,2,120.965909
4.6,3,120.991751
4.15,6,121.023832
4.75,2,121.049257
3.55,10,121.086649
4.15,6,121.119866
-3.2,5,121.154847
4.15,6,121.186844
4.6,3,121.220608
4.3,5,121.250351
4.3,5,121.283131
4.0,7,121.321748
4.6,3,121.349612
3.4,11,121.395669
4.15,6,121.432754
3.7,9,121.633106
3.7,9,121.668675
4.45,4,121.695715
4.15,6,121.730653
4.45,4,121.763103
4.75,2,121.789636
3.85,8,121.822597
4.45,4,121.849535
3.85,8,121.886169
4.0,7,121.915187
3.25,12,121.952997
4.6,3,121.981204
4.6,3,122.006974
4.9,1,122.041574
4.75,2,122.072585
4.15,6,122.105576
4.75,2,122.132669
3.85,8,122.168064
4.45,4,122.199262
4.6,3,122.22351
4.6,3,122.252422
-1.75,15,122.294188
4.6,3,122.318268
3.7,9,122.356574
3.25,12,122.397845
4.75,2,122.421201
4.75,2,122.449581
4.9,1,122.476563
4.75,2,122.504816
4.15,6,122.534931
4.75,2,122.560697
4.75,2,122.588269
4.45,4,122.622172
4.6,3,122.649529
4.45,4,122.684348
3.25,12,122.734987
4.75,2,122.763138
4.6,3,122.78975
4.6,3,122.818752
4.9,1,122.844075
4.3,5,122.875305
3.7,9,122.910784
4.75,2,122.933333
3.7,9,122.971115
4.15,6,123.003295
-1.75,15,123.05229
4.45,4,123.087666
4.0,7,123.122666
4.15,6,123.296643
3.7,9,123.330577
4.6,3,123.357519
4.45,4,123.386953
4.75,2,123.408792
-1.75,15,123.452462
4.75,2,123.475922
4.45,4,123.505432
-1.75,15,123.555393
4.3,5,123.587445
4.6,3,123.616639
4.6,3,123.647367
-1.75,15,123.696416
4.75,2,123.727102
4.45,4,123.758927
4.75,2,123.793619
4.0,7,123.836178
-1.75,15,123.883459
3.4,11,123.921868
4.3,5,123.948984
3.85,8,123.983595
3.7,9,124.01633
4.9,1,124.03789
4.6,3,124.066726
4.0,7,124.10164
4.75,2,124.123142
4.45,4,124.153198
3.25,12,124.190709
3.25,12,124.232989
4.6,3,124.269325
-3.5,11,124.305751
4.6,3,124.331958
3.55,10,124.370337
4.6,3,124.402205
4.45,4,124.431743
3.85,8,124.473924
4.3,5,124.514544
4.75,2,124.541422
4.75,2,124.577312
-1.75,15,124.628778
3.85,8,124.798757
4.6,3,124.823467
4.9,1,124.849439
4.15,6,124.877295
4.45,4,124.906712
3.7,9,124.941452
4.6,3,124.968498
4.15,6,125.006094
-1.75,15,125.051638
4.15,6,125.081944
-3.1,3,125.110101
4.45,4,125.143076
-3.5,11,125.181005
4.45,4,125.208235
4.6,3,125.235724
3.4,11,125.275664
3.55,10,125.311832
4.6,3,125.337864
4.3,5,125.366252
4.15,6,125.393823
4.6,3,125.422739
3.7,9,125.458298
4.6,3,125.486575
4.6,3,125.518357
4.75,2,125.551108
4.0,7,125.586601
4.15,6,125.620838
4.15,6,125.657928
4.15,6,125.70174
4.75,2,125.734622
4.6,3,125.760692
4.15,6,125.798693
-3.1,3,125.833009
-3.25,6,125.865562
4.6,3,125.897131
4.3,5,125.925902
4.6,3,125.959435
4.3,5,125.999245
4.45,4,126.032316
4.6,3,126.060106
4.0,7,126.098165
3.85,8,126.135582
4.45,4,126.164327
4.9,1,126.192446
4.9,1,126.218618
4.0,7,126.253083
3.7,9,126.286432
4.6,3,126.314605
4.0,7,126.34771
3.85,8,126.535959
3.4,11,126.574205
3.55,10,126.611413
-3.2,5,126.640616
4.9,1,126.667733
4.6,3,126.698309
-1.75,15,126.749403
3.7,9,126.783434
3.25,12,126.821062
3.7,9,126.852461
4.0,7,126.882034
4.0,7,126.913204
4.45,4,126.940936
4.6,3,126.975478
3.55,10,127.014253
4.0,7,127.049929
3.85,8,127.084106
3.85,8,127.120298
4.6,3,127.148605
4.3,5,127.174922
-1.75,15,127.220504
-1.75,15,127.272375
4.6,3,127.299832
3.85,8,127.335717
-3.05,2,127.363707
4.45,4,127.39558
4.0,7,127.430164
4.6,3,127.457038
4.6,3,127.48799
4.45,4,127.52254
4.75,2,127.550433
4.6,3,127.577655
4.0,7,127.617332
4.6,3,127.642929
3.7,9,127.681367
4.75,2,127.713818
4.6,3,127.73952
3.85,8,127.773926
4.15,6,127.808492
3.55,10,128.008312
3.85,8,128.041807
-1.75,15,128.086952
4.6,3,128.112284
3.85,8,128.144275
3.7,9,128.178249
4.75,2,128.204242
4.45,4,128.236135
4.75,2,128.258792
4.75,2,128.2855
3.55,10,128.321451
4.15,6,128.352395
4.3,5,128.382464
4.3,5,128.412336
4.6,3,128.438118
4.9,1,128.46613
4.3,5,128.50014
4.3,5,128.533775
4.45,4,128.562076
4.15,6,128.597644
4.45,4,128.63036
-3.45,10,128.673611
4.0,7,128.708572
4.3,5,128.748267
3.85,8,128.783624
4.3,5,128.816758
4.15,6,128.85174
4.6,3,128.882957
4.3,5,128.914859
4.45,4,128.945309
4.75,2,128.97524
4.6,3,129.006451
4.15,6,129.048723
4.15,6,129.079436
3.85,8,129.113754
4.6,3,129.138782
4.0,7,129.173059
3.4,11,129.210095
4.3,5,129.240861
3.25,12,129.284812
4.9,1,129.314727
3.25,12,129.355011
4.15,6,129.386139
4.45,4,129.414075
4.3,5,129.440839
4.15,6,129.621765
3.25,12,129.666629
-1.75,15,129.710615
4.3,5,129.740798
4.6,3,129.771501
4.75,2,129.796393
4.75,2,129.82261
4.3,5,129.857993
4.9,1,129.881865
4.3,5,129.910964
4.15,6,129.946056
4.75,2,129.96875
4.6,3,129.997639
4.45,4,130.024467
4.15,6,130.057162
4.45,4,130.084796
4.6,3,130.111549
4.3,5,130.141111
3.25,12,130.180226
-1.75,15,130.22833
3.85,8,130.267325
4.45,4,130.298294
4.6,3,130.322168
-1.75,15,130.36812
3.85,8,130.407187
4.6,3,130.438439
4.6,3,130.46969
4.3,5,130.503363
4.15,6,130.540279
4.6,3,130.574173
4.6,3,130.605188
-1.75,15,130.651716
4.15,6,130.690533
4.45,4,130.725842
4.45,4,130.756178
4.0,7,130.79015
-1.75,15,130.841223
-3.15,4,130.872843
4.6,3,130.905394
4.6,3,130.935514
4.3,5,130.96499
4.6,3,130.994362
4.75,2,131.025593
3.55,10,131.068527
3.85,8,131.272395
-1.75,15,131.324895
4.15,6,131.364844
4.45,4,131.39791
4.3,5,131.434135
4.75,2,131.465069
4.15,6,131.497992
4.75,2,131.524339
-1.75,15,131.578165
4.6,3,131.608474
4.3,5,131.638469
4.6,3,131.669555
3.55,10,131.707325
4.6,3,131.739514
4.3,5,131.775491
4.75,2,131.800549
4.9,1,131.826177
-1.75,15,131.871743
3.85,8,131.903593
4.0,7,131.932092
3.4,11,131.970287
4.15,6,132.00605
-3.25,6,132.041848
-3.25,6,132.075224
4.3,5,132.104183
4.6,3,132.134859
4.15,6,132.169707
3.4,11,132.213988
3.85,8,132.249402
4.75,2,132.276785
4.3,5,132.312477
4.75,2,132.338762
4.75,2,132.363644
4.45,4,132.388259
4.75,2,132.414999
4.45,4,132.448653
3.7,9,132.487291
4.75,2,132.511354
4.75,2,132.535882
3.7,9,132.570988
4.6,3,132.603078
4.45,4,132.63231
4.75,2,132.656484
4.15,6,132.684195
4.6,3,132.713246
4.3,5,132.750285
4.15,6,132.927394
4.6,3,132.952342
-3.35,8,132.984853
3.7,9,133.0154
4.6,3,133.044662
4.75,2,133.07516
4.6,3,133.104483
4.45,4,133.135252
4.9,1,133.156406
4.6,3,133.183709
4.75,2,133.207228
4.75,2,133.235123
4.15,6,133.267154
3.4,11,133.312594
-3.15,4,133.340489
4.0,7,133.373342
4.6,3,133.398931
4.15,6,133.431748
4.45,4,133.462497
4.45,4,133.488438
4.75,2,133.517372
4.6,3,133.545359
4.9,1,133.571004
4.3,5,133.604152
4.75,2,133.633801
4.75,2,133.663801
4.9,1,133.689106
4.0,7,133.727381
4.0,7,133.765899
3.1,13,133.807512
4.0,7,133.844669
4.75,2,133.87134
4.0,7,133.904541
3.7,9,133.944107
4.75,2,133.969123
4.6,3,133.999644
3.85,8,134.036717
3.85,8,134.073335
3.85,8,134.110116
3.25,12,134.152867
4.75,2,134.175824
4.3,5,134.21018
4.75,2,134.233441
4.6,3,134.260154
4.9,1,134.285342
4.45,4,134.31413
3.4,11,134.355183
3.25,12,134.390452
4.3,5,134.41919
4.45,4,134.445992
4.75,2,134.473144
-1.75,15,134.727054
4.75,2,134.757725
3.1,13,134.807755
4.45,4,134.84454
3.4,11,134.891802
4.3,5,134.92175
4.0,7,134.953492
4.0,7,134.983487
4.0,7,135.013689
4.9,1,135.035367
3.4,11,135.071195
4.0,7,135.106601
4.6,3,135.136717
4.3,5,135.175825
-1.75,15,135.221819
4.75,2,135.246833
3.85,8,135.283901
4.3,5,135.316104
4.15,6,135.347802
4.75,2,135.374693
4.75,2,135.400844
4.6,3,135.434146
4.9,1,135.455696
4.15,6,135.488422
4.0,7,135.527326
4.45,4,135.559149
4.15,6,135.595351
4.45,4,135.628855
4.15,6,135.665513
4.15,6,135.702028
4.15,6,135.730822
4.6,3,135.757125
4.45,4,135.789483
4.0,7,135.824415
3.85,8,135.858095
3.55,10,135.895601
4.6,3,135.921895
3.4,11,135.955954
4.9,1,135.979973
-1.75,15,136.02221
4.3,5,136.052718
4.6,3,136.07564
3.7,9,136.111381
4.45,4,136.298357
-1.75,15,136.348414
4.6,3,136.380321
3.7,9,136.418536
3.4,11,136.45376
4.0,7,136.489041
4.75,2,136.515798
4.6,3,136.542992
-3.15,4,136.569254
3.85,8,136.604124
3.55,10,136.641376
3.1,13,136.689003
4.75,2,136.722335
4.9,1,136.750552
4.75,2,136.774627
4.15,6,136.805866
4.0,7,136.840914
4.3,5,136.870651
3.4,11,136.910936
-3.45,10,136.957702
3.85,8,137.002512
4.6,3,137.031893
-3.2,5,137.071275
-3.15,4,137.113451
4.75,2,137.147081
4.0,7,137.192268
4.3,5,137.229549
4.6,3,137.262855
4.15,6,137.298439
4.0,7,137.329065
4.6,3,137.353893
4.45,4,137.381709
4.15,6,137.411464
3.4,11,137.452301
4.0,7,137.484457
4.45,4,137.514654
-1.75,15,137.567414
4.3,5,137.603498
4.45,4,137.636846
4.6,3,137.669937
4.75,2,137.696579
4.75,2,137.724777
4.9,1,137.749813
4.45,4,137.777732
4.0,7,137.983079
4.3,5,138.013518
3.7,9,138.049945
4.75,2,138.07849
3.25,12,138.116731
4.15,6,138.151857
4.3,5,138.183507
4.15,6,138.212554
4.45,4,138.245903
4.45,4,138.276452
4.75,2,138.309625
4.0,7,138.348888
3.85,8,138.38498
4.6,3,138.413267
4.9,1,138.436741
3.85,8,138.473424
3.55,10,138.521769
3.85,8,138.559499
4.9,1,138.588851
4.45,4,138.631849
4.6,3,138.672766
4.9,1,138.701862
4.3,5,138.737399
3.85,8,138.779345
4.15,6,138.813381
4.0,7,138.849463
4.45,4,138.877841
4.6,3,138.90708
4.0,7,138.944345
4.0,7,138.977044
4.0,7,139.006931
4.15,6,139.041955
4.6,3,139.070331
3.55,10,139.118818
-3.05,2,139.146931
3.25,12,139.186621
3.7,9,139.218843
4.75,2,139.247214
3.25,12,139.287911
4.45,4,139.314043
4.45,4,139.339342
4.15,6,139.373739
4.75,2,139.39904
4.75,2,139.427655
3.25,12,139.468157
3.7,9,139.66236
4.15,6,139.696329
4.6,3,139.721149
4.15,6,139.757467
4.3,5,139.788199
4.15,6,139.819691
3.55,10,139.85458
4.9,1,139.881262
4.75,2,139.903345
4.9,1,139.928186
4.15,6,139.963422
4.6,3,139.992667
4.45,4,140.024406
4.45,4,140.051393
3.7,9,140.088314
4.0,7,140.123806
4.6,3,140.153225
4.0,7,140.190583
3.55,10,140.23193
3.7,9,140.271467
4.45,4,140.305333
4.45,4,140.341767
4.75,2,140.378884
4.9,1,140.407062
4.15,6,140.441788
4.0,7,140.475975
4.3,5,140.511517
4.3,5,140.545007
4.15,6,140.575078
3.85,8,140.607029
4.75,2,140.633484
3.7,9,140.672982
3.7,9,140.709645
4.3,5,140.746336
4.9,1,140.768593
3.85,8,140.809113
3.85,8,140.850114
3.7,9,140.893112
4.0,7,140.92365
3.55,10,140.957346
4.3,5,140.988055
4.6,3,141.015184
4.75,2,141.039023
4.0,7,141.070029
4.45,4,141.102707
4.0,7,141.1383
4.75,2,141.164771
4.6,3,141.341115
4.9,1,141.367706
4.45,4,141.401472
4.15,6,141.432844
-1.75,15,141.476377
4.45,4,141.504673
4.45,4,141.534535
4.75,2,141.564416
4.15,6,141.59433
3.25,12,141.642803
3.25,12,141.690476
-1.75,15,141.740288
4.45,4,141.770291
-1.75,15,141.81959
4.9,1,141.847397
4.15,6,141.876374
4.75,2,141.901413
4.45,4,141.935525
4.0,7,141.976175
4.6,3,142.00132
3.7,9,142.036632
-1.75,15,142.079854
4.45,4,142.107145
4.15,6,142.144001
3.7,9,142.180044
4.45,4,142.207325
3.55,10,142.244567
4.75,2,142.271527
3.4,11,142.318496
4.15,6,142.350317
4.9,1,142.37238
4.6,3,142.403096
4.6,3,142.432654
4.45,4,142.462533
4.6,3,142.494428
4.0,7,142.527369
4.15,6,142.559555
-1.75,15,142.604763
4.15,6,142.639452
4.75,2,142.672547
4.75,2,142.701781
4.6,3,142.735557
3.1,13,142.931334
4.45,4,142.958924
-1.75,15,143.001321
4.6,3,143.034062
3.25,12,143.074606
3.25,12,143.117827
4.3,5,143.153266
3.7,9,143.194994
4.45,4,143.223694
4.6,3,143.254631
4.0,7,143.295598
4.9,1,143.31896
4.75,2,143.351897
4.15,6,143.385005
4.0,7,143.417931
3.4,11,143.4676
4.15,6,143.506947
-1.75,15,143.551366
4.75,2,143.576779
4.15,6,143.606164
4.3,5,143.636932
4.9,1,143.661198
4.3,5,143.689889
3.55,10,143.735074
4.15,6,143.771233
4.75,2,143.800836
3.7,9,143.845863
-1.75,15,143.895835
3.55,10,143.935801
4.45,4,143.966926
4.45,4,143.996273
4.3,5,144.027493
4.75,2,144.05199
4.3,5,144.081647
4.45,4,144.106947
4.15,6,144.138376
4.3,5,144.168445
3.85,8,144.204192
4.6,3,144.23183
4.45,4,144.26059
4.75,2,144.433989
4.0,7,144.471812
4.3,5,144.505126
4.15,6,144.537672
3.85,8,144.57938
-1.75,15,144.627279
4.0,7,144.663278
4.15,6,144.698324
4.3,5,144.732529
3.55,10,144.767801
3.55,10,144.807086
3.85,8,144.843499
4.3,5,144.872485
4.9,1,144.896811
4.3,5,144.926357
4.45,4,144.962654
4.9,1,144.99033
3.85,8,145.029947
3.85,8,145.069443
4.75,2,145.100607
4.75,2,145.131098
4.45,4,145.163238
3.4,11,145.20173
4.0,7,145.235116
4.45,4,145.262299
-3.65,14,145.307844
4.9,1,145.334049
3.85,8,145.367537
-3.15,4,145.40327
4.6,3,145.431147
4.45,4,145.455197
4.45,4,145.481849
3.55,10,145.525517
4.75,2,145.550431
4.9,1,145.574041
-1.75,15,145.615572
4.45,4,145.644901
3.55,10,145.680496
3.85,8,145.713956
4.45,4,145.742188
4.6,3,145.767337
4.15,6,145.796677
4.15,6,145.976267
-3.2,5,146.008652
-1.75,15,146.050164
3.4,11,146.090616
4.45,4,146.120756
4.75,2,146.148748
4.6,3,146.17505
3.85,8,146.212892
4.45,4,146.242634
4.75,2,146.271324
4.75,2,146.299092
-3.45,10,146.336731
4.15,6,146.37126
4.15,6,146.410954
4.15,6,146.44609
4.75,2,146.468592
3.85,8,146.50728
4.75,2,146.538103
4.6,3,146.568588
4.3,5,146.600927
4.15,6,146.634664
4.15,6,146.668617
4.15,6,146.703162
4.45,4,146.72885
4.3,5,146.76008
4.45,4,146.786484
4.3,5,146.813516
4.3,5,146.847956
-3.3,7,146.879623
4.0,7,146.911194
-3.25,6,146.937583
4.3,5,146.963892
4.45,4,146.989193
-1.75,15,147.035368
4.75,2,147.064946
4.15,6,147.100387
4.6,3,147.129392
3.7,9,147.167963
4.75,2,147.195368
4.3,5,147.229401
4.45,4,147.260764
4.0,7,147.296009
3.85,8,147.331077
4.0,7,147.362674
4.45,4,147.389254
4.75,2,147.414063
3.25,12,147.622445
4.6,3,147.647513
4.75,2,147.673019
4.75,2,147.699569
3.1,13,147.744859
4.9,1,147.768101
4.75,2,147.79055
4.6,3,147.819286
4.15,6,147.854843
4.0,7,147.886356
4.3,5,147.918857
4.3,5,147.948642
4.0,7,147.981697
4.3,5,148.01247
4.45,4,148.042271
4.45,4,148.071678
4.0,7,148.108598
4.15,6,148.140852
4.75,2,148.169527
3.4,11,148.216864
3.25,12,148.261898
3.4,11,148.29926
4.45,4,148.331416
3.85,8,148.367313
4.75,2,148.392514
4.3,5,148.421922
4.75,2,148.447439
-1.75,15,148.494891
4.6,3,148.521182
4.75,2,148.546856
3.85,8,148.582156
4.45,4,148.612253
3.85,8,148.654124
4.3,5,148.685166
4.45,4,148.712584
3.7,9,148.747424
-3.2,5,148.776504
4.6,3,148.807952
3.7,9,148.851481
-1.75,15,148.896241
4.6,3,148.920811
4.75,2,148.943523
4.9,1,148.96455
4.6,3,148.98964
4.45,4,149.01368
4.6,3,149.037911
3.85,8,149.212515
4.6,3,149.23683
4.75,2,149.260937
3.7,9,149.295193
3.7,9,149.331279
4.45,4,149.360868
3.7,9,149.397541
4.3,5,149.431417
4.9,1,149.459817
4.45,4,149.49194
4.6,3,149.519147
4.6,3,149.552768
4.3,5,149.587351
3.85,8,149.625095
4.0,7,149.662122
4.6,3,149.699011
4.75,2,149.72646
4.3,5,149.756229
-1.75,15,149.809718
3.25,12,149.859095
-1.75,15,149.910041
3.7,9,149.942257
4.75,2,149.970796
4.45,4,149.997313
4.0,7,150.028804
3.55,10,150.06457
3.7,9,150.102633
3.7,9,150.143179
4.0,7,150.175592
4.9,1,150.204555
4.3,5,150.234365
3.55,10,150.274851
3.4,11,150.314198
3.85,8,150.349142
4.3,5,150.387887
4.45,4,150.424975
4.3,5,150.457273
4.15,6,150.497294
3.4,11,150.543039
4.6,3,150.578568
3.7,9,150.781468
2.95,14,150.82622
4.75,2,150.851654
4.6,3,150.878654
4.75,2,150.904647
3.1,13,150.94986
4.3,5,150.981734
4.6,3,151.011324
3.7,9,151.047148
3.4,11,151.092876
4.3,5,151.124513
4.9,1,151.148417
4.75,2,151.175919
4.75,2,151.19949
4.0,7,151.233121
4.45,4,151.264457
4.15,6,151.302997
4.6,3,151.333301
4.45,4,151.358491
4.45,4,151.385433
4.6,3,151.415707
4.6,3,151.445978
-3.4,9,151.479362
4.9,1,151.502391
4.15,6,151.537638
4.3,5,151.572036
4.45,4,151.597753
3.4,11,151.635892
4.15,6,151.668055
3.85,8,151.702682
4.6,3,151.729773
4.3,5,151.756494
3.85,8,151.792369
4.3,5,151.821198
4.3,5,151.852504
4.6,3,151.882033
-1.75,15,151.933218
4.3,5,151.962267
4.0,7,151.99232
3.7,9,152.026374
4.3,5,152.054954
4.75,2,152.079655
4.9,1,152.10385
3.85,8,152.137204
4.15,6,152.17681
4.45,4,152.210563
4.45,4,152.381706
4.3,5,152.415957
4.15,6,152.444327
4.3,5,152.476103
4.6,3,152.501712
4.75,2,152.52849
4.0,7,152.56309
4.9,1,152.589028
4.3,5,152.617255
4.6,3,152.64968
4.0,7,152.682236
4.45,4,152.712907
3.25,12,152.760369
-3.25,6,152.792494
4.45,4,152.82127
4.15,6,152.854302
3.25,12,152.89344
4.3,5,152.921581
3.25,12,152.959825
4.75,2,152.984931
4.6,3,153.012909
4.45,4,153.040426
4.75,2,153.065027
4.75,2,153.089128
-3.45,10,153.123785
3.85,8,153.154969
4.0,7,153.186806
4.6,3,153.213555
4.45,4,153.240405
4.6,3,153.270005
4.75,2,153.292077
3.4,11,153.331007
4.9,1,153.353074
3.4,11,153.395096
4.3,5,153.420265
3.85,8,153.457858
4.0,7,153.493003
4.3,5,153.522798
3.85,8,153.554302
4.3,5,153.581179
4.0,7,153.615687
4.75,2,153.639542
3.85,8,153.678394
4.45,4,153.707009
4.6,3,153.734506
4.75,2,153.764561
4.15,6,153.800827
4.75,2,153.828435
4.45,4,153.853581
4.15,6,154.04093
3.85,8,154.076725
4.0,7,154.111812
4.9,1,154.134882
4.3,5,154.166997
4.45,4,154.202584
4.45,4,154.232372
4.45,4,154.262125
4.0,7,154.293908
4.15,6,154.322095
4.3,5,154.352801
4.75,2,154.381587
4.15,6,154.417703
4.3,5,154.449033
4.75,2,154.474031
4.9,1,154.499915
3.55,10,154.542857
4.0,7,154.580855
-1.75,15,154.632754
4.45,4,154.662282
4.0,7,154.697432
4.0,7,154.729447
4.0,7,154.760905
3.25,12,154.798511
4.3,5,154.829254
4.0,7,154.864584
4.9,1,154.891313
3.7,9,154.931836
4.15,6,154.965924
-1.75,15,155.006334
4.15,6,155.038708
4.3,5,155.068454
4.3,5,155.095977
4.75,2,155.120338
4.45,4,155.148494
4.6,3,155.176756
3.1,13,155.216666
4.6,3,155.245928
4.6,3,155.269788
3.85,8,155.305403
4.15,6,155.334156
-1.75,15,155.517326
3.55,10,155.55395
4.3,5,155.580515
4.75,2,155.608123
3.7,9,155.645209
4.3,5,155.676534
4.3,5,155.708657
4.75,2,155.730918
4.45,4,155.757111
4.6,3,155.787034
4.6,3,155.815341
4.15,6,155.851707
3.7,9,155.884914
4.75,2,155.911496
3.55,10,155.946615
4.0,7,155.98647
4.0,7,156.019131
3.85,8,156.05308
4.15,6,156.08294
4.9,1,156.106389
3.7,9,156.144782
4.0,7,156.182379
4.75,2,156.215563
3.55,10,156.251925
4.15,6,156.284556
4.6,3,156.311144
4.6,3,156.334649
4.3,5,156.366918
3.25,12,156.407429
4.3,5,156.441636
4.45,4,156.467891
3.85,8,156.498806
4.9,1,156.520321
3.7,9,156.556247
4.6,3,156.581854
4.45,4,156.60553
3.55,10,156.644294
4.45,4,156.672246
4.45,4,156.705078
4.45,4,156.735507
4.75,2,156.761518
4.9,1,156.782229
3.85,8,156.81455
4.6,3,156.837771
4.6,3,156.86778
4.6,3,156.898872
4.45,4,156.928291
3.85,8,156.963197
4.75,2,156.994416
3.4,11,157.202948
4.0,7,157.241129
3.85,8,157.276574
4.15,6,157.311731
4.9,1,157.33554
4.0,7,157.370111
4.6,3,157.40173
4.75,2,157.430612
4.15,6,157.464116
4.0,7,157.498988
3.25,12,157.543887
4.0,7,157.576063
4.6,3,157.599719
4.45,4,157.630988
4.45,4,157.661693
3.85,8,157.696654
4.75,2,157.724468
4.0,7,157.757378
4.3,5,157.792932
4.0,7,157.828166
-1.75,15,157.871532
4.6,3,157.898236
-3.25,6,157.928825
4.3,5,157.963377
4.45,4,157.990209
4.3,5,158.025427
4.3,5,158.053083
3.7,9,158.094935
3.85,8,158.128518
4.75,2,158.153405
4.9,1,158.181059
4.15,6,158.211975
4.0,7,158.247156
3.55,10,158.282436
3.7,9,158.318814
4.3,5,158.349679
-3.1,3,158.380535
4.6,3,158.404328
4.6,3,158.430799
4.15,6,158.46024
-1.75,15,158.507243
4.45,4,158.536073
4.9,1,158.558512
3.25,12,158.74946
3.85,8,158.785629
4.0,7,158.81778
3.85,8,158.851449
4.0,7,158.890842
4.75,2,158.922213
4.75,2,158.949277
-3.5,11,158.992961
4.6,3,159.017991
4.75,2,159.047452
4.75,2,159.074511
3.4,11,159.114735
4.75,2,159.142259
4.9,1,159.16662
4.6,3,159.194477
3.7,9,159.233902
4.75,2,159.260741
4.6,3,159.291208
3.1,13,159.331434
4.6,3,159.357403
4.6,3,159.383491
4.75,2,159.408343
4.45,4,159.434466
4.6,3,159.466274
4.3,5,159.496827
-1.75,15,159.540744
3.85,8,159.579252
4.75,2,159.604914
4.6,3,159.630757
4.0,7,159.663085
4.45,4,159.692616
4.45,4,159.720139
3.55,10,159.757127
4.0,7,159.786136
4.45,4,159.816146
4.9,1,159.844944
4.75,2,159.869472
4.3,5,159.908328
4.3,5,159.941138
3.7,9,159.973682
4.45,4,160.001488
4.3,5,160.029573
4.6,3,160.052769
4.45,4,160.082542
-1.75,15,160.126802
-1.75,15,160.171434
2.95,14,160.398364
4.45,4,160.434269
3.4,11,160.480701
4.6,3,160.514114
4.75,2,160.537634
4.0,7,160.580961
4.45,4,160.608987
-1.75,15,160.658074
4.45,4,160.690871
4.3,5,160.719554
3.7,9,160.760749
4.45,4,160.789772
3.55,10,160.829218
4.75,2,160.856425
3.25,12,160.893785
3.85,8,160.929072
4.15,6,160.958653
4.75,2,160.984707
3.7,9,161.022186
4.75,2,161.049439
3.4,11,161.092292
4.0,7,161.124354
4.3,5,161.155477
4.75,2,161.18836
4.75,2,161.211346
3.85,8,161.247429
4.75,2,161.273684
4.6,3,161.297789
-1.75,15,161.347146
4.0,7,161.385752
4.6,3,161.412101
4.75,2,161.435263
-1.75,15,161.482268
4.15,6,161.512395
4.15,6,161.545157
4.45,4,161.573939
3.55,10,161.613617
3.85,8,161.652388
4.0,7,161.688059
4.3,5,161.87656
4.3,5,161.910584
4.0,7,161.949959
4.6,3,161.98447
4.15,6,162.019925
3.85,8,162.054003
4.3,5,162.089071
3.85,8,162.12422
4.15,6,162.160461
3.4,11,162.199383
4.45,4,162.22895
4.15,6,162.262197
4.45,4,162.292022
4.6,3,162.327308
4.75,2,162.35148
4.3,5,162.384354
4.3,5,162.414379
4.3,5,162.446703
4.15,6,162.477497
4.75,2,162.502423
4.3,5,162.532705
-1.75,15,162.573859
4.3,5,162.603065
4.15,6,162.635689
4.45,4,162.662764
4.15,6,162.693978
4.3,5,162.728152
4.15,6,162.759186
4.3,5,162.791224
3.7,9,162.829969
3.85,8,162.862045
4.45,4,162.888089
3.7,9,162.924326
-1.75,15,162.966574
4.15,6,162.997396
4.6,3,163.022159
3.7,9,163.056826
4.75,2,163.080984
4.45,4,163.106795
4.45,4,163.134354
4.45,4,163.161991
4.45,4,163.193109
4.6,3,163.216968
-3.15,4,163.248619
4.3,5,163.2838
4.6,3,163.309765
4.45,4,163.500543
4.15,6,163.535902
4.45,4,163.57436
4.15,6,163.6113
4.45,4,163.65015
-3.55,12,163.698308
3.7,9,163.741647
4.45,4,163.774477
4.6,3,163.810629
3.85,8,163.854461
3.4,11,163.900126
4.6,3,163.939253
4.75,2,163.975617
4.0,7,164.078947
4.6,3,164.140888
3.85,8,164.179623
4.6,3,164.210875
4.45,4,164.246725
4.6,3,164.27999
4.15,6,164.312229
4.0,7,164.344269
4.6,3,164.371692
3.55,10,164.415842
4.6,3,164.443488
4.9,1,164.466931
4.3,5,164.495767
-1.75,15,164.54089
-1.75,15,164.59686
4.3,5,164.624545
4.45,4,164.651315
4.6,3,164.677984
4.45,4,164.707627
3.4,11,164.743282
4.75,2,164.771913
4.6,3,164.800335
4.45,4,164.832162
4.75,2,164.856335
4.15,6,164.884845
4.0,7,164.915199
4.45,4,164.942512
4.0,7,164.97359
4.75,2,164.998142
3.55,10,165.037166
4.15,6,165.068109
4.9,1,165.093071
4.6,3,165.123654
4.45,4,165.150198
3.85,8,165.362918
4.3,5,165.39517
3.55,10,165.435225
3.55,10,165.476619
4.0,7,165.515939
4.45,4,165.547126
4.6,3,165.582203
4.6,3,165.611934
4.75,2,165.640645
4.0,7,165.67174
4.75,2,165.697688
3.7,9,165.737983
4.45,4,165.766728
4.3,5,165.797849
4.15,6,165.832778
4.75,2,165.860285
4.45,4,165.889288
2.95,14,165.92749
3.25,12,165.963373
3.7,9,165.996165
4.6,3,166.02201
4.3,5,166.048457
-1.75,15,166.098679
4.45,4,166.127222
-1.75,15,166.17324
4.6,3,166.1981
4.75,2,166.223187
4.6,3,166.250489
4.3,5,166.280147
3.85,8,166.313112
3.25,12,166.353798
4.15,6,166.387858
3.85,8,166.424134
3.55,10,166.47135
3.85,8,166.509657
4.6,3,166.539886
3.25,12,166.580214
4.3,5,166.610846
4.0,7,166.821987
4.3,5,166.855942
3.55,10,166.895038
4.3,5,166.924309
4.0,7,166.957823
4.3,5,166.987257
4.15,6,167.018098
-3.65,14,167.066216
4.3,5,167.097436
4.3,5,167.12731
4.15,6,167.160295
4.9,1,167.18686
4.6,3,167.221423
3.85,8,167.260499
4.6,3,167.29166
4.75,2,167.321323
4.15,6,167.357328
4.0,7,167.388934
4.6,3,167.417567
4.6,3,167.444823
4.75,2,167.46999
4.3,5,167.502005
4.45,4,167.528418
4.3,5,167.556534
4.45,4,167.588298
4.0,7,167.619201
4.9,1,167.646329
4.3,5,167.679896
4.3,5,167.711006
3.55,10,167.744655
4.45,4,167.771733
4.0,7,167.806305
-3.3,7,167.838048
4.45,4,167.867446
4.75,2,167.898155
3.55,10,167.931703
4.0,7,167.963987
4.6,3,167.986828
-3.2,5,168.016463
4.45,4,168.044957
4.75,2,168.068328
4.9,1,168.094296
4.6,3,168.125611
4.45,4,168.151371
-3.65,14,168.195705
4.15,6,168.225576
4.6,3,168.252942
-1.75,15,168.453388
4.0,7,168.495403
4.0,7,168.529662
4.6,3,168.559128
3.85,8,168.597497
4.9,1,168.620375
3.1,13,168.665033
4.45,4,168.697699
4.75,2,168.726336
4.0,7,168.763452
3.85,8,168.802145
4.45,4,168.832027
4.45,4,168.861244
-1.75,15,168.910948
4.15,6,168.943466
3.7,9,168.974779
3.85,8,169.010779
4.45,4,169.043806
4.6,3,169.070985
3.85,8,169.112479
2.95,14,169.1602
4.75,2,169.184134
4.6,3,169.213681
3.55,10,169.252422
3.55,10,169.290377
3.7,9,169.327745
4.75,2,169.353764
-1.75,15,169.40007
4.3,5,169.434152
4.75,2,169.457823
-3.45,10,169.494986
4.75,2,169.516574
3.55,10,169.551288
4.75,2,169.580272
4.45,4,169.604196
-3.3,7,169.634208
-1.75,15,169.674616
-3.2,5,169.706059
4.6,3,169.73287
3.7,9,169.910289
4.9,1,169.932599
-1.75,15,169.975625
4.3,5,170.006294
-3.15,4,170.037948
-1.75,15,170.082417
4.3,5,170.119098
4.6,3,170.150237
3.55,10,170.192392
4.9,1,170.215745
4.15,6,170.254555
4.15,6,170.284585
4.3,5,170.316387
4.9,1,170.342131
4.45,4,170.369289
4.45,4,170.399505
3.7,9,170.43574
-1.75,15,170.482852
4.6,3,170.507752
4.75,2,170.534082
4.0,7,170.574219
4.15,6,170.607529
4.45,4,170.644982
4.15,6,170.682158
4.15,6,170.715591
3.85,8,170.749605
4.45,4,170.775923
3.85,8,170.810165
4.75,2,170.839015
4.45,4,170.868845
3.85,8,170.89896
4.6,3,170.925241
4.6,3,170.951013
-3.15,4,170.979017
3.55,10,171.013802
3.85,8,171.047738
4.9,1,171.069591
4.45,4,171.097166
4.0,7,171.140268
4.3,5,171.175389
4.3,5,171.210354
3.7,9,171.246431
4.6,3,171.271051
4.0,7,171.301142
4.45,4,171.332165
4.3,5,171.525862
3.7,9,171.566879
3.1,13,171.61135
4.75,2,171.635582
4.6,3,171.66105
3.85,8,171.697706
4.6,3,171.726574
4.15,6,171.761917
4.6,3,171.788677
4.6,3,171.812894
3.55,10,171.855078
3.4,11,171.891988
4.3,5,171.918978
4.75,2,171.943406
4.6,3,171.972701
4.6,3,171.999511
4.75,2,172.028197
4.6,3,172.058023
4.45,4,172.090472
4.45,4,172.119535
4.9,1,172.140773
4.3,5,172.176532
4.6,3,172.201279
4.15,6,172.23432
4.75,2,172.263361
4.9,1,172.289659
3.25,12,172.327134
3.55,10,172.362442
4.9,1,172.387444
4.15,6,172.415994
4.6,3,172.441862
4.15,6,172.477552
3.7,9,172.509299
4.3,5,172.536964
4.45,4,172.564215
4.75,2,172.591603
4.3,5,172.620927
4.75,2,172.645695
3.55,10,172.67775
4.3,5,172.705748
4.45,4,172.736257
4.9,1,172.757805
4.0,7,172.789821
4.3,5,172.820866
-1.75,15,172.86992
4.0,7,172.902025
4.9,1,172.925343
4.0,7,172.956272
4.45,4,172.984246
4.6,3,173.00959
4.6,3,173.036672
4.45,4,173.223405
3.7,9,173.265467
4.6,3,173.298291
3.7,9,173.332466
3.85,8,173.37149
4.6,3,173.398112
4.6,3,173.425276
4.3,5,173.461611
4.3,5,173.499706
3.4,11,173.550286
4.45,4,173.581551
3.85,8,173.621915
4.45,4,173.652067
4.15,6,173.680518
4.75,2,173.703214
4.3,5,173.732411
4.9,1,173.756642
4.3,5,173.784587
4.6,3,173.812636
4.15,6,173.840402
4.0,7,173.872733
4.45,4,173.901977
4.75,2,173.9291
4.6,3,173.956176
-1.75,15,173.996908
4.6,3,174.024495
4.75,2,174.050612
4.45,4,174.084324
3.25,12,174.126741
3.1,13,174.175767
4.3,5,174.212515
3.85,8,174.245881
4.6,3,174.274563
3.55,10,174.309937
-1.75,15,174.358726
4.3,5,174.388265
4.75,2,174.414355
4.75,2,174.443394
3.55,10,174.481682
4.0,7,174.515794
4.15,6,174.551153
4.45,4,174.581206
3.25,12,174.793244
4.6,3,174.82828
-3.35,8,174.868969
4.75,2,174.897733
3.7,9,174.936969
4.3,5,174.964822
4.75,2,174.986547
4.15,6,175.017026
-3.3,7,175.047244
-1.75,15,175.095321
4.75,2,175.121801
3.7,9,175.161323
3.4,11,175.204651
4.0,7,175.239386
3.85,8,175.271366
4.6,3,175.296504
4.45,4,175.327335
-1.75,15,175.376455
3.55,10,175.411815
4.45,4,175.436094
3.4,11,175.47463
4.0,7,175.503675
4.3,5,175.533546
4.75,2,175.561646
4.3,5,175.59745
3.7,9,175.631874
3.4,11,175.665763
4.9,1,175.689718
4.6,3,175.713677
3.55,10,175.74774
4.0,7,175.777987
4.45,4,175.807907
4.45,4,175.836987
4.45,4,175.867769
4.6,3,175.897126
4.75,2,175.923057
-3.25,6,175.953099
3.1,13,176.005104
4.6,3,176.035309
4.45,4,176.067892
4.0,7,176.107004
3.7,9,176.298597
3.25,12,176.34387
3.85,8,176.38497
3.7,9,176.423035
4.15,6,176.457213
4.6,3,176.481109
3.1,13,176.526527
3.55,10,176.563188
-1.75,15,176.619607
4.9,1,176.646772
3.1,13,176.691229
4.45,4,176.719457
4.6,3,176.747727
4.15,6,176.777269
4.6,3,176.8051
4.6,3,176.83335
4.75,2,176.859666
4.6,3,176.882264
4.45,4,176.909672
4.75,2,176.931186
4.45,4,176.959747
4.6,3,176.983712
4.45,4,177.012031
4.75,2,177.03403
4.0,7,177.062963
4.9,1,177.087675
3.4,11,177.127635
3.7,9,177.162769
4.3,5,177.196325
3.55,10,177.240057
4.6,3,177.267978
4.15,6,177.300685
3.85,8,177.340271
4.45,4,177.366293
4.6,3,177.393837
4.9,1,177.41873
-3.25,6,177.460487
4.6,3,177.501474
4.15,6,177.539626
4.45,4,177.572394
4.0,7,177.608615
4.15,6,177.641842
4.75,2,177.664586
4.0,7,177.696322
3.7,9,177.890347
3.85,8,177.928474
4.6,3,177.953893
4.0,7,177.985831
4.45,4,178.013687
3.85,8,178.049825
3.25,12,178.090694
4.45,4,178.120991
3.25,12,178.162724
-1.75,15,178.210588
4.0,7,178.249259
4.15,6,178.287786
-1.75,15,178.338127
4.15,6,178.371351
4.15,6,178.404465
4.45,4,178.432382
4.15,6,178.463882
4.45,4,178.495456
4.75,2,178.518893
3.25,12,178.562638
4.9,1,178.583916
3.85,8,178.616864
4.9,1,178.643286
3.85,8,178.679058
4.15,6,178.708307
4.6,3,178.743126
4.0,7,178.774342
4.75,2,178.79845
4.75,2,178.826079
4.6,3,178.847815
4.3,5,178.878216
3.85,8,178.909553
4.9,1,178.931335
4.15,6,178.96379
4.45,4,178.989445
-1.75,15,179.028509
4.3,5,179.058562
-1.75,15,179.105725
4.6,3,179.133622
4.6,3,179.160741
4.0,7,179.193204
4.0,7,179.382971
-1.75,15,179.430901
4.6,3,179.458921
3.25,12,179.505785
4.3,5,179.535947
4.6,3,179.560903
4.75,2,179.587386
4.75,2,179.614163
3.55,10,179.65375
4.9,1,179.678998
4.15,6,179.710315
4.6,3,179.737481
4.75,2,179.763005
4.45,4,179.794426
4.3,5,179.822732
4.6,3,179.851416
4.45,4,179.879662
3.7,9,179.912955
3.7,9,179.945654
4.3,5,179.972671
3.55,10,180.009722
4.75,2,180.037063
4.75,2,180.06295
4.0,7,180.097804
3.85,8,180.133903
4.75,2,180.16225
4.75,2,180.188437
4.3,5,180.216564
4.6,3,180.241622
3.4,11,180.281221
4.75,2,180.310001
4.75,2,180.336826
3.85,8,180.370493
4.0,7,180.401203
4.15,6,180.432834
3.7,9,180.47104
3.55,10,180.50569
4.45,4,180.531784
4.6,3,180.557861
4.45,4,180.589274
4.45,4,180.618513
3.25,12,180.667438
3.55,10,180.716495
4.9,1,180.741918
3.25,12,180.786211
4.15,6,180.974526
4.3,5,181.004775
-1.75,15,181.053756
3.55,10,181.093719
4.6,3,181.124411
4.3,5,181.16003
4.0,7,181.199501
4.6,3,181.227395
3.85,8,181.27145
4.6,3,181.303468
3.85,8,181.345739
3.85,8,181.381014
3.85,8,181.420489
4.45,4,181.451342
4.75,2,181.479661
3.85,8,181.513804
3.55,10,181.550467
4.75,2,181.577338
4.6,3,181.604871
4.0,7,181.637986
3.85,8,181.670897
4.75,2,181.695881
4.6,3,181.727868
3.85,8,181.765826
4.3,5,181.801655
4.15,6,181.838252
4.0,7,181.872799
3.85,8,181.907777
4.45,4,181.93717
4.6,3,181.962906
4.75,2,181.988053
4.6,3,182.014502
4.15,6,182.043531
4.3,5,182.072216
4.75,2,182.097581
4.75,2,182.128402
-1.75,15,182.176431
4.9,1,182.204698
4.45,4,182.231194
3.25,12,182.27181
4.9,1,182.293009
4.0,7,182.323923
4.45,4,182.351676
4.15,6,182.382028
4.9,1,182.409033
4.45,4,182.434539
4.0,7,182.646069
4.6,3,182.676711
4.15,6,182.712487
4.9,1,182.742743
3.55,10,182.790844
3.85,8,182.829531
4.15,6,182.862614
4.45,4,182.895368
4.45,4,182.92863
4.45,4,182.967088
4.0,7,183.007472
3.4,11,183.048115
3.85,8,183.084517
4.0,7,183.113246
4.3,5,183.147184
4.15,6,183.176367
4.75,2,183.199559
4.6,3,183.227156
-1.75,15,183.273549
4.15,6,183.308669
4.45,4,183.340476
4.15,6,183.375269
4.6,3,183.399177
3.55,10,183.437519
3.55,10,183.476394
4.3,5,183.503089
4.0,7,183.536852
4.3,5,183.566241
4.75,2,183.593691
4.6,3,183.623022
4.45,4,183.650727
4.6,3,183.679611
4.75,2,183.703525
-3.2,5,183.735352
-1.75,15,183.77764
4.6,3,183.806092
4.45,4,183.833009
4.0,7,183.872399
4.6,3,183.900745
4.3,5,183.93034
-3.55,12,183.966005
4.9,1,183.989568
3.4,11,184.032686
4.3,5,184.063694
3.25,12,184.28345
4.45,4,184.31442
4.6,3,184.340777
4.0,7,184.371684
4.0,7,184.406894
4.15,6,184.441424
4.45,4,184.475278
3.55,10,184.513633
3.85,8,184.546983
-1.75,15,184.590393
4.3,5,184.616237
4.9,1,184.642122
3.55,10,184.685944
4.75,2,184.708335
4.15,6,184.742198
4.75,2,184.773109
4.6,3,184.796323
4.15,6,184.82552
3.7,9,184.863513
4.6,3,184.891496
4.15,6,184.919748
4.75,2,184.941376
4.6,3,184.968257
3.4,11,185.00443
4.15,6,185.036953
4.75,2,185.06084
4.3,5,185.092718
3.25,12,185.137199
4.45,4,185.165482
4.0,7,185.199789
3.55,10,185.233765
-1.75,15,185.281605
4.75,2,185.313015
4.6,3,185.341318
4.45,4,185.374391
4.3,5,185.401782
4.6,3,185.430115
4.0,7,185.468881
3.7,9,185.505428
4.6,3,185.530229
4.75,2,185.556573
3.25,12,185.597974
4.0,7,185.787119
4.6,3,185.812671
4.3,5,185.842777
3.7,9,185.878338
3.85,8,185.911747
4.15,6,185.945089
4.0,7,185.980519
3.25,12,186.032443
3.1,13,186.089598
4.6,3,186.117151
3.25,12,186.159051
4.75,2,186.192495
-1.75,15,186.235177
4.75,2,186.263494
3.7,9,186.305931
4.9,1,186.32826
4.0,7,186.359311
-1.75,15,186.400999
4.45,4,186.428588
4.6,3,186.454242
4.0,7,186.483078
4.3,5,186.512862
4.9,1,186.539147
-1.75,15,186.585875
4.15,6,186.617547
4.45,4,186.647133
4.75,2,186.678639
4.45,4,186.704655
3.85,8,186.738852
4.6,3,186.763481
-1.75,15,186.809673
-1.75,15,186.85525
4.75,2,186.87762
4.3,5,186.91169
4.75,2,186.938164
4.15,6,186.96693
4.45,4,186.991884
4.6,3,187.019636
4.15,6,187.048297
4.3,5,187.236429
4.0,7,187.272466
3.85,8,187.311213
4.75,2,187.340504
4.15,6,187.375659
4.0,7,187.411202
4.6,3,187.442717
3.85,8,187.487923
4.15,6,187.52612
4.75,2,187.558656
-1.75,15,187.607835
4.6,3,187.63728
4.6,3,187.67237
4.9,1,187.701123
4.45,4,187.741344
4.3,5,187.771379
4.15,6,187.803263
-1.75,15,187.848293
3.7,9,187.885221
3.85,8,187.919786
3.7,9,187.954375
4.45,4,187.985648
4.0,7,188.018262
4.0,7,188.047235
4.75,2,188.074487
4.75,2,188.097819
3.4,11,188.141184
4.45,4,188.168695
4.3,5,188.198445
4.45,4,188.228848
4.0,7,188.264594
4.45,4,188.294833
4.0,7,188.331167
3.7,9,188.365353
4.6,3,188.392283
4.75,2,188.41754
-1.75,15,188.463647
4.3,5,188.495242
4.6,3,188.52476
4.6,3,188.548204
4.15,6,188.576568
4.0,7,188.606847
-1.75,15,188.793907
4.45,4,188.82513
4.45,4,188.854768
3.7,9,188.888553
4.6,3,188.916059
3.7,9,188.95317
3.25,12,188.989806
4.6,3,189.017924
4.3,5,189.054601
4.6,3,189.07865
4.0,7,189.116604
4.3,5,189.145813
-1.75,15,189.193161
3.25,12,189.234722
4.15,6,189.26871
4.45,4,189.301551
4.45,4,189.329967
4.6,3,189.355103
4.6,3,189.382617
4.6,3,189.408753
-1.75,15,189.456907
4.6,3,189.48236
4.9,1,189.507649
4.45,4,189.536317
3.4,11,189.577202
4.45,4,189.603779
4.15,6,189.638966
4.0,7,189.674427
4.75,2,189.695518
-3.15,4,189.721692
3.7,9,189.756546
4.3,5,189.789138
-3.3,7,189.822456
4.6,3,189.849172
4.0,7,189.881541
3.7,9,189.920963
4.45,4,189.945523
4.45,4,189.975501
3.55,10,190.015437
4.0,7,190.052098
3.55,10,190.091136
3.25,12,190.286816
3.85,8,190.324766
4.45,4,190.349969
4.0,7,190.390518
4.75,2,190.415116
4.45,4,190.444153
4.45,4,190.472255
4.75,2,190.497904
4.3,5,190.531093
4.75,2,190.559656
4.9,1,190.58897
4.45,4,190.626977
4.75,2,190.659717
3.4,11,190.712666
4.15,6,190.75253
4.6,3,190.779098
4.6,3,190.811862
4.0,7,190.845367
4.6,3,190.877656
4.45,4,190.906002
4.3,5,190.936744
4.6,3,190.963764
4.6,3,190.989665
4.45,4,191.014189
4.45,4,191.045171
4.0,7,191.074567
4.75,2,191.098176
4.75,2,191.125023
4.15,6,191.154818
4.0,7,191.189238
3.7,9,191.228595
4.6,3,191.259113
4.6,3,191.285005
3.4,11,191.321766
4.3,5,191.352483
4.0,7,191.387672
4.15,6,191.419218
3.4,11,191.457523
3.55,10,191.492502
3.55,10,191.530069
4.6,3,191.557087
4.75,2,191.581443
4.6,3,191.61129
4.3,5,191.640791
4.45,4,191.671218
4.75,2,191.697437
4.6,3,191.724704
4.6,3,191.754381
4.3,5,191.784141
4.3,5,191.81264
3.85,8,191.851391
4.0,7,192.036312
4.75,2,192.064379
4.75,2,192.08997
4.45,4,192.119559
-1.75,15,192.172174
4.0,7,192.205087
3.7,9,192.24377
4.6,3,192.276239
4.3,5,192.311633
4.6,3,192.340253
4.0,7,192.38064
3.4,11,192.429333
4.45,4,192.461638
-1.75,15,192.506138
4.45,4,192.532948
4.15,6,192.565768
4.75,2,192.598329
3.85,8,192.63313
4.0,7,192.67203
4.75,2,192.695218
4.75,2,192.719298
-1.75,15,192.770468
4.75,2,192.797077
4.75,2,192.827421
-1.75,15,192.878196
4.45,4,192.907061
3.4,11,192.942989
4.45,4,192.971095
4.75,2,192.994212
3.25,12,193.0308
4.75,2,193.056878
4.75,2,193.08762
4.6,3,193.122958
3.25,12,193.166787
-1.75,15,193.211505
4.6,3,193.240993
4.15,6,193.275463
4.3,5,193.304546
4.0,7,193.335998
4.75,2,193.363724
4.45,4,193.394275
3.55,10,193.595407
3.55,10,193.639342
4.75,2,193.668726
3.4,11,193.707098
4.75,2,193.734459
4.45,4,193.761997
3.85,8,193.799298
4.75,2,193.824666
4.6,3,193.851083
3.55,10,193.888821
3.7,9,193.92602
3.4,11,193.967309
4.3,5,193.999413
4.45,4,194.033738
4.0,7,194.069449
4.3,5,194.097808
4.75,2,194.123848
4.3,5,194.156939
4.75,2,194.179225
3.7,9,194.213848
-1.75,15,194.258023
3.85,8,194.293697
4.0,7,194.323737
4.45,4,194.349786
3.25,12,194.393988
4.75,2,194.42087
3.7,9,194.45506
4.6,3,194.482326
4.6,3,194.512477
4.15,6,194.546337
4.0,7,194.577704
4.3,5,194.607439
3.55,10,194.641377
4.0,7,194.671536
4.3,5,194.704531
3.7,9,194.744439
4.9,1,194.775117
4.75,2,194.807914
4.45,4,194.832808
4.6,3,194.859276
4.6,3,194.884478
-1.75,15,194.926775
3.25,12,195.119846
3.1,13,195.170208
4.3,5,195.204416
4.75,2,195.230968
4.75,2,195.258362
4.15,6,195.288635
4.15,6,195.321029
-1.75,15,195.367356
4.9,1,195.391715
3.25,12,195.432297
4.3,5,195.46294
-3.15,4,195.491793
-1.75,15,195.542512
4.15,6,195.575271
4.15,6,195.606518
-1.75,15,195.647246
4.45,4,195.677223
4.75,2,195.700971
4.3,5,195.728677
4.75,2,195.754785
4.3,5,195.782596
4.6,3,195.809787
-1.75,15,195.853012
3.85,8,195.893305
4.15,6,195.922615
4.3,5,195.953841
4.6,3,195.981387
4.0,7,196.016719
3.4,11,196.056901
-1.75,15,196.10044
4.15,6,196.130454
4.6,3,196.160247
4.3,5,196.192392
4.45,4,196.221234
4.15,6,196.256681
4.6,3,196.284328
3.85,8,196.31901
3.85,8,196.492514
4.3,5,196.52732
3.7,9,196.563884
3.85,8,196.605091
4.45,4,196.640057
4.3,5,196.671611
3.7,9,196.708505
4.9,1,196.732319
4.6,3,196.761984
4.75,2,196.786673
4.45,4,196.816923
4.15,6,196.849738
4.6,3,196.874107
4.15,6,196.904848
4.15,6,196.93957
4.0,7,196.970155
4.75,2,196.995977
4.9,1,197.018564
4.45,4,197.048635
4.3,5,197.079917
4.3,5,197.117996
4.75,2,197.145911
4.45,4,197.174971
3.55,10,197.21635
4.15,6,197.248614
4.15,6,197.288539
4.45,4,197.31927
3.4,11,197.358509
4.75,2,197.382967
-3.2,5,197.416432
4.0,7,197.447027
4.6,3,197.473192
4.75,2,197.495633
-1.75,15,197.540489
3.4,11,197.589036
4.75,2,197.616783
4.75,2,197.643407
4.45,4,197.670879
4.45,4,197.695667
3.7,9,197.730919
4.6,3,197.758628
4.15,6,197.786183
4.45,4,197.81183
4.0,7,197.844845
4.45,4,197.874122
3.4,11,197.914433
4.75,2,197.939896
4.15,6,197.972525
3.55,10,198.165134
4.6,3,198.193263
4.15,6,198.229474
3.85,8,198.269037
4.6,3,198.306755
3.85,8,198.351122
4.45,4,198.379728
4.15,6,198.411947
4.6,3,198.442615
4.6,3,198.468201
4.6,3,198.50232
4.0,7,198.53949
4.15,6,198.578111
3.4,11,198.624319
3.7,9,198.67396
4.6,3,198.709058
4.3,5,198.748375
4.75,2,198.785571
4.75,2,198.816777
4.45,4,198.845249
4.45,4,198.875358
4.75,2,198.901498
4.45,4,198.928646
4.0,7,198.958288
4.9,1,198.983135
3.55,10,199.017486
3.85,8,199.04897
4.6,3,199.075341
3.85,8,199.106063
3.1,13,199.147416
3.85,8,199.183566
4.15,6,199.217939
3.7,9,199.253374
4.45,4,199.287309
4.15,6,199.317609
4.75,2,199.344265
4.3,5,199.376656
4.6,3,199.406974
4.6,3,199.439183
4.15,6,199.478899
4.6,3,199.508965
4.6,3,199.540632
3.25,12,199.580311
3.7,9,199.612038
-1.75,15,199.656196
4.6,3,199.680739
4.6,3,199.863951
3.85,8,199.895478
4.3,5,199.924587
4.3,5,199.955302
4.45,4,199.990554
4.45,4,200.02293
4.15,6,200.059289
3.85,8,200.093582
4.75,2,200.119228
4.15,6,200.152564
4.3,5,200.186234
4.75,2,200.212398
3.85,8,200.245614
4.6,3,200.272494
4.0,7,200.302253
4.3,5,200.341266
3.55,10,200.381268
4.0,7,200.415405
4.6,3,200.447652
3.1,13,200.489156
4.0,7,200.520767
4.0,7,200.554987
3.85,8,200.589021
4.9,1,200.615294
4.6,3,200.646194
4.45,4,200.678077
3.7,9,200.714494
4.45,4,200.744238
2.95,14,200.792386
4.6,3,200.819951
4.3,5,200.84772
3.7,9,200.88837
4.75,2,200.911772
4.6,3,200.939597
4.9,1,200.962548
4.45,4,200.98862
4.3,5,201.016857
4.75,2,201.038807
4.6,3,201.062532
4.15,6,201.098715
4.0,7,201.134036
3.55,10,201.173434
4.9,1,201.196418
3.55,10,201.235226
4.75,2,201.258328
-1.75,15,201.456903
3.85,8,201.493363
4.75,2,201.51905
-1.75,15,201.572117
4.75,2,201.600713
4.45,4,201.631607
4.0,7,201.673523
4.75,2,201.702233
3.7,9,201.750435
4.75,2,201.778567
3.55,10,201.821969
4.45,4,201.855799
4.75,2,201.889216
3.4,11,201.926275
4.15,6,201.956613
4.45,4,201.981838
4.3,5,202.009229
3.7,9,202.045427
4.6,3,202.072199
4.3,5,202.098086
3.85,8,202.131841
4.6,3,202.161515
4.75,2,202.189601
3.85,8,202.234418
4.75,2,202.261716
4.45,4,202.291431
3.4,11,202.329882
4.3,5,202.362069
4.15,6,202.393983
4.75,2,202.422114
4.15,6,202.456979
4.6,3,202.494998
4.9,1,202.52647
4.0,7,202.565812
4.45,4,202.596412
4.9,1,202.621701
4.6,3,202.651354
3.4,11,202.691829
4.45,4,202.721161
3.7,9,202.756075
4.3,5,202.786644
3.55,10,202.822364
4.75,2,202.84548
4.6,3,202.871327
4.6,3,202.895496
3.55,10,202.930891
4.15,6,202.96102
4.3,5,202.993088
3.85,8,203.208245
4.6,3,203.239
4.45,4,203.270193
4.45,4,203.301805
4.3,5,203.337649
3.7,9,203.376487
4.3,5,203.410793
4.9,1,203.438386
4.9,1,203.460515
4.9,1,203.486005
4.0,7,203.522384
4.45,4,203.554903
-3.25,6,203.58214
-1.75,15,203.624335
4.45,4,203.654819
3.55,10,203.695592
4.15,6,203.734708
4.3,5,203.768061
4.3,5,203.80333
4.45,4,203.828607
4.3,5,203.858881
3.85,8,203.89064
4.6,3,203.919544
3.4,11,203.963276
4.75,2,203.988847
4.6,3,204.014873
3.7,9,204.058552
-1.75,15,204.110285
3.4,11,204.158089
-1.75,15,204.209823
4.15,6,204.243236
4.15,6,204.272934
4.6,3,204.298503
4.75,2,204.323165
3.85,8,204.355621
4.6,3,204.385293
4.3,5,204.411375
-1.75,15,204.455029
-1.75,15,204.511418
4.45,4,204.547731
3.25,12,204.760349
4.0,7,204.795128
4.45,4,204.829801
4.75,2,204.857007
4.3,5,204.887347
4.0,7,204.920598
4.9,1,204.944666
4.6,3,204.970858
4.6,3,204.996836
3.85,8,205.028939
4.45,4,205.057886
4.9,1,205.078273
3.7,9,205.109756
4.45,4,205.137697
4.3,5,205.163029
4.75,2,205.190093
4.0,7,205.22852
3.55,10,205.267299
4.75,2,205.291393
4.75,2,205.316544
-1.75,15,205.356294
3.55,10,205.391345
-1.75,15,205.433645
3.25,12,205.477017
4.75,2,205.504039
3.85,8,205.542159
4.15,6,205.578039
4.45,4,205.610386
4.45,4,205.641886
4.3,5,205.668854
3.7,9,205.701657
4.45,4,205.726403
4.3,5,205.753644
4.45,4,205.784466
4.45,4,205.812268
4.6,3,205.837237
4.6,3,205.863287
3.55,10,205.895933
4.6,3,205.920907
3.25,12,205.957934
4.45,4,205.987067
4.3,5,206.014741
4.6,3,206.041151
4.3,5,206.075813
4.6,3,206.103935
-1.75,15,206.32102
4.3,5,206.354859
4.15,6,206.387816
4.0,7,206.420888
4.0,7,206.454574
4.45,4,206.489944
-1.75,15,206.54996
3.1,13,206.606602
3.85,8,206.650056
4.75,2,206.681359
4.45,4,206.7115
4.0,7,206.743832
4.0,7,206.776962
3.85,8,206.809749
4.15,6,206.840539
4.45,4,206.869325
4.45,4,206.896613
3.7,9,206.937213
-3.45,10,206.974803
4.75,2,207.000961
4.75,2,207.028701
4.3,5,207.060894
4.45,4,207.089767
3.85,8,207.122952
3.85,8,207.155089
4.6,3,207.182047
4.3,5,207.210351
4.0,7,207.242419
-3.45,10,207.27906
4.45,4,207.308635
4.9,1,207.334186
4.45,4,207.373659
4.9,1,207.400501
4.15,6,207.432462
4.45,4,207.464157
4.9,1,207.489464
4.45,4,207.522048
-1.75,15,207.567495
3.25,12,207.613318
4.75,2,207.646827
4.45,4,207.67872
4.9,1,207.703046
3.85,8,207.89993
4.0,7,207.935955
4.3,5,207.962073
4.75,2,207.985993
4.45,4,208.014603
-1.75,15,208.064005
3.85,8,208.103469
-1.75,15,208.147665
4.15,6,208.181369
4.6,3,208.21004
4.9,1,208.236052
4.6,3,208.261028
4.45,4,208.287743
4.6,3,208.312373
4.45,4,208.344105
4.0,7,208.37399
3.85,8,208.409626
3.7,9,208.45116
4.9,1,208.477618
4.75,2,208.499538
4.45,4,208.529834
3.7,9,208.565275
3.25,12,208.606712
3.4,11,208.647511
4.6,3,208.675392
3.55,10,208.713263
4.15,6,208.745308
4.15,6,208.774085
4.9,1,208.798643
3.7,9,208.836214
4.15,6,208.863276
4.3,5,208.893642
4.45,4,208.923408
3.7,9,208.957684
3.55,10,209.002325
3.55,10,209.037831
4.9,1,209.061901
3.55,10,209.096306
4.6,3,209.12148
4.6,3,209.145706
4.0,7,209.183069
4.75,2,209.207405
4.6,3,209.405588
4.75,2,209.429313
-1.75,15,209.477183
4.6,3,209.50597
4.15,6,209.537857
3.55,10,209.574452
4.3,5,209.606526
3.7,9,209.649721
4.6,3,209.675056
4.6,3,209.703339
4.15,6,209.734333
4.0,7,209.765898
4.75,2,209.792354
4.45,4,209.82176
4.45,4,209.855895
4.45,4,209.884587
3.7,9,209.924767
4.45,4,209.956156
4.75,2,209.982909
-1.75,15,210.023522
4.9,1,210.044116
4.6,3,210.071868
4.6,3,210.098234
4.6,3,210.123601
4.3,5,210.158026
4.45,4,210.186052
4.9,1,210.209637
4.3,5,210.239598
4.0,7,210.279432
4.15,6,210.308583
4.45,4,210.338372
4.15,6,210.367459
3.7,9,210.402723
4.6,3,210.429965
4.0,7,210.465513
-1.75,15,210.509329
4.6,3,210.537395
4.9,1,210.557643
4.45,4,210.58872
-1.75,15,210.640863
4.9,1,210.671617
4.3,5,210.711462
4.15,6,210.745792
3.7,9,210.788541
4.3,5,210.823291
4.45,4,210.858218
4.75,2,210.887943
4.3,5,210.915572
3.85,8,211.112116
4.15,6,211.149675
4.45,4,211.183841
-1.75,15,211.235292
4.0,7,211.274391
4.75,2,211.307449
4.45,4,211.343218
4.6,3,211.371417
4.15,6,211.403838
4.6,3,211.428774
4.75,2,211.455623
3.85,8,211.489783
4.6,3,211.518979
3.4,11,211.559913
4.75,2,211.585229
3.7,9,211.619137
4.0,7,211.647674
4.3,5,211.675761
4.45,4,211.709185
4.45,4,211.737351
3.85,8,211.772712
4.0,7,211.804365
4.3,5,211.831013
3.4,11,211.868922
4.45,4,211.892613
3.7,9,211.927455
4.45,4,211.954283
4.15,6,211.982558
4.15,6,212.013805
4.3,5,212.04235
4.15,6,212.07425
4.9,1,212.102629
3.85,8,212.136669
4.15,6,212.169305
3.55,10,212.207149
4.0,7,212.236717
4.6,3,212.262254
4.75,2,212.288024
3.25,12,212.326913
3.55,10,212.37351
3.55,10,212.410465
3.4,11,212.61834
4.15,6,212.650883
3.55,10,212.689995
4.45,4,212.717646
4.9,1,212.740724
3.4,11,212.78372
-1.75,15,212.832838
4.75,2,212.860289
4.3,5,212.889847
4.75,2,212.914882
4.45,4,212.941614
4.45,4,212.967332
4.45,4,212.991456
4.3,5,213.021891
3.55,10,213.057501
4.75,2,213.083758
4.0,7,213.119117
4.75,2,213.142951
4.45,4,213.173512
4.6,3,213.201904
4.3,5,213.233277
4.15,6,213.26905
4.9,1,213.29217
4.75,2,213.316839
3.85,8,213.348643
4.0,7,213.380387
4.45,4,213.40713
4.3,5,213.437682
4.9,1,213.464231
-3.4,9,213.501588
4.0,7,213.533636
3.55,10,213.569463
4.75,2,213.596385
4.75,2,213.624542
4.0,7,213.656062
-3.4,9,213.692633
2.8,15,213.73803
4.45,4,213.766291
3.1,13,213.805961
4.0,7,213.837834
3.7,9,213.871852
3.4,11,213.920969
4.9,1,213.952857
3.85,8,214.172656
3.7,9,214.214285
4.75,2,214.241524
4.0,7,214.279215
4.6,3,214.305502
4.75,2,214.334682
-3.15,4,214.361423
4.0,7,214.394876
4.3,5,214.43162
4.6,3,214.469894
-1.75,15,214.520232
4.75,2,214.544596
3.1,13,214.586581
4.9,1,214.611823
-1.75,15,214.665291
4.15,6,214.69925
-3.4,9,214.738317
4.15,6,214.77296
4.0,7,214.806924
3.85,8,214.840782
4.6,3,214.875209
4.0,7,214.915465
4.45,4,214.944108
4.6,3,214.968472
4.3,5,214.998351
4.3,5,215.027009
3.4,11,215.067809
3.7,9,215.099195
4.15,6,215.127654
4.6,3,215.157228
4.0,7,215.193113
4.6,3,215.225163
4.0,7,215.256204
3.7,9,215.294993
4.0,7,215.327801
4.45,4,215.356993
4.45,4,215.389459
4.9,1,215.414239
4.75,2,215.438509
4.75,2,215.464357
4.75,2,215.491739
4.75,2,215.521879
3.7,9,215.557291
4.45,4,215.585786
4.6,3,215.612712
4.45,4,215.650347
